timeframe,variant,run_id,trade_count,total_pnl_pips,win_rate_pct,profit_factor,max_drawdown_pips,avg_trade_pips,pnl_skew,actual_total_pnl_pips,actual_profit_factor,actual_total_pnl_percentile,actual_profit_factor_percentile,avg_win_pips,avg_loss_pips,avg_win_loss_ratio,median_trade_pips,max_win_pips,max_loss_pips,avg_holding_bars,top_1pct_win_contribution_pct,top_5pct_win_contribution_pct,top_10pct_win_contribution_pct
60m,random_direction,0,292,1941.5000000000205,54.794520547945204,1.1566243677344945,2897.0,6.648972602739796,-0.24941886551187625,-140.10000000002492,0.9896170692121258,50.3,50.3,,,,,,,,,,
60m,random_direction,1,292,2272.0999999999876,53.76712328767124,1.185726196704158,1069.1000000000047,7.781164383561602,0.1486696124869914,-140.10000000002492,0.9896170692121258,50.3,50.3,,,,,,,,,,
60m,random_direction,2,292,-2645.700000000018,50.0,0.820063250246539,3438.30000000001,-9.060616438356226,-0.6284762143464973,-140.10000000002492,0.9896170692121258,50.3,50.3,,,,,,,,,,
60m,random_direction,3,292,-3193.9000000000287,50.68493150684932,0.7867264082908181,4191.300000000035,-10.938013698630236,-0.7956806441579656,-140.10000000002492,0.9896170692121258,50.3,50.3,,,,,,,,,,
60m,random_direction,4,292,547.1000000000305,53.082191780821915,1.0417706925643457,1856.9000000000037,1.8736301369864057,-0.2750935257351136,-140.10000000002492,0.9896170692121258,50.3,50.3,,,,,,,,,,
60m,random_direction,5,292,-734.3000000000202,50.34246575342466,0.9465823779316753,2372.5000000000036,-2.5147260273973293,0.16043105120396262,-140.10000000002492,0.9896170692121258,50.3,50.3,,,,,,,,,,
60m,random_direction,6,292,-969.5000000000035,50.34246575342466,0.9300706866705135,3820.6999999999966,-3.320205479452067,-0.3186421231270053,-140.10000000002492,0.9896170692121258,50.3,50.3,,,,,,,,,,
60m,random_direction,7,292,-490.10000000001946,53.76712328767124,0.9640010870922473,2762.0000000000027,-1.6784246575343131,-0.01569970778748002,-140.10000000002492,0.9896170692121258,50.3,50.3,,,,,,,,,,
60m,random_direction,8,292,3342.8999999999874,54.109589041095894,1.28578634203057,1451.799999999996,11.448287671232833,0.10158638258247567,-140.10000000002492,0.9896170692121258,50.3,50.3,,,,,,,,,,
60m,random_direction,9,292,43.50000000001637,50.34246575342466,1.0032564998989373,1928.9000000000055,0.14897260273978208,0.008605911281574783,-140.10000000002492,0.9896170692121258,50.3,50.3,,,,,,,,,,
60m,random_direction,10,292,2067.6999999999866,51.71232876712328,1.1675417699774733,2029.9000000000124,7.081164383561598,-0.008050477680425156,-140.10000000002492,0.9896170692121258,50.3,50.3,,,,,,,,,,
60m,random_direction,11,292,-2694.900000000005,46.917808219178085,0.8171300223252151,3696.999999999995,-9.229109589041114,-0.7641223980703878,-140.10000000002492,0.9896170692121258,50.3,50.3,,,,,,,,,,
60m,random_direction,12,292,2506.300000000031,52.054794520547944,1.2067648393350685,1515.5999999999924,8.583219178082299,-0.6468564968471884,-140.10000000002492,0.9896170692121258,50.3,50.3,,,,,,,,,,
60m,random_direction,13,292,218.8999999999781,49.65753424657534,1.0164936180472868,1798.8000000000097,0.7496575342465003,0.14032586349495302,-140.10000000002492,0.9896170692121258,50.3,50.3,,,,,,,,,,
60m,random_direction,14,292,2339.9000000000356,52.054794520547944,1.1917212221521247,1487.5999999999874,8.013356164383683,0.5579221619033774,-140.10000000002492,0.9896170692121258,50.3,50.3,,,,,,,,,,
60m,random_direction,15,292,482.50000000002865,52.054794520547944,1.0367395111551077,2598.499999999999,1.6523972602740706,-0.2707969547937401,-140.10000000002492,0.9896170692121258,50.3,50.3,,,,,,,,,,
60m,random_direction,16,292,99.2999999999754,49.65753424657534,1.0074482448244808,2006.9999999999977,0.34006849315060067,-0.11035212821416007,-140.10000000002492,0.9896170692121258,50.3,50.3,,,,,,,,,,
60m,random_direction,17,292,1674.2999999999615,51.369863013698634,1.1335220702579816,1574.3000000000134,5.733904109588909,0.6291942832313945,-140.10000000002492,0.9896170692121258,50.3,50.3,,,,,,,,,,
60m,random_direction,18,292,-3501.100000000018,46.23287671232877,0.7687852491711894,4226.300000000032,-11.990068493150748,-0.6642550849091017,-140.10000000002492,0.9896170692121258,50.3,50.3,,,,,,,,,,
60m,random_direction,19,292,-558.9000000000068,46.57534246575342,0.9591151491210741,2457.5000000000173,-1.9140410958904341,0.15516804042723187,-140.10000000002492,0.9896170692121258,50.3,50.3,,,,,,,,,,
60m,random_direction,20,292,-5057.700000000041,44.178082191780824,0.6824349354848818,5900.90000000005,-17.320890410959045,-0.20812004141727874,-140.10000000002492,0.9896170692121258,50.3,50.3,,,,,,,,,,
60m,random_direction,21,292,-1240.700000000022,47.26027397260274,0.9114329768856261,2953.2000000000166,-4.248972602739801,0.16937522563249804,-140.10000000002492,0.9896170692121258,50.3,50.3,,,,,,,,,,
60m,random_direction,22,292,-412.2999999999829,52.3972602739726,0.969637833777635,3670.3999999999833,-1.4119863013698044,0.01326998807078022,-140.10000000002492,0.9896170692121258,50.3,50.3,,,,,,,,,,
60m,random_direction,23,292,1453.299999999986,57.1917808219178,1.1150436173075997,1660.0000000000118,4.9770547945205,0.34933397554704365,-140.10000000002492,0.9896170692121258,50.3,50.3,,,,,,,,,,
60m,random_direction,24,292,2183.500000000011,53.42465753424658,1.177831168302318,1850.000000000006,7.477739726027434,0.28083255145693226,-140.10000000002492,0.9896170692121258,50.3,50.3,,,,,,,,,,
60m,random_direction,25,292,771.4999999999823,52.054794520547944,1.0593968696348406,1726.9000000000146,2.642123287671172,-0.1408398101605084,-140.10000000002492,0.9896170692121258,50.3,50.3,,,,,,,,,,
60m,random_direction,26,292,-1307.899999999985,48.28767123287671,0.9068394210496334,3284.999999999992,-4.479109589041045,-0.2061619215416345,-140.10000000002492,0.9896170692121258,50.3,50.3,,,,,,,,,,
60m,random_direction,27,292,190.29999999999245,50.68493150684932,1.014326474994541,2515.4000000000115,0.6517123287670974,-0.3566290256266287,-140.10000000002492,0.9896170692121258,50.3,50.3,,,,,,,,,,
60m,random_direction,28,292,-724.7000000000056,51.02739726027398,0.9472561863173214,2622.699999999991,-2.4818493150685126,-0.16649373357136948,-140.10000000002492,0.9896170692121258,50.3,50.3,,,,,,,,,,
60m,random_direction,29,292,1060.699999999959,52.73972602739726,1.082594239349646,2654.6000000000063,3.6325342465752017,0.0015619096949519966,-140.10000000002492,0.9896170692121258,50.3,50.3,,,,,,,,,,
60m,random_direction,30,292,-1919.900000000011,50.68493150684932,0.8661026878495802,3457.400000000008,-6.5750000000000375,-0.4555823363187638,-140.10000000002492,0.9896170692121258,50.3,50.3,,,,,,,,,,
60m,random_direction,31,292,681.900000000003,50.34246575342466,1.052298158558752,2211.000000000003,2.3352739726027503,0.4623152196066683,-140.10000000002492,0.9896170692121258,50.3,50.3,,,,,,,,,,
60m,random_direction,32,292,-3941.099999999996,47.94520547945205,0.7433645030214631,5926.599999999995,-13.496917808219164,-0.30159238437878244,-140.10000000002492,0.9896170692121258,50.3,50.3,,,,,,,,,,
60m,random_direction,33,292,1319.899999999992,50.34246575342466,1.1037681706329543,2775.799999999994,4.520205479452027,0.2863672118352729,-140.10000000002492,0.9896170692121258,50.3,50.3,,,,,,,,,,
60m,random_direction,34,292,-513.6999999999784,43.83561643835616,0.9623814580205793,4122.899999999976,-1.759246575342392,0.24089245436474305,-140.10000000002492,0.9896170692121258,50.3,50.3,,,,,,,,,,
60m,random_direction,35,292,-2225.1000000000076,46.23287671232877,0.8465892637994507,3640.000000000028,-7.620205479452081,-0.30014222923088796,-140.10000000002492,0.9896170692121258,50.3,50.3,,,,,,,,,,
60m,random_direction,36,292,-1786.300000000044,45.89041095890411,0.8749562490374759,3925.7000000000185,-6.117465753424808,-0.12262158136870345,-140.10000000002492,0.9896170692121258,50.3,50.3,,,,,,,,,,
60m,random_direction,37,292,-3050.8999999999605,44.178082191780824,0.7955585635692342,3128.2999999999693,-10.448287671232741,0.24820681704990724,-140.10000000002492,0.9896170692121258,50.3,50.3,,,,,,,,,,
60m,random_direction,38,292,-23.900000000001683,55.47945205479452,0.9982132444191922,2135.8999999999996,-0.0818493150684989,-0.8176026907837662,-140.10000000002492,0.9896170692121258,50.3,50.3,,,,,,,,,,
60m,random_direction,39,292,2625.9000000000287,51.369863013698634,1.217669537538237,1636.0000000000045,8.99280821917818,0.45470110694143284,-140.10000000002492,0.9896170692121258,50.3,50.3,,,,,,,,,,
60m,random_direction,40,292,1033.3000000000015,49.65753424657534,1.0803186941313643,1756.9999999999995,3.5386986301369916,-0.13139054496808306,-140.10000000002492,0.9896170692121258,50.3,50.3,,,,,,,,,,
60m,random_direction,41,292,1217.4999999999945,54.794520547945204,1.0954340583970208,1293.799999999983,4.1695205479451865,-0.15006683191374204,-140.10000000002492,0.9896170692121258,50.3,50.3,,,,,,,,,,
60m,random_direction,42,292,-111.90000000002976,55.47945205479452,0.9916618232217083,3420.600000000015,-0.3832191780822937,0.14618921748517805,-140.10000000002492,0.9896170692121258,50.3,50.3,,,,,,,,,,
60m,random_direction,43,292,-490.0999999999767,46.917808219178085,0.9640538934892164,2122.3999999999955,-1.6784246575341668,0.5504431300712813,-140.10000000002492,0.9896170692121258,50.3,50.3,,,,,,,,,,
60m,random_direction,44,292,-580.899999999998,47.6027397260274,0.9575306511869341,1851.7999999999938,-1.989383561643829,-0.214184755912899,-140.10000000002492,0.9896170692121258,50.3,50.3,,,,,,,,,,
60m,random_direction,45,292,-2130.899999999967,46.23287671232877,0.8526012160451577,3130.5999999999785,-7.297602739725914,-0.24119504991914376,-140.10000000002492,0.9896170692121258,50.3,50.3,,,,,,,,,,
60m,random_direction,46,292,3024.3000000000065,46.23287671232877,1.254581421777011,1214.5,10.35719178082194,1.1650461240454417,-140.10000000002492,0.9896170692121258,50.3,50.3,,,,,,,,,,
60m,random_direction,47,292,2016.6999999999937,52.054794520547944,1.1630855821250368,2127.6000000000017,6.906506849315047,0.5470683770321613,-140.10000000002492,0.9896170692121258,50.3,50.3,,,,,,,,,,
60m,random_direction,48,292,-3832.3000000000134,47.94520547945205,0.7495621601840228,5431.700000000007,-13.124315068493196,-0.1471087407227574,-140.10000000002492,0.9896170692121258,50.3,50.3,,,,,,,,,,
60m,random_direction,49,292,834.3000000000148,50.68493150684932,1.0643675500520784,1689.2999999999822,2.8571917808219687,0.8530335986476982,-140.10000000002492,0.9896170692121258,50.3,50.3,,,,,,,,,,
60m,random_direction,50,292,-475.50000000001796,56.849315068493155,0.9650316222973957,2528.700000000001,-1.628424657534308,-0.7623960864179614,-140.10000000002492,0.9896170692121258,50.3,50.3,,,,,,,,,,
60m,random_direction,51,292,-1294.499999999995,47.6027397260274,0.9077656413654536,2993.4999999999945,-4.433219178082175,0.3080272368586385,-140.10000000002492,0.9896170692121258,50.3,50.3,,,,,,,,,,
60m,random_direction,52,292,1532.5000000000286,51.71232876712328,1.121536314178314,2117.6999999999944,5.2482876712329745,0.7299820522260003,-140.10000000002492,0.9896170692121258,50.3,50.3,,,,,,,,,,
60m,random_direction,53,292,439.49999999999693,51.369863013698634,1.0334045253821187,1550.9000000000028,1.5051369863013593,0.018626313769728457,-140.10000000002492,0.9896170692121258,50.3,50.3,,,,,,,,,,
60m,random_direction,54,292,1288.6999999999848,52.054794520547944,1.1012309215022416,2181.300000000003,4.41335616438351,0.2553459180065051,-140.10000000002492,0.9896170692121258,50.3,50.3,,,,,,,,,,
60m,random_direction,55,292,-1610.8999999999992,49.31506849315068,0.8864579882574343,2579.9000000000024,-5.516780821917806,-0.17430508754229307,-140.10000000002492,0.9896170692121258,50.3,50.3,,,,,,,,,,
60m,random_direction,56,292,-2028.0999999999535,50.0,0.8591039508694445,4056.29999999998,-6.945547945205321,-0.5449870198681596,-140.10000000002492,0.9896170692121258,50.3,50.3,,,,,,,,,,
60m,random_direction,57,292,1552.0999999999806,52.054794520547944,1.1232001397024955,3518.300000000023,5.315410958904043,0.48316079825442143,-140.10000000002492,0.9896170692121258,50.3,50.3,,,,,,,,,,
60m,random_direction,58,292,-3109.899999999992,45.89041095890411,0.7919465332227252,4283.100000000013,-10.650342465753397,-0.2786757817630137,-140.10000000002492,0.9896170692121258,50.3,50.3,,,,,,,,,,
60m,random_direction,59,292,-3107.3000000000193,46.23287671232877,0.7920884826667904,4324.3000000000275,-10.64143835616445,-0.5065101463963099,-140.10000000002492,0.9896170692121258,50.3,50.3,,,,,,,,,,
60m,random_direction,60,292,-1628.0999999999904,49.65753424657534,0.8853103404552092,2923.6999999999834,-5.575684931506816,-0.40795740093035565,-140.10000000002492,0.9896170692121258,50.3,50.3,,,,,,,,,,
60m,random_direction,61,292,-4775.899999999978,44.52054794520548,0.697425273374642,6131.799999999976,-16.355821917808143,-0.7431250124137408,-140.10000000002492,0.9896170692121258,50.3,50.3,,,,,,,,,,
60m,random_direction,62,292,225.89999999998872,53.42465753424658,1.0170391546044932,2591.2000000000326,0.7736301369862627,-0.548903531884056,-140.10000000002492,0.9896170692121258,50.3,50.3,,,,,,,,,,
60m,random_direction,63,292,741.5000000000292,48.63013698630137,1.0569775394001821,1630.6000000000035,2.5393835616439357,0.17277649496762854,-140.10000000002492,0.9896170692121258,50.3,50.3,,,,,,,,,,
60m,random_direction,64,292,-16.900000000025102,49.65753424657534,0.9987378357991572,1832.0000000000084,-0.05787671232885309,0.1273422346398297,-140.10000000002492,0.9896170692121258,50.3,50.3,,,,,,,,,,
60m,random_direction,65,292,702.4999999999873,50.0,1.0539165272383983,1701.5000000000123,2.4058219178081757,-0.08291380775166256,-140.10000000002492,0.9896170692121258,50.3,50.3,,,,,,,,,,
60m,random_direction,66,292,-4050.900000000011,43.49315068493151,0.7373757674379399,4839.40000000001,-13.872945205479489,0.09259134640164819,-140.10000000002492,0.9896170692121258,50.3,50.3,,,,,,,,,,
60m,random_direction,67,292,-5849.699999999997,40.41095890410959,0.6418587565433008,6143.699999999994,-20.03321917808218,-0.19594337890509225,-140.10000000002492,0.9896170692121258,50.3,50.3,,,,,,,,,,
60m,random_direction,68,292,-2471.69999999998,48.63013698630137,0.8309382288766848,2833.0999999999804,-8.464726027397191,0.5290119378593859,-140.10000000002492,0.9896170692121258,50.3,50.3,,,,,,,,,,
60m,random_direction,69,292,2475.9000000000005,53.76712328767124,1.2040918945207848,1104.1000000000042,8.479109589041098,-0.12470860380178186,-140.10000000002492,0.9896170692121258,50.3,50.3,,,,,,,,,,
60m,random_direction,70,292,-3077.100000000014,46.23287671232877,0.7938954306152788,4646.600000000022,-10.538013698630184,0.03326920891768128,-140.10000000002492,0.9896170692121258,50.3,50.3,,,,,,,,,,
60m,random_direction,71,292,4650.700000000008,55.47945205479452,1.421285769931065,1061.1999999999941,15.927054794520576,0.3166829207435235,-140.10000000002492,0.9896170692121258,50.3,50.3,,,,,,,,,,
60m,random_direction,72,292,-1531.5000000000098,48.28767123287671,0.8917744329022678,2860.6000000000267,-5.244863013698664,-0.49210701893617054,-140.10000000002492,0.9896170692121258,50.3,50.3,,,,,,,,,,
60m,random_direction,73,292,-1963.2999999999993,48.63013698630137,0.8633398996262087,2376.399999999986,-6.723630136986299,-0.3444603180369022,-140.10000000002492,0.9896170692121258,50.3,50.3,,,,,,,,,,
60m,random_direction,74,292,-1253.1000000000272,48.97260273972603,0.9105580220125317,2494.8000000000193,-4.291438356164477,0.6712807882474259,-140.10000000002492,0.9896170692121258,50.3,50.3,,,,,,,,,,
60m,random_direction,75,292,615.499999999982,55.13698630136986,1.0471362163900766,1910.1000000000015,2.1078767123287054,0.16372445519125983,-140.10000000002492,0.9896170692121258,50.3,50.3,,,,,,,,,,
60m,random_direction,76,292,-2685.7000000000376,45.89041095890411,0.8177394727019758,4587.300000000016,-9.197602739726156,-0.06062609900741933,-140.10000000002492,0.9896170692121258,50.3,50.3,,,,,,,,,,
60m,random_direction,77,292,-220.30000000002724,46.917808219178085,0.9836807561817541,2988.600000000001,-0.7544520547946139,0.5016886304781859,-140.10000000002492,0.9896170692121258,50.3,50.3,,,,,,,,,,
60m,random_direction,78,292,283.69999999998913,52.73972602739726,1.0214423919944362,2228.100000000013,0.9715753424657162,-0.28352140736560427,-140.10000000002492,0.9896170692121258,50.3,50.3,,,,,,,,,,
60m,random_direction,79,292,-1440.900000000026,49.31506849315068,0.8978280754749074,3679.3000000000216,-4.93458904109598,0.020132484479511506,-140.10000000002492,0.9896170692121258,50.3,50.3,,,,,,,,,,
60m,random_direction,80,292,2048.900000000005,54.45205479452054,1.165994231641714,1452.0000000000114,7.016780821917826,-0.04737324742658833,-140.10000000002492,0.9896170692121258,50.3,50.3,,,,,,,,,,
60m,random_direction,81,292,2777.700000000023,48.63013698630137,1.2315637661103442,1940.7999999999865,9.51267123287679,0.9067431520682031,-140.10000000002492,0.9896170692121258,50.3,50.3,,,,,,,,,,
60m,random_direction,82,292,-441.90000000000487,51.71232876712328,0.9674982715758812,2778.6000000000063,-1.5133561643835782,-0.5105314072277544,-140.10000000002492,0.9896170692121258,50.3,50.3,,,,,,,,,,
60m,random_direction,83,292,-1410.8999999999853,50.34246575342466,0.8998303171436495,3218.599999999995,-4.8318493150684425,-0.6385669748091891,-140.10000000002492,0.9896170692121258,50.3,50.3,,,,,,,,,,
60m,random_direction,84,292,-5182.100000000015,44.86301369863014,0.6758492997304003,5217.600000000015,-17.74691780821923,-0.25124367379114165,-140.10000000002492,0.9896170692121258,50.3,50.3,,,,,,,,,,
60m,random_direction,85,292,2086.8999999999846,49.31506849315068,1.1691331409861563,2092.5000000000045,7.146917808219126,0.028376327144619063,-140.10000000002492,0.9896170692121258,50.3,50.3,,,,,,,,,,
60m,random_direction,86,292,444.50000000002933,50.68493150684932,1.0337858380712073,1568.699999999992,1.5222602739727031,0.02399492703778266,-140.10000000002492,0.9896170692121258,50.3,50.3,,,,,,,,,,
60m,random_direction,87,292,-2381.3,47.26027397260274,0.8366612021483104,3684.299999999995,-8.15513698630137,0.20419162898729318,-140.10000000002492,0.9896170692121258,50.3,50.3,,,,,,,,,,
60m,random_direction,88,292,-2065.9000000000005,45.54794520547945,0.856795275263063,2813.8000000000134,-7.075000000000002,-0.0383722983378904,-140.10000000002492,0.9896170692121258,50.3,50.3,,,,,,,,,,
60m,random_direction,89,292,-729.6999999999896,48.28767123287671,0.9469328388058624,2786.799999999994,-2.4989726027396904,-0.37759619612539924,-140.10000000002492,0.9896170692121258,50.3,50.3,,,,,,,,,,
60m,random_direction,90,292,359.29999999996403,51.369863013698634,1.0272267099101258,3149.9000000000306,1.2304794520546714,-0.15460120099035482,-140.10000000002492,0.9896170692121258,50.3,50.3,,,,,,,,,,
60m,random_direction,91,292,2583.099999999986,48.28767123287671,1.2135905471443795,1735.8999999999971,8.84623287671228,0.43114929647841976,-140.10000000002492,0.9896170692121258,50.3,50.3,,,,,,,,,,
60m,random_direction,92,292,1659.7000000000085,52.054794520547944,1.1323018302404189,1655.600000000002,5.68390410958907,-0.16400008253092094,-140.10000000002492,0.9896170692121258,50.3,50.3,,,,,,,,,,
60m,random_direction,93,292,-960.8999999999935,50.68493150684932,0.9306664934952491,2769.200000000007,-3.290753424657512,-0.18655058291202736,-140.10000000002492,0.9896170692121258,50.3,50.3,,,,,,,,,,
60m,random_direction,94,292,373.30000000002485,50.34246575342466,1.0282953081179431,2791.4999999999955,1.2784246575343317,-0.06582037524370239,-140.10000000002492,0.9896170692121258,50.3,50.3,,,,,,,,,,
60m,random_direction,95,292,433.09999999998615,50.68493150684932,1.0329060835606332,2436.4000000000033,1.4832191780821444,-0.018218269379242664,-140.10000000002492,0.9896170692121258,50.3,50.3,,,,,,,,,,
60m,random_direction,96,292,-1777.7000000000003,47.26027397260274,0.8754859180085592,2951.399999999984,-6.088013698630138,0.19965632344253567,-140.10000000002492,0.9896170692121258,50.3,50.3,,,,,,,,,,
60m,random_direction,97,292,-1745.1000000000404,49.31506849315068,0.877578078962873,3811.6000000000236,-5.976369863013837,-0.007258855210218373,-140.10000000002492,0.9896170692121258,50.3,50.3,,,,,,,,,,
60m,random_direction,98,292,1227.0999999999917,48.63013698630137,1.0960871369619511,1369.699999999993,4.202397260273944,0.45319626350191383,-140.10000000002492,0.9896170692121258,50.3,50.3,,,,,,,,,,
60m,random_direction,99,292,-3660.4999999999886,46.23287671232877,0.7595241067146685,3950.29999999999,-12.53595890410955,-0.11607875757289934,-140.10000000002492,0.9896170692121258,50.3,50.3,,,,,,,,,,
60m,random_direction,100,292,-1442.0999999999806,49.31506849315068,0.8977502357537398,4165.099999999991,-4.93869863013692,-0.3100758583991708,-140.10000000002492,0.9896170692121258,50.3,50.3,,,,,,,,,,
60m,random_direction,101,292,819.6999999999878,50.0,1.063195793628765,1722.8999999999992,2.807191780821876,0.38243432566834756,-140.10000000002492,0.9896170692121258,50.3,50.3,,,,,,,,,,
60m,random_direction,102,292,-1786.4999999999968,47.26027397260274,0.8749080978888776,2312.1999999999953,-6.118150684931496,-0.49132401458037483,-140.10000000002492,0.9896170692121258,50.3,50.3,,,,,,,,,,
60m,random_direction,103,292,1619.099999999996,50.0,1.1287995099716002,1041.1999999999998,5.544863013698617,0.40892340884185757,-140.10000000002492,0.9896170692121258,50.3,50.3,,,,,,,,,,
60m,random_direction,104,292,-799.1000000000256,51.02739726027398,0.9419983741253648,1998.500000000003,-2.736643835616526,-0.11873156525863188,-140.10000000002492,0.9896170692121258,50.3,50.3,,,,,,,,,,
60m,random_direction,105,292,405.90000000000134,47.94520547945205,1.030788952690146,2009.4999999999982,1.3900684931506895,-0.13594010744765478,-140.10000000002492,0.9896170692121258,50.3,50.3,,,,,,,,,,
60m,random_direction,106,292,-1597.700000000019,46.917808219178085,0.8873915464368016,3006.600000000004,-5.471575342465818,0.47544232908998874,-140.10000000002492,0.9896170692121258,50.3,50.3,,,,,,,,,,
60m,random_direction,107,292,-3572.299999999994,47.94520547945205,0.7645589475904254,4393.099999999992,-12.23390410958902,-1.0078185459132045,-140.10000000002492,0.9896170692121258,50.3,50.3,,,,,,,,,,
60m,random_direction,108,292,158.50000000001387,49.65753424657534,1.0119155014283576,2054.900000000016,0.5428082191781297,-0.09760094685306527,-140.10000000002492,0.9896170692121258,50.3,50.3,,,,,,,,,,
60m,random_direction,109,292,-671.9000000000004,54.794520547945204,0.9509640787610748,3386.7999999999934,-2.3010273972602753,-0.6508532773954913,-140.10000000002492,0.9896170692121258,50.3,50.3,,,,,,,,,,
60m,random_direction,110,292,-2787.1000000000276,45.20547945205479,0.8115321675389823,4387.800000000021,-9.544863013698725,0.05865578719218349,-140.10000000002492,0.9896170692121258,50.3,50.3,,,,,,,,,,
60m,random_direction,111,292,-3083.8999999999896,45.89041095890411,0.793506354371728,4395.59999999999,-10.561301369862978,-0.2886688092296499,-140.10000000002492,0.9896170692121258,50.3,50.3,,,,,,,,,,
60m,random_direction,112,292,593.6999999999886,48.63013698630137,1.0453642434708184,2286.5000000000064,2.0332191780821525,0.6692151089655631,-140.10000000002492,0.9896170692121258,50.3,50.3,,,,,,,,,,
60m,random_direction,113,292,-2042.7000000000146,50.68493150684932,0.8581418928303556,3302.6000000000113,-6.995547945205529,0.23022075954502202,-140.10000000002492,0.9896170692121258,50.3,50.3,,,,,,,,,,
60m,random_direction,114,292,2312.900000000009,55.821917808219176,1.1894701487646644,1523.7000000000203,7.920890410958935,-0.6246720222306342,-140.10000000002492,0.9896170692121258,50.3,50.3,,,,,,,,,,
60m,random_direction,115,292,1349.6999999999744,53.082191780821915,1.1063023754016739,2339.300000000016,4.622260273972515,0.2981242647537116,-140.10000000002492,0.9896170692121258,50.3,50.3,,,,,,,,,,
60m,random_direction,116,292,-1825.3000000000197,45.89041095890411,0.8724003663080472,4031.0000000000205,-6.251027397260342,0.0746195968169767,-140.10000000002492,0.9896170692121258,50.3,50.3,,,,,,,,,,
60m,random_direction,117,292,202.49999999998806,49.31506849315068,1.0152468866233972,3136.100000000006,0.6934931506848906,-0.3296023045104889,-140.10000000002492,0.9896170692121258,50.3,50.3,,,,,,,,,,
60m,random_direction,118,292,1579.9000000000137,51.369863013698634,1.1255213836827773,1513.899999999982,5.410616438356211,0.6225229347519695,-140.10000000002492,0.9896170692121258,50.3,50.3,,,,,,,,,,
60m,random_direction,119,292,-2556.699999999979,47.26027397260274,0.8256835071930198,3606.3999999999887,-8.755821917808147,-0.0728566081312826,-140.10000000002492,0.9896170692121258,50.3,50.3,,,,,,,,,,
60m,random_direction,120,292,-2290.4999999999814,49.31506849315068,0.842337846488482,2896.700000000006,-7.844178082191717,-0.3129519429002215,-140.10000000002492,0.9896170692121258,50.3,50.3,,,,,,,,,,
60m,random_direction,121,292,-304.6999999999954,50.68493150684932,0.9774813391471441,1668.500000000008,-1.0434931506849157,-0.15818638476144356,-140.10000000002492,0.9896170692121258,50.3,50.3,,,,,,,,,,
60m,random_direction,122,292,3514.099999999983,55.47945205479452,1.3027413074192755,1510.3000000000088,12.034589041095833,0.32018826955014557,-140.10000000002492,0.9896170692121258,50.3,50.3,,,,,,,,,,
60m,random_direction,123,292,334.2999999999919,48.97260273972603,1.0252941399008808,1897.2000000000075,1.1448630136986024,-0.23394576621182672,-140.10000000002492,0.9896170692121258,50.3,50.3,,,,,,,,,,
60m,random_direction,124,292,-3876.899999999996,44.178082191780824,0.747197715135273,4639.400000000004,-13.277054794520534,0.4272973906744165,-140.10000000002492,0.9896170692121258,50.3,50.3,,,,,,,,,,
60m,random_direction,125,292,1810.499999999995,54.45205479452054,1.145281656234954,2060.2000000000035,6.200342465753407,-0.06616272789139173,-140.10000000002492,0.9896170692121258,50.3,50.3,,,,,,,,,,
60m,random_direction,126,292,1310.3000000000075,50.0,1.1029664846175007,2431.4000000000005,4.487328767123313,0.466321465765234,-140.10000000002492,0.9896170692121258,50.3,50.3,,,,,,,,,,
60m,random_direction,127,292,-2427.0999999999744,49.31506849315068,0.8337124378245816,4980.1,-8.311986301369776,-0.13389362495601292,-140.10000000002492,0.9896170692121258,50.3,50.3,,,,,,,,,,
60m,random_direction,128,292,-1127.2999999999722,47.6027397260274,0.9191951773720712,1859.799999999992,-3.860616438356069,-0.1528187120700353,-140.10000000002492,0.9896170692121258,50.3,50.3,,,,,,,,,,
60m,random_direction,129,292,573.1000000000126,52.054794520547944,1.0437892066596892,2638.4999999999905,1.9626712328767557,-0.12011545591424799,-140.10000000002492,0.9896170692121258,50.3,50.3,,,,,,,,,,
60m,random_direction,130,292,-1330.899999999975,49.31506849315068,0.9052612097009577,3176.6999999999994,-4.557876712328682,0.4724446959416158,-140.10000000002492,0.9896170692121258,50.3,50.3,,,,,,,,,,
60m,random_direction,131,292,-5246.300000000032,48.63013698630137,0.6722660203150951,5611.200000000025,-17.96678082191792,-0.8578653846593463,-140.10000000002492,0.9896170692121258,50.3,50.3,,,,,,,,,,
60m,random_direction,132,292,3660.1000000000386,51.369863013698634,1.3169850865189792,1213.2000000000094,12.534589041096023,0.7635166972730631,-140.10000000002492,0.9896170692121258,50.3,50.3,,,,,,,,,,
60m,random_direction,133,292,2263.899999999986,49.65753424657534,1.1848126892903483,1109.5000000000068,7.7530821917807735,0.48870585112711185,-140.10000000002492,0.9896170692121258,50.3,50.3,,,,,,,,,,
60m,random_direction,134,292,259.5000000000414,51.02739726027398,1.0195880101752008,2072.3999999999837,0.888698630137128,-0.10675875924882174,-140.10000000002492,0.9896170692121258,50.3,50.3,,,,,,,,,,
60m,random_direction,135,292,-1873.90000000001,51.02739726027398,0.8690916965894955,2620.000000000015,-6.417465753424692,-0.9137428924580091,-140.10000000002492,0.9896170692121258,50.3,50.3,,,,,,,,,,
60m,random_direction,136,292,3439.1000000000035,50.0,1.2949308360561547,2190.300000000006,11.77773972602741,0.10889938983771433,-140.10000000002492,0.9896170692121258,50.3,50.3,,,,,,,,,,
60m,random_direction,137,292,2570.8999999999737,52.054794520547944,1.2126679240288505,943.0999999999901,8.80445205479443,-0.10113146738499,-140.10000000002492,0.9896170692121258,50.3,50.3,,,,,,,,,,
60m,random_direction,138,292,1453.1000000000163,52.054794520547944,1.1148868209454397,2295.3999999999846,4.976369863013755,0.3346370782580021,-140.10000000002492,0.9896170692121258,50.3,50.3,,,,,,,,,,
60m,random_direction,139,292,-2122.9000000000165,51.02739726027398,0.8529715279076361,2777.000000000002,-7.270205479452112,-0.34176486835723036,-140.10000000002492,0.9896170692121258,50.3,50.3,,,,,,,,,,
60m,random_direction,140,292,-3669.3000000000193,46.23287671232877,0.7590156505520044,4672.600000000018,-12.566095890411026,-0.21400253890249285,-140.10000000002492,0.9896170692121258,50.3,50.3,,,,,,,,,,
60m,random_direction,141,292,1663.5000000000432,50.34246575342466,1.132576210400482,1292.099999999978,5.696917808219326,0.12954135897478347,-140.10000000002492,0.9896170692121258,50.3,50.3,,,,,,,,,,
60m,random_direction,142,292,-2704.100000000009,54.109589041095894,0.8163012982072372,4254.700000000017,-9.260616438356195,-0.500029453396909,-140.10000000002492,0.9896170692121258,50.3,50.3,,,,,,,,,,
60m,random_direction,143,292,-5149.100000000031,46.57534246575342,0.6774716877129672,6672.400000000027,-17.63390410958915,-0.24127272320071694,-140.10000000002492,0.9896170692121258,50.3,50.3,,,,,,,,,,
60m,random_direction,144,292,220.5,49.31506849315068,1.0166134233446853,2051.9999999999877,0.7551369863013698,-0.487041393586271,-140.10000000002492,0.9896170692121258,50.3,50.3,,,,,,,,,,
60m,random_direction,145,292,2058.300000000001,52.3972602739726,1.1667436265098303,1250.0000000000043,7.04897260273973,-0.055210734643156255,-140.10000000002492,0.9896170692121258,50.3,50.3,,,,,,,,,,
60m,random_direction,146,292,2306.1000000000276,50.34246575342466,1.1886195220101121,1406.90000000001,7.897602739726122,0.4808804877473433,-140.10000000002492,0.9896170692121258,50.3,50.3,,,,,,,,,,
60m,random_direction,147,292,2089.9000000000387,51.02739726027398,1.1694600533540944,1573.6999999999916,7.157191780822051,0.33537530533343857,-140.10000000002492,0.9896170692121258,50.3,50.3,,,,,,,,,,
60m,random_direction,148,292,1974.9000000000356,53.082191780821915,1.1594693238158331,3324.899999999988,6.7633561643836835,-0.11173334094554337,-140.10000000002492,0.9896170692121258,50.3,50.3,,,,,,,,,,
60m,random_direction,149,292,-4869.500000000009,45.54794520547945,0.6923567764271811,5355.6000000000295,-16.67636986301373,-0.6392278312713671,-140.10000000002492,0.9896170692121258,50.3,50.3,,,,,,,,,,
60m,random_direction,150,292,442.9000000000217,49.65753424657534,1.033654503730948,1332.8000000000002,1.5167808219178824,0.41617275097152623,-140.10000000002492,0.9896170692121258,50.3,50.3,,,,,,,,,,
60m,random_direction,151,292,-3587.6999999999935,51.71232876712328,0.763492534361713,4213.1,-12.286643835616417,-0.48683630086718305,-140.10000000002492,0.9896170692121258,50.3,50.3,,,,,,,,,,
60m,random_direction,152,292,-432.8999999999961,49.31506849315068,0.9681670110522022,2657.0999999999945,-1.482534246575329,-0.11341158540445372,-140.10000000002492,0.9896170692121258,50.3,50.3,,,,,,,,,,
60m,random_direction,153,292,-5975.2999999999865,44.178082191780824,0.6353166635133577,6219.399999999983,-20.463356164383516,-0.7815397891683211,-140.10000000002492,0.9896170692121258,50.3,50.3,,,,,,,,,,
60m,random_direction,154,292,2175.90000000002,50.34246575342466,1.177021892821987,1774.9000000000115,7.451712328767192,0.36698140886466174,-140.10000000002492,0.9896170692121258,50.3,50.3,,,,,,,,,,
60m,random_direction,155,292,2907.1000000000413,49.31506849315068,1.2437063552608454,1720.4999999999875,9.955821917808361,0.5632988988335956,-140.10000000002492,0.9896170692121258,50.3,50.3,,,,,,,,,,
60m,random_direction,156,292,-2667.1000000000345,50.0,0.8187347931873459,3772.800000000029,-9.133904109589158,-0.10345334789960832,-140.10000000002492,0.9896170692121258,50.3,50.3,,,,,,,,,,
60m,random_direction,157,292,-4352.90000000005,43.49315068493151,0.7205326245369363,5028.9000000000315,-14.907191780822087,-0.7769699482001604,-140.10000000002492,0.9896170692121258,50.3,50.3,,,,,,,,,,
60m,random_direction,158,292,-4150.900000000022,48.97260273972603,0.7314914839803083,4995.800000000014,-14.215410958904187,-0.9765387776429422,-140.10000000002492,0.9896170692121258,50.3,50.3,,,,,,,,,,
60m,random_direction,159,292,-1356.9000000000055,51.369863013698634,0.9034557834745666,4117.099999999997,-4.646917808219197,-0.8169443130857448,-140.10000000002492,0.9896170692121258,50.3,50.3,,,,,,,,,,
60m,random_direction,160,292,664.2999999999846,53.082191780821915,1.0509452049541765,1909.5000000000034,2.274999999999947,0.27576200796268635,-140.10000000002492,0.9896170692121258,50.3,50.3,,,,,,,,,,
60m,random_direction,161,292,-3353.89999999998,44.178082191780824,0.7775072640670828,3927.5999999999804,-11.485958904109522,0.06397085596811722,-140.10000000002492,0.9896170692121258,50.3,50.3,,,,,,,,,,
60m,random_direction,162,292,1980.4999999999882,54.45205479452054,1.1600145431041435,1553.4999999999995,6.782534246575302,0.09767041854340339,-140.10000000002492,0.9896170692121258,50.3,50.3,,,,,,,,,,
60m,random_direction,163,292,2075.9000000000115,48.28767123287671,1.168125825079168,1101.7000000000048,7.109246575342505,0.5393606957360144,-140.10000000002492,0.9896170692121258,50.3,50.3,,,,,,,,,,
60m,random_direction,164,292,1185.9000000000112,52.73972602739726,1.0927956055306471,2337.2000000000025,4.0613013698630525,-0.512134491140979,-140.10000000002492,0.9896170692121258,50.3,50.3,,,,,,,,,,
60m,random_direction,165,292,536.8999999999872,50.0,1.0409478485028745,3419.000000000003,1.8386986301369426,-0.29195522872890795,-140.10000000002492,0.9896170692121258,50.3,50.3,,,,,,,,,,
60m,random_direction,166,292,1110.7000000000157,49.31506849315068,1.086591460134562,1744.90000000001,3.803767123287725,0.2026083995716549,-140.10000000002492,0.9896170692121258,50.3,50.3,,,,,,,,,,
60m,random_direction,167,292,-3362.700000000028,43.49315068493151,0.7770240700218802,4009.7000000000253,-11.516095890411055,-0.0842646788806474,-140.10000000002492,0.9896170692121258,50.3,50.3,,,,,,,,,,
60m,random_direction,168,292,803.3000000000005,52.054794520547944,1.0619228219477976,2167.3000000000047,2.751027397260276,0.5144583485070353,-140.10000000002492,0.9896170692121258,50.3,50.3,,,,,,,,,,
60m,random_direction,169,292,-636.3000000000181,46.917808219178085,0.9535811727629512,2866.4000000000024,-2.179109589041158,0.6608308883202108,-140.10000000002492,0.9896170692121258,50.3,50.3,,,,,,,,,,
60m,random_direction,170,292,2932.2999999999797,54.794520547945204,1.2464014117053883,1867.500000000002,10.042123287671163,0.08373940373013251,-140.10000000002492,0.9896170692121258,50.3,50.3,,,,,,,,,,
60m,random_direction,171,292,-4510.2999999999965,47.26027397260274,0.7116803252489871,5163.799999999998,-15.446232876712317,-0.6079830270000541,-140.10000000002492,0.9896170692121258,50.3,50.3,,,,,,,,,,
60m,random_direction,172,292,-190.49999999999318,48.63013698630137,0.9858674283170746,3750.5999999999926,-0.6523972602739493,0.7166175369021719,-140.10000000002492,0.9896170692121258,50.3,50.3,,,,,,,,,,
60m,random_direction,173,292,1008.5000000000254,47.6027397260274,1.0782790257230255,1490.7999999999956,3.4537671232877583,0.5316639840033958,-140.10000000002492,0.9896170692121258,50.3,50.3,,,,,,,,,,
60m,random_direction,174,292,-905.7000000000141,48.97260273972603,0.9345426950457114,2930.000000000002,-3.1017123287671717,-0.3830464426281666,-140.10000000002492,0.9896170692121258,50.3,50.3,,,,,,,,,,
60m,random_direction,175,292,1551.6999999999869,52.3972602739726,1.123176210964166,2217.499999999984,5.314041095890366,0.1089982166750227,-140.10000000002492,0.9896170692121258,50.3,50.3,,,,,,,,,,
60m,random_direction,176,292,-2429.300000000022,44.86301369863014,0.8337268913027098,3387.8000000000325,-8.319520547945281,0.7034428532446031,-140.10000000002492,0.9896170692121258,50.3,50.3,,,,,,,,,,
60m,random_direction,177,292,843.1000000000028,52.054794520547944,1.0650906760752588,1648.1999999999737,2.887328767123297,-0.44432212090622564,-140.10000000002492,0.9896170692121258,50.3,50.3,,,,,,,,,,
60m,random_direction,178,292,2899.2999999999956,50.34246575342466,1.2430341335836905,1449.2999999999934,9.929109589041081,0.5194397383317736,-140.10000000002492,0.9896170692121258,50.3,50.3,,,,,,,,,,
60m,random_direction,179,292,214.30000000001883,51.369863013698634,1.0161503040899549,2417.1000000000067,0.7339041095891056,0.08316372628445358,-140.10000000002492,0.9896170692121258,50.3,50.3,,,,,,,,,,
60m,random_direction,180,292,1116.5000000000148,48.97260273972603,1.0870565302144264,2211.2999999999797,3.823630136986352,0.1282314661555944,-140.10000000002492,0.9896170692121258,50.3,50.3,,,,,,,,,,
60m,random_direction,181,292,-3531.3000000000343,46.23287671232877,0.7670231505611138,5647.500000000024,-12.093493150685049,-0.23884969464133113,-140.10000000002492,0.9896170692121258,50.3,50.3,,,,,,,,,,
60m,random_direction,182,292,-153.69999999998208,49.31506849315068,0.988580556484269,1906.2999999999909,-0.5263698630136373,0.25570217143838314,-140.10000000002492,0.9896170692121258,50.3,50.3,,,,,,,,,,
60m,random_direction,183,292,402.6999999999804,51.02739726027398,1.030562449245993,2264.4000000000074,1.3791095890410288,-0.09914522897518255,-140.10000000002492,0.9896170692121258,50.3,50.3,,,,,,,,,,
60m,random_direction,184,292,474.70000000003984,52.054794520547944,1.0361348567774773,1913.1999999999866,1.6256849315069857,0.3764804959202297,-140.10000000002492,0.9896170692121258,50.3,50.3,,,,,,,,,,
60m,random_direction,185,292,1554.7000000000041,50.0,1.1233565812128572,1477.5999999999935,5.324315068493165,0.11247707351633406,-140.10000000002492,0.9896170692121258,50.3,50.3,,,,,,,,,,
60m,random_direction,186,292,564.3000000000161,48.28767123287671,1.0430648300072511,3221.5999999999976,1.9325342465753976,0.1711930517205502,-140.10000000002492,0.9896170692121258,50.3,50.3,,,,,,,,,,
60m,random_direction,187,292,2006.4999999999873,55.13698630136986,1.1623066718436539,2531.4000000000096,6.87157534246571,0.18112039867342047,-140.10000000002492,0.9896170692121258,50.3,50.3,,,,,,,,,,
60m,random_direction,188,292,799.899999999978,45.89041095890411,1.0615653405373768,1744.200000000006,2.7393835616437605,0.8906935918572831,-140.10000000002492,0.9896170692121258,50.3,50.3,,,,,,,,,,
60m,random_direction,189,292,-712.1000000000276,48.63013698630137,0.9481758571251808,2648.3000000000266,-2.4386986301370808,0.42566097853847423,-140.10000000002492,0.9896170692121258,50.3,50.3,,,,,,,,,,
60m,random_direction,190,292,-2062.5000000000523,53.082191780821915,0.8567956951918037,3401.100000000024,-7.063356164383741,-0.9979593930906788,-140.10000000002492,0.9896170692121258,50.3,50.3,,,,,,,,,,
60m,random_direction,191,292,1961.699999999992,52.054794520547944,1.158285861829683,1779.3000000000015,6.71815068493148,-0.04850264119275808,-140.10000000002492,0.9896170692121258,50.3,50.3,,,,,,,,,,
60m,random_direction,192,292,307.69999999998424,51.71232876712328,1.0232721717164064,1599.000000000001,1.0537671232876173,0.06924602462578842,-140.10000000002492,0.9896170692121258,50.3,50.3,,,,,,,,,,
60m,random_direction,193,292,709.6999999999789,48.63013698630137,1.0544674515341739,3301.600000000006,2.430479452054722,-0.25654878266946424,-140.10000000002492,0.9896170692121258,50.3,50.3,,,,,,,,,,
60m,random_direction,194,292,-2702.9000000000037,46.57534246575342,0.8166493687973572,4598.100000000019,-9.25650684931508,0.17090272573605217,-140.10000000002492,0.9896170692121258,50.3,50.3,,,,,,,,,,
60m,random_direction,195,292,-54.69999999998413,48.97260273972603,0.9959211370110225,2715.3999999999933,-0.18732876712323332,0.18042031842831613,-140.10000000002492,0.9896170692121258,50.3,50.3,,,,,,,,,,
60m,random_direction,196,292,852.8999999999955,45.89041095890411,1.0657807462709588,3113.300000000005,2.9208904109588887,0.8489346060137067,-140.10000000002492,0.9896170692121258,50.3,50.3,,,,,,,,,,
60m,random_direction,197,292,-1954.9000000000103,49.31506849315068,0.8638658505163607,4626.100000000022,-6.694863013698665,-0.8365418663355767,-140.10000000002492,0.9896170692121258,50.3,50.3,,,,,,,,,,
60m,random_direction,198,292,-1224.700000000003,45.89041095890411,0.912550162089599,2517.4000000000124,-4.194178082191791,0.29493476277195824,-140.10000000002492,0.9896170692121258,50.3,50.3,,,,,,,,,,
60m,random_direction,199,292,1316.700000000027,53.76712328767124,1.1035849991739657,1908.4,4.509246575342559,-0.10922891351345224,-140.10000000002492,0.9896170692121258,50.3,50.3,,,,,,,,,,
60m,random_direction,200,292,-636.0999999999945,49.65753424657534,0.9535683263137152,2392.7999999999815,-2.1784246575342276,-0.6689604726565909,-140.10000000002492,0.9896170692121258,50.3,50.3,,,,,,,,,,
60m,random_direction,201,292,2472.700000000056,51.71232876712328,1.2037005000453138,2638.9999999999836,8.468150684931699,0.5453583775019386,-140.10000000002492,0.9896170692121258,50.3,50.3,,,,,,,,,,
60m,random_direction,202,292,2031.9000000000005,54.109589041095894,1.1644903543354892,1731.1000000000158,6.958561643835618,0.34789151245128247,-140.10000000002492,0.9896170692121258,50.3,50.3,,,,,,,,,,
60m,random_direction,203,292,-5218.499999999973,40.75342465753425,0.6741878890422007,6300.1999999999925,-17.87157534246566,-0.11671723761320348,-140.10000000002492,0.9896170692121258,50.3,50.3,,,,,,,,,,
60m,random_direction,204,292,-564.5000000000563,48.63013698630137,0.9586958271444107,1943.100000000009,-1.9332191780823844,-0.3543586949422171,-140.10000000002492,0.9896170692121258,50.3,50.3,,,,,,,,,,
60m,random_direction,205,292,373.0999999999756,48.63013698630137,1.0282692205696253,1645.200000000019,1.2777397260273136,0.7338086353991347,-140.10000000002492,0.9896170692121258,50.3,50.3,,,,,,,,,,
60m,random_direction,206,292,-3463.7000000000244,49.31506849315068,0.7708298873237561,3984.3000000000116,-11.861986301369946,-0.9937417655589048,-140.10000000002492,0.9896170692121258,50.3,50.3,,,,,,,,,,
60m,random_direction,207,292,2547.6999999999907,53.082191780821915,1.2105989716798642,1889.2999999999938,8.724999999999968,0.39539763009356005,-140.10000000002492,0.9896170692121258,50.3,50.3,,,,,,,,,,
60m,random_direction,208,292,-196.70000000000027,51.369863013698634,0.9854025974025974,1835.7000000000007,-0.6736301369863023,-0.13824627118899852,-140.10000000002492,0.9896170692121258,50.3,50.3,,,,,,,,,,
60m,random_direction,209,292,1223.5000000000064,50.34246575342466,1.0958262517720223,2331.6000000000045,4.190068493150707,0.0547056331694334,-140.10000000002492,0.9896170692121258,50.3,50.3,,,,,,,,,,
60m,random_direction,210,292,2278.100000000019,50.34246575342466,1.186116239930722,1563.599999999999,7.801712328767189,0.5492239288731828,-140.10000000002492,0.9896170692121258,50.3,50.3,,,,,,,,,,
60m,random_direction,211,292,-2664.6999999999753,47.94520547945205,0.8189569660157912,3457.1999999999944,-9.125684931506765,-0.06334257264743641,-140.10000000002492,0.9896170692121258,50.3,50.3,,,,,,,,,,
60m,random_direction,212,292,-2117.899999999976,45.54794520547945,0.853458893209528,2531.599999999983,-7.25308219178074,0.34010672534689973,-140.10000000002492,0.9896170692121258,50.3,50.3,,,,,,,,,,
60m,random_direction,213,292,342.10000000000673,50.68493150684932,1.025902538009571,1398.799999999997,1.1715753424657764,0.029929057918947975,-140.10000000002492,0.9896170692121258,50.3,50.3,,,,,,,,,,
60m,random_direction,214,292,-2833.499999999988,52.3972602739726,0.8084178498985809,3474.1999999999966,-9.70376712328763,-0.4801776945524627,-140.10000000002492,0.9896170692121258,50.3,50.3,,,,,,,,,,
60m,random_direction,215,292,-39.699999999988904,48.28767123287671,0.9970384405935062,3069.2999999999874,-0.13595890410955105,0.14908707137892957,-140.10000000002492,0.9896170692121258,50.3,50.3,,,,,,,,,,
60m,random_direction,216,292,-2844.700000000016,45.89041095890411,0.8079851501856219,3204.1000000000176,-9.742123287671289,-0.3616167869600495,-140.10000000002492,0.9896170692121258,50.3,50.3,,,,,,,,,,
60m,random_direction,217,292,2750.500000000041,53.42465753424658,1.2292962302215886,1242.9999999999927,9.419520547945346,0.17099835002153005,-140.10000000002492,0.9896170692121258,50.3,50.3,,,,,,,,,,
60m,random_direction,218,292,-341.5000000000292,50.68493150684932,0.9747951878367386,2243.900000000018,-1.1695205479453055,-0.09901797837739122,-140.10000000002492,0.9896170692121258,50.3,50.3,,,,,,,,,,
60m,random_direction,219,292,1008.9000000000157,53.082191780821915,1.0784086669982604,2287.9999999999877,3.4551369863014236,0.17685698120462753,-140.10000000002492,0.9896170692121258,50.3,50.3,,,,,,,,,,
60m,random_direction,220,292,-2399.0999999999713,51.71232876712328,0.8353939676702272,4233.899999999986,-8.21609589041086,-0.7009595411295042,-140.10000000002492,0.9896170692121258,50.3,50.3,,,,,,,,,,
60m,random_direction,221,292,-865.3000000000573,48.97260273972603,0.9373692629506543,2129.2999999999975,-2.963356164383758,0.14332002975630936,-140.10000000002492,0.9896170692121258,50.3,50.3,,,,,,,,,,
60m,random_direction,222,292,3623.5000000000114,54.794520547945204,1.3136007616080323,871.600000000006,12.409246575342504,0.6716338605595871,-140.10000000002492,0.9896170692121258,50.3,50.3,,,,,,,,,,
60m,random_direction,223,292,2734.9000000000233,54.109589041095894,1.2278855447788575,1202.7999999999943,9.366095890411039,0.7239882865726226,-140.10000000002492,0.9896170692121258,50.3,50.3,,,,,,,,,,
60m,random_direction,224,292,4321.2999999999865,55.13698630136986,1.3856719561608606,1331.899999999997,14.79897260273968,0.003373042415337107,-140.10000000002492,0.9896170692121258,50.3,50.3,,,,,,,,,,
60m,random_direction,225,292,-2297.499999999995,48.63013698630137,0.841915862771272,3061.6999999999894,-7.868150684931489,0.28175466552013784,-140.10000000002492,0.9896170692121258,50.3,50.3,,,,,,,,,,
60m,random_direction,226,292,116.29999999999995,51.369863013698634,1.0087322145887299,2291.699999999979,0.39828767123287656,0.05415231928041621,-140.10000000002492,0.9896170692121258,50.3,50.3,,,,,,,,,,
60m,random_direction,227,292,-1233.0999999999804,48.28767123287671,0.9119327515033793,2388.7999999999984,-4.222945205479385,-0.4167997312711303,-140.10000000002492,0.9896170692121258,50.3,50.3,,,,,,,,,,
60m,random_direction,228,292,-1079.5000000000146,48.97260273972603,0.9224686498987309,2282.600000000018,-3.696917808219228,0.5693016725888286,-140.10000000002492,0.9896170692121258,50.3,50.3,,,,,,,,,,
60m,random_direction,229,292,-110.9000000000392,51.71232876712328,0.9917427982160246,3246.8000000000457,-0.37979452054807944,0.33816682186876734,-140.10000000002492,0.9896170692121258,50.3,50.3,,,,,,,,,,
60m,random_direction,230,292,-981.0999999999817,47.26027397260274,0.9293094503847606,3197.199999999994,-3.3599315068492523,0.2515666783793795,-140.10000000002492,0.9896170692121258,50.3,50.3,,,,,,,,,,
60m,random_direction,231,292,-511.1000000000005,51.02739726027398,0.962510635800839,2807.7000000000066,-1.7503424657534263,0.25180517128013297,-140.10000000002492,0.9896170692121258,50.3,50.3,,,,,,,,,,
60m,random_direction,232,292,-5354.900000000007,48.97260273972603,0.6665836482843213,6255.400000000013,-18.33869863013701,-1.1029772739887302,-140.10000000002492,0.9896170692121258,50.3,50.3,,,,,,,,,,
60m,random_direction,233,292,1490.0999999999885,50.34246575342466,1.1179380431513453,2037.2000000000148,5.103082191780783,0.34317654715677604,-140.10000000002492,0.9896170692121258,50.3,50.3,,,,,,,,,,
60m,random_direction,234,292,-3442.300000000021,49.65753424657534,0.7720693399724536,4152.200000000018,-11.788698630137059,-0.46116579672349156,-140.10000000002492,0.9896170692121258,50.3,50.3,,,,,,,,,,
60m,random_direction,235,292,663.8999999999625,52.054794520547944,1.0509020371548805,1893.10000000002,2.273630136986173,0.32067149390010413,-140.10000000002492,0.9896170692121258,50.3,50.3,,,,,,,,,,
60m,random_direction,236,292,-523.1000000000008,50.0,0.9616557446746127,2145.100000000003,-1.7914383561643863,-0.015171038048782042,-140.10000000002492,0.9896170692121258,50.3,50.3,,,,,,,,,,
60m,random_direction,237,292,259.50000000000136,50.68493150684932,1.0195865317120667,2641.799999999971,0.888698630136991,0.02492412101714485,-140.10000000002492,0.9896170692121258,50.3,50.3,,,,,,,,,,
60m,random_direction,238,292,-2073.700000000026,45.89041095890411,0.8562874666481843,2797.700000000027,-7.101712328767213,-0.2072712976083544,-140.10000000002492,0.9896170692121258,50.3,50.3,,,,,,,,,,
60m,random_direction,239,292,-2858.7000000000116,48.97260273972603,0.8070088978302248,4098.600000000018,-9.790068493150725,-0.7595714605400223,-140.10000000002492,0.9896170692121258,50.3,50.3,,,,,,,,,,
60m,random_direction,240,292,-1628.6999999999791,50.34246575342466,0.8852543328166845,2227.699999999971,-5.577739726027326,-0.3834703465889335,-140.10000000002492,0.9896170692121258,50.3,50.3,,,,,,,,,,
60m,random_direction,241,292,542.0999999999812,53.76712328767124,1.0413861023315454,2212.500000000006,1.8565068493150039,-0.21107760568433506,-140.10000000002492,0.9896170692121258,50.3,50.3,,,,,,,,,,
60m,random_direction,242,292,-1261.099999999969,52.3972602739726,0.9099458718347898,2567.799999999969,-4.31883561643825,-0.46453438293042093,-140.10000000002492,0.9896170692121258,50.3,50.3,,,,,,,,,,
60m,random_direction,243,292,-1059.7000000000137,49.65753424657534,0.9238234215842015,2656.900000000013,-3.6291095890411427,0.18728935644246505,-140.10000000002492,0.9896170692121258,50.3,50.3,,,,,,,,,,
60m,random_direction,244,292,-147.10000000001833,52.3972602739726,0.989060919745373,4019.8000000000243,-0.503767123287734,-0.2139352968076801,-140.10000000002492,0.9896170692121258,50.3,50.3,,,,,,,,,,
60m,random_direction,245,292,-3341.300000000034,48.63013698630137,0.7780648675217346,5303.600000000037,-11.442808219178199,-0.23012919338520504,-140.10000000002492,0.9896170692121258,50.3,50.3,,,,,,,,,,
60m,random_direction,246,292,-4497.900000000009,44.52054794520548,0.7125060721499243,6518.100000000006,-15.4037671232877,-0.2791931885611118,-140.10000000002492,0.9896170692121258,50.3,50.3,,,,,,,,,,
60m,random_direction,247,292,1051.6999999999955,49.65753424657534,1.0818099786859994,1863.5,3.601712328767108,0.5170691178415796,-140.10000000002492,0.9896170692121258,50.3,50.3,,,,,,,,,,
60m,random_direction,248,292,1706.49999999997,50.34246575342466,1.136236627814144,1390.5000000000105,5.844178082191678,0.5498111301855318,-140.10000000002492,0.9896170692121258,50.3,50.3,,,,,,,,,,
60m,random_direction,249,292,-1202.0999999999883,49.65753424657534,0.9140294792851175,3661.8999999999937,-4.116780821917768,0.033650891546847896,-140.10000000002492,0.9896170692121258,50.3,50.3,,,,,,,,,,
60m,random_direction,250,292,1675.8999999999658,52.3972602739726,1.1336901808435078,2675.400000000012,5.739383561643718,0.20132368054589825,-140.10000000002492,0.9896170692121258,50.3,50.3,,,,,,,,,,
60m,random_direction,251,292,1965.0999999999938,52.054794520547944,1.1585819540498876,1698.8000000000256,6.729794520547924,0.1776771289285477,-140.10000000002492,0.9896170692121258,50.3,50.3,,,,,,,,,,
60m,random_direction,252,292,-4065.0999999999995,46.57534246575342,0.7364295347269049,5260.899999999999,-13.92157534246575,-0.6041253472619134,-140.10000000002492,0.9896170692121258,50.3,50.3,,,,,,,,,,
60m,random_direction,253,292,-320.2999999999846,50.68493150684932,0.9763413697334998,2291.099999999994,-1.0969178082191253,-0.32210139726742043,-140.10000000002492,0.9896170692121258,50.3,50.3,,,,,,,,,,
60m,random_direction,254,292,-2146.7,48.97260273972603,0.8515113785709345,3233.1,-7.351712328767123,-0.29554194888890595,-140.10000000002492,0.9896170692121258,50.3,50.3,,,,,,,,,,
60m,random_direction,255,292,-1579.8999999999965,49.65753424657534,0.8885133227955292,3341.7999999999943,-5.410616438356152,-0.10380293967667208,-140.10000000002492,0.9896170692121258,50.3,50.3,,,,,,,,,,
60m,random_direction,256,292,-994.7000000000301,49.31506849315068,0.928335734870315,3300.200000000002,-3.4065068493151713,-0.21198730828141155,-140.10000000002492,0.9896170692121258,50.3,50.3,,,,,,,,,,
60m,random_direction,257,292,-461.69999999998845,50.34246575342466,0.9660766636541989,3536.6000000000113,-1.5811643835616043,0.4991643109185995,-140.10000000002492,0.9896170692121258,50.3,50.3,,,,,,,,,,
60m,random_direction,258,292,2303.100000000002,50.34246575342466,1.1883448777815036,1995.199999999999,7.887328767123295,0.6632826339887483,-140.10000000002492,0.9896170692121258,50.3,50.3,,,,,,,,,,
60m,random_direction,259,292,2334.6999999999994,52.73972602739726,1.1912857529106207,1375.500000000006,7.995547945205478,0.30257622374018717,-140.10000000002492,0.9896170692121258,50.3,50.3,,,,,,,,,,
60m,random_direction,260,292,82.30000000000518,49.31506849315068,1.0061687216579849,3224.599999999996,0.2818493150685109,0.0037674446408992677,-140.10000000002492,0.9896170692121258,50.3,50.3,,,,,,,,,,
60m,random_direction,261,292,1721.699999999997,53.082191780821915,1.1376170988266132,1828.999999999995,5.896232876712319,-0.3363246757364014,-140.10000000002492,0.9896170692121258,50.3,50.3,,,,,,,,,,
60m,random_direction,262,292,2836.29999999999,53.76712328767124,1.2373254344788336,1127.2999999999981,9.713356164383528,0.15146095685761374,-140.10000000002492,0.9896170692121258,50.3,50.3,,,,,,,,,,
60m,random_direction,263,292,-1322.2999999999938,44.86301369863014,0.9059289718562368,2733.000000000009,-4.5284246575342255,1.0216166433094729,-140.10000000002492,0.9896170692121258,50.3,50.3,,,,,,,,,,
60m,random_direction,264,292,1906.3000000000002,56.16438356164384,1.1536211328782908,1119.2000000000048,6.528424657534247,0.31970811836422613,-140.10000000002492,0.9896170692121258,50.3,50.3,,,,,,,,,,
60m,random_direction,265,292,2351.70000000003,54.794520547945204,1.1929077665124548,2560.599999999973,8.053767123287773,0.0845946713024306,-140.10000000002492,0.9896170692121258,50.3,50.3,,,,,,,,,,
60m,random_direction,266,292,74.9000000000267,52.73972602739726,1.0056168821429665,1613.6999999999891,0.25650684931515993,-0.1489978585265238,-140.10000000002492,0.9896170692121258,50.3,50.3,,,,,,,,,,
60m,random_direction,267,292,1051.6999999999985,50.34246575342466,1.081822708388442,2355.19999999999,3.601712328767118,0.20879604078603908,-140.10000000002492,0.9896170692121258,50.3,50.3,,,,,,,,,,
60m,random_direction,268,292,-3315.699999999983,46.917808219178085,0.7796452472569476,4449.9999999999745,-11.35513698630131,-0.3661249287344788,-140.10000000002492,0.9896170692121258,50.3,50.3,,,,,,,,,,
60m,random_direction,269,292,2550.499999999987,53.082191780821915,1.2108548280423268,1150.000000000019,8.734589041095845,0.30209954046251575,-140.10000000002492,0.9896170692121258,50.3,50.3,,,,,,,,,,
60m,random_direction,270,292,-2819.300000000031,48.28767123287671,0.8094462430636737,3359.50000000003,-9.655136986301477,-0.035379503769068794,-140.10000000002492,0.9896170692121258,50.3,50.3,,,,,,,,,,
60m,random_direction,271,292,972.6999999999816,52.3972602739726,1.0754774079908112,3448.900000000017,3.331164383561581,-0.004078835264703578,-140.10000000002492,0.9896170692121258,50.3,50.3,,,,,,,,,,
60m,random_direction,272,292,362.10000000000844,50.34246575342466,1.0274355593944635,1415.2000000000025,1.2400684931507138,-0.08397899836644199,-140.10000000002492,0.9896170692121258,50.3,50.3,,,,,,,,,,
60m,random_direction,273,292,-272.3000000000002,48.28767123287671,0.9798621485305211,2889.599999999989,-0.9325342465753431,-0.18772059069270183,-140.10000000002492,0.9896170692121258,50.3,50.3,,,,,,,,,,
60m,random_direction,274,292,-127.09999999996535,50.0,0.9905461091028127,2366.399999999964,-0.4352739726026211,0.2552352070808826,-140.10000000002492,0.9896170692121258,50.3,50.3,,,,,,,,,,
60m,random_direction,275,292,2898.2999999999874,52.3972602739726,1.2430623694870038,1443.4999999999895,9.925684931506806,0.7106461514805177,-140.10000000002492,0.9896170692121258,50.3,50.3,,,,,,,,,,
60m,random_direction,276,292,-3774.299999999992,47.6027397260274,0.7529067483698646,4050.9000000000115,-12.925684931506822,-0.554260433063255,-140.10000000002492,0.9896170692121258,50.3,50.3,,,,,,,,,,
60m,random_direction,277,292,1645.099999999978,54.45205479452054,1.131139046768753,1560.700000000002,5.633904109588966,-0.35052810302033766,-140.10000000002492,0.9896170692121258,50.3,50.3,,,,,,,,,,
60m,random_direction,278,292,-1875.0999999999676,46.917808219178085,0.8691230666145535,2700.7999999999765,-6.421575342465642,-0.20521934136141864,-140.10000000002492,0.9896170692121258,50.3,50.3,,,,,,,,,,
60m,random_direction,279,292,-2473.500000000025,46.917808219178085,0.8308833584028428,4546.90000000002,-8.47089041095899,0.050038906448858715,-140.10000000002492,0.9896170692121258,50.3,50.3,,,,,,,,,,
60m,random_direction,280,292,-2313.699999999987,45.89041095890411,0.8409773531736494,2598.399999999993,-7.923630136986257,0.24613627413317476,-140.10000000002492,0.9896170692121258,50.3,50.3,,,,,,,,,,
60m,random_direction,281,292,5441.5000000000155,54.794520547945204,1.5111357423984835,1019.9000000000015,18.635273972602793,0.8970696593028878,-140.10000000002492,0.9896170692121258,50.3,50.3,,,,,,,,,,
60m,random_direction,282,292,2416.1000000000245,54.45205479452054,1.1986989703608695,1824.7000000000003,8.274315068493234,0.42038215617344327,-140.10000000002492,0.9896170692121258,50.3,50.3,,,,,,,,,,
60m,random_direction,283,292,-2273.5000000000396,46.23287671232877,0.8435133944549962,2992.600000000042,-7.785958904109725,-0.10673246682021112,-140.10000000002492,0.9896170692121258,50.3,50.3,,,,,,,,,,
60m,random_direction,284,292,6.699999999999363,50.68493150684932,1.0005009233437754,2555.200000000004,0.022945205479449875,0.2944082176750012,-140.10000000002492,0.9896170692121258,50.3,50.3,,,,,,,,,,
60m,random_direction,285,292,-1956.6999999999364,51.02739726027398,0.8637015881861285,3070.7999999999524,-6.701027397260056,-0.6387134042988492,-140.10000000002492,0.9896170692121258,50.3,50.3,,,,,,,,,,
60m,random_direction,286,292,-454.30000000000746,46.23287671232877,0.96664072137696,4253.00000000002,-1.5558219178082446,0.7635708003049428,-140.10000000002492,0.9896170692121258,50.3,50.3,,,,,,,,,,
60m,random_direction,287,292,1155.300000000004,53.42465753424658,1.0903071992495899,2382.80000000001,3.9565068493150823,0.2370219900627493,-140.10000000002492,0.9896170692121258,50.3,50.3,,,,,,,,,,
60m,random_direction,288,292,268.70000000000516,51.02739726027398,1.020289504881714,2112.3999999999987,0.9202054794520724,-0.42062039680098273,-140.10000000002492,0.9896170692121258,50.3,50.3,,,,,,,,,,
60m,random_direction,289,292,755.1000000000033,52.73972602739726,1.0581065170718196,1869.6999999999946,2.5859589041096003,-0.21544560823535322,-140.10000000002492,0.9896170692121258,50.3,50.3,,,,,,,,,,
60m,random_direction,290,292,3670.0999999999863,53.42465753424658,1.3181652680491003,1563.3999999999978,12.568835616438308,0.3553672048410894,-140.10000000002492,0.9896170692121258,50.3,50.3,,,,,,,,,,
60m,random_direction,291,292,-1222.299999999977,49.65753424657534,0.9126454360938812,2703.7999999999806,-4.18595890410951,-0.5020395449532783,-140.10000000002492,0.9896170692121258,50.3,50.3,,,,,,,,,,
60m,random_direction,292,292,-2765.8999999999974,48.28767123287671,0.812712449723054,4861.900000000009,-9.472260273972594,-0.21513529494029074,-140.10000000002492,0.9896170692121258,50.3,50.3,,,,,,,,,,
60m,random_direction,293,292,-511.4999999999741,49.65753424657534,0.9624928505433606,2570.4999999999895,-1.7517123287670344,-0.21680728525038082,-140.10000000002492,0.9896170692121258,50.3,50.3,,,,,,,,,,
60m,random_direction,294,292,-967.5000000000166,49.65753424657534,0.9302219914319084,3015.500000000009,-3.3133561643836185,-0.8887627171034851,-140.10000000002492,0.9896170692121258,50.3,50.3,,,,,,,,,,
60m,random_direction,295,292,-813.2999999999738,50.0,0.9410109303489463,3404.3000000000084,-2.78527397260265,-0.12846189275248723,-140.10000000002492,0.9896170692121258,50.3,50.3,,,,,,,,,,
60m,random_direction,296,292,3107.100000000013,53.082191780821915,1.2629102816865665,1308.099999999999,10.640753424657579,0.4799171606671488,-140.10000000002492,0.9896170692121258,50.3,50.3,,,,,,,,,,
60m,random_direction,297,292,-129.30000000001053,43.83561643835616,0.9903958285361986,1932.300000000003,-0.44280821917811825,0.6657594724724952,-140.10000000002492,0.9896170692121258,50.3,50.3,,,,,,,,,,
60m,random_direction,298,292,-676.49999999998,49.31506849315068,0.9506956540751713,4050.799999999998,-2.3167808219177397,0.17853509909371154,-140.10000000002492,0.9896170692121258,50.3,50.3,,,,,,,,,,
60m,random_direction,299,292,-63.3000000000078,47.94520547945205,0.9952825618744545,2857.0000000000036,-0.21678082191783493,0.5349287967549494,-140.10000000002492,0.9896170692121258,50.3,50.3,,,,,,,,,,
60m,random_direction,300,292,164.70000000000357,51.71232876712328,1.0123900728960575,2351.2000000000016,0.5640410958904232,0.08430643807201774,-140.10000000002492,0.9896170692121258,50.3,50.3,,,,,,,,,,
60m,random_direction,301,292,5737.500000000016,53.76712328767124,1.546402552259418,1110.4999999999964,19.648972602739782,0.7684706534661588,-140.10000000002492,0.9896170692121258,50.3,50.3,,,,,,,,,,
60m,random_direction,302,292,-1769.499999999958,43.83561643835616,0.8761149306187629,2669.299999999975,-6.059931506849171,0.5867372257656379,-140.10000000002492,0.9896170692121258,50.3,50.3,,,,,,,,,,
60m,random_direction,303,292,-4696.900000000012,45.54794520547945,0.7016268890907584,5409.800000000026,-16.08527397260278,-0.23758232890306014,-140.10000000002492,0.9896170692121258,50.3,50.3,,,,,,,,,,
60m,random_direction,304,292,-5165.700000000025,45.89041095890411,0.6766486181966125,6120.100000000026,-17.690753424657622,-0.8324543973492732,-140.10000000002492,0.9896170692121258,50.3,50.3,,,,,,,,,,
60m,random_direction,305,292,1079.5000000000657,48.97260273972603,1.0840502978160211,3571.399999999996,3.696917808219403,0.20118009913674345,-140.10000000002492,0.9896170692121258,50.3,50.3,,,,,,,,,,
60m,random_direction,306,292,-42.699999999997544,48.63013698630137,0.9968147639792326,2321.300000000012,-0.14623287671232035,0.10413832152725384,-140.10000000002492,0.9896170692121258,50.3,50.3,,,,,,,,,,
60m,random_direction,307,292,3073.500000000057,55.47945205479452,1.2598604946100245,1612.1999999999919,10.525684931507044,0.4522997453684088,-140.10000000002492,0.9896170692121258,50.3,50.3,,,,,,,,,,
60m,random_direction,308,292,-2360.3000000000247,46.57534246575342,0.8380071926645788,3635.8000000000184,-8.083219178082276,-0.4197912777949086,-140.10000000002492,0.9896170692121258,50.3,50.3,,,,,,,,,,
60m,random_direction,309,292,874.1000000000314,50.68493150684932,1.0675418804475514,2271.6999999999766,2.993493150685039,-0.21619233153225256,-140.10000000002492,0.9896170692121258,50.3,50.3,,,,,,,,,,
60m,random_direction,310,292,1239.9000000000244,48.28767123287671,1.0971305022208664,2343.7000000000007,4.246232876712412,0.6683701416825272,-140.10000000002492,0.9896170692121258,50.3,50.3,,,,,,,,,,
60m,random_direction,311,292,968.7000000000288,49.65753424657534,1.0751110732036404,1594.7999999999795,3.3174657534247562,0.21239989289277522,-140.10000000002492,0.9896170692121258,50.3,50.3,,,,,,,,,,
60m,random_direction,312,292,-387.30000000000064,51.02739726027398,0.9714609937439668,2369.399999999997,-1.3263698630137009,-0.7941395428969152,-140.10000000002492,0.9896170692121258,50.3,50.3,,,,,,,,,,
60m,random_direction,313,292,1673.1000000000008,53.42465753424658,1.1334881160391583,1476.8999999999949,5.729794520547948,0.3831184011660629,-140.10000000002492,0.9896170692121258,50.3,50.3,,,,,,,,,,
60m,random_direction,314,292,-1629.3000000000018,44.52054794520548,0.8853485704635174,3644.8,-5.579794520547951,0.36749492184638,-140.10000000002492,0.9896170692121258,50.3,50.3,,,,,,,,,,
60m,random_direction,315,292,-4288.900000000025,43.83561643835616,0.7240569527816906,4596.9000000000215,-14.688013698630224,-0.2175432267825972,-140.10000000002492,0.9896170692121258,50.3,50.3,,,,,,,,,,
60m,random_direction,316,292,-2944.5000000000005,45.20547945205479,0.8019372414488951,3677.499999999999,-10.083904109589042,-0.3202555634024129,-140.10000000002492,0.9896170692121258,50.3,50.3,,,,,,,,,,
60m,random_direction,317,292,1128.0999999999935,53.082191780821915,1.0880832656630641,2114.700000000007,3.8633561643835397,-0.13961587666825923,-140.10000000002492,0.9896170692121258,50.3,50.3,,,,,,,,,,
60m,random_direction,318,292,1791.0999999999906,54.109589041095894,1.1435970207887363,999.6999999999982,6.133904109589009,0.365537476150504,-140.10000000002492,0.9896170692121258,50.3,50.3,,,,,,,,,,
60m,random_direction,319,292,559.3000000000094,48.97260273972603,1.0426829268292686,2042.0000000000161,1.9154109589041417,0.6186495413355565,-140.10000000002492,0.9896170692121258,50.3,50.3,,,,,,,,,,
60m,random_direction,320,292,-1120.2999999999702,51.71232876712328,0.9196099255155806,3984.8999999999915,-3.836643835616336,-0.2997061206860286,-140.10000000002492,0.9896170692121258,50.3,50.3,,,,,,,,,,
60m,random_direction,321,292,634.700000000011,53.082191780821915,1.0486199949441954,1749.7000000000103,2.173630136986339,-0.40446224850457674,-140.10000000002492,0.9896170692121258,50.3,50.3,,,,,,,,,,
60m,random_direction,322,292,-3999.300000000004,43.83561643835616,0.7402765240318736,4378.800000000001,-13.696232876712342,-0.02746034000732854,-140.10000000002492,0.9896170692121258,50.3,50.3,,,,,,,,,,
60m,random_direction,323,292,-2020.5000000000564,50.68493150684932,0.8595792590121517,3508.400000000016,-6.919520547945399,-0.7045682734102322,-140.10000000002492,0.9896170692121258,50.3,50.3,,,,,,,,,,
60m,random_direction,324,292,-1061.0999999999544,51.02739726027398,0.9237068779568919,2919.099999999991,-3.633904109588885,0.07398654445907395,-140.10000000002492,0.9896170692121258,50.3,50.3,,,,,,,,,,
60m,random_direction,325,292,-3797.1000000000386,43.83561643835616,0.7517716123633681,5389.100000000032,-13.003767123287803,0.24543413289947225,-140.10000000002492,0.9896170692121258,50.3,50.3,,,,,,,,,,
60m,random_direction,326,292,-1329.8999999999935,44.178082191780824,0.9054300058310699,2063.2000000000007,-4.554452054794498,0.44559880873132607,-140.10000000002492,0.9896170692121258,50.3,50.3,,,,,,,,,,
60m,random_direction,327,292,-801.0999999999951,50.68493150684932,0.9418599587772525,3471.8000000000065,-2.7434931506849147,0.21534241640682095,-140.10000000002492,0.9896170692121258,50.3,50.3,,,,,,,,,,
60m,random_direction,328,292,421.4999999999735,52.3972602739726,1.0320227920227898,1292.2999999999997,1.4434931506848407,-0.2820295042026526,-140.10000000002492,0.9896170692121258,50.3,50.3,,,,,,,,,,
60m,random_direction,329,292,3192.9000000000387,54.109589041095894,1.271232946533244,1404.9000000000042,10.934589041096023,0.5332434547748144,-140.10000000002492,0.9896170692121258,50.3,50.3,,,,,,,,,,
60m,random_direction,330,292,3708.1000000000263,52.73972602739726,1.3219339827403611,1588.0000000000186,12.698972602739817,0.22568488322592956,-140.10000000002492,0.9896170692121258,50.3,50.3,,,,,,,,,,
60m,random_direction,331,292,-1378.0999999999622,47.6027397260274,0.9021006343816401,2153.600000000006,-4.719520547945076,0.03052259116862025,-140.10000000002492,0.9896170692121258,50.3,50.3,,,,,,,,,,
60m,random_direction,332,292,-1318.5000000000014,47.94520547945205,0.9061291907246952,2264.2999999999965,-4.5154109589041145,-0.4461907753677439,-140.10000000002492,0.9896170692121258,50.3,50.3,,,,,,,,,,
60m,random_direction,333,292,2238.8999999999796,51.369863013698634,1.1826599875991235,1547.2000000000073,7.667465753424588,0.3363561159523594,-140.10000000002492,0.9896170692121258,50.3,50.3,,,,,,,,,,
60m,random_direction,334,292,1576.8999999999814,55.47945205479452,1.1253916251848775,1648.2000000000116,5.400342465753361,-0.2534764860785147,-140.10000000002492,0.9896170692121258,50.3,50.3,,,,,,,,,,
60m,random_direction,335,292,-2179.09999999997,50.0,0.8494077483379655,4923.3999999999805,-7.462671232876609,-0.23854328548719245,-140.10000000002492,0.9896170692121258,50.3,50.3,,,,,,,,,,
60m,random_direction,336,292,699.6999999999829,55.821917808219176,1.053766002243771,1211.099999999993,2.3962328767122703,-0.4511433922392692,-140.10000000002492,0.9896170692121258,50.3,50.3,,,,,,,,,,
60m,random_direction,337,292,1148.0999999999926,50.68493150684932,1.0896658908795545,2317.600000000006,3.931849315068468,-0.39499037164996587,-140.10000000002492,0.9896170692121258,50.3,50.3,,,,,,,,,,
60m,random_direction,338,292,2456.900000000006,46.917808219178085,1.2020344056312091,1809.300000000008,8.41404109589043,0.7131417966824902,-140.10000000002492,0.9896170692121258,50.3,50.3,,,,,,,,,,
60m,random_direction,339,292,1451.5000000000002,51.02739726027398,1.1147258514531417,1983.5999999999963,4.970890410958905,-0.052858835935771974,-140.10000000002492,0.9896170692121258,50.3,50.3,,,,,,,,,,
60m,random_direction,340,292,-1620.2999999999847,50.34246575342466,0.8858123440781417,2915.599999999989,-5.548972602739673,-0.14391922118129064,-140.10000000002492,0.9896170692121258,50.3,50.3,,,,,,,,,,
60m,random_direction,341,292,-1148.7000000000178,53.76712328767124,0.9176204819277098,2120.100000000006,-3.933904109589102,-0.8590413344874441,-140.10000000002492,0.9896170692121258,50.3,50.3,,,,,,,,,,
60m,random_direction,342,292,-2672.699999999959,45.89041095890411,0.8185416525222375,2976.5999999999817,-9.153082191780681,-0.13268597906156926,-140.10000000002492,0.9896170692121258,50.3,50.3,,,,,,,,,,
60m,random_direction,343,292,2991.2999999999997,54.109589041095894,1.2519413796007748,1144.300000000008,10.24417808219178,0.8977847559422901,-140.10000000002492,0.9896170692121258,50.3,50.3,,,,,,,,,,
60m,random_direction,344,292,-3340.0999999999885,48.97260273972603,0.7781150976862222,4179.199999999993,-11.438698630136948,-0.31528117290435226,-140.10000000002492,0.9896170692121258,50.3,50.3,,,,,,,,,,
60m,random_direction,345,292,797.2999999999802,49.65753424657534,1.0614129681265678,2360.5000000000277,2.7304794520547264,0.2913697331151779,-140.10000000002492,0.9896170692121258,50.3,50.3,,,,,,,,,,
60m,random_direction,346,292,-3983.300000000047,46.917808219178085,0.7410229570441237,4766.100000000045,-13.641438356164544,-0.3739823623237662,-140.10000000002492,0.9896170692121258,50.3,50.3,,,,,,,,,,
60m,random_direction,347,292,3182.2999999999683,54.794520547945204,1.2702475478748219,1323.80000000001,10.898287671232769,0.34718446207160325,-140.10000000002492,0.9896170692121258,50.3,50.3,,,,,,,,,,
60m,random_direction,348,292,998.0999999999814,51.02739726027398,1.0775006600096269,1378.1999999999957,3.418150684931443,0.7215244860423509,-140.10000000002492,0.9896170692121258,50.3,50.3,,,,,,,,,,
60m,random_direction,349,292,-313.10000000001537,51.02739726027398,0.976866013506523,2375.600000000019,-1.0722602739726554,0.4525881048953982,-140.10000000002492,0.9896170692121258,50.3,50.3,,,,,,,,,,
60m,random_direction,350,292,-2671.900000000029,46.917808219178085,0.8185540826859331,4075.9000000000215,-9.150342465753525,-0.19503583744330003,-140.10000000002492,0.9896170692121258,50.3,50.3,,,,,,,,,,
60m,random_direction,351,292,6609.500000000013,54.109589041095894,1.6567533461183055,830.600000000004,22.635273972602782,0.9483755748168605,-140.10000000002492,0.9896170692121258,50.3,50.3,,,,,,,,,,
60m,random_direction,352,292,-2621.300000000012,49.31506849315068,0.8215941032743701,3591.9000000000087,-8.977054794520589,0.11374087792755512,-140.10000000002492,0.9896170692121258,50.3,50.3,,,,,,,,,,
60m,random_direction,353,292,-2539.4999999999823,44.86301369863014,0.8268373177683539,4593.2000000000035,-8.696917808219117,-0.19925512085403027,-140.10000000002492,0.9896170692121258,50.3,50.3,,,,,,,,,,
60m,random_direction,354,292,2991.3000000000175,57.87671232876712,1.2521835165576327,1638.6999999999919,10.24417808219184,-0.5380826977296979,-140.10000000002492,0.9896170692121258,50.3,50.3,,,,,,,,,,
60m,random_direction,355,292,3534.8999999999724,54.109589041095894,1.3047012378029834,942.9999999999991,12.105821917808125,0.5756789041167731,-140.10000000002492,0.9896170692121258,50.3,50.3,,,,,,,,,,
60m,random_direction,356,292,1557.7000000000326,48.28767123287671,1.1235642213478896,2171.0000000000027,5.3345890410960015,0.5927588671459411,-140.10000000002492,0.9896170692121258,50.3,50.3,,,,,,,,,,
60m,random_direction,357,292,-2245.499999999968,45.20547945205479,0.8453192808431516,2949.1999999999725,-7.690068493150576,0.1318906640968769,-140.10000000002492,0.9896170692121258,50.3,50.3,,,,,,,,,,
60m,random_direction,358,292,-1172.1000000000272,47.26027397260274,0.9161246001588612,1617.5000000000268,-4.014041095890504,-0.5270896045493587,-140.10000000002492,0.9896170692121258,50.3,50.3,,,,,,,,,,
60m,random_direction,359,292,-1756.8999999999774,49.65753424657534,0.876796095399052,2134.499999999989,-6.016780821917731,-0.3754471576347484,-140.10000000002492,0.9896170692121258,50.3,50.3,,,,,,,,,,
60m,random_direction,360,292,825.2999999999919,52.73972602739726,1.0636825210654641,1718.3999999999987,2.826369863013671,-0.29068457677101067,-140.10000000002492,0.9896170692121258,50.3,50.3,,,,,,,,,,
60m,random_direction,361,292,-886.500000000005,48.63013698630137,0.9358904822858133,2934.3000000000047,-3.0359589041096062,0.24193559258329492,-140.10000000002492,0.9896170692121258,50.3,50.3,,,,,,,,,,
60m,random_direction,362,292,-1070.900000000027,48.63013698630137,0.9230658706724982,2897.899999999996,-3.6674657534247497,0.5087883680728489,-140.10000000002492,0.9896170692121258,50.3,50.3,,,,,,,,,,
60m,random_direction,363,292,191.70000000001585,48.97260273972603,1.0144267674107088,1824.1999999999723,0.6565068493151228,0.08237856516070748,-140.10000000002492,0.9896170692121258,50.3,50.3,,,,,,,,,,
60m,random_direction,364,292,-2145.3000000000184,50.0,0.8515661216780012,4962.40000000001,-7.346917808219241,-0.8142438471220724,-140.10000000002492,0.9896170692121258,50.3,50.3,,,,,,,,,,
60m,random_direction,365,292,999.5000000000077,47.26027397260274,1.077549753656361,1690.700000000003,3.4229452054794787,0.5634893744056325,-140.10000000002492,0.9896170692121258,50.3,50.3,,,,,,,,,,
60m,random_direction,366,292,-2103.8999999999796,49.31506849315068,0.8542420085629975,4158.999999999977,-7.2051369863013,-0.48206422778355057,-140.10000000002492,0.9896170692121258,50.3,50.3,,,,,,,,,,
60m,random_direction,367,292,-420.700000000012,48.63013698630137,0.9690547995586605,2989.999999999997,-1.4407534246575753,0.14782943175583393,-140.10000000002492,0.9896170692121258,50.3,50.3,,,,,,,,,,
60m,random_direction,368,292,3151.7000000000126,51.02739726027398,1.2670615350721113,1377.4999999999882,10.793493150684974,0.7253045851655977,-140.10000000002492,0.9896170692121258,50.3,50.3,,,,,,,,,,
60m,random_direction,369,292,5117.499999999984,52.054794520547944,1.4731460165127241,854.4999999999955,17.52568493150679,0.9925714403769335,-140.10000000002492,0.9896170692121258,50.3,50.3,,,,,,,,,,
60m,random_direction,370,292,-15.099999999999568,51.02739726027398,0.9988718883543019,3498.600000000004,-0.051712328767121805,0.3327267520605216,-140.10000000002492,0.9896170692121258,50.3,50.3,,,,,,,,,,
60m,random_direction,371,292,896.0999999999738,50.0,1.0692921544671419,1547.499999999993,3.068835616438266,-0.18832682987697175,-140.10000000002492,0.9896170692121258,50.3,50.3,,,,,,,,,,
60m,random_direction,372,292,1957.2999999999965,53.76712328767124,1.157961423613913,1463.2000000000007,6.70308219178081,0.3217395781891348,-140.10000000002492,0.9896170692121258,50.3,50.3,,,,,,,,,,
60m,random_direction,373,292,458.6999999999805,52.3972602739726,1.0348972558447371,1526.2999999999884,1.5708904109588373,-0.1537955092910497,-140.10000000002492,0.9896170692121258,50.3,50.3,,,,,,,,,,
60m,random_direction,374,292,2670.50000000002,51.71232876712328,1.221802325581397,1727.6000000000045,9.145547945205548,0.6464759349007151,-140.10000000002492,0.9896170692121258,50.3,50.3,,,,,,,,,,
60m,random_direction,375,292,-4366.699999999998,42.80821917808219,0.7198139236445302,5885.099999999991,-14.954452054794514,-0.17005742297701798,-140.10000000002492,0.9896170692121258,50.3,50.3,,,,,,,,,,
60m,random_direction,376,292,1519.3000000000084,51.71232876712328,1.120430260946765,2755.5999999999963,5.203082191780851,-0.025912025753185325,-140.10000000002492,0.9896170692121258,50.3,50.3,,,,,,,,,,
60m,random_direction,377,292,1794.3000000000025,53.42465753424658,1.143853572888857,1191.999999999992,6.144863013698639,0.42099454875690046,-140.10000000002492,0.9896170692121258,50.3,50.3,,,,,,,,,,
60m,random_direction,378,292,752.7000000000116,51.369863013698634,1.0579004453880423,2121.3999999999974,2.577739726027437,0.35102562523593783,-140.10000000002492,0.9896170692121258,50.3,50.3,,,,,,,,,,
60m,random_direction,379,292,-874.7000000000311,51.02739726027398,0.9366847629388325,1846.8000000000152,-2.995547945205586,-0.4077159558425069,-140.10000000002492,0.9896170692121258,50.3,50.3,,,,,,,,,,
60m,random_direction,380,292,3228.5000000000327,53.76712328767124,1.27463974003437,1208.6999999999978,11.05650684931518,0.08573409869978833,-140.10000000002492,0.9896170692121258,50.3,50.3,,,,,,,,,,
60m,random_direction,381,292,-829.2999999999677,49.65753424657534,0.9398879377206293,2928.799999999997,-2.840068493150574,-0.2773050108562558,-140.10000000002492,0.9896170692121258,50.3,50.3,,,,,,,,,,
60m,random_direction,382,292,-129.8999999999819,46.23287671232877,0.9903464573951054,2293.7000000000007,-0.4448630136985682,-0.010906931812668327,-140.10000000002492,0.9896170692121258,50.3,50.3,,,,,,,,,,
60m,random_direction,383,292,-4979.499999999965,46.917808219178085,0.6864176228320988,5678.1999999999825,-17.053082191780703,-0.7337141544949359,-140.10000000002492,0.9896170692121258,50.3,50.3,,,,,,,,,,
60m,random_direction,384,292,-1570.299999999996,49.65753424657534,0.8891563373521194,2578.100000000001,-5.377739726027384,-0.5753728226202626,-140.10000000002492,0.9896170692121258,50.3,50.3,,,,,,,,,,
60m,random_direction,385,292,-4300.700000000004,47.26027397260274,0.723224743541889,4596.400000000011,-14.728424657534262,-0.27176621715738974,-140.10000000002492,0.9896170692121258,50.3,50.3,,,,,,,,,,
60m,random_direction,386,292,520.3000000000337,47.26027397260274,1.0396325439324834,1513.6999999999748,1.7818493150686086,0.04179552138831348,-140.10000000002492,0.9896170692121258,50.3,50.3,,,,,,,,,,
60m,random_direction,387,292,-2328.900000000034,48.28767123287671,0.8399348440174005,2988.2000000000035,-7.975684931506966,0.03028560051921348,-140.10000000002492,0.9896170692121258,50.3,50.3,,,,,,,,,,
60m,random_direction,388,292,1257.9000000000337,54.45205479452054,1.0987494406631995,1662.9999999999864,4.307876712328882,-0.6616417293591159,-140.10000000002492,0.9896170692121258,50.3,50.3,,,,,,,,,,
60m,random_direction,389,292,-293.0999999999967,50.34246575342466,0.9783303020893405,1948.7000000000094,-1.00376712328766,-0.27232758431450554,-140.10000000002492,0.9896170692121258,50.3,50.3,,,,,,,,,,
60m,random_direction,390,292,-538.4999999999919,50.0,0.9605491615323196,2739.4999999999995,-1.8441780821917533,0.25559752877111075,-140.10000000002492,0.9896170692121258,50.3,50.3,,,,,,,,,,
60m,random_direction,391,292,-2156.9000000000315,50.34246575342466,0.8508130615519738,2935.200000000017,-7.386643835616546,-0.42228613137166693,-140.10000000002492,0.9896170692121258,50.3,50.3,,,,,,,,,,
60m,random_direction,392,292,3392.50000000002,54.109589041095894,1.2906428840684023,1438.7999999999947,11.618150684931575,0.437325994267718,-140.10000000002492,0.9896170692121258,50.3,50.3,,,,,,,,,,
60m,random_direction,393,292,5926.1000000000295,57.1917808219178,1.5700255862719106,842.1999999999894,20.29486301369873,0.6909106769474078,-140.10000000002492,0.9896170692121258,50.3,50.3,,,,,,,,,,
60m,random_direction,394,292,2990.7000000000025,52.054794520547944,1.2517657358846361,1412.1999999999975,10.242123287671241,0.277316750671275,-140.10000000002492,0.9896170692121258,50.3,50.3,,,,,,,,,,
60m,random_direction,395,292,53.700000000038926,47.26027397260274,1.0040190399209692,1607.5000000000032,0.1839041095891744,0.19307065034016044,-140.10000000002492,0.9896170692121258,50.3,50.3,,,,,,,,,,
60m,random_direction,396,292,709.9000000000005,47.26027397260274,1.054466498384956,2628.1000000000054,2.431164383561646,0.338835633293643,-140.10000000002492,0.9896170692121258,50.3,50.3,,,,,,,,,,
60m,random_direction,397,292,-1424.3000000000038,47.6027397260274,0.8989843827572019,2213.800000000014,-4.877739726027411,0.6033501431653232,-140.10000000002492,0.9896170692121258,50.3,50.3,,,,,,,,,,
60m,random_direction,398,292,-2941.499999999995,50.0,0.8019378644437565,3271.299999999982,-10.073630136986285,-1.0875656672323062,-140.10000000002492,0.9896170692121258,50.3,50.3,,,,,,,,,,
60m,random_direction,399,292,-816.1000000000099,47.94520547945205,0.9408395978165521,2593.799999999982,-2.7948630136986643,-0.0037027763298419485,-140.10000000002492,0.9896170692121258,50.3,50.3,,,,,,,,,,
60m,random_direction,400,292,-3299.7000000000253,49.65753424657534,0.7804809899211641,4159.300000000019,-11.300342465753511,-0.5103779279249874,-140.10000000002492,0.9896170692121258,50.3,50.3,,,,,,,,,,
60m,random_direction,401,292,-1805.900000000001,43.15068493150685,0.8737415403546062,2737.900000000006,-6.184589041095894,0.29235440250645933,-140.10000000002492,0.9896170692121258,50.3,50.3,,,,,,,,,,
60m,random_direction,402,292,-1863.300000000011,45.89041095890411,0.8699167126271469,2821.500000000014,-6.381164383561682,0.23730479667960755,-140.10000000002492,0.9896170692121258,50.3,50.3,,,,,,,,,,
60m,random_direction,403,292,-1870.4999999999827,48.63013698630137,0.8693775794523716,2606.299999999985,-6.40582191780816,-0.5049439051800751,-140.10000000002492,0.9896170692121258,50.3,50.3,,,,,,,,,,
60m,random_direction,404,292,-4577.699999999974,46.23287671232877,0.7080567088220115,4628.099999999978,-15.67705479452046,-0.30256218530223006,-140.10000000002492,0.9896170692121258,50.3,50.3,,,,,,,,,,
60m,random_direction,405,292,385.10000000000696,48.97260273972603,1.0291939262078227,2569.5999999999794,1.31883561643838,0.2707029881955434,-140.10000000002492,0.9896170692121258,50.3,50.3,,,,,,,,,,
60m,random_direction,406,292,-1635.8999999999905,43.83561643835616,0.8849270550498732,3514.299999999988,-5.60239726027394,0.29376980211234016,-140.10000000002492,0.9896170692121258,50.3,50.3,,,,,,,,,,
60m,random_direction,407,292,-1248.2999999999934,50.0,0.9108637285424586,2594.3999999999915,-4.274999999999977,-0.5327284074338792,-140.10000000002492,0.9896170692121258,50.3,50.3,,,,,,,,,,
60m,random_direction,408,292,5512.100000000028,51.369863013698634,1.5190008097470986,790.8000000000002,18.877054794520642,1.0293080662165741,-140.10000000002492,0.9896170692121258,50.3,50.3,,,,,,,,,,
60m,random_direction,409,292,-2153.6999999999875,46.57534246575342,0.8511311873146666,2577.900000000011,-7.3756849315068065,0.2755344643872929,-140.10000000002492,0.9896170692121258,50.3,50.3,,,,,,,,,,
60m,random_direction,410,292,-914.5000000000027,48.28767123287671,0.9339372530322405,3244.0,-3.1318493150685023,0.18089396286004614,-140.10000000002492,0.9896170692121258,50.3,50.3,,,,,,,,,,
60m,random_direction,411,292,1201.8999999999821,54.109589041095894,1.0941389330555387,1670.8000000000052,4.1160958904108975,-0.15226710980974884,-140.10000000002492,0.9896170692121258,50.3,50.3,,,,,,,,,,
60m,random_direction,412,292,164.50000000000819,49.31506849315068,1.0123680490812312,1633.399999999987,0.5633561643835897,-0.23979202278085204,-140.10000000002492,0.9896170692121258,50.3,50.3,,,,,,,,,,
60m,random_direction,413,292,3647.8999999999974,53.082191780821915,1.315898404011188,1583.0999999999945,12.492808219178073,0.49872435962292827,-140.10000000002492,0.9896170692121258,50.3,50.3,,,,,,,,,,
60m,random_direction,414,292,-2217.5000000000023,47.6027397260274,0.8470309870036697,2701.1000000000054,-7.594178082191789,-0.1330515398024447,-140.10000000002492,0.9896170692121258,50.3,50.3,,,,,,,,,,
60m,random_direction,415,292,-828.0999999999847,51.369863013698634,0.9399505449482618,1550.099999999998,-2.8359589041095368,0.26102997827026686,-140.10000000002492,0.9896170692121258,50.3,50.3,,,,,,,,,,
60m,random_direction,416,292,-3286.900000000007,42.80821917808219,0.7815243906491982,3984.0000000000027,-11.256506849315093,0.31230727691583154,-140.10000000002492,0.9896170692121258,50.3,50.3,,,,,,,,,,
60m,random_direction,417,292,822.2999999999804,49.65753424657534,1.0633996653842284,2694.400000000014,2.816095890410892,0.09022757616676587,-140.10000000002492,0.9896170692121258,50.3,50.3,,,,,,,,,,
60m,random_direction,418,292,719.5000000000434,51.71232876712328,1.0552785439347292,1651.3999999999892,2.46404109589056,-0.36868847452260617,-140.10000000002492,0.9896170692121258,50.3,50.3,,,,,,,,,,
60m,random_direction,419,292,709.700000000011,52.3972602739726,1.0545151477908201,1186.5999999999967,2.430479452054832,0.05495294329908561,-140.10000000002492,0.9896170692121258,50.3,50.3,,,,,,,,,,
60m,random_direction,420,292,-387.90000000003454,47.6027397260274,0.9714384590463262,1713.8000000000052,-1.3284246575343648,0.5711721314301891,-140.10000000002492,0.9896170692121258,50.3,50.3,,,,,,,,,,
60m,random_direction,421,292,2364.5,52.73972602739726,1.193964102900643,1559.399999999976,8.097602739726028,-0.40893749239666927,-140.10000000002492,0.9896170692121258,50.3,50.3,,,,,,,,,,
60m,random_direction,422,292,7244.499999999978,57.87671232876712,1.744170518746786,861.3000000000029,24.80993150684924,0.9263703860907312,-140.10000000002492,0.9896170692121258,50.3,50.3,,,,,,,,,,
60m,random_direction,423,292,-153.300000000017,46.917808219178085,0.9886156885169193,2201.8000000000193,-0.5250000000000582,0.44328362095001284,-140.10000000002492,0.9896170692121258,50.3,50.3,,,,,,,,,,
60m,random_direction,424,292,-1774.2999999999956,48.28767123287671,0.8756866207051179,2026.9999999999927,-6.076369863013683,0.21511635829465137,-140.10000000002492,0.9896170692121258,50.3,50.3,,,,,,,,,,
60m,random_direction,425,292,-598.3000000000276,50.34246575342466,0.9562607831096275,2345.3000000000216,-2.0489726027398203,0.24800843357693492,-140.10000000002492,0.9896170692121258,50.3,50.3,,,,,,,,,,
60m,random_direction,426,292,-293.899999999992,48.63013698630137,0.9782804694197293,1652.1000000000126,-1.006506849315041,0.1562187620058506,-140.10000000002492,0.9896170692121258,50.3,50.3,,,,,,,,,,
60m,random_direction,427,292,1263.5000000000118,52.054794520547944,1.0991563664900934,2309.900000000013,4.327054794520588,-0.4026872270369188,-140.10000000002492,0.9896170692121258,50.3,50.3,,,,,,,,,,
60m,random_direction,428,292,-3413.300000000022,45.89041095890411,0.7739431629280814,4211.9000000000215,-11.689383561643911,0.08379332997249878,-140.10000000002492,0.9896170692121258,50.3,50.3,,,,,,,,,,
60m,random_direction,429,292,2405.3000000000043,54.794520547945204,1.1977392305162777,1447.8999999999924,8.237328767123302,0.48233907929371866,-140.10000000002492,0.9896170692121258,50.3,50.3,,,,,,,,,,
60m,random_direction,430,292,-556.0999999999678,52.054794520547944,0.9592681301134599,2665.699999999971,-1.9044520547944104,-0.1243174029344682,-140.10000000002492,0.9896170692121258,50.3,50.3,,,,,,,,,,
60m,random_direction,431,292,-1503.8999999999946,45.20547945205479,0.893688764473852,2964.5999999999794,-5.150342465753407,0.024443669079733468,-140.10000000002492,0.9896170692121258,50.3,50.3,,,,,,,,,,
60m,random_direction,432,292,842.6999999999694,52.3972602739726,1.0650618036950943,3079.200000000016,2.885958904109484,0.2499473907262895,-140.10000000002492,0.9896170692121258,50.3,50.3,,,,,,,,,,
60m,random_direction,433,292,813.7000000000158,53.42465753424658,1.0627670898964823,1117.1000000000004,2.7866438356164926,-0.25755842411790714,-140.10000000002492,0.9896170692121258,50.3,50.3,,,,,,,,,,
60m,random_direction,434,292,1053.6999999999825,52.73972602739726,1.0820268103193245,2296.6000000000095,3.6085616438355568,0.02876658035552037,-140.10000000002492,0.9896170692121258,50.3,50.3,,,,,,,,,,
60m,random_direction,435,292,1505.9000000000124,52.054794520547944,1.1193103940039784,2436.000000000002,5.15719178082196,0.1338619549219553,-140.10000000002492,0.9896170692121258,50.3,50.3,,,,,,,,,,
60m,random_direction,436,292,557.0999999999983,53.082191780821915,1.0425504288649396,1943.5000000000155,1.9078767123287614,-0.6406579397309748,-140.10000000002492,0.9896170692121258,50.3,50.3,,,,,,,,,,
60m,random_direction,437,292,2116.10000000005,51.369863013698634,1.17178088419139,1386.1999999999953,7.246917808219349,-0.017617617822573397,-140.10000000002492,0.9896170692121258,50.3,50.3,,,,,,,,,,
60m,random_direction,438,292,1042.300000000016,49.65753424657534,1.0810466156059264,2318.800000000012,3.5695205479452605,-0.00908275601462535,-140.10000000002492,0.9896170692121258,50.3,50.3,,,,,,,,,,
60m,random_direction,439,292,1822.2999999999802,51.369863013698634,1.1461921685345466,2976.5000000000127,6.240753424657466,0.1665443304507221,-140.10000000002492,0.9896170692121258,50.3,50.3,,,,,,,,,,
60m,random_direction,440,292,-752.300000000015,51.02739726027398,0.9453023891579043,3163.4000000000206,-2.57636986301375,-0.4554732772828615,-140.10000000002492,0.9896170692121258,50.3,50.3,,,,,,,,,,
60m,random_direction,441,292,-7022.0999999999985,43.83561643835616,0.5847294747984886,7258.79999999999,-24.04828767123287,-0.4435290072074717,-140.10000000002492,0.9896170692121258,50.3,50.3,,,,,,,,,,
60m,random_direction,442,292,3924.499999999999,53.76712328767124,1.3440431314105372,1633.0999999999826,13.440068493150681,0.17788863370749983,-140.10000000002492,0.9896170692121258,50.3,50.3,,,,,,,,,,
60m,random_direction,443,292,-249.90000000000077,53.42465753424658,0.9814828536708261,1800.6000000000167,-0.8558219178082218,0.0025458905109309675,-140.10000000002492,0.9896170692121258,50.3,50.3,,,,,,,,,,
60m,random_direction,444,292,158.90000000002408,53.082191780821915,1.0119547390120243,1650.3999999999885,0.5441780821918633,0.2926348678564567,-140.10000000002492,0.9896170692121258,50.3,50.3,,,,,,,,,,
60m,random_direction,445,292,83.69999999999482,52.73972602739726,1.0062788813538974,1777.000000000019,0.2866438356164206,0.38985302314832526,-140.10000000002492,0.9896170692121258,50.3,50.3,,,,,,,,,,
60m,random_direction,446,292,1595.5000000000398,51.71232876712328,1.126849474077552,1972.1999999999916,5.464041095890547,0.6927734528565783,-140.10000000002492,0.9896170692121258,50.3,50.3,,,,,,,,,,
60m,random_direction,447,292,-1693.700000000008,49.65753424657534,0.8809609153716935,2915.500000000002,-5.800342465753452,-0.1459212900954911,-140.10000000002492,0.9896170692121258,50.3,50.3,,,,,,,,,,
60m,random_direction,448,292,-2612.300000000006,48.63013698630137,0.8221812290685324,3924.3000000000084,-8.94623287671235,0.22028296098716924,-140.10000000002492,0.9896170692121258,50.3,50.3,,,,,,,,,,
60m,random_direction,449,292,-4279.300000000002,46.57534246575342,0.7244476783495064,4626.499999999993,-14.655136986301377,-0.12214939152839166,-140.10000000002492,0.9896170692121258,50.3,50.3,,,,,,,,,,
60m,random_direction,450,292,-2189.6999999999807,51.369863013698634,0.8486888021283227,2662.900000000001,-7.49897260273966,-0.4911803240494756,-140.10000000002492,0.9896170692121258,50.3,50.3,,,,,,,,,,
60m,random_direction,451,292,1891.9000000000055,53.42465753424658,1.1522741723879821,1178.9000000000005,6.479109589041115,-0.09622545122915126,-140.10000000002492,0.9896170692121258,50.3,50.3,,,,,,,,,,
60m,random_direction,452,292,-3391.900000000031,48.97260273972603,0.7750669779039217,4187.200000000036,-11.616095890411065,-0.5454319780353486,-140.10000000002492,0.9896170692121258,50.3,50.3,,,,,,,,,,
60m,random_direction,453,292,-4647.700000000019,49.31506849315068,0.7040831269379404,4850.800000000016,-15.916780821917873,-0.9818122471075159,-140.10000000002492,0.9896170692121258,50.3,50.3,,,,,,,,,,
60m,random_direction,454,292,5758.100000000019,51.369863013698634,1.5485367526578535,1207.100000000005,19.71952054794527,0.8056270834629414,-140.10000000002492,0.9896170692121258,50.3,50.3,,,,,,,,,,
60m,random_direction,455,292,166.09999999997626,51.02739726027398,1.0124937944729422,2826.0000000000045,0.5688356164382748,0.4284465476190742,-140.10000000002492,0.9896170692121258,50.3,50.3,,,,,,,,,,
60m,random_direction,456,292,-1360.1000000000095,46.57534246575342,0.9033381423809757,3158.3000000000097,-4.657876712328799,-0.040115382092763836,-140.10000000002492,0.9896170692121258,50.3,50.3,,,,,,,,,,
60m,random_direction,457,292,-4029.3000000000193,45.89041095890411,0.7384743199475551,4846.200000000025,-13.798972602739791,-0.622025186457689,-140.10000000002492,0.9896170692121258,50.3,50.3,,,,,,,,,,
60m,random_direction,458,292,-484.29999999999495,50.34246575342466,0.9644466957377151,2480.599999999995,-1.6585616438355992,-0.5381474453122935,-140.10000000002492,0.9896170692121258,50.3,50.3,,,,,,,,,,
60m,random_direction,459,292,-290.7000000000194,50.68493150684932,0.9785048802129535,2069.099999999993,-0.9955479452055458,-0.3593861098195075,-140.10000000002492,0.9896170692121258,50.3,50.3,,,,,,,,,,
60m,random_direction,460,292,-964.8999999999786,50.68493150684932,0.9303859112454653,2033.9999999999884,-3.304452054794447,-0.19937793912147111,-140.10000000002492,0.9896170692121258,50.3,50.3,,,,,,,,,,
60m,random_direction,461,292,608.700000000009,48.97260273972603,1.046540611213482,1573.1999999999955,2.084589041095921,0.6099390319580109,-140.10000000002492,0.9896170692121258,50.3,50.3,,,,,,,,,,
60m,random_direction,462,292,941.099999999999,51.71232876712328,1.0729269180996068,3165.8000000000175,3.2229452054794487,0.18166370296222778,-140.10000000002492,0.9896170692121258,50.3,50.3,,,,,,,,,,
60m,random_direction,463,292,2967.7000000000094,55.47945205479452,1.2497895764594984,1326.5999999999976,10.163356164383593,-0.15298151852978267,-140.10000000002492,0.9896170692121258,50.3,50.3,,,,,,,,,,
60m,random_direction,464,292,-5510.70000000003,44.52054794520548,0.6588139874687323,5920.5000000000155,-18.872260273972707,0.1925208280780106,-140.10000000002492,0.9896170692121258,50.3,50.3,,,,,,,,,,
60m,random_direction,465,292,-1763.899999999997,50.0,0.876323428363086,2265.7999999999965,-6.040753424657524,-0.4251872510775546,-140.10000000002492,0.9896170692121258,50.3,50.3,,,,,,,,,,
60m,random_direction,466,292,-1120.4999999999936,45.20547945205479,0.9197056231144619,2924.800000000002,-3.8373287671232656,-0.2201944722360079,-140.10000000002492,0.9896170692121258,50.3,50.3,,,,,,,,,,
60m,random_direction,467,292,897.5000000000293,52.73972602739726,1.0694471311951121,2484.5999999999913,3.073630136986402,-0.20246422044469875,-140.10000000002492,0.9896170692121258,50.3,50.3,,,,,,,,,,
60m,random_direction,468,292,1984.9000000000174,49.65753424657534,1.1602172930388754,1376.7999999999988,6.797602739726087,0.7523112859174746,-140.10000000002492,0.9896170692121258,50.3,50.3,,,,,,,,,,
60m,random_direction,469,292,-100.89999999998008,47.26027397260274,0.9924920567597548,2139.4000000000065,-0.34554794520541127,0.3430058518007812,-140.10000000002492,0.9896170692121258,50.3,50.3,,,,,,,,,,
60m,random_direction,470,292,1002.7000000000063,51.369863013698634,1.0778802165453716,1638.6999999999957,3.433904109589063,0.4352565123140839,-140.10000000002492,0.9896170692121258,50.3,50.3,,,,,,,,,,
60m,random_direction,471,292,2455.2999999999984,52.054794520547944,1.2021388701364988,1618.5000000000048,8.408561643835611,0.21599414205164516,-140.10000000002492,0.9896170692121258,50.3,50.3,,,,,,,,,,
60m,random_direction,472,292,2770.8999999999874,51.02739726027398,1.2310662285895349,1953.0000000000095,9.489383561643793,0.5770890765702223,-140.10000000002492,0.9896170692121258,50.3,50.3,,,,,,,,,,
60m,random_direction,473,292,578.0999999999796,50.68493150684932,1.0441661828071982,2075.9000000000005,1.9797945205478753,0.054894221526493675,-140.10000000002492,0.9896170692121258,50.3,50.3,,,,,,,,,,
60m,random_direction,474,292,-222.5000000000323,49.65753424657534,0.9835093570502107,3154.4000000000174,-0.7619863013699736,0.32743186366090793,-140.10000000002492,0.9896170692121258,50.3,50.3,,,,,,,,,,
60m,random_direction,475,292,-715.3000000000463,50.34246575342466,0.9479300881541465,3363.8000000000184,-2.449657534246734,-0.22879253025297244,-140.10000000002492,0.9896170692121258,50.3,50.3,,,,,,,,,,
60m,random_direction,476,292,2344.1000000000445,51.369863013698634,1.192066925585439,1342.799999999998,8.02773972602755,0.6173696640987242,-140.10000000002492,0.9896170692121258,50.3,50.3,,,,,,,,,,
60m,random_direction,477,292,587.3000000000063,51.02739726027398,1.0448882570546338,2128.7999999999975,2.0113013698630353,0.24604692299216693,-140.10000000002492,0.9896170692121258,50.3,50.3,,,,,,,,,,
60m,random_direction,478,292,228.09999999998547,49.65753424657534,1.0171922578311061,3485.200000000017,0.7811643835615941,0.24064215893704408,-140.10000000002492,0.9896170692121258,50.3,50.3,,,,,,,,,,
60m,random_direction,479,292,2316.6999999999935,52.3972602739726,1.1896618064822462,1488.4000000000053,7.933904109589019,0.9391305566824357,-140.10000000002492,0.9896170692121258,50.3,50.3,,,,,,,,,,
60m,random_direction,480,292,4659.300000000027,53.76712328767124,1.4220533352657732,847.0000000000009,15.95650684931516,0.7191377137347685,-140.10000000002492,0.9896170692121258,50.3,50.3,,,,,,,,,,
60m,random_direction,481,292,708.3000000000014,47.6027397260274,1.0543462414928144,1393.2000000000057,2.4256849315068543,0.6348774394856115,-140.10000000002492,0.9896170692121258,50.3,50.3,,,,,,,,,,
60m,random_direction,482,292,-1326.49999999998,52.054794520547944,0.9055031166518269,2710.899999999998,-4.5428082191780135,-0.3740145481775054,-140.10000000002492,0.9896170692121258,50.3,50.3,,,,,,,,,,
60m,random_direction,483,292,2208.5000000000423,50.34246575342466,1.179912670870199,1654.3000000000027,7.563356164383706,0.4742689649109535,-140.10000000002492,0.9896170692121258,50.3,50.3,,,,,,,,,,
60m,random_direction,484,292,-4514.900000000011,46.23287671232877,0.7114840210368909,5083.500000000015,-15.4619863013699,-0.48457275904136277,-140.10000000002492,0.9896170692121258,50.3,50.3,,,,,,,,,,
60m,random_direction,485,292,1554.7000000000014,50.0,1.1233604963936874,2344.3999999999983,5.3243150684931555,0.17127828867090542,-140.10000000002492,0.9896170692121258,50.3,50.3,,,,,,,,,,
60m,random_direction,486,292,2814.0999999999694,51.369863013698634,1.2351117869197576,2250.800000000017,9.637328767123183,0.810861927552794,-140.10000000002492,0.9896170692121258,50.3,50.3,,,,,,,,,,
60m,random_direction,487,292,-1858.8999999999583,48.63013698630137,0.8701350416722001,2855.4999999999786,-6.366095890410816,-0.36339759764220514,-140.10000000002492,0.9896170692121258,50.3,50.3,,,,,,,,,,
60m,random_direction,488,292,-3233.699999999997,47.94520547945205,0.7844645439942415,5060.3,-11.07431506849314,-0.06218754200463637,-140.10000000002492,0.9896170692121258,50.3,50.3,,,,,,,,,,
60m,random_direction,489,292,-2714.699999999983,47.6027397260274,0.8158851376097024,3481.099999999983,-9.29691780821912,-0.022857621747077263,-140.10000000002492,0.9896170692121258,50.3,50.3,,,,,,,,,,
60m,random_direction,490,292,-1790.2999999999915,49.65753424657534,0.8745972373987847,2582.3999999999987,-6.1311643835616145,-0.5703284909262863,-140.10000000002492,0.9896170692121258,50.3,50.3,,,,,,,,,,
60m,random_direction,491,292,-847.900000000011,48.28767123287671,0.9386006835824345,2673.7999999999934,-2.903767123287709,-0.3382539766182029,-140.10000000002492,0.9896170692121258,50.3,50.3,,,,,,,,,,
60m,random_direction,492,292,-1326.5000000000143,50.0,0.9055461801921109,2526.199999999991,-4.542808219178132,-0.046396792733574145,-140.10000000002492,0.9896170692121258,50.3,50.3,,,,,,,,,,
60m,random_direction,493,292,-3167.5000000000196,50.68493150684932,0.7883026787146438,3378.300000000021,-10.847602739726094,-0.5561639241590391,-140.10000000002492,0.9896170692121258,50.3,50.3,,,,,,,,,,
60m,random_direction,494,292,-815.0999999999625,53.082191780821915,0.9408439051296221,2405.799999999977,-2.7914383561642553,-0.6639690344196775,-140.10000000002492,0.9896170692121258,50.3,50.3,,,,,,,,,,
60m,random_direction,495,292,4310.499999999989,52.3972602739726,1.3842348284960408,1454.8000000000025,14.761986301369825,0.2200103652575555,-140.10000000002492,0.9896170692121258,50.3,50.3,,,,,,,,,,
60m,random_direction,496,292,-3865.500000000016,48.28767123287671,0.7476564132024222,3939.8000000000147,-13.23801369863019,-0.5929635939910273,-140.10000000002492,0.9896170692121258,50.3,50.3,,,,,,,,,,
60m,random_direction,497,292,-2609.7000000000075,46.23287671232877,0.8224271084952194,4593.30000000001,-8.937328767123313,-0.5775694975259247,-140.10000000002492,0.9896170692121258,50.3,50.3,,,,,,,,,,
60m,random_direction,498,292,5758.300000000001,55.13698630136986,1.549115529490297,2219.1000000000035,19.72020547945206,0.34591429542693736,-140.10000000002492,0.9896170692121258,50.3,50.3,,,,,,,,,,
60m,random_direction,499,292,-1720.7000000000094,47.94520547945205,0.8792203051956252,3613.2999999999934,-5.892808219178114,-0.5001931394686063,-140.10000000002492,0.9896170692121258,50.3,50.3,,,,,,,,,,
60m,random_direction,500,292,1277.2999999999984,50.68493150684932,1.100259026687598,1715.0000000000011,4.374315068493145,-0.00544658608838907,-140.10000000002492,0.9896170692121258,50.3,50.3,,,,,,,,,,
60m,random_direction,501,292,102.49999999997385,49.31506849315068,1.0076886148491513,1582.8999999999987,0.35102739726018445,-0.09482181785228683,-140.10000000002492,0.9896170692121258,50.3,50.3,,,,,,,,,,
60m,random_direction,502,292,-1100.899999999986,45.89041095890411,0.9210411182912934,2111.000000000001,-3.770205479452007,-0.227219145948802,-140.10000000002492,0.9896170692121258,50.3,50.3,,,,,,,,,,
60m,random_direction,503,292,-3778.1000000000076,46.917808219178085,0.7527146344815847,4863.199999999998,-12.938698630137013,0.14490671346621065,-140.10000000002492,0.9896170692121258,50.3,50.3,,,,,,,,,,
60m,random_direction,504,292,-1565.500000000001,49.31506849315068,0.889484236237593,5047.899999999999,-5.361301369863017,-0.06421456628720834,-140.10000000002492,0.9896170692121258,50.3,50.3,,,,,,,,,,
60m,random_direction,505,292,-1004.9000000000244,47.6027397260274,0.927651425156769,2513.6000000000167,-3.441438356164467,-0.017783488533165193,-140.10000000002492,0.9896170692121258,50.3,50.3,,,,,,,,,,
60m,random_direction,506,292,1657.2999999999736,51.02739726027398,1.1320663001035918,2994.100000000034,5.675684931506759,0.170314651459478,-140.10000000002492,0.9896170692121258,50.3,50.3,,,,,,,,,,
60m,random_direction,507,292,1922.9000000000228,53.082191780821915,1.1549451257836314,1818.2000000000053,6.585273972602818,-0.1422993120440862,-140.10000000002492,0.9896170692121258,50.3,50.3,,,,,,,,,,
60m,random_direction,508,292,205.9000000000069,51.71232876712328,1.0155135131062443,3425.9000000000015,0.7051369863013935,-0.31207331192317284,-140.10000000002492,0.9896170692121258,50.3,50.3,,,,,,,,,,
60m,random_direction,509,292,-469.9000000000135,47.94520547945205,0.9655033182592344,2517.69999999999,-1.609246575342512,0.20471286563779797,-140.10000000002492,0.9896170692121258,50.3,50.3,,,,,,,,,,
60m,random_direction,510,292,985.4999999999948,47.94520547945205,1.0764338620234997,2146.900000000008,3.3749999999999822,0.009369299928822242,-140.10000000002492,0.9896170692121258,50.3,50.3,,,,,,,,,,
60m,random_direction,511,292,-5361.3000000000275,44.178082191780824,0.6665422723116814,5409.2000000000235,-18.36061643835626,-0.1651547267306562,-140.10000000002492,0.9896170692121258,50.3,50.3,,,,,,,,,,
60m,random_direction,512,292,715.700000000014,48.97260273972603,1.0549464891673204,2595.4999999999986,2.451027397260322,0.522876308635174,-140.10000000002492,0.9896170692121258,50.3,50.3,,,,,,,,,,
60m,random_direction,513,292,272.5000000000091,50.34246575342466,1.0205762870561947,2874.1000000000013,0.9332191780822229,0.12436251379488433,-140.10000000002492,0.9896170692121258,50.3,50.3,,,,,,,,,,
60m,random_direction,514,292,888.9000000000451,50.68493150684932,1.068724776174796,2209.7,3.0441780821919355,-0.5943299911290874,-140.10000000002492,0.9896170692121258,50.3,50.3,,,,,,,,,,
60m,random_direction,515,292,-3343.9000000000087,46.57534246575342,0.7779939185510742,5374.700000000009,-11.451712328767153,-0.6200233125818662,-140.10000000002492,0.9896170692121258,50.3,50.3,,,,,,,,,,
60m,random_direction,516,292,2116.8999999999687,54.45205479452054,1.1719826465618066,1503.6000000000145,7.249657534246468,0.23011518505778064,-140.10000000002492,0.9896170692121258,50.3,50.3,,,,,,,,,,
60m,random_direction,517,292,-5082.699999999993,41.78082191780822,0.6812474914710019,5478.699999999977,-17.406506849315047,0.21588612453512704,-140.10000000002492,0.9896170692121258,50.3,50.3,,,,,,,,,,
60m,random_direction,518,292,-1019.5000000000092,47.94520547945205,0.9266335636154283,2656.2999999999993,-3.491438356164415,0.09155861871127204,-140.10000000002492,0.9896170692121258,50.3,50.3,,,,,,,,,,
60m,random_direction,519,292,-2845.099999999981,47.26027397260274,0.8079088797666644,3473.9999999999786,-9.743493150684866,-0.29000432721315983,-140.10000000002492,0.9896170692121258,50.3,50.3,,,,,,,,,,
60m,random_direction,520,292,-1438.499999999989,55.821917808219176,0.8978548452378424,4178.699999999993,-4.926369863013662,-0.9980803743460195,-140.10000000002492,0.9896170692121258,50.3,50.3,,,,,,,,,,
60m,random_direction,521,292,-1482.0999999999954,49.31506849315068,0.8950629084446714,1791.1999999999798,-5.075684931506833,-0.4202912990359384,-140.10000000002492,0.9896170692121258,50.3,50.3,,,,,,,,,,
60m,random_direction,522,292,-1667.0999999999951,47.26027397260274,0.8827785512382403,3872.2000000000025,-5.7092465753424495,0.20505634174701884,-140.10000000002492,0.9896170692121258,50.3,50.3,,,,,,,,,,
60m,random_direction,523,292,-1127.0999999999829,46.917808219178085,0.9192228306051671,4049.199999999996,-3.8599315068492563,-0.06332993771329457,-140.10000000002492,0.9896170692121258,50.3,50.3,,,,,,,,,,
60m,random_direction,524,292,319.700000000022,50.0,1.02418232428671,2041.3999999999942,1.0948630136987054,0.19961928224193046,-140.10000000002492,0.9896170692121258,50.3,50.3,,,,,,,,,,
60m,random_direction,525,292,3262.700000000017,52.3972602739726,1.2778681474037439,1586.0000000000095,11.17363013698636,0.636883647989857,-140.10000000002492,0.9896170692121258,50.3,50.3,,,,,,,,,,
60m,random_direction,526,292,1731.5000000000355,48.28767123287671,1.1383042453772148,1215.6999999999928,5.929794520548067,0.3293936623192091,-140.10000000002492,0.9896170692121258,50.3,50.3,,,,,,,,,,
60m,random_direction,527,292,-155.29999999998427,53.082191780821915,0.9884529306357964,3698.8000000000006,-0.5318493150684392,-0.8923622915869778,-140.10000000002492,0.9896170692121258,50.3,50.3,,,,,,,,,,
60m,random_direction,528,292,-459.69999999999936,50.34246575342466,0.9662211314488101,3182.6999999999975,-1.5743150684931484,-0.250116559802541,-140.10000000002492,0.9896170692121258,50.3,50.3,,,,,,,,,,
60m,random_direction,529,292,2267.8999999999965,52.054794520547944,1.1852753518998094,1165.5000000000107,7.766780821917796,0.30441308330729916,-140.10000000002492,0.9896170692121258,50.3,50.3,,,,,,,,,,
60m,random_direction,530,292,79.29999999998199,50.68493150684932,1.0059451516650908,2232.500000000014,0.27157534246569176,0.3269942148403973,-140.10000000002492,0.9896170692121258,50.3,50.3,,,,,,,,,,
60m,random_direction,531,292,2097.0999999999535,53.42465753424658,1.1701956710518797,2299.0000000000246,7.181849315068334,-0.1452882647301115,-140.10000000002492,0.9896170692121258,50.3,50.3,,,,,,,,,,
60m,random_direction,532,292,3004.1000000000013,52.054794520547944,1.2530365054497061,1749.1999999999957,10.288013698630142,0.7069726864551081,-140.10000000002492,0.9896170692121258,50.3,50.3,,,,,,,,,,
60m,random_direction,533,292,375.0999999999905,50.68493150684932,1.0284367016155314,2059.900000000003,1.2845890410958578,0.15186017999669715,-140.10000000002492,0.9896170692121258,50.3,50.3,,,,,,,,,,
60m,random_direction,534,292,1318.2999999999583,51.71232876712328,1.1036717232484767,1770.9000000000026,4.514726027397118,0.3845938483255396,-140.10000000002492,0.9896170692121258,50.3,50.3,,,,,,,,,,
60m,random_direction,535,292,2443.299999999981,52.054794520547944,1.2010516268123677,1641.199999999992,8.367465753424593,0.2467397892539394,-140.10000000002492,0.9896170692121258,50.3,50.3,,,,,,,,,,
60m,random_direction,536,292,-2776.700000000018,49.65753424657534,0.8119989708590609,4047.000000000011,-9.509246575342527,-1.0540629481654669,-140.10000000002492,0.9896170692121258,50.3,50.3,,,,,,,,,,
60m,random_direction,537,292,-888.3000000000193,45.20547945205479,0.9358109084602697,2465.9000000000137,-3.042123287671299,0.5572172687087155,-140.10000000002492,0.9896170692121258,50.3,50.3,,,,,,,,,,
60m,random_direction,538,292,-1027.1000000000313,50.0,0.9260749399012488,2549.5000000000027,-3.517465753424765,-0.4003713230832631,-140.10000000002492,0.9896170692121258,50.3,50.3,,,,,,,,,,
60m,random_direction,539,292,-1985.9000000000046,44.52054794520548,0.8619906043253458,3358.2999999999793,-6.80102739726029,0.030270258148251652,-140.10000000002492,0.9896170692121258,50.3,50.3,,,,,,,,,,
60m,random_direction,540,292,44.89999999999998,47.6027397260274,1.0033595714114687,1370.500000000006,0.15376712328767114,0.6448986903160665,-140.10000000002492,0.9896170692121258,50.3,50.3,,,,,,,,,,
60m,random_direction,541,292,4026.1000000000067,53.082191780821915,1.3544663767146206,1598.899999999999,13.78801369863016,0.309527448450599,-140.10000000002492,0.9896170692121258,50.3,50.3,,,,,,,,,,
60m,random_direction,542,292,-3111.1000000000404,47.26027397260274,0.7918133272661549,4315.5000000000355,-10.654452054794659,0.2894021525961154,-140.10000000002492,0.9896170692121258,50.3,50.3,,,,,,,,,,
60m,random_direction,543,292,191.8999999999687,52.73972602739726,1.0144538929101334,2633.80000000001,0.6571917808218106,-0.26870898840913293,-140.10000000002492,0.9896170692121258,50.3,50.3,,,,,,,,,,
60m,random_direction,544,292,733.500000000002,47.6027397260274,1.056332511577541,2065.900000000003,2.5119863013698702,0.6430367226132857,-140.10000000002492,0.9896170692121258,50.3,50.3,,,,,,,,,,
60m,random_direction,545,292,2078.9000000000033,53.42465753424658,1.1685886207343976,1636.0999999999926,7.119520547945217,0.04278093916731977,-140.10000000002492,0.9896170692121258,50.3,50.3,,,,,,,,,,
60m,random_direction,546,292,116.29999999996289,48.28767123287671,1.0087263177640189,2575.9000000000137,0.3982876712327496,0.5549260451337832,-140.10000000002492,0.9896170692121258,50.3,50.3,,,,,,,,,,
60m,random_direction,547,292,-4947.100000000004,48.28767123287671,0.6880611884584341,6716.600000000009,-16.942123287671247,-0.8915932883234247,-140.10000000002492,0.9896170692121258,50.3,50.3,,,,,,,,,,
60m,random_direction,548,292,-1949.8999999999924,47.26027397260274,0.8642471246762654,3039.4999999999927,-6.677739726027371,0.5402753054403924,-140.10000000002492,0.9896170692121258,50.3,50.3,,,,,,,,,,
60m,random_direction,549,292,-5547.500000000004,45.54794520547945,0.6568712347068792,6891.399999999999,-18.998287671232887,-0.9193786080450566,-140.10000000002492,0.9896170692121258,50.3,50.3,,,,,,,,,,
60m,random_direction,550,292,-1708.8999999999755,49.65753424657534,0.879960101432276,2558.100000000002,-5.8523972602738885,-0.5903037652813474,-140.10000000002492,0.9896170692121258,50.3,50.3,,,,,,,,,,
60m,random_direction,551,292,102.50000000000773,48.28767123287671,1.007686885049197,2784.8999999999915,0.35102739726030047,0.6834212469860745,-140.10000000002492,0.9896170692121258,50.3,50.3,,,,,,,,,,
60m,random_direction,552,292,-2411.299999999987,53.42465753424658,0.8345739316561827,3238.499999999999,-8.257876712328722,-0.6131824204712215,-140.10000000002492,0.9896170692121258,50.3,50.3,,,,,,,,,,
60m,random_direction,553,292,-1468.1000000000051,48.63013698630137,0.8960143926676721,2859.399999999997,-5.027739726027415,0.17934266833748583,-140.10000000002492,0.9896170692121258,50.3,50.3,,,,,,,,,,
60m,random_direction,554,292,874.6999999999834,48.63013698630137,1.0675584870976944,2807.6000000000095,2.9955479452054226,0.19729620824809305,-140.10000000002492,0.9896170692121258,50.3,50.3,,,,,,,,,,
60m,random_direction,555,292,2098.100000000015,54.109589041095894,1.1703058540861726,1242.7000000000012,7.185273972602791,0.20566138373222878,-140.10000000002492,0.9896170692121258,50.3,50.3,,,,,,,,,,
60m,random_direction,556,292,2857.9000000000337,52.73972602739726,1.2392809598365697,1766.599999999994,9.787328767123403,0.04854387286195154,-140.10000000002492,0.9896170692121258,50.3,50.3,,,,,,,,,,
60m,random_direction,557,292,1563.4999999999782,55.47945205479452,1.1242598847605783,2844.599999999999,5.354452054794446,-0.2709136609129673,-140.10000000002492,0.9896170692121258,50.3,50.3,,,,,,,,,,
60m,random_direction,558,292,2390.300000000001,51.71232876712328,1.1962463362369766,1205.899999999998,8.185958904109592,0.11027228761472492,-140.10000000002492,0.9896170692121258,50.3,50.3,,,,,,,,,,
60m,random_direction,559,292,1879.700000000024,51.02739726027398,1.15113287343014,1720.6000000000013,6.437328767123369,0.5418545644579567,-140.10000000002492,0.9896170692121258,50.3,50.3,,,,,,,,,,
60m,random_direction,560,292,1311.89999999999,48.97260273972603,1.103077636262207,1797.5999999999913,4.492808219178048,0.1671045343481042,-140.10000000002492,0.9896170692121258,50.3,50.3,,,,,,,,,,
60m,random_direction,561,292,-482.7000000000237,44.86301369863014,0.9646036518295795,2670.0999999999904,-1.653082191780903,0.10532691674606832,-140.10000000002492,0.9896170692121258,50.3,50.3,,,,,,,,,,
60m,random_direction,562,292,-1563.9000000000165,50.34246575342466,0.8895644436912117,3459.6000000000167,-5.355821917808275,-0.612000451001798,-140.10000000002492,0.9896170692121258,50.3,50.3,,,,,,,,,,
60m,random_direction,563,292,-1237.6999999999712,47.6027397260274,0.9116338842680204,3187.8999999999946,-4.238698630136888,0.21668197794412247,-140.10000000002492,0.9896170692121258,50.3,50.3,,,,,,,,,,
60m,random_direction,564,292,-181.69999999999345,50.68493150684932,0.9865102639296193,2506.499999999998,-0.6222602739725803,-0.29112546840418246,-140.10000000002492,0.9896170692121258,50.3,50.3,,,,,,,,,,
60m,random_direction,565,292,2053.7000000000335,49.65753424657534,1.166232273521987,1872.2999999999975,7.033219178082306,0.9707510830520859,-140.10000000002492,0.9896170692121258,50.3,50.3,,,,,,,,,,
60m,random_direction,566,292,-1456.4999999999977,48.63013698630137,0.8967965478392113,3621.5000000000095,-4.988013698630129,0.11048490428632883,-140.10000000002492,0.9896170692121258,50.3,50.3,,,,,,,,,,
60m,random_direction,567,292,-3058.8999999999987,48.28767123287671,0.7949125383001122,3483.799999999997,-10.475684931506844,-0.5752681007564894,-140.10000000002492,0.9896170692121258,50.3,50.3,,,,,,,,,,
60m,random_direction,568,292,1321.1000000000029,53.76712328767124,1.1039524105534007,1502.1000000000065,4.52431506849316,-0.05956344236930283,-140.10000000002492,0.9896170692121258,50.3,50.3,,,,,,,,,,
60m,random_direction,569,292,-2228.7000000000276,48.28767123287671,0.8462923115120399,3698.800000000025,-7.632534246575437,0.19099015399657174,-140.10000000002492,0.9896170692121258,50.3,50.3,,,,,,,,,,
60m,random_direction,570,292,845.4999999999941,49.31506849315068,1.0652417145723208,2128.6000000000176,2.8955479452054593,-0.08224027688041595,-140.10000000002492,0.9896170692121258,50.3,50.3,,,,,,,,,,
60m,random_direction,571,292,-1940.100000000013,51.02739726027398,0.8647759508757736,4790.7,-6.644178082191826,-0.5763593982553055,-140.10000000002492,0.9896170692121258,50.3,50.3,,,,,,,,,,
60m,random_direction,572,292,-206.89999999999463,47.94520547945205,0.9846623720319951,2160.4999999999955,-0.708561643835598,0.5361608730851423,-140.10000000002492,0.9896170692121258,50.3,50.3,,,,,,,,,,
60m,random_direction,573,292,-1097.5000000000118,48.63013698630137,0.921232434294572,2326.500000000001,-3.758561643835657,0.05405490953008421,-140.10000000002492,0.9896170692121258,50.3,50.3,,,,,,,,,,
60m,random_direction,574,292,-2282.2999999999906,46.57534246575342,0.8429444390921984,2818.999999999998,-7.816095890410927,-0.0644796610163354,-140.10000000002492,0.9896170692121258,50.3,50.3,,,,,,,,,,
60m,random_direction,575,292,1490.7000000000057,47.26027397260274,1.1179080748878822,1844.3999999999949,5.10513698630139,0.9939041192398899,-140.10000000002492,0.9896170692121258,50.3,50.3,,,,,,,,,,
60m,random_direction,576,292,-128.49999999998954,50.68493150684932,0.9904410506661517,2992.3999999999887,-0.4400684931506491,0.00017687241055023428,-140.10000000002492,0.9896170692121258,50.3,50.3,,,,,,,,,,
60m,random_direction,577,292,427.1000000000088,50.0,1.032437892562298,3021.6999999999953,1.4626712328767424,0.9279338288100932,-140.10000000002492,0.9896170692121258,50.3,50.3,,,,,,,,,,
60m,random_direction,578,292,2262.6999999999744,51.369863013698634,1.1847810996872243,2020.5999999999942,7.748972602739638,0.6249624264714848,-140.10000000002492,0.9896170692121258,50.3,50.3,,,,,,,,,,
60m,random_direction,579,292,845.4999999999803,54.109589041095894,1.0653122706732052,2218.8000000000015,2.8955479452054123,0.017535521731091044,-140.10000000002492,0.9896170692121258,50.3,50.3,,,,,,,,,,
60m,random_direction,580,292,1625.9000000000028,51.02739726027398,1.129406333818836,1855.499999999994,5.568150684931516,-0.044721673815129696,-140.10000000002492,0.9896170692121258,50.3,50.3,,,,,,,,,,
60m,random_direction,581,292,-404.49999999996874,48.28767123287671,0.9702299908003701,1911.0000000000036,-1.3852739726026326,0.08518019969049018,-140.10000000002492,0.9896170692121258,50.3,50.3,,,,,,,,,,
60m,random_direction,582,292,-1509.8999999999687,46.917808219178085,0.8932495298426233,2650.6999999999703,-5.170890410958797,0.6235109059122933,-140.10000000002492,0.9896170692121258,50.3,50.3,,,,,,,,,,
60m,random_direction,583,292,-5784.499999999987,47.94520547945205,0.6446539914611306,6161.999999999987,-19.80993150684927,-0.6543396917680312,-140.10000000002492,0.9896170692121258,50.3,50.3,,,,,,,,,,
60m,random_direction,584,292,1611.2999999999815,52.3972602739726,1.128206556333544,1852.200000000017,5.5181506849314435,0.1481065216435005,-140.10000000002492,0.9896170692121258,50.3,50.3,,,,,,,,,,
60m,random_direction,585,292,2446.0999999999717,55.47945205479452,1.2014643869012296,1160.300000000006,8.37705479452045,0.08465873680548687,-140.10000000002492,0.9896170692121258,50.3,50.3,,,,,,,,,,
60m,random_direction,586,292,1600.700000000002,51.369863013698634,1.1272790884441373,2168.3999999999974,5.481849315068501,0.09061433722528191,-140.10000000002492,0.9896170692121258,50.3,50.3,,,,,,,,,,
60m,random_direction,587,292,-3535.0999999999926,48.63013698630137,0.7666877862696188,3922.9000000000005,-12.106506849315043,-0.47698891134481525,-140.10000000002492,0.9896170692121258,50.3,50.3,,,,,,,,,,
60m,random_direction,588,292,4068.2999999999784,54.109589041095894,1.358943365595854,1181.5,13.932534246575269,0.37187369580045054,-140.10000000002492,0.9896170692121258,50.3,50.3,,,,,,,,,,
60m,random_direction,589,292,-2431.5000000000146,45.20547945205479,0.8335728952772066,3501.6000000000154,-8.327054794520597,-0.5133015473814763,-140.10000000002492,0.9896170692121258,50.3,50.3,,,,,,,,,,
60m,random_direction,590,292,-6020.900000000032,43.49315068493151,0.6330979092144458,7079.500000000022,-20.619520547945317,-0.4030143859669889,-140.10000000002492,0.9896170692121258,50.3,50.3,,,,,,,,,,
60m,random_direction,591,292,1261.1000000000145,48.28767123287671,1.0988702558192422,2035.1000000000076,4.318835616438406,0.34362440204357103,-140.10000000002492,0.9896170692121258,50.3,50.3,,,,,,,,,,
60m,random_direction,592,292,-2558.8999999999696,47.6027397260274,0.8255299419774065,4085.099999999986,-8.763356164383458,-0.359268465170446,-140.10000000002492,0.9896170692121258,50.3,50.3,,,,,,,,,,
60m,random_direction,593,292,-3226.899999999985,45.20547945205479,0.7849837083630412,3676.499999999988,-11.051027397260222,-0.23705493836572158,-140.10000000002492,0.9896170692121258,50.3,50.3,,,,,,,,,,
60m,random_direction,594,292,-386.89999999999554,50.0,0.9714963495583375,3431.2000000000176,-1.3249999999999846,-0.06313322992374457,-140.10000000002492,0.9896170692121258,50.3,50.3,,,,,,,,,,
60m,random_direction,595,292,-2095.8999999999905,51.02739726027398,0.8547056539943994,3730.40000000001,-7.177739726027365,-0.8235591254462205,-140.10000000002492,0.9896170692121258,50.3,50.3,,,,,,,,,,
60m,random_direction,596,292,2628.6999999999966,55.821917808219176,1.2181620509075213,1255.1000000000056,9.00239726027396,-0.12116407779918467,-140.10000000002492,0.9896170692121258,50.3,50.3,,,,,,,,,,
60m,random_direction,597,292,2127.1000000000345,52.73972602739726,1.1728071101867752,951.9999999999945,7.284589041096009,-0.3326644106469018,-140.10000000002492,0.9896170692121258,50.3,50.3,,,,,,,,,,
60m,random_direction,598,292,1934.9000000000262,47.94520547945205,1.1558041034560524,2023.100000000004,6.626369863013789,-0.36811478515724244,-140.10000000002492,0.9896170692121258,50.3,50.3,,,,,,,,,,
60m,random_direction,599,292,1190.3000000000234,49.31506849315068,1.0930830889540588,1713.5000000000077,4.076369863013778,0.753479265345516,-140.10000000002492,0.9896170692121258,50.3,50.3,,,,,,,,,,
60m,random_direction,600,292,2662.899999999975,53.082191780821915,1.2211674224680629,1728.700000000012,9.11952054794512,0.3726725853509205,-140.10000000002492,0.9896170692121258,50.3,50.3,,,,,,,,,,
60m,random_direction,601,292,-1325.6999999999985,45.20547945205479,0.9056944691445847,2944.599999999999,-4.54006849315068,0.5427394138674553,-140.10000000002492,0.9896170692121258,50.3,50.3,,,,,,,,,,
60m,random_direction,602,292,-808.7000000000087,48.28767123287671,0.941354354005917,2256.500000000002,-2.7695205479452354,0.02140742276890426,-140.10000000002492,0.9896170692121258,50.3,50.3,,,,,,,,,,
60m,random_direction,603,292,2879.8999999999587,51.71232876712328,1.241284549712204,2069.3000000000193,9.86267123287657,0.46184386507495395,-140.10000000002492,0.9896170692121258,50.3,50.3,,,,,,,,,,
60m,random_direction,604,292,-1177.8999999999758,47.6027397260274,0.9157210114337248,2331.1999999999985,-4.033904109588958,-0.00554564285229361,-140.10000000002492,0.9896170692121258,50.3,50.3,,,,,,,,,,
60m,random_direction,605,292,-4025.8999999999996,46.57534246575342,0.7386322322634259,5189.800000000013,-13.787328767123286,0.5795238136443173,-140.10000000002492,0.9896170692121258,50.3,50.3,,,,,,,,,,
60m,random_direction,606,292,-2086.4999999999427,45.54794520547945,0.8554745132265275,3178.9000000000046,-7.1455479452052835,-0.5027026206286431,-140.10000000002492,0.9896170692121258,50.3,50.3,,,,,,,,,,
60m,random_direction,607,292,-2663.4999999999973,47.94520547945205,0.8190360365257096,3761.7999999999784,-9.121575342465745,0.012440161213882835,-140.10000000002492,0.9896170692121258,50.3,50.3,,,,,,,,,,
60m,random_direction,608,292,-2209.299999999975,48.28767123287671,0.8475324872500933,2154.499999999998,-7.566095890410874,0.02487780172994732,-140.10000000002492,0.9896170692121258,50.3,50.3,,,,,,,,,,
60m,random_direction,609,292,2021.699999999977,54.45205479452054,1.1636156161988909,2134.6000000000104,6.9236301369862225,-0.029708048811457232,-140.10000000002492,0.9896170692121258,50.3,50.3,,,,,,,,,,
60m,random_direction,610,292,-2066.7000000000216,49.65753424657534,0.8566245334591303,2996.000000000009,-7.077739726027471,-0.7068326698429137,-140.10000000002492,0.9896170692121258,50.3,50.3,,,,,,,,,,
60m,random_direction,611,292,-315.5000000000498,51.02739726027398,0.9766907516586103,2316.500000000011,-1.080479452054965,0.0898430930160421,-140.10000000002492,0.9896170692121258,50.3,50.3,,,,,,,,,,
60m,random_direction,612,292,-707.4999999999943,51.71232876712328,0.9484682506154678,2223.999999999988,-2.4229452054794325,-0.2345683529142295,-140.10000000002492,0.9896170692121258,50.3,50.3,,,,,,,,,,
60m,random_direction,613,292,-3709.7000000000194,46.57534246575342,0.7566627965707005,4586.600000000026,-12.704452054794587,-0.5860247169355528,-140.10000000002492,0.9896170692121258,50.3,50.3,,,,,,,,,,
60m,random_direction,614,292,1905.500000000005,51.71232876712328,1.1533860853745908,1110.5000000000016,6.525684931506866,0.49335143180867796,-140.10000000002492,0.9896170692121258,50.3,50.3,,,,,,,,,,
60m,random_direction,615,292,1881.5000000000268,54.109589041095894,1.1513981090323901,2922.7999999999993,6.443493150685024,-0.3006216082869325,-140.10000000002492,0.9896170692121258,50.3,50.3,,,,,,,,,,
60m,random_direction,616,292,1287.1000000000056,51.369863013698634,1.1010830041388193,2127.2999999999956,4.407876712328786,0.531247616619689,-140.10000000002492,0.9896170692121258,50.3,50.3,,,,,,,,,,
60m,random_direction,617,292,-1927.899999999975,47.6027397260274,0.8656628017169312,4354.600000000006,-6.602397260273888,-0.01157667325727494,-140.10000000002492,0.9896170692121258,50.3,50.3,,,,,,,,,,
60m,random_direction,618,292,2616.100000000013,49.31506849315068,1.2166685991618504,2515.3999999999915,8.95924657534251,0.875910141608255,-140.10000000002492,0.9896170692121258,50.3,50.3,,,,,,,,,,
60m,random_direction,619,292,-2849.499999999962,45.20547945205479,0.8077182611981616,4632.999999999993,-9.758561643835485,-0.2677394354218649,-140.10000000002492,0.9896170692121258,50.3,50.3,,,,,,,,,,
60m,random_direction,620,292,857.9000000000253,50.34246575342466,1.0662455696007063,2153.40000000002,2.9380136986302237,0.12432146927872477,-140.10000000002492,0.9896170692121258,50.3,50.3,,,,,,,,,,
60m,random_direction,621,292,-832.4999999999886,52.73972602739726,0.9396253508256649,3196.7999999999993,-2.851027397260235,-0.46833047427478847,-140.10000000002492,0.9896170692121258,50.3,50.3,,,,,,,,,,
60m,random_direction,622,292,1173.1000000000267,47.26027397260274,1.0916334038946756,2004.399999999995,4.017465753424749,0.34823181390719576,-140.10000000002492,0.9896170692121258,50.3,50.3,,,,,,,,,,
60m,random_direction,623,292,2042.5,53.76712328767124,1.1654060445077907,1289.1999999999985,6.99486301369863,-0.3068713705563926,-140.10000000002492,0.9896170692121258,50.3,50.3,,,,,,,,,,
60m,random_direction,624,292,-5152.499999999971,46.23287671232877,0.6773132926256477,5947.799999999973,-17.64554794520538,-0.10752697032198141,-140.10000000002492,0.9896170692121258,50.3,50.3,,,,,,,,,,
60m,random_direction,625,292,-2197.099999999993,49.65753424657534,0.8482686703222336,2914.699999999988,-7.524315068493127,-0.34848895859910606,-140.10000000002492,0.9896170692121258,50.3,50.3,,,,,,,,,,
60m,random_direction,626,292,-1481.5000000000039,45.20547945205479,0.8951892465511141,3061.000000000018,-5.073630136986314,0.48808710696492597,-140.10000000002492,0.9896170692121258,50.3,50.3,,,,,,,,,,
60m,random_direction,627,292,431.2999999999688,51.02739726027398,1.032768576204222,2838.900000000008,1.477054794520441,0.16962574739832223,-140.10000000002492,0.9896170692121258,50.3,50.3,,,,,,,,,,
60m,random_direction,628,292,-639.100000000012,48.28767123287671,0.9533680646761805,3076.899999999986,-2.1886986301370275,-0.12785920164410844,-140.10000000002492,0.9896170692121258,50.3,50.3,,,,,,,,,,
60m,random_direction,629,292,2571.50000000003,52.3972602739726,1.212740434332991,1770.300000000003,8.806506849315172,0.07201468980300177,-140.10000000002492,0.9896170692121258,50.3,50.3,,,,,,,,,,
60m,random_direction,630,292,-1216.7000000000414,47.94520547945205,0.9130618077884929,2389.399999999995,-4.16678082191795,0.45405163197184284,-140.10000000002492,0.9896170692121258,50.3,50.3,,,,,,,,,,
60m,random_direction,631,292,291.2999999999855,50.34246575342466,1.022012150888646,2418.4000000000046,0.9976027397259778,-0.6291003373119808,-140.10000000002492,0.9896170692121258,50.3,50.3,,,,,,,,,,
60m,random_direction,632,292,-1503.500000000021,47.26027397260274,0.8936704384724173,2400.9999999999995,-5.148972602739797,-0.20851556974459173,-140.10000000002492,0.9896170692121258,50.3,50.3,,,,,,,,,,
60m,random_direction,633,292,348.1000000000039,50.34246575342466,1.0263608275527825,2303.1000000000026,1.1921232876712462,0.44434753139372496,-140.10000000002492,0.9896170692121258,50.3,50.3,,,,,,,,,,
60m,random_direction,634,292,-3863.0999999999676,49.31506849315068,0.7477373349527897,4579.499999999968,-13.229794520547834,-0.20265174822980372,-140.10000000002492,0.9896170692121258,50.3,50.3,,,,,,,,,,
60m,random_direction,635,292,2005.4999999999795,52.3972602739726,1.162114316662488,1065.0000000000032,6.868150684931437,0.0287544820907788,-140.10000000002492,0.9896170692121258,50.3,50.3,,,,,,,,,,
60m,random_direction,636,292,-369.90000000001953,49.31506849315068,0.9727365193549324,2293.700000000026,-1.266780821917875,-0.17671598638523076,-140.10000000002492,0.9896170692121258,50.3,50.3,,,,,,,,,,
60m,random_direction,637,292,1023.8999999999595,55.13698630136986,1.0796604762979125,2107.500000000019,3.50650684931493,-0.07280358936326126,-140.10000000002492,0.9896170692121258,50.3,50.3,,,,,,,,,,
60m,random_direction,638,292,-83.49999999997925,46.57534246575342,0.9937836872040754,1611.8999999999903,-0.28595890410951796,0.37797754786777454,-140.10000000002492,0.9896170692121258,50.3,50.3,,,,,,,,,,
60m,random_direction,639,292,633.7000000000062,48.28767123287671,1.048491016497812,2189.5000000000064,2.170205479452076,0.5316536647134661,-140.10000000002492,0.9896170692121258,50.3,50.3,,,,,,,,,,
60m,random_direction,640,292,1987.099999999988,52.054794520547944,1.1604998101884374,2719.0000000000077,6.805136986301329,0.4429778262716996,-140.10000000002492,0.9896170692121258,50.3,50.3,,,,,,,,,,
60m,random_direction,641,292,-2361.100000000023,47.26027397260274,0.8379344901433187,2800.2000000000335,-8.085958904109669,0.20380432830191195,-140.10000000002492,0.9896170692121258,50.3,50.3,,,,,,,,,,
60m,random_direction,642,292,590.9000000000034,50.68493150684932,1.0451661723790018,2950.3999999999987,2.0236301369863128,-0.05418559122195158,-140.10000000002492,0.9896170692121258,50.3,50.3,,,,,,,,,,
60m,random_direction,643,292,-5229.9,45.89041095890411,0.6732782747763508,5415.699999999999,-17.910616438356165,-0.7103972907684156,-140.10000000002492,0.9896170692121258,50.3,50.3,,,,,,,,,,
60m,random_direction,644,292,604.7000000000207,49.65753424657534,1.0462333611125993,2274.70000000001,2.070890410958975,-0.21812185773100537,-140.10000000002492,0.9896170692121258,50.3,50.3,,,,,,,,,,
60m,random_direction,645,292,-2899.3000000000234,45.20547945205479,0.8046859737407611,3216.3000000000206,-9.929109589041175,-0.03940741405632903,-140.10000000002492,0.9896170692121258,50.3,50.3,,,,,,,,,,
60m,random_direction,646,292,128.09999999998536,45.54794520547945,1.0096104792485658,1879.800000000002,0.43869863013693616,1.0014435635129992,-140.10000000002492,0.9896170692121258,50.3,50.3,,,,,,,,,,
60m,random_direction,647,292,2613.6999999999734,52.73972602739726,1.2166205307563502,1647.1999999999875,8.951027397260184,0.7300045604882696,-140.10000000002492,0.9896170692121258,50.3,50.3,,,,,,,,,,
60m,random_direction,648,292,265.7000000000113,49.31506849315068,1.0200531328774785,1692.9000000000003,0.9099315068493538,0.006536487021620589,-140.10000000002492,0.9896170692121258,50.3,50.3,,,,,,,,,,
60m,random_direction,649,292,-317.9000000000128,50.34246575342466,0.9765189901466907,3509.3000000000075,-1.0886986301370303,-0.18685771160123396,-140.10000000002492,0.9896170692121258,50.3,50.3,,,,,,,,,,
60m,random_direction,650,292,1283.500000000008,52.73972602739726,1.1008208632810972,2014.4,4.395547945205506,-0.18607623489613523,-140.10000000002492,0.9896170692121258,50.3,50.3,,,,,,,,,,
60m,random_direction,651,292,-2972.4999999999955,47.6027397260274,0.8001532886465558,4173.199999999983,-10.17979452054793,-0.3436481869077639,-140.10000000002492,0.9896170692121258,50.3,50.3,,,,,,,,,,
60m,random_direction,652,292,-3194.5000000000036,46.57534246575342,0.7868557130942452,4711.700000000014,-10.940068493150697,-0.2241281929000007,-140.10000000002492,0.9896170692121258,50.3,50.3,,,,,,,,,,
60m,random_direction,653,292,-1692.099999999978,50.0,0.881058321559367,3301.3999999999974,-5.7948630136985555,-0.5740646949432734,-140.10000000002492,0.9896170692121258,50.3,50.3,,,,,,,,,,
60m,random_direction,654,292,-620.300000000002,46.917808219178085,0.9547206446997678,2112.2999999999865,-2.1243150684931575,0.4057748232722586,-140.10000000002492,0.9896170692121258,50.3,50.3,,,,,,,,,,
60m,random_direction,655,292,-466.6999999999729,49.65753424657534,0.9657206234483591,1971.7000000000025,-1.5982876712327838,-0.22594976125129793,-140.10000000002492,0.9896170692121258,50.3,50.3,,,,,,,,,,
60m,random_direction,656,292,-8.100000000025602,46.57534246575342,0.9993952832090286,2391.100000000031,-0.02773972602748494,0.5190778981193768,-140.10000000002492,0.9896170692121258,50.3,50.3,,,,,,,,,,
60m,random_direction,657,292,2860.7000000000357,52.73972602739726,1.2395434715255884,1838.0000000000007,9.7969178082193,-0.2845816125329393,-140.10000000002492,0.9896170692121258,50.3,50.3,,,,,,,,,,
60m,random_direction,658,292,-396.4999999999559,47.6027397260274,0.9708153306001105,2611.799999999983,-1.357876712328616,0.44997877793731145,-140.10000000002492,0.9896170692121258,50.3,50.3,,,,,,,,,,
60m,random_direction,659,292,418.2999999999979,48.97260273972603,1.0317516946129148,1244.2000000000298,1.4325342465753352,-0.284125362960746,-140.10000000002492,0.9896170692121258,50.3,50.3,,,,,,,,,,
60m,random_direction,660,292,-1586.900000000024,48.63013698630137,0.8880707025822228,2320.300000000028,-5.434589041095973,-0.1494984909451884,-140.10000000002492,0.9896170692121258,50.3,50.3,,,,,,,,,,
60m,random_direction,661,292,-742.8999999999902,50.34246575342466,0.945975231072424,1794.1000000000035,-2.5441780821917472,0.17835599761692586,-140.10000000002492,0.9896170692121258,50.3,50.3,,,,,,,,,,
60m,random_direction,662,292,138.10000000001878,47.94520547945205,1.0103700477577884,2058.399999999995,0.47294520547951635,0.37718987301497003,-140.10000000002492,0.9896170692121258,50.3,50.3,,,,,,,,,,
60m,random_direction,663,292,2238.5000000000036,54.45205479452054,1.1827645329849774,1447.0000000000036,7.666095890410971,0.2829009355849565,-140.10000000002492,0.9896170692121258,50.3,50.3,,,,,,,,,,
60m,random_direction,664,292,584.2999999999751,50.68493150684932,1.044650430609576,2561.0000000000036,2.0010273972601884,0.02312194611471201,-140.10000000002492,0.9896170692121258,50.3,50.3,,,,,,,,,,
60m,random_direction,665,292,20.700000000032105,50.34246575342466,1.0015483233976372,2786.2999999999975,0.07089041095901406,-0.27335576724389415,-140.10000000002492,0.9896170692121258,50.3,50.3,,,,,,,,,,
60m,random_direction,666,292,1984.7000000000196,54.45205479452054,1.1603810939886399,1279.4000000000046,6.796917808219245,0.11082520647397144,-140.10000000002492,0.9896170692121258,50.3,50.3,,,,,,,,,,
60m,random_direction,667,292,-2288.2999999999847,47.26027397260274,0.8425423868765837,2840.4999999999936,-7.836643835616386,-0.5787079921747779,-140.10000000002492,0.9896170692121258,50.3,50.3,,,,,,,,,,
60m,random_direction,668,292,-2453.7000000000075,45.89041095890411,0.8321579303787507,3479.2000000000194,-8.403082191780848,-0.11883848527260615,-140.10000000002492,0.9896170692121258,50.3,50.3,,,,,,,,,,
60m,random_direction,669,292,1548.7000000000098,51.369863013698634,1.1228902660625448,1287.5999999999913,5.303767123287705,0.03797357002005554,-140.10000000002492,0.9896170692121258,50.3,50.3,,,,,,,,,,
60m,random_direction,670,292,-373.4999999999628,49.31506849315068,0.9724748330803158,2941.0999999999904,-1.2791095890409685,0.07718664113442003,-140.10000000002492,0.9896170692121258,50.3,50.3,,,,,,,,,,
60m,random_direction,671,292,-749.100000000017,49.65753424657534,0.9455429709649736,2760.4000000000055,-2.5654109589041676,-0.8616475637928588,-140.10000000002492,0.9896170692121258,50.3,50.3,,,,,,,,,,
60m,random_direction,672,292,205.70000000005462,50.34246575342466,1.01549365791932,1597.4999999999955,0.7044520547947076,-0.33344155802261327,-140.10000000002492,0.9896170692121258,50.3,50.3,,,,,,,,,,
60m,random_direction,673,292,317.70000000000374,47.94520547945205,1.0240183255968673,1480.599999999994,1.0880136986301499,0.3850659792059917,-140.10000000002492,0.9896170692121258,50.3,50.3,,,,,,,,,,
60m,random_direction,674,292,-3.9000000000230557,49.65753424657534,0.9997085985833392,2380.5000000000055,-0.013356164383640602,-0.1080843008815568,-140.10000000002492,0.9896170692121258,50.3,50.3,,,,,,,,,,
60m,random_direction,675,292,951.3000000000189,48.28767123287671,1.0736870642912488,1887.4999999999961,3.257876712328832,0.6398230971638929,-140.10000000002492,0.9896170692121258,50.3,50.3,,,,,,,,,,
60m,random_direction,676,292,-1680.8999999999783,50.0,0.8817990675564508,2752.399999999998,-5.756506849314994,-0.32071555969430876,-140.10000000002492,0.9896170692121258,50.3,50.3,,,,,,,,,,
60m,random_direction,677,292,-68.69999999999663,49.31506849315068,0.9948796303197437,2759.2999999999947,-0.2352739726027282,0.1882117085345272,-140.10000000002492,0.9896170692121258,50.3,50.3,,,,,,,,,,
60m,random_direction,678,292,-2176.6999999999725,45.20547945205479,0.8497024015024945,3790.2999999999793,-7.454452054794427,0.38234979682643166,-140.10000000002492,0.9896170692121258,50.3,50.3,,,,,,,,,,
60m,random_direction,679,292,-1400.2999999999968,45.89041095890411,0.9006343844909316,3027.700000000015,-4.795547945205469,0.5485451274062928,-140.10000000002492,0.9896170692121258,50.3,50.3,,,,,,,,,,
60m,random_direction,680,292,3753.700000000008,55.47945205479452,1.3267667183174616,1233.699999999998,12.855136986301398,0.24954912162014176,-140.10000000002492,0.9896170692121258,50.3,50.3,,,,,,,,,,
60m,random_direction,681,292,-1198.3000000000045,47.6027397260274,0.9143239146599552,2981.7999999999947,-4.103767123287686,0.3961448715602386,-140.10000000002492,0.9896170692121258,50.3,50.3,,,,,,,,,,
60m,random_direction,682,292,2421.3000000000384,55.47945205479452,1.1992183643245056,1636.3999999999955,8.292123287671364,0.40743090607524407,-140.10000000002492,0.9896170692121258,50.3,50.3,,,,,,,,,,
60m,random_direction,683,292,2012.50000000001,52.73972602739726,1.1627446223516098,1369.9999999999882,6.892123287671267,0.2960424723072618,-140.10000000002492,0.9896170692121258,50.3,50.3,,,,,,,,,,
60m,random_direction,684,292,1808.6999999999862,48.97260273972603,1.144936014039248,1887.5000000000082,6.194178082191733,0.7179670054739556,-140.10000000002492,0.9896170692121258,50.3,50.3,,,,,,,,,,
60m,random_direction,685,292,983.2999999999928,48.97260273972603,1.076272106732857,2380.999999999987,3.367465753424633,0.4917967154091414,-140.10000000002492,0.9896170692121258,50.3,50.3,,,,,,,,,,
60m,random_direction,686,292,-174.10000000002543,47.94520547945205,0.9870785307673449,2220.3000000000166,-0.5962328767124159,0.34611553300244874,-140.10000000002492,0.9896170692121258,50.3,50.3,,,,,,,,,,
60m,random_direction,687,292,-3174.5000000000014,50.0,0.7879128000587925,3522.000000000009,-10.871575342465759,-0.15713390829930698,-140.10000000002492,0.9896170692121258,50.3,50.3,,,,,,,,,,
60m,random_direction,688,292,1663.8999999999883,52.73972602739726,1.1326799939397314,3125.9999999999995,5.698287671232837,-0.10869273522017812,-140.10000000002492,0.9896170692121258,50.3,50.3,,,,,,,,,,
60m,random_direction,689,292,-2823.899999999968,48.97260273972603,0.8091392035470024,3775.2999999999856,-9.670890410958794,-0.32549935984016154,-140.10000000002492,0.9896170692121258,50.3,50.3,,,,,,,,,,
60m,random_direction,690,292,-2263.299999999985,44.178082191780824,0.8442251175211479,3639.4999999999845,-7.7510273972602235,0.3721159269935503,-140.10000000002492,0.9896170692121258,50.3,50.3,,,,,,,,,,
60m,random_direction,691,292,-682.8999999999907,50.68493150684932,0.9502248591441511,2210.699999999974,-2.338698630136954,-0.5148117388781973,-140.10000000002492,0.9896170692121258,50.3,50.3,,,,,,,,,,
60m,random_direction,692,292,-154.30000000001326,50.68493150684932,0.988532825993251,2127.0000000000014,-0.528424657534292,-0.40727133964655443,-140.10000000002492,0.9896170692121258,50.3,50.3,,,,,,,,,,
60m,random_direction,693,292,-1137.499999999984,49.31506849315068,0.9184669638889299,2630.7999999999793,-3.895547945205425,-0.0564853939401091,-140.10000000002492,0.9896170692121258,50.3,50.3,,,,,,,,,,
60m,random_direction,694,292,-4339.500000000059,42.80821917808219,0.7213088433626584,4935.500000000042,-14.861301369863217,-0.042038937068203955,-140.10000000002492,0.9896170692121258,50.3,50.3,,,,,,,,,,
60m,random_direction,695,292,-2471.4999999999986,47.26027397260274,0.8310016137414188,3012.2000000000035,-8.464041095890407,0.29426098873399426,-140.10000000002492,0.9896170692121258,50.3,50.3,,,,,,,,,,
60m,random_direction,696,292,-1696.6999999999798,49.65753424657534,0.880765987350669,3695.400000000007,-5.810616438356095,0.012993694669832096,-140.10000000002492,0.9896170692121258,50.3,50.3,,,,,,,,,,
60m,random_direction,697,292,122.90000000000873,50.0,1.0092272809177736,2193.400000000007,0.42089041095893404,0.2506182866231812,-140.10000000002492,0.9896170692121258,50.3,50.3,,,,,,,,,,
60m,random_direction,698,292,-2403.5000000000236,50.0,0.8351735015772856,4968.400000000012,-8.231164383561724,-0.5864929186841064,-140.10000000002492,0.9896170692121258,50.3,50.3,,,,,,,,,,
60m,random_direction,699,292,-1248.3000000000047,50.68493150684932,0.9108509969719474,3605.2999999999975,-4.275000000000016,-0.6971357327173904,-140.10000000002492,0.9896170692121258,50.3,50.3,,,,,,,,,,
60m,random_direction,700,292,-2995.0999999999635,47.6027397260274,0.7987867143202668,4970.899999999981,-10.257191780821794,-0.3737830151185802,-140.10000000002492,0.9896170692121258,50.3,50.3,,,,,,,,,,
60m,random_direction,701,292,502.10000000002594,51.369863013698634,1.0382534893642978,2206.499999999987,1.7195205479452944,0.44071475328659004,-140.10000000002492,0.9896170692121258,50.3,50.3,,,,,,,,,,
60m,random_direction,702,292,1906.4999999999873,48.63013698630137,1.153366583541146,2046.8000000000043,6.529109589041052,0.20951647570883616,-140.10000000002492,0.9896170692121258,50.3,50.3,,,,,,,,,,
60m,random_direction,703,292,-1920.4999999999798,46.917808219178085,0.8661625840621638,3616.599999999996,-6.577054794520478,-0.06703485861405875,-140.10000000002492,0.9896170692121258,50.3,50.3,,,,,,,,,,
60m,random_direction,704,292,-1011.6999999999892,50.68493150684932,0.9271324752774766,3073.800000000001,-3.4647260273972234,0.3387055271882395,-140.10000000002492,0.9896170692121258,50.3,50.3,,,,,,,,,,
60m,random_direction,705,292,1333.7000000000148,47.26027397260274,1.1048390900372613,2517.799999999986,4.567465753424709,-0.03298821367890463,-140.10000000002492,0.9896170692121258,50.3,50.3,,,,,,,,,,
60m,random_direction,706,292,2922.8999999999774,50.0,1.2452261896771573,1744.6000000000008,10.009931506849238,0.8987470854368792,-140.10000000002492,0.9896170692121258,50.3,50.3,,,,,,,,,,
60m,random_direction,707,292,2039.6999999999837,52.054794520547944,1.1650990740141152,1389.5000000000036,6.985273972602684,0.10325282355227125,-140.10000000002492,0.9896170692121258,50.3,50.3,,,,,,,,,,
60m,random_direction,708,292,-472.50000000005184,47.94520547945205,0.9653147366489226,3161.5000000000136,-1.6181506849316845,0.03563292653694169,-140.10000000002492,0.9896170692121258,50.3,50.3,,,,,,,,,,
60m,random_direction,709,292,-260.5000000000091,47.94520547945205,0.9807278296059,2860.2999999999984,-0.892123287671264,0.1337085084309062,-140.10000000002492,0.9896170692121258,50.3,50.3,,,,,,,,,,
60m,random_direction,710,292,3208.300000000007,53.42465753424658,1.272663918752391,1543.7000000000157,10.987328767123312,0.8976559681709962,-140.10000000002492,0.9896170692121258,50.3,50.3,,,,,,,,,,
60m,random_direction,711,292,-1114.5000000000164,48.97260273972603,0.9200553766256115,2289.800000000018,-3.8167808219178645,0.33598770355912444,-140.10000000002492,0.9896170692121258,50.3,50.3,,,,,,,,,,
60m,random_direction,712,292,-1716.4999999999836,50.68493150684932,0.8794330226383565,2313.5999999999876,-5.8784246575341905,-0.43039749158098645,-140.10000000002492,0.9896170692121258,50.3,50.3,,,,,,,,,,
60m,random_direction,713,292,-1100.0999999999592,45.20547945205479,0.9211098123301354,2220.8999999999846,-3.767465753424518,0.49808119892893515,-140.10000000002492,0.9896170692121258,50.3,50.3,,,,,,,,,,
60m,random_direction,714,292,-4153.6999999999825,44.178082191780824,0.7315777569549916,5249.799999999991,-14.224999999999941,-0.2686647995100292,-140.10000000002492,0.9896170692121258,50.3,50.3,,,,,,,,,,
60m,random_direction,715,292,-2031.1000000000192,45.54794520547945,0.8590375326189539,2729.000000000013,-6.955821917808285,-0.24926033131575182,-140.10000000002492,0.9896170692121258,50.3,50.3,,,,,,,,,,
60m,random_direction,716,292,1024.700000000009,52.3972602739726,1.0796756059062749,1934.0000000000105,3.5092465753424964,-0.03174892824726718,-140.10000000002492,0.9896170692121258,50.3,50.3,,,,,,,,,,
60m,random_direction,717,292,-1276.7000000000066,47.6027397260274,0.9089761870811344,3922.0000000000045,-4.372260273972626,-0.4469971309674018,-140.10000000002492,0.9896170692121258,50.3,50.3,,,,,,,,,,
60m,random_direction,718,292,-426.1000000000547,49.65753424657534,0.968655980815485,2251.60000000001,-1.4592465753426531,-0.6178486016207259,-140.10000000002492,0.9896170692121258,50.3,50.3,,,,,,,,,,
60m,random_direction,719,292,-3770.2999999999956,47.94520547945205,0.753113663449324,4272.300000000009,-12.911986301369849,-0.4558237647987736,-140.10000000002492,0.9896170692121258,50.3,50.3,,,,,,,,,,
60m,random_direction,720,292,966.9000000000227,52.73972602739726,1.0750162927101778,1884.899999999996,3.3113013698630915,-0.07966426709712182,-140.10000000002492,0.9896170692121258,50.3,50.3,,,,,,,,,,
60m,random_direction,721,292,1589.9000000000046,49.65753424657534,1.12631587310415,1367.899999999995,5.4448630136986464,0.41093744948571226,-140.10000000002492,0.9896170692121258,50.3,50.3,,,,,,,,,,
60m,random_direction,722,292,-3424.9000000000124,47.26027397260274,0.7732019521756686,3867.7000000000176,-11.729109589041139,-0.4735796977415614,-140.10000000002492,0.9896170692121258,50.3,50.3,,,,,,,,,,
60m,random_direction,723,292,-1334.1000000000165,50.0,0.9050280125006218,3895.100000000024,-4.568835616438412,-0.8166846118229465,-140.10000000002492,0.9896170692121258,50.3,50.3,,,,,,,,,,
60m,random_direction,724,292,4093.6999999999794,53.76712328767124,1.3615448475642045,1570.7000000000025,14.019520547945135,0.8121862801640494,-140.10000000002492,0.9896170692121258,50.3,50.3,,,,,,,,,,
60m,random_direction,725,292,-1369.7000000000216,48.97260273972603,0.9026406510999736,2487.7000000000126,-4.690753424657609,0.47547075641677666,-140.10000000002492,0.9896170692121258,50.3,50.3,,,,,,,,,,
60m,random_direction,726,292,-250.29999999999995,49.31506849315068,0.9814694167641441,2709.2000000000007,-0.8571917808219176,0.6623460584780961,-140.10000000002492,0.9896170692121258,50.3,50.3,,,,,,,,,,
60m,random_direction,727,292,-318.9000000000009,50.68493150684932,0.9764442573182353,2223.20000000001,-1.092123287671236,-0.0800346434944598,-140.10000000002492,0.9896170692121258,50.3,50.3,,,,,,,,,,
60m,random_direction,728,292,-89.10000000000036,51.369863013698634,0.9933610515021457,1574.2999999999888,-0.3051369863013711,-0.05552368062915196,-140.10000000002492,0.9896170692121258,50.3,50.3,,,,,,,,,,
60m,random_direction,729,292,961.0999999999722,51.02739726027398,1.074520628668458,1746.900000000028,3.291438356164288,0.37570215963706255,-140.10000000002492,0.9896170692121258,50.3,50.3,,,,,,,,,,
60m,random_direction,730,292,1210.7000000000244,50.68493150684932,1.0947866185439505,1704.5999999999963,4.146232876712412,0.4808690716404315,-140.10000000002492,0.9896170692121258,50.3,50.3,,,,,,,,,,
60m,random_direction,731,292,-553.5000000000068,50.68493150684932,0.9594653972903692,3702.7000000000216,-1.8955479452055028,-0.35260213532859364,-140.10000000002492,0.9896170692121258,50.3,50.3,,,,,,,,,,
60m,random_direction,732,292,-754.6999999999925,51.02739726027398,0.9451310834193657,3449.000000000009,-2.5845890410958647,-0.4891838467756221,-140.10000000002492,0.9896170692121258,50.3,50.3,,,,,,,,,,
60m,random_direction,733,292,-4384.499999999995,46.23287671232877,0.7186447203773226,5722.399999999999,-15.015410958904093,-0.13827238157020638,-140.10000000002492,0.9896170692121258,50.3,50.3,,,,,,,,,,
60m,random_direction,734,292,3294.3000000000056,55.47945205479452,1.2811435886494564,1143.3000000000025,11.281849315068513,0.04931831276300198,-140.10000000002492,0.9896170692121258,50.3,50.3,,,,,,,,,,
60m,random_direction,735,292,288.0999999999674,50.68493150684932,1.021768697202784,2603.8000000000343,0.9866438356163267,-0.7016923643719065,-140.10000000002492,0.9896170692121258,50.3,50.3,,,,,,,,,,
60m,random_direction,736,292,3995.700000000046,54.109589041095894,1.3514000773912174,1305.3999999999965,13.6839041095892,0.37664117075751347,-140.10000000002492,0.9896170692121258,50.3,50.3,,,,,,,,,,
60m,random_direction,737,292,-1839.1000000000004,48.63013698630137,0.8714293703947091,2748.399999999987,-6.298287671232878,0.6833067841714513,-140.10000000002492,0.9896170692121258,50.3,50.3,,,,,,,,,,
60m,random_direction,738,292,2165.100000000023,53.76712328767124,1.1762149315926997,1555.2000000000048,7.414726027397339,-0.23372684950912223,-140.10000000002492,0.9896170692121258,50.3,50.3,,,,,,,,,,
60m,random_direction,739,292,1229.2999999999934,48.28767123287671,1.0962571450943537,1430.600000000003,4.209931506849292,0.9678065473117418,-140.10000000002492,0.9896170692121258,50.3,50.3,,,,,,,,,,
60m,random_direction,740,292,125.50000000003217,51.369863013698634,1.0094265219514051,1777.299999999981,0.4297945205480554,0.12612586134639708,-140.10000000002492,0.9896170692121258,50.3,50.3,,,,,,,,,,
60m,random_direction,741,292,1977.700000000006,51.02739726027398,1.1596412773239486,2263.5999999999976,6.7729452054794725,-0.21203676600660207,-140.10000000002492,0.9896170692121258,50.3,50.3,,,,,,,,,,
60m,random_direction,742,292,-2086.1000000000176,50.34246575342466,0.8553559418400662,3510.1000000000286,-7.144178082191841,0.1988272579564108,-140.10000000002492,0.9896170692121258,50.3,50.3,,,,,,,,,,
60m,random_direction,743,292,-1217.100000000012,50.34246575342466,0.91299094951459,2957.2000000000166,-4.168150684931548,-0.020795169317826063,-140.10000000002492,0.9896170692121258,50.3,50.3,,,,,,,,,,
60m,random_direction,744,292,1219.300000000011,50.0,1.0954741210555172,1852.8000000000056,4.175684931506887,0.39422485612648117,-140.10000000002492,0.9896170692121258,50.3,50.3,,,,,,,,,,
60m,random_direction,745,292,-2487.6999999999935,49.65753424657534,0.8299020177639819,3110.4000000000124,-8.519520547945183,-0.41960732670267525,-140.10000000002492,0.9896170692121258,50.3,50.3,,,,,,,,,,
60m,random_direction,746,292,-774.1000000000032,48.97260273972603,0.943786445133508,2434.2999999999984,-2.651027397260285,0.6212026668334146,-140.10000000002492,0.9896170692121258,50.3,50.3,,,,,,,,,,
60m,random_direction,747,292,-1015.699999999991,53.082191780821915,0.9268180213414422,2256.399999999996,-3.4784246575342155,-0.7758868655531855,-140.10000000002492,0.9896170692121258,50.3,50.3,,,,,,,,,,
60m,random_direction,748,292,476.0999999999983,52.3972602739726,1.0362461173031243,1647.199999999997,1.6304794520547887,-0.32547933018274655,-140.10000000002492,0.9896170692121258,50.3,50.3,,,,,,,,,,
60m,random_direction,749,292,2274.8999999999787,52.3972602739726,1.1859155620208865,1623.2999999999975,7.790753424657462,0.7028182831811427,-140.10000000002492,0.9896170692121258,50.3,50.3,,,,,,,,,,
60m,random_direction,750,292,1559.7000000000194,49.65753424657534,1.1237719618455106,1391.8000000000018,5.34143835616445,0.88933496718991,-140.10000000002492,0.9896170692121258,50.3,50.3,,,,,,,,,,
60m,random_direction,751,292,-869.3000000000111,47.26027397260274,0.9371116046560412,2259.70000000001,-2.977054794520586,0.3560688027792642,-140.10000000002492,0.9896170692121258,50.3,50.3,,,,,,,,,,
60m,random_direction,752,292,1144.1000000000358,55.47945205479452,1.0894373133628334,1626.4999999999995,3.9181506849316294,-0.5691999362235647,-140.10000000002492,0.9896170692121258,50.3,50.3,,,,,,,,,,
60m,random_direction,753,292,-683.9000000000069,47.26027397260274,0.9501915429769998,3502.6,-2.3421232876712565,0.06513412237783775,-140.10000000002492,0.9896170692121258,50.3,50.3,,,,,,,,,,
60m,random_direction,754,292,-3936.7000000000403,45.89041095890411,0.7437144382380875,4114.60000000003,-13.481849315068631,-0.17256460735660376,-140.10000000002492,0.9896170692121258,50.3,50.3,,,,,,,,,,
60m,random_direction,755,292,3919.30000000002,55.821917808219176,1.3436897120207671,1311.5999999999904,13.422260273972672,0.22321077718031943,-140.10000000002492,0.9896170692121258,50.3,50.3,,,,,,,,,,
60m,random_direction,756,292,254.6999999999956,48.97260273972603,1.019214085803302,1598.800000000008,0.8722602739725878,0.4331633634197245,-140.10000000002492,0.9896170692121258,50.3,50.3,,,,,,,,,,
60m,random_direction,757,292,930.6999999999664,54.109589041095894,1.0721288352591944,1281.7000000000153,3.1873287671231725,-0.021754970004153395,-140.10000000002492,0.9896170692121258,50.3,50.3,,,,,,,,,,
60m,random_direction,758,292,1298.700000000004,48.63013698630137,1.1019763963157523,2125.7000000000025,4.447602739726041,-0.08443934869254416,-140.10000000002492,0.9896170692121258,50.3,50.3,,,,,,,,,,
60m,random_direction,759,292,-1743.3000000000152,50.34246575342466,0.8776743174306896,3467.700000000004,-5.9702054794521064,-0.4588737337557492,-140.10000000002492,0.9896170692121258,50.3,50.3,,,,,,,,,,
60m,random_direction,760,292,2491.5000000000123,52.73972602739726,1.205459118459573,1075.6999999999932,8.532534246575384,0.4845764067351651,-140.10000000002492,0.9896170692121258,50.3,50.3,,,,,,,,,,
60m,random_direction,761,292,-2076.7000000000126,52.3972602739726,0.8559048015542597,2852.900000000005,-7.111986301369906,-0.8541982115563749,-140.10000000002492,0.9896170692121258,50.3,50.3,,,,,,,,,,
60m,random_direction,762,292,855.6999999999974,53.76712328767124,1.0661211306350162,1712.5000000000132,2.9304794520547857,-0.29357534079010894,-140.10000000002492,0.9896170692121258,50.3,50.3,,,,,,,,,,
60m,random_direction,763,292,1216.2999999999884,48.63013698630137,1.0951982154737205,1626.9000000000017,4.1654109589040695,1.0307632640247097,-140.10000000002492,0.9896170692121258,50.3,50.3,,,,,,,,,,
60m,random_direction,764,292,1355.0999999999776,53.42465753424658,1.1067621546243098,1483.200000000001,4.640753424657458,-0.16363653520278523,-140.10000000002492,0.9896170692121258,50.3,50.3,,,,,,,,,,
60m,random_direction,765,292,-404.10000000004356,52.054794520547944,0.9702357715792468,2321.9000000000215,-1.3839041095891902,-0.6513622159530942,-140.10000000002492,0.9896170692121258,50.3,50.3,,,,,,,,,,
60m,random_direction,766,292,520.3000000000329,48.28767123287671,1.0396416027306483,2327.3999999999814,1.7818493150686059,0.5298510390742595,-140.10000000002492,0.9896170692121258,50.3,50.3,,,,,,,,,,
60m,random_direction,767,292,4969.900000000014,52.054794520547944,1.4564021562451226,661.0000000000027,17.020205479452102,0.953591481445442,-140.10000000002492,0.9896170692121258,50.3,50.3,,,,,,,,,,
60m,random_direction,768,292,-1562.50000000001,49.31506849315068,0.8896812228615802,4345.800000000016,-5.351027397260308,-0.9249601883243422,-140.10000000002492,0.9896170692121258,50.3,50.3,,,,,,,,,,
60m,random_direction,769,292,-1709.2999999999856,50.68493150684932,0.8799083838603848,2998.999999999988,-5.853767123287622,-0.6429738745253162,-140.10000000002492,0.9896170692121258,50.3,50.3,,,,,,,,,,
60m,random_direction,770,292,-5277.699999999997,46.23287671232877,0.6707631268675806,6031.599999999997,-18.074315068493142,-0.9640604304700652,-140.10000000002492,0.9896170692121258,50.3,50.3,,,,,,,,,,
60m,random_direction,771,292,1275.3000000000143,48.28767123287671,1.100042360914997,1304.899999999971,4.367465753424707,0.07019160084945612,-140.10000000002492,0.9896170692121258,50.3,50.3,,,,,,,,,,
60m,random_direction,772,292,-2087.900000000023,45.20547945205479,0.8553945673403226,2421.000000000019,-7.150342465753503,0.7369260335403879,-140.10000000002492,0.9896170692121258,50.3,50.3,,,,,,,,,,
60m,random_direction,773,292,-874.69999999998,47.26027397260274,0.9367351366989743,2888.3999999999896,-2.995547945205411,0.42106471041532056,-140.10000000002492,0.9896170692121258,50.3,50.3,,,,,,,,,,
60m,random_direction,774,292,1474.4999999999905,49.31506849315068,1.1166073546856454,1596.9999999999966,5.049657534246543,-0.15541271460696976,-140.10000000002492,0.9896170692121258,50.3,50.3,,,,,,,,,,
60m,random_direction,775,292,-3902.9000000000096,51.369863013698634,0.7453694944446977,4270.400000000007,-13.366095890410993,-0.6111297295003176,-140.10000000002492,0.9896170692121258,50.3,50.3,,,,,,,,,,
60m,random_direction,776,292,1452.499999999991,47.6027397260274,1.1147223757996991,1504.9999999999986,4.974315068493119,0.24561769002955336,-140.10000000002492,0.9896170692121258,50.3,50.3,,,,,,,,,,
60m,random_direction,777,292,4750.699999999971,53.76712328767124,1.4321214491672623,1394.3000000000166,16.269520547945106,0.6012436200286199,-140.10000000002492,0.9896170692121258,50.3,50.3,,,,,,,,,,
60m,random_direction,778,292,2586.1000000000518,50.34246575342466,1.213964224844047,1555.1999999999853,8.856506849315245,0.014233213492375198,-140.10000000002492,0.9896170692121258,50.3,50.3,,,,,,,,,,
60m,random_direction,779,292,660.7000000000128,45.89041095890411,1.0505822277004122,2097.8999999999846,2.262671232876756,0.3079659795685536,-140.10000000002492,0.9896170692121258,50.3,50.3,,,,,,,,,,
60m,random_direction,780,292,768.1000000000197,53.76712328767124,1.0591519576132842,1212.8999999999933,2.6304794520548618,-0.948683944671357,-140.10000000002492,0.9896170692121258,50.3,50.3,,,,,,,,,,
60m,random_direction,781,292,1566.7000000000303,53.42465753424658,1.1244667243968152,1558.1999999999953,5.365410958904214,0.523602707775056,-140.10000000002492,0.9896170692121258,50.3,50.3,,,,,,,,,,
60m,random_direction,782,292,-2418.49999999999,50.0,0.8342300969875602,2673.8999999999814,-8.282534246575308,-0.8933416741386496,-140.10000000002492,0.9896170692121258,50.3,50.3,,,,,,,,,,
60m,random_direction,783,292,-2717.300000000007,49.31506849315068,0.8156675462815353,3530.8000000000156,-9.305821917808244,-0.5937577737063812,-140.10000000002492,0.9896170692121258,50.3,50.3,,,,,,,,,,
60m,random_direction,784,292,1134.5000000000073,50.34246575342466,1.0885470325622058,2436.6000000000195,3.8852739726027647,0.19540358717845607,-140.10000000002492,0.9896170692121258,50.3,50.3,,,,,,,,,,
60m,random_direction,785,292,-759.2999999999806,50.34246575342466,0.9448155066028082,3157.599999999994,-2.6003424657533585,-0.2251457194458068,-140.10000000002492,0.9896170692121258,50.3,50.3,,,,,,,,,,
60m,random_direction,786,292,-2506.100000000016,46.23287671232877,0.8288732442453576,3328.200000000011,-8.582534246575397,-0.42081634788879957,-140.10000000002492,0.9896170692121258,50.3,50.3,,,,,,,,,,
60m,random_direction,787,292,247.4999999999926,53.42465753424658,1.018684180726984,2165.700000000014,0.8476027397260021,-0.9885568613217829,-140.10000000002492,0.9896170692121258,50.3,50.3,,,,,,,,,,
60m,random_direction,788,292,-1752.7000000000144,50.68493150684932,0.8770466502981401,2255.1000000000154,-6.002397260274022,0.008915038414132156,-140.10000000002492,0.9896170692121258,50.3,50.3,,,,,,,,,,
60m,random_direction,789,292,2003.0999999999767,54.45205479452054,1.1619831636490061,977.5999999999908,6.859931506849235,0.57547752615172,-140.10000000002492,0.9896170692121258,50.3,50.3,,,,,,,,,,
60m,random_direction,790,292,582.0999999999758,52.3972602739726,1.0444955741389044,1975.900000000004,1.9934931506848486,0.017082717189341186,-140.10000000002492,0.9896170692121258,50.3,50.3,,,,,,,,,,
60m,random_direction,791,292,1783.8999999999896,53.76712328767124,1.1429716364918683,2138.2000000000207,6.10924657534243,-0.7285012019201516,-140.10000000002492,0.9896170692121258,50.3,50.3,,,,,,,,,,
60m,random_direction,792,292,350.10000000002196,54.45205479452054,1.0265384090599008,2143.899999999996,1.1989726027398013,-0.1695488885238685,-140.10000000002492,0.9896170692121258,50.3,50.3,,,,,,,,,,
60m,random_direction,793,292,-3178.700000000002,46.23287671232877,0.7878122371600602,4220.6,-10.885958904109597,-0.22804777314797314,-140.10000000002492,0.9896170692121258,50.3,50.3,,,,,,,,,,
60m,random_direction,794,292,1257.6999999999703,53.082191780821915,1.0987019713711679,1900.0000000000166,4.307191780821816,0.5697319382255842,-140.10000000002492,0.9896170692121258,50.3,50.3,,,,,,,,,,
60m,random_direction,795,292,4086.1000000000236,55.821917808219176,1.3609565202028255,1248.9999999999993,13.993493150685012,-0.43214934184096104,-140.10000000002492,0.9896170692121258,50.3,50.3,,,,,,,,,,
60m,random_direction,796,292,2009.1000000000108,55.47945205479452,1.1625524891380865,1526.799999999991,6.880479452054832,-0.05486167781998262,-140.10000000002492,0.9896170692121258,50.3,50.3,,,,,,,,,,
60m,random_direction,797,292,769.4999999999498,50.0,1.0592109819250648,2023.9000000000124,2.6352739726025676,0.5130863374790283,-140.10000000002492,0.9896170692121258,50.3,50.3,,,,,,,,,,
60m,random_direction,798,292,-2063.299999999991,49.31506849315068,0.8568534539576388,3428.09999999999,-7.066095890410929,-0.6214145163194732,-140.10000000002492,0.9896170692121258,50.3,50.3,,,,,,,,,,
60m,random_direction,799,292,-3070.8999999999983,45.89041095890411,0.7942872837132658,4748.299999999999,-10.516780821917802,-0.5311869336256718,-140.10000000002492,0.9896170692121258,50.3,50.3,,,,,,,,,,
60m,random_direction,800,292,-1972.3000000000195,47.6027397260274,0.8627850672751799,2456.8000000000284,-6.754452054794587,-0.027722925584506876,-140.10000000002492,0.9896170692121258,50.3,50.3,,,,,,,,,,
60m,random_direction,801,292,214.6999999999864,53.76712328767124,1.0161892338201908,2159.5000000000155,0.7352739726026931,-0.8768547781197231,-140.10000000002492,0.9896170692121258,50.3,50.3,,,,,,,,,,
60m,random_direction,802,292,-1994.1000000000442,46.23287671232877,0.8614120803130205,2846.600000000012,-6.829109589041248,0.7369042900743524,-140.10000000002492,0.9896170692121258,50.3,50.3,,,,,,,,,,
60m,random_direction,803,292,1095.299999999979,51.71232876712328,1.0853835360149653,2100.7999999999993,3.751027397260202,0.22082298164109984,-140.10000000002492,0.9896170692121258,50.3,50.3,,,,,,,,,,
60m,random_direction,804,292,-2004.7000000000012,50.0,0.8606201765973719,2463.0999999999976,-6.865410958904113,-0.4513498402186966,-140.10000000002492,0.9896170692121258,50.3,50.3,,,,,,,,,,
60m,random_direction,805,292,1903.7000000000135,51.02739726027398,1.153205427417149,2870.599999999995,6.519520547945252,-0.08421000128982045,-140.10000000002492,0.9896170692121258,50.3,50.3,,,,,,,,,,
60m,random_direction,806,292,-2922.099999999999,48.63013698630137,0.8031632907384832,3297.200000000004,-10.007191780821914,-0.434902579139145,-140.10000000002492,0.9896170692121258,50.3,50.3,,,,,,,,,,
60m,random_direction,807,292,-2838.0999999999904,45.20547945205479,0.808408659785464,3588.69999999999,-9.719520547945173,0.15847587619004166,-140.10000000002492,0.9896170692121258,50.3,50.3,,,,,,,,,,
60m,random_direction,808,292,-3552.899999999989,45.20547945205479,0.7658051375348541,4333.09999999998,-12.16746575342462,0.13242729951278936,-140.10000000002492,0.9896170692121258,50.3,50.3,,,,,,,,,,
60m,random_direction,809,292,-310.70000000002096,48.28767123287671,0.9770541925763983,2370.400000000015,-1.0640410958904827,-0.44709808796719486,-140.10000000002492,0.9896170692121258,50.3,50.3,,,,,,,,,,
60m,random_direction,810,292,-2133.4999999999736,44.178082191780824,0.8524958517699135,3859.999999999998,-7.306506849314978,0.47271961870324175,-140.10000000002492,0.9896170692121258,50.3,50.3,,,,,,,,,,
60m,random_direction,811,292,1233.29999999999,50.34246575342466,1.0966308861552918,1873.4000000000053,4.223630136986267,0.38507166085457906,-140.10000000002492,0.9896170692121258,50.3,50.3,,,,,,,,,,
60m,random_direction,812,292,-708.4999999999651,48.97260273972603,0.9484258416742518,2025.8000000000197,-2.426369863013579,-0.3105947856376465,-140.10000000002492,0.9896170692121258,50.3,50.3,,,,,,,,,,
60m,random_direction,813,292,-66.10000000001014,51.369863013698634,0.9950705853400245,2209.6000000000063,-0.22636986301373335,0.1180636713725139,-140.10000000002492,0.9896170692121258,50.3,50.3,,,,,,,,,,
60m,random_direction,814,292,-1560.1000000000097,45.20547945205479,0.8899377059126466,2498.2000000000085,-5.342808219178115,0.5432130891860983,-140.10000000002492,0.9896170692121258,50.3,50.3,,,,,,,,,,
60m,random_direction,815,292,726.8999999999908,51.02739726027398,1.055856091226236,3268.000000000013,2.489383561643804,0.3542623872214055,-140.10000000002492,0.9896170692121258,50.3,50.3,,,,,,,,,,
60m,random_direction,816,292,-1102.6999999999828,48.97260273972603,0.9208660456704906,2528.4999999999986,-3.7763698630136395,-0.3969655991626448,-140.10000000002492,0.9896170692121258,50.3,50.3,,,,,,,,,,
60m,random_direction,817,292,133.4999999999509,48.97260273972603,1.0100251567604064,1792.3000000000093,0.4571917808217496,0.0926804794098635,-140.10000000002492,0.9896170692121258,50.3,50.3,,,,,,,,,,
60m,random_direction,818,292,1155.9000000000074,50.68493150684932,1.0903025710334917,3004.1000000000076,3.9585616438356417,-0.2340863918446092,-140.10000000002492,0.9896170692121258,50.3,50.3,,,,,,,,,,
60m,random_direction,819,292,3387.3000000000093,51.71232876712328,1.289968839884948,1171.0,11.600342465753457,0.10296645579736834,-140.10000000002492,0.9896170692121258,50.3,50.3,,,,,,,,,,
60m,random_direction,820,292,397.6999999999765,54.109589041095894,1.030197876960924,3138.300000000007,1.3619863013697826,0.21445607965816985,-140.10000000002492,0.9896170692121258,50.3,50.3,,,,,,,,,,
60m,random_direction,821,292,487.1000000000082,53.42465753424658,1.0371064439213542,2476.6999999999957,1.668150684931535,-0.24450001153407488,-140.10000000002492,0.9896170692121258,50.3,50.3,,,,,,,,,,
60m,random_direction,822,292,-460.499999999986,49.31506849315068,0.9661717929317057,2220.899999999988,-1.5770547945205,-0.05171925157076089,-140.10000000002492,0.9896170692121258,50.3,50.3,,,,,,,,,,
60m,random_direction,823,292,-1336.2999999999981,48.63013698630137,0.9049086303085506,2185.90000000001,-4.576369863013692,-0.0976815737418618,-140.10000000002492,0.9896170692121258,50.3,50.3,,,,,,,,,,
60m,random_direction,824,292,3259.2999999999834,56.5068493150685,1.2778222919294882,2585.100000000016,11.161986301369806,-0.7117915468771857,-140.10000000002492,0.9896170692121258,50.3,50.3,,,,,,,,,,
60m,random_direction,825,292,-360.0999999999898,50.0,0.9734453236189882,2551.1999999999953,-1.2332191780821569,0.0414536630545154,-140.10000000002492,0.9896170692121258,50.3,50.3,,,,,,,,,,
60m,random_direction,826,292,-241.4999999999751,50.0,0.9821129660627805,2072.900000000009,-0.8270547945204627,0.33659932946679283,-140.10000000002492,0.9896170692121258,50.3,50.3,,,,,,,,,,
60m,random_direction,827,292,438.7000000000303,49.31506849315068,1.0333275090592808,3312.9999999999877,1.5023972602740763,0.6085462343291693,-140.10000000002492,0.9896170692121258,50.3,50.3,,,,,,,,,,
60m,random_direction,828,292,-1590.300000000006,49.31506849315068,0.8878316805146069,2881.2000000000044,-5.44623287671235,-0.3026750472140723,-140.10000000002492,0.9896170692121258,50.3,50.3,,,,,,,,,,
60m,random_direction,829,292,1293.5000000000189,51.02739726027398,1.1016031859491489,1655.6999999999875,4.42979452054801,0.1300334333664775,-140.10000000002492,0.9896170692121258,50.3,50.3,,,,,,,,,,
60m,random_direction,830,292,-360.0999999999783,50.68493150684932,0.9734406230869669,2144.5999999999867,-1.2332191780821176,-0.5734290024040817,-140.10000000002492,0.9896170692121258,50.3,50.3,,,,,,,,,,
60m,random_direction,831,292,1268.6999999999944,50.0,1.0995378906158053,3199.1999999999925,4.34486301369861,0.15722363713953733,-140.10000000002492,0.9896170692121258,50.3,50.3,,,,,,,,,,
60m,random_direction,832,292,-3800.10000000001,43.83561643835616,0.7515998509638322,3782.30000000001,-13.014041095890445,-0.41949644426661725,-140.10000000002492,0.9896170692121258,50.3,50.3,,,,,,,,,,
60m,random_direction,833,292,-926.7000000000211,49.31506849315068,0.9330709230102542,2379.4000000000215,-3.1736301369863735,0.03271311129110022,-140.10000000002492,0.9896170692121258,50.3,50.3,,,,,,,,,,
60m,random_direction,834,292,-1548.5000000000168,47.26027397260274,0.890665047412605,2108.2000000000107,-5.30308219178088,-0.026188061813233177,-140.10000000002492,0.9896170692121258,50.3,50.3,,,,,,,,,,
60m,random_direction,835,292,851.3000000000278,48.63013698630137,1.065691797206577,1687.500000000009,2.915410958904205,0.6596609578619482,-140.10000000002492,0.9896170692121258,50.3,50.3,,,,,,,,,,
60m,random_direction,836,292,-3117.0999999999917,50.0,0.7913475955874485,3556.1999999999916,-10.674999999999972,-0.40383092892300854,-140.10000000002492,0.9896170692121258,50.3,50.3,,,,,,,,,,
60m,random_direction,837,292,1466.5000000000036,52.3972602739726,1.1160205696202534,2662.0999999999926,5.022260273972615,-0.027937835306690924,-140.10000000002492,0.9896170692121258,50.3,50.3,,,,,,,,,,
60m,random_direction,838,292,233.69999999999663,51.369863013698634,1.017624700221723,2440.8999999999824,0.8003424657534132,-0.15424919260757453,-140.10000000002492,0.9896170692121258,50.3,50.3,,,,,,,,,,
60m,random_direction,839,292,-3176.4999999999886,47.94520547945205,0.7878783831611572,4377.599999999983,-10.878424657534207,-0.5377478186311038,-140.10000000002492,0.9896170692121258,50.3,50.3,,,,,,,,,,
60m,random_direction,840,292,-2288.900000000005,47.94520547945205,0.8424783389650875,3019.499999999999,-7.838698630137004,0.07913278527896535,-140.10000000002492,0.9896170692121258,50.3,50.3,,,,,,,,,,
60m,random_direction,841,292,-1163.7000000000044,51.71232876712328,0.9166230807259386,3169.799999999999,-3.9852739726027546,-0.26869986137954155,-140.10000000002492,0.9896170692121258,50.3,50.3,,,,,,,,,,
60m,random_direction,842,292,1868.9000000000124,53.42465753424658,1.1502790241392076,2310.2999999999965,6.400342465753467,0.4883383911431104,-140.10000000002492,0.9896170692121258,50.3,50.3,,,,,,,,,,
60m,random_direction,843,292,-1175.300000000031,53.082191780821915,0.9158052337867923,3141.6000000000113,-4.025000000000107,-0.3109584042366168,-140.10000000002492,0.9896170692121258,50.3,50.3,,,,,,,,,,
60m,random_direction,844,292,-1359.6999999999884,51.71232876712328,0.9032593151240484,3192.3000000000025,-4.656506849315029,-0.3413393778504971,-140.10000000002492,0.9896170692121258,50.3,50.3,,,,,,,,,,
60m,random_direction,845,292,1297.299999999997,53.42465753424658,1.1019729602263793,1489.4000000000176,4.442808219178072,-0.6636285797222973,-140.10000000002492,0.9896170692121258,50.3,50.3,,,,,,,,,,
60m,random_direction,846,292,1763.3000000000143,50.68493150684932,1.141097863487238,2365.8000000000075,6.038698630137035,0.7260592444215429,-140.10000000002492,0.9896170692121258,50.3,50.3,,,,,,,,,,
60m,random_direction,847,292,366.89999999996235,50.68493150684932,1.0278055656602372,2916.7000000000053,1.2565068493149396,-0.4266700659754857,-140.10000000002492,0.9896170692121258,50.3,50.3,,,,,,,,,,
60m,random_direction,848,292,115.10000000000241,51.02739726027398,1.0086410762681963,2273.3000000000084,0.39417808219178907,0.34520391292884217,-140.10000000002492,0.9896170692121258,50.3,50.3,,,,,,,,,,
60m,random_direction,849,292,1272.7000000000417,51.71232876712328,1.0999034483841377,1717.1999999999844,4.358561643835759,-0.075540090738494,-140.10000000002492,0.9896170692121258,50.3,50.3,,,,,,,,,,
60m,random_direction,850,292,-645.0999999999863,51.02739726027398,0.9529117213389986,2201.3999999999937,-2.209246575342419,-0.030168185309608575,-140.10000000002492,0.9896170692121258,50.3,50.3,,,,,,,,,,
60m,random_direction,851,292,-2032.9000000000187,48.63013698630137,0.8588332511614006,4431.200000000026,-6.961986301369927,0.1216680676050179,-140.10000000002492,0.9896170692121258,50.3,50.3,,,,,,,,,,
60m,random_direction,852,292,126.30000000001917,51.369863013698634,1.0094868963652357,2435.999999999992,0.4325342465754081,-0.15959380913781637,-140.10000000002492,0.9896170692121258,50.3,50.3,,,,,,,,,,
60m,random_direction,853,292,-2765.3000000000284,49.31506849315068,0.8127112273025877,3675.000000000028,-9.470205479452153,0.10643404733928453,-140.10000000002492,0.9896170692121258,50.3,50.3,,,,,,,,,,
60m,random_direction,854,292,-1717.500000000019,46.57534246575342,0.8794686092045966,2723.499999999997,-5.881849315068559,0.15214938128011904,-140.10000000002492,0.9896170692121258,50.3,50.3,,,,,,,,,,
60m,random_direction,855,292,-1224.2999999999697,45.20547945205479,0.9125899588759445,3710.899999999978,-4.192808219177978,0.6412514838703426,-140.10000000002492,0.9896170692121258,50.3,50.3,,,,,,,,,,
60m,random_direction,856,292,931.2999999999748,51.71232876712328,1.0721378776142507,2027.2000000000003,3.1893835616437496,0.023160813836150713,-140.10000000002492,0.9896170692121258,50.3,50.3,,,,,,,,,,
60m,random_direction,857,292,707.699999999998,48.63013698630137,1.05430978911502,3852.4999999999923,2.4236301369862945,0.40610377097963507,-140.10000000002492,0.9896170692121258,50.3,50.3,,,,,,,,,,
60m,random_direction,858,292,-1063.7000000000126,47.6027397260274,0.9235820252164221,2350.7000000000035,-3.642808219178125,0.12386447388394455,-140.10000000002492,0.9896170692121258,50.3,50.3,,,,,,,,,,
60m,random_direction,859,292,700.0999999999992,47.26027397260274,1.0536944150445602,1707.3999999999992,2.397602739726025,0.549682117502019,-140.10000000002492,0.9896170692121258,50.3,50.3,,,,,,,,,,
60m,random_direction,860,292,-4452.2999999999865,48.28767123287671,0.7148045658941551,4938.399999999988,-15.24760273972598,-0.9321136855423041,-140.10000000002492,0.9896170692121258,50.3,50.3,,,,,,,,,,
60m,random_direction,861,292,-3703.1000000000076,43.15068493150685,0.7572087961081021,4009.399999999996,-12.681849315068519,0.6461158256044204,-140.10000000002492,0.9896170692121258,50.3,50.3,,,,,,,,,,
60m,random_direction,862,292,2306.69999999998,53.42465753424658,1.1888122191390595,1374.5000000000118,7.899657534246506,-0.013579901075578923,-140.10000000002492,0.9896170692121258,50.3,50.3,,,,,,,,,,
60m,random_direction,863,292,335.90000000001965,50.68493150684932,1.0254263589363182,2347.499999999987,1.150342465753492,0.2796896162525737,-140.10000000002492,0.9896170692121258,50.3,50.3,,,,,,,,,,
60m,random_direction,864,292,441.29999999999416,53.082191780821915,1.033556383544977,1588.5999999999904,1.5113013698629938,0.020169967124977553,-140.10000000002492,0.9896170692121258,50.3,50.3,,,,,,,,,,
60m,random_direction,865,292,-1284.7000000000048,49.65753424657534,0.908390142331498,3728.7000000000107,-4.399657534246592,-0.5535865448939138,-140.10000000002492,0.9896170692121258,50.3,50.3,,,,,,,,,,
60m,random_direction,866,292,19.29999999998836,51.369863013698634,1.0014438542679727,2551.4999999999986,0.06609589041091904,-0.38374001533391977,-140.10000000002492,0.9896170692121258,50.3,50.3,,,,,,,,,,
60m,random_direction,867,292,1296.1000000000226,49.31506849315068,1.1017810306104838,1133.8000000000047,4.438698630137064,0.29701957351573516,-140.10000000002492,0.9896170692121258,50.3,50.3,,,,,,,,,,
60m,random_direction,868,292,620.4999999999858,49.65753424657534,1.0474715017978717,1247.2000000000185,2.124999999999951,-0.014898922661798878,-140.10000000002492,0.9896170692121258,50.3,50.3,,,,,,,,,,
60m,random_direction,869,292,-1416.1000000000045,47.94520547945205,0.899526759044436,2629.3999999999965,-4.849657534246591,0.1928048777180556,-140.10000000002492,0.9896170692121258,50.3,50.3,,,,,,,,,,
60m,random_direction,870,292,-705.4999999999909,50.68493150684932,0.9486199111499533,2545.999999999981,-2.4160958904109275,-0.4334198788332949,-140.10000000002492,0.9896170692121258,50.3,50.3,,,,,,,,,,
60m,random_direction,871,292,-484.69999999999925,50.34246575342466,0.9644168085981089,2395.2999999999925,-1.6599315068493126,0.2843218720511227,-140.10000000002492,0.9896170692121258,50.3,50.3,,,,,,,,,,
60m,random_direction,872,292,-3229.700000000032,50.0,0.7846163079939428,3884.600000000048,-11.060616438356274,-0.5500927067806205,-140.10000000002492,0.9896170692121258,50.3,50.3,,,,,,,,,,
60m,random_direction,873,292,1932.9000000000024,48.97260273972603,1.1556631124569146,1719.1000000000054,6.619520547945213,0.765794715153188,-140.10000000002492,0.9896170692121258,50.3,50.3,,,,,,,,,,
60m,random_direction,874,292,-396.7000000000053,47.6027397260274,0.9708008243780356,1978.8000000000166,-1.3585616438356345,-0.07219025977812273,-140.10000000002492,0.9896170692121258,50.3,50.3,,,,,,,,,,
60m,random_direction,875,292,-1167.700000000009,48.28767123287671,0.916408358448289,2699.299999999993,-3.9989726027397565,0.4602171319192002,-140.10000000002492,0.9896170692121258,50.3,50.3,,,,,,,,,,
60m,random_direction,876,292,-1336.1000000000004,48.28767123287671,0.9049262450812265,3416.400000000027,-4.57568493150685,0.10799698511559026,-140.10000000002492,0.9896170692121258,50.3,50.3,,,,,,,,,,
60m,random_direction,877,292,2582.2999999999997,55.13698630136986,1.213863928112965,1104.500000000004,8.84349315068493,0.11898719919503974,-140.10000000002492,0.9896170692121258,50.3,50.3,,,,,,,,,,
60m,random_direction,878,292,739.0999999999779,51.02739726027398,1.0568184438926496,2091.799999999989,2.531164383561568,-0.2188742092109586,-140.10000000002492,0.9896170692121258,50.3,50.3,,,,,,,,,,
60m,random_direction,879,292,-1771.2999999999806,48.28767123287671,0.8758802878585106,3083.4999999999827,-6.066095890410892,0.42799456668212715,-140.10000000002492,0.9896170692121258,50.3,50.3,,,,,,,,,,
60m,random_direction,880,292,1169.2999999999774,50.68493150684932,1.091394403626698,1662.7000000000144,4.004452054794443,0.3050100921309603,-140.10000000002492,0.9896170692121258,50.3,50.3,,,,,,,,,,
60m,random_direction,881,292,-2431.8999999999833,45.89041095890411,0.8335250065031983,2574.2999999999915,-8.328424657534189,0.543326570167776,-140.10000000002492,0.9896170692121258,50.3,50.3,,,,,,,,,,
60m,random_direction,882,292,4098.899999999997,54.794520547945204,1.362196027145482,1452.1000000000154,14.037328767123277,0.2948316455236651,-140.10000000002492,0.9896170692121258,50.3,50.3,,,,,,,,,,
60m,random_direction,883,292,5117.699999999973,55.821917808219176,1.4736681352041725,1166.700000000012,17.526369863013606,0.6154647922940978,-140.10000000002492,0.9896170692121258,50.3,50.3,,,,,,,,,,
60m,random_direction,884,292,-3147.9000000000337,50.0,0.7895028954301666,6199.500000000027,-10.78047945205491,-0.8416193021946529,-140.10000000002492,0.9896170692121258,50.3,50.3,,,,,,,,,,
60m,random_direction,885,292,4227.899999999961,53.42465753424658,1.3755896488313584,1076.4000000000078,14.479109589040965,0.8056899632519091,-140.10000000002492,0.9896170692121258,50.3,50.3,,,,,,,,,,
60m,random_direction,886,292,268.1000000000423,52.054794520547944,1.0202489388377851,1927.599999999998,0.9181506849316518,0.41832243529670393,-140.10000000002492,0.9896170692121258,50.3,50.3,,,,,,,,,,
60m,random_direction,887,292,-3182.1000000000126,46.23287671232877,0.7876150493569242,4224.400000000023,-10.897602739726072,-0.7240956148442483,-140.10000000002492,0.9896170692121258,50.3,50.3,,,,,,,,,,
60m,random_direction,888,292,-3192.2999999999793,46.917808219178085,0.7869783394947231,4828.89999999998,-10.93253424657527,-0.5345103110044552,-140.10000000002492,0.9896170692121258,50.3,50.3,,,,,,,,,,
60m,random_direction,889,292,-575.6999999999932,49.65753424657534,0.9578831086172468,1712.0999999999963,-1.9715753424657303,0.15318363679210364,-140.10000000002492,0.9896170692121258,50.3,50.3,,,,,,,,,,
60m,random_direction,890,292,1274.1000000000172,48.97260273972603,1.0999560667158315,1412.399999999997,4.363356164383621,0.38335452288773136,-140.10000000002492,0.9896170692121258,50.3,50.3,,,,,,,,,,
60m,random_direction,891,292,864.5000000000283,52.054794520547944,1.0667980219440605,1951.9999999999868,2.9606164383562614,0.3161177924820023,-140.10000000002492,0.9896170692121258,50.3,50.3,,,,,,,,,,
60m,random_direction,892,292,149.4999999999821,47.26027397260274,1.011228866072299,2728.6000000000085,0.5119863013698017,0.6940266698683357,-140.10000000002492,0.9896170692121258,50.3,50.3,,,,,,,,,,
60m,random_direction,893,292,-3144.8999999999655,47.6027397260274,0.7897808169731506,3761.8999999999915,-10.770205479451937,0.02092305492371844,-140.10000000002492,0.9896170692121258,50.3,50.3,,,,,,,,,,
60m,random_direction,894,292,-1568.8999999999664,51.369863013698634,0.8892074544337523,2407.2999999999665,-5.372945205479337,0.15049792220474298,-140.10000000002492,0.9896170692121258,50.3,50.3,,,,,,,,,,
60m,random_direction,895,292,-1443.899999999989,48.28767123287671,0.8976509115653982,2743.3999999999987,-4.944863013698592,0.018726639434372024,-140.10000000002492,0.9896170692121258,50.3,50.3,,,,,,,,,,
60m,random_direction,896,292,-593.1000000000424,49.65753424657534,0.9566377633829971,4445.70000000001,-2.031164383561789,0.2398868778688036,-140.10000000002492,0.9896170692121258,50.3,50.3,,,,,,,,,,
60m,random_direction,897,292,-2452.700000000006,47.6027397260274,0.8321631904527287,2895.2000000000035,-8.399657534246597,-0.763877669926309,-140.10000000002492,0.9896170692121258,50.3,50.3,,,,,,,,,,
60m,random_direction,898,292,-0.2999999999913143,47.94520547945205,0.9999775891950046,2764.8000000000065,-0.0010273972602442272,0.31462452083783543,-140.10000000002492,0.9896170692121258,50.3,50.3,,,,,,,,,,
60m,random_direction,899,292,-3867.900000000001,47.26027397260274,0.7475689504392206,4444.000000000001,-13.246232876712332,-0.25924681956517326,-140.10000000002492,0.9896170692121258,50.3,50.3,,,,,,,,,,
60m,random_direction,900,292,3006.899999999998,50.68493150684932,1.2532083670169762,1313.800000000001,10.29760273972602,0.09653739310688361,-140.10000000002492,0.9896170692121258,50.3,50.3,,,,,,,,,,
60m,random_direction,901,292,2176.099999999964,50.68493150684932,1.1770540087546548,2912.400000000015,7.452397260273849,0.2352852402097662,-140.10000000002492,0.9896170692121258,50.3,50.3,,,,,,,,,,
60m,random_direction,902,292,-1008.2999999999842,48.28767123287671,0.9274050714933701,2412.699999999999,-3.4530821917807675,0.11612361018615651,-140.10000000002492,0.9896170692121258,50.3,50.3,,,,,,,,,,
60m,random_direction,903,292,-2290.8999999999546,48.63013698630137,0.842329848517178,3241.0999999999585,-7.845547945205324,0.08542951408614206,-140.10000000002492,0.9896170692121258,50.3,50.3,,,,,,,,,,
60m,random_direction,904,292,-397.1000000000555,49.65753424657534,0.9707588989852834,1422.200000000017,-1.359931506849505,0.1400230199930307,-140.10000000002492,0.9896170692121258,50.3,50.3,,,,,,,,,,
60m,random_direction,905,292,1193.4999999999677,53.082191780821915,1.0934253888484422,1692.2000000000062,4.087328767123177,0.3254320839044275,-140.10000000002492,0.9896170692121258,50.3,50.3,,,,,,,,,,
60m,random_direction,906,292,-2484.3000000000256,46.917808219178085,0.8302076356329521,3721.400000000015,-8.507876712328855,-0.025792371780493272,-140.10000000002492,0.9896170692121258,50.3,50.3,,,,,,,,,,
60m,random_direction,907,292,-2445.3000000000275,46.23287671232877,0.8326775829153621,2683.5000000000227,-8.374315068493244,-0.17395567664576353,-140.10000000002492,0.9896170692121258,50.3,50.3,,,,,,,,,,
60m,random_direction,908,292,-1293.900000000006,51.71232876712328,0.9077248933833489,1804.4000000000005,-4.431164383561664,-0.5563252301499316,-140.10000000002492,0.9896170692121258,50.3,50.3,,,,,,,,,,
60m,random_direction,909,292,-81.10000000001565,48.28767123287671,0.9939595715839168,2430.6000000000004,-0.2777397260274509,0.3197541242262971,-140.10000000002492,0.9896170692121258,50.3,50.3,,,,,,,,,,
60m,random_direction,910,292,778.3000000000256,51.71232876712328,1.05993146729296,2655.0999999999954,2.6654109589041974,-0.06301616838266037,-140.10000000002492,0.9896170692121258,50.3,50.3,,,,,,,,,,
60m,random_direction,911,292,1218.3000000000375,50.34246575342466,1.095399553658826,1836.2999999999863,4.172260273972731,0.3743103370251908,-140.10000000002492,0.9896170692121258,50.3,50.3,,,,,,,,,,
60m,random_direction,912,292,-2751.099999999972,46.917808219178085,0.813671705678372,3865.7999999999756,-9.421575342465658,-0.7681108521635384,-140.10000000002492,0.9896170692121258,50.3,50.3,,,,,,,,,,
60m,random_direction,913,292,1763.700000000002,55.47945205479452,1.1412949432801385,1766.3999999999883,6.0400684931506925,-0.4777076702271716,-140.10000000002492,0.9896170692121258,50.3,50.3,,,,,,,,,,
60m,random_direction,914,292,-1751.5000000000168,47.26027397260274,0.8772083567021862,3661.5000000000246,-5.9982876712329345,-0.5104894477688818,-140.10000000002492,0.9896170692121258,50.3,50.3,,,,,,,,,,
60m,random_direction,915,292,-1409.0999999999879,47.26027397260274,0.900012772479565,2312.7999999999965,-4.8256849315068076,0.40547056957644845,-140.10000000002492,0.9896170692121258,50.3,50.3,,,,,,,,,,
60m,random_direction,916,292,-560.6999999999786,50.34246575342466,0.958951945884215,2178.100000000001,-1.9202054794519814,-0.4409485194781494,-140.10000000002492,0.9896170692121258,50.3,50.3,,,,,,,,,,
60m,random_direction,917,292,705.699999999975,50.34246575342466,1.0541745992753158,2716.0000000000236,2.416780821917723,-0.02861338153568905,-140.10000000002492,0.9896170692121258,50.3,50.3,,,,,,,,,,
60m,random_direction,918,292,1848.9000000000392,52.73972602739726,1.1485274979515143,2875.5999999999913,6.331849315068627,-0.13297666429317884,-140.10000000002492,0.9896170692121258,50.3,50.3,,,,,,,,,,
60m,random_direction,919,292,-1098.2999999999956,51.02739726027398,0.9211353975183827,3848.199999999996,-3.761301369862999,0.02455667891974584,-140.10000000002492,0.9896170692121258,50.3,50.3,,,,,,,,,,
60m,random_direction,920,292,2955.499999999994,52.054794520547944,1.2484260605703998,2334.9000000000124,10.121575342465734,0.19405510287461408,-140.10000000002492,0.9896170692121258,50.3,50.3,,,,,,,,,,
60m,random_direction,921,292,-142.09999999998342,48.63013698630137,0.9894394197254708,2078.399999999995,-0.4866438356163816,0.029054840874868863,-140.10000000002492,0.9896170692121258,50.3,50.3,,,,,,,,,,
60m,random_direction,922,292,1330.8999999999926,49.31506849315068,1.1046568319073975,2553.500000000003,4.557876712328742,0.3563777992822473,-140.10000000002492,0.9896170692121258,50.3,50.3,,,,,,,,,,
60m,random_direction,923,292,-2376.3000000000047,45.89041095890411,0.8370209322103644,4486.200000000032,-8.138013698630154,-0.19289524246859077,-140.10000000002492,0.9896170692121258,50.3,50.3,,,,,,,,,,
60m,random_direction,924,292,1703.5000000000098,51.02739726027398,1.136002554788233,1373.0000000000068,5.833904109589074,0.12700674278928717,-140.10000000002492,0.9896170692121258,50.3,50.3,,,,,,,,,,
60m,random_direction,925,292,-1998.3000000000047,44.86301369863014,0.8611790368744268,3488.4000000000087,-6.843493150684948,0.12067584668983555,-140.10000000002492,0.9896170692121258,50.3,50.3,,,,,,,,,,
60m,random_direction,926,292,2257.700000000027,49.65753424657534,1.1842659397342585,1935.099999999995,7.731849315068586,0.9379740914657977,-140.10000000002492,0.9896170692121258,50.3,50.3,,,,,,,,,,
60m,random_direction,927,292,-705.300000000021,49.65753424657534,0.948645322887161,2322.199999999991,-2.4154109589041814,0.10547547810243789,-140.10000000002492,0.9896170692121258,50.3,50.3,,,,,,,,,,
60m,random_direction,928,292,699.6999999999946,51.71232876712328,1.0537164703895343,2179.9000000000074,2.3962328767123102,0.24214925078118935,-140.10000000002492,0.9896170692121258,50.3,50.3,,,,,,,,,,
60m,random_direction,929,292,-1073.499999999994,44.178082191780824,0.9229582316635571,1920.700000000005,-3.6763698630136785,1.072138801735114,-140.10000000002492,0.9896170692121258,50.3,50.3,,,,,,,,,,
60m,random_direction,930,292,-1277.1000000000029,50.0,0.9089035037662633,3589.6,-4.3736301369863115,-0.6994992473458348,-140.10000000002492,0.9896170692121258,50.3,50.3,,,,,,,,,,
60m,random_direction,931,292,-1804.4999999999488,47.6027397260274,0.8737184646068825,2485.7999999999847,-6.17979452054777,0.4687584058866949,-140.10000000002492,0.9896170692121258,50.3,50.3,,,,,,,,,,
60m,random_direction,932,292,-1704.899999999991,48.28767123287671,0.8802578995792985,2767.2999999999915,-5.838698630136956,0.13130801863971223,-140.10000000002492,0.9896170692121258,50.3,50.3,,,,,,,,,,
60m,random_direction,933,292,2183.299999999962,50.68493150684932,1.1776918694555185,1455.3000000000038,7.477054794520417,-0.16815820088981084,-140.10000000002492,0.9896170692121258,50.3,50.3,,,,,,,,,,
60m,random_direction,934,292,-1119.6999999999962,49.65753424657534,0.9196858300756736,2968.6999999999957,-3.834589041095877,-0.1742372840760162,-140.10000000002492,0.9896170692121258,50.3,50.3,,,,,,,,,,
60m,random_direction,935,292,1567.2999999999706,50.68493150684932,1.1244382691544237,1313.9000000000228,5.367465753424557,-0.13614202850883925,-140.10000000002492,0.9896170692121258,50.3,50.3,,,,,,,,,,
60m,random_direction,936,292,3702.2999999999843,53.42465753424658,1.3213941577325385,2589.399999999997,12.679109589041042,0.26771100460960656,-140.10000000002492,0.9896170692121258,50.3,50.3,,,,,,,,,,
60m,random_direction,937,292,2815.300000000032,53.76712328767124,1.2353536197960235,1957.1999999999978,9.641438356164493,0.29459485504887606,-140.10000000002492,0.9896170692121258,50.3,50.3,,,,,,,,,,
60m,random_direction,938,292,-308.89999999996917,46.23287671232877,0.9771957152454306,2391.699999999994,-1.0578767123286614,0.7532249905745348,-140.10000000002492,0.9896170692121258,50.3,50.3,,,,,,,,,,
60m,random_direction,939,292,-539.7000000000285,47.94520547945205,0.9604791997715285,1925.000000000005,-1.848287671232974,0.3465300990115189,-140.10000000002492,0.9896170692121258,50.3,50.3,,,,,,,,,,
60m,random_direction,940,292,-2147.9000000000196,50.68493150684932,0.8513831421335941,3253.9999999999927,-7.355821917808287,0.1657529348714653,-140.10000000002492,0.9896170692121258,50.3,50.3,,,,,,,,,,
60m,random_direction,941,292,-3010.300000000022,50.0,0.797768283015571,4389.700000000028,-10.309246575342542,-0.2618792740475071,-140.10000000002492,0.9896170692121258,50.3,50.3,,,,,,,,,,
60m,random_direction,942,292,-2345.7000000000153,47.6027397260274,0.8388997630575864,3406.7000000000053,-8.033219178082245,0.14788663790716502,-140.10000000002492,0.9896170692121258,50.3,50.3,,,,,,,,,,
60m,random_direction,943,292,-725.0999999999933,50.0,0.9472378263527088,2473.3999999999924,-2.483219178082169,-0.46385493529740446,-140.10000000002492,0.9896170692121258,50.3,50.3,,,,,,,,,,
60m,random_direction,944,292,108.90000000000691,50.34246575342466,1.008172730547551,2336.8000000000015,0.37294520547947574,-0.122763795697722,-140.10000000002492,0.9896170692121258,50.3,50.3,,,,,,,,,,
60m,random_direction,945,292,-342.8999999999987,50.34246575342466,0.9746950342048752,2379.4999999999927,-1.1743150684931463,-0.07866037577034839,-140.10000000002492,0.9896170692121258,50.3,50.3,,,,,,,,,,
60m,random_direction,946,292,-243.49999999995862,47.6027397260274,0.9819749796432039,2892.9999999999604,-0.8339041095888994,0.3822479389847192,-140.10000000002492,0.9896170692121258,50.3,50.3,,,,,,,,,,
60m,random_direction,947,292,903.4999999999926,51.369863013698634,1.0699059924948737,1621.6000000000058,3.0941780821917555,0.01444797177338874,-140.10000000002492,0.9896170692121258,50.3,50.3,,,,,,,,,,
60m,random_direction,948,292,78.30000000000928,50.34246575342466,1.0058695212179825,2179.400000000005,0.2681506849315386,0.08794699592819785,-140.10000000002492,0.9896170692121258,50.3,50.3,,,,,,,,,,
60m,random_direction,949,292,1411.49999999998,54.109589041095894,1.111470878578478,1240.5000000000205,4.833904109588973,0.2531550060225041,-140.10000000002492,0.9896170692121258,50.3,50.3,,,,,,,,,,
60m,random_direction,950,292,101.8999999999877,52.054794520547944,1.0076480256985663,1819.6000000000013,0.3489726027396839,0.20086034643206527,-140.10000000002492,0.9896170692121258,50.3,50.3,,,,,,,,,,
60m,random_direction,951,292,1797.3000000000175,54.794520547945204,1.1441576566460279,2780.699999999992,6.15513698630143,-0.5009068752817019,-140.10000000002492,0.9896170692121258,50.3,50.3,,,,,,,,,,
60m,random_direction,952,292,-2583.699999999969,52.054794520547944,0.823831829866156,3037.799999999982,-8.84828767123277,-0.45174655071928244,-140.10000000002492,0.9896170692121258,50.3,50.3,,,,,,,,,,
60m,random_direction,953,292,295.69999999996946,46.23287671232877,1.0223281030551044,1829.8000000000131,1.0126712328766077,-0.14415277835532161,-140.10000000002492,0.9896170692121258,50.3,50.3,,,,,,,,,,
60m,random_direction,954,292,-81.50000000001819,48.63013698630137,0.9939294173730379,3667.5000000000073,-0.2791095890411582,0.13717653302638744,-140.10000000002492,0.9896170692121258,50.3,50.3,,,,,,,,,,
60m,random_direction,955,292,586.3000000000184,54.45205479452054,1.0448430150292571,3353.199999999989,2.00787671232883,-0.314094069102301,-140.10000000002492,0.9896170692121258,50.3,50.3,,,,,,,,,,
60m,random_direction,956,292,-2049.2999999999806,48.97260273972603,0.8577655314098528,3275.2999999999993,-7.018150684931441,0.37947988620617606,-140.10000000002492,0.9896170692121258,50.3,50.3,,,,,,,,,,
60m,random_direction,957,292,-1728.1000000000047,50.34246575342466,0.8786761866649816,2753.6000000000095,-5.918150684931523,-0.17390129499775453,-140.10000000002492,0.9896170692121258,50.3,50.3,,,,,,,,,,
60m,random_direction,958,292,1771.1000000000342,52.054794520547944,1.1418116597673198,1129.5999999999858,6.065410958904227,-0.25029762742327333,-140.10000000002492,0.9896170692121258,50.3,50.3,,,,,,,,,,
60m,random_direction,959,292,183.29999999998427,48.28767123287671,1.0137885899981938,1823.400000000001,0.6277397260273434,0.39077916407273844,-140.10000000002492,0.9896170692121258,50.3,50.3,,,,,,,,,,
60m,random_direction,960,292,1448.0999999999926,50.34246575342466,1.1144236543506427,1625.3000000000034,4.959246575342441,-0.0776294801434114,-140.10000000002492,0.9896170692121258,50.3,50.3,,,,,,,,,,
60m,random_direction,961,292,-210.3000000000078,51.02739726027398,0.9844023496603075,1988.2999999999938,-0.7202054794520815,-0.21531636383862807,-140.10000000002492,0.9896170692121258,50.3,50.3,,,,,,,,,,
60m,random_direction,962,292,284.89999999999804,53.082191780821915,1.0215356937683304,2130.799999999997,0.9756849315068427,-0.24723079934694459,-140.10000000002492,0.9896170692121258,50.3,50.3,,,,,,,,,,
60m,random_direction,963,292,-1509.4999999999964,49.31506849315068,0.8932234561788219,4160.299999999987,-5.169520547945193,0.20925127093193757,-140.10000000002492,0.9896170692121258,50.3,50.3,,,,,,,,,,
60m,random_direction,964,292,-280.3000000000293,46.917808219178085,0.979282155897525,2875.9000000000083,-0.9599315068494154,0.3483482391329374,-140.10000000002492,0.9896170692121258,50.3,50.3,,,,,,,,,,
60m,random_direction,965,292,3064.6999999999807,55.13698630136986,1.2589982168361076,1182.7999999999984,10.495547945205413,0.508293876488236,-140.10000000002492,0.9896170692121258,50.3,50.3,,,,,,,,,,
60m,random_direction,966,292,4232.499999999986,57.87671232876712,1.3765100432330475,1188.5000000000132,14.494863013698584,0.1227186970666718,-140.10000000002492,0.9896170692121258,50.3,50.3,,,,,,,,,,
60m,random_direction,967,292,-2548.1000000000035,48.97260273972603,0.8261596294097983,3709.600000000015,-8.72636986301371,-0.21175609574147736,-140.10000000002492,0.9896170692121258,50.3,50.3,,,,,,,,,,
60m,random_direction,968,292,-4106.100000000008,47.26027397260274,0.7340832701909811,4839.40000000002,-14.06198630136989,-0.5925114059764087,-140.10000000002492,0.9896170692121258,50.3,50.3,,,,,,,,,,
60m,random_direction,969,292,981.1000000000054,52.054794520547944,1.0761504847210042,1934.2000000000116,3.3599315068493336,-0.5665090486564869,-140.10000000002492,0.9896170692121258,50.3,50.3,,,,,,,,,,
60m,random_direction,970,292,1574.6999999999803,48.97260273972603,1.125016870568993,2100.0999999999926,5.392808219178015,-0.18527059610610028,-140.10000000002492,0.9896170692121258,50.3,50.3,,,,,,,,,,
60m,random_direction,971,292,-1238.1000000000151,51.369863013698634,0.9115371149710257,2597.8000000000093,-4.240068493150737,-0.4161213947909255,-140.10000000002492,0.9896170692121258,50.3,50.3,,,,,,,,,,
60m,random_direction,972,292,-5205.100000000029,44.86301369863014,0.6746365125204702,6369.800000000023,-17.82568493150695,-0.6570569817392373,-140.10000000002492,0.9896170692121258,50.3,50.3,,,,,,,,,,
60m,random_direction,973,292,-2890.8999999999946,46.57534246575342,0.8051442090576368,4951.299999999998,-9.900342465753406,0.032801363866249024,-140.10000000002492,0.9896170692121258,50.3,50.3,,,,,,,,,,
60m,random_direction,974,292,-504.69999999998936,52.3972602739726,0.9629605166593284,4037.9999999999945,-1.7284246575342102,-0.739998079597113,-140.10000000002492,0.9896170692121258,50.3,50.3,,,,,,,,,,
60m,random_direction,975,292,726.900000000005,49.65753424657534,1.0558389282367224,1969.5000000000118,2.489383561643853,0.13077712687669332,-140.10000000002492,0.9896170692121258,50.3,50.3,,,,,,,,,,
60m,random_direction,976,292,-1429.3000000000245,46.917808219178085,0.8986592360978154,2720.30000000003,-4.894863013698714,0.013613692050809536,-140.10000000002492,0.9896170692121258,50.3,50.3,,,,,,,,,,
60m,random_direction,977,292,-1031.1000000000022,47.94520547945205,0.9258318827235976,2349.2999999999925,-3.5311643835616513,-0.5495732655991761,-140.10000000002492,0.9896170692121258,50.3,50.3,,,,,,,,,,
60m,random_direction,978,292,258.70000000002346,50.68493150684932,1.0195261493407017,2699.899999999984,0.8859589041096694,-0.27387742819164973,-140.10000000002492,0.9896170692121258,50.3,50.3,,,,,,,,,,
60m,random_direction,979,292,1572.9000000000287,49.31506849315068,1.124874958319442,1398.9999999999939,5.386643835616537,0.40229138813093795,-140.10000000002492,0.9896170692121258,50.3,50.3,,,,,,,,,,
60m,random_direction,980,292,1794.3000000000025,51.71232876712328,1.1437913210722446,2009.2999999999897,6.144863013698639,-0.19209219542332262,-140.10000000002492,0.9896170692121258,50.3,50.3,,,,,,,,,,
60m,random_direction,981,292,-74.09999999999422,51.71232876712328,0.9944753852691857,1775.1000000000008,-0.25376712328765144,-0.8819999378306538,-140.10000000002492,0.9896170692121258,50.3,50.3,,,,,,,,,,
60m,random_direction,982,292,-5.699999999988904,52.3972602739726,0.9995738668221688,2875.000000000009,-0.01952054794516748,-0.1859356817486498,-140.10000000002492,0.9896170692121258,50.3,50.3,,,,,,,,,,
60m,random_direction,983,292,-515.49999999999,48.28767123287671,0.9622150553397357,1978.500000000006,-1.7654109589040754,-0.5501491125790272,-140.10000000002492,0.9896170692121258,50.3,50.3,,,,,,,,,,
60m,random_direction,984,292,-1325.700000000033,48.97260273972603,0.9056206172356079,2208.7000000000116,-4.540068493150798,0.5233134500571134,-140.10000000002492,0.9896170692121258,50.3,50.3,,,,,,,,,,
60m,random_direction,985,292,684.8999999999552,50.34246575342466,1.0525358983799669,1915.0000000000014,2.345547945205326,0.8057074164734144,-140.10000000002492,0.9896170692121258,50.3,50.3,,,,,,,,,,
60m,random_direction,986,292,1117.699999999998,53.42465753424658,1.0872426120486438,2428.5999999999995,3.8277397260273904,0.3036821017419048,-140.10000000002492,0.9896170692121258,50.3,50.3,,,,,,,,,,
60m,random_direction,987,292,-509.8999999999718,50.0,0.962605239226732,2115.8999999999883,-1.7462328767122322,-0.032729105330626174,-140.10000000002492,0.9896170692121258,50.3,50.3,,,,,,,,,,
60m,random_direction,988,292,1144.2999999999888,51.71232876712328,1.0893767915582935,2603.100000000013,3.918835616438318,0.32604938820039125,-140.10000000002492,0.9896170692121258,50.3,50.3,,,,,,,,,,
60m,random_direction,989,292,-1547.499999999975,52.3972602739726,0.890612850781086,3927.0000000000045,-5.2996575342464896,-0.797004444659905,-140.10000000002492,0.9896170692121258,50.3,50.3,,,,,,,,,,
60m,random_direction,990,292,1245.099999999998,47.6027397260274,1.0975424412637977,2507.800000000007,4.264041095890405,-0.03622472911762852,-140.10000000002492,0.9896170692121258,50.3,50.3,,,,,,,,,,
60m,random_direction,991,292,1741.1000000000101,54.109589041095894,1.1393091749945998,1218.700000000008,5.9626712328767475,0.12230249987742406,-140.10000000002492,0.9896170692121258,50.3,50.3,,,,,,,,,,
60m,random_direction,992,292,-593.2999999999779,51.02739726027398,0.9566120386418333,3987.0999999999785,-2.0318493150684174,0.42535091765048033,-140.10000000002492,0.9896170692121258,50.3,50.3,,,,,,,,,,
60m,random_direction,993,292,-1922.500000000012,48.97260273972603,0.8659802438497299,2797.499999999989,-6.583904109589082,-0.4568485587791898,-140.10000000002492,0.9896170692121258,50.3,50.3,,,,,,,,,,
60m,random_direction,994,292,-3340.8999999999864,46.23287671232877,0.7781916200264251,4229.899999999995,-11.441438356164337,-0.023165217323892637,-140.10000000002492,0.9896170692121258,50.3,50.3,,,,,,,,,,
60m,random_direction,995,292,-3513.4999999999745,50.0,0.7678866353967115,4595.499999999981,-12.032534246575254,-1.136782080699875,-140.10000000002492,0.9896170692121258,50.3,50.3,,,,,,,,,,
60m,random_direction,996,292,1988.5000000000177,52.054794520547944,1.160616781364093,1633.100000000008,6.8099315068493755,-0.11759579197743161,-140.10000000002492,0.9896170692121258,50.3,50.3,,,,,,,,,,
60m,random_direction,997,292,1290.7000000000226,51.71232876712328,1.101391212813928,1595.9000000000078,4.420205479452132,0.2854555470568434,-140.10000000002492,0.9896170692121258,50.3,50.3,,,,,,,,,,
60m,random_direction,998,292,-231.70000000001346,48.63013698630137,0.9828371641691535,2341.400000000007,-0.7934931506849776,-0.003226454861910001,-140.10000000002492,0.9896170692121258,50.3,50.3,,,,,,,,,,
60m,random_direction,999,292,-2072.8999999999915,45.89041095890411,0.8563389261977539,3314.8999999999987,-7.098972602739697,-0.017229045067109393,-140.10000000002492,0.9896170692121258,50.3,50.3,,,,,,,,,,
60m,actual,-1,292,-140.10000000002492,35.273972602739725,0.9896170692121258,2067.1000000000026,-0.47979452054803057,1.5506900851220786,-140.10000000002492,0.9896170692121258,50.3,50.3,129.6427184466019,-71.3931216931218,1.8158992823406965,-30.49999999999875,574.9999999999991,-258.49999999999886,64.03767123287672,8.208519306233711,21.42782254440884,33.1890483180062
240m,random_direction,0,70,1833.7999999999874,52.85714285714286,1.321933920859518,1846.2000000000037,26.197142857142676,0.5480594918989877,1746.6000000000138,1.3038727861094705,77.5,77.5,,,,,,,,,,
240m,random_direction,1,70,-2839.4000000000106,48.57142857142857,0.6466562134448335,4242.900000000007,-40.5628571428573,-1.4040856536820048,1746.6000000000138,1.3038727861094705,77.5,77.5,,,,,,,,,,
240m,random_direction,2,70,6623.600000000006,65.71428571428571,3.01184582206968,956.0999999999957,94.62285714285723,1.5663473514652135,1746.6000000000138,1.3038727861094705,77.5,77.5,,,,,,,,,,
240m,random_direction,3,70,1062.0000000000136,57.14285714285714,1.1746969123718998,2016.800000000002,15.171428571428766,-0.4464405945072383,1746.6000000000138,1.3038727861094705,77.5,77.5,,,,,,,,,,
240m,random_direction,4,70,83.59999999999161,44.285714285714285,1.0127103826798216,3093.800000000006,1.1942857142855945,-0.7780203658020352,1746.6000000000138,1.3038727861094705,77.5,77.5,,,,,,,,,,
240m,random_direction,5,70,-593.2000000000054,55.714285714285715,0.9141248172329426,2755.0000000000055,-8.474285714285791,-0.9256638194992023,1746.6000000000138,1.3038727861094705,77.5,77.5,,,,,,,,,,
240m,random_direction,6,70,1227.8000000000093,52.85714285714286,1.2046606214161906,1278.4999999999982,17.540000000000134,1.3679007438236346,1746.6000000000138,1.3038727861094705,77.5,77.5,,,,,,,,,,
240m,random_direction,7,70,-4471.399999999989,32.857142857142854,0.49548675362188144,4890.799999999983,-63.877142857142694,0.45627474086245434,1746.6000000000138,1.3038727861094705,77.5,77.5,,,,,,,,,,
240m,random_direction,8,70,3711.599999999994,55.714285714285715,1.780518579269445,1032.9000000000028,53.022857142857056,-0.006110401566361711,1746.6000000000138,1.3038727861094705,77.5,77.5,,,,,,,,,,
240m,random_direction,9,70,-3386.999999999999,52.85714285714286,0.592251944237113,3941.7999999999993,-48.38571428571427,-1.1568062622867668,1746.6000000000138,1.3038727861094705,77.5,77.5,,,,,,,,,,
240m,random_direction,10,70,-907.4000000000055,45.714285714285715,0.8716875477247653,2189.4000000000005,-12.962857142857223,-0.746062105206021,1746.6000000000138,1.3038727861094705,77.5,77.5,,,,,,,,,,
240m,random_direction,11,70,-1426.400000000005,44.285714285714285,0.8054634971291406,2379.3000000000015,-20.37714285714293,0.1752110418937094,1746.6000000000138,1.3038727861094705,77.5,77.5,,,,,,,,,,
240m,random_direction,12,70,-862.2000000000052,45.714285714285715,0.8776882483118646,2087.100000000004,-12.317142857142931,0.20782592417939832,1746.6000000000138,1.3038727861094705,77.5,77.5,,,,,,,,,,
240m,random_direction,13,70,-2690.600000000005,45.714285714285715,0.6621292412788504,3153.800000000007,-38.43714285714293,-0.4089543403252683,1746.6000000000138,1.3038727861094705,77.5,77.5,,,,,,,,,,
240m,random_direction,14,70,-3042.399999999997,41.42857142857143,0.6263463640494704,3584.699999999992,-43.4628571428571,0.19792754734107731,1746.6000000000138,1.3038727861094705,77.5,77.5,,,,,,,,,,
240m,random_direction,15,70,-3115.5999999999876,32.857142857142854,0.6193478234309533,3062.1999999999925,-44.50857142857125,0.34210796597334275,1746.6000000000138,1.3038727861094705,77.5,77.5,,,,,,,,,,
240m,random_direction,16,70,3793.400000000005,52.85714285714286,1.8042998897464175,1307.4000000000067,54.191428571428645,1.5923910858677637,1746.6000000000138,1.3038727861094705,77.5,77.5,,,,,,,,,,
240m,random_direction,17,70,-1656.4000000000115,45.714285714285715,0.77755395296993,4330.300000000001,-23.662857142857305,-1.166060862184129,1746.6000000000138,1.3038727861094705,77.5,77.5,,,,,,,,,,
240m,random_direction,18,70,173.40000000000543,47.14285714285714,1.0265527379639845,2265.799999999999,2.4771428571429346,0.469193355901681,1746.6000000000138,1.3038727861094705,77.5,77.5,,,,,,,,,,
240m,random_direction,19,70,-2141.2000000000025,38.57142857142858,0.7216943733184292,3239.4000000000015,-30.588571428571466,-0.520718846950769,1746.6000000000138,1.3038727861094705,77.5,77.5,,,,,,,,,,
240m,random_direction,20,70,-2081.9999999999973,47.14285714285714,0.7281309985505545,2229.499999999995,-29.742857142857105,-0.443837004462245,1746.6000000000138,1.3038727861094705,77.5,77.5,,,,,,,,,,
240m,random_direction,21,70,898.4000000000055,48.57142857142857,1.1456809742334082,2343.4999999999927,12.834285714285793,0.8604822144055325,1746.6000000000138,1.3038727861094705,77.5,77.5,,,,,,,,,,
240m,random_direction,22,70,-3689.599999999994,45.714285714285715,0.564026515733378,4525.499999999989,-52.70857142857134,-1.4219715695075665,1746.6000000000138,1.3038727861094705,77.5,77.5,,,,,,,,,,
240m,random_direction,23,70,1878.600000000002,57.14285714285714,1.3312760104394445,2190.9000000000037,26.837142857142886,0.2830929409062562,1746.6000000000138,1.3038727861094705,77.5,77.5,,,,,,,,,,
240m,random_direction,24,70,-4470.400000000012,42.857142857142854,0.4951723826409037,5236.000000000001,-63.86285714285732,-1.5718731922732812,1746.6000000000138,1.3038727861094705,77.5,77.5,,,,,,,,,,
240m,random_direction,25,70,-392.20000000001244,52.85714285714286,0.942401456852492,2134.100000000003,-5.602857142857321,-0.28178183192847195,1746.6000000000138,1.3038727861094705,77.5,77.5,,,,,,,,,,
240m,random_direction,26,70,-1742.3999999999846,47.14285714285714,0.7673170145426885,3734.4999999999936,-24.891428571428353,-0.04141437225467267,1746.6000000000138,1.3038727861094705,77.5,77.5,,,,,,,,,,
240m,random_direction,27,70,56.80000000000541,48.57142857142857,1.0086221291194206,2245.2,0.8114285714286488,0.8591206985795276,1746.6000000000138,1.3038727861094705,77.5,77.5,,,,,,,,,,
240m,random_direction,28,70,3366.7999999999856,52.85714285714286,1.6829624520761868,1523.2000000000003,48.09714285714265,0.969847312210808,1746.6000000000138,1.3038727861094705,77.5,77.5,,,,,,,,,,
240m,random_direction,29,70,3268.7999999999947,54.285714285714285,1.656688832191573,1423.1000000000067,46.69714285714278,0.5869341633609305,1746.6000000000138,1.3038727861094705,77.5,77.5,,,,,,,,,,
240m,random_direction,30,70,1613.6000000000045,54.285714285714285,1.2779529051039573,1206.700000000001,23.051428571428634,0.532878358550976,1746.6000000000138,1.3038727861094705,77.5,77.5,,,,,,,,,,
240m,random_direction,31,70,-5189.199999999986,37.142857142857146,0.43710067580027673,5411.6999999999825,-74.13142857142837,-1.5212421893605628,1746.6000000000138,1.3038727861094705,77.5,77.5,,,,,,,,,,
240m,random_direction,32,70,-6508.20000000001,41.42857142857143,0.34095511989630545,6751.000000000004,-92.97428571428586,-1.6203178302282348,1746.6000000000138,1.3038727861094705,77.5,77.5,,,,,,,,,,
240m,random_direction,33,70,-1577.4000000000046,50.0,0.7869472433074904,3482.000000000003,-22.53428571428578,-1.2503167723030968,1746.6000000000138,1.3038727861094705,77.5,77.5,,,,,,,,,,
240m,random_direction,34,70,-1661.200000000012,47.14285714285714,0.7769512735475368,2310.8000000000065,-23.731428571428744,-0.11054340007976791,1746.6000000000138,1.3038727861094705,77.5,77.5,,,,,,,,,,
240m,random_direction,35,70,497.1999999999824,51.42857142857142,1.078108553923491,2857.800000000005,7.102857142856892,-0.31779674838132677,1746.6000000000138,1.3038727861094705,77.5,77.5,,,,,,,,,,
240m,random_direction,36,70,-3053.4000000000024,40.0,0.6252945218927939,4123.900000000005,-43.62000000000003,-0.15542425123120326,1746.6000000000138,1.3038727861094705,77.5,77.5,,,,,,,,,,
240m,random_direction,37,70,47.60000000001878,50.0,1.007221640647523,1824.900000000002,0.6800000000002683,-0.30156279400198743,1746.6000000000138,1.3038727861094705,77.5,77.5,,,,,,,,,,
240m,random_direction,38,70,-2204.2000000000126,41.42857142857143,0.7146001657344093,4241.200000000008,-31.488571428571607,-0.6798666976119889,1746.6000000000138,1.3038727861094705,77.5,77.5,,,,,,,,,,
240m,random_direction,39,70,1303.0000000000045,64.28571428571429,1.21885917764042,3593.100000000005,18.614285714285778,-1.2987585536561008,1746.6000000000138,1.3038727861094705,77.5,77.5,,,,,,,,,,
240m,random_direction,40,70,2677.1999999999725,55.714285714285715,1.5077667140824962,1469.6000000000004,38.245714285713895,0.6081795623435606,1746.6000000000138,1.3038727861094705,77.5,77.5,,,,,,,,,,
240m,random_direction,41,70,-1172.4000000000144,40.0,0.8373541611753099,2153.0000000000064,-16.748571428571633,0.22858501703564324,1746.6000000000138,1.3038727861094705,77.5,77.5,,,,,,,,,,
240m,random_direction,42,70,1490.000000000011,58.57142857142858,1.2540884364182079,1505.4999999999986,21.28571428571444,-0.3411354074722677,1746.6000000000138,1.3038727861094705,77.5,77.5,,,,,,,,,,
240m,random_direction,43,70,2646.399999999995,55.714285714285715,1.5004633219236365,1208.8,37.80571428571422,0.8612743946181228,1746.6000000000138,1.3038727861094705,77.5,77.5,,,,,,,,,,
240m,random_direction,44,70,-166.39999999999134,52.85714285714286,0.9751504562220941,2895.1999999999925,-2.3771428571427333,-1.4345299766344417,1746.6000000000138,1.3038727861094705,77.5,77.5,,,,,,,,,,
240m,random_direction,45,70,-2312.00000000001,50.0,0.702487421343181,4237.800000000005,-33.028571428571574,-1.2541841838005798,1746.6000000000138,1.3038727861094705,77.5,77.5,,,,,,,,,,
240m,random_direction,46,70,-2386.400000000007,55.714285714285715,0.6942198531578738,3969.2999999999943,-34.09142857142867,-1.4406343351354254,1746.6000000000138,1.3038727861094705,77.5,77.5,,,,,,,,,,
240m,random_direction,47,70,-1230.7999999999802,55.714285714285715,0.8296824188749768,2550.099999999982,-17.58285714285686,-0.7757994053417612,1746.6000000000138,1.3038727861094705,77.5,77.5,,,,,,,,,,
240m,random_direction,48,70,-3931.200000000006,45.714285714285715,0.5420156808835347,4830.600000000001,-56.16000000000009,-1.361447193675943,1746.6000000000138,1.3038727861094705,77.5,77.5,,,,,,,,,,
240m,random_direction,49,70,-314.4000000000102,44.285714285714285,0.9536029986865973,2130.7000000000035,-4.491428571428718,1.3234300732638304,1746.6000000000138,1.3038727861094705,77.5,77.5,,,,,,,,,,
240m,random_direction,50,70,2900.8000000000166,55.714285714285715,1.5620942895343697,1777.199999999994,41.44000000000024,1.107747128598596,1746.6000000000138,1.3038727861094705,77.5,77.5,,,,,,,,,,
240m,random_direction,51,70,2414.6000000000085,51.42857142857142,1.4465857808685383,1070.5000000000016,34.49428571428584,1.3600577195920163,1746.6000000000138,1.3038727861094705,77.5,77.5,,,,,,,,,,
240m,random_direction,52,70,3433.3999999999915,55.714285714285715,1.7014955867930663,1313.000000000004,49.04857142857131,0.038807887625856734,1746.6000000000138,1.3038727861094705,77.5,77.5,,,,,,,,,,
240m,random_direction,53,70,3337.000000000002,48.57142857142857,1.67446842913736,1327.199999999999,47.6714285714286,1.4982886767301835,1746.6000000000138,1.3038727861094705,77.5,77.5,,,,,,,,,,
240m,random_direction,54,70,-2774.799999999991,40.0,0.653561395842438,5070.799999999997,-39.63999999999987,-0.242789659299897,1746.6000000000138,1.3038727861094705,77.5,77.5,,,,,,,,,,
240m,random_direction,55,70,395.8000000000102,54.285714285714285,1.0617068379532928,1835.3000000000002,5.65428571428586,-0.34012769990149255,1746.6000000000138,1.3038727861094705,77.5,77.5,,,,,,,,,,
240m,random_direction,56,70,-1273.3999999999962,50.0,0.8244022173805129,2429.6999999999925,-18.191428571428517,-0.02367858224342187,1746.6000000000138,1.3038727861094705,77.5,77.5,,,,,,,,,,
240m,random_direction,57,70,-2106.6000000000013,44.285714285714285,0.7254314165059175,2924.199999999999,-30.094285714285732,0.5329612418100124,1746.6000000000138,1.3038727861094705,77.5,77.5,,,,,,,,,,
240m,random_direction,58,70,-1323.3999999999965,44.285714285714285,0.8182342599714323,2906.499999999999,-18.905714285714236,0.3252761608754792,1746.6000000000138,1.3038727861094705,77.5,77.5,,,,,,,,,,
240m,random_direction,59,70,-2246.9999999999955,50.0,0.7096374021140783,4417.499999999992,-32.09999999999994,-1.4875234970003428,1746.6000000000138,1.3038727861094705,77.5,77.5,,,,,,,,,,
240m,random_direction,60,70,5981.400000000003,64.28571428571429,2.65488047808765,1349.900000000002,85.44857142857147,1.554392704658894,1746.6000000000138,1.3038727861094705,77.5,77.5,,,,,,,,,,
240m,random_direction,61,70,347.79999999999677,45.714285714285715,1.0539710126935842,2172.499999999998,4.968571428571383,1.2275078728551077,1746.6000000000138,1.3038727861094705,77.5,77.5,,,,,,,,,,
240m,random_direction,62,70,3501.400000000014,62.857142857142854,1.7211352308769652,1424.2999999999943,50.0200000000002,-0.23100149827193936,1746.6000000000138,1.3038727861094705,77.5,77.5,,,,,,,,,,
240m,random_direction,63,70,-1000.2000000000053,54.285714285714285,0.8593684092123388,3056.2000000000016,-14.288571428571505,0.10798308271014861,1746.6000000000138,1.3038727861094705,77.5,77.5,,,,,,,,,,
240m,random_direction,64,70,889.5999999999976,52.85714285714286,1.1442212603148352,1786.9,12.708571428571394,-0.11494549155481157,1746.6000000000138,1.3038727861094705,77.5,77.5,,,,,,,,,,
240m,random_direction,65,70,1039.4000000000024,54.285714285714285,1.1706060009191783,1340.5000000000018,14.848571428571463,-0.5324016050504059,1746.6000000000138,1.3038727861094705,77.5,77.5,,,,,,,,,,
240m,random_direction,66,70,-370.59999999998865,54.285714285714285,0.9454791537940994,3288.399999999996,-5.294285714285552,-0.7293067665165234,1746.6000000000138,1.3038727861094705,77.5,77.5,,,,,,,,,,
240m,random_direction,67,70,-3.999999999989086,60.0,0.9993948654332026,1869.7999999999965,-0.05714285714270123,0.713302662274565,1746.6000000000138,1.3038727861094705,77.5,77.5,,,,,,,,,,
240m,random_direction,68,70,1109.5999999999904,47.14285714285714,1.1830328423205696,1556.3000000000065,15.851428571428434,1.1071334155241133,1746.6000000000138,1.3038727861094705,77.5,77.5,,,,,,,,,,
240m,random_direction,69,70,4540.60000000002,58.57142857142858,2.046510555914084,1269.699999999999,64.86571428571457,0.975581974181512,1746.6000000000138,1.3038727861094705,77.5,77.5,,,,,,,,,,
240m,random_direction,70,70,74.80000000000064,50.0,1.0113717560849538,2863.900000000002,1.0685714285714376,1.236311551098516,1746.6000000000138,1.3038727861094705,77.5,77.5,,,,,,,,,,
240m,random_direction,71,70,-353.60000000001537,51.42857142857142,0.9479303185144804,2722.2000000000044,-5.051428571428791,0.2614481749833511,1746.6000000000138,1.3038727861094705,77.5,77.5,,,,,,,,,,
240m,random_direction,72,70,1333.9999999999932,52.85714285714286,1.224348732782831,2398.2000000000007,19.05714285714276,0.25450454658063476,1746.6000000000138,1.3038727861094705,77.5,77.5,,,,,,,,,,
240m,random_direction,73,70,-4020.999999999991,45.714285714285715,0.5339916092993079,4532.199999999986,-57.442857142857015,-1.4387346068758349,1746.6000000000138,1.3038727861094705,77.5,77.5,,,,,,,,,,
240m,random_direction,74,70,78.20000000000539,47.14285714285714,1.0118881118881127,1336.4999999999895,1.117142857142934,1.0792090806063193,1746.6000000000138,1.3038727861094705,77.5,77.5,,,,,,,,,,
240m,random_direction,75,70,640.3999999999901,54.285714285714285,1.1017816557796514,1685.9000000000037,9.148571428571287,-0.5350173613645155,1746.6000000000138,1.3038727861094705,77.5,77.5,,,,,,,,,,
240m,random_direction,76,70,288.99999999999443,45.714285714285715,1.0446428571428563,2159.4999999999973,4.128571428571349,1.2105040429957028,1746.6000000000138,1.3038727861094705,77.5,77.5,,,,,,,,,,
240m,random_direction,77,70,-956.3999999999892,42.857142857142854,0.8652635137990803,2494.2999999999884,-13.662857142856987,0.22227569725948554,1746.6000000000138,1.3038727861094705,77.5,77.5,,,,,,,,,,
240m,random_direction,78,70,-853.7999999999994,50.0,0.8787560352172678,2114.1000000000017,-12.197142857142849,-1.1045992663841264,1746.6000000000138,1.3038727861094705,77.5,77.5,,,,,,,,,,
240m,random_direction,79,70,-3266.199999999996,44.285714285714285,0.6042025156927854,3733.999999999993,-46.65999999999995,-1.3565114977962414,1746.6000000000138,1.3038727861094705,77.5,77.5,,,,,,,,,,
240m,random_direction,80,70,603.3999999999781,52.85714285714286,1.0956047786544942,1512.5000000000027,8.619999999999688,0.047470887340557315,1746.6000000000138,1.3038727861094705,77.5,77.5,,,,,,,,,,
240m,random_direction,81,70,1828.4000000000128,50.0,1.3207212896209395,1878.8999999999987,26.120000000000182,1.5219295811467604,1746.6000000000138,1.3038727861094705,77.5,77.5,,,,,,,,,,
240m,random_direction,82,70,-3135.599999999993,48.57142857142857,0.6168574884834869,4139.699999999994,-44.794285714285614,-1.448647647159692,1746.6000000000138,1.3038727861094705,77.5,77.5,,,,,,,,,,
240m,random_direction,83,70,2487.3999999999933,44.285714285714285,1.46273765673252,1180.499999999999,35.534285714285616,1.4054867305334489,1746.6000000000138,1.3038727861094705,77.5,77.5,,,,,,,,,,
240m,random_direction,84,70,2822.4000000000005,55.714285714285715,1.5427796688397852,1461.1000000000045,40.32000000000001,0.5993116819168539,1746.6000000000138,1.3038727861094705,77.5,77.5,,,,,,,,,,
240m,random_direction,85,70,-715.5999999999989,45.714285714285715,0.8974182542754342,2609.000000000001,-10.222857142857126,-0.7119123544056201,1746.6000000000138,1.3038727861094705,77.5,77.5,,,,,,,,,,
240m,random_direction,86,70,1610.6000000000067,47.14285714285714,1.2771258474138831,1679.400000000011,23.008571428571525,1.594371935452432,1746.6000000000138,1.3038727861094705,77.5,77.5,,,,,,,,,,
240m,random_direction,87,70,-4187.200000000003,42.857142857142854,0.5194693413819619,4947.699999999995,-59.81714285714289,0.1729337883702051,1746.6000000000138,1.3038727861094705,77.5,77.5,,,,,,,,,,
240m,random_direction,88,70,1567.1999999999994,50.0,1.2687473205864699,1401.4,22.38857142857142,0.5059052692857485,1746.6000000000138,1.3038727861094705,77.5,77.5,,,,,,,,,,
240m,random_direction,89,70,-3855.3999999999905,40.0,0.5490654752157956,5012.899999999985,-55.077142857142725,-0.12023464237056808,1746.6000000000138,1.3038727861094705,77.5,77.5,,,,,,,,,,
240m,random_direction,90,70,-1813.0000000000089,48.57142857142857,0.7589929013904757,2533.600000000003,-25.900000000000126,-0.37820795515935324,1746.6000000000138,1.3038727861094705,77.5,77.5,,,,,,,,,,
240m,random_direction,91,70,2521.8000000000084,50.0,1.470994733106722,1089.1999999999994,36.02571428571441,1.2751903893976826,1746.6000000000138,1.3038727861094705,77.5,77.5,,,,,,,,,,
240m,random_direction,92,70,1809.3999999999949,55.714285714285715,1.3170825739520526,1506.6999999999994,25.848571428571354,-0.2503315954357577,1746.6000000000138,1.3038727861094705,77.5,77.5,,,,,,,,,,
240m,random_direction,93,70,2645.000000000001,48.57142857142857,1.4996599667523047,1266.8999999999978,37.7857142857143,1.6887016559680226,1746.6000000000138,1.3038727861094705,77.5,77.5,,,,,,,,,,
240m,random_direction,94,70,6764.400000000009,67.14285714285714,3.100158340836415,562.1000000000016,96.63428571428584,1.4892663000742137,1746.6000000000138,1.3038727861094705,77.5,77.5,,,,,,,,,,
240m,random_direction,95,70,-1353.8000000000166,51.42857142857142,0.8143190234535711,4261.100000000015,-19.340000000000238,-1.317791705867255,1746.6000000000138,1.3038727861094705,77.5,77.5,,,,,,,,,,
240m,random_direction,96,70,1741.7999999999906,50.0,1.3032276034956982,1582.7000000000023,24.88285714285701,0.5103388304225055,1746.6000000000138,1.3038727861094705,77.5,77.5,,,,,,,,,,
240m,random_direction,97,70,3336.3999999999824,60.0,1.6753982874147202,1128.5000000000025,47.66285714285689,-0.3052928798723841,1746.6000000000138,1.3038727861094705,77.5,77.5,,,,,,,,,,
240m,random_direction,98,70,1862.1999999999916,52.85714285714286,1.3277367124252006,1622.900000000004,26.602857142857022,-0.11731837353541924,1746.6000000000138,1.3038727861094705,77.5,77.5,,,,,,,,,,
240m,random_direction,99,70,-1587.2000000000053,51.42857142857142,0.7857364634096947,2899.200000000003,-22.67428571428579,-1.4623418471429122,1746.6000000000138,1.3038727861094705,77.5,77.5,,,,,,,,,,
240m,random_direction,100,70,1630.8000000000065,55.714285714285715,1.2813810238625205,2431.100000000002,23.29714285714295,0.18987497296787167,1746.6000000000138,1.3038727861094705,77.5,77.5,,,,,,,,,,
240m,random_direction,101,70,1108.2000000000066,62.857142857142854,1.1831130204890958,2537.8999999999987,15.831428571428667,-1.2573049061231993,1746.6000000000138,1.3038727861094705,77.5,77.5,,,,,,,,,,
240m,random_direction,102,70,866.8000000000025,48.57142857142857,1.1401976482766432,1512.5000000000027,12.382857142857178,0.4513152939693087,1746.6000000000138,1.3038727861094705,77.5,77.5,,,,,,,,,,
240m,random_direction,103,70,-5094.79999999999,42.857142857142854,0.4442541587128451,5286.09999999999,-72.782857142857,-1.0555904364346098,1746.6000000000138,1.3038727861094705,77.5,77.5,,,,,,,,,,
240m,random_direction,104,70,1301.2000000000132,62.857142857142854,1.2184871127529195,2313.7999999999975,18.58857142857162,0.8407500038281001,1746.6000000000138,1.3038727861094705,77.5,77.5,,,,,,,,,,
240m,random_direction,105,70,5770.799999999992,51.42857142857142,2.5476707699734447,1315.3999999999987,82.43999999999988,1.6820598143834957,1746.6000000000138,1.3038727861094705,77.5,77.5,,,,,,,,,,
240m,random_direction,106,70,2490.000000000012,48.57142857142857,1.4635921878200022,986.3999999999991,35.57142857142874,1.1851421689910404,1746.6000000000138,1.3038727861094705,77.5,77.5,,,,,,,,,,
240m,random_direction,107,70,-5582.4,45.714285714285715,0.4067146333946204,6040.600000000004,-79.74857142857142,-1.6320903974582046,1746.6000000000138,1.3038727861094705,77.5,77.5,,,,,,,,,,
240m,random_direction,108,70,3448.9999999999854,62.857142857142854,1.706530645689933,2154.900000000003,49.271428571428366,-1.4714447137189217,1746.6000000000138,1.3038727861094705,77.5,77.5,,,,,,,,,,
240m,random_direction,109,70,-1429.200000000013,41.42857142857143,0.8051719672287565,2515.9000000000087,-20.417142857143045,-0.8602646376328874,1746.6000000000138,1.3038727861094705,77.5,77.5,,,,,,,,,,
240m,random_direction,110,70,308.9999999999935,52.85714285714286,1.0478431858297454,3045.900000000006,4.414285714285621,-0.8324376193532576,1746.6000000000138,1.3038727861094705,77.5,77.5,,,,,,,,,,
240m,random_direction,111,70,-3405.5999999999913,42.857142857142854,0.5908157012579759,3617.7999999999897,-48.65142857142845,0.031648527079881465,1746.6000000000138,1.3038727861094705,77.5,77.5,,,,,,,,,,
240m,random_direction,112,70,-460.60000000000355,48.57142857142857,0.9327237672353349,2888.8000000000015,-6.580000000000051,0.3246053203174369,1746.6000000000138,1.3038727861094705,77.5,77.5,,,,,,,,,,
240m,random_direction,113,70,-3756.5999999999894,41.42857142857143,0.5580158599430557,4286.899999999987,-53.66571428571414,-1.2743417124433947,1746.6000000000138,1.3038727861094705,77.5,77.5,,,,,,,,,,
240m,random_direction,114,70,-1308.5999999999995,44.285714285714285,0.820084142216845,1921.799999999996,-18.694285714285705,0.19369659106100373,1746.6000000000138,1.3038727861094705,77.5,77.5,,,,,,,,,,
240m,random_direction,115,70,3990.7999999999856,62.857142857142854,1.8655518684798356,2221.100000000006,57.01142857142837,-0.26532409560239784,1746.6000000000138,1.3038727861094705,77.5,77.5,,,,,,,,,,
240m,random_direction,116,70,-126.800000000007,44.285714285714285,0.9810250654695084,1577.3999999999996,-1.8114285714286715,0.07120621866850402,1746.6000000000138,1.3038727861094705,77.5,77.5,,,,,,,,,,
240m,random_direction,117,70,-2645.600000000006,44.285714285714285,0.6668807212379904,3169.1000000000004,-37.7942857142858,0.1925867618168577,1746.6000000000138,1.3038727861094705,77.5,77.5,,,,,,,,,,
240m,random_direction,118,70,588.3999999999916,51.42857142857142,1.0931027389673875,1963.1000000000015,8.405714285714165,-0.5901336596786674,1746.6000000000138,1.3038727861094705,77.5,77.5,,,,,,,,,,
240m,random_direction,119,70,-106.40000000000032,57.14285714285714,0.9840319361277444,2994.2999999999956,-1.5200000000000045,-1.3232101699704006,1746.6000000000138,1.3038727861094705,77.5,77.5,,,,,,,,,,
240m,random_direction,120,70,-2138.5999999999676,57.14285714285714,0.721514701669405,3830.599999999966,-30.551428571428108,-1.6865537603593093,1746.6000000000138,1.3038727861094705,77.5,77.5,,,,,,,,,,
240m,random_direction,121,70,-2601.2000000000035,41.42857142857143,0.6716361387076004,4090.499999999993,-37.160000000000046,0.47911160483592696,1746.6000000000138,1.3038727861094705,77.5,77.5,,,,,,,,,,
240m,random_direction,122,70,-2698.3999999999905,42.857142857142854,0.6614006248980473,3383.2999999999843,-38.54857142857129,-0.19558704766982282,1746.6000000000138,1.3038727861094705,77.5,77.5,,,,,,,,,,
240m,random_direction,123,70,-4224.799999999992,41.42857142857143,0.5162535066124702,4612.999999999992,-60.3542857142856,-0.8318540170866876,1746.6000000000138,1.3038727861094705,77.5,77.5,,,,,,,,,,
240m,random_direction,124,70,968.5999999999882,42.857142857142854,1.1578604256983582,1128.5000000000023,13.83714285714269,0.03750751576626025,1746.6000000000138,1.3038727861094705,77.5,77.5,,,,,,,,,,
240m,random_direction,125,70,-82.99999999998545,54.285714285714285,0.9875255500781553,2389.9999999999945,-1.1857142857140779,0.01820410228305144,1746.6000000000138,1.3038727861094705,77.5,77.5,,,,,,,,,,
240m,random_direction,126,70,-193.0000000000099,50.0,0.9712438166756047,1878.8000000000034,-2.7571428571429983,0.24008220564806795,1746.6000000000138,1.3038727861094705,77.5,77.5,,,,,,,,,,
240m,random_direction,127,70,2888.7999999999874,57.14285714285714,1.5592272102522375,1534.3999999999965,41.26857142857125,-0.18949756165740322,1746.6000000000138,1.3038727861094705,77.5,77.5,,,,,,,,,,
240m,random_direction,128,70,3132.799999999994,57.14285714285714,1.6211313123302316,1289.8000000000006,44.75428571428563,0.49960565236244386,1746.6000000000138,1.3038727861094705,77.5,77.5,,,,,,,,,,
240m,random_direction,129,70,-3348.2000000000016,44.285714285714285,0.5962716442386535,4251.000000000009,-47.831428571428596,0.02959458564526089,1746.6000000000138,1.3038727861094705,77.5,77.5,,,,,,,,,,
240m,random_direction,130,70,-1805.0000000000216,54.285714285714285,0.7598009208740293,4213.000000000015,-25.785714285714594,-1.2582390254759765,1746.6000000000138,1.3038727861094705,77.5,77.5,,,,,,,,,,
240m,random_direction,131,70,-4001.2000000000044,42.857142857142854,0.5358613569663715,4431.2000000000035,-57.16000000000006,-0.9138788857338447,1746.6000000000138,1.3038727861094705,77.5,77.5,,,,,,,,,,
240m,random_direction,132,70,-1011.7999999999975,54.285714285714285,0.8578533295869628,3649.0999999999967,-14.454285714285678,-0.8421922117693469,1746.6000000000138,1.3038727861094705,77.5,77.5,,,,,,,,,,
240m,random_direction,133,70,2482.2000000000135,48.57142857142857,1.4618046511627938,1080.9000000000024,35.46000000000019,1.422118345236898,1746.6000000000138,1.3038727861094705,77.5,77.5,,,,,,,,,,
240m,random_direction,134,70,5376.4000000000015,60.0,2.3715656011632946,858.1000000000013,76.8057142857143,1.5695131823929385,1746.6000000000138,1.3038727861094705,77.5,77.5,,,,,,,,,,
240m,random_direction,135,70,689.2000000000011,45.714285714285715,1.1098589304216149,1769.2999999999972,9.845714285714301,0.005849283026528909,1746.6000000000138,1.3038727861094705,77.5,77.5,,,,,,,,,,
240m,random_direction,136,70,706.1999999999973,58.57142857142858,1.1128836317135542,2738.5000000000027,10.08857142857139,-1.005678084659453,1746.6000000000138,1.3038727861094705,77.5,77.5,,,,,,,,,,
240m,random_direction,137,70,445.7999999999987,48.57142857142857,1.0697303384846397,2486.6999999999985,6.36857142857141,-0.2537994552691878,1746.6000000000138,1.3038727861094705,77.5,77.5,,,,,,,,,,
240m,random_direction,138,70,-126.59999999999468,51.42857142857142,0.981040524755145,1484.5000000000045,-1.8085714285713526,0.13412009176652967,1746.6000000000138,1.3038727861094705,77.5,77.5,,,,,,,,,,
240m,random_direction,139,70,2210.1999999999935,50.0,1.4011252268602528,1719.4,31.574285714285622,1.1487237128380816,1746.6000000000138,1.3038727861094705,77.5,77.5,,,,,,,,,,
240m,random_direction,140,70,-2248.800000000004,44.285714285714285,0.7095886872861106,3919.9999999999923,-32.12571428571434,-0.44024977489409817,1746.6000000000138,1.3038727861094705,77.5,77.5,,,,,,,,,,
240m,random_direction,141,70,-1778.0000000000077,51.42857142857142,0.7630312804040991,3420.70000000001,-25.40000000000011,-0.4430764674435322,1746.6000000000138,1.3038727861094705,77.5,77.5,,,,,,,,,,
240m,random_direction,142,70,1063.9999999999834,52.85714285714286,1.1749683445429249,3022.600000000008,15.199999999999763,1.0268052371335494,1746.6000000000138,1.3038727861094705,77.5,77.5,,,,,,,,,,
240m,random_direction,143,70,1511.8000000000015,51.42857142857142,1.258065617425148,2099.3999999999987,21.59714285714288,0.7682305206121843,1746.6000000000138,1.3038727861094705,77.5,77.5,,,,,,,,,,
240m,random_direction,144,70,3327.5999999999913,61.42857142857143,1.6731535613861162,1397.700000000003,47.53714285714273,0.6053975336908876,1746.6000000000138,1.3038727861094705,77.5,77.5,,,,,,,,,,
240m,random_direction,145,70,-4533.000000000009,44.285714285714285,0.48984874403529266,5477.900000000006,-64.75714285714298,-1.1249578836952578,1746.6000000000138,1.3038727861094705,77.5,77.5,,,,,,,,,,
240m,random_direction,146,70,182.79999999999916,48.57142857142857,1.0280166137906723,2016.8000000000025,2.611428571428559,0.16421559352583712,1746.6000000000138,1.3038727861094705,77.5,77.5,,,,,,,,,,
240m,random_direction,147,70,-799.2000000000062,45.714285714285715,0.8861165339071198,2353.9000000000046,-11.417142857142945,0.4973334016659273,1746.6000000000138,1.3038727861094705,77.5,77.5,,,,,,,,,,
240m,random_direction,148,70,-929.9999999999997,44.285714285714285,0.8687200914724525,2079.0999999999963,-13.285714285714281,0.5280499168142325,1746.6000000000138,1.3038727861094705,77.5,77.5,,,,,,,,,,
240m,random_direction,149,70,-229.79999999999325,45.714285714285715,0.9658695975048279,2051.900000000002,-3.2828571428570466,0.9349525411191546,1746.6000000000138,1.3038727861094705,77.5,77.5,,,,,,,,,,
240m,random_direction,150,70,222.99999999998693,41.42857142857143,1.0342570972102718,1833.5000000000089,3.185714285714099,0.5997996123738034,1746.6000000000138,1.3038727861094705,77.5,77.5,,,,,,,,,,
240m,random_direction,151,70,-678.5999999999989,48.57142857142857,0.9024355177272337,2355.2999999999993,-9.694285714285698,-0.3185074987360779,1746.6000000000138,1.3038727861094705,77.5,77.5,,,,,,,,,,
240m,random_direction,152,70,-2583.000000000008,48.57142857142857,0.6733522181192769,3202.6999999999994,-36.90000000000012,-0.9374223618590918,1746.6000000000138,1.3038727861094705,77.5,77.5,,,,,,,,,,
240m,random_direction,153,70,2830.3999999999933,51.42857142857142,1.5444228586816426,1095.100000000004,40.434285714285615,0.5891123151999251,1746.6000000000138,1.3038727861094705,77.5,77.5,,,,,,,,,,
240m,random_direction,154,70,-1432.0000000000036,47.14285714285714,0.8047210593064323,2741.200000000005,-20.45714285714291,-0.5763401111769464,1746.6000000000138,1.3038727861094705,77.5,77.5,,,,,,,,,,
240m,random_direction,155,70,328.39999999998406,52.85714285714286,1.0509234132952883,1478.2000000000066,4.691428571428344,0.4991185152972826,1746.6000000000138,1.3038727861094705,77.5,77.5,,,,,,,,,,
240m,random_direction,156,70,-4871.400000000011,44.285714285714285,0.46200910014577845,5527.500000000007,-69.59142857142872,-1.5104346550433179,1746.6000000000138,1.3038727861094705,77.5,77.5,,,,,,,,,,
240m,random_direction,157,70,-812.1999999999937,48.57142857142857,0.8843382415767148,3516.8999999999896,-11.602857142857053,-1.1012532442404561,1746.6000000000138,1.3038727861094705,77.5,77.5,,,,,,,,,,
240m,random_direction,158,70,1050.3999999999924,48.57142857142857,1.1724539887372956,2431.3000000000043,15.005714285714177,0.15417568052943142,1746.6000000000138,1.3038727861094705,77.5,77.5,,,,,,,,,,
240m,random_direction,159,70,3446.4000000000015,64.28571428571429,1.7059546488047688,2002.1000000000029,49.23428571428573,0.8007952858466113,1746.6000000000138,1.3038727861094705,77.5,77.5,,,,,,,,,,
240m,random_direction,160,70,-501.2000000000098,48.57142857142857,0.9270100630579452,2214.600000000011,-7.1600000000001405,0.11512882656235705,1746.6000000000138,1.3038727861094705,77.5,77.5,,,,,,,,,,
240m,random_direction,161,70,3624.599999999994,58.57142857142858,1.7556287525016656,1128.7999999999975,51.779999999999916,1.2815209209769578,1746.6000000000138,1.3038727861094705,77.5,77.5,,,,,,,,,,
240m,random_direction,162,70,-2627.599999999993,54.285714285714285,0.6684792894182372,3657.8999999999924,-37.53714285714276,-1.5574817969335089,1746.6000000000138,1.3038727861094705,77.5,77.5,,,,,,,,,,
240m,random_direction,163,70,-2166.999999999988,42.857142857142854,0.7187029440780948,3269.200000000004,-30.95714285714269,0.11107115915195744,1746.6000000000138,1.3038727861094705,77.5,77.5,,,,,,,,,,
240m,random_direction,164,70,2950.8000000000056,65.71428571428571,1.5753504786788082,1397.1999999999953,42.1542857142858,-0.3011969024827297,1746.6000000000138,1.3038727861094705,77.5,77.5,,,,,,,,,,
240m,random_direction,165,70,2905.20000000001,60.0,1.5635146930462631,893.2999999999993,41.50285714285728,0.7866841774830693,1746.6000000000138,1.3038727861094705,77.5,77.5,,,,,,,,,,
240m,random_direction,166,70,4195.399999999998,51.42857142857142,1.9289256930298453,1249.5999999999926,59.934285714285686,1.3286269541411597,1746.6000000000138,1.3038727861094705,77.5,77.5,,,,,,,,,,
240m,random_direction,167,70,-397.2000000000022,41.42857142857143,0.9417569687816179,1968.8999999999974,-5.6742857142857455,0.6544540527577857,1746.6000000000138,1.3038727861094705,77.5,77.5,,,,,,,,,,
240m,random_direction,168,70,-2954.0000000000064,41.42857142857143,0.6352230770180656,3456.7999999999984,-42.20000000000009,0.25433459853302837,1746.6000000000138,1.3038727861094705,77.5,77.5,,,,,,,,,,
240m,random_direction,169,70,-3307.5999999999894,41.42857142857143,0.6002851998211471,3737.1999999999884,-47.25142857142842,0.0005529624305939866,1746.6000000000138,1.3038727861094705,77.5,77.5,,,,,,,,,,
240m,random_direction,170,70,-1335.0000000000005,50.0,0.8166863482822068,2623.79999999999,-19.071428571428577,-0.27832253191490797,1746.6000000000138,1.3038727861094705,77.5,77.5,,,,,,,,,,
240m,random_direction,171,70,-135.4000000000193,48.57142857142857,0.9797420628983483,3858.4000000000106,-1.9342857142859902,-0.29503309865597516,1746.6000000000138,1.3038727861094705,77.5,77.5,,,,,,,,,,
240m,random_direction,172,70,-3023.999999999982,44.285714285714285,0.6280945997466536,3713.5999999999967,-43.19999999999974,-0.5931194720724509,1746.6000000000138,1.3038727861094705,77.5,77.5,,,,,,,,,,
240m,random_direction,173,70,-314.00000000000864,47.14285714285714,0.9536469789344697,2681.399999999997,-4.485714285714409,0.05469683003107743,1746.6000000000138,1.3038727861094705,77.5,77.5,,,,,,,,,,
240m,random_direction,174,70,4307.200000000003,48.57142857142857,1.9651988795518205,1188.2000000000012,61.531428571428606,1.6712525165419294,1746.6000000000138,1.3038727861094705,77.5,77.5,,,,,,,,,,
240m,random_direction,175,70,-4680.800000000008,40.0,0.4777350069735002,6076.200000000009,-66.86857142857154,-1.0593878936767183,1746.6000000000138,1.3038727861094705,77.5,77.5,,,,,,,,,,
240m,random_direction,176,70,2937.600000000016,57.14285714285714,1.5713729990469374,1097.6999999999973,41.96571428571451,1.3050884451153506,1746.6000000000138,1.3038727861094705,77.5,77.5,,,,,,,,,,
240m,random_direction,177,70,-1057.9999999999968,55.714285714285715,0.8518228036021911,3192.1999999999935,-15.11428571428567,-1.5163855431019937,1746.6000000000138,1.3038727861094705,77.5,77.5,,,,,,,,,,
240m,random_direction,178,70,-3492.399999999996,40.0,0.5826631454417269,4705.699999999998,-49.89142857142851,-0.7207777320771483,1746.6000000000138,1.3038727861094705,77.5,77.5,,,,,,,,,,
240m,random_direction,179,70,-2746.2000000000025,44.285714285714285,0.6563899802307248,2788.6000000000013,-39.23142857142861,-0.33125752186627383,1746.6000000000138,1.3038727861094705,77.5,77.5,,,,,,,,,,
240m,random_direction,180,70,3063.9999999999945,60.0,1.603613009987981,1340.6999999999996,43.771428571428494,1.3048351045685094,1746.6000000000138,1.3038727861094705,77.5,77.5,,,,,,,,,,
240m,random_direction,181,70,-2367.9999999999936,51.42857142857142,0.6963362870442807,2774.0999999999885,-33.82857142857134,-0.5809214025158157,1746.6000000000138,1.3038727861094705,77.5,77.5,,,,,,,,,,
240m,random_direction,182,70,-3335.7999999999874,41.42857142857143,0.5975630353480529,3531.799999999988,-47.654285714285535,0.27381186487336046,1746.6000000000138,1.3038727861094705,77.5,77.5,,,,,,,,,,
240m,random_direction,183,70,-636.7999999999978,45.714285714285715,0.9081957759677074,2339.8000000000106,-9.097142857142826,-0.8132872055104092,1746.6000000000138,1.3038727861094705,77.5,77.5,,,,,,,,,,
240m,random_direction,184,70,2901.7999999999874,58.57142857142858,1.5625605831491571,1185.7000000000025,41.45428571428553,0.8896614740020311,1746.6000000000138,1.3038727861094705,77.5,77.5,,,,,,,,,,
240m,random_direction,185,70,1690.2000000000003,50.0,1.2929289428076256,2310.200000000003,24.14571428571429,0.05916929904090275,1746.6000000000138,1.3038727861094705,77.5,77.5,,,,,,,,,,
240m,random_direction,186,70,-2788.6000000000004,48.57142857142857,0.6518775591730752,4248.900000000005,-39.837142857142865,-1.3665998029739987,1746.6000000000138,1.3038727861094705,77.5,77.5,,,,,,,,,,
240m,random_direction,187,70,2390.4000000000187,50.0,1.4410413476263437,1459.0999999999976,34.1485714285717,1.2103699716002492,1746.6000000000138,1.3038727861094705,77.5,77.5,,,,,,,,,,
240m,random_direction,188,70,2625.2000000000016,45.714285714285715,1.4948072754688533,1151.5999999999976,37.50285714285717,1.358980716730217,1746.6000000000138,1.3038727861094705,77.5,77.5,,,,,,,,,,
240m,random_direction,189,70,3441.400000000007,52.85714285714286,1.7034175455809024,1907.400000000002,49.16285714285724,1.138353961675336,1746.6000000000138,1.3038727861094705,77.5,77.5,,,,,,,,,,
240m,random_direction,190,70,-5346.200000000003,47.14285714285714,0.4245333792598651,6022.500000000011,-76.37428571428575,-1.654903223115436,1746.6000000000138,1.3038727861094705,77.5,77.5,,,,,,,,,,
240m,random_direction,191,70,-2762.2,51.42857142857142,0.6545177106263759,4396.099999999996,-39.46,-1.6486163374948928,1746.6000000000138,1.3038727861094705,77.5,77.5,,,,,,,,,,
240m,random_direction,192,70,134.00000000001046,40.0,1.0204420985187121,2435.5000000000023,1.9142857142858638,1.3750497845886687,1746.6000000000138,1.3038727861094705,77.5,77.5,,,,,,,,,,
240m,random_direction,193,70,2407.000000000012,54.285714285714285,1.4450319860962195,1068.9999999999964,34.38571428571446,0.9159910061108102,1746.6000000000138,1.3038727861094705,77.5,77.5,,,,,,,,,,
240m,random_direction,194,70,417.20000000001005,55.714285714285715,1.0651620460757536,1747.3000000000002,5.960000000000144,-0.04490448794469886,1746.6000000000138,1.3038727861094705,77.5,77.5,,,,,,,,,,
240m,random_direction,195,70,1838.399999999992,47.14285714285714,1.322645185068181,1972.7000000000037,26.262857142857026,0.9571432942532636,1746.6000000000138,1.3038727861094705,77.5,77.5,,,,,,,,,,
240m,random_direction,196,70,-2171.199999999986,42.857142857142854,0.7182345536421108,2594.399999999992,-31.01714285714266,-0.18310150519199322,1746.6000000000138,1.3038727861094705,77.5,77.5,,,,,,,,,,
240m,random_direction,197,70,-2124.1999999999944,44.285714285714285,0.7234546685413745,2714.6999999999907,-30.345714285714205,0.4973358061954309,1746.6000000000138,1.3038727861094705,77.5,77.5,,,,,,,,,,
240m,random_direction,198,70,-977.1999999999923,47.14285714285714,0.8624766032903174,2445.4999999999955,-13.95999999999989,0.3453583716137802,1746.6000000000138,1.3038727861094705,77.5,77.5,,,,,,,,,,
240m,random_direction,199,70,3873.9999999999964,50.0,1.828113977897008,991.9999999999977,55.34285714285709,1.6565743153237265,1746.6000000000138,1.3038727861094705,77.5,77.5,,,,,,,,,,
240m,random_direction,200,70,2837.000000000002,51.42857142857142,1.5460389560397259,1071.1000000000001,40.52857142857145,1.3274769739378338,1746.6000000000138,1.3038727861094705,77.5,77.5,,,,,,,,,,
240m,random_direction,201,70,24.800000000000637,54.285714285714285,1.003757746564238,4080.4999999999977,0.35428571428572336,-0.5176633833768616,1746.6000000000138,1.3038727861094705,77.5,77.5,,,,,,,,,,
240m,random_direction,202,70,1924.8000000000059,64.28571428571429,1.341113296825989,2556.7999999999997,27.49714285714294,-1.133321260913074,1746.6000000000138,1.3038727861094705,77.5,77.5,,,,,,,,,,
240m,random_direction,203,70,-3015.399999999987,45.714285714285715,0.6289103842083256,4159.499999999988,-43.07714285714267,-1.562641607184281,1746.6000000000138,1.3038727861094705,77.5,77.5,,,,,,,,,,
240m,random_direction,204,70,-1023.5999999999967,40.0,0.8565160711532264,2616.6999999999994,-14.622857142857097,0.4133534778975848,1746.6000000000138,1.3038727861094705,77.5,77.5,,,,,,,,,,
240m,random_direction,205,70,200.20000000000255,40.0,1.0306961054891144,1944.2999999999988,2.8600000000000363,1.3170250062147413,1746.6000000000138,1.3038727861094705,77.5,77.5,,,,,,,,,,
240m,random_direction,206,70,-3766.6000000000095,52.85714285714286,0.556682830375217,4927.9000000000015,-53.80857142857156,-1.7043087306705056,1746.6000000000138,1.3038727861094705,77.5,77.5,,,,,,,,,,
240m,random_direction,207,70,95.40000000002499,54.285714285714285,1.0145329352263763,1739.9999999999945,1.3628571428574998,0.8115758288178849,1746.6000000000138,1.3038727861094705,77.5,77.5,,,,,,,,,,
240m,random_direction,208,70,-2066.5999999999976,44.285714285714285,0.7299409335633269,2512.5999999999976,-29.52285714285711,-1.0884061198499106,1746.6000000000138,1.3038727861094705,77.5,77.5,,,,,,,,,,
240m,random_direction,209,70,-865.2000000000085,44.285714285714285,0.8773061814881506,1641.5999999999958,-12.36000000000012,0.4273583776091226,1746.6000000000138,1.3038727861094705,77.5,77.5,,,,,,,,,,
240m,random_direction,210,70,977.1999999999898,62.857142857142854,1.1597384552513261,1688.7000000000041,13.959999999999855,-0.6718229112612855,1746.6000000000138,1.3038727861094705,77.5,77.5,,,,,,,,,,
240m,random_direction,211,70,-3819.3999999999996,41.42857142857143,0.5522811459652086,4676.4000000000015,-54.56285714285714,-0.9507351589935708,1746.6000000000138,1.3038727861094705,77.5,77.5,,,,,,,,,,
240m,random_direction,212,70,578.2000000000163,61.42857142857143,1.0915163026274166,2451.8999999999987,8.260000000000232,-0.7533163944812556,1746.6000000000138,1.3038727861094705,77.5,77.5,,,,,,,,,,
240m,random_direction,213,70,1507.4000000000087,50.0,1.2571740539802794,1592.8000000000025,21.53428571428584,0.20245240663709466,1746.6000000000138,1.3038727861094705,77.5,77.5,,,,,,,,,,
240m,random_direction,214,70,-2736.9999999999936,50.0,0.6571722030161841,4790.800000000002,-39.09999999999991,-1.642273765637868,1746.6000000000138,1.3038727861094705,77.5,77.5,,,,,,,,,,
240m,random_direction,215,70,-3367.6000000000085,37.142857142857146,0.5946508744688784,3418.200000000009,-48.10857142857155,1.1466848563273861,1746.6000000000138,1.3038727861094705,77.5,77.5,,,,,,,,,,
240m,random_direction,216,70,-842.7999999999927,50.0,0.8802245434520014,3008.999999999999,-12.039999999999896,0.8661687872728617,1746.6000000000138,1.3038727861094705,77.5,77.5,,,,,,,,,,
240m,random_direction,217,70,678.1999999999999,51.42857142857142,1.1080796812749005,1683.100000000004,9.688571428571427,0.43094657897091987,1746.6000000000138,1.3038727861094705,77.5,77.5,,,,,,,,,,
240m,random_direction,218,70,-2054.1999999999903,50.0,0.7312030567114194,2779.9999999999877,-29.34571428571415,-0.04489290186241856,1746.6000000000138,1.3038727861094705,77.5,77.5,,,,,,,,,,
240m,random_direction,219,70,-1549.9999999999814,48.57142857142857,0.7902883197359013,2680.89999999998,-22.142857142856876,-0.6093750346903181,1746.6000000000138,1.3038727861094705,77.5,77.5,,,,,,,,,,
240m,random_direction,220,70,300.200000000003,50.0,1.046434648105182,2163.0,4.288571428571472,1.0572090617843497,1746.6000000000138,1.3038727861094705,77.5,77.5,,,,,,,,,,
240m,random_direction,221,70,-973.2000000000182,57.14285714285714,0.8628658390519511,3710.3000000000075,-13.902857142857403,-1.6353898068946309,1746.6000000000138,1.3038727861094705,77.5,77.5,,,,,,,,,,
240m,random_direction,222,70,-2114.7999999999956,50.0,0.7243662430759213,2664.799999999995,-30.21142857142851,-1.3744562038140071,1746.6000000000138,1.3038727861094705,77.5,77.5,,,,,,,,,,
240m,random_direction,223,70,-461.8000000000144,47.14285714285714,0.9325642523364465,2058.200000000006,-6.597142857143063,0.013021269161418901,1746.6000000000138,1.3038727861094705,77.5,77.5,,,,,,,,,,
240m,random_direction,224,70,-3840.0000000000136,45.714285714285715,0.5502512268537486,5007.8000000000075,-54.85714285714305,0.10723117318977884,1746.6000000000138,1.3038727861094705,77.5,77.5,,,,,,,,,,
240m,random_direction,225,70,2287.3999999999824,51.42857142857142,1.4181412693770064,1144.0000000000055,32.677142857142606,0.6044419341674105,1746.6000000000138,1.3038727861094705,77.5,77.5,,,,,,,,,,
240m,random_direction,226,70,-1487.2000000000112,51.42857142857142,0.7978716174891597,2819.7000000000116,-21.245714285714445,-1.1152760041347085,1746.6000000000138,1.3038727861094705,77.5,77.5,,,,,,,,,,
240m,random_direction,227,70,3454.599999999995,51.42857142857142,1.7069247769501497,1808.9000000000087,49.3514285714285,1.392554378490409,1746.6000000000138,1.3038727861094705,77.5,77.5,,,,,,,,,,
240m,random_direction,228,70,1577.000000000006,44.285714285714285,1.270469591465716,1166.300000000003,22.528571428571514,1.0323128012641503,1746.6000000000138,1.3038727861094705,77.5,77.5,,,,,,,,,,
240m,random_direction,229,70,3092.8000000000075,54.285714285714285,1.610537536766885,1261.2999999999952,44.18285714285725,0.553479736478334,1746.6000000000138,1.3038727861094705,77.5,77.5,,,,,,,,,,
240m,random_direction,230,70,-1878.399999999992,42.857142857142854,0.7515113833291454,3035.499999999998,-26.8342857142856,-0.532775812350078,1746.6000000000138,1.3038727861094705,77.5,77.5,,,,,,,,,,
240m,random_direction,231,70,158.7999999999928,45.714285714285715,1.0242861730925095,2074.6000000000113,2.2685714285713257,1.3791168719135756,1746.6000000000138,1.3038727861094705,77.5,77.5,,,,,,,,,,
240m,random_direction,232,70,1711.1999999999925,45.714285714285715,1.296954446854662,1588.4999999999945,24.44571428571418,0.1444613989211796,1746.6000000000138,1.3038727861094705,77.5,77.5,,,,,,,,,,
240m,random_direction,233,70,4893.600000000006,58.57142857142858,2.175696129543763,1080.2000000000025,69.9085714285715,1.4044641076408257,1746.6000000000138,1.3038727861094705,77.5,77.5,,,,,,,,,,
240m,random_direction,234,70,306.39999999999804,50.0,1.0474163945588753,2413.3999999999896,4.377142857142829,-0.2738175139866889,1746.6000000000138,1.3038727861094705,77.5,77.5,,,,,,,,,,
240m,random_direction,235,70,-642.4000000000016,50.0,0.9073857820451823,3203.2999999999947,-9.17714285714288,-0.9315121476329195,1746.6000000000138,1.3038727861094705,77.5,77.5,,,,,,,,,,
240m,random_direction,236,70,686.6000000000005,48.57142857142857,1.1094567019512818,1170.8000000000027,9.808571428571435,0.5050533446474609,1746.6000000000138,1.3038727861094705,77.5,77.5,,,,,,,,,,
240m,random_direction,237,70,-779.7999999999984,45.714285714285715,0.8887271689497718,2668.800000000004,-11.139999999999977,0.8006825956217696,1746.6000000000138,1.3038727861094705,77.5,77.5,,,,,,,,,,
240m,random_direction,238,70,-2245.4000000000106,44.285714285714285,0.7099640910382589,3324.9000000000046,-32.07714285714301,-0.9263535805067047,1746.6000000000138,1.3038727861094705,77.5,77.5,,,,,,,,,,
240m,random_direction,239,70,-845.5999999999889,48.57142857142857,0.8798675929477631,2196.100000000008,-12.079999999999842,-0.23737692731716434,1746.6000000000138,1.3038727861094705,77.5,77.5,,,,,,,,,,
240m,random_direction,240,70,2837.000000000008,52.85714285714286,1.5461440726908726,2116.699999999996,40.528571428571546,1.1902272019461722,1746.6000000000138,1.3038727861094705,77.5,77.5,,,,,,,,,,
240m,random_direction,241,70,-2891.4000000000024,41.42857142857143,0.6415679079684632,3948.199999999999,-41.305714285714316,0.12352266237320085,1746.6000000000138,1.3038727861094705,77.5,77.5,,,,,,,,,,
240m,random_direction,242,70,855.79999999999,50.0,1.1383178174295299,1292.6000000000051,12.225714285714142,0.1078771742284346,1746.6000000000138,1.3038727861094705,77.5,77.5,,,,,,,,,,
240m,random_direction,243,70,-1030.8000000000034,45.714285714285715,0.8554987033013242,2969.1000000000035,-14.725714285714334,0.317789458685969,1746.6000000000138,1.3038727861094705,77.5,77.5,,,,,,,,,,
240m,random_direction,244,70,-1134.5999999999876,52.85714285714286,0.8419865188568898,2444.199999999987,-16.20857142857125,-0.6852299810903273,1746.6000000000138,1.3038727861094705,77.5,77.5,,,,,,,,,,
240m,random_direction,245,70,-1548.5999999999908,50.0,0.7904295341976356,2962.099999999998,-22.12285714285701,-1.0491613730059544,1746.6000000000138,1.3038727861094705,77.5,77.5,,,,,,,,,,
240m,random_direction,246,70,3864.6000000000085,58.57142857142858,1.826334245638045,1334.8999999999978,55.20857142857155,-0.1274164998371241,1746.6000000000138,1.3038727861094705,77.5,77.5,,,,,,,,,,
240m,random_direction,247,70,-1226.3999999999994,52.85714285714286,0.8302865920318835,2445.600000000004,-17.519999999999992,-1.4716216972147833,1746.6000000000138,1.3038727861094705,77.5,77.5,,,,,,,,,,
240m,random_direction,248,70,-2319.1999999999935,55.714285714285715,0.701545549307013,4200.699999999994,-33.13142857142848,-1.5859797763363501,1746.6000000000138,1.3038727861094705,77.5,77.5,,,,,,,,,,
240m,random_direction,249,70,-1955.1999999999948,47.14285714285714,0.7425573097028196,3182.300000000003,-27.931428571428498,-1.000155374722481,1746.6000000000138,1.3038727861094705,77.5,77.5,,,,,,,,,,
240m,random_direction,250,70,-183.40000000001578,48.57142857142857,0.972658695846624,1728.1000000000022,-2.6200000000002253,0.04790099682974933,1746.6000000000138,1.3038727861094705,77.5,77.5,,,,,,,,,,
240m,random_direction,251,70,-501.9999999999908,48.57142857142857,0.9268978171280468,2128.2000000000025,-7.17142857142844,1.0763105911474218,1746.6000000000138,1.3038727861094705,77.5,77.5,,,,,,,,,,
240m,random_direction,252,70,-1880.4000000000021,54.285714285714285,0.7510162467063013,3496.7000000000066,-26.862857142857173,-1.5024071780688095,1746.6000000000138,1.3038727861094705,77.5,77.5,,,,,,,,,,
240m,random_direction,253,70,3577.400000000007,55.714285714285715,1.7418297942932994,1090.8000000000031,51.105714285714384,1.4233047739822278,1746.6000000000138,1.3038727861094705,77.5,77.5,,,,,,,,,,
240m,random_direction,254,70,-855.3999999999902,54.285714285714285,0.8784908662177916,2396.499999999998,-12.21999999999986,-0.3551109437678178,1746.6000000000138,1.3038727861094705,77.5,77.5,,,,,,,,,,
240m,random_direction,255,70,549.200000000015,61.42857142857143,1.0867272009474955,2325.2999999999975,7.845714285714501,-0.4051501817054361,1746.6000000000138,1.3038727861094705,77.5,77.5,,,,,,,,,,
240m,random_direction,256,70,421.79999999999814,44.285714285714285,1.0658219156705466,2188.499999999996,6.025714285714259,0.23942609833862014,1746.6000000000138,1.3038727861094705,77.5,77.5,,,,,,,,,,
240m,random_direction,257,70,-2052.5999999999995,44.285714285714285,0.7315248384649594,2586.9999999999995,-29.322857142857135,-0.17779120545578142,1746.6000000000138,1.3038727861094705,77.5,77.5,,,,,,,,,,
240m,random_direction,258,70,2938.000000000001,51.42857142857142,1.571028745796972,2058.4000000000046,41.97142857142858,1.1299016611052715,1746.6000000000138,1.3038727861094705,77.5,77.5,,,,,,,,,,
240m,random_direction,259,70,2427.1999999999844,51.42857142857142,1.4494398666790074,1804.799999999997,34.67428571428549,1.0216403992752054,1746.6000000000138,1.3038727861094705,77.5,77.5,,,,,,,,,,
240m,random_direction,260,70,-476.60000000000605,48.57142857142857,0.9304680205415492,2335.7000000000044,-6.808571428571515,0.08336063992955521,1746.6000000000138,1.3038727861094705,77.5,77.5,,,,,,,,,,
240m,random_direction,261,70,-704.9999999999878,44.285714285714285,0.8988754374892439,3208.7000000000025,-10.071428571428397,0.23983461301077186,1746.6000000000138,1.3038727861094705,77.5,77.5,,,,,,,,,,
240m,random_direction,262,70,-2103.199999999997,44.285714285714285,0.7258138109950856,3762.700000000001,-30.045714285714244,-1.106594038245667,1746.6000000000138,1.3038727861094705,77.5,77.5,,,,,,,,,,
240m,random_direction,263,70,-1566.200000000013,47.14285714285714,0.7883570714305003,3294.400000000006,-22.3742857142859,-0.6287008976877811,1746.6000000000138,1.3038727861094705,77.5,77.5,,,,,,,,,,
240m,random_direction,264,70,3195.799999999993,48.57142857142857,1.6368418955003763,2394.3999999999987,45.65428571428561,1.151343694889036,1746.6000000000138,1.3038727861094705,77.5,77.5,,,,,,,,,,
240m,random_direction,265,70,-547.2000000000021,51.42857142857142,0.920554031098915,2236.7,-7.817142857142887,-0.7692055598839425,1746.6000000000138,1.3038727861094705,77.5,77.5,,,,,,,,,,
240m,random_direction,266,70,-710.0000000000063,55.714285714285715,0.8980778340821972,2367.0000000000077,-10.142857142857233,-0.25082066609828546,1746.6000000000138,1.3038727861094705,77.5,77.5,,,,,,,,,,
240m,random_direction,267,70,-1309.2000000000023,47.14285714285714,0.8199595692891619,2249.900000000001,-18.702857142857177,0.14355548632438647,1746.6000000000138,1.3038727861094705,77.5,77.5,,,,,,,,,,
240m,random_direction,268,70,3728.400000000018,55.714285714285715,1.7854389180307195,1088.2999999999956,53.2628571428574,1.6910997471865516,1746.6000000000138,1.3038727861094705,77.5,77.5,,,,,,,,,,
240m,random_direction,269,70,2056.199999999997,48.57142857142857,1.3679670722977801,1657.6000000000063,29.374285714285673,0.8785479757827462,1746.6000000000138,1.3038727861094705,77.5,77.5,,,,,,,,,,
240m,random_direction,270,70,1085.59999999999,57.14285714285714,1.1789263758179072,1379.199999999999,15.508571428571285,-0.29522944640449306,1746.6000000000138,1.3038727861094705,77.5,77.5,,,,,,,,,,
240m,random_direction,271,70,-1123.2000000000128,47.14285714285714,0.8435371306782549,3826.900000000011,-16.045714285714467,0.35598417682111977,1746.6000000000138,1.3038727861094705,77.5,77.5,,,,,,,,,,
240m,random_direction,272,70,983.3999999999908,55.714285714285715,1.1607020296107446,2493.3000000000093,14.048571428571297,-0.14807004552883302,1746.6000000000138,1.3038727861094705,77.5,77.5,,,,,,,,,,
240m,random_direction,273,70,-1848.8000000000038,42.857142857142854,0.7549473126118361,2990.800000000002,-26.411428571428626,-0.8157748821473614,1746.6000000000138,1.3038727861094705,77.5,77.5,,,,,,,,,,
240m,random_direction,274,70,1538.9999999999995,57.14285714285714,1.2635003253090435,1474.2000000000012,21.98571428571428,0.32274362123673855,1746.6000000000138,1.3038727861094705,77.5,77.5,,,,,,,,,,
240m,random_direction,275,70,1483.0,50.0,1.2524856987196948,1765.3000000000015,21.185714285714287,1.1249132799038324,1746.6000000000138,1.3038727861094705,77.5,77.5,,,,,,,,,,
240m,random_direction,276,70,-69.39999999999986,57.14285714285714,0.9895557428365036,2587.4000000000055,-0.9914285714285694,-0.3273287468146062,1746.6000000000138,1.3038727861094705,77.5,77.5,,,,,,,,,,
240m,random_direction,277,70,1138.6000000000154,47.14285714285714,1.1882668077648095,1128.0999999999976,16.265714285714505,1.0683614152648437,1746.6000000000138,1.3038727861094705,77.5,77.5,,,,,,,,,,
240m,random_direction,278,70,-1676.000000000009,44.285714285714285,0.7752477504659977,2963.2000000000016,-23.942857142857275,0.4928508249606878,1746.6000000000138,1.3038727861094705,77.5,77.5,,,,,,,,,,
240m,random_direction,279,70,-1926.7999999999909,50.0,0.7457544368938458,3766.999999999995,-27.525714285714155,-1.5220406282143735,1746.6000000000138,1.3038727861094705,77.5,77.5,,,,,,,,,,
240m,random_direction,280,70,175.00000000000716,54.285714285714285,1.026821567605678,1365.8999999999996,2.500000000000102,-0.6503843684938434,1746.6000000000138,1.3038727861094705,77.5,77.5,,,,,,,,,,
240m,random_direction,281,70,-325.4000000000003,40.0,0.9520398537908265,1903.3000000000075,-4.648571428571433,1.2876682392540806,1746.6000000000138,1.3038727861094705,77.5,77.5,,,,,,,,,,
240m,random_direction,282,70,-874.2000000000002,48.57142857142857,0.876056258152328,3637.999999999999,-12.488571428571431,-0.2108792988556024,1746.6000000000138,1.3038727861094705,77.5,77.5,,,,,,,,,,
240m,random_direction,283,70,-1470.40000000001,44.285714285714285,0.8000625484410467,2881.2000000000126,-21.00571428571443,-0.7416968212630798,1746.6000000000138,1.3038727861094705,77.5,77.5,,,,,,,,,,
240m,random_direction,284,70,911.000000000003,52.85714285714286,1.147947252176173,1455.6999999999912,13.014285714285757,1.1528364992622884,1746.6000000000138,1.3038727861094705,77.5,77.5,,,,,,,,,,
240m,random_direction,285,70,-3760.200000000008,47.14285714285714,0.5574777573789008,5222.000000000005,-53.717142857142974,-1.61856977866188,1746.6000000000138,1.3038727861094705,77.5,77.5,,,,,,,,,,
240m,random_direction,286,70,1599.6000000000108,50.0,1.2750674943683062,2023.5000000000018,22.851428571428727,0.9465689425336532,1746.6000000000138,1.3038727861094705,77.5,77.5,,,,,,,,,,
240m,random_direction,287,70,-702.5999999999993,42.857142857142854,0.8992168000688531,1867.5999999999985,-10.037142857142848,0.6117809042036768,1746.6000000000138,1.3038727861094705,77.5,77.5,,,,,,,,,,
240m,random_direction,288,70,918.6000000000054,44.285714285714285,1.149128218448652,1947.9999999999977,13.12285714285722,0.07349691115257367,1746.6000000000138,1.3038727861094705,77.5,77.5,,,,,,,,,,
240m,random_direction,289,70,-304.79999999999256,50.0,0.9549612116734403,2407.799999999989,-4.354285714285608,-0.1272776241464079,1746.6000000000138,1.3038727861094705,77.5,77.5,,,,,,,,,,
240m,random_direction,290,70,2478.399999999995,52.85714285714286,1.4611920579095246,1190.3999999999992,35.40571428571422,1.5960521791860673,1746.6000000000138,1.3038727861094705,77.5,77.5,,,,,,,,,,
240m,random_direction,291,70,2548.4000000000287,54.285714285714285,1.4774162123681662,1275.5000000000005,36.405714285714694,1.0625043320824283,1746.6000000000138,1.3038727861094705,77.5,77.5,,,,,,,,,,
240m,random_direction,292,70,3222.0000000000036,54.285714285714285,1.644258263182101,1275.5000000000005,46.02857142857148,1.0677374536027224,1746.6000000000138,1.3038727861094705,77.5,77.5,,,,,,,,,,
240m,random_direction,293,70,2624.9999999999845,50.0,1.4950401689737074,1269.6000000000035,37.49999999999978,-0.19128340432412938,1746.6000000000138,1.3038727861094705,77.5,77.5,,,,,,,,,,
240m,random_direction,294,70,-2886.2000000000116,52.85714285714286,0.6417417641071462,3901.900000000008,-41.23142857142874,-1.2781957686736383,1746.6000000000138,1.3038727861094705,77.5,77.5,,,,,,,,,,
240m,random_direction,295,70,-120.80000000001814,50.0,0.9819039772301674,2594.600000000005,-1.7257142857145449,0.871449797506782,1746.6000000000138,1.3038727861094705,77.5,77.5,,,,,,,,,,
240m,random_direction,296,70,-2011.9999999999984,45.714285714285715,0.7360999986883701,3309.7,-28.74285714285712,0.4124334656005578,1746.6000000000138,1.3038727861094705,77.5,77.5,,,,,,,,,,
240m,random_direction,297,70,1878.4000000000058,48.57142857142857,1.3308848138949085,1645.600000000008,26.834285714285798,1.4870048555302908,1746.6000000000138,1.3038727861094705,77.5,77.5,,,,,,,,,,
240m,random_direction,298,70,-615.1999999999971,54.285714285714285,0.91109441160744,3831.5000000000055,-8.788571428571387,-0.8189414206422271,1746.6000000000138,1.3038727861094705,77.5,77.5,,,,,,,,,,
240m,random_direction,299,70,2749.800000000001,55.714285714285715,1.5251518276612808,1730.7999999999965,39.28285714285716,0.9118632636909682,1746.6000000000138,1.3038727861094705,77.5,77.5,,,,,,,,,,
240m,random_direction,300,70,-1374.9999999999984,44.285714285714285,0.8118139764048947,2267.000000000001,-19.64285714285712,0.17432269281645804,1746.6000000000138,1.3038727861094705,77.5,77.5,,,,,,,,,,
240m,random_direction,301,70,-4284.200000000006,41.42857142857143,0.5111146613109362,5166.10000000001,-61.20285714285723,-1.1118976069776625,1746.6000000000138,1.3038727861094705,77.5,77.5,,,,,,,,,,
240m,random_direction,302,70,-586.6000000000082,51.42857142857142,0.9150765845325292,2414.6000000000017,-8.380000000000118,0.21048315695873682,1746.6000000000138,1.3038727861094705,77.5,77.5,,,,,,,,,,
240m,random_direction,303,70,-150.99999999999727,52.85714285714286,0.9774242741380862,3252.399999999997,-2.157142857142818,-0.8862612859392504,1746.6000000000138,1.3038727861094705,77.5,77.5,,,,,,,,,,
240m,random_direction,304,70,1027.6000000000026,48.57142857142857,1.1683955229995253,2945.9999999999973,14.680000000000037,0.16459903137761017,1746.6000000000138,1.3038727861094705,77.5,77.5,,,,,,,,,,
240m,random_direction,305,70,-320.39999999999884,51.42857142857142,0.9527036003719945,2529.700000000008,-4.5771428571428405,-0.06538711076118575,1746.6000000000138,1.3038727861094705,77.5,77.5,,,,,,,,,,
240m,random_direction,306,70,-2616.5999999999876,41.42857142857143,0.6700128635205707,4428.500000000004,-37.379999999999825,-0.3105512143919614,1746.6000000000138,1.3038727861094705,77.5,77.5,,,,,,,,,,
240m,random_direction,307,70,-2146.8000000000065,48.57142857142857,0.7208140971454575,3299.6000000000045,-30.66857142857152,-0.6038132646564306,1746.6000000000138,1.3038727861094705,77.5,77.5,,,,,,,,,,
240m,random_direction,308,70,-6795.599999999993,41.42857142857143,0.32172194552296224,7429.599999999991,-97.0799999999999,-1.6164433958803106,1746.6000000000138,1.3038727861094705,77.5,77.5,,,,,,,,,,
240m,random_direction,309,70,-792.5999999999743,52.85714285714286,0.8869232744600145,1609.1999999999944,-11.322857142856776,0.07549958206623347,1746.6000000000138,1.3038727861094705,77.5,77.5,,,,,,,,,,
240m,random_direction,310,70,-3843.9999999999927,50.0,0.5497300019913093,4180.299999999992,-54.91428571428561,-1.155507796757023,1746.6000000000138,1.3038727861094705,77.5,77.5,,,,,,,,,,
240m,random_direction,311,70,735.6000000000126,40.0,1.1176150808243952,1747.999999999995,10.508571428571608,1.4097830250354095,1746.6000000000138,1.3038727861094705,77.5,77.5,,,,,,,,,,
240m,random_direction,312,70,4079.6000000000013,58.57142857142858,1.8928282231414004,1097.699999999997,58.280000000000015,1.266258944105616,1746.6000000000138,1.3038727861094705,77.5,77.5,,,,,,,,,,
240m,random_direction,313,70,-262.59999999999,48.57142857142857,0.9610813053917079,1854.1999999999925,-3.751428571428429,0.10443749244326406,1746.6000000000138,1.3038727861094705,77.5,77.5,,,,,,,,,,
240m,random_direction,314,70,-1746.6000000000045,40.0,0.7669770792752881,3070.2000000000035,-24.951428571428636,-0.039361769436878455,1746.6000000000138,1.3038727861094705,77.5,77.5,,,,,,,,,,
240m,random_direction,315,70,-1031.4000000000065,51.42857142857142,0.8553395607169899,3784.099999999994,-14.734285714285807,-0.3358480573835633,1746.6000000000138,1.3038727861094705,77.5,77.5,,,,,,,,,,
240m,random_direction,316,70,752.600000000003,47.14285714285714,1.1205935136520961,1835.1000000000117,10.751428571428614,0.08742308150007302,1746.6000000000138,1.3038727861094705,77.5,77.5,,,,,,,,,,
240m,random_direction,317,70,4117.400000000018,61.42857142857143,1.905241403570491,1789.999999999996,58.820000000000256,0.9507912766377212,1746.6000000000138,1.3038727861094705,77.5,77.5,,,,,,,,,,
240m,random_direction,318,70,55.800000000006435,54.285714285714285,1.008474833692781,2573.1999999999966,0.7971428571429491,-0.980275760138791,1746.6000000000138,1.3038727861094705,77.5,77.5,,,,,,,,,,
240m,random_direction,319,70,-6408.599999999995,41.42857142857143,0.34775174547601173,6704.9999999999945,-91.5514285714285,-1.577414297673041,1746.6000000000138,1.3038727861094705,77.5,77.5,,,,,,,,,,
240m,random_direction,320,70,-2970.200000000026,45.714285714285715,0.6334534504886933,4012.3000000000184,-42.431428571428945,-1.3858602186199889,1746.6000000000138,1.3038727861094705,77.5,77.5,,,,,,,,,,
240m,random_direction,321,70,5906.799999999999,58.57142857142858,2.6157780999534963,940.6999999999998,84.38285714285713,1.3739604063943622,1746.6000000000138,1.3038727861094705,77.5,77.5,,,,,,,,,,
240m,random_direction,322,70,276.0000000000008,57.14285714285714,1.042644582129448,1857.3999999999955,3.942857142857154,-0.3552330869554519,1746.6000000000138,1.3038727861094705,77.5,77.5,,,,,,,,,,
240m,random_direction,323,70,-1750.199999999994,50.0,0.7663346773116884,2832.8999999999974,-25.002857142857057,-1.4115994705242405,1746.6000000000138,1.3038727861094705,77.5,77.5,,,,,,,,,,
240m,random_direction,324,70,-2042.6000000000136,45.714285714285715,0.73262298086237,4279.80000000001,-29.180000000000195,-0.3912107630447187,1746.6000000000138,1.3038727861094705,77.5,77.5,,,,,,,,,,
240m,random_direction,325,70,-3048.9999999999873,51.42857142857142,0.6253655419851091,4485.499999999991,-43.55714285714267,-1.376072770068732,1746.6000000000138,1.3038727861094705,77.5,77.5,,,,,,,,,,
240m,random_direction,326,70,-3852.5999999999876,48.57142857142857,0.549002622213899,5526.900000000002,-55.03714285714268,-0.9267890575579572,1746.6000000000138,1.3038727861094705,77.5,77.5,,,,,,,,,,
240m,random_direction,327,70,-1655.6000000000026,48.57142857142857,0.7775897043216591,2871.4000000000015,-23.65142857142861,1.2405938454589325,1746.6000000000138,1.3038727861094705,77.5,77.5,,,,,,,,,,
240m,random_direction,328,70,-1002.6000000000049,44.285714285714285,0.8591933037469797,1835.5999999999976,-14.322857142857213,0.364371558574739,1746.6000000000138,1.3038727861094705,77.5,77.5,,,,,,,,,,
240m,random_direction,329,70,671.3999999999959,54.285714285714285,1.1069721496399203,3076.5999999999913,9.591428571428512,0.14264201818874647,1746.6000000000138,1.3038727861094705,77.5,77.5,,,,,,,,,,
240m,random_direction,330,70,-212.99999999998647,50.0,0.9683111164008587,1959.1999999999944,-3.0428571428569495,0.06727027827412313,1746.6000000000138,1.3038727861094705,77.5,77.5,,,,,,,,,,
240m,random_direction,331,70,-903.0000000000185,48.57142857142857,0.872233855905821,1749.5000000000182,-12.900000000000265,0.5941171292850397,1746.6000000000138,1.3038727861094705,77.5,77.5,,,,,,,,,,
240m,random_direction,332,70,4827.399999999998,57.14285714285714,2.150366981221997,610.1000000000013,68.96285714285712,1.5504382462384798,1746.6000000000138,1.3038727861094705,77.5,77.5,,,,,,,,,,
240m,random_direction,333,70,-4636.000000000016,44.285714285714285,0.48126349710756167,5035.700000000011,-66.22857142857167,-1.3982566797393896,1746.6000000000138,1.3038727861094705,77.5,77.5,,,,,,,,,,
240m,random_direction,334,70,1850.8000000000054,47.14285714285714,1.325175255196164,1554.8999999999937,26.440000000000076,1.692242587725403,1746.6000000000138,1.3038727861094705,77.5,77.5,,,,,,,,,,
240m,random_direction,335,70,659.2000000000112,55.714285714285715,1.1049430868423165,1429.8000000000006,9.417142857143016,-0.020882502273332795,1746.6000000000138,1.3038727861094705,77.5,77.5,,,,,,,,,,
240m,random_direction,336,70,3077.8000000000093,48.57142857142857,1.6062002678641791,753.2000000000011,43.96857142857156,1.279914429303897,1746.6000000000138,1.3038727861094705,77.5,77.5,,,,,,,,,,
240m,random_direction,337,70,-1694.400000000017,47.14285714285714,0.7729994775129598,3012.000000000012,-24.205714285714528,-1.2450610834394866,1746.6000000000138,1.3038727861094705,77.5,77.5,,,,,,,,,,
240m,random_direction,338,70,2858.800000000004,60.0,1.552030432347887,1819.1999999999962,40.84000000000005,1.0365061421739952,1746.6000000000138,1.3038727861094705,77.5,77.5,,,,,,,,,,
240m,random_direction,339,70,2942.00000000002,47.14285714285714,1.571695070053054,1949.8999999999855,42.028571428571716,1.7394696036821047,1746.6000000000138,1.3038727861094705,77.5,77.5,,,,,,,,,,
240m,random_direction,340,70,4572.199999999995,55.714285714285715,2.0571560693641593,1511.1999999999966,65.31714285714278,1.0706454210732932,1746.6000000000138,1.3038727861094705,77.5,77.5,,,,,,,,,,
240m,random_direction,341,70,1517.6000000000117,58.57142857142858,1.2594055005726223,2150.699999999996,21.680000000000167,-0.1945976775525285,1746.6000000000138,1.3038727861094705,77.5,77.5,,,,,,,,,,
240m,random_direction,342,70,-18.000000000010118,45.714285714285715,0.9972838798267702,1531.6000000000008,-0.25714285714300167,1.238763672367791,1746.6000000000138,1.3038727861094705,77.5,77.5,,,,,,,,,,
240m,random_direction,343,70,2050.3999999999805,64.28571428571429,1.3674617824692155,1666.5000000000036,29.291428571428295,0.12204789796274901,1746.6000000000138,1.3038727861094705,77.5,77.5,,,,,,,,,,
240m,random_direction,344,70,-2626.199999999998,54.285714285714285,0.6686266592641199,4408.899999999998,-37.51714285714283,-1.4674259747253517,1746.6000000000138,1.3038727861094705,77.5,77.5,,,,,,,,,,
240m,random_direction,345,70,-2526.0000000000027,50.0,0.6793643137304679,3663.1999999999994,-36.085714285714324,-0.3344434726075135,1746.6000000000138,1.3038727861094705,77.5,77.5,,,,,,,,,,
240m,random_direction,346,70,777.0000000000455,48.57142857142857,1.124767165521236,1097.6999999999973,11.10000000000065,1.08333534637515,1746.6000000000138,1.3038727861094705,77.5,77.5,,,,,,,,,,
240m,random_direction,347,70,-856.1999999999941,40.0,0.8785566366911586,3696.5999999999976,-12.231428571428488,1.3963028217256683,1746.6000000000138,1.3038727861094705,77.5,77.5,,,,,,,,,,
240m,random_direction,348,70,475.4000000000094,57.14285714285714,1.0746029753311168,1604.4999999999914,6.791428571428706,0.17622697654558642,1746.6000000000138,1.3038727861094705,77.5,77.5,,,,,,,,,,
240m,random_direction,349,70,-1063.9999999999795,51.42857142857142,0.8511075971508959,2320.5999999999913,-15.199999999999708,0.027225576834688153,1746.6000000000138,1.3038727861094705,77.5,77.5,,,,,,,,,,
240m,random_direction,350,70,-829.200000000001,48.57142857142857,0.8820601078128777,1794.1000000000095,-11.8457142857143,-0.5087376195861838,1746.6000000000138,1.3038727861094705,77.5,77.5,,,,,,,,,,
240m,random_direction,351,70,3793.8,55.714285714285715,1.8047600865470284,1770.3000000000022,54.19714285714286,-0.05522292506659739,1746.6000000000138,1.3038727861094705,77.5,77.5,,,,,,,,,,
240m,random_direction,352,70,-2577.600000000004,44.285714285714285,0.6740474715158257,4154.600000000002,-36.8228571428572,-1.0316614841503842,1746.6000000000138,1.3038727861094705,77.5,77.5,,,,,,,,,,
240m,random_direction,353,70,-492.7999999999979,40.0,0.9282521656839199,1947.1999999999998,-7.03999999999997,0.8471934887703816,1746.6000000000138,1.3038727861094705,77.5,77.5,,,,,,,,,,
240m,random_direction,354,70,929.8000000000075,51.42857142857142,1.1512066610290783,2257.4999999999973,13.28285714285725,-0.6742170941580607,1746.6000000000138,1.3038727861094705,77.5,77.5,,,,,,,,,,
240m,random_direction,355,70,1171.7999999999918,47.14285714285714,1.1942896935933132,2190.4999999999964,16.73999999999988,0.36526642166418793,1746.6000000000138,1.3038727861094705,77.5,77.5,,,,,,,,,,
240m,random_direction,356,70,27.79999999999245,50.0,1.004211355511118,2329.700000000007,0.39714285714274933,0.11130313221604557,1746.6000000000138,1.3038727861094705,77.5,77.5,,,,,,,,,,
240m,random_direction,357,70,1015.8000000000087,54.285714285714285,1.1664100127780885,1318.9999999999986,14.511428571428695,-0.5805685232751394,1746.6000000000138,1.3038727861094705,77.5,77.5,,,,,,,,,,
240m,random_direction,358,70,2433.0,65.71428571428571,1.4515925458460166,1358.8999999999974,34.75714285714286,0.4676093065658196,1746.6000000000138,1.3038727861094705,77.5,77.5,,,,,,,,,,
240m,random_direction,359,70,3594.8,55.714285714285715,1.7467852171925955,1776.1999999999962,51.354285714285716,-0.030708185928231144,1746.6000000000138,1.3038727861094705,77.5,77.5,,,,,,,,,,
240m,random_direction,360,70,-318.59999999999604,45.714285714285715,0.9529908224392842,1461.1000000000045,-4.551428571428515,0.20112784266269093,1746.6000000000138,1.3038727861094705,77.5,77.5,,,,,,,,,,
240m,random_direction,361,70,1714.799999999993,54.285714285714285,1.2979825186369387,1632.7000000000016,24.497142857142755,-0.12008742916264196,1746.6000000000138,1.3038727861094705,77.5,77.5,,,,,,,,,,
240m,random_direction,362,70,-3330.999999999998,44.285714285714285,0.5979286869613504,3312.8999999999987,-47.58571428571426,-0.5609283226415815,1746.6000000000138,1.3038727861094705,77.5,77.5,,,,,,,,,,
240m,random_direction,363,70,-247.79999999999382,48.57142857142857,0.9632344213649862,2462.7999999999956,-3.5399999999999117,0.046465331830887545,1746.6000000000138,1.3038727861094705,77.5,77.5,,,,,,,,,,
240m,random_direction,364,70,592.6000000000118,47.14285714285714,1.0937539551955466,2079.199999999999,8.465714285714455,1.5988796686721416,1746.6000000000138,1.3038727861094705,77.5,77.5,,,,,,,,,,
240m,random_direction,365,70,2320.3999999999905,54.285714285714285,1.4256130890148369,1177.5999999999963,33.148571428571294,0.9796081705068724,1746.6000000000138,1.3038727861094705,77.5,77.5,,,,,,,,,,
240m,random_direction,366,70,3105.2000000000035,57.14285714285714,1.6139792387543261,1240.6999999999975,44.36000000000005,-0.2880135751126236,1746.6000000000138,1.3038727861094705,77.5,77.5,,,,,,,,,,
240m,random_direction,367,70,-1687.199999999994,45.714285714285715,0.7738853076376704,3366.099999999992,-24.102857142857054,-0.2370622640539264,1746.6000000000138,1.3038727861094705,77.5,77.5,,,,,,,,,,
240m,random_direction,368,70,-829.3999999999965,51.42857142857142,0.8819997723651265,3552.299999999998,-11.848571428571377,-0.3058407527901179,1746.6000000000138,1.3038727861094705,77.5,77.5,,,,,,,,,,
240m,random_direction,369,70,-40.60000000002162,50.0,0.9938813033125323,2630.600000000004,-0.5800000000003089,-0.15804754722635633,1746.6000000000138,1.3038727861094705,77.5,77.5,,,,,,,,,,
240m,random_direction,370,70,1122.399999999995,51.42857142857142,1.1854317765038236,2823.500000000008,16.034285714285645,1.0148070692243931,1746.6000000000138,1.3038727861094705,77.5,77.5,,,,,,,,,,
240m,random_direction,371,70,2580.1999999999807,51.42857142857142,1.4846356123215583,1553.6000000000045,36.85999999999972,0.06914738211179167,1746.6000000000138,1.3038727861094705,77.5,77.5,,,,,,,,,,
240m,random_direction,372,70,4256.199999999992,64.28571428571429,1.9506812597721659,1899.800000000007,60.80285714285702,0.8608867593747072,1746.6000000000138,1.3038727861094705,77.5,77.5,,,,,,,,,,
240m,random_direction,373,70,1560.4000000000055,48.57142857142857,1.2673794958789573,995.9000000000019,22.29142857142865,1.1389173496525058,1746.6000000000138,1.3038727861094705,77.5,77.5,,,,,,,,,,
240m,random_direction,374,70,432.20000000000175,54.285714285714285,1.067573483427142,1822.4999999999977,6.174285714285739,0.06292907119541372,1746.6000000000138,1.3038727861094705,77.5,77.5,,,,,,,,,,
240m,random_direction,375,70,-895.199999999998,51.42857142857142,0.8732316580993248,3983.2999999999975,-12.7885714285714,-1.0813647598220286,1746.6000000000138,1.3038727861094705,77.5,77.5,,,,,,,,,,
240m,random_direction,376,70,-1497.2000000000135,45.714285714285715,0.7967611006285024,3102.900000000006,-21.38857142857162,-0.4338373842130299,1746.6000000000138,1.3038727861094705,77.5,77.5,,,,,,,,,,
240m,random_direction,377,70,-6264.399999999998,37.142857142857146,0.3579123233192914,6482.799999999995,-89.49142857142854,-1.2374617006838635,1746.6000000000138,1.3038727861094705,77.5,77.5,,,,,,,,,,
240m,random_direction,378,70,3423.99999999998,54.285714285714285,1.6987612497704072,1496.0000000000032,48.91428571428543,1.0199422245882344,1746.6000000000138,1.3038727861094705,77.5,77.5,,,,,,,,,,
240m,random_direction,379,70,3108.3999999999905,55.714285714285715,1.614684885997347,1363.200000000004,44.40571428571415,1.206626331752392,1746.6000000000138,1.3038727861094705,77.5,77.5,,,,,,,,,,
240m,random_direction,380,70,2788.9999999999945,57.14285714285714,1.5347419280619663,1608.3000000000056,39.84285714285706,0.25216500077803733,1746.6000000000138,1.3038727861094705,77.5,77.5,,,,,,,,,,
240m,random_direction,381,70,5319.799999999999,67.14285714285714,2.34910732400081,1285.2000000000035,75.99714285714285,-0.2095822009558842,1746.6000000000138,1.3038727861094705,77.5,77.5,,,,,,,,,,
240m,random_direction,382,70,3259.0000000000045,54.285714285714285,1.654076185124233,1099.9999999999982,46.55714285714292,1.2008198699635215,1746.6000000000138,1.3038727861094705,77.5,77.5,,,,,,,,,,
240m,random_direction,383,70,-2073.399999999996,42.857142857142854,0.7292080242398916,2803.1999999999903,-29.619999999999944,1.0967910255560647,1746.6000000000138,1.3038727861094705,77.5,77.5,,,,,,,,,,
240m,random_direction,384,70,822.0000000000156,52.85714285714286,1.1325357540188026,2021.7999999999993,11.742857142857366,0.6729366822018716,1746.6000000000138,1.3038727861094705,77.5,77.5,,,,,,,,,,
240m,random_direction,385,70,210.99999999999727,52.85714285714286,1.032423627758313,2118.700000000004,3.014285714285675,0.49819284212997045,1746.6000000000138,1.3038727861094705,77.5,77.5,,,,,,,,,,
240m,random_direction,386,70,-4138.799999999985,40.0,0.5238106195708465,4411.49999999998,-59.12571428571407,-0.500308415301689,1746.6000000000138,1.3038727861094705,77.5,77.5,,,,,,,,,,
240m,random_direction,387,70,1943.1999999999914,42.857142857142854,1.3440205364255977,998.7000000000019,27.759999999999877,1.8056881725355072,1746.6000000000138,1.3038727861094705,77.5,77.5,,,,,,,,,,
240m,random_direction,388,70,318.1999999999863,44.285714285714285,1.0492569659442703,2341.000000000004,4.54571428571409,0.940493533345708,1746.6000000000138,1.3038727861094705,77.5,77.5,,,,,,,,,,
240m,random_direction,389,70,5644.199999999992,57.14285714285714,2.490021119324176,1005.9000000000024,80.63142857142846,1.2616816116158651,1746.6000000000138,1.3038727861094705,77.5,77.5,,,,,,,,,,
240m,random_direction,390,70,-3763.5999999999885,41.42857142857143,0.5573745428030448,3850.599999999989,-53.765714285714125,-1.3763375710267927,1746.6000000000138,1.3038727861094705,77.5,77.5,,,,,,,,,,
240m,random_direction,391,70,-2191.000000000001,44.285714285714285,0.7159930521349129,2487.400000000001,-31.30000000000001,0.32751759932578134,1746.6000000000138,1.3038727861094705,77.5,77.5,,,,,,,,,,
240m,random_direction,392,70,-2928.5999999999985,50.0,0.6375225883110134,4991.500000000006,-41.83714285714284,-1.1341504156790656,1746.6000000000138,1.3038727861094705,77.5,77.5,,,,,,,,,,
240m,random_direction,393,70,833.3999999999965,42.857142857142854,1.1343456814005215,2298.2999999999984,11.905714285714234,1.4000423602005085,1746.6000000000138,1.3038727861094705,77.5,77.5,,,,,,,,,,
240m,random_direction,394,70,-5367.399999999996,45.714285714285715,0.42297189791223244,7312.1,-76.6771428571428,-1.3585889637897528,1746.6000000000138,1.3038727861094705,77.5,77.5,,,,,,,,,,
240m,random_direction,395,70,2839.600000000003,50.0,1.546570939118049,2617.3,40.56571428571433,-0.04757936134963391,1746.6000000000138,1.3038727861094705,77.5,77.5,,,,,,,,,,
240m,random_direction,396,70,2060.8000000000084,48.57142857142857,1.3689421200565743,1497.2000000000025,29.44000000000012,0.6757526723172377,1746.6000000000138,1.3038727861094705,77.5,77.5,,,,,,,,,,
240m,random_direction,397,70,-2683.400000000005,42.857142857142854,0.6629656610314246,3759.699999999997,-38.334285714285784,-0.010511334988164821,1746.6000000000138,1.3038727861094705,77.5,77.5,,,,,,,,,,
240m,random_direction,398,70,1370.4000000000133,55.714285714285715,1.2312560117450537,1084.3999999999937,19.57714285714305,0.01754365001261494,1746.6000000000138,1.3038727861094705,77.5,77.5,,,,,,,,,,
240m,random_direction,399,70,1447.7999999999797,50.0,1.2457563824008655,1839.1000000000054,20.682857142856854,0.3746348563124503,1746.6000000000138,1.3038727861094705,77.5,77.5,,,,,,,,,,
240m,random_direction,400,70,-479.99999999997624,54.285714285714285,0.9299484829468372,3081.0999999999935,-6.8571428571425175,-0.14862785428613523,1746.6000000000138,1.3038727861094705,77.5,77.5,,,,,,,,,,
240m,random_direction,401,70,-4324.600000000013,42.857142857142854,0.5075833485152115,4693.1000000000095,-61.780000000000186,-1.0249668785977029,1746.6000000000138,1.3038727861094705,77.5,77.5,,,,,,,,,,
240m,random_direction,402,70,-2563.400000000006,44.285714285714285,0.6755518428513564,3640.5000000000086,-36.62000000000008,-1.2981465902158924,1746.6000000000138,1.3038727861094705,77.5,77.5,,,,,,,,,,
240m,random_direction,403,70,-1441.0000000000232,42.857142857142854,0.8036945208838484,2607.600000000015,-20.585714285714616,0.13348031137801447,1746.6000000000138,1.3038727861094705,77.5,77.5,,,,,,,,,,
240m,random_direction,404,70,1669.0000000000014,55.714285714285715,1.2889242807187618,1378.3999999999983,23.842857142857163,0.5087780025816714,1746.6000000000138,1.3038727861094705,77.5,77.5,,,,,,,,,,
240m,random_direction,405,70,2087.99999999999,54.285714285714285,1.3749932652071597,1348.8000000000052,29.828571428571287,0.8682991172090917,1746.6000000000138,1.3038727861094705,77.5,77.5,,,,,,,,,,
240m,random_direction,406,70,2015.2000000000116,47.14285714285714,1.359247704786525,1953.9000000000076,28.788571428571593,1.411397450884071,1746.6000000000138,1.3038727861094705,77.5,77.5,,,,,,,,,,
240m,random_direction,407,70,-3746.8000000000065,52.85714285714286,0.5584987921993751,4558.699999999997,-53.52571428571438,-1.779473231145691,1746.6000000000138,1.3038727861094705,77.5,77.5,,,,,,,,,,
240m,random_direction,408,70,-2480.0000000000045,50.0,0.6842815495665232,3279.5000000000036,-35.428571428571495,-1.3000550094235386,1746.6000000000138,1.3038727861094705,77.5,77.5,,,,,,,,,,
240m,random_direction,409,70,1224.799999999989,48.57142857142857,1.2040075286906384,1595.9000000000092,17.497142857142702,-0.10086707545393933,1746.6000000000138,1.3038727861094705,77.5,77.5,,,,,,,,,,
240m,random_direction,410,70,1218.7999999999893,52.85714285714286,1.203008144977262,2081.4999999999973,17.411428571428416,-0.3791532523416989,1746.6000000000138,1.3038727861094705,77.5,77.5,,,,,,,,,,
240m,random_direction,411,70,2249.2000000000035,50.0,1.40965303706402,1331.4999999999995,32.13142857142862,0.03593111271314938,1746.6000000000138,1.3038727861094705,77.5,77.5,,,,,,,,,,
240m,random_direction,412,70,1325.600000000005,48.57142857142857,1.2226664203047062,1679.0000000000045,18.937142857142927,0.7261570972538762,1746.6000000000138,1.3038727861094705,77.5,77.5,,,,,,,,,,
240m,random_direction,413,70,-2231.9999999999754,50.0,0.7112959346018062,3383.3999999999905,-31.885714285713934,-0.03558498409404931,1746.6000000000138,1.3038727861094705,77.5,77.5,,,,,,,,,,
240m,random_direction,414,70,3579.199999999998,51.42857142857142,1.7418799875634774,1075.7000000000003,51.13142857142854,1.4766830683086913,1746.6000000000138,1.3038727861094705,77.5,77.5,,,,,,,,,,
240m,random_direction,415,70,-1508.2000000000094,47.14285714285714,0.7953928803993913,3011.1000000000063,-21.54571428571442,0.20364484906649336,1746.6000000000138,1.3038727861094705,77.5,77.5,,,,,,,,,,
240m,random_direction,416,70,2442.8000000000075,54.285714285714285,1.4531507967425394,1027.7999999999968,34.89714285714297,0.9641960128201604,1746.6000000000138,1.3038727861094705,77.5,77.5,,,,,,,,,,
240m,random_direction,417,70,73.40000000000532,42.857142857142854,1.0111492541847686,2132.8000000000047,1.0485714285715046,1.5539012085796202,1746.6000000000138,1.3038727861094705,77.5,77.5,,,,,,,,,,
240m,random_direction,418,70,-1285.400000000002,48.57142857142857,0.8229183887143878,2198.8999999999987,-18.36285714285717,0.12118055616463883,1746.6000000000138,1.3038727861094705,77.5,77.5,,,,,,,,,,
240m,random_direction,419,70,-2707.599999999983,40.0,0.660527338607557,3757.6999999999907,-38.67999999999976,0.6361050453299002,1746.6000000000138,1.3038727861094705,77.5,77.5,,,,,,,,,,
240m,random_direction,420,70,-53.39999999998645,55.714285714285715,0.9919551658682109,2808.2999999999984,-0.7628571428569493,-1.6304023395760896,1746.6000000000138,1.3038727861094705,77.5,77.5,,,,,,,,,,
240m,random_direction,421,70,2594.599999999982,51.42857142857142,1.4880003009328873,1819.3000000000038,37.06571428571403,0.02142041990207675,1746.6000000000138,1.3038727861094705,77.5,77.5,,,,,,,,,,
240m,random_direction,422,70,6830.999999999996,57.14285714285714,3.138295874287857,723.0999999999992,97.58571428571423,1.579852924705776,1746.6000000000138,1.3038727861094705,77.5,77.5,,,,,,,,,,
240m,random_direction,423,70,-2616.799999999982,44.285714285714285,0.6699085461999391,4163.899999999986,-37.382857142856885,-0.8664881053440149,1746.6000000000138,1.3038727861094705,77.5,77.5,,,,,,,,,,
240m,random_direction,424,70,1988.8000000000222,52.85714285714286,1.3539608806307553,1352.700000000002,28.41142857142889,0.9058593687181173,1746.6000000000138,1.3038727861094705,77.5,77.5,,,,,,,,,,
240m,random_direction,425,70,1440.400000000001,51.42857142857142,1.2443882658341676,1940.7999999999993,20.57714285714287,1.381117521531942,1746.6000000000138,1.3038727861094705,77.5,77.5,,,,,,,,,,
240m,random_direction,426,70,-730.4000000000067,42.857142857142854,0.8954375617367892,2917.499999999998,-10.43428571428581,1.3970946272772797,1746.6000000000138,1.3038727861094705,77.5,77.5,,,,,,,,,,
240m,random_direction,427,70,3214.6000000000085,51.42857142857142,1.6420468163297934,1061.3000000000013,45.92285714285727,1.2171118732381085,1746.6000000000138,1.3038727861094705,77.5,77.5,,,,,,,,,,
240m,random_direction,428,70,3261.7999999999893,52.85714285714286,1.654690698888038,1249.9,46.59714285714271,0.46317417008641504,1746.6000000000138,1.3038727861094705,77.5,77.5,,,,,,,,,,
240m,random_direction,429,70,624.8000000000062,52.85714285714286,1.0991635849984935,1758.699999999994,8.925714285714374,-0.36611682375461885,1746.6000000000138,1.3038727861094705,77.5,77.5,,,,,,,,,,
240m,random_direction,430,70,2989.9999999999936,55.714285714285715,1.5844295459431972,1698.3999999999985,42.71428571428562,-0.25607020998381824,1746.6000000000138,1.3038727861094705,77.5,77.5,,,,,,,,,,
240m,random_direction,431,70,-11.799999999997567,47.14285714285714,0.9982183300619056,1402.200000000001,-0.16857142857139382,-0.1464749120578169,1746.6000000000138,1.3038727861094705,77.5,77.5,,,,,,,,,,
240m,random_direction,432,70,-1025.5999999999785,50.0,0.8561147041905777,1985.4999999999995,-14.651428571428264,-1.1736052533615526,1746.6000000000138,1.3038727861094705,77.5,77.5,,,,,,,,,,
240m,random_direction,433,70,3602.5999999999976,58.57142857142858,1.7493240151420595,1932.4000000000065,51.46571428571425,1.160500951330539,1746.6000000000138,1.3038727861094705,77.5,77.5,,,,,,,,,,
240m,random_direction,434,70,381.39999999999804,54.285714285714285,1.059395147475628,3277.0999999999967,5.448571428571401,-1.1720219545084236,1746.6000000000138,1.3038727861094705,77.5,77.5,,,,,,,,,,
240m,random_direction,435,70,-1696.3999999999983,50.0,0.7727010839708979,3310.3999999999996,-24.23428571428569,-1.0677483219333461,1746.6000000000138,1.3038727861094705,77.5,77.5,,,,,,,,,,
240m,random_direction,436,70,-2888.800000000001,37.142857142857146,0.641965668959534,4346.500000000005,-41.26857142857144,-1.036196265372431,1746.6000000000138,1.3038727861094705,77.5,77.5,,,,,,,,,,
240m,random_direction,437,70,127.39999999998474,45.714285714285715,1.0194373245453412,2863.600000000004,1.819999999999782,-0.982894692371259,1746.6000000000138,1.3038727861094705,77.5,77.5,,,,,,,,,,
240m,random_direction,438,70,-1685.2000000000007,47.14285714285714,0.7740927919353324,3590.5000000000005,-24.074285714285725,-0.5831291873478704,1746.6000000000138,1.3038727861094705,77.5,77.5,,,,,,,,,,
240m,random_direction,439,70,-2324.4000000000124,50.0,0.7011302122844674,2536.600000000014,-33.205714285714464,-0.0718389694231165,1746.6000000000138,1.3038727861094705,77.5,77.5,,,,,,,,,,
240m,random_direction,440,70,-1510.4000000000083,38.57142857142858,0.795291598335659,2455.2000000000053,-21.577142857142974,-0.33725479130430347,1746.6000000000138,1.3038727861094705,77.5,77.5,,,,,,,,,,
240m,random_direction,441,70,3019.2000000000025,55.714285714285715,1.5918259335489562,1405.700000000002,43.13142857142861,0.7357647666183679,1746.6000000000138,1.3038727861094705,77.5,77.5,,,,,,,,,,
240m,random_direction,442,70,-1643.3999999999955,45.714285714285715,0.7791069652410018,2056.8999999999987,-23.477142857142795,1.4818681551097048,1746.6000000000138,1.3038727861094705,77.5,77.5,,,,,,,,,,
240m,random_direction,443,70,-1881.2000000000048,50.0,0.7510224069245729,2761.3000000000097,-26.874285714285783,-0.3924612340632587,1746.6000000000138,1.3038727861094705,77.5,77.5,,,,,,,,,,
240m,random_direction,444,70,1795.0000000000061,51.42857142857142,1.3139978308784956,1510.000000000006,25.64285714285723,0.6454582231488736,1746.6000000000138,1.3038727861094705,77.5,77.5,,,,,,,,,,
240m,random_direction,445,70,-3072.9999999999945,40.0,0.623342240090212,3916.4999999999914,-43.89999999999992,0.08338529621316733,1746.6000000000138,1.3038727861094705,77.5,77.5,,,,,,,,,,
240m,random_direction,446,70,4788.599999999993,57.14285714285714,2.135869823046631,830.4000000000033,68.40857142857134,1.274344277672684,1746.6000000000138,1.3038727861094705,77.5,77.5,,,,,,,,,,
240m,random_direction,447,70,4902.999999999982,57.14285714285714,2.1790025489347298,1324.9000000000042,70.04285714285689,1.2151474381920646,1746.6000000000138,1.3038727861094705,77.5,77.5,,,,,,,,,,
240m,random_direction,448,70,352.80000000000416,51.42857142857142,1.054802180903118,1433.6000000000017,5.0400000000000595,-0.07199783411882732,1746.6000000000138,1.3038727861094705,77.5,77.5,,,,,,,,,,
240m,random_direction,449,70,-555.2000000000004,50.0,0.9194510133909789,2386.199999999994,-7.931428571428577,-0.02888591243067749,1746.6000000000138,1.3038727861094705,77.5,77.5,,,,,,,,,,
240m,random_direction,450,70,399.40000000002146,60.0,1.0623244491604802,2662.599999999995,5.705714285714592,0.16207598474371374,1746.6000000000138,1.3038727861094705,77.5,77.5,,,,,,,,,,
240m,random_direction,451,70,-1040.5999999999938,44.285714285714285,0.854245454800124,2849.7999999999934,-14.865714285714196,1.2547990199708703,1746.6000000000138,1.3038727861094705,77.5,77.5,,,,,,,,,,
240m,random_direction,452,70,626.1999999999846,50.0,1.0993652808632155,2596.500000000003,8.945714285714066,-0.07226552784558128,1746.6000000000138,1.3038727861094705,77.5,77.5,,,,,,,,,,
240m,random_direction,453,70,-3608.0000000000027,47.14285714285714,0.5715524100176936,4085.099999999999,-51.54285714285718,-0.9293021931589538,1746.6000000000138,1.3038727861094705,77.5,77.5,,,,,,,,,,
240m,random_direction,454,70,-2741.9999999999936,44.285714285714285,0.6568253213351529,3777.9000000000124,-39.17142857142848,-0.5561581140506731,1746.6000000000138,1.3038727861094705,77.5,77.5,,,,,,,,,,
240m,random_direction,455,70,-265.00000000000205,57.14285714285714,0.9606976537240824,2989.6000000000026,-3.785714285714315,-0.5545582349812285,1746.6000000000138,1.3038727861094705,77.5,77.5,,,,,,,,,,
240m,random_direction,456,70,-3053.7999999999993,41.42857142857143,0.6252086401570941,3272.199999999996,-43.625714285714274,1.098778795130342,1746.6000000000138,1.3038727861094705,77.5,77.5,,,,,,,,,,
240m,random_direction,457,70,1972.3999999999842,44.285714285714285,1.3501571126773029,1198.799999999999,28.17714285714263,1.76431182580857,1746.6000000000138,1.3038727861094705,77.5,77.5,,,,,,,,,,
240m,random_direction,458,70,1341.999999999992,52.85714285714286,1.2258460813517091,1312.4999999999955,19.171428571428457,-0.056355575565897785,1746.6000000000138,1.3038727861094705,77.5,77.5,,,,,,,,,,
240m,random_direction,459,70,-3637.8000000000193,44.285714285714285,0.56887888125148,3679.9000000000124,-51.96857142857171,-0.9213215981870464,1746.6000000000138,1.3038727861094705,77.5,77.5,,,,,,,,,,
240m,random_direction,460,70,865.9999999999986,54.285714285714285,1.1401498600119757,3074.3,12.371428571428552,0.3516387317914469,1746.6000000000138,1.3038727861094705,77.5,77.5,,,,,,,,,,
240m,random_direction,461,70,5813.799999999988,58.57142857142858,2.5703635676084424,1091.300000000002,83.05428571428554,1.5391100561679751,1746.6000000000138,1.3038727861094705,77.5,77.5,,,,,,,,,,
240m,random_direction,462,70,-770.0000000000026,50.0,0.8900015714061225,2499.9999999999986,-11.000000000000037,-0.23784069563857022,1746.6000000000138,1.3038727861094705,77.5,77.5,,,,,,,,,,
240m,random_direction,463,70,-691.4000000000025,42.857142857142854,0.9007436331792469,2983.299999999998,-9.877142857142893,0.9933000481556546,1746.6000000000138,1.3038727861094705,77.5,77.5,,,,,,,,,,
240m,random_direction,464,70,-4326.199999999999,40.0,0.5075581660064655,4600.899999999996,-61.80285714285713,-1.2352931349681289,1746.6000000000138,1.3038727861094705,77.5,77.5,,,,,,,,,,
240m,random_direction,465,70,-507.99999999999136,42.857142857142854,0.9260994166509082,3099.300000000002,-7.257142857142734,0.9832272431687468,1746.6000000000138,1.3038727861094705,77.5,77.5,,,,,,,,,,
240m,random_direction,466,70,-59.60000000000446,51.42857142857142,0.9910293652824388,2828.8000000000015,-0.851428571428635,-0.43984124467231783,1746.6000000000138,1.3038727861094705,77.5,77.5,,,,,,,,,,
240m,random_direction,467,70,2655.000000000009,48.57142857142857,1.5020232197557024,1865.599999999993,37.92857142857156,1.6039352320641895,1746.6000000000138,1.3038727861094705,77.5,77.5,,,,,,,,,,
240m,random_direction,468,70,-1767.9999999999943,44.285714285714285,0.7643640628540215,2981.6999999999957,-25.257142857142775,0.40572852886201843,1746.6000000000138,1.3038727861094705,77.5,77.5,,,,,,,,,,
240m,random_direction,469,70,2616.2000000000107,52.85714285714286,1.4931573986804922,1287.3999999999944,37.37428571428587,1.3338573562358087,1746.6000000000138,1.3038727861094705,77.5,77.5,,,,,,,,,,
240m,random_direction,470,70,2333.000000000001,60.0,1.4287341958247572,1849.6000000000072,33.32857142857144,0.8803255650088182,1746.6000000000138,1.3038727861094705,77.5,77.5,,,,,,,,,,
240m,random_direction,471,70,2986.2000000000044,54.285714285714285,1.583356124243017,948.5999999999988,42.66000000000006,0.9198266869500079,1746.6000000000138,1.3038727861094705,77.5,77.5,,,,,,,,,,
240m,random_direction,472,70,-637.1999999999997,54.285714285714285,0.9080612347959083,2789.7000000000003,-9.102857142857138,0.3034001001122529,1746.6000000000138,1.3038727861094705,77.5,77.5,,,,,,,,,,
240m,random_direction,473,70,519.4000000000035,51.42857142857142,1.0817386377942848,3227.1999999999994,7.42000000000005,0.2428161129813084,1746.6000000000138,1.3038727861094705,77.5,77.5,,,,,,,,,,
240m,random_direction,474,70,4517.199999999997,58.57142857142858,2.0383174347776105,1144.0000000000055,64.53142857142853,0.4258661910125572,1746.6000000000138,1.3038727861094705,77.5,77.5,,,,,,,,,,
240m,random_direction,475,70,-2008.0000000000082,48.57142857142857,0.7364863978163009,3905.200000000002,-28.685714285714404,-1.0049939959422658,1746.6000000000138,1.3038727861094705,77.5,77.5,,,,,,,,,,
240m,random_direction,476,70,-1147.599999999998,54.285714285714285,0.8402983620701654,2506.5000000000023,-16.394285714285687,-0.6754799006197862,1746.6000000000138,1.3038727861094705,77.5,77.5,,,,,,,,,,
240m,random_direction,477,70,269.2000000000079,51.42857142857142,1.0415464156184904,1336.7000000000062,3.8457142857143984,-0.2010936674552567,1746.6000000000138,1.3038727861094705,77.5,77.5,,,,,,,,,,
240m,random_direction,478,70,-2583.0000000000027,42.857142857142854,0.6735173669042923,4981.200000000004,-36.90000000000004,-0.8538412908255886,1746.6000000000138,1.3038727861094705,77.5,77.5,,,,,,,,,,
240m,random_direction,479,70,-949.5999999999963,52.85714285714286,0.866025197872431,2611.400000000003,-13.565714285714233,0.8234375722397299,1746.6000000000138,1.3038727861094705,77.5,77.5,,,,,,,,,,
240m,random_direction,480,70,729.8000000000247,52.85714285714286,1.1168016388719992,1655.5999999999922,10.425714285714639,-0.11270180035274913,1746.6000000000138,1.3038727861094705,77.5,77.5,,,,,,,,,,
240m,random_direction,481,70,2027.0000000000166,55.714285714285715,1.3621194797770506,1448.2999999999968,28.957142857143094,1.1597097986244913,1746.6000000000138,1.3038727861094705,77.5,77.5,,,,,,,,,,
240m,random_direction,482,70,-540.6000000000103,47.14285714285714,0.9215088422336427,2486.200000000007,-7.722857142857289,0.06150824272783203,1746.6000000000138,1.3038727861094705,77.5,77.5,,,,,,,,,,
240m,random_direction,483,70,1843.0000000000316,50.0,1.3236967823521204,1535.9999999999966,26.32857142857188,1.4436721565570874,1746.6000000000138,1.3038727861094705,77.5,77.5,,,,,,,,,,
240m,random_direction,484,70,169.60000000001037,51.42857142857142,1.0259752193956488,2790.7999999999975,2.422857142857291,0.8574004481683609,1746.6000000000138,1.3038727861094705,77.5,77.5,,,,,,,,,,
240m,random_direction,485,70,-413.39999999999395,52.85714285714286,0.9393823865802526,2361.4000000000005,-5.9057142857141995,0.028843335908895946,1746.6000000000138,1.3038727861094705,77.5,77.5,,,,,,,,,,
240m,random_direction,486,70,1451.3999999999915,58.57142857142858,1.2466940884522544,2610.000000000001,20.73428571428559,-1.4848282126100705,1746.6000000000138,1.3038727861094705,77.5,77.5,,,,,,,,,,
240m,random_direction,487,70,2146.1999999999834,48.57142857142857,1.3871910517770127,2352.300000000003,30.659999999999762,1.2014732818973637,1746.6000000000138,1.3038727861094705,77.5,77.5,,,,,,,,,,
240m,random_direction,488,70,-125.99999999999204,47.14285714285714,0.9811380069160653,1834.9999999999986,-1.7999999999998864,0.3504653182252951,1746.6000000000138,1.3038727861094705,77.5,77.5,,,,,,,,,,
240m,random_direction,489,70,3098.7999999999965,48.57142857142857,1.6116012394655281,2179.2000000000053,44.26857142857138,1.522733381695448,1746.6000000000138,1.3038727861094705,77.5,77.5,,,,,,,,,,
240m,random_direction,490,70,-1009.2000000000085,52.85714285714286,0.8582126248647729,3386.799999999999,-14.417142857142977,-0.2798428334999939,1746.6000000000138,1.3038727861094705,77.5,77.5,,,,,,,,,,
240m,random_direction,491,70,-293.40000000000066,58.57142857142858,0.9565706504040971,2062.300000000001,-4.191428571428581,-0.4229049129945381,1746.6000000000138,1.3038727861094705,77.5,77.5,,,,,,,,,,
240m,random_direction,492,70,1707.9999999999832,47.14285714285714,1.2963682740191875,2204.7000000000066,24.39999999999976,1.32694341753056,1746.6000000000138,1.3038727861094705,77.5,77.5,,,,,,,,,,
240m,random_direction,493,70,-447.80000000000496,42.857142857142854,0.9345704266510807,2319.8999999999996,-6.397142857142928,-0.16967793572773057,1746.6000000000138,1.3038727861094705,77.5,77.5,,,,,,,,,,
240m,random_direction,494,70,-1348.4000000000026,41.42857142857143,0.815168670239743,2929.399999999996,-19.26285714285718,0.7820603175251127,1746.6000000000138,1.3038727861094705,77.5,77.5,,,,,,,,,,
240m,random_direction,495,70,-35.40000000000248,47.14285714285714,0.9946644962922768,1604.500000000001,-0.5057142857143211,0.4815943359851187,1746.6000000000138,1.3038727861094705,77.5,77.5,,,,,,,,,,
240m,random_direction,496,70,2035.000000000021,47.14285714285714,1.3634188156296925,1208.8,29.07142857142887,1.3987676961163265,1746.6000000000138,1.3038727861094705,77.5,77.5,,,,,,,,,,
240m,random_direction,497,70,5057.000000000011,55.714285714285715,2.23867143486994,877.1999999999971,72.2428571428573,1.0907309283258468,1746.6000000000138,1.3038727861094705,77.5,77.5,,,,,,,,,,
240m,random_direction,498,70,930.6000000000058,48.57142857142857,1.1512973922091445,1877.499999999996,13.294285714285797,-0.2819010407353479,1746.6000000000138,1.3038727861094705,77.5,77.5,,,,,,,,,,
240m,random_direction,499,70,4944.399999999994,55.714285714285715,2.1946169272028757,786.0000000000055,70.63428571428562,1.5909563645687483,1746.6000000000138,1.3038727861094705,77.5,77.5,,,,,,,,,,
240m,random_direction,500,70,-1503.6000000000042,47.14285714285714,0.7959532630379024,3521.800000000002,-21.48000000000006,-1.2189358721002679,1746.6000000000138,1.3038727861094705,77.5,77.5,,,,,,,,,,
240m,random_direction,501,70,864.800000000004,45.714285714285715,1.1398063274972925,1431.5999999999995,12.354285714285773,1.1139366315568957,1746.6000000000138,1.3038727861094705,77.5,77.5,,,,,,,,,,
240m,random_direction,502,70,1006.7999999999998,50.0,1.1647332166173077,3094.2999999999925,14.38285714285714,-0.4926902069348297,1746.6000000000138,1.3038727861094705,77.5,77.5,,,,,,,,,,
240m,random_direction,503,70,-1248.5999999999979,51.42857142857142,0.827503315649868,3109.1000000000004,-17.837142857142826,-0.5054848315462591,1746.6000000000138,1.3038727861094705,77.5,77.5,,,,,,,,,,
240m,random_direction,504,70,-2833.8000000000056,47.14285714285714,0.6472740851381622,3569.800000000004,-40.48285714285722,-1.3810618712910714,1746.6000000000138,1.3038727861094705,77.5,77.5,,,,,,,,,,
240m,random_direction,505,70,-4103.5999999999985,41.42857142857143,0.5268479977862079,5936.999999999993,-58.62285714285712,-1.0369406165894572,1746.6000000000138,1.3038727861094705,77.5,77.5,,,,,,,,,,
240m,random_direction,506,70,-1751.8000000000184,38.57142857142858,0.7663955194025852,2670.2000000000085,-25.02571428571455,1.2110559470823965,1746.6000000000138,1.3038727861094705,77.5,77.5,,,,,,,,,,
240m,random_direction,507,70,-1370.0000000000086,35.714285714285715,0.812588063090791,2160.000000000001,-19.571428571428694,1.6955897355006457,1746.6000000000138,1.3038727861094705,77.5,77.5,,,,,,,,,,
240m,random_direction,508,70,226.00000000000648,58.57142857142858,1.034790104832131,2938.2000000000057,3.228571428571521,-0.2503024966341769,1746.6000000000138,1.3038727861094705,77.5,77.5,,,,,,,,,,
240m,random_direction,509,70,-554.6000000000028,50.0,0.9195345598050022,2558.599999999996,-7.922857142857183,-0.07298477086045223,1746.6000000000138,1.3038727861094705,77.5,77.5,,,,,,,,,,
240m,random_direction,510,70,-226.20000000002665,48.57142857142857,0.9663853058312984,2226.0000000000114,-3.231428571428952,-0.339995206425205,1746.6000000000138,1.3038727861094705,77.5,77.5,,,,,,,,,,
240m,random_direction,511,70,1611.7999999999956,54.285714285714285,1.2775998071027512,1623.8000000000025,23.025714285714223,0.3842519407210709,1746.6000000000138,1.3038727861094705,77.5,77.5,,,,,,,,,,
240m,random_direction,512,70,-7054.799999999999,38.57142857142858,0.3049800502438306,6965.799999999996,-100.78285714285714,-1.616863273318189,1746.6000000000138,1.3038727861094705,77.5,77.5,,,,,,,,,,
240m,random_direction,513,70,1097.1999999999825,50.0,1.1808621115964693,1548.6000000000024,15.674285714285466,1.5442384323460339,1746.6000000000138,1.3038727861094705,77.5,77.5,,,,,,,,,,
240m,random_direction,514,70,258.3999999999904,45.714285714285715,1.039821849620119,1831.2000000000016,3.6914285714284345,0.8054803160664239,1746.6000000000138,1.3038727861094705,77.5,77.5,,,,,,,,,,
240m,random_direction,515,70,1292.599999999983,47.14285714285714,1.2164869029275778,1470.7000000000037,18.465714285714043,1.2136505655634018,1746.6000000000138,1.3038727861094705,77.5,77.5,,,,,,,,,,
240m,random_direction,516,70,1324.6,48.57142857142857,1.222479760825019,1878.1000000000022,18.92285714285714,1.0355948125484453,1746.6000000000138,1.3038727861094705,77.5,77.5,,,,,,,,,,
240m,random_direction,517,70,639.4000000000082,48.57142857142857,1.1015500921161312,2421.499999999994,9.13428571428583,-0.18260909113256985,1746.6000000000138,1.3038727861094705,77.5,77.5,,,,,,,,,,
240m,random_direction,518,70,-1923.200000000024,51.42857142857142,0.7461356706310941,3898.9000000000133,-27.474285714286054,-1.2371642404839394,1746.6000000000138,1.3038727861094705,77.5,77.5,,,,,,,,,,
240m,random_direction,519,70,-758.4000000000215,51.42857142857142,0.8915533439148872,2285.1000000000054,-10.83428571428602,0.004714701791913397,1746.6000000000138,1.3038727861094705,77.5,77.5,,,,,,,,,,
240m,random_direction,520,70,973.9999999999915,55.714285714285715,1.1590437778612352,2206.800000000006,13.914285714285592,0.4044586992898204,1746.6000000000138,1.3038727861094705,77.5,77.5,,,,,,,,,,
240m,random_direction,521,70,23.400000000005434,52.85714285714286,1.0035447026388353,2763.1000000000004,0.3342857142857919,0.21328653209425916,1746.6000000000138,1.3038727861094705,77.5,77.5,,,,,,,,,,
240m,random_direction,522,70,-3322.3999999999915,52.85714285714286,0.5984675440822798,4758.299999999989,-47.46285714285702,-1.7055115903920173,1746.6000000000138,1.3038727861094705,77.5,77.5,,,,,,,,,,
240m,random_direction,523,70,2374.199999999998,54.285714285714285,1.4376405529953908,1552.8000000000036,33.91714285714283,1.1927960230522328,1746.6000000000138,1.3038727861094705,77.5,77.5,,,,,,,,,,
240m,random_direction,524,70,-2020.8000000000125,45.714285714285715,0.7350986432457219,3941.000000000002,-28.868571428571606,-0.7351603285761362,1746.6000000000138,1.3038727861094705,77.5,77.5,,,,,,,,,,
240m,random_direction,525,70,495.7999999999988,55.714285714285715,1.0779167714357556,2632.0000000000027,7.082857142857126,-0.9484222050132876,1746.6000000000138,1.3038727861094705,77.5,77.5,,,,,,,,,,
240m,random_direction,526,70,2026.6000000000033,52.85714285714286,1.3619057823493703,1970.6999999999985,28.951428571428618,0.33840922671724655,1746.6000000000138,1.3038727861094705,77.5,77.5,,,,,,,,,,
240m,random_direction,527,70,-1978.0000000000075,42.857142857142854,0.7400481003009549,3826.700000000002,-28.257142857142963,-0.1279754962884121,1746.6000000000138,1.3038727861094705,77.5,77.5,,,,,,,,,,
240m,random_direction,528,70,-1652.2000000000262,44.285714285714285,0.7780852092623407,4335.8000000000075,-23.602857142857516,-0.1990150046713049,1746.6000000000138,1.3038727861094705,77.5,77.5,,,,,,,,,,
240m,random_direction,529,70,-922.800000000005,45.714285714285715,0.8696518115686132,2754.6000000000017,-13.182857142857214,0.2577005929509631,1746.6000000000138,1.3038727861094705,77.5,77.5,,,,,,,,,,
240m,random_direction,530,70,-5530.4000000000015,47.14285714285714,0.410549652004306,6234.9000000000015,-79.0057142857143,-1.347265325248326,1746.6000000000138,1.3038727861094705,77.5,77.5,,,,,,,,,,
240m,random_direction,531,70,3722.199999999988,52.85714285714286,1.7832912457912413,1144.0000000000055,53.174285714285546,0.45411981746585994,1746.6000000000138,1.3038727861094705,77.5,77.5,,,,,,,,,,
240m,random_direction,532,70,-173.20000000000107,45.714285714285715,0.9741673751249122,3066.7000000000007,-2.4742857142857297,-0.3044578341562314,1746.6000000000138,1.3038727861094705,77.5,77.5,,,,,,,,,,
240m,random_direction,533,70,-1407.400000000005,47.14285714285714,0.807753251010818,2894.1999999999935,-20.10571428571436,-0.11067510774911195,1746.6000000000138,1.3038727861094705,77.5,77.5,,,,,,,,,,
240m,random_direction,534,70,873.3999999999996,50.0,1.141363459795416,1731.5999999999945,12.477142857142852,0.370733033129762,1746.6000000000138,1.3038727861094705,77.5,77.5,,,,,,,,,,
240m,random_direction,535,70,4587.600000000011,60.0,2.063347472359366,1064.099999999996,65.53714285714302,1.015969093354435,1746.6000000000138,1.3038727861094705,77.5,77.5,,,,,,,,,,
240m,random_direction,536,70,-1407.000000000003,47.14285714285714,0.8078026391279397,3415.400000000007,-20.10000000000004,-0.13845650473344767,1746.6000000000138,1.3038727861094705,77.5,77.5,,,,,,,,,,
240m,random_direction,537,70,-2401.6000000000004,52.85714285714286,0.692650277070349,4473.400000000004,-34.30857142857143,-0.6643766271499801,1746.6000000000138,1.3038727861094705,77.5,77.5,,,,,,,,,,
240m,random_direction,538,70,-1569.6000000000067,44.285714285714285,0.788003619713934,3879.8999999999996,-22.42285714285724,0.4556223474669099,1746.6000000000138,1.3038727861094705,77.5,77.5,,,,,,,,,,
240m,random_direction,539,70,2349.800000000001,61.42857142857143,1.4325687566731709,1675.6000000000095,33.568571428571445,-0.16777122776115558,1746.6000000000138,1.3038727861094705,77.5,77.5,,,,,,,,,,
240m,random_direction,540,70,-790.199999999997,44.285714285714285,0.8873428188531839,2227.099999999994,-11.288571428571386,0.4701932996277077,1746.6000000000138,1.3038727861094705,77.5,77.5,,,,,,,,,,
240m,random_direction,541,70,-257.99999999999125,55.714285714285715,0.9617216361775065,1369.6999999999875,-3.6857142857141607,-0.004935544099984488,1746.6000000000138,1.3038727861094705,77.5,77.5,,,,,,,,,,
240m,random_direction,542,70,1624.199999999992,52.85714285714286,1.279986209274261,1221.9000000000037,23.20285714285703,0.9513343094994952,1746.6000000000138,1.3038727861094705,77.5,77.5,,,,,,,,,,
240m,random_direction,543,70,-2092.0000000000227,48.57142857142857,0.7269678025606532,4280.700000000008,-29.88571428571461,-1.4245702636463204,1746.6000000000138,1.3038727861094705,77.5,77.5,,,,,,,,,,
240m,random_direction,544,70,1322.5999999999904,48.57142857142857,1.2221065359038066,1314.9000000000021,18.894285714285576,1.356831930725178,1746.6000000000138,1.3038727861094705,77.5,77.5,,,,,,,,,,
240m,random_direction,545,70,-600.2000000000056,58.57142857142858,0.9131303189949624,2756.300000000001,-8.574285714285795,-1.6409035702202706,1746.6000000000138,1.3038727861094705,77.5,77.5,,,,,,,,,,
240m,random_direction,546,70,-969.7999999999793,55.714285714285715,0.8633314543404764,2911.999999999994,-13.854285714285417,-0.8762753127992162,1746.6000000000138,1.3038727861094705,77.5,77.5,,,,,,,,,,
240m,random_direction,547,70,430.59999999999457,48.57142857142857,1.067272840894887,2485.5000000000036,6.151428571428494,0.6163912685000514,1746.6000000000138,1.3038727861094705,77.5,77.5,,,,,,,,,,
240m,random_direction,548,70,2515.1999999999834,55.714285714285715,1.4698234799663727,1392.699999999993,35.931428571428334,1.151117737211354,1746.6000000000138,1.3038727861094705,77.5,77.5,,,,,,,,,,
240m,random_direction,549,70,1188.800000000011,51.42857142857142,1.1974849244979004,2038.9000000000017,16.982857142857302,0.5115265577739806,1746.6000000000138,1.3038727861094705,77.5,77.5,,,,,,,,,,
240m,random_direction,550,70,3695.5999999999804,55.714285714285715,1.7758486763378276,1699.600000000008,52.79428571428544,1.220445016449137,1746.6000000000138,1.3038727861094705,77.5,77.5,,,,,,,,,,
240m,random_direction,551,70,-1095.599999999983,48.57142857142857,0.8470665419673664,2926.4999999999945,-15.65142857142833,-0.8630007217328053,1746.6000000000138,1.3038727861094705,77.5,77.5,,,,,,,,,,
240m,random_direction,552,70,1612.800000000006,57.14285714285714,1.277891689784104,2177.9999999999955,23.040000000000088,0.2605060911261743,1746.6000000000138,1.3038727861094705,77.5,77.5,,,,,,,,,,
240m,random_direction,553,70,2314.5999999999813,57.14285714285714,1.4244791666666619,1289.8000000000006,33.065714285714016,0.20430580725718597,1746.6000000000138,1.3038727861094705,77.5,77.5,,,,,,,,,,
240m,random_direction,554,70,-813.9999999999912,41.42857142857143,0.8841792234031969,2002.400000000003,-11.628571428571304,0.9715902277077831,1746.6000000000138,1.3038727861094705,77.5,77.5,,,,,,,,,,
240m,random_direction,555,70,2679.7999999999847,57.14285714285714,1.5084816515502217,1510.000000000006,38.282857142856926,0.07400481191455113,1746.6000000000138,1.3038727861094705,77.5,77.5,,,,,,,,,,
240m,random_direction,556,70,-1710.0000000000064,55.714285714285715,0.7709647607184469,4423.5000000000055,-24.42857142857152,-1.448406070332934,1746.6000000000138,1.3038727861094705,77.5,77.5,,,,,,,,,,
240m,random_direction,557,70,2031.2000000000085,58.57142857142858,1.363135782604811,2268.4999999999986,29.01714285714298,-0.45832802796286454,1746.6000000000138,1.3038727861094705,77.5,77.5,,,,,,,,,,
240m,random_direction,558,70,1732.3999999999974,52.85714285714286,1.3014494771093974,1437.699999999994,24.748571428571392,0.03754249550463751,1746.6000000000138,1.3038727861094705,77.5,77.5,,,,,,,,,,
240m,random_direction,559,70,2635.7999999999965,54.285714285714285,1.4978655887575074,1489.500000000001,37.65428571428566,0.6233103642460648,1746.6000000000138,1.3038727861094705,77.5,77.5,,,,,,,,,,
240m,random_direction,560,70,-1110.599999999992,40.0,0.8452643018363207,2436.399999999993,-15.865714285714171,1.3599321736392826,1746.6000000000138,1.3038727861094705,77.5,77.5,,,,,,,,,,
240m,random_direction,561,70,-872.5999999999918,42.857142857142854,0.8763392097953642,1675.1000000000054,-12.465714285714169,0.8722915967157814,1746.6000000000138,1.3038727861094705,77.5,77.5,,,,,,,,,,
240m,random_direction,562,70,-3561.600000000003,42.857142857142854,0.576045423704603,5331.699999999997,-50.880000000000045,0.33007484750174004,1746.6000000000138,1.3038727861094705,77.5,77.5,,,,,,,,,,
240m,random_direction,563,70,-1015.9999999999895,52.85714285714286,0.857325413208635,3022.499999999998,-14.514285714285565,-1.0432413426276506,1746.6000000000138,1.3038727861094705,77.5,77.5,,,,,,,,,,
240m,random_direction,564,70,618.1999999999975,47.14285714285714,1.0980025364616355,2855.899999999994,8.831428571428537,1.0759154489804037,1746.6000000000138,1.3038727861094705,77.5,77.5,,,,,,,,,,
240m,random_direction,565,70,-850.400000000006,55.714285714285715,0.8791410258232302,2779.300000000003,-12.148571428571515,-1.2150322780131142,1746.6000000000138,1.3038727861094705,77.5,77.5,,,,,,,,,,
240m,random_direction,566,70,886.199999999987,54.285714285714285,1.1436537526341364,2690.3000000000043,12.659999999999814,0.4464880670110567,1746.6000000000138,1.3038727861094705,77.5,77.5,,,,,,,,,,
240m,random_direction,567,70,3913.999999999989,60.0,1.8415213605383636,1095.100000000004,55.91428571428556,0.38242942460321183,1746.6000000000138,1.3038727861094705,77.5,77.5,,,,,,,,,,
240m,random_direction,568,70,-1407.799999999996,50.0,0.8076513184861326,2575.7999999999965,-20.111428571428515,-1.1885832435652623,1746.6000000000138,1.3038727861094705,77.5,77.5,,,,,,,,,,
240m,random_direction,569,70,1601.9999999999882,51.42857142857142,1.2755844557981089,1986.8000000000056,22.885714285714116,0.17723163816466336,1746.6000000000138,1.3038727861094705,77.5,77.5,,,,,,,,,,
240m,random_direction,570,70,-2813.4000000000224,44.285714285714285,0.64945550599317,5077.500000000004,-40.191428571428894,-1.155274473475375,1746.6000000000138,1.3038727861094705,77.5,77.5,,,,,,,,,,
240m,random_direction,571,70,-1912.7999999999847,37.142857142857146,0.7476683596068877,3681.5999999999904,-27.325714285714067,0.4496195037490414,1746.6000000000138,1.3038727861094705,77.5,77.5,,,,,,,,,,
240m,random_direction,572,70,1041.9999999999918,60.0,1.1711816792889866,1119.5000000000002,14.885714285714169,-0.24394698388704786,1746.6000000000138,1.3038727861094705,77.5,77.5,,,,,,,,,,
240m,random_direction,573,70,-1254.9999999999886,50.0,0.8267196863005016,3339.9999999999955,-17.928571428571267,-0.5281786182371403,1746.6000000000138,1.3038727861094705,77.5,77.5,,,,,,,,,,
240m,random_direction,574,70,-1303.6000000000042,45.714285714285715,0.8206852914070341,2598.600000000005,-18.622857142857203,0.07260489596445284,1746.6000000000138,1.3038727861094705,77.5,77.5,,,,,,,,,,
240m,random_direction,575,70,887.3999999999932,51.42857142857142,1.143815635939322,2113.0,12.67714285714276,-0.3013974840623341,1746.6000000000138,1.3038727861094705,77.5,77.5,,,,,,,,,,
240m,random_direction,576,70,-1463.9999999999914,45.714285714285715,0.8008190364756954,2430.9999999999877,-20.91428571428559,0.6386723718984975,1746.6000000000138,1.3038727861094705,77.5,77.5,,,,,,,,,,
240m,random_direction,577,70,-846.9999999999955,54.285714285714285,0.8796122576610388,2006.6000000000038,-12.099999999999936,-0.23498782148731073,1746.6000000000138,1.3038727861094705,77.5,77.5,,,,,,,,,,
240m,random_direction,578,70,3032.9999999999827,55.714285714285715,1.5953362383700342,2396.700000000003,43.32857142857118,-0.07450497661077753,1746.6000000000138,1.3038727861094705,77.5,77.5,,,,,,,,,,
240m,random_direction,579,70,-3891.799999999993,38.57142857142858,0.5458279845956362,3978.7999999999915,-55.59714285714276,-0.279096759897648,1746.6000000000138,1.3038727861094705,77.5,77.5,,,,,,,,,,
240m,random_direction,580,70,-370.7999999999952,51.42857142857142,0.9454665784248847,2600.7999999999956,-5.297142857142788,-0.021363854341599646,1746.6000000000138,1.3038727861094705,77.5,77.5,,,,,,,,,,
240m,random_direction,581,70,1510.6000000000067,54.285714285714285,1.2579224149706336,1489.500000000001,21.580000000000098,0.14230916770004515,1746.6000000000138,1.3038727861094705,77.5,77.5,,,,,,,,,,
240m,random_direction,582,70,-1615.8000000000166,48.57142857142857,0.7823545258620669,4219.500000000015,-23.082857142857378,-0.1749576876209832,1746.6000000000138,1.3038727861094705,77.5,77.5,,,,,,,,,,
240m,random_direction,583,70,-1042.4000000000017,51.42857142857142,0.853909436183482,3488.000000000004,-14.891428571428596,-1.1929495059593642,1746.6000000000138,1.3038727861094705,77.5,77.5,,,,,,,,,,
240m,random_direction,584,70,1578.7999999999802,42.857142857142854,1.270773663539537,1767.9999999999993,22.55428571428543,0.9963102879691483,1746.6000000000138,1.3038727861094705,77.5,77.5,,,,,,,,,,
240m,random_direction,585,70,-3211.800000000004,45.714285714285715,0.6094601167315173,3994.6000000000004,-45.8828571428572,-1.3402609640590686,1746.6000000000138,1.3038727861094705,77.5,77.5,,,,,,,,,,
240m,random_direction,586,70,-6404.400000000009,38.57142857142858,0.3481725748832093,6849.200000000006,-91.4914285714287,-1.5781741905694158,1746.6000000000138,1.3038727861094705,77.5,77.5,,,,,,,,,,
240m,random_direction,587,70,-3375.0000000000155,42.857142857142854,0.5937454860609549,3789.6000000000126,-48.214285714285936,0.048521454179282726,1746.6000000000138,1.3038727861094705,77.5,77.5,,,,,,,,,,
240m,random_direction,588,70,3622.1999999999944,55.714285714285715,1.7546249999999979,1724.0000000000032,51.74571428571421,1.0498459377364628,1746.6000000000138,1.3038727861094705,77.5,77.5,,,,,,,,,,
240m,random_direction,589,70,293.40000000000407,54.285714285714285,1.0453800228910823,2599.3000000000056,4.19142857142863,-0.15199349970973658,1746.6000000000138,1.3038727861094705,77.5,77.5,,,,,,,,,,
240m,random_direction,590,70,-2904.199999999979,48.57142857142857,0.6400436280706996,3638.4999999999773,-41.48857142857113,0.5075868950325982,1746.6000000000138,1.3038727861094705,77.5,77.5,,,,,,,,,,
240m,random_direction,591,70,-207.20000000001517,44.285714285714285,0.9691790500840414,1731.0999999999985,-2.9600000000002167,0.35145607299272424,1746.6000000000138,1.3038727861094705,77.5,77.5,,,,,,,,,,
240m,random_direction,592,70,1210.8000000000027,61.42857142857143,1.2017428395288003,1741.4000000000042,17.297142857142894,-0.15886596257049007,1746.6000000000138,1.3038727861094705,77.5,77.5,,,,,,,,,,
240m,random_direction,593,70,-2513.0000000000146,47.14285714285714,0.6808321479374094,3915.4000000000124,-35.900000000000205,-1.4453026922452592,1746.6000000000138,1.3038727861094705,77.5,77.5,,,,,,,,,,
240m,random_direction,594,70,-1322.199999999996,44.285714285714285,0.81838411032664,3122.2000000000025,-18.88857142857137,0.2809134692994947,1746.6000000000138,1.3038727861094705,77.5,77.5,,,,,,,,,,
240m,random_direction,595,70,2042.5999999999951,50.0,1.3651542779505867,1290.5999999999954,29.179999999999932,0.443702414309742,1746.6000000000138,1.3038727861094705,77.5,77.5,,,,,,,,,,
240m,random_direction,596,70,5828.799999999997,62.857142857142854,2.578893192837986,947.8999999999969,83.26857142857139,1.5818209705830966,1746.6000000000138,1.3038727861094705,77.5,77.5,,,,,,,,,,
240m,random_direction,597,70,-1615.2000000000025,51.42857142857142,0.7823679210962445,4219.799999999996,-23.07428571428575,-1.2685546397633507,1746.6000000000138,1.3038727861094705,77.5,77.5,,,,,,,,,,
240m,random_direction,598,70,-40.60000000001037,48.57142857142857,0.9938822253028735,1924.0000000000068,-0.5800000000001481,-0.08879602274164201,1746.6000000000138,1.3038727861094705,77.5,77.5,,,,,,,,,,
240m,random_direction,599,70,819.2000000000143,50.0,1.132011924905328,1848.0999999999995,11.702857142857347,-0.16779084688163218,1746.6000000000138,1.3038727861094705,77.5,77.5,,,,,,,,,,
240m,random_direction,600,70,-1904.0000000000111,52.85714285714286,0.7483179336690844,3143.2000000000066,-27.20000000000016,-1.4802261950156903,1746.6000000000138,1.3038727861094705,77.5,77.5,,,,,,,,,,
240m,random_direction,601,70,-3609.7999999999993,38.57142857142858,0.5716896060749884,4096.799999999997,-51.56857142857142,-0.270310617501213,1746.6000000000138,1.3038727861094705,77.5,77.5,,,,,,,,,,
240m,random_direction,602,70,-2030.7999999999972,38.57142857142858,0.7341362833016959,2611.399999999995,-29.01142857142853,-0.13788599893696804,1746.6000000000138,1.3038727861094705,77.5,77.5,,,,,,,,,,
240m,random_direction,603,70,-3897.5999999999985,48.57142857142857,0.5449333909327608,4669.799999999997,-55.67999999999998,-1.0457316321776087,1746.6000000000138,1.3038727861094705,77.5,77.5,,,,,,,,,,
240m,random_direction,604,70,-290.2000000000086,50.0,0.9570722759681655,2657.5,-4.1457142857144085,-0.5084505056088559,1746.6000000000138,1.3038727861094705,77.5,77.5,,,,,,,,,,
240m,random_direction,605,70,-1877.3999999999987,45.714285714285715,0.7515615075164095,3682.799999999997,-26.819999999999983,-0.4429597585942317,1746.6000000000138,1.3038727861094705,77.5,77.5,,,,,,,,,,
240m,random_direction,606,70,2057.6000000000085,51.42857142857142,1.3683956099045729,1208.8,29.394285714285836,0.9236497410087623,1746.6000000000138,1.3038727861094705,77.5,77.5,,,,,,,,,,
240m,random_direction,607,70,1163.600000000004,47.14285714285714,1.192799032359618,1598.2999999999947,16.6228571428572,0.7642499033604075,1746.6000000000138,1.3038727861094705,77.5,77.5,,,,,,,,,,
240m,random_direction,608,70,-3331.7999999999975,48.57142857142857,0.5977058681477908,3603.499999999998,-47.59714285714282,0.3014542778625451,1746.6000000000138,1.3038727861094705,77.5,77.5,,,,,,,,,,
240m,random_direction,609,70,2946.4000000000133,58.57142857142858,1.5736871823828373,1379.1999999999994,42.091428571428764,-0.37507815680672885,1746.6000000000138,1.3038727861094705,77.5,77.5,,,,,,,,,,
240m,random_direction,610,70,1492.6000000000004,41.42857142857143,1.254068223599101,1952.4000000000074,21.32285714285715,1.1809987232863322,1746.6000000000138,1.3038727861094705,77.5,77.5,,,,,,,,,,
240m,random_direction,611,70,733.5999999999804,54.285714285714285,1.117464333178547,1856.3000000000036,10.47999999999972,0.4566435645925096,1746.6000000000138,1.3038727861094705,77.5,77.5,,,,,,,,,,
240m,random_direction,612,70,-249.2000000000172,48.57142857142857,0.9630305457890105,3526.800000000009,-3.560000000000246,-0.3037925653073364,1746.6000000000138,1.3038727861094705,77.5,77.5,,,,,,,,,,
240m,random_direction,613,70,1794.5999999999926,55.714285714285715,1.3140816969442384,1272.2000000000044,25.637142857142752,0.5090537055585853,1746.6000000000138,1.3038727861094705,77.5,77.5,,,,,,,,,,
240m,random_direction,614,70,-719.6000000000067,48.57142857142857,0.896844851560371,2956.699999999998,-10.280000000000095,-0.3332022056060804,1746.6000000000138,1.3038727861094705,77.5,77.5,,,,,,,,,,
240m,random_direction,615,70,182.3999999999969,54.285714285714285,1.0279715990124059,2266.4999999999964,2.6057142857142415,-0.09448874147023795,1746.6000000000138,1.3038727861094705,77.5,77.5,,,,,,,,,,
240m,random_direction,616,70,-2618.599999999996,44.285714285714285,0.6697189849149897,3329.099999999996,-37.40857142857137,0.5205874751397669,1746.6000000000138,1.3038727861094705,77.5,77.5,,,,,,,,,,
240m,random_direction,617,70,220.2000000000071,51.42857142857142,1.033856088560887,2440.0999999999917,3.145714285714387,0.05963533480867636,1746.6000000000138,1.3038727861094705,77.5,77.5,,,,,,,,,,
240m,random_direction,618,70,-1900.9999999999968,48.57142857142857,0.7487643062934477,2844.9000000000065,-27.157142857142812,-0.47481251128994506,1746.6000000000138,1.3038727861094705,77.5,77.5,,,,,,,,,,
240m,random_direction,619,70,3123.999999999991,57.14285714285714,1.6188466947960587,1239.999999999999,44.6285714285713,0.8508323738723383,1746.6000000000138,1.3038727861094705,77.5,77.5,,,,,,,,,,
240m,random_direction,620,70,-378.20000000000243,52.85714285714286,0.9444003410661251,3261.7999999999984,-5.402857142857178,-0.8915905800140187,1746.6000000000138,1.3038727861094705,77.5,77.5,,,,,,,,,,
240m,random_direction,621,70,-563.9999999999912,52.85714285714286,0.9182027816855463,2988.799999999994,-8.057142857142733,-1.3315025565355745,1746.6000000000138,1.3038727861094705,77.5,77.5,,,,,,,,,,
240m,random_direction,622,70,902.2000000000063,52.85714285714286,1.146413502109706,1883.200000000003,12.888571428571518,0.026211495859398803,1746.6000000000138,1.3038727861094705,77.5,77.5,,,,,,,,,,
240m,random_direction,623,70,583.3999999999907,55.714285714285715,1.0923188910339572,2858.1000000000013,8.334285714285581,-0.561234979537872,1746.6000000000138,1.3038727861094705,77.5,77.5,,,,,,,,,,
240m,random_direction,624,70,2868.20000000002,54.285714285714285,1.553920432599464,1240.8999999999992,40.974285714286,0.5323383556932916,1746.6000000000138,1.3038727861094705,77.5,77.5,,,,,,,,,,
240m,random_direction,625,70,1.8000000000046157,54.285714285714285,1.0002722652468543,2920.300000000004,0.025714285714351654,-1.0708781054507537,1746.6000000000138,1.3038727861094705,77.5,77.5,,,,,,,,,,
240m,random_direction,626,70,-5232.999999999996,45.714285714285715,0.43332683602971467,5819.999999999995,-74.75714285714281,-1.3114670778204274,1746.6000000000138,1.3038727861094705,77.5,77.5,,,,,,,,,,
240m,random_direction,627,70,3722.399999999984,57.14285714285714,1.7838446798205851,891.300000000001,53.177142857142634,1.2997810668488512,1746.6000000000138,1.3038727861094705,77.5,77.5,,,,,,,,,,
240m,random_direction,628,70,-627.8000000000003,55.714285714285715,0.9093429602888088,2400.8000000000043,-8.968571428571433,-1.5066404365365398,1746.6000000000138,1.3038727861094705,77.5,77.5,,,,,,,,,,
240m,random_direction,629,70,564.4000000000021,42.857142857142854,1.0890515785985897,2310.9,8.062857142857174,1.0766753996392768,1746.6000000000138,1.3038727861094705,77.5,77.5,,,,,,,,,,
240m,random_direction,630,70,-1821.8000000000116,47.14285714285714,0.7579968119022303,3013.100000000021,-26.02571428571445,-0.8790828654662364,1746.6000000000138,1.3038727861094705,77.5,77.5,,,,,,,,,,
240m,random_direction,631,70,1082.4000000000142,60.0,1.178410720466798,2181.2000000000053,15.462857142857345,-0.9892306302579768,1746.6000000000138,1.3038727861094705,77.5,77.5,,,,,,,,,,
240m,random_direction,632,70,44.80000000000496,61.42857142857143,1.0068036508876648,2707.5000000000027,0.6400000000000708,-1.336306454926029,1746.6000000000138,1.3038727861094705,77.5,77.5,,,,,,,,,,
240m,random_direction,633,70,-415.40000000003204,47.14285714285714,0.9391337475090802,2593.600000000018,-5.934285714286172,-0.7367765950258716,1746.6000000000138,1.3038727861094705,77.5,77.5,,,,,,,,,,
240m,random_direction,634,70,2907.1999999999844,55.714285714285715,1.5636839554047466,1424.800000000001,41.53142857142835,-0.12108221388293043,1746.6000000000138,1.3038727861094705,77.5,77.5,,,,,,,,,,
240m,random_direction,635,70,-3678.399999999997,37.142857142857146,0.5653704819633005,3751.999999999999,-52.548571428571385,-0.6312564807922353,1746.6000000000138,1.3038727861094705,77.5,77.5,,,,,,,,,,
240m,random_direction,636,70,-1287.4000000000067,58.57142857142858,0.8224961394220157,3153.299999999998,-18.391428571428666,-1.1614086197403715,1746.6000000000138,1.3038727861094705,77.5,77.5,,,,,,,,,,
240m,random_direction,637,70,5687.399999999998,57.14285714285714,2.5100361087510614,727.7000000000007,81.2485714285714,1.5928233671765222,1746.6000000000138,1.3038727861094705,77.5,77.5,,,,,,,,,,
240m,random_direction,638,70,-531.4000000000118,50.0,0.9227706080688275,2226.999999999995,-7.59142857142874,0.04647852245943032,1746.6000000000138,1.3038727861094705,77.5,77.5,,,,,,,,,,
240m,random_direction,639,70,998.400000000011,51.42857142857142,1.1632733159986282,2045.5000000000036,14.2628571428573,0.9109134212368988,1746.6000000000138,1.3038727861094705,77.5,77.5,,,,,,,,,,
240m,random_direction,640,70,3090.5999999999904,57.14285714285714,1.6102116569262337,1461.1000000000045,44.15142857142843,0.4369512797280059,1746.6000000000138,1.3038727861094705,77.5,77.5,,,,,,,,,,
240m,random_direction,641,70,2073.79999999999,47.14285714285714,1.3716354252535732,1554.1000000000047,29.625714285714146,1.2727252908023343,1746.6000000000138,1.3038727861094705,77.5,77.5,,,,,,,,,,
240m,random_direction,642,70,508.79999999999245,50.0,1.0799911959375528,2664.9000000000033,7.26857142857132,-0.9163016648756561,1746.6000000000138,1.3038727861094705,77.5,77.5,,,,,,,,,,
240m,random_direction,643,70,-1527.199999999997,52.85714285714286,0.7929697561240125,2580.6000000000017,-21.817142857142816,0.1589102057230703,1746.6000000000138,1.3038727861094705,77.5,77.5,,,,,,,,,,
240m,random_direction,644,70,792.4000000000107,54.285714285714285,1.1274795283064416,1752.899999999992,11.320000000000153,-0.6383856182877748,1746.6000000000138,1.3038727861094705,77.5,77.5,,,,,,,,,,
240m,random_direction,645,70,-4568.0,44.285714285714285,0.4869202861924499,5712.099999999994,-65.25714285714285,-1.5300586136148424,1746.6000000000138,1.3038727861094705,77.5,77.5,,,,,,,,,,
240m,random_direction,646,70,388.6000000000097,52.85714285714286,1.0605409110737225,1191.7999999999956,5.55142857142871,0.39877092034678535,1746.6000000000138,1.3038727861094705,77.5,77.5,,,,,,,,,,
240m,random_direction,647,70,39.79999999998711,47.14285714285714,1.006032862426482,1819.3000000000038,0.5685714285712444,0.08225791682342662,1746.6000000000138,1.3038727861094705,77.5,77.5,,,,,,,,,,
240m,random_direction,648,70,-2741.799999999994,45.714285714285715,0.65680310426837,3470.4999999999955,-39.16857142857134,0.3010462877508465,1746.6000000000138,1.3038727861094705,77.5,77.5,,,,,,,,,,
240m,random_direction,649,70,-3176.7999999999893,44.285714285714285,0.6129393847091084,3957.299999999993,-45.38285714285699,-1.060322637530097,1746.6000000000138,1.3038727861094705,77.5,77.5,,,,,,,,,,
240m,random_direction,650,70,2628.800000000004,48.57142857142857,1.4958409566742745,2205.1999999999935,37.55428571428577,1.3921717514866252,1746.6000000000138,1.3038727861094705,77.5,77.5,,,,,,,,,,
240m,random_direction,651,70,732.6000000000151,60.0,1.1173699894261293,2729.4999999999995,10.465714285714503,-0.9231873392996878,1746.6000000000138,1.3038727861094705,77.5,77.5,,,,,,,,,,
240m,random_direction,652,70,-3522.2000000000244,42.857142857142854,0.5797499164797383,3868.60000000002,-50.3171428571432,-0.5371558969295791,1746.6000000000138,1.3038727861094705,77.5,77.5,,,,,,,,,,
240m,random_direction,653,70,2951.400000000014,58.57142857142858,1.5749405851872085,1318.9999999999986,42.16285714285735,-0.2802047662179977,1746.6000000000138,1.3038727861094705,77.5,77.5,,,,,,,,,,
240m,random_direction,654,70,563.400000000003,48.57142857142857,1.0889429148774947,1501.5999999999963,8.048571428571472,0.0168362425236376,1746.6000000000138,1.3038727861094705,77.5,77.5,,,,,,,,,,
240m,random_direction,655,70,762.9999999999958,55.714285714285715,1.1224797739822772,1422.100000000006,10.89999999999994,-0.2130067611848294,1746.6000000000138,1.3038727861094705,77.5,77.5,,,,,,,,,,
240m,random_direction,656,70,-4430.399999999996,41.42857142857143,0.49861367314373717,4979.899999999992,-63.29142857142851,-0.49085213201576894,1746.6000000000138,1.3038727861094705,77.5,77.5,,,,,,,,,,
240m,random_direction,657,70,-29.000000000017167,42.857142857142854,0.9956289753715344,1799.699999999999,-0.4142857142859595,0.7789578064183716,1746.6000000000138,1.3038727861094705,77.5,77.5,,,,,,,,,,
240m,random_direction,658,70,-4145.1999999999925,47.14285714285714,0.5229754767138113,4480.399999999989,-59.217142857142754,-1.323219527882135,1746.6000000000138,1.3038727861094705,77.5,77.5,,,,,,,,,,
240m,random_direction,659,70,3324.4000000000096,60.0,1.6721526921288368,1150.7999999999956,47.491428571428706,0.9104932933414794,1746.6000000000138,1.3038727861094705,77.5,77.5,,,,,,,,,,
240m,random_direction,660,70,-1916.599999999992,40.0,0.747163738061317,3347.0000000000045,-27.379999999999885,-0.2699443038221792,1746.6000000000138,1.3038727861094705,77.5,77.5,,,,,,,,,,
240m,random_direction,661,70,1043.0000000000027,51.42857142857142,1.171191281226406,2404.699999999996,14.90000000000004,-1.1868444542897172,1746.6000000000138,1.3038727861094705,77.5,77.5,,,,,,,,,,
240m,random_direction,662,70,1392.800000000007,52.85714285714286,1.2354014906958284,1892.499999999995,19.897142857142956,0.0008250017310975483,1746.6000000000138,1.3038727861094705,77.5,77.5,,,,,,,,,,
240m,random_direction,663,70,-3570.599999999983,47.14285714285714,0.5750499857183677,3612.99999999998,-51.00857142857119,-0.9344091331922002,1746.6000000000138,1.3038727861094705,77.5,77.5,,,,,,,,,,
240m,random_direction,664,70,2738.2000000000016,57.14285714285714,1.522457546269796,1735.9999999999998,39.11714285714288,0.8817052264938534,1746.6000000000138,1.3038727861094705,77.5,77.5,,,,,,,,,,
240m,random_direction,665,70,318.199999999992,54.285714285714285,1.049310398264372,3721.1000000000045,4.545714285714171,-0.8014697496381872,1746.6000000000138,1.3038727861094705,77.5,77.5,,,,,,,,,,
240m,random_direction,666,70,3544.999999999989,60.0,1.7331044751426885,1186.8000000000031,50.64285714285699,-0.08559513539920839,1746.6000000000138,1.3038727861094705,77.5,77.5,,,,,,,,,,
240m,random_direction,667,70,-557.6000000000059,45.714285714285715,0.9191520828198169,3463.600000000007,-7.965714285714371,0.3924921529821923,1746.6000000000138,1.3038727861094705,77.5,77.5,,,,,,,,,,
240m,random_direction,668,70,1140.4000000000128,50.0,1.1886548991712045,1557.2999999999981,16.291428571428753,-0.3050427004764917,1746.6000000000138,1.3038727861094705,77.5,77.5,,,,,,,,,,
240m,random_direction,669,70,-8.800000000006321,52.85714285714286,0.9986701926709471,1874.1000000000038,-0.125714285714376,0.053311099232959534,1746.6000000000138,1.3038727861094705,77.5,77.5,,,,,,,,,,
240m,random_direction,670,70,-3911.4000000000187,44.285714285714285,0.5438494192284353,5608.4000000000115,-55.87714285714313,-1.1470633520246052,1746.6000000000138,1.3038727861094705,77.5,77.5,,,,,,,,,,
240m,random_direction,671,70,-3697.7999999999874,47.14285714285714,0.5632175761871026,4007.799999999994,-52.825714285714106,0.12912461105243986,1746.6000000000138,1.3038727861094705,77.5,77.5,,,,,,,,,,
240m,random_direction,672,70,3287.20000000002,55.714285714285715,1.6617413185707148,1444.099999999995,46.960000000000285,1.3320131639941033,1746.6000000000138,1.3038727861094705,77.5,77.5,,,,,,,,,,
240m,random_direction,673,70,172.20000000000584,48.57142857142857,1.0263705972434924,2725.7,2.4600000000000835,0.8240648170043646,1746.6000000000138,1.3038727861094705,77.5,77.5,,,,,,,,,,
240m,random_direction,674,70,2314.8000000000093,61.42857142857143,1.4247573260913466,1491.2000000000048,33.06857142857156,-0.08075589270392419,1746.6000000000138,1.3038727861094705,77.5,77.5,,,,,,,,,,
240m,random_direction,675,70,-2183.9999999999845,50.0,0.7166249302591136,2642.9999999999814,-31.19999999999978,0.0833528035950141,1746.6000000000138,1.3038727861094705,77.5,77.5,,,,,,,,,,
240m,random_direction,676,70,-1159.4000000000092,58.57142857142858,0.8387213443133753,3233.900000000003,-16.562857142857276,-1.5488011738653462,1746.6000000000138,1.3038727861094705,77.5,77.5,,,,,,,,,,
240m,random_direction,677,70,-3560.799999999993,31.428571428571427,0.5765237557233758,4583.999999999993,-50.86857142857133,-0.12368628808545933,1746.6000000000138,1.3038727861094705,77.5,77.5,,,,,,,,,,
240m,random_direction,678,70,-4951.399999999998,41.42857142857143,0.45569870723771017,5781.1,-70.73428571428569,-1.4296367457969519,1746.6000000000138,1.3038727861094705,77.5,77.5,,,,,,,,,,
240m,random_direction,679,70,3593.600000000022,65.71428571428571,1.7475297984315574,1484.0999999999804,51.33714285714317,0.9978079994359175,1746.6000000000138,1.3038727861094705,77.5,77.5,,,,,,,,,,
240m,random_direction,680,70,38.799999999999386,54.285714285714285,1.0058852973743684,2331.6999999999975,0.5542857142857055,-1.0917136747909468,1746.6000000000138,1.3038727861094705,77.5,77.5,,,,,,,,,,
240m,random_direction,681,70,1159.9999999999986,60.0,1.192432109619946,2894.4999999999945,16.57142857142855,-0.36959236699937337,1746.6000000000138,1.3038727861094705,77.5,77.5,,,,,,,,,,
240m,random_direction,682,70,-404.8000000000101,54.285714285714285,0.940597255851492,2139.699999999997,-5.782857142857287,-0.019682415678983614,1746.6000000000138,1.3038727861094705,77.5,77.5,,,,,,,,,,
240m,random_direction,683,70,136.40000000001066,44.285714285714285,1.0208215665023141,1469.7999999999984,1.948571428571581,0.043856941958327525,1746.6000000000138,1.3038727861094705,77.5,77.5,,,,,,,,,,
240m,random_direction,684,70,-282.9999999999799,50.0,0.9581150282686589,2295.500000000001,-4.042857142856856,-0.18874852191316352,1746.6000000000138,1.3038727861094705,77.5,77.5,,,,,,,,,,
240m,random_direction,685,70,4729.79999999999,62.857142857142854,2.115203244364798,1458.7999999999993,67.56857142857129,0.25450346539282165,1746.6000000000138,1.3038727861094705,77.5,77.5,,,,,,,,,,
240m,random_direction,686,70,-2456.00000000001,55.714285714285715,0.686698728170325,4508.600000000009,-35.08571428571443,-1.1290594538747898,1746.6000000000138,1.3038727861094705,77.5,77.5,,,,,,,,,,
240m,random_direction,687,70,-1437.4000000000005,44.285714285714285,0.8041102237727927,3877.0999999999954,-20.534285714285723,0.37061750867843096,1746.6000000000138,1.3038727861094705,77.5,77.5,,,,,,,,,,
240m,random_direction,688,70,3663.199999999996,57.14285714285714,1.766600397614313,1161.8999999999985,52.33142857142852,1.4509864861950916,1746.6000000000138,1.3038727861094705,77.5,77.5,,,,,,,,,,
240m,random_direction,689,70,-649.4000000000069,48.57142857142857,0.9064372982941439,3040.800000000001,-9.277142857142955,0.34202936840339254,1746.6000000000138,1.3038727861094705,77.5,77.5,,,,,,,,,,
240m,random_direction,690,70,1906.99999999999,51.42857142857142,1.336890082323426,1878.5000000000034,27.242857142857,0.6240664893560827,1746.6000000000138,1.3038727861094705,77.5,77.5,,,,,,,,,,
240m,random_direction,691,70,-3043.9999999999927,42.857142857142854,0.6261406762383178,4056.0999999999935,-43.48571428571418,-0.9263948163408596,1746.6000000000138,1.3038727861094705,77.5,77.5,,,,,,,,,,
240m,random_direction,692,70,-2054.20000000003,51.42857142857142,0.7311678793906683,3464.000000000022,-29.345714285714713,-1.5060712274024726,1746.6000000000138,1.3038727861094705,77.5,77.5,,,,,,,,,,
240m,random_direction,693,70,-1369.3999999999771,41.42857142857143,0.812559883927841,3224.7999999999893,-19.562857142856817,1.4486407757703244,1746.6000000000138,1.3038727861094705,77.5,77.5,,,,,,,,,,
240m,random_direction,694,70,-1372.9999999999886,54.285714285714285,0.8118817307428836,3270.699999999989,-19.61428571428555,-0.47452246525612757,1746.6000000000138,1.3038727861094705,77.5,77.5,,,,,,,,,,
240m,random_direction,695,70,-50.9999999999975,50.0,0.9923199710869507,2208.0999999999985,-0.7285714285713928,-0.3164055873669119,1746.6000000000138,1.3038727861094705,77.5,77.5,,,,,,,,,,
240m,random_direction,696,70,-1062.4000000000008,41.42857142857143,0.8514603693916643,3310.2999999999947,-15.177142857142869,0.2924232103000844,1746.6000000000138,1.3038727861094705,77.5,77.5,,,,,,,,,,
240m,random_direction,697,70,-1701.800000000007,38.57142857142858,0.7723039871554715,2983.1000000000004,-24.31142857142867,1.3527159311700763,1746.6000000000138,1.3038727861094705,77.5,77.5,,,,,,,,,,
240m,random_direction,698,70,-2355.799999999974,44.285714285714285,0.6978581505707353,3827.4999999999827,-33.65428571428534,-0.8684551243752795,1746.6000000000138,1.3038727861094705,77.5,77.5,,,,,,,,,,
240m,random_direction,699,70,2543.4000000000096,51.42857142857142,1.476078167115905,1420.9999999999927,36.334285714285855,1.2751932554445509,1746.6000000000138,1.3038727861094705,77.5,77.5,,,,,,,,,,
240m,random_direction,700,70,1783.2000000000126,48.57142857142857,1.3115031880513603,3007.2999999999993,25.474285714285894,1.3036966495596942,1746.6000000000138,1.3038727861094705,77.5,77.5,,,,,,,,,,
240m,random_direction,701,70,-2267.199999999989,38.57142857142858,0.7077107532842588,3895.499999999989,-32.38857142857127,0.0509948211963854,1746.6000000000138,1.3038727861094705,77.5,77.5,,,,,,,,,,
240m,random_direction,702,70,-4821.599999999995,38.57142857142858,0.46627702321256664,4994.499999999996,-68.87999999999992,-0.3887054119955801,1746.6000000000138,1.3038727861094705,77.5,77.5,,,,,,,,,,
240m,random_direction,703,70,4316.6,52.85714285714286,1.9689772829307708,1611.999999999999,61.665714285714294,1.4121293359542313,1746.6000000000138,1.3038727861094705,77.5,77.5,,,,,,,,,,
240m,random_direction,704,70,-1160.2000000000303,52.85714285714286,0.838708780514927,3155.500000000011,-16.574285714286148,-1.2600291241567037,1746.6000000000138,1.3038727861094705,77.5,77.5,,,,,,,,,,
240m,random_direction,705,70,-3170.199999999987,48.57142857142857,0.6134468126615631,3711.499999999985,-45.288571428571245,-1.3967873437954628,1746.6000000000138,1.3038727861094705,77.5,77.5,,,,,,,,,,
240m,random_direction,706,70,-5806.600000000002,42.857142857142854,0.39028078207362926,6072.399999999996,-82.95142857142861,-1.6173424702165724,1746.6000000000138,1.3038727861094705,77.5,77.5,,,,,,,,,,
240m,random_direction,707,70,-3035.799999999993,37.142857142857146,0.6271432080569892,3247.9999999999914,-43.36857142857133,1.2632063851870763,1746.6000000000138,1.3038727861094705,77.5,77.5,,,,,,,,,,
240m,random_direction,708,70,400.5999999999932,57.14285714285714,1.062498049861149,2202.2000000000025,5.722857142857046,-1.3327677376899891,1746.6000000000138,1.3038727861094705,77.5,77.5,,,,,,,,,,
240m,random_direction,709,70,-3164.7999999999956,44.285714285714285,0.6141193684082188,3893.1999999999957,-45.211428571428506,-0.4881013994512747,1746.6000000000138,1.3038727861094705,77.5,77.5,,,,,,,,,,
240m,random_direction,710,70,-1366.0000000000007,52.85714285714286,0.8127766889159962,2545.4000000000005,-19.514285714285723,0.9166560340152516,1746.6000000000138,1.3038727861094705,77.5,77.5,,,,,,,,,,
240m,random_direction,711,70,2371.200000000006,58.57142857142858,1.437208444731263,899.6999999999971,33.874285714285804,0.9405119035431144,1746.6000000000138,1.3038727861094705,77.5,77.5,,,,,,,,,,
240m,random_direction,712,70,3590.8000000000147,47.14285714285714,1.7447165937325047,966.0000000000005,51.297142857143065,1.1551731449255793,1746.6000000000138,1.3038727861094705,77.5,77.5,,,,,,,,,,
240m,random_direction,713,70,-3090.9999999999845,47.14285714285714,0.6213216377134755,4999.799999999996,-44.15714285714264,-0.6152871923532051,1746.6000000000138,1.3038727861094705,77.5,77.5,,,,,,,,,,
240m,random_direction,714,70,-2045.6000000000004,50.0,0.7321776928213252,2472.69999999999,-29.222857142857148,-0.7530148963926241,1746.6000000000138,1.3038727861094705,77.5,77.5,,,,,,,,,,
240m,random_direction,715,70,178.40000000000657,50.0,1.0273372255167876,2037.8999999999933,2.5485714285715226,0.8951600793676657,1746.6000000000138,1.3038727861094705,77.5,77.5,,,,,,,,,,
240m,random_direction,716,70,163.7999999999994,44.285714285714285,1.0250565991556018,2725.6000000000013,2.3399999999999914,1.2938945074550818,1746.6000000000138,1.3038727861094705,77.5,77.5,,,,,,,,,,
240m,random_direction,717,70,-2712.800000000002,41.42857142857143,0.6599435913506736,3465.700000000002,-38.75428571428574,-0.8291939775301593,1746.6000000000138,1.3038727861094705,77.5,77.5,,,,,,,,,,
240m,random_direction,718,70,837.0000000000083,61.42857142857143,1.135248683062406,2119.799999999998,11.957142857142976,-0.46338538115063344,1746.6000000000138,1.3038727861094705,77.5,77.5,,,,,,,,,,
240m,random_direction,719,70,1697.5999999999904,47.14285714285714,1.2942981467676764,1555.6999999999966,24.251428571428434,0.5486324846029135,1746.6000000000138,1.3038727861094705,77.5,77.5,,,,,,,,,,
240m,random_direction,720,70,-288.6000000000007,48.57142857142857,0.9573102183302763,2363.6000000000045,-4.1228571428571525,1.4016802309382899,1746.6000000000138,1.3038727861094705,77.5,77.5,,,,,,,,,,
240m,random_direction,721,70,367.8000000000069,58.57142857142858,1.0572433542924746,2249.099999999993,5.254285714285813,-1.8253385296052387,1746.6000000000138,1.3038727861094705,77.5,77.5,,,,,,,,,,
240m,random_direction,722,70,-1687.1999999999994,45.714285714285715,0.7738853076376697,2920.7999999999997,-24.102857142857133,-0.18107843364589132,1746.6000000000138,1.3038727861094705,77.5,77.5,,,,,,,,,,
240m,random_direction,723,70,965.7999999999978,60.0,1.1576764840331741,1724.0000000000027,13.797142857142825,-0.4287853765558601,1746.6000000000138,1.3038727861094705,77.5,77.5,,,,,,,,,,
240m,random_direction,724,70,2496.399999999996,51.42857142857142,1.465234163886765,1133.0000000000023,35.662857142857085,1.4361022271293955,1746.6000000000138,1.3038727861094705,77.5,77.5,,,,,,,,,,
240m,random_direction,725,70,434.8000000000027,42.857142857142854,1.0679088509535044,1852.2000000000016,6.21142857142861,1.306680200798994,1746.6000000000138,1.3038727861094705,77.5,77.5,,,,,,,,,,
240m,random_direction,726,70,3808.000000000001,58.57142857142858,1.8093345518692479,1149.0000000000061,54.40000000000001,0.9915424224790176,1746.6000000000138,1.3038727861094705,77.5,77.5,,,,,,,,,,
240m,random_direction,727,70,5590.80000000001,62.857142857142854,2.4671320229879057,731.6999999999971,79.86857142857157,1.1121255518170208,1746.6000000000138,1.3038727861094705,77.5,77.5,,,,,,,,,,
240m,random_direction,728,70,1425.0000000000073,54.285714285714285,1.2415417994440314,2019.7999999999984,20.35714285714296,-0.36323162676607174,1746.6000000000138,1.3038727861094705,77.5,77.5,,,,,,,,,,
240m,random_direction,729,70,586.000000000009,52.85714285714286,1.092720051897914,1704.1000000000006,8.3714285714287,-0.6284730489222602,1746.6000000000138,1.3038727861094705,77.5,77.5,,,,,,,,,,
240m,random_direction,730,70,-1822.2000000000132,44.285714285714285,0.7580143953679834,4041.3,-26.031428571428762,-1.2413231796594018,1746.6000000000138,1.3038727861094705,77.5,77.5,,,,,,,,,,
240m,random_direction,731,70,-954.2000000000126,52.85714285714286,0.8654198753208638,3028.800000000003,-13.631428571428751,-0.43944812649786075,1746.6000000000138,1.3038727861094705,77.5,77.5,,,,,,,,,,
240m,random_direction,732,70,-1859.7999999999997,45.714285714285715,0.7536036036036036,4251.7,-26.568571428571424,-1.101270729666859,1746.6000000000138,1.3038727861094705,77.5,77.5,,,,,,,,,,
240m,random_direction,733,70,-2741.2000000000016,47.14285714285714,0.6568223643852422,4136.999999999995,-39.160000000000025,-1.308789208027854,1746.6000000000138,1.3038727861094705,77.5,77.5,,,,,,,,,,
240m,random_direction,734,70,2435.9999999999745,55.714285714285715,1.4516882683428765,2572.4000000000096,34.799999999999635,-1.073557894673325,1746.6000000000138,1.3038727861094705,77.5,77.5,,,,,,,,,,
240m,random_direction,735,70,-440.1999999999913,54.285714285714285,0.9355698018207913,3672.0000000000027,-6.288571428571304,-0.3010332209996412,1746.6000000000138,1.3038727861094705,77.5,77.5,,,,,,,,,,
240m,random_direction,736,70,-1341.199999999991,41.42857142857143,0.816064840846443,2035.0000000000027,-19.159999999999872,0.4211488800212791,1746.6000000000138,1.3038727861094705,77.5,77.5,,,,,,,,,,
240m,random_direction,737,70,2075.5999999999935,51.42857142857142,1.372218137474668,1510.000000000006,29.65142857142848,0.5906141015212618,1746.6000000000138,1.3038727861094705,77.5,77.5,,,,,,,,,,
240m,random_direction,738,70,-1391.399999999997,52.85714285714286,0.8096267513134857,4009.8999999999965,-19.877142857142815,-0.7277108677951742,1746.6000000000138,1.3038727861094705,77.5,77.5,,,,,,,,,,
240m,random_direction,739,70,4488.599999999986,54.285714285714285,2.0276569439992627,1040.0999999999958,64.12285714285694,1.5312688050583874,1746.6000000000138,1.3038727861094705,77.5,77.5,,,,,,,,,,
240m,random_direction,740,70,5653.000000000016,57.14285714285714,2.494079712443183,1247.4000000000005,80.7571428571431,1.6467884113978508,1746.6000000000138,1.3038727861094705,77.5,77.5,,,,,,,,,,
240m,random_direction,741,70,403.8000000000028,55.714285714285715,1.0630031829245463,3092.8999999999933,5.768571428571469,-1.2992070673752985,1746.6000000000138,1.3038727861094705,77.5,77.5,,,,,,,,,,
240m,random_direction,742,70,-603.2000000000016,45.714285714285715,0.9128285908348625,2863.7000000000007,-8.61714285714288,-0.0016209833933163136,1746.6000000000138,1.3038727861094705,77.5,77.5,,,,,,,,,,
240m,random_direction,743,70,-116.79999999999302,50.0,0.9824979396118987,2994.8999999999937,-1.668571428571329,-0.2084842839410389,1746.6000000000138,1.3038727861094705,77.5,77.5,,,,,,,,,,
240m,random_direction,744,70,-3490.199999999998,50.0,0.5825219492356645,4920.599999999996,-49.85999999999997,-1.6066125597623198,1746.6000000000138,1.3038727861094705,77.5,77.5,,,,,,,,,,
240m,random_direction,745,70,1021.799999999992,47.14285714285714,1.1673381153581592,1997.7000000000023,14.597142857142742,0.27712355795325055,1746.6000000000138,1.3038727861094705,77.5,77.5,,,,,,,,,,
240m,random_direction,746,70,-1516.1999999999962,52.85714285714286,0.7943075754286959,3055.100000000005,-21.659999999999947,-0.2766491178267353,1746.6000000000138,1.3038727861094705,77.5,77.5,,,,,,,,,,
240m,random_direction,747,70,-1096.5999999999817,48.57142857142857,0.8469376360895564,3007.999999999987,-15.665714285714024,-0.6499367437475856,1746.6000000000138,1.3038727861094705,77.5,77.5,,,,,,,,,,
240m,random_direction,748,70,2195.999999999989,57.14285714285714,1.3983962555106009,1569.399999999998,31.371428571428414,0.10272267155283787,1746.6000000000138,1.3038727861094705,77.5,77.5,,,,,,,,,,
240m,random_direction,749,70,-2507.399999999994,42.857142857142854,0.6815514745104023,3428.199999999995,-35.819999999999915,-0.27432959093040027,1746.6000000000138,1.3038727861094705,77.5,77.5,,,,,,,,,,
240m,random_direction,750,70,-1652.6000000000108,41.42857142857143,0.7780970540054235,3152.1000000000013,-23.608571428571583,-0.7247318753064725,1746.6000000000138,1.3038727861094705,77.5,77.5,,,,,,,,,,
240m,random_direction,751,70,-1829.2000000000016,51.42857142857142,0.7570364073478821,2914.8999999999974,-26.131428571428597,-0.41571571878288516,1746.6000000000138,1.3038727861094705,77.5,77.5,,,,,,,,,,
240m,random_direction,752,70,927.9999999999992,47.14285714285714,1.1508182867172643,2315.6999999999994,13.257142857142846,1.318146096850912,1746.6000000000138,1.3038727861094705,77.5,77.5,,,,,,,,,,
240m,random_direction,753,70,-154.99999999998806,44.285714285714285,0.976853925872833,2611.4999999999986,-2.214285714285544,0.3552989200261237,1746.6000000000138,1.3038727861094705,77.5,77.5,,,,,,,,,,
240m,random_direction,754,70,1834.3999999999955,48.57142857142857,1.321886679885591,2085.0999999999995,26.205714285714222,0.047744736051409165,1746.6000000000138,1.3038727861094705,77.5,77.5,,,,,,,,,,
240m,random_direction,755,70,616.6000000000015,48.57142857142857,1.0977519896001777,2002.2000000000035,8.80857142857145,0.7381858735438915,1746.6000000000138,1.3038727861094705,77.5,77.5,,,,,,,,,,
240m,random_direction,756,70,-641.7999999999928,52.85714285714286,0.9074415921546016,2919.8999999999905,-9.168571428571326,-1.149307678074459,1746.6000000000138,1.3038727861094705,77.5,77.5,,,,,,,,,,
240m,random_direction,757,70,27.199999999989586,50.0,1.004120275694916,2107.400000000008,0.3885714285712798,-0.827175186273029,1746.6000000000138,1.3038727861094705,77.5,77.5,,,,,,,,,,
240m,random_direction,758,70,-1456.9999999999923,58.57142857142858,0.8014337112952475,3655.899999999999,-20.814285714285603,-1.5064949589782073,1746.6000000000138,1.3038727861094705,77.5,77.5,,,,,,,,,,
240m,random_direction,759,70,-1306.399999999995,47.14285714285714,0.8203100284720033,3738.899999999996,-18.662857142857074,-1.2020404017441815,1746.6000000000138,1.3038727861094705,77.5,77.5,,,,,,,,,,
240m,random_direction,760,70,-3881.599999999996,45.714285714285715,0.5464837771208921,4415.899999999997,-55.451428571428515,-1.4151136181028692,1746.6000000000138,1.3038727861094705,77.5,77.5,,,,,,,,,,
240m,random_direction,761,70,-624.600000000002,42.857142857142854,0.9099013328717325,2222.699999999999,-8.92285714285717,0.498105981195079,1746.6000000000138,1.3038727861094705,77.5,77.5,,,,,,,,,,
240m,random_direction,762,70,2424.0000000000036,51.42857142857142,1.4487143888487808,1757.8999999999996,34.62857142857148,0.061414658372498064,1746.6000000000138,1.3038727861094705,77.5,77.5,,,,,,,,,,
240m,random_direction,763,70,-2189.8,44.285714285714285,0.7161265232045632,3372.8999999999946,-31.282857142857146,-0.8284606549562727,1746.6000000000138,1.3038727861094705,77.5,77.5,,,,,,,,,,
240m,random_direction,764,70,-1229.0,44.285714285714285,0.8300984295509842,2457.8999999999933,-17.557142857142857,-0.3823148443813152,1746.6000000000138,1.3038727861094705,77.5,77.5,,,,,,,,,,
240m,random_direction,765,70,3081.7999999999774,55.714285714285715,1.6078261212575375,1510.000000000006,44.02571428571397,0.4523936364263085,1746.6000000000138,1.3038727861094705,77.5,77.5,,,,,,,,,,
240m,random_direction,766,70,-190.3999999999861,50.0,0.9716257097298204,2462.7000000000007,-2.7199999999998017,-0.47769384113077346,1746.6000000000138,1.3038727861094705,77.5,77.5,,,,,,,,,,
240m,random_direction,767,70,357.4000000000143,52.85714285714286,1.0555451945791392,1903.5999999999908,5.10571428571449,0.8101359763298107,1746.6000000000138,1.3038727861094705,77.5,77.5,,,,,,,,,,
240m,random_direction,768,70,3111.2000000000035,52.85714285714286,1.615165595650026,1092.399999999991,44.44571428571434,0.5833530341655011,1746.6000000000138,1.3038727861094705,77.5,77.5,,,,,,,,,,
240m,random_direction,769,70,-291.8000000000046,41.42857142857143,0.956878971479237,3192.100000000005,-4.168571428571495,0.5787996663123031,1746.6000000000138,1.3038727861094705,77.5,77.5,,,,,,,,,,
240m,random_direction,770,70,-3562.999999999992,51.42857142857142,0.5756110343513278,4024.499999999988,-50.899999999999885,-1.4635139328763207,1746.6000000000138,1.3038727861094705,77.5,77.5,,,,,,,,,,
240m,random_direction,771,70,2781.2000000000025,45.714285714285715,1.532032520325204,1100.999999999989,39.73142857142861,1.4068889426223372,1746.6000000000138,1.3038727861094705,77.5,77.5,,,,,,,,,,
240m,random_direction,772,70,-1943.7999999999797,47.14285714285714,0.7438661220187135,2837.699999999996,-27.76857142857114,-1.0033371828464652,1746.6000000000138,1.3038727861094705,77.5,77.5,,,,,,,,,,
240m,random_direction,773,70,-426.5999999999889,51.42857142857142,0.9375164777221212,1661.1999999999907,-6.094285714285555,-0.418875666364091,1746.6000000000138,1.3038727861094705,77.5,77.5,,,,,,,,,,
240m,random_direction,774,70,2269.599999999993,52.85714285714286,1.4142891042841743,1601.0999999999935,32.42285714285705,1.3029642227070177,1746.6000000000138,1.3038727861094705,77.5,77.5,,,,,,,,,,
240m,random_direction,775,70,2100.5999999999985,52.85714285714286,1.3776155892715898,2192.800000000001,30.008571428571408,0.3608775649286492,1746.6000000000138,1.3038727861094705,77.5,77.5,,,,,,,,,,
240m,random_direction,776,70,-1426.8000000000125,51.42857142857142,0.8052814738996915,3152.7000000000094,-20.382857142857322,-1.3677816286956008,1746.6000000000138,1.3038727861094705,77.5,77.5,,,,,,,,,,
240m,random_direction,777,70,660.3999999999946,55.714285714285715,1.1051441672371785,1553.500000000006,9.434285714285638,-0.02240998332853455,1746.6000000000138,1.3038727861094705,77.5,77.5,,,,,,,,,,
240m,random_direction,778,70,-953.3999999999974,51.42857142857142,0.8655440852936203,2897.500000000001,-13.619999999999962,-1.1768964487296327,1746.6000000000138,1.3038727861094705,77.5,77.5,,,,,,,,,,
240m,random_direction,779,70,-1789.3999999999874,44.285714285714285,0.7618515265245298,2933.7999999999947,-25.562857142856963,-0.8935120624344587,1746.6000000000138,1.3038727861094705,77.5,77.5,,,,,,,,,,
240m,random_direction,780,70,-1298.0000000000005,57.14285714285714,0.8211899546775772,2899.2999999999897,-18.542857142857148,0.12766663395126915,1746.6000000000138,1.3038727861094705,77.5,77.5,,,,,,,,,,
240m,random_direction,781,70,3333.000000000018,47.14285714285714,1.6732517270633902,1353.799999999993,47.61428571428598,1.435412486218096,1746.6000000000138,1.3038727861094705,77.5,77.5,,,,,,,,,,
240m,random_direction,782,70,2892.1999999999816,57.14285714285714,1.5600697134004602,1608.3000000000052,41.31714285714259,0.4406090718182973,1746.6000000000138,1.3038727861094705,77.5,77.5,,,,,,,,,,
240m,random_direction,783,70,-146.59999999999923,41.42857142857143,0.9781010994263865,1769.2999999999975,-2.094285714285703,0.30511871919669964,1746.6000000000138,1.3038727861094705,77.5,77.5,,,,,,,,,,
240m,random_direction,784,70,1978.0000000000045,52.85714285714286,1.3517007165590946,1460.8000000000004,28.257142857142924,-0.2579006273160729,1746.6000000000138,1.3038727861094705,77.5,77.5,,,,,,,,,,
240m,random_direction,785,70,2475.7999999999874,47.14285714285714,1.46025431290898,1361.600000000008,35.36857142857125,1.6382412748097592,1746.6000000000138,1.3038727861094705,77.5,77.5,,,,,,,,,,
240m,random_direction,786,70,-2840.2000000000025,50.0,0.6465302668259657,4198.400000000002,-40.57428571428575,-1.426800402420959,1746.6000000000138,1.3038727861094705,77.5,77.5,,,,,,,,,,
240m,random_direction,787,70,-2418.80000000002,50.0,0.6908684260975123,3834.4000000000074,-34.554285714286,-1.4732599868928906,1746.6000000000138,1.3038727861094705,77.5,77.5,,,,,,,,,,
240m,random_direction,788,70,13.599999999987062,47.14285714285714,1.0020573952770657,2060.100000000007,0.19428571428552946,0.6299619196476373,1746.6000000000138,1.3038727861094705,77.5,77.5,,,,,,,,,,
240m,random_direction,789,70,-3096.799999999983,52.85714285714286,0.6205599460883435,4030.999999999984,-44.23999999999975,-1.4389554272139136,1746.6000000000138,1.3038727861094705,77.5,77.5,,,,,,,,,,
240m,random_direction,790,70,1394.1999999999973,58.57142857142858,1.2358254397834902,1544.9000000000005,19.917142857142817,-0.002858609031526238,1746.6000000000138,1.3038727861094705,77.5,77.5,,,,,,,,,,
240m,random_direction,791,70,-320.8000000000121,47.14285714285714,0.9526669125783824,2254.6000000000085,-4.582857142857316,-0.6156553651700997,1746.6000000000138,1.3038727861094705,77.5,77.5,,,,,,,,,,
240m,random_direction,792,70,-389.20000000000357,51.42857142857142,0.9428378398225796,3433.2999999999975,-5.560000000000051,-1.3861850875998472,1746.6000000000138,1.3038727861094705,77.5,77.5,,,,,,,,,,
240m,random_direction,793,70,-2484.200000000009,44.285714285714285,0.6839922658118349,4473.000000000006,-35.488571428571554,-1.2160607867069844,1746.6000000000138,1.3038727861094705,77.5,77.5,,,,,,,,,,
240m,random_direction,794,70,-821.8000000000111,41.42857142857143,0.8831342434584741,2442.799999999996,-11.740000000000158,0.6432923046039126,1746.6000000000138,1.3038727861094705,77.5,77.5,,,,,,,,,,
240m,random_direction,795,70,-1270.400000000011,51.42857142857142,0.8247554936338668,4196.000000000004,-18.148571428571586,-0.8247226447356087,1746.6000000000138,1.3038727861094705,77.5,77.5,,,,,,,,,,
240m,random_direction,796,70,779.3999999999887,47.14285714285714,1.1251565661431715,1897.2000000000098,11.134285714285554,1.1908156961267842,1746.6000000000138,1.3038727861094705,77.5,77.5,,,,,,,,,,
240m,random_direction,797,70,-47.60000000000423,51.42857142857142,0.9928290573826056,2392.5999999999967,-0.6800000000000604,-0.3081866403669732,1746.6000000000138,1.3038727861094705,77.5,77.5,,,,,,,,,,
240m,random_direction,798,70,-898.4000000000134,51.42857142857142,0.872807328019479,2464.500000000011,-12.834285714285906,0.8266387411489858,1746.6000000000138,1.3038727861094705,77.5,77.5,,,,,,,,,,
240m,random_direction,799,70,501.7999999999762,45.714285714285715,1.0788101520291455,1952.8000000000025,7.168571428571089,0.402564662869744,1746.6000000000138,1.3038727861094705,77.5,77.5,,,,,,,,,,
240m,random_direction,800,70,-1538.1999999999873,45.714285714285715,0.7917749620966013,1905.0999999999917,-21.974285714285532,-0.5894552677184797,1746.6000000000138,1.3038727861094705,77.5,77.5,,,,,,,,,,
240m,random_direction,801,70,-772.0000000000182,45.714285714285715,0.889778843820046,2506.1000000000026,-11.028571428571688,-0.27552394372041833,1746.6000000000138,1.3038727861094705,77.5,77.5,,,,,,,,,,
240m,random_direction,802,70,-1115.7999999999888,45.714285714285715,0.8445094760312167,3237.7999999999984,-15.93999999999984,-0.7145679971242075,1746.6000000000138,1.3038727861094705,77.5,77.5,,,,,,,,,,
240m,random_direction,803,70,-694.6000000000122,44.285714285714285,0.9002928341754692,2369.000000000006,-9.922857142857318,0.9189255569933884,1746.6000000000138,1.3038727861094705,77.5,77.5,,,,,,,,,,
240m,random_direction,804,70,4777.200000000008,60.0,2.132172058300748,742.7000000000011,68.2457142857144,1.260484602208636,1746.6000000000138,1.3038727861094705,77.5,77.5,,,,,,,,,,
240m,random_direction,805,70,1684.4000000000074,47.14285714285714,1.291676046338466,1901.199999999997,24.062857142857247,1.221955566151082,1746.6000000000138,1.3038727861094705,77.5,77.5,,,,,,,,,,
240m,random_direction,806,70,-904.0000000000063,48.57142857142857,0.8721014133925659,3232.8000000000043,-12.914285714285803,-0.5248886068551896,1746.6000000000138,1.3038727861094705,77.5,77.5,,,,,,,,,,
240m,random_direction,807,70,2548.3999999999996,50.0,1.47714804620944,1951.3000000000043,36.40571428571428,0.6545178147173818,1746.6000000000138,1.3038727861094705,77.5,77.5,,,,,,,,,,
240m,random_direction,808,70,1824.7999999999947,50.0,1.319988777245865,1582.9000000000015,26.068571428571353,0.7779267407025007,1746.6000000000138,1.3038727861094705,77.5,77.5,,,,,,,,,,
240m,random_direction,809,70,-2469.199999999987,48.57142857142857,0.6854802756442113,4412.999999999997,-35.27428571428553,-0.40061046261161376,1746.6000000000138,1.3038727861094705,77.5,77.5,,,,,,,,,,
240m,random_direction,810,70,2362.799999999994,60.0,1.435402730941455,1940.6999999999891,33.75428571428563,1.0245774712239968,1746.6000000000138,1.3038727861094705,77.5,77.5,,,,,,,,,,
240m,random_direction,811,70,-1508.3999999999983,45.714285714285715,0.7953962806722463,3465.499999999999,-21.548571428571403,-0.6733922935512215,1746.6000000000138,1.3038727861094705,77.5,77.5,,,,,,,,,,
240m,random_direction,812,70,1994.799999999994,58.57142857142858,1.3554716039702754,1707.200000000007,28.497142857142773,-0.7553297474162619,1746.6000000000138,1.3038727861094705,77.5,77.5,,,,,,,,,,
240m,random_direction,813,70,-1288.199999999987,47.14285714285714,0.8225913072219483,3989.3999999999874,-18.40285714285696,-1.1153184916813101,1746.6000000000138,1.3038727861094705,77.5,77.5,,,,,,,,,,
240m,random_direction,814,70,514.5999999999917,50.0,1.0809399477806771,2747.200000000002,7.351428571428453,0.1852478220375345,1746.6000000000138,1.3038727861094705,77.5,77.5,,,,,,,,,,
240m,random_direction,815,70,672.6000000000016,52.85714285714286,1.1071565128728018,1387.7000000000003,9.608571428571452,0.8977783293029473,1746.6000000000138,1.3038727861094705,77.5,77.5,,,,,,,,,,
240m,random_direction,816,70,484.79999999999177,58.57142857142858,1.0761461981874427,1981.5000000000014,6.925714285714168,-0.498059017225294,1746.6000000000138,1.3038727861094705,77.5,77.5,,,,,,,,,,
240m,random_direction,817,70,2409.000000000011,62.857142857142854,1.4459789691943143,1542.1000000000013,34.41428571428587,0.4200041357215715,1746.6000000000138,1.3038727861094705,77.5,77.5,,,,,,,,,,
240m,random_direction,818,70,-1852.7999999999888,51.42857142857142,0.7542868510045768,2944.4999999999977,-26.46857142857127,-0.17475914949255966,1746.6000000000138,1.3038727861094705,77.5,77.5,,,,,,,,,,
240m,random_direction,819,70,-770.0000000000081,47.14285714285714,0.8900329901029679,3314.500000000005,-11.000000000000115,-0.6932551144939326,1746.6000000000138,1.3038727861094705,77.5,77.5,,,,,,,,,,
240m,random_direction,820,70,-2277.0000000000136,50.0,0.7063299628559623,3515.3000000000106,-32.528571428571624,-0.9532839753000438,1746.6000000000138,1.3038727861094705,77.5,77.5,,,,,,,,,,
240m,random_direction,821,70,-2198.599999999992,44.285714285714285,0.7151482172470988,2974.9999999999923,-31.408571428571317,0.11207663523871791,1746.6000000000138,1.3038727861094705,77.5,77.5,,,,,,,,,,
240m,random_direction,822,70,-2092.1999999999844,47.14285714285714,0.7269808957093662,2336.5999999999835,-29.888571428571204,-0.1712023994065513,1746.6000000000138,1.3038727861094705,77.5,77.5,,,,,,,,,,
240m,random_direction,823,70,1119.2000000000025,57.14285714285714,1.1849764482274197,2127.199999999996,15.988571428571465,0.3258796015859797,1746.6000000000138,1.3038727861094705,77.5,77.5,,,,,,,,,,
240m,random_direction,824,70,-1091.2000000000075,42.857142857142854,0.8477189946550923,3158.600000000002,-15.588571428571536,0.2990922296874751,1746.6000000000138,1.3038727861094705,77.5,77.5,,,,,,,,,,
240m,random_direction,825,70,-1944.400000000006,51.42857142857142,0.7436958728233785,5080.800000000007,-27.777142857142945,-1.5735745455311165,1746.6000000000138,1.3038727861094705,77.5,77.5,,,,,,,,,,
240m,random_direction,826,70,-305.59999999999116,48.57142857142857,0.954852339375675,3068.8999999999987,-4.3657142857141595,-0.9761765659177551,1746.6000000000138,1.3038727861094705,77.5,77.5,,,,,,,,,,
240m,random_direction,827,70,-2613.600000000006,40.0,0.6703704170818141,4640.4000000000015,-37.33714285714294,-1.0975657843426874,1746.6000000000138,1.3038727861094705,77.5,77.5,,,,,,,,,,
240m,random_direction,828,70,1537.6000000000163,48.57142857142857,1.2629589725172334,1667.199999999994,21.96571428571452,0.9961267082359129,1746.6000000000138,1.3038727861094705,77.5,77.5,,,,,,,,,,
240m,random_direction,829,70,3992.0000000000036,60.0,1.8655493159298375,1339.9000000000046,57.02857142857148,0.9837739763120467,1746.6000000000138,1.3038727861094705,77.5,77.5,,,,,,,,,,
240m,random_direction,830,70,-15.000000000006935,50.0,0.9977350285386393,1633.3000000000102,-0.21428571428581336,0.5633284460338716,1746.6000000000138,1.3038727861094705,77.5,77.5,,,,,,,,,,
240m,random_direction,831,70,-1851.4000000000103,41.42857142857143,0.7546774791964797,3249.500000000002,-26.448571428571576,1.0084672086159567,1746.6000000000138,1.3038727861094705,77.5,77.5,,,,,,,,,,
240m,random_direction,832,70,1197.8000000000197,55.714285714285715,1.1992282359202993,2583.299999999999,17.111428571428853,-0.889315596258644,1746.6000000000138,1.3038727861094705,77.5,77.5,,,,,,,,,,
240m,random_direction,833,70,-1217.6000000000145,45.714285714285715,0.8315183550346603,2703.1000000000085,-17.39428571428592,0.09605832113698504,1746.6000000000138,1.3038727861094705,77.5,77.5,,,,,,,,,,
240m,random_direction,834,70,565.9999999999872,54.285714285714285,1.0894281967420307,2136.9000000000005,8.085714285714102,-0.7004555916175058,1746.6000000000138,1.3038727861094705,77.5,77.5,,,,,,,,,,
240m,random_direction,835,70,-543.2000000000003,55.714285714285715,0.921077484126869,3292.4000000000033,-7.760000000000004,-0.22145605682603267,1746.6000000000138,1.3038727861094705,77.5,77.5,,,,,,,,,,
240m,random_direction,836,70,-1281.400000000006,54.285714285714285,0.8233234061328033,2799.400000000003,-18.305714285714373,-1.206854138908774,1746.6000000000138,1.3038727861094705,77.5,77.5,,,,,,,,,,
240m,random_direction,837,70,-1503.7999999999993,48.57142857142857,0.795901194353963,3216.8999999999933,-21.48285714285713,-1.4057223346477852,1746.6000000000138,1.3038727861094705,77.5,77.5,,,,,,,,,,
240m,random_direction,838,70,858.9999999999991,50.0,1.1388709260217278,1914.5999999999954,12.271428571428558,1.2033391451304543,1746.6000000000138,1.3038727861094705,77.5,77.5,,,,,,,,,,
240m,random_direction,839,70,1630.2000000000098,47.14285714285714,1.2809720785935899,2707.7000000000035,23.28857142857157,1.2903533673671237,1746.6000000000138,1.3038727861094705,77.5,77.5,,,,,,,,,,
240m,random_direction,840,70,-2977.3999999999924,44.285714285714285,0.6327733787217256,3796.4999999999955,-42.5342857142856,-0.18579596690713387,1746.6000000000138,1.3038727861094705,77.5,77.5,,,,,,,,,,
240m,random_direction,841,70,-1714.999999999996,44.285714285714285,0.7706176604338875,3195.299999999998,-24.499999999999943,1.1763976992156082,1746.6000000000138,1.3038727861094705,77.5,77.5,,,,,,,,,,
240m,random_direction,842,70,-4168.399999999983,44.285714285714285,0.5210552319235249,5020.599999999993,-59.54857142857119,-1.0241999589985957,1746.6000000000138,1.3038727861094705,77.5,77.5,,,,,,,,,,
240m,random_direction,843,70,2966.2000000000053,52.85714285714286,1.5782066276803128,877.7999999999979,42.37428571428579,1.2637142074275642,1746.6000000000138,1.3038727861094705,77.5,77.5,,,,,,,,,,
240m,random_direction,844,70,-984.599999999993,41.42857142857143,0.8615851772710669,3036.200000000001,-14.065714285714185,0.41654058301375874,1746.6000000000138,1.3038727861094705,77.5,77.5,,,,,,,,,,
240m,random_direction,845,70,1293.200000000009,55.714285714285715,1.216816162293572,1438.300000000002,18.47428571428584,1.0812955203464325,1746.6000000000138,1.3038727861094705,77.5,77.5,,,,,,,,,,
240m,random_direction,846,70,-3126.400000000005,42.857142857142854,0.6179536372856911,4850.299999999997,-44.66285714285721,0.0028236811693112232,1746.6000000000138,1.3038727861094705,77.5,77.5,,,,,,,,,,
240m,random_direction,847,70,2261.7999999999956,50.0,1.4124211370847148,1929.000000000006,32.31142857142851,1.1920914705936567,1746.6000000000138,1.3038727861094705,77.5,77.5,,,,,,,,,,
240m,random_direction,848,70,-1577.999999999995,42.857142857142854,0.7870186662347659,3109.3999999999983,-22.54285714285707,-1.1295464847699834,1746.6000000000138,1.3038727861094705,77.5,77.5,,,,,,,,,,
240m,random_direction,849,70,1169.8000000000336,54.285714285714285,1.1940868064773087,2392.099999999988,16.711428571429053,0.970194443674535,1746.6000000000138,1.3038727861094705,77.5,77.5,,,,,,,,,,
240m,random_direction,850,70,1426.0000000000066,57.14285714285714,1.2418137728714125,1983.9000000000033,20.371428571428666,-0.23077847895231812,1746.6000000000138,1.3038727861094705,77.5,77.5,,,,,,,,,,
240m,random_direction,851,70,-2713.599999999995,54.285714285714285,0.6594762137810746,3934.599999999997,-38.76571428571421,-0.6302526744972002,1746.6000000000138,1.3038727861094705,77.5,77.5,,,,,,,,,,
240m,random_direction,852,70,-3022.5999999999976,40.0,0.6283718985909954,3923.8999999999987,-43.179999999999964,0.1848251446236669,1746.6000000000138,1.3038727861094705,77.5,77.5,,,,,,,,,,
240m,random_direction,853,70,621.9999999999935,52.85714285714286,1.0986972596436095,1883.999999999999,8.885714285714194,0.07189256050661039,1746.6000000000138,1.3038727861094705,77.5,77.5,,,,,,,,,,
240m,random_direction,854,70,1971.2000000000116,52.85714285714286,1.3502798756108423,1615.899999999993,28.160000000000167,0.7108133972615321,1746.6000000000138,1.3038727861094705,77.5,77.5,,,,,,,,,,
240m,random_direction,855,70,-832.5999999999889,54.285714285714285,0.8815377610836054,4133.8,-11.894285714285555,-1.084506272025777,1746.6000000000138,1.3038727861094705,77.5,77.5,,,,,,,,,,
240m,random_direction,856,70,1590.6000000000026,55.714285714285715,1.2734963375631903,1208.8,22.72285714285718,0.9655266271702226,1746.6000000000138,1.3038727861094705,77.5,77.5,,,,,,,,,,
240m,random_direction,857,70,-1777.999999999996,47.14285714285714,0.763125990860767,3410.199999999999,-25.39999999999994,-0.2596509443512464,1746.6000000000138,1.3038727861094705,77.5,77.5,,,,,,,,,,
240m,random_direction,858,70,734.2000000000057,51.42857142857142,1.1175284136385475,2132.3000000000043,10.488571428571511,0.18027088539054756,1746.6000000000138,1.3038727861094705,77.5,77.5,,,,,,,,,,
240m,random_direction,859,70,908.7999999999925,51.42857142857142,1.1475396529051725,2065.0999999999917,12.982857142857036,0.15333041467077996,1746.6000000000138,1.3038727861094705,77.5,77.5,,,,,,,,,,
240m,random_direction,860,70,-1865.8000000000166,48.57142857142857,0.7528414359517798,3666.4000000000124,-26.65428571428595,-0.1781490345999105,1746.6000000000138,1.3038727861094705,77.5,77.5,,,,,,,,,,
240m,random_direction,861,70,707.6000000000037,54.285714285714285,1.1130658485531222,1684.5999999999922,10.10857142857148,0.2944155180936532,1746.6000000000138,1.3038727861094705,77.5,77.5,,,,,,,,,,
240m,random_direction,862,70,6861.400000000005,65.71428571428571,3.1621604588138923,1038.3000000000004,98.02000000000007,1.5933534831550389,1746.6000000000138,1.3038727861094705,77.5,77.5,,,,,,,,,,
240m,random_direction,863,70,-1179.1999999999957,40.0,0.8364879293370501,2544.0,-16.845714285714223,-0.12738829551958505,1746.6000000000138,1.3038727861094705,77.5,77.5,,,,,,,,,,
240m,random_direction,864,70,-2823.599999999992,48.57142857142857,0.6482766352346202,3338.1000000000113,-40.337142857142744,-0.29411641112389303,1746.6000000000138,1.3038727861094705,77.5,77.5,,,,,,,,,,
240m,random_direction,865,70,-1857.8000000000015,55.714285714285715,0.7536074270557029,3431.599999999993,-26.54000000000002,-1.5298424945967688,1746.6000000000138,1.3038727861094705,77.5,77.5,,,,,,,,,,
240m,random_direction,866,70,1215.9999999999702,47.14285714285714,1.2023597543725295,1788.0000000000123,17.371428571428147,-0.1531710935628289,1746.6000000000138,1.3038727861094705,77.5,77.5,,,,,,,,,,
240m,random_direction,867,70,-2481.2000000000107,47.14285714285714,0.6842332998205571,3052.800000000013,-35.44571428571444,-0.6690119083034783,1746.6000000000138,1.3038727861094705,77.5,77.5,,,,,,,,,,
240m,random_direction,868,70,-945.6000000000058,41.42857142857143,0.8667023780994932,2579.199999999999,-13.508571428571512,0.9349231685469991,1746.6000000000138,1.3038727861094705,77.5,77.5,,,,,,,,,,
240m,random_direction,869,70,-827.2000000000085,42.857142857142854,0.8823947566714521,3023.999999999994,-11.817142857142978,0.6776120720479036,1746.6000000000138,1.3038727861094705,77.5,77.5,,,,,,,,,,
240m,random_direction,870,70,-1725.599999999984,44.285714285714285,0.7693633969980908,2409.099999999992,-24.651428571428344,0.703845049512077,1746.6000000000138,1.3038727861094705,77.5,77.5,,,,,,,,,,
240m,random_direction,871,70,229.79999999999654,57.14285714285714,1.0353799729030662,3734.900000000008,3.2828571428570936,-0.9030251340340102,1746.6000000000138,1.3038727861094705,77.5,77.5,,,,,,,,,,
240m,random_direction,872,70,-2434.8,45.714285714285715,0.6892604173313766,2997.599999999999,-34.78285714285715,-1.3519081951176941,1746.6000000000138,1.3038727861094705,77.5,77.5,,,,,,,,,,
240m,random_direction,873,70,-1511.8000000000093,51.42857142857142,0.7948710990502025,2699.3000000000025,-21.59714285714299,0.29523011532587673,1746.6000000000138,1.3038727861094705,77.5,77.5,,,,,,,,,,
240m,random_direction,874,70,-1996.0000000000023,41.42857142857143,0.7380268010657424,3356.4000000000133,-28.514285714285748,-0.7765131904398848,1746.6000000000138,1.3038727861094705,77.5,77.5,,,,,,,,,,
240m,random_direction,875,70,704.4000000000001,51.42857142857142,1.112489819383893,3880.600000000002,10.062857142857144,-0.3466689985269296,1746.6000000000138,1.3038727861094705,77.5,77.5,,,,,,,,,,
240m,random_direction,876,70,-980.6000000000141,38.57142857142858,0.862147496274635,1667.600000000007,-14.00857142857163,0.7424331623549978,1746.6000000000138,1.3038727861094705,77.5,77.5,,,,,,,,,,
240m,random_direction,877,70,1150.600000000016,45.714285714285715,1.1904084199377802,2311.3999999999965,16.437142857143087,1.059449204779811,1746.6000000000138,1.3038727861094705,77.5,77.5,,,,,,,,,,
240m,random_direction,878,70,-3085.200000000006,44.285714285714285,0.6219905166815729,4843.299999999996,-44.0742857142858,-1.1241725141591574,1746.6000000000138,1.3038727861094705,77.5,77.5,,,,,,,,,,
240m,random_direction,879,70,-2539.3999999999996,54.285714285714285,0.677814712375346,3317.9000000000005,-36.27714285714285,-1.4571522888052595,1746.6000000000138,1.3038727861094705,77.5,77.5,,,,,,,,,,
240m,random_direction,880,70,-479.5999999999917,45.714285714285715,0.9300660552064054,2122.399999999996,-6.851428571428453,0.9116565562925544,1746.6000000000138,1.3038727861094705,77.5,77.5,,,,,,,,,,
240m,random_direction,881,70,250.60000000001014,55.714285714285715,1.0386382558820826,2399.8999999999946,3.580000000000145,-1.188060014345298,1746.6000000000138,1.3038727861094705,77.5,77.5,,,,,,,,,,
240m,random_direction,882,70,1234.4000000000128,48.57142857142857,1.205771058027307,1303.3000000000025,17.634285714285898,1.0801817983530586,1746.6000000000138,1.3038727861094705,77.5,77.5,,,,,,,,,,
240m,random_direction,883,70,1712.8000000000056,54.285714285714285,1.2975832652848494,2203.499999999991,24.468571428571508,0.6408319539093198,1746.6000000000138,1.3038727861094705,77.5,77.5,,,,,,,,,,
240m,random_direction,884,70,-3922.4000000000087,41.42857142857143,0.5429663376950229,4468.80000000001,-56.034285714285836,-0.7476749860438437,1746.6000000000138,1.3038727861094705,77.5,77.5,,,,,,,,,,
240m,random_direction,885,70,-703.3999999999976,51.42857142857142,0.8990209308335014,2386.599999999998,-10.048571428571394,-0.3610316178901475,1746.6000000000138,1.3038727861094705,77.5,77.5,,,,,,,,,,
240m,random_direction,886,70,641.6000000000181,52.85714285714286,1.1019658948238351,1593.499999999998,9.165714285714545,-0.3106219982553491,1746.6000000000138,1.3038727861094705,77.5,77.5,,,,,,,,,,
240m,random_direction,887,70,1640.000000000005,54.285714285714285,1.2831442827299264,2481.5999999999954,23.4285714285715,-0.9156351101286327,1746.6000000000138,1.3038727861094705,77.5,77.5,,,,,,,,,,
240m,random_direction,888,70,459.8000000000029,51.42857142857142,1.0720215532094863,2170.399999999999,6.56857142857147,0.23559542555874335,1746.6000000000138,1.3038727861094705,77.5,77.5,,,,,,,,,,
240m,random_direction,889,70,1333.0000000000007,54.285714285714285,1.2241994079655543,2552.899999999997,19.04285714285715,-1.1470220281760748,1746.6000000000138,1.3038727861094705,77.5,77.5,,,,,,,,,,
240m,random_direction,890,70,1989.2000000000014,52.85714285714286,1.3540446738453327,1119.5000000000002,28.417142857142878,-0.2780646315704769,1746.6000000000138,1.3038727861094705,77.5,77.5,,,,,,,,,,
240m,random_direction,891,70,-3491.000000000001,41.42857142857143,0.5827456792484403,3514.800000000001,-49.87142857142859,-0.46734998593145,1746.6000000000138,1.3038727861094705,77.5,77.5,,,,,,,,,,
240m,random_direction,892,70,1926.6000000000035,62.857142857142854,1.341426242291062,2144.2999999999975,27.522857142857195,-0.16465582357715164,1746.6000000000138,1.3038727861094705,77.5,77.5,,,,,,,,,,
240m,random_direction,893,70,-1018.9999999999984,55.714285714285715,0.8568940819593858,2319.6000000000067,-14.557142857142834,-0.7577956407778181,1746.6000000000138,1.3038727861094705,77.5,77.5,,,,,,,,,,
240m,random_direction,894,70,1303.2000000000003,50.0,1.218529387104888,2858.9999999999945,18.617142857142863,1.2009954062791905,1746.6000000000138,1.3038727861094705,77.5,77.5,,,,,,,,,,
240m,random_direction,895,70,-3982.1999999999935,44.285714285714285,0.5375020324731142,5043.1999999999925,-56.88857142857133,-1.0898634531253037,1746.6000000000138,1.3038727861094705,77.5,77.5,,,,,,,,,,
240m,random_direction,896,70,-4120.199999999981,50.0,0.5250599409811895,4416.799999999981,-58.85999999999972,-0.5239114495383186,1746.6000000000138,1.3038727861094705,77.5,77.5,,,,,,,,,,
240m,random_direction,897,70,5107.599999999975,57.14285714285714,2.2591770825629163,582.8000000000011,72.96571428571393,1.4876153461765482,1746.6000000000138,1.3038727861094705,77.5,77.5,,,,,,,,,,
240m,random_direction,898,70,2573.599999999995,58.57142857142858,1.4835503447757534,1046.8999999999983,36.76571428571421,1.2160088407405685,1746.6000000000138,1.3038727861094705,77.5,77.5,,,,,,,,,,
240m,random_direction,899,70,2367.3999999999887,60.0,1.4364353661234388,1657.099999999995,33.81999999999984,0.918810471970702,1746.6000000000138,1.3038727861094705,77.5,77.5,,,,,,,,,,
240m,random_direction,900,70,809.2000000000115,48.57142857142857,1.1302744908637226,1575.9999999999968,11.560000000000164,0.5096208248273348,1746.6000000000138,1.3038727861094705,77.5,77.5,,,,,,,,,,
240m,random_direction,901,70,295.80000000002156,52.85714285714286,1.0457526449297811,2369.399999999989,4.225714285714593,0.8597695136347919,1746.6000000000138,1.3038727861094705,77.5,77.5,,,,,,,,,,
240m,random_direction,902,70,138.59999999998706,47.14285714285714,1.0211674150096197,2998.700000000017,1.9799999999998152,-1.0827496159128789,1746.6000000000138,1.3038727861094705,77.5,77.5,,,,,,,,,,
240m,random_direction,903,70,-1282.599999999995,50.0,0.8232456865663422,2210.600000000005,-18.32285714285707,-0.6656832165794715,1746.6000000000138,1.3038727861094705,77.5,77.5,,,,,,,,,,
240m,random_direction,904,70,-955.5999999999967,50.0,0.8652737244286547,3188.0999999999945,-13.651428571428525,-0.6909730184730686,1746.6000000000138,1.3038727861094705,77.5,77.5,,,,,,,,,,
240m,random_direction,905,70,-357.9999999999908,54.285714285714285,0.9472839451635243,1905.499999999993,-5.114285714285582,0.012958663087761264,1746.6000000000138,1.3038727861094705,77.5,77.5,,,,,,,,,,
240m,random_direction,906,70,1743.7999999999897,50.0,1.303628639086221,1445.2000000000028,24.911428571428424,1.0816112585763178,1746.6000000000138,1.3038727861094705,77.5,77.5,,,,,,,,,,
240m,random_direction,907,70,-4431.800000000014,44.285714285714285,0.4983814374646284,5261.6000000000095,-63.31142857142877,-0.45529346247790087,1746.6000000000138,1.3038727861094705,77.5,77.5,,,,,,,,,,
240m,random_direction,908,70,-389.7999999999779,47.14285714285714,0.9427774515560806,2467.5999999999926,-5.568571428571113,-0.7296777004791551,1746.6000000000138,1.3038727861094705,77.5,77.5,,,,,,,,,,
240m,random_direction,909,70,-1834.1999999999848,52.85714285714286,0.7564208121962249,1956.7999999999884,-26.202857142856924,0.5619757070687914,1746.6000000000138,1.3038727861094705,77.5,77.5,,,,,,,,,,
240m,random_direction,910,70,-129.6000000000031,50.0,0.9805985119537709,3660.3000000000006,-1.8514285714286156,-1.0962449170179924,1746.6000000000138,1.3038727861094705,77.5,77.5,,,,,,,,,,
240m,random_direction,911,70,-2602.8000000000065,44.285714285714285,0.6713843822990967,3485.6000000000013,-37.18285714285724,-1.2194347785128954,1746.6000000000138,1.3038727861094705,77.5,77.5,,,,,,,,,,
240m,random_direction,912,70,-4436.200000000006,45.714285714285715,0.49795160815735257,6114.500000000015,-63.374285714285804,-1.5791253414287867,1746.6000000000138,1.3038727861094705,77.5,77.5,,,,,,,,,,
240m,random_direction,913,70,-992.5999999999974,51.42857142857142,0.8604016651665171,2339.49999999999,-14.179999999999962,-0.7192894674185306,1746.6000000000138,1.3038727861094705,77.5,77.5,,,,,,,,,,
240m,random_direction,914,70,2038.199999999991,52.85714285714286,1.3643546657132621,1460.1999999999975,29.117142857142728,0.8713174814281813,1746.6000000000138,1.3038727861094705,77.5,77.5,,,,,,,,,,
240m,random_direction,915,70,-6612.200000000001,40.0,0.33399810640398075,6648.7999999999965,-94.46000000000001,-1.6055594284896437,1746.6000000000138,1.3038727861094705,77.5,77.5,,,,,,,,,,
240m,random_direction,916,70,873.7999999999965,42.857142857142854,1.141318411178677,1486.800000000002,12.482857142857094,0.7167042676750793,1746.6000000000138,1.3038727861094705,77.5,77.5,,,,,,,,,,
240m,random_direction,917,70,1123.6000000000001,60.0,1.1858326579891836,1477.3000000000075,16.051428571428573,-0.5907370472078717,1746.6000000000138,1.3038727861094705,77.5,77.5,,,,,,,,,,
240m,random_direction,918,70,1982.6000000000042,51.42857142857142,1.3526001280500823,2148.400000000001,28.322857142857202,1.0397188119520713,1746.6000000000138,1.3038727861094705,77.5,77.5,,,,,,,,,,
240m,random_direction,919,70,2601.200000000019,57.14285714285714,1.4899143045484546,1613.5000000000018,37.160000000000274,0.711106327902652,1746.6000000000138,1.3038727861094705,77.5,77.5,,,,,,,,,,
240m,random_direction,920,70,229.00000000000944,50.0,1.0352275174599281,2384.2999999999965,3.2714285714287064,-0.038853400221648675,1746.6000000000138,1.3038727861094705,77.5,77.5,,,,,,,,,,
240m,random_direction,921,70,372.99999999999795,51.42857142857142,1.0580309913498034,1607.3000000000025,5.328571428571399,-0.8558310414528475,1746.6000000000138,1.3038727861094705,77.5,77.5,,,,,,,,,,
240m,random_direction,922,70,-3677.8,47.14285714285714,0.565066225165563,6862.100000000006,-52.54,-1.4508522266554462,1746.6000000000138,1.3038727861094705,77.5,77.5,,,,,,,,,,
240m,random_direction,923,70,-224.60000000000207,52.85714285714286,0.9666042168495551,3335.1000000000054,-3.208571428571458,0.3008687859657762,1746.6000000000138,1.3038727861094705,77.5,77.5,,,,,,,,,,
240m,random_direction,924,70,-1858.9999999999905,37.142857142857146,0.7538921838593531,3242.499999999995,-26.557142857142722,1.0851263209328268,1746.6000000000138,1.3038727861094705,77.5,77.5,,,,,,,,,,
240m,random_direction,925,70,-1395.400000000016,51.42857142857142,0.8091577997209969,3794.7000000000053,-19.93428571428594,-1.7366662941143993,1746.6000000000138,1.3038727861094705,77.5,77.5,,,,,,,,,,
240m,random_direction,926,70,-1239.799999999984,48.57142857142857,0.8286622443338885,2754.8999999999983,-17.711428571428343,0.9481651902351881,1746.6000000000138,1.3038727861094705,77.5,77.5,,,,,,,,,,
240m,random_direction,927,70,-2301.20000000001,48.57142857142857,0.703709426139801,3545.7999999999956,-32.874285714285854,-0.3683178388095005,1746.6000000000138,1.3038727861094705,77.5,77.5,,,,,,,,,,
240m,random_direction,928,70,3161.199999999999,61.42857142857143,1.6289067939918422,1848.899999999999,45.15999999999998,-0.36939492796025103,1746.6000000000138,1.3038727861094705,77.5,77.5,,,,,,,,,,
240m,random_direction,929,70,-1568.2000000000062,50.0,0.7880581684506427,3527.4000000000024,-22.402857142857233,-0.9507409108289387,1746.6000000000138,1.3038727861094705,77.5,77.5,,,,,,,,,,
240m,random_direction,930,70,149.60000000001696,52.85714285714286,1.022880565284557,2589.1999999999966,2.1371428571430995,0.1485308047690465,1746.6000000000138,1.3038727861094705,77.5,77.5,,,,,,,,,,
240m,random_direction,931,70,2062.3999999999987,48.57142857142857,1.3692814553528256,1219.7,29.462857142857125,0.6006576644827988,1746.6000000000138,1.3038727861094705,77.5,77.5,,,,,,,,,,
240m,random_direction,932,70,-690.1999999999971,42.857142857142854,0.9009073680583476,2700.2000000000044,-9.859999999999959,-0.08284365939070401,1746.6000000000138,1.3038727861094705,77.5,77.5,,,,,,,,,,
240m,random_direction,933,70,1562.5999999999876,52.85714285714286,1.2679447168970102,1559.1000000000013,22.322857142856964,1.084336855834661,1746.6000000000138,1.3038727861094705,77.5,77.5,,,,,,,,,,
240m,random_direction,934,70,990.0000000000057,47.14285714285714,1.1617092174253942,1919.2000000000041,14.142857142857224,0.1700522013881576,1746.6000000000138,1.3038727861094705,77.5,77.5,,,,,,,,,,
240m,random_direction,935,70,-71.80000000001121,51.42857142857142,0.9892030075187953,2896.1999999999975,-1.025714285714446,-0.922757308929529,1746.6000000000138,1.3038727861094705,77.5,77.5,,,,,,,,,,
240m,random_direction,936,70,675.8000000000111,52.85714285714286,1.1076937786843464,2633.9999999999973,9.654285714285873,-0.47347345362594184,1746.6000000000138,1.3038727861094705,77.5,77.5,,,,,,,,,,
240m,random_direction,937,70,309.6000000000073,50.0,1.0479234710462375,2078.399999999992,4.422857142857247,-0.16274369598673033,1746.6000000000138,1.3038727861094705,77.5,77.5,,,,,,,,,,
240m,random_direction,938,70,5352.200000000008,60.0,2.361190233977622,948.8999999999955,76.46000000000011,1.5701604706429064,1746.6000000000138,1.3038727861094705,77.5,77.5,,,,,,,,,,
240m,random_direction,939,70,381.6000000000105,51.42857142857142,1.0594087151464215,1930.0999999999872,5.451428571428721,1.1693963112315193,1746.6000000000138,1.3038727861094705,77.5,77.5,,,,,,,,,,
240m,random_direction,940,70,2384.599999999985,54.285714285714285,1.4399793350308092,2276.6000000000013,34.06571428571407,1.040221648009882,1746.6000000000138,1.3038727861094705,77.5,77.5,,,,,,,,,,
240m,random_direction,941,70,-3602.199999999997,44.285714285714285,0.5721954347877727,4692.100000000011,-51.45999999999996,-1.026226489796375,1746.6000000000138,1.3038727861094705,77.5,77.5,,,,,,,,,,
240m,random_direction,942,70,2899.6000000000104,57.14285714285714,1.5619053155824298,1331.4999999999995,41.42285714285729,-0.32071333984580347,1746.6000000000138,1.3038727861094705,77.5,77.5,,,,,,,,,,
240m,random_direction,943,70,-706.3999999999894,42.857142857142854,0.8986993245665627,2265.6999999999994,-10.09142857142842,1.2260675158659355,1746.6000000000138,1.3038727861094705,77.5,77.5,,,,,,,,,,
240m,random_direction,944,70,336.9999999999851,54.285714285714285,1.0522999565460278,1837.7000000000025,4.814285714285502,-0.49936849630845437,1746.6000000000138,1.3038727861094705,77.5,77.5,,,,,,,,,,
240m,random_direction,945,70,1422.1999999999996,52.85714285714286,1.2409691629955946,1929.5000000000082,20.31714285714285,0.10833778414556133,1746.6000000000138,1.3038727861094705,77.5,77.5,,,,,,,,,,
240m,random_direction,946,70,-1725.800000000002,45.714285714285715,0.7693089159203315,3779.799999999999,-24.65428571428574,-0.4393906924256773,1746.6000000000138,1.3038727861094705,77.5,77.5,,,,,,,,,,
240m,random_direction,947,70,-6601.20000000001,38.57142857142858,0.3348045587835178,7420.600000000012,-94.30285714285728,-1.5369935923803273,1746.6000000000138,1.3038727861094705,77.5,77.5,,,,,,,,,,
240m,random_direction,948,70,10.999999999997385,44.285714285714285,1.001663239385508,2710.600000000002,0.15714285714281978,1.1719076779021995,1746.6000000000138,1.3038727861094705,77.5,77.5,,,,,,,,,,
240m,random_direction,949,70,-3267.6000000000095,44.285714285714285,0.6040664493693122,3832.600000000005,-46.680000000000135,-1.0408110664874546,1746.6000000000138,1.3038727861094705,77.5,77.5,,,,,,,,,,
240m,random_direction,950,70,-1840.60000000001,50.0,0.7557395758685659,3884.8000000000015,-26.294285714285856,-0.9620862301055146,1746.6000000000138,1.3038727861094705,77.5,77.5,,,,,,,,,,
240m,random_direction,951,70,1114.4000000000192,51.42857142857142,1.1839885089732405,1126.6999999999973,15.920000000000273,1.4766568671923304,1746.6000000000138,1.3038727861094705,77.5,77.5,,,,,,,,,,
240m,random_direction,952,70,1063.4000000000028,51.42857142857142,1.174832303038275,1506.6999999999996,15.191428571428611,-0.5775192990133539,1746.6000000000138,1.3038727861094705,77.5,77.5,,,,,,,,,,
240m,random_direction,953,70,1640.400000000001,48.57142857142857,1.2830276574820134,1624.3000000000047,23.43428571428573,1.0602542228388476,1746.6000000000138,1.3038727861094705,77.5,77.5,,,,,,,,,,
240m,random_direction,954,70,-508.99999999997294,48.57142857142857,0.9259162227461979,2104.199999999995,-7.271428571428185,0.9063470752804987,1746.6000000000138,1.3038727861094705,77.5,77.5,,,,,,,,,,
240m,random_direction,955,70,4460.5999999999785,55.714285714285715,2.0182158509861132,1082.900000000006,63.72285714285684,1.565792104216998,1746.6000000000138,1.3038727861094705,77.5,77.5,,,,,,,,,,
240m,random_direction,956,70,1122.6000000000024,50.0,1.185437246027289,1128.5000000000023,16.037142857142893,-0.633612961476024,1746.6000000000138,1.3038727861094705,77.5,77.5,,,,,,,,,,
240m,random_direction,957,70,3127.199999999978,52.85714285714286,1.6193088424596433,1974.300000000006,44.674285714285396,0.49985533585081837,1746.6000000000138,1.3038727861094705,77.5,77.5,,,,,,,,,,
240m,random_direction,958,70,1608.400000000002,61.42857142857143,1.2771717589481124,1457.500000000001,22.977142857142884,0.846647100118314,1746.6000000000138,1.3038727861094705,77.5,77.5,,,,,,,,,,
240m,random_direction,959,70,228.39999999999543,50.0,1.0351335968865847,1411.7000000000044,3.2628571428570776,-0.09137349688129225,1746.6000000000138,1.3038727861094705,77.5,77.5,,,,,,,,,,
240m,random_direction,960,70,-1690.1999999999975,51.42857142857142,0.773407335907336,3664.099999999992,-24.145714285714252,-1.2010623074802722,1746.6000000000138,1.3038727861094705,77.5,77.5,,,,,,,,,,
240m,random_direction,961,70,-3762.7999999999965,45.714285714285715,0.5572916053885527,4667.1,-53.754285714285665,-0.8977612324734211,1746.6000000000138,1.3038727861094705,77.5,77.5,,,,,,,,,,
240m,random_direction,962,70,533.5999999999918,51.42857142857142,1.0840672411891656,3174.099999999998,7.622857142857026,-0.045894213466321866,1746.6000000000138,1.3038727861094705,77.5,77.5,,,,,,,,,,
240m,random_direction,963,70,-472.19999999999607,51.42857142857142,0.9310677060523784,2902.5000000000064,-6.74571428571423,-0.8849539011771227,1746.6000000000138,1.3038727861094705,77.5,77.5,,,,,,,,,,
240m,random_direction,964,70,-230.79999999999245,45.714285714285715,0.965723620702459,1936.5999999999976,-3.2971428571427492,0.8150989819640105,1746.6000000000138,1.3038727861094705,77.5,77.5,,,,,,,,,,
240m,random_direction,965,70,5.400000000016462,55.714285714285715,1.0008171418195049,2222.999999999999,0.07714285714309231,-0.019310221057788127,1746.6000000000138,1.3038727861094705,77.5,77.5,,,,,,,,,,
240m,random_direction,966,70,2646.9999999999873,48.57142857142857,1.5001322601367917,1001.8000000000079,37.81428571428553,1.587265247299131,1746.6000000000138,1.3038727861094705,77.5,77.5,,,,,,,,,,
240m,random_direction,967,70,-2219.4000000000005,54.285714285714285,0.71257996840115,4043.100000000003,-31.705714285714294,-1.3049796068043393,1746.6000000000138,1.3038727861094705,77.5,77.5,,,,,,,,,,
240m,random_direction,968,70,3491.600000000002,54.285714285714285,1.7175061134743028,1411.500000000006,49.88000000000003,1.2117546401039805,1746.6000000000138,1.3038727861094705,77.5,77.5,,,,,,,,,,
240m,random_direction,969,70,-4715.399999999992,42.857142857142854,0.4747711020517283,5348.4,-67.36285714285704,-1.3971119897183155,1746.6000000000138,1.3038727861094705,77.5,77.5,,,,,,,,,,
240m,random_direction,970,70,822.3999999999721,45.714285714285715,1.1324977041679374,2223.4000000000046,11.748571428571031,1.1551727051654734,1746.6000000000138,1.3038727861094705,77.5,77.5,,,,,,,,,,
240m,random_direction,971,70,1459.000000000011,44.285714285714285,1.2477248030426535,1769.9999999999995,20.842857142857298,1.1461420823024577,1746.6000000000138,1.3038727861094705,77.5,77.5,,,,,,,,,,
240m,random_direction,972,70,-2167.7999999999984,44.285714285714285,0.7185771777229657,3680.3000000000065,-30.968571428571405,-0.6066213387344523,1746.6000000000138,1.3038727861094705,77.5,77.5,,,,,,,,,,
240m,random_direction,973,70,5439.600000000002,61.42857142857143,2.3993260103413694,632.9999999999955,77.70857142857146,1.6115487782479763,1746.6000000000138,1.3038727861094705,77.5,77.5,,,,,,,,,,
240m,random_direction,974,70,2190.200000000006,58.57142857142858,1.3972071091766425,2839.099999999993,31.288571428571515,0.3824434499488604,1746.6000000000138,1.3038727861094705,77.5,77.5,,,,,,,,,,
240m,random_direction,975,70,-1696.6000000000104,44.285714285714285,0.772799100088383,2697.3000000000047,-24.237142857143006,1.0380953504339714,1746.6000000000138,1.3038727861094705,77.5,77.5,,,,,,,,,,
240m,random_direction,976,70,-2016.5999999999924,47.14285714285714,0.735541742072548,2912.599999999998,-28.80857142857132,-0.198162618388446,1746.6000000000138,1.3038727861094705,77.5,77.5,,,,,,,,,,
240m,random_direction,977,70,2040.7999999999972,57.14285714285714,1.3651000948172523,1181.6000000000026,29.154285714285674,0.2818733823456638,1746.6000000000138,1.3038727861094705,77.5,77.5,,,,,,,,,,
240m,random_direction,978,70,-4434.600000000004,40.0,0.4983143652284091,5714.399999999999,-63.35142857142863,-1.4838733776739508,1746.6000000000138,1.3038727861094705,77.5,77.5,,,,,,,,,,
240m,random_direction,979,70,2331.199999999998,60.0,1.4283325677537888,1482.6000000000015,33.302857142857114,-0.23548582861423234,1746.6000000000138,1.3038727861094705,77.5,77.5,,,,,,,,,,
240m,random_direction,980,70,-1657.400000000022,50.0,0.7773449044842663,3246.600000000014,-23.67714285714317,-0.9474591758144271,1746.6000000000138,1.3038727861094705,77.5,77.5,,,,,,,,,,
240m,random_direction,981,70,2439.2000000000016,58.57142857142858,1.4525837276185174,1769.299999999997,34.84571428571431,-0.18764894958781286,1746.6000000000138,1.3038727861094705,77.5,77.5,,,,,,,,,,
240m,random_direction,982,70,-2222.1999999999953,44.285714285714285,0.7125300768414793,2794.9999999999927,-31.745714285714218,-0.34231326548813734,1746.6000000000138,1.3038727861094705,77.5,77.5,,,,,,,,,,
240m,random_direction,983,70,-2739.5999999999885,42.857142857142854,0.6571171103518204,2876.19999999999,-39.13714285714269,-0.5202538930320225,1746.6000000000138,1.3038727861094705,77.5,77.5,,,,,,,,,,
240m,random_direction,984,70,-970.1999999999923,50.0,0.8633559618038938,2670.5000000000055,-13.859999999999891,0.9011300770845133,1746.6000000000138,1.3038727861094705,77.5,77.5,,,,,,,,,,
240m,random_direction,985,70,4249.800000000008,60.0,1.9479389721627427,1665.8999999999983,60.71142857142869,1.4371331109631125,1746.6000000000138,1.3038727861094705,77.5,77.5,,,,,,,,,,
240m,random_direction,986,70,1710.199999999994,50.0,1.2969097222222206,1055.4000000000005,24.431428571428484,1.509212241561007,1746.6000000000138,1.3038727861094705,77.5,77.5,,,,,,,,,,
240m,random_direction,987,70,485.1999999999937,47.14285714285714,1.076115773786178,1908.9999999999993,6.931428571428481,1.1124898436606836,1746.6000000000138,1.3038727861094705,77.5,77.5,,,,,,,,,,
240m,random_direction,988,70,1300.6000000000045,48.57142857142857,1.2180093197894672,2776.8999999999974,18.580000000000062,-0.8602781524508547,1746.6000000000138,1.3038727861094705,77.5,77.5,,,,,,,,,,
240m,random_direction,989,70,3380.8,55.714285714285715,1.6870567195724187,963.7000000000016,48.29714285714286,1.6269744115486517,1746.6000000000138,1.3038727861094705,77.5,77.5,,,,,,,,,,
240m,random_direction,990,70,-1234.599999999998,47.14285714285714,0.829343138339047,1819.3999999999967,-17.63714285714283,0.8642899114159431,1746.6000000000138,1.3038727861094705,77.5,77.5,,,,,,,,,,
240m,random_direction,991,70,960.4000000000119,50.0,1.1565469689807517,2264.5999999999913,13.72000000000017,1.0057958176703454,1746.6000000000138,1.3038727861094705,77.5,77.5,,,,,,,,,,
240m,random_direction,992,70,-3952.7999999999993,35.714285714285715,0.5404522467011569,4039.7999999999997,-56.468571428571416,1.2594769208894796,1746.6000000000138,1.3038727861094705,77.5,77.5,,,,,,,,,,
240m,random_direction,993,70,-6355.200000000019,41.42857142857143,0.35142416851214864,7403.800000000011,-90.7885714285717,-1.374007193029308,1746.6000000000138,1.3038727861094705,77.5,77.5,,,,,,,,,,
240m,random_direction,994,70,-2798.9999999999936,45.714285714285715,0.6508930353222918,3746.99999999999,-39.985714285714195,-0.4419382557550765,1746.6000000000138,1.3038727861094705,77.5,77.5,,,,,,,,,,
240m,random_direction,995,70,4605.399999999994,54.285714285714285,2.068687056202716,1208.800000000001,65.79142857142848,1.2864424760943762,1746.6000000000138,1.3038727861094705,77.5,77.5,,,,,,,,,,
240m,random_direction,996,70,678.4000000000004,52.85714285714286,1.1081305089338371,1776.5000000000064,9.691428571428577,0.48955650892317054,1746.6000000000138,1.3038727861094705,77.5,77.5,,,,,,,,,,
240m,random_direction,997,70,1102.4000000000078,47.14285714285714,1.1817372525099337,1179.199999999989,15.748571428571541,1.4762711366016683,1746.6000000000138,1.3038727861094705,77.5,77.5,,,,,,,,,,
240m,random_direction,998,70,1611.3999999999937,57.14285714285714,1.277616980221899,2040.999999999996,23.01999999999991,-1.1950131953634937,1746.6000000000138,1.3038727861094705,77.5,77.5,,,,,,,,,,
240m,random_direction,999,70,6240.400000000007,61.42857142857143,2.7896699073675784,929.4000000000009,89.14857142857153,1.626243219945194,1746.6000000000138,1.3038727861094705,77.5,77.5,,,,,,,,,,
240m,actual,-1,70,1746.6000000000138,41.42857142857143,1.3038727861094705,2120.199999999997,24.951428571428767,1.8926939032840777,1746.6000000000138,1.3038727861094705,77.5,77.5,258.4275862068969,-140.1902439024389,1.8434063527754585,-47.50000000000176,1117.5000000000002,-409.19999999999936,69.05714285714286,14.911133646456005,28.014250640478206,38.34729931682318
