2020-08-11 04:00	2.85	3.47	2.85	2.92	62103
2020-08-11 08:00	2.96	3.10	2.84	3.05	89817
2020-08-11 12:00	3.05	3.52	2.86	3.19	902880
2020-08-11 16:00	3.18	3.38	3.11	3.19	254055
2020-08-11 20:00	3.19	3.32	2.95	3.30	243550
2020-08-12 00:00	3.30	3.32	3.08	3.28	226282
2020-08-12 04:00	3.28	3.37	3.13	3.37	188450
2020-08-12 08:00	3.36	3.93	3.35	3.68	795200
2020-08-12 12:00	3.67	3.90	3.64	3.77	267544
2020-08-12 16:00	3.77	3.84	3.60	3.68	173516
2020-08-12 20:00	3.68	3.82	3.67	3.76	86075
2020-08-13 00:00	3.75	3.85	3.55	3.76	186207
2020-08-13 04:00	3.74	4.14	3.62	4.08	335031
2020-08-13 08:00	4.09	4.12	3.50	3.87	548097
2020-08-13 12:00	3.87	4.06	3.80	3.81	257005
2020-08-13 16:00	3.81	3.96	3.77	3.86	144101
2020-08-13 20:00	3.85	3.87	3.54	3.73	215341
2020-08-14 00:00	3.72	3.77	3.57	3.63	185074
2020-08-14 04:00	3.63	3.75	3.50	3.55	221776
2020-08-14 08:00	3.53	3.76	3.43	3.72	378171
2020-08-14 12:00	3.70	3.71	3.51	3.58	209471
2020-08-14 16:00	3.58	3.59	3.32	3.38	337265
2020-08-14 20:00	3.38	3.49	3.33	3.41	142431
2020-08-15 00:00	3.42	3.42	3.19	3.33	194427
2020-08-15 04:00	3.33	3.57	3.16	3.52	325204
2020-08-15 08:00	3.52	3.74	3.45	3.45	263257
2020-08-15 12:00	3.45	3.49	3.38	3.43	97814
2020-08-15 16:00	3.45	3.47	3.34	3.37	71247
2020-08-15 20:00	3.37	3.47	3.15	3.17	118310
2020-08-16 00:00	3.17	3.26	3.12	3.20	169712
2020-08-16 04:00	3.19	3.49	3.17	3.44	195494
2020-08-16 08:00	3.44	3.47	3.34	3.42	112904
2020-08-16 12:00	3.42	3.44	3.34	3.39	89747
2020-08-16 16:00	3.39	3.47	3.38	3.41	65728
2020-08-16 20:00	3.41	3.44	3.36	3.39	34545
2020-08-17 00:00	3.39	3.40	3.32	3.35	87479
2020-08-17 04:00	3.36	3.37	3.20	3.20	173485
2020-08-17 08:00	3.20	3.32	3.20	3.29	100406
2020-08-17 12:00	3.29	3.29	3.10	3.13	174293
2020-08-17 16:00	3.13	3.22	3.11	3.15	135878
2020-08-17 20:00	3.15	3.20	3.10	3.11	57894
2020-08-18 00:00	3.11	3.13	3.00	3.03	243091
2020-08-18 04:00	3.02	3.07	2.88	2.99	217271
2020-08-18 08:00	2.99	3.25	2.91	3.07	309124
2020-08-18 12:00	3.05	3.71	2.81	3.36	1374232
2020-08-18 16:00	3.38	3.58	3.26	3.53	417954
2020-08-18 20:00	3.53	3.55	3.32	3.34	151464
2020-08-19 00:00	3.33	3.49	3.08	3.11	290129
2020-08-19 04:00	3.10	3.14	2.80	3.04	428624
2020-08-19 08:00	3.04	3.18	3.00	3.01	165074
2020-08-19 12:00	3.01	3.13	2.98	3.01	197301
2020-08-19 16:00	3.00	3.03	2.90	2.94	180553
2020-08-19 20:00	2.94	2.97	2.82	2.89	171587
2020-08-20 00:00	2.90	3.05	2.89	2.93	113588
2020-08-20 04:00	2.93	3.05	2.92	3.00	112599
2020-08-20 08:00	3.00	3.19	2.99	3.15	231286
2020-08-20 12:00	3.15	3.35	3.11	3.33	225165
2020-08-20 16:00	3.34	3.45	3.18	3.33	369629
2020-08-20 20:00	3.33	3.41	3.15	3.20	225583
2020-08-21 00:00	3.20	3.24	3.11	3.16	211505
2020-08-21 04:00	3.16	3.22	3.00	3.07	247320
2020-08-21 08:00	3.06	3.14	3.02	3.09	188315
2020-08-21 12:00	3.09	3.16	2.97	3.01	236810
2020-08-21 16:00	3.01	3.08	2.99	3.05	81406
2020-08-21 20:00	3.05	3.11	2.89	2.93	166565
2020-08-22 00:00	2.92	2.94	2.80	2.81	226781
2020-08-22 04:00	2.82	2.85	2.74	2.81	259931
2020-08-22 08:00	2.80	2.87	2.79	2.86	108206
2020-08-22 12:00	2.86	3.16	2.86	3.06	391068
2020-08-22 16:00	3.06	3.20	3.04	3.05	110843
2020-08-22 20:00	3.05	3.07	2.98	3.01	72613
2020-08-23 00:00	3.02	3.29	3.00	3.11	226044
2020-08-23 04:00	3.11	3.21	3.05	3.07	160096
2020-08-23 08:00	3.07	3.08	3.03	3.03	94828
2020-08-23 12:00	3.03	3.13	3.01	3.13	102546
2020-08-23 16:00	3.13	3.40	3.11	3.39	433325
2020-08-23 20:00	3.40	3.40	3.19	3.25	181220
2020-08-24 00:00	3.27	3.37	3.21	3.29	90711
2020-08-24 04:00	3.29	3.48	3.26	3.45	215272
2020-08-24 08:00	3.45	3.62	3.33	3.46	441030
2020-08-24 12:00	3.47	3.57	3.39	3.47	176649
2020-08-24 16:00	3.47	3.54	3.25	3.28	250667
2020-08-24 20:00	3.28	3.36	3.21	3.34	140892
2020-08-25 00:00	3.34	3.37	3.14	3.15	227527
2020-08-25 04:00	3.15	3.23	3.06	3.15	167031
2020-08-25 08:00	3.15	3.24	3.07	3.18	144224
2020-08-25 12:00	3.18	3.23	3.00	3.11	275569
2020-08-25 16:00	3.11	3.25	3.04	3.12	251987
2020-08-25 20:00	3.12	3.29	3.10	3.25	82867
2020-08-26 00:00	3.26	3.41	3.18	3.38	188404
2020-08-26 04:00	3.37	3.58	3.28	3.44	573866
2020-08-26 08:00	3.44	3.61	3.33	3.61	342815
2020-08-26 12:00	3.61	3.69	3.41	3.66	559032
2020-08-26 16:00	3.65	3.80	3.59	3.63	417280
2020-08-26 20:00	3.63	3.68	3.50	3.57	208654
2020-08-27 00:00	3.56	3.64	3.48	3.50	228858
2020-08-27 04:00	3.49	3.80	3.39	3.70	436104
2020-08-27 08:00	3.70	3.86	3.30	3.41	669973
2020-08-27 12:00	3.41	3.80	3.32	3.46	718311
2020-08-27 16:00	3.46	3.53	3.24	3.37	254111
2020-08-27 20:00	3.37	3.46	3.32	3.45	105640
2020-08-28 00:00	3.45	3.80	3.45	3.76	344395
2020-08-28 04:00	3.76	3.81	3.60	3.67	381788
2020-08-28 08:00	3.67	3.95	3.65	3.95	361077
2020-08-28 12:00	3.94	3.97	3.81	3.88	321881
2020-08-28 16:00	3.88	4.30	3.82	4.19	654082
2020-08-28 20:00	4.19	4.31	3.90	4.01	518740
2020-08-29 00:00	4.01	4.11	3.88	3.94	228464
2020-08-29 04:00	3.94	3.97	3.79	3.79	293297
2020-08-29 08:00	3.79	4.01	3.77	3.90	208604
2020-08-29 12:00	3.90	4.07	3.87	4.05	242651
2020-08-29 16:00	4.04	4.11	3.87	3.97	248150
2020-08-29 20:00	3.97	4.08	3.94	3.95	121702
2020-08-30 00:00	3.95	4.03	3.90	4.02	176290
2020-08-30 04:00	4.01	4.36	3.99	4.31	384194
2020-08-30 08:00	4.31	4.58	4.28	4.56	474722
2020-08-30 12:00	4.55	4.71	4.36	4.43	436083
2020-08-30 16:00	4.42	4.63	4.40	4.53	166784
2020-08-30 20:00	4.54	4.60	4.35	4.43	177634
2020-08-31 00:00	4.41	4.55	4.28	4.34	194847
2020-08-31 04:00	4.33	4.35	4.10	4.11	225579
2020-08-31 08:00	4.11	4.29	4.10	4.28	162412
2020-08-31 12:00	4.27	4.50	4.14	4.36	229328
2020-08-31 16:00	4.36	4.80	4.28	4.80	288071
2020-08-31 20:00	4.79	4.89	4.54	4.74	396914
2020-09-01 00:00	4.74	4.79	4.50	4.76	320893
2020-09-01 04:00	4.75	4.95	4.57	4.69	340472
2020-09-01 08:00	4.69	4.75	4.51	4.52	158655
2020-09-01 12:00	4.51	4.60	4.44	4.46	161716
2020-09-01 16:00	4.46	4.62	4.43	4.60	164801
2020-09-01 20:00	4.60	4.63	4.30	4.34	121056
2020-09-02 00:00	4.32	4.35	4.19	4.35	227465
2020-09-02 04:00	4.33	4.35	4.21	4.24	181949
2020-09-02 08:00	4.24	4.26	3.66	4.07	859422
2020-09-02 12:00	4.09	4.15	3.86	4.08	419306
2020-09-02 16:00	4.08	4.17	3.86	4.08	208409
2020-09-02 20:00	4.08	4.20	3.99	4.17	105532
2020-09-03 00:00	4.17	4.18	3.88	3.90	205069
2020-09-03 04:00	3.90	4.38	3.87	4.38	459906
2020-09-03 08:00	4.37	4.46	4.00	4.12	696137
2020-09-03 12:00	4.11	4.13	3.50	3.80	1250646
2020-09-03 16:00	3.80	4.04	3.74	3.85	359185
2020-09-03 20:00	3.85	4.00	3.48	3.51	304695
2020-09-04 00:00	3.51	3.83	3.49	3.62	531863
2020-09-04 04:00	3.62	3.82	3.47	3.53	420227
2020-09-04 08:00	3.53	3.80	3.53	3.57	228573
2020-09-04 12:00	3.57	3.66	3.17	3.34	570908
2020-09-04 16:00	3.34	3.54	3.25	3.52	198184
2020-09-04 20:00	3.54	3.70	3.52	3.53	102468
2020-09-05 00:00	3.53	3.66	3.53	3.55	154005
2020-09-05 04:00	3.55	3.60	3.35	3.39	170891
2020-09-05 08:00	3.39	3.39	2.09	2.48	2038595
2020-09-05 12:00	2.48	2.83	2.38	2.65	1123929
2020-09-05 16:00	2.66	2.79	2.25	2.35	734931
2020-09-05 20:00	2.34	2.66	2.33	2.61	203938
2020-09-06 00:00	2.61	2.80	2.26	2.30	543992
2020-09-06 04:00	2.31	2.79	2.27	2.79	592761
2020-09-06 08:00	2.78	2.95	2.63	2.95	759052
2020-09-06 12:00	2.95	3.14	2.77	2.89	605760
2020-09-06 16:00	2.89	3.07	2.85	2.96	226752
2020-09-06 20:00	2.96	3.18	2.94	3.09	170464
2020-09-07 00:00	3.08	3.20	2.87	2.92	280116
2020-09-07 04:00	2.93	2.96	2.78	2.81	319962
2020-09-07 08:00	2.80	2.89	2.50	2.53	561328
2020-09-07 12:00	2.54	2.75	2.38	2.70	987814
2020-09-07 16:00	2.70	2.81	2.60	2.70	345984
2020-09-07 20:00	2.71	2.94	2.65	2.92	184902
2020-09-08 00:00	2.92	2.95	2.74	2.76	195233
2020-09-08 04:00	2.76	2.77	2.59	2.66	291975
2020-09-08 08:00	2.66	2.70	2.45	2.48	290462
2020-09-08 12:00	2.46	2.58	2.41	2.51	401652
2020-09-08 16:00	2.51	2.57	2.40	2.45	223083
2020-09-08 20:00	2.45	2.52	2.40	2.47	224011
2020-09-09 00:00	2.47	2.50	2.38	2.41	211647
2020-09-09 04:00	2.41	2.59	2.39	2.57	173279
2020-09-09 08:00	2.57	2.78	2.54	2.70	466081
2020-09-09 12:00	2.71	3.88	2.62	3.46	3630315
2020-09-09 16:00	3.46	3.60	3.19	3.44	1475267
2020-09-09 20:00	3.44	3.65	3.34	3.60	734555
2020-09-10 00:00	3.61	3.70	3.43	3.55	660836
2020-09-10 04:00	3.55	3.88	3.34	3.40	1240900
2020-09-10 08:00	3.40	3.60	3.30	3.55	698025
2020-09-10 12:00	3.54	3.85	3.45	3.54	1151332
2020-09-10 16:00	3.54	3.57	3.35	3.40	421448
2020-09-10 20:00	3.40	3.50	3.36	3.48	184373
2020-09-11 00:00	3.47	3.50	3.03	3.09	606540
2020-09-11 04:00	3.08	3.26	3.04	3.18	496346
2020-09-11 08:00	3.18	3.29	3.11	3.12	325280
2020-09-11 12:00	3.11	3.34	3.11	3.26	341248
2020-09-11 16:00	3.26	3.42	3.24	3.31	332205
2020-09-11 20:00	3.32	3.45	3.30	3.40	126040
2020-09-12 00:00	3.40	3.41	3.31	3.33	147985
2020-09-12 04:00	3.33	3.34	3.19	3.24	191468
2020-09-12 08:00	3.25	3.34	3.15	3.32	253066
2020-09-12 12:00	3.32	3.32	3.19	3.27	196915
2020-09-12 16:00	3.28	3.46	3.27	3.46	223012
2020-09-12 20:00	3.46	3.47	3.31	3.33	149120
2020-09-13 00:00	3.34	3.34	3.25	3.30	194163
2020-09-13 04:00	3.29	3.35	3.24	3.31	374767
2020-09-13 08:00	3.31	3.47	3.15	3.17	680008
2020-09-13 12:00	3.16	3.19	3.02	3.08	440943
2020-09-13 16:00	3.08	3.20	2.98	3.16	243042
2020-09-13 20:00	3.16	3.27	3.13	3.26	91879
2020-09-14 00:00	3.27	3.27	3.08	3.15	208914
2020-09-14 04:00	3.15	3.41	3.09	3.37	693258
2020-09-14 08:00	3.37	3.54	3.22	3.38	1119106
2020-09-14 12:00	3.38	3.49	3.31	3.38	597906
2020-09-14 16:00	3.38	3.42	3.25	3.30	473085
2020-09-14 20:00	3.30	3.35	3.24	3.26	259405
2020-09-15 00:00	3.26	3.32	3.24	3.25	237678
2020-09-15 04:00	3.25	3.28	3.15	3.19	230798
2020-09-15 08:00	3.18	3.25	3.13	3.24	264478
2020-09-15 12:00	3.24	3.30	2.99	3.08	444322
2020-09-15 16:00	3.08	3.13	3.02	3.04	198126
2020-09-15 20:00	3.04	3.13	2.90	2.93	323015
2020-09-16 00:00	2.93	2.93	2.50	2.69	1179682
2020-09-16 04:00	2.69	2.76	2.62	2.74	672862
2020-09-16 08:00	2.74	2.75	2.53	2.59	684856
2020-09-16 12:00	2.58	2.62	2.43	2.54	1119599
2020-09-16 16:00	2.54	2.67	2.48	2.53	535483
2020-09-16 20:00	2.53	2.58	2.50	2.53	694310
2020-09-17 00:00	2.54	2.70	2.46	2.48	953978
2020-09-17 04:00	2.48	2.60	2.47	2.53	524158
2020-09-17 08:00	2.53	2.58	2.36	2.54	986947
2020-09-17 12:00	2.54	2.69	2.51	2.61	922749
2020-09-17 16:00	2.61	2.78	2.60	2.77	531329
2020-09-17 20:00	2.77	2.94	2.72	2.88	716608
2020-09-18 00:00	2.88	2.96	2.73	2.88	629543
2020-09-18 04:00	2.88	3.00	2.80	2.96	552050
2020-09-18 08:00	2.95	3.16	2.91	3.06	759985
2020-09-18 12:00	3.07	3.15	2.81	2.90	1114582
2020-09-18 16:00	2.91	3.15	2.80	3.14	766293
2020-09-18 20:00	3.13	3.16	3.03	3.11	347019
2020-09-19 00:00	3.11	3.25	3.06	3.12	331328
2020-09-19 04:00	3.12	3.17	3.07	3.08	208063
2020-09-19 08:00	3.08	3.15	2.96	3.05	316483
2020-09-19 12:00	3.05	3.19	2.99	3.01	333802
2020-09-19 16:00	3.02	3.16	3.00	3.01	266790
2020-09-19 20:00	3.01	3.09	2.97	3.03	129778
2020-09-20 00:00	3.02	3.03	2.86	2.92	405306
2020-09-20 04:00	2.91	2.98	2.89	2.96	159806
2020-09-20 08:00	2.96	3.00	2.91	2.96	149496
2020-09-20 12:00	2.97	2.98	2.80	2.81	304765
2020-09-20 16:00	2.81	2.85	2.70	2.79	290822
2020-09-20 20:00	2.79	2.90	2.71	2.86	146457
2020-09-21 00:00	2.86	3.04	2.83	2.99	234770
2020-09-21 04:00	3.00	3.04	2.72	2.73	437643
2020-09-21 08:00	2.73	2.76	2.47	2.62	1328435
2020-09-21 12:00	2.61	2.74	2.50	2.68	947103
2020-09-21 16:00	2.68	2.85	2.66	2.83	292213
2020-09-21 20:00	2.83	2.89	2.75	2.77	327736
2020-09-22 00:00	2.76	2.97	2.72	2.89	464521
2020-09-22 04:00	2.90	2.98	2.65	2.67	683762
2020-09-22 08:00	2.67	2.89	2.67	2.82	650157
2020-09-22 12:00	2.81	3.01	2.79	2.90	885584
2020-09-22 16:00	2.89	3.00	2.89	2.95	442835
2020-09-22 20:00	2.95	2.99	2.87	2.91	289951
2020-09-23 00:00	2.92	3.09	2.83	2.84	712523
2020-09-23 04:00	2.84	2.92	2.74	2.77	512897
2020-09-23 08:00	2.78	2.95	2.73	2.93	334137
2020-09-23 12:00	2.93	3.00	2.86	2.91	421593
2020-09-23 16:00	2.91	3.00	2.77	2.79	427874
2020-09-23 20:00	2.79	2.86	2.70	2.85	353150
2020-09-24 00:00	2.86	2.98	2.78	2.96	388276
2020-09-24 04:00	2.96	3.04	2.88	3.04	470679
2020-09-24 08:00	3.04	3.04	2.93	3.01	476558
2020-09-24 12:00	3.01	3.03	2.89	3.03	338128
2020-09-24 16:00	3.03	3.25	3.02	3.16	671029
2020-09-24 20:00	3.17	3.26	3.05	3.14	639055
2020-09-25 00:00	3.14	3.18	3.00	3.01	541390
2020-09-25 04:00	3.01	3.05	2.93	3.01	315366
2020-09-25 08:00	3.00	3.05	2.90	3.03	545204
2020-09-25 12:00	3.03	3.15	2.98	3.13	506083
2020-09-25 16:00	3.13	3.24	3.12	3.22	226914
2020-09-25 20:00	3.22	3.28	3.18	3.19	312912
2020-09-26 00:00	3.19	3.22	3.07	3.12	385230
2020-09-26 04:00	3.12	3.25	3.10	3.13	269409
2020-09-26 08:00	3.13	3.16	3.08	3.15	147597
2020-09-26 12:00	3.14	3.16	3.03	3.14	209452
2020-09-26 16:00	3.13	3.15	3.03	3.06	239735
2020-09-26 20:00	3.06	3.15	3.05	3.13	105619
2020-09-27 00:00	3.13	3.18	3.12	3.14	116668
2020-09-27 04:00	3.14	3.15	3.03	3.07	208053
2020-09-27 08:00	3.06	3.07	2.98	3.06	171077
2020-09-27 12:00	3.06	3.14	3.04	3.14	140551
2020-09-27 16:00	3.14	3.15	3.10	3.12	166588
2020-09-27 20:00	3.12	3.19	3.09	3.16	180902
2020-09-28 00:00	3.16	3.21	3.09	3.11	258470
2020-09-28 04:00	3.10	3.13	3.02	3.06	232654
2020-09-28 08:00	3.06	3.09	3.03	3.04	167518
2020-09-28 12:00	3.04	3.08	3.02	3.07	197786
2020-09-28 16:00	3.07	3.08	2.99	3.01	176125
2020-09-28 20:00	3.01	3.02	2.91	2.96	273607
2020-09-29 00:00	2.95	3.03	2.91	2.94	145401
2020-09-29 04:00	2.94	3.01	2.92	2.99	129249
2020-09-29 08:00	2.99	3.00	2.94	2.99	120414
2020-09-29 12:00	2.99	3.02	2.94	2.98	107203
2020-09-29 16:00	2.98	2.98	2.87	2.89	310431
2020-09-29 20:00	2.89	2.97	2.89	2.95	138199
2020-09-30 00:00	2.94	2.97	2.89	2.95	188759
2020-09-30 04:00	2.95	2.98	2.91	2.92	102434
2020-09-30 08:00	2.92	2.92	2.84	2.85	161362
2020-09-30 12:00	2.85	2.90	2.82	2.89	147549
2020-09-30 16:00	2.89	2.91	2.83	2.85	66029
2020-09-30 20:00	2.84	2.90	2.84	2.90	56646
2020-10-01 00:00	2.90	2.95	2.89	2.92	134385
2020-10-01 04:00	2.92	2.99	2.92	2.97	102351
2020-10-01 08:00	2.97	2.99	2.94	2.95	150477
2020-10-01 12:00	2.96	2.96	2.85	2.85	237373
2020-10-01 16:00	2.85	2.85	2.65	2.76	645698
2020-10-01 20:00	2.76	2.87	2.74	2.87	102801
2020-10-02 00:00	2.87	2.89	2.81	2.87	195951
2020-10-02 04:00	2.87	2.88	2.63	2.67	755370
2020-10-02 08:00	2.66	2.67	2.42	2.47	965319
2020-10-02 12:00	2.47	2.66	2.45	2.61	510629
2020-10-02 16:00	2.61	2.67	2.58	2.61	185752
2020-10-02 20:00	2.61	2.65	2.55	2.62	175498
2020-10-03 00:00	2.62	2.65	2.60	2.63	109859
2020-10-03 04:00	2.63	2.65	2.61	2.64	73019
2020-10-03 08:00	2.63	2.67	2.61	2.66	130791
2020-10-03 12:00	2.67	2.67	2.63	2.64	76553
2020-10-03 16:00	2.63	2.66	2.63	2.66	44125
2020-10-03 20:00	2.65	2.66	2.54	2.54	112701
2020-10-04 00:00	2.54	2.55	2.45	2.50	156622
2020-10-04 04:00	2.50	2.56	2.50	2.55	64394
2020-10-04 08:00	2.55	2.59	2.51	2.54	122788
2020-10-04 12:00	2.53	2.54	2.46	2.46	97387
2020-10-04 16:00	2.46	2.49	2.42	2.48	239471
2020-10-04 20:00	2.48	2.53	2.47	2.52	84759
2020-10-05 00:00	2.52	2.57	2.51	2.52	171213
2020-10-05 04:00	2.52	2.53	2.46	2.49	109072
2020-10-05 08:00	2.49	2.54	2.47	2.53	136822
2020-10-05 12:00	2.52	2.63	2.52	2.61	193904
2020-10-05 16:00	2.62	2.67	2.60	2.62	218126
2020-10-05 20:00	2.62	2.68	2.61	2.65	83476
2020-10-06 00:00	2.65	2.66	2.59	2.59	91825
2020-10-06 04:00	2.59	2.60	2.52	2.53	115917
2020-10-06 08:00	2.53	2.56	2.37	2.40	394841
2020-10-06 12:00	2.39	2.50	2.34	2.44	347508
2020-10-06 16:00	2.43	2.44	2.26	2.27	335617
2020-10-06 20:00	2.26	2.28	2.13	2.17	498340
2020-10-07 00:00	2.17	2.22	2.08	2.18	558283
2020-10-07 04:00	2.19	2.31	2.16	2.26	361862
2020-10-07 08:00	2.26	2.26	2.17	2.21	262477
2020-10-07 12:00	2.21	2.29	2.21	2.26	186737
2020-10-07 16:00	2.26	2.41	2.21	2.33	580924
2020-10-07 20:00	2.33	2.34	2.25	2.30	137694
2020-10-08 00:00	2.30	2.31	2.22	2.25	161532
2020-10-08 04:00	2.24	2.24	2.01	2.08	748016
2020-10-08 08:00	2.08	2.21	2.06	2.17	464875
2020-10-08 12:00	2.17	2.43	2.15	2.43	867769
2020-10-08 16:00	2.42	2.46	2.29	2.32	372784
2020-10-08 20:00	2.33	2.39	2.31	2.36	144240
2020-10-09 00:00	2.37	2.43	2.30	2.38	237250
2020-10-09 04:00	2.38	2.41	2.32	2.41	358551
2020-10-09 08:00	2.40	2.63	2.39	2.54	594957
2020-10-09 12:00	2.55	2.63	2.53	2.59	336736
2020-10-09 16:00	2.59	2.61	2.47	2.49	231802
2020-10-09 20:00	2.48	2.58	2.48	2.53	119255
2020-10-10 00:00	2.53	2.61	2.52	2.57	250931
2020-10-10 04:00	2.57	2.58	2.47	2.53	271559
2020-10-10 08:00	2.53	2.58	2.48	2.50	226472
2020-10-10 12:00	2.50	2.55	2.47	2.50	169438
2020-10-10 16:00	2.50	2.51	2.43	2.45	208333
2020-10-10 20:00	2.44	2.47	2.39	2.40	152231
2020-10-11 00:00	2.40	2.42	2.34	2.35	198772
2020-10-11 04:00	2.35	2.40	2.34	2.39	173499
2020-10-11 08:00	2.39	2.46	2.37	2.46	180756
2020-10-11 12:00	2.45	2.46	2.38	2.42	167808
2020-10-11 16:00	2.42	2.45	2.38	2.42	132720
2020-10-11 20:00	2.42	2.43	2.39	2.42	45233
2020-10-12 00:00	2.42	2.50	2.41	2.49	86664
2020-10-12 04:00	2.49	2.60	2.47	2.57	484675
2020-10-12 08:00	2.58	2.59	2.43	2.47	325029
2020-10-12 12:00	2.47	2.57	2.47	2.54	236592
2020-10-12 16:00	2.54	2.66	2.54	2.63	501065
2020-10-12 20:00	2.62	2.70	2.56	2.58	521385
2020-10-13 00:00	2.58	2.59	2.44	2.47	425606
2020-10-13 04:00	2.47	2.55	2.45	2.49	323003
2020-10-13 08:00	2.49	2.54	2.45	2.51	170067
2020-10-13 12:00	2.51	2.56	2.40	2.43	352779
2020-10-13 16:00	2.43	2.44	2.34	2.36	471857
2020-10-13 20:00	2.36	2.44	2.35	2.41	207742
2020-10-14 00:00	2.41	2.44	2.38	2.38	175099
2020-10-14 04:00	2.38	2.41	2.35	2.38	154864
2020-10-14 08:00	2.38	2.40	2.34	2.35	154084
2020-10-14 12:00	2.34	2.40	2.25	2.27	320064
2020-10-14 16:00	2.26	2.28	2.23	2.26	195898
2020-10-14 20:00	2.26	2.32	2.25	2.31	125403
2020-10-15 00:00	2.31	2.31	2.23	2.26	155111
2020-10-15 04:00	2.26	2.35	2.23	2.32	133286
2020-10-15 08:00	2.33	2.33	2.19	2.24	218339
2020-10-15 12:00	2.25	2.30	2.23	2.29	107370
2020-10-15 16:00	2.29	2.31	2.25	2.30	79442
2020-10-15 20:00	2.30	2.31	2.26	2.27	61385
2020-10-16 00:00	2.26	2.27	2.21	2.22	106623
2020-10-16 04:00	2.22	2.22	2.11	2.13	361492
2020-10-16 08:00	2.13	2.19	2.13	2.17	211088
2020-10-16 12:00	2.17	2.20	2.15	2.20	156187
2020-10-16 16:00	2.20	2.25	2.14	2.16	582579
2020-10-16 20:00	2.15	2.21	2.13	2.14	128706
2020-10-17 00:00	2.14	2.21	2.11	2.20	115617
2020-10-17 04:00	2.21	2.25	2.20	2.22	114525
2020-10-17 08:00	2.22	2.25	2.20	2.21	76978
2020-10-17 12:00	2.21	2.23	2.16	2.17	116369
2020-10-17 16:00	2.17	2.19	2.16	2.18	30784
2020-10-17 20:00	2.18	2.21	2.17	2.21	27999
2020-10-18 00:00	2.20	2.23	2.19	2.21	37424
2020-10-18 04:00	2.21	2.24	2.21	2.24	31837
2020-10-18 08:00	2.24	2.25	2.19	2.20	63943
2020-10-18 12:00	2.20	2.24	2.20	2.23	89824
2020-10-18 16:00	2.24	2.26	2.22	2.23	74479
2020-10-18 20:00	2.23	2.24	2.18	2.22	181440
2020-10-19 00:00	2.21	2.21	2.11	2.11	99777
2020-10-19 04:00	2.11	2.12	2.08	2.11	187599
2020-10-19 08:00	2.11	2.11	2.05	2.06	211670
2020-10-19 12:00	2.06	2.11	2.06	2.10	207328
2020-10-19 16:00	2.11	2.11	2.07	2.09	121001
2020-10-19 20:00	2.10	2.11	2.05	2.06	81867
2020-10-20 00:00	2.06	2.11	2.03	2.06	209555
2020-10-20 04:00	2.06	2.06	1.96	1.98	226439
2020-10-20 08:00	1.98	1.98	1.84	1.85	561686
2020-10-20 12:00	1.85	1.97	1.85	1.90	491840
2020-10-20 16:00	1.90	1.93	1.87	1.89	212926
2020-10-20 20:00	1.89	1.94	1.88	1.89	230743
2020-10-21 00:00	1.89	1.98	1.88	1.98	157675
2020-10-21 04:00	1.98	2.00	1.92	1.93	153508
2020-10-21 08:00	1.93	1.94	1.91	1.92	72605
2020-10-21 12:00	1.92	2.11	1.89	1.99	988816
2020-10-21 16:00	1.99	2.00	1.88	1.91	869144
2020-10-21 20:00	1.91	1.95	1.84	1.89	981000
2020-10-22 00:00	1.89	1.95	1.85	1.94	528062
2020-10-22 04:00	1.94	1.99	1.94	1.98	140643
2020-10-22 08:00	1.98	2.07	1.98	2.07	308954
2020-10-22 12:00	2.07	2.09	2.02	2.05	282469
2020-10-22 16:00	2.05	2.07	2.01	2.01	228868
2020-10-22 20:00	2.01	2.03	1.94	1.96	135804
2020-10-23 00:00	1.96	1.97	1.91	1.95	146407
2020-10-23 04:00	1.95	1.99	1.92	1.92	235950
2020-10-23 08:00	1.93	1.97	1.92	1.95	88316
2020-10-23 12:00	1.95	1.99	1.92	1.92	292516
2020-10-23 16:00	1.93	1.93	1.85	1.93	673079
2020-10-23 20:00	1.93	1.97	1.93	1.96	123746
2020-10-24 00:00	1.97	1.97	1.91	1.93	146210
2020-10-24 04:00	1.94	1.96	1.91	1.91	104052
2020-10-24 08:00	1.91	1.93	1.90	1.93	85262
2020-10-24 12:00	1.93	1.96	1.91	1.93	181199
2020-10-24 16:00	1.93	1.97	1.91	1.94	118961
2020-10-24 20:00	1.94	1.94	1.88	1.91	112434
2020-10-25 00:00	1.92	1.92	1.80	1.92	314819
2020-10-25 04:00	1.91	1.92	1.85	1.88	273523
2020-10-25 08:00	1.88	1.89	1.87	1.88	101132
2020-10-25 12:00	1.87	1.90	1.83	1.84	155326
2020-10-25 16:00	1.84	1.87	1.82	1.83	154149
2020-10-25 20:00	1.83	1.84	1.76	1.79	366943
2020-10-26 00:00	1.79	1.83	1.78	1.83	172288
2020-10-26 04:00	1.83	1.85	1.82	1.84	134121
2020-10-26 08:00	1.84	1.85	1.81	1.84	140010
2020-10-26 12:00	1.84	1.87	1.77	1.78	355964
2020-10-26 16:00	1.78	1.79	1.61	1.66	1022171
2020-10-26 20:00	1.66	1.70	1.65	1.68	197343
2020-10-27 00:00	1.68	1.72	1.66	1.67	212898
2020-10-27 04:00	1.67	1.70	1.65	1.66	338405
2020-10-27 08:00	1.65	1.70	1.59	1.68	959938
2020-10-27 12:00	1.69	1.75	1.68	1.73	569802
2020-10-27 16:00	1.73	1.75	1.68	1.70	328835
2020-10-27 20:00	1.69	1.72	1.67	1.71	181239
2020-10-28 00:00	1.71	1.73	1.56	1.58	636502
2020-10-28 04:00	1.57	1.59	1.52	1.55	435763
2020-10-28 08:00	1.55	1.60	1.45	1.56	1125330
2020-10-28 12:00	1.55	1.63	1.53	1.55	382998
2020-10-28 16:00	1.55	1.55	1.49	1.50	228959
2020-10-28 20:00	1.50	1.57	1.47	1.52	545092
2020-10-29 00:00	1.52	1.57	1.52	1.57	128645
2020-10-29 04:00	1.57	1.58	1.52	1.53	146699
2020-10-29 08:00	1.52	1.54	1.50	1.50	151353
2020-10-29 12:00	1.50	1.53	1.45	1.49	282425
2020-10-29 16:00	1.49	1.49	1.47	1.47	187696
2020-10-29 20:00	1.47	1.49	1.41	1.43	336834
2020-10-30 00:00	1.43	1.46	1.39	1.40	295670
2020-10-30 04:00	1.40	1.42	1.32	1.37	310745
2020-10-30 08:00	1.38	1.40	1.34	1.38	252651
2020-10-30 12:00	1.38	1.45	1.38	1.45	243623
2020-10-30 16:00	1.45	1.47	1.43	1.46	160376
2020-10-30 20:00	1.46	1.47	1.44	1.44	138588
2020-10-31 00:00	1.44	1.49	1.43	1.49	121827
2020-10-31 04:00	1.49	1.52	1.47	1.51	170001
2020-10-31 08:00	1.51	1.52	1.46	1.48	163916
2020-10-31 12:00	1.48	1.52	1.47	1.52	154109
2020-10-31 16:00	1.52	1.53	1.49	1.52	113124
2020-10-31 20:00	1.52	1.56	1.52	1.55	129039
2020-11-01 00:00	1.55	1.58	1.53	1.54	212798
2020-11-01 04:00	1.54	1.55	1.52	1.55	77008
2020-11-01 08:00	1.55	1.56	1.51	1.54	140870
2020-11-01 12:00	1.54	1.58	1.53	1.57	79764
2020-11-01 16:00	1.57	1.63	1.57	1.60	267004
2020-11-01 20:00	1.60	1.65	1.59	1.61	183239
2020-11-02 00:00	1.61	1.64	1.58	1.59	157929
2020-11-02 04:00	1.59	1.60	1.58	1.60	60269
2020-11-02 08:00	1.60	1.60	1.48	1.48	355847
2020-11-02 12:00	1.49	1.50	1.46	1.49	171881
2020-11-02 16:00	1.49	1.49	1.47	1.48	51191
2020-11-02 20:00	1.48	1.49	1.47	1.47	70645
2020-11-03 00:00	1.47	1.48	1.43	1.44	173565
2020-11-03 04:00	1.44	1.45	1.42	1.45	169321
2020-11-03 08:00	1.45	1.47	1.43	1.45	140988
2020-11-03 12:00	1.45	1.47	1.42	1.44	158123
2020-11-03 16:00	1.44	1.44	1.42	1.44	132152
2020-11-03 20:00	1.44	1.44	1.41	1.41	209040
2020-11-04 00:00	1.41	1.41	1.35	1.35	575848
2020-11-04 04:00	1.35	1.37	1.34	1.35	244543
2020-11-04 08:00	1.35	1.40	1.35	1.36	277431
2020-11-04 12:00	1.36	1.37	1.28	1.30	386094
2020-11-04 16:00	1.30	1.41	1.27	1.39	982220
2020-11-04 20:00	1.39	1.41	1.39	1.39	94412
2020-11-05 00:00	1.39	1.41	1.39	1.40	85859
2020-11-05 04:00	1.40	1.43	1.40	1.42	143485
2020-11-05 08:00	1.42	1.42	1.34	1.34	137481
2020-11-05 12:00	1.34	1.49	1.30	1.43	708826
2020-11-05 16:00	1.43	1.48	1.39	1.42	338170
2020-11-05 20:00	1.42	1.42	1.39	1.40	184696
2020-11-06 00:00	1.40	1.55	1.39	1.54	511055
2020-11-06 04:00	1.54	1.65	1.54	1.64	494437
2020-11-06 08:00	1.64	1.76	1.60	1.71	701243
2020-11-06 12:00	1.71	1.80	1.66	1.69	477365
2020-11-06 16:00	1.70	1.89	1.70	1.80	939407
2020-11-06 20:00	1.80	1.95	1.74	1.90	723062
2020-11-07 00:00	1.91	2.37	1.90	2.14	1972232
2020-11-07 04:00	2.13	2.30	2.11	2.21	664319
2020-11-07 08:00	2.21	2.45	2.15	2.40	803280
2020-11-07 12:00	2.40	2.50	1.91	2.17	2769221
2020-11-07 16:00	2.17	2.23	1.83	1.89	1735888
2020-11-07 20:00	1.89	2.11	1.83	2.02	917695
2020-11-08 00:00	2.03	2.20	1.97	2.05	765813
2020-11-08 04:00	2.05	2.07	1.98	1.99	649429
2020-11-08 08:00	1.99	2.18	1.96	2.17	1073587
2020-11-08 12:00	2.17	2.28	2.07	2.24	1251693
2020-11-08 16:00	2.24	2.28	2.12	2.14	601003
2020-11-08 20:00	2.14	2.18	2.04	2.16	458844
2020-11-09 00:00	2.15	2.20	2.08	2.10	397853
2020-11-09 04:00	2.10	2.11	2.04	2.05	476566
2020-11-09 08:00	2.04	2.19	2.02	2.16	480772
2020-11-09 12:00	2.16	2.18	1.96	1.98	1083897
2020-11-09 16:00	1.98	2.06	1.95	2.05	427339
2020-11-09 20:00	2.06	2.08	2.00	2.03	184042
2020-11-10 00:00	2.04	2.14	2.01	2.14	203532
2020-11-10 04:00	2.14	2.15	2.09	2.13	292339
2020-11-10 08:00	2.13	2.24	2.10	2.14	459991
2020-11-10 12:00	2.14	2.24	2.13	2.19	418639
2020-11-10 16:00	2.18	2.30	2.18	2.25	498815
2020-11-10 20:00	2.25	2.33	2.24	2.27	246129
2020-11-11 00:00	2.27	2.30	2.25	2.26	220494
2020-11-11 04:00	2.26	2.28	2.18	2.22	306847
2020-11-11 08:00	2.21	2.22	2.10	2.10	261898
2020-11-11 12:00	2.10	2.13	2.08	2.12	325561
2020-11-11 16:00	2.12	2.16	2.01	2.03	431640
2020-11-11 20:00	2.04	2.04	1.97	2.00	317271
2020-11-12 00:00	2.00	2.06	1.91	2.01	401372
2020-11-12 04:00	2.01	2.06	2.00	2.04	114996
2020-11-12 08:00	2.04	2.05	1.94	1.97	275298
2020-11-12 12:00	1.97	1.99	1.90	1.91	287243
2020-11-12 16:00	1.91	1.91	1.83	1.87	303798
2020-11-12 20:00	1.86	1.91	1.85	1.91	139629
2020-11-13 00:00	1.91	1.98	1.90	1.95	184706
2020-11-13 04:00	1.96	1.97	1.91	1.95	204605
2020-11-13 08:00	1.95	2.05	1.94	2.00	404240
2020-11-13 12:00	2.01	2.08	1.99	2.03	217747
2020-11-13 16:00	2.03	2.07	1.96	2.02	256483
2020-11-13 20:00	2.01	2.06	1.99	2.01	327925
2020-11-14 00:00	2.02	2.04	2.00	2.02	255227
2020-11-14 04:00	2.02	2.03	1.95	1.96	162739
2020-11-14 08:00	1.96	1.97	1.87	1.90	278098
2020-11-14 12:00	1.90	1.96	1.89	1.92	147757
2020-11-14 16:00	1.91	1.96	1.88	1.94	254325
2020-11-14 20:00	1.94	1.95	1.92	1.92	93727
2020-11-15 00:00	1.92	1.98	1.91	1.97	143053
2020-11-15 04:00	1.97	2.10	1.96	2.10	451832
2020-11-15 08:00	2.10	2.20	2.06	2.12	1062901
2020-11-15 12:00	2.12	2.20	2.11	2.20	498896
2020-11-15 16:00	2.20	2.22	2.03	2.03	649932
2020-11-15 20:00	2.03	2.05	1.93	2.04	541593
2020-11-16 00:00	2.04	2.16	1.99	2.16	506208
2020-11-16 04:00	2.16	2.26	2.16	2.19	672913
2020-11-16 08:00	2.19	2.35	2.17	2.27	799125
2020-11-16 12:00	2.27	2.37	2.26	2.29	603761
2020-11-16 16:00	2.29	2.30	2.18	2.24	444119
2020-11-16 20:00	2.24	2.29	2.22	2.26	165923
2020-11-17 00:00	2.27	2.33	2.26	2.30	224820
2020-11-17 04:00	2.30	2.33	2.23	2.25	263178
2020-11-17 08:00	2.25	2.28	2.19	2.22	257992
2020-11-17 12:00	2.22	2.33	2.15	2.17	898404
2020-11-17 16:00	2.17	2.25	2.13	2.23	464162
2020-11-17 20:00	2.23	2.24	2.16	2.20	202587
2020-11-18 00:00	2.20	2.22	2.17	2.18	203999
2020-11-18 04:00	2.18	2.20	2.03	2.13	753778
2020-11-18 08:00	2.13	2.14	2.08	2.08	255271
2020-11-18 12:00	2.08	2.08	2.00	2.07	520993
2020-11-18 16:00	2.06	2.13	2.05	2.10	204862
2020-11-18 20:00	2.10	2.14	2.08	2.12	115497
2020-11-19 00:00	2.11	2.13	2.06	2.06	132817
2020-11-19 04:00	2.06	2.09	2.04	2.06	202803
2020-11-19 08:00	2.06	2.07	2.01	2.07	224988
2020-11-19 12:00	2.07	2.18	2.06	2.15	371806
2020-11-19 16:00	2.15	2.18	2.10	2.11	234680
2020-11-19 20:00	2.10	2.13	2.03	2.09	224791
2020-11-20 00:00	2.08	2.11	2.05	2.11	180043
2020-11-20 04:00	2.11	2.17	2.09	2.17	203036
2020-11-20 08:00	2.17	2.21	2.16	2.19	284873
2020-11-20 12:00	2.19	2.24	2.13	2.15	456474
2020-11-20 16:00	2.16	2.17	2.12	2.14	192001
2020-11-20 20:00	2.15	2.16	2.08	2.10	273014
2020-11-21 00:00	2.10	2.15	2.06	2.06	282637
2020-11-21 04:00	2.06	2.17	2.04	2.17	207753
2020-11-21 08:00	2.17	2.24	2.15	2.17	404504
2020-11-21 12:00	2.17	2.40	2.14	2.40	743779
2020-11-21 16:00	2.40	2.51	2.26	2.45	950239
2020-11-21 20:00	2.45	2.45	2.29	2.38	374599
2020-11-22 00:00	2.38	2.42	2.10	2.22	752294
2020-11-22 04:00	2.22	2.22	2.10	2.20	271408
2020-11-22 08:00	2.20	2.25	2.04	2.10	476482
2020-11-22 12:00	2.10	2.22	2.08	2.18	364993
2020-11-22 16:00	2.18	2.28	2.14	2.27	324780
2020-11-22 20:00	2.27	2.28	2.14	2.15	258194
2020-11-23 00:00	2.16	2.25	2.11	2.23	308634
2020-11-23 04:00	2.23	2.32	2.23	2.27	390248
2020-11-23 08:00	2.27	2.36	2.26	2.30	375979
2020-11-23 12:00	2.30	2.33	2.19	2.20	416748
2020-11-23 16:00	2.21	2.27	2.15	2.23	317764
2020-11-23 20:00	2.23	2.32	2.22	2.28	284811
2020-11-24 00:00	2.28	2.44	2.22	2.39	771956
2020-11-24 04:00	2.38	2.46	2.20	2.37	949954
2020-11-24 08:00	2.37	2.47	2.16	2.23	742247
2020-11-24 12:00	2.22	2.25	2.13	2.23	497688
2020-11-24 16:00	2.24	2.29	2.19	2.27	285981
2020-11-24 20:00	2.27	2.29	2.21	2.28	286995
2020-11-25 00:00	2.28	2.38	2.17	2.20	800118
2020-11-25 04:00	2.20	2.27	2.18	2.25	178050
2020-11-25 08:00	2.25	2.35	2.22	2.30	313004
2020-11-25 12:00	2.30	2.46	2.28	2.42	877304
2020-11-25 16:00	2.42	2.49	2.36	2.42	654109
2020-11-25 20:00	2.42	2.44	2.20	2.27	775124
2020-11-26 00:00	2.27	2.31	1.78	1.94	1986796
2020-11-26 04:00	1.94	1.96	1.81	1.83	994826
2020-11-26 08:00	1.84	1.89	1.72	1.84	1392796
2020-11-26 12:00	1.84	1.87	1.80	1.83	1289744
2020-11-26 16:00	1.83	1.84	1.73	1.80	860448
2020-11-26 20:00	1.80	1.92	1.80	1.91	278690
2020-11-27 00:00	1.91	2.04	1.89	1.95	538144
2020-11-27 04:00	1.96	1.97	1.91	1.91	172527
2020-11-27 08:00	1.92	1.93	1.80	1.83	283799
2020-11-27 12:00	1.83	1.95	1.78	1.78	518379
2020-11-27 16:00	1.78	1.83	1.77	1.81	136388
2020-11-27 20:00	1.82	1.86	1.80	1.86	153026
2020-11-28 00:00	1.86	1.88	1.83	1.84	246063
2020-11-28 04:00	1.84	1.87	1.82	1.84	199046
2020-11-28 08:00	1.84	1.87	1.80	1.87	272748
2020-11-28 12:00	1.87	1.94	1.85	1.93	385531
2020-11-28 16:00	1.93	1.94	1.90	1.91	181109
2020-11-28 20:00	1.91	1.91	1.87	1.89	96914
2020-11-29 00:00	1.89	1.90	1.85	1.89	211429
2020-11-29 04:00	1.89	1.89	1.86	1.89	79385
2020-11-29 08:00	1.89	1.95	1.89	1.93	280169
2020-11-29 12:00	1.93	1.94	1.89	1.92	76347
2020-11-29 16:00	1.92	1.92	1.87	1.87	127952
2020-11-29 20:00	1.87	1.92	1.87	1.92	87449
2020-11-30 00:00	1.92	1.98	1.92	1.97	189917
2020-11-30 04:00	1.97	1.97	1.94	1.95	66017
2020-11-30 08:00	1.95	1.96	1.90	1.96	110287
2020-11-30 12:00	1.96	2.02	1.94	1.96	415386
2020-11-30 16:00	1.96	2.01	1.96	1.97	189507
2020-11-30 20:00	1.96	1.99	1.95	1.97	123526
2020-12-01 00:00	1.96	1.99	1.93	1.97	159602
2020-12-01 04:00	1.97	2.14	1.97	2.12	356040
2020-12-01 08:00	2.12	2.13	2.03	2.07	490265
2020-12-01 12:00	2.07	2.10	1.92	2.05	797525
2020-12-01 16:00	2.05	2.07	1.96	2.01	217332
2020-12-01 20:00	2.00	2.04	1.97	1.97	82172
2020-12-02 00:00	1.97	2.09	1.93	2.02	249869
2020-12-02 04:00	2.03	2.07	1.99	2.06	178026
2020-12-02 08:00	2.06	2.10	2.04	2.09	221836
2020-12-02 12:00	2.09	2.15	2.04	2.12	645070
2020-12-02 16:00	2.12	2.21	2.09	2.14	607972
2020-12-02 20:00	2.13	2.13	2.09	2.12	300998
2020-12-03 00:00	2.12	2.15	2.07	2.14	199742
2020-12-03 04:00	2.14	2.23	2.12	2.18	1283872
2020-12-03 08:00	2.18	2.22	2.18	2.21	565075
2020-12-03 12:00	2.21	2.23	2.10	2.11	720050
2020-12-03 16:00	2.11	2.14	2.08	2.11	292843
2020-12-03 20:00	2.12	2.12	2.09	2.10	120808
2020-12-04 00:00	2.10	2.11	2.01	2.01	268151
2020-12-04 04:00	2.01	2.08	2.00	2.04	179757
2020-12-04 08:00	2.04	2.08	1.95	1.95	332050
2020-12-04 12:00	1.95	1.99	1.94	1.97	240108
2020-12-04 16:00	1.96	1.96	1.93	1.94	182945
2020-12-04 20:00	1.94	1.94	1.84	1.85	221956
2020-12-05 00:00	1.85	1.87	1.82	1.86	342546
2020-12-05 04:00	1.87	1.90	1.85	1.89	166242
2020-12-05 08:00	1.89	1.94	1.89	1.91	180922
2020-12-05 12:00	1.91	1.95	1.89	1.94	159541
2020-12-05 16:00	1.93	1.98	1.93	1.98	164292
2020-12-05 20:00	1.98	1.98	1.95	1.98	74480
2020-12-06 00:00	1.98	1.99	1.92	1.92	136004
2020-12-06 04:00	1.92	1.94	1.90	1.94	84808
2020-12-06 08:00	1.94	1.94	1.85	1.88	262615
2020-12-06 12:00	1.88	1.88	1.80	1.84	309501
2020-12-06 16:00	1.84	1.86	1.83	1.85	127594
2020-12-06 20:00	1.85	1.86	1.84	1.85	205236
2020-12-07 00:00	1.85	1.85	1.84	1.84	90384
2020-12-07 04:00	1.84	1.86	1.83	1.85	80788
2020-12-07 08:00	1.85	1.85	1.82	1.83	169945
2020-12-07 12:00	1.83	1.89	1.83	1.89	295930
2020-12-07 16:00	1.89	1.90	1.81	1.82	235764
2020-12-07 20:00	1.82	1.83	1.81	1.83	89957
2020-12-08 00:00	1.83	1.83	1.77	1.79	233531
2020-12-08 04:00	1.79	1.81	1.78	1.79	197081
2020-12-08 08:00	1.79	1.79	1.65	1.68	915331
2020-12-08 12:00	1.68	1.71	1.66	1.71	358815
2020-12-08 16:00	1.71	1.76	1.70	1.74	232433
2020-12-08 20:00	1.74	1.74	1.62	1.66	359499
2020-12-09 00:00	1.66	1.67	1.64	1.66	246368
2020-12-09 04:00	1.66	1.66	1.55	1.55	333573
2020-12-09 08:00	1.55	1.63	1.50	1.63	830924
2020-12-09 12:00	1.63	1.65	1.61	1.65	228976
2020-12-09 16:00	1.65	1.65	1.60	1.61	266133
2020-12-09 20:00	1.61	1.68	1.61	1.66	187549
2020-12-10 00:00	1.66	1.67	1.62	1.62	158975
2020-12-10 04:00	1.62	1.63	1.58	1.59	159916
2020-12-10 08:00	1.59	1.64	1.55	1.57	222471
2020-12-10 12:00	1.57	1.60	1.54	1.57	295541
2020-12-10 16:00	1.57	1.62	1.56	1.61	142205
2020-12-10 20:00	1.61	1.62	1.57	1.57	82341
2020-12-11 00:00	1.57	1.58	1.49	1.51	283869
2020-12-11 04:00	1.51	1.52	1.47	1.50	128624
2020-12-11 08:00	1.50	1.52	1.45	1.45	355900
2020-12-11 12:00	1.45	1.50	1.43	1.49	217307
2020-12-11 16:00	1.49	1.49	1.45	1.47	195788
2020-12-11 20:00	1.48	1.50	1.44	1.44	247616
2020-12-12 00:00	1.44	1.52	1.44	1.49	272570
2020-12-12 04:00	1.49	1.52	1.48	1.51	229274
2020-12-12 08:00	1.51	1.53	1.49	1.53	233896
2020-12-12 12:00	1.53	1.54	1.46	1.47	322105
2020-12-12 16:00	1.48	1.52	1.47	1.51	187572
2020-12-12 20:00	1.51	1.52	1.49	1.49	178247
2020-12-13 00:00	1.49	1.50	1.47	1.47	97483
2020-12-13 04:00	1.47	1.52	1.46	1.52	150386
2020-12-13 08:00	1.52	1.57	1.52	1.56	324678
2020-12-13 12:00	1.56	1.70	1.55	1.58	780814
2020-12-13 16:00	1.58	1.62	1.58	1.59	227315
2020-12-13 20:00	1.59	1.59	1.54	1.57	168883
2020-12-14 00:00	1.57	1.60	1.54	1.59	148638
2020-12-14 04:00	1.59	1.60	1.57	1.59	138650
2020-12-14 08:00	1.59	1.63	1.53	1.55	499262
2020-12-14 12:00	1.55	1.58	1.52	1.56	316454
2020-12-14 16:00	1.57	1.57	1.54	1.55	139436
2020-12-14 20:00	1.55	1.61	1.54	1.59	261155
2020-12-15 00:00	1.59	1.77	1.59	1.74	773144
2020-12-15 04:00	1.74	1.74	1.65	1.73	840411
2020-12-15 08:00	1.73	1.80	1.67	1.77	749273
2020-12-15 12:00	1.77	1.79	1.71	1.73	554307
2020-12-15 16:00	1.73	1.76	1.70	1.75	432708
2020-12-15 20:00	1.75	1.76	1.70	1.76	212250
2020-12-16 00:00	1.76	1.76	1.60	1.63	590104
2020-12-16 04:00	1.63	1.69	1.62	1.66	286221
2020-12-16 08:00	1.66	1.69	1.63	1.64	406576
2020-12-16 12:00	1.64	1.77	1.62	1.73	702432
2020-12-16 16:00	1.73	1.75	1.69	1.70	619022
2020-12-16 20:00	1.70	1.79	1.69	1.78	493781
2020-12-17 00:00	1.78	1.81	1.69	1.71	622826
2020-12-17 04:00	1.71	1.74	1.68	1.74	388749
2020-12-17 08:00	1.74	1.80	1.67	1.74	567024
2020-12-17 12:00	1.74	1.75	1.71	1.74	272310
2020-12-17 16:00	1.74	1.76	1.66	1.67	464950
2020-12-17 20:00	1.67	1.70	1.64	1.68	212226
2020-12-18 00:00	1.68	1.68	1.63	1.67	248182
2020-12-18 04:00	1.67	1.69	1.65	1.68	137951
2020-12-18 08:00	1.68	1.71	1.67	1.68	247077
2020-12-18 12:00	1.68	1.69	1.63	1.64	219716
2020-12-18 16:00	1.65	1.69	1.64	1.67	162635
2020-12-18 20:00	1.67	1.70	1.66	1.70	111685
2020-12-19 00:00	1.70	1.75	1.70	1.75	197134
2020-12-19 04:00	1.75	1.75	1.70	1.72	226516
2020-12-19 08:00	1.72	1.77	1.70	1.75	233330
2020-12-19 12:00	1.75	1.76	1.68	1.70	313279
2020-12-19 16:00	1.70	1.72	1.68	1.69	259963
2020-12-19 20:00	1.68	1.69	1.66	1.67	101907
2020-12-20 00:00	1.67	1.67	1.63	1.64	163313
2020-12-20 04:00	1.64	1.67	1.61	1.67	134916
2020-12-20 08:00	1.67	1.69	1.65	1.66	146497
2020-12-20 12:00	1.66	1.67	1.62	1.64	198638
2020-12-20 16:00	1.65	1.65	1.56	1.56	277100
2020-12-20 20:00	1.56	1.61	1.52	1.56	447838
2020-12-21 00:00	1.56	1.62	1.54	1.62	230054
2020-12-21 04:00	1.62	1.62	1.56	1.60	162090
2020-12-21 08:00	1.60	1.60	1.50	1.51	414877
2020-12-21 12:00	1.51	1.53	1.49	1.52	152842
2020-12-21 16:00	1.52	1.55	1.52	1.53	77322
2020-12-21 20:00	1.53	1.56	1.53	1.53	218181
2020-12-22 00:00	1.54	1.56	1.51	1.55	187918
2020-12-22 04:00	1.55	1.56	1.50	1.51	212161
2020-12-22 08:00	1.51	1.54	1.47	1.52	553224
2020-12-22 12:00	1.52	1.58	1.51	1.55	584306
2020-12-22 16:00	1.55	1.56	1.52	1.54	201062
2020-12-22 20:00	1.54	1.55	1.47	1.49	296816
2020-12-23 00:00	1.49	1.51	1.46	1.47	267018
2020-12-23 04:00	1.47	1.47	1.37	1.40	665283
2020-12-23 08:00	1.39	1.41	1.29	1.32	790668
2020-12-23 12:00	1.32	1.38	1.29	1.30	565705
2020-12-23 16:00	1.29	1.31	1.28	1.30	580777
2020-12-23 20:00	1.30	1.31	1.03	1.20	1482133
2020-12-24 00:00	1.20	1.29	1.17	1.25	535741
2020-12-24 04:00	1.26	1.29	1.22	1.27	221857
2020-12-24 08:00	1.27	1.31	1.25	1.29	334078
2020-12-24 12:00	1.28	1.32	1.27	1.32	272919
2020-12-24 16:00	1.32	1.33	1.30	1.33	181467
2020-12-24 20:00	1.33	1.39	1.31	1.36	238928
2020-12-25 00:00	1.36	1.46	1.34	1.43	376810
2020-12-25 04:00	1.43	1.44	1.40	1.42	138430
2020-12-25 08:00	1.42	1.45	1.40	1.41	205450
2020-12-25 12:00	1.41	1.42	1.37	1.38	277056
2020-12-25 16:00	1.38	1.43	1.36	1.43	305049
2020-12-25 20:00	1.42	1.45	1.42	1.45	88563
2020-12-26 00:00	1.45	1.45	1.42	1.42	74550
2020-12-26 04:00	1.43	1.43	1.37	1.38	80927
2020-12-26 08:00	1.38	1.40	1.34	1.38	122567
2020-12-26 12:00	1.38	1.39	1.34	1.36	216070
2020-12-26 16:00	1.36	1.40	1.35	1.35	236313
2020-12-26 20:00	1.35	1.36	1.31	1.33	181786
2020-12-27 00:00	1.32	1.34	1.30	1.32	297306
2020-12-27 04:00	1.32	1.33	1.31	1.31	158214
2020-12-27 08:00	1.31	1.31	1.28	1.30	375900
2020-12-27 12:00	1.29	1.40	1.26	1.40	737947
2020-12-27 16:00	1.40	1.42	1.33	1.35	357727
2020-12-27 20:00	1.35	1.36	1.28	1.30	243829
2020-12-28 00:00	1.30	1.36	1.29	1.33	176783
2020-12-28 04:00	1.33	1.36	1.31	1.35	218250
2020-12-28 08:00	1.35	1.39	1.35	1.38	350578
2020-12-28 12:00	1.38	1.42	1.35	1.39	296711
2020-12-28 16:00	1.40	1.45	1.39	1.43	303238
2020-12-28 20:00	1.43	1.52	1.43	1.52	813084
2020-12-29 00:00	1.52	1.56	1.44	1.45	542197
2020-12-29 04:00	1.45	1.57	1.44	1.55	770247
2020-12-29 08:00	1.55	1.65	1.52	1.58	915165
2020-12-29 12:00	1.58	1.63	1.54	1.56	653738
2020-12-29 16:00	1.56	1.66	1.51	1.65	889670
2020-12-29 20:00	1.65	1.74	1.62	1.67	1099112
2020-12-30 00:00	1.67	1.69	1.62	1.64	257424
2020-12-30 04:00	1.64	1.66	1.58	1.58	392630
2020-12-30 08:00	1.58	1.64	1.54	1.58	444980
2020-12-30 12:00	1.58	1.59	1.54	1.58	324509
2020-12-30 16:00	1.58	1.61	1.55	1.57	430233
2020-12-30 20:00	1.57	1.58	1.52	1.54	321548
2020-12-31 00:00	1.53	1.54	1.47	1.49	478052
2020-12-31 04:00	1.49	1.54	1.49	1.52	267160
2020-12-31 08:00	1.52	1.54	1.48	1.49	300443
2020-12-31 12:00	1.49	1.51	1.42	1.46	491735
2020-12-31 16:00	1.46	1.55	1.45	1.55	421846
2020-12-31 20:00	1.55	1.55	1.49	1.51	210415
2021-01-01 00:00	1.51	1.61	1.50	1.60	403889
2021-01-01 04:00	1.60	1.64	1.58	1.62	474942
2021-01-01 08:00	1.62	1.65	1.57	1.63	458730
2021-01-01 12:00	1.63	1.66	1.58	1.65	651750
2021-01-01 16:00	1.65	1.83	1.62	1.73	1558082
2021-01-01 20:00	1.73	1.86	1.71	1.84	874624
2021-01-02 00:00	1.84	1.91	1.72	1.86	1310465
2021-01-02 04:00	1.86	1.86	1.75	1.75	618786
2021-01-02 08:00	1.75	1.80	1.72	1.77	603983
2021-01-02 12:00	1.76	1.86	1.71	1.78	845523
2021-01-02 16:00	1.78	2.00	1.75	1.92	1152097
2021-01-02 20:00	1.92	1.92	1.75	1.80	722991
2021-01-03 00:00	1.80	1.95	1.80	1.95	532885
2021-01-03 04:00	1.95	2.10	1.91	2.07	1041267
2021-01-03 08:00	2.07	2.38	2.06	2.27	2471261
2021-01-03 12:00	2.27	2.34	1.99	2.07	2032001
2021-01-03 16:00	2.07	2.11	1.89	1.96	1213609
2021-01-03 20:00	1.96	2.19	1.95	2.18	1027343
2021-01-04 00:00	2.18	2.40	2.10	2.31	1697579
2021-01-04 04:00	2.31	2.38	2.08	2.12	985584
2021-01-04 08:00	2.12	2.21	1.86	2.04	1753757
2021-01-04 12:00	2.04	2.35	2.02	2.28	1089172
2021-01-04 16:00	2.28	2.45	2.12	2.44	1018021
2021-01-04 20:00	2.44	2.50	2.18	2.49	1256725
2021-01-05 00:00	2.49	2.51	2.17	2.19	1284867
2021-01-05 04:00	2.19	2.26	2.06	2.19	1418841
2021-01-05 08:00	2.19	2.40	2.17	2.38	649148
2021-01-05 12:00	2.39	2.41	2.15	2.19	1255616
2021-01-05 16:00	2.19	2.35	2.17	2.23	869362
2021-01-05 20:00	2.24	2.26	2.11	2.16	1224198
2021-01-06 00:00	2.16	2.18	1.97	1.99	1419313
2021-01-06 04:00	1.99	2.07	1.93	2.02	1533559
2021-01-06 08:00	2.02	2.12	1.97	2.08	1416611
2021-01-06 12:00	2.08	2.19	2.05	2.08	1168763
2021-01-06 16:00	2.08	2.13	1.97	1.98	1473867
2021-01-06 20:00	1.98	2.05	1.90	1.94	1439446
2021-01-07 00:00	1.94	2.45	1.92	2.18	3906191
2021-01-07 04:00	2.18	2.28	2.13	2.13	861284
2021-01-07 08:00	2.13	2.39	2.01	2.20	7923933
2021-01-07 12:00	2.20	2.65	2.19	2.38	9917882
2021-01-07 16:00	2.38	2.45	2.16	2.36	5474373
2021-01-07 20:00	2.36	2.42	2.33	2.36	2777366
2021-01-08 00:00	2.37	2.42	2.17	2.26	3938809
2021-01-08 04:00	2.26	2.43	2.19	2.41	3379154
2021-01-08 08:00	2.41	3.40	2.19	3.15	9827808
2021-01-08 12:00	3.16	3.80	3.09	3.30	7946551
2021-01-08 16:00	3.30	3.54	3.18	3.21	2664803
2021-01-08 20:00	3.20	3.25	3.00	3.22	2109295
2021-01-09 00:00	3.21	3.27	3.04	3.16	1767366
2021-01-09 04:00	3.16	3.34	3.06	3.08	1621999
2021-01-09 08:00	3.08	3.34	3.07	3.14	1338100
2021-01-09 12:00	3.14	3.24	3.07	3.11	725527
2021-01-09 16:00	3.10	3.70	2.93	3.62	3049057
2021-01-09 20:00	3.63	3.68	3.36	3.38	1379164
2021-01-10 00:00	3.37	3.66	3.32	3.53	1005422
2021-01-10 04:00	3.53	3.75	3.52	3.73	530037
2021-01-10 08:00	3.73	3.74	3.17	3.25	1433644
2021-01-10 12:00	3.25	3.43	3.20	3.41	1079751
2021-01-10 16:00	3.42	3.46	3.26	3.33	904869
2021-01-10 20:00	3.33	3.50	3.16	3.45	866113
2021-01-11 00:00	3.45	3.53	3.04	3.14	1345324
2021-01-11 04:00	3.14	3.20	2.84	2.99	1282340
2021-01-11 08:00	3.00	3.15	2.85	2.86	1596621
2021-01-11 12:00	2.86	2.99	2.67	2.76	2590292
2021-01-11 16:00	2.76	2.91	2.58	2.86	1160839
2021-01-11 20:00	2.86	3.12	2.82	3.10	758870
2021-01-12 00:00	3.10	3.28	3.06	3.27	567933
2021-01-12 04:00	3.27	3.50	3.26	3.38	871015
2021-01-12 08:00	3.38	3.47	3.29	3.42	812803
2021-01-12 12:00	3.42	3.48	3.15	3.30	863498
2021-01-12 16:00	3.31	3.88	3.31	3.68	2619407
2021-01-12 20:00	3.68	3.69	3.45	3.64	1341275
2021-01-13 00:00	3.64	3.64	3.44	3.51	1111132
2021-01-13 04:00	3.51	3.52	3.26	3.49	1010580
2021-01-13 08:00	3.49	3.49	3.27	3.37	721932
2021-01-13 12:00	3.37	3.57	3.33	3.54	622898
2021-01-13 16:00	3.54	3.56	3.45	3.48	629423
2021-01-13 20:00	3.48	3.63	3.39	3.52	1027715
2021-01-14 00:00	3.52	3.54	3.36	3.38	467144
2021-01-14 04:00	3.38	3.50	3.33	3.40	766953
2021-01-14 08:00	3.40	3.48	3.36	3.42	698848
2021-01-14 12:00	3.42	3.60	3.36	3.49	1328859
2021-01-14 16:00	3.50	3.51	3.18	3.29	2420213
2021-01-14 20:00	3.29	3.32	3.20	3.29	740120
2021-01-15 00:00	3.29	3.45	3.28	3.33	798490
2021-01-15 04:00	3.33	3.39	3.24	3.37	594019
2021-01-15 08:00	3.37	3.42	3.32	3.37	744960
2021-01-15 12:00	3.37	3.42	3.09	3.10	1168860
2021-01-15 16:00	3.10	3.20	2.96	3.16	1050708
2021-01-15 20:00	3.16	3.27	3.13	3.25	455529
2021-01-16 00:00	3.25	3.46	3.25	3.45	1055074
2021-01-16 04:00	3.45	3.52	3.37	3.46	1046606
2021-01-16 08:00	3.46	3.56	3.40	3.41	1011768
2021-01-16 12:00	3.41	3.45	3.28	3.40	2051770
2021-01-16 16:00	3.40	3.65	3.32	3.59	2079149
2021-01-16 20:00	3.58	3.71	3.30	3.42	1318203
2021-01-17 00:00	3.43	3.72	3.30	3.71	1271144
2021-01-17 04:00	3.71	3.83	3.35	3.39	1570369
2021-01-17 08:00	3.39	3.61	3.31	3.60	900338
2021-01-17 12:00	3.60	3.62	3.46	3.55	1212472
2021-01-17 16:00	3.56	3.99	3.52	3.79	2125373
2021-01-17 20:00	3.79	3.99	3.76	3.83	1452229
2021-01-18 00:00	3.82	3.90	3.62	3.76	1535192
2021-01-18 04:00	3.76	4.03	3.72	4.01	896097
2021-01-18 08:00	4.01	4.17	3.86	3.91	1607922
2021-01-18 12:00	3.91	4.03	3.85	3.96	1039741
2021-01-18 16:00	3.97	4.04	3.87	3.90	503588
2021-01-18 20:00	3.90	3.91	3.75	3.79	644409
2021-01-19 00:00	3.79	4.05	3.75	3.96	730203
2021-01-19 04:00	3.96	4.01	3.77	3.81	1126738
2021-01-19 08:00	3.81	3.95	3.81	3.90	723470
2021-01-19 12:00	3.90	3.91	3.80	3.83	636877
2021-01-19 16:00	3.83	3.86	3.60	3.63	1028537
2021-01-19 20:00	3.63	3.72	3.61	3.63	522919
2021-01-20 00:00	3.63	3.73	3.53	3.54	750938
2021-01-20 04:00	3.54	3.63	3.53	3.61	388915
2021-01-20 08:00	3.61	3.63	3.36	3.41	1208982
2021-01-20 12:00	3.41	3.63	3.34	3.52	1344625
2021-01-20 16:00	3.51	3.68	3.44	3.67	594299
2021-01-20 20:00	3.67	3.74	3.64	3.72	513906
2021-01-21 00:00	3.72	3.74	3.50	3.53	675106
2021-01-21 04:00	3.53	3.59	3.51	3.55	300269
2021-01-21 08:00	3.56	3.56	3.37	3.48	831123
2021-01-21 12:00	3.48	3.50	3.30	3.31	913879
2021-01-21 16:00	3.31	3.38	3.24	3.32	729207
2021-01-21 20:00	3.32	3.32	2.97	2.99	936280
2021-01-22 00:00	2.99	3.19	2.53	3.16	2279179
2021-01-22 04:00	3.16	3.19	3.01	3.08	1576330
2021-01-22 08:00	3.10	3.23	3.06	3.22	552509
2021-01-22 12:00	3.22	3.45	3.21	3.39	911542
2021-01-22 16:00	3.39	3.50	3.35	3.42	721475
2021-01-22 20:00	3.43	3.44	3.30	3.34	440491
2021-01-23 00:00	3.33	3.42	3.31	3.42	257786
2021-01-23 04:00	3.42	3.56	3.41	3.55	473542
2021-01-23 08:00	3.55	3.60	3.44	3.46	617432
2021-01-23 12:00	3.45	3.55	3.45	3.47	407315
2021-01-23 16:00	3.48	3.54	3.46	3.51	270626
2021-01-23 20:00	3.52	3.55	3.46	3.51	242775
2021-01-24 00:00	3.50	3.58	3.48	3.56	276775
2021-01-24 04:00	3.56	3.73	3.55	3.73	615926
2021-01-24 08:00	3.73	3.79	3.70	3.74	363957
2021-01-24 12:00	3.75	3.76	3.57	3.59	479803
2021-01-24 16:00	3.60	3.64	3.52	3.55	439351
2021-01-24 20:00	3.55	3.64	3.54	3.63	281971
2021-01-25 00:00	3.63	3.70	3.54	3.55	568502
2021-01-25 04:00	3.55	3.62	3.48	3.52	648222
2021-01-25 08:00	3.52	3.60	3.44	3.57	1273402
2021-01-25 12:00	3.57	3.72	3.45	3.71	1073155
2021-01-25 16:00	3.71	3.99	3.60	3.89	2202063
2021-01-25 20:00	3.89	3.92	3.65	3.70	1026225
2021-01-26 00:00	3.70	3.96	3.69	3.73	988674
2021-01-26 04:00	3.73	3.85	3.71	3.75	493138
2021-01-26 08:00	3.75	4.05	3.73	4.02	1397634
2021-01-26 12:00	4.02	4.07	3.65	3.79	1552855
2021-01-26 16:00	3.79	4.03	3.74	4.02	1471150
2021-01-26 20:00	4.02	4.10	3.98	4.04	714874
2021-01-27 00:00	4.04	4.04	3.84	3.84	363804
2021-01-27 04:00	3.85	3.87	3.71	3.79	473846
2021-01-27 08:00	3.78	3.78	3.62	3.63	503514
2021-01-27 12:00	3.63	3.75	3.51	3.73	639997
2021-01-27 16:00	3.72	3.76	3.64	3.70	274387
2021-01-27 20:00	3.70	3.77	3.66	3.68	236232
2021-01-28 00:00	3.66	3.74	3.60	3.73	187580
2021-01-28 04:00	3.73	3.80	3.73	3.76	257859
2021-01-28 08:00	3.76	3.85	3.74	3.82	232634
2021-01-28 12:00	3.82	3.96	3.79	3.89	649183
2021-01-28 16:00	3.89	3.92	3.84	3.85	372557
2021-01-28 20:00	3.85	3.88	3.79	3.81	355637
2021-01-29 00:00	3.81	3.87	3.79	3.79	294889
2021-01-29 04:00	3.79	3.79	3.63	3.67	467563
2021-01-29 08:00	3.67	3.76	3.60	3.73	820357
2021-01-29 12:00	3.72	3.86	3.70	3.81	581888
2021-01-29 16:00	3.81	3.85	3.70	3.74	289343
2021-01-29 20:00	3.74	3.91	3.72	3.83	538155
2021-01-30 00:00	3.83	3.92	3.81	3.83	310180
2021-01-30 04:00	3.83	3.84	3.77	3.83	120451
2021-01-30 08:00	3.84	3.93	3.80	3.88	465844
2021-01-30 12:00	3.89	4.10	3.86	4.04	831616
2021-01-30 16:00	4.04	4.21	3.94	4.02	1028515
2021-01-30 20:00	4.02	4.32	4.02	4.23	1188075
2021-01-31 00:00	4.23	4.35	4.15	4.32	599088
2021-01-31 04:00	4.32	4.55	4.32	4.49	1103501
2021-01-31 08:00	4.49	4.81	4.47	4.55	1507245
2021-01-31 12:00	4.55	4.58	4.16	4.23	1213523
2021-01-31 16:00	4.23	4.40	4.18	4.29	611422
2021-01-31 20:00	4.30	4.35	4.24	4.25	404116
2021-02-01 00:00	4.26	4.26	4.11	4.22	378198
2021-02-01 04:00	4.22	4.23	4.13	4.17	227180
2021-02-01 08:00	4.17	4.41	4.13	4.37	440069
2021-02-01 12:00	4.37	4.40	4.19	4.21	356866
2021-02-01 16:00	4.21	4.50	4.20	4.50	361518
2021-02-01 20:00	4.49	4.62	4.40	4.61	333247
2021-02-02 00:00	4.61	4.92	4.46	4.81	1168788
2021-02-02 04:00	4.80	5.03	4.74	4.96	709482
2021-02-02 08:00	4.96	5.36	4.96	5.22	1650224
2021-02-02 12:00	5.22	5.25	5.02	5.06	568515
2021-02-02 16:00	5.05	5.27	5.03	5.17	534492
2021-02-02 20:00	5.17	5.40	5.11	5.23	647448
2021-02-03 00:00	5.24	5.30	5.09	5.10	325685
2021-02-03 04:00	5.10	5.25	5.05	5.19	432729
2021-02-03 08:00	5.19	5.23	5.12	5.22	233907
2021-02-03 12:00	5.22	5.63	5.18	5.61	1189250
2021-02-03 16:00	5.61	5.66	5.43	5.46	942484
2021-02-03 20:00	5.46	5.78	5.44	5.73	853427
2021-02-04 00:00	5.73	6.08	5.66	5.91	1731465
2021-02-04 04:00	5.91	6.03	5.82	5.83	695200
2021-02-04 08:00	5.83	5.87	5.57	5.76	795026
2021-02-04 12:00	5.76	5.95	5.63	5.71	569406
2021-02-04 16:00	5.71	5.94	5.66	5.89	471044
2021-02-04 20:00	5.89	6.54	5.89	6.41	1347265
2021-02-05 00:00	6.42	6.86	6.41	6.85	868623
2021-02-05 04:00	6.85	6.93	6.69	6.77	655620
2021-02-05 08:00	6.77	6.81	6.59	6.66	706176
2021-02-05 12:00	6.66	7.00	6.63	6.93	756328
2021-02-05 16:00	6.94	7.14	6.64	6.72	849752
2021-02-05 20:00	6.72	6.78	6.63	6.70	399050
2021-02-06 00:00	6.70	6.82	5.95	6.15	1451574
2021-02-06 04:00	6.14	6.14	5.88	5.98	706140
2021-02-06 08:00	5.98	6.26	5.98	6.00	784226
2021-02-06 12:00	6.01	6.08	5.77	5.79	655894
2021-02-06 16:00	5.79	6.11	5.70	6.09	722970
2021-02-06 20:00	6.08	6.36	6.07	6.12	719429
2021-02-07 00:00	6.12	6.19	5.85	5.90	398211
2021-02-07 04:00	5.90	5.97	5.75	5.91	453763
2021-02-07 08:00	5.91	6.69	5.91	6.66	1129909
2021-02-07 12:00	6.66	6.88	6.19	6.46	1558361
2021-02-07 16:00	6.46	6.71	6.11	6.54	961809
2021-02-07 20:00	6.55	6.70	6.47	6.70	609033
2021-02-08 00:00	6.69	6.73	6.46	6.65	625364
2021-02-08 04:00	6.64	7.64	6.63	7.56	1823608
2021-02-08 08:00	7.56	7.72	7.37	7.49	981305
2021-02-08 12:00	7.49	7.82	7.00	7.76	1144142
2021-02-08 16:00	7.76	8.08	7.52	8.03	1357393
2021-02-08 20:00	8.03	8.07	7.81	7.86	787362
2021-02-09 00:00	7.87	8.49	7.68	8.33	1029767
2021-02-09 04:00	8.33	8.42	7.68	8.06	634923
2021-02-09 08:00	8.07	8.44	7.68	7.76	1505478
2021-02-09 12:00	7.75	7.81	7.55	7.70	712770
2021-02-09 16:00	7.69	7.94	7.59	7.92	538537
2021-02-09 20:00	7.93	8.00	7.79	7.80	382037
2021-02-10 00:00	7.80	8.38	7.73	8.31	781896
2021-02-10 04:00	8.30	8.31	8.07	8.17	472301
2021-02-10 08:00	8.17	8.40	8.15	8.25	492057
2021-02-10 12:00	8.25	8.28	7.26	7.78	952539
2021-02-10 16:00	7.78	8.38	7.64	8.36	506455
2021-02-10 20:00	8.36	9.09	8.28	9.09	1214196
2021-02-11 00:00	9.09	9.26	8.72	8.95	728210
2021-02-11 04:00	8.96	9.60	8.94	9.46	991223
2021-02-11 08:00	9.45	9.74	9.07	9.16	1976966
2021-02-11 12:00	9.16	9.46	9.13	9.27	640386
2021-02-11 16:00	9.27	9.41	9.00	9.12	754332
2021-02-11 20:00	9.12	9.28	8.89	9.20	603786
2021-02-12 00:00	9.21	9.65	9.04	9.42	604513
2021-02-12 04:00	9.42	9.43	9.14	9.34	438942
2021-02-12 08:00	9.33	9.89	9.29	9.77	471712
2021-02-12 12:00	9.77	9.93	9.21	9.54	662436
2021-02-12 16:00	9.54	9.73	9.42	9.44	380835
2021-02-12 20:00	9.45	9.50	9.20	9.20	308846
2021-02-13 00:00	9.20	9.41	9.14	9.39	434188
2021-02-13 04:00	9.39	9.51	9.13	9.15	426748
2021-02-13 08:00	9.15	9.34	8.66	8.86	818740
2021-02-13 12:00	8.88	9.15	8.69	9.07	784261
2021-02-13 16:00	9.07	9.16	8.86	8.89	519815
2021-02-13 20:00	8.90	8.90	8.66	8.74	503750
2021-02-14 00:00	8.74	9.23	8.57	8.91	843475
2021-02-14 04:00	8.92	9.03	8.58	8.71	493002
2021-02-14 08:00	8.71	8.74	8.55	8.57	306306
2021-02-14 12:00	8.57	8.82	8.53	8.68	720387
2021-02-14 16:00	8.68	8.99	8.66	8.85	332023
2021-02-14 20:00	8.84	8.91	8.71	8.72	194780
2021-02-15 00:00	8.72	8.80	7.70	8.11	966895
2021-02-15 04:00	8.12	8.32	7.90	8.29	372433
2021-02-15 08:00	8.29	8.64	8.19	8.63	369581
2021-02-15 12:00	8.63	9.14	8.50	8.91	712038
2021-02-15 16:00	8.91	9.38	8.83	9.19	656447
2021-02-15 20:00	9.19	9.32	8.66	8.85	347524
2021-02-16 00:00	8.87	9.00	8.58	8.90	320653
2021-02-16 04:00	8.90	8.90	8.48	8.72	475556
2021-02-16 08:00	8.73	8.79	8.57	8.57	229541
2021-02-16 12:00	8.58	8.71	8.38	8.39	458780
2021-02-16 16:00	8.38	8.41	8.01	8.14	457012
2021-02-16 20:00	8.15	8.32	7.96	8.30	315698
2021-02-17 00:00	8.30	8.32	7.69	7.71	701884
2021-02-17 04:00	7.71	7.98	7.52	7.95	661480
2021-02-17 08:00	7.96	8.18	7.83	8.10	391166
2021-02-17 12:00	8.11	8.35	8.02	8.23	660271
2021-02-17 16:00	8.23	8.45	8.10	8.40	642207
2021-02-17 20:00	8.39	8.42	8.20	8.24	274662
2021-02-18 00:00	8.24	8.59	8.23	8.46	250585
2021-02-18 04:00	8.46	8.65	8.44	8.55	154703
2021-02-18 08:00	8.55	8.58	8.42	8.52	206660
2021-02-18 12:00	8.52	9.25	8.41	9.24	1037159
2021-02-18 16:00	9.24	9.32	8.93	9.03	659430
2021-02-18 20:00	9.04	9.08	8.92	8.98	171342
2021-02-19 00:00	8.99	9.10	8.53	8.68	815892
2021-02-19 04:00	8.67	9.50	8.56	9.49	1197092
2021-02-19 08:00	9.49	9.89	9.33	9.85	934826
2021-02-19 12:00	9.85	11.85	9.84	10.95	2775579
2021-02-19 16:00	10.95	11.54	10.91	11.47	624320
2021-02-19 20:00	11.47	11.54	10.85	11.49	758637
2021-02-20 00:00	11.48	11.83	10.85	11.10	1095394
2021-02-20 04:00	11.10	11.35	10.90	10.90	381609
2021-02-20 08:00	10.90	11.09	10.61	10.79	640679
2021-02-20 12:00	10.78	10.98	9.75	10.25	1174402
2021-02-20 16:00	10.25	10.61	10.21	10.45	539806
2021-02-20 20:00	10.45	10.49	9.79	9.99	899458
2021-02-21 00:00	9.98	10.45	9.81	10.21	454623
2021-02-21 04:00	10.21	10.28	9.99	10.03	302263
2021-02-21 08:00	10.03	10.74	9.97	10.73	368239
2021-02-21 12:00	10.73	10.99	10.41	10.60	657410
2021-02-21 16:00	10.60	11.67	10.58	11.31	1223903
2021-02-21 20:00	11.31	11.32	10.81	11.08	687849
2021-02-22 00:00	11.07	11.14	10.47	10.51	626557
2021-02-22 04:00	10.51	10.76	10.30	10.66	815462
2021-02-22 08:00	10.67	10.86	9.67	9.92	2915390
2021-02-22 12:00	9.92	10.50	9.10	10.27	2013857
2021-02-22 16:00	10.27	14.02	10.17	13.32	5606886
2021-02-22 20:00	13.32	14.80	13.00	14.42	2733542
2021-02-23 00:00	14.42	15.24	13.55	13.99	3749731
2021-02-23 04:00	13.99	14.19	12.55	13.12	2555278
2021-02-23 08:00	13.11	14.80	11.47	14.01	6783763
2021-02-23 12:00	14.01	15.89	13.21	15.39	6101712
2021-02-23 16:00	15.40	15.80	14.23	14.26	3466820
2021-02-23 20:00	14.28	15.25	13.98	15.22	1649042
2021-02-24 00:00	15.24	16.40	14.79	16.00	2101682
2021-02-24 04:00	15.99	16.27	15.26	15.58	1399054
2021-02-24 08:00	15.59	16.09	15.53	15.81	1083628
2021-02-24 12:00	15.82	17.16	15.77	16.68	2483812
2021-02-24 16:00	16.67	18.21	16.57	17.43	1985889
2021-02-24 20:00	17.42	17.73	16.96	17.17	1723501
2021-02-25 00:00	17.17	17.69	15.95	16.35	2009500
2021-02-25 04:00	16.35	16.68	15.91	16.31	1398123
2021-02-25 08:00	16.32	16.39	15.53	16.16	1337978
2021-02-25 12:00	16.18	16.49	15.67	16.09	1342923
2021-02-25 16:00	16.10	16.19	15.06	15.27	1798712
2021-02-25 20:00	15.27	15.27	13.66	13.84	1633162
2021-02-26 00:00	13.86	14.64	13.20	14.63	1564113
2021-02-26 04:00	14.64	14.72	13.10	13.34	1268850
2021-02-26 08:00	13.36	14.21	13.36	13.81	1210928
2021-02-26 12:00	13.81	14.49	13.70	14.45	1193595
2021-02-26 16:00	14.44	15.51	14.35	14.72	1495949
2021-02-26 20:00	14.72	14.83	13.32	13.60	1296101
2021-02-27 00:00	13.59	14.84	13.53	14.23	1196016
2021-02-27 04:00	14.24	14.32	13.55	13.88	1071571
2021-02-27 08:00	13.89	13.99	13.32	13.93	1029435
2021-02-27 12:00	13.92	14.44	13.35	13.39	1768090
2021-02-27 16:00	13.39	13.85	13.33	13.82	504299
2021-02-27 20:00	13.83	13.93	13.01	13.19	663078
2021-02-28 00:00	13.19	13.33	12.03	12.07	1618392
2021-02-28 04:00	12.08	12.46	11.97	12.14	877035
2021-02-28 08:00	12.15	12.54	12.14	12.38	541360
2021-02-28 12:00	12.39	12.48	11.42	11.52	1103156
2021-02-28 16:00	11.51	13.50	11.43	13.24	1727883
2021-02-28 20:00	13.27	13.77	12.93	13.09	1363543
2021-03-01 00:00	13.08	14.29	13.01	13.93	1306615
2021-03-01 04:00	13.94	14.81	13.82	14.51	1154166
2021-03-01 08:00	14.52	15.02	14.40	14.84	800921
2021-03-01 12:00	14.83	15.52	14.54	15.46	1171755
2021-03-01 16:00	15.45	15.55	14.64	14.80	712598
2021-03-01 20:00	14.80	15.10	14.56	14.99	365215
2021-03-02 00:00	15.00	15.25	14.19	14.34	916769
2021-03-02 04:00	14.34	14.60	14.22	14.30	359936
2021-03-02 08:00	14.29	14.77	14.27	14.55	374794
2021-03-02 12:00	14.55	15.10	14.51	14.64	512114
2021-03-02 16:00	14.65	14.73	13.35	13.67	1295462
2021-03-02 20:00	13.67	14.02	13.50	13.94	669374
2021-03-03 00:00	13.95	14.15	13.70	14.04	425107
2021-03-03 04:00	14.02	14.32	13.90	14.20	519854
2021-03-03 08:00	14.20	14.70	14.13	14.53	502026
2021-03-03 12:00	14.55	14.63	13.90	14.17	663125
2021-03-03 16:00	14.16	14.74	14.08	14.31	815444
2021-03-03 20:00	14.29	14.31	14.03	14.07	351797
2021-03-04 00:00	14.09	14.27	13.75	13.77	445576
2021-03-04 04:00	13.77	13.88	13.57	13.73	405580
2021-03-04 08:00	13.75	13.89	13.29	13.45	423754
2021-03-04 12:00	13.44	13.71	13.35	13.45	430396
2021-03-04 16:00	13.46	13.53	12.74	12.91	727305
2021-03-04 20:00	12.92	13.15	12.75	13.05	331783
2021-03-05 00:00	13.06	13.10	12.35	12.56	448413
2021-03-05 04:00	12.56	12.59	12.25	12.50	220111
2021-03-05 08:00	12.49	12.53	12.13	12.51	234846
2021-03-05 12:00	12.53	13.03	12.42	12.72	465775
2021-03-05 16:00	12.73	12.78	12.28	12.54	439390
2021-03-05 20:00	12.54	12.78	12.49	12.54	260881
2021-03-06 00:00	12.55	12.67	12.27	12.37	198574
2021-03-06 04:00	12.37	12.51	12.23	12.29	308097
2021-03-06 08:00	12.30	12.40	12.00	12.08	323588
2021-03-06 12:00	12.08	13.00	11.90	12.28	1018961
2021-03-06 16:00	12.27	12.90	12.22	12.90	527405
2021-03-06 20:00	12.90	13.31	12.86	13.04	685072
2021-03-07 00:00	13.04	13.22	12.92	12.93	336411
2021-03-07 04:00	12.95	13.02	12.70	12.76	211687
2021-03-07 08:00	12.76	13.63	12.76	13.63	782137
2021-03-07 12:00	13.63	13.95	13.38	13.53	794610
2021-03-07 16:00	13.55	14.01	13.55	13.74	493315
2021-03-07 20:00	13.73	13.95	13.52	13.82	381281
2021-03-08 00:00	13.82	13.91	13.37	13.44	258605
2021-03-08 04:00	13.44	13.61	13.27	13.32	225022
2021-03-08 08:00	13.31	13.39	13.14	13.27	453798
2021-03-08 12:00	13.27	13.80	13.00	13.62	725186
2021-03-08 16:00	13.63	13.82	13.55	13.70	242121
2021-03-08 20:00	13.71	13.74	13.47	13.60	211975
2021-03-09 00:00	13.61	13.94	13.20	13.92	501745
2021-03-09 04:00	13.92	14.18	13.80	13.88	416623
2021-03-09 08:00	13.88	14.40	13.88	14.29	385762
2021-03-09 12:00	14.30	14.85	13.98	14.67	675288
2021-03-09 16:00	14.68	14.85	14.44	14.83	320767
2021-03-09 20:00	14.83	14.99	14.70	14.84	294330
2021-03-10 00:00	14.85	15.21	14.07	14.22	642657
2021-03-10 04:00	14.23	14.56	14.16	14.52	174790
2021-03-10 08:00	14.51	14.75	14.34	14.72	352984
2021-03-10 12:00	14.71	14.88	14.62	14.78	277872
2021-03-10 16:00	14.78	14.81	14.61	14.65	176241
2021-03-10 20:00	14.66	14.67	14.05	14.20	319405
2021-03-11 00:00	14.20	14.26	13.84	14.09	350304
2021-03-11 04:00	14.07	14.14	13.89	13.91	189255
2021-03-11 08:00	13.90	14.26	13.67	14.09	522563
2021-03-11 12:00	14.09	14.66	14.02	14.23	753233
2021-03-11 16:00	14.25	16.15	14.25	15.74	1845298
2021-03-11 20:00	15.73	16.32	15.59	16.03	465113
2021-03-12 00:00	16.05	16.50	15.71	16.12	460691
2021-03-12 04:00	16.11	16.40	15.84	16.06	472331
2021-03-12 08:00	16.04	16.13	15.37	15.55	614449
2021-03-12 12:00	15.55	15.60	14.96	15.51	591426
2021-03-12 16:00	15.52	15.59	14.45	14.69	913000
2021-03-12 20:00	14.69	14.78	14.08	14.56	626517
2021-03-13 00:00	14.55	14.60	13.84	14.14	506480
2021-03-13 04:00	14.13	14.52	14.07	14.38	303775
2021-03-13 08:00	14.39	14.87	14.32	14.62	746565
2021-03-13 12:00	14.62	15.14	14.53	14.88	454359
2021-03-13 16:00	14.89	15.33	14.85	15.00	404221
2021-03-13 20:00	15.01	15.41	15.01	15.30	216947
2021-03-14 00:00	15.29	15.38	14.93	15.03	290027
2021-03-14 04:00	15.02	15.03	14.54	14.56	388507
2021-03-14 08:00	14.56	14.85	14.34	14.52	322257
2021-03-14 12:00	14.52	14.67	14.43	14.48	273481
2021-03-14 16:00	14.48	15.05	14.40	14.86	232798
2021-03-14 20:00	14.86	14.92	14.44	14.46	243199
2021-03-15 00:00	14.46	14.79	14.38	14.77	255403
2021-03-15 04:00	14.76	14.82	13.72	13.94	627647
2021-03-15 08:00	13.93	14.35	13.62	14.26	489368
2021-03-15 12:00	14.25	14.38	14.04	14.09	262028
2021-03-15 16:00	14.10	14.30	13.98	14.27	189079
2021-03-15 20:00	14.30	14.40	14.09	14.16	197447
2021-03-16 00:00	14.16	14.29	13.47	13.50	457606
2021-03-16 04:00	13.50	13.65	13.14	13.55	452362
2021-03-16 08:00	13.56	13.91	13.53	13.63	378295
2021-03-16 12:00	13.64	13.77	13.46	13.77	361310
2021-03-16 16:00	13.77	14.00	13.51	13.80	624891
2021-03-16 20:00	13.80	13.87	13.60	13.64	227216
2021-03-17 00:00	13.64	13.73	13.37	13.39	227618
2021-03-17 04:00	13.39	13.56	13.33	13.51	175482
2021-03-17 08:00	13.52	13.59	13.03	13.31	339594
2021-03-17 12:00	13.30	13.50	13.21	13.47	234998
2021-03-17 16:00	13.47	14.27	13.44	14.16	494427
2021-03-17 20:00	14.16	14.26	13.94	14.20	230911
2021-03-18 00:00	14.20	14.48	14.14	14.18	310480
2021-03-18 04:00	14.19	14.36	14.09	14.22	177417
2021-03-18 08:00	14.22	14.30	14.02	14.06	182439
2021-03-18 12:00	14.06	14.20	13.96	14.20	223486
2021-03-18 16:00	14.20	14.75	14.12	14.31	470300
2021-03-18 20:00	14.31	14.39	14.18	14.20	212576
2021-03-19 00:00	14.22	14.22	13.86	14.10	233183
2021-03-19 04:00	14.10	14.25	13.98	14.00	341749
2021-03-19 08:00	14.00	14.19	13.98	14.18	178394
2021-03-19 12:00	14.18	14.49	14.10	14.36	273510
2021-03-19 16:00	14.37	14.46	14.27	14.32	203575
2021-03-19 20:00	14.32	14.39	14.03	14.16	231375
2021-03-20 00:00	14.16	14.34	14.09	14.33	221769
2021-03-20 04:00	14.32	14.56	14.27	14.51	168441
2021-03-20 08:00	14.52	14.81	14.45	14.80	273107
2021-03-20 12:00	14.81	14.98	14.62	14.69	317218
2021-03-20 16:00	14.68	14.71	14.52	14.64	200603
2021-03-20 20:00	14.65	14.67	14.16	14.19	212096
2021-03-21 00:00	14.18	14.27	13.90	14.08	190254
2021-03-21 04:00	14.08	14.09	13.80	13.95	152843
2021-03-21 08:00	13.95	14.03	13.68	13.73	199535
2021-03-21 12:00	13.72	14.10	13.64	13.93	225317
2021-03-21 16:00	13.92	14.31	13.88	14.19	259184
2021-03-21 20:00	14.19	14.36	14.08	14.34	164739
2021-03-22 00:00	14.34	15.20	14.17	15.17	639356
2021-03-22 04:00	15.17	16.30	15.06	16.18	1809886
2021-03-22 08:00	16.19	16.50	15.86	16.40	864755
2021-03-22 12:00	16.40	16.59	15.62	15.83	797178
2021-03-22 16:00	15.83	15.89	15.26	15.43	482963
2021-03-22 20:00	15.43	15.70	14.75	14.80	508877
2021-03-23 00:00	14.80	15.23	14.69	15.10	360748
2021-03-23 04:00	15.10	15.10	14.01	14.43	518010
2021-03-23 08:00	14.42	14.58	14.25	14.38	287756
2021-03-23 12:00	14.38	14.82	14.38	14.71	402510
2021-03-23 16:00	14.72	14.73	14.27	14.36	246411
2021-03-23 20:00	14.35	14.44	14.12	14.16	189014
2021-03-24 00:00	14.14	14.35	13.87	14.33	232589
2021-03-24 04:00	14.33	14.67	14.21	14.66	221911
2021-03-24 08:00	14.66	14.83	14.58	14.71	211830
2021-03-24 12:00	14.71	14.94	14.66	14.85	314472
2021-03-24 16:00	14.85	15.37	14.58	14.66	678682
2021-03-24 20:00	14.65	14.65	13.58	13.60	657883
2021-03-25 00:00	13.58	13.69	12.92	13.35	615824
2021-03-25 04:00	13.34	13.73	13.17	13.30	243665
2021-03-25 08:00	13.31	13.45	13.08	13.11	425061
2021-03-25 12:00	13.11	13.18	12.47	12.80	581307
2021-03-25 16:00	12.79	13.07	12.67	12.98	232031
2021-03-25 20:00	12.98	13.13	12.89	12.98	194459
2021-03-26 00:00	12.98	13.34	12.30	12.69	460302
2021-03-26 04:00	12.69	14.12	12.61	14.01	437980
2021-03-26 08:00	14.01	14.30	13.81	13.96	649107
2021-03-26 12:00	13.97	14.13	13.34	13.94	677498
2021-03-26 16:00	13.95	14.45	13.86	14.27	410958
2021-03-26 20:00	14.27	14.79	14.26	14.77	336459
2021-03-27 00:00	14.78	15.03	14.72	14.88	378696
2021-03-27 04:00	14.88	16.10	14.79	16.03	978215
2021-03-27 08:00	16.04	16.21	15.41	15.62	712827
2021-03-27 12:00	15.62	16.10	15.38	16.00	574764
2021-03-27 16:00	16.01	16.35	15.68	15.89	733698
2021-03-27 20:00	15.89	16.80	15.77	16.46	675719
2021-03-28 00:00	16.45	17.63	16.30	17.22	917714
2021-03-28 04:00	17.24	17.52	16.93	17.52	546968
2021-03-28 08:00	17.51	18.37	17.27	18.30	1102351
2021-03-28 12:00	18.30	19.26	18.10	18.91	1871868
2021-03-28 16:00	18.91	19.38	17.79	18.56	1695576
2021-03-28 20:00	18.56	19.08	17.94	18.06	1066274
2021-03-29 00:00	18.06	18.86	18.03	18.45	621408
2021-03-29 04:00	18.44	18.51	17.64	18.10	580860
2021-03-29 08:00	18.10	18.49	18.06	18.38	556020
2021-03-29 12:00	18.39	18.75	17.99	18.15	530067
2021-03-29 16:00	18.14	19.00	18.03	18.83	469365
2021-03-29 20:00	18.83	18.96	18.47	18.95	306682
2021-03-30 00:00	18.95	20.00	18.91	20.00	955785
2021-03-30 04:00	20.00	20.87	19.73	20.37	878620
2021-03-30 08:00	20.36	20.49	20.00	20.47	582422
2021-03-30 12:00	20.47	20.51	19.37	19.41	455286
2021-03-30 16:00	19.42	19.69	19.10	19.28	539493
2021-03-30 20:00	19.27	19.35	18.95	19.07	396775
2021-03-31 00:00	19.06	19.19	18.22	18.74	484492
2021-03-31 04:00	18.74	19.13	18.50	18.58	507590
2021-03-31 08:00	18.58	19.50	18.00	19.44	585200
2021-03-31 12:00	19.44	19.71	19.28	19.41	474625
2021-03-31 16:00	19.41	19.82	18.88	19.51	472548
2021-03-31 20:00	19.51	19.75	19.33	19.39	260301
2021-04-01 00:00	19.38	19.76	19.23	19.75	237483
2021-04-01 04:00	19.76	20.36	19.67	19.98	567688
2021-04-01 08:00	19.99	20.08	19.07	19.28	474294
2021-04-01 12:00	19.28	19.49	18.99	19.43	332795
2021-04-01 16:00	19.43	19.51	18.74	19.15	427698
2021-04-01 20:00	19.14	19.27	18.99	19.04	190677
2021-04-02 00:00	19.04	19.13	18.35	18.72	463628
2021-04-02 04:00	18.74	19.10	18.63	19.02	212348
2021-04-02 08:00	19.02	19.15	18.93	19.10	187494
2021-04-02 12:00	19.10	19.70	19.01	19.49	378798
2021-04-02 16:00	19.49	19.72	19.00	19.27	307544
2021-04-02 20:00	19.27	19.80	19.26	19.75	223512
2021-04-03 00:00	19.75	21.18	19.72	21.04	591231
2021-04-03 04:00	21.04	21.88	20.82	21.15	706994
2021-04-03 08:00	21.15	22.65	21.15	22.51	1340232
2021-04-03 12:00	22.46	22.80	21.02	21.03	796933
2021-04-03 16:00	21.02	22.53	20.44	22.17	1184625
2021-04-03 20:00	22.16	23.85	21.51	22.50	1646327
2021-04-04 00:00	22.47	23.74	21.99	22.77	1253931
2021-04-04 04:00	22.78	24.50	22.74	23.77	1082133
2021-04-04 08:00	23.77	24.53	23.52	23.68	570436
2021-04-04 12:00	23.68	25.00	23.32	24.74	961564
2021-04-04 16:00	24.76	25.53	23.77	24.12	931686
2021-04-04 20:00	24.11	24.15	23.30	23.78	474814
2021-04-05 00:00	23.78	24.62	23.13	24.33	563145
2021-04-05 04:00	24.32	24.78	22.79	23.18	533355
2021-04-05 08:00	23.18	24.30	22.95	23.82	378738
2021-04-05 12:00	23.82	24.62	23.29	24.12	470167
2021-04-05 16:00	24.10	24.43	23.47	23.55	442647
2021-04-05 20:00	23.55	23.76	22.77	22.97	433186
2021-04-06 00:00	22.99	23.08	22.43	22.73	446339
2021-04-06 04:00	22.74	23.30	22.58	23.03	260497
2021-04-06 08:00	23.03	23.78	22.18	22.81	513134
2021-04-06 12:00	22.81	23.48	21.76	22.77	529735
2021-04-06 16:00	22.74	24.63	22.71	24.22	661627
2021-04-06 20:00	24.22	25.30	24.00	25.05	915188
2021-04-07 00:00	25.05	25.94	23.77	25.17	970397
2021-04-07 04:00	25.18	26.44	24.72	25.33	960565
2021-04-07 08:00	25.30	25.47	22.91	24.00	1148329
2021-04-07 12:00	23.97	27.52	23.11	26.60	2281530
2021-04-07 16:00	26.61	27.27	25.27	26.85	1414555
2021-04-07 20:00	26.88	27.48	26.13	26.54	1040304
2021-04-08 00:00	26.54	27.20	25.90	26.00	748348
2021-04-08 04:00	26.04	27.30	25.96	27.05	677649
2021-04-08 08:00	27.04	28.00	26.47	26.50	961893
2021-04-08 12:00	26.51	27.17	25.64	26.16	1063705
2021-04-08 16:00	26.16	26.96	26.00	26.28	472669
2021-04-08 20:00	26.28	27.00	26.00	26.94	285314
2021-04-09 00:00	26.93	28.00	26.71	27.64	585114
2021-04-09 04:00	27.65	28.36	27.36	28.15	499569
2021-04-09 08:00	28.18	28.78	27.72	28.70	609413
2021-04-09 12:00	28.70	29.00	27.95	28.16	539584
2021-04-09 16:00	28.13	29.00	27.67	28.64	474103
2021-04-09 20:00	28.66	28.75	27.61	27.62	329376
2021-04-10 00:00	27.62	28.29	27.41	27.46	668397
2021-04-10 04:00	27.47	27.78	26.79	27.04	586450
2021-04-10 08:00	27.06	27.97	27.05	27.86	313307
2021-04-10 12:00	27.88	28.20	26.83	27.06	434785
2021-04-10 16:00	27.06	27.60	26.61	26.61	392094
2021-04-10 20:00	26.61	26.89	25.90	26.80	310988
2021-04-11 00:00	26.80	27.00	26.13	26.20	309716
2021-04-11 04:00	26.20	26.42	25.51	26.34	465105
2021-04-11 08:00	26.34	26.52	25.90	26.07	371293
2021-04-11 12:00	26.10	27.96	25.88	27.59	546945
2021-04-11 16:00	27.57	28.64	27.36	28.55	489357
2021-04-11 20:00	28.57	28.65	27.65	27.85	335289
2021-04-12 00:00	27.86	29.93	27.80	28.94	712414
2021-04-12 04:00	28.96	29.44	28.28	28.30	489882
2021-04-12 08:00	28.30	28.74	27.40	28.09	536514
2021-04-12 12:00	28.09	28.48	26.80	27.11	482946
2021-04-12 16:00	27.12	27.73	26.95	27.54	290910
2021-04-12 20:00	27.53	28.60	27.37	28.54	329368
2021-04-13 00:00	28.53	28.82	27.87	27.92	346775
2021-04-13 04:00	27.92	27.95	26.37	26.80	382437
2021-04-13 08:00	26.80	27.28	26.26	26.75	496356
2021-04-13 12:00	26.75	27.96	26.65	27.49	458711
2021-04-13 16:00	27.49	28.21	27.21	27.68	383355
2021-04-13 20:00	27.68	27.91	27.14	27.45	208164
2021-04-14 00:00	27.46	27.56	26.22	26.80	717681
2021-04-14 04:00	26.80	27.30	26.22	26.35	538042
2021-04-14 08:00	26.35	26.87	25.49	25.99	519371
2021-04-14 12:00	26.00	26.23	24.70	25.76	668390
2021-04-14 16:00	25.76	27.16	25.01	25.43	796661
2021-04-14 20:00	25.43	26.60	25.18	26.41	383841
2021-04-15 00:00	26.42	26.67	25.47	25.71	331676
2021-04-15 04:00	25.72	26.90	25.45	26.75	336059
2021-04-15 08:00	26.75	27.00	26.33	26.56	311034
2021-04-15 12:00	26.54	27.69	26.53	27.24	501141
2021-04-15 16:00	27.26	27.54	26.72	27.32	257849
2021-04-15 20:00	27.32	28.20	27.18	27.78	408919
2021-04-16 00:00	27.79	28.26	27.40	27.98	480082
2021-04-16 04:00	27.97	28.14	26.73	26.96	400265
2021-04-16 08:00	26.95	27.20	25.48	26.13	560110
2021-04-16 12:00	26.09	26.21	24.85	25.98	516409
2021-04-16 16:00	25.96	26.00	25.38	25.74	403858
2021-04-16 20:00	25.73	26.00	25.20	25.30	313213
2021-04-17 00:00	25.29	25.83	25.12	25.77	378435
2021-04-17 04:00	25.76	26.28	25.36	26.18	419823
2021-04-17 08:00	26.19	26.79	25.69	25.89	499542
2021-04-17 12:00	25.87	26.75	25.68	25.98	439671
2021-04-17 16:00	25.90	26.34	25.15	25.30	465740
2021-04-17 20:00	25.31	25.67	24.82	24.85	239548
2021-04-18 00:00	24.85	24.98	21.10	22.02	1037089
2021-04-18 04:00	22.00	27.70	21.94	27.24	2077337
2021-04-18 08:00	27.24	28.65	24.89	25.30	2530174
2021-04-18 12:00	25.32	28.29	25.24	28.13	1507298
2021-04-18 16:00	28.12	30.71	27.10	30.20	2164316
2021-04-18 20:00	30.20	32.99	29.42	32.34	2383208
2021-04-19 00:00	32.33	32.63	30.54	31.80	1704589
2021-04-19 04:00	31.80	31.80	30.08	30.78	918773
2021-04-19 08:00	30.80	34.95	29.81	33.85	2240753
2021-04-19 12:00	33.85	34.97	29.97	30.48	2836413
2021-04-19 16:00	30.49	36.10	29.96	34.39	3243331
2021-04-19 20:00	34.41	34.77	31.42	31.47	1131435
2021-04-20 00:00	31.53	31.91	28.81	30.48	1243376
2021-04-20 04:00	30.44	32.80	29.20	29.79	1621771
2021-04-20 08:00	29.79	31.66	29.43	31.26	1316211
2021-04-20 12:00	31.24	31.38	28.97	29.72	991222
2021-04-20 16:00	29.71	32.00	29.42	31.78	1033080
2021-04-20 20:00	31.79	32.45	31.26	31.70	830463
2021-04-21 00:00	31.69	33.90	30.40	32.61	1083669
2021-04-21 04:00	32.59	32.99	31.42	31.75	756075
2021-04-21 08:00	31.74	31.94	30.21	30.73	702467
2021-04-21 12:00	30.75	35.18	30.11	34.36	1767390
2021-04-21 16:00	34.38	34.67	32.92	33.71	878956
2021-04-21 20:00	33.67	34.59	31.71	32.55	1384795
2021-04-22 00:00	32.60	37.00	31.46	35.88	2719837
2021-04-22 04:00	35.87	37.98	35.38	37.80	1591634
2021-04-22 08:00	37.80	37.85	35.54	36.49	1598868
2021-04-22 12:00	36.51	38.97	35.95	38.88	1325857
2021-04-22 16:00	38.88	40.75	36.96	38.29	2926456
2021-04-22 20:00	38.27	41.16	34.00	38.90	3854908
2021-04-23 00:00	38.87	41.74	34.10	36.51	4289655
2021-04-23 04:00	36.56	36.81	32.05	32.22	3120230
2021-04-23 08:00	32.17	35.79	31.49	35.28	2948813
2021-04-23 12:00	35.30	36.80	33.80	34.91	1995172
2021-04-23 16:00	34.87	36.22	33.40	35.79	1070664
2021-04-23 20:00	35.79	37.89	35.77	37.39	1273317
2021-04-24 00:00	37.30	37.80	34.59	35.85	1167419
2021-04-24 04:00	35.84	37.18	35.33	35.91	813766
2021-04-24 08:00	35.93	37.24	35.00	35.31	1081941
2021-04-24 12:00	35.31	37.08	35.01	36.97	852172
2021-04-24 16:00	37.00	42.85	36.30	42.10	3679734
2021-04-24 20:00	42.08	43.64	40.22	40.84	2127779
2021-04-25 00:00	40.85	43.61	40.57	40.99	2038997
2021-04-25 04:00	40.99	41.33	40.97	41.28	1394
2021-04-25 08:00	41.31	43.00	40.84	42.06	1173167
2021-04-25 12:00	42.09	47.00	41.88	46.72	2515458
2021-04-25 16:00	46.66	47.00	43.22	44.03	2269796
2021-04-25 20:00	44.05	48.64	41.65	47.41	3965960
2021-04-26 00:00	47.40	48.30	44.79	47.19	2883360
2021-04-26 04:00	47.17	48.50	45.67	47.86	1599623
2021-04-26 08:00	47.85	48.38	45.31	45.41	1587539
2021-04-26 12:00	45.45	47.50	44.80	46.85	1449482
2021-04-26 16:00	46.86	47.25	44.86	45.33	1176093
2021-04-26 20:00	45.32	45.70	43.27	43.88	2383095
2021-04-27 00:00	43.88	46.61	43.60	45.07	1379971
2021-04-27 04:00	45.09	46.38	44.35	45.65	885504
2021-04-27 08:00	45.65	46.30	44.60	45.14	937217
2021-04-27 12:00	45.13	45.26	42.50	43.90	1785848
2021-04-27 16:00	43.88	44.06	42.54	43.42	1084016
2021-04-27 20:00	43.40	44.65	43.00	43.15	1029314
2021-04-28 00:00	43.15	45.10	42.03	43.16	1383668
2021-04-28 04:00	43.16	43.67	40.52	42.45	1216465
2021-04-28 08:00	42.45	44.15	41.43	44.11	924170
2021-04-28 12:00	44.11	46.56	43.90	45.83	2592311
2021-04-28 16:00	45.83	46.96	45.00	45.60	944598
2021-04-28 20:00	45.60	45.92	43.87	44.83	793880
2021-04-29 00:00	44.83	46.23	42.20	43.21	1344380
2021-04-29 04:00	43.21	44.49	43.04	43.65	772740
2021-04-29 08:00	43.65	44.52	42.60	44.09	1166945
2021-04-29 12:00	44.08	44.69	43.30	44.27	682944
2021-04-29 16:00	44.26	44.75	40.91	41.98	1245771
2021-04-29 20:00	41.98	42.70	41.24	42.48	592623
2021-04-30 00:00	42.45	42.94	41.21	42.26	606310
2021-04-30 04:00	42.31	43.05	42.26	43.00	444420
2021-04-30 08:00	43.01	44.31	42.68	42.96	632868
2021-04-30 12:00	42.96	43.64	42.12	42.63	690567
2021-04-30 16:00	42.63	43.99	42.18	43.73	612166
2021-04-30 20:00	43.74	43.74	42.61	42.79	316369
2021-05-01 00:00	42.79	43.04	42.00	43.03	704147
2021-05-01 04:00	43.03	43.51	42.57	42.83	406981
2021-05-01 08:00	42.83	44.50	42.32	44.40	679312
2021-05-01 12:00	44.39	47.87	43.66	47.36	1587261
2021-05-01 16:00	47.36	49.50	46.60	49.45	1532575
2021-05-01 20:00	49.46	49.88	47.14	49.67	893797
2021-05-02 00:00	49.65	49.99	47.08	47.47	793735
2021-05-02 04:00	47.42	48.40	46.00	46.55	782845
2021-05-02 08:00	46.55	47.68	45.90	46.65	713150
2021-05-02 12:00	46.65	47.50	46.00	47.04	697716
2021-05-02 16:00	47.01	48.23	46.68	47.90	437162
2021-05-02 20:00	47.88	48.09	46.27	46.90	369824
2021-05-03 00:00	46.93	47.92	46.67	47.64	392391
2021-05-03 04:00	47.66	48.97	47.40	48.47	497477
2021-05-03 08:00	48.47	49.00	47.61	48.24	486961
2021-05-03 12:00	48.24	48.60	46.65	47.84	655415
2021-05-03 16:00	47.85	48.00	46.80	47.02	637294
2021-05-03 20:00	47.02	47.04	44.77	45.91	1016490
2021-05-04 00:00	45.94	45.97	43.13	45.02	970861
2021-05-04 04:00	45.00	47.30	44.79	45.94	579620
2021-05-04 08:00	45.92	47.81	45.43	47.07	532203
2021-05-04 12:00	47.07	47.36	43.00	43.59	982662
2021-05-04 16:00	43.60	44.78	42.26	44.55	662748
2021-05-04 20:00	44.55	45.00	42.64	42.64	452486
2021-05-05 00:00	42.64	45.21	42.31	43.87	540949
2021-05-05 04:00	43.88	44.50	42.94	44.50	387107
2021-05-05 08:00	44.50	45.81	44.00	44.39	525513
2021-05-05 12:00	44.36	45.06	43.93	44.19	477379
2021-05-05 16:00	44.19	45.97	44.11	45.96	496942
2021-05-05 20:00	45.95	46.00	44.40	44.98	344954
2021-05-06 00:00	44.97	44.98	43.56	44.19	325753
2021-05-06 04:00	44.19	44.62	43.03	43.85	354951
2021-05-06 08:00	43.83	44.75	43.30	44.54	404398
2021-05-06 12:00	44.54	44.58	43.45	43.71	367847
2021-05-06 16:00	43.72	43.86	42.55	43.80	571715
2021-05-06 20:00	43.77	43.92	43.00	43.50	312621
2021-05-07 00:00	43.50	43.75	41.60	41.99	457246
2021-05-07 04:00	41.99	42.79	41.42	42.25	454708
2021-05-07 08:00	42.25	43.07	41.96	42.70	291264
2021-05-07 12:00	42.70	45.03	42.34	44.95	586567
2021-05-07 16:00	44.94	46.24	43.32	43.77	1127221
2021-05-07 20:00	43.77	44.50	42.23	43.18	342663
2021-05-08 00:00	43.15	43.67	42.28	43.51	237525
2021-05-08 04:00	43.53	43.64	42.68	43.63	257589
2021-05-08 08:00	43.62	44.65	43.52	44.26	389819
2021-05-08 12:00	44.24	45.50	43.41	43.55	639146
2021-05-08 16:00	43.56	45.35	43.52	44.90	456177
2021-05-08 20:00	44.88	46.65	44.28	45.61	558863
2021-05-09 00:00	45.63	47.15	44.54	44.57	598315
2021-05-09 04:00	44.57	46.20	42.60	44.71	750878
2021-05-09 08:00	44.71	45.45	44.28	44.80	391147
2021-05-09 12:00	44.80	44.92	43.29	44.16	465147
2021-05-09 16:00	44.19	45.00	43.99	44.23	453317
2021-05-09 20:00	44.25	44.97	43.97	44.33	436237
2021-05-10 00:00	44.33	45.46	44.17	45.03	350323
2021-05-10 04:00	45.02	45.89	44.75	45.49	331012
2021-05-10 08:00	45.49	45.53	43.63	43.92	382662
2021-05-10 12:00	43.92	44.37	43.07	43.88	375848
2021-05-10 16:00	43.88	43.94	42.00	42.09	451363
2021-05-10 20:00	42.04	44.00	39.00	42.85	978365
2021-05-11 00:00	42.87	42.99	40.00	40.40	544465
2021-05-11 04:00	40.40	41.66	39.70	41.62	388332
2021-05-11 08:00	41.62	42.20	40.15	41.41	483820
2021-05-11 12:00	41.39	41.67	40.05	41.38	417216
2021-05-11 16:00	41.44	43.00	41.25	42.96	344128
2021-05-11 20:00	42.94	45.18	42.65	44.54	580473
2021-05-12 00:00	44.58	45.60	43.99	44.47	491609
2021-05-12 04:00	44.47	45.80	43.68	44.84	467050
2021-05-12 08:00	44.85	46.71	44.65	46.09	822249
2021-05-12 12:00	46.09	48.20	44.92	47.45	1657067
2021-05-12 16:00	47.41	47.81	42.62	44.87	1586381
2021-05-12 20:00	44.85	49.24	42.18	43.71	2568427
2021-05-13 00:00	43.39	45.50	40.00	42.61	1884499
2021-05-13 04:00	42.58	45.03	42.46	44.27	808507
2021-05-13 08:00	44.20	44.58	40.40	41.58	1017174
2021-05-13 12:00	41.55	43.40	41.04	41.40	897597
2021-05-13 16:00	41.42	42.03	37.43	39.06	1803062
2021-05-13 20:00	39.11	41.87	38.70	41.05	751834
2021-05-14 00:00	41.05	42.39	40.22	40.81	673086
2021-05-14 04:00	40.81	41.21	39.90	41.08	409424
2021-05-14 08:00	41.09	43.20	41.08	42.80	726026
2021-05-14 12:00	42.79	44.90	41.86	44.62	648251
2021-05-14 16:00	44.60	44.77	43.12	43.15	463822
2021-05-14 20:00	43.15	43.30	41.41	42.70	501253
2021-05-15 00:00	42.70	43.04	41.72	42.15	372001
2021-05-15 04:00	42.15	42.74	40.51	40.80	427567
2021-05-15 08:00	40.78	41.52	40.28	41.21	386253
2021-05-15 12:00	41.19	41.90	40.03	41.35	456632
2021-05-15 16:00	41.36	42.28	39.31	42.28	773218
2021-05-15 20:00	42.28	45.50	41.84	43.49	941459
2021-05-16 00:00	43.46	47.87	43.06	47.61	1454371
2021-05-16 04:00	47.61	47.84	45.77	46.47	717226
2021-05-16 08:00	46.46	48.00	45.93	47.18	757036
2021-05-16 12:00	47.19	52.60	46.96	48.49	3807952
2021-05-16 16:00	48.46	49.90	41.60	43.65	3542535
2021-05-16 20:00	43.64	50.00	42.20	46.85	2883769
2021-05-17 00:00	46.85	47.67	43.51	44.03	1685632
2021-05-17 04:00	44.00	51.10	43.01	50.57	3076781
2021-05-17 08:00	50.61	51.59	47.70	50.14	2092176
2021-05-17 12:00	50.17	50.54	47.62	48.55	1602040
2021-05-17 16:00	48.52	51.99	45.69	49.16	4317155
2021-05-17 20:00	49.12	50.00	46.00	46.71	1065315
2021-05-18 00:00	46.75	48.41	46.05	47.74	1079502
2021-05-18 04:00	47.73	51.98	47.50	51.96	1638682
2021-05-18 08:00	51.94	55.14	51.51	54.52	2287841
2021-05-18 12:00	54.51	55.04	51.00	53.41	2515659
2021-05-18 16:00	53.39	58.38	53.03	55.16	3605026
2021-05-18 20:00	55.19	56.97	53.52	55.98	1411860
2021-05-19 00:00	55.97	57.69	50.93	51.97	2511703
2021-05-19 04:00	51.97	52.68	44.00	50.86	4410240
2021-05-19 08:00	50.87	51.00	38.60	43.97	3598073
2021-05-19 12:00	43.94	47.30	26.50	46.32	6755614
2021-05-19 16:00	46.33	47.50	40.00	40.86	2761486
2021-05-19 20:00	40.84	41.63	34.95	34.99	2222876
2021-05-20 00:00	34.99	39.71	32.00	36.45	2775325
2021-05-20 04:00	36.45	42.48	35.93	41.68	2252055
2021-05-20 08:00	41.67	44.11	39.29	43.24	1736397
2021-05-20 12:00	43.21	46.40	42.45	45.88	2285641
2021-05-20 16:00	45.88	53.00	42.00	44.83	6931554
2021-05-20 20:00	44.87	48.30	43.84	44.42	1888862
2021-05-21 00:00	44.37	47.70	44.31	45.45	1435775
2021-05-21 04:00	45.45	45.76	42.94	43.96	1830253
2021-05-21 08:00	43.97	44.32	41.00	42.21	1857129
2021-05-21 12:00	42.18	42.67	35.70	36.92	3956104
2021-05-21 16:00	36.91	40.20	36.40	38.16	2350261
2021-05-21 20:00	38.11	38.99	33.67	38.92	2311204
2021-05-22 00:00	38.92	40.00	36.66	37.68	1455231
2021-05-22 04:00	37.69	38.25	34.61	35.15	2104741
2021-05-22 08:00	35.16	37.87	35.16	36.95	1656211
2021-05-22 12:00	36.98	38.33	34.65	35.37	1576780
2021-05-22 16:00	35.36	35.50	31.13	31.35	2275581
2021-05-22 20:00	31.35	33.74	31.15	31.22	1053579
2021-05-23 00:00	31.22	32.40	29.08	30.25	2157681
2021-05-23 04:00	30.24	30.41	25.70	26.66	2924216
2021-05-23 08:00	26.68	26.86	21.34	25.67	7236606
2021-05-23 12:00	25.63	26.25	22.00	22.90	4401731
2021-05-23 16:00	22.90	23.56	19.12	22.94	5934743
2021-05-23 20:00	22.93	26.40	22.50	24.54	3132200
2021-05-24 00:00	24.53	27.57	24.50	26.63	2408878
2021-05-24 04:00	26.65	28.85	25.85	28.53	2635940
2021-05-24 08:00	28.55	31.00	27.07	30.28	3824811
2021-05-24 12:00	30.30	32.00	29.12	30.29	3165941
2021-05-24 16:00	30.31	32.00	28.60	31.93	2040144
2021-05-24 20:00	31.86	32.19	29.81	31.42	1338613
2021-05-25 00:00	31.42	33.20	28.71	29.19	1976967
2021-05-25 04:00	29.17	30.15	27.62	29.57	1896423
2021-05-25 08:00	29.60	29.63	25.92	26.31	2222232
2021-05-25 12:00	26.28	29.67	26.11	29.50	2084146
2021-05-25 16:00	29.58	29.97	28.15	28.38	1117289
2021-05-25 20:00	28.41	31.29	28.31	29.97	1003901
2021-05-26 00:00	29.99	32.50	28.86	32.49	1790439
2021-05-26 04:00	32.50	35.65	31.40	35.03	2261702
2021-05-26 08:00	35.04	36.35	32.99	36.18	1927257
2021-05-26 12:00	36.19	37.25	33.24	34.30	2565896
2021-05-26 16:00	34.29	35.23	32.68	33.53	1297287
2021-05-26 20:00	33.54	35.77	33.37	35.43	758786
2021-05-27 00:00	35.43	35.59	30.98	31.85	1386222
2021-05-27 04:00	31.85	33.46	31.42	33.13	758746
2021-05-27 08:00	33.15	35.24	32.35	35.05	1039599
2021-05-27 12:00	35.05	35.27	33.76	34.17	967822
2021-05-27 16:00	34.14	34.57	32.78	34.44	625673
2021-05-27 20:00	34.47	35.45	33.39	33.75	920815
2021-05-28 00:00	33.76	34.55	33.02	33.82	526188
2021-05-28 04:00	33.83	33.85	30.00	31.05	1268412
2021-05-28 08:00	31.03	31.28	28.21	28.48	1583899
2021-05-28 12:00	28.51	31.84	28.27	31.15	1318906
2021-05-28 16:00	31.15	31.50	30.19	30.82	663278
2021-05-28 20:00	30.80	31.24	28.00	28.99	1010068
2021-05-29 00:00	28.99	29.99	28.63	29.45	521350
2021-05-29 04:00	29.45	30.07	28.44	29.14	636659
2021-05-29 08:00	29.13	29.39	27.64	28.73	776833
2021-05-29 12:00	28.75	28.75	26.38	26.98	858226
2021-05-29 16:00	26.98	27.52	25.71	26.04	630459
2021-05-29 20:00	26.04	27.68	25.70	27.39	488047
2021-05-30 00:00	27.41	27.67	25.59	26.76	725737
2021-05-30 04:00	26.80	29.61	26.68	29.58	852148
2021-05-30 08:00	29.58	29.78	28.52	29.41	707384
2021-05-30 12:00	29.41	29.47	27.39	27.80	663765
2021-05-30 16:00	27.80	29.44	27.58	29.11	572488
2021-05-30 20:00	29.09	29.49	28.42	28.59	442743
2021-05-31 00:00	28.57	29.03	27.49	28.06	436845
2021-05-31 04:00	28.04	30.79	27.64	30.60	732970
2021-05-31 08:00	30.60	32.41	30.30	31.55	1460319
2021-05-31 12:00	31.55	32.80	30.53	32.65	1114307
2021-05-31 16:00	32.64	33.01	31.30	31.61	967717
2021-05-31 20:00	31.61	32.98	31.35	32.75	461154
2021-06-01 00:00	32.76	32.92	31.24	32.21	712756
2021-06-01 04:00	32.21	33.28	31.90	32.12	700013
2021-06-01 08:00	32.12	32.33	30.60	32.06	824235
2021-06-01 12:00	32.06	32.29	30.81	31.19	777612
2021-06-01 16:00	31.20	31.46	29.85	30.08	627013
2021-06-01 20:00	30.09	31.14	30.00	30.94	405259
2021-06-02 00:00	30.93	31.26	30.40	31.04	318816
2021-06-02 04:00	31.01	31.87	30.84	31.72	436949
2021-06-02 08:00	31.70	32.57	31.40	32.42	630420
2021-06-02 12:00	32.42	34.24	32.39	33.65	1333372
2021-06-02 16:00	33.63	35.13	33.39	34.17	1159625
2021-06-02 20:00	34.17	34.70	33.35	33.99	670132
2021-06-03 00:00	33.99	35.83	33.74	35.53	815477
2021-06-03 04:00	35.53	37.37	35.15	36.67	1010730
2021-06-03 08:00	36.65	37.67	36.24	36.76	1013533
2021-06-03 12:00	36.75	39.77	36.01	38.49	2299818
2021-06-03 16:00	38.50	39.90	38.02	39.49	1243150
2021-06-03 20:00	39.49	41.52	39.26	39.60	1479540
2021-06-04 00:00	39.60	39.74	36.95	38.84	1849520
2021-06-04 04:00	38.84	39.22	34.86	36.72	1698366
2021-06-04 08:00	36.71	38.08	34.97	35.58	1599078
2021-06-04 12:00	35.57	38.49	34.19	38.17	1832822
2021-06-04 16:00	38.17	38.81	37.00	37.76	1140458
2021-06-04 20:00	37.77	39.13	36.73	37.34	705595
2021-06-05 00:00	37.36	42.50	36.98	41.45	1777598
2021-06-05 04:00	41.44	42.79	41.31	41.51	1126945
2021-06-05 08:00	41.53	41.94	39.32	40.04	1739135
2021-06-05 12:00	40.02	41.55	39.09	40.51	1780077
2021-06-05 16:00	40.50	40.68	39.23	39.50	939279
2021-06-05 20:00	39.48	40.14	37.47	39.63	1291812
2021-06-06 00:00	39.66	40.65	38.91	39.69	857838
2021-06-06 04:00	39.70	40.48	39.15	39.75	606786
2021-06-06 08:00	39.74	41.49	39.74	40.56	926424
2021-06-06 12:00	40.57	43.00	40.19	42.84	1673806
2021-06-06 16:00	42.84	43.40	41.40	41.65	1249359
2021-06-06 20:00	41.62	42.97	41.45	42.21	837472
2021-06-07 00:00	42.20	43.95	41.69	42.60	1135416
2021-06-07 04:00	42.60	44.00	42.31	43.75	1009418
2021-06-07 08:00	43.77	44.20	43.01	43.30	870252
2021-06-07 12:00	43.29	44.08	41.84	42.18	1273022
2021-06-07 16:00	42.18	42.80	41.14	42.80	1206772
2021-06-07 20:00	42.78	42.97	37.80	38.24	2555175
2021-06-08 00:00	38.20	39.78	35.21	37.52	2431811
2021-06-08 04:00	37.50	38.09	34.71	36.80	2887435
2021-06-08 08:00	36.81	38.15	35.40	37.25	2153990
2021-06-08 12:00	37.26	37.50	33.60	36.68	3566619
2021-06-08 16:00	36.67	41.44	36.50	41.15	3532221
2021-06-08 20:00	41.15	42.60	40.01	41.25	2330491
2021-06-09 00:00	41.25	41.78	39.29	40.58	1844912
2021-06-09 04:00	40.57	43.98	39.63	42.98	2304331
2021-06-09 08:00	42.99	43.90	42.05	43.55	1890300
2021-06-09 12:00	43.56	44.00	41.32	42.54	2493555
2021-06-09 16:00	42.52	43.17	40.97	41.75	1516834
2021-06-09 20:00	41.75	42.78	41.52	42.03	714342
2021-06-10 00:00	42.03	42.08	40.60	40.72	855119
2021-06-10 04:00	40.74	42.40	40.62	42.12	765924
2021-06-10 08:00	42.13	43.10	41.07	41.98	1115459
2021-06-10 12:00	41.97	42.28	40.80	41.11	768230
2021-06-10 16:00	41.12	41.55	39.46	40.95	1142651
2021-06-10 20:00	40.95	41.50	40.00	41.11	507749
2021-06-11 00:00	41.09	41.38	39.28	40.17	671753
2021-06-11 04:00	40.17	40.36	38.32	38.73	831774
2021-06-11 08:00	38.73	39.85	38.66	39.31	579990
2021-06-11 12:00	39.35	39.99	37.75	37.80	663028
2021-06-11 16:00	37.81	38.27	36.81	37.14	925630
2021-06-11 20:00	37.14	37.31	35.07	36.16	1088841
2021-06-12 00:00	36.13	36.19	34.10	35.43	1097024
2021-06-12 04:00	35.43	36.50	34.56	36.12	1204627
2021-06-12 08:00	36.09	36.70	35.00	36.62	1069903
2021-06-12 12:00	36.65	37.64	36.13	36.59	871252
2021-06-12 16:00	36.59	37.32	36.38	36.44	496617
2021-06-12 20:00	36.47	37.60	36.28	36.48	456842
2021-06-13 00:00	36.49	37.35	35.53	35.75	435064
2021-06-13 04:00	35.75	36.27	35.30	35.74	495825
2021-06-13 08:00	35.74	36.38	35.51	35.86	448064
2021-06-13 12:00	35.85	36.16	34.72	34.97	491389
2021-06-13 16:00	34.96	39.00	34.91	38.10	1358487
2021-06-13 20:00	38.10	39.44	38.10	38.71	834527
2021-06-14 00:00	38.71	39.24	37.65	37.87	658926
2021-06-14 04:00	37.88	38.28	37.62	37.78	509003
2021-06-14 08:00	37.79	37.86	36.98	37.32	529937
2021-06-14 12:00	37.32	40.01	36.63	39.86	1440758
2021-06-14 16:00	39.88	40.56	38.46	39.00	1078863
2021-06-14 20:00	39.01	39.88	38.64	39.69	372682
2021-06-15 00:00	39.70	40.99	39.32	40.55	659589
2021-06-15 04:00	40.55	41.34	40.36	41.29	657847
2021-06-15 08:00	41.31	41.74	40.03	40.54	827938
2021-06-15 12:00	40.52	41.02	39.46	39.98	522904
2021-06-15 16:00	40.00	41.53	39.89	40.04	678268
2021-06-15 20:00	40.05	40.32	39.15	39.54	379480
2021-06-16 00:00	39.51	39.53	38.69	39.04	359333
2021-06-16 04:00	39.05	39.92	38.89	39.44	330908
2021-06-16 08:00	39.44	39.79	37.70	38.08	548393
2021-06-16 12:00	38.08	39.79	37.46	39.54	883911
2021-06-16 16:00	39.53	41.75	38.57	39.50	2355592
2021-06-16 20:00	39.50	40.52	38.73	39.73	577221
2021-06-17 00:00	39.73	40.56	39.44	40.29	455542
2021-06-17 04:00	40.30	41.04	39.80	41.01	470722
2021-06-17 08:00	41.01	41.26	40.41	40.65	457182
2021-06-17 12:00	40.67	40.75	39.42	40.27	629116
2021-06-17 16:00	40.27	40.39	38.21	39.29	807391
2021-06-17 20:00	39.28	39.64	38.56	39.27	454693
2021-06-18 00:00	39.26	39.34	38.20	39.17	285402
2021-06-18 04:00	39.19	39.50	38.55	39.02	270236
2021-06-18 08:00	39.02	39.13	37.83	38.22	534298
2021-06-18 12:00	38.23	38.29	35.49	35.55	1327729
2021-06-18 16:00	35.54	36.84	34.90	35.41	905822
2021-06-18 20:00	35.41	36.86	35.29	36.82	453680
2021-06-19 00:00	36.80	37.32	35.01	35.68	580915
2021-06-19 04:00	35.68	36.40	35.31	36.33	290852
2021-06-19 08:00	36.33	36.46	35.77	36.34	264464
2021-06-19 12:00	36.35	36.95	35.85	36.27	394858
2021-06-19 16:00	36.27	36.39	34.90	35.57	399528
2021-06-19 20:00	35.55	36.04	35.10	35.19	286043
2021-06-20 00:00	35.20	35.43	34.33	34.97	306888
2021-06-20 04:00	34.97	35.64	34.87	35.32	188856
2021-06-20 08:00	35.33	35.43	32.24	32.49	1001792
2021-06-20 12:00	32.49	34.50	31.30	33.76	1292023
2021-06-20 16:00	33.76	35.48	33.48	35.02	656531
2021-06-20 20:00	35.03	35.95	34.74	35.26	492755
2021-06-21 00:00	35.25	35.50	32.57	32.77	532611
2021-06-21 04:00	32.77	33.39	30.18	31.07	1583740
2021-06-21 08:00	31.06	31.87	28.35	30.50	2025290
2021-06-21 12:00	30.50	31.40	29.01	29.64	1610681
2021-06-21 16:00	29.68	30.02	27.51	28.58	1074826
2021-06-21 20:00	28.60	28.75	25.93	26.59	1386792
2021-06-22 00:00	26.60	28.81	25.00	27.94	2069745
2021-06-22 04:00	27.97	28.11	26.05	26.50	836130
2021-06-22 08:00	26.50	26.53	22.01	22.04	2430131
2021-06-22 12:00	22.06	26.75	20.19	25.66	6209855
2021-06-22 16:00	25.67	28.29	25.48	26.45	2991233
2021-06-22 20:00	26.44	27.87	25.76	26.96	1251756
2021-06-23 00:00	26.96	31.32	25.63	29.97	3040185
2021-06-23 04:00	29.95	30.96	29.53	30.64	1573771
2021-06-23 08:00	30.63	31.85	30.03	30.99	1585096
2021-06-23 12:00	30.99	32.90	28.95	29.06	2873206
2021-06-23 16:00	29.06	30.80	28.36	28.45	1739648
2021-06-23 20:00	28.45	31.04	28.30	30.84	1154428
2021-06-24 00:00	30.84	31.28	28.50	28.98	1576982
2021-06-24 04:00	28.98	29.95	28.48	29.43	916248
2021-06-24 08:00	29.44	30.81	29.32	30.73	912711
2021-06-24 12:00	30.73	31.63	30.00	30.72	1250586
2021-06-24 16:00	30.73	33.00	30.27	32.11	1796983
2021-06-24 20:00	32.11	32.50	31.14	31.14	760608
2021-06-25 00:00	31.14	32.80	31.10	32.68	993272
2021-06-25 04:00	32.65	32.99	30.82	31.27	917418
2021-06-25 08:00	31.26	31.83	29.39	29.57	1276181
2021-06-25 12:00	29.59	30.79	28.65	29.06	1804434
2021-06-25 16:00	29.07	29.78	27.95	29.42	1648585
2021-06-25 20:00	29.42	29.67	28.31	28.64	653281
2021-06-26 00:00	28.62	30.18	28.32	29.20	1134230
2021-06-26 04:00	29.22	30.00	27.17	27.31	1009371
2021-06-26 08:00	27.29	29.01	26.66	28.81	1846438
2021-06-26 12:00	28.79	28.99	27.10	28.43	1239721
2021-06-26 16:00	28.41	28.62	27.43	28.28	724777
2021-06-26 20:00	28.26	29.75	27.66	29.70	538468
2021-06-27 00:00	29.69	30.93	29.19	30.65	1240101
2021-06-27 04:00	30.66	30.86	29.62	30.61	842029
2021-06-27 08:00	30.61	30.85	29.77	30.45	1025049
2021-06-27 12:00	30.46	31.20	29.99	30.17	1250525
2021-06-27 16:00	30.17	30.50	29.60	29.92	511130
2021-06-27 20:00	29.92	31.95	29.62	31.90	982403
2021-06-28 00:00	31.88	32.00	30.96	31.44	518571
2021-06-28 04:00	31.44	32.75	31.07	32.55	619173
2021-06-28 08:00	32.54	32.96	31.45	31.58	949710
2021-06-28 12:00	31.59	34.34	31.31	34.03	1306676
2021-06-28 16:00	34.05	34.08	32.83	33.53	1000830
2021-06-28 20:00	33.52	34.31	32.55	33.00	601791
2021-06-29 00:00	33.02	33.81	32.67	33.13	425454
2021-06-29 04:00	33.13	34.00	32.97	33.48	551266
2021-06-29 08:00	33.48	34.50	33.27	34.31	797611
2021-06-29 12:00	34.32	35.84	34.15	35.28	1426916
2021-06-29 16:00	35.28	35.69	34.57	34.80	616648
2021-06-29 20:00	34.80	35.00	33.66	33.97	658414
2021-06-30 00:00	33.97	34.25	32.10	32.24	782062
2021-06-30 04:00	32.24	33.54	31.77	33.52	919706
2021-06-30 08:00	33.51	33.80	32.06	33.01	829094
2021-06-30 12:00	33.02	33.30	31.56	31.92	665112
2021-06-30 16:00	31.91	34.49	31.62	34.32	803912
2021-06-30 20:00	34.32	36.00	33.85	35.51	1361561
2021-07-01 00:00	35.51	35.57	33.62	33.79	666708
2021-07-01 04:00	33.78	34.96	32.35	32.39	1002404
2021-07-01 08:00	32.39	34.35	32.17	34.26	896523
2021-07-01 12:00	34.26	34.35	32.84	33.49	843363
2021-07-01 16:00	33.48	34.23	33.03	33.69	620988
2021-07-01 20:00	33.68	34.28	33.26	33.27	458962
2021-07-02 00:00	33.27	34.02	31.98	32.20	676796
2021-07-02 04:00	32.17	32.73	31.37	32.48	1059319
2021-07-02 08:00	32.49	32.75	31.49	31.89	599331
2021-07-02 12:00	31.89	33.00	31.73	32.98	830098
2021-07-02 16:00	32.99	33.31	32.61	33.26	593727
2021-07-02 20:00	33.26	34.22	32.65	34.00	564950
2021-07-03 00:00	34.00	34.31	33.22	33.52	510778
2021-07-03 04:00	33.52	35.00	33.33	34.78	606569
2021-07-03 08:00	34.77	35.41	34.55	35.10	652939
2021-07-03 12:00	35.10	35.30	34.46	34.82	562031
2021-07-03 16:00	34.82	35.20	34.64	34.83	321719
2021-07-03 20:00	34.84	34.90	33.90	34.50	409394
2021-07-04 00:00	34.50	34.55	33.53	33.82	272442
2021-07-04 04:00	33.82	35.45	33.74	35.34	689611
2021-07-04 08:00	35.34	35.53	34.90	35.17	368627
2021-07-04 12:00	35.17	35.25	34.35	34.90	523014
2021-07-04 16:00	34.90	35.28	34.85	35.02	427439
2021-07-04 20:00	35.02	35.33	34.05	34.28	691106
2021-07-05 00:00	34.28	34.38	33.45	33.63	448932
2021-07-05 04:00	33.63	34.21	33.27	33.99	350477
2021-07-05 08:00	34.00	34.49	32.94	33.17	538525
2021-07-05 12:00	33.16	33.66	32.63	32.77	736110
2021-07-05 16:00	32.77	33.44	32.37	33.24	614004
2021-07-05 20:00	33.24	33.67	32.81	32.91	320963
2021-07-06 00:00	32.91	33.47	32.88	33.35	290940
2021-07-06 04:00	33.34	34.40	33.32	34.22	474457
2021-07-06 08:00	34.23	35.04	33.31	33.72	846297
2021-07-06 12:00	33.72	34.58	33.40	33.82	893653
2021-07-06 16:00	33.82	33.88	33.20	33.69	420289
2021-07-06 20:00	33.70	34.42	33.23	34.23	364085
2021-07-07 00:00	34.22	34.86	33.82	34.80	492660
2021-07-07 04:00	34.81	35.39	34.54	35.00	487958
2021-07-07 08:00	35.00	37.20	34.58	36.95	1276828
2021-07-07 12:00	36.95	37.60	36.09	36.26	981594
2021-07-07 16:00	36.26	38.10	36.22	37.55	733674
2021-07-07 20:00	37.55	37.77	36.27	36.67	636565
2021-07-08 00:00	36.67	36.93	35.56	36.61	837482
2021-07-08 04:00	36.63	36.82	33.86	34.18	1432930
2021-07-08 08:00	34.17	35.12	33.75	34.98	741325
2021-07-08 12:00	34.97	35.31	33.70	34.34	663792
2021-07-08 16:00	34.34	34.42	33.50	33.98	479652
2021-07-08 20:00	33.98	34.07	32.65	33.14	339868
2021-07-09 00:00	33.13	33.78	31.98	33.41	567679
2021-07-09 04:00	33.40	33.65	32.64	32.97	365538
2021-07-09 08:00	32.96	33.17	32.33	32.47	241920
2021-07-09 12:00	32.45	34.46	32.20	33.92	805282
2021-07-09 16:00	33.94	34.14	32.76	32.95	422685
2021-07-09 20:00	32.95	33.78	32.83	33.32	407181
2021-07-10 00:00	33.32	34.22	33.05	33.28	330532
2021-07-10 04:00	33.28	33.61	32.79	33.36	220010
2021-07-10 08:00	33.37	33.69	32.46	32.78	323891
2021-07-10 12:00	32.78	33.32	32.16	32.36	975898
2021-07-10 16:00	32.35	32.83	31.48	31.82	645258
2021-07-10 20:00	31.80	32.00	31.03	31.69	342506
2021-07-11 00:00	31.72	32.19	31.55	31.69	261711
2021-07-11 04:00	31.68	32.07	31.30	31.63	387197
2021-07-11 08:00	31.63	32.35	31.48	32.21	332798
2021-07-11 12:00	32.22	32.57	31.81	32.39	365595
2021-07-11 16:00	32.39	32.42	31.93	32.00	285587
2021-07-11 20:00	32.00	32.54	31.85	32.18	311954
2021-07-12 00:00	32.17	32.70	31.95	32.53	230895
2021-07-12 04:00	32.55	32.68	32.10	32.20	314257
2021-07-12 08:00	32.21	32.33	31.25	31.35	361619
2021-07-12 12:00	31.35	31.68	31.07	31.08	295159
2021-07-12 16:00	31.08	31.20	30.01	30.36	735791
2021-07-12 20:00	30.35	31.01	30.10	30.77	313544
2021-07-13 00:00	30.77	31.10	30.48	30.80	147735
2021-07-13 04:00	30.82	31.01	30.01	30.49	239598
2021-07-13 08:00	30.50	30.80	30.04	30.13	228433
2021-07-13 12:00	30.12	30.32	29.11	30.26	587712
2021-07-13 16:00	30.26	30.33	28.96	29.03	384375
2021-07-13 20:00	29.03	29.53	28.81	29.14	249303
2021-07-14 00:00	29.15	29.28	27.71	28.16	420393
2021-07-14 04:00	28.15	28.36	27.36	28.10	455768
2021-07-14 08:00	28.10	29.43	27.54	29.00	686926
2021-07-14 12:00	29.00	31.20	28.76	30.58	1102776
2021-07-14 16:00	30.58	31.50	30.35	30.50	508781
2021-07-14 20:00	30.50	31.39	30.48	31.37	259566
2021-07-15 00:00	31.37	31.49	30.56	30.58	383809
2021-07-15 04:00	30.59	30.87	29.55	30.37	672108
2021-07-15 08:00	30.37	30.84	29.11	29.14	941048
2021-07-15 12:00	29.14	29.57	28.75	28.77	668019
2021-07-15 16:00	28.77	28.90	27.98	28.66	538728
2021-07-15 20:00	28.66	29.04	28.07	28.55	439321
2021-07-16 00:00	28.56	29.48	28.14	29.16	422626
2021-07-16 04:00	29.17	29.48	28.14	28.33	286050
2021-07-16 08:00	28.33	28.34	27.00	27.15	530815
2021-07-16 12:00	27.13	28.38	27.10	28.33	807901
2021-07-16 16:00	28.32	28.35	27.03	27.15	399691
2021-07-16 20:00	27.13	27.30	26.20	26.27	476515
2021-07-17 00:00	26.27	26.86	26.00	26.23	481698
2021-07-17 04:00	26.23	26.86	26.11	26.63	290035
2021-07-17 08:00	26.63	27.16	25.98	26.45	415836
2021-07-17 12:00	26.45	26.70	26.22	26.53	274673
2021-07-17 16:00	26.53	27.26	26.37	27.13	304484
2021-07-17 20:00	27.14	27.84	26.59	26.80	355685
2021-07-18 00:00	26.79	27.76	26.67	27.50	370246
2021-07-18 04:00	27.50	27.53	26.74	26.89	217019
2021-07-18 08:00	26.90	27.44	26.85	27.39	242344
2021-07-18 12:00	27.38	27.48	26.23	26.59	517176
2021-07-18 16:00	26.58	26.92	26.48	26.79	168603
2021-07-18 20:00	26.77	27.22	26.36	26.67	212235
2021-07-19 00:00	26.68	26.71	25.60	25.96	379404
2021-07-19 04:00	25.96	26.20	25.67	25.72	307261
2021-07-19 08:00	25.72	25.87	24.79	24.80	705524
2021-07-19 12:00	24.80	25.00	23.98	24.19	1073437
2021-07-19 16:00	24.19	24.55	24.02	24.38	340715
2021-07-19 20:00	24.40	24.86	24.25	24.51	324861
2021-07-20 00:00	24.52	24.98	22.72	22.86	965283
2021-07-20 04:00	22.86	23.20	22.72	23.10	439460
2021-07-20 08:00	23.10	23.25	22.10	22.89	661226
2021-07-20 12:00	22.89	23.94	22.61	23.80	691583
2021-07-20 16:00	23.80	24.06	23.33	23.81	421734
2021-07-20 20:00	23.81	24.12	23.21	23.47	376166
2021-07-21 00:00	23.48	24.09	22.80	24.06	625314
2021-07-21 04:00	24.06	26.00	24.04	25.71	1008577
2021-07-21 08:00	25.70	26.52	25.34	26.21	755944
2021-07-21 12:00	26.21	27.10	25.75	26.95	711929
2021-07-21 16:00	26.96	27.46	25.23	25.53	1054567
2021-07-21 20:00	25.54	26.73	25.27	26.70	405685
2021-07-22 00:00	26.71	27.15	25.91	26.30	428919
2021-07-22 04:00	26.31	27.29	26.20	27.02	447904
2021-07-22 08:00	27.04	27.60	26.52	26.73	547284
2021-07-22 12:00	26.74	27.80	26.32	27.80	537540
2021-07-22 16:00	27.80	28.17	27.66	27.89	409188
2021-07-22 20:00	27.89	28.00	27.28	27.70	272974
2021-07-23 00:00	27.70	28.71	27.28	28.28	472379
2021-07-23 04:00	28.28	28.61	27.42	27.92	557690
2021-07-23 08:00	27.93	27.93	27.09	27.54	521336
2021-07-23 12:00	27.52	27.87	26.70	26.88	472721
2021-07-23 16:00	26.88	26.89	26.39	26.61	464654
2021-07-23 20:00	26.61	28.54	26.55	28.52	551765
2021-07-24 00:00	28.53	29.00	28.25	28.70	436967
2021-07-24 04:00	28.71	29.52	28.53	28.75	572202
2021-07-24 08:00	28.75	29.14	28.22	28.66	540681
2021-07-24 12:00	28.66	28.96	28.31	28.40	284080
2021-07-24 16:00	28.39	29.55	28.26	28.43	598728
2021-07-24 20:00	28.41	28.73	28.01	28.62	245478
2021-07-25 00:00	28.63	28.90	27.70	27.90	358964
2021-07-25 04:00	27.91	28.79	27.66	28.61	415929
2021-07-25 08:00	28.61	28.79	27.91	27.99	289849
2021-07-25 12:00	28.00	28.00	26.50	27.36	806695
2021-07-25 16:00	27.35	27.74	26.98	27.54	236052
2021-07-25 20:00	27.53	28.25	27.36	28.25	243528
2021-07-26 00:00	28.25	31.12	28.00	30.11	1825161
2021-07-26 04:00	30.11	30.90	29.35	29.72	1048221
2021-07-26 08:00	29.72	30.20	29.24	30.04	877309
2021-07-26 12:00	30.05	30.49	29.54	30.09	642462
2021-07-26 16:00	30.07	30.90	29.58	29.69	719216
2021-07-26 20:00	29.66	29.79	27.83	28.18	1109347
2021-07-27 00:00	28.18	28.58	27.12	27.60	538694
2021-07-27 04:00	27.62	27.98	27.44	27.88	309683
2021-07-27 08:00	27.87	28.78	27.72	28.66	420180
2021-07-27 12:00	28.67	28.95	27.43	27.70	971047
2021-07-27 16:00	27.70	27.85	26.89	27.24	460371
2021-07-27 20:00	27.23	28.19	27.23	28.10	308423
2021-07-28 00:00	28.12	28.59	27.54	27.97	438937
2021-07-28 04:00	27.96	28.23	27.35	28.06	399023
2021-07-28 08:00	28.06	28.74	27.72	28.61	473222
2021-07-28 12:00	28.61	28.76	27.83	28.28	385875
2021-07-28 16:00	28.28	28.52	27.42	28.00	432226
2021-07-28 20:00	27.99	28.08	27.50	27.88	200644
2021-07-29 00:00	27.89	27.89	27.32	27.61	210248
2021-07-29 04:00	27.61	28.48	27.56	28.15	264574
2021-07-29 08:00	28.15	28.69	28.00	28.13	366296
2021-07-29 12:00	28.14	30.00	27.90	29.59	724426
2021-07-29 16:00	29.59	31.67	29.59	31.37	1176628
2021-07-29 20:00	31.36	31.89	30.85	31.24	949900
2021-07-30 00:00	31.24	33.08	30.72	32.75	997732
2021-07-30 04:00	32.75	32.91	31.73	32.06	587619
2021-07-30 08:00	32.06	32.10	29.91	30.92	1368225
2021-07-30 12:00	30.92	31.18	30.18	31.02	635043
2021-07-30 16:00	31.03	31.85	30.43	31.79	720772
2021-07-30 20:00	31.80	32.57	31.64	32.35	661293
2021-07-31 00:00	32.35	33.78	31.95	32.61	675790
2021-07-31 04:00	32.62	32.68	31.65	32.19	428103
2021-07-31 08:00	32.19	34.80	32.16	34.62	1108623
2021-07-31 12:00	34.64	34.98	33.70	34.25	713134
2021-07-31 16:00	34.24	34.80	33.60	34.38	488281
2021-07-31 20:00	34.38	37.00	34.28	36.74	906239
2021-08-01 00:00	36.74	36.82	35.10	36.09	822880
2021-08-01 04:00	36.09	36.18	35.11	35.31	449754
2021-08-01 08:00	35.31	36.00	34.65	35.12	501050
2021-08-01 12:00	35.12	35.99	35.00	35.47	372455
2021-08-01 16:00	35.48	35.71	34.28	35.53	545021
2021-08-01 20:00	35.55	36.25	33.17	34.17	799840
2021-08-02 00:00	34.18	35.07	33.32	34.81	489472
2021-08-02 04:00	34.81	35.95	34.26	35.42	439082
2021-08-02 08:00	35.41	35.62	34.50	34.58	350877
2021-08-02 12:00	34.57	34.72	33.55	33.82	890894
2021-08-02 16:00	33.82	34.06	33.50	33.67	548462
2021-08-02 20:00	33.68	33.75	33.00	33.17	387119
2021-08-03 00:00	33.18	33.67	32.72	33.22	394719
2021-08-03 04:00	33.21	33.55	32.33	33.53	418771
2021-08-03 08:00	33.52	34.62	33.02	34.37	595571
2021-08-03 12:00	34.37	35.90	33.69	34.92	1228712
2021-08-03 16:00	34.92	35.51	34.39	34.66	487334
2021-08-03 20:00	34.66	34.76	33.80	34.10	365109
2021-08-04 00:00	34.09	34.43	33.49	33.74	398895
2021-08-04 04:00	33.74	34.40	33.49	33.71	373395
2021-08-04 08:00	33.70	34.42	33.24	34.35	378437
2021-08-04 12:00	34.35	35.64	34.33	35.36	793523
2021-08-04 16:00	35.37	36.50	35.35	36.23	568028
2021-08-04 20:00	36.25	36.66	35.72	35.76	335584
2021-08-05 00:00	35.76	37.45	35.50	37.23	497079
2021-08-05 04:00	37.24	37.45	36.31	36.63	370295
2021-08-05 08:00	36.61	37.20	35.92	36.83	603607
2021-08-05 12:00	36.83	38.27	35.98	36.70	1722950
2021-08-05 16:00	36.71	37.38	36.05	36.93	549304
2021-08-05 20:00	36.93	37.78	36.83	37.35	316160
2021-08-06 00:00	37.35	37.50	35.80	35.92	533427
2021-08-06 04:00	35.92	37.06	35.61	37.00	356142
2021-08-06 08:00	37.00	37.27	36.77	36.95	298557
2021-08-06 12:00	36.94	39.70	36.71	39.69	1504476
2021-08-06 16:00	39.69	40.40	39.34	39.89	979615
2021-08-06 20:00	39.87	39.98	38.97	39.53	279123
2021-08-07 00:00	39.50	40.15	38.75	40.07	354569
2021-08-07 04:00	40.07	40.10	38.84	39.46	405443
2021-08-07 08:00	39.45	40.50	39.22	40.03	562033
2021-08-07 12:00	40.02	40.32	38.34	38.49	1009872
2021-08-07 16:00	38.49	38.95	37.50	38.60	901151
2021-08-07 20:00	38.59	39.58	38.50	39.47	328720
2021-08-08 00:00	39.45	39.55	37.93	38.71	411166
2021-08-08 04:00	38.72	39.40	38.22	38.78	348516
2021-08-08 08:00	38.76	39.36	38.21	38.22	311933
2021-08-08 12:00	38.21	38.84	37.30	37.74	419895
2021-08-08 16:00	37.73	37.90	36.90	37.39	328991
2021-08-08 20:00	37.42	38.44	37.10	37.65	210062
2021-08-09 00:00	37.65	37.90	36.35	37.29	324043
2021-08-09 04:00	37.30	37.80	36.95	37.77	172461
2021-08-09 08:00	37.77	39.34	37.71	39.27	531262
2021-08-09 12:00	39.28	39.93	38.70	39.86	381158
2021-08-09 16:00	39.86	40.00	39.10	39.25	261848
2021-08-09 20:00	39.26	39.47	37.98	38.65	457448
2021-08-10 00:00	38.65	40.68	38.18	39.80	531777
2021-08-10 04:00	39.82	40.31	39.21	39.98	303973
2021-08-10 08:00	39.98	40.87	39.58	40.80	437637
2021-08-10 12:00	40.78	41.68	39.81	40.13	622778
2021-08-10 16:00	40.12	40.69	39.04	40.63	451106
2021-08-10 20:00	40.63	41.38	40.19	40.64	255947
2021-08-11 00:00	40.64	41.95	40.60	41.76	375960
2021-08-11 04:00	41.77	43.00	41.40	42.52	512189
2021-08-11 08:00	42.52	42.94	41.91	42.53	375373
2021-08-11 12:00	42.53	43.42	42.20	42.59	495006
2021-08-11 16:00	42.59	43.44	42.33	43.40	279505
2021-08-11 20:00	43.39	43.73	41.40	41.62	474243
2021-08-12 00:00	41.62	43.40	41.47	42.99	284594
2021-08-12 04:00	42.99	43.05	40.22	41.43	599077
2021-08-12 08:00	41.43	41.90	40.71	40.76	349734
2021-08-12 12:00	40.77	41.23	39.32	39.83	565419
2021-08-12 16:00	39.83	41.15	39.36	41.02	276553
2021-08-12 20:00	41.01	41.37	39.58	41.10	338313
2021-08-13 00:00	41.11	42.33	40.67	42.25	209986
2021-08-13 04:00	42.25	43.86	42.25	43.40	244490
2021-08-13 08:00	43.41	44.65	43.40	43.60	594046
2021-08-13 12:00	43.58	44.40	42.82	43.62	473303
2021-08-13 16:00	43.62	44.00	43.15	43.54	327064
2021-08-13 20:00	43.54	44.91	43.38	44.83	432473
2021-08-14 00:00	44.86	44.87	43.67	44.10	225272
2021-08-14 04:00	44.08	44.65	43.67	44.48	200385
2021-08-14 08:00	44.49	44.87	42.73	43.74	537568
2021-08-14 12:00	43.74	44.12	43.00	44.07	270452
2021-08-14 16:00	44.05	44.18	43.53	43.87	160459
2021-08-14 20:00	43.88	44.25	43.03	44.14	154707
2021-08-15 00:00	44.12	45.77	43.87	44.57	383859
2021-08-15 04:00	44.59	45.58	43.36	43.65	308759
2021-08-15 08:00	43.63	47.18	43.37	46.77	885051
2021-08-15 12:00	46.77	48.85	46.00	48.70	1037693
2021-08-15 16:00	48.70	54.80	47.84	52.95	2564672
2021-08-15 20:00	52.95	54.21	51.97	53.53	1084273
2021-08-16 00:00	53.52	59.37	52.27	58.61	1997033
2021-08-16 04:00	58.61	64.80	57.62	61.92	3537832
2021-08-16 08:00	61.93	62.61	60.38	61.79	1242307
2021-08-16 12:00	61.79	68.87	60.86	67.08	4625529
2021-08-16 16:00	67.05	69.13	62.81	62.91	1885791
2021-08-16 20:00	62.91	66.60	61.55	62.02	1725898
2021-08-17 00:00	62.04	74.60	61.21	71.84	3600500
2021-08-17 04:00	71.85	75.16	69.41	74.05	2391020
2021-08-17 08:00	74.02	74.38	69.39	70.15	2277685
2021-08-17 12:00	70.14	71.48	66.76	69.85	1589859
2021-08-17 16:00	69.86	69.90	64.04	65.14	1609405
2021-08-17 20:00	65.19	67.83	58.82	64.12	3485378
2021-08-18 00:00	64.14	67.30	59.72	65.79	2188984
2021-08-18 04:00	65.79	70.38	63.93	67.44	1543261
2021-08-18 08:00	67.44	78.45	67.39	74.96	3873609
2021-08-18 12:00	74.96	80.50	73.45	77.33	3851697
2021-08-18 16:00	77.34	78.73	72.38	73.33	1559508
2021-08-18 20:00	73.34	76.27	69.92	72.66	2005097
2021-08-19 00:00	72.66	75.44	68.98	69.67	1861481
2021-08-19 04:00	69.63	73.56	69.25	71.26	1554354
2021-08-19 08:00	71.27	73.07	69.50	69.61	1048332
2021-08-19 12:00	69.60	74.48	68.24	73.52	1478918
2021-08-19 16:00	73.52	74.09	70.60	72.33	1047459
2021-08-19 20:00	72.33	74.85	71.00	72.76	828700
2021-08-20 00:00	72.80	74.16	71.81	72.39	629550
2021-08-20 04:00	72.38	72.60	71.01	71.21	744124
2021-08-20 08:00	71.22	72.42	70.87	71.49	662023
2021-08-20 12:00	71.52	74.22	71.37	73.35	1139270
2021-08-20 16:00	73.33	78.33	72.93	78.22	1450544
2021-08-20 20:00	78.22	80.00	77.22	78.64	1079589
2021-08-21 00:00	78.68	82.00	76.33	79.66	1364004
2021-08-21 04:00	79.66	80.31	78.23	78.86	760536
2021-08-21 08:00	78.85	79.15	74.34	75.90	1065047
2021-08-21 12:00	75.90	77.12	74.81	75.41	763930
2021-08-21 16:00	75.39	76.49	72.60	73.25	708649
2021-08-21 20:00	73.24	75.79	72.93	73.80	469658
2021-08-22 00:00	73.85	75.57	73.39	74.31	447111
2021-08-22 04:00	74.29	75.78	74.24	75.51	339573
2021-08-22 08:00	75.52	77.60	75.00	77.08	627198
2021-08-22 12:00	77.08	77.32	73.35	74.61	489595
2021-08-22 16:00	74.60	75.07	71.50	73.08	413904
2021-08-22 20:00	73.08	73.95	71.24	72.78	544829
2021-08-23 00:00	72.75	75.94	72.00	75.39	741857
2021-08-23 04:00	75.44	75.67	73.10	73.36	611875
2021-08-23 08:00	73.36	74.06	71.75	72.75	762875
2021-08-23 12:00	72.75	73.52	71.55	72.04	590027
2021-08-23 16:00	72.05	73.79	71.91	72.83	454122
2021-08-23 20:00	72.81	76.81	71.83	75.62	990051
2021-08-24 00:00	75.65	78.90	73.39	78.24	1441879
2021-08-24 04:00	78.24	79.45	76.64	77.28	1093153
2021-08-24 08:00	77.26	78.97	76.01	77.77	946990
2021-08-24 12:00	77.77	77.89	71.58	72.00	1488963
2021-08-24 16:00	71.99	72.63	68.50	71.67	1274874
2021-08-24 20:00	71.61	72.73	69.62	70.53	546797
2021-08-25 00:00	70.52	72.39	70.20	70.66	566758
2021-08-25 04:00	70.65	72.83	70.52	71.14	440325
2021-08-25 08:00	71.14	71.24	66.03	67.69	1620163
2021-08-25 12:00	67.69	71.57	66.38	71.31	1479446
2021-08-25 16:00	71.28	71.50	69.59	70.24	633637
2021-08-25 20:00	70.22	72.05	70.17	71.97	328757
2021-08-26 00:00	71.98	74.04	70.06	70.74	783854
2021-08-26 04:00	70.67	71.51	66.20	67.65	842979
2021-08-26 08:00	67.66	68.49	66.57	67.20	528203
2021-08-26 12:00	67.21	78.30	66.40	74.71	2175555
2021-08-26 16:00	74.71	77.61	73.39	74.75	1316938
2021-08-26 20:00	74.78	77.25	74.20	74.92	916164
2021-08-27 00:00	74.92	83.93	72.55	81.40	2881993
2021-08-27 04:00	81.40	83.27	78.98	81.92	1291167
2021-08-27 08:00	81.92	84.17	81.60	82.33	1294034
2021-08-27 12:00	82.32	83.15	80.38	82.49	1228769
2021-08-27 16:00	82.50	86.66	81.77	85.64	1159522
2021-08-27 20:00	85.64	88.92	84.50	87.98	930174
2021-08-28 00:00	87.98	88.85	86.08	86.30	689025
2021-08-28 04:00	86.32	87.30	85.59	86.92	417208
2021-08-28 08:00	86.93	92.94	86.85	92.43	1324497
2021-08-28 12:00	92.45	95.04	91.33	94.66	1460436
2021-08-28 16:00	94.65	96.43	93.17	93.93	1056563
2021-08-28 20:00	93.91	97.82	93.65	96.22	826665
2021-08-29 00:00	96.17	97.82	91.86	93.95	1074950
2021-08-29 04:00	93.95	96.11	92.88	94.08	724174
2021-08-29 08:00	94.08	94.57	91.21	91.75	850685
2021-08-29 12:00	91.75	94.40	90.30	92.16	705405
2021-08-29 16:00	92.17	94.39	91.01	93.92	444505
2021-08-29 20:00	93.91	95.00	92.68	94.23	372165
2021-08-30 00:00	94.23	101.96	93.58	97.63	1936788
2021-08-30 04:00	97.63	100.55	95.81	100.16	1017777
2021-08-30 08:00	100.15	102.10	98.61	101.04	1093542
2021-08-30 12:00	101.04	106.91	98.00	105.62	2122741
2021-08-30 16:00	105.59	116.84	104.35	109.66	3227598
2021-08-30 20:00	109.63	114.99	107.22	110.25	1711120
2021-08-31 00:00	110.26	115.30	108.65	115.19	1538746
2021-08-31 04:00	115.19	120.50	114.44	119.68	2026905
2021-08-31 08:00	119.68	125.00	117.09	124.77	1651870
2021-08-31 12:00	124.78	130.11	114.34	116.52	5187349
2021-08-31 16:00	116.52	117.23	106.26	114.69	4073349
2021-08-31 20:00	114.69	114.74	103.06	108.27	2031371
2021-09-01 00:00	108.27	112.43	105.89	111.24	1424394
2021-09-01 04:00	111.24	114.99	107.37	110.12	1265549
2021-09-01 08:00	110.13	117.03	109.07	116.07	1494213
2021-09-01 12:00	116.09	119.72	113.09	117.22	1796758
2021-09-01 16:00	117.27	118.88	114.00	114.98	1202390
2021-09-01 20:00	114.98	115.15	110.05	110.71	845022
2021-09-02 00:00	110.71	114.68	109.18	113.70	940842
2021-09-02 04:00	113.70	117.31	112.85	114.48	1005211
2021-09-02 08:00	114.47	118.00	114.08	114.92	1009900
2021-09-02 12:00	114.91	123.50	114.33	121.88	1821789
2021-09-02 16:00	121.87	129.00	119.54	127.18	2706992
2021-09-02 20:00	127.18	131.96	125.38	128.23	1722146
2021-09-03 00:00	128.20	137.00	128.12	135.35	2412318
2021-09-03 04:00	135.35	146.38	133.37	144.69	2778677
2021-09-03 08:00	144.67	145.19	135.54	139.39	2473124
2021-09-03 12:00	139.37	143.46	137.78	140.02	1531058
2021-09-03 16:00	140.02	143.42	138.13	142.90	1085091
2021-09-03 20:00	142.89	148.99	141.57	146.40	1646819
2021-09-04 00:00	146.36	150.60	144.85	148.34	1301592
2021-09-04 04:00	148.35	149.80	144.56	145.80	987119
2021-09-04 08:00	145.83	147.65	140.43	141.68	1124702
2021-09-04 12:00	141.67	144.45	139.36	142.36	993578
2021-09-04 16:00	142.34	142.88	135.73	138.89	1102544
2021-09-04 20:00	138.90	142.25	138.27	138.88	624551
2021-09-05 00:00	138.88	144.99	137.82	140.63	800765
2021-09-05 04:00	140.62	142.00	138.50	138.93	498901
2021-09-05 08:00	138.97	141.88	138.92	140.36	560326
2021-09-05 12:00	140.36	140.47	134.74	136.29	965296
2021-09-05 16:00	136.29	138.88	135.18	137.87	805468
2021-09-05 20:00	137.87	144.70	136.91	142.00	989153
2021-09-06 00:00	141.98	143.50	139.34	140.74	591026
2021-09-06 04:00	140.81	147.00	139.91	146.03	902068
2021-09-06 08:00	146.02	146.62	141.42	142.41	766089
2021-09-06 12:00	142.42	151.70	136.92	151.43	1845105
2021-09-06 16:00	151.43	164.58	151.39	162.37	3011715
2021-09-06 20:00	162.37	166.13	159.73	164.22	1319564
2021-09-07 00:00	164.19	175.42	162.00	173.45	1843985
2021-09-07 04:00	173.46	195.48	172.88	187.85	4984245
2021-09-07 08:00	187.79	189.80	175.62	182.91	3587287
2021-09-07 12:00	182.84	185.98	128.01	168.81	6652889
2021-09-07 16:00	169.06	192.00	161.13	173.70	5318020
2021-09-07 20:00	173.76	180.00	159.75	173.46	1990088
2021-09-08 00:00	173.49	180.00	166.78	173.03	1491253
2021-09-08 04:00	173.03	174.85	152.22	152.45	2641881
2021-09-08 08:00	152.48	166.44	146.50	160.77	2963202
2021-09-08 12:00	160.76	167.88	152.28	166.27	2391741
2021-09-08 16:00	166.27	195.00	164.01	194.79	3422885
2021-09-08 20:00	194.66	198.00	183.22	191.02	3755906
2021-09-09 00:00	191.02	216.00	189.00	211.25	4412247
2021-09-09 04:00	211.20	214.72	201.54	207.54	2385592
2021-09-09 08:00	207.54	213.90	205.26	206.57	1993702
2021-09-09 12:00	206.57	208.44	193.17	201.25	3435506
2021-09-09 16:00	201.25	203.02	180.70	185.01	2506312
2021-09-09 20:00	185.01	198.87	183.67	187.90	1616341
2021-09-10 00:00	187.89	197.41	182.88	194.18	1239264
2021-09-10 04:00	194.18	195.00	181.47	182.63	1120681
2021-09-10 08:00	182.64	185.80	175.00	184.44	1585260
2021-09-10 12:00	184.45	184.52	167.82	179.57	2431632
2021-09-10 16:00	179.61	183.36	171.24	181.82	1366261
2021-09-10 20:00	181.78	184.00	170.41	179.60	1312336
2021-09-11 00:00	179.60	193.51	177.39	181.48	1696448
2021-09-11 04:00	181.47	183.88	175.14	178.69	936519
2021-09-11 08:00	178.71	187.36	175.89	181.26	1202795
2021-09-11 12:00	181.29	191.53	180.23	188.48	1383106
2021-09-11 16:00	188.42	190.00	181.21	181.99	761198
2021-09-11 20:00	181.99	184.32	175.74	179.04	814618
2021-09-12 00:00	179.05	180.79	172.89	179.04	755786
2021-09-12 04:00	179.03	180.15	174.75	178.00	453350
2021-09-12 08:00	178.00	181.75	177.38	179.07	593487
2021-09-12 12:00	179.07	180.33	176.31	178.92	523483
2021-09-12 16:00	178.92	179.85	174.02	177.67	538829
2021-09-12 20:00	177.69	180.00	170.15	174.29	796300
2021-09-13 00:00	174.31	174.60	154.10	154.95	1822371
2021-09-13 04:00	154.95	163.32	151.10	152.91	1335717
2021-09-13 08:00	152.84	161.11	150.30	160.23	1357824
2021-09-13 12:00	160.12	167.73	151.00	157.03	1806176
2021-09-13 16:00	157.06	166.00	154.22	164.08	850891
2021-09-13 20:00	164.12	175.00	164.06	169.53	1250885
2021-09-14 00:00	169.54	171.83	163.62	167.43	727417
2021-09-14 04:00	167.44	168.96	163.40	165.96	701669
2021-09-14 08:00	166.04	171.51	163.67	165.04	789384
2021-09-14 12:00	165.01	165.80	155.22	159.26	1594219
2021-09-14 16:00	159.26	160.25	150.85	154.21	1704955
2021-09-14 20:00	154.20	159.87	142.60	158.88	2463774
2021-09-15 00:00	158.72	163.83	155.77	157.27	1092445
2021-09-15 04:00	157.27	166.50	153.69	162.03	1407605
2021-09-15 08:00	162.03	164.42	156.50	157.93	1020609
2021-09-15 12:00	157.96	162.61	155.02	161.97	1150800
2021-09-15 16:00	161.96	164.78	160.07	161.64	781262
2021-09-15 20:00	161.63	161.82	155.77	158.79	654622
2021-09-16 00:00	158.77	159.64	152.33	155.16	760340
2021-09-16 04:00	155.13	163.09	154.81	160.72	814120
2021-09-16 08:00	160.72	163.50	157.00	158.37	610893
2021-09-16 12:00	158.39	159.38	153.11	154.80	1041960
2021-09-16 16:00	154.80	159.59	150.63	152.28	825760
2021-09-16 20:00	152.30	152.89	147.35	152.29	686544
2021-09-17 00:00	152.30	153.55	146.16	148.64	711639
2021-09-17 04:00	148.65	150.36	143.00	143.48	906424
2021-09-17 08:00	143.48	145.62	134.00	138.85	2467921
2021-09-17 12:00	138.84	146.40	137.05	144.65	1612435
2021-09-17 16:00	144.62	145.87	138.54	144.57	1141205
2021-09-17 20:00	144.56	148.95	140.24	147.58	790322
2021-09-18 00:00	147.59	149.00	144.11	144.83	824405
2021-09-18 04:00	144.83	158.70	144.10	157.61	2046303
2021-09-18 08:00	157.64	164.79	157.13	160.91	2061108
2021-09-18 12:00	160.92	164.33	160.07	163.66	1048834
2021-09-18 16:00	163.63	165.20	160.85	162.62	964914
2021-09-18 20:00	162.62	171.47	157.47	169.22	1284261
2021-09-19 00:00	169.22	170.96	162.00	164.33	1151728
2021-09-19 04:00	164.32	165.25	159.84	161.54	763882
2021-09-19 08:00	161.54	163.49	155.02	156.14	923082
2021-09-19 12:00	156.09	162.09	155.42	159.38	861548
2021-09-19 16:00	159.41	160.27	153.22	154.38	671465
2021-09-19 20:00	154.38	156.67	150.60	152.76	574117
2021-09-20 00:00	152.78	153.43	142.66	145.12	1364845
2021-09-20 04:00	145.10	146.40	136.60	139.18	1383213
2021-09-20 08:00	139.18	144.00	134.20	137.48	1872163
2021-09-20 12:00	137.48	148.50	130.26	144.10	2960311
2021-09-20 16:00	144.07	146.00	133.17	138.82	1453502
2021-09-20 20:00	138.88	142.39	131.42	132.77	1119361
2021-09-21 00:00	132.77	141.72	125.22	136.43	2204313
2021-09-21 04:00	136.45	143.76	133.63	143.47	1118799
2021-09-21 08:00	143.44	144.64	140.29	142.74	1017584
2021-09-21 12:00	142.75	143.39	135.62	138.50	1069013
2021-09-21 16:00	138.51	138.52	127.09	127.16	1454181
2021-09-21 20:00	127.18	128.86	116.00	124.29	2745001
2021-09-22 00:00	124.30	132.17	122.10	128.95	1314779
2021-09-22 04:00	128.94	134.11	126.74	132.95	885080
2021-09-22 08:00	132.95	133.82	127.66	128.64	799605
2021-09-22 12:00	128.64	142.19	128.06	141.66	1571073
2021-09-22 16:00	141.68	151.36	140.18	146.39	2022801
2021-09-22 20:00	146.38	149.93	143.69	148.02	867284
2021-09-23 00:00	148.02	151.68	144.60	148.58	936983
2021-09-23 04:00	148.61	151.97	145.74	151.50	728871
2021-09-23 08:00	151.44	152.50	142.92	144.35	924155
2021-09-23 12:00	144.36	150.90	143.47	146.06	1023614
2021-09-23 16:00	146.07	151.98	144.58	149.61	1002965
2021-09-23 20:00	149.60	150.92	146.19	149.91	572369
2021-09-24 00:00	149.90	151.20	144.47	144.86	537780
2021-09-24 04:00	144.85	146.37	140.73	144.63	792767
2021-09-24 08:00	144.60	146.44	128.15	134.89	2513312
2021-09-24 12:00	134.91	141.12	130.95	137.66	1569120
2021-09-24 16:00	137.66	139.73	136.50	138.14	685778
2021-09-24 20:00	138.14	144.22	137.88	139.13	611667
2021-09-25 00:00	139.11	142.15	136.60	138.59	498877
2021-09-25 04:00	138.59	144.18	138.59	140.03	650146
2021-09-25 08:00	140.07	142.22	135.44	140.12	765617
2021-09-25 12:00	140.14	140.83	136.34	138.66	509121
2021-09-25 16:00	138.65	139.20	135.70	137.33	459783
2021-09-25 20:00	137.32	137.50	133.54	136.06	329215
2021-09-26 00:00	136.05	136.32	128.24	131.03	751387
2021-09-26 04:00	131.02	132.05	124.80	127.01	699846
2021-09-26 08:00	126.98	137.65	125.51	135.09	1105139
2021-09-26 12:00	135.10	140.26	134.47	140.07	818097
2021-09-26 16:00	140.08	140.81	135.14	136.24	459364
2021-09-26 20:00	136.25	139.50	133.37	135.64	508346
2021-09-27 00:00	135.70	143.17	133.72	139.24	714849
2021-09-27 04:00	139.24	142.55	137.53	138.16	551581
2021-09-27 08:00	138.18	148.92	137.84	147.38	1457490
2021-09-27 12:00	147.38	148.38	143.16	145.25	997126
2021-09-27 16:00	145.29	145.43	140.41	143.29	722055
2021-09-27 20:00	143.28	143.31	135.30	136.35	752546
2021-09-28 00:00	136.34	138.67	135.07	138.12	527283
2021-09-28 04:00	138.13	139.40	132.41	133.66	641969
2021-09-28 08:00	133.69	136.53	132.84	135.75	610540
2021-09-28 12:00	135.76	136.58	130.36	130.43	978422
2021-09-28 16:00	130.39	132.14	128.17	131.06	625088
2021-09-28 20:00	131.08	134.58	130.04	132.20	516667
2021-09-29 00:00	132.22	139.42	132.09	138.81	964413
2021-09-29 04:00	138.80	140.17	137.84	139.34	464083
2021-09-29 08:00	139.30	140.00	136.83	139.53	471429
2021-09-29 12:00	139.53	140.07	134.84	135.62	639876
2021-09-29 16:00	135.62	136.38	131.59	132.01	660940
2021-09-29 20:00	132.01	135.43	131.12	135.25	484780
2021-09-30 00:00	135.24	140.10	134.80	139.91	687907
2021-09-30 04:00	139.92	141.28	136.70	136.92	477018
2021-09-30 08:00	136.94	139.06	134.02	137.35	611568
2021-09-30 12:00	137.32	139.60	136.88	138.32	509120
2021-09-30 16:00	138.30	142.95	136.17	139.24	725624
2021-09-30 20:00	139.24	141.69	138.01	141.37	350246
2021-10-01 00:00	141.38	144.96	138.25	139.52	711899
2021-10-01 04:00	139.50	143.83	139.06	142.78	516723
2021-10-01 08:00	142.78	156.23	142.50	153.26	1574369
2021-10-01 12:00	153.27	159.09	149.25	157.40	1747454
2021-10-01 16:00	157.43	164.95	155.32	162.81	1177741
2021-10-01 20:00	162.81	163.20	156.68	161.56	1014002
2021-10-02 00:00	161.62	161.68	156.06	156.69	668657
2021-10-02 04:00	156.70	160.31	156.34	158.51	508328
2021-10-02 08:00	158.51	159.45	156.59	159.04	473158
2021-10-02 12:00	159.04	170.69	158.63	170.48	1595125
2021-10-02 16:00	170.44	175.00	170.03	174.80	1127346
2021-10-02 20:00	174.85	174.88	166.00	168.98	687396
2021-10-03 00:00	169.00	171.65	165.58	170.62	662238
2021-10-03 04:00	170.62	174.00	168.82	171.65	493103
2021-10-03 08:00	171.65	173.37	168.69	170.82	498686
2021-10-03 12:00	170.81	177.79	170.42	172.50	1130466
2021-10-03 16:00	172.48	177.00	171.68	175.59	714575
2021-10-03 20:00	175.58	176.00	167.69	172.98	734727
2021-10-04 00:00	172.99	173.34	166.00	167.13	623469
2021-10-04 04:00	167.09	170.13	164.12	169.61	643275
2021-10-04 08:00	169.62	169.87	164.81	165.86	566650
2021-10-04 12:00	165.83	172.80	162.00	166.44	1043193
2021-10-04 16:00	166.44	172.40	165.81	169.27	953996
2021-10-04 20:00	169.26	169.66	165.40	167.13	481940
2021-10-05 00:00	167.13	170.18	164.04	166.90	536127
2021-10-05 04:00	166.90	168.00	165.24	166.12	336867
2021-10-05 08:00	166.13	170.00	165.40	168.34	610416
2021-10-05 12:00	168.37	169.78	162.00	162.35	664852
2021-10-05 16:00	162.34	163.85	159.68	161.80	661811
2021-10-05 20:00	161.81	167.10	161.74	164.62	568393
2021-10-06 00:00	164.64	165.42	157.83	157.96	478365
2021-10-06 04:00	157.96	159.70	154.09	155.93	679706
2021-10-06 08:00	155.93	156.33	150.10	152.91	899543
2021-10-06 12:00	152.94	162.89	151.60	160.76	1308600
2021-10-06 16:00	160.75	161.66	157.68	159.78	542684
2021-10-06 20:00	159.80	160.08	152.58	153.87	590286
2021-10-07 00:00	153.90	155.04	150.34	152.03	457747
2021-10-07 04:00	152.02	159.40	151.83	158.47	554031
2021-10-07 08:00	158.50	160.18	154.18	157.70	626482
2021-10-07 12:00	157.69	161.42	153.50	155.88	707842
2021-10-07 16:00	155.87	157.00	153.41	156.07	507809
2021-10-07 20:00	156.07	158.80	153.01	154.26	397491
2021-10-08 00:00	154.26	157.03	152.52	154.44	287042
2021-10-08 04:00	154.43	159.09	152.39	158.77	427839
2021-10-08 08:00	158.77	166.64	157.87	162.22	1171596
2021-10-08 12:00	162.21	168.97	160.00	166.48	981636
2021-10-08 16:00	166.51	168.06	162.41	163.57	461974
2021-10-08 20:00	163.60	163.60	157.20	158.86	405022
2021-10-09 00:00	158.88	160.57	156.06	160.02	333741
2021-10-09 04:00	160.01	161.54	158.30	159.19	336175
2021-10-09 08:00	159.15	160.48	157.43	158.38	328960
2021-10-09 12:00	158.37	160.18	157.11	157.97	342092
2021-10-09 16:00	157.97	158.40	156.10	156.40	254757
2021-10-09 20:00	156.42	157.87	154.18	156.84	237611
2021-10-10 00:00	156.80	156.90	152.38	155.41	383070
2021-10-10 04:00	155.39	157.02	154.58	154.98	198388
2021-10-10 08:00	155.00	158.50	154.00	154.69	349284
2021-10-10 12:00	154.67	154.89	152.80	154.40	281839
2021-10-10 16:00	154.41	154.67	152.00	153.48	195077
2021-10-10 20:00	153.47	154.69	145.55	147.55	630261
2021-10-11 00:00	147.56	151.62	145.34	151.47	350724
2021-10-11 04:00	151.43	152.96	150.33	152.33	256213
2021-10-11 08:00	152.30	154.00	147.11	148.54	385246
2021-10-11 12:00	148.55	149.99	146.67	147.76	356951
2021-10-11 16:00	147.76	148.10	141.32	141.58	474976
2021-10-11 20:00	141.57	145.46	140.24	144.77	387237
2021-10-12 00:00	144.79	145.82	140.82	143.20	395226
2021-10-12 04:00	143.20	145.57	141.20	143.32	335662
2021-10-12 08:00	143.34	145.20	140.17	142.50	377408
2021-10-12 12:00	142.51	145.34	137.61	143.54	742611
2021-10-12 16:00	143.53	153.50	142.90	150.04	1030157
2021-10-12 20:00	150.01	153.10	147.92	152.32	496441
2021-10-13 00:00	152.35	155.56	148.41	149.28	563100
2021-10-13 04:00	149.28	150.41	144.58	145.43	467319
2021-10-13 08:00	145.43	147.62	145.23	146.86	356685
2021-10-13 12:00	146.86	147.42	144.28	146.31	400937
2021-10-13 16:00	146.31	147.90	144.56	145.01	545295
2021-10-13 20:00	145.02	149.50	144.74	148.04	427231
2021-10-14 00:00	148.05	150.99	147.27	149.65	406289
2021-10-14 04:00	149.65	152.00	148.48	150.36	467230
2021-10-14 08:00	150.36	154.21	149.91	153.88	487625
2021-10-14 12:00	153.87	155.65	152.22	152.81	591600
2021-10-14 16:00	152.83	153.53	148.56	150.07	505715
2021-10-14 20:00	150.06	151.49	148.90	150.02	196165
2021-10-15 00:00	150.01	151.41	146.68	150.85	452264
2021-10-15 04:00	150.85	163.64	150.80	161.57	1884923
2021-10-15 08:00	161.60	165.75	157.02	157.82	1193746
2021-10-15 12:00	157.82	163.11	157.02	159.36	619129
2021-10-15 16:00	159.35	162.94	158.70	160.40	633310
2021-10-15 20:00	160.39	164.30	159.14	163.18	605261
2021-10-16 00:00	163.15	163.50	158.19	158.79	336695
2021-10-16 04:00	158.78	159.71	157.51	158.29	286468
2021-10-16 08:00	158.29	164.80	157.94	162.14	541149
2021-10-16 12:00	162.14	162.98	158.71	159.55	423944
2021-10-16 16:00	159.55	160.12	158.00	158.19	212428
2021-10-16 20:00	158.19	158.85	156.36	157.54	184579
2021-10-17 00:00	157.54	163.02	156.66	162.96	282383
2021-10-17 04:00	162.96	165.00	160.67	162.16	695437
2021-10-17 08:00	162.16	167.65	162.11	163.54	657310
2021-10-17 12:00	163.54	165.49	160.01	160.77	457184
2021-10-17 16:00	160.75	161.75	158.20	158.83	369495
2021-10-17 20:00	158.83	160.15	153.13	160.12	608637
2021-10-18 00:00	160.11	162.98	159.06	159.92	390304
2021-10-18 04:00	159.92	161.48	158.60	158.87	244569
2021-10-18 08:00	158.85	159.93	156.00	156.96	463314
2021-10-18 12:00	156.97	159.68	155.58	156.66	509575
2021-10-18 16:00	156.65	158.01	154.91	156.75	404262
2021-10-18 20:00	156.75	158.25	155.63	157.12	228606
2021-10-19 00:00	157.12	158.97	156.06	158.50	247820
2021-10-19 04:00	158.50	159.45	156.72	157.67	264297
2021-10-19 08:00	157.67	157.91	155.60	157.00	267694
2021-10-19 12:00	157.01	157.99	154.79	155.53	393000
2021-10-19 16:00	155.54	156.51	154.41	154.53	298870
2021-10-19 20:00	154.52	157.30	153.06	155.78	349895
2021-10-20 00:00	155.77	157.47	155.62	155.77	194357
2021-10-20 04:00	155.76	157.11	155.00	156.52	208467
2021-10-20 08:00	156.52	160.15	155.91	160.08	369864
2021-10-20 12:00	160.07	169.95	159.44	168.74	1122863
2021-10-20 16:00	168.75	174.90	166.78	173.06	1216372
2021-10-20 20:00	173.07	176.87	169.92	176.72	772475
2021-10-21 00:00	176.72	189.77	176.70	184.22	2147973
2021-10-21 04:00	184.20	188.88	180.00	186.99	957469
2021-10-21 08:00	186.99	194.21	183.15	187.09	1492649
2021-10-21 12:00	187.09	191.10	177.80	182.60	1605121
2021-10-21 16:00	182.62	188.59	180.43	184.75	912191
2021-10-21 20:00	184.74	191.10	182.68	190.50	738336
2021-10-22 00:00	190.46	205.00	187.96	201.71	1826335
2021-10-22 04:00	201.72	208.00	200.25	203.24	1039311
2021-10-22 08:00	203.24	206.00	201.05	204.18	653246
2021-10-22 12:00	204.18	215.10	201.80	206.53	2548528
2021-10-22 16:00	206.53	211.12	195.36	197.69	1509960
2021-10-22 20:00	197.69	200.00	192.00	196.29	786882
2021-10-23 00:00	196.29	204.09	191.86	202.84	770253
2021-10-23 04:00	202.85	205.78	198.70	201.35	469446
2021-10-23 08:00	201.38	203.10	196.80	202.25	594274
2021-10-23 12:00	202.29	202.68	196.74	199.20	558442
2021-10-23 16:00	199.20	201.69	193.00	193.74	588803
2021-10-23 20:00	193.75	198.18	193.56	197.75	293506
2021-10-24 00:00	197.75	200.13	195.69	196.56	312801
2021-10-24 04:00	196.58	196.60	192.29	194.11	365624
2021-10-24 08:00	194.10	196.42	188.69	188.82	536184
2021-10-24 12:00	188.83	192.56	185.41	186.58	745165
2021-10-24 16:00	186.58	191.70	185.22	191.53	536139
2021-10-24 20:00	191.51	204.86	190.51	202.14	1078070
2021-10-25 00:00	202.15	203.90	198.00	201.68	626312
2021-10-25 04:00	201.68	210.82	200.81	207.75	854735
2021-10-25 08:00	207.75	212.70	205.62	207.90	755985
2021-10-25 12:00	207.90	218.93	204.90	218.63	1345819
2021-10-25 16:00	218.62	218.75	209.88	210.40	839312
2021-10-25 20:00	210.44	214.32	207.47	209.70	492338
2021-10-26 00:00	209.73	214.20	207.50	208.63	577243
2021-10-26 04:00	208.63	209.43	205.58	209.34	428388
2021-10-26 08:00	209.35	211.70	207.25	207.28	495402
2021-10-26 12:00	207.28	208.35	202.36	206.57	589163
2021-10-26 16:00	206.57	209.60	204.01	207.10	385863
2021-10-26 20:00	207.11	207.60	196.36	199.85	692674
2021-10-27 00:00	199.87	204.78	198.15	202.83	417632
2021-10-27 04:00	202.85	205.49	194.00	194.09	588292
2021-10-27 08:00	194.09	195.87	176.94	190.00	1939453
2021-10-27 12:00	189.98	194.20	187.15	188.97	739943
2021-10-27 16:00	188.96	192.24	184.43	189.33	672629
2021-10-27 20:00	189.30	191.17	181.12	184.49	645703
2021-10-28 00:00	184.45	190.25	181.64	186.84	511430
2021-10-28 04:00	186.83	191.19	184.79	186.74	589651
2021-10-28 08:00	186.77	200.00	186.70	195.41	860612
2021-10-28 12:00	195.41	201.38	194.70	197.30	526695
2021-10-28 16:00	197.30	198.85	191.13	198.20	579577
2021-10-28 20:00	198.20	201.00	193.75	195.42	435837
2021-10-29 00:00	195.37	205.22	194.45	201.60	586601
2021-10-29 04:00	201.63	202.19	196.55	198.03	367440
2021-10-29 08:00	198.05	199.75	195.40	196.35	298327
2021-10-29 12:00	196.35	203.43	195.61	201.82	465296
2021-10-29 16:00	201.84	204.95	199.71	200.59	486226
2021-10-29 20:00	200.60	203.86	199.09	200.41	280350
2021-10-30 00:00	200.36	200.62	196.50	197.04	252459
2021-10-30 04:00	197.04	199.04	195.95	198.07	191531
2021-10-30 08:00	198.08	198.61	195.06	197.01	245407
2021-10-30 12:00	197.03	197.24	190.29	193.18	378702
2021-10-30 16:00	193.15	194.69	191.08	194.56	207425
2021-10-30 20:00	194.57	195.86	187.30	195.70	334074
2021-10-31 00:00	195.69	196.96	191.12	191.91	286317
2021-10-31 04:00	191.92	192.50	189.14	190.58	187361
2021-10-31 08:00	190.59	190.66	185.88	186.38	259215
2021-10-31 12:00	186.40	202.00	185.31	195.00	782642
2021-10-31 16:00	194.99	198.71	193.03	195.91	341130
2021-10-31 20:00	195.92	205.00	195.00	202.49	519116
2021-11-01 00:00	202.53	210.00	198.85	200.89	780998
2021-11-01 04:00	200.89	210.00	197.70	209.91	624816
2021-11-01 08:00	209.89	211.66	204.02	204.69	553954
2021-11-01 12:00	204.64	206.40	200.97	204.05	512212
2021-11-01 16:00	204.05	204.50	199.00	204.04	422244
2021-11-01 20:00	204.04	206.28	200.80	203.90	255875
2021-11-02 00:00	203.91	204.80	200.97	203.92	220933
2021-11-02 04:00	203.91	205.80	202.67	203.43	214293
2021-11-02 08:00	203.43	207.81	202.35	204.35	345489
2021-11-02 12:00	204.33	208.90	203.69	208.84	364116
2021-11-02 16:00	208.84	217.69	206.55	217.23	1040571
2021-11-02 20:00	217.25	222.22	211.97	220.82	691327
2021-11-03 00:00	220.81	231.95	215.69	229.60	1205122
2021-11-03 04:00	229.60	232.66	224.00	232.47	549354
2021-11-03 08:00	232.49	235.00	226.82	231.70	733806
2021-11-03 12:00	231.70	232.02	223.12	225.31	760614
2021-11-03 16:00	225.35	237.94	221.12	234.69	915736
2021-11-03 20:00	234.68	247.00	234.38	243.37	1089106
2021-11-04 00:00	243.37	248.00	238.00	238.10	612090
2021-11-04 04:00	238.12	244.25	235.56	237.89	423233
2021-11-04 08:00	237.80	244.08	236.76	239.00	490713
2021-11-04 12:00	239.00	245.26	235.99	238.48	748791
2021-11-04 16:00	238.47	242.74	234.00	240.44	578706
2021-11-04 20:00	240.49	250.50	239.00	247.07	699138
2021-11-05 00:00	247.06	248.84	240.53	242.93	481608
2021-11-05 04:00	242.97	244.30	240.31	242.73	309394
2021-11-05 08:00	242.75	243.80	236.28	236.47	327133
2021-11-05 12:00	236.47	238.72	230.34	233.19	555240
2021-11-05 16:00	233.24	238.77	232.46	235.80	285163
2021-11-05 20:00	235.79	237.99	231.49	236.06	275284
2021-11-06 00:00	236.04	242.00	234.79	239.79	365839
2021-11-06 04:00	239.80	247.99	239.58	245.92	543571
2021-11-06 08:00	245.91	249.88	239.77	242.33	574401
2021-11-06 12:00	242.34	254.44	237.54	253.20	674627
2021-11-06 16:00	253.21	255.00	248.10	254.28	441085
2021-11-06 20:00	254.28	259.90	251.25	258.44	446561
2021-11-07 00:00	258.41	258.66	251.14	254.18	383732
2021-11-07 04:00	254.18	258.59	252.55	252.92	325411
2021-11-07 08:00	252.91	253.90	250.00	252.60	363812
2021-11-07 12:00	252.61	254.41	250.68	252.16	263920
2021-11-07 16:00	252.15	253.43	246.68	247.00	324974
2021-11-07 20:00	246.99	250.69	245.65	249.68	261268
2021-11-08 00:00	249.62	250.30	240.68	248.29	590770
2021-11-08 04:00	248.29	249.39	243.87	245.86	338195
2021-11-08 08:00	245.86	247.77	242.37	243.77	327030
2021-11-08 12:00	243.77	248.60	242.74	248.28	312091
2021-11-08 16:00	248.28	253.30	245.83	246.43	401741
2021-11-08 20:00	246.43	249.57	240.70	248.26	331550
2021-11-09 00:00	248.27	253.22	246.17	246.72	408551
2021-11-09 04:00	246.73	248.11	245.02	246.53	297636
2021-11-09 08:00	246.54	248.88	244.65	245.91	298431
2021-11-09 12:00	245.90	246.39	237.62	240.80	598635
2021-11-09 16:00	240.80	243.53	237.92	240.15	362809
2021-11-09 20:00	240.14	242.63	238.77	239.04	251053
2021-11-10 00:00	239.06	241.23	235.89	236.60	326778
2021-11-10 04:00	236.61	243.40	235.38	240.87	330026
2021-11-10 08:00	240.87	243.96	240.36	240.63	260911
2021-11-10 12:00	240.64	248.00	236.44	244.84	554216
2021-11-10 16:00	244.84	246.02	236.32	236.48	407491
2021-11-10 20:00	236.49	238.84	217.50	233.09	1213079
2021-11-11 00:00	233.06	239.16	229.40	239.04	359037
2021-11-11 04:00	239.02	246.50	237.74	244.20	456344
2021-11-11 08:00	244.19	246.07	239.85	239.88	316882
2021-11-11 12:00	239.88	243.21	236.16	239.42	391856
2021-11-11 16:00	239.41	240.70	235.32	237.77	222903
2021-11-11 20:00	237.77	238.79	233.31	233.37	250994
2021-11-12 00:00	233.34	239.09	230.06	232.24	362430
2021-11-12 04:00	232.24	234.85	227.03	228.09	335529
2021-11-12 08:00	228.12	231.65	224.68	226.17	369741
2021-11-12 12:00	226.17	229.33	221.48	222.30	422861
2021-11-12 16:00	222.30	232.57	220.83	228.85	437542
2021-11-12 20:00	228.85	233.35	227.81	228.48	186642
2021-11-13 00:00	228.46	232.72	225.46	225.54	195946
2021-11-13 04:00	225.54	227.38	224.79	227.07	149951
2021-11-13 08:00	227.08	228.95	225.04	226.96	158172
2021-11-13 12:00	226.98	237.20	226.39	233.62	378654
2021-11-13 16:00	233.61	239.16	233.46	237.18	317857
2021-11-13 20:00	237.20	241.97	236.93	241.59	257831
2021-11-14 00:00	241.58	242.00	236.41	237.20	182127
2021-11-14 04:00	237.20	238.73	234.77	235.31	136459
2021-11-14 08:00	235.31	237.28	233.55	236.27	167797
2021-11-14 12:00	236.27	238.78	234.06	234.41	178986
2021-11-14 16:00	234.41	235.84	230.40	235.37	214329
2021-11-14 20:00	235.36	239.06	235.27	238.64	195471
2021-11-15 00:00	238.63	244.51	237.63	243.72	392210
2021-11-15 04:00	243.71	244.48	239.46	241.28	227677
2021-11-15 08:00	241.29	244.00	239.81	243.00	241309
2021-11-15 12:00	243.01	246.36	238.62	239.76	441726
2021-11-15 16:00	239.75	242.41	237.57	240.31	336201
2021-11-15 20:00	240.30	240.61	234.49	238.20	282030
2021-11-16 00:00	238.18	238.21	224.13	226.70	688320
2021-11-16 04:00	226.74	230.62	224.37	226.63	332824
2021-11-16 08:00	226.67	229.90	213.81	224.93	644801
2021-11-16 12:00	224.93	227.82	220.28	225.29	360985
2021-11-16 16:00	225.24	226.97	222.24	225.90	230401
2021-11-16 20:00	225.82	225.89	216.81	219.04	300315
2021-11-17 00:00	219.09	221.36	211.73	212.49	373915
2021-11-17 04:00	212.50	216.55	210.71	214.81	331179
2021-11-17 08:00	214.82	220.46	209.53	220.28	413188
2021-11-17 12:00	220.32	222.44	210.02	213.67	379515
2021-11-17 16:00	213.66	217.58	211.40	214.47	347729
2021-11-17 20:00	214.46	218.97	212.52	218.94	249287
2021-11-18 00:00	218.90	222.78	216.61	216.74	301723
2021-11-18 04:00	216.75	218.14	211.38	212.63	274081
2021-11-18 08:00	212.64	213.30	207.29	207.90	318351
2021-11-18 12:00	207.90	209.60	193.00	196.99	814127
2021-11-18 16:00	197.04	202.08	186.50	200.18	954860
2021-11-18 20:00	200.21	202.82	192.45	195.01	414682
2021-11-19 00:00	195.19	202.71	188.99	192.00	512202
2021-11-19 04:00	192.03	199.97	191.51	196.44	310132
2021-11-19 08:00	196.43	206.37	196.31	202.94	472702
2021-11-19 12:00	202.90	215.99	201.98	213.99	625724
2021-11-19 16:00	213.97	219.59	213.48	217.31	518111
2021-11-19 20:00	217.32	218.51	212.64	215.25	273739
2021-11-20 00:00	215.25	221.17	213.28	214.94	292281
2021-11-20 04:00	214.95	216.00	212.75	212.83	187101
2021-11-20 08:00	212.81	217.09	212.24	215.56	232599
2021-11-20 12:00	215.55	216.12	207.00	207.10	325237
2021-11-20 16:00	207.13	217.71	205.84	215.40	348291
2021-11-20 20:00	215.42	218.82	215.33	217.63	175062
2021-11-21 00:00	217.64	218.22	210.93	211.66	180987
2021-11-21 04:00	211.67	215.36	211.11	213.87	143212
2021-11-21 08:00	213.88	214.34	210.66	211.51	158031
2021-11-21 12:00	211.52	215.32	210.53	215.06	205561
2021-11-21 16:00	215.08	233.35	214.60	228.84	693511
2021-11-21 20:00	228.84	240.00	226.24	230.51	507002
2021-11-22 00:00	230.56	231.99	219.69	220.45	476371
2021-11-22 04:00	220.45	222.27	215.32	215.99	361730
2021-11-22 08:00	216.00	224.34	215.71	218.93	355028
2021-11-22 12:00	218.94	225.32	214.37	222.54	479843
2021-11-22 16:00	222.55	225.25	212.22	212.84	503438
2021-11-22 20:00	212.86	218.82	211.60	215.59	280319
2021-11-23 00:00	215.58	221.83	214.23	220.95	214252
2021-11-23 04:00	220.97	221.17	212.16	212.95	198567
2021-11-23 08:00	212.92	216.68	210.91	212.25	382136
2021-11-23 12:00	212.27	219.64	211.13	215.99	303802
2021-11-23 16:00	215.99	224.59	215.96	224.53	334783
2021-11-23 20:00	224.54	226.08	221.29	221.75	220504
2021-11-24 00:00	221.76	222.47	214.10	217.13	317543
2021-11-24 04:00	217.06	220.33	215.20	216.92	163468
2021-11-24 08:00	216.88	219.90	214.04	214.60	240004
2021-11-24 12:00	214.58	215.34	207.11	212.34	397240
2021-11-24 16:00	212.33	214.00	200.14	202.05	488658
2021-11-24 20:00	202.06	207.92	200.73	205.70	271284
2021-11-25 00:00	205.76	211.70	204.71	210.95	273313
2021-11-25 04:00	210.87	211.22	204.80	205.70	219324
2021-11-25 08:00	205.69	210.86	201.93	208.44	385061
2021-11-25 12:00	208.43	214.67	208.00	214.42	375148
2021-11-25 16:00	214.44	216.35	209.90	210.45	316406
2021-11-25 20:00	210.44	212.65	207.45	209.97	195609
2021-11-26 00:00	209.94	210.53	205.18	205.50	200490
2021-11-26 04:00	205.50	207.10	200.01	201.39	402835
2021-11-26 08:00	201.35	201.42	183.75	185.31	1079809
2021-11-26 12:00	185.31	198.25	182.70	192.75	536562
2021-11-26 16:00	192.73	198.46	190.13	197.73	300282
2021-11-26 20:00	197.75	200.76	191.24	192.42	256152
2021-11-27 00:00	192.37	196.34	191.29	195.39	174228
2021-11-27 04:00	195.39	198.33	192.62	194.29	157033
2021-11-27 08:00	194.30	198.62	194.27	196.20	230329
2021-11-27 12:00	196.18	199.39	196.18	196.46	157150
2021-11-27 16:00	196.46	199.12	195.89	196.29	134947
2021-11-27 20:00	196.31	197.72	190.61	192.74	175291
2021-11-28 00:00	192.74	193.15	184.70	187.13	353955
2021-11-28 04:00	187.15	190.11	185.99	189.82	147752
2021-11-28 08:00	189.82	191.49	187.34	190.07	135633
2021-11-28 12:00	190.09	191.46	187.95	188.99	134470
2021-11-28 16:00	188.98	189.76	180.93	188.51	300642
2021-11-28 20:00	188.52	202.10	188.52	200.69	488552
2021-11-29 00:00	200.71	203.98	199.63	200.85	241451
2021-11-29 04:00	200.87	206.61	200.73	203.79	200804
2021-11-29 08:00	203.79	206.25	201.02	203.38	211333
2021-11-29 12:00	203.43	210.84	203.08	206.92	300127
2021-11-29 16:00	206.91	212.75	205.24	206.05	317610
2021-11-29 20:00	206.06	208.00	203.66	204.09	187464
2021-11-30 00:00	204.10	206.53	201.20	203.72	186265
2021-11-30 04:00	203.74	206.10	200.02	201.77	237739
2021-11-30 08:00	201.82	207.50	199.55	207.19	255412
2021-11-30 12:00	207.18	218.28	207.12	213.03	784760
2021-11-30 16:00	213.03	216.13	207.74	215.41	483949
2021-11-30 20:00	215.40	215.83	208.19	208.53	228628
2021-12-01 00:00	208.52	215.00	207.89	214.93	237309
2021-12-01 04:00	214.92	220.88	214.27	218.42	309926
2021-12-01 08:00	218.44	224.45	216.24	221.29	456117
2021-12-01 12:00	221.30	229.85	220.49	229.51	452050
2021-12-01 16:00	229.51	232.63	221.45	230.14	595740
2021-12-01 20:00	230.15	231.00	220.11	229.81	538360
2021-12-02 00:00	229.81	236.24	220.00	224.24	682543
2021-12-02 04:00	224.23	227.40	221.42	222.89	256069
2021-12-02 08:00	222.88	229.72	222.41	226.79	335682
2021-12-02 12:00	226.78	232.11	221.78	229.47	462051
2021-12-02 16:00	229.43	235.98	224.65	234.12	685288
2021-12-02 20:00	234.13	243.12	231.76	233.60	621099
2021-12-03 00:00	233.59	236.40	226.33	229.97	331362
2021-12-03 04:00	229.95	235.35	228.26	232.49	210192
2021-12-03 08:00	232.50	238.34	229.68	237.54	325746
2021-12-03 12:00	237.55	239.37	222.83	224.27	482848
2021-12-03 16:00	224.30	226.13	210.85	212.75	825310
2021-12-03 20:00	212.75	219.25	204.68	211.65	691698
2021-12-04 00:00	211.65	212.62	195.92	196.09	524687
2021-12-04 04:00	196.09	202.16	169.00	193.00	1970361
2021-12-04 08:00	193.04	196.81	185.49	188.24	638416
2021-12-04 12:00	188.29	207.66	188.29	205.05	745075
2021-12-04 16:00	205.03	208.70	198.28	207.13	545544
2021-12-04 20:00	207.13	210.52	198.75	200.67	471696
2021-12-05 00:00	200.68	204.51	191.15	196.50	463689
2021-12-05 04:00	196.51	203.35	194.10	200.49	282097
2021-12-05 08:00	200.49	201.62	195.19	196.06	267221
2021-12-05 12:00	196.17	199.58	181.44	185.45	613045
2021-12-05 16:00	185.35	192.00	184.87	190.20	512903
2021-12-05 20:00	190.18	197.78	186.64	196.43	343365
2021-12-06 00:00	196.49	197.08	187.20	193.31	381734
2021-12-06 04:00	193.25	196.56	183.00	184.99	334494
2021-12-06 08:00	185.08	189.80	176.17	182.07	750923
2021-12-06 12:00	182.02	188.47	179.19	188.35	454245
2021-12-06 16:00	188.29	192.00	185.83	187.56	406589
2021-12-06 20:00	187.56	197.71	187.56	193.56	487282
2021-12-07 00:00	193.57	198.00	192.94	195.35	359516
2021-12-07 04:00	195.34	201.08	194.62	199.36	291028
2021-12-07 08:00	199.37	204.10	199.02	203.14	330572
2021-12-07 12:00	203.15	203.45	196.23	198.11	356606
2021-12-07 16:00	198.16	198.93	193.51	194.30	253626
2021-12-07 20:00	194.34	195.18	187.26	190.19	348384
2021-12-08 00:00	190.24	193.45	186.00	186.62	255547
2021-12-08 04:00	186.61	190.94	186.53	189.62	235584
2021-12-08 08:00	189.61	191.10	183.50	186.31	316845
2021-12-08 12:00	186.35	196.27	184.80	192.49	391954
2021-12-08 16:00	192.44	194.69	189.50	193.02	242298
2021-12-08 20:00	193.03	194.63	191.05	194.61	228476
2021-12-09 00:00	194.61	196.60	188.29	189.25	213251
2021-12-09 04:00	189.22	192.08	188.52	190.85	156733
2021-12-09 08:00	190.85	190.85	186.81	187.63	349377
2021-12-09 12:00	187.62	189.50	182.23	184.90	302657
2021-12-09 16:00	184.93	186.68	178.91	181.26	414955
2021-12-09 20:00	181.27	184.05	178.64	181.11	227986
2021-12-10 00:00	181.08	184.60	179.80	179.82	190067
2021-12-10 04:00	179.88	180.33	175.18	176.16	254745
2021-12-10 08:00	176.16	178.92	175.42	178.66	232649
2021-12-10 12:00	178.67	183.61	172.51	173.65	518889
2021-12-10 16:00	173.64	175.08	169.76	173.57	399112
2021-12-10 20:00	173.58	175.72	167.00	167.39	267467
2021-12-11 00:00	167.39	171.87	161.33	170.18	561747
2021-12-11 04:00	170.21	172.46	167.50	169.23	192239
2021-12-11 08:00	169.22	172.47	168.32	170.05	197280
2021-12-11 12:00	170.09	171.18	167.70	170.99	210140
2021-12-11 16:00	171.00	173.80	167.59	167.98	223707
2021-12-11 20:00	167.99	172.42	167.71	172.15	156566
2021-12-12 00:00	172.15	172.67	168.74	169.80	131517
2021-12-12 04:00	169.77	170.92	168.00	170.24	103750
2021-12-12 08:00	170.25	170.62	167.64	169.10	145531
2021-12-12 12:00	169.14	172.00	168.71	170.41	179968
2021-12-12 16:00	170.41	176.85	169.82	174.43	276274
2021-12-12 20:00	174.43	175.40	172.73	172.80	139971
2021-12-13 00:00	172.83	172.83	167.09	167.40	280623
2021-12-13 04:00	167.38	167.97	163.49	164.09	250257
2021-12-13 08:00	164.09	167.76	162.77	167.71	203413
2021-12-13 12:00	167.71	168.79	155.35	158.19	532088
2021-12-13 16:00	158.16	159.23	148.04	153.17	721067
2021-12-13 20:00	153.15	159.32	149.18	155.21	483492
2021-12-14 00:00	155.20	158.35	152.58	153.77	307982
2021-12-14 04:00	153.76	155.23	149.60	154.77	358564
2021-12-14 08:00	154.76	158.49	153.05	158.09	296806
2021-12-14 12:00	158.14	161.72	156.68	157.70	494557
2021-12-14 16:00	157.71	159.22	152.65	153.96	300668
2021-12-14 20:00	153.97	163.35	153.91	161.26	393530
2021-12-15 00:00	161.25	163.66	158.54	160.50	283768
2021-12-15 04:00	160.50	166.66	159.55	166.29	334928
2021-12-15 08:00	166.29	168.66	164.63	165.75	307369
2021-12-15 12:00	165.76	166.88	157.25	157.70	435624
2021-12-15 16:00	157.66	177.59	156.81	175.26	1209238
2021-12-15 20:00	175.25	182.64	174.16	178.52	758323
2021-12-16 00:00	178.53	179.90	176.43	178.77	289851
2021-12-16 04:00	178.80	180.58	174.37	178.31	297744
2021-12-16 08:00	178.27	186.12	177.98	185.87	430948
2021-12-16 12:00	185.88	189.00	182.57	187.01	720911
2021-12-16 16:00	187.05	187.49	179.54	180.08	363287
2021-12-16 20:00	180.11	185.00	176.01	176.86	380853
2021-12-17 00:00	176.89	181.65	176.46	179.25	256193
2021-12-17 04:00	179.20	182.50	175.31	177.75	292011
2021-12-17 08:00	177.76	179.36	174.80	175.94	252485
2021-12-17 12:00	175.93	177.71	167.88	176.59	726124
2021-12-17 16:00	176.55	181.59	174.75	177.55	511405
2021-12-17 20:00	177.56	178.57	172.78	175.51	271122
2021-12-18 00:00	175.48	176.20	170.96	174.15	250480
2021-12-18 04:00	174.11	176.86	173.08	176.03	167198
2021-12-18 08:00	176.02	181.09	176.00	179.93	274446
2021-12-18 12:00	179.94	183.51	179.06	181.41	241603
2021-12-18 16:00	181.41	182.76	179.76	181.74	142479
2021-12-18 20:00	181.75	184.24	180.57	182.78	142974
2021-12-19 00:00	182.78	184.90	179.77	184.49	202033
2021-12-19 04:00	184.50	189.43	184.20	187.16	228009
2021-12-19 08:00	187.16	187.87	182.79	184.83	200498
2021-12-19 12:00	184.83	188.53	182.78	184.07	250607
2021-12-19 16:00	184.07	185.16	179.33	180.33	165943
2021-12-19 20:00	180.34	183.84	177.99	179.93	171497
2021-12-20 00:00	179.90	181.18	177.10	178.38	222961
2021-12-20 04:00	178.34	180.06	175.00	175.35	178987
2021-12-20 08:00	175.36	176.28	171.37	172.54	266712
2021-12-20 12:00	172.55	174.14	168.49	170.00	294371
2021-12-20 16:00	169.99	176.52	169.37	175.98	250003
2021-12-20 20:00	175.98	178.19	172.71	173.90	235872
2021-12-21 00:00	173.90	176.28	170.27	175.49	206038
2021-12-21 04:00	175.48	181.15	175.48	178.95	297458
2021-12-21 08:00	178.93	181.10	178.60	179.71	184760
2021-12-21 12:00	179.75	182.54	176.62	177.41	258275
2021-12-21 16:00	177.44	179.24	176.08	177.01	170219
2021-12-21 20:00	177.05	181.44	176.92	179.63	186744
2021-12-22 00:00	179.62	181.57	177.41	179.61	185132
2021-12-22 04:00	179.67	187.31	179.06	186.28	283153
2021-12-22 08:00	186.30	187.55	182.83	185.56	251388
2021-12-22 12:00	185.56	186.27	181.24	185.05	270101
2021-12-22 16:00	185.06	185.69	179.53	180.27	214367
2021-12-22 20:00	180.23	181.76	177.05	178.40	176209
2021-12-23 00:00	178.38	182.91	175.64	180.87	283982
2021-12-23 04:00	180.89	181.66	177.01	177.88	133881
2021-12-23 08:00	177.87	180.66	177.13	179.02	176130
2021-12-23 12:00	179.02	181.14	177.48	180.94	211212
2021-12-23 16:00	180.94	193.50	180.10	191.15	625230
2021-12-23 20:00	191.11	193.00	188.67	190.03	297193
2021-12-24 00:00	190.08	191.89	186.98	187.69	265557
2021-12-24 04:00	187.68	189.12	186.30	188.79	167555
2021-12-24 08:00	188.81	191.39	188.12	188.76	211924
2021-12-24 12:00	188.76	195.63	184.14	195.45	422770
2021-12-24 16:00	195.45	197.55	191.77	192.08	367926
2021-12-24 20:00	192.09	194.88	188.18	190.36	222439
2021-12-25 00:00	190.37	195.00	189.76	191.65	214477
2021-12-25 04:00	191.64	194.85	191.38	193.08	150275
2021-12-25 08:00	193.05	193.24	189.08	190.24	164356
2021-12-25 12:00	190.24	192.85	190.12	192.14	138147
2021-12-25 16:00	192.14	192.84	189.24	190.97	152110
2021-12-25 20:00	190.95	194.48	189.96	193.10	228491
2021-12-26 00:00	193.03	197.00	190.80	190.90	401320
2021-12-26 04:00	190.83	193.80	190.22	192.76	134110
2021-12-26 08:00	192.77	198.73	192.43	196.50	317569
2021-12-26 12:00	196.49	200.00	195.15	198.19	345954
2021-12-26 16:00	198.18	200.59	197.41	198.42	203620
2021-12-26 20:00	198.40	199.64	196.01	197.81	137672
2021-12-27 00:00	197.85	201.29	196.64	201.02	157700
2021-12-27 04:00	201.02	201.88	198.39	198.59	126462
2021-12-27 08:00	198.57	201.00	194.71	200.28	211681
2021-12-27 12:00	200.27	203.50	198.90	201.57	272614
2021-12-27 16:00	201.57	204.75	200.41	200.55	222517
2021-12-27 20:00	200.53	201.26	195.25	195.67	228254
2021-12-28 00:00	195.68	195.68	187.04	190.29	349768
2021-12-28 04:00	190.24	193.25	185.83	189.99	340903
2021-12-28 08:00	189.98	192.97	188.53	192.14	221875
2021-12-28 12:00	192.14	192.93	185.00	185.58	298687
2021-12-28 16:00	185.57	186.00	176.20	180.17	562429
2021-12-28 20:00	180.18	183.99	176.94	177.32	224298
2021-12-29 00:00	177.28	180.62	176.44	179.63	182170
2021-12-29 04:00	179.63	180.02	175.32	176.46	218633
2021-12-29 08:00	176.46	177.94	174.41	175.55	214441
2021-12-29 12:00	175.53	176.70	170.71	176.41	427404
2021-12-29 16:00	176.42	177.49	173.50	174.57	216461
2021-12-29 20:00	174.56	176.83	170.01	170.63	282201
2021-12-30 00:00	170.65	172.32	168.17	170.21	306644
2021-12-30 04:00	170.18	174.85	169.78	173.70	164319
2021-12-30 08:00	173.71	175.24	171.84	174.70	144629
2021-12-30 12:00	174.70	175.74	173.18	173.86	175467
2021-12-30 16:00	173.86	175.63	173.54	174.33	108287
2021-12-30 20:00	174.32	174.96	171.00	172.52	124056
2021-12-31 00:00	172.53	173.78	170.81	171.59	135080
2021-12-31 04:00	171.59	172.76	170.00	172.56	154693
2021-12-31 08:00	172.55	177.65	172.32	175.12	231552
2021-12-31 12:00	175.11	176.20	174.78	175.68	110319
2021-12-31 16:00	175.71	176.10	167.67	167.96	233116
2021-12-31 20:00	167.96	171.97	167.68	169.99	162473
2022-01-01 00:00	170.01	174.30	169.93	172.94	123738
2022-01-01 04:00	172.97	174.36	171.24	173.11	96993
2022-01-01 08:00	173.11	173.40	170.80	171.53	69850
2022-01-01 12:00	171.56	174.24	171.45	173.84	77736
2022-01-01 16:00	173.84	177.34	173.57	177.30	127022
2022-01-01 20:00	177.30	179.20	176.09	179.06	139963
2022-01-02 00:00	179.06	179.53	176.90	177.65	148846
2022-01-02 04:00	177.66	178.05	175.08	175.86	82644
2022-01-02 08:00	175.83	176.29	174.51	175.66	82689
2022-01-02 12:00	175.66	176.87	174.94	176.23	86953
2022-01-02 16:00	176.24	178.69	174.31	175.32	150412
2022-01-02 20:00	175.31	177.10	174.70	176.35	69255
2022-01-03 00:00	176.34	176.49	172.13	172.80	113332
2022-01-03 04:00	172.78	173.86	172.00	173.11	98732
2022-01-03 08:00	173.11	175.02	172.35	174.74	98687
2022-01-03 12:00	174.76	175.80	170.85	170.95	238026
2022-01-03 16:00	170.94	171.70	168.75	169.94	266907
2022-01-03 20:00	169.93	171.15	166.59	170.15	216344
2022-01-04 00:00	170.14	170.41	166.94	167.84	166854
2022-01-04 04:00	167.82	169.21	166.47	169.04	167954
2022-01-04 08:00	169.03	172.28	167.07	171.63	189736
2022-01-04 12:00	171.63	173.93	170.53	172.21	224541
2022-01-04 16:00	172.20	172.46	167.00	168.60	199931
2022-01-04 20:00	168.60	169.52	167.53	167.72	93041
2022-01-05 00:00	167.74	169.34	167.17	169.15	114559
2022-01-05 04:00	169.16	170.50	168.09	169.86	87129
2022-01-05 08:00	169.89	171.32	168.00	168.51	132345
2022-01-05 12:00	168.51	169.26	167.51	168.27	162937
2022-01-05 16:00	168.26	168.69	157.53	158.65	453368
2022-01-05 20:00	158.69	159.80	144.92	154.52	710233
2022-01-06 00:00	154.48	154.80	148.06	148.12	261644
2022-01-06 04:00	148.14	150.98	147.06	150.73	299632
2022-01-06 08:00	150.73	151.00	145.98	147.56	287603
2022-01-06 12:00	147.54	151.06	146.32	149.66	362477
2022-01-06 16:00	149.67	154.44	148.83	153.84	206777
2022-01-06 20:00	153.87	153.95	150.00	150.26	157648
2022-01-07 00:00	150.28	150.72	138.00	139.63	619348
2022-01-07 04:00	139.63	141.21	134.60	138.99	668075
2022-01-07 08:00	139.00	144.00	138.25	139.21	401258
2022-01-07 12:00	139.20	142.83	133.08	135.97	517762
2022-01-07 16:00	135.97	140.48	134.44	140.21	346903
2022-01-07 20:00	140.21	140.96	135.94	136.45	166766
2022-01-08 00:00	136.43	141.52	135.80	139.36	231498
2022-01-08 04:00	139.40	144.66	139.32	144.40	310529
2022-01-08 08:00	144.40	148.11	144.25	146.43	431875
2022-01-08 12:00	146.44	146.82	142.25	144.25	301857
2022-01-08 16:00	144.21	146.16	133.00	135.38	811123
2022-01-08 20:00	135.36	146.94	134.58	142.14	609250
2022-01-09 00:00	142.10	145.36	140.75	141.93	370854
2022-01-09 04:00	141.92	143.72	140.07	140.37	174081
2022-01-09 08:00	140.38	141.34	137.83	140.56	223121
2022-01-09 12:00	140.59	140.90	137.97	140.11	164388
2022-01-09 16:00	140.11	145.71	139.70	145.26	324450
2022-01-09 20:00	145.30	145.67	140.00	140.82	178963
2022-01-10 00:00	140.82	142.55	138.88	140.62	170759
2022-01-10 04:00	140.62	143.86	140.30	143.05	158722
2022-01-10 08:00	143.05	143.48	138.96	139.44	155991
2022-01-10 12:00	139.45	139.76	130.00	133.16	800691
2022-01-10 16:00	133.17	138.55	130.96	132.64	422345
2022-01-10 20:00	132.65	136.10	131.87	135.86	186714
2022-01-11 00:00	135.84	137.50	133.58	137.28	186836
2022-01-11 04:00	137.28	137.89	135.03	137.25	132187
2022-01-11 08:00	137.26	138.52	134.27	135.40	155630
2022-01-11 12:00	135.40	138.03	135.00	137.08	217780
2022-01-11 16:00	137.09	143.50	136.94	142.39	486994
2022-01-11 20:00	142.41	143.17	139.68	140.20	149860
2022-01-12 00:00	140.19	141.53	139.07	140.07	162490
2022-01-12 04:00	140.06	140.88	138.22	138.95	148680
2022-01-12 08:00	138.94	144.10	138.72	141.42	296121
2022-01-12 12:00	141.40	148.50	141.23	147.70	570543
2022-01-12 16:00	147.70	153.20	147.59	152.71	540399
2022-01-12 20:00	152.71	153.39	151.30	151.51	229264
2022-01-13 00:00	151.50	152.22	148.12	148.65	193164
2022-01-13 04:00	148.66	151.69	148.62	151.41	144475
2022-01-13 08:00	151.39	152.80	149.90	150.32	208981
2022-01-13 12:00	150.33	157.80	150.25	154.95	579779
2022-01-13 16:00	154.90	155.25	146.50	147.65	594054
2022-01-13 20:00	147.63	149.89	145.41	146.14	264392
2022-01-14 00:00	146.13	147.99	144.39	147.52	201221
2022-01-14 04:00	147.52	150.56	146.71	147.71	216275
2022-01-14 08:00	147.71	147.79	141.84	143.45	325453
2022-01-14 12:00	143.45	148.40	142.02	147.34	279079
2022-01-14 16:00	147.34	149.80	145.59	148.36	252286
2022-01-14 20:00	148.34	149.00	145.39	146.17	154559
2022-01-15 00:00	146.18	147.29	145.06	145.98	112594
2022-01-15 04:00	145.98	146.29	144.59	145.51	113960
2022-01-15 08:00	145.51	146.82	144.78	146.40	115628
2022-01-15 12:00	146.39	148.62	143.90	147.99	232343
2022-01-15 16:00	148.00	148.83	147.13	147.95	162531
2022-01-15 20:00	147.94	149.49	147.36	147.64	128655
2022-01-16 00:00	147.61	148.22	146.09	146.83	95118
2022-01-16 04:00	146.82	150.05	146.37	149.67	158055
2022-01-16 08:00	149.73	150.73	147.63	148.13	152312
2022-01-16 12:00	148.11	151.96	147.08	149.94	252328
2022-01-16 16:00	149.97	150.96	147.76	147.97	149099
2022-01-16 20:00	147.97	148.65	146.30	147.98	158074
2022-01-17 00:00	147.98	148.29	142.85	142.95	256739
2022-01-17 04:00	142.97	143.93	141.66	143.23	172457
2022-01-17 08:00	143.26	144.01	142.27	142.46	200167
2022-01-17 12:00	142.46	143.80	141.01	142.15	197549
2022-01-17 16:00	142.16	142.51	138.80	139.87	288122
2022-01-17 20:00	139.86	140.29	137.02	139.80	183352
2022-01-18 00:00	139.81	141.83	139.00	139.21	226512
2022-01-18 04:00	139.22	140.90	138.11	140.23	137728
2022-01-18 08:00	140.22	140.39	135.95	137.62	196592
2022-01-18 12:00	137.61	138.24	134.39	136.67	276287
2022-01-18 16:00	136.67	137.88	135.64	137.01	164990
2022-01-18 20:00	137.06	142.77	136.20	141.22	252945
2022-01-19 00:00	141.32	142.70	136.96	138.00	222951
2022-01-19 04:00	137.98	139.12	134.06	134.44	158909
2022-01-19 08:00	134.44	136.37	132.77	136.13	248426
2022-01-19 12:00	136.15	138.61	135.46	136.94	224724
2022-01-19 16:00	136.94	138.05	135.33	136.74	170366
2022-01-19 20:00	136.71	137.50	134.71	135.25	150516
2022-01-20 00:00	135.23	137.23	134.49	137.03	107921
2022-01-20 04:00	137.06	137.86	136.20	137.42	74959
2022-01-20 08:00	137.41	138.20	135.60	137.89	122041
2022-01-20 12:00	137.90	143.50	136.96	143.18	321426
2022-01-20 16:00	143.15	143.83	139.69	139.93	324473
2022-01-20 20:00	139.92	140.23	126.01	127.54	514484
2022-01-21 00:00	127.54	128.73	121.04	124.21	909065
2022-01-21 04:00	124.20	126.82	123.81	126.54	311339
2022-01-21 08:00	126.53	126.91	121.27	122.19	325994
2022-01-21 12:00	122.19	122.78	115.55	121.91	863551
2022-01-21 16:00	121.91	126.89	120.12	120.33	814698
2022-01-21 20:00	120.32	122.02	106.11	112.27	1299081
2022-01-22 00:00	112.24	114.89	108.27	109.67	494973
2022-01-22 04:00	109.67	110.42	98.26	100.39	1135894
2022-01-22 08:00	100.40	103.79	87.73	98.69	2051945
2022-01-22 12:00	98.69	103.30	92.88	93.05	950656
2022-01-22 16:00	93.04	98.50	88.54	90.58	1131786
2022-01-22 20:00	90.57	97.48	89.70	94.54	691059
2022-01-23 00:00	94.57	99.25	93.25	94.37	514708
2022-01-23 04:00	94.36	101.60	93.47	101.19	559385
2022-01-23 08:00	101.21	104.82	99.80	101.85	851728
2022-01-23 12:00	101.85	103.19	96.12	98.86	606656
2022-01-23 16:00	98.85	99.75	93.95	94.75	492515
2022-01-23 20:00	94.73	101.85	94.19	99.78	537473
2022-01-24 00:00	99.74	99.83	91.25	92.10	998303
2022-01-24 04:00	92.09	92.83	86.06	86.75	775399
2022-01-24 08:00	86.77	89.57	81.71	83.94	1440768
2022-01-24 12:00	83.95	88.00	80.83	87.47	1535792
2022-01-24 16:00	87.48	91.54	83.47	89.61	1305960
2022-01-24 20:00	89.61	96.31	89.51	91.93	934528
2022-01-25 00:00	91.94	92.03	87.88	90.07	408553
2022-01-25 04:00	90.10	90.74	87.41	90.00	363576
2022-01-25 08:00	89.98	94.52	89.91	91.59	654809
2022-01-25 12:00	91.60	94.90	90.38	92.95	625342
2022-01-25 16:00	92.95	99.95	92.66	96.13	888128
2022-01-25 20:00	96.13	96.30	91.94	94.67	543003
2022-01-26 00:00	94.65	95.40	91.37	94.73	396556
2022-01-26 04:00	94.71	97.00	93.63	94.45	324317
2022-01-26 08:00	94.44	98.23	94.39	98.05	399997
2022-01-26 12:00	98.05	103.00	96.02	98.79	884131
2022-01-26 16:00	98.79	104.43	96.38	98.21	1313157
2022-01-26 20:00	98.21	98.21	89.19	92.12	1183892
2022-01-27 00:00	92.11	93.65	85.71	86.75	803576
2022-01-27 04:00	86.73	90.78	86.33	88.78	441919
2022-01-27 08:00	88.80	91.35	88.21	91.18	439416
2022-01-27 12:00	91.19	94.60	90.75	92.32	697708
2022-01-27 16:00	92.30	93.46	89.11	89.87	499315
2022-01-27 20:00	89.88	90.69	85.71	89.51	648793
2022-01-28 00:00	89.51	92.96	88.67	92.42	470020
2022-01-28 04:00	92.45	93.55	89.56	89.69	346929
2022-01-28 08:00	89.68	90.99	87.58	88.65	352599
2022-01-28 12:00	88.64	91.48	87.21	91.16	535874
2022-01-28 16:00	91.15	93.13	90.05	91.58	507991
2022-01-28 20:00	91.61	93.48	90.21	91.34	434630
2022-01-29 00:00	91.35	94.00	90.50	92.11	319008
2022-01-29 04:00	92.13	97.30	91.99	97.20	418242
2022-01-29 08:00	97.21	97.70	95.24	96.31	296810
2022-01-29 12:00	96.30	98.93	93.83	95.08	430362
2022-01-29 16:00	95.05	95.79	93.29	95.24	299831
2022-01-29 20:00	95.25	97.00	94.51	96.13	287340
2022-01-30 00:00	96.15	96.34	93.46	94.45	256307
2022-01-30 04:00	94.47	97.60	94.36	96.71	178848
2022-01-30 08:00	96.73	97.11	95.03	96.37	165505
2022-01-30 12:00	96.37	96.54	93.88	95.15	189228
2022-01-30 16:00	95.16	95.92	91.71	92.04	258158
2022-01-30 20:00	92.03	94.27	91.38	93.29	210710
2022-01-31 00:00	93.26	93.62	89.25	90.72	351796
2022-01-31 04:00	90.73	90.75	89.18	90.25	190229
2022-01-31 08:00	90.26	91.77	89.95	91.37	156822
2022-01-31 12:00	91.36	96.00	90.32	95.41	541350
2022-01-31 16:00	95.42	98.80	94.95	98.39	652888
2022-01-31 20:00	98.40	101.40	95.31	99.49	521721
2022-02-01 00:00	99.50	108.00	99.02	106.92	720623
2022-02-01 04:00	106.92	107.54	104.52	105.42	434566
2022-02-01 08:00	105.41	109.00	103.80	106.35	723806
2022-02-01 12:00	106.35	110.93	106.04	108.71	748694
2022-02-01 16:00	108.70	113.66	107.77	107.89	1066188
2022-02-01 20:00	107.87	112.20	107.79	110.02	497343
2022-02-02 00:00	109.99	112.35	108.15	110.63	515650
2022-02-02 04:00	110.62	110.73	107.54	108.50	401770
2022-02-02 08:00	108.52	110.65	108.26	109.98	257263
2022-02-02 12:00	110.01	112.30	105.12	105.92	877034
2022-02-02 16:00	105.95	111.97	103.60	110.03	823958
2022-02-02 20:00	110.02	110.13	96.99	101.88	1988409
2022-02-03 00:00	101.91	103.13	96.70	97.40	687781
2022-02-03 04:00	97.38	99.55	97.15	99.36	382081
2022-02-03 08:00	99.40	100.01	94.00	97.43	1018000
2022-02-03 12:00	97.43	99.50	94.08	98.26	834394
2022-02-03 16:00	98.25	99.21	95.83	96.81	385154
2022-02-03 20:00	96.80	102.23	95.85	101.77	579854
2022-02-04 00:00	101.83	103.84	100.28	102.39	329906
2022-02-04 04:00	102.39	106.91	101.61	104.92	599283
2022-02-04 08:00	104.90	107.00	104.44	104.80	424214
2022-02-04 12:00	104.80	109.83	101.69	107.19	1392506
2022-02-04 16:00	107.19	111.38	106.94	110.65	987377
2022-02-04 20:00	110.64	112.81	109.31	112.62	453809
2022-02-05 00:00	112.63	114.25	110.22	114.01	528109
2022-02-05 04:00	114.02	118.60	113.53	115.56	598042
2022-02-05 08:00	115.56	116.93	114.49	114.95	358736
2022-02-05 12:00	114.95	117.19	114.17	116.03	373219
2022-02-05 16:00	116.01	116.42	110.76	113.50	561057
2022-02-05 20:00	113.49	115.77	112.87	113.75	229891
2022-02-06 00:00	113.74	115.80	113.67	114.40	227795
2022-02-06 04:00	114.41	114.94	112.08	114.32	278483
2022-02-06 08:00	114.31	116.06	113.56	114.41	209370
2022-02-06 12:00	114.41	115.93	111.09	113.07	393059
2022-02-06 16:00	113.06	114.56	112.03	112.88	198712
2022-02-06 20:00	112.88	115.50	112.05	115.28	255091
2022-02-07 00:00	115.26	119.65	112.69	119.20	466431
2022-02-07 04:00	119.21	120.00	116.93	117.27	405717
2022-02-07 08:00	117.29	117.90	115.20	117.53	319031
2022-02-07 12:00	117.50	121.72	116.61	121.30	573540
2022-02-07 16:00	121.31	121.93	119.26	120.03	562340
2022-02-07 20:00	120.04	121.00	116.58	117.55	404342
2022-02-08 00:00	117.57	119.00	115.51	117.47	361210
2022-02-08 04:00	117.48	120.36	116.85	117.73	589535
2022-02-08 08:00	117.70	117.90	112.02	114.36	589440
2022-02-08 12:00	114.32	114.32	110.04	112.03	500455
2022-02-08 16:00	112.07	112.73	110.31	110.82	355653
2022-02-08 20:00	110.84	114.79	109.66	113.45	415907
2022-02-09 00:00	113.44	115.10	110.86	111.23	319791
2022-02-09 04:00	111.23	111.93	109.40	111.50	267229
2022-02-09 08:00	111.50	113.73	110.43	113.27	315192
2022-02-09 12:00	113.27	117.08	112.82	113.18	501858
2022-02-09 16:00	113.18	115.68	112.50	115.06	387746
2022-02-09 20:00	115.07	116.43	113.65	113.93	323317
2022-02-10 00:00	113.96	114.08	110.60	111.01	310600
2022-02-10 04:00	111.02	112.54	110.80	112.40	211949
2022-02-10 08:00	112.39	115.38	112.06	113.77	349014
2022-02-10 12:00	113.78	114.20	105.70	111.96	1087348
2022-02-10 16:00	111.94	113.00	108.12	108.92	520325
2022-02-10 20:00	108.93	109.48	105.68	106.17	303043
2022-02-11 00:00	106.18	106.61	103.61	104.67	375683
2022-02-11 04:00	104.66	105.83	103.23	105.71	276294
2022-02-11 08:00	105.72	106.49	104.45	105.56	243244
2022-02-11 12:00	105.55	108.14	105.02	106.84	371619
2022-02-11 16:00	106.82	107.10	99.19	99.74	693860
2022-02-11 20:00	99.72	100.10	95.14	96.53	577228
2022-02-12 00:00	96.53	98.49	95.39	96.92	239417
2022-02-12 04:00	96.93	97.65	92.80	93.77	374373
2022-02-12 08:00	93.77	96.22	93.70	96.09	280830
2022-02-12 12:00	96.10	96.20	93.54	95.00	248933
2022-02-12 16:00	94.99	99.79	94.67	97.17	387080
2022-02-12 20:00	97.14	98.31	94.36	95.96	274006
2022-02-13 00:00	95.98	97.36	95.11	95.95	155326
2022-02-13 04:00	95.98	96.72	95.22	96.34	124606
2022-02-13 08:00	96.33	97.04	95.44	96.19	176394
2022-02-13 12:00	96.19	96.94	95.37	95.62	200494
2022-02-13 16:00	95.64	95.68	91.35	92.25	385183
2022-02-13 20:00	92.26	94.12	91.93	92.85	174787
2022-02-14 00:00	92.85	93.75	90.72	93.55	257839
2022-02-14 04:00	93.56	94.91	92.70	94.80	207860
2022-02-14 08:00	94.80	94.93	91.86	93.15	239977
2022-02-14 12:00	93.15	97.90	92.34	96.59	468285
2022-02-14 16:00	96.59	97.99	93.31	94.32	397363
2022-02-14 20:00	94.32	97.20	93.61	96.37	222123
2022-02-15 00:00	96.39	102.49	96.38	101.32	456513
2022-02-15 04:00	101.32	102.30	100.33	102.00	322191
2022-02-15 08:00	102.00	103.71	101.29	102.40	479239
2022-02-15 12:00	102.40	103.30	100.74	102.76	450445
2022-02-15 16:00	102.77	103.25	100.84	101.60	303034
2022-02-15 20:00	101.59	105.77	100.96	105.52	351514
2022-02-16 00:00	105.52	105.60	102.44	102.80	229643
2022-02-16 04:00	102.80	104.44	100.77	104.25	297954
2022-02-16 08:00	104.26	104.41	101.45	102.51	258913
2022-02-16 12:00	102.49	102.75	98.30	99.09	627452
2022-02-16 16:00	99.10	103.70	98.27	103.25	495667
2022-02-16 20:00	103.26	103.55	101.56	101.86	214229
2022-02-17 00:00	101.85	102.82	99.13	99.19	227905
2022-02-17 04:00	99.17	100.96	98.00	100.93	254273
2022-02-17 08:00	100.93	101.10	97.31	99.09	293444
2022-02-17 12:00	99.09	99.70	96.59	97.33	373408
2022-02-17 16:00	97.33	97.80	93.00	94.92	500563
2022-02-17 20:00	94.92	94.92	92.33	93.52	352187
2022-02-18 00:00	93.55	95.52	92.75	94.38	294813
2022-02-18 04:00	94.38	95.50	93.81	95.18	144534
2022-02-18 08:00	95.17	96.37	93.62	93.90	272034
2022-02-18 12:00	93.93	94.82	90.13	90.96	599914
2022-02-18 16:00	90.95	92.03	89.31	91.03	466350
2022-02-18 20:00	91.03	91.41	89.36	89.86	233147
2022-02-19 00:00	89.86	92.21	89.78	91.21	144894
2022-02-19 04:00	91.21	92.75	91.03	92.13	157240
2022-02-19 08:00	92.13	92.35	88.60	89.48	309330
2022-02-19 12:00	89.50	91.12	88.68	90.99	317952
2022-02-19 16:00	90.99	92.18	89.68	89.90	233309
2022-02-19 20:00	89.85	91.75	89.51	91.27	123582
2022-02-20 00:00	91.27	91.41	87.78	88.41	233216
2022-02-20 04:00	88.41	88.68	85.56	87.39	420604
2022-02-20 08:00	87.37	90.16	85.73	89.18	470375
2022-02-20 12:00	89.20	90.94	87.43	89.43	412087
2022-02-20 16:00	89.42	93.45	89.23	92.02	473550
2022-02-20 20:00	92.02	94.50	90.26	90.72	550362
2022-02-21 00:00	90.70	95.26	90.46	93.83	535431
2022-02-21 04:00	93.83	95.79	93.77	95.43	302773
2022-02-21 08:00	95.43	96.14	88.16	89.15	709577
2022-02-21 12:00	89.16	92.18	86.86	89.62	1070614
2022-02-21 16:00	89.60	90.30	86.26	87.49	726773
2022-02-21 20:00	87.49	88.27	82.62	82.96	718623
2022-02-22 00:00	82.95	84.60	81.06	81.64	554908
2022-02-22 04:00	81.65	83.83	81.39	82.12	493071
2022-02-22 08:00	82.11	86.00	81.87	85.20	531078
2022-02-22 12:00	85.19	87.56	84.18	85.85	573402
2022-02-22 16:00	85.85	86.54	83.81	86.28	428416
2022-02-22 20:00	86.30	87.13	84.77	86.38	255396
2022-02-23 00:00	86.39	88.78	86.08	87.24	384010
2022-02-23 04:00	87.24	89.98	86.96	89.14	370591
2022-02-23 08:00	89.17	93.36	88.73	92.04	543346
2022-02-23 12:00	92.06	93.40	89.08	89.72	718549
2022-02-23 16:00	89.73	92.15	87.56	88.11	608748
2022-02-23 20:00	88.11	88.43	84.38	84.59	568612
2022-02-24 00:00	84.58	85.81	76.10	77.52	1024212
2022-02-24 04:00	77.55	84.26	75.35	82.19	1750121
2022-02-24 08:00	82.18	84.60	79.32	81.37	1181142
2022-02-24 12:00	81.36	86.20	79.46	84.92	1186075
2022-02-24 16:00	84.95	91.37	83.35	90.81	1202896
2022-02-24 20:00	90.81	93.90	86.73	89.36	1154492
2022-02-25 00:00	89.35	90.82	87.57	89.65	540319
2022-02-25 04:00	89.64	89.88	86.86	88.74	386547
2022-02-25 08:00	88.74	89.46	86.93	89.20	517632
2022-02-25 12:00	89.22	92.20	87.85	91.06	947112
2022-02-25 16:00	91.06	92.00	88.81	89.55	611667
2022-02-25 20:00	89.55	95.00	89.00	92.71	689317
2022-02-26 00:00	92.73	95.49	92.14	92.79	508296
2022-02-26 04:00	92.77	93.65	90.40	92.02	288889
2022-02-26 08:00	92.05	92.99	90.08	90.66	476370
2022-02-26 12:00	90.67	92.14	90.14	91.26	280167
2022-02-26 16:00	91.28	91.66	89.23	90.78	334606
2022-02-26 20:00	90.78	92.59	89.54	90.23	391977
2022-02-27 00:00	90.25	90.69	86.00	87.01	437848
2022-02-27 04:00	87.01	89.22	86.59	88.83	172957
2022-02-27 08:00	88.83	90.97	88.07	90.79	294315
2022-02-27 12:00	90.78	92.19	88.31	91.20	678077
2022-02-27 16:00	91.21	91.28	84.48	84.87	547695
2022-02-27 20:00	84.85	86.58	84.08	85.63	463370
2022-02-28 00:00	85.61	88.05	84.17	86.68	340804
2022-02-28 04:00	86.69	88.70	84.71	88.12	341543
2022-02-28 08:00	88.13	91.15	88.10	90.76	583594
2022-02-28 12:00	90.75	96.83	88.85	95.59	1235595
2022-02-28 16:00	95.58	97.10	94.21	96.22	796460
2022-02-28 20:00	96.20	103.00	95.89	99.68	914798
2022-03-01 00:00	99.67	101.09	95.97	97.31	724494
2022-03-01 04:00	97.31	97.96	95.05	96.94	392575
2022-03-01 08:00	96.96	98.54	94.21	97.80	632100
2022-03-01 12:00	97.80	102.03	96.67	97.87	1221456
2022-03-01 16:00	97.87	99.12	96.02	97.71	395588
2022-03-01 20:00	97.71	99.38	96.78	98.66	299832
2022-03-02 00:00	98.65	105.19	96.76	104.24	887322
2022-03-02 04:00	104.25	105.34	101.19	102.37	687854
2022-03-02 08:00	102.39	106.43	101.20	104.58	747248
2022-03-02 12:00	104.57	105.24	100.17	101.60	1183125
2022-03-02 16:00	101.61	103.36	99.80	100.99	464977
2022-03-02 20:00	100.98	102.08	99.88	100.68	336501
2022-03-03 00:00	100.69	101.70	97.73	98.39	535076
2022-03-03 04:00	98.34	100.75	97.83	99.79	255927
2022-03-03 08:00	99.78	101.20	98.74	99.71	371219
2022-03-03 12:00	99.70	101.00	95.02	95.95	671815
2022-03-03 16:00	95.94	96.26	94.00	94.96	439455
2022-03-03 20:00	94.95	96.44	94.05	95.62	322786
2022-03-04 00:00	95.63	95.94	90.50	91.56	659783
2022-03-04 04:00	91.53	92.28	90.86	91.99	258597
2022-03-04 08:00	91.99	93.90	90.52	93.16	424998
2022-03-04 12:00	93.16	93.80	90.66	91.32	592601
2022-03-04 16:00	91.32	92.87	88.36	88.70	479894
2022-03-04 20:00	88.71	89.40	87.00	88.32	439806
2022-03-05 00:00	88.33	88.41	86.00	87.71	353228
2022-03-05 04:00	87.71	89.22	86.83	88.85	246212
2022-03-05 08:00	88.85	89.13	87.80	88.72	218348
2022-03-05 12:00	88.72	89.82	87.81	89.13	214945
2022-03-05 16:00	89.13	91.22	89.12	90.14	323627
2022-03-05 20:00	90.14	90.50	89.06	89.63	139884
2022-03-06 00:00	89.61	89.96	87.46	87.69	213951
2022-03-06 04:00	87.69	88.90	86.63	88.33	251899
2022-03-06 08:00	88.32	88.42	85.68	87.02	359939
2022-03-06 12:00	87.02	88.25	86.47	87.25	271939
2022-03-06 16:00	87.26	88.26	84.82	85.38	337485
2022-03-06 20:00	85.40	86.62	84.09	84.57	393750
2022-03-07 00:00	84.58	84.79	81.12	82.26	627510
2022-03-07 04:00	82.27	83.38	81.17	81.82	383279
2022-03-07 08:00	81.83	83.32	81.25	83.13	370984
2022-03-07 12:00	83.12	86.71	83.12	85.06	643208
2022-03-07 16:00	85.04	86.04	80.00	80.34	714775
2022-03-07 20:00	80.34	82.97	79.92	81.66	491943
2022-03-08 00:00	81.65	84.62	81.30	83.48	349912
2022-03-08 04:00	83.48	84.18	82.50	83.03	343082
2022-03-08 08:00	83.03	84.95	82.64	83.92	414494
2022-03-08 12:00	83.92	84.58	81.37	82.77	521581
2022-03-08 16:00	82.78	85.04	81.34	82.90	698225
2022-03-08 20:00	82.90	83.19	81.36	82.32	277956
2022-03-09 00:00	82.32	88.50	81.90	88.13	688663
2022-03-09 04:00	88.13	89.66	86.96	89.26	669698
2022-03-09 08:00	89.26	89.92	87.86	88.19	449440
2022-03-09 12:00	88.19	89.30	86.54	88.91	720266
2022-03-09 16:00	88.91	89.44	86.04	86.95	520510
2022-03-09 20:00	86.96	88.83	86.05	88.06	307358
2022-03-10 00:00	88.06	88.57	85.28	85.31	434131
2022-03-10 04:00	85.31	85.52	81.94	82.68	648909
2022-03-10 08:00	82.68	83.17	81.86	82.08	377958
2022-03-10 12:00	82.08	84.04	80.63	81.94	704411
2022-03-10 16:00	81.92	82.85	81.68	82.44	394736
2022-03-10 20:00	82.44	84.00	82.00	82.87	268837
2022-03-11 00:00	82.86	83.17	80.75	81.92	416194
2022-03-11 04:00	81.92	82.66	80.22	82.26	420126
2022-03-11 08:00	82.26	83.89	81.21	83.28	454589
2022-03-11 12:00	83.27	84.29	81.33	81.75	557024
2022-03-11 16:00	81.77	81.80	80.38	80.59	402135
2022-03-11 20:00	80.59	81.60	80.07	80.67	278976
2022-03-12 00:00	80.67	82.75	80.57	81.80	290304
2022-03-12 04:00	81.80	82.47	81.31	81.69	215083
2022-03-12 08:00	81.70	81.74	80.58	81.08	305944
2022-03-12 12:00	81.08	82.34	80.91	81.68	223614
2022-03-12 16:00	81.67	82.40	81.53	81.66	186694
2022-03-12 20:00	81.67	82.19	81.24	81.38	141345
2022-03-13 00:00	81.40	82.58	81.01	82.56	264815
2022-03-13 04:00	82.59	83.34	81.67	81.74	222755
2022-03-13 08:00	81.75	81.81	80.80	81.05	289728
2022-03-13 12:00	81.04	81.68	80.00	81.20	465421
2022-03-13 16:00	81.20	81.47	80.32	80.48	196522
2022-03-13 20:00	80.48	80.48	77.65	78.73	570912
2022-03-14 00:00	78.72	79.95	78.00	79.50	313920
2022-03-14 04:00	79.51	81.70	79.49	80.90	373860
2022-03-14 08:00	80.90	82.29	80.81	80.90	301168
2022-03-14 12:00	80.90	81.46	80.13	80.97	428901
2022-03-14 16:00	80.96	81.02	78.51	79.95	362062
2022-03-14 20:00	79.96	81.45	79.13	81.22	300578
2022-03-15 00:00	81.23	81.55	79.30	79.66	354689
2022-03-15 04:00	79.64	80.40	78.72	79.32	200849
2022-03-15 08:00	79.34	80.50	78.99	80.10	248802
2022-03-15 12:00	80.11	81.25	79.63	81.05	313613
2022-03-15 16:00	81.05	85.99	80.71	84.58	642637
2022-03-15 20:00	84.58	85.20	82.74	82.84	363754
2022-03-16 00:00	82.84	86.38	82.15	82.38	652722
2022-03-16 04:00	82.37	82.94	81.53	82.82	253328
2022-03-16 08:00	82.83	84.60	82.72	84.24	337603
2022-03-16 12:00	84.25	84.94	82.74	83.94	370121
2022-03-16 16:00	83.96	86.05	82.17	85.81	655186
2022-03-16 20:00	85.82	87.98	85.56	87.77	370555
2022-03-17 00:00	87.77	89.20	86.93	87.99	479868
2022-03-17 04:00	87.97	88.97	86.73	87.23	341046
2022-03-17 08:00	87.22	87.80	86.58	87.67	231134
2022-03-17 12:00	87.67	90.72	87.53	89.35	684731
2022-03-17 16:00	89.36	90.81	88.64	90.81	484562
2022-03-17 20:00	90.80	91.00	87.64	87.80	395807
2022-03-18 00:00	87.80	88.10	85.61	85.91	529306
2022-03-18 04:00	85.90	87.13	85.55	85.76	305165
2022-03-18 08:00	85.77	86.60	84.41	84.96	426817
2022-03-18 12:00	84.97	88.29	84.64	88.28	541199
2022-03-18 16:00	88.28	92.28	88.20	91.12	777586
2022-03-18 20:00	91.12	91.72	88.85	89.80	356578
2022-03-19 00:00	89.81	92.35	89.33	90.25	336470
2022-03-19 04:00	90.25	90.83	89.25	89.35	167103
2022-03-19 08:00	89.35	90.99	89.25	90.73	200499
2022-03-19 12:00	90.73	94.25	90.40	94.05	623935
2022-03-19 16:00	94.04	94.55	92.32	92.65	411840
2022-03-19 20:00	92.64	93.43	91.14	92.31	319224
2022-03-20 00:00	92.31	92.55	90.34	90.78	280685
2022-03-20 04:00	90.78	91.57	90.32	91.00	201279
2022-03-20 08:00	91.01	91.64	89.58	89.93	265639
2022-03-20 12:00	89.93	90.64	88.94	89.15	271928
2022-03-20 16:00	89.14	89.89	87.82	89.52	253252
2022-03-20 20:00	89.52	90.33	88.29	88.62	228381
2022-03-21 00:00	88.62	89.18	86.74	87.70	301717
2022-03-21 04:00	87.72	89.74	87.57	89.66	206138
2022-03-21 08:00	89.65	91.14	89.39	89.83	385683
2022-03-21 12:00	89.83	91.28	88.57	89.61	542938
2022-03-21 16:00	89.58	89.68	87.45	88.75	380923
2022-03-21 20:00	88.76	89.23	88.21	88.59	168416
2022-03-22 00:00	88.58	91.75	88.00	90.99	501831
2022-03-22 04:00	90.99	92.41	89.50	90.25	428721
2022-03-22 08:00	90.26	92.20	90.03	92.00	372767
2022-03-22 12:00	92.00	93.98	91.00	92.56	675865
2022-03-22 16:00	92.57	93.59	91.37	91.39	362056
2022-03-22 20:00	91.39	92.44	90.25	90.43	270808
2022-03-23 00:00	90.44	91.29	89.19	90.11	330192
2022-03-23 04:00	90.10	91.79	89.65	91.13	227947
2022-03-23 08:00	91.13	91.79	90.62	91.33	262179
2022-03-23 12:00	91.33	96.36	90.92	95.67	943692
2022-03-23 16:00	95.68	96.13	92.56	92.79	715170
2022-03-23 20:00	92.81	95.25	92.65	94.89	376357
2022-03-24 00:00	94.88	96.00	93.26	94.66	627180
2022-03-24 04:00	94.65	97.60	94.61	97.11	578745
2022-03-24 08:00	97.11	101.85	96.66	100.05	1134967
2022-03-24 12:00	100.05	102.19	98.21	101.62	1226012
2022-03-24 16:00	101.62	103.70	100.61	102.88	785965
2022-03-24 20:00	102.89	103.49	101.47	102.32	424861
2022-03-25 00:00	102.32	104.75	100.82	103.51	690168
2022-03-25 04:00	103.50	104.86	102.63	102.88	413332
2022-03-25 08:00	102.87	104.46	101.46	104.25	538363
2022-03-25 12:00	104.25	104.49	99.61	100.23	758387
2022-03-25 16:00	100.24	100.85	96.95	98.47	736913
2022-03-25 20:00	98.48	99.24	97.80	98.60	223988
2022-03-26 00:00	98.60	99.25	97.63	98.92	250354
2022-03-26 04:00	98.92	101.49	98.57	101.24	349685
2022-03-26 08:00	101.23	101.48	99.96	100.39	281985
2022-03-26 12:00	100.39	101.95	99.72	101.20	300736
2022-03-26 16:00	101.20	103.30	101.09	102.69	453748
2022-03-26 20:00	102.69	103.40	101.22	101.73	270530
2022-03-27 00:00	101.73	103.03	101.35	101.82	242397
2022-03-27 04:00	101.82	102.44	101.08	102.21	167593
2022-03-27 08:00	102.22	102.45	100.22	100.46	216957
2022-03-27 12:00	100.47	101.58	98.77	101.46	395746
2022-03-27 16:00	101.45	103.44	100.93	103.23	397522
2022-03-27 20:00	103.23	107.46	101.81	107.04	931596
2022-03-28 00:00	107.04	107.71	105.22	106.84	537812
2022-03-28 04:00	106.84	111.93	105.89	108.91	770165
2022-03-28 08:00	108.92	111.66	107.66	110.06	545400
2022-03-28 12:00	110.07	113.87	109.23	109.89	949237
2022-03-28 16:00	109.89	112.98	108.88	111.38	603159
2022-03-28 20:00	111.38	113.04	105.40	105.75	740961
2022-03-29 00:00	105.75	110.47	105.49	109.17	439737
2022-03-29 04:00	109.16	111.75	108.56	109.92	443737
2022-03-29 08:00	109.88	113.66	109.84	113.38	463297
2022-03-29 12:00	113.37	115.70	111.21	111.62	942404
2022-03-29 16:00	111.62	114.13	108.84	113.91	953619
2022-03-29 20:00	113.92	113.98	109.23	111.62	485186
2022-03-30 00:00	111.62	111.62	107.11	110.75	555667
2022-03-30 04:00	110.75	112.89	109.57	112.33	565843
2022-03-30 08:00	112.32	112.93	110.72	112.18	374872
2022-03-30 12:00	112.19	125.26	111.52	122.63	2216083
2022-03-30 16:00	122.62	125.05	119.60	121.16	1031888
2022-03-30 20:00	121.16	121.48	119.10	120.82	506803
2022-03-31 00:00	120.82	123.95	119.95	121.25	593470
2022-03-31 04:00	121.26	123.59	120.39	123.28	304203
2022-03-31 08:00	123.28	127.98	122.41	127.24	751114
2022-03-31 12:00	127.24	129.50	121.24	125.30	1786325
2022-03-31 16:00	125.28	127.48	121.72	122.96	1227879
2022-03-31 20:00	122.96	125.60	122.21	122.77	481688
2022-04-01 00:00	122.79	124.94	117.39	121.95	1105870
2022-04-01 04:00	121.95	126.46	119.82	126.45	766384
2022-04-01 08:00	126.45	127.20	123.99	124.37	617124
2022-04-01 12:00	124.34	133.71	122.10	132.75	1519592
2022-04-01 16:00	132.73	137.59	132.12	137.44	874322
2022-04-01 20:00	137.42	138.40	133.42	134.52	622496
2022-04-02 00:00	134.53	137.28	133.05	134.78	794729
2022-04-02 04:00	134.80	136.32	134.13	135.81	340418
2022-04-02 08:00	135.81	138.43	135.04	137.66	484108
2022-04-02 12:00	137.67	143.51	136.12	137.96	1344759
2022-04-02 16:00	137.96	140.55	134.36	135.87	779064
2022-04-02 20:00	135.87	137.51	131.47	132.49	451617
2022-04-03 00:00	132.48	136.19	130.52	135.45	632206
2022-04-03 04:00	135.46	138.95	135.46	137.56	471350
2022-04-03 08:00	137.59	141.11	136.28	139.10	528646
2022-04-03 12:00	139.10	140.02	135.51	136.05	500297
2022-04-03 16:00	136.05	136.98	134.09	135.29	363442
2022-04-03 20:00	135.30	139.45	135.05	136.90	469288
2022-04-04 00:00	136.90	137.39	134.07	135.31	429574
2022-04-04 04:00	135.31	138.29	134.86	136.93	308344
2022-04-04 08:00	136.94	137.88	133.14	134.76	495803
2022-04-04 12:00	134.76	135.48	128.26	129.32	931883
2022-04-04 16:00	129.32	131.54	125.82	130.11	824490
2022-04-04 20:00	130.11	133.09	129.04	132.14	467539
2022-04-05 00:00	132.14	133.97	129.73	133.36	329999
2022-04-05 04:00	133.38	134.22	131.39	133.34	287001
2022-04-05 08:00	133.35	134.86	131.46	134.51	316692
2022-04-05 12:00	134.51	136.63	129.24	131.51	914671
2022-04-05 16:00	131.50	133.61	129.17	131.19	626679
2022-04-05 20:00	131.19	131.50	126.07	126.87	359580
2022-04-06 00:00	126.88	126.97	120.12	123.69	765797
2022-04-06 04:00	123.70	127.40	123.00	125.51	300330
2022-04-06 08:00	125.52	125.85	119.25	121.63	556217
2022-04-06 12:00	121.62	123.20	114.71	117.63	1195619
2022-04-06 16:00	117.63	120.00	114.50	118.80	952838
2022-04-06 20:00	118.78	119.60	112.10	112.95	496765
2022-04-07 00:00	112.94	114.94	110.88	113.78	813989
2022-04-07 04:00	113.78	116.48	113.05	116.03	417485
2022-04-07 08:00	116.02	117.70	113.78	117.46	483064
2022-04-07 12:00	117.46	118.62	111.74	113.23	767289
2022-04-07 16:00	113.23	118.60	112.71	117.71	572755
2022-04-07 20:00	117.70	120.00	116.76	118.48	272456
2022-04-08 00:00	118.47	122.42	118.01	122.08	520682
2022-04-08 04:00	122.10	122.36	116.68	119.11	423041
2022-04-08 08:00	119.13	120.24	114.86	115.28	533979
2022-04-08 12:00	115.28	118.57	112.89	116.48	801307
2022-04-08 16:00	116.48	116.87	112.72	113.57	546119
2022-04-08 20:00	113.56	114.00	108.10	109.92	504560
2022-04-09 00:00	109.92	111.81	108.28	109.43	330698
2022-04-09 04:00	109.46	111.17	109.01	110.63	220408
2022-04-09 08:00	110.62	111.17	108.96	110.50	195194
2022-04-09 12:00	110.51	111.80	109.33	109.59	263483
2022-04-09 16:00	109.60	111.58	109.28	109.78	164086
2022-04-09 20:00	109.78	113.69	109.55	112.96	203753
2022-04-10 00:00	112.97	113.97	110.98	113.40	201871
2022-04-10 04:00	113.38	113.63	111.40	111.59	191316
2022-04-10 08:00	111.58	112.21	109.71	111.05	225212
2022-04-10 12:00	111.06	112.60	110.49	112.38	207737
2022-04-10 16:00	112.39	116.09	111.89	114.54	322459
2022-04-10 20:00	114.54	115.34	110.52	111.07	412836
2022-04-11 00:00	111.06	111.94	108.33	109.96	396940
2022-04-11 04:00	109.97	111.34	109.53	111.10	225895
2022-04-11 08:00	111.10	111.86	103.36	103.93	837112
2022-04-11 12:00	103.93	104.79	101.21	101.44	684384
2022-04-11 16:00	101.43	103.86	100.42	101.37	620106
2022-04-11 20:00	101.37	102.62	98.10	99.67	568413
2022-04-12 00:00	99.64	101.10	98.31	99.72	465858
2022-04-12 04:00	99.70	103.30	99.26	103.05	405129
2022-04-12 08:00	103.04	105.70	102.23	105.55	449210
2022-04-12 12:00	105.54	109.36	104.81	106.00	1150463
2022-04-12 16:00	105.99	107.04	100.32	101.00	618317
2022-04-12 20:00	101.00	103.65	100.78	103.22	439365
2022-04-13 00:00	103.21	105.11	101.87	103.68	302960
2022-04-13 04:00	103.67	104.84	102.93	103.94	236425
2022-04-13 08:00	103.95	104.29	101.00	101.05	294230
2022-04-13 12:00	101.05	106.04	100.09	105.15	714311
2022-04-13 16:00	105.13	105.99	103.64	103.95	388188
2022-04-13 20:00	103.92	105.47	103.66	104.94	268795
2022-04-14 00:00	104.92	107.34	104.53	105.62	352717
2022-04-14 04:00	105.63	107.72	105.56	106.41	339554
2022-04-14 08:00	106.40	107.28	103.23	103.67	408226
2022-04-14 12:00	103.66	105.78	101.13	101.34	616058
2022-04-14 16:00	101.36	101.98	98.77	99.57	713954
2022-04-14 20:00	99.57	101.29	99.09	100.77	281257
2022-04-15 00:00	100.77	102.11	99.55	102.07	227816
2022-04-15 04:00	102.06	102.49	100.53	101.79	231138
2022-04-15 08:00	101.81	102.10	100.86	101.72	166622
2022-04-15 12:00	101.72	102.91	99.85	102.31	359236
2022-04-15 16:00	102.32	102.81	100.20	100.39	251242
2022-04-15 20:00	100.38	101.42	100.33	101.31	149153
2022-04-16 00:00	101.38	102.07	100.90	101.07	128439
2022-04-16 04:00	101.06	101.91	101.00	101.48	90652
2022-04-16 08:00	101.47	102.78	101.10	101.89	174587
2022-04-16 12:00	101.89	103.50	100.71	100.98	319047
2022-04-16 16:00	100.96	102.70	100.76	101.99	152194
2022-04-16 20:00	101.98	102.90	101.73	102.06	142003
2022-04-17 00:00	102.06	102.36	101.01	101.51	118942
2022-04-17 04:00	101.50	102.25	101.34	101.89	114193
2022-04-17 08:00	101.89	102.50	101.81	102.44	132047
2022-04-17 12:00	102.45	105.28	102.33	105.11	386889
2022-04-17 16:00	105.10	105.44	102.76	104.07	361977
2022-04-17 20:00	104.06	104.26	99.62	100.15	396463
2022-04-18 00:00	100.15	101.74	99.87	101.18	226770
2022-04-18 04:00	101.19	101.32	95.03	96.43	725538
2022-04-18 08:00	96.43	97.28	94.62	96.79	349824
2022-04-18 12:00	96.78	99.19	96.78	98.66	520202
2022-04-18 16:00	98.66	102.41	97.10	101.18	644107
2022-04-18 20:00	101.18	102.65	100.99	102.33	285712
2022-04-19 00:00	102.37	103.79	101.20	101.42	367549
2022-04-19 04:00	101.43	102.59	101.02	101.85	226848
2022-04-19 08:00	101.85	103.56	101.24	102.34	364204
2022-04-19 12:00	102.34	108.58	102.28	106.46	821671
2022-04-19 16:00	106.46	107.19	105.28	106.92	465051
2022-04-19 20:00	106.93	109.00	105.80	108.51	430749
2022-04-20 00:00	108.51	109.50	107.05	108.29	439541
2022-04-20 04:00	108.28	108.60	106.67	107.01	298356
2022-04-20 08:00	107.01	110.90	106.61	110.42	486600
2022-04-20 12:00	110.43	110.74	104.75	105.72	859622
2022-04-20 16:00	105.72	106.67	104.25	106.04	402636
2022-04-20 20:00	106.04	107.59	105.00	105.59	282107
2022-04-21 00:00	105.58	107.17	105.39	107.06	204355
2022-04-21 04:00	107.06	107.63	105.31	106.85	262955
2022-04-21 08:00	106.85	109.07	105.75	108.38	392162
2022-04-21 12:00	108.39	110.00	107.66	107.75	764900
2022-04-21 16:00	107.74	107.75	104.18	104.29	525967
2022-04-21 20:00	104.29	104.34	99.86	101.78	522022
2022-04-22 00:00	101.78	103.15	101.40	102.55	260743
2022-04-22 04:00	102.56	103.55	101.33	102.62	254332
2022-04-22 08:00	102.63	102.98	100.11	102.20	333200
2022-04-22 12:00	102.20	102.78	99.38	99.69	510930
2022-04-22 16:00	99.69	101.98	99.19	100.91	301025
2022-04-22 20:00	100.91	101.74	100.00	100.55	118103
2022-04-23 00:00	100.55	101.04	99.32	99.86	154785
2022-04-23 04:00	99.86	101.27	98.31	101.21	214583
2022-04-23 08:00	101.21	102.05	100.68	101.54	199097
2022-04-23 12:00	101.55	102.55	100.82	102.14	191405
2022-04-23 16:00	102.16	102.90	101.44	102.07	186520
2022-04-23 20:00	102.08	102.49	100.13	100.63	135939
2022-04-24 00:00	100.63	101.62	100.26	101.30	135777
2022-04-24 04:00	101.29	102.01	101.18	101.81	106530
2022-04-24 08:00	101.80	102.31	100.82	101.13	129750
2022-04-24 12:00	101.13	101.54	99.88	100.11	240164
2022-04-24 16:00	100.11	101.25	98.55	100.48	290383
2022-04-24 20:00	100.49	100.69	98.99	99.23	162230
2022-04-25 00:00	99.22	99.42	96.18	98.05	410469
2022-04-25 04:00	98.05	98.30	94.32	95.13	397827
2022-04-25 08:00	95.12	96.94	94.49	96.75	340406
2022-04-25 12:00	96.75	98.25	95.86	96.95	438144
2022-04-25 16:00	96.95	100.78	96.80	100.69	478611
2022-04-25 20:00	100.67	101.59	99.80	100.99	252484
2022-04-26 00:00	100.98	101.98	100.23	101.00	194953
2022-04-26 04:00	101.01	101.53	99.92	100.88	231150
2022-04-26 08:00	100.89	101.62	99.77	100.51	230908
2022-04-26 12:00	100.51	101.09	96.37	96.53	485282
2022-04-26 16:00	96.53	97.77	95.63	96.58	477910
2022-04-26 20:00	96.56	97.50	94.61	95.70	278235
2022-04-27 00:00	95.70	97.20	94.89	96.80	211486
2022-04-27 04:00	96.79	99.54	96.61	99.52	221106
2022-04-27 08:00	99.55	100.11	98.01	99.22	361935
2022-04-27 12:00	99.22	100.79	96.84	98.15	582844
2022-04-27 16:00	98.17	98.99	96.82	97.42	312474
2022-04-27 20:00	97.42	98.89	97.21	98.36	144617
2022-04-28 00:00	98.35	99.98	97.98	99.14	208420
2022-04-28 04:00	99.14	100.00	98.45	99.48	214985
2022-04-28 08:00	99.48	100.55	98.97	99.84	256159
2022-04-28 12:00	99.84	100.07	96.33	97.51	574082
2022-04-28 16:00	97.48	100.20	96.88	98.76	381403
2022-04-28 20:00	98.77	99.11	97.30	98.24	214803
2022-04-29 00:00	98.23	98.68	96.96	97.23	186378
2022-04-29 04:00	97.24	98.05	96.75	97.81	173792
2022-04-29 08:00	97.81	98.02	95.10	95.61	322677
2022-04-29 12:00	95.60	97.05	95.22	96.16	383485
2022-04-29 16:00	96.16	96.36	92.35	92.93	458120
2022-04-29 20:00	92.93	94.50	92.62	93.96	212490
2022-04-30 00:00	93.96	94.95	93.71	94.09	157185
2022-04-30 04:00	94.10	94.95	93.70	94.03	153529
2022-04-30 08:00	94.03	94.53	93.56	93.88	143306
2022-04-30 12:00	93.88	94.20	91.46	92.25	268734
2022-04-30 16:00	92.24	92.58	90.30	91.58	283066
2022-04-30 20:00	91.58	91.58	81.91	84.63	824426
2022-05-01 00:00	84.63	88.43	84.15	88.03	633558
2022-05-01 04:00	88.04	89.85	87.08	88.89	346451
2022-05-01 08:00	88.90	89.92	87.76	88.24	263781
2022-05-01 12:00	88.22	90.37	87.03	90.03	379834
2022-05-01 16:00	90.04	93.12	87.07	88.02	457227
2022-05-01 20:00	88.01	90.48	87.74	89.68	273773
2022-05-02 00:00	89.67	90.89	88.67	89.34	264666
2022-05-02 04:00	89.34	90.77	89.05	89.79	207696
2022-05-02 08:00	89.79	90.00	86.29	86.78	349862
2022-05-02 12:00	86.77	88.94	86.25	87.72	535510
2022-05-02 16:00	87.74	87.96	85.10	87.26	372110
2022-05-02 20:00	87.29	88.49	86.32	87.50	186686
2022-05-03 00:00	87.49	88.66	86.72	88.65	190429
2022-05-03 04:00	88.65	88.81	87.85	88.35	179988
2022-05-03 08:00	88.35	88.74	87.23	88.48	209689
2022-05-03 12:00	88.49	88.58	86.74	87.22	330321
2022-05-03 16:00	87.22	87.44	84.82	85.45	442598
2022-05-03 20:00	85.46	86.59	84.66	85.86	210050
2022-05-04 00:00	85.86	86.78	85.47	86.14	174480
2022-05-04 04:00	86.14	87.53	85.51	87.34	191061
2022-05-04 08:00	87.33	88.75	87.06	88.45	325326
2022-05-04 12:00	88.46	88.75	86.31	87.19	409127
2022-05-04 16:00	87.19	92.18	86.50	91.64	882865
2022-05-04 20:00	91.64	93.06	91.38	92.77	263942
2022-05-05 00:00	92.77	95.25	92.67	94.32	373605
2022-05-05 04:00	94.32	94.57	92.81	93.19	235740
2022-05-05 08:00	93.19	93.39	92.08	92.31	242073
2022-05-05 12:00	92.32	92.99	84.23	84.95	1087761
2022-05-05 16:00	84.95	86.27	81.32	83.76	1038435
2022-05-05 20:00	83.76	85.38	83.05	84.52	334513
2022-05-06 00:00	84.52	84.84	82.56	82.84	274081
2022-05-06 04:00	82.84	83.51	81.00	82.41	469603
2022-05-06 08:00	82.42	83.65	80.40	81.23	450824
2022-05-06 12:00	81.24	83.20	79.98	81.79	862304
2022-05-06 16:00	81.79	82.47	81.02	81.97	391127
2022-05-06 20:00	81.97	82.40	81.33	81.68	160006
2022-05-07 00:00	81.67	81.99	80.38	80.50	188083
2022-05-07 04:00	80.50	80.97	79.12	80.46	343057
2022-05-07 08:00	80.46	82.03	80.24	81.79	276934
2022-05-07 12:00	81.79	82.33	80.90	82.08	337903
2022-05-07 16:00	82.09	82.22	81.20	81.44	217827
2022-05-07 20:00	81.44	81.44	77.03	78.86	543652
2022-05-08 00:00	78.86	79.41	75.93	76.94	537047
2022-05-08 04:00	76.94	78.60	76.93	77.84	339363
2022-05-08 08:00	77.84	79.36	77.79	79.09	243632
2022-05-08 12:00	79.10	79.34	76.75	77.14	480079
2022-05-08 16:00	77.14	78.10	73.69	76.36	866853
2022-05-08 20:00	76.36	76.55	74.67	75.38	270565
2022-05-09 00:00	75.39	77.21	73.75	75.24	533308
2022-05-09 04:00	75.25	76.06	73.32	73.94	347945
2022-05-09 08:00	73.93	75.25	70.68	72.23	734201
2022-05-09 12:00	72.24	73.13	69.22	69.84	1071752
2022-05-09 16:00	69.84	70.36	62.88	65.09	1964759
2022-05-09 20:00	65.14	68.43	61.70	62.16	1194785
2022-05-10 00:00	62.16	66.65	60.13	64.46	2005613
2022-05-10 04:00	64.46	73.00	64.09	68.91	1672041
2022-05-10 08:00	68.91	72.10	68.44	71.56	1061762
2022-05-10 12:00	71.56	74.03	67.27	69.46	1387006
2022-05-10 16:00	69.46	71.10	67.17	67.52	715556
2022-05-10 20:00	67.51	67.72	63.23	66.90	1013784
2022-05-11 00:00	66.90	68.31	65.01	66.20	803114
2022-05-11 04:00	66.19	68.44	60.67	62.62	1468898
2022-05-11 08:00	62.60	66.41	61.01	61.39	1430117
2022-05-11 12:00	61.39	63.93	48.00	55.53	4231814
2022-05-11 16:00	55.52	56.75	47.00	47.90	1653599
2022-05-11 20:00	47.89	51.01	43.17	50.90	2039293
2022-05-12 00:00	50.90	54.29	45.07	45.18	2596408
2022-05-12 04:00	45.17	46.76	37.37	44.70	4654145
2022-05-12 08:00	44.70	47.95	41.44	43.95	2349622
2022-05-12 12:00	43.94	49.33	42.68	44.67	1842651
2022-05-12 16:00	44.66	48.07	43.32	44.63	1223647
2022-05-12 20:00	44.65	45.67	41.50	44.64	970064
2022-05-13 00:00	44.64	52.11	43.83	50.43	8133391
2022-05-13 04:00	50.43	53.92	48.88	49.07	1941775
2022-05-13 08:00	49.08	53.28	49.06	53.18	1254254
2022-05-13 12:00	53.19	56.99	51.91	53.08	1812119
2022-05-13 16:00	53.09	54.25	49.70	51.49	1275390
2022-05-13 20:00	51.51	51.91	48.24	48.92	666782
2022-05-14 00:00	48.93	53.91	48.56	51.73	883056
2022-05-14 04:00	51.72	53.37	50.55	50.74	629882
2022-05-14 08:00	50.75	51.57	47.34	48.04	896335
2022-05-14 12:00	48.05	49.18	46.14	46.47	942075
2022-05-14 16:00	46.47	50.74	45.81	49.37	1043686
2022-05-14 20:00	49.37	52.98	49.32	52.43	705155
2022-05-15 00:00	52.43	52.83	49.63	50.20	529389
2022-05-15 04:00	50.19	52.60	49.86	51.46	464235
2022-05-15 08:00	51.46	53.68	50.81	53.45	535450
2022-05-15 12:00	53.45	54.77	52.21	52.88	758374
2022-05-15 16:00	52.88	55.65	52.69	55.27	618901
2022-05-15 20:00	55.27	59.31	55.01	58.83	979920
2022-05-16 00:00	58.83	58.83	55.31	56.09	716486
2022-05-16 04:00	56.10	56.43	53.18	53.79	866560
2022-05-16 08:00	53.79	55.24	52.58	53.82	934601
2022-05-16 12:00	53.83	55.50	51.89	53.29	1162459
2022-05-16 16:00	53.29	55.48	52.22	54.00	951463
2022-05-16 20:00	54.01	55.80	53.20	53.79	787361
2022-05-17 00:00	53.80	56.13	53.70	55.77	554032
2022-05-17 04:00	55.76	57.67	55.09	55.78	698947
2022-05-17 08:00	55.78	57.10	55.42	55.67	466249
2022-05-17 12:00	55.66	58.22	54.33	55.17	1091842
2022-05-17 16:00	55.17	56.08	53.04	55.19	984830
2022-05-17 20:00	55.18	57.62	55.00	57.02	550874
2022-05-18 00:00	57.01	57.85	54.88	55.09	452022
2022-05-18 04:00	55.08	56.25	54.78	55.42	532918
2022-05-18 08:00	55.42	55.55	53.78	54.20	632388
2022-05-18 12:00	54.20	54.31	49.68	50.40	1268441
2022-05-18 16:00	50.40	51.99	49.83	51.72	1050795
2022-05-18 20:00	51.73	51.76	49.38	49.93	534991
2022-05-19 00:00	49.93	50.97	48.20	50.63	632597
2022-05-19 04:00	50.63	52.26	50.16	51.08	486959
2022-05-19 08:00	51.07	51.56	48.25	51.22	807382
2022-05-19 12:00	51.22	54.09	50.30	53.22	1643754
2022-05-19 16:00	53.22	53.58	51.58	51.60	765698
2022-05-19 20:00	51.60	52.65	50.71	52.20	458639
2022-05-20 00:00	52.20	53.54	51.43	51.50	586987
2022-05-20 04:00	51.49	52.36	50.60	52.08	793066
2022-05-20 08:00	52.08	53.62	51.81	53.16	726802
2022-05-20 12:00	53.17	53.24	49.29	49.41	1281924
2022-05-20 16:00	49.41	50.31	47.81	50.16	991210
2022-05-20 20:00	50.16	50.77	49.33	49.43	432376
2022-05-21 00:00	49.42	50.23	48.43	50.13	429141
2022-05-21 04:00	50.13	50.38	49.45	50.00	301396
2022-05-21 08:00	50.00	50.20	48.93	49.44	290845
2022-05-21 12:00	49.44	50.84	48.99	50.71	362237
2022-05-21 16:00	50.71	51.21	49.95	50.22	375011
2022-05-21 20:00	50.21	50.65	49.45	50.31	211189
2022-05-22 00:00	50.30	50.74	49.93	50.14	205283
2022-05-22 04:00	50.14	50.54	49.69	50.27	238844
2022-05-22 08:00	50.27	52.01	50.19	51.49	635422
2022-05-22 12:00	51.49	52.89	51.33	51.81	855971
2022-05-22 16:00	51.82	52.23	51.14	51.42	319196
2022-05-22 20:00	51.42	53.20	51.32	52.48	469710
2022-05-23 00:00	52.48	53.19	51.82	52.22	274420
2022-05-23 04:00	52.22	54.38	51.91	53.56	609436
2022-05-23 08:00	53.56	54.68	52.94	54.01	577431
2022-05-23 12:00	54.01	54.64	52.22	53.86	948823
2022-05-23 16:00	53.87	54.44	50.03	50.09	941603
2022-05-23 20:00	50.09	51.05	48.61	49.17	850643
2022-05-24 00:00	49.17	49.98	48.89	49.89	313126
2022-05-24 04:00	49.89	50.32	49.41	49.84	367700
2022-05-24 08:00	49.83	49.97	48.68	49.55	463628
2022-05-24 12:00	49.54	50.61	47.10	50.09	1311735
2022-05-24 16:00	50.08	50.85	48.56	49.09	795814
2022-05-24 20:00	49.09	50.12	48.74	49.67	394155
2022-05-25 00:00	49.67	50.55	49.01	50.32	489058
2022-05-25 04:00	50.33	50.35	48.56	48.83	406590
2022-05-25 08:00	48.83	49.38	47.59	47.69	545903
2022-05-25 12:00	47.68	48.89	47.57	48.25	788522
2022-05-25 16:00	48.25	49.13	47.81	48.31	684496
2022-05-25 20:00	48.30	48.89	47.87	47.98	381065
2022-05-26 00:00	47.97	48.66	47.86	48.18	385517
2022-05-26 04:00	48.19	48.32	45.57	46.42	852322
2022-05-26 08:00	46.41	46.50	43.14	43.72	1659377
2022-05-26 12:00	43.71	45.89	41.69	45.11	2229825
2022-05-26 16:00	45.11	46.68	43.90	44.05	1185949
2022-05-26 20:00	44.04	44.83	43.29	43.44	713729
2022-05-27 00:00	43.44	43.95	41.18	42.65	1333156
2022-05-27 04:00	42.66	42.91	39.93	41.04	1764199
2022-05-27 08:00	41.04	42.27	40.52	41.59	1174384
2022-05-27 12:00	41.58	43.61	41.27	42.15	1543792
2022-05-27 16:00	42.14	42.36	40.42	41.86	1190667
2022-05-27 20:00	41.86	42.60	40.56	41.17	542318
2022-05-28 00:00	41.18	42.56	40.33	41.32	936172
2022-05-28 04:00	41.33	42.20	41.09	41.71	496694
2022-05-28 08:00	41.72	41.99	41.12	41.59	455076
2022-05-28 12:00	41.59	43.50	41.47	42.98	926967
2022-05-28 16:00	42.98	44.76	42.49	44.43	985105
2022-05-28 20:00	44.43	45.08	43.72	44.25	518208
2022-05-29 00:00	44.24	44.41	42.14	42.36	1013191
2022-05-29 04:00	42.36	42.66	41.79	42.45	459604
2022-05-29 08:00	42.44	44.18	42.28	44.07	952634
2022-05-29 12:00	44.06	45.67	44.06	44.71	1138223
2022-05-29 16:00	44.70	45.32	44.08	44.26	554614
2022-05-29 20:00	44.25	45.17	44.16	44.98	511325
2022-05-30 00:00	44.98	46.79	44.27	45.95	1025723
2022-05-30 04:00	45.95	47.37	45.54	47.07	953141
2022-05-30 08:00	47.06	47.24	45.87	46.07	653484
2022-05-30 12:00	46.06	46.65	44.94	45.84	953233
2022-05-30 16:00	45.85	46.36	45.40	45.67	527769
2022-05-30 20:00	45.66	48.39	45.46	47.22	1363668
2022-05-31 00:00	47.22	48.24	46.19	47.70	793286
2022-05-31 04:00	47.70	47.83	45.87	46.36	945052
2022-05-31 08:00	46.36	46.93	45.96	46.59	590070
2022-05-31 12:00	46.58	46.78	44.56	46.35	1067544
2022-05-31 16:00	46.34	46.83	45.21	45.53	707623
2022-05-31 20:00	45.53	46.21	45.40	45.77	376656
2022-06-01 00:00	45.78	46.12	44.67	44.78	458053
2022-06-01 04:00	44.77	45.21	44.34	44.59	528677
2022-06-01 08:00	44.59	45.29	44.23	44.60	416174
2022-06-01 12:00	44.60	45.67	42.81	42.93	1188877
2022-06-01 16:00	42.94	43.12	40.77	41.29	1270144
2022-06-01 20:00	41.29	41.38	39.51	40.11	917484
2022-06-02 00:00	40.11	40.24	38.70	38.85	1026652
2022-06-02 04:00	38.86	40.10	38.13	39.68	875728
2022-06-02 08:00	39.69	41.20	39.48	41.04	765540
2022-06-02 12:00	41.04	41.22	39.64	40.70	1367816
2022-06-02 16:00	40.70	41.05	39.91	40.45	566426
2022-06-02 20:00	40.45	41.65	40.39	40.85	552415
2022-06-03 00:00	40.86	41.54	40.43	41.15	518177
2022-06-03 04:00	41.13	41.22	40.27	40.32	371150
2022-06-03 08:00	40.33	40.47	37.93	38.25	1261345
2022-06-03 12:00	38.26	38.71	37.63	38.05	1128409
2022-06-03 16:00	38.05	38.59	37.77	38.17	691157
2022-06-03 20:00	38.18	38.97	37.92	38.28	467801
2022-06-04 00:00	38.28	38.38	35.71	36.30	1093316
2022-06-04 04:00	36.30	37.48	36.22	37.34	550756
2022-06-04 08:00	37.34	37.90	36.84	37.00	511438
2022-06-04 12:00	37.00	38.22	36.55	37.77	697331
2022-06-04 16:00	37.76	38.21	37.34	37.51	411343
2022-06-04 20:00	37.51	39.50	37.44	39.00	472710
2022-06-05 00:00	39.02	39.47	37.85	38.30	398974
2022-06-05 04:00	38.31	39.35	37.94	38.83	618422
2022-06-05 08:00	38.82	39.96	38.74	39.47	994325
2022-06-05 12:00	39.46	39.86	38.76	39.82	517508
2022-06-05 16:00	39.82	40.22	39.21	39.65	444066
2022-06-05 20:00	39.66	40.09	38.41	38.52	645935
2022-06-06 00:00	38.53	41.97	38.33	41.77	1267584
2022-06-06 04:00	41.77	43.99	41.52	43.05	1176225
2022-06-06 08:00	43.05	44.87	42.94	43.92	1188557
2022-06-06 12:00	43.93	44.14	42.31	42.83	1457146
2022-06-06 16:00	42.83	42.86	41.53	42.23	917432
2022-06-06 20:00	42.23	43.28	41.10	42.39	817011
2022-06-07 00:00	42.39	42.80	38.70	39.55	2177373
2022-06-07 04:00	39.55	39.68	38.83	39.31	588703
2022-06-07 08:00	39.32	39.67	37.12	38.07	1592539
2022-06-07 12:00	38.07	39.64	37.66	39.14	1021826
2022-06-07 16:00	39.14	41.16	38.63	40.44	988669
2022-06-07 20:00	40.44	41.36	38.40	39.31	1308898
2022-06-08 00:00	39.32	40.96	38.31	38.65	1116763
2022-06-08 04:00	38.64	39.55	38.28	39.25	615876
2022-06-08 08:00	39.26	39.74	38.98	39.31	565166
2022-06-08 12:00	39.31	40.16	38.72	39.71	782156
2022-06-08 16:00	39.71	39.87	38.40	38.79	580951
2022-06-08 20:00	38.78	39.40	38.68	38.83	327952
2022-06-09 00:00	38.83	39.23	38.44	39.12	418517
2022-06-09 04:00	39.13	39.55	38.88	39.54	281930
2022-06-09 08:00	39.55	41.97	39.31	41.22	2039981
2022-06-09 12:00	41.22	41.42	39.82	40.34	867521
2022-06-09 16:00	40.34	41.44	39.55	39.66	617660
2022-06-09 20:00	39.66	40.16	39.44	39.96	362438
2022-06-10 00:00	39.96	40.90	39.03	40.27	627004
2022-06-10 04:00	40.28	40.83	40.05	40.32	301704
2022-06-10 08:00	40.32	40.76	38.90	39.31	899898
2022-06-10 12:00	39.30	39.70	37.45	37.98	1322749
2022-06-10 16:00	37.97	38.09	37.00	37.26	814234
2022-06-10 20:00	37.27	38.08	36.80	37.17	399751
2022-06-11 00:00	37.17	37.72	36.99	37.54	263018
2022-06-11 04:00	37.54	37.93	37.11	37.70	574012
2022-06-11 08:00	37.71	37.77	35.13	35.47	1171957
2022-06-11 12:00	35.47	35.78	33.17	33.76	1371164
2022-06-11 16:00	33.77	34.77	33.34	34.12	767820
2022-06-11 20:00	34.12	34.69	33.62	33.93	490918
2022-06-12 00:00	33.94	34.31	31.45	32.31	1266945
2022-06-12 04:00	32.31	33.20	31.08	33.16	1025080
2022-06-12 08:00	33.16	33.85	32.29	32.74	892492
2022-06-12 12:00	32.75	34.50	31.40	34.01	1473584
2022-06-12 16:00	34.00	34.29	32.31	32.61	943992
2022-06-12 20:00	32.61	32.82	30.56	30.61	1209363
2022-06-13 00:00	30.60	31.11	27.62	28.85	2486787
2022-06-13 04:00	28.84	29.70	27.21	27.57	1997546
2022-06-13 08:00	27.57	28.50	26.05	26.84	3388283
2022-06-13 12:00	26.84	28.27	26.11	27.92	2647630
2022-06-13 16:00	27.92	29.45	27.42	28.31	1634735
2022-06-13 20:00	28.31	29.89	27.00	28.60	1182695
2022-06-14 00:00	28.59	29.19	25.86	28.94	2479041
2022-06-14 04:00	28.94	32.32	28.07	31.02	2740324
2022-06-14 08:00	31.02	31.12	28.66	29.10	1663742
2022-06-14 12:00	29.09	31.41	28.37	31.03	2137807
2022-06-14 16:00	31.03	31.20	29.05	29.44	1319913
2022-06-14 20:00	29.45	30.06	27.92	29.59	1097496
2022-06-15 00:00	29.59	30.29	28.64	28.80	1251997
2022-06-15 04:00	28.80	28.82	27.35	27.66	1627872
2022-06-15 08:00	27.65	29.24	26.79	28.90	2610608
2022-06-15 12:00	28.91	30.01	28.62	29.51	1808409
2022-06-15 16:00	29.50	33.00	28.11	31.48	3496110
2022-06-15 20:00	31.48	34.86	31.06	34.76	1879162
2022-06-16 00:00	34.75	36.00	33.73	33.79	1597097
2022-06-16 04:00	33.79	34.25	32.45	32.61	1298123
2022-06-16 08:00	32.61	33.00	30.73	31.28	2188072
2022-06-16 12:00	31.28	32.56	30.03	31.31	2438201
2022-06-16 16:00	31.31	32.65	30.44	30.87	1778865
2022-06-16 20:00	30.87	31.57	29.52	30.12	1119075
2022-06-17 00:00	30.12	31.34	29.26	30.03	1364364
2022-06-17 04:00	30.04	31.97	29.94	31.59	992223
2022-06-17 08:00	31.59	32.19	30.96	31.58	880876
2022-06-17 12:00	31.58	32.08	30.83	31.21	1372698
2022-06-17 16:00	31.20	32.12	30.96	31.14	1073290
2022-06-17 20:00	31.14	31.74	30.57	30.71	591631
2022-06-18 00:00	30.72	31.32	29.76	30.08	798724
2022-06-18 04:00	30.08	30.41	28.10	28.48	1352162
2022-06-18 08:00	28.48	30.69	27.82	30.00	2100036
2022-06-18 12:00	30.00	30.44	29.52	29.81	761152
2022-06-18 16:00	29.80	30.64	28.07	28.09	1456026
2022-06-18 20:00	28.10	32.06	27.15	32.02	2863244
2022-06-19 00:00	32.01	32.35	29.74	30.19	1878590
2022-06-19 04:00	30.18	30.61	28.84	29.21	1197973
2022-06-19 08:00	29.21	33.00	28.68	32.40	2269335
2022-06-19 12:00	32.41	33.62	31.54	33.47	1395294
2022-06-19 16:00	33.47	34.28	32.00	33.21	1280719
2022-06-19 20:00	33.20	35.40	33.04	34.19	1231936
2022-06-20 00:00	34.19	34.58	31.81	32.27	1338177
2022-06-20 04:00	32.27	32.83	31.73	32.33	645855
2022-06-20 08:00	32.33	36.90	32.17	36.34	2368108
2022-06-20 12:00	36.33	36.73	34.46	35.29	1753904
2022-06-20 16:00	35.28	35.29	33.94	34.45	1252549
2022-06-20 20:00	34.45	35.76	33.78	35.24	860279
2022-06-21 00:00	35.25	35.90	34.20	35.22	952959
2022-06-21 04:00	35.22	37.67	34.74	36.83	1849080
2022-06-21 08:00	36.82	38.55	36.71	37.15	1356346
2022-06-21 12:00	37.15	39.19	36.93	37.95	1437656
2022-06-21 16:00	37.94	38.61	36.52	36.60	1084091
2022-06-21 20:00	36.59	36.84	35.64	36.42	749669
2022-06-22 00:00	36.42	36.73	34.53	34.70	791926
2022-06-22 04:00	34.70	35.31	33.72	33.86	1038398
2022-06-22 08:00	33.86	36.13	33.65	35.48	993387
2022-06-22 12:00	35.49	36.87	34.54	34.75	1838820
2022-06-22 16:00	34.75	35.34	33.95	34.40	1168026
2022-06-22 20:00	34.39	35.10	33.86	34.12	664858
2022-06-23 00:00	34.13	35.86	33.91	35.13	781822
2022-06-23 04:00	35.12	36.66	35.01	35.97	949547
2022-06-23 08:00	35.96	37.48	35.71	36.91	1351360
2022-06-23 12:00	36.92	37.79	36.10	37.22	1278693
2022-06-23 16:00	37.21	38.48	36.26	37.57	1620533
2022-06-23 20:00	37.56	38.65	37.23	38.15	1021379
2022-06-24 00:00	38.15	39.60	37.67	38.93	1216907
2022-06-24 04:00	38.93	39.31	37.75	38.33	685834
2022-06-24 08:00	38.34	40.48	38.08	40.28	1144084
2022-06-24 12:00	40.28	41.36	39.75	40.09	1451407
2022-06-24 16:00	40.10	41.16	39.42	41.16	869376
2022-06-24 20:00	41.17	42.92	40.89	41.91	1216141
2022-06-25 00:00	41.91	42.46	40.70	41.41	756170
2022-06-25 04:00	41.41	42.37	40.96	42.17	596306
2022-06-25 08:00	42.17	42.64	41.75	41.86	639470
2022-06-25 12:00	41.86	42.08	39.73	39.86	1019251
2022-06-25 16:00	39.86	40.95	39.75	40.36	514002
2022-06-25 20:00	40.36	42.60	40.09	42.22	769740
2022-06-26 00:00	42.22	42.49	40.70	41.41	523346
2022-06-26 04:00	41.41	41.82	40.79	41.32	462971
2022-06-26 08:00	41.32	42.21	40.58	42.08	713308
2022-06-26 12:00	42.08	42.49	39.99	40.62	941633
2022-06-26 16:00	40.61	40.94	39.59	40.69	603328
2022-06-26 20:00	40.68	41.40	39.14	39.39	780247
2022-06-27 00:00	39.39	40.30	38.91	40.15	694931
2022-06-27 04:00	40.15	40.86	39.64	40.61	519339
2022-06-27 08:00	40.61	41.25	40.27	40.33	535192
2022-06-27 12:00	40.32	40.46	38.27	38.75	1214354
2022-06-27 16:00	38.76	39.18	37.90	38.33	779402
2022-06-27 20:00	38.34	39.15	38.30	38.52	430425
2022-06-28 00:00	38.50	38.97	37.00	37.74	694088
2022-06-28 04:00	37.75	38.72	37.55	38.61	441692
2022-06-28 08:00	38.62	39.71	38.45	39.24	948682
2022-06-28 12:00	39.23	39.90	37.02	37.05	1288897
2022-06-28 16:00	37.06	37.22	35.62	35.93	1429781
2022-06-28 20:00	35.93	36.70	35.02	35.35	778912
2022-06-29 00:00	35.34	36.12	35.03	35.46	707324
2022-06-29 04:00	35.46	35.72	34.45	35.35	879303
2022-06-29 08:00	35.34	35.75	34.30	34.97	866617
2022-06-29 12:00	34.96	35.16	33.61	34.67	1443886
2022-06-29 16:00	34.66	34.69	33.10	34.49	1064519
2022-06-29 20:00	34.48	35.12	33.53	34.05	794352
2022-06-30 00:00	34.06	34.20	32.53	33.01	688170
2022-06-30 04:00	33.01	33.22	31.55	31.91	742544
2022-06-30 08:00	31.91	32.14	31.21	31.68	882242
2022-06-30 12:00	31.68	32.31	30.92	32.10	1067869
2022-06-30 16:00	32.10	32.88	31.54	32.03	719173
2022-06-30 20:00	32.03	33.93	31.41	33.76	1237825
2022-07-01 00:00	33.76	35.40	33.47	33.66	1711606
2022-07-01 04:00	33.65	33.76	32.34	33.13	1329515
2022-07-01 08:00	33.14	33.58	31.82	32.34	914076
2022-07-01 12:00	32.33	33.15	32.03	32.33	979080
2022-07-01 16:00	32.33	33.48	32.25	33.24	672730
2022-07-01 20:00	33.25	33.97	32.63	32.84	549461
2022-07-02 00:00	32.85	33.44	32.08	32.16	621759
2022-07-02 04:00	32.16	32.88	32.10	32.42	277589
2022-07-02 08:00	32.43	32.79	31.87	32.77	409045
2022-07-02 12:00	32.77	33.37	32.60	32.87	577487
2022-07-02 16:00	32.87	33.52	32.69	33.13	447237
2022-07-02 20:00	33.12	34.14	32.90	33.36	408091
2022-07-03 00:00	33.36	33.62	32.70	33.07	302893
2022-07-03 04:00	33.08	33.77	32.32	32.87	613411
2022-07-03 08:00	32.87	33.13	32.50	32.91	280595
2022-07-03 12:00	32.91	33.01	32.14	32.34	386721
2022-07-03 16:00	32.34	33.57	32.29	33.45	367029
2022-07-03 20:00	33.45	33.68	33.13	33.39	444634
2022-07-04 00:00	33.40	33.87	32.63	32.64	437798
2022-07-04 04:00	32.63	33.08	32.45	32.78	263873
2022-07-04 08:00	32.78	34.40	32.74	34.39	706013
2022-07-04 12:00	34.39	34.98	33.77	34.30	1066615
2022-07-04 16:00	34.30	35.15	34.13	34.87	615547
2022-07-04 20:00	34.88	36.94	34.73	36.71	975461
2022-07-05 00:00	36.71	36.99	35.17	35.85	827428
2022-07-05 04:00	35.85	36.31	35.59	35.92	549793
2022-07-05 08:00	35.93	35.94	33.83	33.98	992609
2022-07-05 12:00	33.98	34.09	33.03	33.87	1371186
2022-07-05 16:00	33.86	36.08	33.62	35.71	1223188
2022-07-05 20:00	35.70	36.48	35.14	35.40	1134989
2022-07-06 00:00	35.41	36.06	34.80	35.56	931832
2022-07-06 04:00	35.56	36.50	35.27	35.96	974655
2022-07-06 08:00	35.95	36.67	35.60	35.62	798925
2022-07-06 12:00	35.62	36.50	35.30	35.74	940238
2022-07-06 16:00	35.74	36.80	35.68	36.28	1013995
2022-07-06 20:00	36.27	37.65	35.93	37.04	639606
2022-07-07 00:00	37.04	37.41	36.73	37.09	535929
2022-07-07 04:00	37.09	37.12	36.39	36.82	419637
2022-07-07 08:00	36.81	37.43	36.64	37.26	419460
2022-07-07 12:00	37.26	38.57	36.75	38.29	1115239
2022-07-07 16:00	38.29	39.29	38.07	39.01	1087806
2022-07-07 20:00	39.01	39.07	38.14	38.46	514426
2022-07-08 00:00	38.46	39.72	38.04	38.64	695548
2022-07-08 04:00	38.64	38.80	37.17	37.51	739159
2022-07-08 08:00	37.51	37.65	36.58	37.21	729320
2022-07-08 12:00	37.20	38.79	36.46	38.58	1476975
2022-07-08 16:00	38.59	39.35	37.93	38.96	1143965
2022-07-08 20:00	38.95	39.17	38.00	38.12	493732
2022-07-09 00:00	38.12	38.83	37.78	38.33	482280
2022-07-09 04:00	38.32	38.90	38.23	38.61	280249
2022-07-09 08:00	38.61	38.86	38.04	38.18	280794
2022-07-09 12:00	38.19	38.36	37.77	38.05	398703
2022-07-09 16:00	38.05	38.95	37.97	38.40	396791
2022-07-09 20:00	38.41	38.51	37.94	38.06	249961
2022-07-10 00:00	38.06	38.14	37.06	37.38	356242
2022-07-10 04:00	37.37	37.54	37.15	37.29	242786
2022-07-10 08:00	37.30	37.39	36.65	36.93	320746
2022-07-10 12:00	36.93	37.13	36.26	36.69	535662
2022-07-10 16:00	36.68	37.30	36.39	37.30	365392
2022-07-10 20:00	37.30	37.43	36.52	36.71	361462
2022-07-11 00:00	36.71	36.73	35.35	35.81	532774
2022-07-11 04:00	35.80	35.84	34.78	35.19	415396
2022-07-11 08:00	35.19	35.66	35.01	35.16	289825
2022-07-11 12:00	35.15	35.79	34.49	35.19	664905
2022-07-11 16:00	35.18	35.68	35.06	35.36	327729
2022-07-11 20:00	35.36	35.46	33.24	33.42	698027
2022-07-12 00:00	33.42	34.00	33.25	33.63	419910
2022-07-12 04:00	33.62	34.13	33.27	33.50	510629
2022-07-12 08:00	33.51	34.18	33.14	33.93	518175
2022-07-12 12:00	33.93	34.61	33.75	34.21	738189
2022-07-12 16:00	34.21	34.50	32.71	32.95	677504
2022-07-12 20:00	32.94	33.31	32.60	32.68	339289
2022-07-13 00:00	32.69	33.24	32.38	33.05	314892
2022-07-13 04:00	33.06	33.75	32.95	33.70	309715
2022-07-13 08:00	33.71	34.22	33.62	33.97	470779
2022-07-13 12:00	33.96	34.51	31.82	33.22	2246326
2022-07-13 16:00	33.22	34.08	33.00	33.64	819396
2022-07-13 20:00	33.65	35.08	33.49	34.94	637655
2022-07-14 00:00	34.94	35.33	34.52	34.58	802843
2022-07-14 04:00	34.58	34.74	34.19	34.35	492297
2022-07-14 08:00	34.34	34.49	33.58	33.81	640581
2022-07-14 12:00	33.80	35.22	33.61	35.16	984810
2022-07-14 16:00	35.17	37.20	34.83	36.36	1750858
2022-07-14 20:00	36.37	37.31	36.35	37.15	544098
2022-07-15 00:00	37.14	37.88	36.56	37.36	594149
2022-07-15 04:00	37.36	37.54	36.49	37.46	705563
2022-07-15 08:00	37.47	38.51	37.45	37.71	857721
2022-07-15 12:00	37.72	38.56	37.36	37.69	820272
2022-07-15 16:00	37.68	38.88	37.06	38.82	817313
2022-07-15 20:00	38.82	39.10	37.25	37.36	646344
2022-07-16 00:00	37.36	37.53	36.74	37.21	343087
2022-07-16 04:00	37.22	37.26	36.35	36.43	320278
2022-07-16 08:00	36.44	36.92	36.40	36.75	247715
2022-07-16 12:00	36.75	38.00	36.63	37.94	538801
2022-07-16 16:00	37.94	40.41	37.89	39.42	1809863
2022-07-16 20:00	39.42	39.92	38.79	39.58	686197
2022-07-17 00:00	39.59	40.49	39.28	39.89	595933
2022-07-17 04:00	39.89	41.09	39.86	40.35	871992
2022-07-17 08:00	40.36	40.58	39.29	39.78	639710
2022-07-17 12:00	39.78	39.90	39.03	39.28	488255
2022-07-17 16:00	39.27	39.81	38.29	39.01	771748
2022-07-17 20:00	39.01	39.55	38.49	38.62	429027
2022-07-18 00:00	38.61	40.90	38.55	40.56	687547
2022-07-18 04:00	40.55	42.47	40.27	42.13	1226921
2022-07-18 08:00	42.14	42.69	41.31	41.63	1040443
2022-07-18 12:00	41.63	42.58	41.21	42.31	1001730
2022-07-18 16:00	42.31	42.47	39.69	40.04	1267884
2022-07-18 20:00	40.05	44.07	39.78	43.52	1076479
2022-07-19 00:00	43.52	46.00	42.80	42.99	1933288
2022-07-19 04:00	43.00	44.15	42.54	43.48	899063
2022-07-19 08:00	43.48	45.90	43.24	45.54	1113630
2022-07-19 12:00	45.54	47.36	45.25	46.58	1973657
2022-07-19 16:00	46.58	47.26	45.38	45.42	1233346
2022-07-19 20:00	45.42	46.10	44.59	44.87	724388
2022-07-20 00:00	44.87	45.78	44.09	45.45	796890
2022-07-20 04:00	45.46	46.05	44.37	44.41	779351
2022-07-20 08:00	44.41	45.64	43.71	45.33	909983
2022-07-20 12:00	45.33	46.30	44.86	45.35	1198405
2022-07-20 16:00	45.34	45.47	43.12	43.21	1207081
2022-07-20 20:00	43.22	43.56	41.24	42.04	1489433
2022-07-21 00:00	42.03	42.47	39.86	40.02	1228188
2022-07-21 04:00	40.03	41.49	39.64	41.05	909340
2022-07-21 08:00	41.05	41.88	40.61	41.76	847572
2022-07-21 12:00	41.75	42.44	40.84	41.88	1113543
2022-07-21 16:00	41.87	43.89	41.84	43.80	1207048
2022-07-21 20:00	43.81	44.24	42.53	43.11	829132
2022-07-22 00:00	43.10	43.52	42.28	42.66	462554
2022-07-22 04:00	42.66	43.46	42.08	43.05	555206
2022-07-22 08:00	43.06	44.33	42.85	44.14	802150
2022-07-22 12:00	44.14	44.20	41.52	41.69	1224799
2022-07-22 16:00	41.69	41.90	40.03	40.20	952687
2022-07-22 20:00	40.21	41.09	40.14	40.54	499029
2022-07-23 00:00	40.54	41.49	40.10	41.08	399426
2022-07-23 04:00	41.09	41.91	41.00	41.33	378328
2022-07-23 08:00	41.34	41.51	39.52	39.60	694132
2022-07-23 12:00	39.61	40.49	39.37	40.20	593752
2022-07-23 16:00	40.20	40.39	38.60	39.36	864675
2022-07-23 20:00	39.36	40.23	39.17	39.97	492347
2022-07-24 00:00	39.97	40.44	39.47	39.61	401179
2022-07-24 04:00	39.60	41.18	39.50	40.72	620885
2022-07-24 08:00	40.72	41.43	40.22	40.89	558665
2022-07-24 12:00	40.89	41.32	40.11	41.21	591664
2022-07-24 16:00	41.20	41.28	40.60	40.83	355365
2022-07-24 20:00	40.82	42.10	40.71	40.93	800182
2022-07-25 00:00	40.93	41.09	37.74	38.09	1006757
2022-07-25 04:00	38.08	38.73	37.78	38.57	463327
2022-07-25 08:00	38.57	39.27	38.34	38.88	436351
2022-07-25 12:00	38.89	39.36	38.27	38.49	634341
2022-07-25 16:00	38.49	38.99	37.33	37.95	681615
2022-07-25 20:00	37.95	38.99	36.56	36.65	1016254
2022-07-26 00:00	36.66	36.84	35.51	36.21	1034478
2022-07-26 04:00	36.21	36.49	35.46	35.65	468446
2022-07-26 08:00	35.66	36.24	35.33	35.81	542737
2022-07-26 12:00	35.82	36.29	34.92	35.00	1026676
2022-07-26 16:00	34.99	35.59	34.67	35.02	619687
2022-07-26 20:00	35.02	36.34	34.79	36.25	804868
2022-07-27 00:00	36.26	36.38	35.68	35.78	389602
2022-07-27 04:00	35.78	37.20	35.77	36.82	541031
2022-07-27 08:00	36.83	37.06	36.30	36.39	424498
2022-07-27 12:00	36.39	37.46	36.19	37.17	637809
2022-07-27 16:00	37.17	40.34	36.42	39.38	2711182
2022-07-27 20:00	39.38	40.55	39.28	40.23	1157251
2022-07-28 00:00	40.23	40.55	39.03	39.73	859259
2022-07-28 04:00	39.73	40.00	39.26	39.33	595064
2022-07-28 08:00	39.33	40.86	39.27	40.53	797947
2022-07-28 12:00	40.53	42.12	39.22	41.93	2299522
2022-07-28 16:00	41.93	42.97	41.75	42.12	1146873
2022-07-28 20:00	42.13	44.15	42.12	42.91	1056399
2022-07-29 00:00	42.92	43.55	42.40	43.48	649858
2022-07-29 04:00	43.49	44.42	42.72	43.05	857912
2022-07-29 08:00	43.06	43.30	41.31	41.93	879492
2022-07-29 12:00	41.93	43.47	41.13	42.63	1066472
2022-07-29 16:00	42.64	42.68	41.25	41.84	864137
2022-07-29 20:00	41.80	43.10	41.52	41.91	632162
2022-07-30 00:00	41.92	42.49	41.41	41.87	713263
2022-07-30 04:00	41.88	42.49	41.47	42.35	494403
2022-07-30 08:00	42.36	43.09	41.84	42.41	564127
2022-07-30 12:00	42.41	46.31	42.21	46.28	1678649
2022-07-30 16:00	46.29	46.65	44.81	45.08	1179049
2022-07-30 20:00	45.07	45.47	43.41	43.84	759698
2022-07-31 00:00	43.84	44.19	43.00	43.23	590583
2022-07-31 04:00	43.23	44.45	43.22	43.84	493122
2022-07-31 08:00	43.85	44.76	43.28	44.41	500909
2022-07-31 12:00	44.41	44.60	43.62	44.13	385577
2022-07-31 16:00	44.13	45.21	42.80	43.78	815249
2022-07-31 20:00	43.77	43.91	42.22	42.35	502845
2022-08-01 00:00	42.34	43.26	42.04	43.01	405783
2022-08-01 04:00	43.00	43.12	42.26	42.94	384472
2022-08-01 08:00	42.95	43.12	41.64	42.23	617631
2022-08-01 12:00	42.22	42.96	41.35	42.47	824879
2022-08-01 16:00	42.46	42.54	40.57	41.11	712078
2022-08-01 20:00	41.10	41.89	40.77	41.65	358715
2022-08-02 00:00	41.65	42.11	39.97	40.24	591172
2022-08-02 04:00	40.24	40.65	39.93	40.53	331760
2022-08-02 08:00	40.53	40.82	39.82	40.56	354106
2022-08-02 12:00	40.56	41.85	39.91	41.49	986259
2022-08-02 16:00	41.49	42.45	40.94	41.15	732570
2022-08-02 20:00	41.14	41.50	39.50	39.79	603082
2022-08-03 00:00	39.78	40.11	37.43	38.54	2747600
2022-08-03 04:00	38.54	39.41	38.18	38.33	1572508
2022-08-03 08:00	38.33	39.99	38.33	39.67	1148798
2022-08-03 12:00	39.66	40.99	39.51	40.16	1460646
2022-08-03 16:00	40.17	40.75	39.80	40.10	592035
2022-08-03 20:00	40.10	40.28	38.21	38.54	870580
2022-08-04 00:00	38.54	39.70	38.43	39.36	794024
2022-08-04 04:00	39.37	39.74	38.55	39.21	766316
2022-08-04 08:00	39.21	39.32	38.56	38.61	646407
2022-08-04 12:00	38.61	39.85	38.33	38.88	1002044
2022-08-04 16:00	38.88	39.00	37.96	38.38	647459
2022-08-04 20:00	38.39	39.03	38.17	38.83	295572
2022-08-05 00:00	38.83	40.16	38.71	40.10	495349
2022-08-05 04:00	40.11	40.58	39.68	40.08	492581
2022-08-05 08:00	40.08	41.07	39.85	41.01	522486
2022-08-05 12:00	41.01	41.33	39.62	40.01	1033315
2022-08-05 16:00	40.01	40.15	39.44	39.94	499434
2022-08-05 20:00	39.93	40.76	39.74	40.55	468241
2022-08-06 00:00	40.55	40.72	40.17	40.51	284043
2022-08-06 04:00	40.52	40.67	40.25	40.42	198302
2022-08-06 08:00	40.42	40.88	40.27	40.29	283112
2022-08-06 12:00	40.30	40.56	40.17	40.45	218339
2022-08-06 16:00	40.45	40.89	39.85	40.81	348905
2022-08-06 20:00	40.81	40.89	39.92	40.07	268659
2022-08-07 00:00	40.07	40.26	39.21	39.76	313937
2022-08-07 04:00	39.76	40.21	39.72	39.99	177634
2022-08-07 08:00	39.98	40.16	39.69	40.13	215632
2022-08-07 12:00	40.14	40.63	40.09	40.33	297656
2022-08-07 16:00	40.34	40.79	40.25	40.56	250791
2022-08-07 20:00	40.55	41.57	40.47	40.60	490944
2022-08-08 00:00	40.60	42.09	40.55	41.93	592056
2022-08-08 04:00	41.93	42.80	41.86	42.68	537030
2022-08-08 08:00	42.67	43.42	42.42	43.41	704968
2022-08-08 12:00	43.40	43.71	42.41	42.50	957038
2022-08-08 16:00	42.50	42.56	42.01	42.50	469026
2022-08-08 20:00	42.50	43.14	41.77	42.18	564328
2022-08-09 00:00	42.17	42.47	41.52	42.44	362682
2022-08-09 04:00	42.43	42.76	42.23	42.56	313850
2022-08-09 08:00	42.56	42.59	40.68	40.85	881367
2022-08-09 12:00	40.85	41.44	39.73	40.14	680431
2022-08-09 16:00	40.13	40.48	39.94	40.08	298464
2022-08-09 20:00	40.07	40.72	40.05	40.33	296385
2022-08-10 00:00	40.34	40.34	39.15	39.28	822762
2022-08-10 04:00	39.28	39.81	39.15	39.68	311841
2022-08-10 08:00	39.68	40.20	39.66	40.04	348381
2022-08-10 12:00	40.05	42.45	39.84	42.08	1825159
2022-08-10 16:00	42.08	42.45	41.22	41.31	644423
2022-08-10 20:00	41.32	42.87	41.31	42.47	515929
2022-08-11 00:00	42.47	44.14	42.34	43.82	1025710
2022-08-11 04:00	43.83	45.08	43.82	44.52	1285829
2022-08-11 08:00	44.52	44.61	43.69	44.08	658610
2022-08-11 12:00	44.08	45.32	43.37	43.46	1752498
2022-08-11 16:00	43.46	44.01	42.85	43.37	678187
2022-08-11 20:00	43.38	43.50	42.38	42.77	408753
2022-08-12 00:00	42.78	43.64	42.21	43.40	501599
2022-08-12 04:00	43.40	43.66	42.81	43.15	256769
2022-08-12 08:00	43.15	43.80	42.12	42.31	584367
2022-08-12 12:00	42.31	43.29	42.29	43.20	564223
2022-08-12 16:00	43.20	44.83	42.94	44.65	772248
2022-08-12 20:00	44.64	45.49	44.31	45.48	698490
2022-08-13 00:00	45.49	47.78	45.27	47.42	1654067
2022-08-13 04:00	47.43	48.38	46.91	47.16	1014657
2022-08-13 08:00	47.16	47.76	46.36	46.73	699947
2022-08-13 12:00	46.72	47.13	46.04	46.24	450403
2022-08-13 16:00	46.24	46.78	46.06	46.30	499930
2022-08-13 20:00	46.30	47.39	46.20	46.60	388364
2022-08-14 00:00	46.59	47.64	46.05	46.74	510159
2022-08-14 04:00	46.74	48.06	46.54	47.74	556523
2022-08-14 08:00	47.73	47.77	46.60	46.71	545028
2022-08-14 12:00	46.70	46.72	45.75	46.04	481675
2022-08-14 16:00	46.04	46.10	44.46	45.09	801327
2022-08-14 20:00	45.09	45.82	44.75	44.87	582180
2022-08-15 00:00	44.86	47.24	44.36	46.46	868375
2022-08-15 04:00	46.47	46.65	43.53	43.83	957639
2022-08-15 08:00	43.82	44.43	43.23	43.80	605409
2022-08-15 12:00	43.80	44.57	43.30	44.51	608140
2022-08-15 16:00	44.51	44.76	43.65	43.81	463834
2022-08-15 20:00	43.82	44.14	42.75	43.72	642440
2022-08-16 00:00	43.72	44.20	42.53	43.66	762847
2022-08-16 04:00	43.66	43.78	42.78	43.31	486671
2022-08-16 08:00	43.31	44.31	43.13	43.97	574548
2022-08-16 12:00	43.98	44.23	42.61	43.41	922232
2022-08-16 16:00	43.42	43.59	42.54	43.12	590532
2022-08-16 20:00	43.13	43.52	42.83	43.08	268617
2022-08-17 00:00	43.08	44.09	42.96	44.00	463702
2022-08-17 04:00	44.01	44.75	43.00	43.14	632913
2022-08-17 08:00	43.14	43.44	42.61	42.77	436797
2022-08-17 12:00	42.77	42.81	40.76	41.11	1270711
2022-08-17 16:00	41.11	41.91	40.66	40.76	819741
2022-08-17 20:00	40.75	41.17	40.18	40.54	584192
2022-08-18 00:00	40.54	41.05	40.09	40.82	455801
2022-08-18 04:00	40.82	41.06	40.55	40.92	310808
2022-08-18 08:00	40.92	41.42	40.70	41.33	396778
2022-08-18 12:00	41.34	41.67	40.69	41.18	534403
2022-08-18 16:00	41.18	41.27	40.37	40.78	401012
2022-08-18 20:00	40.77	41.25	39.31	39.52	741266
2022-08-19 00:00	39.51	39.59	37.84	38.31	1304467
2022-08-19 04:00	38.31	38.43	35.25	36.65	1433986
2022-08-19 08:00	36.65	36.67	35.55	36.37	975259
2022-08-19 12:00	36.37	37.22	36.07	36.95	857809
2022-08-19 16:00	36.96	37.80	36.74	37.15	754385
2022-08-19 20:00	37.16	37.28	35.61	35.81	884426
2022-08-20 00:00	35.82	36.86	35.77	36.60	643612
2022-08-20 04:00	36.61	37.27	36.45	37.04	595450
2022-08-20 08:00	37.05	37.13	36.39	36.57	442116
2022-08-20 12:00	36.58	36.96	36.19	36.50	446267
2022-08-20 16:00	36.50	36.60	34.39	34.44	928220
2022-08-20 20:00	34.44	35.36	34.21	35.28	818131
2022-08-21 00:00	35.28	35.66	35.02	35.11	396191
2022-08-21 04:00	35.11	35.48	34.51	35.45	557219
2022-08-21 08:00	35.45	36.27	35.41	36.20	648143
2022-08-21 12:00	36.20	36.31	35.61	36.02	377763
2022-08-21 16:00	36.02	36.57	35.85	36.33	394144
2022-08-21 20:00	36.33	37.09	35.95	36.47	812176
2022-08-22 00:00	36.48	36.56	36.05	36.12	394509
2022-08-22 04:00	36.11	36.34	34.81	34.89	622882
2022-08-22 08:00	34.90	34.94	33.73	34.65	955060
2022-08-22 12:00	34.66	34.88	33.91	34.82	785598
2022-08-22 16:00	34.81	35.03	34.00	34.61	491082
2022-08-22 20:00	34.61	35.58	34.49	35.41	492018
2022-08-23 00:00	35.42	35.59	35.09	35.22	332624
2022-08-23 04:00	35.22	35.41	34.24	34.97	467451
2022-08-23 08:00	34.96	35.74	34.84	35.67	504738
2022-08-23 12:00	35.68	36.11	35.17	35.70	668259
2022-08-23 16:00	35.71	35.79	35.18	35.40	445859
2022-08-23 20:00	35.41	35.91	35.31	35.68	318441
2022-08-24 00:00	35.69	35.72	34.31	34.61	527722
2022-08-24 04:00	34.60	35.35	34.49	34.89	411613
2022-08-24 08:00	34.89	35.44	34.87	35.39	277387
2022-08-24 12:00	35.38	36.10	35.17	36.05	532750
2022-08-24 16:00	36.06	36.40	35.68	35.83	420886
2022-08-24 20:00	35.83	36.08	34.88	34.89	419111
2022-08-25 00:00	34.90	35.68	34.87	35.23	355683
2022-08-25 04:00	35.23	36.28	35.20	36.26	422905
2022-08-25 08:00	36.25	36.37	35.95	36.33	414460
2022-08-25 12:00	36.32	36.49	35.38	35.74	574148
2022-08-25 16:00	35.73	35.86	35.40	35.79	337434
2022-08-25 20:00	35.79	35.99	35.06	35.27	368178
2022-08-26 00:00	35.26	35.27	34.51	35.10	449147
2022-08-26 04:00	35.10	35.23	34.41	34.69	429178
2022-08-26 08:00	34.68	34.78	33.89	34.25	473604
2022-08-26 12:00	34.24	35.79	33.00	33.28	2262768
2022-08-26 16:00	33.29	33.39	32.56	32.92	772227
2022-08-26 20:00	32.93	33.16	31.36	31.72	882504
2022-08-27 00:00	31.72	32.03	31.52	31.88	480142
2022-08-27 04:00	31.87	32.25	31.14	32.23	504166
2022-08-27 08:00	32.23	32.25	31.77	31.99	423295
2022-08-27 12:00	31.98	32.05	31.05	31.35	662394
2022-08-27 16:00	31.36	31.44	30.86	31.33	632292
2022-08-27 20:00	31.33	31.67	31.04	31.53	323820
2022-08-28 00:00	31.53	31.79	31.17	31.41	317153
2022-08-28 04:00	31.41	31.86	31.26	31.79	235126
2022-08-28 08:00	31.79	32.05	31.51	31.77	419268
2022-08-28 12:00	31.78	31.92	31.22	31.85	318537
2022-08-28 16:00	31.85	32.21	31.66	31.70	353715
2022-08-28 20:00	31.70	31.90	30.19	30.44	601980
2022-08-29 00:00	30.43	30.97	30.00	30.69	648999
2022-08-29 04:00	30.68	30.79	30.11	30.58	467482
2022-08-29 08:00	30.58	30.78	30.34	30.70	418914
2022-08-29 12:00	30.70	32.29	30.64	31.79	1239190
2022-08-29 16:00	31.79	31.94	31.42	31.53	575357
2022-08-29 20:00	31.52	32.64	31.48	32.42	409673
2022-08-30 00:00	32.42	32.52	31.86	32.32	383645
2022-08-30 04:00	32.33	33.06	32.29	32.75	440201
2022-08-30 08:00	32.74	33.16	32.60	32.75	360538
2022-08-30 12:00	32.75	32.87	30.92	31.21	903275
2022-08-30 16:00	31.21	32.03	30.64	31.55	937366
2022-08-30 20:00	31.55	32.12	31.28	31.47	442538
2022-08-31 00:00	31.47	32.65	31.45	32.45	510175
2022-08-31 04:00	32.46	32.88	32.19	32.31	364378
2022-08-31 08:00	32.30	32.81	31.93	32.58	429098
2022-08-31 12:00	32.58	32.95	31.57	31.93	615348
2022-08-31 16:00	31.92	32.36	31.44	32.11	424345
2022-08-31 20:00	32.11	32.49	31.18	31.50	363158
2022-09-01 00:00	31.49	31.77	30.98	31.24	437930
2022-09-01 04:00	31.23	31.55	30.83	31.08	231705
2022-09-01 08:00	31.08	31.58	30.86	31.45	408207
2022-09-01 12:00	31.46	31.50	30.44	30.76	576225
2022-09-01 16:00	30.76	31.09	30.48	31.07	346425
2022-09-01 20:00	31.07	31.79	31.00	31.61	304388
2022-09-02 00:00	31.61	31.81	31.11	31.57	269002
2022-09-02 04:00	31.57	31.96	31.43	31.63	230998
2022-09-02 08:00	31.62	31.70	31.25	31.58	240733
2022-09-02 12:00	31.57	32.38	31.46	32.28	840297
2022-09-02 16:00	32.28	32.34	30.76	31.06	565272
2022-09-02 20:00	31.06	31.28	30.89	31.23	181608
2022-09-03 00:00	31.23	31.27	30.87	30.95	145592
2022-09-03 04:00	30.95	31.29	30.80	31.04	166919
2022-09-03 08:00	31.04	31.22	30.89	31.04	115335
2022-09-03 12:00	31.05	31.27	31.01	31.12	110047
2022-09-03 16:00	31.12	31.21	30.80	30.99	145563
2022-09-03 20:00	30.98	31.22	30.91	31.12	90667
2022-09-04 00:00	31.11	31.73	31.07	31.43	180205
2022-09-04 04:00	31.43	31.54	31.08	31.10	132474
2022-09-04 08:00	31.10	31.87	31.02	31.86	228529
2022-09-04 12:00	31.87	32.00	31.45	31.82	263031
2022-09-04 16:00	31.81	31.95	31.63	31.74	245372
2022-09-04 20:00	31.75	32.20	31.74	32.16	254058
2022-09-05 00:00	32.17	32.50	32.06	32.10	213029
2022-09-05 04:00	32.11	32.19	31.47	31.68	233158
2022-09-05 08:00	31.68	31.75	31.15	31.28	250840
2022-09-05 12:00	31.28	31.93	31.18	31.85	304347
2022-09-05 16:00	31.86	32.02	31.70	31.72	208733
2022-09-05 20:00	31.72	32.44	31.72	32.18	335903
2022-09-06 00:00	32.17	33.56	32.16	32.73	828342
2022-09-06 04:00	32.73	33.24	32.51	32.97	437581
2022-09-06 08:00	32.97	33.32	32.75	33.24	323098
2022-09-06 12:00	33.24	33.90	32.41	33.79	797083
2022-09-06 16:00	33.79	33.84	30.73	31.01	1605048
2022-09-06 20:00	31.02	31.33	30.44	30.88	672632
2022-09-07 00:00	30.88	31.21	30.31	30.88	442907
2022-09-07 04:00	30.88	31.18	30.70	31.10	255200
2022-09-07 08:00	31.10	31.33	30.95	31.15	215743
2022-09-07 12:00	31.16	31.59	30.85	31.50	496909
2022-09-07 16:00	31.50	32.37	31.41	31.95	512714
2022-09-07 20:00	31.96	32.94	31.96	32.69	593244
2022-09-08 00:00	32.70	32.84	32.24	32.45	300599
2022-09-08 04:00	32.44	32.78	31.97	32.37	421501
2022-09-08 08:00	32.37	33.30	32.34	32.89	509155
2022-09-08 12:00	32.90	33.98	32.16	33.40	1091540
2022-09-08 16:00	33.40	33.48	32.89	33.47	434229
2022-09-08 20:00	33.47	33.82	33.33	33.61	306063
2022-09-09 00:00	33.62	34.84	33.59	34.74	631267
2022-09-09 04:00	34.74	35.54	34.66	35.38	809489
2022-09-09 08:00	35.37	35.96	35.12	35.37	712999
2022-09-09 12:00	35.38	35.93	34.82	34.97	666214
2022-09-09 16:00	34.96	35.18	34.43	34.80	504367
2022-09-09 20:00	34.80	35.19	34.26	34.67	424676
2022-09-10 00:00	34.68	35.00	34.29	34.69	346648
2022-09-10 04:00	34.69	35.17	34.27	34.36	422752
2022-09-10 08:00	34.36	34.85	34.34	34.74	279258
2022-09-10 12:00	34.75	34.94	34.30	34.50	294050
2022-09-10 16:00	34.50	35.02	34.29	34.92	296265
2022-09-10 20:00	34.92	35.41	34.61	35.03	339369
2022-09-11 00:00	35.04	35.31	34.70	34.76	295141
2022-09-11 04:00	34.76	34.94	34.04	34.62	288904
2022-09-11 08:00	34.63	34.84	34.44	34.77	161788
2022-09-11 12:00	34.77	35.25	34.53	35.24	275232
2022-09-11 16:00	35.24	36.00	35.15	35.27	501801
2022-09-11 20:00	35.28	35.55	34.31	34.99	477780
2022-09-12 00:00	34.99	36.30	34.40	34.91	821789
2022-09-12 04:00	34.91	35.50	34.58	35.46	349802
2022-09-12 08:00	35.47	38.15	35.31	37.71	2037001
2022-09-12 12:00	37.70	38.39	36.83	37.14	990977
2022-09-12 16:00	37.14	37.86	36.80	37.64	637426
2022-09-12 20:00	37.64	37.82	37.18	37.44	350552
2022-09-13 00:00	37.44	38.92	36.70	38.79	830750
2022-09-13 04:00	38.78	39.01	38.14	38.54	748647
2022-09-13 08:00	38.54	38.98	38.15	38.46	498867
2022-09-13 12:00	38.46	38.86	34.41	34.73	2846831
2022-09-13 16:00	34.74	35.32	33.30	34.09	906279
2022-09-13 20:00	34.08	34.35	32.93	33.00	571074
2022-09-14 00:00	33.00	33.82	32.67	33.60	602903
2022-09-14 04:00	33.60	33.92	32.81	33.17	442585
2022-09-14 08:00	33.17	33.67	32.97	33.23	480813
2022-09-14 12:00	33.24	33.71	32.94	33.53	657383
2022-09-14 16:00	33.54	33.62	32.72	33.49	511215
2022-09-14 20:00	33.49	34.35	33.26	34.12	476303
2022-09-15 00:00	34.12	34.14	32.85	33.06	506803
2022-09-15 04:00	33.06	34.84	32.76	34.70	1012974
2022-09-15 08:00	34.71	34.81	33.69	33.92	484021
2022-09-15 12:00	33.92	34.07	32.42	32.99	945962
2022-09-15 16:00	32.98	33.68	32.82	33.42	365556
2022-09-15 20:00	33.42	33.80	32.76	33.07	381716
2022-09-16 00:00	33.08	33.26	32.50	32.86	453268
2022-09-16 04:00	32.86	33.11	32.80	32.82	146928
2022-09-16 08:00	32.83	33.14	32.34	33.07	271092
2022-09-16 12:00	33.08	33.12	31.83	32.27	658728
2022-09-16 16:00	32.27	32.27	31.50	32.11	468538
2022-09-16 20:00	32.11	32.39	32.06	32.25	182369
2022-09-17 00:00	32.25	32.97	32.23	32.67	270913
2022-09-17 04:00	32.68	33.07	32.53	32.85	210233
2022-09-17 08:00	32.85	32.99	32.62	32.63	126173
2022-09-17 12:00	32.62	33.32	32.53	33.30	253752
2022-09-17 16:00	33.30	33.63	33.10	33.26	306594
2022-09-17 20:00	33.27	33.89	33.18	33.68	247940
2022-09-18 00:00	33.69	33.88	33.23	33.42	266518
2022-09-18 04:00	33.41	33.87	33.39	33.83	151265
2022-09-18 08:00	33.83	33.99	32.97	33.34	351872
2022-09-18 12:00	33.34	33.49	32.75	32.90	257239
2022-09-18 16:00	32.89	32.99	32.07	32.41	560753
2022-09-18 20:00	32.40	32.44	30.86	31.10	712122
2022-09-19 00:00	31.10	31.77	30.50	30.90	645279
2022-09-19 04:00	30.90	31.65	30.84	31.11	587621
2022-09-19 08:00	31.11	31.47	30.62	31.26	421828
2022-09-19 12:00	31.26	32.53	31.18	31.92	855847
2022-09-19 16:00	31.92	32.98	31.68	32.81	560999
2022-09-19 20:00	32.82	33.08	32.56	32.62	432621
2022-09-20 00:00	32.63	32.88	31.94	32.44	366881
2022-09-20 04:00	32.45	32.75	32.10	32.32	333725
2022-09-20 08:00	32.33	32.53	31.90	32.19	341707
2022-09-20 12:00	32.19	32.56	31.57	32.51	618728
2022-09-20 16:00	32.52	32.53	31.45	31.84	565344
2022-09-20 20:00	31.84	31.99	31.29	31.41	333129
2022-09-21 00:00	31.42	31.99	31.32	31.84	219526
2022-09-21 04:00	31.84	32.04	31.42	31.76	227556
2022-09-21 08:00	31.76	32.10	31.43	32.04	286357
2022-09-21 12:00	32.05	32.34	31.23	31.51	469404
2022-09-21 16:00	31.50	33.48	30.78	31.55	2453131
2022-09-21 20:00	31.55	31.68	30.01	30.65	890275
2022-09-22 00:00	30.65	31.14	30.59	31.02	410815
2022-09-22 04:00	31.02	31.76	31.02	31.74	363509
2022-09-22 08:00	31.74	32.45	31.70	32.35	548745
2022-09-22 12:00	32.36	32.49	31.59	31.91	664277
2022-09-22 16:00	31.91	32.87	31.56	32.46	618092
2022-09-22 20:00	32.46	32.77	32.07	32.43	370614
2022-09-23 00:00	32.43	33.23	32.16	33.00	455948
2022-09-23 04:00	33.01	33.30	32.54	32.58	385037
2022-09-23 08:00	32.58	32.68	31.53	31.75	499734
2022-09-23 12:00	31.75	32.28	31.20	31.59	681103
2022-09-23 16:00	31.58	31.95	31.25	31.93	508963
2022-09-23 20:00	31.94	33.98	31.93	33.66	951010
2022-09-24 00:00	33.67	34.49	33.41	33.98	713060
2022-09-24 04:00	33.98	34.03	33.49	33.73	400478
2022-09-24 08:00	33.73	34.79	33.55	34.48	563855
2022-09-24 12:00	34.48	34.59	33.56	33.72	561279
2022-09-24 16:00	33.72	34.17	33.26	34.06	340537
2022-09-24 20:00	34.06	34.09	33.14	33.38	523812
2022-09-25 00:00	33.39	33.70	33.36	33.69	147752
2022-09-25 04:00	33.70	34.05	33.62	33.97	259424
2022-09-25 08:00	33.96	33.99	33.46	33.64	272046
2022-09-25 12:00	33.63	33.80	32.81	33.22	380051
2022-09-25 16:00	33.22	33.37	32.57	32.73	368337
2022-09-25 20:00	32.73	32.73	31.87	32.34	411603
2022-09-26 00:00	32.33	32.71	32.04	32.52	433123
2022-09-26 04:00	32.51	32.61	31.87	32.47	436499
2022-09-26 08:00	32.47	33.32	32.13	32.54	576910
2022-09-26 12:00	32.55	33.43	32.26	33.11	618981
2022-09-26 16:00	33.11	33.95	32.69	33.74	642982
2022-09-26 20:00	33.74	33.94	33.32	33.88	576342
2022-09-27 00:00	33.89	34.97	33.73	34.73	1022034
2022-09-27 04:00	34.73	35.04	34.48	34.52	539762
2022-09-27 08:00	34.52	34.96	34.33	34.66	353340
2022-09-27 12:00	34.65	35.41	34.31	34.37	773944
2022-09-27 16:00	34.38	34.57	32.08	32.61	1388948
2022-09-27 20:00	32.60	32.94	32.35	32.69	333782
2022-09-28 00:00	32.68	32.94	31.65	32.34	546019
2022-09-28 04:00	32.34	32.60	31.87	32.32	416360
2022-09-28 08:00	32.33	32.85	31.84	32.49	569870
2022-09-28 12:00	32.49	33.16	32.39	33.12	616766
2022-09-28 16:00	33.13	33.76	32.79	33.58	615067
2022-09-28 20:00	33.59	33.81	33.11	33.22	327728
2022-09-29 00:00	33.23	33.92	32.96	33.74	315327
2022-09-29 04:00	33.74	33.96	33.13	33.36	256605
2022-09-29 08:00	33.35	33.94	33.21	33.75	267017
2022-09-29 12:00	33.76	34.21	32.65	34.11	929455
2022-09-29 16:00	34.12	34.42	33.40	33.82	685616
2022-09-29 20:00	33.82	34.12	33.62	33.93	282065
2022-09-30 00:00	33.94	34.36	33.73	34.10	624765
2022-09-30 04:00	34.09	34.35	33.87	34.23	265150
2022-09-30 08:00	34.23	34.64	33.89	33.96	537023
2022-09-30 12:00	33.95	35.22	33.31	34.65	1583827
2022-09-30 16:00	34.66	34.85	33.64	33.72	692743
2022-09-30 20:00	33.72	33.88	32.62	33.25	561507
2022-10-01 00:00	33.25	33.25	32.70	33.08	235150
2022-10-01 04:00	33.08	33.09	32.78	33.01	288243
2022-10-01 08:00	33.01	33.18	32.81	33.02	236350
2022-10-01 12:00	33.02	33.10	32.81	32.99	182776
2022-10-01 16:00	32.98	33.00	32.34	32.65	362503
2022-10-01 20:00	32.65	32.69	32.40	32.44	154524
2022-10-02 00:00	32.44	32.96	32.42	32.84	163814
2022-10-02 04:00	32.84	33.00	32.74	32.83	146436
2022-10-02 08:00	32.82	32.89	32.10	32.54	259406
2022-10-02 12:00	32.54	32.61	32.22	32.42	179014
2022-10-02 16:00	32.41	32.84	32.36	32.73	263129
2022-10-02 20:00	32.73	32.77	31.90	32.06	461742
2022-10-03 00:00	32.06	32.51	31.73	32.32	249066
2022-10-03 04:00	32.33	32.46	31.97	32.26	211817
2022-10-03 08:00	32.26	32.51	32.12	32.50	155529
2022-10-03 12:00	32.51	33.14	32.42	32.83	516148
2022-10-03 16:00	32.84	33.23	32.67	32.95	438253
2022-10-03 20:00	32.96	33.27	32.72	32.89	320376
2022-10-04 00:00	32.90	33.16	32.84	33.10	152014
2022-10-04 04:00	33.11	33.79	32.98	33.73	357043
2022-10-04 08:00	33.73	33.88	33.40	33.67	272743
2022-10-04 12:00	33.67	34.39	33.55	34.17	490941
2022-10-04 16:00	34.17	34.25	33.79	34.10	422592
2022-10-04 20:00	34.11	34.40	33.92	34.09	255122
2022-10-05 00:00	34.10	34.37	33.89	34.08	232978
2022-10-05 04:00	34.08	34.32	33.93	34.12	201414
2022-10-05 08:00	34.12	34.14	33.44	33.52	333247
2022-10-05 12:00	33.52	33.70	33.18	33.68	397193
2022-10-05 16:00	33.68	34.28	33.62	33.87	339204
2022-10-05 20:00	33.87	34.15	33.66	34.04	274225
2022-10-06 00:00	34.04	34.50	34.03	34.32	301132
2022-10-06 04:00	34.32	34.46	33.89	34.05	251215
2022-10-06 08:00	34.05	34.17	33.84	34.14	188181
2022-10-06 12:00	34.15	34.32	33.57	33.83	501992
2022-10-06 16:00	33.83	34.04	33.58	33.64	289444
2022-10-06 20:00	33.63	33.80	33.23	33.36	268492
2022-10-07 00:00	33.35	33.76	33.33	33.62	184521
2022-10-07 04:00	33.62	33.74	33.14	33.33	243753
2022-10-07 08:00	33.33	33.47	33.15	33.35	234460
2022-10-07 12:00	33.35	33.39	32.43	32.91	895952
2022-10-07 16:00	32.90	33.06	32.61	32.96	254997
2022-10-07 20:00	32.96	33.15	32.83	32.98	150135
2022-10-08 00:00	32.98	33.08	32.77	32.83	146653
2022-10-08 04:00	32.83	33.02	32.72	33.00	88126
2022-10-08 08:00	33.00	33.00	32.84	32.96	80941
2022-10-08 12:00	32.95	32.98	32.68	32.83	114524
2022-10-08 16:00	32.83	32.99	32.66	32.72	157371
2022-10-08 20:00	32.72	32.82	32.35	32.58	198666
2022-10-09 00:00	32.57	32.64	32.44	32.51	86805
2022-10-09 04:00	32.50	32.77	32.47	32.72	84143
2022-10-09 08:00	32.72	32.95	32.60	32.83	159707
2022-10-09 12:00	32.83	33.14	32.80	33.11	186035
2022-10-09 16:00	33.10	33.12	32.85	32.96	145542
2022-10-09 20:00	32.96	32.99	32.60	32.92	221718
2022-10-10 00:00	32.92	33.46	32.84	33.04	226338
2022-10-10 04:00	33.04	33.11	32.77	32.90	133520
2022-10-10 08:00	32.90	32.91	32.36	32.70	306858
2022-10-10 12:00	32.71	32.91	32.41	32.60	302729
2022-10-10 16:00	32.60	32.65	32.27	32.46	284129
2022-10-10 20:00	32.46	32.57	31.88	31.96	301808
2022-10-11 00:00	31.95	31.96	31.07	31.36	490443
2022-10-11 04:00	31.36	31.61	31.28	31.56	200298
2022-10-11 08:00	31.55	31.64	31.27	31.55	164958
2022-10-11 12:00	31.56	31.74	31.07	31.57	384475
2022-10-11 16:00	31.57	31.89	31.13	31.16	322461
2022-10-11 20:00	31.15	31.39	30.42	30.80	361753
2022-10-12 00:00	30.80	31.12	30.67	30.94	158633
2022-10-12 04:00	30.94	31.43	30.93	31.25	197586
2022-10-12 08:00	31.26	31.55	31.15	31.24	124658
2022-10-12 12:00	31.24	31.35	30.91	31.28	293843
2022-10-12 16:00	31.29	31.29	30.85	31.11	173434
2022-10-12 20:00	31.11	31.28	31.09	31.16	100771
2022-10-13 00:00	31.15	31.21	30.52	30.76	154150
2022-10-13 04:00	30.77	30.77	29.31	29.72	630299
2022-10-13 08:00	29.73	29.96	28.25	28.80	927991
2022-10-13 12:00	28.80	30.10	27.87	29.67	1706404
2022-10-13 16:00	29.67	30.93	29.60	30.59	707682
2022-10-13 20:00	30.59	30.90	30.49	30.49	276843
2022-10-14 00:00	30.48	31.89	30.38	31.65	502265
2022-10-14 04:00	31.65	31.98	31.21	31.33	308375
2022-10-14 08:00	31.33	31.52	31.15	31.21	266960
2022-10-14 12:00	31.22	31.80	30.81	30.82	627563
2022-10-14 16:00	30.81	30.90	29.97	30.20	406565
2022-10-14 20:00	30.21	30.30	29.62	30.00	273090
2022-10-15 00:00	30.00	30.20	29.88	30.11	163882
2022-10-15 04:00	30.11	30.19	29.85	30.05	123954
2022-10-15 08:00	30.05	30.06	29.55	29.99	226136
2022-10-15 12:00	29.99	30.10	29.72	29.92	192060
2022-10-15 16:00	29.92	30.08	29.76	29.86	109043
2022-10-15 20:00	29.86	29.86	29.42	29.59	194874
2022-10-16 00:00	29.59	29.94	29.56	29.79	105616
2022-10-16 04:00	29.79	29.92	29.68	29.76	100424
2022-10-16 08:00	29.76	30.04	29.76	29.95	142490
2022-10-16 12:00	29.95	30.05	29.82	29.96	117194
2022-10-16 16:00	29.96	30.40	29.82	30.38	192283
2022-10-16 20:00	30.39	30.53	29.88	30.17	277653
2022-10-17 00:00	30.16	30.26	29.84	30.01	154003
2022-10-17 04:00	30.01	30.37	29.95	30.31	182422
2022-10-17 08:00	30.32	30.77	30.17	30.53	240952
2022-10-17 12:00	30.53	31.21	30.42	30.93	589316
2022-10-17 16:00	30.93	30.99	30.56	30.80	247636
2022-10-17 20:00	30.79	31.29	30.76	31.21	280819
2022-10-18 00:00	31.22	31.48	30.91	31.11	250204
2022-10-18 04:00	31.11	31.25	30.92	31.12	248443
2022-10-18 08:00	31.12	31.14	30.41	30.84	341407
2022-10-18 12:00	30.84	31.02	30.13	30.32	454267
2022-10-18 16:00	30.31	30.50	29.73	30.08	442280
2022-10-18 20:00	30.09	30.48	30.03	30.15	230402
2022-10-19 00:00	30.14	30.26	29.89	30.03	229728
2022-10-19 04:00	30.03	30.07	29.76	30.06	217946
2022-10-19 08:00	30.06	30.18	29.77	29.93	235535
2022-10-19 12:00	29.93	30.02	29.56	29.99	338761
2022-10-19 16:00	29.99	30.01	29.52	29.76	256262
2022-10-19 20:00	29.75	29.85	28.61	28.86	436224
2022-10-20 00:00	28.86	29.01	28.42	28.91	359785
2022-10-20 04:00	28.92	29.37	28.89	29.25	361580
2022-10-20 08:00	29.25	29.47	29.16	29.33	183476
2022-10-20 12:00	29.34	29.44	28.96	29.14	405163
2022-10-20 16:00	29.14	29.15	28.05	28.26	681346
2022-10-20 20:00	28.25	28.41	27.98	28.01	388653
2022-10-21 00:00	28.01	28.24	27.51	28.13	472897
2022-10-21 04:00	28.13	28.21	27.84	27.92	230157
2022-10-21 08:00	27.91	27.95	27.23	27.48	487925
2022-10-21 12:00	27.49	27.72	26.84	27.58	1088039
2022-10-21 16:00	27.58	28.26	27.57	28.19	678230
2022-10-21 20:00	28.19	28.28	27.87	28.10	252363
2022-10-22 00:00	28.10	28.17	27.66	27.82	213010
2022-10-22 04:00	27.81	27.89	27.48	27.77	183848
2022-10-22 08:00	27.77	28.02	27.72	27.99	183195
2022-10-22 12:00	27.98	28.22	27.83	28.00	307084
2022-10-22 16:00	27.99	28.08	27.64	27.82	260665
2022-10-22 20:00	27.82	28.19	27.75	28.01	186302
2022-10-23 00:00	28.01	28.58	27.91	28.36	319250
2022-10-23 04:00	28.35	28.58	28.21	28.42	245057
2022-10-23 08:00	28.42	28.53	27.93	27.96	272615
2022-10-23 12:00	27.96	28.16	27.73	27.94	247458
2022-10-23 16:00	27.94	29.03	27.89	28.81	565378
2022-10-23 20:00	28.82	29.44	28.73	29.28	501759
2022-10-24 00:00	29.28	29.50	28.57	28.62	528973
2022-10-24 04:00	28.61	28.78	28.35	28.54	370563
2022-10-24 08:00	28.54	29.20	28.47	29.13	305150
2022-10-24 12:00	29.13	29.19	28.18	28.45	685347
2022-10-24 16:00	28.44	28.59	28.16	28.41	428445
2022-10-24 20:00	28.41	28.57	28.23	28.30	208105
2022-10-25 00:00	28.31	28.53	28.09	28.47	238555
2022-10-25 04:00	28.48	28.60	28.34	28.44	163281
2022-10-25 08:00	28.43	28.45	28.05	28.22	226496
2022-10-25 12:00	28.22	29.79	28.10	29.69	836196
2022-10-25 16:00	29.69	32.31	29.69	31.50	2203384
2022-10-25 20:00	31.51	31.58	30.71	30.86	722456
2022-10-26 00:00	30.87	31.36	30.80	31.11	712868
2022-10-26 04:00	31.11	31.53	30.98	31.34	429852
2022-10-26 08:00	31.34	31.91	31.11	31.25	587998
2022-10-26 12:00	31.25	32.17	30.63	31.42	1162877
2022-10-26 16:00	31.42	31.67	30.94	31.27	533014
2022-10-26 20:00	31.27	31.60	30.99	31.29	483807
2022-10-27 00:00	31.29	31.63	31.06	31.44	366610
2022-10-27 04:00	31.44	32.36	31.39	31.65	811585
2022-10-27 08:00	31.64	31.85	31.19	31.37	375721
2022-10-27 12:00	31.36	32.10	31.18	31.30	903423
2022-10-27 16:00	31.31	31.61	31.10	31.42	335297
2022-10-27 20:00	31.43	31.50	30.41	30.58	816410
2022-10-28 00:00	30.60	30.86	30.38	30.68	279627
2022-10-28 04:00	30.67	30.72	30.11	30.22	252207
2022-10-28 08:00	30.22	30.64	30.21	30.42	304559
2022-10-28 12:00	30.41	31.32	30.12	31.10	756816
2022-10-28 16:00	31.09	32.28	31.03	32.01	871417
2022-10-28 20:00	32.01	32.54	31.98	32.07	553572
2022-10-29 00:00	32.06	33.00	31.85	32.89	455226
2022-10-29 04:00	32.90	33.30	32.53	33.29	510041
2022-10-29 08:00	33.28	33.84	32.86	32.97	802199
2022-10-29 12:00	32.98	33.40	32.74	33.15	536566
2022-10-29 16:00	33.15	33.73	32.77	32.93	746141
2022-10-29 20:00	32.94	33.14	32.60	32.87	267198
2022-10-30 00:00	32.87	33.26	32.72	33.00	199522
2022-10-30 04:00	33.01	33.53	32.74	33.42	325921
2022-10-30 08:00	33.41	33.54	32.38	32.69	468919
2022-10-30 12:00	32.69	32.72	32.12	32.22	325866
2022-10-30 16:00	32.21	32.49	32.00	32.34	187754
2022-10-30 20:00	32.35	33.15	31.93	32.94	455232
2022-10-31 00:00	32.93	33.38	32.41	32.82	428268
2022-10-31 04:00	32.82	33.49	32.82	33.41	435716
2022-10-31 08:00	33.42	34.39	33.13	34.03	674941
2022-10-31 12:00	34.03	34.17	32.63	33.01	875610
2022-10-31 16:00	33.00	33.24	32.54	32.55	335618
2022-10-31 20:00	32.55	32.77	32.20	32.56	333059
2022-11-01 00:00	32.57	33.00	32.50	32.61	299802
2022-11-01 04:00	32.61	33.23	32.57	33.03	298331
2022-11-01 08:00	33.03	33.39	32.83	32.90	416929
2022-11-01 12:00	32.91	33.14	32.27	32.48	449536
2022-11-01 16:00	32.47	32.59	32.16	32.22	352862
2022-11-01 20:00	32.22	32.44	32.15	32.20	198984
2022-11-02 00:00	32.20	32.38	31.93	32.26	297366
2022-11-02 04:00	32.26	32.42	31.53	31.73	263082
2022-11-02 08:00	31.72	31.96	31.11	31.30	306003
2022-11-02 12:00	31.30	31.56	31.13	31.33	264660
2022-11-02 16:00	31.32	32.95	30.83	30.91	1540556
2022-11-02 20:00	30.91	31.03	30.24	30.80	752882
2022-11-03 00:00	30.81	31.81	30.61	31.64	474292
2022-11-03 04:00	31.65	32.25	31.59	31.64	521579
2022-11-03 08:00	31.65	32.06	31.13	31.26	370266
2022-11-03 12:00	31.26	31.57	30.86	31.20	485955
2022-11-03 16:00	31.19	31.44	31.16	31.31	209877
2022-11-03 20:00	31.31	31.43	30.62	30.85	241641
2022-11-04 00:00	30.86	31.94	30.66	31.94	343791
2022-11-04 04:00	31.94	32.58	31.68	32.39	471780
2022-11-04 08:00	32.39	32.77	32.15	32.31	401792
2022-11-04 12:00	32.31	34.00	31.87	33.13	1628525
2022-11-04 16:00	33.12	33.53	32.70	33.50	853425
2022-11-04 20:00	33.50	34.20	33.38	33.74	408170
2022-11-05 00:00	33.73	35.04	33.66	34.70	734967
2022-11-05 04:00	34.69	35.60	34.51	35.24	586414
2022-11-05 08:00	35.23	35.55	34.80	35.42	485181
2022-11-05 12:00	35.42	38.08	34.39	37.24	2117301
2022-11-05 16:00	37.24	38.79	35.77	37.09	2860523
2022-11-05 20:00	37.10	37.32	36.46	36.90	682396
2022-11-06 00:00	36.90	37.06	35.63	36.01	695643
2022-11-06 04:00	36.01	36.23	35.53	36.16	462552
2022-11-06 08:00	36.17	36.41	35.57	35.75	525428
2022-11-06 12:00	35.75	36.00	34.96	35.05	619685
2022-11-06 16:00	35.06	35.40	33.71	34.19	1204781
2022-11-06 20:00	34.18	34.18	32.31	32.62	1214687
2022-11-07 00:00	32.61	33.13	32.12	32.44	1155111
2022-11-07 04:00	32.45	32.57	30.70	30.78	1378315
2022-11-07 08:00	30.78	31.93	30.62	31.62	1393124
2022-11-07 12:00	31.61	32.85	30.87	32.82	2015079
2022-11-07 16:00	32.82	32.87	31.86	32.38	1178577
2022-11-07 20:00	32.38	32.47	28.00	29.62	2691453
2022-11-08 00:00	29.62	29.70	26.00	26.50	3150675
2022-11-08 04:00	26.50	28.68	25.00	27.96	4766644
2022-11-08 08:00	27.95	29.09	27.78	28.00	2580210
2022-11-08 12:00	28.01	28.51	26.65	27.72	2518797
2022-11-08 16:00	27.71	31.72	19.80	23.77	11909781
2022-11-08 20:00	23.77	24.73	22.63	24.38	3231450
2022-11-09 00:00	24.38	24.38	21.21	22.10	2357620
2022-11-09 04:00	22.11	22.17	19.12	19.29	4995970
2022-11-09 08:00	19.29	20.48	16.24	20.05	8122868
2022-11-09 12:00	20.05	20.77	15.73	16.07	5364207
2022-11-09 16:00	16.08	17.84	12.54	13.84	8213132
2022-11-09 20:00	13.85	14.87	12.37	14.08	5911946
2022-11-10 00:00	14.08	16.05	13.19	15.28	6015512
2022-11-10 04:00	15.29	16.06	14.53	15.34	3283190
2022-11-10 08:00	15.34	15.34	13.14	14.15	5377477
2022-11-10 12:00	14.16	18.55	14.00	17.67	9163292
2022-11-10 16:00	17.66	18.87	16.24	17.28	4576008
2022-11-10 20:00	17.29	18.50	16.90	17.66	2863528
2022-11-11 00:00	17.65	18.15	15.81	16.39	3003601
2022-11-11 04:00	16.38	17.69	16.16	17.22	2209093
2022-11-11 08:00	17.22	18.31	17.07	18.13	2391743
2022-11-11 12:00	18.13	18.28	15.10	16.46	5046634
2022-11-11 16:00	16.46	16.65	15.79	16.22	2260275
2022-11-11 20:00	16.21	16.50	15.37	16.45	2041697
2022-11-12 00:00	16.46	16.53	15.67	15.81	1124593
2022-11-12 04:00	15.82	15.93	14.75	15.49	1817247
2022-11-12 08:00	15.49	15.70	15.04	15.31	1147981
2022-11-12 12:00	15.31	15.50	14.79	14.82	1262063
2022-11-12 16:00	14.82	15.26	14.76	15.16	776278
2022-11-12 20:00	15.15	15.17	14.47	14.58	830783
2022-11-13 00:00	14.58	14.74	14.04	14.55	1222129
2022-11-13 04:00	14.55	14.67	13.50	13.95	1793601
2022-11-13 08:00	13.95	13.99	13.33	13.78	1180279
2022-11-13 12:00	13.78	14.43	13.61	14.06	1306868
2022-11-13 16:00	14.05	14.19	13.63	13.99	877434
2022-11-13 20:00	13.98	14.02	13.02	13.18	1252806
2022-11-14 00:00	13.18	13.34	12.07	13.00	2111381
2022-11-14 04:00	13.01	14.98	12.46	14.54	3618459
2022-11-14 08:00	14.54	15.01	14.19	14.22	1937582
2022-11-14 12:00	14.23	14.97	13.50	13.72	2232804
2022-11-14 16:00	13.72	14.24	13.25	13.74	1363530
2022-11-14 20:00	13.75	14.23	13.59	14.00	1149151
2022-11-15 00:00	14.00	14.47	13.82	14.20	1540186
2022-11-15 04:00	14.19	14.70	13.91	14.48	886484
2022-11-15 08:00	14.48	14.91	14.45	14.53	1007779
2022-11-15 12:00	14.54	15.10	14.05	14.35	2461627
2022-11-15 16:00	14.34	14.62	14.05	14.34	1151773
2022-11-15 20:00	14.35	14.44	14.15	14.32	619524
2022-11-16 00:00	14.32	14.60	14.10	14.51	657341
2022-11-16 04:00	14.51	14.57	14.27	14.34	387723
2022-11-16 08:00	14.34	14.64	14.08	14.17	830710
2022-11-16 12:00	14.16	14.20	13.67	13.77	976560
2022-11-16 16:00	13.77	14.22	13.64	14.12	771941
2022-11-16 20:00	14.12	14.42	14.10	14.27	493841
2022-11-17 00:00	14.27	14.50	14.19	14.25	567663
2022-11-17 04:00	14.25	14.43	14.06	14.27	527374
2022-11-17 08:00	14.26	14.34	14.07	14.22	408879
2022-11-17 12:00	14.22	14.23	12.93	13.52	3575738
2022-11-17 16:00	13.52	13.76	13.32	13.45	1016544
2022-11-17 20:00	13.44	13.81	13.40	13.65	493798
2022-11-18 00:00	13.65	13.89	13.55	13.72	480862
2022-11-18 04:00	13.71	13.74	13.55	13.62	409618
2022-11-18 08:00	13.62	13.73	13.47	13.57	418917
2022-11-18 12:00	13.57	13.65	13.25	13.37	602896
2022-11-18 16:00	13.37	13.41	13.00	13.17	729295
2022-11-18 20:00	13.16	13.30	13.12	13.27	308637
2022-11-19 00:00	13.28	13.28	12.65	12.88	517862
2022-11-19 04:00	12.88	13.02	12.71	12.85	438125
2022-11-19 08:00	12.86	13.00	12.80	12.85	357947
2022-11-19 12:00	12.85	12.89	12.58	12.72	804998
2022-11-19 16:00	12.72	12.90	12.66	12.79	426701
2022-11-19 20:00	12.80	12.98	12.76	12.84	375212
2022-11-20 00:00	12.84	12.94	12.70	12.92	344105
2022-11-20 04:00	12.92	13.58	12.92	13.06	912892
2022-11-20 08:00	13.07	13.09	12.55	12.55	676865
2022-11-20 12:00	12.56	13.16	12.47	13.00	1322301
2022-11-20 16:00	13.00	13.03	12.67	12.76	499118
2022-11-20 20:00	12.76	12.80	12.10	12.27	1035473
2022-11-21 00:00	12.26	12.29	11.56	11.75	1290086
2022-11-21 04:00	11.75	12.01	11.65	11.72	624531
2022-11-21 08:00	11.72	11.90	11.54	11.81	701485
2022-11-21 12:00	11.82	12.17	11.73	11.92	692242
2022-11-21 16:00	11.92	12.08	11.27	11.42	804304
2022-11-21 20:00	11.42	12.01	11.40	11.83	809243
2022-11-22 00:00	11.83	12.08	11.57	11.61	506191
2022-11-22 04:00	11.60	11.70	11.32	11.51	463873
2022-11-22 08:00	11.51	11.52	11.00	11.04	744620
2022-11-22 12:00	11.03	12.09	10.94	12.06	2010395
2022-11-22 16:00	12.06	12.18	11.66	11.84	951540
2022-11-22 20:00	11.83	12.50	11.83	12.44	819458
2022-11-23 00:00	12.43	13.44	12.40	13.08	1593768
2022-11-23 04:00	13.07	13.27	12.82	13.13	946089
2022-11-23 08:00	13.14	13.48	12.94	13.34	1322507
2022-11-23 12:00	13.33	13.37	12.71	13.08	997373
2022-11-23 16:00	13.09	14.50	12.99	14.06	1772875
2022-11-23 20:00	14.06	14.48	13.85	14.36	1240978
2022-11-24 00:00	14.36	14.96	13.98	14.61	1304907
2022-11-24 04:00	14.62	14.63	14.18	14.42	688331
2022-11-24 08:00	14.41	14.50	13.84	14.09	834768
2022-11-24 12:00	14.10	14.55	13.99	14.44	777185
2022-11-24 16:00	14.44	14.79	14.32	14.44	700521
2022-11-24 20:00	14.43	14.68	14.30	14.59	420304
2022-11-25 00:00	14.60	14.61	13.97	14.20	708334
2022-11-25 04:00	14.20	14.26	13.91	14.24	353336
2022-11-25 08:00	14.25	14.48	13.98	14.31	518282
2022-11-25 12:00	14.31	14.43	14.04	14.15	464166
2022-11-25 16:00	14.15	14.23	13.95	14.23	382219
2022-11-25 20:00	14.22	14.31	14.01	14.03	393887
2022-11-26 00:00	14.03	14.58	13.99	14.37	606649
2022-11-26 04:00	14.37	14.50	14.23	14.48	280889
2022-11-26 08:00	14.47	14.98	14.34	14.75	685695
2022-11-26 12:00	14.74	14.76	14.35	14.42	537660
2022-11-26 16:00	14.43	14.44	14.07	14.24	454022
2022-11-26 20:00	14.23	14.24	13.97	14.17	347621
2022-11-27 00:00	14.17	14.31	14.06	14.27	196788
2022-11-27 04:00	14.26	14.45	14.21	14.31	331138
2022-11-27 08:00	14.32	14.38	14.21	14.35	308458
2022-11-27 12:00	14.35	14.43	14.16	14.41	497975
2022-11-27 16:00	14.41	14.43	14.21	14.31	314811
2022-11-27 20:00	14.30	14.44	14.05	14.12	414855
2022-11-28 00:00	14.11	14.17	12.78	13.10	1695789
2022-11-28 04:00	13.10	13.54	13.05	13.43	611308
2022-11-28 08:00	13.43	13.56	13.27	13.47	439856
2022-11-28 12:00	13.46	13.53	13.09	13.23	611871
2022-11-28 16:00	13.24	13.76	13.00	13.35	1089564
2022-11-28 20:00	13.36	13.43	13.27	13.32	271001
2022-11-29 00:00	13.33	13.58	13.14	13.47	517385
2022-11-29 04:00	13.47	13.90	13.45	13.73	539045
2022-11-29 08:00	13.74	13.96	13.60	13.64	432951
2022-11-29 12:00	13.65	13.67	13.33	13.44	450342
2022-11-29 16:00	13.45	13.46	13.28	13.42	353767
2022-11-29 20:00	13.42	13.47	13.27	13.34	312859
2022-11-30 00:00	13.35	13.93	13.33	13.50	790968
2022-11-30 04:00	13.50	13.74	13.50	13.70	450228
2022-11-30 08:00	13.70	13.79	13.65	13.72	9321
2022-11-30 12:00	13.73	13.73	13.48	13.53	6103
2022-11-30 16:00	13.54	13.86	13.24	13.63	8262
2022-11-30 20:00	13.64	14.30	13.53	14.15	18431
2022-12-01 00:00	14.15	14.18	13.75	13.93	18993
2022-12-01 04:00	13.93	13.99	13.81	13.81	5225
2022-12-01 08:00	13.84	13.91	13.75	13.81	3905
2022-12-01 12:00	13.84	13.96	13.46	13.63	18525
2022-12-01 16:00	13.63	13.64	13.50	13.53	6726
2022-12-01 20:00	13.50	13.58	13.40	13.51	4534
2022-12-02 00:00	13.51	13.67	13.33	13.44	6019
2022-12-02 04:00	13.39	13.56	13.34	13.53	3533
2022-12-02 08:00	13.54	13.67	13.50	13.60	7403
2022-12-02 12:00	13.60	13.82	13.38	13.54	14188
2022-12-02 16:00	13.53	13.68	13.46	13.68	10401
2022-12-02 20:00	13.70	13.79	13.66	13.72	7129
2022-12-03 00:00	13.69	13.75	13.57	13.61	3482
2022-12-03 04:00	13.63	13.68	13.52	13.58	5074
2022-12-03 08:00	13.54	13.59	13.45	13.51	4611
2022-12-03 12:00	13.51	13.59	13.49	13.58	5859
2022-12-03 16:00	13.57	13.61	13.48	13.53	4198
2022-12-03 20:00	13.52	13.53	13.22	13.30	4336
2022-12-04 00:00	13.28	13.53	13.27	13.42	3501
2022-12-04 04:00	13.43	13.50	13.42	13.45	1353
2022-12-04 08:00	13.45	13.48	13.35	13.37	1474
2022-12-04 12:00	13.38	13.49	13.37	13.49	2397
2022-12-04 16:00	13.51	13.57	13.46	13.54	3991
2022-12-04 20:00	13.54	13.75	13.54	13.71	3621
2022-12-05 00:00	13.71	14.16	13.67	13.91	10473
2022-12-05 04:00	13.91	14.03	13.85	13.95	6069
2022-12-05 08:00	13.96	14.09	13.94	13.99	5050
2022-12-05 12:00	13.99	14.00	13.66	13.74	8697
2022-12-05 16:00	13.76	14.01	13.60	13.68	17041
2022-12-05 20:00	13.66	13.99	13.66	13.83	4084
2022-12-06 00:00	13.82	14.30	13.82	14.17	15172
2022-12-06 04:00	14.18	14.38	14.02	14.15	10152
2022-12-06 08:00	14.15	14.18	13.90	14.01	5075
2022-12-06 12:00	14.01	14.11	13.91	13.98	8443
2022-12-06 16:00	13.99	14.09	13.94	14.02	8125
2022-12-06 20:00	14.05	14.31	14.02	14.29	9247
2022-12-07 00:00	14.32	14.33	14.04	14.04	6658
2022-12-07 04:00	14.04	14.07	13.58	13.63	8186
2022-12-07 08:00	13.60	13.72	13.42	13.61	9932
2022-12-07 12:00	13.61	13.73	13.59	13.68	5926
2022-12-07 16:00	13.69	13.74	13.53	13.57	4665
2022-12-07 20:00	13.57	13.61	13.48	13.49	17942
2022-12-08 00:00	13.46	13.52	13.35	13.45	8566
2022-12-08 04:00	13.46	13.54	13.28	13.50	6876
2022-12-08 08:00	13.52	13.57	13.38	13.53	5343
2022-12-08 12:00	13.49	13.62	13.44	13.57	5966
2022-12-08 16:00	13.60	13.76	13.55	13.74	7214
2022-12-08 20:00	13.76	13.76	13.63	13.69	5306
2022-12-09 00:00	13.71	13.78	13.63	13.74	3252
2022-12-09 04:00	13.75	13.75	13.65	13.70	2907
2022-12-09 08:00	13.69	14.02	13.65	13.90	10120
2022-12-09 12:00	13.87	13.92	13.69	13.86	10502
2022-12-09 16:00	13.87	13.88	13.56	13.61	11310
2022-12-09 20:00	13.60	13.62	13.52	13.61	3332
2022-12-10 00:00	13.56	13.65	13.55	13.62	439
2022-12-10 04:00	13.63	13.74	13.62	13.64	4847
2022-12-10 08:00	13.62	13.64	13.57	13.57	621
2022-12-10 12:00	13.57	13.66	13.57	13.66	952
2022-12-10 16:00	13.67	13.70	13.62	13.65	1934
2022-12-10 20:00	13.66	13.69	13.56	13.56	4970
2022-12-11 00:00	13.55	13.64	13.54	13.64	811
2022-12-11 04:00	13.65	13.67	13.62	13.65	491
2022-12-11 08:00	13.63	13.65	13.62	13.63	483
2022-12-11 12:00	13.64	13.75	13.62	13.66	3437
2022-12-11 16:00	13.67	13.79	13.65	13.73	1288
2022-12-11 20:00	13.68	13.73	13.39	13.42	5672
2022-12-12 00:00	13.42	13.49	12.82	12.95	11630
2022-12-12 04:00	12.94	13.02	12.94	12.99	3048
2022-12-12 08:00	12.97	13.23	12.97	13.16	4274
2022-12-12 12:00	13.15	13.19	13.03	13.11	6251
2022-12-12 16:00	13.11	13.24	13.10	13.23	7354
2022-12-12 20:00	13.25	13.37	13.23	13.31	2883
2022-12-13 00:00	13.38	13.39	13.07	13.07	1529
2022-12-13 04:00	13.06	13.16	12.80	12.94	4868
2022-12-13 08:00	12.96	13.34	12.94	13.34	915
2022-12-13 12:00	13.35	14.15	13.20	13.73	6356
2022-12-13 16:00	13.74	13.82	13.59	13.77	3600
2022-12-13 20:00	13.79	13.89	13.72	13.89	1128
2022-12-14 00:00	13.91	13.98	13.83	13.92	2726
2022-12-14 04:00	13.99	14.04	13.82	13.91	664
2022-12-14 08:00	13.91	14.00	13.91	13.99	207
2022-12-14 12:00	14.00	14.53	13.97	14.48	10683
2022-12-14 16:00	14.52	14.95	14.20	14.30	37902
2022-12-14 20:00	14.28	14.48	14.08	14.13	13942
2022-12-15 00:00	14.13	14.51	13.88	14.37	4678
2022-12-15 04:00	14.38	14.40	14.17	14.17	1187
2022-12-15 08:00	14.17	14.17	14.03	14.10	356
2022-12-15 12:00	14.09	14.15	13.90	13.97	7493
2022-12-15 16:00	13.99	14.12	13.87	14.11	3828
2022-12-15 20:00	14.11	14.19	13.94	13.94	1878
2022-12-16 00:00	14.03	14.14	13.90	14.03	1431
2022-12-16 04:00	14.03	14.10	13.91	14.10	646
2022-12-16 08:00	14.10	14.10	13.38	13.47	3466
2022-12-16 12:00	13.50	13.50	13.00	13.03	6741
2022-12-16 16:00	13.01	13.08	12.66	13.00	9378
2022-12-16 20:00	13.01	13.11	12.04	12.24	12241
2022-12-17 00:00	12.26	12.37	12.00	12.27	6232
2022-12-17 04:00	12.25	12.55	12.19	12.41	1620
2022-12-17 08:00	12.41	12.48	12.27	12.31	900
2022-12-17 12:00	12.31	12.36	12.22	12.31	1490
2022-12-17 16:00	12.30	12.31	12.17	12.29	1387
2022-12-17 20:00	12.26	12.54	12.25	12.48	1018
2022-12-18 00:00	12.51	12.51	12.37	12.48	3264
2022-12-18 04:00	12.49	12.59	12.42	12.44	924
2022-12-18 08:00	12.44	12.47	12.28	12.39	1190
2022-12-18 12:00	12.41	12.45	12.30	12.30	243
2022-12-18 16:00	12.30	12.53	12.29	12.44	589
2022-12-18 20:00	12.47	12.58	12.35	12.35	753
2022-12-19 00:00	12.37	12.59	12.19	12.22	3606
2022-12-19 04:00	12.27	12.32	12.19	12.19	509
2022-12-19 08:00	12.29	12.35	12.19	12.28	298
2022-12-19 12:00	12.26	12.31	12.16	12.20	981
2022-12-19 16:00	12.20	12.22	11.93	12.04	7256
2022-12-19 20:00	12.08	12.14	11.69	11.95	6182
2022-12-20 00:00	11.91	12.32	11.84	12.20	2532
2022-12-20 04:00	12.20	12.44	12.20	12.35	724
2022-12-20 08:00	12.33	12.43	12.32	12.36	379
2022-12-20 12:00	12.39	12.47	12.20	12.35	1021
2022-12-20 16:00	12.33	12.33	12.13	12.25	1197
2022-12-20 20:00	12.26	12.31	12.22	12.26	943
2022-12-21 00:00	12.26	12.26	12.06	12.07	1105
2022-12-21 04:00	12.06	12.11	11.96	12.03	683
2022-12-21 08:00	12.00	12.14	11.99	12.09	640
2022-12-21 12:00	12.07	12.12	11.95	12.05	808
2022-12-21 16:00	12.07	12.07	11.96	11.96	622
2022-12-21 20:00	11.94	12.21	11.90	12.14	1989
2022-12-22 00:00	12.12	12.17	12.08	12.13	586
2022-12-22 04:00	12.15	12.15	11.99	12.05	1239
2022-12-22 08:00	12.06	12.16	12.05	12.11	842
2022-12-22 12:00	12.14	12.14	11.73	11.80	8296
2022-12-22 16:00	11.74	11.88	11.70	11.85	3933
2022-12-22 20:00	11.84	12.09	11.69	11.81	4277
2022-12-23 00:00	11.81	12.10	11.71	12.05	5622
2022-12-23 04:00	12.02	12.05	11.86	11.89	5475
2022-12-23 08:00	11.86	11.95	11.80	11.89	1338
2022-12-23 12:00	11.89	11.94	11.77	11.84	2627
2022-12-23 16:00	11.83	11.87	11.80	11.86	967
2022-12-23 20:00	11.86	11.87	11.74	11.76	1671
2022-12-24 00:00	11.74	11.77	11.72	11.76	444
2022-12-24 04:00	11.75	11.76	11.17	11.37	20914
2022-12-24 08:00	11.36	11.36	11.21	11.32	3379
2022-12-24 12:00	11.32	11.39	11.27	11.39	1602
2022-12-24 16:00	11.36	11.56	11.35	11.56	3167
2022-12-24 20:00	11.56	11.60	11.36	11.43	1943
2022-12-25 00:00	11.43	11.49	11.41	11.46	1635
2022-12-25 04:00	11.47	11.56	11.41	11.49	1794
2022-12-25 08:00	11.48	11.49	11.38	11.41	765
2022-12-25 12:00	11.40	11.43	11.24	11.41	4443
2022-12-25 16:00	11.32	11.41	11.27	11.35	792
2022-12-25 20:00	11.39	11.44	11.35	11.37	1512
2022-12-26 00:00	11.35	11.48	11.25	11.43	3688
2022-12-26 04:00	11.43	11.46	11.29	11.30	2593
2022-12-26 08:00	11.30	11.37	11.30	11.34	628
2022-12-26 12:00	11.36	11.37	11.18	11.22	13927
2022-12-26 16:00	11.21	11.28	11.12	11.19	8904
2022-12-26 20:00	11.19	11.35	11.16	11.35	4185
2022-12-27 00:00	11.36	11.43	11.25	11.25	2671
2022-12-27 04:00	11.29	11.29	11.19	11.21	5211
2022-12-27 08:00	11.20	11.24	11.12	11.15	2578
2022-12-27 12:00	11.14	11.16	10.74	10.76	10371
2022-12-27 16:00	10.76	11.01	10.72	11.00	8269
2022-12-27 20:00	11.00	11.15	10.97	11.11	3337
2022-12-28 00:00	11.09	11.11	10.68	10.78	3368
2022-12-28 04:00	10.77	10.78	9.87	10.14	35895
2022-12-28 08:00	10.17	10.20	9.86	10.01	8878
2022-12-28 12:00	10.03	10.35	9.88	9.97	18622
2022-12-28 16:00	9.93	10.09	9.79	9.80	6623
2022-12-28 20:00	9.82	9.88	9.42	9.75	12583
2022-12-29 00:00	9.76	9.87	9.53	9.76	7393
2022-12-29 04:00	9.75	9.77	9.56	9.63	3013
2022-12-29 08:00	9.62	9.63	9.27	9.45	9856
2022-12-29 12:00	9.48	9.50	9.31	9.38	5727
2022-12-29 16:00	9.38	9.44	8.68	8.78	24883
2022-12-29 20:00	8.79	10.89	8.00	9.65	99906
2022-12-30 00:00	9.62	10.27	9.40	9.50	52778
2022-12-30 04:00	9.51	9.74	9.10	9.13	20355
2022-12-30 08:00	9.15	9.24	9.04	9.12	3874
2022-12-30 12:00	9.14	10.01	9.12	9.57	20373
2022-12-30 16:00	9.55	10.04	9.49	9.86	12047
2022-12-30 20:00	9.86	10.05	9.70	9.90	14148
2022-12-31 00:00	9.89	10.05	9.73	9.73	9566
2022-12-31 04:00	9.75	9.84	9.66	9.81	2972
2022-12-31 08:00	9.83	9.91	9.73	9.84	4080
2022-12-31 12:00	9.89	10.18	9.84	10.13	6068
2022-12-31 16:00	10.17	10.17	9.94	10.08	5127
2022-12-31 20:00	10.07	10.11	9.86	9.95	5053
2023-01-01 00:00	9.96	10.06	9.90	9.95	5537
2023-01-01 04:00	9.96	9.96	9.69	9.78	3338
2023-01-01 08:00	9.78	9.96	9.70	9.94	1181
2023-01-01 12:00	9.93	9.95	9.80	9.87	1210
2023-01-01 16:00	9.88	10.04	9.87	9.94	1845
2023-01-01 20:00	9.95	10.03	9.94	10.00	2278
2023-01-02 00:00	9.98	10.02	9.82	9.99	5073
2023-01-02 04:00	10.00	11.94	9.94	11.08	20542
2023-01-02 08:00	11.08	11.35	10.91	11.00	11876
2023-01-02 12:00	11.04	11.23	11.00	11.13	6128
2023-01-02 16:00	11.13	11.48	11.08	11.28	3345
2023-01-02 20:00	11.25	11.43	11.19	11.29	11634
2023-01-03 00:00	11.29	11.34	11.01	11.23	7457
2023-01-03 04:00	11.22	12.03	11.22	11.95	27659
2023-01-03 08:00	11.93	12.02	11.71	11.84	7318
2023-01-03 12:00	11.85	13.27	11.81	13.12	33248
2023-01-03 16:00	13.07	13.89	12.69	12.95	41243
2023-01-03 20:00	12.98	13.47	12.95	13.39	10796
2023-01-04 00:00	13.36	14.04	13.24	13.58	25226
2023-01-04 04:00	13.60	14.22	13.29	14.12	17420
2023-01-04 08:00	14.15	14.15	13.58	13.69	7341
2023-01-04 12:00	13.64	13.73	13.13	13.38	8903
2023-01-04 16:00	13.35	13.62	13.08	13.16	10348
2023-01-04 20:00	13.21	13.63	12.83	13.42	13295
2023-01-05 00:00	13.39	13.43	13.05	13.18	6880
2023-01-05 04:00	13.21	13.47	13.13	13.20	6207
2023-01-05 08:00	13.26	13.31	12.95	13.27	8851
2023-01-05 12:00	13.25	13.39	13.05	13.29	9083
2023-01-05 16:00	13.28	13.47	13.07	13.42	4277
2023-01-05 20:00	13.42	13.88	13.36	13.43	19494
2023-01-06 00:00	13.43	13.58	13.15	13.20	18789
2023-01-06 04:00	13.20	13.24	13.04	13.13	10570
2023-01-06 08:00	13.12	13.25	12.89	13.01	12132
2023-01-06 12:00	13.00	13.21	12.71	13.19	25117
2023-01-06 16:00	13.20	13.43	13.08	13.36	13845
2023-01-06 20:00	13.37	13.59	13.17	13.51	10805
2023-01-07 00:00	13.50	13.50	13.28	13.33	9310
2023-01-07 04:00	13.31	13.33	13.21	13.29	7710
2023-01-07 08:00	13.30	13.32	13.14	13.16	5672
2023-01-07 12:00	13.15	13.28	13.14	13.28	4620
2023-01-07 16:00	13.26	13.27	13.19	13.22	2848
2023-01-07 20:00	13.24	13.24	13.02	13.11	4379
2023-01-08 00:00	13.10	13.40	12.87	13.37	20882
2023-01-08 04:00	13.38	13.43	13.26	13.34	8446
2023-01-08 08:00	13.35	13.76	13.29	13.51	16296
2023-01-08 12:00	13.51	13.93	13.44	13.89	16380
2023-01-08 16:00	13.88	13.91	13.47	13.55	18996
2023-01-08 20:00	13.55	14.85	13.54	14.44	30000
2023-01-09 00:00	14.43	16.70	14.29	16.06	134199
2023-01-09 04:00	16.07	16.53	15.95	16.36	36162
2023-01-09 08:00	16.36	16.77	16.09	16.36	43513
2023-01-09 12:00	16.39	17.47	16.10	17.14	86722
2023-01-09 16:00	17.14	17.37	16.24	16.29	61728
2023-01-09 20:00	16.29	16.64	16.03	16.27	47799
2023-01-10 00:00	16.32	16.58	15.58	15.98	31752
2023-01-10 04:00	16.01	16.30	15.86	15.89	28873
2023-01-10 08:00	15.91	16.35	15.83	16.04	15188
2023-01-10 12:00	16.02	16.48	15.85	16.24	18004
2023-01-10 16:00	16.20	16.47	16.04	16.40	10766
2023-01-10 20:00	16.41	16.72	16.15	16.21	17702
2023-01-11 00:00	16.21	16.36	15.88	16.02	22807
2023-01-11 04:00	16.00	16.16	15.85	16.11	15653
2023-01-11 08:00	16.09	16.14	15.95	16.03	9393
2023-01-11 12:00	16.03	16.03	15.30	15.43	35406
2023-01-11 16:00	15.41	16.13	15.30	16.00	20519
2023-01-11 20:00	16.01	16.59	15.75	16.36	19984
2023-01-12 00:00	16.38	16.97	16.14	16.46	31667
2023-01-12 04:00	16.44	16.49	16.17	16.24	15728
2023-01-12 08:00	16.23	16.23	15.90	16.08	12556
2023-01-12 12:00	16.08	16.50	15.62	15.99	50231
2023-01-12 16:00	15.94	16.79	15.91	16.55	34114
2023-01-12 20:00	16.56	16.71	16.32	16.60	24314
2023-01-13 00:00	16.59	16.84	16.32	16.73	18739
2023-01-13 04:00	16.73	17.34	16.72	16.89	30291
2023-01-13 08:00	16.90	17.10	16.56	16.69	15040
2023-01-13 12:00	16.69	16.85	16.47	16.84	15702
2023-01-13 16:00	16.83	17.18	16.53	17.18	20413
2023-01-13 20:00	17.17	18.59	17.03	18.30	56765
2023-01-14 00:00	18.29	22.82	18.23	21.87	121747
2023-01-14 04:00	21.87	24.63	21.73	23.56	52991
2023-01-14 08:00	23.58	23.91	21.33	22.34	46185
2023-01-14 12:00	22.35	23.53	21.91	22.34	48856
2023-01-14 16:00	22.38	23.41	22.15	23.07	30597
2023-01-14 20:00	23.08	24.77	22.58	24.29	28850
2023-01-15 00:00	24.27	24.96	22.55	23.06	77519
2023-01-15 04:00	23.03	23.17	22.13	22.64	21268
2023-01-15 08:00	22.66	23.07	21.98	22.89	27927
2023-01-15 12:00	22.87	23.88	22.71	23.69	23876
2023-01-15 16:00	23.72	23.77	22.97	23.36	20306
2023-01-15 20:00	23.36	23.40	22.67	22.88	10214
2023-01-16 00:00	22.89	24.16	22.47	23.29	35193
2023-01-16 04:00	23.27	25.01	23.08	24.23	32506
2023-01-16 08:00	24.17	24.24	22.89	23.43	16214
2023-01-16 12:00	23.48	23.56	22.36	23.11	10163
2023-01-16 16:00	23.07	23.91	22.97	23.65	32520
2023-01-16 20:00	23.65	24.30	23.38	23.60	7562
2023-01-17 00:00	23.58	23.86	22.71	23.17	14638
2023-01-17 04:00	23.22	23.89	23.18	23.48	12951
2023-01-17 08:00	23.51	23.98	23.46	23.79	6041
2023-01-17 12:00	23.80	23.98	23.31	23.53	11246
2023-01-17 16:00	23.55	23.81	23.19	23.65	5349
2023-01-17 20:00	23.68	23.90	22.84	23.00	8198
2023-01-18 00:00	22.98	23.50	22.74	23.30	14401
2023-01-18 04:00	23.24	23.53	23.03	23.05	5316
2023-01-18 08:00	23.13	23.33	22.84	23.06	7009
2023-01-18 12:00	23.06	23.63	20.95	21.78	30204
2023-01-18 16:00	21.77	22.34	20.27	21.79	59533
2023-01-18 20:00	21.77	21.89	20.65	20.78	40746
2023-01-19 00:00	20.76	21.48	20.72	21.33	16851
2023-01-19 04:00	21.35	21.77	21.26	21.28	11308
2023-01-19 08:00	21.28	21.48	20.80	20.93	11429
2023-01-19 12:00	20.94	21.18	20.29	21.07	24612
2023-01-19 16:00	21.06	21.74	20.86	21.65	28979
2023-01-19 20:00	21.66	21.88	21.32	21.41	14505
2023-01-20 00:00	21.40	21.65	21.03	21.34	13290
2023-01-20 04:00	21.31	21.41	20.92	21.09	10873
2023-01-20 08:00	21.07	21.24	20.99	21.15	7591
2023-01-20 12:00	21.13	21.55	21.10	21.43	7793
2023-01-20 16:00	21.43	23.38	21.43	23.29	33496
2023-01-20 20:00	23.33	25.80	23.29	25.50	70048
2023-01-21 00:00	25.53	25.85	24.44	24.84	43820
2023-01-21 04:00	24.83	25.66	24.74	25.45	10092
2023-01-21 08:00	25.45	26.47	24.43	25.18	24793
2023-01-21 12:00	25.17	25.61	25.08	25.22	19407
2023-01-21 16:00	25.27	26.09	25.23	25.67	15102
2023-01-21 20:00	25.64	25.69	24.56	24.75	13835
2023-01-22 00:00	24.78	25.58	24.62	25.07	18205
2023-01-22 04:00	25.04	25.43	25.01	25.14	14041
2023-01-22 08:00	25.13	25.32	24.81	24.91	8612
2023-01-22 12:00	24.93	25.49	24.68	25.04	12396
2023-01-22 16:00	25.05	25.24	24.81	24.90	14260
2023-01-22 20:00	24.89	24.89	23.53	24.25	25663
2023-01-23 00:00	24.25	24.97	24.14	24.55	14501
2023-01-23 04:00	24.57	24.84	24.38	24.48	8505
2023-01-23 08:00	24.49	24.80	24.20	24.64	12064
2023-01-23 12:00	24.63	24.69	23.83	24.24	21562
2023-01-23 16:00	24.17	24.75	23.99	24.14	21936
2023-01-23 20:00	24.17	24.52	24.04	24.32	22894
2023-01-24 00:00	24.32	25.21	24.08	25.00	22128
2023-01-24 04:00	25.00	25.01	24.65	24.81	10906
2023-01-24 08:00	24.82	24.96	24.29	24.47	9537
2023-01-24 12:00	24.47	24.59	24.03	24.46	15414
2023-01-24 16:00	24.49	24.53	24.09	24.45	12802
2023-01-24 20:00	24.45	24.51	22.50	22.76	42005
2023-01-25 00:00	22.71	23.02	22.23	22.90	21316
2023-01-25 04:00	22.95	23.44	22.89	23.29	7311
2023-01-25 08:00	23.36	23.41	22.99	23.09	6402
2023-01-25 12:00	23.19	24.55	22.73	23.34	42786
2023-01-25 16:00	23.31	23.79	23.25	23.75	10483
2023-01-25 20:00	23.75	25.41	23.73	24.52	73136
2023-01-26 00:00	24.57	25.23	24.44	24.79	20563
2023-01-26 04:00	24.75	24.93	24.26	24.36	11651
2023-01-26 08:00	24.49	24.57	24.11	24.35	4564
2023-01-26 12:00	24.28	25.09	24.13	24.21	15209
2023-01-26 16:00	24.31	24.71	23.78	24.43	8735
2023-01-26 20:00	24.47	24.62	24.21	24.34	3809
2023-01-27 00:00	24.35	24.52	23.41	23.72	12806
2023-01-27 04:00	23.74	24.05	23.67	24.05	3459
2023-01-27 08:00	24.03	24.03	23.59	23.73	3947
2023-01-27 12:00	23.77	24.20	23.43	23.85	12376
2023-01-27 16:00	23.82	24.58	23.82	24.48	6433
2023-01-27 20:00	24.50	24.94	24.04	24.43	19602
2023-01-28 00:00	24.43	24.86	24.31	24.55	15264
2023-01-28 04:00	24.52	25.15	24.19	24.37	6888
2023-01-28 08:00	24.39	24.44	24.20	24.28	165
2023-01-28 12:00	24.19	24.30	23.76	24.15	2237
2023-01-28 16:00	24.15	24.22	23.96	24.10	672
2023-01-28 20:00	24.08	24.10	23.78	24.02	950
2023-01-29 00:00	24.00	24.77	23.75	24.13	7225
2023-01-29 04:00	24.10	24.19	24.02	24.17	1721
2023-01-29 08:00	24.20	24.49	24.09	24.32	3032
2023-01-29 12:00	24.35	24.78	24.25	24.67	6115
2023-01-29 16:00	24.68	26.54	24.46	26.32	44794
2023-01-29 20:00	26.24	26.76	25.97	26.10	31694
2023-01-30 00:00	26.05	26.25	25.22	25.45	14920
2023-01-30 04:00	25.47	25.60	25.25	25.35	2390
2023-01-30 08:00	25.41	25.50	23.80	24.06	7836
2023-01-30 12:00	23.99	24.78	23.88	24.41	7550
2023-01-30 16:00	24.32	24.64	23.35	23.63	8615
2023-01-30 20:00	23.65	24.00	23.41	23.97	10212
2023-01-31 00:00	23.90	24.28	23.69	24.02	2943
2023-01-31 04:00	24.02	24.13	23.66	24.13	5869
2023-01-31 08:00	24.13	24.14	23.51	23.77	1197
2023-01-31 12:00	23.76	24.36	23.65	24.11	3295
2023-01-31 16:00	24.11	24.43	24.05	24.22	3030
2023-01-31 20:00	24.21	24.29	23.68	23.97	8074
2023-02-01 00:00	23.94	24.01	23.66	23.86	4178
2023-02-01 04:00	23.88	24.00	23.43	23.60	4004
2023-02-01 08:00	23.57	23.61	23.18	23.55	2395
2023-02-01 12:00	23.50	23.66	22.75	22.83	6037
2023-02-01 16:00	22.77	24.55	22.56	24.25	10139
2023-02-01 20:00	24.27	25.21	24.17	24.93	9857
2023-02-02 00:00	25.01	25.76	24.98	25.29	14224
2023-02-02 04:00	25.30	25.39	24.71	24.85	4546
2023-02-02 08:00	24.83	25.06	24.81	24.99	674
2023-02-02 12:00	25.01	25.27	24.60	24.98	10381
2023-02-02 16:00	25.01	26.10	24.89	25.10	24286
2023-02-02 20:00	25.10	25.25	24.18	24.22	17753
2023-02-03 00:00	24.32	24.48	23.99	24.32	9277
2023-02-03 04:00	24.30	24.54	24.25	24.30	2689
2023-02-03 08:00	24.25	24.52	24.10	24.47	1193
2023-02-03 12:00	24.54	25.06	24.06	24.86	11882
2023-02-03 16:00	25.00	25.06	24.36	24.37	7888
2023-02-03 20:00	24.35	24.78	24.24	24.68	3296
2023-02-04 00:00	24.67	24.80	24.43	24.47	4215
2023-02-04 04:00	24.46	24.53	24.29	24.53	1327
2023-02-04 08:00	24.48	24.60	24.44	24.60	299
2023-02-04 12:00	24.61	24.92	24.55	24.65	2041
2023-02-04 16:00	24.71	24.80	24.52	24.69	3210
2023-02-04 20:00	24.68	24.74	24.20	24.33	3263
2023-02-05 00:00	24.30	24.43	24.08	24.32	5967
2023-02-05 04:00	24.32	24.48	24.28	24.35	4774
2023-02-05 08:00	24.37	24.43	24.14	24.14	2939
2023-02-05 12:00	24.21	24.23	23.28	23.67	11921
2023-02-05 16:00	23.65	23.70	23.20	23.39	6008
2023-02-05 20:00	23.39	23.66	23.09	23.49	5072
2023-02-06 00:00	23.46	23.72	23.28	23.42	2597
2023-02-06 04:00	23.38	23.44	23.28	23.28	172
2023-02-06 12:00	23.29	23.48	22.82	23.48	4969
2023-02-06 16:00	23.48	23.60	23.17	23.30	2353
2023-02-06 20:00	23.36	23.37	22.54	22.67	6846
2023-02-07 00:00	22.66	23.18	22.57	23.09	2854
2023-02-07 04:00	23.09	23.35	23.03	23.21	1460
2023-02-07 08:00	23.23	23.45	23.11	23.34	1122
2023-02-07 12:00	23.40	23.40	22.95	23.02	1633
2023-02-07 16:00	23.01	23.88	22.63	23.22	26921
2023-02-07 20:00	23.28	23.95	23.14	23.83	7623
2023-02-08 00:00	23.87	24.22	23.80	23.89	18950
2023-02-08 04:00	23.94	23.97	23.56	23.78	4440
2023-02-08 08:00	23.71	23.78	23.53	23.73	644
2023-02-08 12:00	23.76	23.95	23.28	23.28	3730
2023-02-08 16:00	23.26	23.47	22.83	23.03	7608
2023-02-08 20:00	23.07	23.25	22.88	23.16	2192
2023-02-09 00:00	23.22	23.33	22.00	22.35	10491
2023-02-09 04:00	22.34	22.91	22.21	22.78	4813
2023-02-09 08:00	22.80	22.96	22.73	22.80	2433
2023-02-09 12:00	22.78	22.96	22.62	22.67	1825
2023-02-09 16:00	22.62	22.69	21.53	21.79	13038
2023-02-09 20:00	21.78	21.80	20.05	20.45	19613
2023-02-10 00:00	20.51	20.92	20.30	20.78	10854
2023-02-10 04:00	20.80	21.10	20.53	21.10	3813
2023-02-10 08:00	21.11	21.20	20.67	20.67	3447
2023-02-10 12:00	20.68	21.00	20.47	20.73	5584
2023-02-10 16:00	20.70	20.97	20.53	20.90	4435
2023-02-10 20:00	20.85	20.90	19.70	20.12	13322
2023-02-11 00:00	20.10	20.48	20.10	20.37	2104
2023-02-11 04:00	20.37	20.38	20.21	20.35	427
2023-02-11 08:00	20.31	20.35	20.23	20.30	331
2023-02-11 12:00	20.31	20.60	20.30	20.46	1177
2023-02-11 16:00	20.45	20.46	20.27	20.35	985
2023-02-11 20:00	20.35	20.91	20.35	20.82	796
2023-02-12 00:00	20.80	20.82	20.64	20.69	615
2023-02-12 04:00	20.66	21.01	20.64	20.85	1217
2023-02-12 08:00	20.85	21.07	20.85	21.07	3231
2023-02-12 12:00	21.07	21.59	20.78	21.44	10657
2023-02-12 16:00	21.43	22.52	21.42	22.05	29417
2023-02-12 20:00	22.06	22.20	21.10	21.51	6144
2023-02-13 00:00	21.51	21.59	20.47	20.91	14378
2023-02-13 04:00	20.92	21.32	20.86	21.18	5267
2023-02-13 08:00	21.17	21.17	20.06	20.41	13048
2023-02-13 12:00	20.45	20.69	20.36	20.40	2583
2023-02-13 16:00	20.41	20.53	19.74	20.42	8582
2023-02-13 20:00	20.42	20.85	20.26	20.76	2233
2023-02-14 00:00	20.78	21.07	20.67	20.79	3575
2023-02-14 04:00	20.81	21.07	20.77	21.05	2139
2023-02-14 08:00	21.08	21.59	20.76	21.36	3928
2023-02-14 12:00	21.36	22.35	20.67	21.89	30948
2023-02-14 16:00	21.91	22.05	21.64	22.03	10125
2023-02-14 20:00	22.02	22.06	21.55	21.86	4280
2023-02-15 00:00	21.89	21.94	21.46	21.60	1582
2023-02-15 04:00	21.61	21.66	21.51	21.51	729
2023-02-15 08:00	21.50	22.22	21.48	22.07	2567
2023-02-15 12:00	22.15	22.74	22.07	22.47	15539
2023-02-15 16:00	22.44	23.01	22.28	22.96	14886
2023-02-15 20:00	23.01	23.99	22.95	23.88	30387
2023-02-16 00:00	23.88	24.14	23.54	23.83	15951
2023-02-16 04:00	23.84	23.99	23.54	23.68	9179
2023-02-16 08:00	23.72	23.90	23.49	23.54	4039
2023-02-16 12:00	23.49	23.86	23.02	23.86	11076
2023-02-16 16:00	23.85	24.15	23.34	23.59	20087
2023-02-16 20:00	23.55	23.60	22.21	22.29	9346
2023-02-17 00:00	22.26	22.78	22.04	22.68	4776
2023-02-17 04:00	22.69	22.78	22.52	22.52	4724
2023-02-17 08:00	22.53	22.72	22.50	22.58	1004
2023-02-17 12:00	22.62	22.98	22.45	22.81	8432
2023-02-17 16:00	22.82	23.48	22.62	23.43	7062
2023-02-17 20:00	23.49	23.53	22.71	23.18	7291
2023-02-18 00:00	23.15	23.60	23.15	23.36	3616
2023-02-18 04:00	23.40	23.47	23.13	23.23	432
2023-02-18 08:00	23.24	23.24	22.91	23.02	549
2023-02-18 12:00	23.05	23.53	23.02	23.46	1453
2023-02-18 16:00	23.43	23.90	23.41	23.48	4988
2023-02-18 20:00	23.41	23.65	23.28	23.45	3433
2023-02-19 00:00	23.45	23.60	23.20	23.29	2051
2023-02-19 04:00	23.30	23.96	23.29	23.50	3404
2023-02-19 08:00	23.57	23.70	23.45	23.70	1662
2023-02-19 12:00	23.72	25.25	23.72	25.25	22508
2023-02-19 16:00	25.24	25.35	24.01	24.60	45329
2023-02-19 20:00	24.62	25.59	24.06	24.82	9508
2023-02-20 00:00	24.83	26.31	24.14	26.16	30769
2023-02-20 04:00	26.15	27.10	25.86	26.47	18135
2023-02-20 08:00	26.49	26.68	26.06	26.36	5961
2023-02-20 12:00	26.39	26.67	26.15	26.46	9415
2023-02-20 16:00	26.56	26.57	25.54	26.38	19296
2023-02-20 20:00	26.35	26.36	25.94	26.24	2313
2023-02-21 00:00	26.24	26.59	25.80	26.09	11415
2023-02-21 04:00	26.12	26.29	25.71	25.99	13273
2023-02-21 08:00	25.96	26.18	24.93	25.05	8610
2023-02-21 12:00	25.08	25.36	24.80	25.07	9107
2023-02-21 16:00	25.03	25.50	24.70	25.20	8709
2023-02-21 20:00	25.25	25.47	24.50	24.97	4761
2023-02-22 00:00	24.98	25.22	23.89	24.49	9512
2023-02-22 04:00	24.45	24.45	23.47	23.82	10126
2023-02-22 08:00	23.82	23.82	23.22	23.59	6335
2023-02-22 12:00	23.54	23.80	23.28	23.67	6210
2023-02-22 16:00	23.65	24.14	23.41	23.80	8757
2023-02-22 20:00	23.80	24.31	23.48	24.15	1958
2023-02-23 00:00	24.19	24.68	23.97	24.41	6590
2023-02-23 04:00	24.44	24.55	24.24	24.52	2976
2023-02-23 08:00	24.50	24.62	23.60	23.77	4550
2023-02-23 12:00	23.71	24.39	23.65	23.80	5970
2023-02-23 16:00	23.87	24.06	23.64	24.01	3981
2023-02-23 20:00	24.07	24.21	23.70	23.94	854
2023-02-24 00:00	23.92	24.11	23.71	23.78	2138
2023-02-24 04:00	23.79	24.08	23.76	23.95	2672
2023-02-24 08:00	23.96	24.04	23.55	23.79	1270
2023-02-24 12:00	23.82	24.00	22.97	23.06	7911
2023-02-24 16:00	23.04	23.06	22.53	23.06	12636
2023-02-24 20:00	23.04	23.35	22.52	23.07	4246
2023-02-25 00:00	23.08	23.32	22.93	22.97	1330
2023-02-25 04:00	22.92	23.16	22.84	22.95	1449
2023-02-25 08:00	23.03	23.04	22.63	22.80	1542
2023-02-25 12:00	22.69	22.80	22.11	22.34	5417
2023-02-25 16:00	22.38	22.51	21.75	21.96	5688
2023-02-25 20:00	21.96	22.56	21.49	22.48	4237
2023-02-26 00:00	22.42	22.78	22.26	22.68	1830
2023-02-26 04:00	22.72	22.86	22.53	22.81	2429
2023-02-26 08:00	22.79	23.02	22.64	22.91	2028
2023-02-26 12:00	22.81	23.02	22.62	22.99	1814
2023-02-26 16:00	23.02	23.48	22.75	23.46	4324
2023-02-26 20:00	23.49	23.61	23.10	23.44	2744
2023-02-27 00:00	23.38	23.44	23.07	23.08	1868
2023-02-27 04:00	23.10	23.23	22.91	22.97	5218
2023-02-27 08:00	22.92	23.01	22.74	22.83	5850
2023-02-27 12:00	22.84	23.43	22.76	23.10	5580
2023-02-27 16:00	23.14	23.20	22.42	22.65	7215
2023-02-27 20:00	22.60	22.84	22.46	22.77	3126
2023-02-28 00:00	22.81	23.01	22.50	22.67	4679
2023-02-28 04:00	22.57	22.67	22.13	22.14	2619
2023-02-28 08:00	22.15	22.35	22.12	22.28	1088
2023-02-28 12:00	22.29	23.30	22.28	22.58	9656
2023-02-28 16:00	22.68	22.81	22.40	22.42	1907
2023-02-28 20:00	22.39	22.75	22.03	22.08	3689
2023-03-01 00:00	22.11	22.54	22.01	22.42	2494
2023-03-01 04:00	22.46	22.78	22.42	22.70	3141
2023-03-01 08:00	22.69	22.98	22.64	22.69	5784
2023-03-01 12:00	22.71	22.85	22.53	22.63	3880
2023-03-01 16:00	22.64	22.64	22.12	22.14	2855
2023-03-01 20:00	22.15	22.53	22.12	22.51	2636
2023-03-02 00:00	22.50	22.63	21.89	22.04	3697
2023-03-02 04:00	22.04	22.14	21.88	21.92	1379
2023-03-02 08:00	21.92	22.09	21.92	22.07	965
2023-03-02 12:00	22.06	22.07	21.68	21.84	3738
2023-03-02 16:00	21.80	22.15	21.71	22.09	2413
2023-03-02 20:00	22.08	22.15	21.93	21.98	1554
2023-03-03 00:00	22.01	22.01	20.47	20.86	8250
2023-03-03 04:00	20.85	21.23	20.82	21.05	2810
2023-03-03 08:00	21.13	21.22	21.05	21.16	1159
2023-03-03 12:00	21.17	21.44	21.04	21.22	3139
2023-03-03 16:00	21.27	21.45	21.16	21.40	2363
2023-03-03 20:00	21.45	21.53	21.20	21.39	1504
2023-03-04 00:00	21.40	21.61	21.30	21.33	2197
2023-03-04 04:00	21.34	21.36	21.04	21.19	2671
2023-03-04 08:00	21.15	21.25	21.09	21.16	545
2023-03-04 12:00	21.16	21.19	20.93	20.96	1755
2023-03-04 16:00	20.96	21.02	20.59	20.68	1484
2023-03-04 20:00	20.68	20.99	20.22	20.98	3286
2023-03-05 00:00	21.00	21.70	20.95	21.30	5464
2023-03-05 04:00	21.34	21.43	21.23	21.31	1221
2023-03-05 08:00	21.33	21.36	21.16	21.26	501
2023-03-05 12:00	21.20	21.35	21.18	21.29	327
2023-03-05 16:00	21.30	21.30	21.02	21.08	1859
2023-03-05 20:00	21.11	21.30	20.85	20.99	2475
2023-03-06 00:00	20.97	21.07	20.68	20.92	3621
2023-03-06 04:00	20.89	20.95	20.60	20.80	3539
2023-03-06 08:00	20.76	20.80	20.63	20.70	2042
2023-03-06 12:00	20.68	21.09	20.57	21.04	1699
2023-03-06 16:00	21.10	21.17	20.75	20.75	2277
2023-03-06 20:00	20.76	20.77	20.48	20.63	2714
2023-03-07 00:00	20.63	20.97	20.45	20.78	4010
2023-03-07 04:00	20.80	20.86	20.69	20.69	1673
2023-03-07 08:00	20.71	20.73	20.28	20.33	2772
2023-03-07 12:00	20.34	20.63	19.93	20.43	14789
2023-03-07 16:00	20.42	20.50	19.98	20.01	5797
2023-03-07 20:00	20.02	20.27	19.73	20.24	3285
2023-03-08 00:00	20.24	20.38	19.80	19.98	3260
2023-03-08 04:00	20.00	20.05	19.14	19.19	5132
2023-03-08 08:00	19.23	19.52	19.19	19.33	1259
2023-03-08 12:00	19.33	19.33	18.64	19.25	9275
2023-03-08 16:00	19.28	19.40	18.48	18.68	5976
2023-03-08 20:00	18.67	18.95	18.13	18.39	4848
2023-03-09 00:00	18.49	18.67	18.37	18.60	2313
2023-03-09 04:00	18.59	18.77	18.49	18.50	1524
2023-03-09 08:00	18.47	18.61	18.25	18.53	2790
2023-03-09 12:00	18.50	18.66	18.16	18.36	7160
2023-03-09 16:00	18.35	18.38	17.52	17.69	9680
2023-03-09 20:00	17.61	17.69	16.73	17.31	14188
2023-03-10 00:00	17.32	17.35	16.80	17.14	6442
2023-03-10 04:00	17.15	17.19	16.62	16.98	4614
2023-03-10 08:00	16.99	17.00	16.02	16.71	7064
2023-03-10 12:00	16.77	17.99	16.61	17.66	20017
2023-03-10 16:00	17.63	17.95	17.43	17.79	5536
2023-03-10 20:00	17.76	18.34	17.46	18.20	5293
2023-03-11 00:00	18.17	18.92	18.05	18.23	12510
2023-03-11 04:00	18.17	18.27	16.98	17.07	22859
2023-03-11 08:00	17.05	17.74	16.95	17.34	5905
2023-03-11 12:00	17.39	17.53	17.09	17.14	2702
2023-03-11 16:00	17.19	17.94	17.02	17.94	6362
2023-03-11 20:00	17.95	18.19	17.85	18.09	2602
2023-03-12 00:00	18.09	18.13	17.79	17.94	1939
2023-03-12 04:00	17.96	18.08	17.71	17.84	1925
2023-03-12 08:00	17.80	18.26	17.80	18.13	3926
2023-03-12 12:00	18.11	18.12	17.77	17.84	1941
2023-03-12 16:00	17.81	18.82	17.80	18.37	16739
2023-03-12 20:00	18.39	20.47	18.36	20.12	33637
2023-03-13 00:00	20.17	20.55	19.47	19.51	16804
2023-03-13 04:00	19.58	19.82	19.51	19.75	4405
2023-03-13 08:00	19.78	19.78	18.94	19.24	6622
2023-03-13 12:00	19.24	21.39	18.88	20.69	51352
2023-03-13 16:00	20.71	20.98	20.33	20.49	9265
2023-03-13 20:00	20.53	20.58	20.17	20.39	6018
2023-03-14 00:00	20.40	20.50	20.16	20.40	3208
2023-03-14 04:00	20.40	20.66	19.95	20.06	3993
2023-03-14 08:00	20.02	20.21	19.75	20.14	5067
2023-03-14 12:00	20.12	22.09	20.05	21.91	49820
2023-03-14 16:00	21.90	22.00	20.39	20.96	27926
2023-03-14 20:00	20.94	21.04	20.25	20.86	11401
2023-03-15 00:00	20.91	21.22	20.59	21.07	7262
2023-03-15 04:00	21.09	21.45	20.99	21.24	4015
2023-03-15 08:00	21.23	21.23	20.19	20.59	7137
2023-03-15 12:00	20.54	20.97	19.11	19.26	21115
2023-03-15 16:00	19.26	19.42	18.73	19.09	14312
2023-03-15 20:00	19.03	19.47	19.02	19.25	3048
2023-03-16 00:00	19.22	19.47	18.89	19.32	6010
2023-03-16 04:00	19.28	19.62	19.06	19.48	6153
2023-03-16 08:00	19.47	19.80	19.27	19.70	6341
2023-03-16 12:00	19.63	19.70	19.03	19.61	9433
2023-03-16 16:00	19.57	19.90	19.29	19.77	3704
2023-03-16 20:00	19.73	19.77	19.28	19.69	1151
2023-03-17 00:00	19.63	20.25	19.42	19.98	5841
2023-03-17 04:00	20.00	20.25	19.89	19.97	2776
2023-03-17 08:00	20.05	20.74	19.95	20.69	2124
2023-03-17 12:00	20.69	20.69	19.83	19.98	6281
2023-03-17 16:00	20.03	20.61	19.92	20.52	4999
2023-03-17 20:00	20.54	21.66	20.35	21.61	8849
2023-03-18 00:00	21.55	22.84	21.10	22.68	21990
2023-03-18 04:00	22.70	22.84	22.06	22.15	5342
2023-03-18 08:00	22.15	22.50	21.76	22.50	4471
2023-03-18 12:00	22.47	22.50	21.46	21.83	6340
2023-03-18 16:00	21.80	22.34	21.25	21.92	7371
2023-03-18 20:00	21.93	22.15	21.07	21.21	3554
2023-03-19 00:00	21.24	21.83	21.21	21.83	3520
2023-03-19 04:00	21.84	21.91	21.31	21.50	1021
2023-03-19 08:00	21.57	21.75	21.24	21.68	1247
2023-03-19 12:00	21.71	22.12	21.49	22.05	2352
2023-03-19 16:00	22.03	22.41	22.01	22.19	6109
2023-03-19 20:00	22.26	22.27	21.72	21.84	3186
2023-03-20 00:00	21.87	22.96	21.61	21.68	16564
2023-03-20 04:00	21.68	23.13	21.38	23.06	12025
2023-03-20 08:00	23.13	23.58	22.91	23.33	11106
2023-03-20 12:00	23.31	23.95	22.93	23.14	15691
2023-03-20 16:00	23.20	23.42	21.85	22.15	18132
2023-03-20 20:00	22.19	22.76	22.03	22.14	3539
2023-03-21 00:00	22.14	22.73	22.02	22.42	4494
2023-03-21 04:00	22.42	22.62	21.73	21.95	3059
2023-03-21 08:00	21.92	22.49	21.53	22.45	4262
2023-03-21 12:00	22.40	23.31	22.39	22.95	8194
2023-03-21 16:00	22.92	23.19	22.14	22.48	9013
2023-03-21 20:00	22.55	22.66	22.24	22.55	1494
2023-03-22 00:00	22.49	22.55	22.04	22.30	1303
2023-03-22 04:00	22.30	22.56	22.23	22.33	2448
2023-03-22 08:00	22.30	22.68	22.11	22.48	3478
2023-03-22 12:00	22.52	23.08	22.34	22.63	7839
2023-03-22 16:00	22.64	22.95	20.85	21.19	31392
2023-03-22 20:00	21.08	21.84	20.97	21.43	7149
2023-03-23 00:00	21.42	21.58	21.09	21.26	4239
2023-03-23 04:00	21.25	21.72	21.20	21.72	2685
2023-03-23 08:00	21.73	21.79	21.58	21.74	2800
2023-03-23 12:00	21.75	22.67	21.39	22.40	18380
2023-03-23 16:00	22.40	22.73	21.71	22.08	13278
2023-03-23 20:00	22.07	22.24	21.90	22.19	4352
2023-03-24 00:00	22.19	22.26	22.03	22.10	2168
2023-03-24 04:00	22.09	22.10	21.88	21.98	2208
2023-03-24 08:00	21.98	21.98	21.45	21.61	4456
2023-03-24 12:00	21.56	21.75	20.98	21.21	16830
2023-03-24 16:00	21.24	21.31	20.27	20.77	14773
2023-03-24 20:00	20.74	20.79	20.34	20.64	6474
2023-03-25 00:00	20.66	20.91	20.61	20.73	1874
2023-03-25 04:00	20.75	20.79	20.52	20.65	748
2023-03-25 08:00	20.62	20.69	20.42	20.64	522
2023-03-25 12:00	20.71	20.97	20.57	20.89	1693
2023-03-25 16:00	20.89	20.90	20.09	20.13	3448
2023-03-25 20:00	20.17	20.44	20.12	20.42	1598
2023-03-26 00:00	20.40	20.75	20.29	20.66	907
2023-03-26 04:00	20.68	20.86	20.62	20.77	792
2023-03-26 08:00	20.73	20.95	20.71	20.85	1181
2023-03-26 12:00	20.87	21.13	20.75	20.82	1982
2023-03-26 16:00	20.81	20.99	20.66	20.94	1426
2023-03-26 20:00	20.95	21.08	20.76	20.98	828
2023-03-27 00:00	20.93	20.98	20.58	20.72	1807
2023-03-27 04:00	20.68	20.75	20.38	20.42	1720
2023-03-27 08:00	20.42	20.65	20.35	20.56	694
2023-03-27 12:00	20.59	20.70	19.35	19.78	8254
2023-03-27 16:00	19.75	19.95	19.62	19.66	1915
2023-03-27 20:00	19.66	19.93	19.60	19.93	984
2023-03-28 00:00	19.88	19.99	19.65	19.72	908
2023-03-28 04:00	19.75	20.06	19.72	19.87	756
2023-03-28 08:00	19.90	20.17	19.63	20.11	1262
2023-03-28 12:00	20.14	20.39	19.83	20.21	1436
2023-03-28 16:00	20.22	20.86	20.05	20.66	6057
2023-03-28 20:00	20.74	20.74	20.24	20.50	3362
2023-03-29 00:00	20.52	20.86	20.50	20.65	2369
2023-03-29 04:00	20.66	21.27	20.64	21.21	3410
2023-03-29 08:00	21.23	21.54	21.12	21.16	3697
2023-03-29 12:00	21.20	21.35	20.96	21.26	4043
2023-03-29 16:00	21.23	21.26	20.96	21.20	3441
2023-03-29 20:00	21.14	21.31	20.93	21.11	1401
2023-03-30 00:00	21.12	21.66	20.59	21.05	19714
2023-03-30 04:00	21.02	21.23	20.86	21.03	2724
2023-03-30 08:00	21.03	21.03	20.53	20.70	7244
2023-03-30 12:00	20.68	20.69	20.43	20.51	20069
2023-03-30 16:00	20.48	20.51	20.17	20.49	6546
2023-03-30 20:00	20.46	20.72	20.40	20.56	2039
2023-03-31 00:00	20.54	20.74	20.45	20.51	1406
2023-03-31 04:00	20.50	20.61	20.04	20.29	1893
2023-03-31 08:00	20.29	20.41	20.23	20.32	1282
2023-03-31 12:00	20.32	20.99	20.23	20.85	4330
2023-03-31 16:00	20.85	21.00	20.70	20.98	1927
2023-03-31 20:00	20.98	21.47	20.84	21.13	4496
2023-04-01 00:00	21.17	21.33	20.93	21.06	1512
2023-04-01 04:00	21.03	21.26	20.85	21.03	1622
2023-04-01 08:00	21.01	21.10	20.96	20.96	427
2023-04-01 12:00	21.05	21.08	20.88	20.95	998
2023-04-01 16:00	21.00	21.02	20.76	20.92	1084
2023-04-01 20:00	20.98	21.21	20.92	21.09	656
2023-04-02 00:00	21.08	21.14	20.90	21.03	456
2023-04-02 04:00	21.04	21.29	20.94	21.20	1276
2023-04-02 08:00	21.18	21.20	20.99	21.00	503
2023-04-02 12:00	20.98	21.01	20.46	20.62	6608
2023-04-02 16:00	20.54	20.66	20.25	20.34	2508
2023-04-02 20:00	20.38	20.56	20.29	20.53	528
2023-04-03 00:00	20.46	20.54	19.99	20.04	3521
2023-04-03 04:00	20.04	20.27	20.03	20.27	1525
2023-04-03 08:00	20.25	20.56	20.25	20.40	2415
2023-04-03 12:00	20.39	20.61	20.07	20.32	1994
2023-04-03 16:00	20.29	20.94	20.18	20.90	6352
2023-04-03 20:00	20.95	20.98	20.07	20.45	5547
2023-04-04 00:00	20.45	20.55	20.32	20.43	834
2023-04-04 04:00	20.44	20.64	20.34	20.52	561
2023-04-04 08:00	20.50	20.98	20.47	20.95	2011
2023-04-04 12:00	20.98	21.25	20.70	20.89	3117
2023-04-04 16:00	20.87	20.99	20.76	20.93	2491
2023-04-04 20:00	20.94	21.07	20.83	20.93	1040
2023-04-05 00:00	20.92	21.33	20.89	21.13	2336
2023-04-05 04:00	21.15	21.29	21.11	21.15	292
2023-04-05 08:00	21.19	21.27	21.09	21.17	1068
2023-04-05 12:00	21.19	21.20	20.59	20.86	5702
2023-04-05 16:00	20.81	20.96	20.65	20.89	1488
2023-04-05 20:00	20.92	21.03	20.82	20.96	580
2023-04-06 00:00	20.97	20.97	20.54	20.81	2228
2023-04-06 04:00	20.80	20.82	20.63	20.63	577
2023-04-06 08:00	20.63	20.71	20.46	20.67	1296
2023-04-06 12:00	20.69	20.81	20.48	20.81	452
2023-04-06 16:00	20.77	20.85	20.62	20.76	396
2023-04-06 20:00	20.72	20.78	20.55	20.59	706
2023-04-07 00:00	20.59	20.76	20.42	20.56	773
2023-04-07 04:00	20.56	20.57	20.24	20.28	2554
2023-04-07 08:00	20.28	20.44	20.24	20.29	257
2023-04-07 12:00	20.33	20.61	20.30	20.51	539
2023-04-07 16:00	20.51	20.53	20.43	20.47	259
2023-04-07 20:00	20.45	20.53	20.37	20.45	1167
2023-04-08 00:00	20.44	20.48	20.28	20.47	784
2023-04-08 04:00	20.50	20.72	20.44	20.68	312
2023-04-08 08:00	20.64	20.68	20.54	20.57	330
2023-04-08 12:00	20.57	20.58	20.35	20.44	235
2023-04-08 16:00	20.45	20.45	20.08	20.21	993
2023-04-08 20:00	20.19	20.25	19.87	20.04	2134
2023-04-09 00:00	20.06	20.23	20.04	20.13	551
2023-04-09 04:00	20.10	20.23	19.89	20.01	406
2023-04-09 08:00	20.00	20.18	20.00	20.18	55
2023-04-09 12:00	20.20	20.29	20.03	20.13	265
2023-04-09 16:00	20.12	20.39	20.09	20.27	610
2023-04-09 20:00	20.27	20.42	20.22	20.28	485
2023-04-10 00:00	20.30	20.31	20.14	20.23	982
2023-04-10 04:00	20.25	20.32	20.19	20.25	335
2023-04-10 08:00	20.22	20.38	20.22	20.34	314
2023-04-10 12:00	20.29	20.34	20.09	20.21	683
2023-04-10 16:00	20.18	20.70	20.15	20.68	1480
2023-04-10 20:00	20.72	20.95	20.55	20.84	1824
2023-04-11 00:00	20.84	21.29	20.82	21.25	4888
2023-04-11 04:00	21.27	22.67	21.22	22.45	13868
2023-04-11 08:00	22.53	22.57	22.21	22.21	1535
2023-04-11 12:00	22.23	23.48	22.14	23.29	10219
2023-04-11 16:00	23.31	23.67	23.07	23.44	11895
2023-04-11 20:00	23.42	23.46	22.85	22.99	4393
2023-04-12 00:00	23.01	23.53	22.31	22.59	10239
2023-04-12 04:00	22.57	24.02	22.55	23.69	11893
2023-04-12 08:00	23.70	23.89	23.29	23.52	2086
2023-04-12 12:00	23.48	24.44	23.29	23.60	17822
2023-04-12 16:00	23.60	24.43	23.55	23.91	14464
2023-04-12 20:00	23.92	24.17	23.64	23.78	4819
2023-04-13 00:00	23.84	24.11	23.64	24.01	2805
2023-04-13 04:00	24.00	24.27	23.89	24.12	4120
2023-04-13 08:00	24.07	24.51	23.91	24.33	3405
2023-04-13 12:00	24.32	25.26	24.28	24.64	16124
2023-04-13 16:00	24.64	24.88	24.40	24.73	3464
2023-04-13 20:00	24.71	24.78	24.32	24.44	1819
2023-04-14 00:00	24.41	25.33	24.23	25.08	21321
2023-04-14 04:00	25.16	25.48	24.85	24.85	14793
2023-04-14 08:00	24.91	25.10	24.82	25.03	1888
2023-04-14 12:00	24.99	25.06	23.82	23.88	7417
2023-04-14 16:00	23.84	24.72	23.76	24.48	3636
2023-04-14 20:00	24.45	24.97	24.44	24.75	3870
2023-04-15 00:00	24.71	24.79	24.15	24.27	3892
2023-04-15 04:00	24.27	24.49	24.01	24.42	1712
2023-04-15 08:00	24.42	24.51	24.24	24.34	1983
2023-04-15 12:00	24.29	24.51	24.17	24.36	1675
2023-04-15 16:00	24.35	24.40	23.86	24.05	2841
2023-04-15 20:00	24.05	24.13	23.82	24.06	3055
2023-04-16 00:00	24.07	24.48	23.83	24.31	3460
2023-04-16 04:00	24.34	24.44	24.20	24.24	984
2023-04-16 08:00	24.32	24.32	24.01	24.03	873
2023-04-16 12:00	24.08	24.35	24.00	24.30	879
2023-04-16 16:00	24.22	24.81	24.21	24.54	4053
2023-04-16 20:00	24.55	25.47	24.36	25.34	8981
2023-04-17 00:00	25.38	26.00	24.81	25.79	24275
2023-04-17 04:00	25.85	25.96	25.09	25.15	5769
2023-04-17 08:00	25.14	25.36	24.64	24.90	9337
2023-04-17 12:00	24.95	25.45	24.33	24.55	16346
2023-04-17 16:00	24.55	24.88	24.35	24.71	8691
2023-04-17 20:00	24.71	24.80	24.49	24.54	1194
2023-04-18 00:00	24.59	24.62	24.01	24.42	9269
2023-04-18 04:00	24.40	25.14	24.35	25.10	3509
2023-04-18 08:00	25.07	25.43	24.88	25.34	3535
2023-04-18 12:00	25.34	25.37	24.86	24.94	4748
2023-04-18 16:00	24.93	24.98	24.45	24.69	3022
2023-04-18 20:00	24.67	24.90	24.64	24.86	1787
2023-04-19 00:00	24.82	24.97	24.55	24.62	2085
2023-04-19 04:00	24.62	24.77	24.27	24.37	3054
2023-04-19 08:00	24.28	24.37	21.75	23.21	29910
2023-04-19 12:00	23.16	23.63	22.94	23.32	9592
2023-04-19 16:00	23.34	23.48	22.87	22.99	7264
2023-04-19 20:00	23.03	23.14	22.16	22.67	7057
2023-04-20 00:00	22.60	23.08	22.38	22.82	3775
2023-04-20 04:00	22.84	23.06	22.60	22.62	3526
2023-04-20 08:00	22.63	22.85	22.25	22.35	4100
2023-04-20 12:00	22.33	23.16	22.08	22.12	12936
2023-04-20 16:00	22.13	22.43	21.60	21.77	16214
2023-04-20 20:00	21.75	22.30	21.71	22.19	3024
2023-04-21 00:00	22.18	22.40	22.00	22.32	2422
2023-04-21 04:00	22.31	22.34	21.82	22.25	4329
2023-04-21 08:00	22.28	22.38	21.94	22.03	2522
2023-04-21 12:00	21.96	22.28	21.82	21.88	4738
2023-04-21 16:00	21.85	21.92	20.95	21.28	17508
2023-04-21 20:00	21.21	21.42	21.01	21.27	9223
2023-04-22 00:00	21.26	21.39	21.07	21.37	1212
2023-04-22 04:00	21.37	21.49	21.23	21.26	564
2023-04-22 08:00	21.27	21.39	21.21	21.36	695
2023-04-22 12:00	21.36	21.73	21.36	21.73	1749
2023-04-22 16:00	21.71	21.94	21.62	21.77	1820
2023-04-22 20:00	21.76	21.99	21.69	21.80	1383
2023-04-23 00:00	21.75	21.80	21.47	21.71	1278
2023-04-23 04:00	21.70	22.12	21.70	22.12	2006
2023-04-23 08:00	22.10	22.19	21.94	22.14	985
2023-04-23 12:00	22.15	22.24	21.49	21.66	1334
2023-04-23 16:00	21.64	21.67	21.01	21.19	4493
2023-04-23 20:00	21.17	21.54	21.11	21.51	1023
2023-04-24 00:00	21.46	21.99	21.27	21.71	1847
2023-04-24 04:00	21.72	21.78	21.20	21.25	1272
2023-04-24 08:00	21.30	21.73	21.14	21.73	971
2023-04-24 12:00	21.74	21.99	21.30	21.34	1899
2023-04-24 16:00	21.36	21.53	21.03	21.32	3473
2023-04-24 20:00	21.29	21.46	21.27	21.39	314
2023-04-25 00:00	21.40	21.44	20.84	20.84	4759
2023-04-25 04:00	20.88	21.14	20.84	20.90	497
2023-04-25 08:00	20.86	21.06	20.75	21.01	1076
2023-04-25 12:00	20.95	21.15	20.78	20.81	1187
2023-04-25 16:00	20.89	21.29	20.78	21.19	515
2023-04-25 20:00	21.22	21.95	21.19	21.94	1949
2023-04-26 00:00	21.95	22.06	21.75	21.81	834
2023-04-26 04:00	21.84	22.16	21.82	21.90	1803
2023-04-26 08:00	21.96	22.64	21.90	22.52	1787
2023-04-26 12:00	22.49	22.95	22.47	22.71	5244
2023-04-26 16:00	22.68	22.86	20.81	21.13	10062
2023-04-26 20:00	21.05	21.51	20.38	21.24	10757
2023-04-27 00:00	21.24	22.07	21.21	21.68	6784
2023-04-27 04:00	21.62	22.00	21.53	21.69	1092
2023-04-27 08:00	21.66	21.74	21.54	21.58	604
2023-04-27 12:00	21.64	22.45	21.34	22.24	3294
2023-04-27 16:00	22.24	22.50	22.02	22.40	2667
2023-04-27 20:00	22.33	22.49	22.14	22.35	1549
2023-04-28 00:00	22.36	22.66	22.19	22.28	1285
2023-04-28 04:00	22.32	22.63	22.28	22.60	852
2023-04-28 08:00	22.62	22.85	22.35	22.52	2650
2023-04-28 12:00	22.44	22.73	22.19	22.38	2296
2023-04-28 16:00	22.39	23.46	22.39	23.34	7864
2023-04-28 20:00	23.32	23.49	23.14	23.36	2580
2023-04-29 00:00	23.38	23.44	23.22	23.32	1050
2023-04-29 04:00	23.36	23.36	23.15	23.18	518
2023-04-29 08:00	23.28	23.34	23.18	23.30	210
2023-04-29 12:00	23.28	23.88	23.28	23.35	11395
2023-04-29 16:00	23.36	23.39	23.02	23.32	6762
2023-04-29 20:00	23.28	23.32	22.94	23.20	3584
2023-04-30 00:00	23.17	23.20	22.99	23.12	596
2023-04-30 04:00	23.19	23.48	23.09	23.43	739
2023-04-30 08:00	23.46	23.72	23.43	23.49	854
2023-04-30 12:00	23.48	23.98	23.34	23.73	2690
2023-04-30 16:00	23.69	23.86	23.05	23.20	4262
2023-04-30 20:00	23.13	23.21	22.70	22.72	4035
2023-05-01 00:00	22.74	22.88	21.92	22.18	5208
2023-05-01 04:00	22.18	22.36	22.04	22.29	1998
2023-05-01 08:00	22.28	22.35	22.16	22.24	225
2023-05-01 12:00	22.14	22.30	21.76	21.90	2965
2023-05-01 16:00	21.85	21.99	21.54	21.76	3223
2023-05-01 20:00	21.76	22.06	21.60	21.97	2127
2023-05-02 00:00	21.90	21.97	21.75	21.83	658
2023-05-02 04:00	21.83	22.02	21.75	21.90	414
2023-05-02 08:00	21.92	22.00	21.80	21.97	1368
2023-05-02 12:00	21.98	22.30	21.79	22.22	1590
2023-05-02 16:00	22.20	22.36	22.12	22.32	1069
2023-05-02 20:00	22.31	22.34	22.16	22.24	1785
2023-05-03 00:00	22.28	22.28	21.75	21.86	960
2023-05-03 04:00	21.84	22.01	21.65	21.75	2010
2023-05-03 08:00	21.73	21.84	21.36	21.40	3755
2023-05-03 12:00	21.39	21.51	21.25	21.37	3376
2023-05-03 16:00	21.33	21.70	21.33	21.44	6108
2023-05-03 20:00	21.55	22.28	21.44	22.25	6757
2023-05-04 00:00	22.27	22.46	22.14	22.21	2550
2023-05-04 04:00	22.24	22.34	22.12	22.12	550
2023-05-04 08:00	22.14	22.43	22.12	22.19	310
2023-05-04 12:00	22.26	22.31	21.77	21.82	4428
2023-05-04 16:00	21.78	21.91	21.63	21.74	2408
2023-05-04 20:00	21.72	21.77	21.63	21.71	872
2023-05-05 00:00	21.74	22.11	21.68	21.89	2610
2023-05-05 04:00	21.89	22.02	21.68	21.77	1675
2023-05-05 08:00	21.79	22.03	21.77	22.01	1294
2023-05-05 12:00	22.03	22.49	21.62	22.31	6518
2023-05-05 16:00	22.34	22.94	22.31	22.87	8060
2023-05-05 20:00	22.89	23.06	22.77	22.77	1746
2023-05-06 00:00	22.83	23.23	22.66	22.72	3350
2023-05-06 04:00	22.72	22.79	22.55	22.61	1262
2023-05-06 08:00	22.57	22.66	22.45	22.61	974
2023-05-06 12:00	22.60	22.68	21.58	21.74	9376
2023-05-06 16:00	21.76	22.16	21.74	21.99	1839
2023-05-06 20:00	21.96	22.03	21.85	21.92	940
2023-05-07 00:00	21.91	22.03	21.75	21.78	8530
2023-05-07 04:00	21.90	22.07	21.78	22.07	696
2023-05-07 08:00	22.08	22.24	21.95	22.12	567
2023-05-07 12:00	22.12	22.54	22.12	22.47	1500
2023-05-07 16:00	22.55	22.76	22.38	22.50	2687
2023-05-07 20:00	22.46	22.56	21.64	21.66	5214
2023-05-08 00:00	21.64	21.80	20.72	21.30	11896
2023-05-08 04:00	21.31	21.43	20.94	21.22	1626
2023-05-08 08:00	21.21	21.31	21.05	21.23	1790
2023-05-08 12:00	21.27	21.38	21.09	21.14	2973
2023-05-08 16:00	21.17	21.18	20.14	20.39	13386
2023-05-08 20:00	20.36	20.73	20.34	20.64	9087
2023-05-09 00:00	20.60	20.79	20.52	20.67	2063
2023-05-09 04:00	20.63	20.70	20.43	20.67	575
2023-05-09 08:00	20.67	20.81	20.52	20.81	664
2023-05-09 12:00	20.82	21.01	20.53	20.56	1120
2023-05-09 16:00	20.57	20.83	20.43	20.60	1052
2023-05-09 20:00	20.63	20.69	20.43	20.69	580
2023-05-10 00:00	20.63	20.88	20.62	20.71	676
2023-05-10 04:00	20.72	20.78	20.55	20.60	884
2023-05-10 08:00	20.54	20.74	20.50	20.74	329
2023-05-10 12:00	20.73	21.30	20.67	21.06	3096
2023-05-10 16:00	21.09	21.17	19.98	20.98	8744
2023-05-10 20:00	20.98	21.27	20.87	20.91	2480
2023-05-11 00:00	20.91	20.91	20.54	20.55	465
2023-05-11 04:00	20.62	20.69	20.55	20.59	156
2023-05-11 08:00	20.54	20.62	20.34	20.50	722
2023-05-11 12:00	20.50	20.73	19.94	20.16	6085
2023-05-11 16:00	20.11	20.19	19.76	19.94	5105
2023-05-11 20:00	19.99	20.30	19.94	20.25	546
2023-05-12 00:00	20.16	20.26	19.88	20.02	815
2023-05-12 04:00	19.96	20.20	19.85	20.08	1348
2023-05-12 08:00	20.15	20.34	20.08	20.34	319
2023-05-12 12:00	20.30	20.70	20.28	20.29	1500
2023-05-12 16:00	20.27	20.51	19.96	20.48	1613
2023-05-12 20:00	20.52	20.94	20.45	20.91	1210
2023-05-13 00:00	20.95	21.17	20.80	21.17	783
2023-05-13 04:00	21.18	21.23	21.00	21.22	771
2023-05-13 08:00	21.24	21.28	21.05	21.05	398
2023-05-13 12:00	21.06	21.13	20.78	20.84	869
2023-05-13 16:00	20.87	21.10	20.81	20.94	445
2023-05-13 20:00	20.96	21.00	20.84	20.84	693
2023-05-14 00:00	20.83	20.98	20.63	20.94	1989
2023-05-14 04:00	20.95	21.18	20.93	21.14	547
2023-05-14 08:00	21.05	21.14	20.97	20.97	108
2023-05-14 12:00	20.99	21.24	20.85	21.16	643
2023-05-14 16:00	21.12	21.16	20.86	20.94	283
2023-05-14 20:00	20.90	20.98	20.85	20.92	66
2023-05-15 00:00	20.90	21.29	20.61	21.25	1473
2023-05-15 04:00	21.18	21.49	21.12	21.39	2006
2023-05-15 08:00	21.40	21.51	21.28	21.29	430
2023-05-15 12:00	21.30	21.45	21.23	21.44	702
2023-05-15 16:00	21.43	21.47	21.14	21.14	1858
2023-05-15 20:00	21.13	21.14	20.95	21.01	1925
2023-05-16 00:00	20.99	21.10	20.70	20.88	2281
2023-05-16 04:00	20.86	21.05	20.78	21.03	426
2023-05-16 08:00	21.05	21.09	20.83	20.89	256
2023-05-16 12:00	20.86	20.89	20.67	20.76	798
2023-05-16 16:00	20.78	20.81	20.49	20.49	4924
2023-05-16 20:00	20.48	20.73	20.45	20.64	1511
2023-05-17 00:00	20.65	21.07	20.60	20.98	705
2023-05-17 04:00	20.98	20.99	20.55	20.56	1216
2023-05-17 08:00	20.54	20.69	20.49	20.54	254
2023-05-17 12:00	20.51	20.72	20.46	20.55	557
2023-05-17 16:00	20.56	21.14	20.55	21.04	1714
2023-05-17 20:00	21.06	21.19	20.94	21.05	2049
2023-05-18 00:00	21.08	21.09	20.88	21.00	698
2023-05-18 04:00	21.03	21.03	20.75	20.95	904
2023-05-18 08:00	20.91	20.95	20.76	20.81	1876
2023-05-18 12:00	20.75	20.81	20.50	20.52	638
2023-05-18 16:00	20.54	20.60	20.13	20.35	1236
2023-05-18 20:00	20.30	20.51	20.30	20.34	828
2023-05-19 00:00	20.33	20.39	20.30	20.35	268
2023-05-19 04:00	20.32	20.47	20.32	20.42	326
2023-05-19 08:00	20.47	20.51	20.41	20.44	197
2023-05-19 12:00	20.52	20.58	20.23	20.43	541
2023-05-19 16:00	20.43	20.50	20.33	20.37	1140
2023-05-19 20:00	20.34	20.38	20.33	20.34	2211
2023-05-20 00:00	20.31	20.34	20.17	20.26	594
2023-05-20 04:00	20.26	20.26	20.11	20.15	546
2023-05-20 08:00	20.19	20.21	20.15	20.19	3592
2023-05-20 12:00	20.22	20.31	20.19	20.29	2764
2023-05-20 16:00	20.27	20.34	20.20	20.26	3262
2023-05-20 20:00	20.29	20.30	20.20	20.29	372
2023-05-21 00:00	20.27	20.38	20.22	20.25	720
2023-05-21 04:00	20.29	20.29	20.21	20.26	269
2023-05-21 08:00	20.28	20.33	20.09	20.15	307
2023-05-21 12:00	20.15	20.17	19.84	19.93	1849
2023-05-21 16:00	19.96	19.99	19.85	19.97	456
2023-05-21 20:00	19.98	20.04	19.36	19.62	2050
2023-05-22 00:00	19.60	19.69	19.30	19.57	836
2023-05-22 04:00	19.55	19.78	19.55	19.73	299
2023-05-22 08:00	19.71	19.90	19.71	19.88	913
2023-05-22 12:00	19.86	20.02	19.58	19.67	4949
2023-05-22 16:00	19.67	19.74	19.58	19.74	394
2023-05-22 20:00	19.64	19.74	19.51	19.51	712
2023-05-23 00:00	19.51	20.17	19.43	20.06	2050
2023-05-23 04:00	20.08	20.09	19.77	19.83	453
2023-05-23 08:00	19.84	19.92	19.75	19.91	496
2023-05-23 12:00	19.93	20.06	19.82	20.00	703
2023-05-23 16:00	20.01	20.14	19.89	19.96	751
2023-05-23 20:00	20.02	20.10	19.96	20.01	976
2023-05-24 00:00	20.03	20.04	19.43	19.43	963
2023-05-24 04:00	19.48	19.59	19.39	19.46	712
2023-05-24 08:00	19.53	19.54	19.34	19.39	501
2023-05-24 12:00	19.47	19.48	18.72	19.15	5673
2023-05-24 16:00	19.18	19.29	19.05	19.15	903
2023-05-24 20:00	19.21	19.36	19.16	19.22	329
2023-05-25 00:00	19.24	19.39	18.78	19.39	1927
2023-05-25 04:00	19.36	19.45	19.29	19.29	809
2023-05-25 08:00	19.29	19.42	19.25	19.37	95
2023-05-25 12:00	19.41	19.56	19.18	19.24	815
2023-05-25 16:00	19.22	19.41	19.22	19.29	295
2023-05-25 20:00	19.32	19.32	19.20	19.27	220
2023-05-26 00:00	19.22	19.36	19.18	19.28	227
2023-05-26 04:00	19.30	19.32	19.10	19.29	402
2023-05-26 08:00	19.28	19.34	19.26	19.29	94
2023-05-26 12:00	19.32	19.54	19.20	19.49	426
2023-05-26 16:00	19.41	19.49	19.30	19.48	590
2023-05-26 20:00	19.49	19.50	19.35	19.37	185
2023-05-27 00:00	19.38	19.47	19.34	19.47	102
2023-05-27 04:00	19.47	19.64	19.47	19.54	310
2023-05-27 08:00	19.49	19.54	19.44	19.52	398
2023-05-27 12:00	19.51	19.61	19.44	19.58	299
2023-05-27 16:00	19.61	19.67	19.53	19.66	469
2023-05-27 20:00	19.66	20.52	19.66	20.41	4383
2023-05-28 00:00	20.39	20.76	20.30	20.53	13707
2023-05-28 04:00	20.54	20.55	20.42	20.49	435
2023-05-28 08:00	20.49	20.67	20.43	20.56	603
2023-05-28 12:00	20.56	20.64	20.42	20.48	310
2023-05-28 16:00	20.49	20.97	20.48	20.74	1977
2023-05-28 20:00	20.81	21.18	20.74	20.80	3327
2023-05-29 00:00	20.83	20.98	20.67	20.68	1617
2023-05-29 04:00	20.73	20.78	20.56	20.67	520
2023-05-29 08:00	20.74	20.76	20.62	20.75	183
2023-05-29 12:00	20.72	20.77	20.42	20.44	562
2023-05-29 16:00	20.48	20.60	20.28	20.50	1553
2023-05-29 20:00	20.50	20.68	20.45	20.64	1175
2023-05-30 00:00	20.59	21.16	20.50	20.87	4833
2023-05-30 04:00	20.90	20.92	20.66	20.75	1349
2023-05-30 08:00	20.80	21.36	20.75	21.25	4239
2023-05-30 12:00	21.31	21.38	20.89	20.98	2509
2023-05-30 16:00	20.94	21.39	20.82	21.36	1822
2023-05-30 20:00	21.36	21.36	21.15	21.27	1335
2023-05-31 00:00	21.20	21.32	20.96	21.12	1495
2023-05-31 04:00	21.14	21.14	20.50	20.75	3078
2023-05-31 08:00	20.71	20.78	20.53	20.61	201
2023-05-31 12:00	20.62	20.69	20.39	20.45	1420
2023-05-31 16:00	20.44	20.73	20.44	20.68	303
2023-05-31 20:00	20.62	20.84	20.62	20.80	514
2023-06-01 00:00	20.83	20.98	20.43	20.71	1269
2023-06-01 04:00	20.70	20.72	20.57	20.67	761
2023-06-01 08:00	20.65	20.72	20.61	20.72	353
2023-06-01 12:00	20.73	20.90	20.61	20.66	680
2023-06-01 16:00	20.69	20.84	20.54	20.70	369
2023-06-01 20:00	20.70	20.70	20.42	20.52	487
2023-06-02 00:00	20.51	20.78	20.32	20.76	2467
2023-06-02 04:00	20.78	21.13	20.72	21.00	1260
2023-06-02 08:00	21.01	21.29	21.00	21.22	1290
2023-06-02 12:00	21.23	21.28	20.96	21.17	914
2023-06-02 16:00	21.18	21.36	21.10	21.32	515
2023-06-02 20:00	21.29	21.34	21.19	21.25	444
2023-06-03 00:00	21.24	21.30	21.08	21.14	280
2023-06-03 04:00	21.13	21.16	21.04	21.15	222
2023-06-03 08:00	21.14	21.22	21.10	21.22	170
2023-06-03 12:00	21.20	21.24	21.11	21.24	152
2023-06-03 16:00	21.26	21.33	21.05	21.08	305
2023-06-03 20:00	21.05	21.19	20.98	21.19	288
2023-06-04 00:00	21.19	21.29	21.04	21.29	260
2023-06-04 04:00	21.22	21.81	21.22	21.60	2315
2023-06-04 08:00	21.56	21.71	21.48	21.67	192
2023-06-04 12:00	21.73	22.14	21.67	22.05	2414
2023-06-04 16:00	22.03	22.30	21.90	22.22	2202
2023-06-04 20:00	22.26	22.30	21.79	21.79	2465
2023-06-05 00:00	21.83	22.04	21.52	21.58	2715
2023-06-05 04:00	21.54	21.69	21.41	21.65	1057
2023-06-05 08:00	21.66	21.69	21.54	21.65	120
2023-06-05 12:00	21.57	21.65	19.87	19.95	5943
2023-06-05 16:00	19.95	20.51	19.22	20.04	19801
2023-06-05 20:00	20.04	20.12	19.69	20.07	1621
2023-06-06 00:00	19.98	20.07	19.71	19.97	686
2023-06-06 04:00	19.97	20.11	19.93	20.10	363
2023-06-06 08:00	20.08	20.10	19.83	19.83	1229
2023-06-06 12:00	19.88	20.05	19.24	19.89	6406
2023-06-06 16:00	19.99	20.65	19.89	20.62	3227
2023-06-06 20:00	20.64	20.69	20.19	20.39	8482
2023-06-07 00:00	20.39	20.51	20.02	20.17	4338
2023-06-07 04:00	20.19	20.23	19.99	20.00	2194
2023-06-07 08:00	20.01	20.06	19.61	19.93	2028
2023-06-07 12:00	19.93	20.06	19.27	19.29	14007
2023-06-07 16:00	19.27	19.27	18.57	18.87	15002
2023-06-07 20:00	18.93	18.95	18.31	18.47	7431
2023-06-08 00:00	18.49	18.77	17.74	18.36	13506
2023-06-08 04:00	18.40	18.72	18.36	18.72	863
2023-06-08 08:00	18.64	18.80	18.54	18.80	229
2023-06-08 12:00	18.75	19.07	18.75	18.90	4167
2023-06-08 16:00	18.85	18.90	18.50	18.81	3180
2023-06-08 20:00	18.85	19.09	18.79	18.86	939
2023-06-09 00:00	18.87	18.90	18.37	18.55	4976
2023-06-09 04:00	18.54	18.66	18.39	18.44	4360
2023-06-09 08:00	18.43	19.31	18.42	19.27	3065
2023-06-09 12:00	19.26	19.28	18.37	18.39	3222
2023-06-09 16:00	18.52	18.67	16.33	17.30	4816
2023-06-09 20:00	17.13	17.62	14.24	17.26	7099
2023-06-10 00:00	17.35	17.36	15.97	16.25	5965
2023-06-10 04:00	16.28	16.40	12.02	14.47	16623
2023-06-10 08:00	14.28	14.91	14.24	14.84	4204
2023-06-10 12:00	14.86	14.88	14.46	14.74	2970
2023-06-10 16:00	14.77	15.92	14.60	15.30	4136
2023-06-10 20:00	15.32	15.84	15.25	15.63	1445
2023-06-11 00:00	15.63	15.76	15.44	15.55	2508
2023-06-11 04:00	15.56	15.71	15.36	15.44	821
2023-06-11 08:00	15.46	15.69	15.33	15.53	545
2023-06-11 12:00	15.53	15.64	15.14	15.19	1151
2023-06-11 16:00	15.20	16.09	15.18	16.04	2138
2023-06-11 20:00	15.99	16.16	15.36	15.48	2731
2023-06-12 00:00	15.44	15.50	14.78	14.96	8055
2023-06-12 04:00	15.00	15.26	15.00	15.07	2682
2023-06-12 08:00	15.07	15.65	15.06	15.40	1935
2023-06-12 12:00	15.39	15.42	15.16	15.19	1574
2023-06-12 16:00	15.20	15.30	14.77	14.92	6648
2023-06-12 20:00	14.94	15.36	14.92	15.15	4390
2023-06-13 00:00	15.15	15.49	15.01	15.36	2839
2023-06-13 04:00	15.36	15.49	15.15	15.49	1905
2023-06-13 08:00	15.43	15.65	15.39	15.62	1539
2023-06-13 12:00	15.67	15.85	14.75	14.84	5841
2023-06-13 16:00	14.79	15.13	14.79	14.95	1787
2023-06-13 20:00	15.00	15.12	14.91	14.99	2901
2023-06-14 00:00	14.99	15.26	14.95	15.26	891
2023-06-14 04:00	15.28	15.28	15.01	15.06	521
2023-06-14 08:00	15.08	15.21	15.06	15.21	342
2023-06-14 12:00	15.22	15.26	15.01	15.04	1056
2023-06-14 16:00	15.12	15.33	14.95	15.12	830
2023-06-14 20:00	15.08	15.12	14.15	14.46	6431
2023-06-15 00:00	14.42	15.01	14.38	14.94	3397
2023-06-15 04:00	14.92	14.94	14.67	14.85	2211
2023-06-15 08:00	14.75	14.89	14.45	14.62	3687
2023-06-15 12:00	14.59	14.70	14.02	14.47	13778
2023-06-15 16:00	14.51	14.76	14.19	14.70	9389
2023-06-15 20:00	14.74	15.04	14.57	14.76	7691
2023-06-16 00:00	14.81	14.84	14.62	14.81	1207
2023-06-16 04:00	14.83	14.95	14.76	14.86	568
2023-06-16 08:00	14.85	15.25	14.50	14.56	2125
2023-06-16 12:00	14.54	15.03	14.39	14.99	2980
2023-06-16 16:00	15.01	15.47	14.89	15.28	3838
2023-06-16 20:00	15.30	15.42	15.24	15.31	550
2023-06-17 00:00	15.27	15.42	15.18	15.40	913
2023-06-17 04:00	15.40	16.12	15.37	15.77	2478
2023-06-17 08:00	15.85	15.93	15.73	15.77	681
2023-06-17 12:00	15.82	15.91	15.60	15.64	542
2023-06-17 16:00	15.65	15.78	15.63	15.68	474
2023-06-17 20:00	15.68	15.75	15.55	15.64	4078
2023-06-18 00:00	15.63	15.64	15.45	15.60	1487
2023-06-18 04:00	15.53	15.68	15.50	15.55	753
2023-06-18 08:00	15.60	15.72	15.52	15.72	273
2023-06-18 12:00	15.73	15.77	15.62	15.74	751
2023-06-18 16:00	15.72	15.81	15.69	15.75	1132
2023-06-18 20:00	15.79	15.80	15.18	15.38	5021
2023-06-19 00:00	15.41	15.50	15.34	15.38	609
2023-06-19 04:00	15.44	15.50	15.37	15.43	1076
2023-06-19 08:00	15.48	15.53	15.41	15.53	113
2023-06-19 12:00	15.54	15.65	15.45	15.58	833
2023-06-19 16:00	15.54	15.90	15.48	15.86	4531
2023-06-19 20:00	15.88	16.12	15.81	16.06	1202
2023-06-20 00:00	16.08	16.26	16.03	16.05	1811
2023-06-20 04:00	16.05	16.08	15.93	15.96	2971
2023-06-20 08:00	15.94	15.96	15.82	15.84	199
2023-06-20 12:00	15.92	16.07	15.72	15.93	2091
2023-06-20 16:00	15.91	16.45	15.90	16.33	10244
2023-06-20 20:00	16.36	16.71	16.30	16.64	5499
2023-06-21 00:00	16.64	17.20	16.58	16.77	3777
2023-06-21 04:00	16.76	16.93	16.73	16.83	770
2023-06-21 08:00	16.82	16.86	16.69	16.78	656
2023-06-21 12:00	16.76	17.10	16.61	16.95	4620
2023-06-21 16:00	16.91	17.37	16.86	17.15	11766
2023-06-21 20:00	17.13	17.38	16.98	17.21	4373
2023-06-22 00:00	17.27	17.72	17.18	17.54	5134
2023-06-22 04:00	17.53	17.54	17.19	17.33	3327
2023-06-22 08:00	17.36	17.40	16.94	16.96	6425
2023-06-22 12:00	16.99	17.14	16.65	16.89	13523
2023-06-22 16:00	16.86	17.11	16.81	16.94	5164
2023-06-22 20:00	16.92	16.94	16.58	16.64	4343
2023-06-23 00:00	16.69	16.80	16.53	16.78	2808
2023-06-23 04:00	16.79	16.85	16.70	16.70	709
2023-06-23 08:00	16.79	16.81	16.56	16.57	1034
2023-06-23 12:00	16.61	17.03	16.21	16.94	3555
2023-06-23 16:00	16.96	17.23	16.89	17.10	4526
2023-06-23 20:00	17.10	17.51	16.92	17.11	4087
2023-06-24 00:00	17.07	17.49	17.07	17.36	4592
2023-06-24 04:00	17.35	17.37	17.04	17.06	1747
2023-06-24 08:00	17.08	17.30	17.05	17.20	1396
2023-06-24 12:00	17.22	17.37	16.57	16.64	3597
2023-06-24 16:00	16.62	16.79	16.45	16.67	1796
2023-06-24 20:00	16.66	16.68	16.45	16.68	2939
2023-06-25 00:00	16.64	16.97	16.58	16.97	1115
2023-06-25 04:00	16.98	17.32	16.95	17.23	2369
2023-06-25 08:00	17.24	17.36	17.04	17.17	2482
2023-06-25 12:00	17.20	17.23	16.79	17.13	1575
2023-06-25 16:00	17.07	17.24	16.89	16.98	3803
2023-06-25 20:00	16.97	17.09	16.80	16.95	793
2023-06-26 00:00	16.88	16.95	16.58	16.77	1450
2023-06-26 04:00	16.75	17.03	16.63	16.94	791
2023-06-26 08:00	16.93	16.96	16.75	16.93	776
2023-06-26 12:00	16.92	17.09	16.74	16.82	1351
2023-06-26 16:00	16.77	16.82	16.22	16.36	3310
2023-06-26 20:00	16.33	16.36	15.94	16.26	3724
2023-06-27 00:00	16.26	16.49	16.14	16.49	2615
2023-06-27 04:00	16.46	16.71	16.36	16.68	546
2023-06-27 08:00	16.72	16.74	16.51	16.69	1555
2023-06-27 12:00	16.66	16.81	16.39	16.41	2865
2023-06-27 16:00	16.39	16.79	16.37	16.73	5161
2023-06-27 20:00	16.72	16.92	16.52	16.60	1413
2023-06-28 00:00	16.62	16.62	16.15	16.41	1643
2023-06-28 04:00	16.40	16.40	15.94	15.94	3027
2023-06-28 08:00	16.04	16.19	15.94	16.18	760
2023-06-28 12:00	16.20	16.50	16.10	16.35	1680
2023-06-28 16:00	16.34	16.35	15.72	15.93	2509
2023-06-28 20:00	15.89	16.09	15.78	16.00	1015
2023-06-29 00:00	15.94	16.17	15.88	16.00	1591
2023-06-29 04:00	16.01	16.27	15.99	16.25	1372
2023-06-29 08:00	16.21	18.22	16.21	18.03	13634
2023-06-29 12:00	18.10	18.21	17.28	17.67	10619
2023-06-29 16:00	17.64	17.78	17.50	17.74	2508
2023-06-29 20:00	17.69	18.03	17.49	18.01	4886
2023-06-30 00:00	18.04	19.05	17.88	18.94	13731
2023-06-30 04:00	18.94	19.05	18.43	18.73	4139
2023-06-30 08:00	18.74	19.00	18.61	18.86	3010
2023-06-30 12:00	18.87	19.40	17.28	18.30	14913
2023-06-30 16:00	18.29	19.75	18.19	19.14	10987
2023-06-30 20:00	19.14	19.32	18.87	18.91	3158
2023-07-01 00:00	18.87	19.43	18.19	18.32	7964
2023-07-01 04:00	18.34	18.45	17.93	18.44	1468
2023-07-01 08:00	18.39	18.49	18.21	18.33	456
2023-07-01 12:00	18.37	18.55	18.33	18.41	1313
2023-07-01 16:00	18.46	18.46	18.28	18.36	1322
2023-07-01 20:00	18.33	18.70	18.33	18.70	1602
2023-07-02 00:00	18.67	18.89	18.56	18.80	1962
2023-07-02 04:00	18.78	19.48	18.61	19.19	5533
2023-07-02 08:00	19.20	19.38	19.03	19.03	1101
2023-07-02 12:00	19.01	19.37	18.87	19.29	2081
2023-07-02 16:00	19.30	19.47	19.10	19.37	2929
2023-07-02 20:00	19.38	19.74	19.33	19.44	2887
2023-07-03 00:00	19.44	19.62	19.20	19.59	1315
2023-07-03 04:00	19.55	19.56	19.25	19.41	1249
2023-07-03 08:00	19.40	19.50	19.32	19.50	193
2023-07-03 12:00	19.40	19.50	18.98	19.29	4419
2023-07-03 16:00	19.28	19.36	19.05	19.31	2268
2023-07-03 20:00	19.32	19.34	18.95	19.23	2170
2023-07-04 00:00	19.25	19.50	19.24	19.32	1583
2023-07-04 04:00	19.30	19.32	19.10	19.14	272
2023-07-04 08:00	19.12	19.23	19.09	19.20	189
2023-07-04 12:00	19.23	19.85	19.20	19.81	4990
2023-07-04 16:00	19.82	19.82	19.33	19.50	3591
2023-07-04 20:00	19.54	19.57	19.13	19.14	1169
2023-07-05 00:00	19.13	19.27	19.13	19.27	732
2023-07-05 04:00	19.27	19.37	19.07	19.32	3895
2023-07-05 08:00	19.31	19.31	18.59	18.70	3322
2023-07-05 12:00	18.65	18.87	18.47	18.58	2840
2023-07-05 16:00	18.54	18.87	18.54	18.60	2471
2023-07-05 20:00	18.62	19.01	18.57	18.99	840
2023-07-06 00:00	18.98	19.71	18.98	19.49	4322
2023-07-06 04:00	19.47	19.69	19.36	19.58	1146
2023-07-06 08:00	19.58	20.43	19.55	19.92	7977
2023-07-06 12:00	19.90	19.90	18.87	19.73	10403
2023-07-06 16:00	19.67	20.91	19.38	20.88	18694
2023-07-06 20:00	20.83	20.95	19.63	19.63	7353
2023-07-07 00:00	19.63	20.48	19.38	20.18	6226
2023-07-07 04:00	20.26	20.27	19.38	19.44	2024
2023-07-07 08:00	19.38	20.30	19.30	20.20	4141
2023-07-07 12:00	20.20	21.56	20.19	21.22	12941
2023-07-07 16:00	21.25	21.52	21.06	21.35	4148
2023-07-07 20:00	21.39	21.73	21.21	21.47	7581
2023-07-08 00:00	21.51	21.96	21.45	21.70	3415
2023-07-08 04:00	21.70	22.00	21.35	21.94	1766
2023-07-08 08:00	21.96	22.45	21.83	21.93	3369
2023-07-08 12:00	21.93	21.95	21.44	21.50	2628
2023-07-08 16:00	21.51	21.95	21.45	21.61	1520
2023-07-08 20:00	21.64	21.95	21.46	21.85	1204
2023-07-09 00:00	21.78	22.35	21.59	21.69	3849
2023-07-09 04:00	21.69	21.87	21.57	21.60	5535
2023-07-09 08:00	21.66	21.92	21.57	21.65	5053
2023-07-09 12:00	21.61	21.87	21.21	21.25	2716
2023-07-09 16:00	21.26	21.38	21.20	21.31	655
2023-07-09 20:00	21.30	21.45	21.04	21.38	1307
2023-07-10 00:00	21.40	21.40	20.88	21.22	2052
2023-07-10 04:00	21.22	21.22	20.74	20.76	2865
2023-07-10 08:00	20.75	20.85	20.55	20.78	4677
2023-07-10 12:00	20.83	21.26	20.65	21.12	1652
2023-07-10 16:00	21.15	21.59	20.95	21.58	3251
2023-07-10 20:00	21.60	21.77	21.00	21.34	6769
2023-07-11 00:00	21.35	21.78	21.25	21.71	2411
2023-07-11 04:00	21.69	22.17	21.69	22.04	2832
2023-07-11 08:00	22.10	22.12	21.87	22.02	693
2023-07-11 12:00	22.06	22.32	21.88	22.11	2569
2023-07-11 16:00	22.14	22.16	21.91	21.99	2337
2023-07-11 20:00	22.01	22.09	21.78	22.09	1555
2023-07-12 00:00	22.04	22.25	21.92	21.92	1249
2023-07-12 04:00	21.91	22.13	21.87	22.05	1028
2023-07-12 08:00	22.06	22.15	21.99	22.15	1125
2023-07-12 12:00	22.14	22.72	22.01	22.36	11722
2023-07-12 16:00	22.36	22.36	21.78	21.87	6130
2023-07-12 20:00	21.85	22.11	21.80	21.97	1162
2023-07-13 00:00	21.95	22.00	21.59	21.64	2946
2023-07-13 04:00	21.60	21.91	21.48	21.79	7871
2023-07-13 08:00	21.77	22.44	21.77	22.39	1148
2023-07-13 12:00	22.38	24.62	22.16	23.97	14206
2023-07-13 16:00	23.97	26.75	23.91	26.20	25005
2023-07-13 20:00	26.18	26.18	25.39	25.92	5527
2023-07-14 00:00	25.88	29.89	25.65	28.38	20171
2023-07-14 04:00	28.47	28.84	28.18	28.75	4966
2023-07-14 08:00	28.76	29.66	27.70	28.02	5252
2023-07-14 12:00	28.03	28.24	27.40	28.12	8987
2023-07-14 16:00	28.11	28.22	25.61	26.06	16990
2023-07-14 20:00	26.05	26.88	25.29	26.69	4813
2023-07-15 00:00	26.69	27.92	26.54	27.10	5231
2023-07-15 04:00	27.19	28.88	27.19	28.75	5398
2023-07-15 08:00	28.72	29.06	28.50	28.97	6091
2023-07-15 12:00	28.90	28.97	27.47	27.59	3478
2023-07-15 16:00	27.58	28.15	27.07	27.91	3839
2023-07-15 20:00	27.91	27.91	27.25	27.36	1529
2023-07-16 00:00	27.41	27.90	26.55	27.10	4589
2023-07-16 04:00	27.12	27.90	27.10	27.66	974
2023-07-16 08:00	27.71	28.27	27.66	28.03	1764
2023-07-16 12:00	28.12	28.64	27.96	28.05	2853
2023-07-16 16:00	28.09	28.11	27.36	27.41	1792
2023-07-16 20:00	27.41	27.73	27.12	27.39	2223
2023-07-17 00:00	27.43	28.43	27.26	28.05	3539
2023-07-17 04:00	28.01	28.47	27.47	27.62	3137
2023-07-17 08:00	27.59	27.64	26.58	27.06	4540
2023-07-17 12:00	27.15	27.35	26.49	26.94	2554
2023-07-17 16:00	26.97	27.21	25.91	26.07	7484
2023-07-17 20:00	26.11	26.95	26.09	26.85	2019
2023-07-18 00:00	26.82	27.05	26.36	26.61	8283
2023-07-18 04:00	26.56	26.61	25.69	25.71	1602
2023-07-18 08:00	25.68	26.08	24.95	24.95	5461
2023-07-18 12:00	24.98	25.65	24.71	25.47	4969
2023-07-18 16:00	25.54	25.72	24.90	25.30	4479
2023-07-18 20:00	25.30	25.59	25.10	25.57	1545
2023-07-19 00:00	25.51	26.57	25.36	26.41	3762
2023-07-19 04:00	26.39	26.51	26.14	26.16	1867
2023-07-19 08:00	26.19	26.46	25.75	26.42	1605
2023-07-19 12:00	26.44	26.69	25.90	26.31	2210
2023-07-19 16:00	26.35	26.89	26.18	26.78	5193
2023-07-19 20:00	26.80	26.95	26.27	26.33	2475
2023-07-20 00:00	26.30	26.80	26.13	26.53	1683
2023-07-20 04:00	26.48	26.91	26.36	26.86	2207
2023-07-20 08:00	26.88	27.35	26.86	27.17	2614
2023-07-20 12:00	27.13	27.17	25.60	25.72	5803
2023-07-20 16:00	25.70	25.73	25.29	25.36	4690
2023-07-20 20:00	25.32	25.65	25.15	25.33	1602
2023-07-21 00:00	25.34	25.59	25.11	25.50	2010
2023-07-21 04:00	25.50	25.50	25.16	25.19	779
2023-07-21 08:00	25.16	25.46	25.11	25.13	288
2023-07-21 12:00	25.29	25.56	25.13	25.34	1456
2023-07-21 16:00	25.30	25.99	25.19	25.82	1162
2023-07-21 20:00	25.77	25.88	25.48	25.52	1539
2023-07-22 00:00	25.52	25.94	25.45	25.84	753
2023-07-22 04:00	25.84	25.86	25.61	25.79	228
2023-07-22 08:00	25.77	25.89	25.46	25.61	330
2023-07-22 12:00	25.58	25.73	25.51	25.73	760
2023-07-22 16:00	25.68	25.73	25.25	25.31	1401
2023-07-22 20:00	25.30	25.36	24.28	24.55	5637
2023-07-23 00:00	24.46	24.76	24.18	24.69	2455
2023-07-23 04:00	24.74	24.88	24.62	24.62	542
2023-07-23 08:00	24.70	24.72	24.63	24.70	37
2023-07-23 12:00	24.65	24.70	24.55	24.65	472
2023-07-23 16:00	24.72	25.22	24.65	24.90	885
2023-07-23 20:00	24.91	24.97	24.56	24.75	1346
2023-07-24 00:00	24.75	24.77	24.28	24.33	1107
2023-07-24 04:00	24.31	24.65	24.08	24.65	9996
2023-07-24 08:00	24.65	24.65	23.20	23.63	3705
2023-07-24 12:00	23.61	23.69	22.93	23.14	6443
2023-07-24 16:00	23.25	23.49	23.09	23.31	1346
2023-07-24 20:00	23.32	23.57	23.27	23.34	554
2023-07-25 00:00	23.33	23.50	23.17	23.33	758
2023-07-25 04:00	23.36	23.38	23.12	23.12	1868
2023-07-25 08:00	23.13	23.38	23.13	23.20	56
2023-07-25 12:00	23.20	23.58	23.15	23.29	1079
2023-07-25 16:00	23.29	23.43	23.18	23.22	675
2023-07-25 20:00	23.20	23.35	23.14	23.22	922
2023-07-26 00:00	23.25	23.65	23.22	23.55	931
2023-07-26 04:00	23.54	23.61	23.46	23.51	1324
2023-07-26 08:00	23.58	23.96	23.51	23.83	1677
2023-07-26 12:00	23.84	25.25	23.83	25.04	6732
2023-07-26 16:00	24.99	25.70	24.65	25.39	5813
2023-07-26 20:00	25.42	25.55	25.18	25.19	1147
2023-07-27 00:00	25.18	25.49	24.69	24.95	4167
2023-07-27 04:00	24.96	25.36	24.95	25.07	739
2023-07-27 08:00	25.01	25.45	24.94	25.35	1311
2023-07-27 12:00	25.36	25.61	25.09	25.21	3750
2023-07-27 16:00	25.16	25.32	24.76	24.90	2251
2023-07-27 20:00	24.94	25.20	24.80	25.08	3385
2023-07-28 00:00	25.06	25.36	24.86	24.93	1028
2023-07-28 04:00	24.92	24.98	24.59	24.59	4535
2023-07-28 08:00	24.63	24.81	24.58	24.67	868
2023-07-28 12:00	24.67	25.52	24.67	25.24	2008
2023-07-28 16:00	25.22	25.43	24.86	25.02	1862
2023-07-28 20:00	24.99	25.13	24.84	24.84	1145
2023-07-29 00:00	24.83	25.17	24.78	25.11	1836
2023-07-29 04:00	25.11	25.22	25.07	25.16	9744
2023-07-29 08:00	25.17	25.17	24.97	24.99	2362
2023-07-29 12:00	24.96	25.17	24.96	25.05	1346
2023-07-29 16:00	25.06	25.32	25.04	25.22	1103
2023-07-29 20:00	25.25	25.35	25.17	25.17	257
2023-07-30 00:00	25.23	25.23	25.04	25.06	1015
2023-07-30 04:00	25.04	25.10	24.88	24.93	1971
2023-07-30 08:00	24.92	25.03	24.87	24.94	691
2023-07-30 12:00	24.94	25.06	24.76	25.00	388
2023-07-30 16:00	24.91	25.00	24.11	24.22	4356
2023-07-30 20:00	24.15	24.30	23.72	24.27	6646
2023-07-31 00:00	24.24	24.78	24.13	24.64	3066
2023-07-31 04:00	24.66	24.66	24.39	24.52	469
2023-07-31 08:00	24.51	24.56	24.40	24.47	208
2023-07-31 12:00	24.45	24.67	23.89	23.98	3846
2023-07-31 16:00	24.01	24.12	23.59	23.66	1556
2023-07-31 20:00	23.66	23.88	23.60	23.75	1126
2023-08-01 00:00	23.72	23.97	23.00	23.44	3421
2023-08-01 04:00	23.40	23.59	23.30	23.46	936
2023-08-01 08:00	23.48	23.61	23.32	23.35	252
2023-08-01 12:00	23.34	23.44	22.89	23.27	3804
2023-08-01 16:00	23.33	23.76	23.23	23.60	999
2023-08-01 20:00	23.56	23.95	23.50	23.95	1822
2023-08-02 00:00	23.96	24.22	23.69	23.69	4634
2023-08-02 04:00	23.69	23.77	23.61	23.67	396
2023-08-02 08:00	23.61	23.67	23.31	23.61	2377
2023-08-02 12:00	23.62	23.66	23.14	23.37	1609
2023-08-02 16:00	23.28	23.32	22.89	23.18	1820
2023-08-02 20:00	23.17	23.32	23.00	23.15	1243
2023-08-03 00:00	23.16	23.35	23.08	23.21	1815
2023-08-03 04:00	23.22	23.27	22.21	22.73	5557
2023-08-03 08:00	22.68	22.81	22.51	22.78	628
2023-08-03 12:00	22.75	23.08	22.62	22.84	1717
2023-08-03 16:00	22.83	23.05	22.72	22.89	2638
2023-08-03 20:00	22.92	23.08	22.50	22.66	1331
2023-08-04 00:00	22.65	22.76	22.53	22.75	766
2023-08-04 04:00	22.74	23.00	22.69	22.96	210
2023-08-04 08:00	22.99	23.04	22.86	22.93	759
2023-08-04 12:00	22.93	23.53	22.87	23.34	2504
2023-08-04 16:00	23.36	23.43	22.84	22.92	2039
2023-08-04 20:00	22.99	23.02	22.51	22.85	2279
2023-08-05 00:00	22.80	22.85	22.53	22.76	2203
2023-08-05 04:00	22.72	22.84	22.59	22.79	622
2023-08-05 08:00	22.71	22.92	22.71	22.80	119
2023-08-05 12:00	22.80	22.82	22.54	22.62	936
2023-08-05 16:00	22.64	22.68	22.27	22.58	1651
2023-08-05 20:00	22.58	22.68	22.53	22.64	639
2023-08-06 00:00	22.65	22.94	22.61	22.83	2789
2023-08-06 04:00	22.86	23.09	22.86	23.02	1360
2023-08-06 08:00	23.07	23.44	23.02	23.24	708
2023-08-06 12:00	23.18	23.24	22.86	23.04	2230
2023-08-06 16:00	23.02	23.26	22.94	23.23	560
2023-08-06 20:00	23.26	23.38	23.10	23.21	1596
2023-08-07 00:00	23.21	23.64	23.07	23.32	1414
2023-08-07 04:00	23.31	23.41	23.03	23.17	953
2023-08-07 08:00	23.16	23.16	23.04	23.07	51
2023-08-07 12:00	23.06	23.11	22.68	22.77	1173
2023-08-07 16:00	22.78	23.04	22.38	22.92	1811
2023-08-07 20:00	22.96	23.08	22.92	23.08	478
2023-08-08 00:00	23.09	23.20	23.05	23.11	615
2023-08-08 04:00	23.17	23.36	23.11	23.22	517
2023-08-08 08:00	23.27	23.36	23.17	23.35	773
2023-08-08 12:00	23.36	23.88	23.19	23.72	3067
2023-08-08 16:00	23.75	24.73	23.72	24.55	13307
2023-08-08 20:00	24.58	24.63	24.09	24.19	3086
2023-08-09 00:00	24.23	24.46	24.18	24.32	2081
2023-08-09 04:00	24.28	24.59	24.27	24.59	982
2023-08-09 08:00	24.56	24.95	24.56	24.85	1079
2023-08-09 12:00	24.88	24.97	24.48	24.54	1934
2023-08-09 16:00	24.54	24.61	24.26	24.27	956
2023-08-09 20:00	24.32	24.45	24.11	24.42	921
2023-08-10 00:00	24.42	24.50	24.23	24.24	482
2023-08-10 04:00	24.22	24.35	24.16	24.35	154
2023-08-10 08:00	24.30	24.47	24.28	24.42	122
2023-08-10 12:00	24.42	24.85	24.39	24.52	1004
2023-08-10 16:00	24.50	24.57	24.40	24.57	491
2023-08-10 20:00	24.59	24.73	24.56	24.61	719
2023-08-11 00:00	24.65	24.90	24.65	24.71	1396
2023-08-11 04:00	24.70	24.81	24.51	24.51	410
2023-08-11 08:00	24.51	24.54	24.42	24.52	194
2023-08-11 12:00	24.56	24.85	24.41	24.56	1678
2023-08-11 16:00	24.64	24.64	24.35	24.46	1965
2023-08-11 20:00	24.44	24.61	24.41	24.59	1872
2023-08-12 00:00	24.60	24.72	24.44	24.48	723
2023-08-12 04:00	24.46	24.53	24.45	24.53	161
2023-08-12 08:00	24.55	24.55	24.50	24.52	99
2023-08-12 12:00	24.52	24.70	24.52	24.64	122
2023-08-12 16:00	24.67	24.83	24.62	24.76	4142
2023-08-12 20:00	24.82	25.20	24.74	24.89	1024
2023-08-13 00:00	24.87	24.91	24.72	24.91	4091
2023-08-13 04:00	24.90	24.91	24.68	24.77	276
2023-08-13 08:00	24.78	24.80	24.70	24.70	808
2023-08-13 12:00	24.71	24.71	24.52	24.61	542
2023-08-13 16:00	24.60	24.69	24.43	24.69	1467
2023-08-13 20:00	24.70	24.70	24.25	24.26	998
2023-08-14 00:00	24.25	24.42	24.10	24.39	1524
2023-08-14 04:00	24.40	24.50	24.39	24.43	206
2023-08-14 08:00	24.48	24.56	24.43	24.49	1854
2023-08-14 12:00	24.46	24.86	24.37	24.84	1411
2023-08-14 16:00	24.87	25.27	24.58	24.86	3993
2023-08-14 20:00	24.83	25.20	24.79	25.19	740
2023-08-15 00:00	25.19	25.27	24.85	24.99	4035
2023-08-15 04:00	24.97	25.05	24.73	24.83	684
2023-08-15 08:00	24.85	25.03	24.83	24.84	146
2023-08-15 12:00	24.85	24.97	24.70	24.74	884
2023-08-15 16:00	24.74	24.80	23.73	24.04	4040
2023-08-15 20:00	24.02	24.14	23.78	23.94	3954
2023-08-16 00:00	23.93	24.03	23.68	23.71	694
2023-08-16 04:00	23.71	23.73	23.39	23.44	1813
2023-08-16 08:00	23.42	23.55	23.25	23.55	701
2023-08-16 12:00	23.52	23.52	22.97	23.18	2084
2023-08-16 16:00	23.08	23.61	22.93	23.34	2669
2023-08-16 20:00	23.39	23.40	22.42	22.85	4371
2023-08-17 00:00	22.80	23.42	22.56	23.36	2476
2023-08-17 04:00	23.31	23.36	23.21	23.27	780
2023-08-17 08:00	23.27	23.27	23.01	23.10	369
2023-08-17 12:00	23.10	23.39	22.78	22.90	6620
2023-08-17 16:00	22.88	23.29	22.67	23.10	2752
2023-08-17 20:00	23.08	23.10	20.51	21.69	20853
2023-08-18 00:00	21.68	22.02	21.32	21.55	1687
2023-08-18 04:00	21.54	22.16	21.41	22.09	1949
2023-08-18 08:00	22.07	22.14	21.80	22.04	417
2023-08-18 12:00	21.91	22.04	21.49	21.58	2851
2023-08-18 16:00	21.57	21.73	20.93	21.28	3901
2023-08-18 20:00	21.27	21.49	21.26	21.30	817
2023-08-19 00:00	21.39	21.62	21.30	21.43	456
2023-08-19 04:00	21.37	21.82	21.36	21.82	417
2023-08-19 08:00	21.81	21.86	21.61	21.66	201
2023-08-19 12:00	21.66	21.97	21.66	21.97	494
2023-08-19 16:00	21.97	22.15	21.83	21.91	930
2023-08-19 20:00	21.86	21.91	21.75	21.88	226
2023-08-20 00:00	21.88	21.97	21.79	21.80	299
2023-08-20 04:00	21.82	21.83	21.60	21.71	334
2023-08-20 08:00	21.74	22.00	21.71	21.95	573
2023-08-20 12:00	21.87	21.96	21.69	21.79	165
2023-08-20 16:00	21.78	21.85	21.61	21.81	291
2023-08-20 20:00	21.80	21.93	21.75	21.78	328
2023-08-21 00:00	21.78	21.78	21.35	21.38	1710
2023-08-21 04:00	21.44	21.66	21.31	21.31	408
2023-08-21 08:00	21.33	21.35	21.01	21.24	1130
2023-08-21 12:00	21.26	21.39	20.64	20.73	2220
2023-08-21 16:00	20.74	21.35	20.70	21.28	2398
2023-08-21 20:00	21.28	21.40	21.23	21.24	447
2023-08-22 00:00	21.22	21.27	21.06	21.07	1532
2023-08-22 04:00	21.11	21.18	20.99	21.17	381
2023-08-22 08:00	21.19	21.20	20.97	20.97	535
2023-08-22 12:00	20.96	21.06	20.62	20.71	1190
2023-08-22 16:00	20.65	20.72	20.04	20.08	3441
2023-08-22 20:00	20.12	20.65	19.46	20.59	3904
2023-08-23 00:00	20.56	20.73	20.49	20.62	1613
2023-08-23 04:00	20.64	20.86	20.51	20.78	587
2023-08-23 08:00	20.82	20.90	20.63	20.63	451
2023-08-23 12:00	20.67	20.97	20.41	20.89	1160
2023-08-23 16:00	20.96	21.65	20.89	21.50	6834
2023-08-23 20:00	21.48	21.79	21.30	21.71	1327
2023-08-24 00:00	21.72	21.79	21.61	21.79	1832
2023-08-24 04:00	21.79	21.98	21.70	21.76	1368
2023-08-24 08:00	21.70	21.91	21.65	21.87	297
2023-08-24 12:00	21.77	21.77	21.05	21.05	1342
2023-08-24 16:00	21.04	21.21	20.78	21.04	3708
2023-08-24 20:00	20.92	21.05	20.71	21.02	730
2023-08-25 00:00	20.98	21.02	20.53	20.72	1107
2023-08-25 04:00	20.71	20.73	20.44	20.67	648
2023-08-25 08:00	20.71	20.76	20.62	20.68	130
2023-08-25 12:00	20.74	20.87	20.23	20.35	2137
2023-08-25 16:00	20.40	20.44	20.13	20.23	1033
2023-08-25 20:00	20.21	20.41	20.21	20.41	443
2023-08-26 00:00	20.36	20.41	20.23	20.41	574
2023-08-26 04:00	20.40	20.42	20.26	20.42	84
2023-08-26 08:00	20.29	20.42	20.26	20.32	107
2023-08-26 12:00	20.25	20.41	20.21	20.36	308
2023-08-26 16:00	20.36	20.36	20.22	20.28	334
2023-08-26 20:00	20.34	20.35	20.24	20.28	542
2023-08-27 00:00	20.28	20.37	20.26	20.32	254
2023-08-27 04:00	20.32	20.41	20.32	20.39	47
2023-08-27 08:00	20.39	20.70	20.39	20.56	320
2023-08-27 12:00	20.56	20.89	20.56	20.74	2291
2023-08-27 16:00	20.72	20.80	20.58	20.79	576
2023-08-27 20:00	20.77	20.85	20.67	20.81	1185
2023-08-28 00:00	20.77	20.81	20.46	20.49	656
2023-08-28 04:00	20.47	20.50	20.23	20.39	1008
2023-08-28 08:00	20.26	20.39	20.06	20.35	1054
2023-08-28 12:00	20.37	20.76	20.35	20.48	1214
2023-08-28 16:00	20.54	20.68	20.39	20.49	842
2023-08-28 20:00	20.48	20.62	20.41	20.55	297
2023-08-29 00:00	20.60	20.74	20.44	20.48	380
2023-08-29 04:00	20.51	20.52	20.24	20.24	393
2023-08-29 08:00	20.25	20.35	20.13	20.18	726
2023-08-29 12:00	20.14	22.02	20.13	21.33	3456
2023-08-29 16:00	21.37	21.94	21.23	21.59	1643
2023-08-29 20:00	21.69	21.94	21.59	21.73	1272
2023-08-30 00:00	21.83	21.95	21.49	21.66	455
2023-08-30 04:00	21.63	21.72	21.56	21.62	257
2023-08-30 08:00	21.67	21.67	21.40	21.41	234
2023-08-30 12:00	21.42	21.50	20.71	20.82	1692
2023-08-30 16:00	20.82	20.84	20.64	20.72	1404
2023-08-30 20:00	20.69	20.88	20.68	20.84	364
2023-08-31 00:00	20.75	20.84	20.61	20.64	199
2023-08-31 04:00	20.64	20.82	20.63	20.82	198
2023-08-31 08:00	20.78	21.04	20.68	20.91	171
2023-08-31 12:00	20.88	20.91	20.25	20.36	1698
2023-08-31 16:00	20.32	20.32	19.50	19.86	5233
2023-08-31 20:00	19.79	19.86	19.46	19.75	1265
2023-09-01 00:00	19.72	19.91	19.72	19.88	449
2023-09-01 04:00	19.88	19.91	19.79	19.80	215
2023-09-01 08:00	19.78	19.88	19.77	19.85	124
2023-09-01 12:00	19.92	19.93	19.32	19.39	1001
2023-09-01 16:00	19.40	19.54	19.04	19.29	1950
2023-09-01 20:00	19.31	19.49	19.21	19.37	816
2023-09-02 00:00	19.34	19.56	19.34	19.56	412
2023-09-02 04:00	19.56	19.62	19.46	19.58	193
2023-09-02 08:00	19.59	19.64	19.52	19.56	388
2023-09-02 12:00	19.58	19.66	19.38	19.57	160
2023-09-02 16:00	19.60	19.60	19.15	19.41	860
2023-09-02 20:00	19.39	19.52	19.38	19.49	220
2023-09-03 00:00	19.49	19.63	19.47	19.58	516
2023-09-03 04:00	19.63	19.63	19.50	19.57	101
2023-09-03 08:00	19.52	19.57	19.35	19.43	71
2023-09-03 12:00	19.43	19.55	19.33	19.39	370
2023-09-03 16:00	19.35	19.56	19.27	19.44	2433
2023-09-03 20:00	19.51	19.61	19.42	19.60	724
2023-09-04 00:00	19.59	20.00	19.59	19.76	1481
2023-09-04 04:00	19.77	19.88	19.66	19.83	2085
2023-09-04 08:00	19.82	19.90	19.60	19.62	196
2023-09-04 12:00	19.61	19.64	19.26	19.42	1058
2023-09-04 16:00	19.40	19.52	19.34	19.44	2156
2023-09-04 20:00	19.44	19.51	19.16	19.51	1058
2023-09-05 00:00	19.50	19.52	19.06	19.18	869
2023-09-05 04:00	19.23	19.45	19.18	19.44	348
2023-09-05 08:00	19.44	19.59	19.28	19.55	479
2023-09-05 12:00	19.55	20.57	19.50	20.42	5151
2023-09-05 16:00	20.41	20.54	20.19	20.24	2292
2023-09-05 20:00	20.25	20.33	20.09	20.29	2860
2023-09-06 00:00	20.29	20.37	20.11	20.12	770
2023-09-06 04:00	20.15	20.15	19.72	19.72	957
2023-09-06 08:00	19.76	19.86	19.72	19.79	331
2023-09-06 12:00	19.82	19.82	19.17	19.40	5058
2023-09-06 16:00	19.40	19.86	19.20	19.48	1710
2023-09-06 20:00	19.53	19.66	19.48	19.62	241
2023-09-07 00:00	19.60	19.78	19.56	19.78	867
2023-09-07 04:00	19.78	19.80	19.56	19.56	460
2023-09-07 08:00	19.54	19.58	19.37	19.38	356
2023-09-07 12:00	19.43	19.59	19.34	19.48	572
2023-09-07 16:00	19.56	19.77	19.48	19.66	1003
2023-09-07 20:00	19.64	19.99	19.64	19.90	1110
2023-09-08 00:00	19.86	20.26	19.85	20.04	1404
2023-09-08 04:00	20.02	20.06	19.84	19.88	245
2023-09-08 08:00	19.83	19.88	19.39	19.51	1072
2023-09-08 12:00	19.59	19.65	19.51	19.51	309
2023-09-08 16:00	19.52	19.57	19.40	19.56	387
2023-09-08 20:00	19.54	19.65	19.50	19.61	439
2023-09-09 00:00	19.62	19.62	19.50	19.55	513
2023-09-09 04:00	19.54	19.57	19.48	19.51	182
2023-09-09 08:00	19.48	19.58	19.47	19.56	161
2023-09-09 12:00	19.56	19.56	19.49	19.53	125
2023-09-09 16:00	19.53	19.55	19.40	19.42	181
2023-09-09 20:00	19.46	19.50	19.42	19.46	222
2023-09-10 00:00	19.42	19.46	19.22	19.22	1867
2023-09-10 04:00	19.21	19.21	18.22	18.59	3321
2023-09-10 08:00	18.48	18.59	18.29	18.34	1579
2023-09-10 12:00	18.39	18.45	17.83	18.19	5858
2023-09-10 16:00	18.15	18.25	17.81	18.18	2389
2023-09-10 20:00	18.17	18.58	18.15	18.26	5548
2023-09-11 00:00	18.24	18.42	18.00	18.35	2954
2023-09-11 04:00	18.26	18.40	18.15	18.21	456
2023-09-11 08:00	18.18	18.18	17.37	17.65	4887
2023-09-11 12:00	17.69	17.99	17.38	17.82	2413
2023-09-11 16:00	17.82	17.98	17.44	17.48	2454
2023-09-11 20:00	17.48	17.74	17.48	17.73	2637
2023-09-12 00:00	17.72	18.51	17.59	18.26	1555
2023-09-12 04:00	18.22	18.26	17.89	18.00	2574
2023-09-12 08:00	18.08	18.75	17.93	18.30	843
2023-09-12 12:00	18.38	18.39	17.93	18.04	1110
2023-09-12 16:00	18.03	18.29	17.73	17.97	1509
2023-09-12 20:00	17.92	18.05	17.89	17.91	540
2023-09-13 00:00	17.92	18.15	17.84	17.86	976
2023-09-13 04:00	17.84	18.53	17.73	17.86	2023
2023-09-13 08:00	17.95	18.26	17.86	18.18	758
2023-09-13 12:00	18.19	18.54	17.98	18.37	657
2023-09-13 16:00	18.41	18.52	17.91	18.39	1013
2023-09-13 20:00	18.30	18.48	18.26	18.40	892
2023-09-14 00:00	18.41	19.31	18.40	18.90	4870
2023-09-14 04:00	18.91	18.91	18.65	18.87	343
2023-09-14 08:00	18.80	18.89	18.57	18.85	275
2023-09-14 12:00	18.83	19.15	18.76	18.91	1478
2023-09-14 16:00	19.05	19.11	18.89	19.00	505
2023-09-14 20:00	19.05	19.07	18.80	18.82	300
2023-09-15 00:00	18.83	19.16	18.74	19.10	1089
2023-09-15 04:00	19.15	19.26	19.04	19.06	475
2023-09-15 08:00	19.16	19.23	19.01	19.01	212
2023-09-15 12:00	19.00	19.03	18.75	18.87	713
2023-09-15 16:00	18.88	18.88	18.57	18.75	2644
2023-09-15 20:00	18.72	19.48	18.67	19.15	1592
2023-09-16 00:00	19.16	19.43	19.07	19.27	4750
2023-09-16 04:00	19.20	19.36	19.09	19.09	324
2023-09-16 08:00	19.10	19.23	19.06	19.17	213
2023-09-16 12:00	19.17	19.18	18.89	19.02	759
2023-09-16 16:00	18.98	19.12	18.94	18.94	2315
2023-09-16 20:00	18.94	19.14	18.93	19.13	480
2023-09-17 00:00	19.14	19.14	18.75	19.03	695
2023-09-17 04:00	18.98	19.04	18.98	19.01	31
2023-09-17 08:00	18.97	19.09	18.97	19.03	58
2023-09-17 12:00	19.05	19.05	18.98	19.01	541
2023-09-17 16:00	18.95	19.01	18.78	18.90	345
2023-09-17 20:00	18.90	18.90	18.67	18.77	503
2023-09-18 00:00	18.81	19.25	18.56	19.17	3869
2023-09-18 04:00	19.20	19.28	18.99	19.14	926
2023-09-18 08:00	19.12	19.73	19.12	19.55	3837
2023-09-18 12:00	19.63	20.13	19.55	19.98	9869
2023-09-18 16:00	20.00	20.04	19.52	19.78	1339
2023-09-18 20:00	19.79	19.87	19.64	19.66	621
2023-09-19 00:00	19.66	19.98	19.61	19.98	2737
2023-09-19 04:00	19.92	19.98	19.76	19.81	1041
2023-09-19 08:00	19.79	20.36	19.79	20.19	1788
2023-09-19 12:00	20.15	20.21	19.84	20.13	1306
2023-09-19 16:00	20.14	20.14	19.85	19.88	438
2023-09-19 20:00	19.91	20.09	19.88	20.01	699
2023-09-20 00:00	20.08	20.22	19.87	19.93	1025
2023-09-20 04:00	19.89	19.97	19.82	19.97	185
2023-09-20 08:00	19.95	20.14	19.91	20.08	461
2023-09-20 12:00	20.09	20.35	19.92	20.20	576
2023-09-20 16:00	20.21	20.50	19.89	20.13	2094
2023-09-20 20:00	20.09	20.43	20.09	20.32	698
2023-09-21 00:00	20.24	20.32	19.93	20.16	1305
2023-09-21 04:00	20.10	20.16	19.78	19.92	607
2023-09-21 08:00	19.90	19.93	19.51	19.58	1397
2023-09-21 12:00	19.64	19.66	19.30	19.63	1389
2023-09-21 16:00	19.60	19.69	19.55	19.60	1857
2023-09-21 20:00	19.61	19.61	19.44	19.46	1492
2023-09-22 00:00	19.43	19.67	19.22	19.67	815
2023-09-22 04:00	19.65	19.71	19.55	19.61	559
2023-09-22 08:00	19.67	19.76	19.59	19.70	230
2023-09-22 12:00	19.66	19.70	19.48	19.55	1915
2023-09-22 16:00	19.46	19.49	19.30	19.36	881
2023-09-22 20:00	19.37	19.44	19.13	19.44	1305
2023-09-23 00:00	19.47	19.55	19.29	19.37	259
2023-09-23 04:00	19.35	19.50	19.35	19.50	182
2023-09-23 08:00	19.51	19.51	19.44	19.48	128
2023-09-23 12:00	19.47	19.48	19.31	19.32	65
2023-09-23 16:00	19.30	19.48	19.28	19.47	396
2023-09-23 20:00	19.47	19.49	19.39	19.44	190
2023-09-24 00:00	19.48	19.63	19.44	19.56	626
2023-09-24 04:00	19.56	19.63	19.50	19.58	250
2023-09-24 08:00	19.63	19.65	19.54	19.56	129
2023-09-24 12:00	19.60	19.63	19.46	19.53	184
2023-09-24 16:00	19.50	19.64	19.45	19.47	586
2023-09-24 20:00	19.45	19.51	19.21	19.35	1638
2023-09-25 00:00	19.33	19.58	19.12	19.46	1239
2023-09-25 04:00	19.46	19.53	19.36	19.48	417
2023-09-25 08:00	19.47	19.56	19.43	19.53	619
2023-09-25 12:00	19.57	19.65	19.46	19.57	582
2023-09-25 16:00	19.61	19.71	19.48	19.51	1513
2023-09-25 20:00	19.51	19.57	19.37	19.38	762
2023-09-26 00:00	19.39	19.50	19.29	19.49	1483
2023-09-26 04:00	19.47	19.49	19.32	19.33	484
2023-09-26 08:00	19.34	19.41	19.26	19.39	402
2023-09-26 12:00	19.37	19.39	19.16	19.16	323
2023-09-26 16:00	19.28	19.30	19.12	19.22	172
2023-09-26 20:00	19.26	19.26	18.94	19.04	1194
2023-09-27 00:00	19.04	19.12	18.85	19.03	3074
2023-09-27 04:00	18.99	19.03	18.90	18.94	755
2023-09-27 08:00	18.93	19.45	18.89	19.41	561
2023-09-27 12:00	19.40	19.44	18.79	18.93	2217
2023-09-27 16:00	18.94	19.02	18.75	18.95	787
2023-09-27 20:00	18.96	19.08	18.92	19.08	105
2023-09-28 00:00	19.08	19.35	19.08	19.19	825
2023-09-28 04:00	19.19	19.26	19.18	19.25	506
2023-09-28 08:00	19.24	19.29	19.12	19.16	406
2023-09-28 12:00	19.22	19.59	19.16	19.59	1502
2023-09-28 16:00	19.60	19.70	19.44	19.68	982
2023-09-28 20:00	19.69	19.94	19.58	19.94	3176
2023-09-29 00:00	19.94	20.31	19.86	20.18	1156
2023-09-29 04:00	20.19	20.33	20.06	20.33	1611
2023-09-29 08:00	20.27	20.33	20.10	20.11	387
2023-09-29 12:00	20.11	20.44	20.01	20.34	1511
2023-09-29 16:00	20.33	20.34	20.08	20.28	1427
2023-09-29 20:00	20.25	20.33	20.21	20.26	897
2023-09-30 00:00	20.26	20.40	20.23	20.23	730
2023-09-30 04:00	20.23	20.33	20.11	20.30	881
2023-09-30 08:00	20.33	20.38	20.28	20.38	67
2023-09-30 12:00	20.31	21.61	20.31	21.41	4025
2023-09-30 16:00	21.41	21.69	21.26	21.43	1656
2023-09-30 20:00	21.39	21.44	21.24	21.38	1337
2023-10-01 00:00	21.37	21.42	21.13	21.20	2116
2023-10-01 04:00	21.17	21.39	21.17	21.39	582
2023-10-01 08:00	21.38	23.03	21.35	22.92	21467
2023-10-01 12:00	22.94	23.33	22.86	23.04	5478
2023-10-01 16:00	22.99	23.04	22.46	22.69	4157
2023-10-01 20:00	22.62	24.29	22.62	23.81	6515
2023-10-02 00:00	23.88	24.21	23.45	24.02	10532
2023-10-02 04:00	24.03	24.58	23.97	24.25	3807
2023-10-02 08:00	24.25	24.38	23.81	23.81	461
2023-10-02 12:00	23.81	24.35	23.60	24.00	2232
2023-10-02 16:00	24.00	24.16	23.16	23.76	3273
2023-10-02 20:00	23.60	23.76	22.93	23.32	1968
2023-10-03 00:00	23.32	23.62	23.31	23.57	1423
2023-10-03 04:00	23.57	24.12	23.51	23.77	1460
2023-10-03 08:00	23.92	24.37	23.77	23.93	5153
2023-10-03 12:00	23.88	24.69	23.76	23.91	5417
2023-10-03 16:00	23.94	24.32	23.57	23.57	5775
2023-10-03 20:00	23.57	23.75	23.36	23.53	909
2023-10-04 00:00	23.60	23.64	23.05	23.13	3277
2023-10-04 04:00	23.15	23.20	22.82	23.06	1904
2023-10-04 08:00	23.19	23.74	23.19	23.55	886
2023-10-04 12:00	23.57	23.59	22.69	22.69	1899
2023-10-04 16:00	22.68	23.28	22.61	22.97	1127
2023-10-04 20:00	22.88	23.29	22.88	23.15	331
2023-10-05 00:00	23.08	23.71	23.06	23.22	1140
2023-10-05 04:00	23.30	23.45	22.84	22.89	917
2023-10-05 08:00	22.99	23.30	22.89	23.23	1324
2023-10-05 12:00	23.21	23.53	22.63	22.89	1306
2023-10-05 16:00	22.81	22.97	22.58	22.82	1323
2023-10-05 20:00	22.81	22.85	22.64	22.68	417
2023-10-06 00:00	22.72	23.28	22.68	23.21	780
2023-10-06 04:00	23.21	23.39	22.97	23.34	538
2023-10-06 08:00	23.35	23.47	23.09	23.14	341
2023-10-06 12:00	23.12	23.54	22.74	23.47	1629
2023-10-06 16:00	23.49	23.70	23.34	23.45	2090
2023-10-06 20:00	23.45	23.67	23.34	23.37	1697
2023-10-07 00:00	23.40	23.72	23.37	23.71	733
2023-10-07 04:00	23.68	24.01	23.48	23.52	2188
2023-10-07 08:00	23.48	23.79	23.38	23.44	995
2023-10-07 12:00	23.49	23.54	23.32	23.32	811
2023-10-07 16:00	23.34	23.44	23.10	23.11	880
2023-10-07 20:00	23.13	23.33	23.13	23.25	345
2023-10-08 00:00	23.26	23.62	23.19	23.54	586
2023-10-08 04:00	23.54	23.54	23.21	23.38	247
2023-10-08 08:00	23.38	23.51	23.18	23.21	473
2023-10-08 12:00	23.21	23.47	23.08	23.47	770
2023-10-08 16:00	23.45	23.55	23.29	23.33	1174
2023-10-08 20:00	23.28	23.45	23.18	23.18	643
2023-10-09 00:00	23.19	23.30	23.11	23.20	396
2023-10-09 04:00	23.25	23.35	22.86	22.98	867
2023-10-09 08:00	22.87	22.98	22.02	22.14	3443
2023-10-09 12:00	22.14	22.37	22.08	22.23	693
2023-10-09 16:00	22.18	22.39	21.80	22.19	1897
2023-10-09 20:00	22.19	22.22	22.09	22.13	717
2023-10-10 00:00	22.13	22.27	21.90	22.13	1239
2023-10-10 04:00	22.13	22.38	22.07	22.38	677
2023-10-10 08:00	22.33	22.43	22.14	22.14	1092
2023-10-10 12:00	22.14	22.46	21.96	22.00	433
2023-10-10 16:00	21.98	22.06	21.73	22.02	1576
2023-10-10 20:00	22.02	22.16	21.85	22.09	963
2023-10-11 00:00	22.14	22.25	21.76	21.96	1334
2023-10-11 04:00	22.05	22.32	21.96	22.05	941
2023-10-11 08:00	22.05	22.38	22.05	22.15	343
2023-10-11 12:00	22.14	22.28	21.91	21.99	634
2023-10-11 16:00	21.95	21.99	21.66	21.96	724
2023-10-11 20:00	21.90	21.97	21.78	21.97	615
2023-10-12 00:00	21.97	22.02	21.61	21.68	2274
2023-10-12 04:00	21.72	21.83	21.67	21.69	250
2023-10-12 08:00	21.64	21.69	21.32	21.53	1941
2023-10-12 12:00	21.43	21.53	21.27	21.28	707
2023-10-12 16:00	21.27	21.35	21.03	21.25	1400
2023-10-12 20:00	21.25	21.34	21.14	21.28	570
2023-10-13 00:00	21.27	21.45	21.16	21.16	279
2023-10-13 04:00	21.15	21.44	21.15	21.38	263
2023-10-13 08:00	21.45	21.55	21.36	21.50	203
2023-10-13 12:00	21.44	21.60	21.27	21.40	2142
2023-10-13 16:00	21.42	21.52	21.40	21.50	274
2023-10-13 20:00	21.52	22.13	21.50	21.78	4012
2023-10-14 00:00	21.78	21.99	21.78	21.95	797
2023-10-14 04:00	21.97	22.06	21.91	21.99	633
2023-10-14 08:00	22.00	22.13	21.88	21.88	340
2023-10-14 12:00	21.87	21.99	21.78	21.99	959
2023-10-14 16:00	21.99	21.99	21.92	21.97	231
2023-10-14 20:00	21.86	21.97	21.85	21.95	99
2023-10-15 00:00	21.85	22.09	21.76	21.90	1546
2023-10-15 04:00	21.87	21.90	21.82	21.89	122
2023-10-15 08:00	21.88	21.90	21.79	21.81	238
2023-10-15 12:00	21.80	21.81	21.64	21.65	123
2023-10-15 16:00	21.67	21.87	21.57	21.84	3613
2023-10-15 20:00	21.79	22.07	21.79	21.91	1428
2023-10-16 00:00	21.90	22.18	21.90	22.11	282
2023-10-16 04:00	22.11	22.79	22.11	22.75	1858
2023-10-16 08:00	22.77	23.07	22.63	23.07	1778
2023-10-16 12:00	23.07	24.57	22.90	23.23	10801
2023-10-16 16:00	23.19	23.97	23.16	23.73	5648
2023-10-16 20:00	23.80	24.07	23.64	23.91	1339
2023-10-17 00:00	23.91	24.26	23.78	23.98	3137
2023-10-17 04:00	23.92	24.11	23.75	24.03	1284
2023-10-17 08:00	24.06	24.46	24.03	24.06	917
2023-10-17 12:00	24.07	24.10	23.46	23.90	3357
2023-10-17 16:00	23.92	24.20	23.72	24.04	6642
2023-10-17 20:00	24.05	24.18	23.84	23.89	1541
2023-10-18 00:00	23.87	24.00	23.77	23.95	404
2023-10-18 04:00	23.99	24.18	23.85	23.85	958
2023-10-18 08:00	23.84	24.05	23.78	23.78	955
2023-10-18 12:00	23.79	23.83	23.60	23.65	1254
2023-10-18 16:00	23.66	23.72	23.58	23.70	806
2023-10-18 20:00	23.66	23.70	23.37	23.41	1263
2023-10-19 00:00	23.42	23.54	23.22	23.40	1961
2023-10-19 04:00	23.43	23.82	23.40	23.78	535
2023-10-19 08:00	23.81	24.20	23.71	24.19	4902
2023-10-19 12:00	24.15	24.67	24.09	24.66	4209
2023-10-19 16:00	24.66	25.24	24.53	25.16	18422
2023-10-19 20:00	25.14	25.19	24.74	24.95	1205
2023-10-20 00:00	24.94	25.49	24.74	25.49	5044
2023-10-20 04:00	25.48	26.40	25.48	26.23	8059
2023-10-20 08:00	26.20	27.23	26.20	26.77	4944
2023-10-20 12:00	26.76	27.10	26.57	26.89	2792
2023-10-20 16:00	26.82	27.01	26.31	26.86	2399
2023-10-20 20:00	26.85	27.30	26.71	27.03	3434
2023-10-21 00:00	27.08	27.08	26.66	26.81	1154
2023-10-21 04:00	26.77	28.18	26.66	28.13	4876
2023-10-21 08:00	28.03	29.55	27.86	29.35	7581
2023-10-21 12:00	29.34	29.35	28.62	29.04	8543
2023-10-21 16:00	29.01	29.74	28.85	29.47	6559
2023-10-21 20:00	29.44	30.04	29.23	29.35	5024
2023-10-22 00:00	29.28	29.74	29.19	29.62	1212
2023-10-22 04:00	29.53	29.86	28.44	28.73	2680
2023-10-22 08:00	28.72	28.90	28.04	28.21	1468
2023-10-22 12:00	28.28	28.84	28.26	28.34	576
2023-10-22 16:00	28.35	29.00	28.35	28.69	790
2023-10-22 20:00	28.69	29.20	28.68	28.90	1096
2023-10-23 00:00	28.92	30.55	28.73	30.55	6566
2023-10-23 04:00	30.56	31.22	29.91	30.02	2873
2023-10-23 08:00	30.08	30.27	29.35	29.73	1558
2023-10-23 12:00	29.72	29.84	28.88	29.01	5582
2023-10-23 16:00	29.08	29.90	28.99	29.80	6643
2023-10-23 20:00	29.80	32.60	29.77	31.87	17399
2023-10-24 00:00	31.81	32.58	30.92	31.51	18799
2023-10-24 04:00	31.51	31.71	30.79	31.23	3006
2023-10-24 08:00	31.25	31.97	31.24	31.85	2058
2023-10-24 12:00	31.83	32.44	30.50	30.92	6514
2023-10-24 16:00	30.89	31.17	30.12	30.53	11875
2023-10-24 20:00	30.49	30.60	29.53	30.17	8130
2023-10-25 00:00	30.17	32.00	30.03	31.00	14660
2023-10-25 04:00	31.03	31.86	30.68	30.97	2918
2023-10-25 08:00	31.00	32.19	30.81	32.18	3114
2023-10-25 12:00	32.19	33.79	32.18	33.31	7093
2023-10-25 16:00	33.45	33.50	32.34	32.66	5303
2023-10-25 20:00	32.66	32.98	31.90	32.49	3413
2023-10-26 00:00	32.47	32.69	31.79	32.68	2603
2023-10-26 04:00	32.69	33.15	32.06	32.86	2280
2023-10-26 08:00	32.74	32.95	31.55	31.83	3030
2023-10-26 12:00	31.82	32.32	30.96	31.38	4711
2023-10-26 16:00	31.26	31.67	30.77	31.56	2983
2023-10-26 20:00	31.63	33.22	31.56	32.74	9070
2023-10-27 00:00	32.77	32.84	31.87	32.37	2830
2023-10-27 04:00	32.41	32.85	32.15	32.37	912
2023-10-27 08:00	32.32	33.02	32.18	32.61	3308
2023-10-27 12:00	32.60	33.09	31.94	32.20	6970
2023-10-27 16:00	32.20	32.47	31.30	31.94	3175
2023-10-27 20:00	31.96	32.26	31.51	31.72	3001
2023-10-28 00:00	31.70	32.34	31.70	32.30	920
2023-10-28 04:00	32.30	32.42	32.11	32.26	1327
2023-10-28 08:00	32.27	32.46	32.10	32.20	668
2023-10-28 12:00	32.20	32.20	31.67	32.01	1484
2023-10-28 16:00	32.00	32.07	31.56	31.57	962
2023-10-28 20:00	31.59	31.99	31.40	31.64	895
2023-10-29 00:00	31.57	31.84	31.33	31.56	980
2023-10-29 04:00	31.57	32.33	31.56	32.25	1451
2023-10-29 08:00	32.33	32.34	32.14	32.28	1468
2023-10-29 12:00	32.29	32.65	32.23	32.58	5378
2023-10-29 16:00	32.58	33.00	32.50	32.87	4313
2023-10-29 20:00	32.90	32.98	32.49	32.78	1207
2023-10-30 00:00	32.82	32.97	32.54	32.73	1222
2023-10-30 04:00	32.72	32.88	32.31	32.61	1012
2023-10-30 08:00	32.47	35.00	32.46	34.89	8415
2023-10-30 12:00	34.95	35.11	34.46	35.01	8105
2023-10-30 16:00	34.95	34.97	34.25	34.83	3647
2023-10-30 20:00	34.80	34.94	34.49	34.94	1783
2023-10-31 00:00	34.92	36.44	34.85	35.73	10397
2023-10-31 04:00	35.75	36.60	35.62	35.70	3182
2023-10-31 08:00	35.73	36.96	35.66	36.59	4696
2023-10-31 12:00	36.59	36.64	35.82	36.17	4259
2023-10-31 16:00	36.05	36.41	35.87	36.21	2347
2023-10-31 20:00	36.33	38.42	36.21	38.37	12727
2023-11-01 00:00	38.36	38.74	37.84	38.38	7454
2023-11-01 04:00	38.27	39.20	37.86	38.44	3846
2023-11-01 08:00	38.41	39.73	38.03	39.23	3692
2023-11-01 12:00	39.24	41.40	38.88	40.69	15088
2023-11-01 16:00	40.66	46.60	40.35	42.01	27272
2023-11-01 20:00	42.20	43.59	40.58	41.15	29579
2023-11-02 00:00	41.21	42.81	41.21	42.49	7923
2023-11-02 04:00	42.49	43.27	41.76	43.12	11467
2023-11-02 08:00	43.13	44.50	42.56	44.41	6110
2023-11-02 12:00	44.48	44.49	41.56	41.58	7135
2023-11-02 16:00	41.61	42.60	39.86	41.41	9148
2023-11-02 20:00	41.43	42.11	39.63	40.21	6779
2023-11-03 00:00	40.23	40.23	38.15	38.97	8112
2023-11-03 04:00	38.92	39.42	38.03	39.01	4849
2023-11-03 08:00	38.96	39.75	38.14	39.16	4664
2023-11-03 12:00	39.13	40.15	38.86	39.81	6064
2023-11-03 16:00	39.81	40.02	38.54	39.21	5922
2023-11-03 20:00	39.14	39.88	39.14	39.47	1953
2023-11-04 00:00	39.49	41.18	39.04	41.09	5764
2023-11-04 04:00	41.16	42.04	40.45	41.71	6169
2023-11-04 08:00	41.63	42.64	41.32	41.55	3633
2023-11-04 12:00	41.57	42.16	40.96	41.19	3546
2023-11-04 16:00	41.28	41.83	41.10	41.46	2371
2023-11-04 20:00	41.35	42.69	41.35	42.29	2595
2023-11-05 00:00	42.43	42.87	41.70	42.52	3053
2023-11-05 04:00	42.52	42.53	41.47	41.56	3372
2023-11-05 08:00	41.59	41.79	41.18	41.65	1283
2023-11-05 12:00	41.69	41.89	40.55	40.79	3970
2023-11-05 16:00	40.74	41.59	40.68	40.84	3114
2023-11-05 20:00	40.84	41.52	40.22	41.16	4780
2023-11-06 00:00	41.21	41.71	40.84	41.09	2763
2023-11-06 04:00	41.11	41.20	39.88	39.95	6793
2023-11-06 08:00	39.96	40.70	39.76	40.33	1901
2023-11-06 12:00	40.30	40.58	39.90	40.21	5712
2023-11-06 16:00	40.24	40.50	39.90	40.42	2256
2023-11-06 20:00	40.43	42.09	40.06	42.09	3284
2023-11-07 00:00	42.08	42.24	40.12	40.74	7583
2023-11-07 04:00	40.71	41.65	40.65	41.58	2275
2023-11-07 08:00	41.58	41.71	40.51	41.05	1716
2023-11-07 12:00	41.02	42.04	40.74	41.22	2631
2023-11-07 16:00	41.20	44.12	41.07	43.70	14388
2023-11-07 20:00	43.77	44.10	42.80	42.97	4575
2023-11-08 00:00	42.95	43.40	42.29	43.34	4881
2023-11-08 04:00	43.34	43.62	43.02	43.46	1962
2023-11-08 08:00	43.41	43.61	43.11	43.30	1253
2023-11-08 12:00	43.29	43.52	42.35	42.68	2821
2023-11-08 16:00	42.76	43.55	42.57	43.12	2388
2023-11-08 20:00	43.16	43.48	42.65	43.14	4746
2023-11-09 00:00	43.13	43.97	42.65	43.97	13952
2023-11-09 04:00	43.98	44.38	43.79	43.92	4093
2023-11-09 08:00	44.06	47.20	43.92	47.10	5022
2023-11-09 12:00	47.09	48.52	46.23	46.46	9955
2023-11-09 16:00	46.53	46.76	44.05	45.24	9374
2023-11-09 20:00	45.37	45.55	43.46	45.38	10708
2023-11-10 00:00	45.38	47.80	45.24	47.31	8638
2023-11-10 04:00	47.34	48.29	46.85	47.54	5143
2023-11-10 08:00	47.66	50.00	46.68	50.00	7959
2023-11-10 12:00	50.00	51.52	48.95	50.76	11381
2023-11-10 16:00	50.77	54.43	50.44	54.14	14862
2023-11-10 20:00	54.11	57.45	53.00	56.60	16779
2023-11-11 00:00	56.60	57.63	54.48	55.72	16234
2023-11-11 04:00	55.76	55.93	54.24	54.39	4912
2023-11-11 08:00	54.48	55.79	54.15	55.29	2675
2023-11-11 12:00	55.42	63.00	55.05	60.99	22785
2023-11-11 16:00	61.08	62.00	57.53	60.46	15214
2023-11-11 20:00	60.34	60.34	56.45	56.49	10078
2023-11-12 00:00	56.66	57.84	55.21	57.49	7021
2023-11-12 04:00	57.29	61.65	56.51	61.11	11954
2023-11-12 08:00	61.18	61.35	58.44	60.06	4401
2023-11-12 12:00	59.94	60.17	58.00	58.69	7343
2023-11-12 16:00	58.72	58.72	56.01	56.41	7325
2023-11-12 20:00	56.35	59.75	56.13	57.01	5238
2023-11-13 00:00	57.01	59.01	55.89	57.01	13187
2023-11-13 04:00	56.97	58.91	56.69	58.24	6117
2023-11-13 08:00	58.20	59.34	56.72	56.74	5322
2023-11-13 12:00	57.03	59.74	55.47	55.99	10155
2023-11-13 16:00	56.00	56.85	52.35	54.72	8339
2023-11-13 20:00	54.78	54.78	51.64	51.64	5221
2023-11-14 00:00	51.63	54.80	51.50	54.01	6098
2023-11-14 04:00	54.05	55.39	53.88	55.28	1045
2023-11-14 08:00	55.28	55.55	52.44	52.73	2178
2023-11-14 12:00	52.61	57.74	52.11	56.13	11790
2023-11-14 16:00	56.12	56.85	53.49	55.13	7713
2023-11-14 20:00	55.06	57.23	54.87	56.64	6301
2023-11-15 00:00	56.64	57.61	56.18	56.30	5047
2023-11-15 04:00	56.26	59.39	56.26	58.99	6566
2023-11-15 08:00	59.02	62.81	58.80	62.77	5517
2023-11-15 12:00	62.81	63.50	60.46	62.42	12847
2023-11-15 16:00	62.42	65.00	60.81	65.00	9917
2023-11-15 20:00	64.95	66.92	64.07	65.39	7863
2023-11-16 00:00	65.52	66.19	64.50	65.69	5107
2023-11-16 04:00	65.69	68.00	64.93	65.70	10450
2023-11-16 08:00	65.86	66.06	63.81	64.30	6789
2023-11-16 12:00	64.30	64.65	61.36	61.58	9344
2023-11-16 16:00	61.61	62.85	59.57	62.23	6860
2023-11-16 20:00	62.30	63.12	57.02	58.21	8500
2023-11-17 00:00	58.04	61.19	57.92	59.52	8135
2023-11-17 04:00	59.54	60.00	58.05	58.17	3657
2023-11-17 08:00	58.16	59.00	56.50	58.23	4471
2023-11-17 12:00	58.11	59.60	54.84	54.97	4990
2023-11-17 16:00	55.36	58.72	54.89	57.59	7814
2023-11-17 20:00	57.65	59.24	57.59	58.46	3521
2023-11-18 00:00	58.48	58.57	56.39	56.69	2321
2023-11-18 04:00	56.75	57.33	55.06	56.40	4143
2023-11-18 08:00	56.40	57.60	56.10	56.94	1117
2023-11-18 12:00	57.00	58.11	55.60	58.09	2300
2023-11-18 16:00	58.08	59.19	57.57	58.93	3776
2023-11-18 20:00	58.94	59.12	58.02	58.52	1271
2023-11-19 00:00	58.52	58.52	56.68	58.18	4028
2023-11-19 04:00	58.12	60.60	57.78	60.46	4040
2023-11-19 08:00	60.45	61.48	59.46	59.92	3286
2023-11-19 12:00	59.74	60.24	59.10	59.81	1039
2023-11-19 16:00	59.93	60.89	59.44	60.89	2168
2023-11-19 20:00	60.89	61.88	60.26	61.14	7231
2023-11-20 00:00	61.12	61.20	59.76	59.99	2329
2023-11-20 04:00	59.95	60.07	59.20	59.85	1530
2023-11-20 08:00	59.89	61.03	59.36	60.16	1146
2023-11-20 12:00	59.99	60.59	58.50	58.98	3024
2023-11-20 16:00	59.10	59.31	56.91	57.62	5711
2023-11-20 20:00	57.62	58.05	56.68	57.05	4505
2023-11-21 00:00	56.99	57.41	55.64	56.02	4440
2023-11-21 04:00	56.06	56.52	55.44	55.44	3246
2023-11-21 08:00	55.44	57.09	55.43	56.23	1452
2023-11-21 12:00	56.30	56.62	52.83	55.14	6757
2023-11-21 16:00	55.21	56.19	52.62	54.78	5336
2023-11-21 20:00	54.79	55.56	51.74	51.95	7320
2023-11-22 00:00	51.94	54.62	51.56	54.46	4971
2023-11-22 04:00	54.25	55.26	53.99	54.67	2154
2023-11-22 08:00	54.72	55.20	54.42	54.52	694
2023-11-22 12:00	54.55	55.68	54.11	54.96	2380
2023-11-22 16:00	54.91	57.43	54.47	57.30	3262
2023-11-22 20:00	57.39	58.96	56.98	57.48	9197
2023-11-23 00:00	57.58	58.40	57.01	57.61	3104
2023-11-23 04:00	57.62	58.45	57.55	57.79	1641
2023-11-23 08:00	57.92	58.91	57.32	57.89	789
2023-11-23 12:00	57.95	59.41	56.48	56.56	4951
2023-11-23 16:00	56.70	57.24	56.17	56.43	1712
2023-11-23 20:00	56.55	56.89	56.35	56.44	703
2023-11-24 00:00	56.56	57.42	56.23	57.25	1033
2023-11-24 04:00	57.29	57.41	56.69	57.34	952
2023-11-24 08:00	57.36	58.46	57.15	58.04	1554
2023-11-24 12:00	58.26	58.48	57.27	58.15	3319
2023-11-24 16:00	58.14	58.42	57.08	57.26	2909
2023-11-24 20:00	57.24	57.54	56.65	56.92	1406
2023-11-25 00:00	56.92	59.78	56.45	58.79	5640
2023-11-25 04:00	58.82	59.02	58.52	58.56	1162
2023-11-25 08:00	58.65	58.79	57.40	57.77	1474
2023-11-25 12:00	57.76	58.79	57.72	58.63	657
2023-11-25 16:00	58.63	59.63	58.42	59.06	2059
2023-11-25 20:00	59.11	59.25	58.65	58.81	481
2023-11-26 00:00	58.86	59.00	58.03	58.22	1163
2023-11-26 04:00	58.36	58.69	58.20	58.58	796
2023-11-26 08:00	58.49	58.58	57.81	57.81	322
2023-11-26 12:00	57.88	58.12	56.90	57.00	2177
2023-11-26 16:00	57.25	57.28	56.24	57.22	1253
2023-11-26 20:00	57.20	58.59	57.03	57.57	965
2023-11-27 00:00	57.55	58.01	56.22	56.66	1962
2023-11-27 04:00	56.55	57.30	55.57	55.94	1624
2023-11-27 08:00	55.93	56.29	54.90	55.06	2843
2023-11-27 12:00	55.00	55.19	53.99	53.99	3096
2023-11-27 16:00	53.98	55.16	53.92	54.12	2501
2023-11-27 20:00	54.19	55.33	53.93	55.14	1956
2023-11-28 00:00	54.97	55.39	54.75	55.01	973
2023-11-28 04:00	54.96	55.33	54.12	55.14	1309
2023-11-28 08:00	55.12	56.31	54.73	56.21	1110
2023-11-28 12:00	56.09	56.38	55.45	56.02	633
2023-11-28 16:00	56.08	58.27	56.03	58.03	4630
2023-11-28 20:00	58.03	58.36	57.59	57.94	2692
2023-11-29 00:00	58.05	58.70	57.73	58.45	3161
2023-11-29 04:00	58.45	59.45	58.20	59.28	2667
2023-11-29 08:00	59.29	61.44	59.27	60.61	4877
2023-11-29 12:00	60.60	61.50	59.65	60.07	7328
2023-11-29 16:00	59.93	60.36	58.92	60.10	2323
2023-11-29 20:00	60.05	60.17	58.64	59.29	1624
2023-11-30 00:00	59.35	60.60	58.82	60.45	2983
2023-11-30 04:00	60.43	60.93	59.70	59.90	3564
2023-11-30 08:00	59.99	60.91	59.28	60.75	618
2023-11-30 12:00	60.76	61.39	59.26	59.53	3292
2023-11-30 16:00	59.54	59.97	59.10	59.97	3161
2023-11-30 20:00	59.98	60.30	59.10	59.25	3627
2023-12-01 00:00	59.26	60.92	58.67	60.75	8542
2023-12-01 04:00	60.80	61.06	60.22	60.91	1242
2023-12-01 08:00	60.90	61.82	60.72	61.06	1677
2023-12-01 12:00	61.07	61.17	59.82	60.15	2134
2023-12-01 16:00	60.15	61.06	59.94	60.40	2541
2023-12-01 20:00	60.40	60.58	59.65	59.77	1387
2023-12-02 00:00	59.74	61.09	59.73	60.91	1641
2023-12-02 04:00	60.92	62.30	60.80	61.94	3302
2023-12-02 08:00	61.94	62.23	61.67	62.00	276
2023-12-02 12:00	62.04	62.33	61.50	61.91	2003
2023-12-02 16:00	61.86	62.86	61.52	62.69	2379
2023-12-02 20:00	62.72	63.65	62.59	63.48	4648
2023-12-03 00:00	63.41	65.18	63.36	64.01	7334
2023-12-03 04:00	64.13	64.27	63.64	63.94	2488
2023-12-03 08:00	63.96	64.06	63.13	63.58	758
2023-12-03 12:00	63.45	63.58	62.56	62.95	1814
2023-12-03 16:00	63.04	63.05	62.37	63.05	2647
2023-12-03 20:00	63.02	64.00	62.56	63.00	5459
2023-12-04 00:00	63.00	64.72	62.98	64.43	5238
2023-12-04 04:00	64.37	65.20	63.53	63.70	4743
2023-12-04 08:00	63.82	64.31	61.50	62.17	3789
2023-12-04 12:00	62.23	62.37	60.59	60.97	7833
2023-12-04 16:00	60.97	62.30	60.49	61.00	4660
2023-12-04 20:00	61.23	62.03	60.86	61.63	3509
2023-12-05 00:00	61.65	62.15	60.02	60.75	6780
2023-12-05 04:00	60.75	60.76	59.25	59.69	3287
2023-12-05 08:00	59.68	60.42	59.51	60.15	522
2023-12-05 12:00	60.10	61.56	60.07	61.05	2920
2023-12-05 16:00	60.93	62.51	60.62	61.36	7061
2023-12-05 20:00	61.43	61.58	60.34	61.04	5077
2023-12-06 00:00	61.09	64.05	61.09	64.05	17843
2023-12-06 04:00	64.05	64.42	62.69	63.41	6326
2023-12-06 08:00	63.38	66.00	62.03	63.07	9871
2023-12-06 12:00	63.02	63.67	62.41	62.60	2180
2023-12-06 16:00	62.62	64.44	62.47	64.34	2301
2023-12-06 20:00	64.35	64.57	62.00	62.00	5396
2023-12-07 00:00	62.00	63.94	62.00	62.89	4329
2023-12-07 04:00	62.90	63.76	62.89	63.37	1459
2023-12-07 08:00	63.50	64.05	62.00	64.04	2802
2023-12-07 12:00	64.04	65.95	63.63	65.73	6646
2023-12-07 16:00	65.73	66.45	64.56	64.73	9926
2023-12-07 20:00	64.75	68.76	64.67	67.63	11407
2023-12-08 00:00	67.53	72.18	67.53	71.48	13728
2023-12-08 04:00	71.64	72.50	70.79	71.47	9928
2023-12-08 08:00	71.41	73.06	70.51	72.79	8757
2023-12-08 12:00	72.79	74.22	71.81	72.08	7258
2023-12-08 16:00	72.12	73.92	72.03	72.31	6109
2023-12-08 20:00	72.27	75.00	72.24	74.84	7269
2023-12-09 00:00	74.85	75.17	72.89	74.12	5689
2023-12-09 04:00	74.25	77.21	73.71	76.86	3726
2023-12-09 08:00	77.02	77.22	74.77	77.15	2457
2023-12-09 12:00	77.03	77.38	75.21	75.58	2914
2023-12-09 16:00	75.58	75.79	72.77	74.13	14047
2023-12-09 20:00	74.13	74.28	71.73	72.01	4692
2023-12-10 00:00	72.01	73.81	72.01	73.12	1924
2023-12-10 04:00	72.87	73.56	71.83	72.51	2432
2023-12-10 08:00	72.53	72.72	71.00	71.47	2941
2023-12-10 12:00	71.41	74.52	71.38	73.71	2980
2023-12-10 16:00	73.81	74.05	72.14	73.46	2485
2023-12-10 20:00	73.39	74.80	73.39	74.60	3744
2023-12-11 00:00	74.79	74.92	69.00	71.13	10806
2023-12-11 04:00	71.16	71.37	68.27	68.42	7610
2023-12-11 08:00	68.29	69.92	67.99	69.72	1552
2023-12-11 12:00	69.59	69.80	67.70	69.30	3819
2023-12-11 16:00	69.14	70.81	67.99	69.34	6914
2023-12-11 20:00	69.29	70.54	67.81	70.47	3282
2023-12-12 00:00	70.22	72.50	70.22	71.39	4163
2023-12-12 04:00	71.28	71.73	70.30	71.73	1531
2023-12-12 08:00	71.74	72.17	70.54	70.54	1881
2023-12-12 12:00	70.68	71.74	68.35	68.67	4726
2023-12-12 16:00	68.68	68.88	66.50	67.85	6118
2023-12-12 20:00	67.82	69.17	67.06	68.60	4413
2023-12-13 00:00	68.59	68.82	65.57	65.78	4280
2023-12-13 04:00	65.76	66.26	65.00	65.00	5010
2023-12-13 08:00	65.00	66.55	65.00	65.44	1023
2023-12-13 12:00	65.42	68.14	65.24	67.60	2521
2023-12-13 16:00	67.58	70.44	66.86	70.38	4087
2023-12-13 20:00	70.38	72.55	70.10	70.73	6992
2023-12-14 00:00	70.73	71.00	69.67	70.07	5038
2023-12-14 04:00	70.09	71.87	69.70	71.46	2681
2023-12-14 08:00	71.41	73.61	71.09	73.52	3422
2023-12-14 12:00	73.51	73.75	69.54	71.70	6358
2023-12-14 16:00	71.73	74.45	71.73	73.33	8672
2023-12-14 20:00	73.33	76.15	72.66	75.63	6044
2023-12-15 00:00	75.51	75.77	74.00	74.30	2603
2023-12-15 04:00	74.37	76.95	74.37	76.58	5123
2023-12-15 08:00	76.66	79.18	76.21	78.95	5327
2023-12-15 12:00	79.08	79.39	75.27	75.93	7471
2023-12-15 16:00	75.93	77.44	73.77	76.86	6476
2023-12-15 20:00	76.70	77.20	72.60	72.95	6352
2023-12-16 00:00	72.90	74.37	72.00	74.21	2240
2023-12-16 04:00	74.16	74.54	73.72	74.38	1163
2023-12-16 08:00	74.38	75.11	73.79	75.11	766
2023-12-16 12:00	75.11	77.20	74.95	77.12	3859
2023-12-16 16:00	77.13	77.13	74.07	74.16	3551
2023-12-16 20:00	74.22	74.60	73.00	73.77	4119
2023-12-17 00:00	73.75	74.09	72.69	73.65	3006
2023-12-17 04:00	73.66	74.19	72.15	72.31	1252
2023-12-17 08:00	72.26	73.27	72.00	73.00	1022
2023-12-17 12:00	72.82	73.25	71.56	72.58	2218
2023-12-17 16:00	72.65	75.01	72.39	73.57	3294
2023-12-17 20:00	73.58	74.16	70.75	70.75	2759
2023-12-18 00:00	70.85	71.98	69.01	69.86	5589
2023-12-18 04:00	69.97	72.59	69.42	71.14	4474
2023-12-18 08:00	70.80	73.60	67.41	68.98	7526
2023-12-18 12:00	68.99	71.99	68.47	70.70	2383
2023-12-18 16:00	70.83	72.65	70.48	72.29	2580
2023-12-18 20:00	72.44	75.31	71.70	74.41	5719
2023-12-19 00:00	74.44	75.71	73.86	75.13	5870
2023-12-19 04:00	75.29	76.07	74.82	75.76	2136
2023-12-19 08:00	75.61	75.87	74.54	74.76	2719
2023-12-19 12:00	74.59	75.11	72.85	73.43	3730
2023-12-19 16:00	73.63	74.31	72.00	74.25	6517
2023-12-19 20:00	74.32	75.40	72.34	73.06	5905
2023-12-20 00:00	73.00	75.07	72.98	74.90	3622
2023-12-20 04:00	74.76	76.00	74.30	75.89	2675
2023-12-20 08:00	76.00	78.45	75.69	77.07	7241
2023-12-20 12:00	77.07	81.19	76.39	80.65	9852
2023-12-20 16:00	80.68	84.00	79.12	81.09	11428
2023-12-20 20:00	81.15	82.35	79.29	81.97	8104
2023-12-21 00:00	82.05	84.41	81.31	83.51	6585
2023-12-21 04:00	83.41	87.08	83.12	86.79	8545
2023-12-21 08:00	86.83	88.40	85.18	86.97	3938
2023-12-21 12:00	86.98	88.31	85.94	87.64	6368
2023-12-21 16:00	87.62	95.00	87.62	92.91	15466
2023-12-21 20:00	92.88	95.00	91.86	93.90	8027
2023-12-22 00:00	93.87	99.36	93.22	97.76	12873
2023-12-22 04:00	97.77	99.23	93.20	93.72	6844
2023-12-22 08:00	93.50	95.17	91.49	93.84	3899
2023-12-22 12:00	93.85	96.73	92.25	96.45	8611
2023-12-22 16:00	96.25	97.58	93.45	96.85	9443
2023-12-22 20:00	96.85	98.29	95.86	97.81	4291
2023-12-23 00:00	97.76	98.09	93.51	94.01	6222
2023-12-23 04:00	93.94	96.47	93.00	95.33	3208
2023-12-23 08:00	95.39	96.34	94.78	95.56	1365
2023-12-23 12:00	95.84	97.09	95.32	96.64	4177
2023-12-23 16:00	96.77	103.99	96.18	102.75	14964
2023-12-23 20:00	102.95	109.24	101.82	107.94	11843
2023-12-24 00:00	107.92	117.00	107.38	116.66	19537
2023-12-24 04:00	116.52	118.00	110.88	114.39	13274
2023-12-24 08:00	114.29	114.63	108.00	110.22	6156
2023-12-24 12:00	110.07	114.38	109.20	113.55	9392
2023-12-24 16:00	113.92	116.72	112.34	115.12	11789
2023-12-24 20:00	115.25	115.43	111.00	112.91	7286
2023-12-25 00:00	112.55	113.26	109.30	112.15	9876
2023-12-25 04:00	112.29	114.40	111.87	112.71	5954
2023-12-25 08:00	112.99	113.56	110.36	111.80	2833
2023-12-25 12:00	111.74	123.00	110.42	122.73	15129
2023-12-25 16:00	122.99	125.81	121.00	121.34	15275
2023-12-25 20:00	121.34	121.75	116.49	120.69	9304
2023-12-26 00:00	120.76	121.28	116.99	119.34	4738
2023-12-26 04:00	119.36	120.65	112.10	113.44	5055
2023-12-26 08:00	113.44	115.63	111.68	114.94	2914
2023-12-26 12:00	114.69	117.07	111.29	111.29	6365
2023-12-26 16:00	111.38	112.69	102.24	106.67	18874
2023-12-26 20:00	106.62	112.98	106.34	112.64	7327
2023-12-27 00:00	112.37	113.55	108.00	108.52	5242
2023-12-27 04:00	108.75	112.68	108.52	111.44	3785
2023-12-27 08:00	111.33	114.65	110.95	112.90	2750
2023-12-27 12:00	112.69	113.18	106.68	108.58	8242
2023-12-27 16:00	108.59	110.16	105.08	109.12	7897
2023-12-27 20:00	108.78	110.00	106.58	106.97	3751
2023-12-28 00:00	106.90	109.52	103.20	104.63	7651
2023-12-28 04:00	104.63	106.38	102.16	105.68	4583
2023-12-28 08:00	105.66	106.07	103.00	104.83	1757
2023-12-28 12:00	104.65	105.03	97.03	99.69	12967
2023-12-28 16:00	99.49	101.27	98.46	101.15	3884
2023-12-28 20:00	100.86	103.89	98.97	101.91	4793
2023-12-29 00:00	101.86	105.90	99.61	104.98	5945
2023-12-29 04:00	105.00	108.65	104.25	105.05	4373
2023-12-29 08:00	105.20	109.69	105.03	107.39	2425
2023-12-29 12:00	107.66	109.28	105.71	106.31	5838
2023-12-29 16:00	106.06	107.86	103.67	106.08	3401
2023-12-29 20:00	106.08	106.27	103.50	106.18	1556
2023-12-30 00:00	106.29	107.34	103.00	103.59	2519
2023-12-30 04:00	103.39	104.85	103.30	103.54	1086
2023-12-30 08:00	103.51	103.51	101.07	102.21	1033
2023-12-30 12:00	102.25	104.32	102.17	103.96	869
2023-12-30 16:00	103.91	104.78	102.78	103.29	1704
2023-12-30 20:00	103.29	104.22	101.33	101.77	1407
2023-12-31 00:00	101.83	102.86	100.01	100.73	1680
2023-12-31 04:00	100.74	104.49	100.52	104.00	1827
2023-12-31 08:00	104.09	104.86	103.45	104.08	569
2023-12-31 12:00	104.08	104.99	102.25	102.41	1310
2023-12-31 16:00	102.51	104.42	102.34	103.84	1485
2023-12-31 20:00	103.80	104.99	100.00	101.53	1918
2024-01-01 00:00	101.58	104.30	101.58	102.66	1523
2024-01-01 04:00	102.89	103.60	101.53	102.47	939
2024-01-01 08:00	102.67	104.79	101.85	104.02	4233
2024-01-01 12:00	104.02	105.74	103.73	105.68	1576
2024-01-01 16:00	105.55	108.67	105.55	108.41	5231
2024-01-01 20:00	108.57	109.15	107.36	109.08	2186
2024-01-02 00:00	109.05	112.90	108.40	111.43	8476
2024-01-02 04:00	111.46	114.58	111.09	114.55	3381
2024-01-02 08:00	114.53	116.96	112.78	113.73	3308
2024-01-02 12:00	113.94	114.22	108.92	109.63	7171
2024-01-02 16:00	109.63	110.46	106.94	107.82	5192
2024-01-02 20:00	107.79	109.10	106.21	106.93	2238
2024-01-03 00:00	106.93	108.67	106.60	107.71	3158
2024-01-03 04:00	108.03	109.81	107.21	107.78	955
2024-01-03 08:00	107.89	109.31	104.16	104.42	2095
2024-01-03 12:00	104.16	104.16	96.23	101.02	12522
2024-01-03 16:00	100.88	102.63	95.66	97.87	6129
2024-01-03 20:00	97.86	100.28	97.60	98.54	2921
2024-01-04 00:00	98.47	102.03	97.73	100.99	3445
2024-01-04 04:00	101.27	101.53	98.72	98.89	1126
2024-01-04 08:00	99.00	99.13	97.26	98.37	2031
2024-01-04 12:00	98.45	104.57	98.33	103.96	2239
2024-01-04 16:00	103.84	106.77	101.64	105.21	4178
2024-01-04 20:00	105.34	107.98	104.47	105.02	2877
2024-01-05 00:00	104.83	105.31	100.50	100.82	4155
2024-01-05 04:00	101.00	102.12	100.08	101.14	2134
2024-01-05 08:00	101.26	103.04	99.17	99.62	1771
2024-01-05 12:00	99.62	101.31	97.50	97.71	2542
2024-01-05 16:00	98.00	98.75	95.46	97.88	3998
2024-01-05 20:00	98.17	100.39	97.88	99.88	1006
2024-01-06 00:00	99.99	100.20	97.78	98.54	1334
2024-01-06 04:00	98.59	98.74	91.50	94.42	3692
2024-01-06 08:00	94.37	95.80	93.80	94.74	2022
2024-01-06 12:00	94.43	96.43	92.94	95.25	2053
2024-01-06 16:00	95.13	97.16	94.61	95.11	3146
2024-01-06 20:00	95.26	95.59	92.35	93.80	1994
2024-01-07 00:00	93.81	96.19	91.43	92.75	5117
2024-01-07 04:00	93.01	95.50	92.75	95.29	1334
2024-01-07 08:00	95.26	95.53	93.04	94.56	2357
2024-01-07 12:00	94.43	96.71	93.46	94.01	2089
2024-01-07 16:00	94.04	94.93	93.18	94.74	1476
2024-01-07 20:00	94.88	95.23	87.75	89.26	6901
2024-01-08 00:00	89.15	90.80	85.07	87.23	7414
2024-01-08 04:00	87.24	90.61	86.99	89.68	3812
2024-01-08 08:00	89.81	91.80	88.86	91.31	651
2024-01-08 12:00	91.37	95.43	91.37	94.50	5085
2024-01-08 16:00	94.81	99.90	94.63	99.46	6385
2024-01-08 20:00	99.25	99.55	96.50	98.00	2804
2024-01-09 00:00	98.06	99.50	96.50	99.48	2897
2024-01-09 04:00	99.49	103.93	99.15	101.86	5392
2024-01-09 08:00	101.90	102.65	99.72	101.87	2601
2024-01-09 12:00	101.95	102.27	98.69	99.84	3621
2024-01-09 16:00	99.83	101.31	98.59	99.36	2267
2024-01-09 20:00	99.37	104.86	95.84	99.38	7715
2024-01-10 00:00	99.34	100.14	97.75	99.61	1442
2024-01-10 04:00	99.77	100.27	98.17	98.17	629
2024-01-10 08:00	98.14	98.16	96.43	97.36	711
2024-01-10 12:00	97.56	97.56	92.38	94.65	5523
2024-01-10 16:00	94.89	98.20	93.99	96.26	4853
2024-01-10 20:00	96.17	105.29	93.41	102.16	12622
2024-01-11 00:00	101.94	102.16	99.30	100.07	4839
2024-01-11 04:00	100.10	101.74	98.13	99.73	3957
2024-01-11 08:00	99.73	104.20	99.68	104.15	2443
2024-01-11 12:00	104.20	106.73	99.71	100.51	9019
2024-01-11 16:00	100.78	101.39	98.25	100.80	4740
2024-01-11 20:00	100.95	101.84	99.09	99.95	1401
2024-01-12 00:00	99.92	100.32	97.77	98.03	1984
2024-01-12 04:00	98.01	100.44	97.75	98.78	919
2024-01-12 08:00	98.78	99.20	97.75	98.38	999
2024-01-12 12:00	98.22	99.24	95.21	95.57	4428
2024-01-12 16:00	95.24	98.69	93.01	95.28	7899
2024-01-12 20:00	95.36	95.86	88.41	92.08	6143
2024-01-13 00:00	92.01	94.00	90.00	92.59	2795
2024-01-13 04:00	92.45	93.52	91.74	93.33	288
2024-01-13 08:00	93.02	93.33	91.90	92.25	1102
2024-01-13 12:00	92.49	93.73	91.45	93.00	410
2024-01-13 16:00	93.13	95.66	92.00	95.03	1713
2024-01-13 20:00	95.01	104.47	94.92	95.95	13860
2024-01-14 00:00	96.01	96.96	94.66	96.92	2363
2024-01-14 04:00	96.89	98.66	95.59	97.60	4145
2024-01-14 08:00	97.89	98.62	97.00	97.13	1783
2024-01-14 12:00	97.09	99.50	96.57	99.50	1269
2024-01-14 16:00	99.49	102.89	96.41	96.58	5880
2024-01-14 20:00	96.41	97.90	94.30	94.50	4153
2024-01-15 00:00	94.50	96.87	94.40	96.20	1388
2024-01-15 04:00	96.22	96.88	95.57	95.74	624
2024-01-15 08:00	95.94	95.96	94.78	95.48	1463
2024-01-15 12:00	95.45	95.72	93.55	93.85	1677
2024-01-15 16:00	93.67	96.77	93.58	96.34	1099
2024-01-15 20:00	96.34	96.50	93.96	94.75	1642
2024-01-16 00:00	94.75	96.19	94.56	96.07	1795
2024-01-16 04:00	96.09	98.00	95.34	97.45	1298
2024-01-16 08:00	97.48	97.92	96.35	96.66	1069
2024-01-16 12:00	96.87	97.57	94.50	97.40	1931
2024-01-16 16:00	97.26	97.50	96.05	96.82	1833
2024-01-16 20:00	96.87	98.67	96.71	97.79	2548
2024-01-17 00:00	97.82	100.79	97.60	99.90	5103
2024-01-17 04:00	99.90	100.01	97.16	97.38	3138
2024-01-17 08:00	97.14	102.68	96.79	102.02	5127
2024-01-17 12:00	101.80	102.63	99.32	99.39	4798
2024-01-17 16:00	99.31	101.14	97.52	100.70	4787
2024-01-17 20:00	100.70	102.19	100.06	102.02	2947
2024-01-18 00:00	102.08	103.00	99.80	99.98	5103
2024-01-18 04:00	99.97	101.43	99.84	100.80	1045
2024-01-18 08:00	100.85	101.17	98.61	98.78	881
2024-01-18 12:00	98.96	99.25	97.81	98.28	2392
2024-01-18 16:00	98.28	98.28	91.63	92.75	10766
2024-01-18 20:00	92.28	94.90	92.28	94.28	4357
2024-01-19 00:00	94.37	94.73	91.60	93.07	3559
2024-01-19 04:00	93.00	95.30	92.86	94.36	2071
2024-01-19 08:00	94.35	95.35	93.89	94.94	603
2024-01-19 12:00	94.77	94.94	91.09	91.46	4873
2024-01-19 16:00	91.46	94.53	88.00	94.15	8755
2024-01-19 20:00	94.28	94.91	92.80	93.45	2803
2024-01-20 00:00	93.58	94.19	92.10	93.43	1399
2024-01-20 04:00	93.50	93.57	91.82	91.94	2033
2024-01-20 08:00	91.94	92.27	91.22	91.91	459
2024-01-20 12:00	91.98	92.16	90.49	90.90	1250
2024-01-20 16:00	90.85	92.54	90.72	92.04	615
2024-01-20 20:00	91.91	93.29	91.91	92.47	1372
2024-01-21 00:00	92.74	93.48	91.91	93.02	3378
2024-01-21 04:00	93.06	93.06	92.11	92.66	548
2024-01-21 08:00	92.46	93.94	92.38	93.51	766
2024-01-21 12:00	93.61	93.85	92.57	92.83	234
2024-01-21 16:00	92.73	93.03	92.21	92.65	705
2024-01-21 20:00	92.89	92.89	91.74	91.74	822
2024-01-22 00:00	91.79	91.98	91.25	91.87	1478
2024-01-22 04:00	91.85	91.87	88.98	89.14	3058
2024-01-22 08:00	89.09	89.14	86.40	88.54	1890
2024-01-22 12:00	88.47	89.86	85.75	87.24	3848
2024-01-22 16:00	87.14	87.59	82.50	83.59	9732
2024-01-22 20:00	83.58	86.30	83.25	83.80	3944
2024-01-23 00:00	83.87	85.82	83.66	85.16	1252
2024-01-23 04:00	85.36	85.98	82.64	82.73	796
2024-01-23 08:00	82.78	83.42	79.09	80.10	7272
2024-01-23 12:00	80.20	83.27	79.04	82.67	3846
2024-01-23 16:00	82.77	83.83	80.91	81.01	3844
2024-01-23 20:00	80.99	84.37	80.52	84.23	2704
2024-01-24 00:00	84.26	85.71	83.48	83.62	2571
2024-01-24 04:00	83.68	86.74	83.44	86.09	2476
2024-01-24 08:00	86.12	88.40	85.99	87.14	1146
2024-01-24 12:00	87.25	87.84	85.30	86.90	3376
2024-01-24 16:00	87.00	87.82	85.61	86.39	2916
2024-01-24 20:00	86.41	89.46	85.99	88.68	2016
2024-01-25 00:00	88.84	89.56	87.75	88.40	1743
2024-01-25 04:00	88.35	88.60	86.84	88.25	1406
2024-01-25 08:00	88.25	89.21	86.71	88.97	618
2024-01-25 12:00	88.97	89.22	86.09	86.50	2173
2024-01-25 16:00	86.40	88.08	85.15	87.60	3279
2024-01-25 20:00	87.62	87.68	86.53	87.06	1158
2024-01-26 00:00	86.94	88.25	85.99	87.81	2431
2024-01-26 04:00	87.88	88.43	86.78	86.86	260
2024-01-26 08:00	87.16	92.34	86.86	92.27	2833
2024-01-26 12:00	91.75	92.58	90.19	92.21	2362
2024-01-26 16:00	92.39	93.66	92.00	92.68	3528
2024-01-26 20:00	92.73	93.18	91.77	92.36	1788
2024-01-27 00:00	92.32	93.28	92.22	92.71	1487
2024-01-27 04:00	92.70	92.74	90.89	91.04	1455
2024-01-27 08:00	91.18	92.12	90.77	91.92	623
2024-01-27 12:00	92.04	92.88	91.79	92.68	445
2024-01-27 16:00	92.69	93.15	92.22	93.10	404
2024-01-27 20:00	92.89	94.01	92.82	93.87	1464
2024-01-28 00:00	93.87	96.01	93.38	95.89	2803
2024-01-28 04:00	95.96	97.15	95.55	95.89	3220
2024-01-28 08:00	95.88	98.84	95.80	98.49	1813
2024-01-28 12:00	98.41	98.41	96.53	97.06	1728
2024-01-28 16:00	97.07	97.81	94.39	94.52	3581
2024-01-28 20:00	94.52	96.30	93.50	95.91	3034
2024-01-29 00:00	96.00	98.45	95.12	97.93	3105
2024-01-29 04:00	97.92	97.93	96.27	96.71	1617
2024-01-29 08:00	96.69	97.50	96.31	97.19	652
2024-01-29 12:00	97.45	99.30	95.60	99.26	2654
2024-01-29 16:00	99.26	101.00	98.51	100.51	5607
2024-01-29 20:00	100.39	101.51	100.39	101.37	1753
2024-01-30 00:00	101.35	103.73	101.00	102.21	3704
2024-01-30 04:00	102.38	103.32	101.81	102.85	737
2024-01-30 08:00	102.91	105.85	102.50	105.61	3323
2024-01-30 12:00	105.75	106.36	103.62	104.69	6748
2024-01-30 16:00	104.73	105.60	103.35	105.40	2638
2024-01-30 20:00	105.29	105.51	101.08	101.41	3119
2024-01-31 00:00	101.48	101.86	98.81	101.00	5238
2024-01-31 04:00	101.08	101.74	99.93	101.74	1320
2024-01-31 08:00	101.75	101.89	97.40	99.19	2090
2024-01-31 12:00	99.17	101.78	97.67	101.41	3560
2024-01-31 16:00	101.53	102.66	99.80	100.96	4363
2024-01-31 20:00	100.90	101.10	96.21	97.17	6005
2024-02-01 00:00	96.96	97.62	93.41	93.62	6517
2024-02-01 04:00	93.57	95.72	93.18	95.01	2219
2024-02-01 08:00	94.96	96.68	94.67	95.34	1580
2024-02-01 12:00	95.45	97.44	94.90	96.05	2560
2024-02-01 16:00	96.04	97.89	94.96	97.72	3201
2024-02-01 20:00	97.88	98.01	96.98	97.91	1420
2024-02-02 00:00	97.79	99.96	97.50	99.00	4432
2024-02-02 04:00	98.99	101.47	98.48	101.20	2224
2024-02-02 08:00	101.40	102.25	99.99	102.06	823
2024-02-02 12:00	101.90	102.46	98.39	101.33	3224
2024-02-02 16:00	101.53	102.08	98.42	99.38	2151
2024-02-02 20:00	99.44	100.77	98.96	100.49	1093
2024-02-03 00:00	100.55	101.18	99.22	99.29	1710
2024-02-03 04:00	99.25	100.00	98.77	98.92	1333
2024-02-03 08:00	99.20	99.30	98.46	98.68	323
2024-02-03 12:00	98.63	98.90	96.80	98.02	2745
2024-02-03 16:00	98.16	98.70	97.28	98.08	1386
2024-02-03 20:00	98.08	98.40	97.64	97.99	790
2024-02-04 00:00	97.99	98.55	97.02	98.26	528
2024-02-04 04:00	98.13	98.26	96.21	96.58	1230
2024-02-04 08:00	96.46	98.18	96.00	97.94	509
2024-02-04 12:00	97.88	98.33	97.28	97.58	665
2024-02-04 16:00	97.57	97.61	96.25	96.51	603
2024-02-04 20:00	96.31	96.95	95.50	95.57	844
2024-02-05 00:00	95.96	96.26	94.47	96.04	1647
2024-02-05 04:00	96.05	97.95	95.86	97.72	1753
2024-02-05 08:00	97.84	98.15	97.04	97.70	291
2024-02-05 12:00	97.96	98.65	95.32	95.50	3170
2024-02-05 16:00	95.59	96.47	95.53	95.97	745
2024-02-05 20:00	96.04	96.04	94.30	95.64	1463
2024-02-06 00:00	95.69	96.72	95.30	96.02	502
2024-02-06 04:00	96.02	96.02	94.82	95.79	460
2024-02-06 08:00	95.86	96.31	93.62	94.54	1211
2024-02-06 12:00	94.40	95.81	94.12	95.57	1149
2024-02-06 16:00	95.82	97.58	95.57	97.47	1640
2024-02-06 20:00	97.55	97.78	96.74	96.87	958
2024-02-07 00:00	96.91	97.35	95.60	95.60	691
2024-02-07 04:00	95.58	96.19	95.34	95.54	979
2024-02-07 08:00	95.61	95.98	94.72	95.10	294
2024-02-07 12:00	95.14	96.59	95.11	96.22	451
2024-02-07 16:00	96.22	98.05	96.21	97.02	2058
2024-02-07 20:00	97.20	101.45	97.02	100.95	6622
2024-02-08 00:00	101.12	102.48	101.00	101.68	4802
2024-02-08 04:00	101.72	101.93	100.60	100.64	1860
2024-02-08 08:00	100.90	102.21	100.84	101.15	344
2024-02-08 12:00	101.21	104.83	101.01	104.74	5519
2024-02-08 16:00	104.81	104.84	101.84	102.39	3612
2024-02-08 20:00	102.39	103.35	102.30	102.81	1502
2024-02-09 00:00	102.80	104.99	102.77	103.90	6125
2024-02-09 04:00	103.90	105.63	103.68	105.33	4145
2024-02-09 08:00	105.28	106.32	104.29	105.66	4584
2024-02-09 12:00	105.70	106.82	104.18	105.60	6963
2024-02-09 16:00	105.69	106.44	104.36	105.03	3361
2024-02-09 20:00	105.14	109.00	104.90	106.78	6612
2024-02-10 00:00	106.97	110.67	106.87	110.61	5250
2024-02-10 04:00	110.67	110.78	108.74	108.84	1147
2024-02-10 08:00	108.86	109.54	107.30	108.00	2338
2024-02-10 12:00	107.99	108.74	107.00	108.62	2735
2024-02-10 16:00	108.55	109.53	107.83	109.09	837
2024-02-10 20:00	109.05	110.29	108.73	109.15	3779
2024-02-11 00:00	109.06	109.95	107.83	109.46	3493
2024-02-11 04:00	109.52	109.92	108.58	109.13	1567
2024-02-11 08:00	109.13	110.50	108.65	109.51	1397
2024-02-11 12:00	109.62	110.60	108.75	108.93	1984
2024-02-11 16:00	108.87	109.07	107.77	108.28	2192
2024-02-11 20:00	108.14	108.72	107.30	107.48	1474
2024-02-12 00:00	107.47	109.27	105.10	106.27	5769
2024-02-12 04:00	106.20	106.35	104.58	106.02	2257
2024-02-12 08:00	106.05	106.36	103.51	104.19	831
2024-02-12 12:00	104.20	108.96	103.89	108.96	2752
2024-02-12 16:00	108.96	111.24	107.63	109.70	6124
2024-02-12 20:00	109.85	111.97	109.74	111.74	2012
2024-02-13 00:00	111.69	114.90	111.65	113.10	6304
2024-02-13 04:00	113.12	114.51	113.00	113.95	1659
2024-02-13 08:00	114.04	115.00	112.98	114.05	2900
2024-02-13 12:00	114.05	114.17	109.17	110.40	5895
2024-02-13 16:00	110.47	112.25	108.36	111.56	2838
2024-02-13 20:00	111.56	113.63	111.56	112.58	2452
2024-02-14 00:00	112.50	112.50	110.71	112.05	1370
2024-02-14 04:00	112.06	113.23	111.57	113.19	1032
2024-02-14 08:00	113.06	116.23	112.84	115.69	3031
2024-02-14 12:00	115.59	118.71	115.14	116.85	5924
2024-02-14 16:00	116.84	116.94	115.18	116.24	2433
2024-02-14 20:00	116.23	117.42	116.04	116.83	3773
2024-02-15 00:00	116.83	118.36	116.42	117.59	4147
2024-02-15 04:00	117.76	117.76	115.14	115.58	2368
2024-02-15 08:00	115.42	116.95	115.18	116.05	1010
2024-02-15 12:00	116.04	117.20	113.09	114.12	6698
2024-02-15 16:00	114.12	115.00	112.94	114.07	3867
2024-02-15 20:00	114.29	114.36	111.82	113.62	2458
2024-02-16 00:00	113.56	114.16	112.34	113.70	2161
2024-02-16 04:00	113.76	113.96	111.59	111.59	1891
2024-02-16 08:00	111.59	112.61	110.74	112.16	2449
2024-02-16 12:00	112.10	113.13	108.00	109.61	3857
2024-02-16 16:00	109.66	110.38	108.39	108.81	2068
2024-02-16 20:00	108.64	110.67	108.64	110.35	1055
2024-02-17 00:00	110.28	110.93	109.23	109.75	1765
2024-02-17 04:00	109.77	110.31	108.69	110.28	626
2024-02-17 08:00	110.20	110.68	108.44	109.34	540
2024-02-17 12:00	109.33	109.52	105.94	107.34	1917
2024-02-17 16:00	107.21	108.07	106.60	107.96	969
2024-02-17 20:00	107.99	109.60	107.87	108.97	999
2024-02-18 00:00	108.86	109.69	107.59	108.32	433
2024-02-18 04:00	108.35	109.63	108.18	109.06	845
2024-02-18 08:00	109.04	112.70	108.84	111.75	977
2024-02-18 12:00	111.64	112.41	110.75	112.20	824
2024-02-18 16:00	112.28	113.65	111.78	112.71	1419
2024-02-18 20:00	112.75	113.19	111.76	112.22	1634
2024-02-19 00:00	112.19	112.83	111.29	111.62	1356
2024-02-19 04:00	111.65	113.16	111.20	113.07	985
2024-02-19 08:00	113.00	113.07	110.93	112.70	923
2024-02-19 12:00	112.68	114.76	111.79	113.58	4812
2024-02-19 16:00	113.58	114.02	111.58	112.03	1933
2024-02-19 20:00	111.91	112.99	111.19	111.52	2221
2024-02-20 00:00	111.48	112.07	108.99	109.57	3006
2024-02-20 04:00	109.64	111.00	109.06	109.41	1646
2024-02-20 08:00	109.49	110.76	108.14	110.41	1542
2024-02-20 12:00	110.39	110.63	104.22	106.56	7736
2024-02-20 16:00	106.56	107.54	104.76	107.33	3080
2024-02-20 20:00	107.17	109.56	106.88	108.35	1269
2024-02-21 00:00	108.42	108.42	106.50	106.61	1148
2024-02-21 04:00	106.56	106.95	104.59	104.88	2381
2024-02-21 08:00	104.87	105.55	102.35	102.87	1856
2024-02-21 12:00	102.73	104.32	101.10	103.81	2124
2024-02-21 16:00	103.82	104.43	100.34	101.77	6936
2024-02-21 20:00	102.18	105.60	101.72	105.08	4838
2024-02-22 00:00	105.07	105.07	102.14	103.66	3431
2024-02-22 04:00	103.60	105.37	103.28	104.90	1752
2024-02-22 08:00	105.05	107.04	104.90	105.85	827
2024-02-22 12:00	105.84	106.10	103.27	105.22	3671
2024-02-22 16:00	105.30	105.34	103.46	103.53	2131
2024-02-22 20:00	103.56	105.50	101.63	101.76	3498
2024-02-23 00:00	101.78	102.91	101.13	101.74	3565
2024-02-23 04:00	101.68	103.04	101.49	102.00	628
2024-02-23 08:00	101.98	102.96	101.31	102.64	412
2024-02-23 12:00	102.72	102.84	100.26	100.39	1492
2024-02-23 16:00	100.31	101.63	98.80	101.37	4849
2024-02-23 20:00	101.42	101.66	99.05	99.93	1507
2024-02-24 00:00	100.15	100.84	98.89	100.31	2693
2024-02-24 04:00	100.32	102.23	100.31	102.23	1167
2024-02-24 08:00	102.24	102.70	101.67	102.14	705
2024-02-24 12:00	102.21	102.52	101.76	102.06	781
2024-02-24 16:00	101.93	104.13	101.93	104.09	721
2024-02-24 20:00	104.08	104.73	103.68	104.18	693
2024-02-25 00:00	103.99	104.34	102.23	103.39	791
2024-02-25 04:00	103.39	103.65	102.79	103.11	285
2024-02-25 08:00	102.87	103.11	102.15	102.77	232
2024-02-25 12:00	102.83	103.74	102.33	102.65	867
2024-02-25 16:00	102.93	103.63	101.71	103.39	2502
2024-02-25 20:00	103.54	104.26	103.11	103.48	1154
2024-02-26 00:00	103.48	104.70	102.32	103.42	1845
2024-02-26 04:00	103.43	104.24	103.08	103.34	649
2024-02-26 08:00	103.42	104.08	100.66	100.91	1125
2024-02-26 12:00	101.06	104.80	100.36	104.57	1725
2024-02-26 16:00	104.57	109.82	104.47	109.55	5769
2024-02-26 20:00	109.65	110.66	108.40	109.80	3301
2024-02-27 00:00	110.08	112.21	109.30	110.00	5060
2024-02-27 04:00	110.00	111.38	109.21	110.60	1644
2024-02-27 08:00	110.70	111.72	110.30	111.41	1560
2024-02-27 12:00	111.43	111.65	106.17	106.98	5340
2024-02-27 16:00	106.87	108.36	105.35	108.25	2421
2024-02-27 20:00	108.34	109.27	107.62	108.37	1257
2024-02-28 00:00	108.32	109.25	107.34	107.61	2044
2024-02-28 04:00	107.64	109.39	107.61	109.39	637
2024-02-28 08:00	109.39	114.91	109.16	111.44	7154
2024-02-28 12:00	111.39	113.24	110.59	113.01	6550
2024-02-28 16:00	112.99	116.47	109.04	111.52	17714
2024-02-28 20:00	111.68	118.11	110.22	118.11	11399
2024-02-29 00:00	118.10	123.15	117.00	123.00	13573
2024-02-29 04:00	122.99	125.00	121.91	125.00	4330
2024-02-29 08:00	125.00	132.83	124.70	128.97	8875
2024-02-29 12:00	129.22	134.56	127.20	132.40	9584
2024-02-29 16:00	132.43	132.93	126.31	130.15	8755
2024-02-29 20:00	130.15	131.90	122.75	125.41	10131
2024-03-01 00:00	125.45	139.50	125.45	134.19	10733
2024-03-01 04:00	134.13	137.72	131.50	132.07	4598
2024-03-01 08:00	132.03	135.36	131.03	135.36	2313
2024-03-01 12:00	135.09	135.12	130.35	131.12	5222
2024-03-01 16:00	131.10	133.48	129.49	131.03	5304
2024-03-01 20:00	131.04	131.69	129.50	129.51	1899
2024-03-02 00:00	129.49	131.41	127.35	130.08	4677
2024-03-02 04:00	130.11	130.45	128.00	128.96	1206
2024-03-02 08:00	129.01	130.31	127.44	128.51	1581
2024-03-02 12:00	128.93	130.24	127.51	128.31	2385
2024-03-02 16:00	128.18	130.30	127.58	130.26	1877
2024-03-02 20:00	130.05	130.65	128.23	130.00	1689
2024-03-03 00:00	129.78	130.63	128.32	130.13	1450
2024-03-03 04:00	129.98	130.47	126.32	126.87	1942
2024-03-03 08:00	126.86	131.19	126.00	128.77	1500
2024-03-03 12:00	128.76	129.52	127.72	129.33	1854
2024-03-03 16:00	129.42	130.95	128.82	130.24	1701
2024-03-03 20:00	130.43	131.55	129.20	130.38	1873
2024-03-04 00:00	130.13	132.47	128.51	128.73	4329
2024-03-04 04:00	128.73	129.91	128.51	129.51	1857
2024-03-04 08:00	129.68	134.45	129.52	132.55	3631
2024-03-04 12:00	132.62	133.64	130.00	131.68	3581
2024-03-04 16:00	131.96	131.99	127.44	129.53	6877
2024-03-04 20:00	129.53	132.75	128.30	132.51	2761
2024-03-05 00:00	132.51	132.85	129.05	129.88	4498
2024-03-05 04:00	129.88	132.89	127.39	129.58	4678
2024-03-05 08:00	129.58	132.06	129.12	130.75	971
2024-03-05 12:00	130.59	142.68	130.59	139.70	13494
2024-03-05 16:00	139.65	140.46	123.91	123.91	14303
2024-03-05 20:00	124.00	128.08	119.20	125.51	8144
2024-03-06 00:00	125.29	126.77	120.50	122.56	3110
2024-03-06 04:00	122.51	133.00	122.47	132.84	6019
2024-03-06 08:00	132.90	134.39	129.28	131.99	2863
2024-03-06 12:00	132.01	132.08	125.57	128.27	3460
2024-03-06 16:00	128.34	131.82	128.13	130.72	2979
2024-03-06 20:00	130.70	132.26	130.12	130.93	2737
2024-03-07 00:00	130.99	141.24	130.47	138.08	11925
2024-03-07 04:00	138.30	139.89	136.14	138.33	3640
2024-03-07 08:00	138.33	143.50	138.33	140.31	7268
2024-03-07 12:00	140.31	149.00	139.16	145.41	11724
2024-03-07 16:00	145.42	148.98	145.00	148.70	11709
2024-03-07 20:00	148.70	148.75	143.62	143.65	3551
2024-03-08 00:00	143.83	146.30	143.25	144.33	2854
2024-03-08 04:00	144.12	145.45	142.12	144.49	2917
2024-03-08 08:00	144.65	148.98	144.49	148.95	1874
2024-03-08 12:00	148.95	152.59	143.32	145.29	10118
2024-03-08 16:00	145.97	150.61	142.19	147.70	8219
2024-03-08 20:00	147.75	149.00	143.64	144.81	3825
2024-03-09 00:00	144.66	146.85	144.50	145.79	2297
2024-03-09 04:00	145.78	149.00	145.48	148.50	2037
2024-03-09 08:00	148.57	148.65	145.12	146.70	1062
2024-03-09 12:00	146.69	147.08	145.10	146.60	948
2024-03-09 16:00	146.69	147.01	143.82	145.21	3532
2024-03-09 20:00	145.26	146.55	144.01	144.32	2731
2024-03-10 00:00	144.22	148.24	143.98	146.68	2817
2024-03-10 04:00	146.72	148.35	146.66	148.30	685
2024-03-10 08:00	148.30	148.44	145.13	145.44	956
2024-03-10 12:00	145.44	145.89	141.95	142.96	4397
2024-03-10 16:00	142.95	145.33	142.95	145.01	2658
2024-03-10 20:00	144.99	145.22	140.87	143.76	6459
2024-03-11 00:00	143.95	144.15	137.69	141.24	5149
2024-03-11 04:00	141.10	148.12	139.89	147.77	4245
2024-03-11 08:00	147.71	149.70	147.28	148.36	5386
2024-03-11 12:00	148.22	149.99	145.74	147.05	4408
2024-03-11 16:00	147.16	148.25	145.62	146.59	2611
2024-03-11 20:00	146.41	149.20	146.41	148.85	1929
2024-03-12 00:00	148.76	155.00	147.22	151.02	6394
2024-03-12 04:00	150.92	154.40	149.61	152.10	2645
2024-03-12 08:00	152.08	153.09	148.90	150.59	1234
2024-03-12 12:00	150.59	151.89	147.42	150.50	3805
2024-03-12 16:00	150.43	150.65	143.41	149.35	8726
2024-03-12 20:00	149.72	151.10	147.00	150.88	3382
2024-03-13 00:00	150.91	151.55	148.96	149.48	1476
2024-03-13 04:00	149.26	152.83	148.77	150.71	1305
2024-03-13 08:00	150.84	154.05	150.84	153.51	1396
2024-03-13 12:00	153.37	159.26	150.01	157.17	8780
2024-03-13 16:00	157.32	161.80	156.71	161.27	7225
2024-03-13 20:00	161.34	165.81	157.37	163.30	7711
2024-03-14 00:00	163.30	168.89	161.43	167.34	7384
2024-03-14 04:00	167.27	169.17	165.34	168.27	3453
2024-03-14 08:00	168.18	174.14	168.02	172.99	5229
2024-03-14 12:00	173.19	173.27	164.44	167.69	10574
2024-03-14 16:00	167.82	170.15	160.00	162.46	11954
2024-03-14 20:00	162.29	177.88	162.11	176.52	8051
2024-03-15 00:00	176.52	186.58	173.23	177.00	17399
2024-03-15 04:00	176.09	181.57	171.58	176.25	6935
2024-03-15 08:00	176.25	177.36	165.27	170.23	8124
2024-03-15 12:00	169.99	184.70	168.26	181.78	9318
2024-03-15 16:00	181.78	188.81	178.34	183.11	8992
2024-03-15 20:00	183.29	185.45	175.66	183.84	6747
2024-03-16 00:00	183.65	188.50	180.60	186.81	4322
2024-03-16 04:00	187.54	193.52	185.36	193.06	6407
2024-03-16 08:00	193.00	196.00	184.00	193.11	4231
2024-03-16 12:00	192.71	195.02	187.98	195.01	8305
2024-03-16 16:00	195.01	195.37	178.88	180.50	9678
2024-03-16 20:00	180.41	185.85	176.90	182.06	7084
2024-03-17 00:00	181.91	188.90	181.91	186.39	5109
2024-03-17 04:00	186.45	188.41	179.00	182.23	5044
2024-03-17 08:00	182.04	193.26	180.63	191.91	3667
2024-03-17 12:00	191.56	195.86	189.00	195.50	6664
2024-03-17 16:00	195.50	197.67	192.59	195.83	10209
2024-03-17 20:00	196.41	203.00	196.21	201.64	8299
2024-03-18 00:00	201.38	204.50	194.10	203.96	8178
2024-03-18 04:00	203.98	204.95	200.20	202.92	4600
2024-03-18 08:00	203.17	209.92	198.38	208.47	3897
2024-03-18 12:00	208.18	209.00	198.25	203.92	13821
2024-03-18 16:00	203.92	205.28	195.56	198.19	6215
2024-03-18 20:00	198.32	204.38	195.61	196.00	3658
2024-03-19 00:00	196.37	198.58	181.00	185.38	7424
2024-03-19 04:00	184.90	188.86	179.23	185.37	5713
2024-03-19 08:00	185.65	185.65	171.05	177.83	6649
2024-03-19 12:00	177.83	186.66	174.76	182.35	6804
2024-03-19 16:00	182.75	186.40	180.16	182.15	2750
2024-03-19 20:00	181.87	182.09	166.69	170.35	5993
2024-03-20 00:00	170.41	176.52	169.51	169.93	5221
2024-03-20 04:00	169.90	173.90	163.75	173.88	3745
2024-03-20 08:00	173.31	175.20	169.55	172.13	1545
2024-03-20 12:00	171.91	176.70	170.19	170.86	2819
2024-03-20 16:00	170.70	184.46	166.40	182.29	8578
2024-03-20 20:00	182.43	192.70	181.85	191.64	8729
2024-03-21 00:00	190.94	194.90	189.15	190.02	3915
2024-03-21 04:00	190.26	192.23	184.76	188.71	4052
2024-03-21 08:00	188.64	191.33	186.30	189.02	1018
2024-03-21 12:00	189.23	191.26	183.97	185.22	3063
2024-03-21 16:00	184.62	187.81	177.34	179.12	4145
2024-03-21 20:00	178.69	181.86	176.23	179.92	1764
2024-03-22 00:00	180.08	181.82	175.00	179.10	2513
2024-03-22 04:00	179.05	180.83	178.13	179.17	2185
2024-03-22 08:00	179.43	179.92	171.66	172.37	3280
2024-03-22 12:00	172.17	173.87	167.49	171.78	7045
2024-03-22 16:00	171.46	173.42	168.88	172.98	2091
2024-03-22 20:00	172.80	175.10	168.31	175.10	2610
2024-03-23 00:00	175.11	177.97	170.50	171.65	4563
2024-03-23 04:00	171.85	177.48	171.69	175.59	923
2024-03-23 08:00	176.13	177.35	174.00	175.90	498
2024-03-23 12:00	175.54	178.82	175.09	175.78	1098
2024-03-23 16:00	175.77	176.70	174.41	174.84	1440
2024-03-23 20:00	174.80	175.35	172.61	172.72	1549
2024-03-24 00:00	172.72	176.76	171.79	171.79	1134
2024-03-24 04:00	171.85	173.72	171.46	173.42	464
2024-03-24 08:00	173.48	175.68	173.16	174.74	460
2024-03-24 12:00	174.33	177.25	174.15	176.64	2378
2024-03-24 16:00	176.52	177.15	173.05	176.12	2685
2024-03-24 20:00	175.97	186.09	175.49	183.30	6369
2024-03-25 00:00	183.30	185.42	180.12	184.83	3840
2024-03-25 04:00	184.84	189.47	183.84	186.09	2099
2024-03-25 08:00	186.01	191.59	185.79	188.00	1881
2024-03-25 12:00	187.92	194.20	186.15	192.66	4824
2024-03-25 16:00	192.74	194.46	190.48	192.54	3209
2024-03-25 20:00	192.54	193.13	188.90	189.09	3556
2024-03-26 00:00	189.03	192.05	188.31	192.05	1652
2024-03-26 04:00	191.69	195.94	191.57	194.14	2061
2024-03-26 08:00	193.91	196.14	192.84	194.81	3338
2024-03-26 12:00	194.81	195.19	189.70	190.12	4363
2024-03-26 16:00	190.42	191.36	186.25	188.43	2862
2024-03-26 20:00	188.67	192.39	188.52	190.48	2042
2024-03-27 00:00	190.43	192.05	188.74	189.95	1651
2024-03-27 04:00	190.14	190.35	186.20	186.95	726
2024-03-27 08:00	186.75	188.48	183.68	188.16	1928
2024-03-27 12:00	188.20	191.24	181.27	181.53	4375
2024-03-27 16:00	181.53	184.24	180.89	182.93	1177
2024-03-27 20:00	182.93	186.94	182.93	186.05	1145
2024-03-28 00:00	186.43	187.70	181.05	182.49	1841
2024-03-28 04:00	182.49	187.50	182.27	187.36	921
2024-03-28 08:00	187.33	188.40	184.87	185.45	1667
2024-03-28 12:00	185.31	189.31	183.38	187.86	5216
2024-03-28 16:00	187.86	187.87	185.20	187.02	1541
2024-03-28 20:00	186.66	190.60	186.65	189.59	1551
2024-03-29 00:00	189.65	190.64	187.59	188.14	1662
2024-03-29 04:00	188.21	189.29	183.98	184.08	1075
2024-03-29 08:00	184.11	186.68	183.98	185.98	559
2024-03-29 12:00	185.98	189.74	185.07	185.44	1698
2024-03-29 16:00	185.24	187.56	184.85	187.56	1011
2024-03-29 20:00	187.57	192.53	187.35	191.73	4644
2024-03-30 00:00	191.70	194.00	190.35	192.76	1831
2024-03-30 04:00	192.40	199.17	192.22	195.76	4787
2024-03-30 08:00	195.80	198.67	193.68	197.80	1804
2024-03-30 12:00	197.82	198.37	195.20	196.19	2135
2024-03-30 16:00	196.23	197.85	193.92	195.60	3502
2024-03-30 20:00	195.06	196.46	193.48	194.12	1015
2024-03-31 00:00	194.15	197.12	193.78	194.45	1314
2024-03-31 04:00	194.28	197.21	194.11	196.88	574
2024-03-31 08:00	197.19	197.19	195.56	196.00	226
2024-03-31 12:00	195.91	197.57	195.67	195.75	1522
2024-03-31 16:00	195.98	200.60	195.74	200.25	1976
2024-03-31 20:00	200.30	203.01	198.64	202.66	1625
2024-04-01 00:00	202.36	204.71	200.67	202.60	3089
2024-04-01 04:00	202.59	203.28	193.80	197.85	4350
2024-04-01 08:00	197.83	197.83	194.92	195.27	794
2024-04-01 12:00	195.27	197.67	187.50	188.66	4585
2024-04-01 16:00	188.97	197.99	188.72	194.00	1294
2024-04-01 20:00	194.00	195.00	193.40	193.40	733
2024-04-02 00:00	193.40	195.00	189.00	190.88	1236
2024-04-02 04:00	190.85	191.85	189.42	190.32	683
2024-04-02 08:00	190.29	190.76	178.37	180.00	4875
2024-04-02 12:00	179.77	182.35	176.69	177.09	3572
2024-04-02 16:00	177.70	186.75	177.02	185.81	3244
2024-04-02 20:00	185.70	186.34	181.37	181.37	1996
2024-04-03 00:00	181.61	188.88	178.85	188.32	2564
2024-04-03 04:00	188.58	191.70	187.12	189.30	2020
2024-04-03 08:00	189.56	191.29	186.21	187.79	2013
2024-04-03 12:00	187.78	190.62	186.51	189.41	1632
2024-04-03 16:00	189.40	190.96	184.73	185.86	1159
2024-04-03 20:00	185.85	186.47	182.38	185.06	1665
2024-04-04 00:00	185.20	187.37	181.66	181.95	1182
2024-04-04 04:00	182.12	185.70	180.76	184.80	1245
2024-04-04 08:00	184.67	186.19	184.56	185.50	346
2024-04-04 12:00	185.51	190.34	185.50	186.92	1909
2024-04-04 16:00	186.98	190.09	185.58	185.58	1299
2024-04-04 20:00	185.57	185.58	181.68	184.25	2077
2024-04-05 00:00	184.24	185.23	178.12	179.32	2743
2024-04-05 04:00	179.32	180.28	173.55	175.08	2426
2024-04-05 08:00	175.09	177.04	169.31	169.91	2961
2024-04-05 12:00	170.08	178.00	167.22	175.88	3025
2024-04-05 16:00	175.95	182.18	172.73	175.90	3067
2024-04-05 20:00	175.87	176.77	174.34	175.07	1818
2024-04-06 00:00	175.10	176.76	174.01	175.71	748
2024-04-06 04:00	176.08	178.08	175.13	177.99	699
2024-04-06 08:00	177.66	178.46	175.85	176.40	519
2024-04-06 12:00	176.25	177.34	174.39	177.26	581
2024-04-06 16:00	177.17	179.16	177.17	178.08	628
2024-04-06 20:00	177.79	179.92	177.25	178.95	1024
2024-04-07 00:00	179.40	182.31	177.91	181.20	1029
2024-04-07 04:00	181.42	182.25	178.87	179.36	1823
2024-04-07 08:00	179.40	180.61	178.62	180.29	561
2024-04-07 12:00	180.29	181.96	179.55	179.59	640
2024-04-07 16:00	180.15	181.96	177.90	178.61	1236
2024-04-07 20:00	178.75	179.94	177.47	179.76	461
2024-04-08 00:00	179.76	179.76	175.97	176.72	1304
2024-04-08 04:00	176.69	180.99	176.29	179.89	1574
2024-04-08 08:00	180.05	184.62	179.83	182.75	2811
2024-04-08 12:00	182.79	183.47	179.47	181.47	3067
2024-04-08 16:00	181.49	182.14	179.00	179.69	1574
2024-04-08 20:00	179.37	181.37	179.37	180.93	495
2024-04-09 00:00	180.92	181.18	177.40	178.11	1174
2024-04-09 04:00	178.00	178.86	175.16	175.40	1299
2024-04-09 08:00	175.60	176.34	173.61	176.16	607
2024-04-09 12:00	176.16	176.95	169.57	172.43	2467
2024-04-09 16:00	172.45	177.48	171.74	174.53	1434
2024-04-09 20:00	174.36	175.90	172.18	172.39	1069
2024-04-10 00:00	172.23	172.94	169.48	171.46	1256
2024-04-10 04:00	171.36	173.48	171.00	172.65	547
2024-04-10 08:00	172.59	172.80	168.96	170.42	1173
2024-04-10 12:00	170.50	170.65	164.14	167.79	3386
2024-04-10 16:00	167.90	172.89	167.08	171.07	2149
2024-04-10 20:00	170.94	174.92	170.17	173.42	1196
2024-04-11 00:00	173.36	173.36	171.23	172.80	1032
2024-04-11 04:00	172.76	175.88	171.74	174.53	950
2024-04-11 08:00	174.55	175.26	170.25	170.25	611
2024-04-11 12:00	170.86	175.29	170.16	173.18	1682
2024-04-11 16:00	173.19	176.23	172.09	174.73	2132
2024-04-11 20:00	174.72	175.49	172.10	172.61	903
2024-04-12 00:00	172.46	174.17	172.46	173.97	294
2024-04-12 04:00	173.96	175.62	173.06	173.06	384
2024-04-12 08:00	173.31	173.68	171.57	172.90	726
2024-04-12 12:00	172.84	172.90	166.64	167.58	3279
2024-04-12 16:00	167.29	167.73	149.29	150.30	9026
2024-04-12 20:00	150.30	154.66	149.30	153.56	3585
2024-04-13 00:00	153.40	154.84	146.08	151.48	5312
2024-04-13 04:00	151.48	154.84	150.55	150.97	1270
2024-04-13 08:00	151.09	153.29	149.56	151.25	435
2024-04-13 12:00	151.12	152.88	148.43	148.85	925
2024-04-13 16:00	149.03	149.37	135.01	135.77	12953
2024-04-13 20:00	135.63	143.33	125.00	138.19	16692
2024-04-14 00:00	138.26	140.70	130.54	135.19	4592
2024-04-14 04:00	134.77	144.35	133.95	143.83	3123
2024-04-14 08:00	143.57	144.92	138.35	138.88	1994
2024-04-14 12:00	138.88	143.18	135.59	137.94	2751
2024-04-14 16:00	137.92	142.64	133.59	141.65	3241
2024-04-14 20:00	141.61	153.43	139.90	151.48	4977
2024-04-15 00:00	151.46	151.46	146.42	148.34	2204
2024-04-15 04:00	148.07	155.81	146.18	153.90	2351
2024-04-15 08:00	153.83	154.83	150.90	150.90	2302
2024-04-15 12:00	151.00	151.95	141.54	142.88	2992
2024-04-15 16:00	143.40	144.45	133.77	137.74	4833
2024-04-15 20:00	138.01	140.05	135.54	138.35	1743
2024-04-16 00:00	138.01	140.48	133.67	134.50	3745
2024-04-16 04:00	134.47	138.75	130.34	138.00	3808
2024-04-16 08:00	137.79	137.91	129.71	135.90	1593
2024-04-16 12:00	135.93	135.95	127.50	127.72	3080
2024-04-16 16:00	127.53	135.19	126.52	132.22	5287
2024-04-16 20:00	132.07	137.90	131.73	136.35	1496
2024-04-17 00:00	136.20	138.17	134.89	137.48	2489
2024-04-17 04:00	137.34	142.65	136.82	139.52	2890
2024-04-17 08:00	139.79	140.12	134.13	134.21	1362
2024-04-17 12:00	134.28	134.97	127.58	128.84	4932
2024-04-17 16:00	128.76	137.83	126.64	134.56	4840
2024-04-17 20:00	134.86	137.53	131.74	131.81	1981
2024-04-18 00:00	131.90	136.56	129.77	136.15	2275
2024-04-18 04:00	135.71	136.74	129.11	129.43	1498
2024-04-18 08:00	129.59	136.90	127.75	136.26	1543
2024-04-18 12:00	135.86	141.40	132.05	139.27	3481
2024-04-18 16:00	138.96	141.43	135.71	140.55	3423
2024-04-18 20:00	140.48	143.72	139.69	142.12	2188
2024-04-19 00:00	141.92	142.04	128.66	136.40	6803
2024-04-19 04:00	136.43	146.22	136.42	143.18	3246
2024-04-19 08:00	143.47	145.57	142.60	144.41	2543
2024-04-19 12:00	144.56	146.89	141.29	146.09	1465
2024-04-19 16:00	146.14	146.95	143.79	145.46	1268
2024-04-19 20:00	145.26	145.75	139.72	142.44	2725
2024-04-20 00:00	142.51	143.20	139.79	142.14	2152
2024-04-20 04:00	142.15	144.43	141.51	143.38	332
2024-04-20 08:00	143.22	143.38	140.14	141.63	656
2024-04-20 12:00	141.52	147.55	141.02	147.17	1637
2024-04-20 16:00	147.15	151.77	146.41	151.29	2936
2024-04-20 20:00	151.22	152.30	149.12	150.94	1201
2024-04-21 00:00	151.00	153.39	148.18	150.85	1992
2024-04-21 04:00	150.77	151.67	150.04	151.15	522
2024-04-21 08:00	151.37	152.56	150.02	151.85	724
2024-04-21 12:00	151.49	151.93	148.80	150.04	1333
2024-04-21 16:00	149.95	150.22	147.20	148.35	2517
2024-04-21 20:00	148.31	150.70	147.60	148.50	1118
2024-04-22 00:00	148.79	151.38	146.78	150.38	2841
2024-04-22 04:00	150.37	156.34	150.27	153.59	2134
2024-04-22 08:00	154.10	154.47	152.44	153.22	1329
2024-04-22 12:00	153.20	154.88	151.65	153.40	1631
2024-04-22 16:00	153.41	155.68	152.50	154.73	1792
2024-04-22 20:00	154.48	158.38	154.14	157.08	1851
2024-04-23 00:00	157.07	159.22	155.91	155.98	1539
2024-04-23 04:00	155.97	156.55	153.19	154.00	1233
2024-04-23 08:00	153.88	155.51	153.26	154.05	665
2024-04-23 12:00	154.12	159.62	153.87	157.51	1691
2024-04-23 16:00	157.85	159.84	157.23	157.52	1848
2024-04-23 20:00	157.81	157.81	154.92	155.00	1676
2024-04-24 00:00	155.00	158.89	154.95	156.61	2017
2024-04-24 04:00	156.64	159.71	156.39	157.96	960
2024-04-24 08:00	158.00	159.29	156.66	159.27	735
2024-04-24 12:00	159.29	159.57	151.23	151.67	4964
2024-04-24 16:00	151.57	153.79	148.05	149.84	2637
2024-04-24 20:00	149.90	150.46	146.00	148.16	1136
2024-04-25 00:00	148.16	152.29	144.97	146.00	2450
2024-04-25 04:00	146.22	148.45	145.42	146.49	359
2024-04-25 08:00	146.32	147.42	143.27	144.94	1020
2024-04-25 12:00	144.87	148.27	142.21	147.91	1868
2024-04-25 16:00	147.91	149.31	146.82	146.93	2050
2024-04-25 20:00	147.10	148.77	144.80	144.87	2220
2024-04-26 00:00	144.85	145.02	141.78	144.00	3728
2024-04-26 04:00	144.01	144.88	142.93	143.65	366
2024-04-26 08:00	143.56	144.52	142.38	143.22	226
2024-04-26 12:00	143.29	146.09	141.25	142.59	4695
2024-04-26 16:00	142.62	144.16	141.78	142.73	1300
2024-04-26 20:00	142.75	143.72	139.33	139.50	1156
2024-04-27 00:00	139.41	140.30	134.27	136.40	3977
2024-04-27 04:00	136.56	137.59	136.28	136.90	297
2024-04-27 08:00	136.71	136.80	135.64	136.25	215
2024-04-27 12:00	136.19	139.66	136.19	137.58	1681
2024-04-27 16:00	137.58	142.28	137.32	142.28	1495
2024-04-27 20:00	142.25	142.64	139.24	141.11	2515
2024-04-28 00:00	140.84	145.03	140.67	143.95	2048
2024-04-28 04:00	143.73	144.31	142.71	143.51	1634
2024-04-28 08:00	143.55	143.67	140.80	141.00	581
2024-04-28 12:00	140.99	142.83	140.99	141.67	973
2024-04-28 16:00	141.94	143.84	141.82	142.13	369
2024-04-28 20:00	142.12	142.12	137.16	137.78	2609
2024-04-29 00:00	137.67	138.88	134.70	134.90	2366
2024-04-29 04:00	134.72	136.75	134.56	134.97	1285
2024-04-29 08:00	135.00	136.68	133.77	134.74	1223
2024-04-29 12:00	134.71	137.42	134.03	136.40	2242
2024-04-29 16:00	136.28	136.40	133.47	134.90	1885
2024-04-29 20:00	134.87	138.65	134.56	137.63	1590
2024-04-30 00:00	137.80	139.71	135.49	136.64	1815
2024-04-30 04:00	136.65	136.95	135.11	135.29	430
2024-04-30 08:00	135.10	135.12	128.32	128.84	2325
2024-04-30 12:00	128.63	130.22	126.65	127.96	2344
2024-04-30 16:00	127.32	127.33	121.39	123.14	3808
2024-04-30 20:00	123.18	129.00	123.18	127.53	1757
2024-05-01 00:00	127.52	127.61	123.93	126.49	1593
2024-05-01 04:00	126.23	126.76	120.00	120.33	1668
2024-05-01 08:00	120.59	122.95	119.05	122.95	2058
2024-05-01 12:00	122.96	124.83	121.53	123.32	2735
2024-05-01 16:00	123.18	135.82	122.77	129.80	5983
2024-05-01 20:00	130.06	135.10	128.89	134.60	2257
2024-05-02 00:00	134.68	134.77	128.54	129.49	2144
2024-05-02 04:00	129.58	132.31	128.29	131.27	1176
2024-05-02 08:00	131.32	138.83	131.09	138.73	2283
2024-05-02 12:00	138.75	139.76	134.78	138.49	3585
2024-05-02 16:00	138.73	139.43	137.01	137.86	2182
2024-05-02 20:00	137.65	140.60	135.65	137.63	1840
2024-05-03 00:00	137.62	141.37	136.84	141.03	1953
2024-05-03 04:00	141.03	141.50	136.91	137.18	878
2024-05-03 08:00	137.38	139.05	135.87	136.98	788
2024-05-03 12:00	136.91	143.89	136.63	142.28	3033
2024-05-03 16:00	142.19	143.00	141.24	142.56	691
2024-05-03 20:00	142.58	144.69	142.55	143.55	639
2024-05-04 00:00	143.41	144.37	142.30	143.96	666
2024-05-04 04:00	143.71	145.74	143.56	143.82	605
2024-05-04 08:00	143.95	148.44	143.82	146.35	780
2024-05-04 12:00	146.36	147.90	145.69	146.24	1326
2024-05-04 16:00	146.16	147.50	145.35	147.50	1050
2024-05-04 20:00	147.50	147.75	145.88	146.03	1298
2024-05-05 00:00	146.07	147.05	142.94	144.60	1485
2024-05-05 04:00	144.63	145.90	144.24	145.57	423
2024-05-05 08:00	145.64	146.62	145.20	146.33	123
2024-05-05 12:00	146.58	147.94	145.44	147.39	1837
2024-05-05 16:00	147.39	147.63	145.85	146.15	1630
2024-05-05 20:00	146.06	146.15	144.82	145.90	347
2024-05-06 00:00	145.93	150.00	145.78	146.29	1810
2024-05-06 04:00	146.62	149.24	146.29	148.80	619
2024-05-06 08:00	148.83	156.60	148.83	154.17	3649
2024-05-06 12:00	154.05	155.98	149.85	153.73	3624
2024-05-06 16:00	153.53	154.05	150.94	153.05	941
2024-05-06 20:00	153.06	155.23	152.60	152.88	1637
2024-05-07 00:00	152.88	157.44	151.78	153.85	3296
2024-05-07 04:00	154.11	156.18	153.24	154.96	624
2024-05-07 08:00	155.14	159.11	154.92	155.14	1576
2024-05-07 12:00	154.95	156.88	152.30	154.74	1832
2024-05-07 16:00	154.74	155.40	150.87	151.01	2212
2024-05-07 20:00	151.03	152.35	148.00	148.18	5233
2024-05-08 00:00	148.07	149.91	147.91	149.47	1499
2024-05-08 04:00	149.63	149.72	146.34	146.40	1318
2024-05-08 08:00	146.52	147.00	144.90	145.36	766
2024-05-08 12:00	145.38	148.80	144.48	145.84	3246
2024-05-08 16:00	145.84	149.02	144.77	145.79	1955
2024-05-08 20:00	145.62	145.84	140.54	142.69	3063
2024-05-09 00:00	142.35	144.87	142.25	144.50	1124
2024-05-09 04:00	144.12	145.77	142.83	143.00	404
2024-05-09 08:00	143.76	143.92	141.30	142.84	1147
2024-05-09 12:00	142.91	147.81	141.84	146.06	2737
2024-05-09 16:00	146.91	150.82	145.81	150.80	1321
2024-05-09 20:00	150.61	153.18	149.35	152.87	3529
2024-05-10 00:00	152.50	154.23	151.42	154.01	775
2024-05-10 04:00	154.12	155.01	152.38	154.64	791
2024-05-10 08:00	154.38	154.88	153.09	154.76	678
2024-05-10 12:00	154.65	155.15	145.52	147.01	4939
2024-05-10 16:00	146.93	148.56	145.35	146.92	1093
2024-05-10 20:00	147.52	147.94	144.80	146.50	2352
2024-05-11 00:00	146.19	147.93	144.00	144.28	940
2024-05-11 04:00	144.23	146.32	144.14	145.91	485
2024-05-11 08:00	145.89	145.89	143.71	144.43	229
2024-05-11 12:00	144.31	146.91	143.98	145.71	1021
2024-05-11 16:00	145.72	146.98	145.38	146.46	861
2024-05-11 20:00	146.44	146.61	145.21	145.31	356
2024-05-12 00:00	145.63	146.89	145.58	146.67	232
2024-05-12 04:00	146.47	147.70	143.95	143.95	377
2024-05-12 08:00	144.58	146.29	143.94	145.12	160
2024-05-12 12:00	145.13	145.73	144.21	145.34	526
2024-05-12 16:00	145.34	146.71	144.97	145.30	228
2024-05-12 20:00	145.34	145.34	143.19	143.87	510
2024-05-13 00:00	143.75	145.89	138.96	140.31	1662
2024-05-13 04:00	140.14	143.95	138.52	143.84	494
2024-05-13 08:00	143.67	148.95	143.67	146.07	1665
2024-05-13 12:00	146.00	148.04	145.41	147.30	1339
2024-05-13 16:00	147.34	150.66	146.14	148.69	2608
2024-05-13 20:00	148.93	149.44	146.94	147.66	1570
2024-05-14 00:00	147.51	148.16	145.91	146.42	524
2024-05-14 04:00	146.28	148.98	144.42	146.54	679
2024-05-14 08:00	146.15	147.39	145.53	146.53	200
2024-05-14 12:00	146.56	148.34	142.01	143.02	1891
2024-05-14 16:00	142.86	144.59	141.98	143.90	646
2024-05-14 20:00	143.80	143.83	141.68	142.07	577
2024-05-15 00:00	142.07	144.10	141.32	143.96	248
2024-05-15 04:00	144.11	144.55	143.21	144.30	148
2024-05-15 08:00	144.41	145.95	143.21	144.00	326
2024-05-15 12:00	144.10	153.69	144.03	151.62	5576
2024-05-15 16:00	151.71	154.95	150.97	154.80	2097
2024-05-15 20:00	154.80	158.13	154.37	158.12	2709
2024-05-16 00:00	157.83	163.26	157.66	162.53	5064
2024-05-16 04:00	162.61	163.25	160.86	162.59	1898
2024-05-16 08:00	162.60	164.64	161.87	163.78	1130
2024-05-16 12:00	163.73	163.75	157.70	160.38	4295
2024-05-16 16:00	160.41	160.46	156.68	159.01	4757
2024-05-16 20:00	159.02	159.41	157.50	159.00	1898
2024-05-17 00:00	159.39	162.43	159.03	162.16	1845
2024-05-17 04:00	162.07	169.21	161.00	169.16	3496
2024-05-17 08:00	169.15	169.84	167.36	167.41	4432
2024-05-17 12:00	167.56	170.85	165.92	169.69	3927
2024-05-17 16:00	169.62	171.39	166.27	168.98	3714
2024-05-17 20:00	168.85	169.42	167.64	169.42	1835
2024-05-18 00:00	169.42	174.14	168.84	173.18	1950
2024-05-18 04:00	173.00	173.84	172.11	172.11	619
2024-05-18 08:00	172.92	175.75	172.11	174.44	1041
2024-05-18 12:00	174.43	174.46	171.82	172.37	925
2024-05-18 16:00	172.37	172.37	170.35	172.20	959
2024-05-18 20:00	172.29	173.57	171.70	172.59	928
2024-05-19 00:00	172.45	174.72	172.18	174.38	862
2024-05-19 04:00	174.00	175.39	172.46	174.04	517
2024-05-19 08:00	174.12	174.39	170.62	172.00	1286
2024-05-19 12:00	171.80	171.90	167.00	168.59	2364
2024-05-19 16:00	168.33	171.67	168.00	169.31	2276
2024-05-19 20:00	169.30	171.59	168.45	170.14	1002
2024-05-20 00:00	169.99	173.37	167.74	172.36	2821
2024-05-20 04:00	172.12	178.08	171.90	178.05	3902
2024-05-20 08:00	178.05	178.86	176.12	177.57	885
2024-05-20 12:00	177.64	179.33	175.43	179.09	1235
2024-05-20 16:00	179.25	187.43	178.17	186.12	3699
2024-05-20 20:00	187.06	187.22	182.27	186.61	4717
2024-05-21 00:00	186.61	188.71	183.04	184.99	3847
2024-05-21 04:00	185.09	185.20	181.09	181.76	1042
2024-05-21 08:00	181.40	183.74	180.54	180.54	705
2024-05-21 12:00	180.53	181.26	176.65	176.77	3893
2024-05-21 16:00	177.01	178.77	174.99	175.80	2183
2024-05-21 20:00	175.60	178.64	175.60	178.34	2513
2024-05-22 00:00	178.17	179.22	176.64	177.90	1317
2024-05-22 04:00	177.95	182.71	175.24	180.05	1280
2024-05-22 08:00	180.01	181.16	178.16	178.16	849
2024-05-22 12:00	178.16	182.61	176.36	181.26	1311
2024-05-22 16:00	181.29	183.36	177.22	178.09	1512
2024-05-22 20:00	178.19	180.71	176.49	177.10	1169
2024-05-23 00:00	177.09	179.24	176.41	179.06	1277
2024-05-23 04:00	179.23	179.24	176.74	177.71	359
2024-05-23 08:00	177.67	178.02	174.01	175.80	1255
2024-05-23 12:00	175.65	176.88	169.10	172.63	2817
2024-05-23 16:00	172.65	175.21	170.65	170.91	1289
2024-05-23 20:00	170.74	180.11	165.68	175.51	6934
2024-05-24 00:00	175.92	175.92	171.66	171.69	2111
2024-05-24 04:00	171.65	171.78	165.89	166.37	1749
2024-05-24 08:00	166.34	166.51	163.22	166.28	1281
2024-05-24 12:00	166.38	169.01	165.25	167.11	1835
2024-05-24 16:00	167.26	170.88	164.84	168.55	1100
2024-05-24 20:00	168.82	170.00	167.33	168.45	876
2024-05-25 00:00	168.45	169.92	166.32	169.66	682
2024-05-25 04:00	169.68	170.07	168.31	169.20	453
2024-05-25 08:00	169.05	170.42	168.48	169.14	307
2024-05-25 12:00	169.02	169.07	167.26	168.00	332
2024-05-25 16:00	168.00	168.41	166.90	167.79	334
2024-05-25 20:00	167.58	170.72	167.04	169.01	547
2024-05-26 00:00	169.01	169.63	165.58	166.90	622
2024-05-26 04:00	167.47	167.47	165.21	165.54	463
2024-05-26 08:00	165.79	166.18	163.00	164.40	567
2024-05-26 12:00	164.40	166.04	163.00	163.19	630
2024-05-26 16:00	163.50	163.96	161.58	162.99	989
2024-05-26 20:00	162.99	164.45	161.88	163.84	1095
2024-05-27 00:00	163.64	166.52	163.64	165.76	333
2024-05-27 04:00	165.82	166.40	164.30	165.37	477
2024-05-27 08:00	165.49	167.98	165.12	167.85	946
2024-05-27 12:00	167.75	171.28	166.79	171.16	1486
2024-05-27 16:00	171.01	172.18	167.52	168.31	3322
2024-05-27 20:00	168.65	171.55	168.65	169.92	463
2024-05-28 00:00	170.13	171.96	166.17	167.36	1589
2024-05-28 04:00	167.34	167.44	165.17	166.29	701
2024-05-28 08:00	166.04	170.23	166.04	169.81	769
2024-05-28 12:00	169.69	173.26	166.86	168.31	1911
2024-05-28 16:00	168.35	170.69	166.15	170.55	1005
2024-05-28 20:00	170.34	170.61	168.43	168.90	756
2024-05-29 00:00	168.71	171.91	167.42	171.80	650
2024-05-29 04:00	171.81	173.48	170.91	170.92	1120
2024-05-29 08:00	170.91	170.92	167.73	168.37	426
2024-05-29 12:00	168.37	169.88	167.26	168.38	1199
2024-05-29 16:00	168.61	171.64	167.72	169.55	848
2024-05-29 20:00	169.75	169.85	167.98	168.27	800
2024-05-30 00:00	168.40	170.85	167.98	170.01	777
2024-05-30 04:00	169.73	170.74	164.37	164.98	1106
2024-05-30 08:00	164.94	167.20	163.67	166.33	418
2024-05-30 12:00	166.20	169.54	166.07	168.68	846
2024-05-30 16:00	168.52	171.98	168.06	168.07	919
2024-05-30 20:00	168.33	168.33	166.32	167.03	1378
2024-05-31 00:00	166.96	167.52	165.72	167.38	674
2024-05-31 04:00	167.26	167.63	165.15	166.62	293
2024-05-31 08:00	166.62	168.87	166.20	168.77	300
2024-05-31 12:00	168.74	170.76	165.17	165.18	1267
2024-05-31 16:00	165.17	166.91	164.59	166.72	1468
2024-05-31 20:00	166.36	166.93	165.29	165.76	366
2024-06-01 00:00	165.76	167.80	165.67	167.14	292
2024-06-01 04:00	167.08	167.44	166.53	166.89	176
2024-06-01 08:00	166.94	167.40	166.71	166.93	239
2024-06-01 12:00	166.98	167.84	166.93	167.67	678
2024-06-01 16:00	167.38	167.50	166.92	167.33	365
2024-06-01 20:00	167.45	167.72	166.00	166.55	885
2024-06-02 00:00	166.20	167.28	166.00	166.80	443
2024-06-02 04:00	166.35	167.08	165.51	165.72	238
2024-06-02 08:00	165.70	166.28	164.62	166.28	200
2024-06-02 12:00	166.28	166.65	165.28	165.69	406
2024-06-02 16:00	165.51	165.73	161.92	163.79	1172
2024-06-02 20:00	163.79	163.92	162.28	163.75	489
2024-06-03 00:00	163.75	165.17	162.22	164.07	784
2024-06-03 04:00	164.12	165.68	163.31	165.59	439
2024-06-03 08:00	165.39	166.73	164.62	164.90	500
2024-06-03 12:00	165.08	167.21	163.11	165.11	1355
2024-06-03 16:00	165.11	166.84	164.13	166.84	964
2024-06-03 20:00	166.85	167.09	164.59	165.01	1086
2024-06-04 00:00	165.13	166.73	164.56	166.45	342
2024-06-04 04:00	166.35	167.01	165.00	165.30	368
2024-06-04 08:00	165.36	165.72	164.56	165.48	185
2024-06-04 12:00	165.68	167.80	165.42	167.80	1801
2024-06-04 16:00	167.83	170.23	167.81	169.59	1906
2024-06-04 20:00	169.38	171.77	168.19	171.76	764
2024-06-05 00:00	171.75	174.70	171.20	172.99	1920
2024-06-05 04:00	173.09	174.23	172.28	173.59	441
2024-06-05 08:00	173.63	174.00	172.22	172.93	187
2024-06-05 12:00	172.94	174.92	171.25	174.72	1118
2024-06-05 16:00	174.95	175.16	172.59	173.02	926
2024-06-05 20:00	173.11	173.87	172.86	173.51	492
2024-06-06 00:00	173.62	174.47	173.18	173.69	671
2024-06-06 04:00	173.92	173.96	171.64	172.65	435
2024-06-06 08:00	172.48	173.42	172.25	173.08	288
2024-06-06 12:00	173.06	173.59	172.57	172.99	335
2024-06-06 16:00	172.94	172.99	168.96	169.53	978
2024-06-06 20:00	169.47	171.05	168.45	170.08	769
2024-06-07 00:00	170.11	170.65	169.18	170.50	352
2024-06-07 04:00	170.57	172.43	170.50	172.20	369
2024-06-07 08:00	172.19	172.33	171.05	172.20	193
2024-06-07 12:00	172.27	172.68	169.31	169.95	553
2024-06-07 16:00	170.08	170.41	159.30	162.75	4657
2024-06-07 20:00	162.76	163.13	161.21	162.50	1470
2024-06-08 00:00	162.50	163.05	161.97	162.79	462
2024-06-08 04:00	162.78	163.71	161.76	163.57	402
2024-06-08 08:00	163.68	163.68	160.26	160.36	525
2024-06-08 12:00	160.25	161.94	159.03	160.13	2164
2024-06-08 16:00	160.43	161.41	159.28	160.52	2189
2024-06-08 20:00	160.49	160.95	157.74	158.02	3583
2024-06-09 00:00	157.85	158.80	156.65	157.77	1385
2024-06-09 04:00	157.98	159.67	157.53	159.11	818
2024-06-09 08:00	159.02	159.77	158.80	159.50	548
2024-06-09 12:00	159.49	161.76	159.38	161.67	386
2024-06-09 16:00	161.77	162.94	160.60	162.27	810
2024-06-09 20:00	162.16	162.27	161.41	162.06	107
2024-06-10 00:00	162.16	162.16	159.77	159.84	505
2024-06-10 04:00	159.88	160.52	157.69	157.74	444
2024-06-10 08:00	157.67	160.14	157.67	159.48	269
2024-06-10 12:00	159.52	163.10	157.77	162.46	711
2024-06-10 16:00	162.55	162.81	160.17	160.36	485
2024-06-10 20:00	160.41	160.57	158.46	158.90	288
2024-06-11 00:00	159.06	159.64	155.13	156.08	1182
2024-06-11 04:00	155.96	156.06	152.54	153.24	1847
2024-06-11 08:00	153.23	155.22	152.85	153.84	533
2024-06-11 12:00	153.86	154.26	146.34	147.51	4719
2024-06-11 16:00	147.33	149.66	144.80	149.02	2876
2024-06-11 20:00	149.18	150.23	148.20	149.43	326
2024-06-12 00:00	149.28	149.78	145.56	149.42	1115
2024-06-12 04:00	149.69	151.92	149.60	151.45	607
2024-06-12 08:00	151.79	153.46	151.15	151.80	1383
2024-06-12 12:00	151.86	161.47	151.75	158.78	2936
2024-06-12 16:00	158.92	159.70	151.33	153.01	1234
2024-06-12 20:00	153.27	155.55	152.95	155.33	727
2024-06-13 00:00	155.31	155.31	150.00	151.62	757
2024-06-13 04:00	151.53	153.10	150.79	152.11	305
2024-06-13 08:00	152.20	152.35	149.29	149.67	371
2024-06-13 12:00	149.49	152.15	146.26	147.22	1558
2024-06-13 16:00	146.83	149.68	146.83	147.96	1471
2024-06-13 20:00	147.86	148.35	146.13	147.27	2391
2024-06-14 00:00	147.07	148.42	146.02	147.61	797
2024-06-14 04:00	147.69	148.75	146.83	147.76	475
2024-06-14 08:00	147.66	148.66	147.32	147.98	259
2024-06-14 12:00	148.24	148.88	143.50	144.04	1926
2024-06-14 16:00	144.24	151.37	139.66	141.93	5031
2024-06-14 20:00	141.93	145.06	141.77	143.13	1285
2024-06-15 00:00	143.01	144.85	143.01	144.82	576
2024-06-15 04:00	144.88	145.49	143.77	143.77	1076
2024-06-15 08:00	144.01	144.59	143.11	144.59	91
2024-06-15 12:00	144.36	145.47	144.20	145.47	641
2024-06-15 16:00	145.25	145.82	144.14	144.60	470
2024-06-15 20:00	144.68	145.61	144.05	145.41	169
2024-06-16 00:00	145.50	145.50	143.80	144.12	126
2024-06-16 04:00	144.08	145.19	143.23	144.57	191
2024-06-16 08:00	144.52	145.64	143.92	145.19	211
2024-06-16 12:00	145.16	148.65	144.92	148.64	554
2024-06-16 16:00	148.66	149.26	147.53	148.66	871
2024-06-16 20:00	148.84	151.26	148.42	151.22	532
2024-06-17 00:00	151.25	151.65	147.18	147.56	1184
2024-06-17 04:00	147.25	149.08	145.92	146.67	349
2024-06-17 08:00	146.60	147.23	141.75	143.84	1315
2024-06-17 12:00	143.94	144.57	140.86	141.12	604
2024-06-17 16:00	141.31	146.66	140.02	144.30	761
2024-06-17 20:00	144.37	144.37	141.82	143.69	529
2024-06-18 00:00	143.77	143.96	132.71	136.36	2848
2024-06-18 04:00	136.36	139.19	136.36	137.14	577
2024-06-18 08:00	137.31	138.79	135.72	137.08	1000
2024-06-18 12:00	137.25	137.74	133.30	135.47	1921
2024-06-18 16:00	135.44	135.85	130.58	133.05	1358
2024-06-18 20:00	133.01	138.36	132.26	137.59	1566
2024-06-19 00:00	137.30	141.42	136.19	140.18	826
2024-06-19 04:00	140.17	141.81	139.90	139.97	356
2024-06-19 08:00	140.12	140.12	137.11	137.79	320
2024-06-19 12:00	138.01	138.78	135.62	136.99	362
2024-06-19 16:00	137.08	138.91	135.53	136.79	801
2024-06-19 20:00	136.59	136.71	134.66	135.74	549
2024-06-20 00:00	135.58	137.18	132.67	133.11	912
2024-06-20 04:00	133.12	137.99	132.68	136.98	415
2024-06-20 08:00	137.23	141.21	136.51	139.22	470
2024-06-20 12:00	139.34	139.70	132.64	133.25	1154
2024-06-20 16:00	133.26	135.72	132.00	134.09	631
2024-06-20 20:00	134.11	134.91	133.48	133.48	347
2024-06-21 00:00	133.55	134.78	131.84	132.51	587
2024-06-21 04:00	132.56	133.26	130.75	131.65	588
2024-06-21 08:00	131.56	132.70	129.77	132.13	666
2024-06-21 12:00	132.18	133.71	129.49	131.19	1214
2024-06-21 16:00	131.15	133.84	128.87	132.71	596
2024-06-21 20:00	132.65	135.28	132.04	134.55	1679
2024-06-22 00:00	134.64	135.19	133.11	134.96	1170
2024-06-22 04:00	135.18	136.66	134.61	134.61	552
2024-06-22 08:00	134.89	134.89	133.78	134.54	162
2024-06-22 12:00	134.70	134.87	134.18	134.27	673
2024-06-22 16:00	134.33	134.96	134.05	134.53	290
2024-06-22 20:00	134.52	134.65	133.29	133.72	108
2024-06-23 00:00	133.68	135.09	133.68	134.85	166
2024-06-23 04:00	134.85	134.86	134.26	134.73	78
2024-06-23 08:00	134.58	134.74	133.55	133.74	100
2024-06-23 12:00	134.02	134.34	131.54	131.63	568
2024-06-23 16:00	131.63	132.54	130.51	131.53	1379
2024-06-23 20:00	131.44	131.44	128.29	128.63	1268
2024-06-24 00:00	128.64	129.73	126.11	126.29	2236
2024-06-24 04:00	126.29	126.62	123.29	125.14	1361
2024-06-24 08:00	125.15	127.37	122.64	127.12	948
2024-06-24 12:00	127.03	129.88	125.80	125.80	872
2024-06-24 16:00	126.54	130.31	125.80	127.80	2587
2024-06-24 20:00	127.56	132.57	125.50	132.40	1411
2024-06-25 00:00	132.26	136.48	131.37	136.03	1119
2024-06-25 04:00	135.95	136.84	134.83	134.83	608
2024-06-25 08:00	134.82	139.06	133.60	138.01	562
2024-06-25 12:00	137.54	139.82	136.57	139.52	1310
2024-06-25 16:00	139.36	139.52	137.16	138.96	1113
2024-06-25 20:00	138.94	139.07	136.06	136.50	603
2024-06-26 00:00	136.69	140.36	136.26	138.53	1408
2024-06-26 04:00	138.41	138.60	136.42	137.97	1538
2024-06-26 08:00	138.01	138.09	136.14	137.28	155
2024-06-26 12:00	137.34	139.40	136.17	136.78	886
2024-06-26 16:00	137.08	137.75	134.93	137.75	351
2024-06-26 20:00	137.69	138.38	136.35	136.68	1590
2024-06-27 00:00	136.80	137.87	135.71	137.49	467
2024-06-27 04:00	137.52	137.53	135.30	135.93	213
2024-06-27 08:00	135.87	139.39	135.67	139.19	828
2024-06-27 12:00	139.02	151.07	138.64	147.82	5344
2024-06-27 16:00	147.63	149.41	146.72	148.38	1979
2024-06-27 20:00	148.39	150.37	148.37	149.56	1798
2024-06-28 00:00	149.56	150.56	146.91	147.57	2451
2024-06-28 04:00	147.61	147.61	143.93	145.34	391
2024-06-28 08:00	145.35	146.18	144.96	145.42	1035
2024-06-28 12:00	145.63	146.79	140.99	143.32	982
2024-06-28 16:00	143.29	143.77	140.26	140.86	1311
2024-06-28 20:00	141.03	141.56	139.20	140.06	599
2024-06-29 00:00	140.10	142.50	140.10	142.00	1121
2024-06-29 04:00	141.99	142.50	140.25	142.08	741
2024-06-29 08:00	141.82	143.12	141.55	142.64	364
2024-06-29 12:00	142.62	142.98	141.42	142.52	162
2024-06-29 16:00	142.69	142.73	140.97	141.69	186
2024-06-29 20:00	141.62	141.76	139.76	140.28	414
2024-06-30 00:00	140.34	140.99	138.32	138.43	240
2024-06-30 04:00	138.35	141.04	137.24	140.38	455
2024-06-30 08:00	140.86	141.81	140.38	141.42	876
2024-06-30 12:00	141.37	143.91	140.73	143.75	2174
2024-06-30 16:00	143.78	145.84	142.80	144.94	1690
2024-06-30 20:00	144.84	147.47	144.06	146.64	1043
2024-07-01 00:00	146.69	148.94	146.07	148.04	3882
2024-07-01 04:00	148.22	148.61	147.55	148.32	274
2024-07-01 08:00	148.62	149.00	145.96	145.97	1157
2024-07-01 12:00	146.09	148.62	146.09	148.29	488
2024-07-01 16:00	148.53	150.00	147.18	147.76	2613
2024-07-01 20:00	147.54	148.70	146.59	147.22	356
2024-07-02 00:00	147.23	149.88	146.86	149.16	653
2024-07-02 04:00	149.33	149.96	147.14	147.18	694
2024-07-02 08:00	147.62	149.97	146.98	149.68	340
2024-07-02 12:00	149.25	151.77	147.32	148.30	2494
2024-07-02 16:00	148.24	153.63	147.74	152.62	1909
2024-07-02 20:00	152.68	154.50	152.32	154.47	3820
2024-07-03 00:00	154.50	154.74	149.85	150.74	2336
2024-07-03 04:00	150.54	150.54	146.41	146.61	977
2024-07-03 08:00	146.47	147.40	143.36	144.35	2709
2024-07-03 12:00	144.23	144.23	141.26	141.76	1674
2024-07-03 16:00	141.86	143.12	139.39	140.40	1132
2024-07-03 20:00	140.40	141.98	139.36	140.90	1613
2024-07-04 00:00	140.80	143.41	132.56	137.18	3568
2024-07-04 04:00	137.03	137.26	133.91	134.10	1109
2024-07-04 08:00	134.44	135.85	132.37	132.67	600
2024-07-04 12:00	132.70	135.85	130.00	135.85	2315
2024-07-04 16:00	135.32	135.89	133.75	134.05	599
2024-07-04 20:00	134.14	135.61	127.35	127.90	1159
2024-07-05 00:00	127.78	129.20	121.42	123.32	3409
2024-07-05 04:00	123.67	127.70	122.30	126.76	2038
2024-07-05 08:00	126.70	130.78	122.16	129.99	2311
2024-07-05 12:00	129.99	134.88	128.46	134.88	2549
2024-07-05 16:00	134.86	136.43	133.81	134.65	1447
2024-07-05 20:00	134.61	135.70	134.05	134.40	642
2024-07-06 00:00	134.37	137.75	132.38	134.38	820
2024-07-06 04:00	134.40	137.26	133.65	137.04	373
2024-07-06 08:00	136.89	140.51	136.56	138.82	1139
2024-07-06 12:00	138.82	141.97	137.88	141.68	1412
2024-07-06 16:00	141.64	143.44	140.81	142.54	1964
2024-07-06 20:00	142.79	143.90	142.19	142.99	1187
2024-07-07 00:00	142.94	142.94	139.81	141.97	1688
2024-07-07 04:00	141.68	141.98	138.13	138.70	604
2024-07-07 08:00	138.73	140.27	138.73	139.44	665
2024-07-07 12:00	139.44	140.22	135.60	136.99	750
2024-07-07 16:00	136.92	139.08	136.78	137.16	407
2024-07-07 20:00	137.08	137.34	131.37	131.37	623
2024-07-08 00:00	131.37	132.68	127.92	130.99	2435
2024-07-08 04:00	130.84	133.89	130.00	132.67	649
2024-07-08 08:00	132.58	141.76	132.58	140.60	1897
2024-07-08 12:00	140.65	141.84	134.14	137.51	2258
2024-07-08 16:00	137.38	138.52	135.14	138.47	1167
2024-07-08 20:00	138.01	141.03	137.43	139.64	2263
2024-07-09 00:00	139.88	141.09	136.50	140.56	1827
2024-07-09 04:00	140.27	143.33	140.27	141.91	1459
2024-07-09 08:00	142.38	144.04	140.35	141.84	611
2024-07-09 12:00	142.02	142.37	138.74	140.47	2240
2024-07-09 16:00	140.59	143.00	140.26	142.18	1577
2024-07-09 20:00	142.18	143.47	140.95	141.17	731
2024-07-10 00:00	141.22	141.79	138.74	141.79	1686
2024-07-10 04:00	141.68	146.07	141.68	144.08	2883
2024-07-10 08:00	144.12	144.26	142.30	143.28	336
2024-07-10 12:00	142.85	143.03	140.06	141.48	1969
2024-07-10 16:00	141.16	142.57	140.38	141.01	1299
2024-07-10 20:00	141.16	142.31	140.20	141.91	3075
2024-07-11 00:00	141.91	143.10	139.17	140.14	1069
2024-07-11 04:00	140.02	142.44	140.02	142.19	217
2024-07-11 08:00	142.28	143.87	142.26	143.70	227
2024-07-11 12:00	143.58	145.96	137.48	138.41	2145
2024-07-11 16:00	138.43	139.02	136.56	136.76	1145
2024-07-11 20:00	136.58	137.57	135.83	136.15	1115
2024-07-12 00:00	136.15	138.11	134.59	136.56	546
2024-07-12 04:00	136.62	137.05	134.73	135.09	706
2024-07-12 08:00	135.45	135.81	134.06	135.49	715
2024-07-12 12:00	135.55	139.22	135.49	139.04	864
2024-07-12 16:00	138.88	140.52	137.84	138.48	1244
2024-07-12 20:00	138.52	138.99	136.74	138.87	1507
2024-07-13 00:00	138.97	139.51	138.03	138.68	711
2024-07-13 04:00	138.68	139.23	137.79	139.23	283
2024-07-13 08:00	139.23	140.73	138.50	139.86	281
2024-07-13 12:00	140.07	140.56	139.37	140.42	329
2024-07-13 16:00	140.22	140.73	139.03	139.76	366
2024-07-13 20:00	139.85	143.21	139.14	141.84	912
2024-07-14 00:00	141.86	145.00	141.86	144.12	1428
2024-07-14 04:00	144.09	145.64	143.83	144.87	666
2024-07-14 08:00	144.85	146.50	144.73	144.83	715
2024-07-14 12:00	144.89	145.92	143.48	145.67	764
2024-07-14 16:00	145.37	145.86	144.80	145.28	687
2024-07-14 20:00	145.14	148.50	145.14	147.66	1652
2024-07-15 00:00	147.70	153.25	147.17	151.98	5086
2024-07-15 04:00	151.99	153.90	151.31	153.38	977
2024-07-15 08:00	153.31	153.96	151.05	151.85	453
2024-07-15 12:00	151.60	153.96	151.60	152.79	838
2024-07-15 16:00	153.17	156.50	152.76	155.07	2626
2024-07-15 20:00	155.37	159.41	155.29	158.92	2316
2024-07-16 00:00	158.92	159.63	155.97	158.00	2408
2024-07-16 04:00	157.59	158.78	153.77	154.31	2495
2024-07-16 08:00	154.95	157.55	152.66	157.25	1187
2024-07-16 12:00	157.49	160.78	154.87	160.73	1148
2024-07-16 16:00	160.21	162.01	159.00	161.65	813
2024-07-16 20:00	161.88	161.88	159.16	160.37	732
2024-07-17 00:00	160.37	163.64	160.17	161.00	1428
2024-07-17 04:00	160.81	162.08	160.20	160.87	308
2024-07-17 08:00	160.74	163.23	159.67	160.63	1111
2024-07-17 12:00	160.59	161.90	157.76	158.06	1407
2024-07-17 16:00	157.96	158.15	154.74	157.03	1957
2024-07-17 20:00	156.72	157.24	154.95	155.32	699
2024-07-18 00:00	155.87	159.79	155.32	158.90	446
2024-07-18 04:00	158.69	159.88	157.16	158.64	406
2024-07-18 08:00	159.17	159.59	158.26	159.41	773
2024-07-18 12:00	159.47	161.53	156.14	156.32	1194
2024-07-18 16:00	156.46	157.66	155.38	157.04	865
2024-07-18 20:00	157.08	160.17	156.47	158.97	1076
2024-07-19 00:00	159.25	161.41	156.28	161.27	551
2024-07-19 04:00	161.22	165.00	160.65	161.48	1102
2024-07-19 08:00	161.75	162.84	159.30	162.51	611
2024-07-19 12:00	162.60	168.91	162.34	168.54	2822
2024-07-19 16:00	168.54	171.20	168.00	170.08	1920
2024-07-19 20:00	170.06	170.06	168.03	169.17	1957
2024-07-20 00:00	169.07	171.67	168.42	169.75	900
2024-07-20 04:00	169.59	170.25	168.60	168.71	159
2024-07-20 08:00	169.09	169.71	167.78	168.03	354
2024-07-20 12:00	168.07	169.64	167.33	169.15	385
2024-07-20 16:00	169.33	174.57	169.04	172.43	1690
2024-07-20 20:00	172.69	174.50	172.43	173.66	1550
2024-07-21 00:00	173.54	175.39	172.87	173.27	483
2024-07-21 04:00	173.16	173.65	171.09	171.38	786
2024-07-21 08:00	171.37	172.90	171.31	172.90	116
2024-07-21 12:00	172.87	176.45	171.51	175.31	1145
2024-07-21 16:00	175.10	178.00	170.60	178.00	2167
2024-07-21 20:00	177.90	184.50	177.44	183.86	2412
2024-07-22 00:00	183.86	184.26	180.88	180.94	1525
2024-07-22 04:00	180.93	181.59	177.77	178.66	1590
2024-07-22 08:00	178.48	180.85	176.84	180.75	631
2024-07-22 12:00	180.66	181.74	177.10	179.78	1428
2024-07-22 16:00	179.78	182.93	178.69	182.67	803
2024-07-22 20:00	182.67	182.79	177.22	179.08	444
2024-07-23 00:00	178.76	180.45	177.30	179.41	1099
2024-07-23 04:00	179.17	179.17	173.83	175.89	1108
2024-07-23 08:00	176.17	178.58	174.28	175.21	1197
2024-07-23 12:00	175.45	177.76	172.13	176.28	1841
2024-07-23 16:00	176.12	176.78	170.62	171.57	1270
2024-07-23 20:00	171.95	174.80	171.33	172.89	1132
2024-07-24 00:00	173.09	174.38	170.77	173.58	1427
2024-07-24 04:00	173.55	174.40	172.32	174.09	390
2024-07-24 08:00	174.09	177.97	173.77	177.86	1742
2024-07-24 12:00	177.57	181.87	176.24	177.84	1516
2024-07-24 16:00	177.80	182.29	176.57	178.02	1951
2024-07-24 20:00	178.18	180.00	175.82	178.03	2088
2024-07-25 00:00	178.23	179.44	168.54	170.67	3845
2024-07-25 04:00	170.45	172.84	169.44	169.45	1035
2024-07-25 08:00	169.55	171.17	167.26	169.16	1260
2024-07-25 12:00	168.77	171.89	165.90	170.20	1576
2024-07-25 16:00	170.30	174.25	166.84	167.99	2407
2024-07-25 20:00	168.08	172.74	165.55	171.90	1751
2024-07-26 00:00	171.60	177.43	171.54	175.57	1992
2024-07-26 04:00	176.22	177.70	175.57	176.78	542
2024-07-26 08:00	177.26	179.70	176.78	178.63	1194
2024-07-26 12:00	178.71	182.81	177.29	181.38	2060
2024-07-26 16:00	181.24	182.84	180.74	182.08	991
2024-07-26 20:00	182.16	183.53	181.09	183.14	848
2024-07-27 00:00	183.14	183.58	180.91	182.06	673
2024-07-27 04:00	182.07	185.64	182.06	185.54	1328
2024-07-27 08:00	185.22	186.99	184.39	184.85	485
2024-07-27 12:00	185.03	188.00	181.72	182.58	2302
2024-07-27 16:00	182.27	183.20	179.66	181.51	1983
2024-07-27 20:00	181.39	186.63	178.28	183.80	2920
2024-07-28 00:00	183.76	186.12	182.54	184.41	971
2024-07-28 04:00	184.35	184.64	181.31	184.00	317
2024-07-28 08:00	183.49	185.71	183.12	185.27	280
2024-07-28 12:00	185.23	186.19	183.88	184.00	411
2024-07-28 16:00	184.00	185.38	183.10	184.73	506
2024-07-28 20:00	185.22	185.43	182.74	184.89	221
2024-07-29 00:00	184.89	193.30	184.64	192.38	4138
2024-07-29 04:00	192.25	193.83	190.27	192.19	1961
2024-07-29 08:00	191.90	192.19	190.43	190.94	452
2024-07-29 12:00	190.92	193.02	185.60	187.10	2529
2024-07-29 16:00	186.68	187.42	184.51	186.67	2966
2024-07-29 20:00	186.68	186.89	181.76	182.72	1840
2024-07-30 00:00	182.61	183.83	179.48	182.57	805
2024-07-30 04:00	182.28	184.68	181.42	182.44	370
2024-07-30 08:00	182.43	182.81	180.15	181.05	324
2024-07-30 12:00	181.10	182.48	178.87	181.07	1482
2024-07-30 16:00	180.99	181.45	176.44	178.09	2225
2024-07-30 20:00	177.77	179.82	175.73	179.15	815
2024-07-31 00:00	179.09	181.50	178.17	181.06	825
2024-07-31 04:00	180.98	183.75	178.27	183.60	741
2024-07-31 08:00	183.16	184.43	181.45	181.77	738
2024-07-31 12:00	181.77	184.25	179.89	180.00	736
2024-07-31 16:00	180.02	182.50	175.39	176.62	1964
2024-07-31 20:00	176.40	177.06	172.07	172.14	2061
2024-08-01 00:00	172.04	172.89	168.70	168.76	1668
2024-08-01 04:00	168.76	178.79	166.22	168.17	2436
2024-08-01 08:00	168.27	169.86	168.18	169.81	718
2024-08-01 12:00	169.84	171.55	162.00	162.82	2988
2024-08-01 16:00	162.81	163.00	158.01	162.34	10523
2024-08-01 20:00	162.08	168.31	161.35	166.98	1948
2024-08-02 00:00	167.20	169.00	161.61	164.70	3048
2024-08-02 04:00	164.20	165.16	159.20	161.50	1976
2024-08-02 08:00	161.50	165.30	160.51	164.25	526
2024-08-02 12:00	164.63	167.61	153.00	157.19	2816
2024-08-02 16:00	156.70	157.37	150.16	151.50	2665
2024-08-02 20:00	151.39	155.00	150.16	152.92	2087
2024-08-03 00:00	152.75	153.92	149.49	153.59	783
2024-08-03 04:00	153.58	153.67	151.59	152.30	211
2024-08-03 08:00	152.29	152.68	149.09	152.68	505
2024-08-03 12:00	152.50	154.00	146.63	147.15	1013
2024-08-03 16:00	147.14	147.51	140.47	140.52	2977
2024-08-03 20:00	140.46	143.88	140.14	142.49	1446
2024-08-04 00:00	142.47	145.99	142.03	144.69	716
2024-08-04 04:00	144.20	144.69	141.39	141.57	694
2024-08-04 08:00	141.58	144.58	140.28	143.71	805
2024-08-04 12:00	143.98	145.24	135.08	135.21	2869
2024-08-04 16:00	135.04	142.92	132.30	142.09	4729
2024-08-04 20:00	142.02	143.80	137.43	138.25	2342
2024-08-05 00:00	138.12	139.20	126.88	128.05	8741
2024-08-05 04:00	128.04	130.02	110.10	122.79	12170
2024-08-05 08:00	122.74	123.67	110.63	116.12	4121
2024-08-05 12:00	116.64	132.80	110.14	130.39	8755
2024-08-05 16:00	130.29	136.00	126.85	128.60	3863
2024-08-05 20:00	129.02	135.02	128.74	129.77	5504
2024-08-06 00:00	129.70	141.02	129.51	139.08	3477
2024-08-06 04:00	138.60	143.90	137.62	142.14	3022
2024-08-06 08:00	141.88	142.10	136.51	139.76	1344
2024-08-06 12:00	139.71	146.00	136.23	145.85	3512
2024-08-06 16:00	145.92	148.28	145.08	146.28	3457
2024-08-06 20:00	146.27	149.43	142.91	144.43	3815
2024-08-07 00:00	144.46	151.65	142.51	151.38	3864
2024-08-07 04:00	151.38	154.90	150.77	152.57	4921
2024-08-07 08:00	152.41	154.85	150.84	151.64	987
2024-08-07 12:00	151.72	154.47	146.39	148.26	3100
2024-08-07 16:00	148.22	149.32	142.44	143.07	5208
2024-08-07 20:00	143.05	147.40	142.37	144.63	1867
2024-08-08 00:00	144.41	156.23	141.50	153.07	4049
2024-08-08 04:00	153.33	155.41	151.25	153.54	1555
2024-08-08 08:00	153.80	155.55	153.08	154.12	1056
2024-08-08 12:00	154.33	160.68	152.65	160.49	4648
2024-08-08 16:00	160.51	162.74	155.33	155.86	3480
2024-08-08 20:00	155.71	163.21	155.56	163.06	4226
2024-08-09 00:00	162.98	163.33	158.34	159.13	1468
2024-08-09 04:00	158.91	159.33	156.00	157.49	1681
2024-08-09 08:00	158.08	159.60	155.67	156.92	310
2024-08-09 12:00	156.06	157.22	151.40	151.72	1227
2024-08-09 16:00	152.09	154.38	151.27	154.13	786
2024-08-09 20:00	153.94	159.99	152.00	156.15	1664
2024-08-10 00:00	156.20	158.25	153.68	153.98	778
2024-08-10 04:00	154.09	155.33	152.82	155.33	298
2024-08-10 08:00	155.34	155.79	153.71	154.51	192
2024-08-10 12:00	154.64	155.13	153.24	154.65	463
2024-08-10 16:00	154.28	155.27	153.50	154.65	231
2024-08-10 20:00	154.82	156.12	154.14	154.33	896
2024-08-11 00:00	154.33	157.26	154.15	156.21	621
2024-08-11 04:00	156.13	157.20	155.39	157.04	137
2024-08-11 08:00	157.01	157.36	153.35	153.60	733
2024-08-11 12:00	153.78	153.78	148.13	148.67	3293
2024-08-11 16:00	148.45	149.68	146.00	146.10	1021
2024-08-11 20:00	146.20	146.20	141.72	141.89	1585
2024-08-12 00:00	141.72	144.88	141.72	144.10	1462
2024-08-12 04:00	144.00	146.68	142.68	145.96	827
2024-08-12 08:00	146.41	150.73	144.12	150.65	1532
2024-08-12 12:00	150.37	150.37	143.11	147.60	2971
2024-08-12 16:00	147.31	147.96	143.01	143.65	984
2024-08-12 20:00	143.72	146.90	142.40	146.40	1737
2024-08-13 00:00	145.96	147.22	143.01	143.20	752
2024-08-13 04:00	143.53	146.96	143.13	146.10	288
2024-08-13 08:00	145.97	146.14	143.33	145.68	834
2024-08-13 12:00	145.90	147.57	144.76	145.87	680
2024-08-13 16:00	145.83	149.41	144.93	146.48	1326
2024-08-13 20:00	146.48	147.78	145.61	146.82	900
2024-08-14 00:00	146.74	147.09	143.87	145.08	754
2024-08-14 04:00	145.03	145.78	144.34	145.67	926
2024-08-14 08:00	145.66	148.82	145.18	148.31	393
2024-08-14 12:00	147.98	152.06	144.94	146.78	4906
2024-08-14 16:00	146.56	146.86	143.93	144.28	1479
2024-08-14 20:00	144.24	144.61	142.53	143.76	1702
2024-08-15 00:00	143.68	145.32	143.27	144.70	1086
2024-08-15 04:00	144.77	144.78	141.16	142.56	1009
2024-08-15 08:00	142.26	143.49	141.34	143.10	558
2024-08-15 12:00	143.15	146.50	142.20	145.98	1344
2024-08-15 16:00	146.04	147.54	138.18	139.90	3943
2024-08-15 20:00	140.08	144.76	138.70	142.52	1408
2024-08-16 00:00	142.54	144.37	140.83	141.92	667
2024-08-16 04:00	141.85	144.74	141.62	144.49	667
2024-08-16 08:00	144.75	144.90	141.98	142.24	426
2024-08-16 12:00	142.26	142.64	136.41	137.88	2054
2024-08-16 16:00	137.86	141.39	136.19	140.88	1370
2024-08-16 20:00	141.07	141.86	139.06	139.06	450
2024-08-17 00:00	139.02	140.21	137.68	138.83	543
2024-08-17 04:00	138.86	139.70	138.63	139.32	304
2024-08-17 08:00	139.44	139.97	138.17	139.04	207
2024-08-17 12:00	138.96	141.64	138.67	140.18	675
2024-08-17 16:00	140.34	141.54	140.19	141.07	391
2024-08-17 20:00	141.21	141.91	140.80	141.77	683
2024-08-18 00:00	141.95	143.09	141.07	141.17	481
2024-08-18 04:00	141.16	141.94	140.65	141.33	83
2024-08-18 08:00	141.53	146.82	141.39	144.20	1092
2024-08-18 12:00	144.64	146.81	144.18	145.77	819
2024-08-18 16:00	145.71	146.95	144.41	146.37	900
2024-08-18 20:00	146.39	146.95	142.39	142.62	1554
2024-08-19 00:00	142.38	143.42	141.66	143.40	873
2024-08-19 04:00	143.20	143.64	142.01	142.31	403
2024-08-19 08:00	142.29	143.10	140.54	142.43	344
2024-08-19 12:00	142.24	144.58	141.72	144.19	877
2024-08-19 16:00	144.15	146.06	142.66	143.04	1014
2024-08-19 20:00	143.02	144.42	142.82	144.27	709
2024-08-20 00:00	144.32	147.50	143.55	145.48	1178
2024-08-20 04:00	145.59	148.58	145.59	147.29	968
2024-08-20 08:00	147.64	147.64	145.27	145.27	1210
2024-08-20 12:00	145.73	146.39	141.12	142.07	1115
2024-08-20 16:00	142.44	144.21	141.77	143.96	468
2024-08-20 20:00	143.88	144.43	142.29	142.29	344
2024-08-21 00:00	142.30	142.99	141.64	142.48	422
2024-08-21 04:00	142.53	143.75	142.35	142.91	128
2024-08-21 08:00	143.17	143.35	140.81	141.55	458
2024-08-21 12:00	141.27	142.40	138.96	140.38	946
2024-08-21 16:00	140.34	143.66	139.74	143.66	657
2024-08-21 20:00	143.67	144.27	141.72	142.70	574
2024-08-22 00:00	142.75	143.21	140.73	141.78	1119
2024-08-22 04:00	141.66	143.59	141.48	143.59	439
2024-08-22 08:00	143.27	144.65	142.85	144.41	648
2024-08-22 12:00	144.35	144.63	142.09	142.67	1013
2024-08-22 16:00	142.60	143.54	142.49	142.78	189
2024-08-22 20:00	142.83	143.64	142.78	143.26	646
2024-08-23 00:00	143.17	145.64	143.11	144.52	648
2024-08-23 04:00	144.71	145.84	144.43	145.26	183
2024-08-23 08:00	145.45	145.45	143.48	143.48	178
2024-08-23 12:00	143.67	146.91	142.81	144.44	869
2024-08-23 16:00	144.30	150.06	144.20	149.81	3542
2024-08-23 20:00	150.00	153.93	150.00	153.06	2955
2024-08-24 00:00	153.05	154.05	151.88	153.28	1578
2024-08-24 04:00	153.23	155.22	153.06	154.65	1123
2024-08-24 08:00	154.54	158.67	154.40	157.33	765
2024-08-24 12:00	157.39	159.68	157.07	159.40	2080
2024-08-24 16:00	159.33	162.27	159.33	160.62	3556
2024-08-24 20:00	160.59	161.08	156.84	160.57	3696
2024-08-25 00:00	160.68	160.68	157.49	157.81	1114
2024-08-25 04:00	158.36	159.06	155.33	156.14	1078
2024-08-25 08:00	156.36	157.85	156.14	157.67	1384
2024-08-25 12:00	157.35	159.83	157.06	159.15	1940
2024-08-25 16:00	159.36	160.23	158.55	159.13	241
2024-08-25 20:00	159.03	161.89	158.58	159.08	1769
2024-08-26 00:00	158.90	160.08	157.60	160.08	479
2024-08-26 04:00	160.09	161.03	158.45	159.20	445
2024-08-26 08:00	159.40	161.83	158.61	160.28	355
2024-08-26 12:00	160.28	161.50	156.08	157.88	2246
2024-08-26 16:00	157.52	159.27	155.67	157.71	1370
2024-08-26 20:00	158.07	159.19	156.48	157.29	668
2024-08-27 00:00	157.15	158.90	157.12	157.97	645
2024-08-27 04:00	158.50	159.17	157.38	157.62	354
2024-08-27 08:00	157.85	157.85	153.45	154.26	644
2024-08-27 12:00	154.23	155.71	152.83	153.68	481
2024-08-27 16:00	153.65	155.40	153.32	154.62	380
2024-08-27 20:00	154.72	155.02	145.27	146.75	3697
2024-08-28 00:00	146.76	148.25	145.49	148.25	1652
2024-08-28 04:00	148.15	148.70	143.89	143.89	955
2024-08-28 08:00	143.88	147.94	142.91	147.30	1512
2024-08-28 12:00	147.60	148.42	143.35	144.20	1862
2024-08-28 16:00	144.03	145.53	140.78	144.00	1358
2024-08-28 20:00	144.32	146.24	141.72	143.87	1781
2024-08-29 00:00	144.02	144.94	143.12	143.46	215
2024-08-29 04:00	143.52	145.28	143.28	144.70	439
2024-08-29 08:00	144.90	146.75	144.48	145.79	260
2024-08-29 12:00	145.66	147.37	144.76	146.69	1418
2024-08-29 16:00	146.71	147.12	139.17	140.84	1390
2024-08-29 20:00	140.82	141.46	138.16	140.08	1631
2024-08-30 00:00	140.00	140.78	138.50	139.12	720
2024-08-30 04:00	138.81	139.78	137.32	139.15	596
2024-08-30 08:00	139.15	139.97	138.43	138.72	130
2024-08-30 12:00	138.77	140.65	132.64	132.88	2656
2024-08-30 16:00	133.29	137.80	132.29	135.89	1107
2024-08-30 20:00	136.08	138.33	135.70	138.12	603
2024-08-31 00:00	137.97	139.07	137.57	138.30	561
2024-08-31 04:00	138.31	138.70	137.54	137.69	122
2024-08-31 08:00	137.72	137.72	135.91	136.96	250
2024-08-31 12:00	136.88	137.22	135.68	136.54	329
2024-08-31 16:00	136.62	136.62	134.69	135.02	205
2024-08-31 20:00	134.99	136.25	134.58	135.32	251
2024-09-01 00:00	135.32	135.61	132.97	134.12	418
2024-09-01 04:00	133.74	134.12	131.14	132.47	1498
2024-09-01 08:00	132.69	132.69	130.21	131.84	695
2024-09-01 12:00	131.88	134.77	130.15	134.25	836
2024-09-01 16:00	134.03	135.82	131.98	134.83	526
2024-09-01 20:00	135.24	136.05	127.73	128.63	2090
2024-09-02 00:00	128.44	130.66	128.33	130.29	626
2024-09-02 04:00	130.24	130.29	127.12	127.67	735
2024-09-02 08:00	127.84	132.78	127.31	132.26	348
2024-09-02 12:00	131.75	133.38	130.13	132.90	519
2024-09-02 16:00	132.69	133.79	131.80	133.03	210
2024-09-02 20:00	133.06	135.31	132.91	134.88	447
2024-09-03 00:00	134.91	137.27	134.28	135.60	712
2024-09-03 04:00	135.61	135.83	133.65	134.48	290
2024-09-03 08:00	134.44	134.50	132.94	134.47	169
2024-09-03 12:00	134.31	135.39	129.49	129.59	1695
2024-09-03 16:00	129.99	132.12	129.43	131.11	538
2024-09-03 20:00	131.31	131.61	127.26	127.50	2167
2024-09-04 00:00	127.75	128.83	123.50	127.76	2982
2024-09-04 04:00	127.63	131.35	126.67	130.39	977
2024-09-04 08:00	130.43	130.58	128.20	128.67	192
2024-09-04 12:00	128.75	133.98	127.97	133.98	1087
2024-09-04 16:00	133.74	134.92	132.55	132.76	1067
2024-09-04 20:00	133.28	134.45	132.76	133.55	552
2024-09-05 00:00	133.65	134.11	131.54	131.67	5727
2024-09-05 04:00	131.92	134.18	130.94	132.94	234
2024-09-05 08:00	133.30	133.75	131.80	132.84	135
2024-09-05 12:00	132.84	134.88	130.25	130.79	3321
2024-09-05 16:00	130.64	131.04	128.00	128.30	1345
2024-09-05 20:00	128.28	129.83	128.22	129.34	644
2024-09-06 00:00	129.44	131.54	128.73	130.79	256
2024-09-06 04:00	130.81	131.11	127.51	128.53	316
2024-09-06 08:00	128.27	130.98	128.27	130.50	164
2024-09-06 12:00	130.49	134.16	127.04	128.04	1681
2024-09-06 16:00	128.04	128.27	124.08	125.12	3430
2024-09-06 20:00	125.23	125.99	121.63	124.93	4855
2024-09-07 00:00	125.05	125.69	124.21	125.36	215
2024-09-07 04:00	125.23	128.40	125.18	127.66	381
2024-09-07 08:00	127.66	127.74	126.77	127.12	190
2024-09-07 12:00	127.26	129.30	127.02	129.04	377
2024-09-07 16:00	128.94	129.02	126.38	128.52	823
2024-09-07 20:00	128.33	128.33	126.51	127.66	187
2024-09-08 00:00	127.85	128.41	126.96	127.97	97
2024-09-08 04:00	128.33	129.56	127.80	129.56	151
2024-09-08 08:00	129.32	130.79	128.98	130.27	495
2024-09-08 12:00	129.92	130.27	126.72	126.72	559
2024-09-08 16:00	126.78	129.29	126.78	128.74	170
2024-09-08 20:00	128.63	131.58	128.19	129.86	2377
2024-09-09 00:00	129.81	130.89	128.03	128.97	2617
2024-09-09 04:00	128.60	129.25	127.60	129.14	162
2024-09-09 08:00	129.08	130.45	129.08	129.46	547
2024-09-09 12:00	129.45	129.85	127.07	128.45	1137
2024-09-09 16:00	128.43	134.89	128.43	134.89	4143
2024-09-09 20:00	134.89	137.15	133.80	134.98	1138
2024-09-10 00:00	134.98	135.16	132.83	132.83	529
2024-09-10 04:00	133.04	134.76	132.66	134.76	399
2024-09-10 08:00	134.52	135.13	134.14	135.10	133
2024-09-10 12:00	135.07	135.82	133.42	134.20	1164
2024-09-10 16:00	134.19	137.58	133.85	136.52	1292
2024-09-10 20:00	136.41	136.43	135.17	135.67	207
2024-09-11 00:00	135.79	135.79	133.41	133.45	662
2024-09-11 04:00	133.58	133.58	131.12	132.39	583
2024-09-11 08:00	132.23	132.39	130.41	131.51	248
2024-09-11 12:00	131.57	132.70	128.34	130.78	1050
2024-09-11 16:00	131.59	133.45	130.78	132.83	371
2024-09-11 20:00	132.78	133.01	129.00	132.29	1555
2024-09-12 00:00	132.45	135.95	132.29	135.67	1431
2024-09-12 04:00	135.69	136.00	134.35	134.86	140
2024-09-12 08:00	134.86	134.95	134.26	134.86	69
2024-09-12 12:00	134.95	136.00	133.49	133.50	766
2024-09-12 16:00	133.54	135.66	133.54	135.63	212
2024-09-12 20:00	135.56	136.14	135.04	135.88	1174
2024-09-13 00:00	135.78	136.14	134.35	134.52	201
2024-09-13 04:00	134.49	134.74	133.78	134.35	121
2024-09-13 08:00	134.44	134.46	132.75	132.75	2347
2024-09-13 12:00	132.73	136.53	131.77	136.40	1014
2024-09-13 16:00	136.53	137.93	136.03	137.76	2234
2024-09-13 20:00	137.59	139.51	137.59	138.81	589
2024-09-14 00:00	138.78	139.70	138.40	139.30	481
2024-09-14 04:00	139.50	139.54	137.43	137.48	268
2024-09-14 08:00	137.57	137.57	136.65	136.65	310
2024-09-14 12:00	136.78	137.98	136.64	137.26	147
2024-09-14 16:00	137.44	137.88	135.73	136.58	367
2024-09-14 20:00	136.67	137.25	136.58	137.08	111
2024-09-15 00:00	137.22	137.82	137.04	137.52	103
2024-09-15 04:00	137.48	137.57	136.93	137.00	67
2024-09-15 08:00	137.19	137.19	135.31	135.64	189
2024-09-15 12:00	135.53	136.28	134.76	135.83	282
2024-09-15 16:00	135.63	135.71	133.00	133.46	719
2024-09-15 20:00	133.33	133.59	130.64	131.50	3438
2024-09-16 00:00	131.40	131.68	129.31	130.37	1477
2024-09-16 04:00	130.55	131.31	130.37	131.19	1094
2024-09-16 08:00	131.26	132.31	130.77	131.90	116
2024-09-16 12:00	132.26	132.28	130.11	131.49	167
2024-09-16 16:00	131.49	131.61	129.06	131.00	1404
2024-09-16 20:00	130.76	131.83	130.05	131.31	595
2024-09-17 00:00	131.48	131.91	130.33	131.32	193
2024-09-17 04:00	131.16	132.71	130.99	132.20	107
2024-09-17 08:00	132.35	133.17	131.72	131.92	151
2024-09-17 12:00	132.04	135.58	131.03	134.70	1485
2024-09-17 16:00	134.65	134.98	131.18	132.12	2873
2024-09-17 20:00	132.14	132.65	131.16	131.55	333
2024-09-18 00:00	131.46	132.06	130.46	131.79	1185
2024-09-18 04:00	131.75	131.75	130.63	131.07	846
2024-09-18 08:00	131.03	131.10	128.22	129.35	1074
2024-09-18 12:00	129.36	130.25	127.13	127.60	1577
2024-09-18 16:00	127.53	132.85	127.24	129.45	1652
2024-09-18 20:00	129.38	134.01	128.63	134.01	421
2024-09-19 00:00	133.75	138.37	133.75	137.91	4787
2024-09-19 04:00	138.12	139.00	137.64	138.46	2263
2024-09-19 08:00	138.52	139.32	138.29	138.87	475
2024-09-19 12:00	139.14	142.74	139.03	142.69	658
2024-09-19 16:00	142.69	143.71	142.49	143.06	1743
2024-09-19 20:00	143.15	143.69	141.01	142.24	678
2024-09-20 00:00	142.45	144.43	141.10	144.43	922
2024-09-20 04:00	144.44	152.29	143.85	150.59	3831
2024-09-20 08:00	150.93	151.58	150.08	150.56	642
2024-09-20 12:00	150.52	151.11	145.98	147.71	2375
2024-09-20 16:00	147.62	148.00	144.85	146.76	720
2024-09-20 20:00	146.84	147.77	146.24	146.50	293
2024-09-21 00:00	146.47	147.91	145.03	146.02	1697
2024-09-21 04:00	145.87	147.60	144.70	147.47	1194
2024-09-21 08:00	147.34	147.72	146.54	147.20	648
2024-09-21 12:00	147.20	149.21	146.79	147.60	668
2024-09-21 16:00	147.68	148.62	147.29	147.34	1344
2024-09-21 20:00	147.42	149.68	147.36	149.32	771
2024-09-22 00:00	149.43	149.81	147.38	148.15	2025
2024-09-22 04:00	148.20	148.94	146.49	147.18	386
2024-09-22 08:00	147.15	147.49	144.24	144.83	500
2024-09-22 12:00	144.74	145.00	142.75	143.10	665
2024-09-22 16:00	143.07	145.02	142.49	144.70	763
2024-09-22 20:00	144.66	145.44	141.20	144.71	1075
2024-09-23 00:00	144.50	148.58	142.25	147.79	1977
2024-09-23 04:00	147.90	148.04	145.30	145.50	1484
2024-09-23 08:00	145.53	145.53	143.20	143.59	215
2024-09-23 12:00	143.48	145.34	142.88	144.35	2391
2024-09-23 16:00	144.27	144.83	142.86	143.24	1147
2024-09-23 20:00	143.33	145.13	142.53	144.89	620
2024-09-24 00:00	144.84	146.57	143.20	146.41	2269
2024-09-24 04:00	146.41	146.75	145.47	146.56	494
2024-09-24 08:00	146.75	148.56	146.05	146.48	634
2024-09-24 12:00	146.51	148.34	143.94	145.87	2692
2024-09-24 16:00	145.57	150.00	145.10	148.77	5279
2024-09-24 20:00	148.58	153.70	147.96	152.45	2069
2024-09-25 00:00	152.45	153.76	151.15	151.93	989
2024-09-25 04:00	151.93	152.13	149.28	149.97	932
2024-09-25 08:00	149.93	150.91	149.69	150.91	150
2024-09-25 12:00	150.85	152.82	149.81	150.44	683
2024-09-25 16:00	150.49	151.86	148.97	150.02	264
2024-09-25 20:00	150.29	150.76	147.30	147.99	1083
2024-09-26 00:00	147.79	149.48	146.64	149.48	957
2024-09-26 04:00	149.19	151.59	148.79	151.59	338
2024-09-26 08:00	151.68	152.70	150.55	152.70	287
2024-09-26 12:00	152.70	157.61	151.07	157.00	2725
2024-09-26 16:00	156.95	157.93	155.36	155.36	3174
2024-09-26 20:00	155.36	156.25	153.99	155.23	1443
2024-09-27 00:00	155.23	156.17	154.04	155.55	839
2024-09-27 04:00	155.71	158.79	155.55	157.56	620
2024-09-27 08:00	157.49	159.08	155.79	155.93	514
2024-09-27 12:00	155.89	160.85	155.69	159.09	1973
2024-09-27 16:00	159.07	159.57	157.19	157.60	909
2024-09-27 20:00	157.60	158.53	157.32	157.77	601
2024-09-28 00:00	157.67	159.25	157.67	158.48	346
2024-09-28 04:00	158.65	158.65	156.27	156.51	511
2024-09-28 08:00	156.43	157.47	155.17	157.01	264
2024-09-28 12:00	157.12	157.90	156.27	156.73	264
2024-09-28 16:00	156.76	157.15	156.45	156.88	579
2024-09-28 20:00	156.73	156.98	155.75	156.71	141
2024-09-29 00:00	156.64	158.50	156.37	157.80	758
2024-09-29 04:00	157.67	157.96	155.19	155.32	347
2024-09-29 08:00	155.64	156.90	155.16	156.78	455
2024-09-29 12:00	156.87	157.46	155.74	157.39	245
2024-09-29 16:00	157.34	159.46	156.73	159.03	1343
2024-09-29 20:00	159.13	161.70	157.94	158.39	2407
2024-09-30 00:00	158.36	159.48	155.34	156.12	1153
2024-09-30 04:00	156.11	157.62	155.32	157.02	972
2024-09-30 08:00	156.89	157.02	153.88	155.57	454
2024-09-30 12:00	155.48	157.19	154.24	154.24	539
2024-09-30 16:00	154.21	155.70	154.06	155.15	1881
2024-09-30 20:00	155.29	156.62	151.83	152.68	675
2024-10-01 00:00	152.68	155.14	151.62	154.98	1046
2024-10-01 04:00	155.17	156.70	154.78	156.59	134
2024-10-01 08:00	156.70	157.19	156.10	156.53	364
2024-10-01 12:00	156.48	156.61	146.94	150.20	2477
2024-10-01 16:00	149.97	150.20	143.77	145.98	1588
2024-10-01 20:00	146.22	146.42	143.25	145.31	1307
2024-10-02 00:00	145.21	147.95	143.71	147.43	445
2024-10-02 04:00	147.18	148.61	146.39	148.61	1029
2024-10-02 08:00	147.81	148.35	145.24	145.98	190
2024-10-02 12:00	146.10	147.58	143.00	147.24	3069
2024-10-02 16:00	147.59	148.30	138.75	140.06	1732
2024-10-02 20:00	140.07	141.63	138.75	140.33	745
2024-10-03 00:00	140.20	142.85	138.81	142.74	613
2024-10-03 04:00	142.73	142.73	139.96	139.96	176
2024-10-03 08:00	140.13	140.13	135.39	136.93	1179
2024-10-03 12:00	136.97	138.38	133.78	135.96	1885
2024-10-03 16:00	135.64	137.35	133.97	137.18	1241
2024-10-03 20:00	137.18	137.85	135.98	137.03	1190
2024-10-04 00:00	136.93	138.59	136.47	137.79	282
2024-10-04 04:00	137.85	139.72	137.61	139.72	482
2024-10-04 08:00	139.43	140.92	139.43	140.43	681
2024-10-04 12:00	140.33	142.49	138.21	142.20	950
2024-10-04 16:00	142.31	144.43	141.92	143.89	703
2024-10-04 20:00	143.79	144.02	142.66	143.13	669
2024-10-05 00:00	143.27	144.00	141.79	141.94	351
2024-10-05 04:00	141.94	143.96	141.66	143.78	1186
2024-10-05 08:00	143.69	144.29	143.18	143.43	116
2024-10-05 12:00	143.59	143.82	142.76	143.21	430
2024-10-05 16:00	143.04	143.45	142.49	142.83	670
2024-10-05 20:00	142.76	142.99	141.72	142.98	278
2024-10-06 00:00	142.47	143.80	142.47	143.17	283
2024-10-06 04:00	143.14	143.36	142.51	143.00	132
2024-10-06 08:00	143.15	144.14	142.70	144.04	277
2024-10-06 12:00	143.99	146.12	143.79	145.63	1253
2024-10-06 16:00	145.68	146.32	144.88	145.48	293
2024-10-06 20:00	145.34	146.52	144.35	146.52	449
2024-10-07 00:00	146.48	150.38	146.01	149.66	1126
2024-10-07 04:00	149.64	150.01	148.04	148.09	407
2024-10-07 08:00	148.08	149.08	145.76	147.33	338
2024-10-07 12:00	147.30	152.12	146.60	148.92	2258
2024-10-07 16:00	149.17	149.49	145.62	146.85	765
2024-10-07 20:00	147.16	147.16	143.90	144.04	1818
2024-10-08 00:00	143.96	145.45	143.65	144.43	457
2024-10-08 04:00	144.96	144.96	142.30	143.12	282
2024-10-08 08:00	142.87	144.50	142.87	144.30	451
2024-10-08 12:00	144.50	145.43	141.32	142.91	571
2024-10-08 16:00	142.46	143.97	141.85	143.97	218
2024-10-08 20:00	143.63	144.63	142.64	143.38	444
2024-10-09 00:00	143.39	145.15	143.31	143.96	198
2024-10-09 04:00	143.88	144.18	142.74	142.97	742
2024-10-09 08:00	143.27	143.32	142.54	143.12	80
2024-10-09 12:00	143.27	143.27	140.32	142.65	1352
2024-10-09 16:00	142.73	142.73	139.89	140.89	830
2024-10-09 20:00	141.11	141.11	138.75	139.17	1097
2024-10-10 00:00	139.36	140.35	137.79	139.79	396
2024-10-10 04:00	139.92	140.78	139.49	139.87	136
2024-10-10 08:00	139.85	140.47	137.56	140.47	239
2024-10-10 12:00	140.42	140.69	136.33	138.58	1149
2024-10-10 16:00	138.60	139.01	135.65	138.09	488
2024-10-10 20:00	138.10	139.02	137.29	139.02	255
2024-10-11 00:00	138.92	141.44	138.74	140.91	382
2024-10-11 04:00	140.94	142.08	140.86	141.03	230
2024-10-11 08:00	141.21	142.51	141.08	141.91	149
2024-10-11 12:00	142.05	145.28	142.05	144.27	989
2024-10-11 16:00	144.64	146.32	143.88	145.24	548
2024-10-11 20:00	145.24	145.95	144.92	145.18	259
2024-10-12 00:00	145.57	146.49	144.77	145.06	682
2024-10-12 04:00	145.30	145.94	145.06	145.62	162
2024-10-12 08:00	145.49	147.00	145.40	146.34	158
2024-10-12 12:00	146.26	147.17	145.84	146.17	1104
2024-10-12 16:00	146.17	147.10	146.17	146.85	342
2024-10-12 20:00	146.47	147.10	146.15	146.37	634
2024-10-13 00:00	146.13	146.70	145.23	145.23	198
2024-10-13 04:00	145.34	146.77	145.23	146.02	103
2024-10-13 08:00	146.16	147.83	146.02	146.72	1128
2024-10-13 12:00	146.56	147.83	144.52	144.75	210
2024-10-13 16:00	145.05	146.16	144.65	145.95	152
2024-10-13 20:00	145.82	148.30	145.82	147.55	443
2024-10-14 00:00	147.55	151.93	146.91	151.93	3589
2024-10-14 04:00	151.41	152.84	150.59	152.06	787
2024-10-14 08:00	152.42	153.26	151.94	152.78	328
2024-10-14 12:00	152.95	157.41	152.45	156.65	1809
2024-10-14 16:00	156.17	156.65	154.66	155.55	653
2024-10-14 20:00	155.47	157.68	155.45	157.50	659
2024-10-15 00:00	157.59	157.96	155.30	155.30	480
2024-10-15 04:00	155.54	156.06	153.80	155.14	273
2024-10-15 08:00	155.23	155.30	151.92	152.02	464
2024-10-15 12:00	152.01	158.70	150.44	153.23	1875
2024-10-15 16:00	153.37	156.10	153.18	155.05	745
2024-10-15 20:00	154.86	155.12	152.21	154.75	420
2024-10-16 00:00	154.63	156.09	153.09	154.14	499
2024-10-16 04:00	154.33	154.79	153.00	153.55	266
2024-10-16 08:00	153.64	158.00	153.55	156.06	486
2024-10-16 12:00	156.41	156.67	154.01	155.67	614
2024-10-16 16:00	155.78	155.83	154.24	154.59	249
2024-10-16 20:00	154.24	154.96	153.77	154.32	169
2024-10-17 00:00	154.31	155.52	153.85	154.51	238
2024-10-17 04:00	154.60	154.83	151.73	152.67	553
2024-10-17 08:00	152.57	153.39	151.21	151.21	529
2024-10-17 12:00	151.28	153.00	150.97	153.00	764
2024-10-17 16:00	152.45	153.00	147.84	149.65	1060
2024-10-17 20:00	149.30	150.78	149.30	150.49	413
2024-10-18 00:00	150.28	153.11	149.87	151.88	794
2024-10-18 04:00	151.91	154.14	151.88	154.05	294
2024-10-18 08:00	153.92	154.24	153.01	153.01	142
2024-10-18 12:00	153.20	154.85	152.32	154.22	868
2024-10-18 16:00	154.39	156.61	153.79	154.72	1778
2024-10-18 20:00	154.61	155.04	153.88	155.04	267
2024-10-19 00:00	154.99	155.57	154.07	154.58	298
2024-10-19 04:00	154.62	154.95	154.17	154.35	177
2024-10-19 08:00	154.58	154.88	153.70	153.83	168
2024-10-19 12:00	153.72	157.03	153.72	156.41	762
2024-10-19 16:00	156.41	156.78	155.41	156.23	310
2024-10-19 20:00	156.23	159.74	156.23	159.74	1890
2024-10-20 00:00	159.74	159.96	157.98	158.59	974
2024-10-20 04:00	158.58	160.00	158.43	158.84	586
2024-10-20 08:00	158.85	159.38	158.33	158.99	391
2024-10-20 12:00	158.99	160.95	157.65	159.84	1345
2024-10-20 16:00	160.04	161.03	159.43	160.26	463
2024-10-20 20:00	160.16	167.30	160.16	166.97	3087
2024-10-21 00:00	166.97	169.79	166.97	169.39	2222
2024-10-21 04:00	169.39	170.95	168.67	168.73	1272
2024-10-21 08:00	168.70	169.46	165.86	166.29	391
2024-10-21 12:00	166.45	166.97	161.44	165.25	879
2024-10-21 16:00	165.25	167.73	163.10	167.44	1237
2024-10-21 20:00	167.44	167.89	165.65	165.65	478
2024-10-22 00:00	165.91	167.59	163.10	166.40	1856
2024-10-22 04:00	166.23	168.75	166.01	167.05	974
2024-10-22 08:00	167.02	168.99	163.70	167.94	474
2024-10-22 12:00	168.05	170.81	164.95	167.89	1827
2024-10-22 16:00	167.86	168.94	166.08	168.39	279
2024-10-22 20:00	168.39	169.05	167.00	167.47	264
2024-10-23 00:00	167.20	167.93	164.61	165.71	598
2024-10-23 04:00	165.59	166.22	164.45	165.63	245
2024-10-23 08:00	165.27	166.79	164.26	166.27	309
2024-10-23 12:00	166.29	169.23	165.09	168.00	1649
2024-10-23 16:00	168.10	173.09	164.74	172.17	2241
2024-10-23 20:00	172.29	173.89	170.13	170.86	1438
2024-10-24 00:00	170.86	174.32	170.62	174.32	1297
2024-10-24 04:00	173.80	174.60	172.76	173.35	737
2024-10-24 08:00	173.64	173.80	171.04	173.20	533
2024-10-24 12:00	173.08	176.54	173.08	175.45	1487
2024-10-24 16:00	175.16	177.55	174.73	177.25	674
2024-10-24 20:00	176.94	179.09	176.47	177.26	1510
2024-10-25 00:00	177.02	177.45	174.48	174.55	556
2024-10-25 04:00	174.62	174.62	171.59	171.59	433
2024-10-25 08:00	171.95	174.02	170.94	173.77	321
2024-10-25 12:00	173.53	176.89	171.41	172.65	885
2024-10-25 16:00	172.15	173.03	165.29	168.48	4391
2024-10-25 20:00	168.30	168.73	159.83	165.28	2926
2024-10-26 00:00	164.88	165.84	162.59	165.70	436
2024-10-26 04:00	165.82	169.07	165.46	167.68	808
2024-10-26 08:00	167.61	170.20	167.61	168.39	233
2024-10-26 12:00	168.69	169.39	167.40	168.84	1253
2024-10-26 16:00	168.92	172.19	168.48	171.52	531
2024-10-26 20:00	171.53	173.02	170.75	170.86	622
2024-10-27 00:00	170.91	173.21	170.40	171.90	345
2024-10-27 04:00	172.11	173.42	171.87	173.23	189
2024-10-27 08:00	173.26	174.97	173.14	173.95	572
2024-10-27 12:00	174.01	176.55	174.01	175.63	740
2024-10-27 16:00	175.75	177.46	174.75	177.24	699
2024-10-27 20:00	176.78	177.77	176.21	176.49	868
2024-10-28 00:00	176.46	176.99	174.86	175.54	870
2024-10-28 04:00	175.56	176.54	173.22	175.72	858
2024-10-28 08:00	175.69	178.00	175.69	177.04	314
2024-10-28 12:00	176.81	177.77	173.41	173.44	1343
2024-10-28 16:00	173.47	177.41	172.63	176.23	1526
2024-10-28 20:00	176.20	179.36	175.62	178.03	1272
2024-10-29 00:00	177.79	183.00	177.24	181.71	2661
2024-10-29 04:00	181.75	182.60	179.53	180.00	734
2024-10-29 08:00	180.20	181.60	180.00	180.82	765
2024-10-29 12:00	180.72	180.89	178.46	180.00	776
2024-10-29 16:00	179.79	182.69	178.53	178.88	2044
2024-10-29 20:00	178.86	180.24	177.29	179.20	668
2024-10-30 00:00	179.32	180.44	177.41	180.19	729
2024-10-30 04:00	180.08	180.96	178.94	179.06	567
2024-10-30 08:00	179.35	179.56	176.04	176.68	274
2024-10-30 12:00	176.32	177.28	173.68	174.63	1829
2024-10-30 16:00	174.22	175.93	173.86	174.71	572
2024-10-30 20:00	175.24	177.24	173.99	175.56	361
2024-10-31 00:00	175.55	180.00	174.78	175.45	1284
2024-10-31 04:00	175.45	176.22	173.88	175.15	396
2024-10-31 08:00	174.61	176.26	174.05	175.16	204
2024-10-31 12:00	175.13	177.24	169.47	170.98	2680
2024-10-31 16:00	170.54	170.62	168.62	168.62	900
2024-10-31 20:00	168.73	170.13	167.72	168.88	1046
2024-11-01 00:00	168.67	169.24	165.49	167.18	670
2024-11-01 04:00	167.20	167.41	165.18	165.90	445
2024-11-01 08:00	165.90	168.67	165.82	167.69	198
2024-11-01 12:00	167.84	173.84	164.35	164.75	1724
2024-11-01 16:00	164.75	167.70	163.82	166.57	712
2024-11-01 20:00	166.73	166.98	164.11	166.20	380
2024-11-02 00:00	166.27	168.56	166.27	166.92	183
2024-11-02 04:00	166.88	167.61	165.79	167.61	176
2024-11-02 08:00	167.62	167.73	165.98	165.98	279
2024-11-02 12:00	166.09	166.33	162.32	163.73	791
2024-11-02 16:00	163.89	165.24	163.10	165.03	220
2024-11-02 20:00	165.05	166.80	165.03	166.08	219
2024-11-03 00:00	166.05	166.36	160.83	162.52	1178
2024-11-03 04:00	162.17	163.92	161.88	163.83	246
2024-11-03 08:00	163.76	164.74	162.75	163.58	142
2024-11-03 12:00	163.56	164.45	158.02	160.20	937
2024-11-03 16:00	159.95	161.72	158.19	160.82	1269
2024-11-03 20:00	161.08	163.50	160.64	162.39	1091
2024-11-04 00:00	162.20	164.52	160.49	162.89	607
2024-11-04 04:00	162.85	163.73	161.45	161.50	220
2024-11-04 08:00	161.64	164.16	160.17	163.60	627
2024-11-04 12:00	163.62	164.71	161.75	163.08	330
2024-11-04 16:00	162.69	163.46	159.26	159.80	1213
2024-11-04 20:00	159.29	159.83	155.26	157.85	2685
2024-11-05 00:00	157.96	159.70	156.98	159.70	654
2024-11-05 04:00	159.72	162.20	159.66	162.00	1103
2024-11-05 08:00	162.01	162.68	161.12	162.36	156
2024-11-05 12:00	162.16	167.55	162.11	165.81	1599
2024-11-05 16:00	166.08	169.06	163.56	164.25	1035
2024-11-05 20:00	164.00	167.52	163.45	166.67	360
2024-11-06 00:00	166.68	184.12	166.68	184.06	7003
2024-11-06 04:00	184.06	187.68	182.84	183.68	4546
2024-11-06 08:00	184.08	186.58	179.64	186.58	2576
2024-11-06 12:00	186.70	188.00	184.39	185.65	1387
2024-11-06 16:00	185.45	188.09	184.92	188.09	2056
2024-11-06 20:00	188.09	189.90	186.45	186.58	1614
2024-11-07 00:00	186.66	191.87	185.90	189.00	1897
2024-11-07 04:00	189.00	189.83	186.00	187.79	1340
2024-11-07 08:00	188.18	188.84	186.09	186.09	534
2024-11-07 12:00	186.11	191.85	186.09	191.85	1380
2024-11-07 16:00	191.85	196.96	190.80	196.83	2767
2024-11-07 20:00	196.83	197.47	194.20	196.06	826
2024-11-08 00:00	196.42	200.00	195.65	197.98	2148
2024-11-08 04:00	197.98	200.00	197.54	199.92	1283
2024-11-08 08:00	199.88	204.65	198.26	203.15	2513
2024-11-08 12:00	203.51	204.77	198.27	200.95	3731
2024-11-08 16:00	200.86	201.78	196.39	199.62	1979
2024-11-08 20:00	199.59	200.08	197.25	199.88	671
2024-11-09 00:00	199.76	200.13	197.35	198.65	359
2024-11-09 04:00	199.08	202.21	199.08	200.14	871
2024-11-09 08:00	200.14	203.24	200.14	202.38	558
2024-11-09 12:00	202.05	202.38	197.53	198.45	735
2024-11-09 16:00	198.62	199.44	195.30	198.02	812
2024-11-09 20:00	197.80	201.84	197.54	200.00	1751
2024-11-10 00:00	199.84	204.29	198.85	201.54	1504
2024-11-10 04:00	201.54	208.10	201.06	205.19	3323
2024-11-10 08:00	205.12	207.31	204.18	206.71	451
2024-11-10 12:00	206.46	212.00	203.62	211.98	2448
2024-11-10 16:00	211.31	214.86	206.53	207.92	3378
2024-11-10 20:00	208.45	213.20	200.70	210.51	4698
2024-11-11 00:00	209.56	211.06	208.21	209.96	1411
2024-11-11 04:00	209.82	209.82	204.20	208.20	1507
2024-11-11 08:00	208.50	216.87	206.76	216.48	2178
2024-11-11 12:00	216.87	220.03	214.25	218.87	4485
2024-11-11 16:00	218.87	221.93	216.48	217.67	3857
2024-11-11 20:00	217.95	223.58	216.99	222.41	3275
2024-11-12 00:00	222.04	222.41	215.63	220.00	4667
2024-11-12 04:00	220.00	221.73	216.37	221.73	3754
2024-11-12 08:00	221.77	224.53	208.96	211.40	4630
2024-11-12 12:00	211.57	213.73	204.88	210.48	3918
2024-11-12 16:00	210.48	215.01	206.90	213.47	2080
2024-11-12 20:00	213.14	215.33	210.29	211.56	1086
2024-11-13 00:00	211.56	213.07	203.30	203.30	1741
2024-11-13 04:00	203.38	207.21	201.00	205.52	985
2024-11-13 08:00	204.39	209.28	204.05	207.73	415
2024-11-13 12:00	207.61	216.95	206.18	216.52	2385
2024-11-13 16:00	216.50	220.07	210.63	210.92	4683
2024-11-13 20:00	210.63	215.51	206.26	214.75	2760
2024-11-14 00:00	214.73	219.29	212.30	219.14	864
2024-11-14 04:00	219.14	220.00	215.32	218.77	1074
2024-11-14 08:00	217.95	222.48	213.66	216.29	1186
2024-11-14 12:00	216.29	217.82	209.40	211.25	1400
2024-11-14 16:00	211.13	216.78	209.99	215.14	3051
2024-11-14 20:00	215.83	215.83	206.93	208.61	1684
2024-11-15 00:00	208.93	212.66	208.16	209.15	810
2024-11-15 04:00	209.13	210.52	204.76	209.25	959
2024-11-15 08:00	209.75	213.49	208.17	213.49	724
2024-11-15 12:00	213.49	215.00	203.99	208.35	1843
2024-11-15 16:00	208.45	213.28	207.85	211.81	1807
2024-11-15 20:00	212.58	219.48	211.81	218.38	2121
2024-11-16 00:00	218.47	220.64	215.86	220.64	1910
2024-11-16 04:00	220.64	221.06	216.96	219.34	525
2024-11-16 08:00	219.33	219.63	216.87	218.80	623
2024-11-16 12:00	218.84	221.67	213.98	214.96	2824
2024-11-16 16:00	215.25	216.94	213.64	216.37	1479
2024-11-16 20:00	216.34	217.30	214.19	215.80	676
2024-11-17 00:00	215.39	220.50	211.23	220.40	2212
2024-11-17 04:00	220.50	239.73	219.62	237.34	7482
2024-11-17 08:00	237.46	241.78	234.50	234.50	3002
2024-11-17 12:00	235.34	235.68	230.08	234.25	1914
2024-11-17 16:00	233.78	235.57	231.22	235.07	946
2024-11-17 20:00	235.51	238.23	231.77	237.37	1330
2024-11-18 00:00	237.57	244.25	234.20	243.98	2229
2024-11-18 04:00	244.25	245.14	239.70	242.29	1480
2024-11-18 08:00	242.28	248.13	239.89	242.20	978
2024-11-18 12:00	241.96	244.81	238.26	243.03	2788
2024-11-18 16:00	243.10	243.15	234.42	236.80	1493
2024-11-18 20:00	236.36	240.72	235.91	239.46	985
2024-11-19 00:00	239.52	243.45	237.75	240.66	1127
2024-11-19 04:00	240.63	244.00	238.99	243.52	887
2024-11-19 08:00	243.00	246.66	242.15	246.28	780
2024-11-19 12:00	246.44	246.96	238.51	240.57	949
2024-11-19 16:00	240.64	244.32	240.10	243.48	873
2024-11-19 20:00	243.56	244.13	234.34	237.58	1923
2024-11-20 00:00	237.58	237.65	231.59	233.78	2463
2024-11-20 04:00	233.92	236.41	232.36	236.12	371
2024-11-20 08:00	235.98	238.59	235.68	237.37	811
2024-11-20 12:00	237.43	242.37	235.99	238.45	2757
2024-11-20 16:00	238.69	239.05	231.10	233.17	2589
2024-11-20 20:00	233.16	238.00	232.03	235.63	1115
2024-11-21 00:00	235.34	238.49	230.06	235.96	2270
2024-11-21 04:00	235.94	242.41	235.91	241.54	2868
2024-11-21 08:00	241.54	243.17	240.18	240.18	741
2024-11-21 12:00	240.17	252.25	240.14	249.08	2521
2024-11-21 16:00	248.31	259.45	248.31	253.86	4648
2024-11-21 20:00	253.92	257.18	249.50	256.47	3283
2024-11-22 00:00	256.49	264.00	252.38	262.55	3472
2024-11-22 04:00	262.00	262.61	258.27	259.69	1161
2024-11-22 08:00	259.60	260.60	256.56	259.58	580
2024-11-22 12:00	259.53	260.36	252.65	256.61	2832
2024-11-22 16:00	255.75	255.75	251.72	254.13	1586
2024-11-22 20:00	254.05	257.79	253.42	256.59	954
2024-11-23 00:00	255.80	257.50	253.17	256.96	1408
2024-11-23 04:00	257.10	263.78	257.10	258.35	3396
2024-11-23 08:00	258.20	259.48	256.05	256.35	533
2024-11-23 12:00	256.06	263.12	256.06	259.63	1168
2024-11-23 16:00	259.62	260.11	254.39	254.70	2329
2024-11-23 20:00	254.38	255.80	253.08	254.94	825
2024-11-24 00:00	254.44	259.34	254.44	258.23	1776
2024-11-24 04:00	257.71	258.95	254.42	256.72	1707
2024-11-24 08:00	256.72	256.82	248.40	248.68	924
2024-11-24 12:00	248.37	249.87	240.90	244.37	3079
2024-11-24 16:00	244.37	250.17	243.77	248.89	745
2024-11-24 20:00	248.61	254.53	248.61	252.80	1084
2024-11-25 00:00	252.53	253.24	246.09	252.15	1065
2024-11-25 04:00	252.50	253.99	251.66	253.31	740
2024-11-25 08:00	253.36	256.18	251.47	252.18	598
2024-11-25 12:00	252.30	252.61	236.86	246.10	2428
2024-11-25 16:00	246.10	247.65	238.00	239.89	2640
2024-11-25 20:00	239.93	240.96	231.41	234.85	2175
2024-11-26 00:00	233.98	239.41	233.80	238.11	1131
2024-11-26 04:00	237.55	239.42	235.18	236.20	784
2024-11-26 08:00	235.18	236.39	222.22	227.67	1671
2024-11-26 12:00	227.62	232.47	226.07	227.75	1545
2024-11-26 16:00	227.68	232.23	223.63	228.84	894
2024-11-26 20:00	228.90	232.03	227.75	231.30	687
2024-11-27 00:00	230.61	233.60	228.50	231.54	441
2024-11-27 04:00	232.07	234.56	227.89	234.10	1479
2024-11-27 08:00	234.30	236.37	232.24	235.30	537
2024-11-27 12:00	235.02	240.76	232.92	240.48	1091
2024-11-27 16:00	240.76	240.93	238.04	238.73	833
2024-11-27 20:00	238.98	243.24	238.95	242.33	1523
2024-11-28 00:00	241.77	244.69	238.27	240.14	887
2024-11-28 04:00	239.92	240.95	237.00	237.64	677
2024-11-28 08:00	237.64	238.87	234.57	236.96	313
2024-11-28 12:00	236.96	237.52	233.18	233.18	661
2024-11-28 16:00	233.18	236.84	233.18	235.55	945
2024-11-28 20:00	235.55	238.05	234.97	238.05	243
2024-11-29 00:00	237.48	242.85	236.74	242.02	678
2024-11-29 04:00	242.02	242.10	237.62	237.62	288
2024-11-29 08:00	238.05	245.24	238.05	245.24	277
2024-11-29 12:00	245.25	246.44	241.55	244.20	1342
2024-11-29 16:00	244.27	244.61	240.31	241.14	1062
2024-11-29 20:00	241.29	245.12	241.02	243.36	762
2024-11-30 00:00	243.20	243.20	239.82	243.05	1277
2024-11-30 04:00	242.89	244.93	241.90	244.50	654
2024-11-30 08:00	244.39	245.16	240.03	241.40	363
2024-11-30 12:00	241.38	243.99	238.89	240.01	1577
2024-11-30 16:00	240.01	240.54	239.00	240.18	544
2024-11-30 20:00	240.02	241.10	237.55	238.98	1472
2024-12-01 00:00	238.43	239.83	234.28	235.69	2327
2024-12-01 04:00	235.67	236.84	235.05	235.56	390
2024-12-01 08:00	235.68	238.43	235.56	236.88	494
2024-12-01 12:00	237.00	239.33	236.53	238.27	1342
2024-12-01 16:00	238.48	239.43	233.24	236.39	1919
2024-12-01 20:00	236.39	238.95	234.54	236.80	1515
2024-12-02 00:00	236.69	238.02	228.39	228.61	4983
2024-12-02 04:00	228.39	230.29	226.15	228.69	2906
2024-12-02 08:00	228.52	228.74	222.77	225.07	4532
2024-12-02 12:00	224.67	229.40	221.87	229.35	1536
2024-12-02 16:00	229.42	229.93	220.25	223.79	3451
2024-12-02 20:00	223.86	225.65	221.44	225.65	2254
2024-12-03 00:00	225.04	229.12	223.41	228.26	1991
2024-12-03 04:00	227.79	230.65	222.39	227.17	3193
2024-12-03 08:00	226.40	228.18	223.14	225.09	1373
2024-12-03 12:00	224.98	226.12	215.31	222.42	2055
2024-12-03 16:00	223.37	228.27	220.45	228.23	1353
2024-12-03 20:00	228.27	238.70	227.42	234.16	3186
2024-12-04 00:00	233.63	239.08	233.63	237.68	2862
2024-12-04 04:00	237.74	239.99	236.00	236.59	929
2024-12-04 08:00	236.60	237.45	235.22	236.13	430
2024-12-04 12:00	235.89	236.13	230.16	233.17	1226
2024-12-04 16:00	233.63	233.63	224.90	232.57	2211
2024-12-04 20:00	232.70	236.02	226.37	228.95	2701
2024-12-05 00:00	229.12	238.61	223.27	232.84	4941
2024-12-05 04:00	233.19	238.16	231.69	234.37	1211
2024-12-05 08:00	234.36	241.66	233.64	241.64	2165
2024-12-05 12:00	240.82	243.70	236.40	238.48	2468
2024-12-05 16:00	239.25	241.93	232.61	233.36	2025
2024-12-05 20:00	233.36	240.36	225.15	235.99	2790
2024-12-06 00:00	235.97	245.00	234.60	241.86	2647
2024-12-06 04:00	241.40	242.81	237.92	239.22	370
2024-12-06 08:00	239.37	240.55	233.80	234.37	378
2024-12-06 12:00	234.37	239.63	231.13	237.74	1044
2024-12-06 16:00	238.11	240.00	237.26	239.88	583
2024-12-06 20:00	239.64	240.57	235.58	236.32	687
2024-12-07 00:00	235.66	237.11	233.98	234.88	633
2024-12-07 04:00	234.87	236.39	234.39	236.33	483
2024-12-07 08:00	236.09	239.08	235.12	238.26	223
2024-12-07 12:00	238.33	242.73	237.48	240.53	441
2024-12-07 16:00	241.00	242.36	238.80	241.38	600
2024-12-07 20:00	241.30	243.40	238.02	238.02	688
2024-12-08 00:00	238.05	241.36	238.00	240.69	839
2024-12-08 04:00	240.69	241.20	236.87	237.98	719
2024-12-08 08:00	237.80	237.98	233.57	236.17	422
2024-12-08 12:00	235.87	237.40	234.69	237.31	263
2024-12-08 16:00	237.40	237.53	234.48	236.51	1507
2024-12-08 20:00	236.58	237.54	234.91	236.98	560
2024-12-09 00:00	236.88	237.13	230.37	231.93	1943
2024-12-09 04:00	231.85	232.81	228.67	231.59	508
2024-12-09 08:00	231.35	231.59	225.57	226.63	2157
2024-12-09 12:00	225.56	231.54	223.15	224.35	1321
2024-12-09 16:00	223.87	226.10	222.03	222.03	1313
2024-12-09 20:00	222.03	225.25	207.87	216.87	5203
2024-12-10 00:00	216.57	220.70	207.87	215.62	2005
2024-12-10 04:00	215.63	218.58	212.38	216.94	497
2024-12-10 08:00	217.33	218.99	215.32	216.45	524
2024-12-10 12:00	216.38	218.42	206.72	207.11	2168
2024-12-10 16:00	207.11	212.57	204.00	212.17	2865
2024-12-10 20:00	212.16	216.16	211.59	213.48	1111
2024-12-11 00:00	214.14	219.22	211.68	219.17	526
2024-12-11 04:00	219.23	220.09	215.27	218.47	920
2024-12-11 08:00	218.50	224.87	218.49	224.86	423
2024-12-11 12:00	224.86	229.67	224.14	228.29	2992
2024-12-11 16:00	228.29	229.94	226.61	229.30	2005
2024-12-11 20:00	229.40	230.06	226.88	227.41	985
2024-12-12 00:00	227.36	231.64	225.80	229.94	1340
2024-12-12 04:00	230.58	232.66	229.14	230.14	411
2024-12-12 08:00	230.80	233.27	228.39	229.16	482
2024-12-12 12:00	229.76	233.06	228.90	231.37	850
2024-12-12 16:00	232.10	234.41	226.79	227.30	767
2024-12-12 20:00	227.54	229.56	225.80	226.80	482
2024-12-13 00:00	226.85	228.23	224.58	227.32	880
2024-12-13 04:00	227.34	227.34	223.47	224.74	559
2024-12-13 08:00	224.99	227.05	223.91	225.94	452
2024-12-13 12:00	226.01	226.41	221.00	221.38	1552
2024-12-13 16:00	220.99	223.58	220.00	223.34	1315
2024-12-13 20:00	223.40	224.95	223.19	224.95	580
2024-12-14 00:00	224.43	226.80	223.82	226.05	755
2024-12-14 04:00	225.89	227.31	225.26	226.10	145
2024-12-14 08:00	226.40	226.80	224.43	224.43	332
2024-12-14 12:00	224.42	224.42	220.69	222.85	700
2024-12-14 16:00	222.46	222.76	217.39	218.50	763
2024-12-14 20:00	218.27	223.83	215.88	221.69	950
2024-12-15 00:00	220.40	222.17	219.72	220.18	218
2024-12-15 04:00	220.99	222.05	215.99	216.94	657
2024-12-15 08:00	217.17	219.67	216.73	218.04	690
2024-12-15 12:00	218.77	221.05	217.70	220.70	156
2024-12-15 16:00	220.81	221.97	220.54	221.17	1034
2024-12-15 20:00	221.32	225.44	215.00	223.48	2494
2024-12-16 00:00	224.03	227.01	220.64	221.40	1608
2024-12-16 04:00	221.02	223.71	220.63	222.73	310
2024-12-16 08:00	222.39	222.73	213.88	213.88	692
2024-12-16 12:00	214.22	218.01	213.51	217.10	2086
2024-12-16 16:00	217.19	221.81	217.10	218.83	917
2024-12-16 20:00	218.64	218.99	216.14	216.59	854
2024-12-17 00:00	216.68	216.68	211.68	215.42	1291
2024-12-17 04:00	215.36	216.37	213.25	215.39	902
2024-12-17 08:00	215.39	223.58	215.39	221.80	688
2024-12-17 12:00	221.39	227.42	217.28	220.88	2165
2024-12-17 16:00	220.75	228.81	219.98	227.27	1916
2024-12-17 20:00	228.27	228.27	221.64	222.70	2178
2024-12-18 00:00	223.60	225.77	217.25	217.78	2111
2024-12-18 04:00	217.80	218.14	213.81	216.09	1901
2024-12-18 08:00	215.95	218.64	215.30	217.62	722
2024-12-18 12:00	218.47	218.51	215.15	217.54	1005
2024-12-18 16:00	217.17	218.15	211.97	211.97	2659
2024-12-18 20:00	211.92	212.76	205.00	206.85	3180
2024-12-19 00:00	206.48	209.35	199.63	209.12	3907
2024-12-19 04:00	208.90	212.12	207.38	211.76	352
2024-12-19 08:00	211.40	211.76	208.16	210.63	79
2024-12-19 12:00	210.90	210.90	202.52	205.47	1018
2024-12-19 16:00	205.08	206.73	187.30	191.96	3068
2024-12-19 20:00	191.96	197.94	187.90	193.93	1302
2024-12-20 00:00	193.92	199.59	191.92	196.44	739
2024-12-20 04:00	196.77	197.30	188.40	191.05	346
2024-12-20 08:00	191.42	191.42	175.55	176.04	4292
2024-12-20 12:00	176.01	191.14	176.01	189.70	1910
2024-12-20 16:00	190.05	193.00	188.46	191.47	2509
2024-12-20 20:00	191.26	194.39	188.13	194.39	1064
2024-12-21 00:00	194.22	196.55	193.27	194.05	827
2024-12-21 04:00	194.47	201.78	193.96	198.95	670
2024-12-21 08:00	198.87	198.87	192.38	192.89	328
2024-12-21 12:00	192.89	192.99	183.42	186.99	856
2024-12-21 16:00	185.70	187.26	178.66	181.38	979
2024-12-21 20:00	181.45	183.28	178.95	181.45	826
2024-12-22 00:00	181.53	183.76	180.27	181.42	294
2024-12-22 04:00	182.71	184.63	178.13	184.63	212
2024-12-22 08:00	184.50	186.80	183.87	186.49	645
2024-12-22 12:00	186.80	187.60	179.01	181.08	349
2024-12-22 16:00	181.67	183.90	178.07	178.12	488
2024-12-22 20:00	178.00	182.24	177.16	180.62	306
2024-12-23 00:00	180.12	187.15	176.74	186.70	914
2024-12-23 04:00	186.30	187.57	180.15	181.90	4822
2024-12-23 08:00	181.90	186.43	181.90	183.63	98
2024-12-23 12:00	183.56	185.53	180.92	180.92	674
2024-12-23 16:00	181.00	189.54	181.00	187.52	483
2024-12-23 20:00	187.39	197.00	186.92	190.31	3033
2024-12-24 00:00	190.70	190.70	185.83	189.74	2777
2024-12-24 04:00	189.89	191.81	189.56	191.61	377
2024-12-24 08:00	191.65	193.79	190.75	192.75	765
2024-12-24 12:00	193.08	198.83	191.49	198.28	1414
2024-12-24 16:00	198.14	198.44	195.34	195.34	2601
2024-12-24 20:00	195.43	197.81	193.62	197.13	416
2024-12-25 00:00	197.26	201.69	196.80	199.93	1018
2024-12-25 04:00	199.67	200.59	197.83	198.19	559
2024-12-25 08:00	198.31	200.35	195.33	195.33	478
2024-12-25 12:00	195.92	199.24	195.21	198.34	88
2024-12-25 16:00	198.48	199.24	196.31	199.20	193
2024-12-25 20:00	199.35	199.91	195.81	197.61	607
2024-12-26 00:00	197.72	199.59	196.03	196.72	256
2024-12-26 04:00	196.19	196.72	193.58	193.62	496
2024-12-26 08:00	193.65	193.65	188.40	189.93	1026
2024-12-26 12:00	189.40	190.16	187.83	188.88	619
2024-12-26 16:00	188.82	190.79	187.58	189.16	448
2024-12-26 20:00	189.19	189.89	186.72	188.51	1341
2024-12-27 00:00	188.62	190.27	187.54	189.44	416
2024-12-27 04:00	189.73	191.19	186.00	186.83	500
2024-12-27 08:00	186.84	194.17	186.83	191.28	2000
2024-12-27 12:00	190.81	191.28	183.39	184.12	1435
2024-12-27 16:00	184.12	187.15	183.10	186.91	548
2024-12-27 20:00	186.32	186.91	183.42	184.10	551
2024-12-28 00:00	184.68	185.84	184.06	185.55	214
2024-12-28 04:00	185.12	186.11	184.60	185.16	126
2024-12-28 08:00	185.27	187.20	185.13	187.20	103
2024-12-28 12:00	187.26	191.11	186.60	190.41	436
2024-12-28 16:00	189.90	195.24	189.90	194.66	7963
2024-12-28 20:00	194.70	195.92	192.73	195.47	2862
2024-12-29 00:00	195.47	195.48	192.57	194.67	119
2024-12-29 04:00	194.47	197.20	194.17	196.12	362
2024-12-29 08:00	195.78	197.08	195.06	196.82	134
2024-12-29 12:00	196.39	197.61	192.98	195.07	4035
2024-12-29 16:00	195.20	195.30	192.28	192.80	348
2024-12-29 20:00	192.24	192.80	188.79	189.92	3410
2024-12-30 00:00	189.55	194.23	189.23	191.23	369
2024-12-30 04:00	192.02	193.55	189.77	192.39	906
2024-12-30 08:00	192.56	193.95	191.78	193.48	86
2024-12-30 12:00	193.66	194.67	186.15	187.46	1430
2024-12-30 16:00	187.15	196.13	186.05	196.13	1442
2024-12-30 20:00	196.08	196.23	189.19	191.33	1508
2024-12-31 00:00	191.38	191.91	188.56	189.89	1198
2024-12-31 04:00	190.10	190.64	188.27	189.85	260
2024-12-31 08:00	190.02	194.79	190.02	194.17	319
2024-12-31 12:00	193.90	198.74	193.16	198.65	2845
2024-12-31 16:00	198.65	198.70	193.44	193.72	2004
2024-12-31 20:00	193.97	194.77	189.39	189.80	1133
2025-01-01 00:00	189.34	192.37	189.33	190.51	715
2025-01-01 04:00	190.37	190.53	189.19	190.07	825
2025-01-01 08:00	190.24	191.68	188.39	191.33	2692
2025-01-01 12:00	191.34	192.19	189.24	192.19	249
2025-01-01 16:00	192.04	193.75	189.40	193.30	335
2025-01-01 20:00	193.30	195.14	193.30	194.40	1810
2025-01-02 00:00	194.37	199.00	193.00	198.42	2938
2025-01-02 04:00	198.42	206.70	198.42	205.92	1341
2025-01-02 08:00	206.52	208.84	205.72	208.62	521
2025-01-02 12:00	208.61	210.21	205.69	206.80	1660
2025-01-02 16:00	206.95	208.88	204.91	206.59	703
2025-01-02 20:00	207.30	208.36	205.39	208.19	694
2025-01-03 00:00	208.07	208.23	205.78	208.13	317
2025-01-03 04:00	208.06	209.78	207.11	208.51	572
2025-01-03 08:00	208.00	214.95	208.00	214.83	1093
2025-01-03 12:00	214.80	218.45	212.27	217.78	1191
2025-01-03 16:00	217.34	219.83	216.51	217.07	1133
2025-01-03 20:00	217.07	217.90	215.94	217.87	1252
2025-01-04 00:00	217.58	217.93	215.93	216.84	1473
2025-01-04 04:00	216.40	217.74	215.90	216.50	1686
2025-01-04 08:00	216.50	216.50	214.58	216.44	180
2025-01-04 12:00	216.28	217.44	213.81	214.58	990
2025-01-04 16:00	214.51	215.96	213.84	215.65	423
2025-01-04 20:00	215.48	217.11	215.47	216.71	504
2025-01-05 00:00	216.84	218.68	215.48	217.97	2094
2025-01-05 04:00	218.33	218.87	216.16	216.53	467
2025-01-05 08:00	216.09	216.53	213.13	213.85	1406
2025-01-05 12:00	213.81	214.29	211.85	213.65	1006
2025-01-05 16:00	213.87	214.14	211.68	212.79	192
2025-01-05 20:00	213.05	214.36	212.59	213.41	1336
2025-01-06 00:00	213.81	216.81	211.74	215.79	3753
2025-01-06 04:00	215.48	216.56	214.09	215.17	628
2025-01-06 08:00	215.52	216.09	213.47	216.09	113
2025-01-06 12:00	216.16	221.86	216.00	221.02	953
2025-01-06 16:00	221.38	222.64	217.55	220.03	842
2025-01-06 20:00	220.02	220.36	217.72	218.18	302
2025-01-07 00:00	218.30	219.08	216.43	217.16	2373
2025-01-07 04:00	217.17	217.51	216.05	216.05	405
2025-01-07 08:00	216.50	217.08	213.41	214.46	124
2025-01-07 12:00	213.94	214.70	205.83	208.19	1169
2025-01-07 16:00	207.70	219.00	204.21	205.18	1685
2025-01-07 20:00	205.16	205.16	201.50	202.17	2856
2025-01-08 00:00	202.13	203.20	196.87	198.71	1553
2025-01-08 04:00	198.75	199.38	193.15	194.90	2845
2025-01-08 08:00	195.63	197.81	194.68	195.89	1108
2025-01-08 12:00	195.48	199.43	195.14	197.62	260
2025-01-08 16:00	197.80	197.81	188.70	194.81	4328
2025-01-08 20:00	194.80	198.41	193.90	198.23	829
2025-01-09 00:00	198.07	198.99	194.50	194.73	455
2025-01-09 04:00	194.56	195.44	190.49	190.49	230
2025-01-09 08:00	190.49	192.59	189.33	190.81	1369
2025-01-09 12:00	190.81	192.95	185.29	192.42	1498
2025-01-09 16:00	192.55	192.92	185.97	186.02	896
2025-01-09 20:00	186.03	187.43	182.99	186.20	1039
2025-01-10 00:00	186.13	190.47	185.59	189.67	532
2025-01-10 04:00	189.70	192.87	188.56	191.97	306
2025-01-10 08:00	191.80	192.60	191.39	191.88	68
2025-01-10 12:00	192.11	192.11	183.76	187.34	1871
2025-01-10 16:00	187.14	191.87	184.09	190.38	984
2025-01-10 20:00	190.08	190.55	186.96	187.68	461
2025-01-11 00:00	187.68	188.52	185.87	186.43	399
2025-01-11 04:00	186.33	187.03	185.20	186.28	332
2025-01-11 08:00	186.28	186.67	184.29	186.53	183
2025-01-11 12:00	186.76	188.02	186.03	187.15	327
2025-01-11 16:00	187.02	187.91	185.88	187.63	297
2025-01-11 20:00	187.67	191.68	187.52	188.10	1139
2025-01-12 00:00	188.03	188.55	186.70	187.21	324
2025-01-12 04:00	187.36	187.38	185.87	186.68	279
2025-01-12 08:00	186.66	186.99	185.40	186.65	200
2025-01-12 12:00	186.97	190.77	186.65	190.68	330
2025-01-12 16:00	189.52	190.68	188.88	188.91	235
2025-01-12 20:00	189.20	189.80	186.76	188.57	350
2025-01-13 00:00	188.47	191.81	184.39	185.23	775
2025-01-13 04:00	184.85	186.58	181.67	182.20	1025
2025-01-13 08:00	182.45	182.45	175.28	175.28	964
2025-01-13 12:00	175.43	180.17	170.00	179.25	1693
2025-01-13 16:00	178.80	179.66	175.00	177.72	472
2025-01-13 20:00	177.72	183.64	176.82	182.92	4254
2025-01-14 00:00	183.14	184.48	182.06	184.23	1086
2025-01-14 04:00	184.53	186.76	184.23	185.71	161
2025-01-14 08:00	185.72	189.95	185.71	187.23	333
2025-01-14 12:00	186.83	189.99	185.79	187.00	440
2025-01-14 16:00	186.92	187.72	185.97	187.09	238
2025-01-14 20:00	186.86	188.81	185.90	187.70	434
2025-01-15 00:00	187.60	189.64	187.18	189.64	657
2025-01-15 04:00	189.64	190.17	188.60	189.32	1376
2025-01-15 08:00	190.05	190.48	186.00	186.77	218
2025-01-15 12:00	186.77	197.80	186.20	196.63	2336
2025-01-15 16:00	197.23	202.14	196.63	202.08	1430
2025-01-15 20:00	202.11	205.85	202.11	205.85	2645
2025-01-16 00:00	205.89	206.14	201.51	202.29	932
2025-01-16 04:00	202.14	203.32	201.39	202.68	331
2025-01-16 08:00	203.08	212.41	198.64	212.41	1754
2025-01-16 12:00	212.42	216.94	205.55	208.71	3304
2025-01-16 16:00	208.71	215.23	208.27	214.06	2103
2025-01-16 20:00	214.08	214.57	208.81	210.86	1817
2025-01-17 00:00	211.27	215.15	210.07	211.61	2173
2025-01-17 04:00	211.81	213.85	211.20	213.10	341
2025-01-17 08:00	213.83	219.48	213.83	219.36	826
2025-01-17 12:00	218.79	221.73	216.74	218.37	3763
2025-01-17 16:00	218.64	221.75	215.86	217.73	1816
2025-01-17 20:00	217.05	220.96	216.89	219.64	592
2025-01-18 00:00	219.64	228.43	217.52	220.99	2610
2025-01-18 04:00	220.74	238.95	220.74	233.61	5264
2025-01-18 08:00	232.75	244.77	231.01	239.11	1914
2025-01-18 12:00	239.39	259.58	239.15	257.04	3914
2025-01-18 16:00	258.58	267.00	242.76	255.87	8683
2025-01-18 20:00	256.50	264.53	247.00	261.56	6425
2025-01-19 00:00	262.07	264.62	252.49	255.76	1441
2025-01-19 04:00	255.76	277.50	254.41	271.81	6741
2025-01-19 08:00	271.95	294.94	266.76	288.87	5704
2025-01-19 12:00	289.16	289.54	264.11	271.00	10039
2025-01-19 16:00	271.36	278.15	265.15	269.35	3448
2025-01-19 20:00	269.55	287.80	238.26	253.54	12602
2025-01-20 00:00	253.54	255.38	231.46	241.53	7858
2025-01-20 04:00	242.49	267.05	239.58	262.33	4080
2025-01-20 08:00	262.33	272.96	257.33	260.15	3425
2025-01-20 12:00	260.18	261.60	251.24	254.30	1830
2025-01-20 16:00	255.23	256.44	236.00	246.46	2530
2025-01-20 20:00	246.38	250.69	241.75	241.88	1585
2025-01-21 00:00	241.95	248.03	232.33	237.83	1985
2025-01-21 04:00	238.35	239.00	231.44	236.98	996
2025-01-21 08:00	236.81	241.90	235.99	239.63	501
2025-01-21 12:00	239.37	244.60	236.36	241.43	1238
2025-01-21 16:00	240.08	259.74	240.08	253.53	2415
2025-01-21 20:00	253.12	255.69	247.20	250.56	824
2025-01-22 00:00	250.57	256.82	249.00	254.43	640
2025-01-22 04:00	254.39	259.61	252.57	258.86	934
2025-01-22 08:00	258.20	258.86	252.56	258.00	959
2025-01-22 12:00	257.84	264.58	254.65	258.12	2748
2025-01-22 16:00	256.33	265.94	253.63	265.20	1047
2025-01-22 20:00	265.20	271.77	255.80	257.82	2666
2025-01-23 00:00	256.90	258.22	246.78	249.19	1545
2025-01-23 04:00	248.97	250.49	245.33	249.49	1207
2025-01-23 08:00	249.48	249.66	242.61	244.00	320
2025-01-23 12:00	244.55	265.18	242.41	249.09	2478
2025-01-23 16:00	249.49	256.13	245.78	247.44	756
2025-01-23 20:00	246.79	258.10	244.12	253.78	2158
2025-01-24 00:00	253.03	256.32	247.47	252.75	555
2025-01-24 04:00	252.58	264.05	250.68	260.25	2605
2025-01-24 08:00	259.86	267.05	259.86	267.05	2105
2025-01-24 12:00	267.07	269.87	261.18	262.61	1011
2025-01-24 16:00	262.61	265.22	260.50	262.07	738
2025-01-24 20:00	261.91	262.07	252.99	253.65	1595
2025-01-25 00:00	253.37	253.95	248.48	252.74	1352
2025-01-25 04:00	252.74	252.74	246.66	247.29	2103
2025-01-25 08:00	247.08	250.39	246.57	250.20	546
2025-01-25 12:00	249.55	254.43	248.48	253.88	308
2025-01-25 16:00	253.92	260.70	253.49	258.34	1133
2025-01-25 20:00	258.82	259.59	255.87	255.87	573
2025-01-26 00:00	255.98	259.63	253.74	258.56	858
2025-01-26 04:00	258.22	259.80	257.56	258.79	422
2025-01-26 08:00	258.47	258.79	253.05	255.41	264
2025-01-26 12:00	255.48	257.29	253.55	254.91	458
2025-01-26 16:00	254.55	257.34	253.99	256.41	442
2025-01-26 20:00	256.20	256.57	240.65	240.65	1643
2025-01-27 00:00	240.63	242.51	233.32	235.49	4518
2025-01-27 04:00	235.49	235.49	222.75	228.09	2813
2025-01-27 08:00	227.52	228.09	221.44	226.97	919
2025-01-27 12:00	226.81	237.46	224.11	233.73	1860
2025-01-27 16:00	233.66	235.69	224.32	226.96	1616
2025-01-27 20:00	226.64	237.69	226.64	235.22	833
2025-01-28 00:00	234.78	237.63	233.19	237.58	548
2025-01-28 04:00	237.25	243.73	237.12	238.71	677
2025-01-28 08:00	238.73	239.39	235.78	238.86	319
2025-01-28 12:00	238.30	239.83	233.99	237.30	866
2025-01-28 16:00	237.58	237.58	230.77	233.00	1304
2025-01-28 20:00	231.92	233.00	225.17	227.00	1285
2025-01-29 00:00	227.58	231.80	227.00	231.25	264
2025-01-29 04:00	230.72	234.56	230.12	234.52	1321
2025-01-29 08:00	234.60	235.62	230.45	231.83	154
2025-01-29 12:00	231.39	231.84	226.07	228.96	917
2025-01-29 16:00	228.66	235.67	223.03	231.28	1329
2025-01-29 20:00	232.18	238.19	227.91	227.91	1035
2025-01-30 00:00	228.08	240.59	227.16	239.64	1104
2025-01-30 04:00	240.09	241.83	237.37	238.13	1332
2025-01-30 08:00	238.84	241.65	238.38	241.65	305
2025-01-30 12:00	241.45	244.26	239.19	241.30	1283
2025-01-30 16:00	241.87	243.33	238.97	241.07	686
2025-01-30 20:00	240.98	241.86	238.54	238.54	365
2025-01-31 00:00	238.46	238.96	235.58	236.09	2860
2025-01-31 04:00	235.67	238.28	235.34	235.86	276
2025-01-31 08:00	235.80	238.83	234.60	238.83	198
2025-01-31 12:00	238.28	241.69	236.58	240.40	420
2025-01-31 16:00	240.40	240.97	230.54	230.59	1639
2025-01-31 20:00	230.55	232.02	228.65	232.02	829
2025-02-01 00:00	231.75	233.98	230.84	231.51	835
2025-02-01 04:00	231.86	233.10	230.30	230.76	134
2025-02-01 08:00	230.67	230.86	226.75	227.72	337
2025-02-01 12:00	228.20	229.38	225.24	226.58	451
2025-02-01 16:00	226.57	227.60	221.27	221.61	816
2025-02-01 20:00	221.91	221.91	213.11	213.11	2994
2025-02-02 00:00	213.11	218.61	207.25	207.25	3312
2025-02-02 04:00	207.25	213.95	207.05	211.59	2120
2025-02-02 08:00	211.95	215.58	208.08	209.74	1258
2025-02-02 12:00	208.69	214.05	208.13	212.14	1221
2025-02-02 16:00	212.06	212.06	195.26	204.43	3793
2025-02-02 20:00	204.20	206.60	193.03	203.32	2066
2025-02-03 00:00	203.27	203.71	180.00	198.23	8203
2025-02-03 04:00	197.98	199.73	189.65	199.49	2188
2025-02-03 08:00	197.97	201.97	193.78	198.94	2355
2025-02-03 12:00	198.46	209.29	190.32	207.14	5029
2025-02-03 16:00	206.06	214.87	203.91	214.87	4485
2025-02-03 20:00	214.87	218.26	210.13	215.73	4120
2025-02-04 00:00	216.17	219.80	214.15	215.04	2658
2025-02-04 04:00	215.68	216.04	202.29	203.91	1303
2025-02-04 08:00	203.91	210.62	202.89	208.16	275
2025-02-04 12:00	208.03	216.44	208.03	215.99	1309
2025-02-04 16:00	216.04	218.05	208.75	208.75	1797
2025-02-04 20:00	208.65	210.11	202.66	207.04	2672
2025-02-05 00:00	206.81	209.19	205.33	207.45	493
2025-02-05 04:00	207.43	208.12	203.71	205.22	868
2025-02-05 08:00	205.11	206.71	202.92	206.14	244
2025-02-05 12:00	206.51	207.44	201.83	201.97	1690
2025-02-05 16:00	201.75	202.05	196.75	199.67	1943
2025-02-05 20:00	199.88	200.41	195.45	195.64	714
2025-02-06 00:00	196.06	201.39	196.06	200.73	492
2025-02-06 04:00	201.24	203.89	200.68	202.02	268
2025-02-06 08:00	202.02	202.77	199.02	200.78	265
2025-02-06 12:00	199.88	200.78	190.00	190.80	2719
2025-02-06 16:00	191.44	192.96	188.87	189.69	2174
2025-02-06 20:00	189.88	194.46	187.77	190.03	823
2025-02-07 00:00	189.50	195.67	189.50	193.45	662
2025-02-07 04:00	193.54	195.28	189.49	192.74	548
2025-02-07 08:00	192.10	198.48	191.93	198.48	656
2025-02-07 12:00	198.48	203.21	196.06	197.39	927
2025-02-07 16:00	197.39	198.87	194.70	195.54	1517
2025-02-07 20:00	195.47	195.47	188.23	192.12	883
2025-02-08 00:00	191.80	194.07	191.80	193.17	652
2025-02-08 04:00	192.99	193.18	189.97	193.18	197
2025-02-08 08:00	192.67	194.80	191.79	194.52	66
2025-02-08 12:00	194.35	196.28	192.92	193.41	333
2025-02-08 16:00	193.85	198.24	193.41	196.97	583
2025-02-08 20:00	197.30	200.68	196.73	199.50	593
2025-02-09 00:00	199.92	206.54	198.61	206.54	1202
2025-02-09 04:00	206.62	206.97	203.97	203.97	1437
2025-02-09 08:00	203.97	204.61	201.39	202.17	996
2025-02-09 12:00	202.17	202.60	196.89	200.71	2875
2025-02-09 16:00	200.53	202.14	198.04	199.22	550
2025-02-09 20:00	199.59	200.80	194.30	200.59	2610
2025-02-10 00:00	200.68	204.89	196.40	201.91	5172
2025-02-10 04:00	201.91	204.42	200.13	203.17	386
2025-02-10 08:00	202.70	205.78	202.70	205.00	265
2025-02-10 12:00	204.58	208.83	201.68	203.09	2924
2025-02-10 16:00	203.14	204.19	201.91	201.91	1258
2025-02-10 20:00	201.75	202.81	200.28	201.00	476
2025-02-11 00:00	200.34	204.46	200.34	201.16	1335
2025-02-11 04:00	201.19	205.82	201.16	204.32	2180
2025-02-11 08:00	204.31	205.74	201.42	203.16	184
2025-02-11 12:00	203.25	203.25	198.32	199.62	2418
2025-02-11 16:00	199.62	202.00	195.46	195.99	3711
2025-02-11 20:00	195.90	199.32	195.90	198.18	545
2025-02-12 00:00	198.54	198.54	194.33	194.36	2156
2025-02-12 04:00	194.30	196.32	193.61	195.33	301
2025-02-12 08:00	195.63	197.84	195.34	197.21	116
2025-02-12 12:00	197.88	198.37	188.85	192.69	1361
2025-02-12 16:00	192.20	196.48	189.57	193.64	801
2025-02-12 20:00	193.61	198.33	193.61	196.52	667
2025-02-13 00:00	196.79	198.72	195.75	198.15	561
2025-02-13 04:00	197.92	198.30	193.14	193.64	274
2025-02-13 08:00	193.68	193.68	191.30	191.63	511
2025-02-13 12:00	191.83	193.13	189.37	191.81	2266
2025-02-13 16:00	191.81	194.39	190.08	192.91	957
2025-02-13 20:00	193.08	195.82	192.91	194.87	1103
2025-02-14 00:00	194.87	197.24	194.87	196.99	239
2025-02-14 04:00	196.95	197.26	194.92	196.96	770
2025-02-14 08:00	196.80	201.28	196.47	199.42	906
2025-02-14 12:00	199.55	201.85	196.65	200.76	1897
2025-02-14 16:00	201.06	205.16	199.26	201.48	1417
2025-02-14 20:00	201.50	202.08	198.26	199.87	1609
2025-02-15 00:00	198.81	200.09	196.93	198.65	641
2025-02-15 04:00	198.63	199.02	195.69	196.14	1490
2025-02-15 08:00	196.36	196.64	194.22	195.10	116
2025-02-15 12:00	195.17	196.00	193.69	195.03	875
2025-02-15 16:00	195.31	195.54	193.64	194.30	6814
2025-02-15 20:00	194.30	195.15	193.00	194.46	1253
2025-02-16 00:00	194.59	195.31	193.38	194.56	214
2025-02-16 04:00	194.57	196.05	192.67	192.68	335
2025-02-16 08:00	193.11	193.94	192.61	193.83	266
2025-02-16 12:00	192.84	193.83	189.95	190.55	1014
2025-02-16 16:00	190.40	191.34	187.90	189.10	852
2025-02-16 20:00	189.06	189.70	186.50	188.35	536
2025-02-17 00:00	188.62	189.55	185.40	186.71	380
2025-02-17 04:00	186.20	186.71	181.02	181.70	1694
2025-02-17 08:00	181.64	185.34	181.25	184.48	209
2025-02-17 12:00	184.53	186.76	180.28	180.28	1226
2025-02-17 16:00	181.21	181.39	175.09	177.45	2081
2025-02-17 20:00	177.34	181.13	177.34	177.62	485
2025-02-18 00:00	177.54	178.99	175.60	177.98	555
2025-02-18 04:00	177.87	177.98	164.13	166.22	2391
2025-02-18 08:00	166.05	170.52	163.56	168.82	1285
2025-02-18 12:00	168.86	171.34	164.61	165.75	3096
2025-02-18 16:00	166.57	166.95	161.03	165.29	1667
2025-02-18 20:00	165.47	169.71	164.00	169.31	630
2025-02-19 00:00	169.27	170.68	166.85	167.40	576
2025-02-19 04:00	167.80	169.72	164.00	169.52	643
2025-02-19 08:00	169.16	174.19	168.58	173.86	192
2025-02-19 12:00	173.94	173.98	168.21	169.49	609
2025-02-19 16:00	169.44	173.25	168.36	168.79	492
2025-02-19 20:00	168.32	169.82	166.57	169.00	325
2025-02-20 00:00	168.97	172.79	167.79	172.56	747
2025-02-20 04:00	172.57	174.81	171.03	172.07	1603
2025-02-20 08:00	171.38	174.99	171.38	174.99	317
2025-02-20 12:00	174.39	176.48	171.42	171.80	845
2025-02-20 16:00	171.66	175.26	171.61	174.89	371
2025-02-20 20:00	174.97	176.36	173.30	175.93	565
2025-02-21 00:00	176.10	176.10	173.18	173.32	297
2025-02-21 04:00	173.38	176.61	173.32	175.83	479
2025-02-21 08:00	175.67	179.88	175.67	177.22	464
2025-02-21 12:00	177.18	180.50	170.65	172.91	736
2025-02-21 16:00	173.21	175.44	168.44	168.44	775
2025-02-21 20:00	169.02	169.79	167.23	169.08	516
2025-02-22 00:00	168.53	172.58	168.22	170.59	506
2025-02-22 04:00	170.59	172.65	170.59	171.84	61
2025-02-22 08:00	172.07	173.97	171.68	173.78	121
2025-02-22 12:00	173.86	174.43	172.73	174.29	113
2025-02-22 16:00	173.55	174.29	172.62	172.63	1000
2025-02-22 20:00	172.54	173.52	171.94	172.18	261
2025-02-23 00:00	172.15	172.21	170.30	170.57	347
2025-02-23 04:00	170.39	172.91	170.00	172.87	118
2025-02-23 08:00	172.57	172.95	169.82	169.82	353
2025-02-23 12:00	169.77	169.94	166.89	166.91	264
2025-02-23 16:00	166.92	168.62	166.91	167.71	174
2025-02-23 20:00	167.59	168.63	166.55	168.05	245
2025-02-24 00:00	168.26	169.47	161.20	161.48	1188
2025-02-24 04:00	161.22	161.62	157.44	161.62	685
2025-02-24 08:00	160.81	161.62	155.70	159.22	410
2025-02-24 12:00	159.41	160.24	151.20	152.69	1313
2025-02-24 16:00	152.69	155.10	148.57	150.21	1807
2025-02-24 20:00	150.21	152.51	139.71	142.00	3019
2025-02-25 00:00	142.00	144.26	138.29	139.00	1573
2025-02-25 04:00	138.80	141.55	133.04	137.24	1205
2025-02-25 08:00	135.96	141.39	132.23	141.36	616
2025-02-25 12:00	140.75	141.64	134.81	140.40	778
2025-02-25 16:00	138.87	145.45	138.46	145.45	2172
2025-02-25 20:00	145.45	146.93	143.42	144.20	536
2025-02-26 00:00	144.19	145.16	141.92	143.71	300
2025-02-26 04:00	143.65	144.52	139.92	140.29	511
2025-02-26 08:00	139.87	141.86	138.17	138.17	143
2025-02-26 12:00	138.22	140.16	134.85	139.04	1089
2025-02-26 16:00	139.37	139.37	131.00	132.07	1284
2025-02-26 20:00	132.48	137.70	131.01	134.73	794
2025-02-27 00:00	135.55	139.00	134.73	138.95	677
2025-02-27 04:00	138.69	142.77	137.58	141.43	358
2025-02-27 08:00	141.26	142.43	139.55	140.17	152
2025-02-27 12:00	139.95	141.05	136.55	139.91	448
2025-02-27 16:00	139.82	139.82	135.77	136.29	904
2025-02-27 20:00	135.81	137.96	135.00	137.34	752
2025-02-28 00:00	137.66	137.66	127.00	127.55	4878
2025-02-28 04:00	127.51	129.49	125.69	128.38	1117
2025-02-28 08:00	128.15	134.60	128.15	134.15	1544
2025-02-28 12:00	133.66	147.06	133.42	145.68	1980
2025-02-28 16:00	145.58	147.06	143.51	146.40	801
2025-02-28 20:00	146.37	148.30	144.60	148.02	1465
2025-03-01 00:00	147.47	151.00	145.64	145.64	1034
2025-03-01 04:00	145.62	146.99	142.36	142.65	329
2025-03-01 08:00	143.42	144.33	139.71	140.62	240
2025-03-01 12:00	140.80	141.62	138.60	140.47	248
2025-03-01 16:00	140.24	141.24	139.00	140.65	302
2025-03-01 20:00	140.36	143.69	140.00	143.60	3213
2025-03-02 00:00	143.57	145.82	142.82	144.17	1009
2025-03-02 04:00	143.76	145.00	142.43	143.73	249
2025-03-02 08:00	143.44	144.65	142.61	143.68	74
2025-03-02 12:00	143.04	162.73	140.12	158.34	3655
2025-03-02 16:00	158.56	179.56	158.56	172.14	12497
2025-03-02 20:00	172.15	179.12	171.73	178.84	2732
2025-03-03 00:00	179.16	179.27	168.44	169.77	843
2025-03-03 04:00	170.14	171.37	160.29	162.55	1018
2025-03-03 08:00	162.75	163.09	157.18	160.68	468
2025-03-03 12:00	161.23	166.93	154.55	157.97	1699
2025-03-03 16:00	158.96	159.67	140.31	141.71	4362
2025-03-03 20:00	142.13	144.76	139.62	142.21	1323
2025-03-04 00:00	141.88	145.07	132.70	136.83	1817
2025-03-04 04:00	136.63	139.48	135.81	136.14	335
2025-03-04 08:00	136.36	138.40	134.77	137.64	615
2025-03-04 12:00	137.24	143.11	133.00	138.54	1053
2025-03-04 16:00	138.59	144.42	130.76	143.31	2278
2025-03-04 20:00	143.36	146.72	141.75	145.39	709
2025-03-05 00:00	144.83	145.39	141.98	141.98	659
2025-03-05 04:00	141.86	143.91	140.89	142.43	567
2025-03-05 08:00	143.19	149.58	142.43	147.99	1210
2025-03-05 12:00	147.13	149.09	140.47	141.94	2293
2025-03-05 16:00	141.79	146.30	140.33	144.98	510
2025-03-05 20:00	145.41	146.71	143.95	146.37	425
2025-03-06 00:00	146.33	150.42	144.87	148.67	1706
2025-03-06 04:00	148.02	150.52	147.80	148.53	146
2025-03-06 08:00	148.82	152.79	148.47	151.60	685
2025-03-06 12:00	151.60	151.60	145.25	149.06	1629
2025-03-06 16:00	149.25	149.26	142.64	143.91	1598
2025-03-06 20:00	143.61	145.71	143.28	143.83	334
2025-03-07 00:00	143.41	145.42	135.36	141.73	1584
2025-03-07 04:00	140.60	144.53	140.60	144.18	125
2025-03-07 08:00	144.18	146.09	142.69	143.58	271
2025-03-07 12:00	143.66	147.96	141.91	144.79	547
2025-03-07 16:00	144.64	150.69	141.49	146.10	792
2025-03-07 20:00	146.85	147.16	137.74	139.41	887
2025-03-08 00:00	139.35	141.05	138.11	139.95	290
2025-03-08 04:00	139.68	141.02	138.47	138.57	207
2025-03-08 08:00	139.00	139.16	136.90	137.07	85
2025-03-08 12:00	137.71	138.54	136.15	137.63	383
2025-03-08 16:00	136.83	138.78	135.55	138.63	401
2025-03-08 20:00	138.16	138.63	136.63	137.01	234
2025-03-09 00:00	136.80	138.47	136.80	138.06	346
2025-03-09 04:00	137.87	139.75	137.87	139.65	155
2025-03-09 08:00	139.42	139.65	135.90	136.35	567
2025-03-09 12:00	136.46	136.55	130.14	130.28	815
2025-03-09 16:00	130.36	131.41	125.94	129.27	2059
2025-03-09 20:00	129.12	130.49	125.63	126.51	3446
2025-03-10 00:00	126.44	128.97	124.25	126.95	795
2025-03-10 04:00	126.65	129.09	126.50	127.67	444
2025-03-10 08:00	127.68	131.37	126.06	130.23	451
2025-03-10 12:00	129.97	130.77	120.50	122.19	2194
2025-03-10 16:00	122.30	122.63	115.74	119.67	1208
2025-03-10 20:00	119.54	120.20	117.89	118.30	480
2025-03-11 00:00	119.48	121.78	113.51	120.07	3056
2025-03-11 04:00	119.85	123.86	119.73	123.14	522
2025-03-11 08:00	123.38	125.68	123.14	124.92	2400
2025-03-11 12:00	124.54	126.12	118.60	125.29	959
2025-03-11 16:00	124.85	128.29	123.00	128.17	1006
2025-03-11 20:00	128.21	128.21	124.72	125.32	801
2025-03-12 00:00	125.42	127.00	122.60	122.60	603
2025-03-12 04:00	122.57	123.51	121.37	123.37	135
2025-03-12 08:00	123.09	126.71	123.09	126.69	99
2025-03-12 12:00	126.75	131.11	123.15	124.55	259
2025-03-12 16:00	124.55	126.03	123.44	125.04	584
2025-03-12 20:00	125.00	126.90	124.23	126.68	439
2025-03-13 00:00	126.47	127.30	125.21	125.28	238
2025-03-13 04:00	124.96	125.29	123.15	124.48	233
2025-03-13 08:00	124.63	128.04	123.88	126.60	135
2025-03-13 12:00	126.86	128.51	123.72	124.27	278
2025-03-13 16:00	124.00	124.27	121.23	121.63	510
2025-03-13 20:00	121.81	124.33	120.96	123.33	91
2025-03-14 00:00	123.37	125.36	123.31	124.65	433
2025-03-14 04:00	124.53	125.38	124.53	124.96	223
2025-03-14 08:00	125.10	126.39	124.96	126.26	53
2025-03-14 12:00	126.04	133.40	125.97	131.95	925
2025-03-14 16:00	132.26	134.50	131.13	134.35	600
2025-03-14 20:00	133.69	135.92	132.57	133.37	376
2025-03-15 00:00	133.61	135.21	133.01	135.21	314
2025-03-15 04:00	135.04	135.31	132.94	133.22	214
2025-03-15 08:00	132.74	133.61	132.47	133.58	37
2025-03-15 12:00	133.79	135.72	133.58	135.07	250
2025-03-15 16:00	135.17	136.42	133.72	134.18	312
2025-03-15 20:00	134.61	136.34	134.18	135.88	150
2025-03-16 00:00	135.97	136.59	134.28	135.53	153
2025-03-16 04:00	135.58	136.11	134.04	134.77	239
2025-03-16 08:00	134.52	134.77	129.83	129.83	243
2025-03-16 12:00	130.08	130.44	127.65	128.88	186
2025-03-16 16:00	128.83	131.06	126.19	126.82	627
2025-03-16 20:00	127.07	127.80	125.35	126.07	253
2025-03-17 00:00	126.03	129.15	126.02	128.98	651
2025-03-17 04:00	129.15	129.33	126.59	129.20	144
2025-03-17 08:00	129.25	129.57	128.61	129.36	60
2025-03-17 12:00	129.25	129.98	125.65	127.27	834
2025-03-17 16:00	127.77	130.53	126.90	129.90	312
2025-03-17 20:00	129.76	129.76	127.85	128.52	408
2025-03-18 00:00	127.84	128.52	123.92	124.38	2420
2025-03-18 04:00	124.22	125.23	123.40	125.23	181
2025-03-18 08:00	125.15	125.88	123.50	123.50	250
2025-03-18 12:00	123.29	123.77	121.88	122.39	287
2025-03-18 16:00	122.78	124.41	122.39	124.35	237
2025-03-18 20:00	124.24	125.62	123.61	125.34	329
2025-03-19 00:00	125.60	126.61	124.25	126.61	490
2025-03-19 04:00	126.70	126.75	125.67	125.76	93
2025-03-19 08:00	126.02	129.34	125.76	128.74	497
2025-03-19 12:00	128.58	132.61	126.92	132.09	1309
2025-03-19 16:00	132.25	133.95	128.38	132.47	1088
2025-03-19 20:00	132.74	135.91	132.74	135.50	622
2025-03-20 00:00	135.33	135.84	132.94	134.08	262
2025-03-20 04:00	133.97	134.81	132.91	134.12	72
2025-03-20 08:00	133.73	134.39	130.43	130.83	200
2025-03-20 12:00	130.56	132.17	128.65	128.82	654
2025-03-20 16:00	128.89	129.00	126.99	127.93	326
2025-03-20 20:00	127.96	128.40	127.48	127.81	194
2025-03-21 00:00	127.52	129.01	127.52	128.05	138
2025-03-21 04:00	128.12	128.68	127.42	128.00	133
2025-03-21 08:00	128.54	128.89	126.00	126.43	270
2025-03-21 12:00	126.61	127.58	125.63	126.05	281
2025-03-21 16:00	126.03	129.50	125.10	128.17	448
2025-03-21 20:00	127.98	129.96	127.58	128.62	428
2025-03-22 00:00	128.46	129.24	128.09	128.91	102
2025-03-22 04:00	128.91	129.53	128.60	129.47	111
2025-03-22 08:00	128.97	131.63	128.78	130.48	99
2025-03-22 12:00	130.46	130.56	128.75	129.19	134
2025-03-22 16:00	129.17	130.07	129.00	129.93	59
2025-03-22 20:00	129.76	129.93	128.13	128.55	190
2025-03-23 00:00	128.42	130.55	128.35	130.25	86
2025-03-23 04:00	130.67	131.23	129.84	131.23	87
2025-03-23 08:00	131.07	133.93	130.88	132.88	282
2025-03-23 12:00	133.21	133.68	132.23	132.30	207
2025-03-23 16:00	132.55	132.68	130.48	130.60	130
2025-03-23 20:00	130.90	132.51	130.36	132.51	96
2025-03-24 00:00	132.87	138.40	132.42	138.33	969
2025-03-24 04:00	138.40	139.19	137.73	138.84	160
2025-03-24 08:00	139.08	143.91	138.84	143.45	1046
2025-03-24 12:00	143.49	144.87	142.38	143.24	841
2025-03-24 16:00	143.18	143.41	141.30	142.84	624
2025-03-24 20:00	142.87	143.37	139.71	140.92	2539
2025-03-25 00:00	141.01	142.18	138.35	138.50	248
2025-03-25 04:00	138.30	140.10	138.30	139.46	1436
2025-03-25 08:00	140.10	143.18	139.46	142.18	631
2025-03-25 12:00	142.04	147.33	141.45	145.64	435
2025-03-25 16:00	145.33	145.90	143.77	145.37	359
2025-03-25 20:00	145.16	145.73	142.62	143.99	599
2025-03-26 00:00	143.73	144.50	141.63	141.69	197
2025-03-26 04:00	141.81	144.64	141.81	144.64	279
2025-03-26 08:00	144.54	145.16	143.96	144.94	269
2025-03-26 12:00	144.44	144.87	139.12	139.30	687
2025-03-26 16:00	139.19	140.01	136.45	137.49	302
2025-03-26 20:00	137.41	138.44	136.00	136.79	1126
2025-03-27 00:00	137.23	140.06	136.95	139.35	969
2025-03-27 04:00	139.45	139.65	138.08	138.73	378
2025-03-27 08:00	138.09	139.19	137.49	137.49	80
2025-03-27 12:00	137.31	139.65	135.79	137.92	1414
2025-03-27 16:00	137.96	139.61	137.48	139.31	176
2025-03-27 20:00	138.98	139.72	138.31	138.46	2301
2025-03-28 00:00	138.34	139.07	136.35	136.88	487
2025-03-28 04:00	137.13	137.13	131.65	131.65	2304
2025-03-28 08:00	131.62	132.62	130.67	131.75	260
2025-03-28 12:00	131.73	132.22	129.38	130.03	2394
2025-03-28 16:00	130.03	130.30	129.16	129.33	1285
2025-03-28 20:00	130.08	130.35	127.92	129.53	720
2025-03-29 00:00	129.95	130.45	126.69	128.74	168
2025-03-29 04:00	129.01	129.01	125.67	126.40	151
2025-03-29 08:00	126.89	127.05	124.50	124.86	82
2025-03-29 12:00	125.10	126.54	124.86	126.17	68
2025-03-29 16:00	126.17	126.57	124.02	125.19	239
2025-03-29 20:00	125.08	125.19	122.98	124.23	258
2025-03-30 00:00	124.49	126.46	123.59	126.46	89
2025-03-30 04:00	126.16	126.46	125.25	125.45	186
2025-03-30 08:00	126.14	126.27	124.80	125.09	146
2025-03-30 12:00	124.89	125.32	123.33	125.11	157
2025-03-30 16:00	125.13	126.87	123.21	126.02	222
2025-03-30 20:00	125.87	126.37	123.41	124.64	221
2025-03-31 00:00	124.89	127.52	122.85	124.41	1288
2025-03-31 04:00	124.64	126.87	124.50	125.46	314
2025-03-31 08:00	126.14	126.38	123.24	124.52	1400
2025-03-31 12:00	124.08	127.59	123.41	127.25	247
2025-03-31 16:00	127.00	127.00	124.07	125.25	199
2025-03-31 20:00	125.30	126.07	124.59	124.59	178
2025-04-01 00:00	124.49	126.71	123.78	125.92	172
2025-04-01 04:00	126.00	126.70	125.79	126.65	764
2025-04-01 08:00	126.70	129.79	126.70	127.50	754
2025-04-01 12:00	127.51	130.14	124.73	129.33	253
2025-04-01 16:00	129.47	129.47	125.63	126.88	221
2025-04-01 20:00	126.69	127.29	125.45	126.90	113
2025-04-02 00:00	126.68	126.84	124.23	124.43	150
2025-04-02 04:00	124.37	124.88	123.55	124.55	88
2025-04-02 08:00	124.44	126.61	124.26	125.76	132
2025-04-02 12:00	126.04	130.77	125.08	130.20	1790
2025-04-02 16:00	130.20	131.69	129.16	131.29	380
2025-04-02 20:00	131.29	135.91	117.34	117.52	1891
2025-04-03 00:00	117.38	120.88	116.29	120.00	983
2025-04-03 04:00	119.75	120.68	118.00	118.37	289
2025-04-03 08:00	118.72	119.13	115.37	115.93	413
2025-04-03 12:00	115.52	115.93	112.45	114.22	821
2025-04-03 16:00	114.38	115.95	113.72	115.48	2629
2025-04-03 20:00	115.63	117.36	115.23	117.14	1229
2025-04-04 00:00	117.17	117.17	114.80	115.11	1296
2025-04-04 04:00	115.20	118.31	114.61	118.31	2554
2025-04-04 08:00	118.31	119.85	113.49	114.61	585
2025-04-04 12:00	114.61	120.88	114.03	118.88	732
2025-04-04 16:00	118.88	123.78	118.30	122.60	780
2025-04-04 20:00	122.81	123.84	122.00	122.74	303
2025-04-05 00:00	122.51	122.74	120.73	120.78	1963
2025-04-05 04:00	120.81	121.33	120.19	121.28	1461
2025-04-05 08:00	121.33	122.02	120.01	120.41	90
2025-04-05 12:00	120.16	120.41	117.24	117.33	101
2025-04-05 16:00	118.01	119.29	117.33	118.53	771
2025-04-05 20:00	118.70	120.37	118.67	120.27	156
2025-04-06 00:00	120.23	121.03	119.65	119.65	294
2025-04-06 04:00	119.95	120.51	119.00	119.18	44
2025-04-06 08:00	118.94	119.82	118.27	118.53	50
2025-04-06 12:00	118.75	118.75	114.29	115.49	968
2025-04-06 16:00	115.00	115.00	106.37	108.24	2873
2025-04-06 20:00	108.44	108.44	103.89	106.11	850
2025-04-07 00:00	106.11	107.70	102.27	103.14	1222
2025-04-07 04:00	103.33	103.56	95.49	97.38	2066
2025-04-07 08:00	98.32	102.52	97.38	100.04	612
2025-04-07 12:00	100.68	112.78	99.92	106.70	4251
2025-04-07 16:00	106.34	107.88	103.70	105.87	293
2025-04-07 20:00	106.52	109.19	105.87	106.90	1986
2025-04-08 00:00	107.12	112.47	106.78	111.00	2367
2025-04-08 04:00	111.51	112.03	108.12	108.12	52
2025-04-08 08:00	108.05	111.63	107.28	111.63	231
2025-04-08 12:00	110.78	112.04	106.76	107.17	283
2025-04-08 16:00	107.17	107.17	103.10	104.34	992
2025-04-08 20:00	104.23	106.40	103.82	105.52	306
2025-04-09 00:00	105.25	106.51	101.46	103.36	2721
2025-04-09 04:00	103.36	107.61	103.36	107.21	2542
2025-04-09 08:00	107.23	108.10	103.19	103.76	2769
2025-04-09 12:00	103.71	107.38	102.50	106.83	334
2025-04-09 16:00	106.51	120.65	106.51	118.93	4030
2025-04-09 20:00	119.35	120.42	118.28	119.12	1433
2025-04-10 00:00	119.09	119.09	114.60	115.19	977
2025-04-10 04:00	115.35	116.81	114.29	114.79	141
2025-04-10 08:00	114.82	115.06	113.46	113.83	179
2025-04-10 12:00	114.00	115.40	109.53	109.65	846
2025-04-10 16:00	109.82	111.81	108.50	111.71	287
2025-04-10 20:00	111.71	113.31	111.65	112.96	640
2025-04-11 00:00	112.68	115.68	112.68	115.45	393
2025-04-11 04:00	115.48	117.74	115.07	116.81	166
2025-04-11 08:00	116.07	119.25	116.00	118.01	274
2025-04-11 12:00	118.13	121.36	117.78	120.14	860
2025-04-11 16:00	119.84	121.81	118.92	120.49	417
2025-04-11 20:00	120.83	122.56	120.13	121.17	274
2025-04-12 00:00	121.26	122.10	119.56	120.31	138
2025-04-12 04:00	120.18	124.46	120.03	124.21	426
2025-04-12 08:00	124.31	125.25	124.03	125.22	483
2025-04-12 12:00	125.25	131.65	125.08	130.68	1132
2025-04-12 16:00	130.54	131.58	128.30	130.64	1092
2025-04-12 20:00	131.12	133.95	130.64	132.36	565
2025-04-13 00:00	132.33	133.84	131.07	131.93	490
2025-04-13 04:00	131.73	131.87	128.38	128.42	397
2025-04-13 08:00	128.34	131.37	128.34	129.71	102
2025-04-13 12:00	129.90	130.35	126.99	128.71	146
2025-04-13 16:00	129.00	132.39	127.29	128.18	548
2025-04-13 20:00	127.98	129.62	125.46	128.90	458
2025-04-14 00:00	128.49	136.03	128.32	131.41	1034
2025-04-14 04:00	132.08	134.28	131.37	132.07	232
2025-04-14 08:00	132.39	134.09	131.71	133.28	112
2025-04-14 12:00	132.63	134.67	128.23	128.97	1169
2025-04-14 16:00	129.02	131.96	128.70	130.80	671
2025-04-14 20:00	130.80	130.80	128.72	129.34	254
2025-04-15 00:00	129.49	130.72	127.83	130.72	296
2025-04-15 04:00	130.44	132.21	129.99	131.52	90
2025-04-15 08:00	131.99	133.81	131.52	132.04	174
2025-04-15 12:00	132.82	134.25	129.11	129.11	441
2025-04-15 16:00	129.57	130.43	127.40	127.58	253
2025-04-15 20:00	127.96	128.49	125.94	126.09	376
2025-04-16 00:00	126.05	127.23	125.00	126.58	243
2025-04-16 04:00	126.11	126.58	124.47	125.25	68
2025-04-16 08:00	124.74	126.55	123.73	126.55	165
2025-04-16 12:00	126.37	129.58	124.69	128.31	220
2025-04-16 16:00	127.77	133.76	125.06	132.47	544
2025-04-16 20:00	132.65	133.50	130.92	131.41	535
2025-04-17 00:00	131.10	132.66	129.58	130.00	175
2025-04-17 04:00	129.83	135.31	129.81	134.49	831
2025-04-17 08:00	134.51	135.05	132.53	133.21	153
2025-04-17 12:00	133.16	134.47	130.66	133.74	308
2025-04-17 16:00	133.52	136.01	132.22	133.51	814
2025-04-17 20:00	133.50	135.03	133.50	134.48	515
2025-04-18 00:00	134.91	135.78	133.93	134.54	440
2025-04-18 04:00	134.65	134.91	133.33	134.63	300
2025-04-18 08:00	135.30	135.31	133.74	133.82	121
2025-04-18 12:00	134.38	135.04	132.55	132.87	512
2025-04-18 16:00	133.04	134.34	132.87	134.02	264
2025-04-18 20:00	134.26	134.34	133.43	134.08	156
2025-04-19 00:00	134.12	139.08	134.08	138.70	372
2025-04-19 04:00	138.82	139.35	137.86	138.86	232
2025-04-19 08:00	138.88	139.87	138.69	138.80	317
2025-04-19 12:00	139.17	140.38	138.55	138.78	275
2025-04-19 16:00	138.99	139.04	137.76	138.80	188
2025-04-19 20:00	138.56	139.86	138.45	139.86	289
2025-04-20 00:00	139.89	141.86	139.63	141.10	854
2025-04-20 04:00	140.86	141.43	138.73	139.58	113
2025-04-20 08:00	139.62	139.62	136.08	136.08	209
2025-04-20 12:00	136.37	137.92	135.85	135.85	416
2025-04-20 16:00	135.85	137.22	135.85	137.22	82
2025-04-20 20:00	137.24	138.40	136.46	137.82	446
2025-04-21 00:00	137.80	142.92	137.66	139.49	883
2025-04-21 04:00	139.73	141.63	139.49	140.26	402
2025-04-21 08:00	140.51	141.11	138.70	139.21	473
2025-04-21 12:00	139.29	139.97	137.07	138.43	321
2025-04-21 16:00	138.28	138.70	134.09	137.07	826
2025-04-21 20:00	136.85	137.36	135.40	136.63	415
2025-04-22 00:00	136.74	139.78	135.03	139.47	625
2025-04-22 04:00	139.47	140.54	138.54	140.08	248
2025-04-22 08:00	140.39	140.79	139.18	140.37	66
2025-04-22 12:00	140.28	145.30	140.28	145.22	1028
2025-04-22 16:00	145.31	147.41	143.64	144.36	1110
2025-04-22 20:00	144.23	150.22	143.57	148.74	1545
2025-04-23 00:00	148.93	149.43	147.45	149.42	499
2025-04-23 04:00	149.21	152.07	148.73	151.57	429
2025-04-23 08:00	151.68	153.49	151.10	151.77	303
2025-04-23 12:00	152.00	154.00	148.83	150.74	1319
2025-04-23 16:00	151.07	152.32	149.12	150.04	301
2025-04-23 20:00	150.39	151.56	149.91	151.03	341
2025-04-24 00:00	151.12	151.31	147.70	147.81	480
2025-04-24 04:00	147.76	148.89	147.04	147.07	206
2025-04-24 08:00	147.14	147.45	145.42	147.39	697
2025-04-24 12:00	147.65	151.38	147.08	149.35	582
2025-04-24 16:00	149.66	152.32	148.28	151.61	487
2025-04-24 20:00	151.67	152.79	150.09	152.18	539
2025-04-25 00:00	152.48	154.47	150.63	151.10	441
2025-04-25 04:00	151.77	154.85	150.96	154.79	680
2025-04-25 08:00	154.65	154.87	153.05	154.29	200
2025-04-25 12:00	154.74	156.71	152.32	152.89	880
2025-04-25 16:00	152.87	153.08	150.45	151.36	545
2025-04-25 20:00	151.44	152.52	150.07	150.55	154
2025-04-26 00:00	151.22	152.92	150.55	151.48	165
2025-04-26 04:00	151.40	152.22	150.06	151.76	134
2025-04-26 08:00	151.58	152.22	148.23	148.23	170
2025-04-26 12:00	148.72	149.50	147.97	149.43	361
2025-04-26 16:00	149.17	149.43	148.47	149.14	267
2025-04-26 20:00	149.28	149.69	148.58	149.36	231
2025-04-27 00:00	149.18	150.28	146.21	147.35	301
2025-04-27 04:00	147.65	147.71	145.74	147.65	66
2025-04-27 08:00	147.49	148.68	147.40	148.28	62
2025-04-27 12:00	147.95	149.67	147.16	148.97	119
2025-04-27 16:00	149.19	150.16	148.47	149.99	1331
2025-04-27 20:00	149.99	149.99	147.97	148.17	251
2025-04-28 00:00	147.90	149.40	144.74	148.43	311
2025-04-28 04:00	148.86	151.48	148.43	151.47	2050
2025-04-28 08:00	151.47	153.34	149.24	151.57	708
2025-04-28 12:00	151.88	151.88	145.65	146.21	449
2025-04-28 16:00	146.18	148.71	145.59	148.56	537
2025-04-28 20:00	148.41	148.41	146.96	147.88	215
2025-04-29 00:00	147.84	149.04	147.06	147.55	373
2025-04-29 04:00	147.28	148.88	145.90	148.88	134
2025-04-29 08:00	148.90	149.40	147.97	148.98	129
2025-04-29 12:00	149.16	149.27	147.14	148.08	70
2025-04-29 16:00	148.01	150.22	147.92	149.25	476
2025-04-29 20:00	149.55	149.55	145.10	146.46	604
2025-04-30 00:00	146.24	148.45	145.22	148.00	94
2025-04-30 04:00	147.86	148.00	146.43	146.46	34
2025-04-30 08:00	146.19	147.97	146.19	147.97	24
2025-04-30 12:00	147.74	147.97	140.55	142.56	594
2025-04-30 16:00	141.83	145.95	141.49	145.95	284
2025-04-30 20:00	145.97	148.00	145.95	147.53	586
2025-05-01 00:00	147.84	149.40	147.53	148.85	705
2025-05-01 04:00	148.83	150.19	148.13	150.10	235
2025-05-01 08:00	149.66	152.27	149.66	152.01	196
2025-05-01 12:00	151.84	153.97	150.75	151.76	871
2025-05-01 16:00	151.76	152.70	150.22	150.47	523
2025-05-01 20:00	150.33	150.96	149.94	150.56	341
2025-05-02 00:00	150.91	151.70	150.23	150.80	194
2025-05-02 04:00	150.67	150.80	148.47	148.47	75
2025-05-02 08:00	148.51	150.74	148.45	150.58	80
2025-05-02 12:00	150.75	151.79	149.50	149.81	171
2025-05-02 16:00	150.75	151.11	147.87	148.05	678
2025-05-02 20:00	147.84	148.55	147.34	148.03	853
2025-05-03 00:00	148.03	148.97	147.70	148.48	286
2025-05-03 04:00	148.55	148.55	147.50	148.01	130
2025-05-03 08:00	147.78	148.01	146.81	147.34	120
2025-05-03 12:00	147.38	148.82	147.31	148.42	248
2025-05-03 16:00	148.29	148.42	145.95	147.45	148
2025-05-03 20:00	147.45	147.72	146.84	146.93	75
2025-05-04 00:00	146.68	147.45	145.65	145.65	174
2025-05-04 04:00	145.66	146.43	145.29	145.29	162
2025-05-04 08:00	145.61	145.76	144.74	145.57	75
2025-05-04 12:00	145.74	147.08	145.11	147.08	797
2025-05-04 16:00	147.12	147.69	146.19	146.19	51
2025-05-04 20:00	146.78	147.21	143.79	143.79	335
2025-05-05 00:00	144.25	145.28	142.69	145.25	635
2025-05-05 04:00	145.04	147.26	145.04	146.93	327
2025-05-05 08:00	146.84	146.93	143.77	143.93	142
2025-05-05 12:00	144.13	145.31	143.38	143.38	241
2025-05-05 16:00	143.98	147.07	143.38	146.81	415
2025-05-05 20:00	146.47	147.50	144.94	146.51	1131
2025-05-06 00:00	146.49	146.51	143.92	144.81	207
2025-05-06 04:00	144.71	145.70	144.43	145.08	514
2025-05-06 08:00	144.63	145.08	142.24	142.42	783
2025-05-06 12:00	142.55	143.90	141.57	143.26	135
2025-05-06 16:00	143.13	145.16	142.51	144.84	156
2025-05-06 20:00	144.90	147.04	143.71	147.04	327
2025-05-07 00:00	147.00	149.46	145.65	146.33	364
2025-05-07 04:00	146.33	147.22	145.65	147.22	84
2025-05-07 08:00	147.00	148.10	147.00	147.74	25
2025-05-07 12:00	147.65	147.74	145.57	145.77	107
2025-05-07 16:00	145.56	147.06	144.79	145.99	687
2025-05-07 20:00	146.07	148.21	145.82	147.11	159
2025-05-08 00:00	147.20	151.00	147.20	150.96	379
2025-05-08 04:00	150.79	151.85	150.17	151.79	595
2025-05-08 08:00	151.79	155.24	151.79	154.45	938
2025-05-08 12:00	154.45	162.81	154.32	160.09	3259
2025-05-08 16:00	160.34	160.95	158.63	160.37	539
2025-05-08 20:00	160.63	164.43	159.93	164.43	657
2025-05-09 00:00	164.35	164.49	161.61	161.61	786
2025-05-09 04:00	161.49	166.80	161.19	164.89	342
2025-05-09 08:00	165.45	176.13	164.34	172.51	1369
2025-05-09 12:00	172.23	173.19	167.63	171.05	2024
2025-05-09 16:00	170.75	172.49	168.70	171.61	1397
2025-05-09 20:00	171.58	173.68	171.48	172.60	1600
2025-05-10 00:00	173.10	175.00	170.87	171.61	580
2025-05-10 04:00	171.61	172.59	170.13	172.53	540
2025-05-10 08:00	172.62	173.19	168.94	169.19	814
2025-05-10 12:00	169.41	171.85	169.19	171.32	379
2025-05-10 16:00	171.15	173.62	136.00	172.08	3163
2025-05-10 20:00	172.11	178.72	171.87	177.61	1464
2025-05-11 00:00	178.05	180.10	173.15	176.05	1100
2025-05-11 04:00	176.45	177.60	172.47	172.89	164
2025-05-11 08:00	173.01	174.99	172.80	174.34	120
2025-05-11 12:00	174.66	175.00	169.61	170.27	422
2025-05-11 16:00	170.48	173.29	170.02	172.77	430
2025-05-11 20:00	172.17	173.74	171.49	173.10	677
2025-05-12 00:00	173.08	176.93	171.96	174.15	768
2025-05-12 04:00	174.61	179.63	173.81	176.24	1467
2025-05-12 08:00	176.01	176.85	173.80	174.11	339
2025-05-12 12:00	174.19	181.13	174.19	174.20	1181
2025-05-12 16:00	174.42	176.53	168.52	171.14	859
2025-05-12 20:00	170.66	174.68	170.66	174.30	207
2025-05-13 00:00	174.06	174.30	167.10	167.10	404
2025-05-13 04:00	167.10	172.22	166.37	171.97	307
2025-05-13 08:00	171.80	174.99	171.15	173.97	202
2025-05-13 12:00	173.67	176.24	172.38	176.21	285
2025-05-13 16:00	176.17	184.23	175.68	182.21	2457
2025-05-13 20:00	181.35	184.70	180.35	183.63	596
2025-05-14 00:00	183.90	184.72	179.28	180.30	514
2025-05-14 04:00	180.26	183.87	180.08	182.28	206
2025-05-14 08:00	182.37	182.43	177.72	181.13	525
2025-05-14 12:00	181.09	181.63	175.74	177.27	1616
2025-05-14 16:00	177.35	177.52	173.35	177.43	270
2025-05-14 20:00	177.27	177.51	175.39	176.44	165
2025-05-15 00:00	176.75	178.32	174.17	174.17	616
2025-05-15 04:00	174.07	175.12	169.75	170.48	857
2025-05-15 08:00	171.15	172.91	168.85	171.07	207
2025-05-15 12:00	170.98	172.72	167.13	172.17	1031
2025-05-15 16:00	172.27	174.38	167.86	169.05	771
2025-05-15 20:00	169.73	170.50	166.92	169.16	707
2025-05-16 00:00	169.09	173.54	169.09	172.30	189
2025-05-16 04:00	172.93	173.42	171.47	172.10	67
2025-05-16 08:00	172.11	174.05	169.64	172.77	129
2025-05-16 12:00	172.88	174.00	171.00	171.78	403
2025-05-16 16:00	172.30	172.68	169.91	171.36	287
2025-05-16 20:00	171.27	171.36	166.49	167.30	410
2025-05-17 00:00	167.46	168.39	164.19	168.39	613
2025-05-17 04:00	168.11	169.87	167.58	168.27	102
2025-05-17 08:00	168.76	169.24	166.82	167.52	46
2025-05-17 12:00	167.55	168.12	165.92	167.56	144
2025-05-17 16:00	167.20	167.57	164.61	165.20	420
2025-05-17 20:00	165.07	167.78	164.39	165.83	465
2025-05-18 00:00	165.84	167.78	165.84	167.05	68
2025-05-18 04:00	167.58	170.62	167.05	170.51	1307
2025-05-18 08:00	170.70	171.84	170.70	170.93	120
2025-05-18 12:00	170.83	176.47	170.40	176.07	366
2025-05-18 16:00	176.45	176.68	166.78	167.48	1040
2025-05-18 20:00	166.74	174.08	164.80	173.44	1111
2025-05-19 00:00	172.99	173.60	165.12	165.31	404
2025-05-19 04:00	165.44	166.69	159.65	161.84	1322
2025-05-19 08:00	161.61	162.46	160.90	162.45	125
2025-05-19 12:00	161.27	164.64	160.47	164.25	126
2025-05-19 16:00	164.05	167.24	162.89	166.56	319
2025-05-19 20:00	166.82	167.58	165.39	166.76	201
2025-05-20 00:00	166.77	172.88	166.77	168.45	1901
2025-05-20 04:00	168.45	170.60	167.22	167.27	105
2025-05-20 08:00	167.22	168.08	165.37	166.33	64
2025-05-20 12:00	166.33	167.07	164.66	167.07	203
2025-05-20 16:00	166.50	168.79	164.80	168.79	1063
2025-05-20 20:00	167.78	169.10	166.53	168.65	915
2025-05-21 00:00	168.47	170.62	166.84	170.04	114
2025-05-21 04:00	169.87	171.71	168.58	168.64	261
2025-05-21 08:00	169.23	169.45	167.51	169.25	84
2025-05-21 12:00	169.02	173.54	168.68	172.23	433
2025-05-21 16:00	171.99	174.75	165.78	171.30	1119
2025-05-21 20:00	170.86	175.55	169.24	173.99	926
2025-05-22 00:00	173.44	177.34	172.72	177.08	1769
2025-05-22 04:00	176.49	178.51	175.39	178.16	327
2025-05-22 08:00	178.55	180.58	177.31	178.41	1295
2025-05-22 12:00	178.21	179.76	176.46	178.81	480
2025-05-22 16:00	179.20	180.07	177.62	177.77	257
2025-05-22 20:00	177.71	179.99	177.41	179.76	298
2025-05-23 00:00	179.73	185.36	179.39	185.31	1568
2025-05-23 04:00	185.36	185.36	180.21	182.77	365
2025-05-23 08:00	183.13	187.51	177.34	177.34	2280
2025-05-23 12:00	177.33	183.59	173.48	180.75	985
2025-05-23 16:00	181.18	182.16	178.52	179.25	434
2025-05-23 20:00	178.59	179.25	173.48	174.69	296
2025-05-24 00:00	174.45	175.93	172.69	174.93	500
2025-05-24 04:00	174.77	176.25	173.58	174.02	110
2025-05-24 08:00	174.30	178.25	173.38	176.94	101
2025-05-24 12:00	177.06	177.06	175.19	176.33	259
2025-05-24 16:00	175.50	177.59	175.50	177.18	114
2025-05-24 20:00	177.24	177.75	175.50	175.97	181
2025-05-25 00:00	176.16	176.78	170.60	173.41	439
2025-05-25 04:00	172.91	174.33	172.17	172.25	1297
2025-05-25 08:00	171.84	172.25	170.35	171.87	52
2025-05-25 12:00	171.96	172.61	169.24	170.19	1371
2025-05-25 16:00	169.96	172.71	169.07	172.71	505
2025-05-25 20:00	172.26	175.76	171.15	175.76	296
2025-05-26 00:00	175.77	177.55	175.58	176.98	249
2025-05-26 04:00	176.98	178.89	176.90	178.05	1350
2025-05-26 08:00	178.19	178.41	176.54	177.80	107
2025-05-26 12:00	177.49	178.59	176.03	177.51	386
2025-05-26 16:00	177.54	177.93	173.56	174.12	259
2025-05-26 20:00	173.93	175.87	173.93	174.79	110
2025-05-27 00:00	174.89	175.77	171.46	173.93	902
2025-05-27 04:00	173.93	175.77	172.77	175.77	74
2025-05-27 08:00	175.82	177.06	175.03	176.74	91
2025-05-27 12:00	176.74	179.09	175.17	178.23	670
2025-05-27 16:00	178.13	179.19	177.59	177.59	849
2025-05-27 20:00	177.51	178.34	175.55	176.75	419
2025-05-28 00:00	176.71	177.44	174.35	175.27	218
2025-05-28 04:00	175.12	175.18	173.80	174.18	64
2025-05-28 08:00	173.79	174.51	172.79	174.45	215
2025-05-28 12:00	174.30	175.00	169.05	169.99	705
2025-05-28 16:00	169.74	171.96	169.50	169.50	959
2025-05-28 20:00	169.47	172.71	169.43	172.35	148
2025-05-29 00:00	171.73	175.23	171.27	173.56	1287
2025-05-29 04:00	173.99	174.16	170.35	172.92	261
2025-05-29 08:00	172.25	173.29	172.10	173.26	323
2025-05-29 12:00	172.77	173.26	169.10	170.10	277
2025-05-29 16:00	169.90	170.10	166.16	166.79	660
2025-05-29 20:00	167.26	168.36	166.32	166.32	284
2025-05-30 00:00	166.86	167.36	160.87	164.97	1476
2025-05-30 04:00	164.98	165.64	162.84	162.84	118
2025-05-30 08:00	162.73	164.00	161.75	163.94	57
2025-05-30 12:00	163.95	163.95	160.31	161.27	195
2025-05-30 16:00	161.00	161.36	156.44	161.36	949
2025-05-30 20:00	160.83	160.93	155.41	156.00	503
2025-05-31 00:00	156.07	157.15	152.28	154.18	1000
2025-05-31 04:00	153.86	155.56	153.18	155.11	68
2025-05-31 08:00	154.89	155.11	148.00	152.82	750
2025-05-31 12:00	152.78	156.65	152.64	155.64	367
2025-05-31 16:00	156.28	157.82	155.64	157.48	118
2025-05-31 20:00	157.33	157.89	156.53	156.62	168
2025-06-01 00:00	156.49	156.54	153.62	154.73	247
2025-06-01 04:00	154.74	155.85	154.22	154.22	470
2025-06-01 08:00	153.86	154.22	150.75	152.12	139
2025-06-01 12:00	151.74	154.52	150.75	153.90	150
2025-06-01 16:00	154.54	156.59	153.62	155.67	240
2025-06-01 20:00	155.67	157.87	155.22	157.71	365
2025-06-02 00:00	157.74	158.76	155.42	155.42	401
2025-06-02 04:00	155.44	156.52	154.77	155.65	78
2025-06-02 08:00	155.53	155.99	153.13	153.60	108
2025-06-02 12:00	153.55	154.30	151.90	152.73	133
2025-06-02 16:00	152.84	155.00	151.92	152.39	234
2025-06-02 20:00	153.19	157.29	152.39	157.05	246
2025-06-03 00:00	156.67	162.17	156.46	159.43	439
2025-06-03 04:00	159.10	160.05	158.42	159.50	107
2025-06-03 08:00	159.38	161.57	158.50	160.80	127
2025-06-03 12:00	160.47	163.41	159.68	162.09	327
2025-06-03 16:00	162.02	162.09	160.16	160.53	352
2025-06-03 20:00	160.45	160.45	154.34	155.33	565
2025-06-04 00:00	155.21	157.52	154.38	157.02	238
2025-06-04 04:00	156.86	157.02	155.85	156.52	145
2025-06-04 08:00	157.09	157.77	155.81	156.15	35
2025-06-04 12:00	155.98	157.77	154.74	157.03	238
2025-06-04 16:00	157.06	157.48	155.46	155.46	113
2025-06-04 20:00	155.41	155.46	152.99	153.43	826
2025-06-05 00:00	153.36	154.33	153.11	153.79	180
2025-06-05 04:00	153.74	154.05	152.10	152.65	127
2025-06-05 08:00	152.81	152.92	151.41	152.20	268
2025-06-05 12:00	152.27	154.30	148.72	151.49	245
2025-06-05 16:00	150.96	151.49	144.62	146.40	1882
2025-06-05 20:00	146.08	146.52	141.69	144.52	398
2025-06-06 00:00	144.53	146.93	144.41	146.93	415
2025-06-06 04:00	146.93	148.18	146.87	147.31	185
2025-06-06 08:00	147.39	149.50	147.39	149.07	60
2025-06-06 12:00	149.21	152.28	149.21	150.65	338
2025-06-06 16:00	151.00	151.20	148.62	149.17	180
2025-06-06 20:00	149.01	149.98	147.79	147.79	128
2025-06-07 00:00	147.79	149.73	147.01	149.73	111
2025-06-07 04:00	149.48	152.40	149.24	152.40	424
2025-06-07 08:00	152.45	152.52	151.29	151.29	54
2025-06-07 12:00	151.24	152.31	150.70	151.03	122
2025-06-07 16:00	151.28	151.46	150.43	150.74	169
2025-06-07 20:00	150.64	151.45	149.86	149.94	136
2025-06-08 00:00	149.86	150.37	149.28	149.84	96
2025-06-08 04:00	149.72	150.35	149.23	149.23	99
2025-06-08 08:00	149.56	149.56	148.13	149.50	37
2025-06-08 12:00	149.73	150.95	149.26	150.64	129
2025-06-08 16:00	150.79	154.44	150.64	154.36	284
2025-06-08 20:00	154.50	155.10	152.10	152.50	315
2025-06-09 00:00	152.50	153.00	150.97	151.64	315
2025-06-09 04:00	151.56	151.89	149.49	150.69	192
2025-06-09 08:00	150.84	156.33	150.55	155.65	375
2025-06-09 12:00	155.22	155.65	153.11	155.32	227
2025-06-09 16:00	155.10	156.69	155.10	155.51	520
2025-06-09 20:00	156.02	161.49	155.51	160.99	1203
2025-06-10 00:00	161.00	161.60	158.63	159.39	210
2025-06-10 04:00	159.16	159.41	157.59	158.26	209
2025-06-10 08:00	158.58	161.35	157.32	160.57	154
2025-06-10 12:00	160.78	161.87	156.53	158.15	374
2025-06-10 16:00	158.04	165.15	157.14	163.45	678
2025-06-10 20:00	163.48	165.53	163.00	164.92	382
2025-06-11 00:00	165.12	167.24	163.53	167.24	959
2025-06-11 04:00	166.63	166.97	164.44	166.45	195
2025-06-11 08:00	167.07	167.07	164.09	164.42	178
2025-06-11 12:00	164.45	168.36	163.79	167.07	387
2025-06-11 16:00	167.28	167.28	162.49	162.68	1028
2025-06-11 20:00	162.51	163.76	159.30	161.07	729
2025-06-12 00:00	160.85	161.30	159.41	160.06	181
2025-06-12 04:00	159.75	160.28	158.49	158.87	444
2025-06-12 08:00	158.50	159.78	157.56	157.75	60
2025-06-12 12:00	157.83	160.59	156.69	157.00	989
2025-06-12 16:00	156.97	160.47	154.60	154.97	367
2025-06-12 20:00	154.94	155.39	152.22	152.63	602
2025-06-13 00:00	152.57	152.63	141.08	144.87	1941
2025-06-13 04:00	144.66	145.34	142.80	144.97	402
2025-06-13 08:00	145.42	146.57	143.94	145.41	1072
2025-06-13 12:00	145.65	147.65	144.17	147.08	3272
2025-06-13 16:00	147.47	148.47	144.42	145.00	3590
2025-06-13 20:00	144.97	148.93	144.97	148.55	214
2025-06-14 00:00	148.39	148.71	146.50	146.50	229
2025-06-14 04:00	146.85	147.11	145.90	146.49	1087
2025-06-14 08:00	146.16	146.49	145.16	145.97	6481
2025-06-14 12:00	145.59	146.04	143.99	144.68	145
2025-06-14 16:00	144.89	145.00	143.07	143.77	149
2025-06-14 20:00	143.49	144.92	142.14	144.78	141
2025-06-15 00:00	144.88	146.12	144.76	145.84	140
2025-06-15 04:00	145.84	147.96	145.84	146.07	119
2025-06-15 08:00	145.90	146.67	144.42	146.66	105
2025-06-15 12:00	146.67	152.77	146.66	150.61	289
2025-06-15 16:00	150.81	153.38	150.46	151.84	436
2025-06-15 20:00	152.16	152.77	148.33	152.77	854
2025-06-16 00:00	152.79	157.21	151.06	155.47	558
2025-06-16 04:00	155.99	157.70	155.47	157.06	262
2025-06-16 08:00	157.39	157.39	154.86	156.59	114
2025-06-16 12:00	156.32	157.62	154.83	156.19	157
2025-06-16 16:00	156.50	158.70	156.27	157.54	357
2025-06-16 20:00	157.65	157.65	150.48	150.48	661
2025-06-17 00:00	150.68	153.86	147.68	153.32	1769
2025-06-17 04:00	153.20	154.09	152.48	152.48	276
2025-06-17 08:00	152.47	152.48	150.41	150.41	50
2025-06-17 12:00	151.22	151.37	146.69	147.46	309
2025-06-17 16:00	147.64	150.15	145.82	148.86	680
2025-06-17 20:00	148.77	149.17	146.46	147.88	67
2025-06-18 00:00	147.45	148.86	146.89	148.37	330
2025-06-18 04:00	148.71	149.11	146.65	147.69	536
2025-06-18 08:00	147.79	148.02	145.38	146.33	127
2025-06-18 12:00	146.35	146.58	143.96	145.55	365
2025-06-18 16:00	145.18	146.21	143.85	145.28	653
2025-06-18 20:00	144.96	147.80	144.42	146.25	1202
2025-06-19 00:00	146.44	147.74	145.00	146.43	134
2025-06-19 04:00	146.67	147.26	145.14	145.29	107
2025-06-19 08:00	145.78	146.48	144.92	145.18	269
2025-06-19 12:00	145.25	145.43	143.18	143.50	465
2025-06-19 16:00	143.67	145.89	143.35	145.57	121
2025-06-19 20:00	145.64	147.37	145.24	147.06	173
2025-06-20 00:00	147.43	147.50	145.71	145.94	511
2025-06-20 04:00	145.80	147.69	144.85	147.69	2068
2025-06-20 08:00	147.15	148.71	147.06	148.19	854
2025-06-20 12:00	148.21	148.30	142.59	142.59	834
2025-06-20 16:00	142.94	143.02	135.89	139.78	1438
2025-06-20 20:00	139.95	141.88	138.79	140.19	1112
2025-06-21 00:00	140.10	141.30	139.62	140.88	572
2025-06-21 04:00	140.69	140.88	139.84	140.25	45
2025-06-21 08:00	140.38	142.49	140.25	142.49	56
2025-06-21 12:00	142.26	142.49	139.38	140.21	99
2025-06-21 16:00	140.29	140.87	137.43	137.43	190
2025-06-21 20:00	137.55	138.54	131.12	135.45	915
2025-06-22 00:00	135.48	137.42	133.34	134.98	1034
2025-06-22 04:00	135.09	136.42	134.84	134.84	147
2025-06-22 08:00	134.46	135.40	132.21	132.49	357
2025-06-22 12:00	133.37	133.55	126.78	128.33	1886
2025-06-22 16:00	129.00	131.37	128.26	129.25	517
2025-06-22 20:00	129.23	132.52	126.26	131.56	851
2025-06-23 00:00	131.64	133.28	131.56	132.50	283
2025-06-23 04:00	132.65	134.75	132.50	134.40	97
2025-06-23 08:00	134.36	134.54	133.32	134.06	911
2025-06-23 12:00	133.90	137.32	133.00	133.47	284
2025-06-23 16:00	133.11	140.04	130.85	139.74	643
2025-06-23 20:00	139.89	146.61	139.51	144.50	2505
2025-06-24 00:00	144.42	144.61	142.51	143.14	497
2025-06-24 04:00	143.37	146.52	142.90	144.17	1023
2025-06-24 08:00	143.87	145.42	143.07	144.62	102
2025-06-24 12:00	144.63	145.67	143.61	144.25	96
2025-06-24 16:00	144.50	146.27	143.03	143.28	301
2025-06-24 20:00	143.35	145.78	143.28	145.78	256
2025-06-25 00:00	145.78	146.77	145.19	145.65	443
2025-06-25 04:00	145.63	147.43	145.00	147.15	471
2025-06-25 08:00	147.08	147.18	144.95	146.21	728
2025-06-25 12:00	146.33	147.85	142.37	143.46	1436
2025-06-25 16:00	143.74	144.63	143.23	144.63	163
2025-06-25 20:00	144.67	145.42	142.42	143.42	651
2025-06-26 00:00	143.41	147.96	143.35	145.90	567
2025-06-26 04:00	145.66	145.90	144.36	145.51	55
2025-06-26 08:00	145.21	145.71	143.41	143.62	112
2025-06-26 12:00	143.56	143.62	141.59	143.00	296
2025-06-26 16:00	143.11	143.11	141.11	142.43	134
2025-06-26 20:00	142.27	143.92	138.88	138.91	190
2025-06-27 00:00	139.17	141.50	137.26	141.50	379
2025-06-27 04:00	141.43	142.07	140.42	140.42	40
2025-06-27 08:00	140.59	142.67	140.42	142.13	46
2025-06-27 12:00	142.13	143.71	141.31	143.49	191
2025-06-27 16:00	143.27	144.67	140.20	141.97	330
2025-06-27 20:00	141.75	143.24	141.75	142.20	147
2025-06-28 00:00	141.90	143.50	141.34	143.50	102
2025-06-28 04:00	143.49	146.61	143.20	146.29	427
2025-06-28 08:00	146.52	147.48	146.09	147.20	433
2025-06-28 12:00	147.16	148.47	146.00	148.04	222
2025-06-28 16:00	148.37	152.69	148.04	150.81	367
2025-06-28 20:00	150.74	151.23	150.07	150.70	401
2025-06-29 00:00	150.70	150.90	149.58	149.62	173
2025-06-29 04:00	149.56	150.13	149.50	149.84	262
2025-06-29 08:00	150.37	151.99	150.15	151.63	26
2025-06-29 12:00	151.14	152.46	150.95	150.95	221
2025-06-29 16:00	150.77	152.18	149.95	151.33	536
2025-06-29 20:00	151.21	154.64	150.53	153.26	678
2025-06-30 00:00	153.51	153.81	151.50	151.99	737
2025-06-30 04:00	151.91	152.05	149.90	150.72	228
2025-06-30 08:00	150.64	150.86	149.70	150.71	47
2025-06-30 12:00	150.50	159.88	149.87	157.32	1219
2025-06-30 16:00	157.91	158.08	155.41	157.77	1316
2025-06-30 20:00	157.89	157.89	154.72	154.81	1441
2025-07-01 00:00	154.84	155.32	153.38	154.00	186
2025-07-01 04:00	153.92	154.00	148.95	150.29	435
2025-07-01 08:00	150.03	150.29	148.33	148.53	35
2025-07-01 12:00	149.09	149.09	146.43	147.33	1166
2025-07-01 16:00	147.37	148.29	145.53	145.67	180
2025-07-01 20:00	145.42	147.05	145.03	146.92	264
2025-07-02 00:00	146.92	149.12	145.92	148.95	503
2025-07-02 04:00	148.92	149.67	148.33	149.09	157
2025-07-02 08:00	149.73	149.75	148.71	148.71	408
2025-07-02 12:00	148.47	151.41	147.41	151.41	416
2025-07-02 16:00	151.50	153.38	150.50	153.01	1257
2025-07-02 20:00	152.68	154.25	151.95	152.15	578
2025-07-03 00:00	152.15	153.81	151.80	153.28	1187
2025-07-03 04:00	153.37	155.79	153.28	155.67	375
2025-07-03 08:00	155.77	156.11	154.12	154.64	688
2025-07-03 12:00	154.40	155.08	149.82	149.89	1169
2025-07-03 16:00	150.50	152.32	149.89	151.84	724
2025-07-03 20:00	152.16	153.40	151.84	152.66	219
2025-07-04 00:00	152.48	153.14	151.08	151.93	531
2025-07-04 04:00	152.14	153.73	145.00	150.14	1015
2025-07-04 08:00	150.26	150.75	149.03	150.06	65
2025-07-04 12:00	149.88	151.20	146.41	146.53	684
2025-07-04 16:00	146.76	146.98	145.28	146.61	494
2025-07-04 20:00	146.77	148.27	146.50	147.49	242
2025-07-05 00:00	148.12	148.35	147.30	147.88	197
2025-07-05 04:00	147.64	148.22	146.84	147.70	88
2025-07-05 08:00	147.48	148.50	147.06	148.27	76
2025-07-05 12:00	148.24	148.52	147.10	147.10	170
2025-07-05 16:00	147.18	147.18	146.00	146.93	177
2025-07-05 20:00	146.96	148.00	146.58	147.52	85
2025-07-06 00:00	147.38	147.60	146.98	147.14	72
2025-07-06 04:00	147.37	148.47	147.10	148.09	110
2025-07-06 08:00	147.87	148.09	147.00	147.95	28
2025-07-06 12:00	147.97	151.89	147.95	150.95	299
2025-07-06 16:00	151.37	153.01	150.76	151.22	429
2025-07-06 20:00	151.86	153.67	151.22	151.82	755
2025-07-07 00:00	151.69	152.79	150.43	152.06	155
2025-07-07 04:00	152.02	152.35	150.86	152.22	110
2025-07-07 08:00	152.46	153.43	151.77	153.01	75
2025-07-07 12:00	152.65	153.09	151.11	151.11	607
2025-07-07 16:00	151.19	151.49	148.74	148.97	1104
2025-07-07 20:00	148.79	148.98	147.80	148.98	249
2025-07-08 00:00	148.91	150.05	147.96	148.83	197
2025-07-08 04:00	148.49	149.66	148.35	149.31	240
2025-07-08 08:00	149.66	151.58	149.31	151.46	133
2025-07-08 12:00	151.61	152.72	149.76	149.80	357
2025-07-08 16:00	150.21	152.73	149.52	151.55	203
2025-07-08 20:00	151.65	151.81	150.18	151.81	454
2025-07-09 00:00	151.63	152.32	151.17	151.31	85
2025-07-09 04:00	151.49	153.78	150.65	152.92	258
2025-07-09 08:00	152.90	154.28	152.37	153.85	149
2025-07-09 12:00	153.43	155.45	153.16	153.98	529
2025-07-09 16:00	154.17	157.75	153.38	157.18	1104
2025-07-09 20:00	157.31	157.90	155.39	157.02	720
2025-07-10 00:00	157.36	159.10	156.00	157.37	733
2025-07-10 04:00	157.46	158.50	156.71	157.92	456
2025-07-10 08:00	158.53	159.06	157.25	157.70	106
2025-07-10 12:00	157.22	158.36	155.81	156.12	476
2025-07-10 16:00	156.29	161.02	156.12	158.90	1025
2025-07-10 20:00	159.25	165.16	158.90	164.07	2346
2025-07-11 00:00	164.35	165.31	162.11	164.97	624
2025-07-11 04:00	165.16	166.60	163.23	163.66	569
2025-07-11 08:00	163.63	165.27	163.42	163.97	114
2025-07-11 12:00	164.02	168.00	161.94	162.13	1125
2025-07-11 16:00	161.86	164.80	161.39	164.37	604
2025-07-11 20:00	164.24	164.80	159.71	162.87	326
2025-07-12 00:00	162.88	163.90	161.93	162.95	373
2025-07-12 04:00	163.20	163.70	162.14	162.92	134
2025-07-12 08:00	163.45	163.45	161.53	161.53	62
2025-07-12 12:00	161.65	161.77	157.88	158.29	327
2025-07-12 16:00	158.23	160.74	158.08	160.44	237
2025-07-12 20:00	160.83	160.83	159.06	160.66	153
2025-07-13 00:00	160.61	161.67	160.52	161.09	156
2025-07-13 04:00	161.67	162.65	161.09	162.65	285
2025-07-13 08:00	162.35	162.65	161.67	161.92	110
2025-07-13 12:00	162.13	163.98	161.89	162.10	156
2025-07-13 16:00	162.10	163.45	160.71	162.65	859
2025-07-13 20:00	162.55	162.97	159.73	161.42	753
2025-07-14 00:00	161.21	167.91	160.64	166.89	965
2025-07-14 04:00	166.94	168.39	165.48	167.40	664
2025-07-14 08:00	167.27	168.04	166.28	166.64	257
2025-07-14 12:00	166.62	168.58	163.14	164.02	657
2025-07-14 16:00	164.02	165.33	162.53	164.12	351
2025-07-14 20:00	163.91	163.91	161.76	162.33	282
2025-07-15 00:00	162.12	162.77	158.46	159.25	1033
2025-07-15 04:00	158.77	160.71	158.42	159.57	189
2025-07-15 08:00	159.50	159.99	158.50	159.94	91
2025-07-15 12:00	159.69	162.08	157.36	160.68	421
2025-07-15 16:00	160.89	163.57	160.05	160.29	550
2025-07-15 20:00	160.36	164.17	159.83	164.10	409
2025-07-16 00:00	164.11	165.19	161.64	162.54	500
2025-07-16 04:00	162.65	164.52	161.97	164.48	129
2025-07-16 08:00	163.92	167.44	163.90	166.50	477
2025-07-16 12:00	166.74	168.60	165.58	168.34	1697
2025-07-16 16:00	168.65	174.73	168.65	174.33	3056
2025-07-16 20:00	174.36	175.74	172.32	173.52	1050
2025-07-17 00:00	173.65	174.77	168.66	169.48	1554
2025-07-17 04:00	169.52	174.05	169.32	174.05	1215
2025-07-17 08:00	173.75	178.00	172.78	176.32	750
2025-07-17 12:00	175.94	177.46	172.94	174.20	984
2025-07-17 16:00	174.37	175.38	171.58	172.98	436
2025-07-17 20:00	173.00	177.21	171.59	175.56	763
2025-07-18 00:00	175.94	181.15	175.39	180.50	1006
2025-07-18 04:00	180.90	184.08	179.81	181.01	2540
2025-07-18 08:00	181.54	181.85	177.34	178.68	912
2025-07-18 12:00	178.66	181.97	175.00	176.98	861
2025-07-18 16:00	177.06	179.00	176.25	176.55	973
2025-07-18 20:00	176.98	177.39	173.31	177.13	432
2025-07-19 00:00	177.32	177.53	174.21	177.11	238
2025-07-19 04:00	177.35	177.64	176.17	177.12	186
2025-07-19 08:00	176.74	177.61	175.61	176.75	46
2025-07-19 12:00	176.45	177.75	174.96	177.42	283
2025-07-19 16:00	177.16	177.88	176.19	176.70	233
2025-07-19 20:00	177.10	178.37	175.21	176.70	280
2025-07-20 00:00	176.98	179.48	176.45	178.02	451
2025-07-20 04:00	177.73	178.53	176.96	178.23	89
2025-07-20 08:00	178.03	181.21	178.03	180.75	201
2025-07-20 12:00	180.21	182.98	180.16	181.86	691
2025-07-20 16:00	182.10	183.44	180.38	182.01	1599
2025-07-20 20:00	181.64	182.23	177.88	181.46	563
2025-07-21 00:00	181.50	186.76	178.37	186.72	973
2025-07-21 04:00	186.72	190.46	185.07	189.63	1533
2025-07-21 08:00	189.64	192.71	189.46	191.67	1236
2025-07-21 12:00	191.48	199.16	190.30	196.68	2156
2025-07-21 16:00	196.95	197.17	193.04	194.36	938
2025-07-21 20:00	194.43	197.68	193.74	195.73	539
2025-07-22 00:00	196.30	204.63	193.90	199.62	1779
2025-07-22 04:00	200.05	201.30	194.37	197.54	2012
2025-07-22 08:00	197.42	200.05	194.33	200.05	419
2025-07-22 12:00	200.05	204.88	197.11	201.50	1173
2025-07-22 16:00	201.47	204.11	198.75	198.83	1452
2025-07-22 20:00	198.75	206.22	198.75	205.85	1216
2025-07-23 00:00	205.83	205.83	201.10	201.11	489
2025-07-23 04:00	201.65	202.33	199.20	199.48	475
2025-07-23 08:00	199.14	200.06	196.22	197.35	326
2025-07-23 12:00	197.26	197.42	188.03	192.57	1228
2025-07-23 16:00	192.55	192.57	186.06	188.53	1062
2025-07-23 20:00	188.78	190.00	184.22	189.16	1264
2025-07-24 00:00	189.28	191.78	188.88	189.98	389
2025-07-24 04:00	189.96	190.12	179.42	184.22	548
2025-07-24 08:00	183.50	186.84	183.19	186.57	115
2025-07-24 12:00	186.34	207.61	169.50	188.79	5541
2025-07-24 16:00	188.77	189.93	184.94	187.97	691
2025-07-24 20:00	187.95	188.99	182.22	182.79	627
2025-07-25 00:00	182.77	183.29	176.02	177.77	1384
2025-07-25 04:00	177.86	179.91	176.10	177.61	424
2025-07-25 08:00	177.85	181.98	177.06	181.11	137
2025-07-25 12:00	181.39	181.80	176.47	178.30	441
2025-07-25 16:00	178.70	182.62	177.61	182.39	497
2025-07-25 20:00	182.14	186.58	182.14	186.58	377
2025-07-26 00:00	186.62	186.85	184.58	186.27	164
2025-07-26 04:00	186.05	187.00	185.63	186.22	143
2025-07-26 08:00	186.45	189.59	186.22	187.76	557
2025-07-26 12:00	187.74	188.29	186.20	187.40	224
2025-07-26 16:00	187.63	187.63	185.21	186.39	611
2025-07-26 20:00	186.01	186.52	184.39	184.88	408
2025-07-27 00:00	184.80	187.30	184.77	186.99	423
2025-07-27 04:00	186.99	188.00	186.83	187.42	119
2025-07-27 08:00	187.17	188.28	186.30	186.94	65
2025-07-27 12:00	187.04	187.04	185.07	186.45	215
2025-07-27 16:00	186.83	189.67	186.14	186.95	491
2025-07-27 20:00	187.39	190.41	186.76	188.56	504
2025-07-28 00:00	188.51	193.60	187.86	193.20	776
2025-07-28 04:00	193.55	195.04	191.88	192.42	497
2025-07-28 08:00	192.51	193.20	190.84	191.70	150
2025-07-28 12:00	192.04	193.26	186.67	187.50	460
2025-07-28 16:00	187.10	187.84	183.69	185.36	1085
2025-07-28 20:00	185.52	185.52	182.39	182.39	1838
2025-07-29 00:00	183.01	184.90	181.00	184.52	549
2025-07-29 04:00	184.52	186.49	183.30	186.13	202
2025-07-29 08:00	186.00	186.13	182.35	182.72	138
2025-07-29 12:00	183.28	184.87	179.56	181.28	676
2025-07-29 16:00	180.71	182.24	178.52	181.70	420
2025-07-29 20:00	181.25	181.77	179.47	181.61	379
2025-07-30 00:00	181.37	182.39	179.19	182.15	189
2025-07-30 04:00	182.13	182.46	179.62	180.83	179
2025-07-30 08:00	180.48	181.35	176.67	177.42	386
2025-07-30 12:00	177.06	180.47	177.00	178.98	160
2025-07-30 16:00	179.38	180.05	171.00	176.35	978
2025-07-30 20:00	176.19	178.13	174.96	177.69	302
2025-07-31 00:00	177.75	180.43	177.73	180.43	363
2025-07-31 04:00	180.36	181.56	180.00	181.07	274
2025-07-31 08:00	181.39	182.53	180.42	180.56	145
2025-07-31 12:00	180.92	180.92	175.50	177.21	279
2025-07-31 16:00	177.16	179.67	175.00	175.00	330
2025-07-31 20:00	175.09	175.88	171.71	172.28	469
2025-08-01 00:00	171.97	172.28	167.72	171.11	733
2025-08-01 04:00	171.11	171.11	168.14	168.88	256
2025-08-01 08:00	168.73	169.14	166.57	169.13	196
2025-08-01 12:00	169.13	170.00	164.89	168.62	1589
2025-08-01 16:00	169.16	169.70	165.33	166.72	707
2025-08-01 20:00	166.50	166.72	159.34	163.00	1409
2025-08-02 00:00	163.02	164.92	162.86	164.32	440
2025-08-02 04:00	164.66	165.24	162.07	164.43	167
2025-08-02 08:00	164.43	165.06	162.33	164.62	74
2025-08-02 12:00	164.16	164.80	161.36	161.72	283
2025-08-02 16:00	161.44	162.27	156.03	157.42	731
2025-08-02 20:00	157.60	159.51	157.31	158.59	297
2025-08-03 00:00	158.70	161.09	156.53	161.09	274
2025-08-03 04:00	160.60	161.44	160.11	161.38	85
2025-08-03 08:00	161.46	162.90	160.88	161.95	208
2025-08-03 12:00	161.44	162.31	160.48	162.06	256
2025-08-03 16:00	161.70	162.68	161.32	161.60	442
2025-08-03 20:00	161.62	163.15	160.79	162.20	400
2025-08-04 00:00	161.64	164.80	161.48	162.92	277
2025-08-04 04:00	163.41	163.41	161.52	163.19	82
2025-08-04 08:00	163.45	163.81	161.81	162.09	113
2025-08-04 12:00	162.65	166.82	162.09	165.52	550
2025-08-04 16:00	165.55	169.70	165.09	165.15	504
2025-08-04 20:00	165.39	169.71	165.15	169.46	195
2025-08-05 00:00	169.59	169.96	167.73	168.01	177
2025-08-05 04:00	168.02	169.16	165.89	166.21	139
2025-08-05 08:00	166.16	171.65	165.78	170.87	225
2025-08-05 12:00	170.88	170.88	163.25	163.63	402
2025-08-05 16:00	163.87	164.81	162.53	163.02	280
2025-08-05 20:00	162.90	164.52	161.52	164.19	209
2025-08-06 00:00	164.12	164.12	161.26	162.19	470
2025-08-06 04:00	161.89	164.58	161.36	164.47	224
2025-08-06 08:00	163.45	164.47	162.84	164.25	647
2025-08-06 12:00	164.58	169.24	162.63	169.24	254
2025-08-06 16:00	169.14	169.82	167.20	168.50	365
2025-08-06 20:00	168.37	168.82	167.39	167.96	371
2025-08-07 00:00	167.95	168.93	166.42	167.08	208
2025-08-07 04:00	166.86	170.13	166.85	169.70	304
2025-08-07 08:00	170.32	173.25	169.12	172.92	455
2025-08-07 12:00	172.99	172.99	169.88	170.16	324
2025-08-07 16:00	170.50	171.82	167.13	171.82	176
2025-08-07 20:00	171.82	175.50	171.80	175.49	508
2025-08-08 00:00	175.45	175.72	173.60	174.86	572
2025-08-08 04:00	174.45	177.68	173.92	177.38	219
2025-08-08 08:00	177.48	177.75	174.98	177.75	267
2025-08-08 12:00	177.52	178.84	174.55	174.66	729
2025-08-08 16:00	175.53	179.51	174.66	178.47	1016
2025-08-08 20:00	178.50	178.50	176.64	176.70	348
2025-08-09 00:00	176.85	178.79	176.67	177.29	312
2025-08-09 04:00	177.10	182.00	177.06	180.40	462
2025-08-09 08:00	180.70	183.04	180.40	180.89	875
2025-08-09 12:00	180.64	182.37	179.19	179.97	407
2025-08-09 16:00	180.33	182.57	179.62	182.07	540
2025-08-09 20:00	182.07	183.21	179.91	180.35	1097
2025-08-10 00:00	180.06	185.89	179.92	185.26	1903
2025-08-10 04:00	185.08	186.05	178.07	178.32	470
2025-08-10 08:00	178.70	180.95	177.63	180.15	337
2025-08-10 12:00	180.31	182.41	178.63	181.51	165
2025-08-10 16:00	181.31	183.18	181.20	182.88	230
2025-08-10 20:00	183.07	183.85	181.40	182.93	276
2025-08-11 00:00	182.53	185.68	181.37	185.19	834
2025-08-11 04:00	184.87	186.50	183.14	183.14	753
2025-08-11 08:00	183.00	184.61	178.62	179.27	865
2025-08-11 12:00	179.25	180.27	177.47	180.01	1107
2025-08-11 16:00	180.05	181.55	175.77	176.49	505
2025-08-11 20:00	176.24	176.77	173.68	175.03	744
2025-08-12 00:00	174.68	176.69	174.68	176.05	567
2025-08-12 04:00	175.57	176.67	173.84	175.81	471
2025-08-12 08:00	175.45	176.39	173.80	175.17	449
2025-08-12 12:00	175.07	181.91	175.00	181.65	928
2025-08-12 16:00	181.66	190.86	180.89	190.80	2963
2025-08-12 20:00	190.80	193.51	189.61	191.95	950
2025-08-13 00:00	191.84	199.28	191.67	198.08	2299
2025-08-13 04:00	197.74	199.90	195.16	198.74	847
2025-08-13 08:00	198.74	202.46	197.47	201.00	1298
2025-08-13 12:00	201.10	204.90	194.40	197.43	2283
2025-08-13 16:00	197.57	202.02	197.08	202.02	1123
2025-08-13 20:00	202.08	203.20	199.96	201.37	598
2025-08-14 00:00	201.66	208.86	200.75	208.31	2687
2025-08-14 04:00	207.98	209.67	204.28	204.84	1075
2025-08-14 08:00	205.92	205.93	201.99	203.37	1001
2025-08-14 12:00	203.85	205.26	187.00	195.13	3024
2025-08-14 16:00	194.91	195.28	190.70	193.07	903
2025-08-14 20:00	192.92	193.00	187.51	192.52	669
2025-08-15 00:00	192.24	195.43	192.03	194.86	754
2025-08-15 04:00	195.05	197.60	194.23	196.89	840
2025-08-15 08:00	197.33	197.54	193.78	194.68	185
2025-08-15 12:00	194.61	195.83	184.63	185.98	719
2025-08-15 16:00	185.53	186.63	183.49	183.86	933
2025-08-15 20:00	183.90	188.16	183.67	185.77	478
2025-08-16 00:00	185.62	188.21	185.40	187.32	317
2025-08-16 04:00	187.26	189.37	186.10	189.25	158
2025-08-16 08:00	188.92	188.92	185.57	185.88	104
2025-08-16 12:00	185.51	189.40	185.36	188.64	338
2025-08-16 16:00	188.83	189.33	187.22	189.01	329
2025-08-16 20:00	188.82	190.06	188.05	189.53	169
2025-08-17 00:00	189.75	191.78	187.50	191.47	638
2025-08-17 04:00	191.46	193.36	191.30	191.87	517
2025-08-17 08:00	191.87	193.57	191.72	193.57	121
2025-08-17 12:00	193.57	195.19	191.97	195.19	437
2025-08-17 16:00	195.19	195.66	190.34	191.12	656
2025-08-17 20:00	191.41	193.30	191.08	191.17	555
2025-08-18 00:00	191.00	191.37	182.03	182.84	963
2025-08-18 04:00	182.84	183.46	180.41	180.41	432
2025-08-18 08:00	181.19	181.90	180.15	181.27	557
2025-08-18 12:00	181.17	183.30	180.81	182.64	860
2025-08-18 16:00	183.02	185.57	181.90	183.50	294
2025-08-18 20:00	182.89	184.84	182.13	182.76	236
2025-08-19 00:00	182.73	185.74	178.37	178.62	814
2025-08-19 04:00	178.78	180.43	177.58	179.85	835
2025-08-19 08:00	179.47	182.74	179.21	182.74	435
2025-08-19 12:00	182.31	183.26	177.71	178.14	938
2025-08-19 16:00	178.69	178.74	175.91	176.72	632
2025-08-19 20:00	176.71	179.33	176.05	176.05	254
2025-08-20 00:00	176.98	181.38	176.05	180.40	584
2025-08-20 04:00	180.55	181.56	179.93	180.65	375
2025-08-20 08:00	180.60	182.10	178.56	179.93	252
2025-08-20 12:00	180.07	184.97	177.77	182.99	1516
2025-08-20 16:00	183.35	187.74	182.75	187.16	696
2025-08-20 20:00	187.26	187.67	185.96	187.67	245
2025-08-21 00:00	187.77	190.00	185.71	188.75	572
2025-08-21 04:00	188.58	188.65	186.14	187.38	162
2025-08-21 08:00	186.67	187.38	183.51	184.00	269
2025-08-21 12:00	183.98	186.31	181.55	181.55	356
2025-08-21 16:00	181.70	182.90	180.04	180.04	659
2025-08-21 20:00	180.06	181.84	179.42	180.20	422
2025-08-22 00:00	180.47	183.38	180.17	181.97	607
2025-08-22 04:00	181.67	184.23	181.67	184.09	103
2025-08-22 08:00	184.26	184.98	179.56	179.62	218
2025-08-22 12:00	180.05	198.00	177.52	193.54	5596
2025-08-22 16:00	194.00	199.60	193.61	198.63	1565
2025-08-22 20:00	199.49	202.31	189.12	200.76	2039
2025-08-23 00:00	200.79	200.79	195.00	198.57	1455
2025-08-23 04:00	198.70	208.49	198.57	205.45	4807
2025-08-23 08:00	205.02	205.51	201.53	201.75	580
2025-08-23 12:00	201.57	203.77	200.69	202.49	578
2025-08-23 16:00	202.44	204.52	202.17	204.10	955
2025-08-23 20:00	204.08	204.71	202.83	204.10	255
2025-08-24 00:00	204.23	211.68	204.21	208.87	3035
2025-08-24 04:00	209.15	210.74	206.81	206.81	647
2025-08-24 08:00	207.01	208.74	203.57	204.59	395
2025-08-24 12:00	204.68	209.20	203.54	205.80	386
2025-08-24 16:00	205.91	212.00	201.58	204.83	3087
2025-08-24 20:00	204.95	207.00	201.43	205.82	607
2025-08-25 00:00	206.22	213.38	202.49	208.99	1551
2025-08-25 04:00	208.96	209.63	198.89	199.62	1388
2025-08-25 08:00	199.74	200.52	195.42	197.48	1107
2025-08-25 12:00	197.64	199.24	195.75	196.50	470
2025-08-25 16:00	196.76	198.30	191.23	192.08	1401
2025-08-25 20:00	191.15	192.21	185.73	187.33	1806
2025-08-26 00:00	187.14	189.34	185.73	186.90	435
2025-08-26 04:00	187.30	189.72	186.90	189.18	166
2025-08-26 08:00	189.56	190.14	186.92	187.87	143
2025-08-26 12:00	187.98	192.44	187.32	190.91	411
2025-08-26 16:00	190.93	197.40	190.92	197.17	879
2025-08-26 20:00	196.78	197.96	195.43	195.77	1436
2025-08-27 00:00	195.76	203.77	194.00	202.17	12492
2025-08-27 04:00	203.22	206.04	201.08	202.65	14736
2025-08-27 08:00	202.65	205.84	201.80	205.49	12601
2025-08-27 12:00	205.49	210.12	202.90	209.13	12819
2025-08-27 16:00	208.89	213.28	206.21	206.43	9736
2025-08-27 20:00	206.42	209.29	202.70	202.70	2004
2025-08-28 00:00	203.15	208.24	201.85	208.24	1376
2025-08-28 04:00	207.76	213.18	207.76	213.15	2082
2025-08-28 08:00	213.18	216.42	211.53	213.41	702
2025-08-28 12:00	213.37	216.74	210.34	211.11	1753
2025-08-28 16:00	211.27	213.82	207.41	209.94	835
2025-08-28 20:00	209.99	215.63	209.84	214.20	545
2025-08-29 00:00	214.53	217.82	212.14	216.78	1478
2025-08-29 04:00	217.05	217.93	208.06	208.42	648
2025-08-29 08:00	209.06	210.16	205.61	207.38	789
2025-08-29 12:00	207.73	214.71	204.23	205.26	2043
2025-08-29 16:00	204.32	209.20	201.63	202.95	1972
2025-08-29 20:00	203.11	205.48	200.11	205.48	900
2025-08-30 00:00	204.59	206.66	200.88	205.72	548
2025-08-30 04:00	205.56	206.89	204.59	205.20	117
2025-08-30 08:00	204.60	205.41	201.90	202.80	180
2025-08-30 12:00	202.60	202.80	197.78	200.88	615
2025-08-30 16:00	200.77	201.68	199.89	201.14	240
2025-08-30 20:00	201.30	203.18	200.00	202.83	179
2025-08-31 00:00	202.67	207.10	202.51	205.27	948
2025-08-31 04:00	205.39	205.64	202.90	203.54	129
2025-08-31 08:00	203.77	205.61	202.50	203.65	123
2025-08-31 12:00	203.67	204.78	201.61	204.77	628
2025-08-31 16:00	204.21	205.81	203.83	204.73	179
2025-08-31 20:00	204.77	205.87	200.42	200.42	346
2025-09-01 00:00	200.53	202.38	196.37	198.55	1443
2025-09-01 04:00	198.16	202.77	196.79	202.77	447
2025-09-01 08:00	202.77	204.58	198.49	199.51	138
2025-09-01 12:00	199.48	201.27	197.79	198.18	922
2025-09-01 16:00	198.20	200.08	197.58	200.08	501
2025-09-01 20:00	200.07	200.09	194.33	197.39	1296
2025-09-02 00:00	197.17	203.18	196.84	202.02	678
2025-09-02 04:00	201.53	204.38	201.53	202.05	313
2025-09-02 08:00	202.83	204.15	202.05	202.05	88
2025-09-02 12:00	201.78	204.81	197.55	200.27	586
2025-09-02 16:00	201.30	207.00	199.68	205.57	1173
2025-09-02 20:00	205.62	209.38	205.43	209.38	929
2025-09-03 00:00	209.39	211.86	207.67	209.89	800
2025-09-03 04:00	209.80	210.56	207.96	209.14	453
2025-09-03 08:00	209.55	211.12	208.51	210.70	142
2025-09-03 12:00	209.86	212.94	208.94	211.40	428
2025-09-03 16:00	211.91	211.91	209.03	210.41	284
2025-09-03 20:00	210.33	210.53	208.51	210.46	193
2025-09-04 00:00	210.14	211.85	207.71	208.24	497
2025-09-04 04:00	208.56	208.56	205.92	206.94	384
2025-09-04 08:00	207.00	208.76	206.64	208.14	170
2025-09-04 12:00	207.20	208.15	203.50	204.06	796
2025-09-04 16:00	203.94	205.16	201.98	202.36	477
2025-09-04 20:00	201.95	204.78	201.95	202.45	5859
2025-09-05 00:00	202.15	203.92	201.04	203.54	446
2025-09-05 04:00	203.55	208.12	202.95	207.60	218
2025-09-05 08:00	207.19	207.60	204.51	206.78	245
2025-09-05 12:00	206.72	209.89	201.81	203.86	998
2025-09-05 16:00	203.66	205.41	202.03	205.28	572
2025-09-05 20:00	205.40	205.58	202.81	203.56	395
2025-09-06 00:00	203.39	204.75	203.39	204.57	130
2025-09-06 04:00	203.89	204.57	202.15	202.97	229
2025-09-06 08:00	202.96	203.64	202.14	202.47	442
2025-09-06 12:00	202.47	202.83	201.22	201.43	240
2025-09-06 16:00	201.09	202.14	199.41	199.84	284
2025-09-06 20:00	199.98	201.32	199.72	200.29	210
2025-09-07 00:00	200.60	203.14	200.29	202.60	155
2025-09-07 04:00	202.79	203.22	202.26	202.74	100
2025-09-07 08:00	203.22	203.87	202.68	203.87	112
2025-09-07 12:00	203.81	205.39	203.27	205.23	203
2025-09-07 16:00	205.41	205.41	201.72	202.84	298
2025-09-07 20:00	202.92	207.73	202.77	206.78	607
2025-09-08 00:00	206.55	208.79	205.78	207.75	281
2025-09-08 04:00	207.67	208.71	206.78	208.07	250
2025-09-08 08:00	207.98	215.58	207.46	214.40	1390
2025-09-08 12:00	214.49	216.44	213.13	214.86	1322
2025-09-08 16:00	214.90	216.97	214.01	215.95	634
2025-09-08 20:00	215.98	216.02	213.35	214.29	485
2025-09-09 00:00	213.96	214.50	211.00	214.50	438
2025-09-09 04:00	214.48	219.59	213.88	218.75	1169
2025-09-09 08:00	219.30	219.37	217.17	217.17	290
2025-09-09 12:00	217.12	218.42	211.86	213.33	701
2025-09-09 16:00	213.20	216.86	213.20	216.58	301
2025-09-09 20:00	216.45	217.58	215.34	217.23	518
2025-09-10 00:00	217.27	219.32	214.97	218.87	11914
2025-09-10 04:00	218.31	222.31	217.26	222.17	11021
2025-09-10 08:00	221.70	221.99	218.73	219.79	500
2025-09-10 12:00	220.25	225.61	219.74	223.22	824
2025-09-10 16:00	223.09	223.45	213.95	221.00	943
2025-09-10 20:00	221.38	224.49	221.00	224.08	438
2025-09-11 00:00	224.07	225.59	223.02	224.11	397
2025-09-11 04:00	224.10	224.17	221.76	223.19	410
2025-09-11 08:00	222.81	225.58	222.31	225.11	318
2025-09-11 12:00	225.21	228.67	223.01	227.03	841
2025-09-11 16:00	226.83	228.46	225.47	226.42	391
2025-09-11 20:00	226.62	228.84	225.32	228.72	705
2025-09-12 00:00	228.67	235.55	227.91	234.76	1650
2025-09-12 04:00	235.22	239.58	234.03	237.21	2349
2025-09-12 08:00	237.45	239.57	236.79	239.42	304
2025-09-12 12:00	239.32	241.44	237.57	239.44	2014
2025-09-12 16:00	239.21	241.14	237.91	241.06	658
2025-09-12 20:00	240.70	243.79	238.61	241.71	696
2025-09-13 00:00	242.36	243.90	240.82	243.22	543
2025-09-13 04:00	242.97	243.61	241.22	242.80	183
2025-09-13 08:00	242.32	243.38	241.37	241.50	106
2025-09-13 12:00	241.60	243.11	238.24	238.91	1460
2025-09-13 16:00	239.23	239.73	236.10	238.89	848
2025-09-13 20:00	238.91	242.75	238.54	242.61	608
2025-09-14 00:00	242.74	249.20	242.00	246.70	2904
2025-09-14 04:00	246.70	248.19	245.00	246.00	1286
2025-09-14 08:00	246.56	247.89	245.53	245.67	294
2025-09-14 12:00	245.77	246.66	241.12	243.51	3746
2025-09-14 16:00	243.61	248.30	241.07	242.82	1003
2025-09-14 20:00	242.86	244.43	239.56	239.90	1677
2025-09-15 00:00	239.84	243.40	239.34	242.74	638
2025-09-15 04:00	242.82	244.14	236.72	238.40	323
2025-09-15 08:00	238.36	238.36	232.34	236.37	605
2025-09-15 12:00	236.50	237.90	232.00	233.19	1099
2025-09-15 16:00	233.19	234.39	230.06	232.56	1208
2025-09-15 20:00	232.58	235.36	232.58	234.44	551
2025-09-16 00:00	233.92	235.71	233.02	235.55	287
2025-09-16 04:00	235.27	236.88	233.16	235.43	177
2025-09-16 08:00	236.20	236.88	235.00	235.75	132
2025-09-16 12:00	235.44	237.72	231.64	237.40	769
2025-09-16 16:00	237.85	240.60	236.20	238.30	1052
2025-09-16 20:00	238.29	238.87	236.65	236.85	165
2025-09-17 00:00	236.77	240.00	234.39	235.32	2589
2025-09-17 04:00	235.22	237.71	232.00	237.62	3141
2025-09-17 08:00	237.76	237.76	233.95	234.00	200
2025-09-17 12:00	233.92	235.92	233.66	234.01	205
2025-09-17 16:00	233.74	238.99	232.50	238.82	1921
2025-09-17 20:00	238.90	246.27	236.19	244.76	3514
2025-09-18 00:00	245.15	247.48	244.25	246.82	1140
2025-09-18 04:00	246.91	246.91	242.71	244.84	550
2025-09-18 08:00	244.27	246.95	244.27	246.09	517
2025-09-18 12:00	246.23	248.58	245.22	248.53	655
2025-09-18 16:00	248.46	253.22	247.10	248.71	4108
2025-09-18 20:00	248.08	248.86	245.86	247.48	449
2025-09-19 00:00	247.20	248.31	244.99	245.04	712
2025-09-19 04:00	244.93	245.69	243.09	244.20	289
2025-09-19 08:00	244.48	244.94	240.37	241.32	1038
2025-09-19 12:00	241.32	242.76	236.19	237.31	950
2025-09-19 16:00	237.80	238.81	235.42	236.22	537
2025-09-19 20:00	236.20	238.95	236.07	238.47	408
2025-09-20 00:00	238.24	239.81	237.50	237.98	301
2025-09-20 04:00	238.02	239.58	237.89	239.31	190
2025-09-20 08:00	239.57	239.62	237.18	238.09	114
2025-09-20 12:00	238.09	240.73	237.14	239.52	971
2025-09-20 16:00	240.32	242.95	238.23	238.74	892
2025-09-20 20:00	238.81	240.30	238.28	239.78	191
2025-09-21 00:00	239.73	241.71	239.29	241.71	306
2025-09-21 04:00	241.48	241.80	239.71	240.34	101
2025-09-21 08:00	240.09	240.09	237.27	238.88	104
2025-09-21 12:00	239.00	240.13	237.89	237.94	320
2025-09-21 16:00	237.96	238.24	236.35	238.20	791
2025-09-21 20:00	237.57	238.20	235.60	236.19	199
2025-09-22 00:00	236.19	236.83	230.81	232.46	1136
2025-09-22 04:00	232.77	232.93	217.35	222.09	1364
2025-09-22 08:00	221.96	222.91	219.59	221.93	295
2025-09-22 12:00	221.88	224.16	220.18	220.52	749
2025-09-22 16:00	220.49	221.60	216.60	217.04	786
2025-09-22 20:00	216.81	221.12	216.56	220.75	528
2025-09-23 00:00	220.08	221.31	212.63	217.30	932
2025-09-23 04:00	217.36	219.91	214.72	218.92	217
2025-09-23 08:00	219.22	220.81	218.12	219.08	343
2025-09-23 12:00	219.43	220.66	217.32	219.47	312
2025-09-23 16:00	219.65	221.37	214.53	215.03	253
2025-09-23 20:00	214.95	216.59	213.50	213.50	218
2025-09-24 00:00	213.50	216.13	206.95	208.42	8642
2025-09-24 04:00	208.22	211.27	204.00	210.35	1921
2025-09-24 08:00	210.17	212.46	209.61	212.00	107
2025-09-24 12:00	212.43	216.12	210.36	213.99	752
2025-09-24 16:00	213.35	215.35	212.45	213.79	238
2025-09-24 20:00	212.78	213.79	210.93	211.65	234
2025-09-25 00:00	211.44	212.24	206.08	207.36	628
2025-09-25 04:00	207.12	207.36	203.29	203.96	2292
2025-09-25 08:00	204.97	205.68	200.81	201.36	623
2025-09-25 12:00	201.95	203.71	197.54	200.64	2771
2025-09-25 16:00	201.34	201.93	193.81	197.82	3671
2025-09-25 20:00	197.82	198.70	191.33	191.87	478
2025-09-26 00:00	192.48	197.40	192.48	196.32	440
2025-09-26 04:00	196.54	197.22	193.90	195.76	442
2025-09-26 08:00	196.37	196.82	190.90	193.76	725
2025-09-26 12:00	192.73	197.87	192.64	195.86	508
2025-09-26 16:00	196.62	202.60	195.86	201.09	2061
2025-09-26 20:00	200.18	205.18	199.73	204.73	436
2025-09-27 00:00	204.90	205.40	203.48	204.06	230
2025-09-27 04:00	203.78	204.16	201.62	201.62	334
2025-09-27 08:00	202.31	202.31	199.97	201.53	67
2025-09-27 12:00	201.62	203.61	201.24	203.54	120
2025-09-27 16:00	203.44	203.44	200.92	202.15	142
2025-09-27 20:00	202.37	204.85	201.82	203.30	169
2025-09-28 00:00	203.50	203.94	200.69	201.36	144
2025-09-28 04:00	201.10	202.44	200.50	201.57	92
2025-09-28 08:00	201.95	202.32	199.29	200.05	122
2025-09-28 12:00	199.50	203.27	198.19	203.27	228
2025-09-28 16:00	203.34	206.46	203.27	206.24	518
2025-09-28 20:00	206.46	210.74	205.82	210.69	990
2025-09-29 00:00	210.73	210.98	208.95	210.02	399
2025-09-29 04:00	210.39	210.69	207.41	208.75	783
2025-09-29 08:00	209.01	209.15	206.11	206.95	216
2025-09-29 12:00	207.03	213.30	204.75	210.14	457
2025-09-29 16:00	210.49	213.21	207.94	212.95	438
2025-09-29 20:00	213.19	214.67	212.23	212.87	369
2025-09-30 00:00	212.88	213.70	209.90	210.79	649
2025-09-30 04:00	210.83	211.71	208.60	208.62	203
2025-09-30 08:00	208.59	208.90	205.57	207.00	474
2025-09-30 12:00	207.03	209.27	204.91	206.04	515
2025-09-30 16:00	205.92	209.06	204.50	208.85	260
2025-09-30 20:00	208.84	210.86	207.62	208.54	242
2025-10-01 00:00	208.50	210.40	206.24	206.71	4515
2025-10-01 04:00	206.54	209.99	206.39	209.53	8317
2025-10-01 08:00	210.04	217.58	208.80	217.31	8550
2025-10-01 12:00	217.60	220.54	216.58	219.66	2173
2025-10-01 16:00	220.30	220.91	217.28	220.20	487
2025-10-01 20:00	220.00	222.46	218.28	221.71	519
2025-10-02 00:00	222.00	224.70	219.64	223.78	793
2025-10-02 04:00	223.59	226.34	222.42	222.42	273
2025-10-02 08:00	222.93	226.35	222.92	225.15	321
2025-10-02 12:00	225.17	227.01	222.64	227.00	884
2025-10-02 16:00	227.00	233.45	226.53	232.42	1884
2025-10-02 20:00	232.24	234.72	230.77	234.39	836
2025-10-03 00:00	234.72	234.72	230.51	231.91	669
2025-10-03 04:00	231.88	233.13	227.87	229.55	427
2025-10-03 08:00	229.03	231.41	228.19	230.76	107
2025-10-03 12:00	230.12	234.72	227.23	234.62	558
2025-10-03 16:00	234.72	236.61	228.68	233.24	2756
2025-10-03 20:00	232.98	233.70	230.91	232.74	279
2025-10-04 00:00	232.73	233.70	227.63	229.20	781
2025-10-04 04:00	229.18	230.49	228.50	228.50	147
2025-10-04 08:00	229.26	229.90	228.44	228.64	106
2025-10-04 12:00	228.88	229.60	224.41	224.57	479
2025-10-04 16:00	224.70	226.95	223.23	226.37	539
2025-10-04 20:00	226.96	228.15	226.37	227.95	182
2025-10-05 00:00	227.66	232.20	226.67	230.77	995
2025-10-05 04:00	231.34	236.70	230.77	236.51	1118
2025-10-05 08:00	236.51	236.85	230.76	232.32	315
2025-10-05 12:00	231.55	232.32	228.61	229.94	405
2025-10-05 16:00	230.41	231.26	226.95	226.95	299
2025-10-05 20:00	226.95	228.92	226.74	228.53	272
2025-10-06 00:00	228.42	233.00	227.76	232.19	1019
2025-10-06 04:00	232.01	234.47	230.28	231.09	658
2025-10-06 08:00	231.91	234.13	231.09	232.93	99
2025-10-06 12:00	233.06	236.43	232.83	235.77	669
2025-10-06 16:00	236.38	237.48	234.21	235.55	431
2025-10-06 20:00	235.53	236.14	232.04	232.54	610
2025-10-07 00:00	232.10	233.84	231.10	233.69	439
2025-10-07 04:00	233.90	235.07	230.00	231.16	447
2025-10-07 08:00	231.08	231.43	228.56	230.52	494
2025-10-07 12:00	230.20	231.49	221.62	223.69	1789
2025-10-07 16:00	223.54	225.14	221.05	221.73	708
2025-10-07 20:00	222.00	224.26	220.08	220.84	564
2025-10-08 00:00	220.08	222.38	218.12	218.22	6435
2025-10-08 04:00	218.18	220.74	217.14	220.70	587
2025-10-08 08:00	220.88	222.50	220.75	220.97	1544
2025-10-08 12:00	221.48	224.03	219.00	221.48	546
2025-10-08 16:00	221.19	229.51	220.79	229.43	1800
2025-10-08 20:00	229.36	229.60	227.40	229.11	475
2025-10-09 00:00	229.24	229.55	223.87	226.09	1663
2025-10-09 04:00	226.12	228.68	224.26	224.61	348
2025-10-09 08:00	224.49	224.51	219.68	223.20	564
2025-10-09 12:00	223.20	226.25	218.90	218.93	657
2025-10-09 16:00	219.03	220.07	216.63	217.84	1256
2025-10-09 20:00	218.35	221.62	217.62	220.75	567
2025-10-10 00:00	221.10	222.62	219.64	221.36	277
2025-10-10 04:00	221.90	222.79	218.09	218.09	200
2025-10-10 08:00	218.07	221.49	217.52	221.49	219
2025-10-10 12:00	221.53	224.33	209.09	211.08	1565
2025-10-10 16:00	211.07	213.02	203.70	205.61	1469
2025-10-10 20:00	206.32	207.84	188.60	188.66	4771
2025-10-11 00:00	190.24	192.58	182.89	185.09	1714
2025-10-11 04:00	185.08	187.39	181.16	183.36	747
2025-10-11 08:00	182.73	188.32	182.00	183.89	357
2025-10-11 12:00	183.89	185.04	181.11	183.82	1187
2025-10-11 16:00	183.17	184.68	176.89	176.89	1233
2025-10-11 20:00	177.70	179.35	172.81	178.61	1445
2025-10-12 00:00	177.46	178.23	173.01	177.12	837
2025-10-12 04:00	177.23	185.40	177.14	183.00	492
2025-10-12 08:00	182.44	182.67	180.63	180.96	311
2025-10-12 12:00	181.24	191.66	178.52	191.49	1317
2025-10-12 16:00	191.17	196.43	191.17	196.09	932
2025-10-12 20:00	195.96	198.87	193.47	197.97	646
2025-10-13 00:00	196.16	199.80	194.41	194.74	401
2025-10-13 04:00	195.02	199.47	193.10	196.11	469
2025-10-13 08:00	196.47	198.57	190.32	193.00	267
2025-10-13 12:00	192.22	197.56	191.59	196.49	677
2025-10-13 16:00	196.33	208.53	196.33	207.02	1577
2025-10-13 20:00	207.08	208.97	206.56	208.47	506
2025-10-14 00:00	208.69	210.94	205.01	206.09	1148
2025-10-14 04:00	205.80	205.80	192.26	193.98	1876
2025-10-14 08:00	194.40	197.46	191.27	195.21	502
2025-10-14 12:00	195.16	202.42	191.74	201.92	876
2025-10-14 16:00	201.88	205.99	197.26	199.15	696
2025-10-14 20:00	200.03	203.28	198.17	202.19	600
2025-10-15 00:00	202.59	205.70	200.86	201.75	1002
2025-10-15 04:00	201.11	205.25	200.62	204.64	475
2025-10-15 08:00	204.76	208.71	202.19	202.98	564
2025-10-15 12:00	202.58	204.88	196.31	197.00	2464
2025-10-15 16:00	197.00	198.39	194.21	194.72	1249
2025-10-15 20:00	195.06	196.36	192.22	194.10	661
2025-10-16 00:00	194.14	196.11	193.29	193.60	1007
2025-10-16 04:00	193.50	195.39	191.72	193.01	455
2025-10-16 08:00	193.10	197.01	186.55	196.36	1310
2025-10-16 12:00	196.75	198.13	186.86	187.57	1742
2025-10-16 16:00	187.00	192.21	183.34	185.06	995
2025-10-16 20:00	185.38	185.77	182.22	184.89	764
2025-10-17 00:00	184.67	187.47	184.49	187.19	283
2025-10-17 04:00	187.09	187.43	177.44	177.61	694
2025-10-17 08:00	177.72	182.57	174.35	181.33	980
2025-10-17 12:00	181.39	182.66	176.47	182.66	1186
2025-10-17 16:00	182.68	185.10	181.52	182.17	501
2025-10-17 20:00	181.79	185.92	181.75	181.97	342
2025-10-18 00:00	181.91	185.40	181.80	184.76	300
2025-10-18 04:00	184.14	188.11	183.25	186.36	197
2025-10-18 08:00	186.26	187.07	184.60	186.08	299
2025-10-18 12:00	185.97	187.25	184.09	185.22	164
2025-10-18 16:00	185.27	186.38	183.47	186.28	327
2025-10-18 20:00	186.14	187.73	186.00	187.64	291
2025-10-19 00:00	187.67	187.77	184.90	186.69	1072
2025-10-19 04:00	186.82	187.61	185.26	186.07	80
2025-10-19 08:00	186.00	189.86	183.34	189.03	288
2025-10-19 12:00	189.21	191.55	188.08	190.72	380
2025-10-19 16:00	190.71	192.07	188.46	188.63	327
2025-10-19 20:00	188.91	189.90	187.02	187.24	231
2025-10-20 00:00	187.91	191.53	183.97	191.12	597
2025-10-20 04:00	190.98	194.36	190.46	193.01	724
2025-10-20 08:00	192.92	194.13	191.08	192.21	209
2025-10-20 12:00	192.11	192.96	190.55	190.74	467
2025-10-20 16:00	190.53	190.53	185.67	189.33	582
2025-10-20 20:00	188.49	191.13	188.38	189.50	857
2025-10-21 00:00	189.37	190.13	185.37	185.72	812
2025-10-21 04:00	185.37	185.37	182.83	184.69	441
2025-10-21 08:00	184.65	186.46	183.93	186.39	116
2025-10-21 12:00	186.14	196.86	184.09	196.00	1061
2025-10-21 16:00	195.79	197.40	192.20	194.00	566
2025-10-21 20:00	193.66	194.17	185.21	185.39	515
2025-10-22 00:00	185.25	187.22	184.24	185.69	728
2025-10-22 04:00	185.72	186.38	183.56	185.10	434
2025-10-22 08:00	184.71	185.74	182.15	185.19	467
2025-10-22 12:00	184.99	186.81	181.50	183.95	469
2025-10-22 16:00	183.68	184.87	177.09	180.91	363
2025-10-22 20:00	180.02	181.13	177.50	180.01	597
2025-10-23 00:00	179.95	183.16	179.73	182.88	217
2025-10-23 04:00	182.89	187.78	182.81	187.10	217
2025-10-23 08:00	187.81	189.20	187.10	187.92	218
2025-10-23 12:00	187.79	192.32	186.86	191.35	741
2025-10-23 16:00	191.19	193.20	190.03	191.64	538
2025-10-23 20:00	191.04	191.64	188.63	191.13	179
2025-10-24 00:00	191.38	193.68	190.90	191.06	1200
2025-10-24 04:00	191.29	194.30	190.84	192.11	1349
2025-10-24 08:00	192.02	193.37	190.70	191.96	194
2025-10-24 12:00	192.10	196.20	189.01	189.75	642
2025-10-24 16:00	189.39	193.57	189.05	193.11	439
2025-10-24 20:00	192.92	194.00	192.92	193.49	346
2025-10-25 00:00	193.49	194.34	192.52	193.52	448
2025-10-25 04:00	193.47	194.78	193.23	194.03	250
2025-10-25 08:00	194.20	195.00	191.34	192.70	128
2025-10-25 12:00	192.71	194.02	191.97	192.05	115
2025-10-25 16:00	191.85	194.61	191.39	194.55	227
2025-10-25 20:00	194.54	194.76	193.47	194.18	108
2025-10-26 00:00	193.64	194.32	192.00	192.73	139
2025-10-26 04:00	192.98	194.33	192.73	194.19	73
2025-10-26 08:00	194.08	197.87	193.85	197.86	584
2025-10-26 12:00	197.55	199.68	197.00	199.31	533
2025-10-26 16:00	199.05	199.57	198.38	198.83	188
2025-10-26 20:00	198.51	202.08	196.95	200.09	493
2025-10-27 00:00	199.88	205.00	199.57	204.42	541
2025-10-27 04:00	203.99	205.12	202.38	203.05	98
2025-10-27 08:00	202.33	202.33	198.38	200.33	771
2025-10-27 12:00	200.24	200.52	198.50	200.19	858
2025-10-27 16:00	200.36	203.15	199.96	200.05	370
2025-10-27 20:00	200.02	200.58	197.43	198.69	851
2025-10-28 00:00	198.74	201.93	198.68	201.15	386
2025-10-28 04:00	201.18	202.88	198.81	201.89	365
2025-10-28 08:00	202.35	203.85	199.39	199.55	115
2025-10-28 12:00	199.71	202.95	196.80	198.91	462
2025-10-28 16:00	198.60	201.17	194.62	194.62	727
2025-10-28 20:00	194.70	195.21	190.60	194.31	868
2025-10-29 00:00	194.42	195.10	192.92	194.08	125
2025-10-29 04:00	193.95	195.93	193.91	195.68	208
2025-10-29 08:00	195.32	199.25	193.99	198.89	470
2025-10-29 12:00	198.89	201.66	196.54	196.83	754
2025-10-29 16:00	196.50	198.57	190.00	192.81	1016
2025-10-29 20:00	192.75	196.92	192.16	194.42	466
2025-10-30 00:00	193.78	198.09	192.35	196.67	290
2025-10-30 04:00	196.95	196.95	190.46	195.49	334
2025-10-30 08:00	196.00	196.00	191.28	192.49	118
2025-10-30 12:00	192.24	192.24	184.61	184.61	1528
2025-10-30 16:00	184.99	190.00	178.69	178.69	1775
2025-10-30 20:00	179.46	184.78	178.96	184.78	866
2025-10-31 00:00	184.77	186.87	183.87	185.13	948
2025-10-31 04:00	185.13	187.13	185.00	185.00	4765
2025-10-31 08:00	185.67	189.07	185.00	188.49	116
2025-10-31 12:00	188.96	190.24	186.14	188.19	548
2025-10-31 16:00	187.98	188.95	184.47	188.80	506
2025-10-31 20:00	188.32	188.84	186.73	187.26	124
2025-11-01 00:00	187.13	187.41	185.67	187.12	376
2025-11-01 04:00	187.07	187.43	185.13	185.35	504
2025-11-01 08:00	185.95	186.75	185.35	186.46	192
2025-11-01 12:00	186.52	186.70	184.00	186.21	158
2025-11-01 16:00	186.38	186.98	184.89	186.19	325
2025-11-01 20:00	186.20	186.94	185.02	186.47	138
2025-11-02 00:00	186.11	186.47	184.85	185.41	166
2025-11-02 04:00	185.39	188.21	185.17	188.07	122
2025-11-02 08:00	187.92	188.07	184.61	186.07	97
2025-11-02 12:00	186.19	186.43	183.76	184.23	258
2025-11-02 16:00	183.86	184.56	182.22	184.03	304
2025-11-02 20:00	183.93	187.93	183.64	187.93	235
2025-11-03 00:00	187.90	188.94	176.81	177.53	5608
2025-11-03 04:00	177.56	178.74	174.35	176.68	1171
2025-11-03 08:00	176.50	176.60	173.90	175.50	421
2025-11-03 12:00	175.45	176.87	165.36	167.19	1412
2025-11-03 16:00	166.74	170.83	166.00	166.75	820
2025-11-03 20:00	166.92	167.63	163.44	166.17	1251
2025-11-04 00:00	166.06	168.43	164.38	167.93	1747
2025-11-04 04:00	167.90	168.22	156.00	157.10	1811
2025-11-04 08:00	156.86	162.07	156.86	161.54	1345
2025-11-04 12:00	161.64	165.01	159.60	161.68	1635
2025-11-04 16:00	162.53	167.47	152.45	154.29	2700
2025-11-04 20:00	154.29	155.95	146.13	155.23	2401
2025-11-05 00:00	154.98	157.30	147.41	157.17	984
2025-11-05 04:00	156.88	158.49	155.78	156.66	259
2025-11-05 08:00	156.63	157.68	153.86	157.33	182
2025-11-05 12:00	157.43	160.59	156.60	160.43	935
2025-11-05 16:00	160.14	164.16	158.78	162.51	6744
2025-11-05 20:00	162.97	163.97	161.17	162.71	1142
2025-11-06 00:00	162.41	163.00	159.80	162.59	966
2025-11-06 04:00	162.46	162.75	158.46	159.21	336
2025-11-06 08:00	158.69	163.38	157.82	158.88	502
2025-11-06 12:00	158.88	161.36	155.49	156.17	692
2025-11-06 16:00	156.16	158.65	154.05	157.19	655
2025-11-06 20:00	157.22	157.57	153.58	155.23	287
2025-11-07 00:00	155.37	158.50	154.44	156.93	322
2025-11-07 04:00	156.86	158.20	155.41	156.89	5593
2025-11-07 08:00	157.84	158.04	151.75	153.76	240
2025-11-07 12:00	153.99	156.16	149.89	155.48	652
2025-11-07 16:00	155.23	164.29	154.43	164.00	1446
2025-11-07 20:00	164.22	164.22	161.83	161.85	1165
2025-11-08 00:00	161.76	164.80	160.69	162.54	537
2025-11-08 04:00	163.35	163.58	159.80	161.06	222
2025-11-08 08:00	161.07	162.21	159.36	159.36	2902
2025-11-08 12:00	159.66	159.66	156.12	156.95	295
2025-11-08 16:00	156.44	158.21	156.05	157.30	251
2025-11-08 20:00	157.49	158.46	157.35	158.22	274
2025-11-09 00:00	158.11	158.92	155.41	156.02	620
2025-11-09 04:00	156.04	159.48	156.02	159.46	467
2025-11-09 08:00	159.24	159.80	157.26	158.94	140
2025-11-09 12:00	158.73	163.89	158.69	162.35	637
2025-11-09 16:00	162.98	169.06	161.29	166.39	1245
2025-11-09 20:00	166.21	166.47	164.13	164.30	251
2025-11-10 00:00	164.61	168.88	163.69	168.07	405
2025-11-10 04:00	168.26	168.88	166.65	167.52	578
2025-11-10 08:00	167.53	169.70	166.37	168.39	358
2025-11-10 12:00	168.35	170.41	165.36	166.32	619
2025-11-10 16:00	166.21	168.36	165.55	167.32	534
2025-11-10 20:00	167.57	168.29	164.97	167.31	336
2025-11-11 00:00	167.45	171.84	166.17	170.20	584
2025-11-11 04:00	170.14	170.20	163.81	164.00	399
2025-11-11 08:00	163.81	164.86	162.96	163.05	338
2025-11-11 12:00	163.78	164.41	160.15	160.66	625
2025-11-11 16:00	160.90	161.06	157.50	157.54	870
2025-11-11 20:00	157.47	157.85	153.91	154.80	662
2025-11-12 00:00	155.23	155.69	153.73	154.77	1746
2025-11-12 04:00	154.51	156.42	154.36	155.16	265
2025-11-12 08:00	155.17	161.25	155.17	160.08	285
2025-11-12 12:00	160.39	161.03	155.37	155.37	792
2025-11-12 16:00	155.70	156.08	151.31	153.17	818
2025-11-12 20:00	152.98	154.98	152.66	153.33	598
2025-11-13 00:00	153.39	155.65	150.48	154.50	486
2025-11-13 04:00	154.39	157.10	153.58	154.90	449
2025-11-13 08:00	155.66	156.36	154.30	156.36	39
2025-11-13 12:00	156.54	156.91	152.35	153.06	286
2025-11-13 16:00	153.12	153.16	142.25	142.48	2090
2025-11-13 20:00	142.65	146.13	141.11	144.59	1567
2025-11-14 00:00	144.44	145.58	142.94	144.27	341
2025-11-14 04:00	144.36	144.36	138.94	142.94	717
2025-11-14 08:00	142.84	143.10	139.98	140.05	128
2025-11-14 12:00	139.98	143.67	136.02	142.25	1352
2025-11-14 16:00	142.26	144.21	140.52	143.02	395
2025-11-14 20:00	143.05	143.17	137.46	139.06	347
2025-11-15 00:00	138.90	143.29	138.69	142.60	299
2025-11-15 04:00	142.67	143.54	142.07	142.60	129
2025-11-15 08:00	142.25	142.60	140.14	140.15	193
2025-11-15 12:00	140.15	142.31	140.15	142.03	322
2025-11-15 16:00	141.69	144.59	140.95	141.70	243
2025-11-15 20:00	141.69	142.03	138.78	139.76	601
2025-11-16 00:00	139.59	141.39	137.54	141.39	225
2025-11-16 04:00	141.49	142.28	140.73	142.28	138
2025-11-16 08:00	142.37	143.21	139.75	139.75	75
2025-11-16 12:00	140.07	140.70	137.25	137.33	198
2025-11-16 16:00	137.36	138.45	134.57	136.94	945
2025-11-16 20:00	136.94	138.22	135.31	137.23	540
2025-11-17 00:00	137.13	140.51	136.24	140.23	409
2025-11-17 04:00	140.25	141.71	139.70	141.55	278
2025-11-17 08:00	141.43	142.66	141.19	142.00	150
2025-11-17 12:00	141.92	143.07	136.96	137.14	781
2025-11-17 16:00	137.04	138.00	129.64	129.64	1700
2025-11-17 20:00	129.56	131.86	128.97	131.11	893
2025-11-18 00:00	130.98	135.13	129.12	134.61	998
2025-11-18 04:00	134.74	137.79	132.52	136.87	565
2025-11-18 08:00	137.26	138.99	136.57	137.76	305
2025-11-18 12:00	137.84	142.05	137.06	139.99	585
2025-11-18 16:00	139.68	141.92	137.66	141.00	747
2025-11-18 20:00	141.47	142.09	139.69	140.77	219
2025-11-19 00:00	140.71	142.54	139.38	139.76	264
2025-11-19 04:00	139.73	141.03	137.27	140.58	293
2025-11-19 08:00	140.46	140.75	138.48	138.48	73
2025-11-19 12:00	138.40	139.11	134.50	134.65	391
2025-11-19 16:00	134.75	135.30	130.48	131.99	728
2025-11-19 20:00	131.65	137.00	131.56	137.00	314
2025-11-20 00:00	136.80	144.35	136.53	143.17	861
2025-11-20 04:00	143.52	144.59	142.37	143.72	338
2025-11-20 08:00	143.80	143.84	141.22	141.83	373
2025-11-20 12:00	141.98	143.04	138.41	138.41	460
2025-11-20 16:00	138.56	138.56	131.22	133.97	1523
2025-11-20 20:00	133.74	136.57	132.59	133.87	887
2025-11-21 00:00	134.26	134.90	131.30	133.11	506
2025-11-21 04:00	132.78	133.11	122.32	127.33	1428
2025-11-21 08:00	127.43	129.31	123.86	124.40	668
2025-11-21 12:00	124.12	129.47	121.75	125.45	1679
2025-11-21 16:00	125.43	130.52	123.68	128.06	714
2025-11-21 20:00	128.09	129.32	124.74	128.65	1419
2025-11-22 00:00	128.84	129.72	126.96	127.23	210
2025-11-22 04:00	127.23	128.17	125.33	127.92	581
2025-11-22 08:00	127.46	127.92	125.43	126.75	74
2025-11-22 12:00	126.61	127.60	125.23	127.10	507
2025-11-22 16:00	127.21	128.51	126.89	127.32	499
2025-11-22 20:00	127.50	128.77	126.08	127.73	255
2025-11-23 00:00	127.64	130.97	127.53	130.03	620
2025-11-23 04:00	130.04	131.95	128.19	128.57	1302
2025-11-23 08:00	129.11	130.69	128.57	129.85	463
2025-11-23 12:00	129.73	133.00	129.73	133.00	745
2025-11-23 16:00	132.69	133.27	130.95	132.49	277
2025-11-23 20:00	132.43	133.43	130.67	130.76	460
2025-11-24 00:00	130.71	134.14	129.40	133.55	703
2025-11-24 04:00	133.35	133.83	130.35	130.35	446
2025-11-24 08:00	130.23	130.67	128.58	129.65	898
2025-11-24 12:00	129.50	132.43	128.67	131.82	825
2025-11-24 16:00	132.00	137.79	131.82	137.28	727
2025-11-24 20:00	137.45	139.77	137.43	138.40	1523
2025-11-25 00:00	138.50	138.89	137.39	137.90	557
2025-11-25 04:00	137.84	138.89	136.42	136.42	1000
2025-11-25 08:00	136.68	136.74	134.92	136.69	402
2025-11-25 12:00	136.58	136.90	133.30	134.81	458
2025-11-25 16:00	134.81	138.03	134.26	136.65	463
2025-11-25 20:00	136.70	140.41	136.15	139.06	529
2025-11-26 00:00	139.02	140.74	138.01	138.01	646
2025-11-26 04:00	138.30	139.82	137.92	139.65	205
2025-11-26 08:00	139.58	139.65	136.28	136.67	465
2025-11-26 12:00	136.35	138.13	135.63	136.65	323
2025-11-26 16:00	137.01	144.65	136.57	144.05	2262
2025-11-26 20:00	143.87	144.21	142.59	142.98	362
2025-11-27 00:00	142.97	143.89	142.16	142.93	352
2025-11-27 04:00	142.59	144.21	142.41	143.78	177
2025-11-27 08:00	143.73	143.73	141.62	142.15	143
2025-11-27 12:00	141.49	142.49	140.66	142.46	319
2025-11-27 16:00	142.36	143.08	141.49	142.59	250
2025-11-27 20:00	142.73	142.96	140.56	141.19	356
2025-11-28 00:00	140.81	141.36	138.76	139.62	516
2025-11-28 04:00	139.68	140.47	139.06	139.06	212
2025-11-28 08:00	139.20	142.49	139.06	140.98	221
2025-11-28 12:00	141.23	143.50	140.57	141.51	664
2025-11-28 16:00	141.24	141.51	136.11	137.75	943
2025-11-28 20:00	137.59	138.18	136.70	137.50	154
2025-11-29 00:00	137.47	137.95	136.82	136.84	157
2025-11-29 04:00	137.03	137.87	136.39	137.17	466
2025-11-29 08:00	137.20	137.44	136.45	137.44	53
2025-11-29 12:00	137.00	137.66	136.47	137.66	424
2025-11-29 16:00	137.43	137.95	134.88	135.64	1004
2025-11-29 20:00	135.60	136.49	135.39	136.08	86
2025-11-30 00:00	135.87	136.69	135.32	136.33	72
2025-11-30 04:00	136.54	136.66	135.59	136.56	481
2025-11-30 08:00	136.59	137.00	136.28	136.64	62
2025-11-30 12:00	136.88	140.11	136.64	138.20	346
2025-11-30 16:00	138.44	139.83	137.44	137.73	387
2025-11-30 20:00	137.62	137.93	133.41	133.41	435
2025-12-01 00:00	133.41	133.80	126.57	127.04	2634
2025-12-01 04:00	126.96	127.45	125.81	127.33	876
2025-12-01 08:00	127.43	128.02	126.88	127.17	302
2025-12-01 12:00	127.22	127.58	123.30	124.99	1267
2025-12-01 16:00	125.02	125.13	123.40	123.78	1278
2025-12-01 20:00	124.20	127.38	123.78	126.80	769
2025-12-02 00:00	126.69	128.61	126.11	127.58	542
2025-12-02 04:00	127.64	127.97	126.56	127.17	384
2025-12-02 08:00	126.82	128.74	126.06	128.30	121
2025-12-02 12:00	128.29	139.56	128.29	137.90	939
2025-12-02 16:00	137.92	140.78	137.52	140.23	1025
2025-12-02 20:00	140.49	140.49	138.22	138.54	268
2025-12-03 00:00	138.61	140.69	137.85	140.33	1364
2025-12-03 04:00	140.50	144.20	140.40	141.98	1209
2025-12-03 08:00	141.93	142.68	140.87	141.48	270
2025-12-03 12:00	141.69	143.44	138.91	140.98	496
2025-12-03 16:00	141.00	142.22	139.95	141.12	333
2025-12-03 20:00	141.34	145.93	140.93	145.12	845
2025-12-04 00:00	144.73	146.85	143.63	144.66	253
2025-12-04 04:00	144.59	144.66	142.52	143.73	220
2025-12-04 08:00	143.80	144.26	142.94	143.13	43
2025-12-04 12:00	143.08	144.18	141.69	142.91	447
2025-12-04 16:00	142.80	143.39	137.79	139.74	961
2025-12-04 20:00	139.83	140.41	138.73	138.98	139
2025-12-05 00:00	139.11	140.09	138.40	138.40	260
2025-12-05 04:00	139.10	140.67	137.76	140.11	61
2025-12-05 08:00	139.58	140.11	136.18	137.20	265
2025-12-05 12:00	136.81	137.20	134.49	134.86	381
2025-12-05 16:00	135.05	135.05	130.93	132.55	1268
2025-12-05 20:00	132.29	133.32	132.04	133.08	333
2025-12-06 00:00	133.15	134.12	132.95	133.75	252
2025-12-06 04:00	133.74	133.75	132.60	132.60	51
2025-12-06 08:00	132.60	133.28	132.08	133.28	52
2025-12-06 12:00	133.03	133.83	132.29	133.08	161
2025-12-06 16:00	133.03	133.40	131.72	132.08	237
2025-12-06 20:00	132.08	132.62	131.28	132.38	166
2025-12-07 00:00	132.19	133.49	131.91	133.49	97
2025-12-07 04:00	133.37	133.37	131.97	132.10	113
2025-12-07 08:00	131.86	132.50	131.66	132.33	85
2025-12-07 12:00	132.52	132.99	127.70	132.11	1003
2025-12-07 16:00	131.14	136.21	130.67	135.78	354
2025-12-07 20:00	135.90	136.26	129.78	132.24	320
2025-12-08 00:00	131.99	134.67	131.57	134.04	687
2025-12-08 04:00	134.32	135.93	134.04	135.86	74
2025-12-08 08:00	135.71	139.28	135.71	138.49	183
2025-12-08 12:00	138.34	139.00	135.40	135.71	560
2025-12-08 16:00	135.50	136.37	133.12	134.00	198
2025-12-08 20:00	133.76	134.80	132.61	133.30	142
2025-12-09 00:00	133.08	134.28	132.58	134.12	327
2025-12-09 04:00	134.14	134.14	131.79	132.82	293
2025-12-09 08:00	133.08	133.34	132.11	132.86	41
2025-12-09 12:00	132.90	138.45	131.73	138.42	315
2025-12-09 16:00	138.47	144.78	138.47	142.16	1304
2025-12-09 20:00	142.16	142.16	136.83	137.93	274
2025-12-10 00:00	137.93	138.48	137.25	138.48	93
2025-12-10 04:00	138.22	140.11	138.22	138.75	170
2025-12-10 08:00	139.23	139.57	136.43	137.31	67
2025-12-10 12:00	137.15	138.12	135.77	136.40	389
2025-12-10 16:00	135.97	139.52	135.97	138.76	687
2025-12-10 20:00	138.62	142.61	135.53	136.31	453
2025-12-11 00:00	136.26	136.53	129.19	129.50	917
2025-12-11 04:00	129.77	131.45	129.50	131.06	427
2025-12-11 08:00	131.22	131.34	130.54	131.21	27
2025-12-11 12:00	131.09	132.75	130.00	131.55	222
2025-12-11 16:00	131.55	135.49	130.21	134.15	573
2025-12-11 20:00	134.15	137.78	134.15	136.19	429
2025-12-12 00:00	136.35	137.88	135.40	137.11	540
2025-12-12 04:00	137.02	140.04	136.86	139.19	273
2025-12-12 08:00	139.15	139.19	137.28	138.67	111
2025-12-12 12:00	138.34	139.75	132.94	132.96	380
2025-12-12 16:00	133.83	133.83	130.43	131.40	797
2025-12-12 20:00	131.21	132.92	131.21	132.38	211
2025-12-13 00:00	132.65	133.03	132.26	132.83	229
2025-12-13 04:00	132.96	133.00	132.49	132.83	315
2025-12-13 08:00	133.01	134.27	132.83	133.56	192
2025-12-13 12:00	133.37	133.71	132.59	133.16	140
2025-12-13 16:00	133.58	133.68	132.22	132.81	136
2025-12-13 20:00	132.85	133.15	131.71	133.14	170
2025-12-14 00:00	132.67	133.62	132.67	132.91	76
2025-12-14 04:00	132.89	133.33	132.20	133.30	124
2025-12-14 08:00	133.49	133.49	130.18	131.45	181
2025-12-14 12:00	131.00	131.82	130.45	130.86	92
2025-12-14 16:00	130.48	131.45	129.56	130.39	283
2025-12-14 20:00	130.41	130.71	128.06	129.67	440
2025-12-15 00:00	129.39	133.05	129.35	131.67	231
2025-12-15 04:00	131.50	132.47	131.03	132.17	45
2025-12-15 08:00	132.39	132.74	132.17	132.34	14
2025-12-15 12:00	132.31	135.26	126.37	126.86	988
2025-12-15 16:00	126.68	127.07	123.70	125.04	2388
2025-12-15 20:00	124.79	127.73	123.87	127.66	920
2025-12-16 00:00	127.53	128.00	125.00	126.29	87
2025-12-16 04:00	126.65	127.39	124.95	125.62	297
2025-12-16 08:00	125.59	128.93	125.54	128.93	297
2025-12-16 12:00	128.80	130.03	126.17	130.03	162
2025-12-16 16:00	129.85	129.85	126.88	127.87	352
2025-12-16 20:00	127.63	129.34	127.55	129.34	307
2025-12-17 00:00	128.75	129.65	128.20	128.20	319
2025-12-17 04:00	128.19	128.36	127.12	127.79	74
2025-12-17 08:00	128.05	128.07	126.03	127.58	85
2025-12-17 12:00	127.71	134.30	126.72	126.72	1665
2025-12-17 16:00	127.51	127.81	121.45	122.38	2075
2025-12-17 20:00	122.49	123.65	122.10	123.17	146
2025-12-18 00:00	123.36	124.07	122.98	123.32	167
2025-12-18 04:00	123.83	124.05	122.34	122.80	520
2025-12-18 08:00	122.62	124.07	122.54	123.93	41
2025-12-18 12:00	124.05	128.95	123.77	127.41	1296
2025-12-18 16:00	127.13	127.41	117.55	117.78	1686
2025-12-18 20:00	117.68	120.10	117.00	119.69	1413
2025-12-19 00:00	119.60	122.44	117.77	121.83	248
2025-12-19 04:00	121.63	125.31	121.63	124.50	158
2025-12-19 08:00	124.56	125.54	124.41	125.47	59
2025-12-19 12:00	125.49	127.58	124.78	124.97	520
2025-12-19 16:00	125.00	126.82	123.65	126.23	272
2025-12-19 20:00	126.28	127.77	126.15	126.29	359
2025-12-20 00:00	126.13	126.49	125.39	126.44	107
2025-12-20 04:00	126.29	126.65	126.04	126.06	112
2025-12-20 08:00	126.28	126.84	125.92	126.05	26
2025-12-20 12:00	125.94	126.64	125.56	126.63	152
2025-12-20 16:00	126.56	126.65	125.79	126.06	153
2025-12-20 20:00	126.03	126.49	125.65	125.92	80
2025-12-21 00:00	125.83	126.14	124.75	125.13	255
2025-12-21 04:00	125.34	125.49	125.11	125.33	36
2025-12-21 08:00	124.97	126.45	124.97	125.52	64
2025-12-21 12:00	125.82	125.93	123.54	125.14	673
2025-12-21 16:00	125.00	126.28	124.48	125.78	479
2025-12-21 20:00	125.68	126.18	124.79	126.11	241
2025-12-22 00:00	126.09	128.44	124.52	126.12	514
2025-12-22 04:00	126.04	126.65	125.37	126.19	88
2025-12-22 08:00	126.26	127.36	125.62	127.36	34
2025-12-22 12:00	127.11	128.61	126.44	127.81	1792
2025-12-22 16:00	128.18	128.30	124.71	124.77	548
2025-12-22 20:00	124.88	126.03	124.31	125.96	420
2025-12-23 00:00	126.03	126.82	125.13	125.94	86
2025-12-23 04:00	125.73	126.22	123.86	124.42	537
2025-12-23 08:00	124.43	125.14	124.00	125.10	37
2025-12-23 12:00	124.82	125.10	122.22	123.48	535
2025-12-23 16:00	123.65	124.79	122.80	123.75	348
2025-12-23 20:00	123.89	125.55	123.48	123.86	199
2025-12-24 00:00	124.10	124.10	121.90	122.81	158
2025-12-24 04:00	122.79	122.92	120.72	121.83	149
2025-12-24 08:00	121.55	122.18	121.43	121.98	35
2025-12-24 12:00	122.00	122.84	120.97	122.51	128
2025-12-24 16:00	122.84	123.31	121.84	122.65	275
2025-12-24 20:00	122.91	123.37	122.46	122.54	267
2025-12-25 00:00	122.36	123.08	122.18	122.72	134
2025-12-25 04:00	122.67	122.78	122.03	122.24	89
2025-12-25 08:00	122.45	122.45	121.39	121.75	51
2025-12-25 12:00	121.70	124.00	121.70	123.80	140
2025-12-25 16:00	123.70	124.33	122.90	123.42	167
2025-12-25 20:00	123.44	123.55	119.80	120.00	218
2025-12-26 00:00	120.04	124.29	119.40	122.70	703
2025-12-26 04:00	122.54	123.85	121.83	122.79	186
2025-12-26 08:00	122.89	124.05	122.54	123.82	224
2025-12-26 12:00	123.97	125.11	120.62	121.23	149
2025-12-26 16:00	121.90	122.41	121.23	122.22	557
2025-12-26 20:00	122.19	122.79	121.90	122.18	171
2025-12-27 00:00	122.37	123.65	121.91	123.59	162
2025-12-27 04:00	123.42	123.59	122.65	123.27	181
2025-12-27 08:00	123.22	123.30	122.57	122.85	59
2025-12-27 12:00	122.81	123.50	122.79	123.50	79
2025-12-27 16:00	123.36	123.50	122.69	123.29	404
2025-12-27 20:00	123.65	125.12	123.29	124.67	233
2025-12-28 00:00	124.66	124.81	123.90	124.06	246
2025-12-28 04:00	124.29	124.32	123.78	124.03	52
2025-12-28 08:00	124.45	124.70	124.03	124.57	18
2025-12-28 12:00	124.45	124.91	124.45	124.45	17
2025-12-28 16:00	124.61	124.67	123.18	123.34	237
2025-12-28 20:00	123.20	125.59	123.20	125.34	226
2025-12-29 00:00	125.34	130.00	125.06	128.48	991
2025-12-29 04:00	128.66	128.96	127.35	127.88	456
2025-12-29 08:00	127.98	128.18	125.13	125.28	614
2025-12-29 12:00	125.16	125.36	122.48	123.71	764
2025-12-29 16:00	123.31	123.89	122.80	123.09	221
2025-12-29 20:00	123.06	123.62	122.88	123.26	85
2025-12-30 00:00	123.19	123.83	122.54	123.82	1827
2025-12-30 04:00	123.83	124.22	123.31	124.17	54
2025-12-30 08:00	124.39	125.03	124.17	124.26	59
2025-12-30 12:00	124.35	125.33	123.65	125.14	886
2025-12-30 16:00	125.00	126.44	123.92	124.57	187
2025-12-30 20:00	124.63	124.99	123.65	124.99	179
2025-12-31 00:00	125.05	127.58	124.57	126.21	4270
2025-12-31 04:00	126.20	128.18	125.65	126.27	7154
2025-12-31 08:00	126.26	128.01	125.65	127.36	2943
2025-12-31 12:00	126.98	128.33	125.13	126.07	7073
2025-12-31 16:00	126.06	127.14	124.48	124.89	8735
2025-12-31 20:00	124.81	128.25	123.82	124.80	9231
2026-01-01 00:00	124.96	126.65	124.96	125.62	6601
2026-01-01 04:00	125.63	127.58	124.71	124.71	9379
2026-01-01 08:00	125.71	127.41	124.70	126.05	535
2026-01-01 12:00	126.10	127.43	124.79	125.87	1007
2026-01-01 16:00	125.96	128.18	124.57	126.08	478
2026-01-01 20:00	126.44	128.25	125.46	127.25	1190
2026-01-02 00:00	127.47	128.25	126.32	127.81	1989
2026-01-02 04:00	128.18	129.18	127.19	127.51	2526
2026-01-02 08:00	127.61	130.00	127.23	128.92	2721
2026-01-02 12:00	128.94	129.50	127.09	129.15	1137
2026-01-02 16:00	128.85	132.22	128.80	131.68	13173
2026-01-02 20:00	131.56	133.15	131.04	132.25	310
2026-01-03 00:00	132.26	133.16	132.09	132.76	170
2026-01-03 04:00	132.90	132.90	129.69	130.08	293
2026-01-03 08:00	130.14	131.44	130.08	130.76	234
2026-01-03 12:00	130.55	132.08	130.54	131.49	202
2026-01-03 16:00	131.61	132.07	131.49	131.94	110
2026-01-03 20:00	131.86	133.93	131.48	133.41	3663
2026-01-04 00:00	133.46	134.75	133.37	134.55	308
2026-01-04 04:00	134.63	134.88	133.83	133.88	179
2026-01-04 08:00	133.88	134.80	133.23	134.52	86
2026-01-04 12:00	134.44	135.30	133.79	134.47	3661
2026-01-04 16:00	135.28	135.39	133.17	133.47	189
2026-01-04 20:00	133.54	134.87	133.47	134.01	151
2026-01-05 00:00	134.17	137.58	134.17	136.79	346
2026-01-05 04:00	136.81	136.83	134.70	135.26	206
2026-01-05 08:00	135.59	135.93	134.87	135.80	185
2026-01-05 12:00	135.87	136.51	133.35	136.32	357
2026-01-05 16:00	136.27	138.76	134.43	138.41	511
2026-01-05 20:00	138.33	139.71	137.59	138.06	519
2026-01-06 00:00	137.95	138.56	137.05	138.51	232
2026-01-06 04:00	138.61	139.95	137.48	137.75	193
2026-01-06 08:00	137.76	139.60	137.58	139.52	91
2026-01-06 12:00	139.43	143.36	138.70	141.55	861
2026-01-06 16:00	141.75	141.86	136.24	137.39	733
2026-01-06 20:00	138.04	142.07	137.39	141.13	763
2026-01-07 00:00	140.97	141.41	138.61	139.72	4672
2026-01-07 04:00	139.79	140.02	138.33	139.47	5558
2026-01-07 08:00	139.60	140.04	136.97	138.10	5222
2026-01-07 12:00	138.11	138.72	135.43	135.90	7715
2026-01-07 16:00	135.90	136.74	134.53	135.76	9434
2026-01-07 20:00	135.97	137.29	135.19	136.68	9372
2026-01-08 00:00	136.60	138.35	136.29	137.08	9074
2026-01-08 04:00	136.96	138.55	134.24	136.25	7755
2026-01-08 08:00	136.17	136.42	134.33	134.90	2016
2026-01-08 12:00	135.02	136.66	132.97	136.66	292
2026-01-08 16:00	136.70	139.00	136.44	137.58	405
2026-01-08 20:00	137.48	140.01	136.76	138.49	313
2026-01-09 00:00	138.59	141.08	137.81	140.99	258
2026-01-09 04:00	140.92	141.00	139.59	139.66	176
2026-01-09 08:00	139.60	139.60	137.14	138.35	152
2026-01-09 12:00	138.39	140.78	136.19	138.61	402
2026-01-09 16:00	138.93	140.10	135.55	135.97	588
2026-01-09 20:00	135.78	136.48	135.10	136.04	232
2026-01-10 00:00	136.00	136.70	135.83	136.33	110
2026-01-10 04:00	136.22	136.33	135.75	136.24	84
2026-01-10 08:00	136.27	136.99	135.99	136.66	135
2026-01-10 12:00	136.69	136.93	136.05	136.50	129
2026-01-10 16:00	136.50	136.73	135.87	136.14	364
2026-01-10 20:00	136.31	136.34	135.50	136.14	131
2026-01-11 00:00	135.82	136.57	135.82	136.43	218
2026-01-11 04:00	136.33	136.56	135.99	136.16	185
2026-01-11 08:00	136.13	136.76	136.13	136.64	53
2026-01-11 12:00	136.64	139.50	136.64	138.02	177
2026-01-11 16:00	138.81	141.48	138.02	139.53	1006
2026-01-11 20:00	139.24	139.66	137.58	139.57	317
2026-01-12 00:00	139.61	144.35	139.11	142.54	1360
2026-01-12 04:00	142.63	143.36	141.41	141.41	240
2026-01-12 08:00	141.49	141.83	139.14	140.01	142
2026-01-12 12:00	140.11	142.77	138.85	142.66	593
2026-01-12 16:00	142.61	144.18	140.60	140.89	674
2026-01-12 20:00	141.01	141.79	138.40	139.37	209
2026-01-13 00:00	139.29	139.65	137.90	138.58	148
2026-01-13 04:00	138.67	140.74	138.58	140.31	201
2026-01-13 08:00	140.16	143.08	140.16	141.90	82
2026-01-13 12:00	141.93	143.71	141.29	143.44	500
2026-01-13 16:00	143.48	144.41	142.55	144.36	470
2026-01-13 20:00	144.36	148.01	143.17	145.38	1131
2026-01-14 00:00	145.62	146.47	144.42	145.92	374
2026-01-14 04:00	146.37	146.56	144.00	144.59	337
2026-01-14 08:00	144.88	145.62	143.64	143.64	61
2026-01-14 12:00	143.59	147.58	143.42	146.85	357
2026-01-14 16:00	147.15	148.29	145.44	146.97	658
2026-01-14 20:00	147.22	147.61	145.95	146.89	204
2026-01-15 00:00	146.78	146.78	143.25	143.44	755
2026-01-15 04:00	143.97	145.14	143.44	144.93	236
2026-01-15 08:00	144.92	145.98	144.17	144.99	91
2026-01-15 12:00	144.89	145.69	141.98	143.36	443
2026-01-15 16:00	143.64	144.11	141.05	141.60	638
2026-01-15 20:00	141.60	142.58	141.53	142.35	123
2026-01-16 00:00	142.52	142.76	141.71	142.21	92
2026-01-16 04:00	142.06	143.44	141.48	143.02	156
2026-01-16 08:00	142.88	143.46	142.88	143.09	42
2026-01-16 12:00	143.52	143.81	140.35	140.89	321
2026-01-16 16:00	140.96	144.50	140.89	144.08	358
2026-01-16 20:00	144.15	145.50	143.60	144.90	641
2026-01-17 00:00	144.95	144.95	144.26	144.47	245
2026-01-17 04:00	144.33	144.48	143.62	143.79	143
2026-01-17 08:00	143.76	144.59	143.44	143.87	417
2026-01-17 12:00	143.97	144.30	143.71	144.28	200
2026-01-17 16:00	144.22	144.50	143.87	144.25	196
2026-01-17 20:00	144.26	144.56	143.55	143.75	479
2026-01-18 00:00	143.79	143.86	141.93	142.82	934
2026-01-18 04:00	142.81	143.00	142.10	142.10	313
2026-01-18 08:00	141.99	142.50	141.99	142.24	47
2026-01-18 12:00	142.27	142.68	141.60	141.87	206
2026-01-18 16:00	141.87	143.17	141.86	142.28	524
2026-01-18 20:00	142.24	143.00	137.81	137.81	2057
2026-01-19 00:00	137.82	138.00	130.12	134.00	4415
2026-01-19 04:00	133.75	133.98	132.87	133.53	1010
2026-01-19 08:00	133.35	134.29	133.35	134.24	518
2026-01-19 12:00	134.08	134.24	133.33	133.50	420
2026-01-19 16:00	133.94	134.63	133.50	134.42	214
2026-01-19 20:00	134.52	135.15	132.82	133.41	471
2026-01-20 00:00	133.66	134.56	133.24	134.32	1308
2026-01-20 04:00	134.18	134.32	130.60	130.60	2280
2026-01-20 08:00	130.73	130.75	128.44	128.79	1576
2026-01-20 12:00	129.09	129.60	127.27	127.69	6045
2026-01-20 16:00	127.92	128.55	126.31	127.39	2582
2026-01-20 20:00	127.15	128.01	124.79	125.81	1250
2026-01-21 00:00	125.82	127.88	125.75	127.55	706
2026-01-21 04:00	127.69	128.69	127.53	127.53	580
2026-01-21 08:00	127.55	128.07	126.84	126.86	536
2026-01-21 12:00	126.96	131.16	126.28	130.40	4872
2026-01-21 16:00	130.45	131.53	125.47	131.52	538
2026-01-21 20:00	131.52	132.09	129.24	129.39	609
2026-01-22 00:00	129.83	130.58	129.39	129.86	532
2026-01-22 04:00	130.18	130.49	129.70	130.08	124
2026-01-22 08:00	129.93	130.34	129.60	129.93	40
2026-01-22 12:00	130.25	130.89	126.83	127.41	657
2026-01-22 16:00	127.87	129.34	127.01	129.27	401
2026-01-22 20:00	129.33	129.79	128.07	128.39	181
2026-01-23 00:00	128.49	128.95	128.18	128.77	243
2026-01-23 04:00	128.76	129.28	127.22	127.92	333
2026-01-23 08:00	127.86	127.92	127.02	127.62	51
2026-01-23 12:00	127.51	128.08	125.47	127.64	470
2026-01-23 16:00	127.92	130.13	127.77	127.99	328
2026-01-23 20:00	127.93	128.18	126.61	127.41	610
2026-01-24 00:00	127.43	128.08	127.35	127.95	130
2026-01-24 04:00	128.03	128.06	127.09	127.22	131
2026-01-24 08:00	127.16	127.36	127.02	127.26	30
2026-01-24 12:00	127.20	127.38	126.86	126.88	172
2026-01-24 16:00	126.86	127.50	126.72	127.32	139
2026-01-24 20:00	127.39	127.77	127.10	127.21	203
2026-01-25 00:00	127.43	127.49	126.37	126.56	106
2026-01-25 04:00	126.86	126.91	126.54	126.57	36
2026-01-25 08:00	126.58	127.11	126.03	126.71	106
2026-01-25 12:00	126.83	127.01	125.50	125.55	242
2026-01-25 16:00	125.47	125.47	117.25	117.85	3827
2026-01-25 20:00	117.91	119.41	117.53	118.92	2413
2026-01-26 00:00	118.83	122.70	118.71	121.21	994
2026-01-26 04:00	121.66	123.41	121.66	122.89	266
2026-01-26 08:00	122.94	123.44	121.83	122.53	679
2026-01-26 12:00	122.65	125.16	122.48	123.49	248
2026-01-26 16:00	123.63	125.53	123.18	124.21	723
2026-01-26 20:00	124.38	124.73	123.51	124.20	103
2026-01-27 00:00	124.14	125.14	123.80	124.68	506
2026-01-27 04:00	124.60	124.97	124.15	124.38	101
2026-01-27 08:00	124.67	124.76	123.65	124.00	192
2026-01-27 12:00	124.23	125.00	123.18	125.00	798
2026-01-27 16:00	125.13	126.70	123.57	125.80	523
2026-01-27 20:00	125.83	127.77	125.80	127.44	493
2026-01-28 00:00	127.11	127.50	126.58	126.89	7586
2026-01-28 04:00	127.04	127.56	126.38	126.94	14300
2026-01-28 08:00	127.04	128.30	126.03	128.09	12988
2026-01-28 12:00	128.09	128.09	125.62	126.02	12633
2026-01-28 16:00	126.05	127.03	125.32	125.95	12711
2026-01-28 20:00	126.22	126.65	124.84	125.21	4741
2026-01-29 00:00	125.38	125.50	122.64	123.00	10574
2026-01-29 04:00	123.06	124.00	122.45	123.75	15346
2026-01-29 08:00	123.59	123.75	122.65	122.86	14408
2026-01-29 12:00	122.87	123.18	116.17	117.65	11421
2026-01-29 16:00	117.65	119.85	115.43	116.94	1139
2026-01-29 20:00	116.67	117.81	116.67	117.78	654
2026-01-30 00:00	117.93	118.01	112.19	114.64	1515
2026-01-30 04:00	114.62	116.08	113.11	115.89	376
2026-01-30 08:00	115.64	117.17	114.78	117.01	97
2026-01-30 12:00	117.17	117.57	114.74	116.59	350
2026-01-30 16:00	116.83	119.04	114.36	118.86	833
2026-01-30 20:00	118.26	118.46	116.55	117.55	314
2026-01-31 00:00	117.55	118.50	117.55	118.42	144
2026-01-31 04:00	118.52	118.80	117.24	117.43	150
2026-01-31 08:00	117.42	117.43	114.30	116.14	477
2026-01-31 12:00	115.97	115.97	108.40	108.62	1534
2026-01-31 16:00	108.62	109.48	96.52	102.11	4717
2026-01-31 20:00	101.96	106.60	100.48	105.27	1646
2026-02-01 00:00	105.49	106.47	104.26	104.86	373
2026-02-01 04:00	104.82	105.99	104.01	105.32	390
2026-02-01 08:00	105.37	106.00	103.65	105.06	135
2026-02-01 12:00	104.97	106.66	100.38	102.37	802
2026-02-01 16:00	101.44	104.21	101.32	101.79	390
2026-02-01 20:00	101.73	102.72	98.32	100.70	1370
2026-02-02 00:00	101.14	102.86	96.00	100.10	1608
2026-02-02 04:00	100.09	102.39	97.15	101.62	1622
2026-02-02 08:00	101.66	103.45	101.62	103.01	404
2026-02-02 12:00	102.90	106.08	102.48	104.69	767
2026-02-02 16:00	104.59	105.62	103.57	103.97	260
2026-02-02 20:00	103.81	105.12	103.42	104.55	620
2026-02-03 00:00	104.30	104.55	102.21	104.23	590
2026-02-03 04:00	104.08	105.07	103.10	104.63	135
2026-02-03 08:00	104.71	105.08	102.61	103.10	176
2026-02-03 12:00	102.64	103.57	100.50	102.61	686
2026-02-03 16:00	102.12	102.61	96.79	99.13	1172
2026-02-03 20:00	99.00	101.97	97.25	97.73	557
2026-02-04 00:00	97.87	99.58	97.20	99.09	340
2026-02-04 04:00	98.98	99.25	96.57	97.94	398
2026-02-04 08:00	97.82	97.94	94.95	96.21	576
2026-02-04 12:00	96.19	96.61	91.43	93.01	956
2026-02-04 16:00	92.57	94.63	90.06	94.46	1550
2026-02-04 20:00	94.07	94.46	89.40	92.05	1344
2026-02-05 00:00	92.12	92.84	90.28	91.12	770
2026-02-05 04:00	91.31	92.00	89.83	90.71	1099
2026-02-05 08:00	90.97	93.31	88.69	89.96	884
2026-02-05 12:00	90.28	91.23	83.61	84.58	1435
2026-02-05 16:00	84.50	86.17	81.22	81.67	2051
2026-02-05 20:00	81.80	81.98	77.71	78.24	4886
2026-02-06 00:00	78.58	80.22	67.52	76.65	3057
2026-02-06 04:00	76.59	81.60	76.39	79.56	2448
2026-02-06 08:00	79.16	81.97	78.80	81.19	5415
2026-02-06 12:00	81.11	85.14	80.96	84.52	1068
2026-02-06 16:00	84.06	88.68	83.94	87.24	1339
2026-02-06 20:00	87.09	89.79	86.64	87.51	937
2026-02-07 00:00	87.26	88.32	85.99	88.09	344
2026-02-07 04:00	88.10	89.07	84.24	85.44	732
2026-02-07 08:00	84.90	85.57	84.58	84.71	234
2026-02-07 12:00	85.04	87.06	84.71	86.46	165
2026-02-07 16:00	86.63	89.13	86.24	88.20	2181
2026-02-07 20:00	88.50	88.98	86.96	87.79	219
2026-02-08 00:00	87.65	88.19	86.90	86.90	118
2026-02-08 04:00	86.85	87.51	86.69	87.21	259
2026-02-08 08:00	87.27	89.02	86.54	88.27	153
2026-02-08 12:00	88.10	88.76	87.45	87.82	515
2026-02-08 16:00	87.65	88.52	85.90	88.45	527
2026-02-08 20:00	88.02	89.00	86.19	87.00	511
2026-02-09 00:00	87.04	87.91	85.90	87.74	347
2026-02-09 04:00	87.71	87.71	85.35	85.61	488
2026-02-09 08:00	85.51	85.61	82.89	83.44	143
2026-02-09 12:00	83.52	85.69	83.44	85.33	233
2026-02-09 16:00	84.92	88.53	84.92	88.02	462
2026-02-09 20:00	87.84	88.03	86.63	86.73	97
2026-02-10 00:00	86.84	87.41	85.35	85.85	284
2026-02-10 04:00	86.17	86.58	84.41	84.61	520
2026-02-10 08:00	84.73	84.94	83.78	83.80	71
2026-02-10 12:00	84.11	85.12	83.37	84.36	150
2026-02-10 16:00	84.34	85.00	82.53	82.77	198
2026-02-10 20:00	83.00	83.01	81.97	82.95	449
2026-02-11 00:00	83.04	84.34	82.70	83.32	309
2026-02-11 04:00	83.26	83.32	80.37	81.35	813
2026-02-11 08:00	80.99	81.38	80.45	81.27	278
2026-02-11 12:00	81.24	83.17	78.80	80.09	826
2026-02-11 16:00	79.91	80.87	78.02	79.77	504
2026-02-11 20:00	79.68	81.04	78.81	79.35	818
2026-02-12 00:00	79.33	80.69	79.33	80.56	150
2026-02-12 04:00	80.51	80.97	79.48	80.82	207
2026-02-12 08:00	80.82	82.12	80.54	81.83	69
2026-02-12 12:00	81.81	81.99	80.17	80.20	215
2026-02-12 16:00	80.06	80.21	77.06	77.50	568
2026-02-12 20:00	77.58	78.41	76.66	78.38	256
2026-02-13 00:00	78.42	79.44	77.60	78.98	148
2026-02-13 04:00	79.02	79.18	77.93	79.05	164
2026-02-13 08:00	78.89	80.61	78.88	80.25	154
2026-02-13 12:00	80.12	84.30	79.87	83.09	461
2026-02-13 16:00	83.19	85.57	83.19	84.65	874
2026-02-13 20:00	84.58	85.21	84.22	84.37	443
2026-02-14 00:00	84.32	85.32	84.25	85.11	363
2026-02-14 04:00	85.02	85.21	84.41	85.20	160
2026-02-14 08:00	85.19	87.36	85.19	87.30	376
2026-02-14 12:00	87.29	87.70	86.08	87.49	704
2026-02-14 16:00	87.48	88.42	87.09	88.20	438
2026-02-14 20:00	88.38	88.84	87.42	88.09	260
2026-02-15 00:00	88.07	88.69	87.53	88.47	182
2026-02-15 04:00	88.70	90.87	88.35	90.79	658
2026-02-15 08:00	90.78	91.20	89.09	89.09	244
2026-02-15 12:00	89.26	89.35	86.73	87.27	259
2026-02-15 16:00	87.39	87.75	85.32	85.42	568
2026-02-15 20:00	85.25	86.71	84.96	86.17	1037
2026-02-16 00:00	86.06	86.48	84.91	85.12	174
2026-02-16 04:00	85.13	85.82	84.58	85.07	135
2026-02-16 08:00	85.33	86.20	84.57	85.60	82
2026-02-16 12:00	85.46	86.86	82.67	83.31	647
2026-02-16 16:00	83.54	85.07	83.31	84.80	278
2026-02-16 20:00	84.63	86.59	84.50	86.59	122
2026-02-17 00:00	86.47	87.62	85.80	86.43	322
2026-02-17 04:00	86.39	86.68	85.53	86.23	155
2026-02-17 08:00	86.62	86.62	84.91	85.13	139
2026-02-17 12:00	85.17	85.44	82.92	83.58	233
2026-02-17 16:00	84.58	85.65	83.23	84.98	230
2026-02-17 20:00	84.93	85.45	84.77	85.21	167
2026-02-18 00:00	85.10	85.41	84.00	85.41	254
2026-02-18 04:00	85.38	85.44	84.68	84.83	154
2026-02-18 08:00	85.63	86.02	82.91	82.91	615
2026-02-18 12:00	82.85	83.87	81.88	83.02	412
2026-02-18 16:00	83.08	83.08	80.51	80.82	892
2026-02-18 20:00	80.92	81.61	80.92	81.61	494
2026-02-19 00:00	81.56	81.99	81.38	81.80	339
2026-02-19 04:00	81.91	82.62	81.49	82.34	488
2026-02-19 08:00	82.36	82.37	80.94	81.22	262
2026-02-19 12:00	81.22	81.29	79.67	80.60	585
2026-02-19 16:00	80.55	82.18	80.04	81.84	297
2026-02-19 20:00	81.87	82.50	81.74	82.50	247
2026-02-20 00:00	82.42	83.53	82.37	83.14	162
2026-02-20 04:00	82.87	83.91	82.43	83.45	223
2026-02-20 08:00	83.55	84.82	83.40	83.59	168
2026-02-20 12:00	83.59	84.77	81.89	84.40	1252
2026-02-20 16:00	84.33	85.41	82.85	84.80	1019
2026-02-20 20:00	84.89	85.22	84.12	84.45	406
2026-02-21 00:00	84.70	85.03	84.29	84.33	138
2026-02-21 04:00	84.35	84.68	83.99	84.22	448
2026-02-21 08:00	84.23	85.67	84.23	85.32	224
2026-02-21 12:00	85.41	86.71	85.11	86.58	264
2026-02-21 16:00	86.58	86.71	85.87	86.24	514
2026-02-21 20:00	86.16	86.24	85.22	85.23	132
2026-02-22 00:00	85.10	85.57	84.82	85.05	461
2026-02-22 04:00	85.32	85.50	84.90	85.50	189
2026-02-22 08:00	84.98	85.50	84.95	85.50	214
2026-02-22 12:00	85.00	85.50	83.06	83.52	407
2026-02-22 16:00	83.49	83.62	82.83	83.32	117
2026-02-22 20:00	83.30	83.64	82.48	82.90	384
2026-02-23 00:00	82.78	82.82	77.37	77.91	2236
2026-02-23 04:00	77.62	79.65	77.29	79.43	671
2026-02-23 08:00	79.35	80.61	78.51	80.22	348
2026-02-23 12:00	80.20	81.11	79.31	79.47	801
2026-02-23 16:00	79.41	79.52	77.30	78.15	1506
2026-02-23 20:00	78.35	78.89	77.67	77.70	333
2026-02-24 00:00	78.01	78.49	75.84	76.87	1336
2026-02-24 04:00	77.07	77.25	76.15	76.83	727
2026-02-24 08:00	76.61	77.08	76.03	76.71	356
2026-02-24 12:00	76.79	77.42	75.66	77.13	867
2026-02-24 16:00	77.66	78.50	77.13	78.24	426
2026-02-24 20:00	78.50	79.59	78.18	79.22	491
2026-02-25 00:00	79.04	82.94	78.76	81.80	1443
2026-02-25 04:00	81.60	82.41	81.02	82.14	898
2026-02-25 08:00	82.22	83.38	82.04	83.31	450
2026-02-25 12:00	83.18	86.33	82.95	86.08	1528
2026-02-25 16:00	86.02	89.63	86.02	89.43	2015
2026-02-25 20:00	89.50	92.00	87.11	88.03	1643
2026-02-26 00:00	87.99	89.28	87.64	88.14	969
2026-02-26 04:00	87.98	88.99	87.29	87.34	521
2026-02-26 08:00	87.37	88.64	86.62	86.74	507
2026-02-26 12:00	86.93	88.12	85.33	86.59	1448
2026-02-26 16:00	86.19	86.71	84.41	86.61	1398
2026-02-26 20:00	86.62	86.86	85.75	85.93	242
2026-02-27 00:00	86.02	87.78	85.25	87.78	322
2026-02-27 04:00	87.64	88.29	86.90	87.39	437
2026-02-27 08:00	87.35	87.71	83.37	83.54	531
2026-02-27 12:00	83.53	83.69	82.03	82.73	1066
2026-02-27 16:00	82.31	82.73	81.14	81.44	1048
2026-02-27 20:00	81.67	82.05	80.33	81.98	653
2026-02-28 00:00	81.91	82.24	81.61	81.72	185
2026-02-28 04:00	81.85	81.85	77.19	78.85	1662
2026-02-28 08:00	78.65	79.59	77.76	78.95	956
2026-02-28 12:00	78.82	81.42	78.65	80.93	842
2026-02-28 16:00	80.83	82.86	80.65	82.19	351
2026-02-28 20:00	82.03	85.68	82.03	84.30	1978
2026-03-01 00:00	84.59	88.84	84.35	87.76	566
2026-03-01 04:00	88.21	88.21	86.18	86.65	395
2026-03-01 08:00	86.72	86.72	84.71	85.02	471
2026-03-01 12:00	85.16	87.03	84.58	85.65	656
2026-03-01 16:00	85.65	86.05	83.06	83.23	548
2026-03-01 20:00	83.21	84.11	81.67	83.57	872
2026-03-02 00:00	83.62	86.17	83.57	84.74	387
2026-03-02 04:00	84.75	84.81	82.41	82.92	313
2026-03-02 08:00	82.88	84.19	82.47	84.16	325
2026-03-02 12:00	83.88	88.93	82.85	88.58	874
2026-03-02 16:00	88.89	90.28	86.50	87.62	875
2026-03-02 20:00	87.66	88.23	86.39	86.71	509
2026-03-03 00:00	86.63	87.31	85.30	86.59	504
2026-03-03 04:00	86.40	86.75	85.41	85.73	346
2026-03-03 08:00	85.58	85.63	83.71	84.25	377
2026-03-03 12:00	84.24	85.16	82.53	84.86	915
2026-03-03 16:00	85.14	87.33	84.24	85.12	994
2026-03-03 20:00	85.14	87.42	84.27	86.96	644
2026-03-04 00:00	86.96	88.05	85.16	85.59	429
2026-03-04 04:00	85.78	87.51	84.82	87.51	473
2026-03-04 08:00	87.51	91.39	87.00	89.79	741
2026-03-04 12:00	89.80	93.10	88.76	92.90	1660
2026-03-04 16:00	92.99	94.02	90.74	93.17	1389
2026-03-04 20:00	93.28	93.73	90.36	90.74	539
2026-03-05 00:00	91.01	91.40	89.64	90.05	538
2026-03-05 04:00	90.01	91.23	89.72	89.94	438
2026-03-05 08:00	89.96	92.88	89.70	91.69	352
2026-03-05 12:00	91.92	92.14	88.89	89.41	547
2026-03-05 16:00	89.52	89.52	87.98	88.90	363
2026-03-05 20:00	88.77	89.84	88.69	88.74	329
2026-03-06 00:00	88.85	89.25	88.05	88.38	298
2026-03-06 04:00	88.32	88.89	87.54	88.74	156
2026-03-06 08:00	88.64	88.64	87.12	87.27	135
2026-03-06 12:00	87.25	87.25	83.98	84.61	972
2026-03-06 16:00	84.61	85.77	83.60	85.22	319
2026-03-06 20:00	85.27	85.36	84.48	84.68	293
2026-03-07 00:00	84.76	85.06	84.42	84.42	488
2026-03-07 04:00	84.35	84.47	83.96	84.45	207
2026-03-07 08:00	84.28	84.75	84.28	84.75	82
2026-03-07 12:00	84.67	84.67	83.53	83.78	251
2026-03-07 16:00	83.65	84.04	82.33	82.33	407
2026-03-07 20:00	82.58	83.22	82.33	83.19	439
2026-03-08 00:00	83.33	83.47	82.14	82.36	196
2026-03-08 04:00	82.47	83.03	81.75	82.86	134
2026-03-08 08:00	82.54	84.04	82.54	82.70	149
2026-03-08 12:00	82.80	82.84	81.26	82.08	754
2026-03-08 16:00	82.13	82.61	81.44	82.41	101
2026-03-08 20:00	82.32	82.86	80.28	81.67	501
2026-03-09 00:00	81.59	84.49	81.59	83.17	253
2026-03-09 04:00	83.22	84.58	82.41	83.24	135
2026-03-09 08:00	83.24	84.58	83.04	83.75	91
2026-03-09 12:00	83.62	85.72	83.62	84.99	587
2026-03-09 16:00	85.12	86.99	84.44	85.93	438
2026-03-09 20:00	86.15	86.31	84.81	85.00	437
2026-03-10 00:00	84.96	86.88	84.90	85.57	545
2026-03-10 04:00	85.70	86.92	85.44	86.68	237
2026-03-10 08:00	86.94	87.62	86.65	86.65	285
2026-03-10 12:00	86.83	88.56	84.94	88.32	804
2026-03-10 16:00	88.34	88.79	85.70	86.01	725
2026-03-10 20:00	85.99	86.38	85.03	85.89	579
2026-03-11 00:00	85.72	86.29	85.61	85.66	396
2026-03-11 04:00	85.63	86.85	85.26	85.26	336
2026-03-11 08:00	85.46	85.50	84.42	84.62	145
2026-03-11 12:00	84.64	87.39	84.41	85.41	2570
2026-03-11 16:00	85.39	88.03	85.39	87.22	2852
2026-03-11 20:00	87.17	87.81	86.58	86.60	409
2026-03-12 00:00	86.56	86.77	84.75	84.84	269
2026-03-12 04:00	84.98	85.79	84.95	85.74	137
2026-03-12 08:00	86.04	87.06	85.71	86.87	49
2026-03-12 12:00	86.81	87.62	85.24	86.52	397
2026-03-12 16:00	86.53	86.98	85.67	86.85	478
2026-03-12 20:00	86.82	87.22	85.97	86.81	383
2026-03-13 00:00	86.92	91.05	86.81	89.82	1095
2026-03-13 04:00	89.66	89.82	88.26	88.55	232
2026-03-13 08:00	88.63	90.37	88.61	90.37	133
2026-03-13 12:00	90.31	92.88	89.31	89.42	1155
2026-03-13 16:00	89.23	90.06	88.42	88.86	838
2026-03-13 20:00	88.69	89.06	87.76	88.08	449
2026-03-14 00:00	88.12	88.50	87.95	88.45	278
2026-03-14 04:00	88.44	88.66	86.98	87.34	252
2026-03-14 08:00	87.15	87.34	86.62	86.96	25
2026-03-14 12:00	86.92	87.30	86.69	86.69	214
2026-03-14 16:00	86.66	87.08	86.66	87.06	187
2026-03-14 20:00	86.92	88.08	86.87	87.93	392
2026-03-15 00:00	88.08	88.54	87.69	87.80	146
2026-03-15 04:00	88.10	88.54	87.80	88.21	498
2026-03-15 08:00	88.32	88.74	88.21	88.54	144
2026-03-15 12:00	88.32	88.54	87.42	88.02	121
2026-03-15 16:00	87.85	88.67	87.46	88.00	265
2026-03-15 20:00	88.15	93.25	88.00	92.29	1177
2026-03-16 00:00	92.61	93.82	91.23	93.23	1275
2026-03-16 04:00	93.21	94.25	92.96	93.49	946
2026-03-16 08:00	93.65	93.98	92.86	93.92	232
2026-03-16 12:00	93.79	95.02	92.51	93.17	2426
2026-03-16 16:00	93.24	95.42	93.17	95.42	848
2026-03-16 20:00	95.15	97.65	95.04	96.36	1013
2026-03-17 00:00	95.82	96.79	93.80	93.93	1314
2026-03-17 04:00	94.13	94.67	93.35	94.45	1889
2026-03-17 08:00	94.45	95.01	93.29	93.67	636
2026-03-17 12:00	93.72	95.10	93.32	93.67	459
2026-03-17 16:00	94.00	95.57	93.67	94.74	664
2026-03-17 20:00	94.67	95.47	94.59	94.75	190
2026-03-18 00:00	94.65	95.50	94.36	95.03	326
2026-03-18 04:00	94.77	95.03	93.82	94.06	164
2026-03-18 08:00	94.21	94.38	91.92	92.07	148
2026-03-18 12:00	91.81	91.81	88.64	89.43	681
2026-03-18 16:00	89.20	90.81	88.82	89.60	629
2026-03-18 20:00	89.67	90.56	89.19	89.98	473
2026-03-19 00:00	89.99	91.39	89.87	90.76	620
2026-03-19 04:00	90.73	90.73	88.67	89.59	107
2026-03-19 08:00	89.37	90.36	89.17	89.56	153
2026-03-19 12:00	89.54	89.56	87.23	87.73	555
2026-03-19 16:00	87.55	89.26	87.00	88.84	349
2026-03-19 20:00	88.77	89.20	88.46	88.93	261
2026-03-20 00:00	88.94	89.71	88.92	89.67	107
2026-03-20 04:00	89.55	89.67	88.57	88.66	168
2026-03-20 08:00	89.57	90.44	88.66	89.14	128
2026-03-20 12:00	89.20	89.70	88.59	88.83	177
2026-03-20 16:00	88.95	89.15	88.19	89.01	409
2026-03-20 20:00	89.08	90.23	88.75	89.90	518
2026-03-21 00:00	89.91	90.51	89.79	90.39	65
2026-03-21 04:00	90.58	90.73	89.95	90.18	169
2026-03-21 08:00	90.06	90.25	89.85	89.85	68
2026-03-21 12:00	90.04	90.30	89.63	89.78	316
2026-03-21 16:00	89.86	89.97	89.47	89.81	111
2026-03-21 20:00	89.90	90.30	87.27	87.27	291
2026-03-22 00:00	87.51	89.13	86.35	88.69	700
2026-03-22 04:00	89.10	89.14	87.75	87.78	85
2026-03-22 08:00	87.56	87.78	86.96	86.96	1373
2026-03-22 12:00	86.90	87.59	86.90	87.57	231
2026-03-22 16:00	87.50	87.58	86.62	86.83	100
2026-03-22 20:00	87.06	87.16	85.30	86.22	338
2026-03-23 00:00	86.29	87.17	85.50	86.44	584
2026-03-23 04:00	86.52	87.27	85.15	86.02	295
2026-03-23 08:00	86.09	91.95	85.25	88.74	2798
2026-03-23 12:00	88.74	92.21	88.44	89.88	779
2026-03-23 16:00	90.05	91.84	89.56	91.39	457
2026-03-23 20:00	91.44	91.92	91.03	91.50	138
2026-03-24 00:00	91.45	91.68	90.00	90.32	382
2026-03-24 04:00	90.72	91.84	90.03	91.67	123
2026-03-24 08:00	91.83	92.15	91.18	91.77	290
2026-03-24 12:00	91.77	91.77	88.77	89.74	529
2026-03-24 16:00	89.73	89.99	88.55	88.59	175
2026-03-24 20:00	88.73	91.09	88.59	90.89	316
2026-03-25 00:00	90.85	91.89	90.85	91.88	176
2026-03-25 04:00	91.67	92.91	91.66	91.81	301
2026-03-25 08:00	91.81	93.39	91.81	92.89	257
2026-03-25 12:00	93.03	93.32	91.09	91.79	238
2026-03-25 16:00	91.84	92.64	91.46	91.46	450
2026-03-25 20:00	91.61	91.85	91.09	91.73	238
2026-03-26 00:00	91.70	91.95	90.65	90.96	254
2026-03-26 04:00	90.89	90.96	88.89	88.89	276
2026-03-26 08:00	89.10	89.11	87.49	87.66	151
2026-03-26 12:00	87.50	88.29	86.80	87.53	774
2026-03-26 16:00	87.51	87.70	85.50	85.50	826
2026-03-26 20:00	85.57	87.08	85.50	86.48	405
2026-03-27 00:00	86.50	87.00	86.29	86.39	224
2026-03-27 04:00	86.41	86.64	85.76	85.91	63
2026-03-27 08:00	85.99	85.99	82.74	83.48	964
2026-03-27 12:00	83.43	84.03	82.58	83.34	237
2026-03-27 16:00	83.35	83.40	81.95	82.60	394
2026-03-27 20:00	82.87	83.08	82.44	83.08	320
2026-03-28 00:00	83.05	83.08	82.31	82.67	241
2026-03-28 04:00	82.61	83.65	82.41	83.65	119
2026-03-28 08:00	83.57	83.64	82.76	82.95	52
2026-03-28 12:00	82.79	84.26	82.70	83.74	332
2026-03-28 16:00	83.76	83.93	83.07	83.18	131
2026-03-28 20:00	83.42	83.49	81.80	82.08	265
2026-03-29 00:00	82.14	83.17	82.04	83.03	170
2026-03-29 04:00	83.04	83.04	82.36	82.63	90
2026-03-29 08:00	82.47	82.65	82.00	82.65	38
2026-03-29 12:00	82.62	82.62	81.44	81.82	179
2026-03-29 16:00	81.84	82.06	81.18	81.81	150
2026-03-29 20:00	81.76	82.18	79.40	81.40	696
2026-03-30 00:00	81.46	83.98	81.22	83.31	944
2026-03-30 04:00	83.31	84.20	83.31	84.20	128
2026-03-30 08:00	84.11	84.81	83.61	84.15	84
2026-03-30 12:00	84.32	85.01	83.71	84.55	306
2026-03-30 16:00	84.35	84.55	81.98	82.38	350
2026-03-30 20:00	82.48	83.61	82.24	82.55	501
2026-03-31 00:00	82.49	84.57	82.29	83.53	93
2026-03-31 04:00	83.53	83.86	82.85	82.88	85
2026-03-31 08:00	83.03	83.23	80.04	80.57	369
2026-03-31 12:00	80.90	82.42	80.41	81.22	276
2026-03-31 16:00	81.08	83.37	81.01	82.58	283
2026-03-31 20:00	82.72	83.24	82.40	83.17	140
2026-04-01 00:00	83.20	83.53	82.56	83.36	268
2026-04-01 04:00	83.51	84.71	83.36	83.93	119
2026-04-01 08:00	83.90	83.90	83.13	83.42	93
2026-04-01 12:00	83.38	83.80	82.44	83.63	277
2026-04-01 16:00	83.60	86.59	83.13	83.76	408
2026-04-01 20:00	83.79	83.79	80.81	81.13	820
2026-04-02 00:00	81.11	81.69	78.41	78.99	621
2026-04-02 04:00	79.04	79.66	78.69	79.66	176
2026-04-02 08:00	79.39	79.66	78.17	78.37	185
2026-04-02 12:00	78.39	79.65	76.81	79.03	1216
2026-04-02 16:00	78.99	79.80	78.55	78.99	524
2026-04-02 20:00	78.88	79.29	78.80	78.90	72
2026-04-03 00:00	78.97	79.70	78.90	79.08	116
2026-04-03 04:00	79.00	80.11	79.00	79.95	762
2026-04-03 08:00	79.95	80.41	79.71	79.91	54
2026-04-03 12:00	80.20	80.82	79.22	80.47	682
2026-04-03 16:00	80.41	80.63	79.96	80.19	143
2026-04-03 20:00	80.25	80.69	80.03	80.22	81
2026-04-04 00:00	80.34	80.38	80.08	80.22	231
2026-04-04 04:00	80.17	80.48	80.13	80.48	28
2026-04-04 08:00	80.35	80.48	79.96	80.22	94
2026-04-04 12:00	80.24	81.57	79.65	80.91	237
2026-04-04 16:00	81.15	81.34	80.68	80.91	268
2026-04-04 20:00	80.83	81.00	80.70	80.78	95
2026-04-05 00:00	80.73	80.78	80.42	80.56	177
2026-04-05 04:00	80.49	80.56	79.45	79.55	220
2026-04-05 08:00	79.58	80.13	79.58	79.92	37
2026-04-05 12:00	79.87	80.18	78.57	79.55	445
2026-04-05 16:00	79.68	80.17	79.50	79.65	388
2026-04-05 20:00	79.82	82.08	79.22	81.94	414
2026-04-06 00:00	82.00	82.90	81.70	82.01	495
2026-04-06 04:00	82.20	82.36	81.05	81.84	111
2026-04-06 08:00	81.87	83.17	81.76	82.31	705
2026-04-06 12:00	82.45	82.68	81.74	82.28	296
2026-04-06 16:00	82.27	82.40	81.21	82.02	477
2026-04-06 20:00	81.94	82.12	79.71	80.05	375
2026-04-07 00:00	79.97	80.11	79.40	79.77	466
2026-04-07 04:00	79.79	80.02	79.40	79.80	159
2026-04-07 08:00	79.83	80.47	78.98	79.29	138
2026-04-07 12:00	79.31	79.31	78.41	78.84	508
2026-04-07 16:00	78.89	81.69	78.79	81.69	459
2026-04-07 20:00	81.79	86.98	81.69	85.58	1896
2026-04-08 00:00	85.80	85.80	84.41	84.53	333
2026-04-08 04:00	84.78	85.02	83.97	84.33	138
2026-04-08 08:00	84.54	84.96	84.25	84.55	379
2026-04-08 12:00	84.47	84.96	82.55	83.38	491
2026-04-08 16:00	83.39	84.07	82.82	83.05	223
2026-04-08 20:00	83.29	83.52	82.35	82.61	353
2026-04-09 00:00	82.56	82.59	81.74	82.09	491
2026-04-09 04:00	81.99	82.48	81.78	82.31	127
2026-04-09 08:00	82.25	82.85	82.09	82.26	122
2026-04-09 12:00	82.30	83.92	81.46	83.69	335
2026-04-09 16:00	83.90	84.66	82.99	84.29	486
2026-04-09 20:00	84.15	85.86	83.19	83.32	563
2026-04-10 00:00	83.26	83.75	82.70	82.97	145
2026-04-10 04:00	82.92	83.54	82.92	82.96	151
2026-04-10 08:00	82.94	83.74	82.77	83.71	125
2026-04-10 12:00	83.63	85.40	83.53	84.18	425
2026-04-10 16:00	84.34	85.48	84.18	85.40	163
2026-04-10 20:00	85.48	85.60	84.72	84.83	273
2026-04-11 00:00	84.78	84.89	84.42	84.42	189
2026-04-11 04:00	84.39	84.56	83.95	84.27	276
2026-04-11 08:00	84.25	84.74	83.80	84.25	83
2026-04-11 12:00	84.23	84.82	84.03	84.63	84
2026-04-11 16:00	84.69	86.22	84.54	86.04	397
2026-04-11 20:00	86.05	86.22	84.45	84.97	315
2026-04-12 00:00	84.87	84.98	81.87	82.49	521
2026-04-12 04:00	82.35	82.49	82.15	82.34	151
2026-04-12 08:00	82.26	82.34	81.98	82.31	21
2026-04-12 12:00	82.28	82.51	81.31	81.68	224
2026-04-12 16:00	81.57	82.30	81.57	82.02	235
2026-04-12 20:00	82.03	82.92	81.36	81.46	311
2026-04-13 00:00	81.52	82.40	81.43	81.90	129
2026-04-13 04:00	81.98	82.57	81.57	82.15	104
2026-04-13 08:00	82.12	82.23	81.68	81.87	74
2026-04-13 12:00	82.08	83.79	81.87	82.62	423
2026-04-13 16:00	82.72	84.17	82.47	84.17	216
2026-04-13 20:00	84.14	86.77	83.86	86.56	1283
2026-04-14 00:00	86.65	86.69	85.68	86.05	605
2026-04-14 04:00	85.94	86.09	85.43	85.89	227
2026-04-14 08:00	85.87	86.52	85.62	85.81	128
2026-04-14 12:00	85.87	87.62	85.36	85.95	571
2026-04-14 16:00	85.98	86.15	83.78	83.80	254
2026-04-14 20:00	83.91	84.13	83.35	83.84	362
2026-04-15 00:00	83.80	83.98	83.19	83.34	213
2026-04-15 04:00	83.54	83.70	82.69	82.77	64
2026-04-15 08:00	82.76	83.68	82.76	83.49	116
2026-04-15 12:00	83.54	84.42	83.31	83.98	286
2026-04-15 16:00	83.95	85.77	83.95	85.48	246
2026-04-15 20:00	85.43	85.48	84.32	84.87	206
2026-04-16 00:00	84.87	85.46	84.55	85.30	204
2026-04-16 04:00	85.30	85.62	85.08	85.23	139
2026-04-16 08:00	85.17	85.44	84.64	85.09	244
2026-04-16 12:00	85.06	87.06	83.85	86.67	278
2026-04-16 16:00	86.72	90.06	85.76	89.98	1053
2026-04-16 20:00	90.11	90.47	88.79	89.05	590
2026-04-17 00:00	89.09	89.17	87.51	87.72	673
2026-04-17 04:00	87.81	88.26	87.48	87.98	529
2026-04-17 08:00	88.20	89.48	87.41	88.28	199
2026-04-17 12:00	88.19	90.70	88.18	89.94	1630
2026-04-17 16:00	89.95	90.35	88.95	89.28	272
2026-04-17 20:00	89.30	89.41	88.60	88.83	334
2026-04-18 00:00	88.95	89.16	88.24	88.30	255
2026-04-18 04:00	88.42	88.64	88.20	88.44	165
2026-04-18 08:00	88.44	88.44	86.30	86.53	279
2026-04-18 12:00	86.82	86.95	86.53	86.62	371
2026-04-18 16:00	86.66	86.93	85.92	86.11	159
2026-04-18 20:00	86.07	86.38	85.92	86.15	179
2026-04-19 00:00	86.22	86.29	85.30	85.73	158
2026-04-19 04:00	85.63	85.90	84.50	84.82	158
2026-04-19 08:00	84.80	85.64	84.53	85.64	86
2026-04-19 12:00	85.62	87.06	85.62	86.00	115
2026-04-19 16:00	86.28	86.37	84.91	85.33	200
2026-04-19 20:00	85.13	85.33	83.00	83.52	776
2026-04-20 00:00	83.45	84.54	83.44	84.30	66
2026-04-20 04:00	84.58	85.71	83.79	84.91	154
2026-04-20 08:00	84.71	85.36	84.59	85.07	83
2026-04-20 12:00	84.99	85.86	84.41	85.86	308
2026-04-20 16:00	85.89	86.19	85.35	85.96	228
2026-04-20 20:00	85.79	86.14	85.28	85.35	83
2026-04-21 00:00	85.27	85.79	85.03	85.17	134
2026-04-21 04:00	85.21	85.97	85.11	85.70	67
2026-04-21 08:00	85.69	86.33	85.69	85.88	61
2026-04-21 12:00	85.93	86.86	85.29	85.78	400
2026-04-21 16:00	86.11	86.22	84.35	84.50	541
2026-04-21 20:00	84.66	86.05	84.50	86.02	177
2026-04-22 00:00	86.04	87.80	86.04	87.33	563
2026-04-22 04:00	87.25	88.29	87.07	88.12	655
2026-04-22 08:00	88.12	88.76	87.66	88.28	459
2026-04-22 12:00	88.33	89.32	88.05	88.23	270
2026-04-22 16:00	88.24	88.39	87.21	87.35	308
2026-04-22 20:00	87.39	87.62	86.86	86.99	169
2026-04-23 00:00	87.00	87.10	85.54	85.74	262
2026-04-23 04:00	85.76	86.20	85.54	85.94	271
2026-04-23 08:00	85.89	85.94	85.24	85.87	97
2026-04-23 12:00	85.99	86.61	85.59	86.32	429
2026-04-23 16:00	86.33	86.35	84.55	85.33	267
2026-04-23 20:00	85.52	86.21	85.33	86.14	193
2026-04-24 00:00	86.13	86.31	85.44	85.61	236
2026-04-24 04:00	85.63	85.79	85.19	85.52	260
2026-04-24 08:00	85.46	86.19	85.03	86.17	150
2026-04-24 12:00	86.21	86.82	85.61	86.54	397
2026-04-24 16:00	86.46	86.55	86.05	86.35	111
2026-04-24 20:00	86.35	86.91	86.15	86.23	260
2026-04-25 00:00	86.17	86.53	86.05	86.48	460
2026-04-25 04:00	86.47	86.57	86.13	86.48	54
2026-04-25 08:00	86.70	86.70	86.36	86.45	122
2026-04-25 12:00	86.33	86.67	86.23	86.23	91
2026-04-25 16:00	86.19	86.28	85.48	85.69	184
2026-04-25 20:00	85.74	86.14	85.69	86.12	169
2026-04-26 00:00	86.18	86.36	85.88	85.93	167
2026-04-26 04:00	85.95	86.71	85.95	86.63	436
2026-04-26 08:00	86.67	86.67	86.43	86.51	58
2026-04-26 12:00	86.45	86.57	85.96	86.56	388
2026-04-26 16:00	86.57	87.18	86.46	86.85	285
2026-04-26 20:00	86.95	87.28	86.28	87.10	535
2026-04-27 00:00	86.92	88.03	86.67	87.84	500
2026-04-27 04:00	87.68	87.84	85.25	85.25	242
2026-04-27 08:00	85.26	85.59	85.11	85.28	137
2026-04-27 12:00	85.19	85.80	83.71	84.12	970
2026-04-27 16:00	84.09	84.66	83.88	84.16	1151
2026-04-27 20:00	84.19	84.87	84.15	84.68	531
2026-04-28 00:00	84.84	84.84	83.96	84.19	162
2026-04-28 04:00	84.19	84.40	83.70	83.89	573
2026-04-28 08:00	84.03	84.15	83.29	83.29	201
2026-04-28 12:00	83.44	83.84	83.03	83.46	369
2026-04-28 16:00	83.49	83.98	83.37	83.82	413
2026-04-28 20:00	83.94	84.13	83.63	84.01	415
2026-04-29 00:00	84.05	84.69	83.87	84.63	869
2026-04-29 04:00	84.61	85.01	84.49	84.69	121
2026-04-29 08:00	84.76	85.51	84.38	84.92	615
2026-04-29 12:00	84.76	84.92	83.03	83.23	569
2026-04-29 16:00	83.28	83.58	81.46	82.18	562
2026-04-29 20:00	82.26	83.18	82.25	82.96	180
2026-04-30 00:00	83.11	83.97	82.72	83.10	455
2026-04-30 04:00	83.04	83.35	82.22	83.31	134
2026-04-30 08:00	83.28	83.39	82.80	83.01	57
2026-04-30 12:00	83.07	83.81	82.72	83.40	253
2026-04-30 16:00	83.34	83.40	82.92	83.05	322
2026-04-30 20:00	83.04	83.16	82.82	83.09	182
2026-05-01 00:00	83.11	84.33	83.11	84.01	288
2026-05-01 04:00	83.90	84.21	83.73	83.92	316
2026-05-01 08:00	83.94	84.24	83.78	83.94	144
2026-05-01 12:00	83.98	84.80	83.92	84.45	164
2026-05-01 16:00	84.50	84.57	83.81	83.81	240
2026-05-01 20:00	83.90	83.90	83.36	83.70	334
2026-05-02 00:00	83.75	84.14	83.52	83.90	593
2026-05-02 04:00	83.79	83.90	83.60	83.75	114
2026-05-02 08:00	83.68	84.14	83.56	83.70	65
2026-05-02 12:00	83.78	84.06	83.70	83.96	369
2026-05-02 16:00	84.05	84.27	83.95	84.22	214
2026-05-02 20:00	84.20	84.92	84.09	84.45	296
2026-05-03 00:00	84.28	84.45	83.59	83.69	102
2026-05-03 04:00	83.66	84.01	83.61	83.95	162
2026-05-03 08:00	83.90	84.10	83.84	84.07	31
2026-05-03 12:00	84.02	84.47	84.02	84.10	358
2026-05-03 16:00	84.18	84.44	84.02	84.44	206
2026-05-03 20:00	84.41	84.93	83.88	83.95	1143
2026-05-04 00:00	83.86	85.57	83.39	85.39	1748
2026-05-04 04:00	85.45	85.86	84.62	84.89	269
2026-05-04 08:00	84.86	85.19	83.31	84.01	409
2026-05-04 12:00	83.94	85.25	83.65	84.56	1503
2026-05-04 16:00	84.48	85.14	84.06	84.42	237
2026-05-04 20:00	84.39	84.52	84.08	84.10	574
2026-05-05 00:00	84.07	84.90	84.07	84.81	940
2026-05-05 04:00	84.80	85.08	84.61	84.90	222
2026-05-05 08:00	84.85	84.95	84.49	84.83	197
2026-05-05 12:00	84.97	86.05	84.83	85.52	1016
2026-05-05 16:00	85.55	86.53	85.11	86.53	689
2026-05-05 20:00	86.53	86.92	86.17	86.36	865
2026-05-06 00:00	86.33	87.57	86.13	87.37	4966
2026-05-06 04:00	87.36	87.86	86.71	87.75	1594
2026-05-06 08:00	87.72	89.97	87.72	89.86	958
2026-05-06 12:00	89.88	89.89	87.52	89.00	714
2026-05-06 16:00	88.96	89.44	88.54	89.25	459
2026-05-06 20:00	89.28	89.58	88.72	89.13	1137
2026-05-07 00:00	89.14	89.27	87.68	87.97	484
2026-05-07 04:00	87.79	90.42	87.76	90.20	306
2026-05-07 08:00	90.19	90.19	88.83	89.52	121
2026-05-07 12:00	89.50	90.09	87.84	88.53	552
2026-05-07 16:00	88.41	89.04	88.01	88.45	328
2026-05-07 20:00	88.44	88.82	87.71	88.42	472
2026-05-08 00:00	88.46	88.64	87.69	88.25	816
2026-05-08 04:00	88.28	88.42	87.72	88.19	512
2026-05-08 08:00	88.26	88.74	88.06	88.57	151
2026-05-08 12:00	88.66	89.61	88.07	89.51	1256
2026-05-08 16:00	89.48	92.76	89.40	92.61	1412
2026-05-08 20:00	92.67	92.75	91.71	91.94	1685
2026-05-09 00:00	91.92	93.87	91.92	93.72	2487
2026-05-09 04:00	93.82	94.13	92.92	93.75	2120
2026-05-09 08:00	93.75	93.93	93.11	93.58	91
2026-05-09 12:00	93.71	93.75	92.41	92.82	599
2026-05-09 16:00	92.97	93.61	92.74	93.52	419
2026-05-09 20:00	93.48	93.60	93.06	93.15	441
2026-05-10 00:00	93.05	93.48	92.66	93.45	641
2026-05-10 04:00	93.32	93.61	93.18	93.47	553
2026-05-10 08:00	93.44	94.75	93.05	93.51	449
2026-05-10 12:00	93.51	94.70	93.26	94.56	1183
2026-05-10 16:00	94.49	96.90	94.24	96.43	1978
2026-05-10 20:00	96.48	96.84	93.50	96.38	1276
2026-05-11 00:00	96.53	96.60	93.32	94.83	1782
2026-05-11 04:00	94.73	96.15	94.50	95.37	235
2026-05-11 08:00	95.30	95.55	94.66	95.14	130
2026-05-11 12:00	95.29	96.78	94.38	96.63	997
2026-05-11 16:00	96.68	98.40	96.68	98.19	1069
2026-05-11 20:00	98.20	98.40	97.14	97.45	287
2026-05-12 00:00	97.36	97.69	95.63	96.16	395
2026-05-12 04:00	96.16	96.97	95.87	96.32	357
2026-05-12 08:00	95.96	96.08	94.66	94.94	598
2026-05-12 12:00	94.95	95.54	93.65	93.89	1923
2026-05-12 16:00	93.99	95.02	93.64	94.93	749
2026-05-12 20:00	94.94	95.03	94.29	94.32	370
2026-05-13 00:00	94.12	95.55	94.09	95.55	392
2026-05-13 04:00	95.58	96.00	94.88	95.25	493
2026-05-13 08:00	95.22	95.90	94.25	94.25	426
2026-05-13 12:00	94.53	94.54	90.31	90.35	2704
2026-05-13 16:00	90.50	91.39	90.50	91.00	770
2026-05-13 20:00	91.06	91.34	90.62	91.16	209
2026-05-14 00:00	91.25	91.40	89.88	90.00	506
2026-05-14 04:00	89.99	91.65	89.90	91.05	654
2026-05-14 08:00	90.99	91.17	90.66	90.79	103
2026-05-14 12:00	90.65	93.24	90.65	93.20	469
2026-05-14 16:00	93.24	93.62	92.40	92.89	566
2026-05-14 20:00	92.95	92.97	92.15	92.17	282
2026-05-15 00:00	92.17	92.64	91.54	92.01	715
2026-05-15 04:00	92.02	92.02	90.28	91.64	873
2026-05-15 08:00	91.56	91.62	90.98	91.20	490
2026-05-15 12:00	91.13	91.20	88.54	89.12	905
2026-05-15 16:00	89.02	90.04	88.85	89.41	591
2026-05-15 20:00	89.49	89.50	89.04	89.21	565
2026-05-16 00:00	89.17	89.44	89.00	89.08	119
2026-05-16 04:00	89.07	89.08	86.90	87.42	2459
2026-05-16 08:00	87.54	87.56	85.56	86.11	867
2026-05-16 12:00	86.08	86.70	86.05	86.65	409
2026-05-16 16:00	86.52	86.94	86.42	86.80	217
2026-05-16 20:00	86.71	86.88	86.51	86.60	65
2026-05-17 00:00	86.66	86.72	85.66	86.50	949
2026-05-17 04:00	86.53	87.27	86.53	87.01	134
2026-05-17 08:00	87.01	87.24	86.68	87.03	346
2026-05-17 12:00	86.91	87.03	86.00	86.41	198
2026-05-17 16:00	86.53	86.92	86.05	86.81	209
2026-05-17 20:00	86.84	86.96	83.71	85.27	2281
2026-05-18 00:00	85.05	85.43	84.48	84.98	451
2026-05-18 04:00	84.98	85.36	84.39	84.72	223
2026-05-18 08:00	84.83	85.27	84.15	85.00	459
2026-05-18 12:00	85.03	85.81	83.59	84.33	344
2026-05-18 16:00	84.17	85.20	83.51	85.03	632
2026-05-18 20:00	85.08	85.80	84.89	85.41	234
2026-05-19 00:00	85.39	85.94	84.68	85.18	291
2026-05-19 04:00	85.13	85.64	84.54	85.62	134
2026-05-19 08:00	85.57	85.60	84.39	84.45	434
2026-05-19 12:00	84.52	85.08	83.77	84.39	284
2026-05-19 16:00	84.32	84.99	84.23	84.40	964
2026-05-19 20:00	84.31	84.67	84.04	84.44	299
2026-05-20 00:00	84.36	84.50	83.89	84.15	445
2026-05-20 04:00	84.19	85.10	83.95	84.73	119
2026-05-20 08:00	84.80	85.22	84.63	84.69	304
2026-05-20 12:00	84.69	86.24	84.30	85.88	813
2026-05-20 16:00	86.11	87.05	85.56	86.16	797
2026-05-20 20:00	86.13	86.31	85.67	86.14	238
2026-05-21 00:00	86.16	87.00	86.13	86.91	247
2026-05-21 04:00	86.86	87.18	86.27	86.68	505
2026-05-21 08:00	86.68	87.20	85.61	85.65	425
2026-05-21 12:00	85.58	86.87	85.42	86.45	317
2026-05-21 16:00	86.54	87.96	86.15	87.82	741
2026-05-21 20:00	87.89	87.91	87.09	87.26	1084
2026-05-22 00:00	87.26	87.30	86.58	87.03	313
2026-05-22 04:00	87.20	87.36	86.53	87.01	375
2026-05-22 08:00	86.98	87.52	86.72	87.34	168
2026-05-22 12:00	87.33	87.86	86.31	86.68	564
2026-05-22 16:00	86.76	87.19	84.05	84.56	904
2026-05-22 20:00	84.56	85.27	84.07	84.40	422
2026-05-23 00:00	84.40	84.71	84.17	84.67	333
2026-05-23 04:00	84.69	84.71	81.55	82.22	1989
2026-05-23 08:00	82.21	82.43	81.76	82.33	214
2026-05-23 12:00	82.28	84.51	82.16	84.05	514
2026-05-23 16:00	84.17	85.10	84.00	84.88	401
2026-05-23 20:00	84.94	87.46	84.83	85.69	1166
2026-05-24 00:00	85.70	86.20	85.68	85.69	222
2026-05-24 04:00	85.88	86.66	85.69	86.09	258
2026-05-24 08:00	86.12	86.97	86.05	86.63	543
2026-05-24 12:00	86.69	86.71	84.53	85.33	1054
2026-05-24 16:00	85.32	85.80	85.22	85.38	286
2026-05-24 20:00	85.24	85.49	83.73	85.37	475
2026-05-25 00:00	85.32	85.77	84.81	84.89	333
2026-05-25 04:00	84.97	86.16	84.92	85.93	473
2026-05-25 08:00	85.95	86.18	85.73	85.73	233
2026-05-25 12:00	85.76	86.48	85.66	86.26	376
2026-05-25 16:00	86.23	86.42	85.57	85.63	155
2026-05-25 20:00	85.70	85.82	84.73	85.08	191
2026-05-26 00:00	85.08	85.08	83.90	84.21	412
2026-05-26 04:00	84.15	84.83	84.01	84.29	182
2026-05-26 08:00	84.39	85.71	84.34	85.32	247
2026-05-26 12:00	85.23	86.10	84.10	84.39	11520
2026-05-26 16:00	84.37	84.41	83.19	83.86	450
2026-05-26 20:00	83.76	83.97	83.56	83.66	204
2026-05-27 00:00	83.90	84.14	83.55	83.65	701
2026-05-27 04:00	83.64	84.16	82.90	84.16	264
2026-05-27 08:00	84.17	84.36	83.64	83.96	360
2026-05-27 12:00	83.95	84.80	83.04	84.45	460
2026-05-27 16:00	84.61	84.73	83.29	83.91	287
2026-05-27 20:00	83.95	84.07	82.17	82.46	644
2026-05-28 00:00	82.48	82.75	80.56	80.76	1163
2026-05-28 04:00	80.70	81.31	80.00	81.16	347
2026-05-28 08:00	81.21	81.30	80.62	80.88	113
2026-05-28 12:00	80.81	81.57	80.05	81.12	338
2026-05-28 16:00	81.08	82.96	80.97	82.21	394
2026-05-28 20:00	82.20	82.65	81.78	82.03	329
2026-05-29 00:00	82.20	82.46	81.54	81.64	422
2026-05-29 04:00	81.54	82.42	81.47	82.27	619
2026-05-29 08:00	82.37	82.58	81.59	81.67	106
2026-05-29 12:00	81.76	81.77	81.68	81.69	8