variant,timeframe,period,entry_time,exit_time,direction,entry_price,exit_price,gross_pnl_pips,cost_pips,net_pnl_pips,holding_bars,short_window,long_window,entry_delay_bars,exit_reason
baseline_long_short,60m,full_2023_2025,2023-01-01 22:00:00,2023-01-04 17:00:00,short,130.925,132.003,-107.79999999999745,1.0,-108.79999999999745,67,20,80,0,signal_flip
baseline_long_short,60m,full_2023_2025,2023-01-04 17:00:00,2023-01-09 07:00:00,long,132.003,131.803,-19.999999999998863,1.0,-20.999999999998863,62,20,80,0,signal_flip
baseline_long_short,60m,full_2023_2025,2023-01-09 07:00:00,2023-01-11 13:00:00,short,131.803,132.768,-96.50000000000034,1.0,-97.50000000000034,54,20,80,0,signal_flip
baseline_long_short,60m,full_2023_2025,2023-01-11 13:00:00,2023-01-12 10:00:00,long,132.768,130.957,-181.1000000000007,1.0,-182.1000000000007,21,20,80,0,signal_flip
baseline_long_short,60m,full_2023_2025,2023-01-12 10:00:00,2023-01-17 20:00:00,short,130.957,128.336,262.0999999999981,1.0,261.0999999999981,82,20,80,0,signal_flip
baseline_long_short,60m,full_2023_2025,2023-01-17 20:00:00,2023-01-19 06:00:00,long,128.336,127.979,-35.70000000000135,1.0,-36.70000000000135,34,20,80,0,signal_flip
baseline_long_short,60m,full_2023_2025,2023-01-19 06:00:00,2023-01-20 11:00:00,short,127.979,129.628,-164.89999999999867,1.0,-165.89999999999867,29,20,80,0,signal_flip
baseline_long_short,60m,full_2023_2025,2023-01-20 11:00:00,2023-01-25 18:00:00,long,129.628,129.613,-1.4999999999986358,1.0,-2.4999999999986358,79,20,80,0,signal_flip
baseline_long_short,60m,full_2023_2025,2023-01-25 18:00:00,2023-01-27 04:00:00,short,129.613,129.86,-24.70000000000141,1.0,-25.70000000000141,34,20,80,0,signal_flip
baseline_long_short,60m,full_2023_2025,2023-01-27 04:00:00,2023-01-27 15:00:00,long,129.86,129.882,2.199999999999136,1.0,1.199999999999136,11,20,80,0,signal_flip
baseline_long_short,60m,full_2023_2025,2023-01-27 15:00:00,2023-01-29 23:00:00,short,129.882,129.803,7.900000000000773,1.0,6.900000000000773,8,20,80,0,signal_flip
baseline_long_short,60m,full_2023_2025,2023-01-29 23:00:00,2023-01-30 06:00:00,long,129.803,129.636,-16.70000000000016,1.0,-17.70000000000016,7,20,80,0,signal_flip
baseline_long_short,60m,full_2023_2025,2023-01-30 06:00:00,2023-01-30 09:00:00,short,129.636,130.127,-49.10000000000139,1.0,-50.10000000000139,3,20,80,0,signal_flip
baseline_long_short,60m,full_2023_2025,2023-01-30 09:00:00,2023-02-01 12:00:00,long,130.127,129.806,-32.099999999999795,1.0,-33.099999999999795,51,20,80,0,signal_flip
baseline_long_short,60m,full_2023_2025,2023-02-01 12:00:00,2023-02-03 20:00:00,short,129.806,131.057,-125.09999999999764,1.0,-126.09999999999764,56,20,80,0,signal_flip
baseline_long_short,60m,full_2023_2025,2023-02-03 20:00:00,2023-02-08 08:00:00,long,131.057,130.886,-17.099999999999227,1.0,-18.099999999999227,60,20,80,0,signal_flip
baseline_long_short,60m,full_2023_2025,2023-02-08 08:00:00,2023-02-10 12:00:00,short,130.886,130.832,5.400000000000205,1.0,4.400000000000205,52,20,80,0,signal_flip
baseline_long_short,60m,full_2023_2025,2023-02-10 12:00:00,2023-02-13 02:00:00,long,130.832,131.677,84.49999999999989,1.0,83.49999999999989,14,20,80,0,signal_flip
baseline_long_short,60m,full_2023_2025,2023-02-13 02:00:00,2023-02-13 04:00:00,short,131.677,132.024,-34.70000000000084,1.0,-35.70000000000084,2,20,80,0,signal_flip
baseline_long_short,60m,full_2023_2025,2023-02-13 04:00:00,2023-02-20 17:00:00,long,132.024,134.095,207.0999999999998,1.0,206.0999999999998,133,20,80,0,signal_flip
baseline_long_short,60m,full_2023_2025,2023-02-20 17:00:00,2023-02-21 07:00:00,short,134.095,134.502,-40.70000000000107,1.0,-41.70000000000107,14,20,80,0,signal_flip
baseline_long_short,60m,full_2023_2025,2023-02-21 07:00:00,2023-02-24 08:00:00,long,134.502,134.837,33.499999999997954,1.0,32.499999999997954,73,20,80,0,signal_flip
baseline_long_short,60m,full_2023_2025,2023-02-24 08:00:00,2023-02-24 13:00:00,short,134.837,135.661,-82.40000000000123,1.0,-83.40000000000123,5,20,80,0,signal_flip
baseline_long_short,60m,full_2023_2025,2023-02-24 13:00:00,2023-03-01 12:00:00,long,135.661,135.338,-32.30000000000075,1.0,-33.30000000000075,71,20,80,0,signal_flip
baseline_long_short,60m,full_2023_2025,2023-03-01 12:00:00,2023-03-02 10:00:00,short,135.338,136.469,-113.10000000000002,1.0,-114.10000000000002,22,20,80,0,signal_flip
baseline_long_short,60m,full_2023_2025,2023-03-02 10:00:00,2023-03-03 20:00:00,long,136.469,135.837,-63.2000000000005,1.0,-64.2000000000005,34,20,80,0,signal_flip
baseline_long_short,60m,full_2023_2025,2023-03-03 20:00:00,2023-03-07 20:00:00,short,135.837,137.105,-126.80000000000007,1.0,-127.80000000000007,48,20,80,0,signal_flip
baseline_long_short,60m,full_2023_2025,2023-03-07 20:00:00,2023-03-09 18:00:00,long,137.105,136.226,-87.89999999999907,1.0,-88.89999999999907,46,20,80,0,signal_flip
baseline_long_short,60m,full_2023_2025,2023-03-09 18:00:00,2023-03-22 01:00:00,short,136.226,132.526,369.99999999999886,1.0,368.99999999999886,200,20,80,0,signal_flip
baseline_long_short,60m,full_2023_2025,2023-03-22 01:00:00,2023-03-23 04:00:00,long,132.526,130.617,-190.90000000000202,1.0,-191.90000000000202,27,20,80,0,signal_flip
baseline_long_short,60m,full_2023_2025,2023-03-23 04:00:00,2023-03-27 17:00:00,short,130.617,131.6,-98.30000000000041,1.0,-99.30000000000041,61,20,80,0,signal_flip
baseline_long_short,60m,full_2023_2025,2023-03-27 17:00:00,2023-03-28 19:00:00,long,131.6,130.783,-81.70000000000073,1.0,-82.70000000000073,26,20,80,0,signal_flip
baseline_long_short,60m,full_2023_2025,2023-03-28 19:00:00,2023-03-28 23:00:00,short,130.783,130.859,-7.600000000002183,1.0,-8.600000000002183,4,20,80,0,signal_flip
baseline_long_short,60m,full_2023_2025,2023-03-28 23:00:00,2023-04-04 01:00:00,long,130.859,132.553,169.39999999999884,1.0,168.39999999999884,98,20,80,0,signal_flip
baseline_long_short,60m,full_2023_2025,2023-04-04 01:00:00,2023-04-07 08:00:00,short,132.553,131.883,66.99999999999875,1.0,65.99999999999875,79,20,80,0,signal_flip
baseline_long_short,60m,full_2023_2025,2023-04-07 08:00:00,2023-04-13 06:00:00,long,131.883,133.294,141.10000000000014,1.0,140.10000000000014,94,20,80,0,signal_flip
baseline_long_short,60m,full_2023_2025,2023-04-13 06:00:00,2023-04-17 01:00:00,short,133.294,133.842,-54.80000000000018,1.0,-55.80000000000018,43,20,80,0,signal_flip
baseline_long_short,60m,full_2023_2025,2023-04-17 01:00:00,2023-04-20 23:00:00,long,133.842,134.169,32.69999999999982,1.0,31.699999999999818,94,20,80,0,signal_flip
baseline_long_short,60m,full_2023_2025,2023-04-20 23:00:00,2023-04-24 18:00:00,short,134.169,134.348,-17.900000000000205,1.0,-18.900000000000205,43,20,80,0,signal_flip
baseline_long_short,60m,full_2023_2025,2023-04-24 18:00:00,2023-04-25 13:00:00,long,134.348,133.927,-42.10000000000207,1.0,-43.10000000000207,19,20,80,0,signal_flip
baseline_long_short,60m,full_2023_2025,2023-04-25 13:00:00,2023-04-27 23:00:00,short,133.927,133.913,1.3999999999981583,1.0,0.3999999999981583,58,20,80,0,signal_flip
baseline_long_short,60m,full_2023_2025,2023-04-27 23:00:00,2023-05-03 07:00:00,long,133.913,135.87,195.69999999999936,1.0,194.69999999999936,80,20,80,0,signal_flip
baseline_long_short,60m,full_2023_2025,2023-05-03 07:00:00,2023-05-08 07:00:00,short,135.87,134.777,109.30000000000177,1.0,108.30000000000177,72,20,80,0,signal_flip
baseline_long_short,60m,full_2023_2025,2023-05-08 07:00:00,2023-05-10 19:00:00,long,134.777,134.255,-52.199999999999136,1.0,-53.199999999999136,60,20,80,0,signal_flip
baseline_long_short,60m,full_2023_2025,2023-05-10 19:00:00,2023-05-12 16:00:00,short,134.255,135.628,-137.29999999999905,1.0,-138.29999999999905,45,20,80,0,signal_flip
baseline_long_short,60m,full_2023_2025,2023-05-12 16:00:00,2023-05-22 11:00:00,long,135.628,137.969,234.10000000000082,1.0,233.10000000000082,139,20,80,0,signal_flip
baseline_long_short,60m,full_2023_2025,2023-05-22 11:00:00,2023-05-22 16:00:00,short,137.969,138.657,-68.80000000000166,1.0,-69.80000000000166,5,20,80,0,signal_flip
baseline_long_short,60m,full_2023_2025,2023-05-22 16:00:00,2023-05-30 17:00:00,long,138.657,139.919,126.20000000000005,1.0,125.20000000000005,145,20,80,0,signal_flip
baseline_long_short,60m,full_2023_2025,2023-05-30 17:00:00,2023-06-05 00:00:00,short,139.919,140.213,-29.399999999998272,1.0,-30.399999999998272,79,20,80,0,signal_flip
baseline_long_short,60m,full_2023_2025,2023-06-05 00:00:00,2023-06-07 03:00:00,long,140.213,139.189,-102.40000000000009,1.0,-103.40000000000009,51,20,80,0,signal_flip
baseline_long_short,60m,full_2023_2025,2023-06-07 03:00:00,2023-06-08 02:00:00,short,139.189,139.916,-72.70000000000039,1.0,-73.70000000000039,23,20,80,0,signal_flip
baseline_long_short,60m,full_2023_2025,2023-06-08 02:00:00,2023-06-08 18:00:00,long,139.916,138.937,-97.8999999999985,1.0,-98.8999999999985,16,20,80,0,signal_flip
baseline_long_short,60m,full_2023_2025,2023-06-08 18:00:00,2023-06-12 21:00:00,short,138.937,139.589,-65.19999999999868,1.0,-66.19999999999868,51,20,80,0,signal_flip
baseline_long_short,60m,full_2023_2025,2023-06-12 21:00:00,2023-06-12 22:00:00,long,139.589,139.578,-1.099999999999568,1.0,-2.099999999999568,1,20,80,0,signal_flip
baseline_long_short,60m,full_2023_2025,2023-06-12 22:00:00,2023-06-12 23:00:00,short,139.578,139.553,2.5000000000005684,1.0,1.5000000000005684,1,20,80,0,signal_flip
baseline_long_short,60m,full_2023_2025,2023-06-12 23:00:00,2023-06-21 03:00:00,long,139.553,141.618,206.49999999999977,1.0,205.49999999999977,148,20,80,0,signal_flip
baseline_long_short,60m,full_2023_2025,2023-06-21 03:00:00,2023-06-21 14:00:00,short,141.618,142.25,-63.2000000000005,1.0,-64.2000000000005,11,20,80,0,signal_flip
baseline_long_short,60m,full_2023_2025,2023-06-21 14:00:00,2023-07-04 09:00:00,long,142.25,144.384,213.3999999999986,1.0,212.3999999999986,211,20,80,0,signal_flip
baseline_long_short,60m,full_2023_2025,2023-07-04 09:00:00,2023-07-17 05:00:00,short,144.384,138.624,575.9999999999991,1.0,574.9999999999991,212,20,80,0,signal_flip
baseline_long_short,60m,full_2023_2025,2023-07-17 05:00:00,2023-07-26 02:00:00,long,138.624,141.157,253.30000000000155,1.0,252.30000000000155,165,20,80,0,signal_flip
baseline_long_short,60m,full_2023_2025,2023-07-26 02:00:00,2023-07-31 01:00:00,short,141.157,140.896,26.10000000000241,1.0,25.10000000000241,71,20,80,0,signal_flip
baseline_long_short,60m,full_2023_2025,2023-07-31 01:00:00,2023-08-03 22:00:00,long,140.896,142.52,162.40000000000236,1.0,161.40000000000236,93,20,80,0,signal_flip
baseline_long_short,60m,full_2023_2025,2023-08-03 22:00:00,2023-08-08 04:00:00,short,142.52,143.333,-81.29999999999882,1.0,-82.29999999999882,54,20,80,0,signal_flip
baseline_long_short,60m,full_2023_2025,2023-08-08 04:00:00,2023-08-18 07:00:00,long,143.333,145.372,203.90000000000157,1.0,202.90000000000157,195,20,80,0,signal_flip
baseline_long_short,60m,full_2023_2025,2023-08-18 07:00:00,2023-08-21 21:00:00,short,145.372,146.197,-82.49999999999886,1.0,-83.49999999999886,38,20,80,0,signal_flip
baseline_long_short,60m,full_2023_2025,2023-08-21 21:00:00,2023-08-23 11:00:00,long,146.197,145.447,-75.0,1.0,-76.0,38,20,80,0,signal_flip
baseline_long_short,60m,full_2023_2025,2023-08-23 11:00:00,2023-08-25 00:00:00,short,145.447,146.051,-60.3999999999985,1.0,-61.3999999999985,37,20,80,0,signal_flip
baseline_long_short,60m,full_2023_2025,2023-08-25 00:00:00,2023-08-30 01:00:00,long,146.051,145.907,-14.399999999997704,1.0,-15.399999999997704,73,20,80,0,signal_flip
baseline_long_short,60m,full_2023_2025,2023-08-30 01:00:00,2023-09-04 05:00:00,short,145.907,146.157,-25.0,1.0,-26.0,76,20,80,0,signal_flip
baseline_long_short,60m,full_2023_2025,2023-09-04 05:00:00,2023-09-08 01:00:00,long,146.157,146.916,75.89999999999861,1.0,74.89999999999861,92,20,80,0,signal_flip
baseline_long_short,60m,full_2023_2025,2023-09-08 01:00:00,2023-09-12 23:00:00,short,146.916,147.058,-14.19999999999959,1.0,-15.19999999999959,70,20,80,0,signal_flip
baseline_long_short,60m,full_2023_2025,2023-09-12 23:00:00,2023-09-22 00:00:00,long,147.058,147.646,58.799999999999386,1.0,57.799999999999386,169,20,80,0,signal_flip
baseline_long_short,60m,full_2023_2025,2023-09-22 00:00:00,2023-09-22 13:00:00,short,147.646,148.251,-60.50000000000182,1.0,-61.50000000000182,13,20,80,0,signal_flip
baseline_long_short,60m,full_2023_2025,2023-09-22 13:00:00,2023-10-01 21:00:00,long,148.251,149.606,135.49999999999898,1.0,134.49999999999898,128,20,80,0,signal_flip
baseline_long_short,60m,full_2023_2025,2023-10-01 21:00:00,2023-10-02 01:00:00,short,149.606,149.683,-7.699999999999818,1.0,-8.699999999999818,4,20,80,0,signal_flip
baseline_long_short,60m,full_2023_2025,2023-10-02 01:00:00,2023-10-03 23:00:00,long,149.683,149.11,-57.29999999999791,1.0,-58.29999999999791,46,20,80,0,signal_flip
baseline_long_short,60m,full_2023_2025,2023-10-03 23:00:00,2023-10-06 19:00:00,short,149.11,149.338,-22.799999999998022,1.0,-23.799999999998022,68,20,80,0,signal_flip
baseline_long_short,60m,full_2023_2025,2023-10-06 19:00:00,2023-10-09 23:00:00,long,149.338,148.415,-92.30000000000018,1.0,-93.30000000000018,28,20,80,0,signal_flip
baseline_long_short,60m,full_2023_2025,2023-10-09 23:00:00,2023-10-11 21:00:00,short,148.415,149.152,-73.69999999999948,1.0,-74.69999999999948,46,20,80,0,signal_flip
baseline_long_short,60m,full_2023_2025,2023-10-11 21:00:00,2023-10-23 23:00:00,long,149.152,149.688,53.600000000000136,1.0,52.600000000000136,194,20,80,0,signal_flip
baseline_long_short,60m,full_2023_2025,2023-10-23 23:00:00,2023-10-25 04:00:00,short,149.688,149.846,-15.800000000001546,1.0,-16.800000000001546,29,20,80,0,signal_flip
baseline_long_short,60m,full_2023_2025,2023-10-25 04:00:00,2023-10-27 18:00:00,long,149.846,149.52,-32.59999999999934,1.0,-33.59999999999934,62,20,80,0,signal_flip
baseline_long_short,60m,full_2023_2025,2023-10-27 18:00:00,2023-10-31 15:00:00,short,149.52,151.258,-173.79999999999995,1.0,-174.79999999999995,45,20,80,0,signal_flip
baseline_long_short,60m,full_2023_2025,2023-10-31 15:00:00,2023-11-02 15:00:00,long,151.258,150.288,-96.99999999999989,1.0,-97.99999999999989,48,20,80,0,signal_flip
baseline_long_short,60m,full_2023_2025,2023-11-02 15:00:00,2023-11-07 09:00:00,short,150.288,150.331,-4.2999999999977945,1.0,-5.2999999999977945,65,20,80,0,signal_flip
baseline_long_short,60m,full_2023_2025,2023-11-07 09:00:00,2023-11-14 19:00:00,long,150.331,150.534,20.300000000000296,1.0,19.300000000000296,130,20,80,0,signal_flip
baseline_long_short,60m,full_2023_2025,2023-11-14 19:00:00,2023-11-16 10:00:00,short,150.534,151.275,-74.10000000000139,1.0,-75.10000000000139,39,20,80,0,signal_flip
baseline_long_short,60m,full_2023_2025,2023-11-16 10:00:00,2023-11-16 16:00:00,long,151.275,150.407,-86.7999999999995,1.0,-87.7999999999995,6,20,80,0,signal_flip
baseline_long_short,60m,full_2023_2025,2023-11-16 16:00:00,2023-11-22 15:00:00,short,150.407,149.352,105.50000000000068,1.0,104.50000000000068,95,20,80,0,signal_flip
baseline_long_short,60m,full_2023_2025,2023-11-22 15:00:00,2023-11-27 11:00:00,long,149.352,148.989,-36.299999999999955,1.0,-37.299999999999955,68,20,80,0,signal_flip
baseline_long_short,60m,full_2023_2025,2023-11-27 11:00:00,2023-12-01 01:00:00,short,148.989,147.765,122.4000000000018,1.0,121.4000000000018,85,20,80,0,signal_flip
baseline_long_short,60m,full_2023_2025,2023-12-01 01:00:00,2023-12-04 01:00:00,long,147.765,146.5,-126.49999999999864,1.0,-127.49999999999864,24,20,80,0,signal_flip
baseline_long_short,60m,full_2023_2025,2023-12-04 01:00:00,2023-12-06 10:00:00,short,146.5,147.318,-81.8000000000012,1.0,-82.8000000000012,57,20,80,0,signal_flip
baseline_long_short,60m,full_2023_2025,2023-12-06 10:00:00,2023-12-07 08:00:00,long,147.318,145.713,-160.50000000000182,1.0,-161.50000000000182,22,20,80,0,signal_flip
baseline_long_short,60m,full_2023_2025,2023-12-07 08:00:00,2023-12-11 13:00:00,short,145.713,146.36,-64.70000000000198,1.0,-65.70000000000198,53,20,80,0,signal_flip
baseline_long_short,60m,full_2023_2025,2023-12-11 13:00:00,2023-12-13 18:00:00,long,146.36,145.172,-118.80000000000166,1.0,-119.80000000000166,53,20,80,0,signal_flip
baseline_long_short,60m,full_2023_2025,2023-12-13 18:00:00,2023-12-18 18:00:00,short,145.172,142.919,225.2999999999986,1.0,224.2999999999986,72,20,80,0,signal_flip
baseline_long_short,60m,full_2023_2025,2023-12-18 18:00:00,2023-12-21 11:00:00,long,142.919,143.018,9.899999999998954,1.0,8.899999999998954,65,20,80,0,signal_flip
baseline_long_short,60m,full_2023_2025,2023-12-21 11:00:00,2023-12-27 01:00:00,short,143.018,142.709,30.89999999999975,1.0,29.89999999999975,71,20,80,0,signal_flip
baseline_long_short,60m,full_2023_2025,2023-12-27 01:00:00,2023-12-27 23:00:00,long,142.709,141.605,-110.40000000000134,1.0,-111.40000000000134,22,20,80,0,signal_flip
baseline_long_short,60m,full_2023_2025,2023-12-27 23:00:00,2024-01-02 17:00:00,short,141.605,141.891,-28.600000000000136,1.0,-29.600000000000136,66,20,80,0,signal_flip
baseline_long_short,60m,full_2023_2025,2024-01-02 17:00:00,2024-01-08 22:00:00,long,141.891,144.223,233.2000000000022,1.0,232.2000000000022,101,20,80,0,signal_flip
baseline_long_short,60m,full_2023_2025,2024-01-08 22:00:00,2024-01-10 07:00:00,short,144.223,145.065,-84.19999999999845,1.0,-85.19999999999845,33,20,80,0,signal_flip
baseline_long_short,60m,full_2023_2025,2024-01-10 07:00:00,2024-01-12 17:00:00,long,145.065,144.854,-21.09999999999843,1.0,-22.09999999999843,58,20,80,0,signal_flip
baseline_long_short,60m,full_2023_2025,2024-01-12 17:00:00,2024-01-15 16:00:00,short,144.854,145.79,-93.59999999999786,1.0,-94.59999999999786,23,20,80,0,signal_flip
baseline_long_short,60m,full_2023_2025,2024-01-15 16:00:00,2024-01-22 12:00:00,long,145.79,147.887,209.70000000000084,1.0,208.70000000000084,116,20,80,0,signal_flip
baseline_long_short,60m,full_2023_2025,2024-01-22 12:00:00,2024-01-24 01:00:00,short,147.887,148.112,-22.49999999999943,1.0,-23.49999999999943,37,20,80,0,signal_flip
baseline_long_short,60m,full_2023_2025,2024-01-24 01:00:00,2024-01-24 13:00:00,long,148.112,147.294,-81.79999999999836,1.0,-82.79999999999836,12,20,80,0,signal_flip
baseline_long_short,60m,full_2023_2025,2024-01-24 13:00:00,2024-01-26 19:00:00,short,147.294,148.135,-84.09999999999798,1.0,-85.09999999999798,54,20,80,0,signal_flip
baseline_long_short,60m,full_2023_2025,2024-01-26 19:00:00,2024-01-30 01:00:00,long,148.135,147.298,-83.69999999999891,1.0,-84.69999999999891,30,20,80,0,signal_flip
baseline_long_short,60m,full_2023_2025,2024-01-30 01:00:00,2024-02-02 20:00:00,short,147.298,148.328,-103.00000000000011,1.0,-104.00000000000011,91,20,80,0,signal_flip
baseline_long_short,60m,full_2023_2025,2024-02-02 20:00:00,2024-02-07 08:00:00,long,148.328,147.819,-50.900000000001455,1.0,-51.900000000001455,60,20,80,0,signal_flip
baseline_long_short,60m,full_2023_2025,2024-02-07 08:00:00,2024-02-08 11:00:00,short,147.819,149.1,-128.1000000000006,1.0,-129.1000000000006,27,20,80,0,signal_flip
baseline_long_short,60m,full_2023_2025,2024-02-08 11:00:00,2024-02-15 20:00:00,long,149.1,149.954,85.40000000000134,1.0,84.40000000000134,129,20,80,0,signal_flip
baseline_long_short,60m,full_2023_2025,2024-02-15 20:00:00,2024-02-20 05:00:00,short,149.954,150.333,-37.89999999999907,1.0,-38.89999999999907,57,20,80,0,signal_flip
baseline_long_short,60m,full_2023_2025,2024-02-20 05:00:00,2024-02-20 23:00:00,long,150.333,149.936,-39.699999999999136,1.0,-40.699999999999136,18,20,80,0,signal_flip
baseline_long_short,60m,full_2023_2025,2024-02-20 23:00:00,2024-02-21 22:00:00,short,149.936,150.295,-35.899999999998045,1.0,-36.899999999998045,23,20,80,0,signal_flip
baseline_long_short,60m,full_2023_2025,2024-02-21 22:00:00,2024-02-27 14:00:00,long,150.295,150.272,-2.2999999999996135,1.0,-3.2999999999996135,88,20,80,0,signal_flip
baseline_long_short,60m,full_2023_2025,2024-02-27 14:00:00,2024-02-28 10:00:00,short,150.272,150.743,-47.100000000000364,1.0,-48.100000000000364,20,20,80,0,signal_flip
baseline_long_short,60m,full_2023_2025,2024-02-28 10:00:00,2024-02-29 06:00:00,long,150.743,149.903,-84.00000000000034,1.0,-85.00000000000034,20,20,80,0,signal_flip
baseline_long_short,60m,full_2023_2025,2024-02-29 06:00:00,2024-03-01 16:00:00,short,149.903,150.122,-21.90000000000225,1.0,-22.90000000000225,34,20,80,0,signal_flip
baseline_long_short,60m,full_2023_2025,2024-03-01 16:00:00,2024-03-04 02:00:00,long,150.122,150.126,0.39999999999906777,1.0,-0.6000000000009322,10,20,80,0,signal_flip
baseline_long_short,60m,full_2023_2025,2024-03-04 02:00:00,2024-03-04 17:00:00,short,150.126,150.449,-32.30000000000075,1.0,-33.30000000000075,15,20,80,0,signal_flip
baseline_long_short,60m,full_2023_2025,2024-03-04 17:00:00,2024-03-05 22:00:00,long,150.449,150.033,-41.600000000002524,1.0,-42.600000000002524,29,20,80,0,signal_flip
baseline_long_short,60m,full_2023_2025,2024-03-05 22:00:00,2024-03-12 17:00:00,short,150.033,147.701,233.19999999999936,1.0,232.19999999999936,116,20,80,0,signal_flip
baseline_long_short,60m,full_2023_2025,2024-03-12 17:00:00,2024-03-25 06:00:00,long,147.701,151.216,351.5000000000015,1.0,350.5000000000015,205,20,80,0,signal_flip
baseline_long_short,60m,full_2023_2025,2024-03-25 06:00:00,2024-03-25 20:00:00,short,151.216,151.444,-22.799999999998022,1.0,-23.799999999998022,14,20,80,0,signal_flip
baseline_long_short,60m,full_2023_2025,2024-03-25 20:00:00,2024-03-26 12:00:00,long,151.444,151.388,-5.599999999998317,1.0,-6.599999999998317,16,20,80,0,signal_flip
baseline_long_short,60m,full_2023_2025,2024-03-26 12:00:00,2024-03-26 23:00:00,short,151.388,151.527,-13.899999999998158,1.0,-14.899999999998158,11,20,80,0,signal_flip
baseline_long_short,60m,full_2023_2025,2024-03-26 23:00:00,2024-03-28 01:00:00,long,151.527,151.414,-11.299999999999955,1.0,-12.299999999999955,26,20,80,0,signal_flip
baseline_long_short,60m,full_2023_2025,2024-03-28 01:00:00,2024-04-01 14:00:00,short,151.414,151.576,-16.200000000000614,1.0,-17.200000000000614,61,20,80,0,signal_flip
baseline_long_short,60m,full_2023_2025,2024-04-01 14:00:00,2024-04-04 19:00:00,long,151.576,151.201,-37.5,1.0,-38.5,77,20,80,0,signal_flip
baseline_long_short,60m,full_2023_2025,2024-04-04 19:00:00,2024-04-08 03:00:00,short,151.201,151.77,-56.90000000000168,1.0,-57.90000000000168,32,20,80,0,signal_flip
baseline_long_short,60m,full_2023_2025,2024-04-08 03:00:00,2024-04-18 09:00:00,long,151.77,154.354,258.4000000000003,1.0,257.4000000000003,198,20,80,0,signal_flip
baseline_long_short,60m,full_2023_2025,2024-04-18 09:00:00,2024-04-18 23:00:00,short,154.354,154.642,-28.79999999999825,1.0,-29.79999999999825,14,20,80,0,signal_flip
baseline_long_short,60m,full_2023_2025,2024-04-18 23:00:00,2024-04-19 10:00:00,long,154.642,154.485,-15.699999999998226,1.0,-16.699999999998226,11,20,80,0,signal_flip
baseline_long_short,60m,full_2023_2025,2024-04-19 10:00:00,2024-04-21 23:00:00,short,154.485,154.629,-14.399999999997704,1.0,-15.399999999997704,13,20,80,0,signal_flip
baseline_long_short,60m,full_2023_2025,2024-04-21 23:00:00,2024-04-30 00:00:00,long,154.629,156.325,169.5999999999998,1.0,168.5999999999998,145,20,80,0,signal_flip
baseline_long_short,60m,full_2023_2025,2024-04-30 00:00:00,2024-04-30 06:00:00,short,156.325,156.828,-50.30000000000143,1.0,-51.30000000000143,6,20,80,0,signal_flip
baseline_long_short,60m,full_2023_2025,2024-04-30 06:00:00,2024-05-02 01:00:00,long,156.828,156.015,-81.30000000000166,1.0,-82.30000000000166,43,20,80,0,signal_flip
baseline_long_short,60m,full_2023_2025,2024-05-02 01:00:00,2024-05-07 04:00:00,short,156.015,154.551,146.39999999999986,1.0,145.39999999999986,75,20,80,0,signal_flip
baseline_long_short,60m,full_2023_2025,2024-05-07 04:00:00,2024-05-15 16:00:00,long,154.551,155.024,47.30000000000132,1.0,46.30000000000132,156,20,80,0,signal_flip
baseline_long_short,60m,full_2023_2025,2024-05-15 16:00:00,2024-05-17 12:00:00,short,155.024,155.853,-82.90000000000077,1.0,-83.90000000000077,44,20,80,0,signal_flip
baseline_long_short,60m,full_2023_2025,2024-05-17 12:00:00,2024-05-27 17:00:00,long,155.853,156.897,104.39999999999827,1.0,103.39999999999827,149,20,80,0,signal_flip
baseline_long_short,60m,full_2023_2025,2024-05-27 17:00:00,2024-05-28 23:00:00,short,156.897,157.214,-31.700000000000728,1.0,-32.70000000000073,30,20,80,0,signal_flip
baseline_long_short,60m,full_2023_2025,2024-05-28 23:00:00,2024-05-30 17:00:00,long,157.214,156.696,-51.80000000000007,1.0,-52.80000000000007,42,20,80,0,signal_flip
baseline_long_short,60m,full_2023_2025,2024-05-30 17:00:00,2024-06-03 01:00:00,short,156.696,157.087,-39.09999999999911,1.0,-40.09999999999911,32,20,80,0,signal_flip
baseline_long_short,60m,full_2023_2025,2024-06-03 01:00:00,2024-06-03 15:00:00,long,157.087,156.197,-88.99999999999864,1.0,-89.99999999999864,14,20,80,0,signal_flip
baseline_long_short,60m,full_2023_2025,2024-06-03 15:00:00,2024-06-06 09:00:00,short,156.197,156.16,3.700000000000614,1.0,2.700000000000614,66,20,80,0,signal_flip
baseline_long_short,60m,full_2023_2025,2024-06-06 09:00:00,2024-06-07 10:00:00,long,156.16,155.481,-67.9000000000002,1.0,-68.9000000000002,25,20,80,0,signal_flip
baseline_long_short,60m,full_2023_2025,2024-06-07 10:00:00,2024-06-07 13:00:00,short,155.481,156.777,-129.59999999999923,1.0,-130.59999999999923,3,20,80,0,signal_flip
baseline_long_short,60m,full_2023_2025,2024-06-07 13:00:00,2024-06-12 17:00:00,long,156.777,155.799,-97.79999999999802,1.0,-98.79999999999802,76,20,80,0,signal_flip
baseline_long_short,60m,full_2023_2025,2024-06-12 17:00:00,2024-06-13 17:00:00,short,155.799,156.847,-104.80000000000018,1.0,-105.80000000000018,24,20,80,0,signal_flip
baseline_long_short,60m,full_2023_2025,2024-06-13 17:00:00,2024-07-04 10:00:00,long,156.847,161.252,440.5000000000001,1.0,439.5000000000001,353,20,80,0,signal_flip
baseline_long_short,60m,full_2023_2025,2024-07-04 10:00:00,2024-07-09 13:00:00,short,161.252,161.129,12.300000000001887,1.0,11.300000000001887,75,20,80,0,signal_flip
baseline_long_short,60m,full_2023_2025,2024-07-09 13:00:00,2024-07-11 15:00:00,long,161.129,158.554,-257.49999999999886,1.0,-258.49999999999886,50,20,80,0,signal_flip
baseline_long_short,60m,full_2023_2025,2024-07-11 15:00:00,2024-07-16 18:00:00,short,158.554,158.472,8.199999999999363,1.0,7.199999999999363,75,20,80,0,signal_flip
baseline_long_short,60m,full_2023_2025,2024-07-16 18:00:00,2024-07-17 08:00:00,long,158.472,157.07,-140.20000000000152,1.0,-141.20000000000152,14,20,80,0,signal_flip
baseline_long_short,60m,full_2023_2025,2024-07-17 08:00:00,2024-07-19 11:00:00,short,157.07,157.455,-38.50000000000193,1.0,-39.50000000000193,51,20,80,0,signal_flip
baseline_long_short,60m,full_2023_2025,2024-07-19 11:00:00,2024-07-23 00:00:00,long,157.455,156.901,-55.400000000000205,1.0,-56.400000000000205,37,20,80,0,signal_flip
baseline_long_short,60m,full_2023_2025,2024-07-23 00:00:00,2024-07-29 04:00:00,short,156.901,153.517,338.40000000000146,1.0,337.40000000000146,100,20,80,0,signal_flip
baseline_long_short,60m,full_2023_2025,2024-07-29 04:00:00,2024-07-29 05:00:00,long,153.517,153.412,-10.499999999998977,1.0,-11.499999999998977,1,20,80,0,signal_flip
baseline_long_short,60m,full_2023_2025,2024-07-29 05:00:00,2024-07-29 14:00:00,short,153.412,154.174,-76.20000000000005,1.0,-77.20000000000005,9,20,80,0,signal_flip
baseline_long_short,60m,full_2023_2025,2024-07-29 14:00:00,2024-07-31 02:00:00,long,154.174,152.411,-176.30000000000052,1.0,-177.30000000000052,36,20,80,0,signal_flip
baseline_long_short,60m,full_2023_2025,2024-07-31 02:00:00,2024-08-07 09:00:00,short,152.411,147.201,521.0000000000008,1.0,520.0000000000008,127,20,80,0,signal_flip
baseline_long_short,60m,full_2023_2025,2024-08-07 09:00:00,2024-08-12 08:00:00,long,147.201,147.217,1.6000000000019554,1.0,0.6000000000019554,71,20,80,0,signal_flip
baseline_long_short,60m,full_2023_2025,2024-08-12 08:00:00,2024-08-12 10:00:00,short,147.217,147.318,-10.099999999999909,1.0,-11.099999999999909,2,20,80,0,signal_flip
baseline_long_short,60m,full_2023_2025,2024-08-12 10:00:00,2024-08-14 02:00:00,long,147.318,146.867,-45.10000000000218,1.0,-46.10000000000218,40,20,80,0,signal_flip
baseline_long_short,60m,full_2023_2025,2024-08-14 02:00:00,2024-08-15 10:00:00,short,146.867,147.377,-51.00000000000193,1.0,-52.00000000000193,32,20,80,0,signal_flip
baseline_long_short,60m,full_2023_2025,2024-08-15 10:00:00,2024-08-19 05:00:00,long,147.377,146.188,-118.90000000000214,1.0,-119.90000000000214,43,20,80,0,signal_flip
baseline_long_short,60m,full_2023_2025,2024-08-19 05:00:00,2024-08-23 00:00:00,short,146.188,146.208,-2.000000000001023,1.0,-3.000000000001023,91,20,80,0,signal_flip
baseline_long_short,60m,full_2023_2025,2024-08-23 00:00:00,2024-08-23 19:00:00,long,146.208,144.295,-191.3000000000011,1.0,-192.3000000000011,19,20,80,0,signal_flip
baseline_long_short,60m,full_2023_2025,2024-08-23 19:00:00,2024-08-28 19:00:00,short,144.295,144.652,-35.69999999999993,1.0,-36.69999999999993,72,20,80,0,signal_flip
baseline_long_short,60m,full_2023_2025,2024-08-28 19:00:00,2024-09-03 23:00:00,long,144.652,145.332,68.00000000000068,1.0,67.00000000000068,100,20,80,0,signal_flip
baseline_long_short,60m,full_2023_2025,2024-09-03 23:00:00,2024-09-10 02:00:00,short,145.332,143.417,191.4999999999992,1.0,190.4999999999992,99,20,80,0,signal_flip
baseline_long_short,60m,full_2023_2025,2024-09-10 02:00:00,2024-09-10 21:00:00,long,143.417,142.401,-101.59999999999911,1.0,-102.59999999999911,19,20,80,0,signal_flip
baseline_long_short,60m,full_2023_2025,2024-09-10 21:00:00,2024-09-17 19:00:00,short,142.401,141.81,59.10000000000082,1.0,58.10000000000082,118,20,80,0,signal_flip
baseline_long_short,60m,full_2023_2025,2024-09-17 19:00:00,2024-09-25 04:00:00,long,141.81,143.297,148.69999999999948,1.0,147.69999999999948,129,20,80,0,signal_flip
baseline_long_short,60m,full_2023_2025,2024-09-25 04:00:00,2024-09-25 19:00:00,short,143.297,144.681,-138.40000000000146,1.0,-139.40000000000146,15,20,80,0,signal_flip
baseline_long_short,60m,full_2023_2025,2024-09-25 19:00:00,2024-09-27 16:00:00,long,144.681,142.599,-208.2000000000022,1.0,-209.2000000000022,45,20,80,0,signal_flip
baseline_long_short,60m,full_2023_2025,2024-09-27 16:00:00,2024-10-01 09:00:00,short,142.599,143.805,-120.60000000000173,1.0,-121.60000000000173,41,20,80,0,signal_flip
baseline_long_short,60m,full_2023_2025,2024-10-01 09:00:00,2024-10-16 02:00:00,long,143.805,149.026,522.1000000000004,1.0,521.1000000000004,257,20,80,0,signal_flip
baseline_long_short,60m,full_2023_2025,2024-10-16 02:00:00,2024-10-16 19:00:00,short,149.026,149.774,-74.79999999999905,1.0,-75.79999999999905,17,20,80,0,signal_flip
baseline_long_short,60m,full_2023_2025,2024-10-16 19:00:00,2024-10-21 03:00:00,long,149.774,149.221,-55.29999999999973,1.0,-56.29999999999973,56,20,80,0,signal_flip
baseline_long_short,60m,full_2023_2025,2024-10-21 03:00:00,2024-10-21 18:00:00,short,149.221,150.751,-153.0000000000001,1.0,-154.0000000000001,15,20,80,0,signal_flip
baseline_long_short,60m,full_2023_2025,2024-10-21 18:00:00,2024-10-25 09:00:00,long,150.751,151.964,121.29999999999939,1.0,120.29999999999939,87,20,80,0,signal_flip
baseline_long_short,60m,full_2023_2025,2024-10-25 09:00:00,2024-10-27 23:00:00,short,151.964,152.95,-98.599999999999,1.0,-99.599999999999,14,20,80,0,signal_flip
baseline_long_short,60m,full_2023_2025,2024-10-27 23:00:00,2024-10-31 04:00:00,long,152.95,153.05,10.000000000002274,1.0,9.000000000002274,77,20,80,0,signal_flip
baseline_long_short,60m,full_2023_2025,2024-10-31 04:00:00,2024-11-06 06:00:00,short,153.05,153.741,-69.10000000000025,1.0,-70.10000000000025,97,20,80,0,signal_flip
baseline_long_short,60m,full_2023_2025,2024-11-06 06:00:00,2024-11-08 06:00:00,long,153.741,152.801,-94.00000000000261,1.0,-95.00000000000261,48,20,80,0,signal_flip
baseline_long_short,60m,full_2023_2025,2024-11-08 06:00:00,2024-11-11 18:00:00,short,152.801,153.877,-107.60000000000218,1.0,-108.60000000000218,36,20,80,0,signal_flip
baseline_long_short,60m,full_2023_2025,2024-11-11 18:00:00,2024-11-17 22:00:00,long,153.877,154.349,47.199999999998,1.0,46.199999999998,100,20,80,0,signal_flip
baseline_long_short,60m,full_2023_2025,2024-11-17 22:00:00,2024-11-20 10:00:00,short,154.349,155.757,-140.80000000000155,1.0,-141.80000000000155,60,20,80,0,signal_flip
baseline_long_short,60m,full_2023_2025,2024-11-20 10:00:00,2024-11-21 17:00:00,long,155.757,154.652,-110.50000000000182,1.0,-111.50000000000182,31,20,80,0,signal_flip
baseline_long_short,60m,full_2023_2025,2024-11-21 17:00:00,2024-12-04 13:00:00,short,154.652,151.17,348.19999999999993,1.0,347.19999999999993,212,20,80,0,signal_flip
baseline_long_short,60m,full_2023_2025,2024-12-04 13:00:00,2024-12-06 17:00:00,long,151.17,149.79,-137.99999999999955,1.0,-138.99999999999955,52,20,80,0,signal_flip
baseline_long_short,60m,full_2023_2025,2024-12-06 17:00:00,2024-12-09 16:00:00,short,149.79,151.026,-123.60000000000184,1.0,-124.60000000000184,23,20,80,0,signal_flip
baseline_long_short,60m,full_2023_2025,2024-12-09 16:00:00,2024-12-18 04:00:00,long,151.026,153.615,258.89999999999986,1.0,257.89999999999986,156,20,80,0,signal_flip
baseline_long_short,60m,full_2023_2025,2024-12-18 04:00:00,2024-12-18 22:00:00,short,153.615,154.741,-112.60000000000048,1.0,-113.60000000000048,18,20,80,0,signal_flip
baseline_long_short,60m,full_2023_2025,2024-12-18 22:00:00,2024-12-30 20:00:00,long,154.741,157.09,234.89999999999895,1.0,233.89999999999895,176,20,80,0,signal_flip
baseline_long_short,60m,full_2023_2025,2024-12-30 20:00:00,2025-01-03 03:00:00,short,157.09,157.308,-21.79999999999893,1.0,-22.79999999999893,55,20,80,0,signal_flip
baseline_long_short,60m,full_2023_2025,2025-01-03 03:00:00,2025-01-10 04:00:00,long,157.308,158.234,92.60000000000161,1.0,91.60000000000161,121,20,80,0,signal_flip
baseline_long_short,60m,full_2023_2025,2025-01-10 04:00:00,2025-01-10 06:00:00,short,158.234,158.411,-17.69999999999925,1.0,-18.69999999999925,2,20,80,0,signal_flip
baseline_long_short,60m,full_2023_2025,2025-01-10 06:00:00,2025-01-10 18:00:00,long,158.411,157.668,-74.2999999999995,1.0,-75.2999999999995,12,20,80,0,signal_flip
baseline_long_short,60m,full_2023_2025,2025-01-10 18:00:00,2025-01-14 21:00:00,short,157.668,157.981,-31.299999999998818,1.0,-32.29999999999882,51,20,80,0,signal_flip
baseline_long_short,60m,full_2023_2025,2025-01-14 21:00:00,2025-01-15 11:00:00,long,157.981,156.789,-119.20000000000073,1.0,-120.20000000000073,14,20,80,0,signal_flip
baseline_long_short,60m,full_2023_2025,2025-01-15 11:00:00,2025-01-20 10:00:00,short,156.789,156.283,50.60000000000002,1.0,49.60000000000002,71,20,80,0,signal_flip
baseline_long_short,60m,full_2023_2025,2025-01-20 10:00:00,2025-01-21 03:00:00,long,156.283,155.134,-114.90000000000009,1.0,-115.90000000000009,17,20,80,0,signal_flip
baseline_long_short,60m,full_2023_2025,2025-01-21 03:00:00,2025-01-22 17:00:00,short,155.134,156.616,-148.20000000000277,1.0,-149.20000000000277,38,20,80,0,signal_flip
baseline_long_short,60m,full_2023_2025,2025-01-22 17:00:00,2025-01-24 08:00:00,long,156.616,155.382,-123.40000000000089,1.0,-124.40000000000089,39,20,80,0,signal_flip
baseline_long_short,60m,full_2023_2025,2025-01-24 08:00:00,2025-01-28 19:00:00,short,155.382,155.678,-29.599999999999227,1.0,-30.599999999999227,59,20,80,0,signal_flip
baseline_long_short,60m,full_2023_2025,2025-01-28 19:00:00,2025-01-29 17:00:00,long,155.678,155.222,-45.599999999998886,1.0,-46.599999999998886,22,20,80,0,signal_flip
baseline_long_short,60m,full_2023_2025,2025-01-29 17:00:00,2025-02-03 01:00:00,short,155.222,155.698,-47.59999999999991,1.0,-48.59999999999991,56,20,80,0,signal_flip
baseline_long_short,60m,full_2023_2025,2025-02-03 01:00:00,2025-02-05 01:00:00,long,155.698,153.848,-184.99999999999943,1.0,-185.99999999999943,48,20,80,0,signal_flip
baseline_long_short,60m,full_2023_2025,2025-02-05 01:00:00,2025-02-10 22:00:00,short,153.848,151.984,186.40000000000043,1.0,185.40000000000043,93,20,80,0,signal_flip
baseline_long_short,60m,full_2023_2025,2025-02-10 22:00:00,2025-02-11 09:00:00,long,151.984,151.867,-11.700000000001864,1.0,-12.700000000001864,11,20,80,0,signal_flip
baseline_long_short,60m,full_2023_2025,2025-02-11 09:00:00,2025-02-11 10:00:00,short,151.867,151.944,-7.699999999999818,1.0,-8.699999999999818,1,20,80,0,signal_flip
baseline_long_short,60m,full_2023_2025,2025-02-11 10:00:00,2025-02-14 05:00:00,long,151.944,152.63,68.6000000000007,1.0,67.6000000000007,67,20,80,0,signal_flip
baseline_long_short,60m,full_2023_2025,2025-02-14 05:00:00,2025-02-27 18:00:00,short,152.63,149.964,266.5999999999997,1.0,265.5999999999997,229,20,80,0,signal_flip
baseline_long_short,60m,full_2023_2025,2025-02-27 18:00:00,2025-03-04 06:00:00,long,149.964,149.381,-58.29999999999984,1.0,-59.29999999999984,60,20,80,0,signal_flip
baseline_long_short,60m,full_2023_2025,2025-03-04 06:00:00,2025-03-12 00:00:00,short,149.381,148.048,133.29999999999984,1.0,132.29999999999984,139,20,80,0,signal_flip
baseline_long_short,60m,full_2023_2025,2025-03-12 00:00:00,2025-03-20 04:00:00,long,148.048,148.368,31.999999999999318,1.0,30.999999999999318,148,20,80,0,signal_flip
baseline_long_short,60m,full_2023_2025,2025-03-20 04:00:00,2025-03-21 19:00:00,short,148.368,149.215,-84.70000000000084,1.0,-85.70000000000084,39,20,80,0,signal_flip
baseline_long_short,60m,full_2023_2025,2025-03-21 19:00:00,2025-03-30 22:00:00,long,149.215,149.628,41.29999999999825,1.0,40.29999999999825,123,20,80,0,signal_flip
baseline_long_short,60m,full_2023_2025,2025-03-30 22:00:00,2025-04-02 17:00:00,short,149.628,150.191,-56.30000000000166,1.0,-57.30000000000166,67,20,80,0,signal_flip
baseline_long_short,60m,full_2023_2025,2025-04-02 17:00:00,2025-04-02 23:00:00,long,150.191,148.409,-178.20000000000107,1.0,-179.20000000000107,6,20,80,0,signal_flip
baseline_long_short,60m,full_2023_2025,2025-04-02 23:00:00,2025-04-07 22:00:00,short,148.409,147.717,69.19999999999789,1.0,68.19999999999789,71,20,80,0,signal_flip
baseline_long_short,60m,full_2023_2025,2025-04-07 22:00:00,2025-04-09 04:00:00,long,147.717,145.33,-238.70000000000005,1.0,-239.70000000000005,30,20,80,0,signal_flip
baseline_long_short,60m,full_2023_2025,2025-04-09 04:00:00,2025-04-10 09:00:00,short,145.33,146.309,-97.8999999999985,1.0,-98.8999999999985,29,20,80,0,signal_flip
baseline_long_short,60m,full_2023_2025,2025-04-10 09:00:00,2025-04-10 15:00:00,long,146.309,144.663,-164.59999999999866,1.0,-165.59999999999866,6,20,80,0,signal_flip
baseline_long_short,60m,full_2023_2025,2025-04-10 15:00:00,2025-04-23 05:00:00,short,144.663,141.955,270.79999999999984,1.0,269.79999999999984,206,20,80,0,signal_flip
baseline_long_short,60m,full_2023_2025,2025-04-23 05:00:00,2025-04-28 21:00:00,long,141.955,141.968,1.2999999999976808,1.0,0.2999999999976808,88,20,80,0,signal_flip
baseline_long_short,60m,full_2023_2025,2025-04-28 21:00:00,2025-05-01 00:00:00,short,141.968,143.018,-105.00000000000114,1.0,-106.00000000000114,51,20,80,0,signal_flip
baseline_long_short,60m,full_2023_2025,2025-05-01 00:00:00,2025-05-05 16:00:00,long,143.018,143.981,96.29999999999939,1.0,95.29999999999939,64,20,80,0,signal_flip
baseline_long_short,60m,full_2023_2025,2025-05-05 16:00:00,2025-05-08 05:00:00,short,143.981,143.779,20.199999999999818,1.0,19.199999999999818,61,20,80,0,signal_flip
baseline_long_short,60m,full_2023_2025,2025-05-08 05:00:00,2025-05-14 14:00:00,long,143.779,145.998,221.8999999999994,1.0,220.8999999999994,105,20,80,0,signal_flip
baseline_long_short,60m,full_2023_2025,2025-05-14 14:00:00,2025-05-27 14:00:00,short,145.998,144.169,182.89999999999793,1.0,181.89999999999793,216,20,80,0,signal_flip
baseline_long_short,60m,full_2023_2025,2025-05-27 14:00:00,2025-05-30 04:00:00,long,144.169,143.857,-31.200000000001182,1.0,-32.20000000000118,62,20,80,0,signal_flip
baseline_long_short,60m,full_2023_2025,2025-05-30 04:00:00,2025-06-04 01:00:00,short,143.857,143.99,-13.300000000000978,1.0,-14.300000000000978,69,20,80,0,signal_flip
baseline_long_short,60m,full_2023_2025,2025-06-04 01:00:00,2025-06-05 02:00:00,long,143.99,142.922,-106.8000000000012,1.0,-107.8000000000012,25,20,80,0,signal_flip
baseline_long_short,60m,full_2023_2025,2025-06-05 02:00:00,2025-06-05 21:00:00,short,142.922,143.579,-65.70000000000107,1.0,-66.70000000000107,19,20,80,0,signal_flip
baseline_long_short,60m,full_2023_2025,2025-06-05 21:00:00,2025-06-12 03:00:00,long,143.579,143.956,37.69999999999811,1.0,36.69999999999811,102,20,80,0,signal_flip
baseline_long_short,60m,full_2023_2025,2025-06-12 03:00:00,2025-06-16 04:00:00,short,143.956,144.481,-52.50000000000057,1.0,-53.50000000000057,49,20,80,0,signal_flip
baseline_long_short,60m,full_2023_2025,2025-06-16 04:00:00,2025-06-24 09:00:00,long,144.481,145.094,61.299999999999955,1.0,60.299999999999955,149,20,80,0,signal_flip
baseline_long_short,60m,full_2023_2025,2025-06-24 09:00:00,2025-07-03 13:00:00,short,145.094,145.002,9.199999999998454,1.0,8.199999999998454,172,20,80,0,signal_flip
baseline_long_short,60m,full_2023_2025,2025-07-03 13:00:00,2025-07-10 11:00:00,long,145.002,146.121,111.89999999999998,1.0,110.89999999999998,118,20,80,0,signal_flip
baseline_long_short,60m,full_2023_2025,2025-07-10 11:00:00,2025-07-11 05:00:00,short,146.121,147.08,-95.90000000000032,1.0,-96.90000000000032,18,20,80,0,signal_flip
baseline_long_short,60m,full_2023_2025,2025-07-11 05:00:00,2025-07-21 03:00:00,long,147.08,148.5,141.99999999999875,1.0,140.99999999999875,142,20,80,0,signal_flip
baseline_long_short,60m,full_2023_2025,2025-07-21 03:00:00,2025-07-25 03:00:00,short,148.5,147.414,108.60000000000127,1.0,107.60000000000127,96,20,80,0,signal_flip
baseline_long_short,60m,full_2023_2025,2025-07-25 03:00:00,2025-08-03 23:00:00,long,147.414,147.242,-17.199999999999704,1.0,-18.199999999999704,140,20,80,0,signal_flip
baseline_long_short,60m,full_2023_2025,2025-08-03 23:00:00,2025-08-08 17:00:00,short,147.242,147.737,-49.500000000000455,1.0,-50.500000000000455,114,20,80,0,signal_flip
baseline_long_short,60m,full_2023_2025,2025-08-08 17:00:00,2025-08-13 09:00:00,long,147.737,147.265,-47.20000000000084,1.0,-48.20000000000084,64,20,80,0,signal_flip
baseline_long_short,60m,full_2023_2025,2025-08-13 09:00:00,2025-08-18 09:00:00,short,147.265,147.34,-7.500000000001705,1.0,-8.500000000001705,72,20,80,0,signal_flip
baseline_long_short,60m,full_2023_2025,2025-08-18 09:00:00,2025-08-20 16:00:00,long,147.34,147.192,-14.799999999999613,1.0,-15.799999999999613,55,20,80,0,signal_flip
baseline_long_short,60m,full_2023_2025,2025-08-20 16:00:00,2025-08-21 17:00:00,short,147.192,148.283,-109.09999999999798,1.0,-110.09999999999798,25,20,80,0,signal_flip
baseline_long_short,60m,full_2023_2025,2025-08-21 17:00:00,2025-08-25 01:00:00,long,148.283,147.391,-89.19999999999959,1.0,-90.19999999999959,32,20,80,0,signal_flip
baseline_long_short,60m,full_2023_2025,2025-08-25 01:00:00,2025-08-27 11:00:00,short,147.391,148.118,-72.70000000000039,1.0,-73.70000000000039,58,20,80,0,signal_flip
baseline_long_short,60m,full_2023_2025,2025-08-27 11:00:00,2025-08-28 06:00:00,long,148.118,147.126,-99.19999999999902,1.0,-100.19999999999902,19,20,80,0,signal_flip
baseline_long_short,60m,full_2023_2025,2025-08-28 06:00:00,2025-09-01 22:00:00,short,147.126,147.156,-3.0000000000001137,1.0,-4.000000000000114,64,20,80,0,signal_flip
baseline_long_short,60m,full_2023_2025,2025-09-01 22:00:00,2025-09-05 11:00:00,long,147.156,148.148,99.19999999999902,1.0,98.19999999999902,85,20,80,0,signal_flip
baseline_long_short,60m,full_2023_2025,2025-09-05 11:00:00,2025-09-11 08:00:00,short,148.148,147.776,37.19999999999857,1.0,36.19999999999857,93,20,80,0,signal_flip
baseline_long_short,60m,full_2023_2025,2025-09-11 08:00:00,2025-09-12 07:00:00,long,147.776,147.407,-36.89999999999998,1.0,-37.89999999999998,23,20,80,0,signal_flip
baseline_long_short,60m,full_2023_2025,2025-09-12 07:00:00,2025-09-12 11:00:00,short,147.407,147.752,-34.499999999999886,1.0,-35.499999999999886,4,20,80,0,signal_flip
baseline_long_short,60m,full_2023_2025,2025-09-12 11:00:00,2025-09-15 16:00:00,long,147.752,147.273,-47.90000000000134,1.0,-48.90000000000134,29,20,80,0,signal_flip
baseline_long_short,60m,full_2023_2025,2025-09-15 16:00:00,2025-09-18 11:00:00,short,147.273,147.26,1.300000000000523,1.0,0.30000000000052296,67,20,80,0,signal_flip
baseline_long_short,60m,full_2023_2025,2025-09-18 11:00:00,2025-09-23 06:00:00,long,147.26,147.801,54.09999999999968,1.0,53.09999999999968,67,20,80,0,signal_flip
baseline_long_short,60m,full_2023_2025,2025-09-23 06:00:00,2025-09-24 12:00:00,short,147.801,148.501,-70.0000000000017,1.0,-71.0000000000017,30,20,80,0,signal_flip
baseline_long_short,60m,full_2023_2025,2025-09-24 12:00:00,2025-09-29 12:00:00,long,148.501,148.63,12.899999999999068,1.0,11.899999999999068,72,20,80,0,signal_flip
baseline_long_short,60m,full_2023_2025,2025-09-29 12:00:00,2025-10-03 15:00:00,short,148.63,147.445,118.50000000000023,1.0,117.50000000000023,99,20,80,0,signal_flip
baseline_long_short,60m,full_2023_2025,2025-10-03 15:00:00,2025-10-12 21:00:00,long,147.445,151.822,437.70000000000095,1.0,436.70000000000095,126,20,80,0,signal_flip
baseline_long_short,60m,full_2023_2025,2025-10-12 21:00:00,2025-10-20 16:00:00,short,151.822,150.591,123.09999999999945,1.0,122.09999999999945,139,20,80,0,signal_flip
baseline_long_short,60m,full_2023_2025,2025-10-20 16:00:00,2025-10-28 06:00:00,long,150.591,151.911,131.99999999999932,1.0,130.99999999999932,134,20,80,0,signal_flip
baseline_long_short,60m,full_2023_2025,2025-10-28 06:00:00,2025-10-30 06:00:00,short,151.911,153.037,-112.60000000000048,1.0,-113.60000000000048,48,20,80,0,signal_flip
baseline_long_short,60m,full_2023_2025,2025-10-30 06:00:00,2025-11-04 12:00:00,long,153.037,153.57,53.299999999998704,1.0,52.299999999998704,77,20,80,0,signal_flip
baseline_long_short,60m,full_2023_2025,2025-11-04 12:00:00,2025-11-06 02:00:00,short,153.57,153.87,-30.000000000001137,1.0,-31.000000000001137,38,20,80,0,signal_flip
baseline_long_short,60m,full_2023_2025,2025-11-06 02:00:00,2025-11-06 16:00:00,long,153.87,153.041,-82.90000000000077,1.0,-83.90000000000077,14,20,80,0,signal_flip
baseline_long_short,60m,full_2023_2025,2025-11-06 16:00:00,2025-11-10 08:00:00,short,153.041,154.046,-100.49999999999955,1.0,-101.49999999999955,40,20,80,0,signal_flip
baseline_long_short,60m,full_2023_2025,2025-11-10 08:00:00,2025-11-14 15:00:00,long,154.046,154.356,31.000000000000227,1.0,30.000000000000227,103,20,80,0,signal_flip
baseline_long_short,60m,full_2023_2025,2025-11-14 15:00:00,2025-11-17 11:00:00,short,154.356,154.843,-48.69999999999948,1.0,-49.69999999999948,20,20,80,0,signal_flip
baseline_long_short,60m,full_2023_2025,2025-11-17 11:00:00,2025-11-24 01:00:00,long,154.843,156.735,189.20000000000243,1.0,188.20000000000243,110,20,80,0,signal_flip
baseline_long_short,60m,full_2023_2025,2025-11-24 01:00:00,2025-11-28 07:00:00,short,156.735,156.381,35.40000000000134,1.0,34.40000000000134,102,20,80,0,signal_flip
baseline_long_short,60m,full_2023_2025,2025-11-28 07:00:00,2025-11-28 20:00:00,long,156.381,156.118,-26.300000000000523,1.0,-27.300000000000523,13,20,80,0,signal_flip
baseline_long_short,60m,full_2023_2025,2025-11-28 20:00:00,2025-12-02 23:00:00,short,156.118,155.854,26.39999999999816,1.0,25.39999999999816,51,20,80,0,signal_flip
baseline_long_short,60m,full_2023_2025,2025-12-02 23:00:00,2025-12-03 11:00:00,long,155.854,155.528,-32.60000000000218,1.0,-33.60000000000218,12,20,80,0,signal_flip
baseline_long_short,60m,full_2023_2025,2025-12-03 11:00:00,2025-12-08 06:00:00,short,155.528,155.198,32.99999999999841,1.0,31.99999999999841,67,20,80,0,signal_flip
baseline_long_short,60m,full_2023_2025,2025-12-08 06:00:00,2025-12-11 09:00:00,long,155.198,155.883,68.50000000000023,1.0,67.50000000000023,75,20,80,0,signal_flip
baseline_long_short,60m,full_2023_2025,2025-12-11 09:00:00,2025-12-17 18:00:00,short,155.883,155.533,35.000000000002274,1.0,34.000000000002274,105,20,80,0,signal_flip
baseline_long_short,60m,full_2023_2025,2025-12-17 18:00:00,2025-12-23 10:00:00,long,155.533,155.965,43.20000000000164,1.0,42.20000000000164,88,20,80,0,signal_flip
baseline_long_short,60m,full_2023_2025,2025-12-23 10:00:00,2025-12-26 13:00:00,short,155.965,156.417,-45.19999999999982,1.0,-46.19999999999982,61,20,80,0,signal_flip
baseline_long_short,60m,full_2023_2025,2025-12-26 13:00:00,2025-12-30 07:00:00,long,156.417,156.036,-38.10000000000002,1.0,-39.10000000000002,42,20,80,0,signal_flip
baseline_long_short,60m,full_2023_2025,2025-12-30 07:00:00,2025-12-31 04:00:00,short,156.036,156.492,-45.599999999998886,1.0,-46.599999999998886,21,20,80,0,signal_flip
baseline_long_short,60m,full_2023_2025,2025-12-31 04:00:00,2025-12-31 21:00:00,long,156.492,156.632,14.000000000001478,1.0,13.000000000001478,17,20,80,0,period_end
baseline_long_short,60m,dev_2023_2024,2023-01-01 22:00:00,2023-01-04 17:00:00,short,130.925,132.003,-107.79999999999745,1.0,-108.79999999999745,67,20,80,0,signal_flip
baseline_long_short,60m,dev_2023_2024,2023-01-04 17:00:00,2023-01-09 07:00:00,long,132.003,131.803,-19.999999999998863,1.0,-20.999999999998863,62,20,80,0,signal_flip
baseline_long_short,60m,dev_2023_2024,2023-01-09 07:00:00,2023-01-11 13:00:00,short,131.803,132.768,-96.50000000000034,1.0,-97.50000000000034,54,20,80,0,signal_flip
baseline_long_short,60m,dev_2023_2024,2023-01-11 13:00:00,2023-01-12 10:00:00,long,132.768,130.957,-181.1000000000007,1.0,-182.1000000000007,21,20,80,0,signal_flip
baseline_long_short,60m,dev_2023_2024,2023-01-12 10:00:00,2023-01-17 20:00:00,short,130.957,128.336,262.0999999999981,1.0,261.0999999999981,82,20,80,0,signal_flip
baseline_long_short,60m,dev_2023_2024,2023-01-17 20:00:00,2023-01-19 06:00:00,long,128.336,127.979,-35.70000000000135,1.0,-36.70000000000135,34,20,80,0,signal_flip
baseline_long_short,60m,dev_2023_2024,2023-01-19 06:00:00,2023-01-20 11:00:00,short,127.979,129.628,-164.89999999999867,1.0,-165.89999999999867,29,20,80,0,signal_flip
baseline_long_short,60m,dev_2023_2024,2023-01-20 11:00:00,2023-01-25 18:00:00,long,129.628,129.613,-1.4999999999986358,1.0,-2.4999999999986358,79,20,80,0,signal_flip
baseline_long_short,60m,dev_2023_2024,2023-01-25 18:00:00,2023-01-27 04:00:00,short,129.613,129.86,-24.70000000000141,1.0,-25.70000000000141,34,20,80,0,signal_flip
baseline_long_short,60m,dev_2023_2024,2023-01-27 04:00:00,2023-01-27 15:00:00,long,129.86,129.882,2.199999999999136,1.0,1.199999999999136,11,20,80,0,signal_flip
baseline_long_short,60m,dev_2023_2024,2023-01-27 15:00:00,2023-01-29 23:00:00,short,129.882,129.803,7.900000000000773,1.0,6.900000000000773,8,20,80,0,signal_flip
baseline_long_short,60m,dev_2023_2024,2023-01-29 23:00:00,2023-01-30 06:00:00,long,129.803,129.636,-16.70000000000016,1.0,-17.70000000000016,7,20,80,0,signal_flip
baseline_long_short,60m,dev_2023_2024,2023-01-30 06:00:00,2023-01-30 09:00:00,short,129.636,130.127,-49.10000000000139,1.0,-50.10000000000139,3,20,80,0,signal_flip
baseline_long_short,60m,dev_2023_2024,2023-01-30 09:00:00,2023-02-01 12:00:00,long,130.127,129.806,-32.099999999999795,1.0,-33.099999999999795,51,20,80,0,signal_flip
baseline_long_short,60m,dev_2023_2024,2023-02-01 12:00:00,2023-02-03 20:00:00,short,129.806,131.057,-125.09999999999764,1.0,-126.09999999999764,56,20,80,0,signal_flip
baseline_long_short,60m,dev_2023_2024,2023-02-03 20:00:00,2023-02-08 08:00:00,long,131.057,130.886,-17.099999999999227,1.0,-18.099999999999227,60,20,80,0,signal_flip
baseline_long_short,60m,dev_2023_2024,2023-02-08 08:00:00,2023-02-10 12:00:00,short,130.886,130.832,5.400000000000205,1.0,4.400000000000205,52,20,80,0,signal_flip
baseline_long_short,60m,dev_2023_2024,2023-02-10 12:00:00,2023-02-13 02:00:00,long,130.832,131.677,84.49999999999989,1.0,83.49999999999989,14,20,80,0,signal_flip
baseline_long_short,60m,dev_2023_2024,2023-02-13 02:00:00,2023-02-13 04:00:00,short,131.677,132.024,-34.70000000000084,1.0,-35.70000000000084,2,20,80,0,signal_flip
baseline_long_short,60m,dev_2023_2024,2023-02-13 04:00:00,2023-02-20 17:00:00,long,132.024,134.095,207.0999999999998,1.0,206.0999999999998,133,20,80,0,signal_flip
baseline_long_short,60m,dev_2023_2024,2023-02-20 17:00:00,2023-02-21 07:00:00,short,134.095,134.502,-40.70000000000107,1.0,-41.70000000000107,14,20,80,0,signal_flip
baseline_long_short,60m,dev_2023_2024,2023-02-21 07:00:00,2023-02-24 08:00:00,long,134.502,134.837,33.499999999997954,1.0,32.499999999997954,73,20,80,0,signal_flip
baseline_long_short,60m,dev_2023_2024,2023-02-24 08:00:00,2023-02-24 13:00:00,short,134.837,135.661,-82.40000000000123,1.0,-83.40000000000123,5,20,80,0,signal_flip
baseline_long_short,60m,dev_2023_2024,2023-02-24 13:00:00,2023-03-01 12:00:00,long,135.661,135.338,-32.30000000000075,1.0,-33.30000000000075,71,20,80,0,signal_flip
baseline_long_short,60m,dev_2023_2024,2023-03-01 12:00:00,2023-03-02 10:00:00,short,135.338,136.469,-113.10000000000002,1.0,-114.10000000000002,22,20,80,0,signal_flip
baseline_long_short,60m,dev_2023_2024,2023-03-02 10:00:00,2023-03-03 20:00:00,long,136.469,135.837,-63.2000000000005,1.0,-64.2000000000005,34,20,80,0,signal_flip
baseline_long_short,60m,dev_2023_2024,2023-03-03 20:00:00,2023-03-07 20:00:00,short,135.837,137.105,-126.80000000000007,1.0,-127.80000000000007,48,20,80,0,signal_flip
baseline_long_short,60m,dev_2023_2024,2023-03-07 20:00:00,2023-03-09 18:00:00,long,137.105,136.226,-87.89999999999907,1.0,-88.89999999999907,46,20,80,0,signal_flip
baseline_long_short,60m,dev_2023_2024,2023-03-09 18:00:00,2023-03-22 01:00:00,short,136.226,132.526,369.99999999999886,1.0,368.99999999999886,200,20,80,0,signal_flip
baseline_long_short,60m,dev_2023_2024,2023-03-22 01:00:00,2023-03-23 04:00:00,long,132.526,130.617,-190.90000000000202,1.0,-191.90000000000202,27,20,80,0,signal_flip
baseline_long_short,60m,dev_2023_2024,2023-03-23 04:00:00,2023-03-27 17:00:00,short,130.617,131.6,-98.30000000000041,1.0,-99.30000000000041,61,20,80,0,signal_flip
baseline_long_short,60m,dev_2023_2024,2023-03-27 17:00:00,2023-03-28 19:00:00,long,131.6,130.783,-81.70000000000073,1.0,-82.70000000000073,26,20,80,0,signal_flip
baseline_long_short,60m,dev_2023_2024,2023-03-28 19:00:00,2023-03-28 23:00:00,short,130.783,130.859,-7.600000000002183,1.0,-8.600000000002183,4,20,80,0,signal_flip
baseline_long_short,60m,dev_2023_2024,2023-03-28 23:00:00,2023-04-04 01:00:00,long,130.859,132.553,169.39999999999884,1.0,168.39999999999884,98,20,80,0,signal_flip
baseline_long_short,60m,dev_2023_2024,2023-04-04 01:00:00,2023-04-07 08:00:00,short,132.553,131.883,66.99999999999875,1.0,65.99999999999875,79,20,80,0,signal_flip
baseline_long_short,60m,dev_2023_2024,2023-04-07 08:00:00,2023-04-13 06:00:00,long,131.883,133.294,141.10000000000014,1.0,140.10000000000014,94,20,80,0,signal_flip
baseline_long_short,60m,dev_2023_2024,2023-04-13 06:00:00,2023-04-17 01:00:00,short,133.294,133.842,-54.80000000000018,1.0,-55.80000000000018,43,20,80,0,signal_flip
baseline_long_short,60m,dev_2023_2024,2023-04-17 01:00:00,2023-04-20 23:00:00,long,133.842,134.169,32.69999999999982,1.0,31.699999999999818,94,20,80,0,signal_flip
baseline_long_short,60m,dev_2023_2024,2023-04-20 23:00:00,2023-04-24 18:00:00,short,134.169,134.348,-17.900000000000205,1.0,-18.900000000000205,43,20,80,0,signal_flip
baseline_long_short,60m,dev_2023_2024,2023-04-24 18:00:00,2023-04-25 13:00:00,long,134.348,133.927,-42.10000000000207,1.0,-43.10000000000207,19,20,80,0,signal_flip
baseline_long_short,60m,dev_2023_2024,2023-04-25 13:00:00,2023-04-27 23:00:00,short,133.927,133.913,1.3999999999981583,1.0,0.3999999999981583,58,20,80,0,signal_flip
baseline_long_short,60m,dev_2023_2024,2023-04-27 23:00:00,2023-05-03 07:00:00,long,133.913,135.87,195.69999999999936,1.0,194.69999999999936,80,20,80,0,signal_flip
baseline_long_short,60m,dev_2023_2024,2023-05-03 07:00:00,2023-05-08 07:00:00,short,135.87,134.777,109.30000000000177,1.0,108.30000000000177,72,20,80,0,signal_flip
baseline_long_short,60m,dev_2023_2024,2023-05-08 07:00:00,2023-05-10 19:00:00,long,134.777,134.255,-52.199999999999136,1.0,-53.199999999999136,60,20,80,0,signal_flip
baseline_long_short,60m,dev_2023_2024,2023-05-10 19:00:00,2023-05-12 16:00:00,short,134.255,135.628,-137.29999999999905,1.0,-138.29999999999905,45,20,80,0,signal_flip
baseline_long_short,60m,dev_2023_2024,2023-05-12 16:00:00,2023-05-22 11:00:00,long,135.628,137.969,234.10000000000082,1.0,233.10000000000082,139,20,80,0,signal_flip
baseline_long_short,60m,dev_2023_2024,2023-05-22 11:00:00,2023-05-22 16:00:00,short,137.969,138.657,-68.80000000000166,1.0,-69.80000000000166,5,20,80,0,signal_flip
baseline_long_short,60m,dev_2023_2024,2023-05-22 16:00:00,2023-05-30 17:00:00,long,138.657,139.919,126.20000000000005,1.0,125.20000000000005,145,20,80,0,signal_flip
baseline_long_short,60m,dev_2023_2024,2023-05-30 17:00:00,2023-06-05 00:00:00,short,139.919,140.213,-29.399999999998272,1.0,-30.399999999998272,79,20,80,0,signal_flip
baseline_long_short,60m,dev_2023_2024,2023-06-05 00:00:00,2023-06-07 03:00:00,long,140.213,139.189,-102.40000000000009,1.0,-103.40000000000009,51,20,80,0,signal_flip
baseline_long_short,60m,dev_2023_2024,2023-06-07 03:00:00,2023-06-08 02:00:00,short,139.189,139.916,-72.70000000000039,1.0,-73.70000000000039,23,20,80,0,signal_flip
baseline_long_short,60m,dev_2023_2024,2023-06-08 02:00:00,2023-06-08 18:00:00,long,139.916,138.937,-97.8999999999985,1.0,-98.8999999999985,16,20,80,0,signal_flip
baseline_long_short,60m,dev_2023_2024,2023-06-08 18:00:00,2023-06-12 21:00:00,short,138.937,139.589,-65.19999999999868,1.0,-66.19999999999868,51,20,80,0,signal_flip
baseline_long_short,60m,dev_2023_2024,2023-06-12 21:00:00,2023-06-12 22:00:00,long,139.589,139.578,-1.099999999999568,1.0,-2.099999999999568,1,20,80,0,signal_flip
baseline_long_short,60m,dev_2023_2024,2023-06-12 22:00:00,2023-06-12 23:00:00,short,139.578,139.553,2.5000000000005684,1.0,1.5000000000005684,1,20,80,0,signal_flip
baseline_long_short,60m,dev_2023_2024,2023-06-12 23:00:00,2023-06-21 03:00:00,long,139.553,141.618,206.49999999999977,1.0,205.49999999999977,148,20,80,0,signal_flip
baseline_long_short,60m,dev_2023_2024,2023-06-21 03:00:00,2023-06-21 14:00:00,short,141.618,142.25,-63.2000000000005,1.0,-64.2000000000005,11,20,80,0,signal_flip
baseline_long_short,60m,dev_2023_2024,2023-06-21 14:00:00,2023-07-04 09:00:00,long,142.25,144.384,213.3999999999986,1.0,212.3999999999986,211,20,80,0,signal_flip
baseline_long_short,60m,dev_2023_2024,2023-07-04 09:00:00,2023-07-17 05:00:00,short,144.384,138.624,575.9999999999991,1.0,574.9999999999991,212,20,80,0,signal_flip
baseline_long_short,60m,dev_2023_2024,2023-07-17 05:00:00,2023-07-26 02:00:00,long,138.624,141.157,253.30000000000155,1.0,252.30000000000155,165,20,80,0,signal_flip
baseline_long_short,60m,dev_2023_2024,2023-07-26 02:00:00,2023-07-31 01:00:00,short,141.157,140.896,26.10000000000241,1.0,25.10000000000241,71,20,80,0,signal_flip
baseline_long_short,60m,dev_2023_2024,2023-07-31 01:00:00,2023-08-03 22:00:00,long,140.896,142.52,162.40000000000236,1.0,161.40000000000236,93,20,80,0,signal_flip
baseline_long_short,60m,dev_2023_2024,2023-08-03 22:00:00,2023-08-08 04:00:00,short,142.52,143.333,-81.29999999999882,1.0,-82.29999999999882,54,20,80,0,signal_flip
baseline_long_short,60m,dev_2023_2024,2023-08-08 04:00:00,2023-08-18 07:00:00,long,143.333,145.372,203.90000000000157,1.0,202.90000000000157,195,20,80,0,signal_flip
baseline_long_short,60m,dev_2023_2024,2023-08-18 07:00:00,2023-08-21 21:00:00,short,145.372,146.197,-82.49999999999886,1.0,-83.49999999999886,38,20,80,0,signal_flip
baseline_long_short,60m,dev_2023_2024,2023-08-21 21:00:00,2023-08-23 11:00:00,long,146.197,145.447,-75.0,1.0,-76.0,38,20,80,0,signal_flip
baseline_long_short,60m,dev_2023_2024,2023-08-23 11:00:00,2023-08-25 00:00:00,short,145.447,146.051,-60.3999999999985,1.0,-61.3999999999985,37,20,80,0,signal_flip
baseline_long_short,60m,dev_2023_2024,2023-08-25 00:00:00,2023-08-30 01:00:00,long,146.051,145.907,-14.399999999997704,1.0,-15.399999999997704,73,20,80,0,signal_flip
baseline_long_short,60m,dev_2023_2024,2023-08-30 01:00:00,2023-09-04 05:00:00,short,145.907,146.157,-25.0,1.0,-26.0,76,20,80,0,signal_flip
baseline_long_short,60m,dev_2023_2024,2023-09-04 05:00:00,2023-09-08 01:00:00,long,146.157,146.916,75.89999999999861,1.0,74.89999999999861,92,20,80,0,signal_flip
baseline_long_short,60m,dev_2023_2024,2023-09-08 01:00:00,2023-09-12 23:00:00,short,146.916,147.058,-14.19999999999959,1.0,-15.19999999999959,70,20,80,0,signal_flip
baseline_long_short,60m,dev_2023_2024,2023-09-12 23:00:00,2023-09-22 00:00:00,long,147.058,147.646,58.799999999999386,1.0,57.799999999999386,169,20,80,0,signal_flip
baseline_long_short,60m,dev_2023_2024,2023-09-22 00:00:00,2023-09-22 13:00:00,short,147.646,148.251,-60.50000000000182,1.0,-61.50000000000182,13,20,80,0,signal_flip
baseline_long_short,60m,dev_2023_2024,2023-09-22 13:00:00,2023-10-01 21:00:00,long,148.251,149.606,135.49999999999898,1.0,134.49999999999898,128,20,80,0,signal_flip
baseline_long_short,60m,dev_2023_2024,2023-10-01 21:00:00,2023-10-02 01:00:00,short,149.606,149.683,-7.699999999999818,1.0,-8.699999999999818,4,20,80,0,signal_flip
baseline_long_short,60m,dev_2023_2024,2023-10-02 01:00:00,2023-10-03 23:00:00,long,149.683,149.11,-57.29999999999791,1.0,-58.29999999999791,46,20,80,0,signal_flip
baseline_long_short,60m,dev_2023_2024,2023-10-03 23:00:00,2023-10-06 19:00:00,short,149.11,149.338,-22.799999999998022,1.0,-23.799999999998022,68,20,80,0,signal_flip
baseline_long_short,60m,dev_2023_2024,2023-10-06 19:00:00,2023-10-09 23:00:00,long,149.338,148.415,-92.30000000000018,1.0,-93.30000000000018,28,20,80,0,signal_flip
baseline_long_short,60m,dev_2023_2024,2023-10-09 23:00:00,2023-10-11 21:00:00,short,148.415,149.152,-73.69999999999948,1.0,-74.69999999999948,46,20,80,0,signal_flip
baseline_long_short,60m,dev_2023_2024,2023-10-11 21:00:00,2023-10-23 23:00:00,long,149.152,149.688,53.600000000000136,1.0,52.600000000000136,194,20,80,0,signal_flip
baseline_long_short,60m,dev_2023_2024,2023-10-23 23:00:00,2023-10-25 04:00:00,short,149.688,149.846,-15.800000000001546,1.0,-16.800000000001546,29,20,80,0,signal_flip
baseline_long_short,60m,dev_2023_2024,2023-10-25 04:00:00,2023-10-27 18:00:00,long,149.846,149.52,-32.59999999999934,1.0,-33.59999999999934,62,20,80,0,signal_flip
baseline_long_short,60m,dev_2023_2024,2023-10-27 18:00:00,2023-10-31 15:00:00,short,149.52,151.258,-173.79999999999995,1.0,-174.79999999999995,45,20,80,0,signal_flip
baseline_long_short,60m,dev_2023_2024,2023-10-31 15:00:00,2023-11-02 15:00:00,long,151.258,150.288,-96.99999999999989,1.0,-97.99999999999989,48,20,80,0,signal_flip
baseline_long_short,60m,dev_2023_2024,2023-11-02 15:00:00,2023-11-07 09:00:00,short,150.288,150.331,-4.2999999999977945,1.0,-5.2999999999977945,65,20,80,0,signal_flip
baseline_long_short,60m,dev_2023_2024,2023-11-07 09:00:00,2023-11-14 19:00:00,long,150.331,150.534,20.300000000000296,1.0,19.300000000000296,130,20,80,0,signal_flip
baseline_long_short,60m,dev_2023_2024,2023-11-14 19:00:00,2023-11-16 10:00:00,short,150.534,151.275,-74.10000000000139,1.0,-75.10000000000139,39,20,80,0,signal_flip
baseline_long_short,60m,dev_2023_2024,2023-11-16 10:00:00,2023-11-16 16:00:00,long,151.275,150.407,-86.7999999999995,1.0,-87.7999999999995,6,20,80,0,signal_flip
baseline_long_short,60m,dev_2023_2024,2023-11-16 16:00:00,2023-11-22 15:00:00,short,150.407,149.352,105.50000000000068,1.0,104.50000000000068,95,20,80,0,signal_flip
baseline_long_short,60m,dev_2023_2024,2023-11-22 15:00:00,2023-11-27 11:00:00,long,149.352,148.989,-36.299999999999955,1.0,-37.299999999999955,68,20,80,0,signal_flip
baseline_long_short,60m,dev_2023_2024,2023-11-27 11:00:00,2023-12-01 01:00:00,short,148.989,147.765,122.4000000000018,1.0,121.4000000000018,85,20,80,0,signal_flip
baseline_long_short,60m,dev_2023_2024,2023-12-01 01:00:00,2023-12-04 01:00:00,long,147.765,146.5,-126.49999999999864,1.0,-127.49999999999864,24,20,80,0,signal_flip
baseline_long_short,60m,dev_2023_2024,2023-12-04 01:00:00,2023-12-06 10:00:00,short,146.5,147.318,-81.8000000000012,1.0,-82.8000000000012,57,20,80,0,signal_flip
baseline_long_short,60m,dev_2023_2024,2023-12-06 10:00:00,2023-12-07 08:00:00,long,147.318,145.713,-160.50000000000182,1.0,-161.50000000000182,22,20,80,0,signal_flip
baseline_long_short,60m,dev_2023_2024,2023-12-07 08:00:00,2023-12-11 13:00:00,short,145.713,146.36,-64.70000000000198,1.0,-65.70000000000198,53,20,80,0,signal_flip
baseline_long_short,60m,dev_2023_2024,2023-12-11 13:00:00,2023-12-13 18:00:00,long,146.36,145.172,-118.80000000000166,1.0,-119.80000000000166,53,20,80,0,signal_flip
baseline_long_short,60m,dev_2023_2024,2023-12-13 18:00:00,2023-12-18 18:00:00,short,145.172,142.919,225.2999999999986,1.0,224.2999999999986,72,20,80,0,signal_flip
baseline_long_short,60m,dev_2023_2024,2023-12-18 18:00:00,2023-12-21 11:00:00,long,142.919,143.018,9.899999999998954,1.0,8.899999999998954,65,20,80,0,signal_flip
baseline_long_short,60m,dev_2023_2024,2023-12-21 11:00:00,2023-12-27 01:00:00,short,143.018,142.709,30.89999999999975,1.0,29.89999999999975,71,20,80,0,signal_flip
baseline_long_short,60m,dev_2023_2024,2023-12-27 01:00:00,2023-12-27 23:00:00,long,142.709,141.605,-110.40000000000134,1.0,-111.40000000000134,22,20,80,0,signal_flip
baseline_long_short,60m,dev_2023_2024,2023-12-27 23:00:00,2024-01-02 17:00:00,short,141.605,141.891,-28.600000000000136,1.0,-29.600000000000136,66,20,80,0,signal_flip
baseline_long_short,60m,dev_2023_2024,2024-01-02 17:00:00,2024-01-08 22:00:00,long,141.891,144.223,233.2000000000022,1.0,232.2000000000022,101,20,80,0,signal_flip
baseline_long_short,60m,dev_2023_2024,2024-01-08 22:00:00,2024-01-10 07:00:00,short,144.223,145.065,-84.19999999999845,1.0,-85.19999999999845,33,20,80,0,signal_flip
baseline_long_short,60m,dev_2023_2024,2024-01-10 07:00:00,2024-01-12 17:00:00,long,145.065,144.854,-21.09999999999843,1.0,-22.09999999999843,58,20,80,0,signal_flip
baseline_long_short,60m,dev_2023_2024,2024-01-12 17:00:00,2024-01-15 16:00:00,short,144.854,145.79,-93.59999999999786,1.0,-94.59999999999786,23,20,80,0,signal_flip
baseline_long_short,60m,dev_2023_2024,2024-01-15 16:00:00,2024-01-22 12:00:00,long,145.79,147.887,209.70000000000084,1.0,208.70000000000084,116,20,80,0,signal_flip
baseline_long_short,60m,dev_2023_2024,2024-01-22 12:00:00,2024-01-24 01:00:00,short,147.887,148.112,-22.49999999999943,1.0,-23.49999999999943,37,20,80,0,signal_flip
baseline_long_short,60m,dev_2023_2024,2024-01-24 01:00:00,2024-01-24 13:00:00,long,148.112,147.294,-81.79999999999836,1.0,-82.79999999999836,12,20,80,0,signal_flip
baseline_long_short,60m,dev_2023_2024,2024-01-24 13:00:00,2024-01-26 19:00:00,short,147.294,148.135,-84.09999999999798,1.0,-85.09999999999798,54,20,80,0,signal_flip
baseline_long_short,60m,dev_2023_2024,2024-01-26 19:00:00,2024-01-30 01:00:00,long,148.135,147.298,-83.69999999999891,1.0,-84.69999999999891,30,20,80,0,signal_flip
baseline_long_short,60m,dev_2023_2024,2024-01-30 01:00:00,2024-02-02 20:00:00,short,147.298,148.328,-103.00000000000011,1.0,-104.00000000000011,91,20,80,0,signal_flip
baseline_long_short,60m,dev_2023_2024,2024-02-02 20:00:00,2024-02-07 08:00:00,long,148.328,147.819,-50.900000000001455,1.0,-51.900000000001455,60,20,80,0,signal_flip
baseline_long_short,60m,dev_2023_2024,2024-02-07 08:00:00,2024-02-08 11:00:00,short,147.819,149.1,-128.1000000000006,1.0,-129.1000000000006,27,20,80,0,signal_flip
baseline_long_short,60m,dev_2023_2024,2024-02-08 11:00:00,2024-02-15 20:00:00,long,149.1,149.954,85.40000000000134,1.0,84.40000000000134,129,20,80,0,signal_flip
baseline_long_short,60m,dev_2023_2024,2024-02-15 20:00:00,2024-02-20 05:00:00,short,149.954,150.333,-37.89999999999907,1.0,-38.89999999999907,57,20,80,0,signal_flip
baseline_long_short,60m,dev_2023_2024,2024-02-20 05:00:00,2024-02-20 23:00:00,long,150.333,149.936,-39.699999999999136,1.0,-40.699999999999136,18,20,80,0,signal_flip
baseline_long_short,60m,dev_2023_2024,2024-02-20 23:00:00,2024-02-21 22:00:00,short,149.936,150.295,-35.899999999998045,1.0,-36.899999999998045,23,20,80,0,signal_flip
baseline_long_short,60m,dev_2023_2024,2024-02-21 22:00:00,2024-02-27 14:00:00,long,150.295,150.272,-2.2999999999996135,1.0,-3.2999999999996135,88,20,80,0,signal_flip
baseline_long_short,60m,dev_2023_2024,2024-02-27 14:00:00,2024-02-28 10:00:00,short,150.272,150.743,-47.100000000000364,1.0,-48.100000000000364,20,20,80,0,signal_flip
baseline_long_short,60m,dev_2023_2024,2024-02-28 10:00:00,2024-02-29 06:00:00,long,150.743,149.903,-84.00000000000034,1.0,-85.00000000000034,20,20,80,0,signal_flip
baseline_long_short,60m,dev_2023_2024,2024-02-29 06:00:00,2024-03-01 16:00:00,short,149.903,150.122,-21.90000000000225,1.0,-22.90000000000225,34,20,80,0,signal_flip
baseline_long_short,60m,dev_2023_2024,2024-03-01 16:00:00,2024-03-04 02:00:00,long,150.122,150.126,0.39999999999906777,1.0,-0.6000000000009322,10,20,80,0,signal_flip
baseline_long_short,60m,dev_2023_2024,2024-03-04 02:00:00,2024-03-04 17:00:00,short,150.126,150.449,-32.30000000000075,1.0,-33.30000000000075,15,20,80,0,signal_flip
baseline_long_short,60m,dev_2023_2024,2024-03-04 17:00:00,2024-03-05 22:00:00,long,150.449,150.033,-41.600000000002524,1.0,-42.600000000002524,29,20,80,0,signal_flip
baseline_long_short,60m,dev_2023_2024,2024-03-05 22:00:00,2024-03-12 17:00:00,short,150.033,147.701,233.19999999999936,1.0,232.19999999999936,116,20,80,0,signal_flip
baseline_long_short,60m,dev_2023_2024,2024-03-12 17:00:00,2024-03-25 06:00:00,long,147.701,151.216,351.5000000000015,1.0,350.5000000000015,205,20,80,0,signal_flip
baseline_long_short,60m,dev_2023_2024,2024-03-25 06:00:00,2024-03-25 20:00:00,short,151.216,151.444,-22.799999999998022,1.0,-23.799999999998022,14,20,80,0,signal_flip
baseline_long_short,60m,dev_2023_2024,2024-03-25 20:00:00,2024-03-26 12:00:00,long,151.444,151.388,-5.599999999998317,1.0,-6.599999999998317,16,20,80,0,signal_flip
baseline_long_short,60m,dev_2023_2024,2024-03-26 12:00:00,2024-03-26 23:00:00,short,151.388,151.527,-13.899999999998158,1.0,-14.899999999998158,11,20,80,0,signal_flip
baseline_long_short,60m,dev_2023_2024,2024-03-26 23:00:00,2024-03-28 01:00:00,long,151.527,151.414,-11.299999999999955,1.0,-12.299999999999955,26,20,80,0,signal_flip
baseline_long_short,60m,dev_2023_2024,2024-03-28 01:00:00,2024-04-01 14:00:00,short,151.414,151.576,-16.200000000000614,1.0,-17.200000000000614,61,20,80,0,signal_flip
baseline_long_short,60m,dev_2023_2024,2024-04-01 14:00:00,2024-04-04 19:00:00,long,151.576,151.201,-37.5,1.0,-38.5,77,20,80,0,signal_flip
baseline_long_short,60m,dev_2023_2024,2024-04-04 19:00:00,2024-04-08 03:00:00,short,151.201,151.77,-56.90000000000168,1.0,-57.90000000000168,32,20,80,0,signal_flip
baseline_long_short,60m,dev_2023_2024,2024-04-08 03:00:00,2024-04-18 09:00:00,long,151.77,154.354,258.4000000000003,1.0,257.4000000000003,198,20,80,0,signal_flip
baseline_long_short,60m,dev_2023_2024,2024-04-18 09:00:00,2024-04-18 23:00:00,short,154.354,154.642,-28.79999999999825,1.0,-29.79999999999825,14,20,80,0,signal_flip
baseline_long_short,60m,dev_2023_2024,2024-04-18 23:00:00,2024-04-19 10:00:00,long,154.642,154.485,-15.699999999998226,1.0,-16.699999999998226,11,20,80,0,signal_flip
baseline_long_short,60m,dev_2023_2024,2024-04-19 10:00:00,2024-04-21 23:00:00,short,154.485,154.629,-14.399999999997704,1.0,-15.399999999997704,13,20,80,0,signal_flip
baseline_long_short,60m,dev_2023_2024,2024-04-21 23:00:00,2024-04-30 00:00:00,long,154.629,156.325,169.5999999999998,1.0,168.5999999999998,145,20,80,0,signal_flip
baseline_long_short,60m,dev_2023_2024,2024-04-30 00:00:00,2024-04-30 06:00:00,short,156.325,156.828,-50.30000000000143,1.0,-51.30000000000143,6,20,80,0,signal_flip
baseline_long_short,60m,dev_2023_2024,2024-04-30 06:00:00,2024-05-02 01:00:00,long,156.828,156.015,-81.30000000000166,1.0,-82.30000000000166,43,20,80,0,signal_flip
baseline_long_short,60m,dev_2023_2024,2024-05-02 01:00:00,2024-05-07 04:00:00,short,156.015,154.551,146.39999999999986,1.0,145.39999999999986,75,20,80,0,signal_flip
baseline_long_short,60m,dev_2023_2024,2024-05-07 04:00:00,2024-05-15 16:00:00,long,154.551,155.024,47.30000000000132,1.0,46.30000000000132,156,20,80,0,signal_flip
baseline_long_short,60m,dev_2023_2024,2024-05-15 16:00:00,2024-05-17 12:00:00,short,155.024,155.853,-82.90000000000077,1.0,-83.90000000000077,44,20,80,0,signal_flip
baseline_long_short,60m,dev_2023_2024,2024-05-17 12:00:00,2024-05-27 17:00:00,long,155.853,156.897,104.39999999999827,1.0,103.39999999999827,149,20,80,0,signal_flip
baseline_long_short,60m,dev_2023_2024,2024-05-27 17:00:00,2024-05-28 23:00:00,short,156.897,157.214,-31.700000000000728,1.0,-32.70000000000073,30,20,80,0,signal_flip
baseline_long_short,60m,dev_2023_2024,2024-05-28 23:00:00,2024-05-30 17:00:00,long,157.214,156.696,-51.80000000000007,1.0,-52.80000000000007,42,20,80,0,signal_flip
baseline_long_short,60m,dev_2023_2024,2024-05-30 17:00:00,2024-06-03 01:00:00,short,156.696,157.087,-39.09999999999911,1.0,-40.09999999999911,32,20,80,0,signal_flip
baseline_long_short,60m,dev_2023_2024,2024-06-03 01:00:00,2024-06-03 15:00:00,long,157.087,156.197,-88.99999999999864,1.0,-89.99999999999864,14,20,80,0,signal_flip
baseline_long_short,60m,dev_2023_2024,2024-06-03 15:00:00,2024-06-06 09:00:00,short,156.197,156.16,3.700000000000614,1.0,2.700000000000614,66,20,80,0,signal_flip
baseline_long_short,60m,dev_2023_2024,2024-06-06 09:00:00,2024-06-07 10:00:00,long,156.16,155.481,-67.9000000000002,1.0,-68.9000000000002,25,20,80,0,signal_flip
baseline_long_short,60m,dev_2023_2024,2024-06-07 10:00:00,2024-06-07 13:00:00,short,155.481,156.777,-129.59999999999923,1.0,-130.59999999999923,3,20,80,0,signal_flip
baseline_long_short,60m,dev_2023_2024,2024-06-07 13:00:00,2024-06-12 17:00:00,long,156.777,155.799,-97.79999999999802,1.0,-98.79999999999802,76,20,80,0,signal_flip
baseline_long_short,60m,dev_2023_2024,2024-06-12 17:00:00,2024-06-13 17:00:00,short,155.799,156.847,-104.80000000000018,1.0,-105.80000000000018,24,20,80,0,signal_flip
baseline_long_short,60m,dev_2023_2024,2024-06-13 17:00:00,2024-07-04 10:00:00,long,156.847,161.252,440.5000000000001,1.0,439.5000000000001,353,20,80,0,signal_flip
baseline_long_short,60m,dev_2023_2024,2024-07-04 10:00:00,2024-07-09 13:00:00,short,161.252,161.129,12.300000000001887,1.0,11.300000000001887,75,20,80,0,signal_flip
baseline_long_short,60m,dev_2023_2024,2024-07-09 13:00:00,2024-07-11 15:00:00,long,161.129,158.554,-257.49999999999886,1.0,-258.49999999999886,50,20,80,0,signal_flip
baseline_long_short,60m,dev_2023_2024,2024-07-11 15:00:00,2024-07-16 18:00:00,short,158.554,158.472,8.199999999999363,1.0,7.199999999999363,75,20,80,0,signal_flip
baseline_long_short,60m,dev_2023_2024,2024-07-16 18:00:00,2024-07-17 08:00:00,long,158.472,157.07,-140.20000000000152,1.0,-141.20000000000152,14,20,80,0,signal_flip
baseline_long_short,60m,dev_2023_2024,2024-07-17 08:00:00,2024-07-19 11:00:00,short,157.07,157.455,-38.50000000000193,1.0,-39.50000000000193,51,20,80,0,signal_flip
baseline_long_short,60m,dev_2023_2024,2024-07-19 11:00:00,2024-07-23 00:00:00,long,157.455,156.901,-55.400000000000205,1.0,-56.400000000000205,37,20,80,0,signal_flip
baseline_long_short,60m,dev_2023_2024,2024-07-23 00:00:00,2024-07-29 04:00:00,short,156.901,153.517,338.40000000000146,1.0,337.40000000000146,100,20,80,0,signal_flip
baseline_long_short,60m,dev_2023_2024,2024-07-29 04:00:00,2024-07-29 05:00:00,long,153.517,153.412,-10.499999999998977,1.0,-11.499999999998977,1,20,80,0,signal_flip
baseline_long_short,60m,dev_2023_2024,2024-07-29 05:00:00,2024-07-29 14:00:00,short,153.412,154.174,-76.20000000000005,1.0,-77.20000000000005,9,20,80,0,signal_flip
baseline_long_short,60m,dev_2023_2024,2024-07-29 14:00:00,2024-07-31 02:00:00,long,154.174,152.411,-176.30000000000052,1.0,-177.30000000000052,36,20,80,0,signal_flip
baseline_long_short,60m,dev_2023_2024,2024-07-31 02:00:00,2024-08-07 09:00:00,short,152.411,147.201,521.0000000000008,1.0,520.0000000000008,127,20,80,0,signal_flip
baseline_long_short,60m,dev_2023_2024,2024-08-07 09:00:00,2024-08-12 08:00:00,long,147.201,147.217,1.6000000000019554,1.0,0.6000000000019554,71,20,80,0,signal_flip
baseline_long_short,60m,dev_2023_2024,2024-08-12 08:00:00,2024-08-12 10:00:00,short,147.217,147.318,-10.099999999999909,1.0,-11.099999999999909,2,20,80,0,signal_flip
baseline_long_short,60m,dev_2023_2024,2024-08-12 10:00:00,2024-08-14 02:00:00,long,147.318,146.867,-45.10000000000218,1.0,-46.10000000000218,40,20,80,0,signal_flip
baseline_long_short,60m,dev_2023_2024,2024-08-14 02:00:00,2024-08-15 10:00:00,short,146.867,147.377,-51.00000000000193,1.0,-52.00000000000193,32,20,80,0,signal_flip
baseline_long_short,60m,dev_2023_2024,2024-08-15 10:00:00,2024-08-19 05:00:00,long,147.377,146.188,-118.90000000000214,1.0,-119.90000000000214,43,20,80,0,signal_flip
baseline_long_short,60m,dev_2023_2024,2024-08-19 05:00:00,2024-08-23 00:00:00,short,146.188,146.208,-2.000000000001023,1.0,-3.000000000001023,91,20,80,0,signal_flip
baseline_long_short,60m,dev_2023_2024,2024-08-23 00:00:00,2024-08-23 19:00:00,long,146.208,144.295,-191.3000000000011,1.0,-192.3000000000011,19,20,80,0,signal_flip
baseline_long_short,60m,dev_2023_2024,2024-08-23 19:00:00,2024-08-28 19:00:00,short,144.295,144.652,-35.69999999999993,1.0,-36.69999999999993,72,20,80,0,signal_flip
baseline_long_short,60m,dev_2023_2024,2024-08-28 19:00:00,2024-09-03 23:00:00,long,144.652,145.332,68.00000000000068,1.0,67.00000000000068,100,20,80,0,signal_flip
baseline_long_short,60m,dev_2023_2024,2024-09-03 23:00:00,2024-09-10 02:00:00,short,145.332,143.417,191.4999999999992,1.0,190.4999999999992,99,20,80,0,signal_flip
baseline_long_short,60m,dev_2023_2024,2024-09-10 02:00:00,2024-09-10 21:00:00,long,143.417,142.401,-101.59999999999911,1.0,-102.59999999999911,19,20,80,0,signal_flip
baseline_long_short,60m,dev_2023_2024,2024-09-10 21:00:00,2024-09-17 19:00:00,short,142.401,141.81,59.10000000000082,1.0,58.10000000000082,118,20,80,0,signal_flip
baseline_long_short,60m,dev_2023_2024,2024-09-17 19:00:00,2024-09-25 04:00:00,long,141.81,143.297,148.69999999999948,1.0,147.69999999999948,129,20,80,0,signal_flip
baseline_long_short,60m,dev_2023_2024,2024-09-25 04:00:00,2024-09-25 19:00:00,short,143.297,144.681,-138.40000000000146,1.0,-139.40000000000146,15,20,80,0,signal_flip
baseline_long_short,60m,dev_2023_2024,2024-09-25 19:00:00,2024-09-27 16:00:00,long,144.681,142.599,-208.2000000000022,1.0,-209.2000000000022,45,20,80,0,signal_flip
baseline_long_short,60m,dev_2023_2024,2024-09-27 16:00:00,2024-10-01 09:00:00,short,142.599,143.805,-120.60000000000173,1.0,-121.60000000000173,41,20,80,0,signal_flip
baseline_long_short,60m,dev_2023_2024,2024-10-01 09:00:00,2024-10-16 02:00:00,long,143.805,149.026,522.1000000000004,1.0,521.1000000000004,257,20,80,0,signal_flip
baseline_long_short,60m,dev_2023_2024,2024-10-16 02:00:00,2024-10-16 19:00:00,short,149.026,149.774,-74.79999999999905,1.0,-75.79999999999905,17,20,80,0,signal_flip
baseline_long_short,60m,dev_2023_2024,2024-10-16 19:00:00,2024-10-21 03:00:00,long,149.774,149.221,-55.29999999999973,1.0,-56.29999999999973,56,20,80,0,signal_flip
baseline_long_short,60m,dev_2023_2024,2024-10-21 03:00:00,2024-10-21 18:00:00,short,149.221,150.751,-153.0000000000001,1.0,-154.0000000000001,15,20,80,0,signal_flip
baseline_long_short,60m,dev_2023_2024,2024-10-21 18:00:00,2024-10-25 09:00:00,long,150.751,151.964,121.29999999999939,1.0,120.29999999999939,87,20,80,0,signal_flip
baseline_long_short,60m,dev_2023_2024,2024-10-25 09:00:00,2024-10-27 23:00:00,short,151.964,152.95,-98.599999999999,1.0,-99.599999999999,14,20,80,0,signal_flip
baseline_long_short,60m,dev_2023_2024,2024-10-27 23:00:00,2024-10-31 04:00:00,long,152.95,153.05,10.000000000002274,1.0,9.000000000002274,77,20,80,0,signal_flip
baseline_long_short,60m,dev_2023_2024,2024-10-31 04:00:00,2024-11-06 06:00:00,short,153.05,153.741,-69.10000000000025,1.0,-70.10000000000025,97,20,80,0,signal_flip
baseline_long_short,60m,dev_2023_2024,2024-11-06 06:00:00,2024-11-08 06:00:00,long,153.741,152.801,-94.00000000000261,1.0,-95.00000000000261,48,20,80,0,signal_flip
baseline_long_short,60m,dev_2023_2024,2024-11-08 06:00:00,2024-11-11 18:00:00,short,152.801,153.877,-107.60000000000218,1.0,-108.60000000000218,36,20,80,0,signal_flip
baseline_long_short,60m,dev_2023_2024,2024-11-11 18:00:00,2024-11-17 22:00:00,long,153.877,154.349,47.199999999998,1.0,46.199999999998,100,20,80,0,signal_flip
baseline_long_short,60m,dev_2023_2024,2024-11-17 22:00:00,2024-11-20 10:00:00,short,154.349,155.757,-140.80000000000155,1.0,-141.80000000000155,60,20,80,0,signal_flip
baseline_long_short,60m,dev_2023_2024,2024-11-20 10:00:00,2024-11-21 17:00:00,long,155.757,154.652,-110.50000000000182,1.0,-111.50000000000182,31,20,80,0,signal_flip
baseline_long_short,60m,dev_2023_2024,2024-11-21 17:00:00,2024-12-04 13:00:00,short,154.652,151.17,348.19999999999993,1.0,347.19999999999993,212,20,80,0,signal_flip
baseline_long_short,60m,dev_2023_2024,2024-12-04 13:00:00,2024-12-06 17:00:00,long,151.17,149.79,-137.99999999999955,1.0,-138.99999999999955,52,20,80,0,signal_flip
baseline_long_short,60m,dev_2023_2024,2024-12-06 17:00:00,2024-12-09 16:00:00,short,149.79,151.026,-123.60000000000184,1.0,-124.60000000000184,23,20,80,0,signal_flip
baseline_long_short,60m,dev_2023_2024,2024-12-09 16:00:00,2024-12-18 04:00:00,long,151.026,153.615,258.89999999999986,1.0,257.89999999999986,156,20,80,0,signal_flip
baseline_long_short,60m,dev_2023_2024,2024-12-18 04:00:00,2024-12-18 22:00:00,short,153.615,154.741,-112.60000000000048,1.0,-113.60000000000048,18,20,80,0,signal_flip
baseline_long_short,60m,dev_2023_2024,2024-12-18 22:00:00,2024-12-30 20:00:00,long,154.741,157.09,234.89999999999895,1.0,233.89999999999895,176,20,80,0,signal_flip
baseline_long_short,60m,dev_2023_2024,2024-12-30 20:00:00,2024-12-31 21:00:00,short,157.09,157.344,-25.399999999999068,1.0,-26.399999999999068,25,20,80,0,period_end
baseline_long_short,60m,oos_2025,2025-01-01 22:00:00,2025-01-03 03:00:00,short,157.151,157.308,-15.699999999998226,1.0,-16.699999999998226,29,20,80,0,signal_flip
baseline_long_short,60m,oos_2025,2025-01-03 03:00:00,2025-01-10 04:00:00,long,157.308,158.234,92.60000000000161,1.0,91.60000000000161,121,20,80,0,signal_flip
baseline_long_short,60m,oos_2025,2025-01-10 04:00:00,2025-01-10 06:00:00,short,158.234,158.411,-17.69999999999925,1.0,-18.69999999999925,2,20,80,0,signal_flip
baseline_long_short,60m,oos_2025,2025-01-10 06:00:00,2025-01-10 18:00:00,long,158.411,157.668,-74.2999999999995,1.0,-75.2999999999995,12,20,80,0,signal_flip
baseline_long_short,60m,oos_2025,2025-01-10 18:00:00,2025-01-14 21:00:00,short,157.668,157.981,-31.299999999998818,1.0,-32.29999999999882,51,20,80,0,signal_flip
baseline_long_short,60m,oos_2025,2025-01-14 21:00:00,2025-01-15 11:00:00,long,157.981,156.789,-119.20000000000073,1.0,-120.20000000000073,14,20,80,0,signal_flip
baseline_long_short,60m,oos_2025,2025-01-15 11:00:00,2025-01-20 10:00:00,short,156.789,156.283,50.60000000000002,1.0,49.60000000000002,71,20,80,0,signal_flip
baseline_long_short,60m,oos_2025,2025-01-20 10:00:00,2025-01-21 03:00:00,long,156.283,155.134,-114.90000000000009,1.0,-115.90000000000009,17,20,80,0,signal_flip
baseline_long_short,60m,oos_2025,2025-01-21 03:00:00,2025-01-22 17:00:00,short,155.134,156.616,-148.20000000000277,1.0,-149.20000000000277,38,20,80,0,signal_flip
baseline_long_short,60m,oos_2025,2025-01-22 17:00:00,2025-01-24 08:00:00,long,156.616,155.382,-123.40000000000089,1.0,-124.40000000000089,39,20,80,0,signal_flip
baseline_long_short,60m,oos_2025,2025-01-24 08:00:00,2025-01-28 19:00:00,short,155.382,155.678,-29.599999999999227,1.0,-30.599999999999227,59,20,80,0,signal_flip
baseline_long_short,60m,oos_2025,2025-01-28 19:00:00,2025-01-29 17:00:00,long,155.678,155.222,-45.599999999998886,1.0,-46.599999999998886,22,20,80,0,signal_flip
baseline_long_short,60m,oos_2025,2025-01-29 17:00:00,2025-02-03 01:00:00,short,155.222,155.698,-47.59999999999991,1.0,-48.59999999999991,56,20,80,0,signal_flip
baseline_long_short,60m,oos_2025,2025-02-03 01:00:00,2025-02-05 01:00:00,long,155.698,153.848,-184.99999999999943,1.0,-185.99999999999943,48,20,80,0,signal_flip
baseline_long_short,60m,oos_2025,2025-02-05 01:00:00,2025-02-10 22:00:00,short,153.848,151.984,186.40000000000043,1.0,185.40000000000043,93,20,80,0,signal_flip
baseline_long_short,60m,oos_2025,2025-02-10 22:00:00,2025-02-11 09:00:00,long,151.984,151.867,-11.700000000001864,1.0,-12.700000000001864,11,20,80,0,signal_flip
baseline_long_short,60m,oos_2025,2025-02-11 09:00:00,2025-02-11 10:00:00,short,151.867,151.944,-7.699999999999818,1.0,-8.699999999999818,1,20,80,0,signal_flip
baseline_long_short,60m,oos_2025,2025-02-11 10:00:00,2025-02-14 05:00:00,long,151.944,152.63,68.6000000000007,1.0,67.6000000000007,67,20,80,0,signal_flip
baseline_long_short,60m,oos_2025,2025-02-14 05:00:00,2025-02-27 18:00:00,short,152.63,149.964,266.5999999999997,1.0,265.5999999999997,229,20,80,0,signal_flip
baseline_long_short,60m,oos_2025,2025-02-27 18:00:00,2025-03-04 06:00:00,long,149.964,149.381,-58.29999999999984,1.0,-59.29999999999984,60,20,80,0,signal_flip
baseline_long_short,60m,oos_2025,2025-03-04 06:00:00,2025-03-12 00:00:00,short,149.381,148.048,133.29999999999984,1.0,132.29999999999984,139,20,80,0,signal_flip
baseline_long_short,60m,oos_2025,2025-03-12 00:00:00,2025-03-20 04:00:00,long,148.048,148.368,31.999999999999318,1.0,30.999999999999318,148,20,80,0,signal_flip
baseline_long_short,60m,oos_2025,2025-03-20 04:00:00,2025-03-21 19:00:00,short,148.368,149.215,-84.70000000000084,1.0,-85.70000000000084,39,20,80,0,signal_flip
baseline_long_short,60m,oos_2025,2025-03-21 19:00:00,2025-03-30 22:00:00,long,149.215,149.628,41.29999999999825,1.0,40.29999999999825,123,20,80,0,signal_flip
baseline_long_short,60m,oos_2025,2025-03-30 22:00:00,2025-04-02 17:00:00,short,149.628,150.191,-56.30000000000166,1.0,-57.30000000000166,67,20,80,0,signal_flip
baseline_long_short,60m,oos_2025,2025-04-02 17:00:00,2025-04-02 23:00:00,long,150.191,148.409,-178.20000000000107,1.0,-179.20000000000107,6,20,80,0,signal_flip
baseline_long_short,60m,oos_2025,2025-04-02 23:00:00,2025-04-07 22:00:00,short,148.409,147.717,69.19999999999789,1.0,68.19999999999789,71,20,80,0,signal_flip
baseline_long_short,60m,oos_2025,2025-04-07 22:00:00,2025-04-09 04:00:00,long,147.717,145.33,-238.70000000000005,1.0,-239.70000000000005,30,20,80,0,signal_flip
baseline_long_short,60m,oos_2025,2025-04-09 04:00:00,2025-04-10 09:00:00,short,145.33,146.309,-97.8999999999985,1.0,-98.8999999999985,29,20,80,0,signal_flip
baseline_long_short,60m,oos_2025,2025-04-10 09:00:00,2025-04-10 15:00:00,long,146.309,144.663,-164.59999999999866,1.0,-165.59999999999866,6,20,80,0,signal_flip
baseline_long_short,60m,oos_2025,2025-04-10 15:00:00,2025-04-23 05:00:00,short,144.663,141.955,270.79999999999984,1.0,269.79999999999984,206,20,80,0,signal_flip
baseline_long_short,60m,oos_2025,2025-04-23 05:00:00,2025-04-28 21:00:00,long,141.955,141.968,1.2999999999976808,1.0,0.2999999999976808,88,20,80,0,signal_flip
baseline_long_short,60m,oos_2025,2025-04-28 21:00:00,2025-05-01 00:00:00,short,141.968,143.018,-105.00000000000114,1.0,-106.00000000000114,51,20,80,0,signal_flip
baseline_long_short,60m,oos_2025,2025-05-01 00:00:00,2025-05-05 16:00:00,long,143.018,143.981,96.29999999999939,1.0,95.29999999999939,64,20,80,0,signal_flip
baseline_long_short,60m,oos_2025,2025-05-05 16:00:00,2025-05-08 05:00:00,short,143.981,143.779,20.199999999999818,1.0,19.199999999999818,61,20,80,0,signal_flip
baseline_long_short,60m,oos_2025,2025-05-08 05:00:00,2025-05-14 14:00:00,long,143.779,145.998,221.8999999999994,1.0,220.8999999999994,105,20,80,0,signal_flip
baseline_long_short,60m,oos_2025,2025-05-14 14:00:00,2025-05-27 14:00:00,short,145.998,144.169,182.89999999999793,1.0,181.89999999999793,216,20,80,0,signal_flip
baseline_long_short,60m,oos_2025,2025-05-27 14:00:00,2025-05-30 04:00:00,long,144.169,143.857,-31.200000000001182,1.0,-32.20000000000118,62,20,80,0,signal_flip
baseline_long_short,60m,oos_2025,2025-05-30 04:00:00,2025-06-04 01:00:00,short,143.857,143.99,-13.300000000000978,1.0,-14.300000000000978,69,20,80,0,signal_flip
baseline_long_short,60m,oos_2025,2025-06-04 01:00:00,2025-06-05 02:00:00,long,143.99,142.922,-106.8000000000012,1.0,-107.8000000000012,25,20,80,0,signal_flip
baseline_long_short,60m,oos_2025,2025-06-05 02:00:00,2025-06-05 21:00:00,short,142.922,143.579,-65.70000000000107,1.0,-66.70000000000107,19,20,80,0,signal_flip
baseline_long_short,60m,oos_2025,2025-06-05 21:00:00,2025-06-12 03:00:00,long,143.579,143.956,37.69999999999811,1.0,36.69999999999811,102,20,80,0,signal_flip
baseline_long_short,60m,oos_2025,2025-06-12 03:00:00,2025-06-16 04:00:00,short,143.956,144.481,-52.50000000000057,1.0,-53.50000000000057,49,20,80,0,signal_flip
baseline_long_short,60m,oos_2025,2025-06-16 04:00:00,2025-06-24 09:00:00,long,144.481,145.094,61.299999999999955,1.0,60.299999999999955,149,20,80,0,signal_flip
baseline_long_short,60m,oos_2025,2025-06-24 09:00:00,2025-07-03 13:00:00,short,145.094,145.002,9.199999999998454,1.0,8.199999999998454,172,20,80,0,signal_flip
baseline_long_short,60m,oos_2025,2025-07-03 13:00:00,2025-07-10 11:00:00,long,145.002,146.121,111.89999999999998,1.0,110.89999999999998,118,20,80,0,signal_flip
baseline_long_short,60m,oos_2025,2025-07-10 11:00:00,2025-07-11 05:00:00,short,146.121,147.08,-95.90000000000032,1.0,-96.90000000000032,18,20,80,0,signal_flip
baseline_long_short,60m,oos_2025,2025-07-11 05:00:00,2025-07-21 03:00:00,long,147.08,148.5,141.99999999999875,1.0,140.99999999999875,142,20,80,0,signal_flip
baseline_long_short,60m,oos_2025,2025-07-21 03:00:00,2025-07-25 03:00:00,short,148.5,147.414,108.60000000000127,1.0,107.60000000000127,96,20,80,0,signal_flip
baseline_long_short,60m,oos_2025,2025-07-25 03:00:00,2025-08-03 23:00:00,long,147.414,147.242,-17.199999999999704,1.0,-18.199999999999704,140,20,80,0,signal_flip
baseline_long_short,60m,oos_2025,2025-08-03 23:00:00,2025-08-08 17:00:00,short,147.242,147.737,-49.500000000000455,1.0,-50.500000000000455,114,20,80,0,signal_flip
baseline_long_short,60m,oos_2025,2025-08-08 17:00:00,2025-08-13 09:00:00,long,147.737,147.265,-47.20000000000084,1.0,-48.20000000000084,64,20,80,0,signal_flip
baseline_long_short,60m,oos_2025,2025-08-13 09:00:00,2025-08-18 09:00:00,short,147.265,147.34,-7.500000000001705,1.0,-8.500000000001705,72,20,80,0,signal_flip
baseline_long_short,60m,oos_2025,2025-08-18 09:00:00,2025-08-20 16:00:00,long,147.34,147.192,-14.799999999999613,1.0,-15.799999999999613,55,20,80,0,signal_flip
baseline_long_short,60m,oos_2025,2025-08-20 16:00:00,2025-08-21 17:00:00,short,147.192,148.283,-109.09999999999798,1.0,-110.09999999999798,25,20,80,0,signal_flip
baseline_long_short,60m,oos_2025,2025-08-21 17:00:00,2025-08-25 01:00:00,long,148.283,147.391,-89.19999999999959,1.0,-90.19999999999959,32,20,80,0,signal_flip
baseline_long_short,60m,oos_2025,2025-08-25 01:00:00,2025-08-27 11:00:00,short,147.391,148.118,-72.70000000000039,1.0,-73.70000000000039,58,20,80,0,signal_flip
baseline_long_short,60m,oos_2025,2025-08-27 11:00:00,2025-08-28 06:00:00,long,148.118,147.126,-99.19999999999902,1.0,-100.19999999999902,19,20,80,0,signal_flip
baseline_long_short,60m,oos_2025,2025-08-28 06:00:00,2025-09-01 22:00:00,short,147.126,147.156,-3.0000000000001137,1.0,-4.000000000000114,64,20,80,0,signal_flip
baseline_long_short,60m,oos_2025,2025-09-01 22:00:00,2025-09-05 11:00:00,long,147.156,148.148,99.19999999999902,1.0,98.19999999999902,85,20,80,0,signal_flip
baseline_long_short,60m,oos_2025,2025-09-05 11:00:00,2025-09-11 08:00:00,short,148.148,147.776,37.19999999999857,1.0,36.19999999999857,93,20,80,0,signal_flip
baseline_long_short,60m,oos_2025,2025-09-11 08:00:00,2025-09-12 07:00:00,long,147.776,147.407,-36.89999999999998,1.0,-37.89999999999998,23,20,80,0,signal_flip
baseline_long_short,60m,oos_2025,2025-09-12 07:00:00,2025-09-12 11:00:00,short,147.407,147.752,-34.499999999999886,1.0,-35.499999999999886,4,20,80,0,signal_flip
baseline_long_short,60m,oos_2025,2025-09-12 11:00:00,2025-09-15 16:00:00,long,147.752,147.273,-47.90000000000134,1.0,-48.90000000000134,29,20,80,0,signal_flip
baseline_long_short,60m,oos_2025,2025-09-15 16:00:00,2025-09-18 11:00:00,short,147.273,147.26,1.300000000000523,1.0,0.30000000000052296,67,20,80,0,signal_flip
baseline_long_short,60m,oos_2025,2025-09-18 11:00:00,2025-09-23 06:00:00,long,147.26,147.801,54.09999999999968,1.0,53.09999999999968,67,20,80,0,signal_flip
baseline_long_short,60m,oos_2025,2025-09-23 06:00:00,2025-09-24 12:00:00,short,147.801,148.501,-70.0000000000017,1.0,-71.0000000000017,30,20,80,0,signal_flip
baseline_long_short,60m,oos_2025,2025-09-24 12:00:00,2025-09-29 12:00:00,long,148.501,148.63,12.899999999999068,1.0,11.899999999999068,72,20,80,0,signal_flip
baseline_long_short,60m,oos_2025,2025-09-29 12:00:00,2025-10-03 15:00:00,short,148.63,147.445,118.50000000000023,1.0,117.50000000000023,99,20,80,0,signal_flip
baseline_long_short,60m,oos_2025,2025-10-03 15:00:00,2025-10-12 21:00:00,long,147.445,151.822,437.70000000000095,1.0,436.70000000000095,126,20,80,0,signal_flip
baseline_long_short,60m,oos_2025,2025-10-12 21:00:00,2025-10-20 16:00:00,short,151.822,150.591,123.09999999999945,1.0,122.09999999999945,139,20,80,0,signal_flip
baseline_long_short,60m,oos_2025,2025-10-20 16:00:00,2025-10-28 06:00:00,long,150.591,151.911,131.99999999999932,1.0,130.99999999999932,134,20,80,0,signal_flip
baseline_long_short,60m,oos_2025,2025-10-28 06:00:00,2025-10-30 06:00:00,short,151.911,153.037,-112.60000000000048,1.0,-113.60000000000048,48,20,80,0,signal_flip
baseline_long_short,60m,oos_2025,2025-10-30 06:00:00,2025-11-04 12:00:00,long,153.037,153.57,53.299999999998704,1.0,52.299999999998704,77,20,80,0,signal_flip
baseline_long_short,60m,oos_2025,2025-11-04 12:00:00,2025-11-06 02:00:00,short,153.57,153.87,-30.000000000001137,1.0,-31.000000000001137,38,20,80,0,signal_flip
baseline_long_short,60m,oos_2025,2025-11-06 02:00:00,2025-11-06 16:00:00,long,153.87,153.041,-82.90000000000077,1.0,-83.90000000000077,14,20,80,0,signal_flip
baseline_long_short,60m,oos_2025,2025-11-06 16:00:00,2025-11-10 08:00:00,short,153.041,154.046,-100.49999999999955,1.0,-101.49999999999955,40,20,80,0,signal_flip
baseline_long_short,60m,oos_2025,2025-11-10 08:00:00,2025-11-14 15:00:00,long,154.046,154.356,31.000000000000227,1.0,30.000000000000227,103,20,80,0,signal_flip
baseline_long_short,60m,oos_2025,2025-11-14 15:00:00,2025-11-17 11:00:00,short,154.356,154.843,-48.69999999999948,1.0,-49.69999999999948,20,20,80,0,signal_flip
baseline_long_short,60m,oos_2025,2025-11-17 11:00:00,2025-11-24 01:00:00,long,154.843,156.735,189.20000000000243,1.0,188.20000000000243,110,20,80,0,signal_flip
baseline_long_short,60m,oos_2025,2025-11-24 01:00:00,2025-11-28 07:00:00,short,156.735,156.381,35.40000000000134,1.0,34.40000000000134,102,20,80,0,signal_flip
baseline_long_short,60m,oos_2025,2025-11-28 07:00:00,2025-11-28 20:00:00,long,156.381,156.118,-26.300000000000523,1.0,-27.300000000000523,13,20,80,0,signal_flip
baseline_long_short,60m,oos_2025,2025-11-28 20:00:00,2025-12-02 23:00:00,short,156.118,155.854,26.39999999999816,1.0,25.39999999999816,51,20,80,0,signal_flip
baseline_long_short,60m,oos_2025,2025-12-02 23:00:00,2025-12-03 11:00:00,long,155.854,155.528,-32.60000000000218,1.0,-33.60000000000218,12,20,80,0,signal_flip
baseline_long_short,60m,oos_2025,2025-12-03 11:00:00,2025-12-08 06:00:00,short,155.528,155.198,32.99999999999841,1.0,31.99999999999841,67,20,80,0,signal_flip
baseline_long_short,60m,oos_2025,2025-12-08 06:00:00,2025-12-11 09:00:00,long,155.198,155.883,68.50000000000023,1.0,67.50000000000023,75,20,80,0,signal_flip
baseline_long_short,60m,oos_2025,2025-12-11 09:00:00,2025-12-17 18:00:00,short,155.883,155.533,35.000000000002274,1.0,34.000000000002274,105,20,80,0,signal_flip
baseline_long_short,60m,oos_2025,2025-12-17 18:00:00,2025-12-23 10:00:00,long,155.533,155.965,43.20000000000164,1.0,42.20000000000164,88,20,80,0,signal_flip
baseline_long_short,60m,oos_2025,2025-12-23 10:00:00,2025-12-26 13:00:00,short,155.965,156.417,-45.19999999999982,1.0,-46.19999999999982,61,20,80,0,signal_flip
baseline_long_short,60m,oos_2025,2025-12-26 13:00:00,2025-12-30 07:00:00,long,156.417,156.036,-38.10000000000002,1.0,-39.10000000000002,42,20,80,0,signal_flip
baseline_long_short,60m,oos_2025,2025-12-30 07:00:00,2025-12-31 04:00:00,short,156.036,156.492,-45.599999999998886,1.0,-46.599999999998886,21,20,80,0,signal_flip
baseline_long_short,60m,oos_2025,2025-12-31 04:00:00,2025-12-31 21:00:00,long,156.492,156.632,14.000000000001478,1.0,13.000000000001478,17,20,80,0,period_end
baseline_long_short,240m,full_2023_2025,2023-01-01 20:00:00,2023-01-09 00:00:00,short,130.925,131.805,-87.99999999999955,1.0,-88.99999999999955,32,20,80,0,signal_flip
baseline_long_short,240m,full_2023_2025,2023-01-09 00:00:00,2023-01-11 08:00:00,long,131.805,132.42,61.49999999999807,1.0,60.49999999999807,14,20,80,0,signal_flip
baseline_long_short,240m,full_2023_2025,2023-01-11 08:00:00,2023-01-25 12:00:00,short,132.42,129.691,272.8999999999985,1.0,271.8999999999985,63,20,80,0,signal_flip
baseline_long_short,240m,full_2023_2025,2023-01-25 12:00:00,2023-02-03 00:00:00,long,129.691,128.763,-92.79999999999973,1.0,-93.79999999999973,40,20,80,0,signal_flip
baseline_long_short,240m,full_2023_2025,2023-02-03 00:00:00,2023-02-06 16:00:00,short,128.763,132.845,-408.19999999999936,1.0,-409.19999999999936,11,20,80,0,signal_flip
baseline_long_short,240m,full_2023_2025,2023-02-06 16:00:00,2023-03-13 12:00:00,long,132.845,133.151,30.60000000000116,1.0,29.60000000000116,154,20,80,0,signal_flip
baseline_long_short,240m,full_2023_2025,2023-03-13 12:00:00,2023-03-31 08:00:00,short,133.151,133.13,2.1000000000015007,1.0,1.1000000000015007,85,20,80,0,signal_flip
baseline_long_short,240m,full_2023_2025,2023-03-31 08:00:00,2023-04-06 20:00:00,long,133.13,131.78,-134.99999999999943,1.0,-135.99999999999943,28,20,80,0,signal_flip
baseline_long_short,240m,full_2023_2025,2023-04-06 20:00:00,2023-04-10 16:00:00,short,131.78,133.753,-197.29999999999848,1.0,-198.29999999999848,12,20,80,0,signal_flip
baseline_long_short,240m,full_2023_2025,2023-04-10 16:00:00,2023-04-28 00:00:00,long,133.753,133.804,5.100000000001614,1.0,4.100000000001614,82,20,80,0,signal_flip
baseline_long_short,240m,full_2023_2025,2023-04-28 00:00:00,2023-04-28 12:00:00,short,133.804,136.13,-232.59999999999934,1.0,-233.59999999999934,3,20,80,0,signal_flip
baseline_long_short,240m,full_2023_2025,2023-04-28 12:00:00,2023-05-08 00:00:00,long,136.13,135.192,-93.79999999999882,1.0,-94.79999999999882,35,20,80,0,signal_flip
baseline_long_short,240m,full_2023_2025,2023-05-08 00:00:00,2023-05-10 12:00:00,short,135.192,135.312,-12.000000000000455,1.0,-13.000000000000455,15,20,80,0,signal_flip
baseline_long_short,240m,full_2023_2025,2023-05-10 12:00:00,2023-05-11 00:00:00,long,135.312,134.101,-121.10000000000127,1.0,-122.10000000000127,3,20,80,0,signal_flip
baseline_long_short,240m,full_2023_2025,2023-05-11 00:00:00,2023-05-16 08:00:00,short,134.101,135.791,-168.99999999999977,1.0,-169.99999999999977,21,20,80,0,signal_flip
baseline_long_short,240m,full_2023_2025,2023-05-16 08:00:00,2023-06-08 20:00:00,long,135.791,138.915,312.3999999999995,1.0,311.3999999999995,108,20,80,0,signal_flip
baseline_long_short,240m,full_2023_2025,2023-06-08 20:00:00,2023-06-15 00:00:00,short,138.915,139.968,-105.29999999999973,1.0,-106.29999999999973,26,20,80,0,signal_flip
baseline_long_short,240m,full_2023_2025,2023-06-15 00:00:00,2023-07-10 00:00:00,long,139.968,142.21,224.20000000000186,1.0,223.20000000000186,106,20,80,0,signal_flip
baseline_long_short,240m,full_2023_2025,2023-07-10 00:00:00,2023-07-24 08:00:00,short,142.21,141.412,79.80000000000018,1.0,78.80000000000018,64,20,80,0,signal_flip
baseline_long_short,240m,full_2023_2025,2023-07-24 08:00:00,2023-10-09 08:00:00,long,141.412,149.166,775.3999999999991,1.0,774.3999999999991,341,20,80,0,signal_flip
baseline_long_short,240m,full_2023_2025,2023-10-09 08:00:00,2023-10-13 12:00:00,short,149.166,149.61,-44.40000000000168,1.0,-45.40000000000168,25,20,80,0,signal_flip
baseline_long_short,240m,full_2023_2025,2023-10-13 12:00:00,2023-11-07 00:00:00,long,149.61,149.985,37.5,1.0,36.5,103,20,80,0,signal_flip
baseline_long_short,240m,full_2023_2025,2023-11-07 00:00:00,2023-11-08 20:00:00,short,149.985,151.032,-104.6999999999997,1.0,-105.6999999999997,11,20,80,0,signal_flip
baseline_long_short,240m,full_2023_2025,2023-11-08 20:00:00,2023-11-17 16:00:00,long,151.032,149.556,-147.5999999999999,1.0,-148.5999999999999,42,20,80,0,signal_flip
baseline_long_short,240m,full_2023_2025,2023-11-17 16:00:00,2024-01-04 20:00:00,short,149.556,144.577,497.90000000000134,1.0,496.90000000000134,203,20,80,0,signal_flip
baseline_long_short,240m,full_2023_2025,2024-01-04 20:00:00,2024-02-01 00:00:00,long,144.577,147.005,242.79999999999973,1.0,241.79999999999973,119,20,80,0,signal_flip
baseline_long_short,240m,full_2023_2025,2024-02-01 00:00:00,2024-02-06 12:00:00,short,147.005,148.679,-167.40000000000066,1.0,-168.40000000000066,22,20,80,0,signal_flip
baseline_long_short,240m,full_2023_2025,2024-02-06 12:00:00,2024-03-01 16:00:00,long,148.679,150.122,144.3000000000012,1.0,143.3000000000012,112,20,80,0,signal_flip
baseline_long_short,240m,full_2023_2025,2024-03-01 16:00:00,2024-03-19 08:00:00,short,150.122,150.259,-13.699999999997203,1.0,-14.699999999997203,73,20,80,0,signal_flip
baseline_long_short,240m,full_2023_2025,2024-03-19 08:00:00,2024-05-05 20:00:00,long,150.259,152.886,262.70000000000095,1.0,261.70000000000095,208,20,80,0,signal_flip
baseline_long_short,240m,full_2023_2025,2024-05-05 20:00:00,2024-05-13 00:00:00,short,152.886,155.83,-294.4000000000017,1.0,-295.4000000000017,32,20,80,0,signal_flip
baseline_long_short,240m,full_2023_2025,2024-05-13 00:00:00,2024-06-04 16:00:00,long,155.83,154.872,-95.79999999999984,1.0,-96.79999999999984,103,20,80,0,signal_flip
baseline_long_short,240m,full_2023_2025,2024-06-04 16:00:00,2024-06-11 20:00:00,short,154.872,157.086,-221.39999999999986,1.0,-222.39999999999986,32,20,80,0,signal_flip
baseline_long_short,240m,full_2023_2025,2024-06-11 20:00:00,2024-07-12 04:00:00,long,157.086,159.23,214.3999999999977,1.0,213.3999999999977,138,20,80,0,signal_flip
baseline_long_short,240m,full_2023_2025,2024-07-12 04:00:00,2024-08-16 12:00:00,short,159.23,148.045,1118.5000000000002,1.0,1117.5000000000002,157,20,80,0,signal_flip
baseline_long_short,240m,full_2023_2025,2024-08-16 12:00:00,2024-08-21 12:00:00,long,148.045,146.06,-198.49999999999852,1.0,-199.49999999999852,19,20,80,0,signal_flip
baseline_long_short,240m,full_2023_2025,2024-08-21 12:00:00,2024-09-03 08:00:00,short,146.06,145.945,11.50000000000091,1.0,10.50000000000091,55,20,80,0,signal_flip
baseline_long_short,240m,full_2023_2025,2024-09-03 08:00:00,2024-09-05 16:00:00,long,145.945,143.432,-251.30000000000052,1.0,-252.30000000000052,14,20,80,0,signal_flip
baseline_long_short,240m,full_2023_2025,2024-09-05 16:00:00,2024-09-20 16:00:00,short,143.432,143.911,-47.90000000000134,1.0,-48.90000000000134,68,20,80,0,signal_flip
baseline_long_short,240m,full_2023_2025,2024-09-20 16:00:00,2024-11-26 04:00:00,long,143.911,153.741,983.0000000000013,1.0,982.0000000000013,289,20,80,0,signal_flip
baseline_long_short,240m,full_2023_2025,2024-11-26 04:00:00,2024-12-11 20:00:00,short,153.741,152.64,110.10000000000275,1.0,109.10000000000275,72,20,80,0,signal_flip
baseline_long_short,240m,full_2023_2025,2024-12-11 20:00:00,2025-01-15 16:00:00,long,152.64,156.29,365.00000000000057,1.0,364.00000000000057,146,20,80,0,signal_flip
baseline_long_short,240m,full_2023_2025,2025-01-15 16:00:00,2025-03-18 16:00:00,short,156.29,149.491,679.8999999999978,1.0,678.8999999999978,273,20,80,0,signal_flip
baseline_long_short,240m,full_2023_2025,2025-03-18 16:00:00,2025-04-02 16:00:00,long,149.491,149.989,49.799999999999045,1.0,48.799999999999045,68,20,80,0,signal_flip
baseline_long_short,240m,full_2023_2025,2025-04-02 16:00:00,2025-04-28 00:00:00,short,149.989,143.851,613.8000000000005,1.0,612.8000000000005,108,20,80,0,signal_flip
baseline_long_short,240m,full_2023_2025,2025-04-28 00:00:00,2025-05-20 08:00:00,long,143.851,144.127,27.600000000001046,1.0,26.600000000001046,101,20,80,0,signal_flip
baseline_long_short,240m,full_2023_2025,2025-05-20 08:00:00,2025-06-01 20:00:00,short,144.127,143.795,33.200000000002206,1.0,32.200000000002206,53,20,80,0,signal_flip
baseline_long_short,240m,full_2023_2025,2025-06-01 20:00:00,2025-06-02 12:00:00,long,143.795,142.755,-103.9999999999992,1.0,-104.9999999999992,4,20,80,0,signal_flip
baseline_long_short,240m,full_2023_2025,2025-06-02 12:00:00,2025-06-06 16:00:00,short,142.755,144.878,-212.29999999999905,1.0,-213.29999999999905,25,20,80,0,signal_flip
baseline_long_short,240m,full_2023_2025,2025-06-06 16:00:00,2025-06-16 16:00:00,long,144.878,144.132,-74.59999999999809,1.0,-75.59999999999809,38,20,80,0,signal_flip
baseline_long_short,240m,full_2023_2025,2025-06-16 16:00:00,2025-06-17 00:00:00,short,144.132,144.682,-54.999999999998295,1.0,-55.999999999998295,2,20,80,0,signal_flip
baseline_long_short,240m,full_2023_2025,2025-06-17 00:00:00,2025-06-27 08:00:00,long,144.682,144.48,-20.199999999999818,1.0,-21.199999999999818,51,20,80,0,signal_flip
baseline_long_short,240m,full_2023_2025,2025-06-27 08:00:00,2025-07-08 08:00:00,short,144.48,146.039,-155.89999999999975,1.0,-156.89999999999975,44,20,80,0,signal_flip
baseline_long_short,240m,full_2023_2025,2025-07-08 08:00:00,2025-07-24 00:00:00,long,146.039,146.35,31.100000000000705,1.0,30.100000000000705,72,20,80,0,signal_flip
baseline_long_short,240m,full_2023_2025,2025-07-24 00:00:00,2025-07-29 12:00:00,short,146.35,148.717,-236.70000000000186,1.0,-237.70000000000186,22,20,80,0,signal_flip
baseline_long_short,240m,full_2023_2025,2025-07-29 12:00:00,2025-08-06 04:00:00,long,148.717,147.4,-131.70000000000073,1.0,-132.70000000000073,35,20,80,0,signal_flip
baseline_long_short,240m,full_2023_2025,2025-08-06 04:00:00,2025-08-20 08:00:00,short,147.4,147.627,-22.700000000000387,1.0,-23.700000000000387,63,20,80,0,signal_flip
baseline_long_short,240m,full_2023_2025,2025-08-20 08:00:00,2025-08-27 08:00:00,long,147.627,147.758,13.100000000000023,1.0,12.100000000000023,31,20,80,0,signal_flip
baseline_long_short,240m,full_2023_2025,2025-08-27 08:00:00,2025-09-03 08:00:00,short,147.758,148.735,-97.70000000000039,1.0,-98.70000000000039,31,20,80,0,signal_flip
baseline_long_short,240m,full_2023_2025,2025-09-03 08:00:00,2025-09-10 00:00:00,long,148.735,147.391,-134.40000000000225,1.0,-135.40000000000225,29,20,80,0,signal_flip
baseline_long_short,240m,full_2023_2025,2025-09-10 00:00:00,2025-09-22 12:00:00,short,147.391,147.842,-45.10000000000218,1.0,-46.10000000000218,53,20,80,0,signal_flip
baseline_long_short,240m,full_2023_2025,2025-09-22 12:00:00,2025-10-02 08:00:00,long,147.842,147.079,-76.30000000000052,1.0,-77.30000000000052,48,20,80,0,signal_flip
baseline_long_short,240m,full_2023_2025,2025-10-02 08:00:00,2025-10-07 04:00:00,short,147.079,150.361,-328.1999999999982,1.0,-329.1999999999982,18,20,80,0,signal_flip
baseline_long_short,240m,full_2023_2025,2025-10-07 04:00:00,2025-10-20 12:00:00,long,150.361,150.702,34.10000000000082,1.0,33.10000000000082,58,20,80,0,signal_flip
baseline_long_short,240m,full_2023_2025,2025-10-20 12:00:00,2025-10-23 12:00:00,short,150.702,152.669,-196.7000000000013,1.0,-197.7000000000013,18,20,80,0,signal_flip
baseline_long_short,240m,full_2023_2025,2025-10-23 12:00:00,2025-12-02 00:00:00,long,152.669,155.56,289.0999999999991,1.0,288.0999999999991,171,20,80,0,signal_flip
baseline_long_short,240m,full_2023_2025,2025-12-02 00:00:00,2025-12-10 12:00:00,short,155.56,156.708,-114.79999999999961,1.0,-115.79999999999961,40,20,80,0,signal_flip
baseline_long_short,240m,full_2023_2025,2025-12-10 12:00:00,2025-12-15 16:00:00,long,156.708,155.157,-155.09999999999877,1.0,-156.09999999999877,20,20,80,0,signal_flip
baseline_long_short,240m,full_2023_2025,2025-12-15 16:00:00,2025-12-19 16:00:00,short,155.157,157.47,-231.29999999999882,1.0,-232.29999999999882,24,20,80,0,signal_flip
baseline_long_short,240m,full_2023_2025,2025-12-19 16:00:00,2025-12-31 20:00:00,long,157.47,156.751,-71.89999999999941,1.0,-72.89999999999941,48,20,80,0,period_end
baseline_long_short,240m,dev_2023_2024,2023-01-01 20:00:00,2023-01-09 00:00:00,short,130.925,131.805,-87.99999999999955,1.0,-88.99999999999955,32,20,80,0,signal_flip
baseline_long_short,240m,dev_2023_2024,2023-01-09 00:00:00,2023-01-11 08:00:00,long,131.805,132.42,61.49999999999807,1.0,60.49999999999807,14,20,80,0,signal_flip
baseline_long_short,240m,dev_2023_2024,2023-01-11 08:00:00,2023-01-25 12:00:00,short,132.42,129.691,272.8999999999985,1.0,271.8999999999985,63,20,80,0,signal_flip
baseline_long_short,240m,dev_2023_2024,2023-01-25 12:00:00,2023-02-03 00:00:00,long,129.691,128.763,-92.79999999999973,1.0,-93.79999999999973,40,20,80,0,signal_flip
baseline_long_short,240m,dev_2023_2024,2023-02-03 00:00:00,2023-02-06 16:00:00,short,128.763,132.845,-408.19999999999936,1.0,-409.19999999999936,11,20,80,0,signal_flip
baseline_long_short,240m,dev_2023_2024,2023-02-06 16:00:00,2023-03-13 12:00:00,long,132.845,133.151,30.60000000000116,1.0,29.60000000000116,154,20,80,0,signal_flip
baseline_long_short,240m,dev_2023_2024,2023-03-13 12:00:00,2023-03-31 08:00:00,short,133.151,133.13,2.1000000000015007,1.0,1.1000000000015007,85,20,80,0,signal_flip
baseline_long_short,240m,dev_2023_2024,2023-03-31 08:00:00,2023-04-06 20:00:00,long,133.13,131.78,-134.99999999999943,1.0,-135.99999999999943,28,20,80,0,signal_flip
baseline_long_short,240m,dev_2023_2024,2023-04-06 20:00:00,2023-04-10 16:00:00,short,131.78,133.753,-197.29999999999848,1.0,-198.29999999999848,12,20,80,0,signal_flip
baseline_long_short,240m,dev_2023_2024,2023-04-10 16:00:00,2023-04-28 00:00:00,long,133.753,133.804,5.100000000001614,1.0,4.100000000001614,82,20,80,0,signal_flip
baseline_long_short,240m,dev_2023_2024,2023-04-28 00:00:00,2023-04-28 12:00:00,short,133.804,136.13,-232.59999999999934,1.0,-233.59999999999934,3,20,80,0,signal_flip
baseline_long_short,240m,dev_2023_2024,2023-04-28 12:00:00,2023-05-08 00:00:00,long,136.13,135.192,-93.79999999999882,1.0,-94.79999999999882,35,20,80,0,signal_flip
baseline_long_short,240m,dev_2023_2024,2023-05-08 00:00:00,2023-05-10 12:00:00,short,135.192,135.312,-12.000000000000455,1.0,-13.000000000000455,15,20,80,0,signal_flip
baseline_long_short,240m,dev_2023_2024,2023-05-10 12:00:00,2023-05-11 00:00:00,long,135.312,134.101,-121.10000000000127,1.0,-122.10000000000127,3,20,80,0,signal_flip
baseline_long_short,240m,dev_2023_2024,2023-05-11 00:00:00,2023-05-16 08:00:00,short,134.101,135.791,-168.99999999999977,1.0,-169.99999999999977,21,20,80,0,signal_flip
baseline_long_short,240m,dev_2023_2024,2023-05-16 08:00:00,2023-06-08 20:00:00,long,135.791,138.915,312.3999999999995,1.0,311.3999999999995,108,20,80,0,signal_flip
baseline_long_short,240m,dev_2023_2024,2023-06-08 20:00:00,2023-06-15 00:00:00,short,138.915,139.968,-105.29999999999973,1.0,-106.29999999999973,26,20,80,0,signal_flip
baseline_long_short,240m,dev_2023_2024,2023-06-15 00:00:00,2023-07-10 00:00:00,long,139.968,142.21,224.20000000000186,1.0,223.20000000000186,106,20,80,0,signal_flip
baseline_long_short,240m,dev_2023_2024,2023-07-10 00:00:00,2023-07-24 08:00:00,short,142.21,141.412,79.80000000000018,1.0,78.80000000000018,64,20,80,0,signal_flip
baseline_long_short,240m,dev_2023_2024,2023-07-24 08:00:00,2023-10-09 08:00:00,long,141.412,149.166,775.3999999999991,1.0,774.3999999999991,341,20,80,0,signal_flip
baseline_long_short,240m,dev_2023_2024,2023-10-09 08:00:00,2023-10-13 12:00:00,short,149.166,149.61,-44.40000000000168,1.0,-45.40000000000168,25,20,80,0,signal_flip
baseline_long_short,240m,dev_2023_2024,2023-10-13 12:00:00,2023-11-07 00:00:00,long,149.61,149.985,37.5,1.0,36.5,103,20,80,0,signal_flip
baseline_long_short,240m,dev_2023_2024,2023-11-07 00:00:00,2023-11-08 20:00:00,short,149.985,151.032,-104.6999999999997,1.0,-105.6999999999997,11,20,80,0,signal_flip
baseline_long_short,240m,dev_2023_2024,2023-11-08 20:00:00,2023-11-17 16:00:00,long,151.032,149.556,-147.5999999999999,1.0,-148.5999999999999,42,20,80,0,signal_flip
baseline_long_short,240m,dev_2023_2024,2023-11-17 16:00:00,2024-01-04 20:00:00,short,149.556,144.577,497.90000000000134,1.0,496.90000000000134,203,20,80,0,signal_flip
baseline_long_short,240m,dev_2023_2024,2024-01-04 20:00:00,2024-02-01 00:00:00,long,144.577,147.005,242.79999999999973,1.0,241.79999999999973,119,20,80,0,signal_flip
baseline_long_short,240m,dev_2023_2024,2024-02-01 00:00:00,2024-02-06 12:00:00,short,147.005,148.679,-167.40000000000066,1.0,-168.40000000000066,22,20,80,0,signal_flip
baseline_long_short,240m,dev_2023_2024,2024-02-06 12:00:00,2024-03-01 16:00:00,long,148.679,150.122,144.3000000000012,1.0,143.3000000000012,112,20,80,0,signal_flip
baseline_long_short,240m,dev_2023_2024,2024-03-01 16:00:00,2024-03-19 08:00:00,short,150.122,150.259,-13.699999999997203,1.0,-14.699999999997203,73,20,80,0,signal_flip
baseline_long_short,240m,dev_2023_2024,2024-03-19 08:00:00,2024-05-05 20:00:00,long,150.259,152.886,262.70000000000095,1.0,261.70000000000095,208,20,80,0,signal_flip
baseline_long_short,240m,dev_2023_2024,2024-05-05 20:00:00,2024-05-13 00:00:00,short,152.886,155.83,-294.4000000000017,1.0,-295.4000000000017,32,20,80,0,signal_flip
baseline_long_short,240m,dev_2023_2024,2024-05-13 00:00:00,2024-06-04 16:00:00,long,155.83,154.872,-95.79999999999984,1.0,-96.79999999999984,103,20,80,0,signal_flip
baseline_long_short,240m,dev_2023_2024,2024-06-04 16:00:00,2024-06-11 20:00:00,short,154.872,157.086,-221.39999999999986,1.0,-222.39999999999986,32,20,80,0,signal_flip
baseline_long_short,240m,dev_2023_2024,2024-06-11 20:00:00,2024-07-12 04:00:00,long,157.086,159.23,214.3999999999977,1.0,213.3999999999977,138,20,80,0,signal_flip
baseline_long_short,240m,dev_2023_2024,2024-07-12 04:00:00,2024-08-16 12:00:00,short,159.23,148.045,1118.5000000000002,1.0,1117.5000000000002,157,20,80,0,signal_flip
baseline_long_short,240m,dev_2023_2024,2024-08-16 12:00:00,2024-08-21 12:00:00,long,148.045,146.06,-198.49999999999852,1.0,-199.49999999999852,19,20,80,0,signal_flip
baseline_long_short,240m,dev_2023_2024,2024-08-21 12:00:00,2024-09-03 08:00:00,short,146.06,145.945,11.50000000000091,1.0,10.50000000000091,55,20,80,0,signal_flip
baseline_long_short,240m,dev_2023_2024,2024-09-03 08:00:00,2024-09-05 16:00:00,long,145.945,143.432,-251.30000000000052,1.0,-252.30000000000052,14,20,80,0,signal_flip
baseline_long_short,240m,dev_2023_2024,2024-09-05 16:00:00,2024-09-20 16:00:00,short,143.432,143.911,-47.90000000000134,1.0,-48.90000000000134,68,20,80,0,signal_flip
baseline_long_short,240m,dev_2023_2024,2024-09-20 16:00:00,2024-11-26 04:00:00,long,143.911,153.741,983.0000000000013,1.0,982.0000000000013,289,20,80,0,signal_flip
baseline_long_short,240m,dev_2023_2024,2024-11-26 04:00:00,2024-12-11 20:00:00,short,153.741,152.64,110.10000000000275,1.0,109.10000000000275,72,20,80,0,signal_flip
baseline_long_short,240m,dev_2023_2024,2024-12-11 20:00:00,2024-12-31 20:00:00,long,152.64,157.308,466.80000000000064,1.0,465.80000000000064,84,20,80,0,period_end
baseline_long_short,240m,oos_2025,2025-01-01 20:00:00,2025-01-15 16:00:00,long,157.151,156.29,-86.10000000000184,1.0,-87.10000000000184,61,20,80,0,signal_flip
baseline_long_short,240m,oos_2025,2025-01-15 16:00:00,2025-03-18 16:00:00,short,156.29,149.491,679.8999999999978,1.0,678.8999999999978,273,20,80,0,signal_flip
baseline_long_short,240m,oos_2025,2025-03-18 16:00:00,2025-04-02 16:00:00,long,149.491,149.989,49.799999999999045,1.0,48.799999999999045,68,20,80,0,signal_flip
baseline_long_short,240m,oos_2025,2025-04-02 16:00:00,2025-04-28 00:00:00,short,149.989,143.851,613.8000000000005,1.0,612.8000000000005,108,20,80,0,signal_flip
baseline_long_short,240m,oos_2025,2025-04-28 00:00:00,2025-05-20 08:00:00,long,143.851,144.127,27.600000000001046,1.0,26.600000000001046,101,20,80,0,signal_flip
baseline_long_short,240m,oos_2025,2025-05-20 08:00:00,2025-06-01 20:00:00,short,144.127,143.795,33.200000000002206,1.0,32.200000000002206,53,20,80,0,signal_flip
baseline_long_short,240m,oos_2025,2025-06-01 20:00:00,2025-06-02 12:00:00,long,143.795,142.755,-103.9999999999992,1.0,-104.9999999999992,4,20,80,0,signal_flip
baseline_long_short,240m,oos_2025,2025-06-02 12:00:00,2025-06-06 16:00:00,short,142.755,144.878,-212.29999999999905,1.0,-213.29999999999905,25,20,80,0,signal_flip
baseline_long_short,240m,oos_2025,2025-06-06 16:00:00,2025-06-16 16:00:00,long,144.878,144.132,-74.59999999999809,1.0,-75.59999999999809,38,20,80,0,signal_flip
baseline_long_short,240m,oos_2025,2025-06-16 16:00:00,2025-06-17 00:00:00,short,144.132,144.682,-54.999999999998295,1.0,-55.999999999998295,2,20,80,0,signal_flip
baseline_long_short,240m,oos_2025,2025-06-17 00:00:00,2025-06-27 08:00:00,long,144.682,144.48,-20.199999999999818,1.0,-21.199999999999818,51,20,80,0,signal_flip
baseline_long_short,240m,oos_2025,2025-06-27 08:00:00,2025-07-08 08:00:00,short,144.48,146.039,-155.89999999999975,1.0,-156.89999999999975,44,20,80,0,signal_flip
baseline_long_short,240m,oos_2025,2025-07-08 08:00:00,2025-07-24 00:00:00,long,146.039,146.35,31.100000000000705,1.0,30.100000000000705,72,20,80,0,signal_flip
baseline_long_short,240m,oos_2025,2025-07-24 00:00:00,2025-07-29 12:00:00,short,146.35,148.717,-236.70000000000186,1.0,-237.70000000000186,22,20,80,0,signal_flip
baseline_long_short,240m,oos_2025,2025-07-29 12:00:00,2025-08-06 04:00:00,long,148.717,147.4,-131.70000000000073,1.0,-132.70000000000073,35,20,80,0,signal_flip
baseline_long_short,240m,oos_2025,2025-08-06 04:00:00,2025-08-20 08:00:00,short,147.4,147.627,-22.700000000000387,1.0,-23.700000000000387,63,20,80,0,signal_flip
baseline_long_short,240m,oos_2025,2025-08-20 08:00:00,2025-08-27 08:00:00,long,147.627,147.758,13.100000000000023,1.0,12.100000000000023,31,20,80,0,signal_flip
baseline_long_short,240m,oos_2025,2025-08-27 08:00:00,2025-09-03 08:00:00,short,147.758,148.735,-97.70000000000039,1.0,-98.70000000000039,31,20,80,0,signal_flip
baseline_long_short,240m,oos_2025,2025-09-03 08:00:00,2025-09-10 00:00:00,long,148.735,147.391,-134.40000000000225,1.0,-135.40000000000225,29,20,80,0,signal_flip
baseline_long_short,240m,oos_2025,2025-09-10 00:00:00,2025-09-22 12:00:00,short,147.391,147.842,-45.10000000000218,1.0,-46.10000000000218,53,20,80,0,signal_flip
baseline_long_short,240m,oos_2025,2025-09-22 12:00:00,2025-10-02 08:00:00,long,147.842,147.079,-76.30000000000052,1.0,-77.30000000000052,48,20,80,0,signal_flip
baseline_long_short,240m,oos_2025,2025-10-02 08:00:00,2025-10-07 04:00:00,short,147.079,150.361,-328.1999999999982,1.0,-329.1999999999982,18,20,80,0,signal_flip
baseline_long_short,240m,oos_2025,2025-10-07 04:00:00,2025-10-20 12:00:00,long,150.361,150.702,34.10000000000082,1.0,33.10000000000082,58,20,80,0,signal_flip
baseline_long_short,240m,oos_2025,2025-10-20 12:00:00,2025-10-23 12:00:00,short,150.702,152.669,-196.7000000000013,1.0,-197.7000000000013,18,20,80,0,signal_flip
baseline_long_short,240m,oos_2025,2025-10-23 12:00:00,2025-12-02 00:00:00,long,152.669,155.56,289.0999999999991,1.0,288.0999999999991,171,20,80,0,signal_flip
baseline_long_short,240m,oos_2025,2025-12-02 00:00:00,2025-12-10 12:00:00,short,155.56,156.708,-114.79999999999961,1.0,-115.79999999999961,40,20,80,0,signal_flip
baseline_long_short,240m,oos_2025,2025-12-10 12:00:00,2025-12-15 16:00:00,long,156.708,155.157,-155.09999999999877,1.0,-156.09999999999877,20,20,80,0,signal_flip
baseline_long_short,240m,oos_2025,2025-12-15 16:00:00,2025-12-19 16:00:00,short,155.157,157.47,-231.29999999999882,1.0,-232.29999999999882,24,20,80,0,signal_flip
baseline_long_short,240m,oos_2025,2025-12-19 16:00:00,2025-12-31 20:00:00,long,157.47,156.751,-71.89999999999941,1.0,-72.89999999999941,48,20,80,0,period_end
long_only,60m,full_2023_2025,2023-01-04 17:00:00,2023-01-09 07:00:00,long,132.003,131.803,-19.999999999998863,1.0,-20.999999999998863,62,20,80,0,signal_flip
long_only,60m,full_2023_2025,2023-01-11 13:00:00,2023-01-12 10:00:00,long,132.768,130.957,-181.1000000000007,1.0,-182.1000000000007,21,20,80,0,signal_flip
long_only,60m,full_2023_2025,2023-01-17 20:00:00,2023-01-19 06:00:00,long,128.336,127.979,-35.70000000000135,1.0,-36.70000000000135,34,20,80,0,signal_flip
long_only,60m,full_2023_2025,2023-01-20 11:00:00,2023-01-25 18:00:00,long,129.628,129.613,-1.4999999999986358,1.0,-2.4999999999986358,79,20,80,0,signal_flip
long_only,60m,full_2023_2025,2023-01-27 04:00:00,2023-01-27 15:00:00,long,129.86,129.882,2.199999999999136,1.0,1.199999999999136,11,20,80,0,signal_flip
long_only,60m,full_2023_2025,2023-01-29 23:00:00,2023-01-30 06:00:00,long,129.803,129.636,-16.70000000000016,1.0,-17.70000000000016,7,20,80,0,signal_flip
long_only,60m,full_2023_2025,2023-01-30 09:00:00,2023-02-01 12:00:00,long,130.127,129.806,-32.099999999999795,1.0,-33.099999999999795,51,20,80,0,signal_flip
long_only,60m,full_2023_2025,2023-02-03 20:00:00,2023-02-08 08:00:00,long,131.057,130.886,-17.099999999999227,1.0,-18.099999999999227,60,20,80,0,signal_flip
long_only,60m,full_2023_2025,2023-02-10 12:00:00,2023-02-13 02:00:00,long,130.832,131.677,84.49999999999989,1.0,83.49999999999989,14,20,80,0,signal_flip
long_only,60m,full_2023_2025,2023-02-13 04:00:00,2023-02-20 17:00:00,long,132.024,134.095,207.0999999999998,1.0,206.0999999999998,133,20,80,0,signal_flip
long_only,60m,full_2023_2025,2023-02-21 07:00:00,2023-02-24 08:00:00,long,134.502,134.837,33.499999999997954,1.0,32.499999999997954,73,20,80,0,signal_flip
long_only,60m,full_2023_2025,2023-02-24 13:00:00,2023-03-01 12:00:00,long,135.661,135.338,-32.30000000000075,1.0,-33.30000000000075,71,20,80,0,signal_flip
long_only,60m,full_2023_2025,2023-03-02 10:00:00,2023-03-03 20:00:00,long,136.469,135.837,-63.2000000000005,1.0,-64.2000000000005,34,20,80,0,signal_flip
long_only,60m,full_2023_2025,2023-03-07 20:00:00,2023-03-09 18:00:00,long,137.105,136.226,-87.89999999999907,1.0,-88.89999999999907,46,20,80,0,signal_flip
long_only,60m,full_2023_2025,2023-03-22 01:00:00,2023-03-23 04:00:00,long,132.526,130.617,-190.90000000000202,1.0,-191.90000000000202,27,20,80,0,signal_flip
long_only,60m,full_2023_2025,2023-03-27 17:00:00,2023-03-28 19:00:00,long,131.6,130.783,-81.70000000000073,1.0,-82.70000000000073,26,20,80,0,signal_flip
long_only,60m,full_2023_2025,2023-03-28 23:00:00,2023-04-04 01:00:00,long,130.859,132.553,169.39999999999884,1.0,168.39999999999884,98,20,80,0,signal_flip
long_only,60m,full_2023_2025,2023-04-07 08:00:00,2023-04-13 06:00:00,long,131.883,133.294,141.10000000000014,1.0,140.10000000000014,94,20,80,0,signal_flip
long_only,60m,full_2023_2025,2023-04-17 01:00:00,2023-04-20 23:00:00,long,133.842,134.169,32.69999999999982,1.0,31.699999999999818,94,20,80,0,signal_flip
long_only,60m,full_2023_2025,2023-04-24 18:00:00,2023-04-25 13:00:00,long,134.348,133.927,-42.10000000000207,1.0,-43.10000000000207,19,20,80,0,signal_flip
long_only,60m,full_2023_2025,2023-04-27 23:00:00,2023-05-03 07:00:00,long,133.913,135.87,195.69999999999936,1.0,194.69999999999936,80,20,80,0,signal_flip
long_only,60m,full_2023_2025,2023-05-08 07:00:00,2023-05-10 19:00:00,long,134.777,134.255,-52.199999999999136,1.0,-53.199999999999136,60,20,80,0,signal_flip
long_only,60m,full_2023_2025,2023-05-12 16:00:00,2023-05-22 11:00:00,long,135.628,137.969,234.10000000000082,1.0,233.10000000000082,139,20,80,0,signal_flip
long_only,60m,full_2023_2025,2023-05-22 16:00:00,2023-05-30 17:00:00,long,138.657,139.919,126.20000000000005,1.0,125.20000000000005,145,20,80,0,signal_flip
long_only,60m,full_2023_2025,2023-06-05 00:00:00,2023-06-07 03:00:00,long,140.213,139.189,-102.40000000000009,1.0,-103.40000000000009,51,20,80,0,signal_flip
long_only,60m,full_2023_2025,2023-06-08 02:00:00,2023-06-08 18:00:00,long,139.916,138.937,-97.8999999999985,1.0,-98.8999999999985,16,20,80,0,signal_flip
long_only,60m,full_2023_2025,2023-06-12 21:00:00,2023-06-12 22:00:00,long,139.589,139.578,-1.099999999999568,1.0,-2.099999999999568,1,20,80,0,signal_flip
long_only,60m,full_2023_2025,2023-06-12 23:00:00,2023-06-21 03:00:00,long,139.553,141.618,206.49999999999977,1.0,205.49999999999977,148,20,80,0,signal_flip
long_only,60m,full_2023_2025,2023-06-21 14:00:00,2023-07-04 09:00:00,long,142.25,144.384,213.3999999999986,1.0,212.3999999999986,211,20,80,0,signal_flip
long_only,60m,full_2023_2025,2023-07-17 05:00:00,2023-07-26 02:00:00,long,138.624,141.157,253.30000000000155,1.0,252.30000000000155,165,20,80,0,signal_flip
long_only,60m,full_2023_2025,2023-07-31 01:00:00,2023-08-03 22:00:00,long,140.896,142.52,162.40000000000236,1.0,161.40000000000236,93,20,80,0,signal_flip
long_only,60m,full_2023_2025,2023-08-08 04:00:00,2023-08-18 07:00:00,long,143.333,145.372,203.90000000000157,1.0,202.90000000000157,195,20,80,0,signal_flip
long_only,60m,full_2023_2025,2023-08-21 21:00:00,2023-08-23 11:00:00,long,146.197,145.447,-75.0,1.0,-76.0,38,20,80,0,signal_flip
long_only,60m,full_2023_2025,2023-08-25 00:00:00,2023-08-30 01:00:00,long,146.051,145.907,-14.399999999997704,1.0,-15.399999999997704,73,20,80,0,signal_flip
long_only,60m,full_2023_2025,2023-09-04 05:00:00,2023-09-08 01:00:00,long,146.157,146.916,75.89999999999861,1.0,74.89999999999861,92,20,80,0,signal_flip
long_only,60m,full_2023_2025,2023-09-12 23:00:00,2023-09-22 00:00:00,long,147.058,147.646,58.799999999999386,1.0,57.799999999999386,169,20,80,0,signal_flip
long_only,60m,full_2023_2025,2023-09-22 13:00:00,2023-10-01 21:00:00,long,148.251,149.606,135.49999999999898,1.0,134.49999999999898,128,20,80,0,signal_flip
long_only,60m,full_2023_2025,2023-10-02 01:00:00,2023-10-03 23:00:00,long,149.683,149.11,-57.29999999999791,1.0,-58.29999999999791,46,20,80,0,signal_flip
long_only,60m,full_2023_2025,2023-10-06 19:00:00,2023-10-09 23:00:00,long,149.338,148.415,-92.30000000000018,1.0,-93.30000000000018,28,20,80,0,signal_flip
long_only,60m,full_2023_2025,2023-10-11 21:00:00,2023-10-23 23:00:00,long,149.152,149.688,53.600000000000136,1.0,52.600000000000136,194,20,80,0,signal_flip
long_only,60m,full_2023_2025,2023-10-25 04:00:00,2023-10-27 18:00:00,long,149.846,149.52,-32.59999999999934,1.0,-33.59999999999934,62,20,80,0,signal_flip
long_only,60m,full_2023_2025,2023-10-31 15:00:00,2023-11-02 15:00:00,long,151.258,150.288,-96.99999999999989,1.0,-97.99999999999989,48,20,80,0,signal_flip
long_only,60m,full_2023_2025,2023-11-07 09:00:00,2023-11-14 19:00:00,long,150.331,150.534,20.300000000000296,1.0,19.300000000000296,130,20,80,0,signal_flip
long_only,60m,full_2023_2025,2023-11-16 10:00:00,2023-11-16 16:00:00,long,151.275,150.407,-86.7999999999995,1.0,-87.7999999999995,6,20,80,0,signal_flip
long_only,60m,full_2023_2025,2023-11-22 15:00:00,2023-11-27 11:00:00,long,149.352,148.989,-36.299999999999955,1.0,-37.299999999999955,68,20,80,0,signal_flip
long_only,60m,full_2023_2025,2023-12-01 01:00:00,2023-12-04 01:00:00,long,147.765,146.5,-126.49999999999864,1.0,-127.49999999999864,24,20,80,0,signal_flip
long_only,60m,full_2023_2025,2023-12-06 10:00:00,2023-12-07 08:00:00,long,147.318,145.713,-160.50000000000182,1.0,-161.50000000000182,22,20,80,0,signal_flip
long_only,60m,full_2023_2025,2023-12-11 13:00:00,2023-12-13 18:00:00,long,146.36,145.172,-118.80000000000166,1.0,-119.80000000000166,53,20,80,0,signal_flip
long_only,60m,full_2023_2025,2023-12-18 18:00:00,2023-12-21 11:00:00,long,142.919,143.018,9.899999999998954,1.0,8.899999999998954,65,20,80,0,signal_flip
long_only,60m,full_2023_2025,2023-12-27 01:00:00,2023-12-27 23:00:00,long,142.709,141.605,-110.40000000000134,1.0,-111.40000000000134,22,20,80,0,signal_flip
long_only,60m,full_2023_2025,2024-01-02 17:00:00,2024-01-08 22:00:00,long,141.891,144.223,233.2000000000022,1.0,232.2000000000022,101,20,80,0,signal_flip
long_only,60m,full_2023_2025,2024-01-10 07:00:00,2024-01-12 17:00:00,long,145.065,144.854,-21.09999999999843,1.0,-22.09999999999843,58,20,80,0,signal_flip
long_only,60m,full_2023_2025,2024-01-15 16:00:00,2024-01-22 12:00:00,long,145.79,147.887,209.70000000000084,1.0,208.70000000000084,116,20,80,0,signal_flip
long_only,60m,full_2023_2025,2024-01-24 01:00:00,2024-01-24 13:00:00,long,148.112,147.294,-81.79999999999836,1.0,-82.79999999999836,12,20,80,0,signal_flip
long_only,60m,full_2023_2025,2024-01-26 19:00:00,2024-01-30 01:00:00,long,148.135,147.298,-83.69999999999891,1.0,-84.69999999999891,30,20,80,0,signal_flip
long_only,60m,full_2023_2025,2024-02-02 20:00:00,2024-02-07 08:00:00,long,148.328,147.819,-50.900000000001455,1.0,-51.900000000001455,60,20,80,0,signal_flip
long_only,60m,full_2023_2025,2024-02-08 11:00:00,2024-02-15 20:00:00,long,149.1,149.954,85.40000000000134,1.0,84.40000000000134,129,20,80,0,signal_flip
long_only,60m,full_2023_2025,2024-02-20 05:00:00,2024-02-20 23:00:00,long,150.333,149.936,-39.699999999999136,1.0,-40.699999999999136,18,20,80,0,signal_flip
long_only,60m,full_2023_2025,2024-02-21 22:00:00,2024-02-27 14:00:00,long,150.295,150.272,-2.2999999999996135,1.0,-3.2999999999996135,88,20,80,0,signal_flip
long_only,60m,full_2023_2025,2024-02-28 10:00:00,2024-02-29 06:00:00,long,150.743,149.903,-84.00000000000034,1.0,-85.00000000000034,20,20,80,0,signal_flip
long_only,60m,full_2023_2025,2024-03-01 16:00:00,2024-03-04 02:00:00,long,150.122,150.126,0.39999999999906777,1.0,-0.6000000000009322,10,20,80,0,signal_flip
long_only,60m,full_2023_2025,2024-03-04 17:00:00,2024-03-05 22:00:00,long,150.449,150.033,-41.600000000002524,1.0,-42.600000000002524,29,20,80,0,signal_flip
long_only,60m,full_2023_2025,2024-03-12 17:00:00,2024-03-25 06:00:00,long,147.701,151.216,351.5000000000015,1.0,350.5000000000015,205,20,80,0,signal_flip
long_only,60m,full_2023_2025,2024-03-25 20:00:00,2024-03-26 12:00:00,long,151.444,151.388,-5.599999999998317,1.0,-6.599999999998317,16,20,80,0,signal_flip
long_only,60m,full_2023_2025,2024-03-26 23:00:00,2024-03-28 01:00:00,long,151.527,151.414,-11.299999999999955,1.0,-12.299999999999955,26,20,80,0,signal_flip
long_only,60m,full_2023_2025,2024-04-01 14:00:00,2024-04-04 19:00:00,long,151.576,151.201,-37.5,1.0,-38.5,77,20,80,0,signal_flip
long_only,60m,full_2023_2025,2024-04-08 03:00:00,2024-04-18 09:00:00,long,151.77,154.354,258.4000000000003,1.0,257.4000000000003,198,20,80,0,signal_flip
long_only,60m,full_2023_2025,2024-04-18 23:00:00,2024-04-19 10:00:00,long,154.642,154.485,-15.699999999998226,1.0,-16.699999999998226,11,20,80,0,signal_flip
long_only,60m,full_2023_2025,2024-04-21 23:00:00,2024-04-30 00:00:00,long,154.629,156.325,169.5999999999998,1.0,168.5999999999998,145,20,80,0,signal_flip
long_only,60m,full_2023_2025,2024-04-30 06:00:00,2024-05-02 01:00:00,long,156.828,156.015,-81.30000000000166,1.0,-82.30000000000166,43,20,80,0,signal_flip
long_only,60m,full_2023_2025,2024-05-07 04:00:00,2024-05-15 16:00:00,long,154.551,155.024,47.30000000000132,1.0,46.30000000000132,156,20,80,0,signal_flip
long_only,60m,full_2023_2025,2024-05-17 12:00:00,2024-05-27 17:00:00,long,155.853,156.897,104.39999999999827,1.0,103.39999999999827,149,20,80,0,signal_flip
long_only,60m,full_2023_2025,2024-05-28 23:00:00,2024-05-30 17:00:00,long,157.214,156.696,-51.80000000000007,1.0,-52.80000000000007,42,20,80,0,signal_flip
long_only,60m,full_2023_2025,2024-06-03 01:00:00,2024-06-03 15:00:00,long,157.087,156.197,-88.99999999999864,1.0,-89.99999999999864,14,20,80,0,signal_flip
long_only,60m,full_2023_2025,2024-06-06 09:00:00,2024-06-07 10:00:00,long,156.16,155.481,-67.9000000000002,1.0,-68.9000000000002,25,20,80,0,signal_flip
long_only,60m,full_2023_2025,2024-06-07 13:00:00,2024-06-12 17:00:00,long,156.777,155.799,-97.79999999999802,1.0,-98.79999999999802,76,20,80,0,signal_flip
long_only,60m,full_2023_2025,2024-06-13 17:00:00,2024-07-04 10:00:00,long,156.847,161.252,440.5000000000001,1.0,439.5000000000001,353,20,80,0,signal_flip
long_only,60m,full_2023_2025,2024-07-09 13:00:00,2024-07-11 15:00:00,long,161.129,158.554,-257.49999999999886,1.0,-258.49999999999886,50,20,80,0,signal_flip
long_only,60m,full_2023_2025,2024-07-16 18:00:00,2024-07-17 08:00:00,long,158.472,157.07,-140.20000000000152,1.0,-141.20000000000152,14,20,80,0,signal_flip
long_only,60m,full_2023_2025,2024-07-19 11:00:00,2024-07-23 00:00:00,long,157.455,156.901,-55.400000000000205,1.0,-56.400000000000205,37,20,80,0,signal_flip
long_only,60m,full_2023_2025,2024-07-29 04:00:00,2024-07-29 05:00:00,long,153.517,153.412,-10.499999999998977,1.0,-11.499999999998977,1,20,80,0,signal_flip
long_only,60m,full_2023_2025,2024-07-29 14:00:00,2024-07-31 02:00:00,long,154.174,152.411,-176.30000000000052,1.0,-177.30000000000052,36,20,80,0,signal_flip
long_only,60m,full_2023_2025,2024-08-07 09:00:00,2024-08-12 08:00:00,long,147.201,147.217,1.6000000000019554,1.0,0.6000000000019554,71,20,80,0,signal_flip
long_only,60m,full_2023_2025,2024-08-12 10:00:00,2024-08-14 02:00:00,long,147.318,146.867,-45.10000000000218,1.0,-46.10000000000218,40,20,80,0,signal_flip
long_only,60m,full_2023_2025,2024-08-15 10:00:00,2024-08-19 05:00:00,long,147.377,146.188,-118.90000000000214,1.0,-119.90000000000214,43,20,80,0,signal_flip
long_only,60m,full_2023_2025,2024-08-23 00:00:00,2024-08-23 19:00:00,long,146.208,144.295,-191.3000000000011,1.0,-192.3000000000011,19,20,80,0,signal_flip
long_only,60m,full_2023_2025,2024-08-28 19:00:00,2024-09-03 23:00:00,long,144.652,145.332,68.00000000000068,1.0,67.00000000000068,100,20,80,0,signal_flip
long_only,60m,full_2023_2025,2024-09-10 02:00:00,2024-09-10 21:00:00,long,143.417,142.401,-101.59999999999911,1.0,-102.59999999999911,19,20,80,0,signal_flip
long_only,60m,full_2023_2025,2024-09-17 19:00:00,2024-09-25 04:00:00,long,141.81,143.297,148.69999999999948,1.0,147.69999999999948,129,20,80,0,signal_flip
long_only,60m,full_2023_2025,2024-09-25 19:00:00,2024-09-27 16:00:00,long,144.681,142.599,-208.2000000000022,1.0,-209.2000000000022,45,20,80,0,signal_flip
long_only,60m,full_2023_2025,2024-10-01 09:00:00,2024-10-16 02:00:00,long,143.805,149.026,522.1000000000004,1.0,521.1000000000004,257,20,80,0,signal_flip
long_only,60m,full_2023_2025,2024-10-16 19:00:00,2024-10-21 03:00:00,long,149.774,149.221,-55.29999999999973,1.0,-56.29999999999973,56,20,80,0,signal_flip
long_only,60m,full_2023_2025,2024-10-21 18:00:00,2024-10-25 09:00:00,long,150.751,151.964,121.29999999999939,1.0,120.29999999999939,87,20,80,0,signal_flip
long_only,60m,full_2023_2025,2024-10-27 23:00:00,2024-10-31 04:00:00,long,152.95,153.05,10.000000000002274,1.0,9.000000000002274,77,20,80,0,signal_flip
long_only,60m,full_2023_2025,2024-11-06 06:00:00,2024-11-08 06:00:00,long,153.741,152.801,-94.00000000000261,1.0,-95.00000000000261,48,20,80,0,signal_flip
long_only,60m,full_2023_2025,2024-11-11 18:00:00,2024-11-17 22:00:00,long,153.877,154.349,47.199999999998,1.0,46.199999999998,100,20,80,0,signal_flip
long_only,60m,full_2023_2025,2024-11-20 10:00:00,2024-11-21 17:00:00,long,155.757,154.652,-110.50000000000182,1.0,-111.50000000000182,31,20,80,0,signal_flip
long_only,60m,full_2023_2025,2024-12-04 13:00:00,2024-12-06 17:00:00,long,151.17,149.79,-137.99999999999955,1.0,-138.99999999999955,52,20,80,0,signal_flip
long_only,60m,full_2023_2025,2024-12-09 16:00:00,2024-12-18 04:00:00,long,151.026,153.615,258.89999999999986,1.0,257.89999999999986,156,20,80,0,signal_flip
long_only,60m,full_2023_2025,2024-12-18 22:00:00,2024-12-30 20:00:00,long,154.741,157.09,234.89999999999895,1.0,233.89999999999895,176,20,80,0,signal_flip
long_only,60m,full_2023_2025,2025-01-03 03:00:00,2025-01-10 04:00:00,long,157.308,158.234,92.60000000000161,1.0,91.60000000000161,121,20,80,0,signal_flip
long_only,60m,full_2023_2025,2025-01-10 06:00:00,2025-01-10 18:00:00,long,158.411,157.668,-74.2999999999995,1.0,-75.2999999999995,12,20,80,0,signal_flip
long_only,60m,full_2023_2025,2025-01-14 21:00:00,2025-01-15 11:00:00,long,157.981,156.789,-119.20000000000073,1.0,-120.20000000000073,14,20,80,0,signal_flip
long_only,60m,full_2023_2025,2025-01-20 10:00:00,2025-01-21 03:00:00,long,156.283,155.134,-114.90000000000009,1.0,-115.90000000000009,17,20,80,0,signal_flip
long_only,60m,full_2023_2025,2025-01-22 17:00:00,2025-01-24 08:00:00,long,156.616,155.382,-123.40000000000089,1.0,-124.40000000000089,39,20,80,0,signal_flip
long_only,60m,full_2023_2025,2025-01-28 19:00:00,2025-01-29 17:00:00,long,155.678,155.222,-45.599999999998886,1.0,-46.599999999998886,22,20,80,0,signal_flip
long_only,60m,full_2023_2025,2025-02-03 01:00:00,2025-02-05 01:00:00,long,155.698,153.848,-184.99999999999943,1.0,-185.99999999999943,48,20,80,0,signal_flip
long_only,60m,full_2023_2025,2025-02-10 22:00:00,2025-02-11 09:00:00,long,151.984,151.867,-11.700000000001864,1.0,-12.700000000001864,11,20,80,0,signal_flip
long_only,60m,full_2023_2025,2025-02-11 10:00:00,2025-02-14 05:00:00,long,151.944,152.63,68.6000000000007,1.0,67.6000000000007,67,20,80,0,signal_flip
long_only,60m,full_2023_2025,2025-02-27 18:00:00,2025-03-04 06:00:00,long,149.964,149.381,-58.29999999999984,1.0,-59.29999999999984,60,20,80,0,signal_flip
long_only,60m,full_2023_2025,2025-03-12 00:00:00,2025-03-20 04:00:00,long,148.048,148.368,31.999999999999318,1.0,30.999999999999318,148,20,80,0,signal_flip
long_only,60m,full_2023_2025,2025-03-21 19:00:00,2025-03-30 22:00:00,long,149.215,149.628,41.29999999999825,1.0,40.29999999999825,123,20,80,0,signal_flip
long_only,60m,full_2023_2025,2025-04-02 17:00:00,2025-04-02 23:00:00,long,150.191,148.409,-178.20000000000107,1.0,-179.20000000000107,6,20,80,0,signal_flip
long_only,60m,full_2023_2025,2025-04-07 22:00:00,2025-04-09 04:00:00,long,147.717,145.33,-238.70000000000005,1.0,-239.70000000000005,30,20,80,0,signal_flip
long_only,60m,full_2023_2025,2025-04-10 09:00:00,2025-04-10 15:00:00,long,146.309,144.663,-164.59999999999866,1.0,-165.59999999999866,6,20,80,0,signal_flip
long_only,60m,full_2023_2025,2025-04-23 05:00:00,2025-04-28 21:00:00,long,141.955,141.968,1.2999999999976808,1.0,0.2999999999976808,88,20,80,0,signal_flip
long_only,60m,full_2023_2025,2025-05-01 00:00:00,2025-05-05 16:00:00,long,143.018,143.981,96.29999999999939,1.0,95.29999999999939,64,20,80,0,signal_flip
long_only,60m,full_2023_2025,2025-05-08 05:00:00,2025-05-14 14:00:00,long,143.779,145.998,221.8999999999994,1.0,220.8999999999994,105,20,80,0,signal_flip
long_only,60m,full_2023_2025,2025-05-27 14:00:00,2025-05-30 04:00:00,long,144.169,143.857,-31.200000000001182,1.0,-32.20000000000118,62,20,80,0,signal_flip
long_only,60m,full_2023_2025,2025-06-04 01:00:00,2025-06-05 02:00:00,long,143.99,142.922,-106.8000000000012,1.0,-107.8000000000012,25,20,80,0,signal_flip
long_only,60m,full_2023_2025,2025-06-05 21:00:00,2025-06-12 03:00:00,long,143.579,143.956,37.69999999999811,1.0,36.69999999999811,102,20,80,0,signal_flip
long_only,60m,full_2023_2025,2025-06-16 04:00:00,2025-06-24 09:00:00,long,144.481,145.094,61.299999999999955,1.0,60.299999999999955,149,20,80,0,signal_flip
long_only,60m,full_2023_2025,2025-07-03 13:00:00,2025-07-10 11:00:00,long,145.002,146.121,111.89999999999998,1.0,110.89999999999998,118,20,80,0,signal_flip
long_only,60m,full_2023_2025,2025-07-11 05:00:00,2025-07-21 03:00:00,long,147.08,148.5,141.99999999999875,1.0,140.99999999999875,142,20,80,0,signal_flip
long_only,60m,full_2023_2025,2025-07-25 03:00:00,2025-08-03 23:00:00,long,147.414,147.242,-17.199999999999704,1.0,-18.199999999999704,140,20,80,0,signal_flip
long_only,60m,full_2023_2025,2025-08-08 17:00:00,2025-08-13 09:00:00,long,147.737,147.265,-47.20000000000084,1.0,-48.20000000000084,64,20,80,0,signal_flip
long_only,60m,full_2023_2025,2025-08-18 09:00:00,2025-08-20 16:00:00,long,147.34,147.192,-14.799999999999613,1.0,-15.799999999999613,55,20,80,0,signal_flip
long_only,60m,full_2023_2025,2025-08-21 17:00:00,2025-08-25 01:00:00,long,148.283,147.391,-89.19999999999959,1.0,-90.19999999999959,32,20,80,0,signal_flip
long_only,60m,full_2023_2025,2025-08-27 11:00:00,2025-08-28 06:00:00,long,148.118,147.126,-99.19999999999902,1.0,-100.19999999999902,19,20,80,0,signal_flip
long_only,60m,full_2023_2025,2025-09-01 22:00:00,2025-09-05 11:00:00,long,147.156,148.148,99.19999999999902,1.0,98.19999999999902,85,20,80,0,signal_flip
long_only,60m,full_2023_2025,2025-09-11 08:00:00,2025-09-12 07:00:00,long,147.776,147.407,-36.89999999999998,1.0,-37.89999999999998,23,20,80,0,signal_flip
long_only,60m,full_2023_2025,2025-09-12 11:00:00,2025-09-15 16:00:00,long,147.752,147.273,-47.90000000000134,1.0,-48.90000000000134,29,20,80,0,signal_flip
long_only,60m,full_2023_2025,2025-09-18 11:00:00,2025-09-23 06:00:00,long,147.26,147.801,54.09999999999968,1.0,53.09999999999968,67,20,80,0,signal_flip
long_only,60m,full_2023_2025,2025-09-24 12:00:00,2025-09-29 12:00:00,long,148.501,148.63,12.899999999999068,1.0,11.899999999999068,72,20,80,0,signal_flip
long_only,60m,full_2023_2025,2025-10-03 15:00:00,2025-10-12 21:00:00,long,147.445,151.822,437.70000000000095,1.0,436.70000000000095,126,20,80,0,signal_flip
long_only,60m,full_2023_2025,2025-10-20 16:00:00,2025-10-28 06:00:00,long,150.591,151.911,131.99999999999932,1.0,130.99999999999932,134,20,80,0,signal_flip
long_only,60m,full_2023_2025,2025-10-30 06:00:00,2025-11-04 12:00:00,long,153.037,153.57,53.299999999998704,1.0,52.299999999998704,77,20,80,0,signal_flip
long_only,60m,full_2023_2025,2025-11-06 02:00:00,2025-11-06 16:00:00,long,153.87,153.041,-82.90000000000077,1.0,-83.90000000000077,14,20,80,0,signal_flip
long_only,60m,full_2023_2025,2025-11-10 08:00:00,2025-11-14 15:00:00,long,154.046,154.356,31.000000000000227,1.0,30.000000000000227,103,20,80,0,signal_flip
long_only,60m,full_2023_2025,2025-11-17 11:00:00,2025-11-24 01:00:00,long,154.843,156.735,189.20000000000243,1.0,188.20000000000243,110,20,80,0,signal_flip
long_only,60m,full_2023_2025,2025-11-28 07:00:00,2025-11-28 20:00:00,long,156.381,156.118,-26.300000000000523,1.0,-27.300000000000523,13,20,80,0,signal_flip
long_only,60m,full_2023_2025,2025-12-02 23:00:00,2025-12-03 11:00:00,long,155.854,155.528,-32.60000000000218,1.0,-33.60000000000218,12,20,80,0,signal_flip
long_only,60m,full_2023_2025,2025-12-08 06:00:00,2025-12-11 09:00:00,long,155.198,155.883,68.50000000000023,1.0,67.50000000000023,75,20,80,0,signal_flip
long_only,60m,full_2023_2025,2025-12-17 18:00:00,2025-12-23 10:00:00,long,155.533,155.965,43.20000000000164,1.0,42.20000000000164,88,20,80,0,signal_flip
long_only,60m,full_2023_2025,2025-12-26 13:00:00,2025-12-30 07:00:00,long,156.417,156.036,-38.10000000000002,1.0,-39.10000000000002,42,20,80,0,signal_flip
long_only,60m,full_2023_2025,2025-12-31 04:00:00,2025-12-31 21:00:00,long,156.492,156.632,14.000000000001478,1.0,13.000000000001478,17,20,80,0,period_end
long_only,60m,dev_2023_2024,2023-01-04 17:00:00,2023-01-09 07:00:00,long,132.003,131.803,-19.999999999998863,1.0,-20.999999999998863,62,20,80,0,signal_flip
long_only,60m,dev_2023_2024,2023-01-11 13:00:00,2023-01-12 10:00:00,long,132.768,130.957,-181.1000000000007,1.0,-182.1000000000007,21,20,80,0,signal_flip
long_only,60m,dev_2023_2024,2023-01-17 20:00:00,2023-01-19 06:00:00,long,128.336,127.979,-35.70000000000135,1.0,-36.70000000000135,34,20,80,0,signal_flip
long_only,60m,dev_2023_2024,2023-01-20 11:00:00,2023-01-25 18:00:00,long,129.628,129.613,-1.4999999999986358,1.0,-2.4999999999986358,79,20,80,0,signal_flip
long_only,60m,dev_2023_2024,2023-01-27 04:00:00,2023-01-27 15:00:00,long,129.86,129.882,2.199999999999136,1.0,1.199999999999136,11,20,80,0,signal_flip
long_only,60m,dev_2023_2024,2023-01-29 23:00:00,2023-01-30 06:00:00,long,129.803,129.636,-16.70000000000016,1.0,-17.70000000000016,7,20,80,0,signal_flip
long_only,60m,dev_2023_2024,2023-01-30 09:00:00,2023-02-01 12:00:00,long,130.127,129.806,-32.099999999999795,1.0,-33.099999999999795,51,20,80,0,signal_flip
long_only,60m,dev_2023_2024,2023-02-03 20:00:00,2023-02-08 08:00:00,long,131.057,130.886,-17.099999999999227,1.0,-18.099999999999227,60,20,80,0,signal_flip
long_only,60m,dev_2023_2024,2023-02-10 12:00:00,2023-02-13 02:00:00,long,130.832,131.677,84.49999999999989,1.0,83.49999999999989,14,20,80,0,signal_flip
long_only,60m,dev_2023_2024,2023-02-13 04:00:00,2023-02-20 17:00:00,long,132.024,134.095,207.0999999999998,1.0,206.0999999999998,133,20,80,0,signal_flip
long_only,60m,dev_2023_2024,2023-02-21 07:00:00,2023-02-24 08:00:00,long,134.502,134.837,33.499999999997954,1.0,32.499999999997954,73,20,80,0,signal_flip
long_only,60m,dev_2023_2024,2023-02-24 13:00:00,2023-03-01 12:00:00,long,135.661,135.338,-32.30000000000075,1.0,-33.30000000000075,71,20,80,0,signal_flip
long_only,60m,dev_2023_2024,2023-03-02 10:00:00,2023-03-03 20:00:00,long,136.469,135.837,-63.2000000000005,1.0,-64.2000000000005,34,20,80,0,signal_flip
long_only,60m,dev_2023_2024,2023-03-07 20:00:00,2023-03-09 18:00:00,long,137.105,136.226,-87.89999999999907,1.0,-88.89999999999907,46,20,80,0,signal_flip
long_only,60m,dev_2023_2024,2023-03-22 01:00:00,2023-03-23 04:00:00,long,132.526,130.617,-190.90000000000202,1.0,-191.90000000000202,27,20,80,0,signal_flip
long_only,60m,dev_2023_2024,2023-03-27 17:00:00,2023-03-28 19:00:00,long,131.6,130.783,-81.70000000000073,1.0,-82.70000000000073,26,20,80,0,signal_flip
long_only,60m,dev_2023_2024,2023-03-28 23:00:00,2023-04-04 01:00:00,long,130.859,132.553,169.39999999999884,1.0,168.39999999999884,98,20,80,0,signal_flip
long_only,60m,dev_2023_2024,2023-04-07 08:00:00,2023-04-13 06:00:00,long,131.883,133.294,141.10000000000014,1.0,140.10000000000014,94,20,80,0,signal_flip
long_only,60m,dev_2023_2024,2023-04-17 01:00:00,2023-04-20 23:00:00,long,133.842,134.169,32.69999999999982,1.0,31.699999999999818,94,20,80,0,signal_flip
long_only,60m,dev_2023_2024,2023-04-24 18:00:00,2023-04-25 13:00:00,long,134.348,133.927,-42.10000000000207,1.0,-43.10000000000207,19,20,80,0,signal_flip
long_only,60m,dev_2023_2024,2023-04-27 23:00:00,2023-05-03 07:00:00,long,133.913,135.87,195.69999999999936,1.0,194.69999999999936,80,20,80,0,signal_flip
long_only,60m,dev_2023_2024,2023-05-08 07:00:00,2023-05-10 19:00:00,long,134.777,134.255,-52.199999999999136,1.0,-53.199999999999136,60,20,80,0,signal_flip
long_only,60m,dev_2023_2024,2023-05-12 16:00:00,2023-05-22 11:00:00,long,135.628,137.969,234.10000000000082,1.0,233.10000000000082,139,20,80,0,signal_flip
long_only,60m,dev_2023_2024,2023-05-22 16:00:00,2023-05-30 17:00:00,long,138.657,139.919,126.20000000000005,1.0,125.20000000000005,145,20,80,0,signal_flip
long_only,60m,dev_2023_2024,2023-06-05 00:00:00,2023-06-07 03:00:00,long,140.213,139.189,-102.40000000000009,1.0,-103.40000000000009,51,20,80,0,signal_flip
long_only,60m,dev_2023_2024,2023-06-08 02:00:00,2023-06-08 18:00:00,long,139.916,138.937,-97.8999999999985,1.0,-98.8999999999985,16,20,80,0,signal_flip
long_only,60m,dev_2023_2024,2023-06-12 21:00:00,2023-06-12 22:00:00,long,139.589,139.578,-1.099999999999568,1.0,-2.099999999999568,1,20,80,0,signal_flip
long_only,60m,dev_2023_2024,2023-06-12 23:00:00,2023-06-21 03:00:00,long,139.553,141.618,206.49999999999977,1.0,205.49999999999977,148,20,80,0,signal_flip
long_only,60m,dev_2023_2024,2023-06-21 14:00:00,2023-07-04 09:00:00,long,142.25,144.384,213.3999999999986,1.0,212.3999999999986,211,20,80,0,signal_flip
long_only,60m,dev_2023_2024,2023-07-17 05:00:00,2023-07-26 02:00:00,long,138.624,141.157,253.30000000000155,1.0,252.30000000000155,165,20,80,0,signal_flip
long_only,60m,dev_2023_2024,2023-07-31 01:00:00,2023-08-03 22:00:00,long,140.896,142.52,162.40000000000236,1.0,161.40000000000236,93,20,80,0,signal_flip
long_only,60m,dev_2023_2024,2023-08-08 04:00:00,2023-08-18 07:00:00,long,143.333,145.372,203.90000000000157,1.0,202.90000000000157,195,20,80,0,signal_flip
long_only,60m,dev_2023_2024,2023-08-21 21:00:00,2023-08-23 11:00:00,long,146.197,145.447,-75.0,1.0,-76.0,38,20,80,0,signal_flip
long_only,60m,dev_2023_2024,2023-08-25 00:00:00,2023-08-30 01:00:00,long,146.051,145.907,-14.399999999997704,1.0,-15.399999999997704,73,20,80,0,signal_flip
long_only,60m,dev_2023_2024,2023-09-04 05:00:00,2023-09-08 01:00:00,long,146.157,146.916,75.89999999999861,1.0,74.89999999999861,92,20,80,0,signal_flip
long_only,60m,dev_2023_2024,2023-09-12 23:00:00,2023-09-22 00:00:00,long,147.058,147.646,58.799999999999386,1.0,57.799999999999386,169,20,80,0,signal_flip
long_only,60m,dev_2023_2024,2023-09-22 13:00:00,2023-10-01 21:00:00,long,148.251,149.606,135.49999999999898,1.0,134.49999999999898,128,20,80,0,signal_flip
long_only,60m,dev_2023_2024,2023-10-02 01:00:00,2023-10-03 23:00:00,long,149.683,149.11,-57.29999999999791,1.0,-58.29999999999791,46,20,80,0,signal_flip
long_only,60m,dev_2023_2024,2023-10-06 19:00:00,2023-10-09 23:00:00,long,149.338,148.415,-92.30000000000018,1.0,-93.30000000000018,28,20,80,0,signal_flip
long_only,60m,dev_2023_2024,2023-10-11 21:00:00,2023-10-23 23:00:00,long,149.152,149.688,53.600000000000136,1.0,52.600000000000136,194,20,80,0,signal_flip
long_only,60m,dev_2023_2024,2023-10-25 04:00:00,2023-10-27 18:00:00,long,149.846,149.52,-32.59999999999934,1.0,-33.59999999999934,62,20,80,0,signal_flip
long_only,60m,dev_2023_2024,2023-10-31 15:00:00,2023-11-02 15:00:00,long,151.258,150.288,-96.99999999999989,1.0,-97.99999999999989,48,20,80,0,signal_flip
long_only,60m,dev_2023_2024,2023-11-07 09:00:00,2023-11-14 19:00:00,long,150.331,150.534,20.300000000000296,1.0,19.300000000000296,130,20,80,0,signal_flip
long_only,60m,dev_2023_2024,2023-11-16 10:00:00,2023-11-16 16:00:00,long,151.275,150.407,-86.7999999999995,1.0,-87.7999999999995,6,20,80,0,signal_flip
long_only,60m,dev_2023_2024,2023-11-22 15:00:00,2023-11-27 11:00:00,long,149.352,148.989,-36.299999999999955,1.0,-37.299999999999955,68,20,80,0,signal_flip
long_only,60m,dev_2023_2024,2023-12-01 01:00:00,2023-12-04 01:00:00,long,147.765,146.5,-126.49999999999864,1.0,-127.49999999999864,24,20,80,0,signal_flip
long_only,60m,dev_2023_2024,2023-12-06 10:00:00,2023-12-07 08:00:00,long,147.318,145.713,-160.50000000000182,1.0,-161.50000000000182,22,20,80,0,signal_flip
long_only,60m,dev_2023_2024,2023-12-11 13:00:00,2023-12-13 18:00:00,long,146.36,145.172,-118.80000000000166,1.0,-119.80000000000166,53,20,80,0,signal_flip
long_only,60m,dev_2023_2024,2023-12-18 18:00:00,2023-12-21 11:00:00,long,142.919,143.018,9.899999999998954,1.0,8.899999999998954,65,20,80,0,signal_flip
long_only,60m,dev_2023_2024,2023-12-27 01:00:00,2023-12-27 23:00:00,long,142.709,141.605,-110.40000000000134,1.0,-111.40000000000134,22,20,80,0,signal_flip
long_only,60m,dev_2023_2024,2024-01-02 17:00:00,2024-01-08 22:00:00,long,141.891,144.223,233.2000000000022,1.0,232.2000000000022,101,20,80,0,signal_flip
long_only,60m,dev_2023_2024,2024-01-10 07:00:00,2024-01-12 17:00:00,long,145.065,144.854,-21.09999999999843,1.0,-22.09999999999843,58,20,80,0,signal_flip
long_only,60m,dev_2023_2024,2024-01-15 16:00:00,2024-01-22 12:00:00,long,145.79,147.887,209.70000000000084,1.0,208.70000000000084,116,20,80,0,signal_flip
long_only,60m,dev_2023_2024,2024-01-24 01:00:00,2024-01-24 13:00:00,long,148.112,147.294,-81.79999999999836,1.0,-82.79999999999836,12,20,80,0,signal_flip
long_only,60m,dev_2023_2024,2024-01-26 19:00:00,2024-01-30 01:00:00,long,148.135,147.298,-83.69999999999891,1.0,-84.69999999999891,30,20,80,0,signal_flip
long_only,60m,dev_2023_2024,2024-02-02 20:00:00,2024-02-07 08:00:00,long,148.328,147.819,-50.900000000001455,1.0,-51.900000000001455,60,20,80,0,signal_flip
long_only,60m,dev_2023_2024,2024-02-08 11:00:00,2024-02-15 20:00:00,long,149.1,149.954,85.40000000000134,1.0,84.40000000000134,129,20,80,0,signal_flip
long_only,60m,dev_2023_2024,2024-02-20 05:00:00,2024-02-20 23:00:00,long,150.333,149.936,-39.699999999999136,1.0,-40.699999999999136,18,20,80,0,signal_flip
long_only,60m,dev_2023_2024,2024-02-21 22:00:00,2024-02-27 14:00:00,long,150.295,150.272,-2.2999999999996135,1.0,-3.2999999999996135,88,20,80,0,signal_flip
long_only,60m,dev_2023_2024,2024-02-28 10:00:00,2024-02-29 06:00:00,long,150.743,149.903,-84.00000000000034,1.0,-85.00000000000034,20,20,80,0,signal_flip
long_only,60m,dev_2023_2024,2024-03-01 16:00:00,2024-03-04 02:00:00,long,150.122,150.126,0.39999999999906777,1.0,-0.6000000000009322,10,20,80,0,signal_flip
long_only,60m,dev_2023_2024,2024-03-04 17:00:00,2024-03-05 22:00:00,long,150.449,150.033,-41.600000000002524,1.0,-42.600000000002524,29,20,80,0,signal_flip
long_only,60m,dev_2023_2024,2024-03-12 17:00:00,2024-03-25 06:00:00,long,147.701,151.216,351.5000000000015,1.0,350.5000000000015,205,20,80,0,signal_flip
long_only,60m,dev_2023_2024,2024-03-25 20:00:00,2024-03-26 12:00:00,long,151.444,151.388,-5.599999999998317,1.0,-6.599999999998317,16,20,80,0,signal_flip
long_only,60m,dev_2023_2024,2024-03-26 23:00:00,2024-03-28 01:00:00,long,151.527,151.414,-11.299999999999955,1.0,-12.299999999999955,26,20,80,0,signal_flip
long_only,60m,dev_2023_2024,2024-04-01 14:00:00,2024-04-04 19:00:00,long,151.576,151.201,-37.5,1.0,-38.5,77,20,80,0,signal_flip
long_only,60m,dev_2023_2024,2024-04-08 03:00:00,2024-04-18 09:00:00,long,151.77,154.354,258.4000000000003,1.0,257.4000000000003,198,20,80,0,signal_flip
long_only,60m,dev_2023_2024,2024-04-18 23:00:00,2024-04-19 10:00:00,long,154.642,154.485,-15.699999999998226,1.0,-16.699999999998226,11,20,80,0,signal_flip
long_only,60m,dev_2023_2024,2024-04-21 23:00:00,2024-04-30 00:00:00,long,154.629,156.325,169.5999999999998,1.0,168.5999999999998,145,20,80,0,signal_flip
long_only,60m,dev_2023_2024,2024-04-30 06:00:00,2024-05-02 01:00:00,long,156.828,156.015,-81.30000000000166,1.0,-82.30000000000166,43,20,80,0,signal_flip
long_only,60m,dev_2023_2024,2024-05-07 04:00:00,2024-05-15 16:00:00,long,154.551,155.024,47.30000000000132,1.0,46.30000000000132,156,20,80,0,signal_flip
long_only,60m,dev_2023_2024,2024-05-17 12:00:00,2024-05-27 17:00:00,long,155.853,156.897,104.39999999999827,1.0,103.39999999999827,149,20,80,0,signal_flip
long_only,60m,dev_2023_2024,2024-05-28 23:00:00,2024-05-30 17:00:00,long,157.214,156.696,-51.80000000000007,1.0,-52.80000000000007,42,20,80,0,signal_flip
long_only,60m,dev_2023_2024,2024-06-03 01:00:00,2024-06-03 15:00:00,long,157.087,156.197,-88.99999999999864,1.0,-89.99999999999864,14,20,80,0,signal_flip
long_only,60m,dev_2023_2024,2024-06-06 09:00:00,2024-06-07 10:00:00,long,156.16,155.481,-67.9000000000002,1.0,-68.9000000000002,25,20,80,0,signal_flip
long_only,60m,dev_2023_2024,2024-06-07 13:00:00,2024-06-12 17:00:00,long,156.777,155.799,-97.79999999999802,1.0,-98.79999999999802,76,20,80,0,signal_flip
long_only,60m,dev_2023_2024,2024-06-13 17:00:00,2024-07-04 10:00:00,long,156.847,161.252,440.5000000000001,1.0,439.5000000000001,353,20,80,0,signal_flip
long_only,60m,dev_2023_2024,2024-07-09 13:00:00,2024-07-11 15:00:00,long,161.129,158.554,-257.49999999999886,1.0,-258.49999999999886,50,20,80,0,signal_flip
long_only,60m,dev_2023_2024,2024-07-16 18:00:00,2024-07-17 08:00:00,long,158.472,157.07,-140.20000000000152,1.0,-141.20000000000152,14,20,80,0,signal_flip
long_only,60m,dev_2023_2024,2024-07-19 11:00:00,2024-07-23 00:00:00,long,157.455,156.901,-55.400000000000205,1.0,-56.400000000000205,37,20,80,0,signal_flip
long_only,60m,dev_2023_2024,2024-07-29 04:00:00,2024-07-29 05:00:00,long,153.517,153.412,-10.499999999998977,1.0,-11.499999999998977,1,20,80,0,signal_flip
long_only,60m,dev_2023_2024,2024-07-29 14:00:00,2024-07-31 02:00:00,long,154.174,152.411,-176.30000000000052,1.0,-177.30000000000052,36,20,80,0,signal_flip
long_only,60m,dev_2023_2024,2024-08-07 09:00:00,2024-08-12 08:00:00,long,147.201,147.217,1.6000000000019554,1.0,0.6000000000019554,71,20,80,0,signal_flip
long_only,60m,dev_2023_2024,2024-08-12 10:00:00,2024-08-14 02:00:00,long,147.318,146.867,-45.10000000000218,1.0,-46.10000000000218,40,20,80,0,signal_flip
long_only,60m,dev_2023_2024,2024-08-15 10:00:00,2024-08-19 05:00:00,long,147.377,146.188,-118.90000000000214,1.0,-119.90000000000214,43,20,80,0,signal_flip
long_only,60m,dev_2023_2024,2024-08-23 00:00:00,2024-08-23 19:00:00,long,146.208,144.295,-191.3000000000011,1.0,-192.3000000000011,19,20,80,0,signal_flip
long_only,60m,dev_2023_2024,2024-08-28 19:00:00,2024-09-03 23:00:00,long,144.652,145.332,68.00000000000068,1.0,67.00000000000068,100,20,80,0,signal_flip
long_only,60m,dev_2023_2024,2024-09-10 02:00:00,2024-09-10 21:00:00,long,143.417,142.401,-101.59999999999911,1.0,-102.59999999999911,19,20,80,0,signal_flip
long_only,60m,dev_2023_2024,2024-09-17 19:00:00,2024-09-25 04:00:00,long,141.81,143.297,148.69999999999948,1.0,147.69999999999948,129,20,80,0,signal_flip
long_only,60m,dev_2023_2024,2024-09-25 19:00:00,2024-09-27 16:00:00,long,144.681,142.599,-208.2000000000022,1.0,-209.2000000000022,45,20,80,0,signal_flip
long_only,60m,dev_2023_2024,2024-10-01 09:00:00,2024-10-16 02:00:00,long,143.805,149.026,522.1000000000004,1.0,521.1000000000004,257,20,80,0,signal_flip
long_only,60m,dev_2023_2024,2024-10-16 19:00:00,2024-10-21 03:00:00,long,149.774,149.221,-55.29999999999973,1.0,-56.29999999999973,56,20,80,0,signal_flip
long_only,60m,dev_2023_2024,2024-10-21 18:00:00,2024-10-25 09:00:00,long,150.751,151.964,121.29999999999939,1.0,120.29999999999939,87,20,80,0,signal_flip
long_only,60m,dev_2023_2024,2024-10-27 23:00:00,2024-10-31 04:00:00,long,152.95,153.05,10.000000000002274,1.0,9.000000000002274,77,20,80,0,signal_flip
long_only,60m,dev_2023_2024,2024-11-06 06:00:00,2024-11-08 06:00:00,long,153.741,152.801,-94.00000000000261,1.0,-95.00000000000261,48,20,80,0,signal_flip
long_only,60m,dev_2023_2024,2024-11-11 18:00:00,2024-11-17 22:00:00,long,153.877,154.349,47.199999999998,1.0,46.199999999998,100,20,80,0,signal_flip
long_only,60m,dev_2023_2024,2024-11-20 10:00:00,2024-11-21 17:00:00,long,155.757,154.652,-110.50000000000182,1.0,-111.50000000000182,31,20,80,0,signal_flip
long_only,60m,dev_2023_2024,2024-12-04 13:00:00,2024-12-06 17:00:00,long,151.17,149.79,-137.99999999999955,1.0,-138.99999999999955,52,20,80,0,signal_flip
long_only,60m,dev_2023_2024,2024-12-09 16:00:00,2024-12-18 04:00:00,long,151.026,153.615,258.89999999999986,1.0,257.89999999999986,156,20,80,0,signal_flip
long_only,60m,dev_2023_2024,2024-12-18 22:00:00,2024-12-30 20:00:00,long,154.741,157.09,234.89999999999895,1.0,233.89999999999895,176,20,80,0,signal_flip
long_only,60m,oos_2025,2025-01-03 03:00:00,2025-01-10 04:00:00,long,157.308,158.234,92.60000000000161,1.0,91.60000000000161,121,20,80,0,signal_flip
long_only,60m,oos_2025,2025-01-10 06:00:00,2025-01-10 18:00:00,long,158.411,157.668,-74.2999999999995,1.0,-75.2999999999995,12,20,80,0,signal_flip
long_only,60m,oos_2025,2025-01-14 21:00:00,2025-01-15 11:00:00,long,157.981,156.789,-119.20000000000073,1.0,-120.20000000000073,14,20,80,0,signal_flip
long_only,60m,oos_2025,2025-01-20 10:00:00,2025-01-21 03:00:00,long,156.283,155.134,-114.90000000000009,1.0,-115.90000000000009,17,20,80,0,signal_flip
long_only,60m,oos_2025,2025-01-22 17:00:00,2025-01-24 08:00:00,long,156.616,155.382,-123.40000000000089,1.0,-124.40000000000089,39,20,80,0,signal_flip
long_only,60m,oos_2025,2025-01-28 19:00:00,2025-01-29 17:00:00,long,155.678,155.222,-45.599999999998886,1.0,-46.599999999998886,22,20,80,0,signal_flip
long_only,60m,oos_2025,2025-02-03 01:00:00,2025-02-05 01:00:00,long,155.698,153.848,-184.99999999999943,1.0,-185.99999999999943,48,20,80,0,signal_flip
long_only,60m,oos_2025,2025-02-10 22:00:00,2025-02-11 09:00:00,long,151.984,151.867,-11.700000000001864,1.0,-12.700000000001864,11,20,80,0,signal_flip
long_only,60m,oos_2025,2025-02-11 10:00:00,2025-02-14 05:00:00,long,151.944,152.63,68.6000000000007,1.0,67.6000000000007,67,20,80,0,signal_flip
long_only,60m,oos_2025,2025-02-27 18:00:00,2025-03-04 06:00:00,long,149.964,149.381,-58.29999999999984,1.0,-59.29999999999984,60,20,80,0,signal_flip
long_only,60m,oos_2025,2025-03-12 00:00:00,2025-03-20 04:00:00,long,148.048,148.368,31.999999999999318,1.0,30.999999999999318,148,20,80,0,signal_flip
long_only,60m,oos_2025,2025-03-21 19:00:00,2025-03-30 22:00:00,long,149.215,149.628,41.29999999999825,1.0,40.29999999999825,123,20,80,0,signal_flip
long_only,60m,oos_2025,2025-04-02 17:00:00,2025-04-02 23:00:00,long,150.191,148.409,-178.20000000000107,1.0,-179.20000000000107,6,20,80,0,signal_flip
long_only,60m,oos_2025,2025-04-07 22:00:00,2025-04-09 04:00:00,long,147.717,145.33,-238.70000000000005,1.0,-239.70000000000005,30,20,80,0,signal_flip
long_only,60m,oos_2025,2025-04-10 09:00:00,2025-04-10 15:00:00,long,146.309,144.663,-164.59999999999866,1.0,-165.59999999999866,6,20,80,0,signal_flip
long_only,60m,oos_2025,2025-04-23 05:00:00,2025-04-28 21:00:00,long,141.955,141.968,1.2999999999976808,1.0,0.2999999999976808,88,20,80,0,signal_flip
long_only,60m,oos_2025,2025-05-01 00:00:00,2025-05-05 16:00:00,long,143.018,143.981,96.29999999999939,1.0,95.29999999999939,64,20,80,0,signal_flip
long_only,60m,oos_2025,2025-05-08 05:00:00,2025-05-14 14:00:00,long,143.779,145.998,221.8999999999994,1.0,220.8999999999994,105,20,80,0,signal_flip
long_only,60m,oos_2025,2025-05-27 14:00:00,2025-05-30 04:00:00,long,144.169,143.857,-31.200000000001182,1.0,-32.20000000000118,62,20,80,0,signal_flip
long_only,60m,oos_2025,2025-06-04 01:00:00,2025-06-05 02:00:00,long,143.99,142.922,-106.8000000000012,1.0,-107.8000000000012,25,20,80,0,signal_flip
long_only,60m,oos_2025,2025-06-05 21:00:00,2025-06-12 03:00:00,long,143.579,143.956,37.69999999999811,1.0,36.69999999999811,102,20,80,0,signal_flip
long_only,60m,oos_2025,2025-06-16 04:00:00,2025-06-24 09:00:00,long,144.481,145.094,61.299999999999955,1.0,60.299999999999955,149,20,80,0,signal_flip
long_only,60m,oos_2025,2025-07-03 13:00:00,2025-07-10 11:00:00,long,145.002,146.121,111.89999999999998,1.0,110.89999999999998,118,20,80,0,signal_flip
long_only,60m,oos_2025,2025-07-11 05:00:00,2025-07-21 03:00:00,long,147.08,148.5,141.99999999999875,1.0,140.99999999999875,142,20,80,0,signal_flip
long_only,60m,oos_2025,2025-07-25 03:00:00,2025-08-03 23:00:00,long,147.414,147.242,-17.199999999999704,1.0,-18.199999999999704,140,20,80,0,signal_flip
long_only,60m,oos_2025,2025-08-08 17:00:00,2025-08-13 09:00:00,long,147.737,147.265,-47.20000000000084,1.0,-48.20000000000084,64,20,80,0,signal_flip
long_only,60m,oos_2025,2025-08-18 09:00:00,2025-08-20 16:00:00,long,147.34,147.192,-14.799999999999613,1.0,-15.799999999999613,55,20,80,0,signal_flip
long_only,60m,oos_2025,2025-08-21 17:00:00,2025-08-25 01:00:00,long,148.283,147.391,-89.19999999999959,1.0,-90.19999999999959,32,20,80,0,signal_flip
long_only,60m,oos_2025,2025-08-27 11:00:00,2025-08-28 06:00:00,long,148.118,147.126,-99.19999999999902,1.0,-100.19999999999902,19,20,80,0,signal_flip
long_only,60m,oos_2025,2025-09-01 22:00:00,2025-09-05 11:00:00,long,147.156,148.148,99.19999999999902,1.0,98.19999999999902,85,20,80,0,signal_flip
long_only,60m,oos_2025,2025-09-11 08:00:00,2025-09-12 07:00:00,long,147.776,147.407,-36.89999999999998,1.0,-37.89999999999998,23,20,80,0,signal_flip
long_only,60m,oos_2025,2025-09-12 11:00:00,2025-09-15 16:00:00,long,147.752,147.273,-47.90000000000134,1.0,-48.90000000000134,29,20,80,0,signal_flip
long_only,60m,oos_2025,2025-09-18 11:00:00,2025-09-23 06:00:00,long,147.26,147.801,54.09999999999968,1.0,53.09999999999968,67,20,80,0,signal_flip
long_only,60m,oos_2025,2025-09-24 12:00:00,2025-09-29 12:00:00,long,148.501,148.63,12.899999999999068,1.0,11.899999999999068,72,20,80,0,signal_flip
long_only,60m,oos_2025,2025-10-03 15:00:00,2025-10-12 21:00:00,long,147.445,151.822,437.70000000000095,1.0,436.70000000000095,126,20,80,0,signal_flip
long_only,60m,oos_2025,2025-10-20 16:00:00,2025-10-28 06:00:00,long,150.591,151.911,131.99999999999932,1.0,130.99999999999932,134,20,80,0,signal_flip
long_only,60m,oos_2025,2025-10-30 06:00:00,2025-11-04 12:00:00,long,153.037,153.57,53.299999999998704,1.0,52.299999999998704,77,20,80,0,signal_flip
long_only,60m,oos_2025,2025-11-06 02:00:00,2025-11-06 16:00:00,long,153.87,153.041,-82.90000000000077,1.0,-83.90000000000077,14,20,80,0,signal_flip
long_only,60m,oos_2025,2025-11-10 08:00:00,2025-11-14 15:00:00,long,154.046,154.356,31.000000000000227,1.0,30.000000000000227,103,20,80,0,signal_flip
long_only,60m,oos_2025,2025-11-17 11:00:00,2025-11-24 01:00:00,long,154.843,156.735,189.20000000000243,1.0,188.20000000000243,110,20,80,0,signal_flip
long_only,60m,oos_2025,2025-11-28 07:00:00,2025-11-28 20:00:00,long,156.381,156.118,-26.300000000000523,1.0,-27.300000000000523,13,20,80,0,signal_flip
long_only,60m,oos_2025,2025-12-02 23:00:00,2025-12-03 11:00:00,long,155.854,155.528,-32.60000000000218,1.0,-33.60000000000218,12,20,80,0,signal_flip
long_only,60m,oos_2025,2025-12-08 06:00:00,2025-12-11 09:00:00,long,155.198,155.883,68.50000000000023,1.0,67.50000000000023,75,20,80,0,signal_flip
long_only,60m,oos_2025,2025-12-17 18:00:00,2025-12-23 10:00:00,long,155.533,155.965,43.20000000000164,1.0,42.20000000000164,88,20,80,0,signal_flip
long_only,60m,oos_2025,2025-12-26 13:00:00,2025-12-30 07:00:00,long,156.417,156.036,-38.10000000000002,1.0,-39.10000000000002,42,20,80,0,signal_flip
long_only,60m,oos_2025,2025-12-31 04:00:00,2025-12-31 21:00:00,long,156.492,156.632,14.000000000001478,1.0,13.000000000001478,17,20,80,0,period_end
long_only,240m,full_2023_2025,2023-01-09 00:00:00,2023-01-11 08:00:00,long,131.805,132.42,61.49999999999807,1.0,60.49999999999807,14,20,80,0,signal_flip
long_only,240m,full_2023_2025,2023-01-25 12:00:00,2023-02-03 00:00:00,long,129.691,128.763,-92.79999999999973,1.0,-93.79999999999973,40,20,80,0,signal_flip
long_only,240m,full_2023_2025,2023-02-06 16:00:00,2023-03-13 12:00:00,long,132.845,133.151,30.60000000000116,1.0,29.60000000000116,154,20,80,0,signal_flip
long_only,240m,full_2023_2025,2023-03-31 08:00:00,2023-04-06 20:00:00,long,133.13,131.78,-134.99999999999943,1.0,-135.99999999999943,28,20,80,0,signal_flip
long_only,240m,full_2023_2025,2023-04-10 16:00:00,2023-04-28 00:00:00,long,133.753,133.804,5.100000000001614,1.0,4.100000000001614,82,20,80,0,signal_flip
long_only,240m,full_2023_2025,2023-04-28 12:00:00,2023-05-08 00:00:00,long,136.13,135.192,-93.79999999999882,1.0,-94.79999999999882,35,20,80,0,signal_flip
long_only,240m,full_2023_2025,2023-05-10 12:00:00,2023-05-11 00:00:00,long,135.312,134.101,-121.10000000000127,1.0,-122.10000000000127,3,20,80,0,signal_flip
long_only,240m,full_2023_2025,2023-05-16 08:00:00,2023-06-08 20:00:00,long,135.791,138.915,312.3999999999995,1.0,311.3999999999995,108,20,80,0,signal_flip
long_only,240m,full_2023_2025,2023-06-15 00:00:00,2023-07-10 00:00:00,long,139.968,142.21,224.20000000000186,1.0,223.20000000000186,106,20,80,0,signal_flip
long_only,240m,full_2023_2025,2023-07-24 08:00:00,2023-10-09 08:00:00,long,141.412,149.166,775.3999999999991,1.0,774.3999999999991,341,20,80,0,signal_flip
long_only,240m,full_2023_2025,2023-10-13 12:00:00,2023-11-07 00:00:00,long,149.61,149.985,37.5,1.0,36.5,103,20,80,0,signal_flip
long_only,240m,full_2023_2025,2023-11-08 20:00:00,2023-11-17 16:00:00,long,151.032,149.556,-147.5999999999999,1.0,-148.5999999999999,42,20,80,0,signal_flip
long_only,240m,full_2023_2025,2024-01-04 20:00:00,2024-02-01 00:00:00,long,144.577,147.005,242.79999999999973,1.0,241.79999999999973,119,20,80,0,signal_flip
long_only,240m,full_2023_2025,2024-02-06 12:00:00,2024-03-01 16:00:00,long,148.679,150.122,144.3000000000012,1.0,143.3000000000012,112,20,80,0,signal_flip
long_only,240m,full_2023_2025,2024-03-19 08:00:00,2024-05-05 20:00:00,long,150.259,152.886,262.70000000000095,1.0,261.70000000000095,208,20,80,0,signal_flip
long_only,240m,full_2023_2025,2024-05-13 00:00:00,2024-06-04 16:00:00,long,155.83,154.872,-95.79999999999984,1.0,-96.79999999999984,103,20,80,0,signal_flip
long_only,240m,full_2023_2025,2024-06-11 20:00:00,2024-07-12 04:00:00,long,157.086,159.23,214.3999999999977,1.0,213.3999999999977,138,20,80,0,signal_flip
long_only,240m,full_2023_2025,2024-08-16 12:00:00,2024-08-21 12:00:00,long,148.045,146.06,-198.49999999999852,1.0,-199.49999999999852,19,20,80,0,signal_flip
long_only,240m,full_2023_2025,2024-09-03 08:00:00,2024-09-05 16:00:00,long,145.945,143.432,-251.30000000000052,1.0,-252.30000000000052,14,20,80,0,signal_flip
long_only,240m,full_2023_2025,2024-09-20 16:00:00,2024-11-26 04:00:00,long,143.911,153.741,983.0000000000013,1.0,982.0000000000013,289,20,80,0,signal_flip
long_only,240m,full_2023_2025,2024-12-11 20:00:00,2025-01-15 16:00:00,long,152.64,156.29,365.00000000000057,1.0,364.00000000000057,146,20,80,0,signal_flip
long_only,240m,full_2023_2025,2025-03-18 16:00:00,2025-04-02 16:00:00,long,149.491,149.989,49.799999999999045,1.0,48.799999999999045,68,20,80,0,signal_flip
long_only,240m,full_2023_2025,2025-04-28 00:00:00,2025-05-20 08:00:00,long,143.851,144.127,27.600000000001046,1.0,26.600000000001046,101,20,80,0,signal_flip
long_only,240m,full_2023_2025,2025-06-01 20:00:00,2025-06-02 12:00:00,long,143.795,142.755,-103.9999999999992,1.0,-104.9999999999992,4,20,80,0,signal_flip
long_only,240m,full_2023_2025,2025-06-06 16:00:00,2025-06-16 16:00:00,long,144.878,144.132,-74.59999999999809,1.0,-75.59999999999809,38,20,80,0,signal_flip
long_only,240m,full_2023_2025,2025-06-17 00:00:00,2025-06-27 08:00:00,long,144.682,144.48,-20.199999999999818,1.0,-21.199999999999818,51,20,80,0,signal_flip
long_only,240m,full_2023_2025,2025-07-08 08:00:00,2025-07-24 00:00:00,long,146.039,146.35,31.100000000000705,1.0,30.100000000000705,72,20,80,0,signal_flip
long_only,240m,full_2023_2025,2025-07-29 12:00:00,2025-08-06 04:00:00,long,148.717,147.4,-131.70000000000073,1.0,-132.70000000000073,35,20,80,0,signal_flip
long_only,240m,full_2023_2025,2025-08-20 08:00:00,2025-08-27 08:00:00,long,147.627,147.758,13.100000000000023,1.0,12.100000000000023,31,20,80,0,signal_flip
long_only,240m,full_2023_2025,2025-09-03 08:00:00,2025-09-10 00:00:00,long,148.735,147.391,-134.40000000000225,1.0,-135.40000000000225,29,20,80,0,signal_flip
long_only,240m,full_2023_2025,2025-09-22 12:00:00,2025-10-02 08:00:00,long,147.842,147.079,-76.30000000000052,1.0,-77.30000000000052,48,20,80,0,signal_flip
long_only,240m,full_2023_2025,2025-10-07 04:00:00,2025-10-20 12:00:00,long,150.361,150.702,34.10000000000082,1.0,33.10000000000082,58,20,80,0,signal_flip
long_only,240m,full_2023_2025,2025-10-23 12:00:00,2025-12-02 00:00:00,long,152.669,155.56,289.0999999999991,1.0,288.0999999999991,171,20,80,0,signal_flip
long_only,240m,full_2023_2025,2025-12-10 12:00:00,2025-12-15 16:00:00,long,156.708,155.157,-155.09999999999877,1.0,-156.09999999999877,20,20,80,0,signal_flip
long_only,240m,full_2023_2025,2025-12-19 16:00:00,2025-12-31 20:00:00,long,157.47,156.751,-71.89999999999941,1.0,-72.89999999999941,48,20,80,0,period_end
long_only,240m,dev_2023_2024,2023-01-09 00:00:00,2023-01-11 08:00:00,long,131.805,132.42,61.49999999999807,1.0,60.49999999999807,14,20,80,0,signal_flip
long_only,240m,dev_2023_2024,2023-01-25 12:00:00,2023-02-03 00:00:00,long,129.691,128.763,-92.79999999999973,1.0,-93.79999999999973,40,20,80,0,signal_flip
long_only,240m,dev_2023_2024,2023-02-06 16:00:00,2023-03-13 12:00:00,long,132.845,133.151,30.60000000000116,1.0,29.60000000000116,154,20,80,0,signal_flip
long_only,240m,dev_2023_2024,2023-03-31 08:00:00,2023-04-06 20:00:00,long,133.13,131.78,-134.99999999999943,1.0,-135.99999999999943,28,20,80,0,signal_flip
long_only,240m,dev_2023_2024,2023-04-10 16:00:00,2023-04-28 00:00:00,long,133.753,133.804,5.100000000001614,1.0,4.100000000001614,82,20,80,0,signal_flip
long_only,240m,dev_2023_2024,2023-04-28 12:00:00,2023-05-08 00:00:00,long,136.13,135.192,-93.79999999999882,1.0,-94.79999999999882,35,20,80,0,signal_flip
long_only,240m,dev_2023_2024,2023-05-10 12:00:00,2023-05-11 00:00:00,long,135.312,134.101,-121.10000000000127,1.0,-122.10000000000127,3,20,80,0,signal_flip
long_only,240m,dev_2023_2024,2023-05-16 08:00:00,2023-06-08 20:00:00,long,135.791,138.915,312.3999999999995,1.0,311.3999999999995,108,20,80,0,signal_flip
long_only,240m,dev_2023_2024,2023-06-15 00:00:00,2023-07-10 00:00:00,long,139.968,142.21,224.20000000000186,1.0,223.20000000000186,106,20,80,0,signal_flip
long_only,240m,dev_2023_2024,2023-07-24 08:00:00,2023-10-09 08:00:00,long,141.412,149.166,775.3999999999991,1.0,774.3999999999991,341,20,80,0,signal_flip
long_only,240m,dev_2023_2024,2023-10-13 12:00:00,2023-11-07 00:00:00,long,149.61,149.985,37.5,1.0,36.5,103,20,80,0,signal_flip
long_only,240m,dev_2023_2024,2023-11-08 20:00:00,2023-11-17 16:00:00,long,151.032,149.556,-147.5999999999999,1.0,-148.5999999999999,42,20,80,0,signal_flip
long_only,240m,dev_2023_2024,2024-01-04 20:00:00,2024-02-01 00:00:00,long,144.577,147.005,242.79999999999973,1.0,241.79999999999973,119,20,80,0,signal_flip
long_only,240m,dev_2023_2024,2024-02-06 12:00:00,2024-03-01 16:00:00,long,148.679,150.122,144.3000000000012,1.0,143.3000000000012,112,20,80,0,signal_flip
long_only,240m,dev_2023_2024,2024-03-19 08:00:00,2024-05-05 20:00:00,long,150.259,152.886,262.70000000000095,1.0,261.70000000000095,208,20,80,0,signal_flip
long_only,240m,dev_2023_2024,2024-05-13 00:00:00,2024-06-04 16:00:00,long,155.83,154.872,-95.79999999999984,1.0,-96.79999999999984,103,20,80,0,signal_flip
long_only,240m,dev_2023_2024,2024-06-11 20:00:00,2024-07-12 04:00:00,long,157.086,159.23,214.3999999999977,1.0,213.3999999999977,138,20,80,0,signal_flip
long_only,240m,dev_2023_2024,2024-08-16 12:00:00,2024-08-21 12:00:00,long,148.045,146.06,-198.49999999999852,1.0,-199.49999999999852,19,20,80,0,signal_flip
long_only,240m,dev_2023_2024,2024-09-03 08:00:00,2024-09-05 16:00:00,long,145.945,143.432,-251.30000000000052,1.0,-252.30000000000052,14,20,80,0,signal_flip
long_only,240m,dev_2023_2024,2024-09-20 16:00:00,2024-11-26 04:00:00,long,143.911,153.741,983.0000000000013,1.0,982.0000000000013,289,20,80,0,signal_flip
long_only,240m,dev_2023_2024,2024-12-11 20:00:00,2024-12-31 20:00:00,long,152.64,157.308,466.80000000000064,1.0,465.80000000000064,84,20,80,0,period_end
long_only,240m,oos_2025,2025-01-01 20:00:00,2025-01-15 16:00:00,long,157.151,156.29,-86.10000000000184,1.0,-87.10000000000184,61,20,80,0,signal_flip
long_only,240m,oos_2025,2025-03-18 16:00:00,2025-04-02 16:00:00,long,149.491,149.989,49.799999999999045,1.0,48.799999999999045,68,20,80,0,signal_flip
long_only,240m,oos_2025,2025-04-28 00:00:00,2025-05-20 08:00:00,long,143.851,144.127,27.600000000001046,1.0,26.600000000001046,101,20,80,0,signal_flip
long_only,240m,oos_2025,2025-06-01 20:00:00,2025-06-02 12:00:00,long,143.795,142.755,-103.9999999999992,1.0,-104.9999999999992,4,20,80,0,signal_flip
long_only,240m,oos_2025,2025-06-06 16:00:00,2025-06-16 16:00:00,long,144.878,144.132,-74.59999999999809,1.0,-75.59999999999809,38,20,80,0,signal_flip
long_only,240m,oos_2025,2025-06-17 00:00:00,2025-06-27 08:00:00,long,144.682,144.48,-20.199999999999818,1.0,-21.199999999999818,51,20,80,0,signal_flip
long_only,240m,oos_2025,2025-07-08 08:00:00,2025-07-24 00:00:00,long,146.039,146.35,31.100000000000705,1.0,30.100000000000705,72,20,80,0,signal_flip
long_only,240m,oos_2025,2025-07-29 12:00:00,2025-08-06 04:00:00,long,148.717,147.4,-131.70000000000073,1.0,-132.70000000000073,35,20,80,0,signal_flip
long_only,240m,oos_2025,2025-08-20 08:00:00,2025-08-27 08:00:00,long,147.627,147.758,13.100000000000023,1.0,12.100000000000023,31,20,80,0,signal_flip
long_only,240m,oos_2025,2025-09-03 08:00:00,2025-09-10 00:00:00,long,148.735,147.391,-134.40000000000225,1.0,-135.40000000000225,29,20,80,0,signal_flip
long_only,240m,oos_2025,2025-09-22 12:00:00,2025-10-02 08:00:00,long,147.842,147.079,-76.30000000000052,1.0,-77.30000000000052,48,20,80,0,signal_flip
long_only,240m,oos_2025,2025-10-07 04:00:00,2025-10-20 12:00:00,long,150.361,150.702,34.10000000000082,1.0,33.10000000000082,58,20,80,0,signal_flip
long_only,240m,oos_2025,2025-10-23 12:00:00,2025-12-02 00:00:00,long,152.669,155.56,289.0999999999991,1.0,288.0999999999991,171,20,80,0,signal_flip
long_only,240m,oos_2025,2025-12-10 12:00:00,2025-12-15 16:00:00,long,156.708,155.157,-155.09999999999877,1.0,-156.09999999999877,20,20,80,0,signal_flip
long_only,240m,oos_2025,2025-12-19 16:00:00,2025-12-31 20:00:00,long,157.47,156.751,-71.89999999999941,1.0,-72.89999999999941,48,20,80,0,period_end
short_filter_ma80_slope,60m,full_2023_2025,2023-01-01 22:00:00,2023-01-04 17:00:00,short,130.925,132.003,-107.79999999999745,1.0,-108.79999999999745,67,20,80,0,signal_flip
short_filter_ma80_slope,60m,full_2023_2025,2023-01-04 17:00:00,2023-01-09 07:00:00,long,132.003,131.803,-19.999999999998863,1.0,-20.999999999998863,62,20,80,0,signal_flip
short_filter_ma80_slope,60m,full_2023_2025,2023-01-10 14:00:00,2023-01-11 13:00:00,short,132.289,132.768,-47.90000000000134,1.0,-48.90000000000134,23,20,80,0,signal_flip
short_filter_ma80_slope,60m,full_2023_2025,2023-01-11 13:00:00,2023-01-12 10:00:00,long,132.768,130.957,-181.1000000000007,1.0,-182.1000000000007,21,20,80,0,signal_flip
short_filter_ma80_slope,60m,full_2023_2025,2023-01-12 10:00:00,2023-01-17 20:00:00,short,130.957,128.336,262.0999999999981,1.0,261.0999999999981,82,20,80,0,signal_flip
short_filter_ma80_slope,60m,full_2023_2025,2023-01-17 20:00:00,2023-01-19 06:00:00,long,128.336,127.979,-35.70000000000135,1.0,-36.70000000000135,34,20,80,0,signal_flip
short_filter_ma80_slope,60m,full_2023_2025,2023-01-20 11:00:00,2023-01-25 18:00:00,long,129.628,129.613,-1.4999999999986358,1.0,-2.4999999999986358,79,20,80,0,signal_flip
short_filter_ma80_slope,60m,full_2023_2025,2023-01-26 06:00:00,2023-01-26 18:00:00,short,129.326,130.334,-100.80000000000098,1.0,-101.80000000000098,12,20,80,0,signal_flip
short_filter_ma80_slope,60m,full_2023_2025,2023-01-27 03:00:00,2023-01-27 04:00:00,short,129.762,129.86,-9.800000000001319,1.0,-10.800000000001319,1,20,80,0,signal_flip
short_filter_ma80_slope,60m,full_2023_2025,2023-01-27 04:00:00,2023-01-27 15:00:00,long,129.86,129.882,2.199999999999136,1.0,1.199999999999136,11,20,80,0,signal_flip
short_filter_ma80_slope,60m,full_2023_2025,2023-01-27 15:00:00,2023-01-29 23:00:00,short,129.882,129.803,7.900000000000773,1.0,6.900000000000773,8,20,80,0,signal_flip
short_filter_ma80_slope,60m,full_2023_2025,2023-01-29 23:00:00,2023-01-30 06:00:00,long,129.803,129.636,-16.70000000000016,1.0,-17.70000000000016,7,20,80,0,signal_flip
short_filter_ma80_slope,60m,full_2023_2025,2023-01-30 06:00:00,2023-01-30 09:00:00,short,129.636,130.127,-49.10000000000139,1.0,-50.10000000000139,3,20,80,0,signal_flip
short_filter_ma80_slope,60m,full_2023_2025,2023-01-30 09:00:00,2023-02-01 12:00:00,long,130.127,129.806,-32.099999999999795,1.0,-33.099999999999795,51,20,80,0,signal_flip
short_filter_ma80_slope,60m,full_2023_2025,2023-02-01 15:00:00,2023-02-03 20:00:00,short,129.314,131.057,-174.2999999999995,1.0,-175.2999999999995,53,20,80,0,signal_flip
short_filter_ma80_slope,60m,full_2023_2025,2023-02-03 20:00:00,2023-02-08 08:00:00,long,131.057,130.886,-17.099999999999227,1.0,-18.099999999999227,60,20,80,0,signal_flip
short_filter_ma80_slope,60m,full_2023_2025,2023-02-09 16:00:00,2023-02-10 12:00:00,short,130.907,130.832,7.500000000001705,1.0,6.500000000001705,20,20,80,0,signal_flip
short_filter_ma80_slope,60m,full_2023_2025,2023-02-10 12:00:00,2023-02-13 02:00:00,long,130.832,131.677,84.49999999999989,1.0,83.49999999999989,14,20,80,0,signal_flip
short_filter_ma80_slope,60m,full_2023_2025,2023-02-13 02:00:00,2023-02-13 04:00:00,short,131.677,132.024,-34.70000000000084,1.0,-35.70000000000084,2,20,80,0,signal_flip
short_filter_ma80_slope,60m,full_2023_2025,2023-02-13 04:00:00,2023-02-20 17:00:00,long,132.024,134.095,207.0999999999998,1.0,206.0999999999998,133,20,80,0,signal_flip
short_filter_ma80_slope,60m,full_2023_2025,2023-02-21 07:00:00,2023-02-24 08:00:00,long,134.502,134.837,33.499999999997954,1.0,32.499999999997954,73,20,80,0,signal_flip
short_filter_ma80_slope,60m,full_2023_2025,2023-02-24 13:00:00,2023-03-01 12:00:00,long,135.661,135.338,-32.30000000000075,1.0,-33.30000000000075,71,20,80,0,signal_flip
short_filter_ma80_slope,60m,full_2023_2025,2023-03-02 10:00:00,2023-03-03 20:00:00,long,136.469,135.837,-63.2000000000005,1.0,-64.2000000000005,34,20,80,0,signal_flip
short_filter_ma80_slope,60m,full_2023_2025,2023-03-03 20:00:00,2023-03-07 20:00:00,short,135.837,137.105,-126.80000000000007,1.0,-127.80000000000007,48,20,80,0,signal_flip
short_filter_ma80_slope,60m,full_2023_2025,2023-03-07 20:00:00,2023-03-09 18:00:00,long,137.105,136.226,-87.89999999999907,1.0,-88.89999999999907,46,20,80,0,signal_flip
short_filter_ma80_slope,60m,full_2023_2025,2023-03-10 21:00:00,2023-03-17 12:00:00,short,134.857,132.638,221.8999999999994,1.0,220.8999999999994,112,20,80,0,signal_flip
short_filter_ma80_slope,60m,full_2023_2025,2023-03-17 13:00:00,2023-03-22 01:00:00,short,132.272,132.526,-25.40000000000191,1.0,-26.40000000000191,60,20,80,0,signal_flip
short_filter_ma80_slope,60m,full_2023_2025,2023-03-22 01:00:00,2023-03-23 04:00:00,long,132.526,130.617,-190.90000000000202,1.0,-191.90000000000202,27,20,80,0,signal_flip
short_filter_ma80_slope,60m,full_2023_2025,2023-03-23 04:00:00,2023-03-27 17:00:00,short,130.617,131.6,-98.30000000000041,1.0,-99.30000000000041,61,20,80,0,signal_flip
short_filter_ma80_slope,60m,full_2023_2025,2023-03-27 17:00:00,2023-03-28 19:00:00,long,131.6,130.783,-81.70000000000073,1.0,-82.70000000000073,26,20,80,0,signal_flip
short_filter_ma80_slope,60m,full_2023_2025,2023-03-28 19:00:00,2023-03-28 23:00:00,short,130.783,130.859,-7.600000000002183,1.0,-8.600000000002183,4,20,80,0,signal_flip
short_filter_ma80_slope,60m,full_2023_2025,2023-03-28 23:00:00,2023-04-04 01:00:00,long,130.859,132.553,169.39999999999884,1.0,168.39999999999884,98,20,80,0,signal_flip
short_filter_ma80_slope,60m,full_2023_2025,2023-04-04 17:00:00,2023-04-07 08:00:00,short,131.619,131.883,-26.400000000001,1.0,-27.400000000001,63,20,80,0,signal_flip
short_filter_ma80_slope,60m,full_2023_2025,2023-04-07 08:00:00,2023-04-13 06:00:00,long,131.883,133.294,141.10000000000014,1.0,140.10000000000014,94,20,80,0,signal_flip
short_filter_ma80_slope,60m,full_2023_2025,2023-04-14 02:00:00,2023-04-17 01:00:00,short,132.431,133.842,-141.10000000000014,1.0,-142.10000000000014,23,20,80,0,signal_flip
short_filter_ma80_slope,60m,full_2023_2025,2023-04-17 01:00:00,2023-04-20 23:00:00,long,133.842,134.169,32.69999999999982,1.0,31.699999999999818,94,20,80,0,signal_flip
short_filter_ma80_slope,60m,full_2023_2025,2023-04-21 06:00:00,2023-04-24 08:00:00,short,133.798,134.225,-42.69999999999925,1.0,-43.69999999999925,26,20,80,0,signal_flip
short_filter_ma80_slope,60m,full_2023_2025,2023-04-24 18:00:00,2023-04-25 13:00:00,long,134.348,133.927,-42.10000000000207,1.0,-43.10000000000207,19,20,80,0,signal_flip
short_filter_ma80_slope,60m,full_2023_2025,2023-04-25 13:00:00,2023-04-27 23:00:00,short,133.927,133.913,1.3999999999981583,1.0,0.3999999999981583,58,20,80,0,signal_flip
short_filter_ma80_slope,60m,full_2023_2025,2023-04-27 23:00:00,2023-05-03 07:00:00,long,133.913,135.87,195.69999999999936,1.0,194.69999999999936,80,20,80,0,signal_flip
short_filter_ma80_slope,60m,full_2023_2025,2023-05-04 02:00:00,2023-05-08 07:00:00,short,134.537,134.777,-23.999999999998067,1.0,-24.999999999998067,53,20,80,0,signal_flip
short_filter_ma80_slope,60m,full_2023_2025,2023-05-08 07:00:00,2023-05-10 19:00:00,long,134.777,134.255,-52.199999999999136,1.0,-53.199999999999136,60,20,80,0,signal_flip
short_filter_ma80_slope,60m,full_2023_2025,2023-05-11 05:00:00,2023-05-12 16:00:00,short,134.246,135.628,-138.19999999999766,1.0,-139.19999999999766,35,20,80,0,signal_flip
short_filter_ma80_slope,60m,full_2023_2025,2023-05-12 16:00:00,2023-05-22 11:00:00,long,135.628,137.969,234.10000000000082,1.0,233.10000000000082,139,20,80,0,signal_flip
short_filter_ma80_slope,60m,full_2023_2025,2023-05-22 16:00:00,2023-05-30 17:00:00,long,138.657,139.919,126.20000000000005,1.0,125.20000000000005,145,20,80,0,signal_flip
short_filter_ma80_slope,60m,full_2023_2025,2023-05-31 08:00:00,2023-06-05 00:00:00,short,139.744,140.213,-46.89999999999941,1.0,-47.89999999999941,64,20,80,0,signal_flip
short_filter_ma80_slope,60m,full_2023_2025,2023-06-05 00:00:00,2023-06-07 03:00:00,long,140.213,139.189,-102.40000000000009,1.0,-103.40000000000009,51,20,80,0,signal_flip
short_filter_ma80_slope,60m,full_2023_2025,2023-06-08 02:00:00,2023-06-08 18:00:00,long,139.916,138.937,-97.8999999999985,1.0,-98.8999999999985,16,20,80,0,signal_flip
short_filter_ma80_slope,60m,full_2023_2025,2023-06-08 18:00:00,2023-06-12 19:00:00,short,138.937,139.599,-66.19999999999777,1.0,-67.19999999999777,49,20,80,0,signal_flip
short_filter_ma80_slope,60m,full_2023_2025,2023-06-12 21:00:00,2023-06-12 22:00:00,long,139.589,139.578,-1.099999999999568,1.0,-2.099999999999568,1,20,80,0,signal_flip
short_filter_ma80_slope,60m,full_2023_2025,2023-06-12 23:00:00,2023-06-21 03:00:00,long,139.553,141.618,206.49999999999977,1.0,205.49999999999977,148,20,80,0,signal_flip
short_filter_ma80_slope,60m,full_2023_2025,2023-06-21 14:00:00,2023-07-04 09:00:00,long,142.25,144.384,213.3999999999986,1.0,212.3999999999986,211,20,80,0,signal_flip
short_filter_ma80_slope,60m,full_2023_2025,2023-07-05 00:00:00,2023-07-17 05:00:00,short,144.406,138.624,578.2000000000011,1.0,577.2000000000011,197,20,80,0,signal_flip
short_filter_ma80_slope,60m,full_2023_2025,2023-07-17 05:00:00,2023-07-26 02:00:00,long,138.624,141.157,253.30000000000155,1.0,252.30000000000155,165,20,80,0,signal_flip
short_filter_ma80_slope,60m,full_2023_2025,2023-07-26 21:00:00,2023-07-31 01:00:00,short,140.221,140.896,-67.4999999999983,1.0,-68.4999999999983,52,20,80,0,signal_flip
short_filter_ma80_slope,60m,full_2023_2025,2023-07-31 01:00:00,2023-08-03 22:00:00,long,140.896,142.52,162.40000000000236,1.0,161.40000000000236,93,20,80,0,signal_flip
short_filter_ma80_slope,60m,full_2023_2025,2023-08-04 18:00:00,2023-08-08 04:00:00,short,141.834,143.333,-149.89999999999952,1.0,-150.89999999999952,34,20,80,0,signal_flip
short_filter_ma80_slope,60m,full_2023_2025,2023-08-08 04:00:00,2023-08-18 07:00:00,long,143.333,145.372,203.90000000000157,1.0,202.90000000000157,195,20,80,0,signal_flip
short_filter_ma80_slope,60m,full_2023_2025,2023-08-18 17:00:00,2023-08-21 14:00:00,short,145.067,146.136,-106.89999999999884,1.0,-107.89999999999884,21,20,80,0,signal_flip
short_filter_ma80_slope,60m,full_2023_2025,2023-08-21 21:00:00,2023-08-23 11:00:00,long,146.197,145.447,-75.0,1.0,-76.0,38,20,80,0,signal_flip
short_filter_ma80_slope,60m,full_2023_2025,2023-08-23 11:00:00,2023-08-24 20:00:00,short,145.447,145.85,-40.29999999999916,1.0,-41.29999999999916,33,20,80,0,signal_flip
short_filter_ma80_slope,60m,full_2023_2025,2023-08-25 00:00:00,2023-08-30 01:00:00,long,146.051,145.907,-14.399999999997704,1.0,-15.399999999997704,73,20,80,0,signal_flip
short_filter_ma80_slope,60m,full_2023_2025,2023-08-31 03:00:00,2023-09-04 05:00:00,short,145.79,146.157,-36.700000000001864,1.0,-37.700000000001864,50,20,80,0,signal_flip
short_filter_ma80_slope,60m,full_2023_2025,2023-09-04 05:00:00,2023-09-08 01:00:00,long,146.157,146.916,75.89999999999861,1.0,74.89999999999861,92,20,80,0,signal_flip
short_filter_ma80_slope,60m,full_2023_2025,2023-09-11 06:00:00,2023-09-12 23:00:00,short,146.211,147.058,-84.699999999998,1.0,-85.699999999998,41,20,80,0,signal_flip
short_filter_ma80_slope,60m,full_2023_2025,2023-09-12 23:00:00,2023-09-22 00:00:00,long,147.058,147.646,58.799999999999386,1.0,57.799999999999386,169,20,80,0,signal_flip
short_filter_ma80_slope,60m,full_2023_2025,2023-09-22 13:00:00,2023-10-01 21:00:00,long,148.251,149.606,135.49999999999898,1.0,134.49999999999898,128,20,80,0,signal_flip
short_filter_ma80_slope,60m,full_2023_2025,2023-10-02 01:00:00,2023-10-03 23:00:00,long,149.683,149.11,-57.29999999999791,1.0,-58.29999999999791,46,20,80,0,signal_flip
short_filter_ma80_slope,60m,full_2023_2025,2023-10-04 04:00:00,2023-10-06 19:00:00,short,149.279,149.338,-5.89999999999975,1.0,-6.89999999999975,63,20,80,0,signal_flip
short_filter_ma80_slope,60m,full_2023_2025,2023-10-06 19:00:00,2023-10-09 23:00:00,long,149.338,148.415,-92.30000000000018,1.0,-93.30000000000018,28,20,80,0,signal_flip
short_filter_ma80_slope,60m,full_2023_2025,2023-10-09 23:00:00,2023-10-11 00:00:00,short,148.415,148.625,-21.000000000000796,1.0,-22.000000000000796,25,20,80,0,signal_flip
short_filter_ma80_slope,60m,full_2023_2025,2023-10-11 21:00:00,2023-10-23 23:00:00,long,149.152,149.688,53.600000000000136,1.0,52.600000000000136,194,20,80,0,signal_flip
short_filter_ma80_slope,60m,full_2023_2025,2023-10-24 05:00:00,2023-10-25 04:00:00,short,149.65,149.846,-19.599999999999795,1.0,-20.599999999999795,23,20,80,0,signal_flip
short_filter_ma80_slope,60m,full_2023_2025,2023-10-25 04:00:00,2023-10-27 18:00:00,long,149.846,149.52,-32.59999999999934,1.0,-33.59999999999934,62,20,80,0,signal_flip
short_filter_ma80_slope,60m,full_2023_2025,2023-10-30 05:00:00,2023-10-31 15:00:00,short,149.557,151.258,-170.10000000000218,1.0,-171.10000000000218,34,20,80,0,signal_flip
short_filter_ma80_slope,60m,full_2023_2025,2023-10-31 15:00:00,2023-11-02 15:00:00,long,151.258,150.288,-96.99999999999989,1.0,-97.99999999999989,48,20,80,0,signal_flip
short_filter_ma80_slope,60m,full_2023_2025,2023-11-05 23:00:00,2023-11-07 09:00:00,short,149.356,150.331,-97.49999999999943,1.0,-98.49999999999943,34,20,80,0,signal_flip
short_filter_ma80_slope,60m,full_2023_2025,2023-11-07 09:00:00,2023-11-14 19:00:00,long,150.331,150.534,20.300000000000296,1.0,19.300000000000296,130,20,80,0,signal_flip
short_filter_ma80_slope,60m,full_2023_2025,2023-11-15 02:00:00,2023-11-16 10:00:00,short,150.57,151.275,-70.50000000000125,1.0,-71.50000000000125,32,20,80,0,signal_flip
short_filter_ma80_slope,60m,full_2023_2025,2023-11-16 10:00:00,2023-11-16 16:00:00,long,151.275,150.407,-86.7999999999995,1.0,-87.7999999999995,6,20,80,0,signal_flip
short_filter_ma80_slope,60m,full_2023_2025,2023-11-16 16:00:00,2023-11-22 15:00:00,short,150.407,149.352,105.50000000000068,1.0,104.50000000000068,95,20,80,0,signal_flip
short_filter_ma80_slope,60m,full_2023_2025,2023-11-22 15:00:00,2023-11-27 11:00:00,long,149.352,148.989,-36.299999999999955,1.0,-37.299999999999955,68,20,80,0,signal_flip
short_filter_ma80_slope,60m,full_2023_2025,2023-11-28 02:00:00,2023-12-01 01:00:00,short,148.2,147.765,43.50000000000023,1.0,42.50000000000023,70,20,80,0,signal_flip
short_filter_ma80_slope,60m,full_2023_2025,2023-12-01 01:00:00,2023-12-04 01:00:00,long,147.765,146.5,-126.49999999999864,1.0,-127.49999999999864,24,20,80,0,signal_flip
short_filter_ma80_slope,60m,full_2023_2025,2023-12-04 01:00:00,2023-12-06 10:00:00,short,146.5,147.318,-81.8000000000012,1.0,-82.8000000000012,57,20,80,0,signal_flip
short_filter_ma80_slope,60m,full_2023_2025,2023-12-06 10:00:00,2023-12-07 08:00:00,long,147.318,145.713,-160.50000000000182,1.0,-161.50000000000182,22,20,80,0,signal_flip
short_filter_ma80_slope,60m,full_2023_2025,2023-12-07 08:00:00,2023-12-11 13:00:00,short,145.713,146.36,-64.70000000000198,1.0,-65.70000000000198,53,20,80,0,signal_flip
short_filter_ma80_slope,60m,full_2023_2025,2023-12-11 13:00:00,2023-12-13 18:00:00,long,146.36,145.172,-118.80000000000166,1.0,-119.80000000000166,53,20,80,0,signal_flip
short_filter_ma80_slope,60m,full_2023_2025,2023-12-14 04:00:00,2023-12-18 18:00:00,short,141.404,142.919,-151.50000000000148,1.0,-152.50000000000148,62,20,80,0,signal_flip
short_filter_ma80_slope,60m,full_2023_2025,2023-12-18 18:00:00,2023-12-21 11:00:00,long,142.919,143.018,9.899999999998954,1.0,8.899999999998954,65,20,80,0,signal_flip
short_filter_ma80_slope,60m,full_2023_2025,2023-12-22 02:00:00,2023-12-27 01:00:00,short,142.354,142.709,-35.49999999999898,1.0,-36.49999999999898,56,20,80,0,signal_flip
short_filter_ma80_slope,60m,full_2023_2025,2023-12-27 01:00:00,2023-12-27 23:00:00,long,142.709,141.605,-110.40000000000134,1.0,-111.40000000000134,22,20,80,0,signal_flip
short_filter_ma80_slope,60m,full_2023_2025,2023-12-27 23:00:00,2024-01-02 17:00:00,short,141.605,141.891,-28.600000000000136,1.0,-29.600000000000136,66,20,80,0,signal_flip
short_filter_ma80_slope,60m,full_2023_2025,2024-01-02 17:00:00,2024-01-08 22:00:00,long,141.891,144.223,233.2000000000022,1.0,232.2000000000022,101,20,80,0,signal_flip
short_filter_ma80_slope,60m,full_2023_2025,2024-01-10 07:00:00,2024-01-12 17:00:00,long,145.065,144.854,-21.09999999999843,1.0,-22.09999999999843,58,20,80,0,signal_flip
short_filter_ma80_slope,60m,full_2023_2025,2024-01-15 16:00:00,2024-01-22 12:00:00,long,145.79,147.887,209.70000000000084,1.0,208.70000000000084,116,20,80,0,signal_flip
short_filter_ma80_slope,60m,full_2023_2025,2024-01-23 07:00:00,2024-01-23 20:00:00,short,147.125,148.376,-125.10000000000048,1.0,-126.10000000000048,13,20,80,0,signal_flip
short_filter_ma80_slope,60m,full_2023_2025,2024-01-24 01:00:00,2024-01-24 13:00:00,long,148.112,147.294,-81.79999999999836,1.0,-82.79999999999836,12,20,80,0,signal_flip
short_filter_ma80_slope,60m,full_2023_2025,2024-01-24 13:00:00,2024-01-26 19:00:00,short,147.294,148.135,-84.09999999999798,1.0,-85.09999999999798,54,20,80,0,signal_flip
short_filter_ma80_slope,60m,full_2023_2025,2024-01-26 19:00:00,2024-01-30 01:00:00,long,148.135,147.298,-83.69999999999891,1.0,-84.69999999999891,30,20,80,0,signal_flip
short_filter_ma80_slope,60m,full_2023_2025,2024-01-30 13:00:00,2024-01-31 11:00:00,short,147.44,147.824,-38.400000000001455,1.0,-39.400000000001455,22,20,80,0,signal_flip
short_filter_ma80_slope,60m,full_2023_2025,2024-01-31 15:00:00,2024-02-02 20:00:00,short,146.638,148.328,-168.99999999999977,1.0,-169.99999999999977,53,20,80,0,signal_flip
short_filter_ma80_slope,60m,full_2023_2025,2024-02-02 20:00:00,2024-02-07 08:00:00,long,148.328,147.819,-50.900000000001455,1.0,-51.900000000001455,60,20,80,0,signal_flip
short_filter_ma80_slope,60m,full_2023_2025,2024-02-08 11:00:00,2024-02-15 20:00:00,long,149.1,149.954,85.40000000000134,1.0,84.40000000000134,129,20,80,0,signal_flip
short_filter_ma80_slope,60m,full_2023_2025,2024-02-19 08:00:00,2024-02-20 05:00:00,short,149.975,150.333,-35.80000000000041,1.0,-36.80000000000041,21,20,80,0,signal_flip
short_filter_ma80_slope,60m,full_2023_2025,2024-02-20 05:00:00,2024-02-20 23:00:00,long,150.333,149.936,-39.699999999999136,1.0,-40.699999999999136,18,20,80,0,signal_flip
short_filter_ma80_slope,60m,full_2023_2025,2024-02-20 23:00:00,2024-02-21 22:00:00,short,149.936,150.295,-35.899999999998045,1.0,-36.899999999998045,23,20,80,0,signal_flip
short_filter_ma80_slope,60m,full_2023_2025,2024-02-21 22:00:00,2024-02-27 14:00:00,long,150.295,150.272,-2.2999999999996135,1.0,-3.2999999999996135,88,20,80,0,signal_flip
short_filter_ma80_slope,60m,full_2023_2025,2024-02-28 10:00:00,2024-02-29 06:00:00,long,150.743,149.903,-84.00000000000034,1.0,-85.00000000000034,20,20,80,0,signal_flip
short_filter_ma80_slope,60m,full_2023_2025,2024-02-29 06:00:00,2024-03-01 16:00:00,short,149.903,150.122,-21.90000000000225,1.0,-22.90000000000225,34,20,80,0,signal_flip
short_filter_ma80_slope,60m,full_2023_2025,2024-03-01 16:00:00,2024-03-04 02:00:00,long,150.122,150.126,0.39999999999906777,1.0,-0.6000000000009322,10,20,80,0,signal_flip
short_filter_ma80_slope,60m,full_2023_2025,2024-03-04 02:00:00,2024-03-04 17:00:00,short,150.126,150.449,-32.30000000000075,1.0,-33.30000000000075,15,20,80,0,signal_flip
short_filter_ma80_slope,60m,full_2023_2025,2024-03-04 17:00:00,2024-03-05 22:00:00,long,150.449,150.033,-41.600000000002524,1.0,-42.600000000002524,29,20,80,0,signal_flip
short_filter_ma80_slope,60m,full_2023_2025,2024-03-06 11:00:00,2024-03-12 17:00:00,short,149.743,147.701,204.20000000000016,1.0,203.20000000000016,103,20,80,0,signal_flip
short_filter_ma80_slope,60m,full_2023_2025,2024-03-12 17:00:00,2024-03-25 06:00:00,long,147.701,151.216,351.5000000000015,1.0,350.5000000000015,205,20,80,0,signal_flip
short_filter_ma80_slope,60m,full_2023_2025,2024-03-25 20:00:00,2024-03-26 12:00:00,long,151.444,151.388,-5.599999999998317,1.0,-6.599999999998317,16,20,80,0,signal_flip
short_filter_ma80_slope,60m,full_2023_2025,2024-03-26 23:00:00,2024-03-28 01:00:00,long,151.527,151.414,-11.299999999999955,1.0,-12.299999999999955,26,20,80,0,signal_flip
short_filter_ma80_slope,60m,full_2023_2025,2024-03-28 01:00:00,2024-03-28 12:00:00,short,151.414,151.368,4.599999999999227,1.0,3.599999999999227,11,20,80,0,signal_flip
short_filter_ma80_slope,60m,full_2023_2025,2024-03-29 06:00:00,2024-04-01 14:00:00,short,151.355,151.576,-22.100000000000364,1.0,-23.100000000000364,32,20,80,0,signal_flip
short_filter_ma80_slope,60m,full_2023_2025,2024-04-01 14:00:00,2024-04-04 19:00:00,long,151.576,151.201,-37.5,1.0,-38.5,77,20,80,0,signal_flip
short_filter_ma80_slope,60m,full_2023_2025,2024-04-05 04:00:00,2024-04-08 03:00:00,short,151.262,151.77,-50.80000000000098,1.0,-51.80000000000098,23,20,80,0,signal_flip
short_filter_ma80_slope,60m,full_2023_2025,2024-04-08 03:00:00,2024-04-18 09:00:00,long,151.77,154.354,258.4000000000003,1.0,257.4000000000003,198,20,80,0,signal_flip
short_filter_ma80_slope,60m,full_2023_2025,2024-04-18 23:00:00,2024-04-19 10:00:00,long,154.642,154.485,-15.699999999998226,1.0,-16.699999999998226,11,20,80,0,signal_flip
short_filter_ma80_slope,60m,full_2023_2025,2024-04-21 23:00:00,2024-04-30 00:00:00,long,154.629,156.325,169.5999999999998,1.0,168.5999999999998,145,20,80,0,signal_flip
short_filter_ma80_slope,60m,full_2023_2025,2024-04-30 06:00:00,2024-05-02 01:00:00,long,156.828,156.015,-81.30000000000166,1.0,-82.30000000000166,43,20,80,0,signal_flip
short_filter_ma80_slope,60m,full_2023_2025,2024-05-02 05:00:00,2024-05-07 04:00:00,short,155.828,154.551,127.70000000000152,1.0,126.70000000000152,71,20,80,0,signal_flip
short_filter_ma80_slope,60m,full_2023_2025,2024-05-07 04:00:00,2024-05-15 16:00:00,long,154.551,155.024,47.30000000000132,1.0,46.30000000000132,156,20,80,0,signal_flip
short_filter_ma80_slope,60m,full_2023_2025,2024-05-15 22:00:00,2024-05-17 12:00:00,short,154.773,155.853,-108.00000000000125,1.0,-109.00000000000125,38,20,80,0,signal_flip
short_filter_ma80_slope,60m,full_2023_2025,2024-05-17 12:00:00,2024-05-27 17:00:00,long,155.853,156.897,104.39999999999827,1.0,103.39999999999827,149,20,80,0,signal_flip
short_filter_ma80_slope,60m,full_2023_2025,2024-05-28 23:00:00,2024-05-30 17:00:00,long,157.214,156.696,-51.80000000000007,1.0,-52.80000000000007,42,20,80,0,signal_flip
short_filter_ma80_slope,60m,full_2023_2025,2024-05-31 00:00:00,2024-05-31 11:00:00,short,156.991,157.237,-24.59999999999809,1.0,-25.59999999999809,11,20,80,0,signal_flip
short_filter_ma80_slope,60m,full_2023_2025,2024-06-03 01:00:00,2024-06-03 15:00:00,long,157.087,156.197,-88.99999999999864,1.0,-89.99999999999864,14,20,80,0,signal_flip
short_filter_ma80_slope,60m,full_2023_2025,2024-06-03 15:00:00,2024-06-06 09:00:00,short,156.197,156.16,3.700000000000614,1.0,2.700000000000614,66,20,80,0,signal_flip
short_filter_ma80_slope,60m,full_2023_2025,2024-06-06 09:00:00,2024-06-07 10:00:00,long,156.16,155.481,-67.9000000000002,1.0,-68.9000000000002,25,20,80,0,signal_flip
short_filter_ma80_slope,60m,full_2023_2025,2024-06-07 10:00:00,2024-06-07 13:00:00,short,155.481,156.777,-129.59999999999923,1.0,-130.59999999999923,3,20,80,0,signal_flip
short_filter_ma80_slope,60m,full_2023_2025,2024-06-07 13:00:00,2024-06-12 17:00:00,long,156.777,155.799,-97.79999999999802,1.0,-98.79999999999802,76,20,80,0,signal_flip
short_filter_ma80_slope,60m,full_2023_2025,2024-06-13 17:00:00,2024-07-04 10:00:00,long,156.847,161.252,440.5000000000001,1.0,439.5000000000001,353,20,80,0,signal_flip
short_filter_ma80_slope,60m,full_2023_2025,2024-07-05 03:00:00,2024-07-09 13:00:00,short,160.964,161.129,-16.499999999999204,1.0,-17.499999999999204,58,20,80,0,signal_flip
short_filter_ma80_slope,60m,full_2023_2025,2024-07-09 13:00:00,2024-07-11 15:00:00,long,161.129,158.554,-257.49999999999886,1.0,-258.49999999999886,50,20,80,0,signal_flip
short_filter_ma80_slope,60m,full_2023_2025,2024-07-11 18:00:00,2024-07-16 18:00:00,short,158.806,158.472,33.40000000000032,1.0,32.40000000000032,72,20,80,0,signal_flip
short_filter_ma80_slope,60m,full_2023_2025,2024-07-16 18:00:00,2024-07-17 08:00:00,long,158.472,157.07,-140.20000000000152,1.0,-141.20000000000152,14,20,80,0,signal_flip
short_filter_ma80_slope,60m,full_2023_2025,2024-07-17 08:00:00,2024-07-19 11:00:00,short,157.07,157.455,-38.50000000000193,1.0,-39.50000000000193,51,20,80,0,signal_flip
short_filter_ma80_slope,60m,full_2023_2025,2024-07-19 11:00:00,2024-07-23 00:00:00,long,157.455,156.901,-55.400000000000205,1.0,-56.400000000000205,37,20,80,0,signal_flip
short_filter_ma80_slope,60m,full_2023_2025,2024-07-23 00:00:00,2024-07-23 07:00:00,short,156.901,156.585,31.60000000000025,1.0,30.60000000000025,7,20,80,0,signal_flip
short_filter_ma80_slope,60m,full_2023_2025,2024-07-23 19:00:00,2024-07-29 04:00:00,short,155.627,153.517,211.00000000000136,1.0,210.00000000000136,81,20,80,0,signal_flip
short_filter_ma80_slope,60m,full_2023_2025,2024-07-29 04:00:00,2024-07-29 05:00:00,long,153.517,153.412,-10.499999999998977,1.0,-11.499999999998977,1,20,80,0,signal_flip
short_filter_ma80_slope,60m,full_2023_2025,2024-07-29 05:00:00,2024-07-29 14:00:00,short,153.412,154.174,-76.20000000000005,1.0,-77.20000000000005,9,20,80,0,signal_flip
short_filter_ma80_slope,60m,full_2023_2025,2024-07-29 14:00:00,2024-07-31 02:00:00,long,154.174,152.411,-176.30000000000052,1.0,-177.30000000000052,36,20,80,0,signal_flip
short_filter_ma80_slope,60m,full_2023_2025,2024-07-31 08:00:00,2024-08-07 09:00:00,short,150.921,147.201,371.9999999999999,1.0,370.9999999999999,121,20,80,0,signal_flip
short_filter_ma80_slope,60m,full_2023_2025,2024-08-07 09:00:00,2024-08-12 08:00:00,long,147.201,147.217,1.6000000000019554,1.0,0.6000000000019554,71,20,80,0,signal_flip
short_filter_ma80_slope,60m,full_2023_2025,2024-08-12 10:00:00,2024-08-14 02:00:00,long,147.318,146.867,-45.10000000000218,1.0,-46.10000000000218,40,20,80,0,signal_flip
short_filter_ma80_slope,60m,full_2023_2025,2024-08-14 11:00:00,2024-08-15 00:00:00,short,146.869,147.273,-40.399999999999636,1.0,-41.399999999999636,13,20,80,0,signal_flip
short_filter_ma80_slope,60m,full_2023_2025,2024-08-15 10:00:00,2024-08-19 05:00:00,long,147.377,146.188,-118.90000000000214,1.0,-119.90000000000214,43,20,80,0,signal_flip
short_filter_ma80_slope,60m,full_2023_2025,2024-08-19 10:00:00,2024-08-23 00:00:00,short,146.268,146.208,6.000000000000227,1.0,5.000000000000227,86,20,80,0,signal_flip
short_filter_ma80_slope,60m,full_2023_2025,2024-08-23 00:00:00,2024-08-23 19:00:00,long,146.208,144.295,-191.3000000000011,1.0,-192.3000000000011,19,20,80,0,signal_flip
short_filter_ma80_slope,60m,full_2023_2025,2024-08-23 19:00:00,2024-08-28 19:00:00,short,144.295,144.652,-35.69999999999993,1.0,-36.69999999999993,72,20,80,0,signal_flip
short_filter_ma80_slope,60m,full_2023_2025,2024-08-28 19:00:00,2024-09-03 23:00:00,long,144.652,145.332,68.00000000000068,1.0,67.00000000000068,100,20,80,0,signal_flip
short_filter_ma80_slope,60m,full_2023_2025,2024-09-04 19:00:00,2024-09-10 02:00:00,short,143.887,143.417,46.999999999999886,1.0,45.999999999999886,79,20,80,0,signal_flip
short_filter_ma80_slope,60m,full_2023_2025,2024-09-10 02:00:00,2024-09-10 21:00:00,long,143.417,142.401,-101.59999999999911,1.0,-102.59999999999911,19,20,80,0,signal_flip
short_filter_ma80_slope,60m,full_2023_2025,2024-09-10 21:00:00,2024-09-17 19:00:00,short,142.401,141.81,59.10000000000082,1.0,58.10000000000082,118,20,80,0,signal_flip
short_filter_ma80_slope,60m,full_2023_2025,2024-09-17 19:00:00,2024-09-25 04:00:00,long,141.81,143.297,148.69999999999948,1.0,147.69999999999948,129,20,80,0,signal_flip
short_filter_ma80_slope,60m,full_2023_2025,2024-09-25 19:00:00,2024-09-27 16:00:00,long,144.681,142.599,-208.2000000000022,1.0,-209.2000000000022,45,20,80,0,signal_flip
short_filter_ma80_slope,60m,full_2023_2025,2024-09-27 19:00:00,2024-10-01 09:00:00,short,142.168,143.805,-163.70000000000005,1.0,-164.70000000000005,38,20,80,0,signal_flip
short_filter_ma80_slope,60m,full_2023_2025,2024-10-01 09:00:00,2024-10-16 02:00:00,long,143.805,149.026,522.1000000000004,1.0,521.1000000000004,257,20,80,0,signal_flip
short_filter_ma80_slope,60m,full_2023_2025,2024-10-16 19:00:00,2024-10-21 03:00:00,long,149.774,149.221,-55.29999999999973,1.0,-56.29999999999973,56,20,80,0,signal_flip
short_filter_ma80_slope,60m,full_2023_2025,2024-10-21 18:00:00,2024-10-25 09:00:00,long,150.751,151.964,121.29999999999939,1.0,120.29999999999939,87,20,80,0,signal_flip
short_filter_ma80_slope,60m,full_2023_2025,2024-10-27 23:00:00,2024-10-31 04:00:00,long,152.95,153.05,10.000000000002274,1.0,9.000000000002274,77,20,80,0,signal_flip
short_filter_ma80_slope,60m,full_2023_2025,2024-10-31 17:00:00,2024-11-06 06:00:00,short,152.441,153.741,-130.00000000000114,1.0,-131.00000000000114,84,20,80,0,signal_flip
short_filter_ma80_slope,60m,full_2023_2025,2024-11-06 06:00:00,2024-11-08 06:00:00,long,153.741,152.801,-94.00000000000261,1.0,-95.00000000000261,48,20,80,0,signal_flip
short_filter_ma80_slope,60m,full_2023_2025,2024-11-11 18:00:00,2024-11-17 22:00:00,long,153.877,154.349,47.199999999998,1.0,46.199999999998,100,20,80,0,signal_flip
short_filter_ma80_slope,60m,full_2023_2025,2024-11-18 17:00:00,2024-11-20 10:00:00,short,154.796,155.757,-96.10000000000127,1.0,-97.10000000000127,41,20,80,0,signal_flip
short_filter_ma80_slope,60m,full_2023_2025,2024-11-20 10:00:00,2024-11-21 17:00:00,long,155.757,154.652,-110.50000000000182,1.0,-111.50000000000182,31,20,80,0,signal_flip
short_filter_ma80_slope,60m,full_2023_2025,2024-11-21 22:00:00,2024-11-22 18:00:00,short,154.52,154.755,-23.499999999998522,1.0,-24.499999999998522,20,20,80,0,signal_flip
short_filter_ma80_slope,60m,full_2023_2025,2024-11-25 13:00:00,2024-12-04 13:00:00,short,154.195,151.17,302.50000000000057,1.0,301.50000000000057,168,20,80,0,signal_flip
short_filter_ma80_slope,60m,full_2023_2025,2024-12-04 13:00:00,2024-12-06 17:00:00,long,151.17,149.79,-137.99999999999955,1.0,-138.99999999999955,52,20,80,0,signal_flip
short_filter_ma80_slope,60m,full_2023_2025,2024-12-09 16:00:00,2024-12-18 04:00:00,long,151.026,153.615,258.89999999999986,1.0,257.89999999999986,156,20,80,0,signal_flip
short_filter_ma80_slope,60m,full_2023_2025,2024-12-18 22:00:00,2024-12-30 20:00:00,long,154.741,157.09,234.89999999999895,1.0,233.89999999999895,176,20,80,0,signal_flip
short_filter_ma80_slope,60m,full_2023_2025,2024-12-31 04:00:00,2025-01-03 03:00:00,short,156.441,157.308,-86.69999999999902,1.0,-87.69999999999902,47,20,80,0,signal_flip
short_filter_ma80_slope,60m,full_2023_2025,2025-01-03 03:00:00,2025-01-10 04:00:00,long,157.308,158.234,92.60000000000161,1.0,91.60000000000161,121,20,80,0,signal_flip
short_filter_ma80_slope,60m,full_2023_2025,2025-01-10 06:00:00,2025-01-10 18:00:00,long,158.411,157.668,-74.2999999999995,1.0,-75.2999999999995,12,20,80,0,signal_flip
short_filter_ma80_slope,60m,full_2023_2025,2025-01-13 04:00:00,2025-01-14 21:00:00,short,157.412,157.981,-56.89999999999884,1.0,-57.89999999999884,41,20,80,0,signal_flip
short_filter_ma80_slope,60m,full_2023_2025,2025-01-14 21:00:00,2025-01-15 11:00:00,long,157.981,156.789,-119.20000000000073,1.0,-120.20000000000073,14,20,80,0,signal_flip
short_filter_ma80_slope,60m,full_2023_2025,2025-01-15 11:00:00,2025-01-20 10:00:00,short,156.789,156.283,50.60000000000002,1.0,49.60000000000002,71,20,80,0,signal_flip
short_filter_ma80_slope,60m,full_2023_2025,2025-01-20 10:00:00,2025-01-21 03:00:00,long,156.283,155.134,-114.90000000000009,1.0,-115.90000000000009,17,20,80,0,signal_flip
short_filter_ma80_slope,60m,full_2023_2025,2025-01-21 03:00:00,2025-01-22 09:00:00,short,155.134,155.719,-58.500000000000796,1.0,-59.500000000000796,30,20,80,0,signal_flip
short_filter_ma80_slope,60m,full_2023_2025,2025-01-22 17:00:00,2025-01-24 08:00:00,long,156.616,155.382,-123.40000000000089,1.0,-124.40000000000089,39,20,80,0,signal_flip
short_filter_ma80_slope,60m,full_2023_2025,2025-01-24 09:00:00,2025-01-24 11:00:00,short,155.377,155.906,-52.899999999999636,1.0,-53.899999999999636,2,20,80,0,signal_flip
short_filter_ma80_slope,60m,full_2023_2025,2025-01-27 11:00:00,2025-01-28 19:00:00,short,153.967,155.678,-171.09999999999843,1.0,-172.09999999999843,32,20,80,0,signal_flip
short_filter_ma80_slope,60m,full_2023_2025,2025-01-28 19:00:00,2025-01-29 17:00:00,long,155.678,155.222,-45.599999999998886,1.0,-46.599999999998886,22,20,80,0,signal_flip
short_filter_ma80_slope,60m,full_2023_2025,2025-01-29 17:00:00,2025-02-03 01:00:00,short,155.222,155.698,-47.59999999999991,1.0,-48.59999999999991,56,20,80,0,signal_flip
short_filter_ma80_slope,60m,full_2023_2025,2025-02-03 01:00:00,2025-02-05 01:00:00,long,155.698,153.848,-184.99999999999943,1.0,-185.99999999999943,48,20,80,0,signal_flip
short_filter_ma80_slope,60m,full_2023_2025,2025-02-05 06:00:00,2025-02-10 22:00:00,short,153.427,151.984,144.29999999999836,1.0,143.29999999999836,88,20,80,0,signal_flip
short_filter_ma80_slope,60m,full_2023_2025,2025-02-10 22:00:00,2025-02-11 09:00:00,long,151.984,151.867,-11.700000000001864,1.0,-12.700000000001864,11,20,80,0,signal_flip
short_filter_ma80_slope,60m,full_2023_2025,2025-02-11 09:00:00,2025-02-11 10:00:00,short,151.867,151.944,-7.699999999999818,1.0,-8.699999999999818,1,20,80,0,signal_flip
short_filter_ma80_slope,60m,full_2023_2025,2025-02-11 10:00:00,2025-02-14 05:00:00,long,151.944,152.63,68.6000000000007,1.0,67.6000000000007,67,20,80,0,signal_flip
short_filter_ma80_slope,60m,full_2023_2025,2025-02-17 05:00:00,2025-02-27 17:00:00,short,151.684,149.808,187.60000000000048,1.0,186.60000000000048,204,20,80,0,signal_flip
short_filter_ma80_slope,60m,full_2023_2025,2025-02-27 18:00:00,2025-03-04 06:00:00,long,149.964,149.381,-58.29999999999984,1.0,-59.29999999999984,60,20,80,0,signal_flip
short_filter_ma80_slope,60m,full_2023_2025,2025-03-04 14:00:00,2025-03-12 00:00:00,short,148.207,148.048,15.899999999999181,1.0,14.899999999999181,131,20,80,0,signal_flip
short_filter_ma80_slope,60m,full_2023_2025,2025-03-12 00:00:00,2025-03-20 04:00:00,long,148.048,148.368,31.999999999999318,1.0,30.999999999999318,148,20,80,0,signal_flip
short_filter_ma80_slope,60m,full_2023_2025,2025-03-20 13:00:00,2025-03-21 05:00:00,short,148.558,149.413,-85.50000000000182,1.0,-86.50000000000182,16,20,80,0,signal_flip
short_filter_ma80_slope,60m,full_2023_2025,2025-03-21 13:00:00,2025-03-21 19:00:00,short,148.67,149.215,-54.50000000000159,1.0,-55.50000000000159,6,20,80,0,signal_flip
short_filter_ma80_slope,60m,full_2023_2025,2025-03-21 19:00:00,2025-03-30 22:00:00,long,149.215,149.628,41.29999999999825,1.0,40.29999999999825,123,20,80,0,signal_flip
short_filter_ma80_slope,60m,full_2023_2025,2025-03-30 22:00:00,2025-04-02 17:00:00,short,149.628,150.191,-56.30000000000166,1.0,-57.30000000000166,67,20,80,0,signal_flip
short_filter_ma80_slope,60m,full_2023_2025,2025-04-02 17:00:00,2025-04-02 23:00:00,long,150.191,148.409,-178.20000000000107,1.0,-179.20000000000107,6,20,80,0,signal_flip
short_filter_ma80_slope,60m,full_2023_2025,2025-04-02 23:00:00,2025-04-07 22:00:00,short,148.409,147.717,69.19999999999789,1.0,68.19999999999789,71,20,80,0,signal_flip
short_filter_ma80_slope,60m,full_2023_2025,2025-04-07 22:00:00,2025-04-09 04:00:00,long,147.717,145.33,-238.70000000000005,1.0,-239.70000000000005,30,20,80,0,signal_flip
short_filter_ma80_slope,60m,full_2023_2025,2025-04-09 04:00:00,2025-04-10 01:00:00,short,145.33,146.724,-139.3999999999977,1.0,-140.3999999999977,21,20,80,0,signal_flip
short_filter_ma80_slope,60m,full_2023_2025,2025-04-10 09:00:00,2025-04-10 15:00:00,long,146.309,144.663,-164.59999999999866,1.0,-165.59999999999866,6,20,80,0,signal_flip
short_filter_ma80_slope,60m,full_2023_2025,2025-04-10 18:00:00,2025-04-23 05:00:00,short,144.755,141.955,279.9999999999983,1.0,278.9999999999983,203,20,80,0,signal_flip
short_filter_ma80_slope,60m,full_2023_2025,2025-04-23 05:00:00,2025-04-28 21:00:00,long,141.955,141.968,1.2999999999976808,1.0,0.2999999999976808,88,20,80,0,signal_flip
short_filter_ma80_slope,60m,full_2023_2025,2025-04-29 07:00:00,2025-05-01 00:00:00,short,142.474,143.018,-54.400000000001114,1.0,-55.400000000001114,41,20,80,0,signal_flip
short_filter_ma80_slope,60m,full_2023_2025,2025-05-01 00:00:00,2025-05-05 16:00:00,long,143.018,143.981,96.29999999999939,1.0,95.29999999999939,64,20,80,0,signal_flip
short_filter_ma80_slope,60m,full_2023_2025,2025-05-06 18:00:00,2025-05-08 05:00:00,short,142.513,143.779,-126.59999999999911,1.0,-127.59999999999911,35,20,80,0,signal_flip
short_filter_ma80_slope,60m,full_2023_2025,2025-05-08 05:00:00,2025-05-14 14:00:00,long,143.779,145.998,221.8999999999994,1.0,220.8999999999994,105,20,80,0,signal_flip
short_filter_ma80_slope,60m,full_2023_2025,2025-05-15 19:00:00,2025-05-27 14:00:00,short,145.683,144.169,151.39999999999816,1.0,150.39999999999816,187,20,80,0,signal_flip
short_filter_ma80_slope,60m,full_2023_2025,2025-05-27 14:00:00,2025-05-30 04:00:00,long,144.169,143.857,-31.200000000001182,1.0,-32.20000000000118,62,20,80,0,signal_flip
short_filter_ma80_slope,60m,full_2023_2025,2025-06-02 06:00:00,2025-06-04 01:00:00,short,143.352,143.99,-63.80000000000052,1.0,-64.80000000000052,43,20,80,0,signal_flip
short_filter_ma80_slope,60m,full_2023_2025,2025-06-04 01:00:00,2025-06-05 02:00:00,long,143.99,142.922,-106.8000000000012,1.0,-107.8000000000012,25,20,80,0,signal_flip
short_filter_ma80_slope,60m,full_2023_2025,2025-06-05 02:00:00,2025-06-05 21:00:00,short,142.922,143.579,-65.70000000000107,1.0,-66.70000000000107,19,20,80,0,signal_flip
short_filter_ma80_slope,60m,full_2023_2025,2025-06-05 21:00:00,2025-06-12 03:00:00,long,143.579,143.956,37.69999999999811,1.0,36.69999999999811,102,20,80,0,signal_flip
short_filter_ma80_slope,60m,full_2023_2025,2025-06-12 07:00:00,2025-06-16 04:00:00,short,143.734,144.481,-74.69999999999857,1.0,-75.69999999999857,45,20,80,0,signal_flip
short_filter_ma80_slope,60m,full_2023_2025,2025-06-16 04:00:00,2025-06-24 09:00:00,long,144.481,145.094,61.299999999999955,1.0,60.299999999999955,149,20,80,0,signal_flip
short_filter_ma80_slope,60m,full_2023_2025,2025-06-24 20:00:00,2025-07-03 13:00:00,short,144.77,145.002,-23.199999999999932,1.0,-24.199999999999932,161,20,80,0,signal_flip
short_filter_ma80_slope,60m,full_2023_2025,2025-07-03 13:00:00,2025-07-10 11:00:00,long,145.002,146.121,111.89999999999998,1.0,110.89999999999998,118,20,80,0,signal_flip
short_filter_ma80_slope,60m,full_2023_2025,2025-07-11 05:00:00,2025-07-21 03:00:00,long,147.08,148.5,141.99999999999875,1.0,140.99999999999875,142,20,80,0,signal_flip
short_filter_ma80_slope,60m,full_2023_2025,2025-07-21 10:00:00,2025-07-25 03:00:00,short,147.921,147.414,50.7000000000005,1.0,49.7000000000005,89,20,80,0,signal_flip
short_filter_ma80_slope,60m,full_2023_2025,2025-07-25 03:00:00,2025-08-03 23:00:00,long,147.414,147.242,-17.199999999999704,1.0,-18.199999999999704,140,20,80,0,signal_flip
short_filter_ma80_slope,60m,full_2023_2025,2025-08-04 03:00:00,2025-08-08 10:00:00,short,147.792,147.709,8.29999999999984,1.0,7.299999999999841,103,20,80,0,signal_flip
short_filter_ma80_slope,60m,full_2023_2025,2025-08-08 17:00:00,2025-08-13 09:00:00,long,147.737,147.265,-47.20000000000084,1.0,-48.20000000000084,64,20,80,0,signal_flip
short_filter_ma80_slope,60m,full_2023_2025,2025-08-14 00:00:00,2025-08-18 09:00:00,short,147.119,147.34,-22.100000000000364,1.0,-23.100000000000364,57,20,80,0,signal_flip
short_filter_ma80_slope,60m,full_2023_2025,2025-08-18 09:00:00,2025-08-20 16:00:00,long,147.34,147.192,-14.799999999999613,1.0,-15.799999999999613,55,20,80,0,signal_flip
short_filter_ma80_slope,60m,full_2023_2025,2025-08-20 16:00:00,2025-08-20 21:00:00,short,147.192,147.315,-12.299999999999045,1.0,-13.299999999999045,5,20,80,0,signal_flip
short_filter_ma80_slope,60m,full_2023_2025,2025-08-21 17:00:00,2025-08-25 01:00:00,long,148.283,147.391,-89.19999999999959,1.0,-90.19999999999959,32,20,80,0,signal_flip
short_filter_ma80_slope,60m,full_2023_2025,2025-08-25 01:00:00,2025-08-26 00:00:00,short,147.391,147.81,-41.900000000001114,1.0,-42.900000000001114,23,20,80,0,signal_flip
short_filter_ma80_slope,60m,full_2023_2025,2025-08-26 23:00:00,2025-08-27 11:00:00,short,147.431,148.118,-68.69999999999834,1.0,-69.69999999999834,12,20,80,0,signal_flip
short_filter_ma80_slope,60m,full_2023_2025,2025-08-27 11:00:00,2025-08-28 06:00:00,long,148.118,147.126,-99.19999999999902,1.0,-100.19999999999902,19,20,80,0,signal_flip
short_filter_ma80_slope,60m,full_2023_2025,2025-08-28 06:00:00,2025-08-28 18:00:00,short,147.126,146.807,31.900000000001683,1.0,30.900000000001683,12,20,80,0,signal_flip
short_filter_ma80_slope,60m,full_2023_2025,2025-08-28 19:00:00,2025-09-01 22:00:00,short,146.818,147.156,-33.799999999999386,1.0,-34.799999999999386,51,20,80,0,signal_flip
short_filter_ma80_slope,60m,full_2023_2025,2025-09-01 22:00:00,2025-09-05 11:00:00,long,147.156,148.148,99.19999999999902,1.0,98.19999999999902,85,20,80,0,signal_flip
short_filter_ma80_slope,60m,full_2023_2025,2025-09-07 21:00:00,2025-09-11 08:00:00,short,148.088,147.776,31.19999999999834,1.0,30.19999999999834,83,20,80,0,signal_flip
short_filter_ma80_slope,60m,full_2023_2025,2025-09-11 08:00:00,2025-09-12 07:00:00,long,147.776,147.407,-36.89999999999998,1.0,-37.89999999999998,23,20,80,0,signal_flip
short_filter_ma80_slope,60m,full_2023_2025,2025-09-12 07:00:00,2025-09-12 11:00:00,short,147.407,147.752,-34.499999999999886,1.0,-35.499999999999886,4,20,80,0,signal_flip
short_filter_ma80_slope,60m,full_2023_2025,2025-09-12 11:00:00,2025-09-15 16:00:00,long,147.752,147.273,-47.90000000000134,1.0,-48.90000000000134,29,20,80,0,signal_flip
short_filter_ma80_slope,60m,full_2023_2025,2025-09-15 20:00:00,2025-09-18 11:00:00,short,147.388,147.26,12.800000000001432,1.0,11.800000000001432,63,20,80,0,signal_flip
short_filter_ma80_slope,60m,full_2023_2025,2025-09-18 11:00:00,2025-09-23 06:00:00,long,147.26,147.801,54.09999999999968,1.0,53.09999999999968,67,20,80,0,signal_flip
short_filter_ma80_slope,60m,full_2023_2025,2025-09-24 12:00:00,2025-09-29 12:00:00,long,148.501,148.63,12.899999999999068,1.0,11.899999999999068,72,20,80,0,signal_flip
short_filter_ma80_slope,60m,full_2023_2025,2025-09-30 09:00:00,2025-10-03 15:00:00,short,147.856,147.445,41.100000000000136,1.0,40.100000000000136,78,20,80,0,signal_flip
short_filter_ma80_slope,60m,full_2023_2025,2025-10-03 15:00:00,2025-10-12 21:00:00,long,147.445,151.822,437.70000000000095,1.0,436.70000000000095,126,20,80,0,signal_flip
short_filter_ma80_slope,60m,full_2023_2025,2025-10-13 19:00:00,2025-10-20 16:00:00,short,152.286,150.591,169.49999999999932,1.0,168.49999999999932,117,20,80,0,signal_flip
short_filter_ma80_slope,60m,full_2023_2025,2025-10-20 16:00:00,2025-10-28 06:00:00,long,150.591,151.911,131.99999999999932,1.0,130.99999999999932,134,20,80,0,signal_flip
short_filter_ma80_slope,60m,full_2023_2025,2025-10-28 19:00:00,2025-10-30 06:00:00,short,152.102,153.037,-93.50000000000023,1.0,-94.50000000000023,35,20,80,0,signal_flip
short_filter_ma80_slope,60m,full_2023_2025,2025-10-30 06:00:00,2025-11-04 12:00:00,long,153.037,153.57,53.299999999998704,1.0,52.299999999998704,77,20,80,0,signal_flip
short_filter_ma80_slope,60m,full_2023_2025,2025-11-05 04:00:00,2025-11-06 02:00:00,short,153.512,153.87,-35.80000000000041,1.0,-36.80000000000041,22,20,80,0,signal_flip
short_filter_ma80_slope,60m,full_2023_2025,2025-11-06 02:00:00,2025-11-06 16:00:00,long,153.87,153.041,-82.90000000000077,1.0,-83.90000000000077,14,20,80,0,signal_flip
short_filter_ma80_slope,60m,full_2023_2025,2025-11-06 16:00:00,2025-11-10 08:00:00,short,153.041,154.046,-100.49999999999955,1.0,-101.49999999999955,40,20,80,0,signal_flip
short_filter_ma80_slope,60m,full_2023_2025,2025-11-10 08:00:00,2025-11-14 15:00:00,long,154.046,154.356,31.000000000000227,1.0,30.000000000000227,103,20,80,0,signal_flip
short_filter_ma80_slope,60m,full_2023_2025,2025-11-17 11:00:00,2025-11-24 01:00:00,long,154.843,156.735,189.20000000000243,1.0,188.20000000000243,110,20,80,0,signal_flip
short_filter_ma80_slope,60m,full_2023_2025,2025-11-25 12:00:00,2025-11-28 07:00:00,short,156.443,156.381,6.200000000001182,1.0,5.200000000001182,67,20,80,0,signal_flip
short_filter_ma80_slope,60m,full_2023_2025,2025-11-28 07:00:00,2025-11-28 20:00:00,long,156.381,156.118,-26.300000000000523,1.0,-27.300000000000523,13,20,80,0,signal_flip
short_filter_ma80_slope,60m,full_2023_2025,2025-11-28 20:00:00,2025-12-02 23:00:00,short,156.118,155.854,26.39999999999816,1.0,25.39999999999816,51,20,80,0,signal_flip
short_filter_ma80_slope,60m,full_2023_2025,2025-12-02 23:00:00,2025-12-03 11:00:00,long,155.854,155.528,-32.60000000000218,1.0,-33.60000000000218,12,20,80,0,signal_flip
short_filter_ma80_slope,60m,full_2023_2025,2025-12-03 11:00:00,2025-12-08 06:00:00,short,155.528,155.198,32.99999999999841,1.0,31.99999999999841,67,20,80,0,signal_flip
short_filter_ma80_slope,60m,full_2023_2025,2025-12-08 06:00:00,2025-12-11 09:00:00,long,155.198,155.883,68.50000000000023,1.0,67.50000000000023,75,20,80,0,signal_flip
short_filter_ma80_slope,60m,full_2023_2025,2025-12-12 06:00:00,2025-12-17 18:00:00,short,155.742,155.533,20.90000000000032,1.0,19.90000000000032,84,20,80,0,signal_flip
short_filter_ma80_slope,60m,full_2023_2025,2025-12-17 18:00:00,2025-12-23 10:00:00,long,155.533,155.965,43.20000000000164,1.0,42.20000000000164,88,20,80,0,signal_flip
short_filter_ma80_slope,60m,full_2023_2025,2025-12-24 19:00:00,2025-12-26 13:00:00,short,155.964,156.417,-45.300000000000296,1.0,-46.300000000000296,28,20,80,0,signal_flip
short_filter_ma80_slope,60m,full_2023_2025,2025-12-26 13:00:00,2025-12-30 07:00:00,long,156.417,156.036,-38.10000000000002,1.0,-39.10000000000002,42,20,80,0,signal_flip
short_filter_ma80_slope,60m,full_2023_2025,2025-12-31 04:00:00,2025-12-31 21:00:00,long,156.492,156.632,14.000000000001478,1.0,13.000000000001478,17,20,80,0,period_end
short_filter_ma80_slope,60m,dev_2023_2024,2023-01-01 22:00:00,2023-01-04 17:00:00,short,130.925,132.003,-107.79999999999745,1.0,-108.79999999999745,67,20,80,0,signal_flip
short_filter_ma80_slope,60m,dev_2023_2024,2023-01-04 17:00:00,2023-01-09 07:00:00,long,132.003,131.803,-19.999999999998863,1.0,-20.999999999998863,62,20,80,0,signal_flip
short_filter_ma80_slope,60m,dev_2023_2024,2023-01-10 14:00:00,2023-01-11 13:00:00,short,132.289,132.768,-47.90000000000134,1.0,-48.90000000000134,23,20,80,0,signal_flip
short_filter_ma80_slope,60m,dev_2023_2024,2023-01-11 13:00:00,2023-01-12 10:00:00,long,132.768,130.957,-181.1000000000007,1.0,-182.1000000000007,21,20,80,0,signal_flip
short_filter_ma80_slope,60m,dev_2023_2024,2023-01-12 10:00:00,2023-01-17 20:00:00,short,130.957,128.336,262.0999999999981,1.0,261.0999999999981,82,20,80,0,signal_flip
short_filter_ma80_slope,60m,dev_2023_2024,2023-01-17 20:00:00,2023-01-19 06:00:00,long,128.336,127.979,-35.70000000000135,1.0,-36.70000000000135,34,20,80,0,signal_flip
short_filter_ma80_slope,60m,dev_2023_2024,2023-01-20 11:00:00,2023-01-25 18:00:00,long,129.628,129.613,-1.4999999999986358,1.0,-2.4999999999986358,79,20,80,0,signal_flip
short_filter_ma80_slope,60m,dev_2023_2024,2023-01-26 06:00:00,2023-01-26 18:00:00,short,129.326,130.334,-100.80000000000098,1.0,-101.80000000000098,12,20,80,0,signal_flip
short_filter_ma80_slope,60m,dev_2023_2024,2023-01-27 03:00:00,2023-01-27 04:00:00,short,129.762,129.86,-9.800000000001319,1.0,-10.800000000001319,1,20,80,0,signal_flip
short_filter_ma80_slope,60m,dev_2023_2024,2023-01-27 04:00:00,2023-01-27 15:00:00,long,129.86,129.882,2.199999999999136,1.0,1.199999999999136,11,20,80,0,signal_flip
short_filter_ma80_slope,60m,dev_2023_2024,2023-01-27 15:00:00,2023-01-29 23:00:00,short,129.882,129.803,7.900000000000773,1.0,6.900000000000773,8,20,80,0,signal_flip
short_filter_ma80_slope,60m,dev_2023_2024,2023-01-29 23:00:00,2023-01-30 06:00:00,long,129.803,129.636,-16.70000000000016,1.0,-17.70000000000016,7,20,80,0,signal_flip
short_filter_ma80_slope,60m,dev_2023_2024,2023-01-30 06:00:00,2023-01-30 09:00:00,short,129.636,130.127,-49.10000000000139,1.0,-50.10000000000139,3,20,80,0,signal_flip
short_filter_ma80_slope,60m,dev_2023_2024,2023-01-30 09:00:00,2023-02-01 12:00:00,long,130.127,129.806,-32.099999999999795,1.0,-33.099999999999795,51,20,80,0,signal_flip
short_filter_ma80_slope,60m,dev_2023_2024,2023-02-01 15:00:00,2023-02-03 20:00:00,short,129.314,131.057,-174.2999999999995,1.0,-175.2999999999995,53,20,80,0,signal_flip
short_filter_ma80_slope,60m,dev_2023_2024,2023-02-03 20:00:00,2023-02-08 08:00:00,long,131.057,130.886,-17.099999999999227,1.0,-18.099999999999227,60,20,80,0,signal_flip
short_filter_ma80_slope,60m,dev_2023_2024,2023-02-09 16:00:00,2023-02-10 12:00:00,short,130.907,130.832,7.500000000001705,1.0,6.500000000001705,20,20,80,0,signal_flip
short_filter_ma80_slope,60m,dev_2023_2024,2023-02-10 12:00:00,2023-02-13 02:00:00,long,130.832,131.677,84.49999999999989,1.0,83.49999999999989,14,20,80,0,signal_flip
short_filter_ma80_slope,60m,dev_2023_2024,2023-02-13 02:00:00,2023-02-13 04:00:00,short,131.677,132.024,-34.70000000000084,1.0,-35.70000000000084,2,20,80,0,signal_flip
short_filter_ma80_slope,60m,dev_2023_2024,2023-02-13 04:00:00,2023-02-20 17:00:00,long,132.024,134.095,207.0999999999998,1.0,206.0999999999998,133,20,80,0,signal_flip
short_filter_ma80_slope,60m,dev_2023_2024,2023-02-21 07:00:00,2023-02-24 08:00:00,long,134.502,134.837,33.499999999997954,1.0,32.499999999997954,73,20,80,0,signal_flip
short_filter_ma80_slope,60m,dev_2023_2024,2023-02-24 13:00:00,2023-03-01 12:00:00,long,135.661,135.338,-32.30000000000075,1.0,-33.30000000000075,71,20,80,0,signal_flip
short_filter_ma80_slope,60m,dev_2023_2024,2023-03-02 10:00:00,2023-03-03 20:00:00,long,136.469,135.837,-63.2000000000005,1.0,-64.2000000000005,34,20,80,0,signal_flip
short_filter_ma80_slope,60m,dev_2023_2024,2023-03-03 20:00:00,2023-03-07 20:00:00,short,135.837,137.105,-126.80000000000007,1.0,-127.80000000000007,48,20,80,0,signal_flip
short_filter_ma80_slope,60m,dev_2023_2024,2023-03-07 20:00:00,2023-03-09 18:00:00,long,137.105,136.226,-87.89999999999907,1.0,-88.89999999999907,46,20,80,0,signal_flip
short_filter_ma80_slope,60m,dev_2023_2024,2023-03-10 21:00:00,2023-03-17 12:00:00,short,134.857,132.638,221.8999999999994,1.0,220.8999999999994,112,20,80,0,signal_flip
short_filter_ma80_slope,60m,dev_2023_2024,2023-03-17 13:00:00,2023-03-22 01:00:00,short,132.272,132.526,-25.40000000000191,1.0,-26.40000000000191,60,20,80,0,signal_flip
short_filter_ma80_slope,60m,dev_2023_2024,2023-03-22 01:00:00,2023-03-23 04:00:00,long,132.526,130.617,-190.90000000000202,1.0,-191.90000000000202,27,20,80,0,signal_flip
short_filter_ma80_slope,60m,dev_2023_2024,2023-03-23 04:00:00,2023-03-27 17:00:00,short,130.617,131.6,-98.30000000000041,1.0,-99.30000000000041,61,20,80,0,signal_flip
short_filter_ma80_slope,60m,dev_2023_2024,2023-03-27 17:00:00,2023-03-28 19:00:00,long,131.6,130.783,-81.70000000000073,1.0,-82.70000000000073,26,20,80,0,signal_flip
short_filter_ma80_slope,60m,dev_2023_2024,2023-03-28 19:00:00,2023-03-28 23:00:00,short,130.783,130.859,-7.600000000002183,1.0,-8.600000000002183,4,20,80,0,signal_flip
short_filter_ma80_slope,60m,dev_2023_2024,2023-03-28 23:00:00,2023-04-04 01:00:00,long,130.859,132.553,169.39999999999884,1.0,168.39999999999884,98,20,80,0,signal_flip
short_filter_ma80_slope,60m,dev_2023_2024,2023-04-04 17:00:00,2023-04-07 08:00:00,short,131.619,131.883,-26.400000000001,1.0,-27.400000000001,63,20,80,0,signal_flip
short_filter_ma80_slope,60m,dev_2023_2024,2023-04-07 08:00:00,2023-04-13 06:00:00,long,131.883,133.294,141.10000000000014,1.0,140.10000000000014,94,20,80,0,signal_flip
short_filter_ma80_slope,60m,dev_2023_2024,2023-04-14 02:00:00,2023-04-17 01:00:00,short,132.431,133.842,-141.10000000000014,1.0,-142.10000000000014,23,20,80,0,signal_flip
short_filter_ma80_slope,60m,dev_2023_2024,2023-04-17 01:00:00,2023-04-20 23:00:00,long,133.842,134.169,32.69999999999982,1.0,31.699999999999818,94,20,80,0,signal_flip
short_filter_ma80_slope,60m,dev_2023_2024,2023-04-21 06:00:00,2023-04-24 08:00:00,short,133.798,134.225,-42.69999999999925,1.0,-43.69999999999925,26,20,80,0,signal_flip
short_filter_ma80_slope,60m,dev_2023_2024,2023-04-24 18:00:00,2023-04-25 13:00:00,long,134.348,133.927,-42.10000000000207,1.0,-43.10000000000207,19,20,80,0,signal_flip
short_filter_ma80_slope,60m,dev_2023_2024,2023-04-25 13:00:00,2023-04-27 23:00:00,short,133.927,133.913,1.3999999999981583,1.0,0.3999999999981583,58,20,80,0,signal_flip
short_filter_ma80_slope,60m,dev_2023_2024,2023-04-27 23:00:00,2023-05-03 07:00:00,long,133.913,135.87,195.69999999999936,1.0,194.69999999999936,80,20,80,0,signal_flip
short_filter_ma80_slope,60m,dev_2023_2024,2023-05-04 02:00:00,2023-05-08 07:00:00,short,134.537,134.777,-23.999999999998067,1.0,-24.999999999998067,53,20,80,0,signal_flip
short_filter_ma80_slope,60m,dev_2023_2024,2023-05-08 07:00:00,2023-05-10 19:00:00,long,134.777,134.255,-52.199999999999136,1.0,-53.199999999999136,60,20,80,0,signal_flip
short_filter_ma80_slope,60m,dev_2023_2024,2023-05-11 05:00:00,2023-05-12 16:00:00,short,134.246,135.628,-138.19999999999766,1.0,-139.19999999999766,35,20,80,0,signal_flip
short_filter_ma80_slope,60m,dev_2023_2024,2023-05-12 16:00:00,2023-05-22 11:00:00,long,135.628,137.969,234.10000000000082,1.0,233.10000000000082,139,20,80,0,signal_flip
short_filter_ma80_slope,60m,dev_2023_2024,2023-05-22 16:00:00,2023-05-30 17:00:00,long,138.657,139.919,126.20000000000005,1.0,125.20000000000005,145,20,80,0,signal_flip
short_filter_ma80_slope,60m,dev_2023_2024,2023-05-31 08:00:00,2023-06-05 00:00:00,short,139.744,140.213,-46.89999999999941,1.0,-47.89999999999941,64,20,80,0,signal_flip
short_filter_ma80_slope,60m,dev_2023_2024,2023-06-05 00:00:00,2023-06-07 03:00:00,long,140.213,139.189,-102.40000000000009,1.0,-103.40000000000009,51,20,80,0,signal_flip
short_filter_ma80_slope,60m,dev_2023_2024,2023-06-08 02:00:00,2023-06-08 18:00:00,long,139.916,138.937,-97.8999999999985,1.0,-98.8999999999985,16,20,80,0,signal_flip
short_filter_ma80_slope,60m,dev_2023_2024,2023-06-08 18:00:00,2023-06-12 19:00:00,short,138.937,139.599,-66.19999999999777,1.0,-67.19999999999777,49,20,80,0,signal_flip
short_filter_ma80_slope,60m,dev_2023_2024,2023-06-12 21:00:00,2023-06-12 22:00:00,long,139.589,139.578,-1.099999999999568,1.0,-2.099999999999568,1,20,80,0,signal_flip
short_filter_ma80_slope,60m,dev_2023_2024,2023-06-12 23:00:00,2023-06-21 03:00:00,long,139.553,141.618,206.49999999999977,1.0,205.49999999999977,148,20,80,0,signal_flip
short_filter_ma80_slope,60m,dev_2023_2024,2023-06-21 14:00:00,2023-07-04 09:00:00,long,142.25,144.384,213.3999999999986,1.0,212.3999999999986,211,20,80,0,signal_flip
short_filter_ma80_slope,60m,dev_2023_2024,2023-07-05 00:00:00,2023-07-17 05:00:00,short,144.406,138.624,578.2000000000011,1.0,577.2000000000011,197,20,80,0,signal_flip
short_filter_ma80_slope,60m,dev_2023_2024,2023-07-17 05:00:00,2023-07-26 02:00:00,long,138.624,141.157,253.30000000000155,1.0,252.30000000000155,165,20,80,0,signal_flip
short_filter_ma80_slope,60m,dev_2023_2024,2023-07-26 21:00:00,2023-07-31 01:00:00,short,140.221,140.896,-67.4999999999983,1.0,-68.4999999999983,52,20,80,0,signal_flip
short_filter_ma80_slope,60m,dev_2023_2024,2023-07-31 01:00:00,2023-08-03 22:00:00,long,140.896,142.52,162.40000000000236,1.0,161.40000000000236,93,20,80,0,signal_flip
short_filter_ma80_slope,60m,dev_2023_2024,2023-08-04 18:00:00,2023-08-08 04:00:00,short,141.834,143.333,-149.89999999999952,1.0,-150.89999999999952,34,20,80,0,signal_flip
short_filter_ma80_slope,60m,dev_2023_2024,2023-08-08 04:00:00,2023-08-18 07:00:00,long,143.333,145.372,203.90000000000157,1.0,202.90000000000157,195,20,80,0,signal_flip
short_filter_ma80_slope,60m,dev_2023_2024,2023-08-18 17:00:00,2023-08-21 14:00:00,short,145.067,146.136,-106.89999999999884,1.0,-107.89999999999884,21,20,80,0,signal_flip
short_filter_ma80_slope,60m,dev_2023_2024,2023-08-21 21:00:00,2023-08-23 11:00:00,long,146.197,145.447,-75.0,1.0,-76.0,38,20,80,0,signal_flip
short_filter_ma80_slope,60m,dev_2023_2024,2023-08-23 11:00:00,2023-08-24 20:00:00,short,145.447,145.85,-40.29999999999916,1.0,-41.29999999999916,33,20,80,0,signal_flip
short_filter_ma80_slope,60m,dev_2023_2024,2023-08-25 00:00:00,2023-08-30 01:00:00,long,146.051,145.907,-14.399999999997704,1.0,-15.399999999997704,73,20,80,0,signal_flip
short_filter_ma80_slope,60m,dev_2023_2024,2023-08-31 03:00:00,2023-09-04 05:00:00,short,145.79,146.157,-36.700000000001864,1.0,-37.700000000001864,50,20,80,0,signal_flip
short_filter_ma80_slope,60m,dev_2023_2024,2023-09-04 05:00:00,2023-09-08 01:00:00,long,146.157,146.916,75.89999999999861,1.0,74.89999999999861,92,20,80,0,signal_flip
short_filter_ma80_slope,60m,dev_2023_2024,2023-09-11 06:00:00,2023-09-12 23:00:00,short,146.211,147.058,-84.699999999998,1.0,-85.699999999998,41,20,80,0,signal_flip
short_filter_ma80_slope,60m,dev_2023_2024,2023-09-12 23:00:00,2023-09-22 00:00:00,long,147.058,147.646,58.799999999999386,1.0,57.799999999999386,169,20,80,0,signal_flip
short_filter_ma80_slope,60m,dev_2023_2024,2023-09-22 13:00:00,2023-10-01 21:00:00,long,148.251,149.606,135.49999999999898,1.0,134.49999999999898,128,20,80,0,signal_flip
short_filter_ma80_slope,60m,dev_2023_2024,2023-10-02 01:00:00,2023-10-03 23:00:00,long,149.683,149.11,-57.29999999999791,1.0,-58.29999999999791,46,20,80,0,signal_flip
short_filter_ma80_slope,60m,dev_2023_2024,2023-10-04 04:00:00,2023-10-06 19:00:00,short,149.279,149.338,-5.89999999999975,1.0,-6.89999999999975,63,20,80,0,signal_flip
short_filter_ma80_slope,60m,dev_2023_2024,2023-10-06 19:00:00,2023-10-09 23:00:00,long,149.338,148.415,-92.30000000000018,1.0,-93.30000000000018,28,20,80,0,signal_flip
short_filter_ma80_slope,60m,dev_2023_2024,2023-10-09 23:00:00,2023-10-11 00:00:00,short,148.415,148.625,-21.000000000000796,1.0,-22.000000000000796,25,20,80,0,signal_flip
short_filter_ma80_slope,60m,dev_2023_2024,2023-10-11 21:00:00,2023-10-23 23:00:00,long,149.152,149.688,53.600000000000136,1.0,52.600000000000136,194,20,80,0,signal_flip
short_filter_ma80_slope,60m,dev_2023_2024,2023-10-24 05:00:00,2023-10-25 04:00:00,short,149.65,149.846,-19.599999999999795,1.0,-20.599999999999795,23,20,80,0,signal_flip
short_filter_ma80_slope,60m,dev_2023_2024,2023-10-25 04:00:00,2023-10-27 18:00:00,long,149.846,149.52,-32.59999999999934,1.0,-33.59999999999934,62,20,80,0,signal_flip
short_filter_ma80_slope,60m,dev_2023_2024,2023-10-30 05:00:00,2023-10-31 15:00:00,short,149.557,151.258,-170.10000000000218,1.0,-171.10000000000218,34,20,80,0,signal_flip
short_filter_ma80_slope,60m,dev_2023_2024,2023-10-31 15:00:00,2023-11-02 15:00:00,long,151.258,150.288,-96.99999999999989,1.0,-97.99999999999989,48,20,80,0,signal_flip
short_filter_ma80_slope,60m,dev_2023_2024,2023-11-05 23:00:00,2023-11-07 09:00:00,short,149.356,150.331,-97.49999999999943,1.0,-98.49999999999943,34,20,80,0,signal_flip
short_filter_ma80_slope,60m,dev_2023_2024,2023-11-07 09:00:00,2023-11-14 19:00:00,long,150.331,150.534,20.300000000000296,1.0,19.300000000000296,130,20,80,0,signal_flip
short_filter_ma80_slope,60m,dev_2023_2024,2023-11-15 02:00:00,2023-11-16 10:00:00,short,150.57,151.275,-70.50000000000125,1.0,-71.50000000000125,32,20,80,0,signal_flip
short_filter_ma80_slope,60m,dev_2023_2024,2023-11-16 10:00:00,2023-11-16 16:00:00,long,151.275,150.407,-86.7999999999995,1.0,-87.7999999999995,6,20,80,0,signal_flip
short_filter_ma80_slope,60m,dev_2023_2024,2023-11-16 16:00:00,2023-11-22 15:00:00,short,150.407,149.352,105.50000000000068,1.0,104.50000000000068,95,20,80,0,signal_flip
short_filter_ma80_slope,60m,dev_2023_2024,2023-11-22 15:00:00,2023-11-27 11:00:00,long,149.352,148.989,-36.299999999999955,1.0,-37.299999999999955,68,20,80,0,signal_flip
short_filter_ma80_slope,60m,dev_2023_2024,2023-11-28 02:00:00,2023-12-01 01:00:00,short,148.2,147.765,43.50000000000023,1.0,42.50000000000023,70,20,80,0,signal_flip
short_filter_ma80_slope,60m,dev_2023_2024,2023-12-01 01:00:00,2023-12-04 01:00:00,long,147.765,146.5,-126.49999999999864,1.0,-127.49999999999864,24,20,80,0,signal_flip
short_filter_ma80_slope,60m,dev_2023_2024,2023-12-04 01:00:00,2023-12-06 10:00:00,short,146.5,147.318,-81.8000000000012,1.0,-82.8000000000012,57,20,80,0,signal_flip
short_filter_ma80_slope,60m,dev_2023_2024,2023-12-06 10:00:00,2023-12-07 08:00:00,long,147.318,145.713,-160.50000000000182,1.0,-161.50000000000182,22,20,80,0,signal_flip
short_filter_ma80_slope,60m,dev_2023_2024,2023-12-07 08:00:00,2023-12-11 13:00:00,short,145.713,146.36,-64.70000000000198,1.0,-65.70000000000198,53,20,80,0,signal_flip
short_filter_ma80_slope,60m,dev_2023_2024,2023-12-11 13:00:00,2023-12-13 18:00:00,long,146.36,145.172,-118.80000000000166,1.0,-119.80000000000166,53,20,80,0,signal_flip
short_filter_ma80_slope,60m,dev_2023_2024,2023-12-14 04:00:00,2023-12-18 18:00:00,short,141.404,142.919,-151.50000000000148,1.0,-152.50000000000148,62,20,80,0,signal_flip
short_filter_ma80_slope,60m,dev_2023_2024,2023-12-18 18:00:00,2023-12-21 11:00:00,long,142.919,143.018,9.899999999998954,1.0,8.899999999998954,65,20,80,0,signal_flip
short_filter_ma80_slope,60m,dev_2023_2024,2023-12-22 02:00:00,2023-12-27 01:00:00,short,142.354,142.709,-35.49999999999898,1.0,-36.49999999999898,56,20,80,0,signal_flip
short_filter_ma80_slope,60m,dev_2023_2024,2023-12-27 01:00:00,2023-12-27 23:00:00,long,142.709,141.605,-110.40000000000134,1.0,-111.40000000000134,22,20,80,0,signal_flip
short_filter_ma80_slope,60m,dev_2023_2024,2023-12-27 23:00:00,2024-01-02 17:00:00,short,141.605,141.891,-28.600000000000136,1.0,-29.600000000000136,66,20,80,0,signal_flip
short_filter_ma80_slope,60m,dev_2023_2024,2024-01-02 17:00:00,2024-01-08 22:00:00,long,141.891,144.223,233.2000000000022,1.0,232.2000000000022,101,20,80,0,signal_flip
short_filter_ma80_slope,60m,dev_2023_2024,2024-01-10 07:00:00,2024-01-12 17:00:00,long,145.065,144.854,-21.09999999999843,1.0,-22.09999999999843,58,20,80,0,signal_flip
short_filter_ma80_slope,60m,dev_2023_2024,2024-01-15 16:00:00,2024-01-22 12:00:00,long,145.79,147.887,209.70000000000084,1.0,208.70000000000084,116,20,80,0,signal_flip
short_filter_ma80_slope,60m,dev_2023_2024,2024-01-23 07:00:00,2024-01-23 20:00:00,short,147.125,148.376,-125.10000000000048,1.0,-126.10000000000048,13,20,80,0,signal_flip
short_filter_ma80_slope,60m,dev_2023_2024,2024-01-24 01:00:00,2024-01-24 13:00:00,long,148.112,147.294,-81.79999999999836,1.0,-82.79999999999836,12,20,80,0,signal_flip
short_filter_ma80_slope,60m,dev_2023_2024,2024-01-24 13:00:00,2024-01-26 19:00:00,short,147.294,148.135,-84.09999999999798,1.0,-85.09999999999798,54,20,80,0,signal_flip
short_filter_ma80_slope,60m,dev_2023_2024,2024-01-26 19:00:00,2024-01-30 01:00:00,long,148.135,147.298,-83.69999999999891,1.0,-84.69999999999891,30,20,80,0,signal_flip
short_filter_ma80_slope,60m,dev_2023_2024,2024-01-30 13:00:00,2024-01-31 11:00:00,short,147.44,147.824,-38.400000000001455,1.0,-39.400000000001455,22,20,80,0,signal_flip
short_filter_ma80_slope,60m,dev_2023_2024,2024-01-31 15:00:00,2024-02-02 20:00:00,short,146.638,148.328,-168.99999999999977,1.0,-169.99999999999977,53,20,80,0,signal_flip
short_filter_ma80_slope,60m,dev_2023_2024,2024-02-02 20:00:00,2024-02-07 08:00:00,long,148.328,147.819,-50.900000000001455,1.0,-51.900000000001455,60,20,80,0,signal_flip
short_filter_ma80_slope,60m,dev_2023_2024,2024-02-08 11:00:00,2024-02-15 20:00:00,long,149.1,149.954,85.40000000000134,1.0,84.40000000000134,129,20,80,0,signal_flip
short_filter_ma80_slope,60m,dev_2023_2024,2024-02-19 08:00:00,2024-02-20 05:00:00,short,149.975,150.333,-35.80000000000041,1.0,-36.80000000000041,21,20,80,0,signal_flip
short_filter_ma80_slope,60m,dev_2023_2024,2024-02-20 05:00:00,2024-02-20 23:00:00,long,150.333,149.936,-39.699999999999136,1.0,-40.699999999999136,18,20,80,0,signal_flip
short_filter_ma80_slope,60m,dev_2023_2024,2024-02-20 23:00:00,2024-02-21 22:00:00,short,149.936,150.295,-35.899999999998045,1.0,-36.899999999998045,23,20,80,0,signal_flip
short_filter_ma80_slope,60m,dev_2023_2024,2024-02-21 22:00:00,2024-02-27 14:00:00,long,150.295,150.272,-2.2999999999996135,1.0,-3.2999999999996135,88,20,80,0,signal_flip
short_filter_ma80_slope,60m,dev_2023_2024,2024-02-28 10:00:00,2024-02-29 06:00:00,long,150.743,149.903,-84.00000000000034,1.0,-85.00000000000034,20,20,80,0,signal_flip
short_filter_ma80_slope,60m,dev_2023_2024,2024-02-29 06:00:00,2024-03-01 16:00:00,short,149.903,150.122,-21.90000000000225,1.0,-22.90000000000225,34,20,80,0,signal_flip
short_filter_ma80_slope,60m,dev_2023_2024,2024-03-01 16:00:00,2024-03-04 02:00:00,long,150.122,150.126,0.39999999999906777,1.0,-0.6000000000009322,10,20,80,0,signal_flip
short_filter_ma80_slope,60m,dev_2023_2024,2024-03-04 02:00:00,2024-03-04 17:00:00,short,150.126,150.449,-32.30000000000075,1.0,-33.30000000000075,15,20,80,0,signal_flip
short_filter_ma80_slope,60m,dev_2023_2024,2024-03-04 17:00:00,2024-03-05 22:00:00,long,150.449,150.033,-41.600000000002524,1.0,-42.600000000002524,29,20,80,0,signal_flip
short_filter_ma80_slope,60m,dev_2023_2024,2024-03-06 11:00:00,2024-03-12 17:00:00,short,149.743,147.701,204.20000000000016,1.0,203.20000000000016,103,20,80,0,signal_flip
short_filter_ma80_slope,60m,dev_2023_2024,2024-03-12 17:00:00,2024-03-25 06:00:00,long,147.701,151.216,351.5000000000015,1.0,350.5000000000015,205,20,80,0,signal_flip
short_filter_ma80_slope,60m,dev_2023_2024,2024-03-25 20:00:00,2024-03-26 12:00:00,long,151.444,151.388,-5.599999999998317,1.0,-6.599999999998317,16,20,80,0,signal_flip
short_filter_ma80_slope,60m,dev_2023_2024,2024-03-26 23:00:00,2024-03-28 01:00:00,long,151.527,151.414,-11.299999999999955,1.0,-12.299999999999955,26,20,80,0,signal_flip
short_filter_ma80_slope,60m,dev_2023_2024,2024-03-28 01:00:00,2024-03-28 12:00:00,short,151.414,151.368,4.599999999999227,1.0,3.599999999999227,11,20,80,0,signal_flip
short_filter_ma80_slope,60m,dev_2023_2024,2024-03-29 06:00:00,2024-04-01 14:00:00,short,151.355,151.576,-22.100000000000364,1.0,-23.100000000000364,32,20,80,0,signal_flip
short_filter_ma80_slope,60m,dev_2023_2024,2024-04-01 14:00:00,2024-04-04 19:00:00,long,151.576,151.201,-37.5,1.0,-38.5,77,20,80,0,signal_flip
short_filter_ma80_slope,60m,dev_2023_2024,2024-04-05 04:00:00,2024-04-08 03:00:00,short,151.262,151.77,-50.80000000000098,1.0,-51.80000000000098,23,20,80,0,signal_flip
short_filter_ma80_slope,60m,dev_2023_2024,2024-04-08 03:00:00,2024-04-18 09:00:00,long,151.77,154.354,258.4000000000003,1.0,257.4000000000003,198,20,80,0,signal_flip
short_filter_ma80_slope,60m,dev_2023_2024,2024-04-18 23:00:00,2024-04-19 10:00:00,long,154.642,154.485,-15.699999999998226,1.0,-16.699999999998226,11,20,80,0,signal_flip
short_filter_ma80_slope,60m,dev_2023_2024,2024-04-21 23:00:00,2024-04-30 00:00:00,long,154.629,156.325,169.5999999999998,1.0,168.5999999999998,145,20,80,0,signal_flip
short_filter_ma80_slope,60m,dev_2023_2024,2024-04-30 06:00:00,2024-05-02 01:00:00,long,156.828,156.015,-81.30000000000166,1.0,-82.30000000000166,43,20,80,0,signal_flip
short_filter_ma80_slope,60m,dev_2023_2024,2024-05-02 05:00:00,2024-05-07 04:00:00,short,155.828,154.551,127.70000000000152,1.0,126.70000000000152,71,20,80,0,signal_flip
short_filter_ma80_slope,60m,dev_2023_2024,2024-05-07 04:00:00,2024-05-15 16:00:00,long,154.551,155.024,47.30000000000132,1.0,46.30000000000132,156,20,80,0,signal_flip
short_filter_ma80_slope,60m,dev_2023_2024,2024-05-15 22:00:00,2024-05-17 12:00:00,short,154.773,155.853,-108.00000000000125,1.0,-109.00000000000125,38,20,80,0,signal_flip
short_filter_ma80_slope,60m,dev_2023_2024,2024-05-17 12:00:00,2024-05-27 17:00:00,long,155.853,156.897,104.39999999999827,1.0,103.39999999999827,149,20,80,0,signal_flip
short_filter_ma80_slope,60m,dev_2023_2024,2024-05-28 23:00:00,2024-05-30 17:00:00,long,157.214,156.696,-51.80000000000007,1.0,-52.80000000000007,42,20,80,0,signal_flip
short_filter_ma80_slope,60m,dev_2023_2024,2024-05-31 00:00:00,2024-05-31 11:00:00,short,156.991,157.237,-24.59999999999809,1.0,-25.59999999999809,11,20,80,0,signal_flip
short_filter_ma80_slope,60m,dev_2023_2024,2024-06-03 01:00:00,2024-06-03 15:00:00,long,157.087,156.197,-88.99999999999864,1.0,-89.99999999999864,14,20,80,0,signal_flip
short_filter_ma80_slope,60m,dev_2023_2024,2024-06-03 15:00:00,2024-06-06 09:00:00,short,156.197,156.16,3.700000000000614,1.0,2.700000000000614,66,20,80,0,signal_flip
short_filter_ma80_slope,60m,dev_2023_2024,2024-06-06 09:00:00,2024-06-07 10:00:00,long,156.16,155.481,-67.9000000000002,1.0,-68.9000000000002,25,20,80,0,signal_flip
short_filter_ma80_slope,60m,dev_2023_2024,2024-06-07 10:00:00,2024-06-07 13:00:00,short,155.481,156.777,-129.59999999999923,1.0,-130.59999999999923,3,20,80,0,signal_flip
short_filter_ma80_slope,60m,dev_2023_2024,2024-06-07 13:00:00,2024-06-12 17:00:00,long,156.777,155.799,-97.79999999999802,1.0,-98.79999999999802,76,20,80,0,signal_flip
short_filter_ma80_slope,60m,dev_2023_2024,2024-06-13 17:00:00,2024-07-04 10:00:00,long,156.847,161.252,440.5000000000001,1.0,439.5000000000001,353,20,80,0,signal_flip
short_filter_ma80_slope,60m,dev_2023_2024,2024-07-05 03:00:00,2024-07-09 13:00:00,short,160.964,161.129,-16.499999999999204,1.0,-17.499999999999204,58,20,80,0,signal_flip
short_filter_ma80_slope,60m,dev_2023_2024,2024-07-09 13:00:00,2024-07-11 15:00:00,long,161.129,158.554,-257.49999999999886,1.0,-258.49999999999886,50,20,80,0,signal_flip
short_filter_ma80_slope,60m,dev_2023_2024,2024-07-11 18:00:00,2024-07-16 18:00:00,short,158.806,158.472,33.40000000000032,1.0,32.40000000000032,72,20,80,0,signal_flip
short_filter_ma80_slope,60m,dev_2023_2024,2024-07-16 18:00:00,2024-07-17 08:00:00,long,158.472,157.07,-140.20000000000152,1.0,-141.20000000000152,14,20,80,0,signal_flip
short_filter_ma80_slope,60m,dev_2023_2024,2024-07-17 08:00:00,2024-07-19 11:00:00,short,157.07,157.455,-38.50000000000193,1.0,-39.50000000000193,51,20,80,0,signal_flip
short_filter_ma80_slope,60m,dev_2023_2024,2024-07-19 11:00:00,2024-07-23 00:00:00,long,157.455,156.901,-55.400000000000205,1.0,-56.400000000000205,37,20,80,0,signal_flip
short_filter_ma80_slope,60m,dev_2023_2024,2024-07-23 00:00:00,2024-07-23 07:00:00,short,156.901,156.585,31.60000000000025,1.0,30.60000000000025,7,20,80,0,signal_flip
short_filter_ma80_slope,60m,dev_2023_2024,2024-07-23 19:00:00,2024-07-29 04:00:00,short,155.627,153.517,211.00000000000136,1.0,210.00000000000136,81,20,80,0,signal_flip
short_filter_ma80_slope,60m,dev_2023_2024,2024-07-29 04:00:00,2024-07-29 05:00:00,long,153.517,153.412,-10.499999999998977,1.0,-11.499999999998977,1,20,80,0,signal_flip
short_filter_ma80_slope,60m,dev_2023_2024,2024-07-29 05:00:00,2024-07-29 14:00:00,short,153.412,154.174,-76.20000000000005,1.0,-77.20000000000005,9,20,80,0,signal_flip
short_filter_ma80_slope,60m,dev_2023_2024,2024-07-29 14:00:00,2024-07-31 02:00:00,long,154.174,152.411,-176.30000000000052,1.0,-177.30000000000052,36,20,80,0,signal_flip
short_filter_ma80_slope,60m,dev_2023_2024,2024-07-31 08:00:00,2024-08-07 09:00:00,short,150.921,147.201,371.9999999999999,1.0,370.9999999999999,121,20,80,0,signal_flip
short_filter_ma80_slope,60m,dev_2023_2024,2024-08-07 09:00:00,2024-08-12 08:00:00,long,147.201,147.217,1.6000000000019554,1.0,0.6000000000019554,71,20,80,0,signal_flip
short_filter_ma80_slope,60m,dev_2023_2024,2024-08-12 10:00:00,2024-08-14 02:00:00,long,147.318,146.867,-45.10000000000218,1.0,-46.10000000000218,40,20,80,0,signal_flip
short_filter_ma80_slope,60m,dev_2023_2024,2024-08-14 11:00:00,2024-08-15 00:00:00,short,146.869,147.273,-40.399999999999636,1.0,-41.399999999999636,13,20,80,0,signal_flip
short_filter_ma80_slope,60m,dev_2023_2024,2024-08-15 10:00:00,2024-08-19 05:00:00,long,147.377,146.188,-118.90000000000214,1.0,-119.90000000000214,43,20,80,0,signal_flip
short_filter_ma80_slope,60m,dev_2023_2024,2024-08-19 10:00:00,2024-08-23 00:00:00,short,146.268,146.208,6.000000000000227,1.0,5.000000000000227,86,20,80,0,signal_flip
short_filter_ma80_slope,60m,dev_2023_2024,2024-08-23 00:00:00,2024-08-23 19:00:00,long,146.208,144.295,-191.3000000000011,1.0,-192.3000000000011,19,20,80,0,signal_flip
short_filter_ma80_slope,60m,dev_2023_2024,2024-08-23 19:00:00,2024-08-28 19:00:00,short,144.295,144.652,-35.69999999999993,1.0,-36.69999999999993,72,20,80,0,signal_flip
short_filter_ma80_slope,60m,dev_2023_2024,2024-08-28 19:00:00,2024-09-03 23:00:00,long,144.652,145.332,68.00000000000068,1.0,67.00000000000068,100,20,80,0,signal_flip
short_filter_ma80_slope,60m,dev_2023_2024,2024-09-04 19:00:00,2024-09-10 02:00:00,short,143.887,143.417,46.999999999999886,1.0,45.999999999999886,79,20,80,0,signal_flip
short_filter_ma80_slope,60m,dev_2023_2024,2024-09-10 02:00:00,2024-09-10 21:00:00,long,143.417,142.401,-101.59999999999911,1.0,-102.59999999999911,19,20,80,0,signal_flip
short_filter_ma80_slope,60m,dev_2023_2024,2024-09-10 21:00:00,2024-09-17 19:00:00,short,142.401,141.81,59.10000000000082,1.0,58.10000000000082,118,20,80,0,signal_flip
short_filter_ma80_slope,60m,dev_2023_2024,2024-09-17 19:00:00,2024-09-25 04:00:00,long,141.81,143.297,148.69999999999948,1.0,147.69999999999948,129,20,80,0,signal_flip
short_filter_ma80_slope,60m,dev_2023_2024,2024-09-25 19:00:00,2024-09-27 16:00:00,long,144.681,142.599,-208.2000000000022,1.0,-209.2000000000022,45,20,80,0,signal_flip
short_filter_ma80_slope,60m,dev_2023_2024,2024-09-27 19:00:00,2024-10-01 09:00:00,short,142.168,143.805,-163.70000000000005,1.0,-164.70000000000005,38,20,80,0,signal_flip
short_filter_ma80_slope,60m,dev_2023_2024,2024-10-01 09:00:00,2024-10-16 02:00:00,long,143.805,149.026,522.1000000000004,1.0,521.1000000000004,257,20,80,0,signal_flip
short_filter_ma80_slope,60m,dev_2023_2024,2024-10-16 19:00:00,2024-10-21 03:00:00,long,149.774,149.221,-55.29999999999973,1.0,-56.29999999999973,56,20,80,0,signal_flip
short_filter_ma80_slope,60m,dev_2023_2024,2024-10-21 18:00:00,2024-10-25 09:00:00,long,150.751,151.964,121.29999999999939,1.0,120.29999999999939,87,20,80,0,signal_flip
short_filter_ma80_slope,60m,dev_2023_2024,2024-10-27 23:00:00,2024-10-31 04:00:00,long,152.95,153.05,10.000000000002274,1.0,9.000000000002274,77,20,80,0,signal_flip
short_filter_ma80_slope,60m,dev_2023_2024,2024-10-31 17:00:00,2024-11-06 06:00:00,short,152.441,153.741,-130.00000000000114,1.0,-131.00000000000114,84,20,80,0,signal_flip
short_filter_ma80_slope,60m,dev_2023_2024,2024-11-06 06:00:00,2024-11-08 06:00:00,long,153.741,152.801,-94.00000000000261,1.0,-95.00000000000261,48,20,80,0,signal_flip
short_filter_ma80_slope,60m,dev_2023_2024,2024-11-11 18:00:00,2024-11-17 22:00:00,long,153.877,154.349,47.199999999998,1.0,46.199999999998,100,20,80,0,signal_flip
short_filter_ma80_slope,60m,dev_2023_2024,2024-11-18 17:00:00,2024-11-20 10:00:00,short,154.796,155.757,-96.10000000000127,1.0,-97.10000000000127,41,20,80,0,signal_flip
short_filter_ma80_slope,60m,dev_2023_2024,2024-11-20 10:00:00,2024-11-21 17:00:00,long,155.757,154.652,-110.50000000000182,1.0,-111.50000000000182,31,20,80,0,signal_flip
short_filter_ma80_slope,60m,dev_2023_2024,2024-11-21 22:00:00,2024-11-22 18:00:00,short,154.52,154.755,-23.499999999998522,1.0,-24.499999999998522,20,20,80,0,signal_flip
short_filter_ma80_slope,60m,dev_2023_2024,2024-11-25 13:00:00,2024-12-04 13:00:00,short,154.195,151.17,302.50000000000057,1.0,301.50000000000057,168,20,80,0,signal_flip
short_filter_ma80_slope,60m,dev_2023_2024,2024-12-04 13:00:00,2024-12-06 17:00:00,long,151.17,149.79,-137.99999999999955,1.0,-138.99999999999955,52,20,80,0,signal_flip
short_filter_ma80_slope,60m,dev_2023_2024,2024-12-09 16:00:00,2024-12-18 04:00:00,long,151.026,153.615,258.89999999999986,1.0,257.89999999999986,156,20,80,0,signal_flip
short_filter_ma80_slope,60m,dev_2023_2024,2024-12-18 22:00:00,2024-12-30 20:00:00,long,154.741,157.09,234.89999999999895,1.0,233.89999999999895,176,20,80,0,signal_flip
short_filter_ma80_slope,60m,dev_2023_2024,2024-12-31 04:00:00,2024-12-31 21:00:00,short,156.441,157.344,-90.29999999999916,1.0,-91.29999999999916,17,20,80,0,period_end
short_filter_ma80_slope,60m,oos_2025,2025-01-01 22:00:00,2025-01-03 03:00:00,short,157.151,157.308,-15.699999999998226,1.0,-16.699999999998226,29,20,80,0,signal_flip
short_filter_ma80_slope,60m,oos_2025,2025-01-03 03:00:00,2025-01-10 04:00:00,long,157.308,158.234,92.60000000000161,1.0,91.60000000000161,121,20,80,0,signal_flip
short_filter_ma80_slope,60m,oos_2025,2025-01-10 06:00:00,2025-01-10 18:00:00,long,158.411,157.668,-74.2999999999995,1.0,-75.2999999999995,12,20,80,0,signal_flip
short_filter_ma80_slope,60m,oos_2025,2025-01-13 04:00:00,2025-01-14 21:00:00,short,157.412,157.981,-56.89999999999884,1.0,-57.89999999999884,41,20,80,0,signal_flip
short_filter_ma80_slope,60m,oos_2025,2025-01-14 21:00:00,2025-01-15 11:00:00,long,157.981,156.789,-119.20000000000073,1.0,-120.20000000000073,14,20,80,0,signal_flip
short_filter_ma80_slope,60m,oos_2025,2025-01-15 11:00:00,2025-01-20 10:00:00,short,156.789,156.283,50.60000000000002,1.0,49.60000000000002,71,20,80,0,signal_flip
short_filter_ma80_slope,60m,oos_2025,2025-01-20 10:00:00,2025-01-21 03:00:00,long,156.283,155.134,-114.90000000000009,1.0,-115.90000000000009,17,20,80,0,signal_flip
short_filter_ma80_slope,60m,oos_2025,2025-01-21 03:00:00,2025-01-22 09:00:00,short,155.134,155.719,-58.500000000000796,1.0,-59.500000000000796,30,20,80,0,signal_flip
short_filter_ma80_slope,60m,oos_2025,2025-01-22 17:00:00,2025-01-24 08:00:00,long,156.616,155.382,-123.40000000000089,1.0,-124.40000000000089,39,20,80,0,signal_flip
short_filter_ma80_slope,60m,oos_2025,2025-01-24 09:00:00,2025-01-24 11:00:00,short,155.377,155.906,-52.899999999999636,1.0,-53.899999999999636,2,20,80,0,signal_flip
short_filter_ma80_slope,60m,oos_2025,2025-01-27 11:00:00,2025-01-28 19:00:00,short,153.967,155.678,-171.09999999999843,1.0,-172.09999999999843,32,20,80,0,signal_flip
short_filter_ma80_slope,60m,oos_2025,2025-01-28 19:00:00,2025-01-29 17:00:00,long,155.678,155.222,-45.599999999998886,1.0,-46.599999999998886,22,20,80,0,signal_flip
short_filter_ma80_slope,60m,oos_2025,2025-01-29 17:00:00,2025-02-03 01:00:00,short,155.222,155.698,-47.59999999999991,1.0,-48.59999999999991,56,20,80,0,signal_flip
short_filter_ma80_slope,60m,oos_2025,2025-02-03 01:00:00,2025-02-05 01:00:00,long,155.698,153.848,-184.99999999999943,1.0,-185.99999999999943,48,20,80,0,signal_flip
short_filter_ma80_slope,60m,oos_2025,2025-02-05 06:00:00,2025-02-10 22:00:00,short,153.427,151.984,144.29999999999836,1.0,143.29999999999836,88,20,80,0,signal_flip
short_filter_ma80_slope,60m,oos_2025,2025-02-10 22:00:00,2025-02-11 09:00:00,long,151.984,151.867,-11.700000000001864,1.0,-12.700000000001864,11,20,80,0,signal_flip
short_filter_ma80_slope,60m,oos_2025,2025-02-11 09:00:00,2025-02-11 10:00:00,short,151.867,151.944,-7.699999999999818,1.0,-8.699999999999818,1,20,80,0,signal_flip
short_filter_ma80_slope,60m,oos_2025,2025-02-11 10:00:00,2025-02-14 05:00:00,long,151.944,152.63,68.6000000000007,1.0,67.6000000000007,67,20,80,0,signal_flip
short_filter_ma80_slope,60m,oos_2025,2025-02-17 05:00:00,2025-02-27 17:00:00,short,151.684,149.808,187.60000000000048,1.0,186.60000000000048,204,20,80,0,signal_flip
short_filter_ma80_slope,60m,oos_2025,2025-02-27 18:00:00,2025-03-04 06:00:00,long,149.964,149.381,-58.29999999999984,1.0,-59.29999999999984,60,20,80,0,signal_flip
short_filter_ma80_slope,60m,oos_2025,2025-03-04 14:00:00,2025-03-12 00:00:00,short,148.207,148.048,15.899999999999181,1.0,14.899999999999181,131,20,80,0,signal_flip
short_filter_ma80_slope,60m,oos_2025,2025-03-12 00:00:00,2025-03-20 04:00:00,long,148.048,148.368,31.999999999999318,1.0,30.999999999999318,148,20,80,0,signal_flip
short_filter_ma80_slope,60m,oos_2025,2025-03-20 13:00:00,2025-03-21 05:00:00,short,148.558,149.413,-85.50000000000182,1.0,-86.50000000000182,16,20,80,0,signal_flip
short_filter_ma80_slope,60m,oos_2025,2025-03-21 13:00:00,2025-03-21 19:00:00,short,148.67,149.215,-54.50000000000159,1.0,-55.50000000000159,6,20,80,0,signal_flip
short_filter_ma80_slope,60m,oos_2025,2025-03-21 19:00:00,2025-03-30 22:00:00,long,149.215,149.628,41.29999999999825,1.0,40.29999999999825,123,20,80,0,signal_flip
short_filter_ma80_slope,60m,oos_2025,2025-03-30 22:00:00,2025-04-02 17:00:00,short,149.628,150.191,-56.30000000000166,1.0,-57.30000000000166,67,20,80,0,signal_flip
short_filter_ma80_slope,60m,oos_2025,2025-04-02 17:00:00,2025-04-02 23:00:00,long,150.191,148.409,-178.20000000000107,1.0,-179.20000000000107,6,20,80,0,signal_flip
short_filter_ma80_slope,60m,oos_2025,2025-04-02 23:00:00,2025-04-07 22:00:00,short,148.409,147.717,69.19999999999789,1.0,68.19999999999789,71,20,80,0,signal_flip
short_filter_ma80_slope,60m,oos_2025,2025-04-07 22:00:00,2025-04-09 04:00:00,long,147.717,145.33,-238.70000000000005,1.0,-239.70000000000005,30,20,80,0,signal_flip
short_filter_ma80_slope,60m,oos_2025,2025-04-09 04:00:00,2025-04-10 01:00:00,short,145.33,146.724,-139.3999999999977,1.0,-140.3999999999977,21,20,80,0,signal_flip
short_filter_ma80_slope,60m,oos_2025,2025-04-10 09:00:00,2025-04-10 15:00:00,long,146.309,144.663,-164.59999999999866,1.0,-165.59999999999866,6,20,80,0,signal_flip
short_filter_ma80_slope,60m,oos_2025,2025-04-10 18:00:00,2025-04-23 05:00:00,short,144.755,141.955,279.9999999999983,1.0,278.9999999999983,203,20,80,0,signal_flip
short_filter_ma80_slope,60m,oos_2025,2025-04-23 05:00:00,2025-04-28 21:00:00,long,141.955,141.968,1.2999999999976808,1.0,0.2999999999976808,88,20,80,0,signal_flip
short_filter_ma80_slope,60m,oos_2025,2025-04-29 07:00:00,2025-05-01 00:00:00,short,142.474,143.018,-54.400000000001114,1.0,-55.400000000001114,41,20,80,0,signal_flip
short_filter_ma80_slope,60m,oos_2025,2025-05-01 00:00:00,2025-05-05 16:00:00,long,143.018,143.981,96.29999999999939,1.0,95.29999999999939,64,20,80,0,signal_flip
short_filter_ma80_slope,60m,oos_2025,2025-05-06 18:00:00,2025-05-08 05:00:00,short,142.513,143.779,-126.59999999999911,1.0,-127.59999999999911,35,20,80,0,signal_flip
short_filter_ma80_slope,60m,oos_2025,2025-05-08 05:00:00,2025-05-14 14:00:00,long,143.779,145.998,221.8999999999994,1.0,220.8999999999994,105,20,80,0,signal_flip
short_filter_ma80_slope,60m,oos_2025,2025-05-15 19:00:00,2025-05-27 14:00:00,short,145.683,144.169,151.39999999999816,1.0,150.39999999999816,187,20,80,0,signal_flip
short_filter_ma80_slope,60m,oos_2025,2025-05-27 14:00:00,2025-05-30 04:00:00,long,144.169,143.857,-31.200000000001182,1.0,-32.20000000000118,62,20,80,0,signal_flip
short_filter_ma80_slope,60m,oos_2025,2025-06-02 06:00:00,2025-06-04 01:00:00,short,143.352,143.99,-63.80000000000052,1.0,-64.80000000000052,43,20,80,0,signal_flip
short_filter_ma80_slope,60m,oos_2025,2025-06-04 01:00:00,2025-06-05 02:00:00,long,143.99,142.922,-106.8000000000012,1.0,-107.8000000000012,25,20,80,0,signal_flip
short_filter_ma80_slope,60m,oos_2025,2025-06-05 02:00:00,2025-06-05 21:00:00,short,142.922,143.579,-65.70000000000107,1.0,-66.70000000000107,19,20,80,0,signal_flip
short_filter_ma80_slope,60m,oos_2025,2025-06-05 21:00:00,2025-06-12 03:00:00,long,143.579,143.956,37.69999999999811,1.0,36.69999999999811,102,20,80,0,signal_flip
short_filter_ma80_slope,60m,oos_2025,2025-06-12 07:00:00,2025-06-16 04:00:00,short,143.734,144.481,-74.69999999999857,1.0,-75.69999999999857,45,20,80,0,signal_flip
short_filter_ma80_slope,60m,oos_2025,2025-06-16 04:00:00,2025-06-24 09:00:00,long,144.481,145.094,61.299999999999955,1.0,60.299999999999955,149,20,80,0,signal_flip
short_filter_ma80_slope,60m,oos_2025,2025-06-24 20:00:00,2025-07-03 13:00:00,short,144.77,145.002,-23.199999999999932,1.0,-24.199999999999932,161,20,80,0,signal_flip
short_filter_ma80_slope,60m,oos_2025,2025-07-03 13:00:00,2025-07-10 11:00:00,long,145.002,146.121,111.89999999999998,1.0,110.89999999999998,118,20,80,0,signal_flip
short_filter_ma80_slope,60m,oos_2025,2025-07-11 05:00:00,2025-07-21 03:00:00,long,147.08,148.5,141.99999999999875,1.0,140.99999999999875,142,20,80,0,signal_flip
short_filter_ma80_slope,60m,oos_2025,2025-07-21 10:00:00,2025-07-25 03:00:00,short,147.921,147.414,50.7000000000005,1.0,49.7000000000005,89,20,80,0,signal_flip
short_filter_ma80_slope,60m,oos_2025,2025-07-25 03:00:00,2025-08-03 23:00:00,long,147.414,147.242,-17.199999999999704,1.0,-18.199999999999704,140,20,80,0,signal_flip
short_filter_ma80_slope,60m,oos_2025,2025-08-04 03:00:00,2025-08-08 10:00:00,short,147.792,147.709,8.29999999999984,1.0,7.299999999999841,103,20,80,0,signal_flip
short_filter_ma80_slope,60m,oos_2025,2025-08-08 17:00:00,2025-08-13 09:00:00,long,147.737,147.265,-47.20000000000084,1.0,-48.20000000000084,64,20,80,0,signal_flip
short_filter_ma80_slope,60m,oos_2025,2025-08-14 00:00:00,2025-08-18 09:00:00,short,147.119,147.34,-22.100000000000364,1.0,-23.100000000000364,57,20,80,0,signal_flip
short_filter_ma80_slope,60m,oos_2025,2025-08-18 09:00:00,2025-08-20 16:00:00,long,147.34,147.192,-14.799999999999613,1.0,-15.799999999999613,55,20,80,0,signal_flip
short_filter_ma80_slope,60m,oos_2025,2025-08-20 16:00:00,2025-08-20 21:00:00,short,147.192,147.315,-12.299999999999045,1.0,-13.299999999999045,5,20,80,0,signal_flip
short_filter_ma80_slope,60m,oos_2025,2025-08-21 17:00:00,2025-08-25 01:00:00,long,148.283,147.391,-89.19999999999959,1.0,-90.19999999999959,32,20,80,0,signal_flip
short_filter_ma80_slope,60m,oos_2025,2025-08-25 01:00:00,2025-08-26 00:00:00,short,147.391,147.81,-41.900000000001114,1.0,-42.900000000001114,23,20,80,0,signal_flip
short_filter_ma80_slope,60m,oos_2025,2025-08-26 23:00:00,2025-08-27 11:00:00,short,147.431,148.118,-68.69999999999834,1.0,-69.69999999999834,12,20,80,0,signal_flip
short_filter_ma80_slope,60m,oos_2025,2025-08-27 11:00:00,2025-08-28 06:00:00,long,148.118,147.126,-99.19999999999902,1.0,-100.19999999999902,19,20,80,0,signal_flip
short_filter_ma80_slope,60m,oos_2025,2025-08-28 06:00:00,2025-08-28 18:00:00,short,147.126,146.807,31.900000000001683,1.0,30.900000000001683,12,20,80,0,signal_flip
short_filter_ma80_slope,60m,oos_2025,2025-08-28 19:00:00,2025-09-01 22:00:00,short,146.818,147.156,-33.799999999999386,1.0,-34.799999999999386,51,20,80,0,signal_flip
short_filter_ma80_slope,60m,oos_2025,2025-09-01 22:00:00,2025-09-05 11:00:00,long,147.156,148.148,99.19999999999902,1.0,98.19999999999902,85,20,80,0,signal_flip
short_filter_ma80_slope,60m,oos_2025,2025-09-07 21:00:00,2025-09-11 08:00:00,short,148.088,147.776,31.19999999999834,1.0,30.19999999999834,83,20,80,0,signal_flip
short_filter_ma80_slope,60m,oos_2025,2025-09-11 08:00:00,2025-09-12 07:00:00,long,147.776,147.407,-36.89999999999998,1.0,-37.89999999999998,23,20,80,0,signal_flip
short_filter_ma80_slope,60m,oos_2025,2025-09-12 07:00:00,2025-09-12 11:00:00,short,147.407,147.752,-34.499999999999886,1.0,-35.499999999999886,4,20,80,0,signal_flip
short_filter_ma80_slope,60m,oos_2025,2025-09-12 11:00:00,2025-09-15 16:00:00,long,147.752,147.273,-47.90000000000134,1.0,-48.90000000000134,29,20,80,0,signal_flip
short_filter_ma80_slope,60m,oos_2025,2025-09-15 20:00:00,2025-09-18 11:00:00,short,147.388,147.26,12.800000000001432,1.0,11.800000000001432,63,20,80,0,signal_flip
short_filter_ma80_slope,60m,oos_2025,2025-09-18 11:00:00,2025-09-23 06:00:00,long,147.26,147.801,54.09999999999968,1.0,53.09999999999968,67,20,80,0,signal_flip
short_filter_ma80_slope,60m,oos_2025,2025-09-24 12:00:00,2025-09-29 12:00:00,long,148.501,148.63,12.899999999999068,1.0,11.899999999999068,72,20,80,0,signal_flip
short_filter_ma80_slope,60m,oos_2025,2025-09-30 09:00:00,2025-10-03 15:00:00,short,147.856,147.445,41.100000000000136,1.0,40.100000000000136,78,20,80,0,signal_flip
short_filter_ma80_slope,60m,oos_2025,2025-10-03 15:00:00,2025-10-12 21:00:00,long,147.445,151.822,437.70000000000095,1.0,436.70000000000095,126,20,80,0,signal_flip
short_filter_ma80_slope,60m,oos_2025,2025-10-13 19:00:00,2025-10-20 16:00:00,short,152.286,150.591,169.49999999999932,1.0,168.49999999999932,117,20,80,0,signal_flip
short_filter_ma80_slope,60m,oos_2025,2025-10-20 16:00:00,2025-10-28 06:00:00,long,150.591,151.911,131.99999999999932,1.0,130.99999999999932,134,20,80,0,signal_flip
short_filter_ma80_slope,60m,oos_2025,2025-10-28 19:00:00,2025-10-30 06:00:00,short,152.102,153.037,-93.50000000000023,1.0,-94.50000000000023,35,20,80,0,signal_flip
short_filter_ma80_slope,60m,oos_2025,2025-10-30 06:00:00,2025-11-04 12:00:00,long,153.037,153.57,53.299999999998704,1.0,52.299999999998704,77,20,80,0,signal_flip
short_filter_ma80_slope,60m,oos_2025,2025-11-05 04:00:00,2025-11-06 02:00:00,short,153.512,153.87,-35.80000000000041,1.0,-36.80000000000041,22,20,80,0,signal_flip
short_filter_ma80_slope,60m,oos_2025,2025-11-06 02:00:00,2025-11-06 16:00:00,long,153.87,153.041,-82.90000000000077,1.0,-83.90000000000077,14,20,80,0,signal_flip
short_filter_ma80_slope,60m,oos_2025,2025-11-06 16:00:00,2025-11-10 08:00:00,short,153.041,154.046,-100.49999999999955,1.0,-101.49999999999955,40,20,80,0,signal_flip
short_filter_ma80_slope,60m,oos_2025,2025-11-10 08:00:00,2025-11-14 15:00:00,long,154.046,154.356,31.000000000000227,1.0,30.000000000000227,103,20,80,0,signal_flip
short_filter_ma80_slope,60m,oos_2025,2025-11-17 11:00:00,2025-11-24 01:00:00,long,154.843,156.735,189.20000000000243,1.0,188.20000000000243,110,20,80,0,signal_flip
short_filter_ma80_slope,60m,oos_2025,2025-11-25 12:00:00,2025-11-28 07:00:00,short,156.443,156.381,6.200000000001182,1.0,5.200000000001182,67,20,80,0,signal_flip
short_filter_ma80_slope,60m,oos_2025,2025-11-28 07:00:00,2025-11-28 20:00:00,long,156.381,156.118,-26.300000000000523,1.0,-27.300000000000523,13,20,80,0,signal_flip
short_filter_ma80_slope,60m,oos_2025,2025-11-28 20:00:00,2025-12-02 23:00:00,short,156.118,155.854,26.39999999999816,1.0,25.39999999999816,51,20,80,0,signal_flip
short_filter_ma80_slope,60m,oos_2025,2025-12-02 23:00:00,2025-12-03 11:00:00,long,155.854,155.528,-32.60000000000218,1.0,-33.60000000000218,12,20,80,0,signal_flip
short_filter_ma80_slope,60m,oos_2025,2025-12-03 11:00:00,2025-12-08 06:00:00,short,155.528,155.198,32.99999999999841,1.0,31.99999999999841,67,20,80,0,signal_flip
short_filter_ma80_slope,60m,oos_2025,2025-12-08 06:00:00,2025-12-11 09:00:00,long,155.198,155.883,68.50000000000023,1.0,67.50000000000023,75,20,80,0,signal_flip
short_filter_ma80_slope,60m,oos_2025,2025-12-12 06:00:00,2025-12-17 18:00:00,short,155.742,155.533,20.90000000000032,1.0,19.90000000000032,84,20,80,0,signal_flip
short_filter_ma80_slope,60m,oos_2025,2025-12-17 18:00:00,2025-12-23 10:00:00,long,155.533,155.965,43.20000000000164,1.0,42.20000000000164,88,20,80,0,signal_flip
short_filter_ma80_slope,60m,oos_2025,2025-12-24 19:00:00,2025-12-26 13:00:00,short,155.964,156.417,-45.300000000000296,1.0,-46.300000000000296,28,20,80,0,signal_flip
short_filter_ma80_slope,60m,oos_2025,2025-12-26 13:00:00,2025-12-30 07:00:00,long,156.417,156.036,-38.10000000000002,1.0,-39.10000000000002,42,20,80,0,signal_flip
short_filter_ma80_slope,60m,oos_2025,2025-12-31 04:00:00,2025-12-31 21:00:00,long,156.492,156.632,14.000000000001478,1.0,13.000000000001478,17,20,80,0,period_end
short_filter_ma80_slope,240m,full_2023_2025,2023-01-01 20:00:00,2023-01-09 00:00:00,short,130.925,131.805,-87.99999999999955,1.0,-88.99999999999955,32,20,80,0,signal_flip
short_filter_ma80_slope,240m,full_2023_2025,2023-01-09 00:00:00,2023-01-11 08:00:00,long,131.805,132.42,61.49999999999807,1.0,60.49999999999807,14,20,80,0,signal_flip
short_filter_ma80_slope,240m,full_2023_2025,2023-01-11 16:00:00,2023-01-25 12:00:00,short,132.592,129.691,290.10000000000105,1.0,289.10000000000105,61,20,80,0,signal_flip
short_filter_ma80_slope,240m,full_2023_2025,2023-01-25 12:00:00,2023-02-03 00:00:00,long,129.691,128.763,-92.79999999999973,1.0,-93.79999999999973,40,20,80,0,signal_flip
short_filter_ma80_slope,240m,full_2023_2025,2023-02-06 16:00:00,2023-03-13 12:00:00,long,132.845,133.151,30.60000000000116,1.0,29.60000000000116,154,20,80,0,signal_flip
short_filter_ma80_slope,240m,full_2023_2025,2023-03-14 20:00:00,2023-03-31 08:00:00,short,134.169,133.13,103.90000000000157,1.0,102.90000000000157,77,20,80,0,signal_flip
short_filter_ma80_slope,240m,full_2023_2025,2023-03-31 08:00:00,2023-04-06 20:00:00,long,133.13,131.78,-134.99999999999943,1.0,-135.99999999999943,28,20,80,0,signal_flip
short_filter_ma80_slope,240m,full_2023_2025,2023-04-06 20:00:00,2023-04-10 16:00:00,short,131.78,133.753,-197.29999999999848,1.0,-198.29999999999848,12,20,80,0,signal_flip
short_filter_ma80_slope,240m,full_2023_2025,2023-04-10 16:00:00,2023-04-28 00:00:00,long,133.753,133.804,5.100000000001614,1.0,4.100000000001614,82,20,80,0,signal_flip
short_filter_ma80_slope,240m,full_2023_2025,2023-04-28 12:00:00,2023-05-08 00:00:00,long,136.13,135.192,-93.79999999999882,1.0,-94.79999999999882,35,20,80,0,signal_flip
short_filter_ma80_slope,240m,full_2023_2025,2023-05-10 12:00:00,2023-05-11 00:00:00,long,135.312,134.101,-121.10000000000127,1.0,-122.10000000000127,3,20,80,0,signal_flip
short_filter_ma80_slope,240m,full_2023_2025,2023-05-16 08:00:00,2023-06-08 20:00:00,long,135.791,138.915,312.3999999999995,1.0,311.3999999999995,108,20,80,0,signal_flip
short_filter_ma80_slope,240m,full_2023_2025,2023-06-15 00:00:00,2023-07-10 00:00:00,long,139.968,142.21,224.20000000000186,1.0,223.20000000000186,106,20,80,0,signal_flip
short_filter_ma80_slope,240m,full_2023_2025,2023-07-12 00:00:00,2023-07-24 08:00:00,short,140.12,141.412,-129.20000000000016,1.0,-130.20000000000016,52,20,80,0,signal_flip
short_filter_ma80_slope,240m,full_2023_2025,2023-07-24 08:00:00,2023-10-09 08:00:00,long,141.412,149.166,775.3999999999991,1.0,774.3999999999991,341,20,80,0,signal_flip
short_filter_ma80_slope,240m,full_2023_2025,2023-10-13 12:00:00,2023-11-07 00:00:00,long,149.61,149.985,37.5,1.0,36.5,103,20,80,0,signal_flip
short_filter_ma80_slope,240m,full_2023_2025,2023-11-08 20:00:00,2023-11-17 16:00:00,long,151.032,149.556,-147.5999999999999,1.0,-148.5999999999999,42,20,80,0,signal_flip
short_filter_ma80_slope,240m,full_2023_2025,2023-11-20 12:00:00,2024-01-04 20:00:00,short,148.205,144.577,362.80000000000143,1.0,361.80000000000143,197,20,80,0,signal_flip
short_filter_ma80_slope,240m,full_2023_2025,2024-01-04 20:00:00,2024-02-01 00:00:00,long,144.577,147.005,242.79999999999973,1.0,241.79999999999973,119,20,80,0,signal_flip
short_filter_ma80_slope,240m,full_2023_2025,2024-02-06 12:00:00,2024-03-01 16:00:00,long,148.679,150.122,144.3000000000012,1.0,143.3000000000012,112,20,80,0,signal_flip
short_filter_ma80_slope,240m,full_2023_2025,2024-03-06 08:00:00,2024-03-19 08:00:00,short,149.535,150.259,-72.39999999999895,1.0,-73.39999999999895,56,20,80,0,signal_flip
short_filter_ma80_slope,240m,full_2023_2025,2024-03-19 08:00:00,2024-05-05 20:00:00,long,150.259,152.886,262.70000000000095,1.0,261.70000000000095,208,20,80,0,signal_flip
short_filter_ma80_slope,240m,full_2023_2025,2024-05-06 20:00:00,2024-05-09 04:00:00,short,153.936,155.553,-161.69999999999902,1.0,-162.69999999999902,14,20,80,0,signal_flip
short_filter_ma80_slope,240m,full_2023_2025,2024-05-13 00:00:00,2024-06-04 16:00:00,long,155.83,154.872,-95.79999999999984,1.0,-96.79999999999984,103,20,80,0,signal_flip
short_filter_ma80_slope,240m,full_2023_2025,2024-06-07 08:00:00,2024-06-10 00:00:00,short,155.419,156.821,-140.19999999999868,1.0,-141.19999999999868,5,20,80,0,signal_flip
short_filter_ma80_slope,240m,full_2023_2025,2024-06-11 20:00:00,2024-07-12 04:00:00,long,157.086,159.23,214.3999999999977,1.0,213.3999999999977,138,20,80,0,signal_flip
short_filter_ma80_slope,240m,full_2023_2025,2024-07-15 12:00:00,2024-08-16 12:00:00,short,158.114,148.045,1006.9000000000017,1.0,1005.9000000000017,148,20,80,0,signal_flip
short_filter_ma80_slope,240m,full_2023_2025,2024-08-16 12:00:00,2024-08-21 12:00:00,long,148.045,146.06,-198.49999999999852,1.0,-199.49999999999852,19,20,80,0,signal_flip
short_filter_ma80_slope,240m,full_2023_2025,2024-08-21 12:00:00,2024-09-03 08:00:00,short,146.06,145.945,11.50000000000091,1.0,10.50000000000091,55,20,80,0,signal_flip
short_filter_ma80_slope,240m,full_2023_2025,2024-09-03 08:00:00,2024-09-05 16:00:00,long,145.945,143.432,-251.30000000000052,1.0,-252.30000000000052,14,20,80,0,signal_flip
short_filter_ma80_slope,240m,full_2023_2025,2024-09-05 16:00:00,2024-09-20 16:00:00,short,143.432,143.911,-47.90000000000134,1.0,-48.90000000000134,68,20,80,0,signal_flip
short_filter_ma80_slope,240m,full_2023_2025,2024-09-20 16:00:00,2024-11-26 04:00:00,long,143.911,153.741,983.0000000000013,1.0,982.0000000000013,289,20,80,0,signal_flip
short_filter_ma80_slope,240m,full_2023_2025,2024-11-28 00:00:00,2024-12-11 20:00:00,short,151.338,152.64,-130.19999999999925,1.0,-131.19999999999925,61,20,80,0,signal_flip
short_filter_ma80_slope,240m,full_2023_2025,2024-12-11 20:00:00,2025-01-15 16:00:00,long,152.64,156.29,365.00000000000057,1.0,364.00000000000057,146,20,80,0,signal_flip
short_filter_ma80_slope,240m,full_2023_2025,2025-01-16 04:00:00,2025-03-18 16:00:00,short,155.775,149.491,628.3999999999992,1.0,627.3999999999992,270,20,80,0,signal_flip
short_filter_ma80_slope,240m,full_2023_2025,2025-03-18 16:00:00,2025-04-02 16:00:00,long,149.491,149.989,49.799999999999045,1.0,48.799999999999045,68,20,80,0,signal_flip
short_filter_ma80_slope,240m,full_2023_2025,2025-04-04 04:00:00,2025-04-28 00:00:00,short,145.663,143.851,181.20000000000118,1.0,180.20000000000118,99,20,80,0,signal_flip
short_filter_ma80_slope,240m,full_2023_2025,2025-04-28 00:00:00,2025-05-20 08:00:00,long,143.851,144.127,27.600000000001046,1.0,26.600000000001046,101,20,80,0,signal_flip
short_filter_ma80_slope,240m,full_2023_2025,2025-05-22 08:00:00,2025-06-01 20:00:00,short,143.051,143.795,-74.39999999999998,1.0,-75.39999999999998,41,20,80,0,signal_flip
short_filter_ma80_slope,240m,full_2023_2025,2025-06-01 20:00:00,2025-06-02 12:00:00,long,143.795,142.755,-103.9999999999992,1.0,-104.9999999999992,4,20,80,0,signal_flip
short_filter_ma80_slope,240m,full_2023_2025,2025-06-02 12:00:00,2025-06-06 16:00:00,short,142.755,144.878,-212.29999999999905,1.0,-213.29999999999905,25,20,80,0,signal_flip
short_filter_ma80_slope,240m,full_2023_2025,2025-06-06 16:00:00,2025-06-16 16:00:00,long,144.878,144.132,-74.59999999999809,1.0,-75.59999999999809,38,20,80,0,signal_flip
short_filter_ma80_slope,240m,full_2023_2025,2025-06-17 00:00:00,2025-06-27 08:00:00,long,144.682,144.48,-20.199999999999818,1.0,-21.199999999999818,51,20,80,0,signal_flip
short_filter_ma80_slope,240m,full_2023_2025,2025-06-30 08:00:00,2025-07-08 04:00:00,short,144.128,146.071,-194.3000000000012,1.0,-195.3000000000012,36,20,80,0,signal_flip
short_filter_ma80_slope,240m,full_2023_2025,2025-07-08 08:00:00,2025-07-24 00:00:00,long,146.039,146.35,31.100000000000705,1.0,30.100000000000705,72,20,80,0,signal_flip
short_filter_ma80_slope,240m,full_2023_2025,2025-07-29 12:00:00,2025-08-06 04:00:00,long,148.717,147.4,-131.70000000000073,1.0,-132.70000000000073,35,20,80,0,signal_flip
short_filter_ma80_slope,240m,full_2023_2025,2025-08-06 04:00:00,2025-08-11 16:00:00,short,147.4,147.996,-59.600000000000364,1.0,-60.600000000000364,22,20,80,0,signal_flip
short_filter_ma80_slope,240m,full_2023_2025,2025-08-15 08:00:00,2025-08-20 08:00:00,short,147.006,147.627,-62.10000000000093,1.0,-63.10000000000093,19,20,80,0,signal_flip
short_filter_ma80_slope,240m,full_2023_2025,2025-08-20 08:00:00,2025-08-27 08:00:00,long,147.627,147.758,13.100000000000023,1.0,12.100000000000023,31,20,80,0,signal_flip
short_filter_ma80_slope,240m,full_2023_2025,2025-08-29 00:00:00,2025-09-03 04:00:00,short,146.831,148.912,-208.10000000000173,1.0,-209.10000000000173,20,20,80,0,signal_flip
short_filter_ma80_slope,240m,full_2023_2025,2025-09-03 08:00:00,2025-09-10 00:00:00,long,148.735,147.391,-134.40000000000225,1.0,-135.40000000000225,29,20,80,0,signal_flip
short_filter_ma80_slope,240m,full_2023_2025,2025-09-10 00:00:00,2025-09-15 12:00:00,short,147.391,147.417,-2.600000000001046,1.0,-3.600000000001046,22,20,80,0,signal_flip
short_filter_ma80_slope,240m,full_2023_2025,2025-09-15 16:00:00,2025-09-22 12:00:00,short,147.273,147.842,-56.90000000000168,1.0,-57.90000000000168,30,20,80,0,signal_flip
short_filter_ma80_slope,240m,full_2023_2025,2025-09-22 12:00:00,2025-10-02 08:00:00,long,147.842,147.079,-76.30000000000052,1.0,-77.30000000000052,48,20,80,0,signal_flip
short_filter_ma80_slope,240m,full_2023_2025,2025-10-03 12:00:00,2025-10-03 16:00:00,short,147.276,147.337,-6.099999999997863,1.0,-7.099999999997863,1,20,80,0,signal_flip
short_filter_ma80_slope,240m,full_2023_2025,2025-10-07 04:00:00,2025-10-20 12:00:00,long,150.361,150.702,34.10000000000082,1.0,33.10000000000082,58,20,80,0,signal_flip
short_filter_ma80_slope,240m,full_2023_2025,2025-10-23 12:00:00,2025-12-02 00:00:00,long,152.669,155.56,289.0999999999991,1.0,288.0999999999991,171,20,80,0,signal_flip
short_filter_ma80_slope,240m,full_2023_2025,2025-12-08 12:00:00,2025-12-10 12:00:00,short,155.586,156.708,-112.19999999999857,1.0,-113.19999999999857,12,20,80,0,signal_flip
short_filter_ma80_slope,240m,full_2023_2025,2025-12-10 12:00:00,2025-12-15 16:00:00,long,156.708,155.157,-155.09999999999877,1.0,-156.09999999999877,20,20,80,0,signal_flip
short_filter_ma80_slope,240m,full_2023_2025,2025-12-15 16:00:00,2025-12-19 16:00:00,short,155.157,157.47,-231.29999999999882,1.0,-232.29999999999882,24,20,80,0,signal_flip
short_filter_ma80_slope,240m,full_2023_2025,2025-12-19 16:00:00,2025-12-31 20:00:00,long,157.47,156.751,-71.89999999999941,1.0,-72.89999999999941,48,20,80,0,period_end
short_filter_ma80_slope,240m,dev_2023_2024,2023-01-01 20:00:00,2023-01-09 00:00:00,short,130.925,131.805,-87.99999999999955,1.0,-88.99999999999955,32,20,80,0,signal_flip
short_filter_ma80_slope,240m,dev_2023_2024,2023-01-09 00:00:00,2023-01-11 08:00:00,long,131.805,132.42,61.49999999999807,1.0,60.49999999999807,14,20,80,0,signal_flip
short_filter_ma80_slope,240m,dev_2023_2024,2023-01-11 16:00:00,2023-01-25 12:00:00,short,132.592,129.691,290.10000000000105,1.0,289.10000000000105,61,20,80,0,signal_flip
short_filter_ma80_slope,240m,dev_2023_2024,2023-01-25 12:00:00,2023-02-03 00:00:00,long,129.691,128.763,-92.79999999999973,1.0,-93.79999999999973,40,20,80,0,signal_flip
short_filter_ma80_slope,240m,dev_2023_2024,2023-02-06 16:00:00,2023-03-13 12:00:00,long,132.845,133.151,30.60000000000116,1.0,29.60000000000116,154,20,80,0,signal_flip
short_filter_ma80_slope,240m,dev_2023_2024,2023-03-14 20:00:00,2023-03-31 08:00:00,short,134.169,133.13,103.90000000000157,1.0,102.90000000000157,77,20,80,0,signal_flip
short_filter_ma80_slope,240m,dev_2023_2024,2023-03-31 08:00:00,2023-04-06 20:00:00,long,133.13,131.78,-134.99999999999943,1.0,-135.99999999999943,28,20,80,0,signal_flip
short_filter_ma80_slope,240m,dev_2023_2024,2023-04-06 20:00:00,2023-04-10 16:00:00,short,131.78,133.753,-197.29999999999848,1.0,-198.29999999999848,12,20,80,0,signal_flip
short_filter_ma80_slope,240m,dev_2023_2024,2023-04-10 16:00:00,2023-04-28 00:00:00,long,133.753,133.804,5.100000000001614,1.0,4.100000000001614,82,20,80,0,signal_flip
short_filter_ma80_slope,240m,dev_2023_2024,2023-04-28 12:00:00,2023-05-08 00:00:00,long,136.13,135.192,-93.79999999999882,1.0,-94.79999999999882,35,20,80,0,signal_flip
short_filter_ma80_slope,240m,dev_2023_2024,2023-05-10 12:00:00,2023-05-11 00:00:00,long,135.312,134.101,-121.10000000000127,1.0,-122.10000000000127,3,20,80,0,signal_flip
short_filter_ma80_slope,240m,dev_2023_2024,2023-05-16 08:00:00,2023-06-08 20:00:00,long,135.791,138.915,312.3999999999995,1.0,311.3999999999995,108,20,80,0,signal_flip
short_filter_ma80_slope,240m,dev_2023_2024,2023-06-15 00:00:00,2023-07-10 00:00:00,long,139.968,142.21,224.20000000000186,1.0,223.20000000000186,106,20,80,0,signal_flip
short_filter_ma80_slope,240m,dev_2023_2024,2023-07-12 00:00:00,2023-07-24 08:00:00,short,140.12,141.412,-129.20000000000016,1.0,-130.20000000000016,52,20,80,0,signal_flip
short_filter_ma80_slope,240m,dev_2023_2024,2023-07-24 08:00:00,2023-10-09 08:00:00,long,141.412,149.166,775.3999999999991,1.0,774.3999999999991,341,20,80,0,signal_flip
short_filter_ma80_slope,240m,dev_2023_2024,2023-10-13 12:00:00,2023-11-07 00:00:00,long,149.61,149.985,37.5,1.0,36.5,103,20,80,0,signal_flip
short_filter_ma80_slope,240m,dev_2023_2024,2023-11-08 20:00:00,2023-11-17 16:00:00,long,151.032,149.556,-147.5999999999999,1.0,-148.5999999999999,42,20,80,0,signal_flip
short_filter_ma80_slope,240m,dev_2023_2024,2023-11-20 12:00:00,2024-01-04 20:00:00,short,148.205,144.577,362.80000000000143,1.0,361.80000000000143,197,20,80,0,signal_flip
short_filter_ma80_slope,240m,dev_2023_2024,2024-01-04 20:00:00,2024-02-01 00:00:00,long,144.577,147.005,242.79999999999973,1.0,241.79999999999973,119,20,80,0,signal_flip
short_filter_ma80_slope,240m,dev_2023_2024,2024-02-06 12:00:00,2024-03-01 16:00:00,long,148.679,150.122,144.3000000000012,1.0,143.3000000000012,112,20,80,0,signal_flip
short_filter_ma80_slope,240m,dev_2023_2024,2024-03-06 08:00:00,2024-03-19 08:00:00,short,149.535,150.259,-72.39999999999895,1.0,-73.39999999999895,56,20,80,0,signal_flip
short_filter_ma80_slope,240m,dev_2023_2024,2024-03-19 08:00:00,2024-05-05 20:00:00,long,150.259,152.886,262.70000000000095,1.0,261.70000000000095,208,20,80,0,signal_flip
short_filter_ma80_slope,240m,dev_2023_2024,2024-05-06 20:00:00,2024-05-09 04:00:00,short,153.936,155.553,-161.69999999999902,1.0,-162.69999999999902,14,20,80,0,signal_flip
short_filter_ma80_slope,240m,dev_2023_2024,2024-05-13 00:00:00,2024-06-04 16:00:00,long,155.83,154.872,-95.79999999999984,1.0,-96.79999999999984,103,20,80,0,signal_flip
short_filter_ma80_slope,240m,dev_2023_2024,2024-06-07 08:00:00,2024-06-10 00:00:00,short,155.419,156.821,-140.19999999999868,1.0,-141.19999999999868,5,20,80,0,signal_flip
short_filter_ma80_slope,240m,dev_2023_2024,2024-06-11 20:00:00,2024-07-12 04:00:00,long,157.086,159.23,214.3999999999977,1.0,213.3999999999977,138,20,80,0,signal_flip
short_filter_ma80_slope,240m,dev_2023_2024,2024-07-15 12:00:00,2024-08-16 12:00:00,short,158.114,148.045,1006.9000000000017,1.0,1005.9000000000017,148,20,80,0,signal_flip
short_filter_ma80_slope,240m,dev_2023_2024,2024-08-16 12:00:00,2024-08-21 12:00:00,long,148.045,146.06,-198.49999999999852,1.0,-199.49999999999852,19,20,80,0,signal_flip
short_filter_ma80_slope,240m,dev_2023_2024,2024-08-21 12:00:00,2024-09-03 08:00:00,short,146.06,145.945,11.50000000000091,1.0,10.50000000000091,55,20,80,0,signal_flip
short_filter_ma80_slope,240m,dev_2023_2024,2024-09-03 08:00:00,2024-09-05 16:00:00,long,145.945,143.432,-251.30000000000052,1.0,-252.30000000000052,14,20,80,0,signal_flip
short_filter_ma80_slope,240m,dev_2023_2024,2024-09-05 16:00:00,2024-09-20 16:00:00,short,143.432,143.911,-47.90000000000134,1.0,-48.90000000000134,68,20,80,0,signal_flip
short_filter_ma80_slope,240m,dev_2023_2024,2024-09-20 16:00:00,2024-11-26 04:00:00,long,143.911,153.741,983.0000000000013,1.0,982.0000000000013,289,20,80,0,signal_flip
short_filter_ma80_slope,240m,dev_2023_2024,2024-11-28 00:00:00,2024-12-11 20:00:00,short,151.338,152.64,-130.19999999999925,1.0,-131.19999999999925,61,20,80,0,signal_flip
short_filter_ma80_slope,240m,dev_2023_2024,2024-12-11 20:00:00,2024-12-31 20:00:00,long,152.64,157.308,466.80000000000064,1.0,465.80000000000064,84,20,80,0,period_end
short_filter_ma80_slope,240m,oos_2025,2025-01-01 20:00:00,2025-01-15 16:00:00,long,157.151,156.29,-86.10000000000184,1.0,-87.10000000000184,61,20,80,0,signal_flip
short_filter_ma80_slope,240m,oos_2025,2025-01-16 04:00:00,2025-03-18 16:00:00,short,155.775,149.491,628.3999999999992,1.0,627.3999999999992,270,20,80,0,signal_flip
short_filter_ma80_slope,240m,oos_2025,2025-03-18 16:00:00,2025-04-02 16:00:00,long,149.491,149.989,49.799999999999045,1.0,48.799999999999045,68,20,80,0,signal_flip
short_filter_ma80_slope,240m,oos_2025,2025-04-04 04:00:00,2025-04-28 00:00:00,short,145.663,143.851,181.20000000000118,1.0,180.20000000000118,99,20,80,0,signal_flip
short_filter_ma80_slope,240m,oos_2025,2025-04-28 00:00:00,2025-05-20 08:00:00,long,143.851,144.127,27.600000000001046,1.0,26.600000000001046,101,20,80,0,signal_flip
short_filter_ma80_slope,240m,oos_2025,2025-05-22 08:00:00,2025-06-01 20:00:00,short,143.051,143.795,-74.39999999999998,1.0,-75.39999999999998,41,20,80,0,signal_flip
short_filter_ma80_slope,240m,oos_2025,2025-06-01 20:00:00,2025-06-02 12:00:00,long,143.795,142.755,-103.9999999999992,1.0,-104.9999999999992,4,20,80,0,signal_flip
short_filter_ma80_slope,240m,oos_2025,2025-06-02 12:00:00,2025-06-06 16:00:00,short,142.755,144.878,-212.29999999999905,1.0,-213.29999999999905,25,20,80,0,signal_flip
short_filter_ma80_slope,240m,oos_2025,2025-06-06 16:00:00,2025-06-16 16:00:00,long,144.878,144.132,-74.59999999999809,1.0,-75.59999999999809,38,20,80,0,signal_flip
short_filter_ma80_slope,240m,oos_2025,2025-06-17 00:00:00,2025-06-27 08:00:00,long,144.682,144.48,-20.199999999999818,1.0,-21.199999999999818,51,20,80,0,signal_flip
short_filter_ma80_slope,240m,oos_2025,2025-06-30 08:00:00,2025-07-08 04:00:00,short,144.128,146.071,-194.3000000000012,1.0,-195.3000000000012,36,20,80,0,signal_flip
short_filter_ma80_slope,240m,oos_2025,2025-07-08 08:00:00,2025-07-24 00:00:00,long,146.039,146.35,31.100000000000705,1.0,30.100000000000705,72,20,80,0,signal_flip
short_filter_ma80_slope,240m,oos_2025,2025-07-29 12:00:00,2025-08-06 04:00:00,long,148.717,147.4,-131.70000000000073,1.0,-132.70000000000073,35,20,80,0,signal_flip
short_filter_ma80_slope,240m,oos_2025,2025-08-06 04:00:00,2025-08-11 16:00:00,short,147.4,147.996,-59.600000000000364,1.0,-60.600000000000364,22,20,80,0,signal_flip
short_filter_ma80_slope,240m,oos_2025,2025-08-15 08:00:00,2025-08-20 08:00:00,short,147.006,147.627,-62.10000000000093,1.0,-63.10000000000093,19,20,80,0,signal_flip
short_filter_ma80_slope,240m,oos_2025,2025-08-20 08:00:00,2025-08-27 08:00:00,long,147.627,147.758,13.100000000000023,1.0,12.100000000000023,31,20,80,0,signal_flip
short_filter_ma80_slope,240m,oos_2025,2025-08-29 00:00:00,2025-09-03 04:00:00,short,146.831,148.912,-208.10000000000173,1.0,-209.10000000000173,20,20,80,0,signal_flip
short_filter_ma80_slope,240m,oos_2025,2025-09-03 08:00:00,2025-09-10 00:00:00,long,148.735,147.391,-134.40000000000225,1.0,-135.40000000000225,29,20,80,0,signal_flip
short_filter_ma80_slope,240m,oos_2025,2025-09-10 00:00:00,2025-09-15 12:00:00,short,147.391,147.417,-2.600000000001046,1.0,-3.600000000001046,22,20,80,0,signal_flip
short_filter_ma80_slope,240m,oos_2025,2025-09-15 16:00:00,2025-09-22 12:00:00,short,147.273,147.842,-56.90000000000168,1.0,-57.90000000000168,30,20,80,0,signal_flip
short_filter_ma80_slope,240m,oos_2025,2025-09-22 12:00:00,2025-10-02 08:00:00,long,147.842,147.079,-76.30000000000052,1.0,-77.30000000000052,48,20,80,0,signal_flip
short_filter_ma80_slope,240m,oos_2025,2025-10-03 12:00:00,2025-10-03 16:00:00,short,147.276,147.337,-6.099999999997863,1.0,-7.099999999997863,1,20,80,0,signal_flip
short_filter_ma80_slope,240m,oos_2025,2025-10-07 04:00:00,2025-10-20 12:00:00,long,150.361,150.702,34.10000000000082,1.0,33.10000000000082,58,20,80,0,signal_flip
short_filter_ma80_slope,240m,oos_2025,2025-10-23 12:00:00,2025-12-02 00:00:00,long,152.669,155.56,289.0999999999991,1.0,288.0999999999991,171,20,80,0,signal_flip
short_filter_ma80_slope,240m,oos_2025,2025-12-08 12:00:00,2025-12-10 12:00:00,short,155.586,156.708,-112.19999999999857,1.0,-113.19999999999857,12,20,80,0,signal_flip
short_filter_ma80_slope,240m,oos_2025,2025-12-10 12:00:00,2025-12-15 16:00:00,long,156.708,155.157,-155.09999999999877,1.0,-156.09999999999877,20,20,80,0,signal_flip
short_filter_ma80_slope,240m,oos_2025,2025-12-15 16:00:00,2025-12-19 16:00:00,short,155.157,157.47,-231.29999999999882,1.0,-232.29999999999882,24,20,80,0,signal_flip
short_filter_ma80_slope,240m,oos_2025,2025-12-19 16:00:00,2025-12-31 20:00:00,long,157.47,156.751,-71.89999999999941,1.0,-72.89999999999941,48,20,80,0,period_end
short_filter_ma200_down,60m,full_2023_2025,2023-01-01 22:00:00,2023-01-04 17:00:00,short,130.925,132.003,-107.79999999999745,1.0,-108.79999999999745,67,20,80,0,signal_flip
short_filter_ma200_down,60m,full_2023_2025,2023-01-04 17:00:00,2023-01-09 07:00:00,long,132.003,131.803,-19.999999999998863,1.0,-20.999999999998863,62,20,80,0,signal_flip
short_filter_ma200_down,60m,full_2023_2025,2023-01-09 07:00:00,2023-01-09 10:00:00,short,131.803,132.439,-63.59999999999957,1.0,-64.59999999999957,3,20,80,0,signal_flip
short_filter_ma200_down,60m,full_2023_2025,2023-01-09 14:00:00,2023-01-10 08:00:00,short,131.782,132.221,-43.899999999999295,1.0,-44.899999999999295,18,20,80,0,signal_flip
short_filter_ma200_down,60m,full_2023_2025,2023-01-10 09:00:00,2023-01-10 11:00:00,short,131.833,131.972,-13.900000000001,1.0,-14.900000000001,2,20,80,0,signal_flip
short_filter_ma200_down,60m,full_2023_2025,2023-01-11 13:00:00,2023-01-12 10:00:00,long,132.768,130.957,-181.1000000000007,1.0,-182.1000000000007,21,20,80,0,signal_flip
short_filter_ma200_down,60m,full_2023_2025,2023-01-12 19:00:00,2023-01-17 20:00:00,short,129.159,128.336,82.29999999999791,1.0,81.29999999999791,73,20,80,0,signal_flip
short_filter_ma200_down,60m,full_2023_2025,2023-01-17 20:00:00,2023-01-19 06:00:00,long,128.336,127.979,-35.70000000000135,1.0,-36.70000000000135,34,20,80,0,signal_flip
short_filter_ma200_down,60m,full_2023_2025,2023-01-19 06:00:00,2023-01-20 11:00:00,short,127.979,129.628,-164.89999999999867,1.0,-165.89999999999867,29,20,80,0,signal_flip
short_filter_ma200_down,60m,full_2023_2025,2023-01-20 11:00:00,2023-01-25 18:00:00,long,129.628,129.613,-1.4999999999986358,1.0,-2.4999999999986358,79,20,80,0,signal_flip
short_filter_ma200_down,60m,full_2023_2025,2023-01-27 04:00:00,2023-01-27 15:00:00,long,129.86,129.882,2.199999999999136,1.0,1.199999999999136,11,20,80,0,signal_flip
short_filter_ma200_down,60m,full_2023_2025,2023-01-29 23:00:00,2023-01-30 06:00:00,long,129.803,129.636,-16.70000000000016,1.0,-17.70000000000016,7,20,80,0,signal_flip
short_filter_ma200_down,60m,full_2023_2025,2023-01-30 09:00:00,2023-02-01 12:00:00,long,130.127,129.806,-32.099999999999795,1.0,-33.099999999999795,51,20,80,0,signal_flip
short_filter_ma200_down,60m,full_2023_2025,2023-02-02 02:00:00,2023-02-03 14:00:00,short,128.602,129.942,-134.00000000000034,1.0,-135.00000000000034,36,20,80,0,signal_flip
short_filter_ma200_down,60m,full_2023_2025,2023-02-03 20:00:00,2023-02-08 08:00:00,long,131.057,130.886,-17.099999999999227,1.0,-18.099999999999227,60,20,80,0,signal_flip
short_filter_ma200_down,60m,full_2023_2025,2023-02-10 12:00:00,2023-02-13 02:00:00,long,130.832,131.677,84.49999999999989,1.0,83.49999999999989,14,20,80,0,signal_flip
short_filter_ma200_down,60m,full_2023_2025,2023-02-13 04:00:00,2023-02-20 17:00:00,long,132.024,134.095,207.0999999999998,1.0,206.0999999999998,133,20,80,0,signal_flip
short_filter_ma200_down,60m,full_2023_2025,2023-02-21 07:00:00,2023-02-24 08:00:00,long,134.502,134.837,33.499999999997954,1.0,32.499999999997954,73,20,80,0,signal_flip
short_filter_ma200_down,60m,full_2023_2025,2023-02-24 13:00:00,2023-03-01 12:00:00,long,135.661,135.338,-32.30000000000075,1.0,-33.30000000000075,71,20,80,0,signal_flip
short_filter_ma200_down,60m,full_2023_2025,2023-03-02 10:00:00,2023-03-03 20:00:00,long,136.469,135.837,-63.2000000000005,1.0,-64.2000000000005,34,20,80,0,signal_flip
short_filter_ma200_down,60m,full_2023_2025,2023-03-07 20:00:00,2023-03-09 18:00:00,long,137.105,136.226,-87.89999999999907,1.0,-88.89999999999907,46,20,80,0,signal_flip
short_filter_ma200_down,60m,full_2023_2025,2023-03-10 02:00:00,2023-03-10 03:00:00,short,135.952,136.714,-76.20000000000005,1.0,-77.20000000000005,1,20,80,0,signal_flip
short_filter_ma200_down,60m,full_2023_2025,2023-03-10 17:00:00,2023-03-22 01:00:00,short,135.042,132.526,251.5999999999991,1.0,250.5999999999991,177,20,80,0,signal_flip
short_filter_ma200_down,60m,full_2023_2025,2023-03-22 01:00:00,2023-03-23 04:00:00,long,132.526,130.617,-190.90000000000202,1.0,-191.90000000000202,27,20,80,0,signal_flip
short_filter_ma200_down,60m,full_2023_2025,2023-03-23 04:00:00,2023-03-27 17:00:00,short,130.617,131.6,-98.30000000000041,1.0,-99.30000000000041,61,20,80,0,signal_flip
short_filter_ma200_down,60m,full_2023_2025,2023-03-27 17:00:00,2023-03-28 19:00:00,long,131.6,130.783,-81.70000000000073,1.0,-82.70000000000073,26,20,80,0,signal_flip
short_filter_ma200_down,60m,full_2023_2025,2023-03-28 19:00:00,2023-03-28 23:00:00,short,130.783,130.859,-7.600000000002183,1.0,-8.600000000002183,4,20,80,0,signal_flip
short_filter_ma200_down,60m,full_2023_2025,2023-03-28 23:00:00,2023-04-04 01:00:00,long,130.859,132.553,169.39999999999884,1.0,168.39999999999884,98,20,80,0,signal_flip
short_filter_ma200_down,60m,full_2023_2025,2023-04-07 08:00:00,2023-04-13 06:00:00,long,131.883,133.294,141.10000000000014,1.0,140.10000000000014,94,20,80,0,signal_flip
short_filter_ma200_down,60m,full_2023_2025,2023-04-13 14:00:00,2023-04-13 18:00:00,short,132.142,132.573,-43.10000000000116,1.0,-44.10000000000116,4,20,80,0,signal_flip
short_filter_ma200_down,60m,full_2023_2025,2023-04-14 02:00:00,2023-04-14 09:00:00,short,132.431,132.494,-6.299999999998818,1.0,-7.299999999998818,7,20,80,0,signal_flip
short_filter_ma200_down,60m,full_2023_2025,2023-04-17 01:00:00,2023-04-20 23:00:00,long,133.842,134.169,32.69999999999982,1.0,31.699999999999818,94,20,80,0,signal_flip
short_filter_ma200_down,60m,full_2023_2025,2023-04-24 18:00:00,2023-04-25 13:00:00,long,134.348,133.927,-42.10000000000207,1.0,-43.10000000000207,19,20,80,0,signal_flip
short_filter_ma200_down,60m,full_2023_2025,2023-04-27 15:00:00,2023-04-27 23:00:00,short,134.121,133.913,20.79999999999984,1.0,19.79999999999984,8,20,80,0,signal_flip
short_filter_ma200_down,60m,full_2023_2025,2023-04-27 23:00:00,2023-05-03 07:00:00,long,133.913,135.87,195.69999999999936,1.0,194.69999999999936,80,20,80,0,signal_flip
short_filter_ma200_down,60m,full_2023_2025,2023-05-05 00:00:00,2023-05-05 17:00:00,short,134.161,134.664,-50.29999999999859,1.0,-51.29999999999859,17,20,80,0,signal_flip
short_filter_ma200_down,60m,full_2023_2025,2023-05-08 07:00:00,2023-05-10 19:00:00,long,134.777,134.255,-52.199999999999136,1.0,-53.199999999999136,60,20,80,0,signal_flip
short_filter_ma200_down,60m,full_2023_2025,2023-05-10 22:00:00,2023-05-12 15:00:00,short,134.283,135.311,-102.800000000002,1.0,-103.800000000002,41,20,80,0,signal_flip
short_filter_ma200_down,60m,full_2023_2025,2023-05-12 16:00:00,2023-05-22 11:00:00,long,135.628,137.969,234.10000000000082,1.0,233.10000000000082,139,20,80,0,signal_flip
short_filter_ma200_down,60m,full_2023_2025,2023-05-22 16:00:00,2023-05-30 17:00:00,long,138.657,139.919,126.20000000000005,1.0,125.20000000000005,145,20,80,0,signal_flip
short_filter_ma200_down,60m,full_2023_2025,2023-06-05 00:00:00,2023-06-07 03:00:00,long,140.213,139.189,-102.40000000000009,1.0,-103.40000000000009,51,20,80,0,signal_flip
short_filter_ma200_down,60m,full_2023_2025,2023-06-07 03:00:00,2023-06-07 16:00:00,short,139.189,139.978,-78.90000000000157,1.0,-79.90000000000157,13,20,80,0,signal_flip
short_filter_ma200_down,60m,full_2023_2025,2023-06-08 02:00:00,2023-06-08 18:00:00,long,139.916,138.937,-97.8999999999985,1.0,-98.8999999999985,16,20,80,0,signal_flip
short_filter_ma200_down,60m,full_2023_2025,2023-06-08 18:00:00,2023-06-09 09:00:00,short,138.937,139.656,-71.89999999999941,1.0,-72.89999999999941,15,20,80,0,signal_flip
short_filter_ma200_down,60m,full_2023_2025,2023-06-09 11:00:00,2023-06-12 02:00:00,short,139.53,139.545,-1.4999999999986358,1.0,-2.4999999999986358,15,20,80,0,signal_flip
short_filter_ma200_down,60m,full_2023_2025,2023-06-12 04:00:00,2023-06-12 06:00:00,short,139.432,139.52,-8.800000000002228,1.0,-9.800000000002228,2,20,80,0,signal_flip
short_filter_ma200_down,60m,full_2023_2025,2023-06-12 07:00:00,2023-06-12 08:00:00,short,139.496,139.506,-0.9999999999990905,1.0,-1.9999999999990905,1,20,80,0,signal_flip
short_filter_ma200_down,60m,full_2023_2025,2023-06-12 09:00:00,2023-06-12 14:00:00,short,139.203,139.661,-45.79999999999984,1.0,-46.79999999999984,5,20,80,0,signal_flip
short_filter_ma200_down,60m,full_2023_2025,2023-06-12 21:00:00,2023-06-12 22:00:00,long,139.589,139.578,-1.099999999999568,1.0,-2.099999999999568,1,20,80,0,signal_flip
short_filter_ma200_down,60m,full_2023_2025,2023-06-12 23:00:00,2023-06-21 03:00:00,long,139.553,141.618,206.49999999999977,1.0,205.49999999999977,148,20,80,0,signal_flip
short_filter_ma200_down,60m,full_2023_2025,2023-06-21 14:00:00,2023-07-04 09:00:00,long,142.25,144.384,213.3999999999986,1.0,212.3999999999986,211,20,80,0,signal_flip
short_filter_ma200_down,60m,full_2023_2025,2023-07-07 16:00:00,2023-07-17 05:00:00,short,142.215,138.624,359.1000000000008,1.0,358.1000000000008,133,20,80,0,signal_flip
short_filter_ma200_down,60m,full_2023_2025,2023-07-17 05:00:00,2023-07-26 02:00:00,long,138.624,141.157,253.30000000000155,1.0,252.30000000000155,165,20,80,0,signal_flip
short_filter_ma200_down,60m,full_2023_2025,2023-07-31 01:00:00,2023-08-03 22:00:00,long,140.896,142.52,162.40000000000236,1.0,161.40000000000236,93,20,80,0,signal_flip
short_filter_ma200_down,60m,full_2023_2025,2023-08-08 04:00:00,2023-08-18 07:00:00,long,143.333,145.372,203.90000000000157,1.0,202.90000000000157,195,20,80,0,signal_flip
short_filter_ma200_down,60m,full_2023_2025,2023-08-21 21:00:00,2023-08-23 11:00:00,long,146.197,145.447,-75.0,1.0,-76.0,38,20,80,0,signal_flip
short_filter_ma200_down,60m,full_2023_2025,2023-08-25 00:00:00,2023-08-30 01:00:00,long,146.051,145.907,-14.399999999997704,1.0,-15.399999999997704,73,20,80,0,signal_flip
short_filter_ma200_down,60m,full_2023_2025,2023-09-01 02:00:00,2023-09-01 15:00:00,short,145.439,146.009,-56.99999999999932,1.0,-57.99999999999932,13,20,80,0,signal_flip
short_filter_ma200_down,60m,full_2023_2025,2023-09-04 05:00:00,2023-09-08 01:00:00,long,146.157,146.916,75.89999999999861,1.0,74.89999999999861,92,20,80,0,signal_flip
short_filter_ma200_down,60m,full_2023_2025,2023-09-12 23:00:00,2023-09-22 00:00:00,long,147.058,147.646,58.799999999999386,1.0,57.799999999999386,169,20,80,0,signal_flip
short_filter_ma200_down,60m,full_2023_2025,2023-09-22 13:00:00,2023-10-01 21:00:00,long,148.251,149.606,135.49999999999898,1.0,134.49999999999898,128,20,80,0,signal_flip
short_filter_ma200_down,60m,full_2023_2025,2023-10-02 01:00:00,2023-10-03 23:00:00,long,149.683,149.11,-57.29999999999791,1.0,-58.29999999999791,46,20,80,0,signal_flip
short_filter_ma200_down,60m,full_2023_2025,2023-10-06 05:00:00,2023-10-06 13:00:00,short,148.755,149.416,-66.10000000000014,1.0,-67.10000000000014,8,20,80,0,signal_flip
short_filter_ma200_down,60m,full_2023_2025,2023-10-06 16:00:00,2023-10-06 17:00:00,short,149.084,149.292,-20.79999999999984,1.0,-21.79999999999984,1,20,80,0,signal_flip
short_filter_ma200_down,60m,full_2023_2025,2023-10-06 19:00:00,2023-10-09 23:00:00,long,149.338,148.415,-92.30000000000018,1.0,-93.30000000000018,28,20,80,0,signal_flip
short_filter_ma200_down,60m,full_2023_2025,2023-10-09 23:00:00,2023-10-11 15:00:00,short,148.415,149.135,-71.99999999999989,1.0,-72.99999999999989,40,20,80,0,signal_flip
short_filter_ma200_down,60m,full_2023_2025,2023-10-11 16:00:00,2023-10-11 17:00:00,short,149.002,149.154,-15.199999999998681,1.0,-16.19999999999868,1,20,80,0,signal_flip
short_filter_ma200_down,60m,full_2023_2025,2023-10-11 21:00:00,2023-10-23 23:00:00,long,149.152,149.688,53.600000000000136,1.0,52.600000000000136,194,20,80,0,signal_flip
short_filter_ma200_down,60m,full_2023_2025,2023-10-25 04:00:00,2023-10-27 18:00:00,long,149.846,149.52,-32.59999999999934,1.0,-33.59999999999934,62,20,80,0,signal_flip
short_filter_ma200_down,60m,full_2023_2025,2023-10-30 07:00:00,2023-10-31 04:00:00,short,149.443,149.894,-45.09999999999934,1.0,-46.09999999999934,21,20,80,0,signal_flip
short_filter_ma200_down,60m,full_2023_2025,2023-10-31 15:00:00,2023-11-02 15:00:00,long,151.258,150.288,-96.99999999999989,1.0,-97.99999999999989,48,20,80,0,signal_flip
short_filter_ma200_down,60m,full_2023_2025,2023-11-06 03:00:00,2023-11-07 04:00:00,short,149.668,150.196,-52.79999999999916,1.0,-53.79999999999916,25,20,80,0,signal_flip
short_filter_ma200_down,60m,full_2023_2025,2023-11-07 09:00:00,2023-11-14 19:00:00,long,150.331,150.534,20.300000000000296,1.0,19.300000000000296,130,20,80,0,signal_flip
short_filter_ma200_down,60m,full_2023_2025,2023-11-16 10:00:00,2023-11-16 16:00:00,long,151.275,150.407,-86.7999999999995,1.0,-87.7999999999995,6,20,80,0,signal_flip
short_filter_ma200_down,60m,full_2023_2025,2023-11-17 19:00:00,2023-11-22 15:00:00,short,149.607,149.352,25.499999999999545,1.0,24.499999999999545,68,20,80,0,signal_flip
short_filter_ma200_down,60m,full_2023_2025,2023-11-22 15:00:00,2023-11-27 11:00:00,long,149.352,148.989,-36.299999999999955,1.0,-37.299999999999955,68,20,80,0,signal_flip
short_filter_ma200_down,60m,full_2023_2025,2023-11-27 11:00:00,2023-12-01 01:00:00,short,148.989,147.765,122.4000000000018,1.0,121.4000000000018,85,20,80,0,signal_flip
short_filter_ma200_down,60m,full_2023_2025,2023-12-01 01:00:00,2023-12-04 01:00:00,long,147.765,146.5,-126.49999999999864,1.0,-127.49999999999864,24,20,80,0,signal_flip
short_filter_ma200_down,60m,full_2023_2025,2023-12-04 01:00:00,2023-12-06 10:00:00,short,146.5,147.318,-81.8000000000012,1.0,-82.8000000000012,57,20,80,0,signal_flip
short_filter_ma200_down,60m,full_2023_2025,2023-12-06 10:00:00,2023-12-07 08:00:00,long,147.318,145.713,-160.50000000000182,1.0,-161.50000000000182,22,20,80,0,signal_flip
short_filter_ma200_down,60m,full_2023_2025,2023-12-07 08:00:00,2023-12-11 13:00:00,short,145.713,146.36,-64.70000000000198,1.0,-65.70000000000198,53,20,80,0,signal_flip
short_filter_ma200_down,60m,full_2023_2025,2023-12-11 13:00:00,2023-12-13 18:00:00,long,146.36,145.172,-118.80000000000166,1.0,-119.80000000000166,53,20,80,0,signal_flip
short_filter_ma200_down,60m,full_2023_2025,2023-12-13 18:00:00,2023-12-18 18:00:00,short,145.172,142.919,225.2999999999986,1.0,224.2999999999986,72,20,80,0,signal_flip
short_filter_ma200_down,60m,full_2023_2025,2023-12-18 18:00:00,2023-12-21 11:00:00,long,142.919,143.018,9.899999999998954,1.0,8.899999999998954,65,20,80,0,signal_flip
short_filter_ma200_down,60m,full_2023_2025,2023-12-21 11:00:00,2023-12-27 01:00:00,short,143.018,142.709,30.89999999999975,1.0,29.89999999999975,71,20,80,0,signal_flip
short_filter_ma200_down,60m,full_2023_2025,2023-12-27 01:00:00,2023-12-27 23:00:00,long,142.709,141.605,-110.40000000000134,1.0,-111.40000000000134,22,20,80,0,signal_flip
short_filter_ma200_down,60m,full_2023_2025,2023-12-28 07:00:00,2024-01-02 17:00:00,short,141.123,141.891,-76.80000000000007,1.0,-77.80000000000007,58,20,80,0,signal_flip
short_filter_ma200_down,60m,full_2023_2025,2024-01-02 17:00:00,2024-01-08 22:00:00,long,141.891,144.223,233.2000000000022,1.0,232.2000000000022,101,20,80,0,signal_flip
short_filter_ma200_down,60m,full_2023_2025,2024-01-10 07:00:00,2024-01-12 17:00:00,long,145.065,144.854,-21.09999999999843,1.0,-22.09999999999843,58,20,80,0,signal_flip
short_filter_ma200_down,60m,full_2023_2025,2024-01-15 16:00:00,2024-01-22 12:00:00,long,145.79,147.887,209.70000000000084,1.0,208.70000000000084,116,20,80,0,signal_flip
short_filter_ma200_down,60m,full_2023_2025,2024-01-24 01:00:00,2024-01-24 13:00:00,long,148.112,147.294,-81.79999999999836,1.0,-82.79999999999836,12,20,80,0,signal_flip
short_filter_ma200_down,60m,full_2023_2025,2024-01-26 19:00:00,2024-01-30 01:00:00,long,148.135,147.298,-83.69999999999891,1.0,-84.69999999999891,30,20,80,0,signal_flip
short_filter_ma200_down,60m,full_2023_2025,2024-01-30 02:00:00,2024-01-31 07:00:00,short,147.317,147.884,-56.699999999997885,1.0,-57.699999999997885,29,20,80,0,signal_flip
short_filter_ma200_down,60m,full_2023_2025,2024-01-31 08:00:00,2024-01-31 11:00:00,short,147.656,147.824,-16.800000000000637,1.0,-17.800000000000637,3,20,80,0,signal_flip
short_filter_ma200_down,60m,full_2023_2025,2024-01-31 13:00:00,2024-02-02 14:00:00,short,147.797,147.967,-17.00000000000159,1.0,-18.00000000000159,49,20,80,0,signal_flip
short_filter_ma200_down,60m,full_2023_2025,2024-02-02 20:00:00,2024-02-07 08:00:00,long,148.328,147.819,-50.900000000001455,1.0,-51.900000000001455,60,20,80,0,signal_flip
short_filter_ma200_down,60m,full_2023_2025,2024-02-08 11:00:00,2024-02-15 20:00:00,long,149.1,149.954,85.40000000000134,1.0,84.40000000000134,129,20,80,0,signal_flip
short_filter_ma200_down,60m,full_2023_2025,2024-02-20 05:00:00,2024-02-20 23:00:00,long,150.333,149.936,-39.699999999999136,1.0,-40.699999999999136,18,20,80,0,signal_flip
short_filter_ma200_down,60m,full_2023_2025,2024-02-21 22:00:00,2024-02-27 14:00:00,long,150.295,150.272,-2.2999999999996135,1.0,-3.2999999999996135,88,20,80,0,signal_flip
short_filter_ma200_down,60m,full_2023_2025,2024-02-28 10:00:00,2024-02-29 06:00:00,long,150.743,149.903,-84.00000000000034,1.0,-85.00000000000034,20,20,80,0,signal_flip
short_filter_ma200_down,60m,full_2023_2025,2024-02-29 14:00:00,2024-03-01 02:00:00,short,149.778,150.355,-57.69999999999982,1.0,-58.69999999999982,12,20,80,0,signal_flip
short_filter_ma200_down,60m,full_2023_2025,2024-03-01 04:00:00,2024-03-01 05:00:00,short,150.323,150.383,-6.000000000000227,1.0,-7.000000000000227,1,20,80,0,signal_flip
short_filter_ma200_down,60m,full_2023_2025,2024-03-01 16:00:00,2024-03-04 02:00:00,long,150.122,150.126,0.39999999999906777,1.0,-0.6000000000009322,10,20,80,0,signal_flip
short_filter_ma200_down,60m,full_2023_2025,2024-03-04 17:00:00,2024-03-05 22:00:00,long,150.449,150.033,-41.600000000002524,1.0,-42.600000000002524,29,20,80,0,signal_flip
short_filter_ma200_down,60m,full_2023_2025,2024-03-05 22:00:00,2024-03-12 17:00:00,short,150.033,147.701,233.19999999999936,1.0,232.19999999999936,116,20,80,0,signal_flip
short_filter_ma200_down,60m,full_2023_2025,2024-03-12 17:00:00,2024-03-25 06:00:00,long,147.701,151.216,351.5000000000015,1.0,350.5000000000015,205,20,80,0,signal_flip
short_filter_ma200_down,60m,full_2023_2025,2024-03-25 20:00:00,2024-03-26 12:00:00,long,151.444,151.388,-5.599999999998317,1.0,-6.599999999998317,16,20,80,0,signal_flip
short_filter_ma200_down,60m,full_2023_2025,2024-03-26 23:00:00,2024-03-28 01:00:00,long,151.527,151.414,-11.299999999999955,1.0,-12.299999999999955,26,20,80,0,signal_flip
short_filter_ma200_down,60m,full_2023_2025,2024-04-01 14:00:00,2024-04-04 19:00:00,long,151.576,151.201,-37.5,1.0,-38.5,77,20,80,0,signal_flip
short_filter_ma200_down,60m,full_2023_2025,2024-04-05 08:00:00,2024-04-05 13:00:00,short,151.336,151.656,-31.999999999999318,1.0,-32.99999999999932,5,20,80,0,signal_flip
short_filter_ma200_down,60m,full_2023_2025,2024-04-08 03:00:00,2024-04-18 09:00:00,long,151.77,154.354,258.4000000000003,1.0,257.4000000000003,198,20,80,0,signal_flip
short_filter_ma200_down,60m,full_2023_2025,2024-04-18 23:00:00,2024-04-19 10:00:00,long,154.642,154.485,-15.699999999998226,1.0,-16.699999999998226,11,20,80,0,signal_flip
short_filter_ma200_down,60m,full_2023_2025,2024-04-21 23:00:00,2024-04-30 00:00:00,long,154.629,156.325,169.5999999999998,1.0,168.5999999999998,145,20,80,0,signal_flip
short_filter_ma200_down,60m,full_2023_2025,2024-04-30 06:00:00,2024-05-02 01:00:00,long,156.828,156.015,-81.30000000000166,1.0,-82.30000000000166,43,20,80,0,signal_flip
short_filter_ma200_down,60m,full_2023_2025,2024-05-02 22:00:00,2024-05-07 04:00:00,short,153.681,154.551,-86.99999999999761,1.0,-87.99999999999761,54,20,80,0,signal_flip
short_filter_ma200_down,60m,full_2023_2025,2024-05-07 04:00:00,2024-05-15 16:00:00,long,154.551,155.024,47.30000000000132,1.0,46.30000000000132,156,20,80,0,signal_flip
short_filter_ma200_down,60m,full_2023_2025,2024-05-17 12:00:00,2024-05-27 17:00:00,long,155.853,156.897,104.39999999999827,1.0,103.39999999999827,149,20,80,0,signal_flip
short_filter_ma200_down,60m,full_2023_2025,2024-05-28 23:00:00,2024-05-30 17:00:00,long,157.214,156.696,-51.80000000000007,1.0,-52.80000000000007,42,20,80,0,signal_flip
short_filter_ma200_down,60m,full_2023_2025,2024-06-03 01:00:00,2024-06-03 15:00:00,long,157.087,156.197,-88.99999999999864,1.0,-89.99999999999864,14,20,80,0,signal_flip
short_filter_ma200_down,60m,full_2023_2025,2024-06-04 04:00:00,2024-06-06 09:00:00,short,156.386,156.16,22.59999999999991,1.0,21.59999999999991,53,20,80,0,signal_flip
short_filter_ma200_down,60m,full_2023_2025,2024-06-06 09:00:00,2024-06-07 10:00:00,long,156.16,155.481,-67.9000000000002,1.0,-68.9000000000002,25,20,80,0,signal_flip
short_filter_ma200_down,60m,full_2023_2025,2024-06-07 10:00:00,2024-06-07 13:00:00,short,155.481,156.777,-129.59999999999923,1.0,-130.59999999999923,3,20,80,0,signal_flip
short_filter_ma200_down,60m,full_2023_2025,2024-06-07 13:00:00,2024-06-12 17:00:00,long,156.777,155.799,-97.79999999999802,1.0,-98.79999999999802,76,20,80,0,signal_flip
short_filter_ma200_down,60m,full_2023_2025,2024-06-12 18:00:00,2024-06-12 19:00:00,short,155.774,156.602,-82.8000000000003,1.0,-83.8000000000003,1,20,80,0,signal_flip
short_filter_ma200_down,60m,full_2023_2025,2024-06-13 17:00:00,2024-07-04 10:00:00,long,156.847,161.252,440.5000000000001,1.0,439.5000000000001,353,20,80,0,signal_flip
short_filter_ma200_down,60m,full_2023_2025,2024-07-09 13:00:00,2024-07-11 15:00:00,long,161.129,158.554,-257.49999999999886,1.0,-258.49999999999886,50,20,80,0,signal_flip
short_filter_ma200_down,60m,full_2023_2025,2024-07-11 17:00:00,2024-07-16 18:00:00,short,158.568,158.472,9.600000000000364,1.0,8.600000000000364,73,20,80,0,signal_flip
short_filter_ma200_down,60m,full_2023_2025,2024-07-16 18:00:00,2024-07-17 08:00:00,long,158.472,157.07,-140.20000000000152,1.0,-141.20000000000152,14,20,80,0,signal_flip
short_filter_ma200_down,60m,full_2023_2025,2024-07-17 08:00:00,2024-07-19 11:00:00,short,157.07,157.455,-38.50000000000193,1.0,-39.50000000000193,51,20,80,0,signal_flip
short_filter_ma200_down,60m,full_2023_2025,2024-07-19 11:00:00,2024-07-23 00:00:00,long,157.455,156.901,-55.400000000000205,1.0,-56.400000000000205,37,20,80,0,signal_flip
short_filter_ma200_down,60m,full_2023_2025,2024-07-23 00:00:00,2024-07-29 04:00:00,short,156.901,153.517,338.40000000000146,1.0,337.40000000000146,100,20,80,0,signal_flip
short_filter_ma200_down,60m,full_2023_2025,2024-07-29 04:00:00,2024-07-29 05:00:00,long,153.517,153.412,-10.499999999998977,1.0,-11.499999999998977,1,20,80,0,signal_flip
short_filter_ma200_down,60m,full_2023_2025,2024-07-29 05:00:00,2024-07-29 14:00:00,short,153.412,154.174,-76.20000000000005,1.0,-77.20000000000005,9,20,80,0,signal_flip
short_filter_ma200_down,60m,full_2023_2025,2024-07-29 14:00:00,2024-07-31 02:00:00,long,154.174,152.411,-176.30000000000052,1.0,-177.30000000000052,36,20,80,0,signal_flip
short_filter_ma200_down,60m,full_2023_2025,2024-07-31 02:00:00,2024-08-07 09:00:00,short,152.411,147.201,521.0000000000008,1.0,520.0000000000008,127,20,80,0,signal_flip
short_filter_ma200_down,60m,full_2023_2025,2024-08-07 09:00:00,2024-08-12 08:00:00,long,147.201,147.217,1.6000000000019554,1.0,0.6000000000019554,71,20,80,0,signal_flip
short_filter_ma200_down,60m,full_2023_2025,2024-08-12 08:00:00,2024-08-12 09:00:00,short,147.217,147.354,-13.700000000000045,1.0,-14.700000000000045,1,20,80,0,signal_flip
short_filter_ma200_down,60m,full_2023_2025,2024-08-12 10:00:00,2024-08-14 02:00:00,long,147.318,146.867,-45.10000000000218,1.0,-46.10000000000218,40,20,80,0,signal_flip
short_filter_ma200_down,60m,full_2023_2025,2024-08-14 03:00:00,2024-08-14 04:00:00,short,146.462,146.775,-31.30000000000166,1.0,-32.30000000000166,1,20,80,0,signal_flip
short_filter_ma200_down,60m,full_2023_2025,2024-08-15 10:00:00,2024-08-19 05:00:00,long,147.377,146.188,-118.90000000000214,1.0,-119.90000000000214,43,20,80,0,signal_flip
short_filter_ma200_down,60m,full_2023_2025,2024-08-19 23:00:00,2024-08-20 06:00:00,short,146.628,147.288,-66.0000000000025,1.0,-67.0000000000025,7,20,80,0,signal_flip
short_filter_ma200_down,60m,full_2023_2025,2024-08-20 07:00:00,2024-08-23 00:00:00,short,147.048,146.208,84.00000000000034,1.0,83.00000000000034,65,20,80,0,signal_flip
short_filter_ma200_down,60m,full_2023_2025,2024-08-23 00:00:00,2024-08-23 19:00:00,long,146.208,144.295,-191.3000000000011,1.0,-192.3000000000011,19,20,80,0,signal_flip
short_filter_ma200_down,60m,full_2023_2025,2024-08-23 19:00:00,2024-08-28 19:00:00,short,144.295,144.652,-35.69999999999993,1.0,-36.69999999999993,72,20,80,0,signal_flip
short_filter_ma200_down,60m,full_2023_2025,2024-08-28 19:00:00,2024-09-03 23:00:00,long,144.652,145.332,68.00000000000068,1.0,67.00000000000068,100,20,80,0,signal_flip
short_filter_ma200_down,60m,full_2023_2025,2024-09-04 06:00:00,2024-09-04 09:00:00,short,145.165,145.209,-4.400000000001114,1.0,-5.400000000001114,3,20,80,0,signal_flip
short_filter_ma200_down,60m,full_2023_2025,2024-09-04 10:00:00,2024-09-10 02:00:00,short,145.107,143.417,168.99999999999977,1.0,167.99999999999977,88,20,80,0,signal_flip
short_filter_ma200_down,60m,full_2023_2025,2024-09-10 02:00:00,2024-09-10 21:00:00,long,143.417,142.401,-101.59999999999911,1.0,-102.59999999999911,19,20,80,0,signal_flip
short_filter_ma200_down,60m,full_2023_2025,2024-09-10 21:00:00,2024-09-17 19:00:00,short,142.401,141.81,59.10000000000082,1.0,58.10000000000082,118,20,80,0,signal_flip
short_filter_ma200_down,60m,full_2023_2025,2024-09-17 19:00:00,2024-09-25 04:00:00,long,141.81,143.297,148.69999999999948,1.0,147.69999999999948,129,20,80,0,signal_flip
short_filter_ma200_down,60m,full_2023_2025,2024-09-25 19:00:00,2024-09-27 16:00:00,long,144.681,142.599,-208.2000000000022,1.0,-209.2000000000022,45,20,80,0,signal_flip
short_filter_ma200_down,60m,full_2023_2025,2024-10-01 09:00:00,2024-10-16 02:00:00,long,143.805,149.026,522.1000000000004,1.0,521.1000000000004,257,20,80,0,signal_flip
short_filter_ma200_down,60m,full_2023_2025,2024-10-16 19:00:00,2024-10-21 03:00:00,long,149.774,149.221,-55.29999999999973,1.0,-56.29999999999973,56,20,80,0,signal_flip
short_filter_ma200_down,60m,full_2023_2025,2024-10-21 18:00:00,2024-10-25 09:00:00,long,150.751,151.964,121.29999999999939,1.0,120.29999999999939,87,20,80,0,signal_flip
short_filter_ma200_down,60m,full_2023_2025,2024-10-27 23:00:00,2024-10-31 04:00:00,long,152.95,153.05,10.000000000002274,1.0,9.000000000002274,77,20,80,0,signal_flip
short_filter_ma200_down,60m,full_2023_2025,2024-11-04 23:00:00,2024-11-06 01:00:00,short,152.113,152.915,-80.19999999999925,1.0,-81.19999999999925,26,20,80,0,signal_flip
short_filter_ma200_down,60m,full_2023_2025,2024-11-06 06:00:00,2024-11-08 06:00:00,long,153.741,152.801,-94.00000000000261,1.0,-95.00000000000261,48,20,80,0,signal_flip
short_filter_ma200_down,60m,full_2023_2025,2024-11-08 06:00:00,2024-11-11 00:00:00,short,152.801,152.91,-10.900000000000887,1.0,-11.900000000000887,18,20,80,0,signal_flip
short_filter_ma200_down,60m,full_2023_2025,2024-11-11 18:00:00,2024-11-17 22:00:00,long,153.877,154.349,47.199999999998,1.0,46.199999999998,100,20,80,0,signal_flip
short_filter_ma200_down,60m,full_2023_2025,2024-11-19 12:00:00,2024-11-19 18:00:00,short,154.083,154.722,-63.900000000001,1.0,-64.900000000001,6,20,80,0,signal_flip
short_filter_ma200_down,60m,full_2023_2025,2024-11-20 10:00:00,2024-11-21 17:00:00,long,155.757,154.652,-110.50000000000182,1.0,-111.50000000000182,31,20,80,0,signal_flip
short_filter_ma200_down,60m,full_2023_2025,2024-11-25 11:00:00,2024-12-04 13:00:00,short,154.42,151.17,325.0,1.0,324.0,170,20,80,0,signal_flip
short_filter_ma200_down,60m,full_2023_2025,2024-12-04 13:00:00,2024-12-06 17:00:00,long,151.17,149.79,-137.99999999999955,1.0,-138.99999999999955,52,20,80,0,signal_flip
short_filter_ma200_down,60m,full_2023_2025,2024-12-06 17:00:00,2024-12-09 09:00:00,short,149.79,150.418,-62.80000000000143,1.0,-63.80000000000143,16,20,80,0,signal_flip
short_filter_ma200_down,60m,full_2023_2025,2024-12-09 16:00:00,2024-12-18 04:00:00,long,151.026,153.615,258.89999999999986,1.0,257.89999999999986,156,20,80,0,signal_flip
short_filter_ma200_down,60m,full_2023_2025,2024-12-18 22:00:00,2024-12-30 20:00:00,long,154.741,157.09,234.89999999999895,1.0,233.89999999999895,176,20,80,0,signal_flip
short_filter_ma200_down,60m,full_2023_2025,2025-01-03 03:00:00,2025-01-10 04:00:00,long,157.308,158.234,92.60000000000161,1.0,91.60000000000161,121,20,80,0,signal_flip
short_filter_ma200_down,60m,full_2023_2025,2025-01-10 06:00:00,2025-01-10 18:00:00,long,158.411,157.668,-74.2999999999995,1.0,-75.2999999999995,12,20,80,0,signal_flip
short_filter_ma200_down,60m,full_2023_2025,2025-01-14 21:00:00,2025-01-15 11:00:00,long,157.981,156.789,-119.20000000000073,1.0,-120.20000000000073,14,20,80,0,signal_flip
short_filter_ma200_down,60m,full_2023_2025,2025-01-15 17:00:00,2025-01-20 10:00:00,short,156.599,156.283,31.60000000000025,1.0,30.60000000000025,65,20,80,0,signal_flip
short_filter_ma200_down,60m,full_2023_2025,2025-01-20 10:00:00,2025-01-21 03:00:00,long,156.283,155.134,-114.90000000000009,1.0,-115.90000000000009,17,20,80,0,signal_flip
short_filter_ma200_down,60m,full_2023_2025,2025-01-21 03:00:00,2025-01-22 17:00:00,short,155.134,156.616,-148.20000000000277,1.0,-149.20000000000277,38,20,80,0,signal_flip
short_filter_ma200_down,60m,full_2023_2025,2025-01-22 17:00:00,2025-01-24 08:00:00,long,156.616,155.382,-123.40000000000089,1.0,-124.40000000000089,39,20,80,0,signal_flip
short_filter_ma200_down,60m,full_2023_2025,2025-01-24 08:00:00,2025-01-24 13:00:00,short,155.382,156.456,-107.39999999999839,1.0,-108.39999999999839,5,20,80,0,signal_flip
short_filter_ma200_down,60m,full_2023_2025,2025-01-24 16:00:00,2025-01-27 06:00:00,short,155.727,156.06,-33.29999999999984,1.0,-34.29999999999984,14,20,80,0,signal_flip
short_filter_ma200_down,60m,full_2023_2025,2025-01-27 07:00:00,2025-01-28 05:00:00,short,155.989,155.786,20.300000000000296,1.0,19.300000000000296,22,20,80,0,signal_flip
short_filter_ma200_down,60m,full_2023_2025,2025-01-28 06:00:00,2025-01-28 07:00:00,short,155.701,155.771,-6.999999999999318,1.0,-7.999999999999318,1,20,80,0,signal_flip
short_filter_ma200_down,60m,full_2023_2025,2025-01-28 09:00:00,2025-01-28 19:00:00,short,155.729,155.678,5.100000000001614,1.0,4.100000000001614,10,20,80,0,signal_flip
short_filter_ma200_down,60m,full_2023_2025,2025-01-28 19:00:00,2025-01-29 17:00:00,long,155.678,155.222,-45.599999999998886,1.0,-46.599999999998886,22,20,80,0,signal_flip
short_filter_ma200_down,60m,full_2023_2025,2025-01-29 17:00:00,2025-02-03 01:00:00,short,155.222,155.698,-47.59999999999991,1.0,-48.59999999999991,56,20,80,0,signal_flip
short_filter_ma200_down,60m,full_2023_2025,2025-02-03 01:00:00,2025-02-05 01:00:00,long,155.698,153.848,-184.99999999999943,1.0,-185.99999999999943,48,20,80,0,signal_flip
short_filter_ma200_down,60m,full_2023_2025,2025-02-05 01:00:00,2025-02-10 22:00:00,short,153.848,151.984,186.40000000000043,1.0,185.40000000000043,93,20,80,0,signal_flip
short_filter_ma200_down,60m,full_2023_2025,2025-02-10 22:00:00,2025-02-11 09:00:00,long,151.984,151.867,-11.700000000001864,1.0,-12.700000000001864,11,20,80,0,signal_flip
short_filter_ma200_down,60m,full_2023_2025,2025-02-11 09:00:00,2025-02-11 10:00:00,short,151.867,151.944,-7.699999999999818,1.0,-8.699999999999818,1,20,80,0,signal_flip
short_filter_ma200_down,60m,full_2023_2025,2025-02-11 10:00:00,2025-02-14 05:00:00,long,151.944,152.63,68.6000000000007,1.0,67.6000000000007,67,20,80,0,signal_flip
short_filter_ma200_down,60m,full_2023_2025,2025-02-14 05:00:00,2025-02-19 12:00:00,short,152.63,151.845,78.49999999999966,1.0,77.49999999999966,79,20,80,0,signal_flip
short_filter_ma200_down,60m,full_2023_2025,2025-02-19 23:00:00,2025-02-27 18:00:00,short,151.383,149.964,141.9000000000011,1.0,140.9000000000011,139,20,80,0,signal_flip
short_filter_ma200_down,60m,full_2023_2025,2025-02-27 18:00:00,2025-03-04 06:00:00,long,149.964,149.381,-58.29999999999984,1.0,-59.29999999999984,60,20,80,0,signal_flip
short_filter_ma200_down,60m,full_2023_2025,2025-03-04 06:00:00,2025-03-04 22:00:00,short,149.381,149.644,-26.300000000000523,1.0,-27.300000000000523,16,20,80,0,signal_flip
short_filter_ma200_down,60m,full_2023_2025,2025-03-05 08:00:00,2025-03-12 00:00:00,short,149.45,148.048,140.19999999999868,1.0,139.19999999999868,113,20,80,0,signal_flip
short_filter_ma200_down,60m,full_2023_2025,2025-03-12 00:00:00,2025-03-20 04:00:00,long,148.048,148.368,31.999999999999318,1.0,30.999999999999318,148,20,80,0,signal_flip
short_filter_ma200_down,60m,full_2023_2025,2025-03-21 19:00:00,2025-03-30 22:00:00,long,149.215,149.628,41.29999999999825,1.0,40.29999999999825,123,20,80,0,signal_flip
short_filter_ma200_down,60m,full_2023_2025,2025-03-31 09:00:00,2025-03-31 16:00:00,short,149.054,149.911,-85.69999999999993,1.0,-86.69999999999993,7,20,80,0,signal_flip
short_filter_ma200_down,60m,full_2023_2025,2025-04-01 01:00:00,2025-04-01 03:00:00,short,149.732,149.843,-11.099999999999,1.0,-12.099999999999,2,20,80,0,signal_flip
short_filter_ma200_down,60m,full_2023_2025,2025-04-02 17:00:00,2025-04-02 23:00:00,long,150.191,148.409,-178.20000000000107,1.0,-179.20000000000107,6,20,80,0,signal_flip
short_filter_ma200_down,60m,full_2023_2025,2025-04-03 04:00:00,2025-04-07 22:00:00,short,147.269,147.717,-44.80000000000075,1.0,-45.80000000000075,66,20,80,0,signal_flip
short_filter_ma200_down,60m,full_2023_2025,2025-04-07 22:00:00,2025-04-09 04:00:00,long,147.717,145.33,-238.70000000000005,1.0,-239.70000000000005,30,20,80,0,signal_flip
short_filter_ma200_down,60m,full_2023_2025,2025-04-09 04:00:00,2025-04-09 20:00:00,short,145.33,147.946,-261.59999999999854,1.0,-262.59999999999854,16,20,80,0,signal_flip
short_filter_ma200_down,60m,full_2023_2025,2025-04-09 22:00:00,2025-04-10 09:00:00,short,147.364,146.309,105.50000000000068,1.0,104.50000000000068,11,20,80,0,signal_flip
short_filter_ma200_down,60m,full_2023_2025,2025-04-10 09:00:00,2025-04-10 15:00:00,long,146.309,144.663,-164.59999999999866,1.0,-165.59999999999866,6,20,80,0,signal_flip
short_filter_ma200_down,60m,full_2023_2025,2025-04-10 15:00:00,2025-04-22 22:00:00,short,144.663,142.499,216.40000000000157,1.0,215.40000000000157,199,20,80,0,signal_flip
short_filter_ma200_down,60m,full_2023_2025,2025-04-23 01:00:00,2025-04-23 05:00:00,short,142.083,141.955,12.79999999999859,1.0,11.79999999999859,4,20,80,0,signal_flip
short_filter_ma200_down,60m,full_2023_2025,2025-04-23 05:00:00,2025-04-28 21:00:00,long,141.955,141.968,1.2999999999976808,1.0,0.2999999999976808,88,20,80,0,signal_flip
short_filter_ma200_down,60m,full_2023_2025,2025-04-29 14:00:00,2025-04-29 15:00:00,short,142.198,142.368,-16.99999999999875,1.0,-17.99999999999875,1,20,80,0,signal_flip
short_filter_ma200_down,60m,full_2023_2025,2025-04-29 17:00:00,2025-04-29 18:00:00,short,142.045,142.29,-24.500000000000455,1.0,-25.500000000000455,1,20,80,0,signal_flip
short_filter_ma200_down,60m,full_2023_2025,2025-04-29 21:00:00,2025-04-29 23:00:00,short,142.244,142.261,-1.6999999999995907,1.0,-2.6999999999995907,2,20,80,0,signal_flip
short_filter_ma200_down,60m,full_2023_2025,2025-05-01 00:00:00,2025-05-05 16:00:00,long,143.018,143.981,96.29999999999939,1.0,95.29999999999939,64,20,80,0,signal_flip
short_filter_ma200_down,60m,full_2023_2025,2025-05-08 05:00:00,2025-05-14 14:00:00,long,143.779,145.998,221.8999999999994,1.0,220.8999999999994,105,20,80,0,signal_flip
short_filter_ma200_down,60m,full_2023_2025,2025-05-21 03:00:00,2025-05-27 14:00:00,short,143.861,144.169,-30.800000000002115,1.0,-31.800000000002115,107,20,80,0,signal_flip
short_filter_ma200_down,60m,full_2023_2025,2025-05-27 14:00:00,2025-05-30 04:00:00,long,144.169,143.857,-31.200000000001182,1.0,-32.20000000000118,62,20,80,0,signal_flip
short_filter_ma200_down,60m,full_2023_2025,2025-05-30 04:00:00,2025-05-30 08:00:00,short,143.857,144.025,-16.800000000000637,1.0,-17.800000000000637,4,20,80,0,signal_flip
short_filter_ma200_down,60m,full_2023_2025,2025-05-30 12:00:00,2025-05-30 14:00:00,short,143.848,143.995,-14.699999999999136,1.0,-15.699999999999136,2,20,80,0,signal_flip
short_filter_ma200_down,60m,full_2023_2025,2025-06-01 22:00:00,2025-06-01 23:00:00,short,143.749,143.839,-9.000000000000341,1.0,-10.000000000000341,1,20,80,0,signal_flip
short_filter_ma200_down,60m,full_2023_2025,2025-06-02 00:00:00,2025-06-03 15:00:00,short,143.798,143.771,2.7000000000015234,1.0,1.7000000000015234,39,20,80,0,signal_flip
short_filter_ma200_down,60m,full_2023_2025,2025-06-04 01:00:00,2025-06-05 02:00:00,long,143.99,142.922,-106.8000000000012,1.0,-107.8000000000012,25,20,80,0,signal_flip
short_filter_ma200_down,60m,full_2023_2025,2025-06-05 21:00:00,2025-06-12 03:00:00,long,143.579,143.956,37.69999999999811,1.0,36.69999999999811,102,20,80,0,signal_flip
short_filter_ma200_down,60m,full_2023_2025,2025-06-16 04:00:00,2025-06-24 09:00:00,long,144.481,145.094,61.299999999999955,1.0,60.299999999999955,149,20,80,0,signal_flip
short_filter_ma200_down,60m,full_2023_2025,2025-06-27 11:00:00,2025-07-03 13:00:00,short,144.534,145.002,-46.80000000000177,1.0,-47.80000000000177,98,20,80,0,signal_flip
short_filter_ma200_down,60m,full_2023_2025,2025-07-03 13:00:00,2025-07-10 11:00:00,long,145.002,146.121,111.89999999999998,1.0,110.89999999999998,118,20,80,0,signal_flip
short_filter_ma200_down,60m,full_2023_2025,2025-07-11 05:00:00,2025-07-21 03:00:00,long,147.08,148.5,141.99999999999875,1.0,140.99999999999875,142,20,80,0,signal_flip
short_filter_ma200_down,60m,full_2023_2025,2025-07-23 20:00:00,2025-07-25 03:00:00,short,146.527,147.414,-88.70000000000005,1.0,-89.70000000000005,31,20,80,0,signal_flip
short_filter_ma200_down,60m,full_2023_2025,2025-07-25 03:00:00,2025-08-03 23:00:00,long,147.414,147.242,-17.199999999999704,1.0,-18.199999999999704,140,20,80,0,signal_flip
short_filter_ma200_down,60m,full_2023_2025,2025-08-07 00:00:00,2025-08-08 17:00:00,short,147.192,147.737,-54.49999999999875,1.0,-55.49999999999875,41,20,80,0,signal_flip
short_filter_ma200_down,60m,full_2023_2025,2025-08-08 17:00:00,2025-08-13 09:00:00,long,147.737,147.265,-47.20000000000084,1.0,-48.20000000000084,64,20,80,0,signal_flip
short_filter_ma200_down,60m,full_2023_2025,2025-08-13 09:00:00,2025-08-14 16:00:00,short,147.265,147.69,-42.50000000000114,1.0,-43.50000000000114,31,20,80,0,signal_flip
short_filter_ma200_down,60m,full_2023_2025,2025-08-15 01:00:00,2025-08-15 06:00:00,short,147.477,147.15,32.69999999999982,1.0,31.699999999999818,5,20,80,0,signal_flip
short_filter_ma200_down,60m,full_2023_2025,2025-08-15 19:00:00,2025-08-18 09:00:00,short,147.207,147.34,-13.300000000000978,1.0,-14.300000000000978,14,20,80,0,signal_flip
short_filter_ma200_down,60m,full_2023_2025,2025-08-18 09:00:00,2025-08-20 16:00:00,long,147.34,147.192,-14.799999999999613,1.0,-15.799999999999613,55,20,80,0,signal_flip
short_filter_ma200_down,60m,full_2023_2025,2025-08-20 22:00:00,2025-08-21 07:00:00,short,147.312,147.564,-25.199999999998113,1.0,-26.199999999998113,9,20,80,0,signal_flip
short_filter_ma200_down,60m,full_2023_2025,2025-08-21 17:00:00,2025-08-25 01:00:00,long,148.283,147.391,-89.19999999999959,1.0,-90.19999999999959,32,20,80,0,signal_flip
short_filter_ma200_down,60m,full_2023_2025,2025-08-25 01:00:00,2025-08-25 16:00:00,short,147.391,147.614,-22.30000000000132,1.0,-23.30000000000132,15,20,80,0,signal_flip
short_filter_ma200_down,60m,full_2023_2025,2025-08-26 01:00:00,2025-08-26 03:00:00,short,147.113,147.516,-40.29999999999916,1.0,-41.29999999999916,2,20,80,0,signal_flip
short_filter_ma200_down,60m,full_2023_2025,2025-08-27 11:00:00,2025-08-28 06:00:00,long,148.118,147.126,-99.19999999999902,1.0,-100.19999999999902,19,20,80,0,signal_flip
short_filter_ma200_down,60m,full_2023_2025,2025-08-28 15:00:00,2025-09-01 22:00:00,short,146.974,147.156,-18.200000000001637,1.0,-19.200000000001637,55,20,80,0,signal_flip
short_filter_ma200_down,60m,full_2023_2025,2025-09-01 22:00:00,2025-09-05 11:00:00,long,147.156,148.148,99.19999999999902,1.0,98.19999999999902,85,20,80,0,signal_flip
short_filter_ma200_down,60m,full_2023_2025,2025-09-08 23:00:00,2025-09-10 02:00:00,short,147.405,147.394,1.099999999999568,1.0,0.09999999999956799,27,20,80,0,signal_flip
short_filter_ma200_down,60m,full_2023_2025,2025-09-11 08:00:00,2025-09-12 07:00:00,long,147.776,147.407,-36.89999999999998,1.0,-37.89999999999998,23,20,80,0,signal_flip
short_filter_ma200_down,60m,full_2023_2025,2025-09-12 11:00:00,2025-09-15 16:00:00,long,147.752,147.273,-47.90000000000134,1.0,-48.90000000000134,29,20,80,0,signal_flip
short_filter_ma200_down,60m,full_2023_2025,2025-09-15 16:00:00,2025-09-18 06:00:00,short,147.273,147.35,-7.699999999999818,1.0,-8.699999999999818,62,20,80,0,signal_flip
short_filter_ma200_down,60m,full_2023_2025,2025-09-18 08:00:00,2025-09-18 09:00:00,short,147.116,147.432,-31.599999999997408,1.0,-32.59999999999741,1,20,80,0,signal_flip
short_filter_ma200_down,60m,full_2023_2025,2025-09-18 11:00:00,2025-09-23 06:00:00,long,147.26,147.801,54.09999999999968,1.0,53.09999999999968,67,20,80,0,signal_flip
short_filter_ma200_down,60m,full_2023_2025,2025-09-24 12:00:00,2025-09-29 12:00:00,long,148.501,148.63,12.899999999999068,1.0,11.899999999999068,72,20,80,0,signal_flip
short_filter_ma200_down,60m,full_2023_2025,2025-10-01 10:00:00,2025-10-03 15:00:00,short,147.206,147.445,-23.900000000000432,1.0,-24.900000000000432,53,20,80,0,signal_flip
short_filter_ma200_down,60m,full_2023_2025,2025-10-03 15:00:00,2025-10-12 21:00:00,long,147.445,151.822,437.70000000000095,1.0,436.70000000000095,126,20,80,0,signal_flip
short_filter_ma200_down,60m,full_2023_2025,2025-10-17 10:00:00,2025-10-20 16:00:00,short,149.671,150.591,-92.00000000000159,1.0,-93.00000000000159,30,20,80,0,signal_flip
short_filter_ma200_down,60m,full_2023_2025,2025-10-20 16:00:00,2025-10-28 06:00:00,long,150.591,151.911,131.99999999999932,1.0,130.99999999999932,134,20,80,0,signal_flip
short_filter_ma200_down,60m,full_2023_2025,2025-10-30 06:00:00,2025-11-04 12:00:00,long,153.037,153.57,53.299999999998704,1.0,52.299999999998704,77,20,80,0,signal_flip
short_filter_ma200_down,60m,full_2023_2025,2025-11-06 02:00:00,2025-11-06 16:00:00,long,153.87,153.041,-82.90000000000077,1.0,-83.90000000000077,14,20,80,0,signal_flip
short_filter_ma200_down,60m,full_2023_2025,2025-11-10 08:00:00,2025-11-14 15:00:00,long,154.046,154.356,31.000000000000227,1.0,30.000000000000227,103,20,80,0,signal_flip
short_filter_ma200_down,60m,full_2023_2025,2025-11-17 11:00:00,2025-11-24 01:00:00,long,154.843,156.735,189.20000000000243,1.0,188.20000000000243,110,20,80,0,signal_flip
short_filter_ma200_down,60m,full_2023_2025,2025-11-28 07:00:00,2025-11-28 20:00:00,long,156.381,156.118,-26.300000000000523,1.0,-27.300000000000523,13,20,80,0,signal_flip
short_filter_ma200_down,60m,full_2023_2025,2025-12-01 17:00:00,2025-12-02 23:00:00,short,155.285,155.854,-56.90000000000168,1.0,-57.90000000000168,30,20,80,0,signal_flip
short_filter_ma200_down,60m,full_2023_2025,2025-12-02 23:00:00,2025-12-03 11:00:00,long,155.854,155.528,-32.60000000000218,1.0,-33.60000000000218,12,20,80,0,signal_flip
short_filter_ma200_down,60m,full_2023_2025,2025-12-03 11:00:00,2025-12-08 06:00:00,short,155.528,155.198,32.99999999999841,1.0,31.99999999999841,67,20,80,0,signal_flip
short_filter_ma200_down,60m,full_2023_2025,2025-12-08 06:00:00,2025-12-11 09:00:00,long,155.198,155.883,68.50000000000023,1.0,67.50000000000023,75,20,80,0,signal_flip
short_filter_ma200_down,60m,full_2023_2025,2025-12-11 13:00:00,2025-12-11 22:00:00,short,155.582,155.563,1.9000000000005457,1.0,0.9000000000005457,9,20,80,0,signal_flip
short_filter_ma200_down,60m,full_2023_2025,2025-12-15 04:00:00,2025-12-17 11:00:00,short,155.421,155.461,-4.000000000002046,1.0,-5.000000000002046,55,20,80,0,signal_flip
short_filter_ma200_down,60m,full_2023_2025,2025-12-17 18:00:00,2025-12-23 10:00:00,long,155.533,155.965,43.20000000000164,1.0,42.20000000000164,88,20,80,0,signal_flip
short_filter_ma200_down,60m,full_2023_2025,2025-12-25 23:00:00,2025-12-26 00:00:00,short,155.883,156.103,-21.999999999999886,1.0,-22.999999999999886,1,20,80,0,signal_flip
short_filter_ma200_down,60m,full_2023_2025,2025-12-26 13:00:00,2025-12-30 07:00:00,long,156.417,156.036,-38.10000000000002,1.0,-39.10000000000002,42,20,80,0,signal_flip
short_filter_ma200_down,60m,full_2023_2025,2025-12-31 04:00:00,2025-12-31 21:00:00,long,156.492,156.632,14.000000000001478,1.0,13.000000000001478,17,20,80,0,period_end
short_filter_ma200_down,60m,dev_2023_2024,2023-01-01 22:00:00,2023-01-04 17:00:00,short,130.925,132.003,-107.79999999999745,1.0,-108.79999999999745,67,20,80,0,signal_flip
short_filter_ma200_down,60m,dev_2023_2024,2023-01-04 17:00:00,2023-01-09 07:00:00,long,132.003,131.803,-19.999999999998863,1.0,-20.999999999998863,62,20,80,0,signal_flip
short_filter_ma200_down,60m,dev_2023_2024,2023-01-09 07:00:00,2023-01-09 10:00:00,short,131.803,132.439,-63.59999999999957,1.0,-64.59999999999957,3,20,80,0,signal_flip
short_filter_ma200_down,60m,dev_2023_2024,2023-01-09 14:00:00,2023-01-10 08:00:00,short,131.782,132.221,-43.899999999999295,1.0,-44.899999999999295,18,20,80,0,signal_flip
short_filter_ma200_down,60m,dev_2023_2024,2023-01-10 09:00:00,2023-01-10 11:00:00,short,131.833,131.972,-13.900000000001,1.0,-14.900000000001,2,20,80,0,signal_flip
short_filter_ma200_down,60m,dev_2023_2024,2023-01-11 13:00:00,2023-01-12 10:00:00,long,132.768,130.957,-181.1000000000007,1.0,-182.1000000000007,21,20,80,0,signal_flip
short_filter_ma200_down,60m,dev_2023_2024,2023-01-12 19:00:00,2023-01-17 20:00:00,short,129.159,128.336,82.29999999999791,1.0,81.29999999999791,73,20,80,0,signal_flip
short_filter_ma200_down,60m,dev_2023_2024,2023-01-17 20:00:00,2023-01-19 06:00:00,long,128.336,127.979,-35.70000000000135,1.0,-36.70000000000135,34,20,80,0,signal_flip
short_filter_ma200_down,60m,dev_2023_2024,2023-01-19 06:00:00,2023-01-20 11:00:00,short,127.979,129.628,-164.89999999999867,1.0,-165.89999999999867,29,20,80,0,signal_flip
short_filter_ma200_down,60m,dev_2023_2024,2023-01-20 11:00:00,2023-01-25 18:00:00,long,129.628,129.613,-1.4999999999986358,1.0,-2.4999999999986358,79,20,80,0,signal_flip
short_filter_ma200_down,60m,dev_2023_2024,2023-01-27 04:00:00,2023-01-27 15:00:00,long,129.86,129.882,2.199999999999136,1.0,1.199999999999136,11,20,80,0,signal_flip
short_filter_ma200_down,60m,dev_2023_2024,2023-01-29 23:00:00,2023-01-30 06:00:00,long,129.803,129.636,-16.70000000000016,1.0,-17.70000000000016,7,20,80,0,signal_flip
short_filter_ma200_down,60m,dev_2023_2024,2023-01-30 09:00:00,2023-02-01 12:00:00,long,130.127,129.806,-32.099999999999795,1.0,-33.099999999999795,51,20,80,0,signal_flip
short_filter_ma200_down,60m,dev_2023_2024,2023-02-02 02:00:00,2023-02-03 14:00:00,short,128.602,129.942,-134.00000000000034,1.0,-135.00000000000034,36,20,80,0,signal_flip
short_filter_ma200_down,60m,dev_2023_2024,2023-02-03 20:00:00,2023-02-08 08:00:00,long,131.057,130.886,-17.099999999999227,1.0,-18.099999999999227,60,20,80,0,signal_flip
short_filter_ma200_down,60m,dev_2023_2024,2023-02-10 12:00:00,2023-02-13 02:00:00,long,130.832,131.677,84.49999999999989,1.0,83.49999999999989,14,20,80,0,signal_flip
short_filter_ma200_down,60m,dev_2023_2024,2023-02-13 04:00:00,2023-02-20 17:00:00,long,132.024,134.095,207.0999999999998,1.0,206.0999999999998,133,20,80,0,signal_flip
short_filter_ma200_down,60m,dev_2023_2024,2023-02-21 07:00:00,2023-02-24 08:00:00,long,134.502,134.837,33.499999999997954,1.0,32.499999999997954,73,20,80,0,signal_flip
short_filter_ma200_down,60m,dev_2023_2024,2023-02-24 13:00:00,2023-03-01 12:00:00,long,135.661,135.338,-32.30000000000075,1.0,-33.30000000000075,71,20,80,0,signal_flip
short_filter_ma200_down,60m,dev_2023_2024,2023-03-02 10:00:00,2023-03-03 20:00:00,long,136.469,135.837,-63.2000000000005,1.0,-64.2000000000005,34,20,80,0,signal_flip
short_filter_ma200_down,60m,dev_2023_2024,2023-03-07 20:00:00,2023-03-09 18:00:00,long,137.105,136.226,-87.89999999999907,1.0,-88.89999999999907,46,20,80,0,signal_flip
short_filter_ma200_down,60m,dev_2023_2024,2023-03-10 02:00:00,2023-03-10 03:00:00,short,135.952,136.714,-76.20000000000005,1.0,-77.20000000000005,1,20,80,0,signal_flip
short_filter_ma200_down,60m,dev_2023_2024,2023-03-10 17:00:00,2023-03-22 01:00:00,short,135.042,132.526,251.5999999999991,1.0,250.5999999999991,177,20,80,0,signal_flip
short_filter_ma200_down,60m,dev_2023_2024,2023-03-22 01:00:00,2023-03-23 04:00:00,long,132.526,130.617,-190.90000000000202,1.0,-191.90000000000202,27,20,80,0,signal_flip
short_filter_ma200_down,60m,dev_2023_2024,2023-03-23 04:00:00,2023-03-27 17:00:00,short,130.617,131.6,-98.30000000000041,1.0,-99.30000000000041,61,20,80,0,signal_flip
short_filter_ma200_down,60m,dev_2023_2024,2023-03-27 17:00:00,2023-03-28 19:00:00,long,131.6,130.783,-81.70000000000073,1.0,-82.70000000000073,26,20,80,0,signal_flip
short_filter_ma200_down,60m,dev_2023_2024,2023-03-28 19:00:00,2023-03-28 23:00:00,short,130.783,130.859,-7.600000000002183,1.0,-8.600000000002183,4,20,80,0,signal_flip
short_filter_ma200_down,60m,dev_2023_2024,2023-03-28 23:00:00,2023-04-04 01:00:00,long,130.859,132.553,169.39999999999884,1.0,168.39999999999884,98,20,80,0,signal_flip
short_filter_ma200_down,60m,dev_2023_2024,2023-04-07 08:00:00,2023-04-13 06:00:00,long,131.883,133.294,141.10000000000014,1.0,140.10000000000014,94,20,80,0,signal_flip
short_filter_ma200_down,60m,dev_2023_2024,2023-04-13 14:00:00,2023-04-13 18:00:00,short,132.142,132.573,-43.10000000000116,1.0,-44.10000000000116,4,20,80,0,signal_flip
short_filter_ma200_down,60m,dev_2023_2024,2023-04-14 02:00:00,2023-04-14 09:00:00,short,132.431,132.494,-6.299999999998818,1.0,-7.299999999998818,7,20,80,0,signal_flip
short_filter_ma200_down,60m,dev_2023_2024,2023-04-17 01:00:00,2023-04-20 23:00:00,long,133.842,134.169,32.69999999999982,1.0,31.699999999999818,94,20,80,0,signal_flip
short_filter_ma200_down,60m,dev_2023_2024,2023-04-24 18:00:00,2023-04-25 13:00:00,long,134.348,133.927,-42.10000000000207,1.0,-43.10000000000207,19,20,80,0,signal_flip
short_filter_ma200_down,60m,dev_2023_2024,2023-04-27 15:00:00,2023-04-27 23:00:00,short,134.121,133.913,20.79999999999984,1.0,19.79999999999984,8,20,80,0,signal_flip
short_filter_ma200_down,60m,dev_2023_2024,2023-04-27 23:00:00,2023-05-03 07:00:00,long,133.913,135.87,195.69999999999936,1.0,194.69999999999936,80,20,80,0,signal_flip
short_filter_ma200_down,60m,dev_2023_2024,2023-05-05 00:00:00,2023-05-05 17:00:00,short,134.161,134.664,-50.29999999999859,1.0,-51.29999999999859,17,20,80,0,signal_flip
short_filter_ma200_down,60m,dev_2023_2024,2023-05-08 07:00:00,2023-05-10 19:00:00,long,134.777,134.255,-52.199999999999136,1.0,-53.199999999999136,60,20,80,0,signal_flip
short_filter_ma200_down,60m,dev_2023_2024,2023-05-10 22:00:00,2023-05-12 15:00:00,short,134.283,135.311,-102.800000000002,1.0,-103.800000000002,41,20,80,0,signal_flip
short_filter_ma200_down,60m,dev_2023_2024,2023-05-12 16:00:00,2023-05-22 11:00:00,long,135.628,137.969,234.10000000000082,1.0,233.10000000000082,139,20,80,0,signal_flip
short_filter_ma200_down,60m,dev_2023_2024,2023-05-22 16:00:00,2023-05-30 17:00:00,long,138.657,139.919,126.20000000000005,1.0,125.20000000000005,145,20,80,0,signal_flip
short_filter_ma200_down,60m,dev_2023_2024,2023-06-05 00:00:00,2023-06-07 03:00:00,long,140.213,139.189,-102.40000000000009,1.0,-103.40000000000009,51,20,80,0,signal_flip
short_filter_ma200_down,60m,dev_2023_2024,2023-06-07 03:00:00,2023-06-07 16:00:00,short,139.189,139.978,-78.90000000000157,1.0,-79.90000000000157,13,20,80,0,signal_flip
short_filter_ma200_down,60m,dev_2023_2024,2023-06-08 02:00:00,2023-06-08 18:00:00,long,139.916,138.937,-97.8999999999985,1.0,-98.8999999999985,16,20,80,0,signal_flip
short_filter_ma200_down,60m,dev_2023_2024,2023-06-08 18:00:00,2023-06-09 09:00:00,short,138.937,139.656,-71.89999999999941,1.0,-72.89999999999941,15,20,80,0,signal_flip
short_filter_ma200_down,60m,dev_2023_2024,2023-06-09 11:00:00,2023-06-12 02:00:00,short,139.53,139.545,-1.4999999999986358,1.0,-2.4999999999986358,15,20,80,0,signal_flip
short_filter_ma200_down,60m,dev_2023_2024,2023-06-12 04:00:00,2023-06-12 06:00:00,short,139.432,139.52,-8.800000000002228,1.0,-9.800000000002228,2,20,80,0,signal_flip
short_filter_ma200_down,60m,dev_2023_2024,2023-06-12 07:00:00,2023-06-12 08:00:00,short,139.496,139.506,-0.9999999999990905,1.0,-1.9999999999990905,1,20,80,0,signal_flip
short_filter_ma200_down,60m,dev_2023_2024,2023-06-12 09:00:00,2023-06-12 14:00:00,short,139.203,139.661,-45.79999999999984,1.0,-46.79999999999984,5,20,80,0,signal_flip
short_filter_ma200_down,60m,dev_2023_2024,2023-06-12 21:00:00,2023-06-12 22:00:00,long,139.589,139.578,-1.099999999999568,1.0,-2.099999999999568,1,20,80,0,signal_flip
short_filter_ma200_down,60m,dev_2023_2024,2023-06-12 23:00:00,2023-06-21 03:00:00,long,139.553,141.618,206.49999999999977,1.0,205.49999999999977,148,20,80,0,signal_flip
short_filter_ma200_down,60m,dev_2023_2024,2023-06-21 14:00:00,2023-07-04 09:00:00,long,142.25,144.384,213.3999999999986,1.0,212.3999999999986,211,20,80,0,signal_flip
short_filter_ma200_down,60m,dev_2023_2024,2023-07-07 16:00:00,2023-07-17 05:00:00,short,142.215,138.624,359.1000000000008,1.0,358.1000000000008,133,20,80,0,signal_flip
short_filter_ma200_down,60m,dev_2023_2024,2023-07-17 05:00:00,2023-07-26 02:00:00,long,138.624,141.157,253.30000000000155,1.0,252.30000000000155,165,20,80,0,signal_flip
short_filter_ma200_down,60m,dev_2023_2024,2023-07-31 01:00:00,2023-08-03 22:00:00,long,140.896,142.52,162.40000000000236,1.0,161.40000000000236,93,20,80,0,signal_flip
short_filter_ma200_down,60m,dev_2023_2024,2023-08-08 04:00:00,2023-08-18 07:00:00,long,143.333,145.372,203.90000000000157,1.0,202.90000000000157,195,20,80,0,signal_flip
short_filter_ma200_down,60m,dev_2023_2024,2023-08-21 21:00:00,2023-08-23 11:00:00,long,146.197,145.447,-75.0,1.0,-76.0,38,20,80,0,signal_flip
short_filter_ma200_down,60m,dev_2023_2024,2023-08-25 00:00:00,2023-08-30 01:00:00,long,146.051,145.907,-14.399999999997704,1.0,-15.399999999997704,73,20,80,0,signal_flip
short_filter_ma200_down,60m,dev_2023_2024,2023-09-01 02:00:00,2023-09-01 15:00:00,short,145.439,146.009,-56.99999999999932,1.0,-57.99999999999932,13,20,80,0,signal_flip
short_filter_ma200_down,60m,dev_2023_2024,2023-09-04 05:00:00,2023-09-08 01:00:00,long,146.157,146.916,75.89999999999861,1.0,74.89999999999861,92,20,80,0,signal_flip
short_filter_ma200_down,60m,dev_2023_2024,2023-09-12 23:00:00,2023-09-22 00:00:00,long,147.058,147.646,58.799999999999386,1.0,57.799999999999386,169,20,80,0,signal_flip
short_filter_ma200_down,60m,dev_2023_2024,2023-09-22 13:00:00,2023-10-01 21:00:00,long,148.251,149.606,135.49999999999898,1.0,134.49999999999898,128,20,80,0,signal_flip
short_filter_ma200_down,60m,dev_2023_2024,2023-10-02 01:00:00,2023-10-03 23:00:00,long,149.683,149.11,-57.29999999999791,1.0,-58.29999999999791,46,20,80,0,signal_flip
short_filter_ma200_down,60m,dev_2023_2024,2023-10-06 05:00:00,2023-10-06 13:00:00,short,148.755,149.416,-66.10000000000014,1.0,-67.10000000000014,8,20,80,0,signal_flip
short_filter_ma200_down,60m,dev_2023_2024,2023-10-06 16:00:00,2023-10-06 17:00:00,short,149.084,149.292,-20.79999999999984,1.0,-21.79999999999984,1,20,80,0,signal_flip
short_filter_ma200_down,60m,dev_2023_2024,2023-10-06 19:00:00,2023-10-09 23:00:00,long,149.338,148.415,-92.30000000000018,1.0,-93.30000000000018,28,20,80,0,signal_flip
short_filter_ma200_down,60m,dev_2023_2024,2023-10-09 23:00:00,2023-10-11 15:00:00,short,148.415,149.135,-71.99999999999989,1.0,-72.99999999999989,40,20,80,0,signal_flip
short_filter_ma200_down,60m,dev_2023_2024,2023-10-11 16:00:00,2023-10-11 17:00:00,short,149.002,149.154,-15.199999999998681,1.0,-16.19999999999868,1,20,80,0,signal_flip
short_filter_ma200_down,60m,dev_2023_2024,2023-10-11 21:00:00,2023-10-23 23:00:00,long,149.152,149.688,53.600000000000136,1.0,52.600000000000136,194,20,80,0,signal_flip
short_filter_ma200_down,60m,dev_2023_2024,2023-10-25 04:00:00,2023-10-27 18:00:00,long,149.846,149.52,-32.59999999999934,1.0,-33.59999999999934,62,20,80,0,signal_flip
short_filter_ma200_down,60m,dev_2023_2024,2023-10-30 07:00:00,2023-10-31 04:00:00,short,149.443,149.894,-45.09999999999934,1.0,-46.09999999999934,21,20,80,0,signal_flip
short_filter_ma200_down,60m,dev_2023_2024,2023-10-31 15:00:00,2023-11-02 15:00:00,long,151.258,150.288,-96.99999999999989,1.0,-97.99999999999989,48,20,80,0,signal_flip
short_filter_ma200_down,60m,dev_2023_2024,2023-11-06 03:00:00,2023-11-07 04:00:00,short,149.668,150.196,-52.79999999999916,1.0,-53.79999999999916,25,20,80,0,signal_flip
short_filter_ma200_down,60m,dev_2023_2024,2023-11-07 09:00:00,2023-11-14 19:00:00,long,150.331,150.534,20.300000000000296,1.0,19.300000000000296,130,20,80,0,signal_flip
short_filter_ma200_down,60m,dev_2023_2024,2023-11-16 10:00:00,2023-11-16 16:00:00,long,151.275,150.407,-86.7999999999995,1.0,-87.7999999999995,6,20,80,0,signal_flip
short_filter_ma200_down,60m,dev_2023_2024,2023-11-17 19:00:00,2023-11-22 15:00:00,short,149.607,149.352,25.499999999999545,1.0,24.499999999999545,68,20,80,0,signal_flip
short_filter_ma200_down,60m,dev_2023_2024,2023-11-22 15:00:00,2023-11-27 11:00:00,long,149.352,148.989,-36.299999999999955,1.0,-37.299999999999955,68,20,80,0,signal_flip
short_filter_ma200_down,60m,dev_2023_2024,2023-11-27 11:00:00,2023-12-01 01:00:00,short,148.989,147.765,122.4000000000018,1.0,121.4000000000018,85,20,80,0,signal_flip
short_filter_ma200_down,60m,dev_2023_2024,2023-12-01 01:00:00,2023-12-04 01:00:00,long,147.765,146.5,-126.49999999999864,1.0,-127.49999999999864,24,20,80,0,signal_flip
short_filter_ma200_down,60m,dev_2023_2024,2023-12-04 01:00:00,2023-12-06 10:00:00,short,146.5,147.318,-81.8000000000012,1.0,-82.8000000000012,57,20,80,0,signal_flip
short_filter_ma200_down,60m,dev_2023_2024,2023-12-06 10:00:00,2023-12-07 08:00:00,long,147.318,145.713,-160.50000000000182,1.0,-161.50000000000182,22,20,80,0,signal_flip
short_filter_ma200_down,60m,dev_2023_2024,2023-12-07 08:00:00,2023-12-11 13:00:00,short,145.713,146.36,-64.70000000000198,1.0,-65.70000000000198,53,20,80,0,signal_flip
short_filter_ma200_down,60m,dev_2023_2024,2023-12-11 13:00:00,2023-12-13 18:00:00,long,146.36,145.172,-118.80000000000166,1.0,-119.80000000000166,53,20,80,0,signal_flip
short_filter_ma200_down,60m,dev_2023_2024,2023-12-13 18:00:00,2023-12-18 18:00:00,short,145.172,142.919,225.2999999999986,1.0,224.2999999999986,72,20,80,0,signal_flip
short_filter_ma200_down,60m,dev_2023_2024,2023-12-18 18:00:00,2023-12-21 11:00:00,long,142.919,143.018,9.899999999998954,1.0,8.899999999998954,65,20,80,0,signal_flip
short_filter_ma200_down,60m,dev_2023_2024,2023-12-21 11:00:00,2023-12-27 01:00:00,short,143.018,142.709,30.89999999999975,1.0,29.89999999999975,71,20,80,0,signal_flip
short_filter_ma200_down,60m,dev_2023_2024,2023-12-27 01:00:00,2023-12-27 23:00:00,long,142.709,141.605,-110.40000000000134,1.0,-111.40000000000134,22,20,80,0,signal_flip
short_filter_ma200_down,60m,dev_2023_2024,2023-12-28 07:00:00,2024-01-02 17:00:00,short,141.123,141.891,-76.80000000000007,1.0,-77.80000000000007,58,20,80,0,signal_flip
short_filter_ma200_down,60m,dev_2023_2024,2024-01-02 17:00:00,2024-01-08 22:00:00,long,141.891,144.223,233.2000000000022,1.0,232.2000000000022,101,20,80,0,signal_flip
short_filter_ma200_down,60m,dev_2023_2024,2024-01-10 07:00:00,2024-01-12 17:00:00,long,145.065,144.854,-21.09999999999843,1.0,-22.09999999999843,58,20,80,0,signal_flip
short_filter_ma200_down,60m,dev_2023_2024,2024-01-15 16:00:00,2024-01-22 12:00:00,long,145.79,147.887,209.70000000000084,1.0,208.70000000000084,116,20,80,0,signal_flip
short_filter_ma200_down,60m,dev_2023_2024,2024-01-24 01:00:00,2024-01-24 13:00:00,long,148.112,147.294,-81.79999999999836,1.0,-82.79999999999836,12,20,80,0,signal_flip
short_filter_ma200_down,60m,dev_2023_2024,2024-01-26 19:00:00,2024-01-30 01:00:00,long,148.135,147.298,-83.69999999999891,1.0,-84.69999999999891,30,20,80,0,signal_flip
short_filter_ma200_down,60m,dev_2023_2024,2024-01-30 02:00:00,2024-01-31 07:00:00,short,147.317,147.884,-56.699999999997885,1.0,-57.699999999997885,29,20,80,0,signal_flip
short_filter_ma200_down,60m,dev_2023_2024,2024-01-31 08:00:00,2024-01-31 11:00:00,short,147.656,147.824,-16.800000000000637,1.0,-17.800000000000637,3,20,80,0,signal_flip
short_filter_ma200_down,60m,dev_2023_2024,2024-01-31 13:00:00,2024-02-02 14:00:00,short,147.797,147.967,-17.00000000000159,1.0,-18.00000000000159,49,20,80,0,signal_flip
short_filter_ma200_down,60m,dev_2023_2024,2024-02-02 20:00:00,2024-02-07 08:00:00,long,148.328,147.819,-50.900000000001455,1.0,-51.900000000001455,60,20,80,0,signal_flip
short_filter_ma200_down,60m,dev_2023_2024,2024-02-08 11:00:00,2024-02-15 20:00:00,long,149.1,149.954,85.40000000000134,1.0,84.40000000000134,129,20,80,0,signal_flip
short_filter_ma200_down,60m,dev_2023_2024,2024-02-20 05:00:00,2024-02-20 23:00:00,long,150.333,149.936,-39.699999999999136,1.0,-40.699999999999136,18,20,80,0,signal_flip
short_filter_ma200_down,60m,dev_2023_2024,2024-02-21 22:00:00,2024-02-27 14:00:00,long,150.295,150.272,-2.2999999999996135,1.0,-3.2999999999996135,88,20,80,0,signal_flip
short_filter_ma200_down,60m,dev_2023_2024,2024-02-28 10:00:00,2024-02-29 06:00:00,long,150.743,149.903,-84.00000000000034,1.0,-85.00000000000034,20,20,80,0,signal_flip
short_filter_ma200_down,60m,dev_2023_2024,2024-02-29 14:00:00,2024-03-01 02:00:00,short,149.778,150.355,-57.69999999999982,1.0,-58.69999999999982,12,20,80,0,signal_flip
short_filter_ma200_down,60m,dev_2023_2024,2024-03-01 04:00:00,2024-03-01 05:00:00,short,150.323,150.383,-6.000000000000227,1.0,-7.000000000000227,1,20,80,0,signal_flip
short_filter_ma200_down,60m,dev_2023_2024,2024-03-01 16:00:00,2024-03-04 02:00:00,long,150.122,150.126,0.39999999999906777,1.0,-0.6000000000009322,10,20,80,0,signal_flip
short_filter_ma200_down,60m,dev_2023_2024,2024-03-04 17:00:00,2024-03-05 22:00:00,long,150.449,150.033,-41.600000000002524,1.0,-42.600000000002524,29,20,80,0,signal_flip
short_filter_ma200_down,60m,dev_2023_2024,2024-03-05 22:00:00,2024-03-12 17:00:00,short,150.033,147.701,233.19999999999936,1.0,232.19999999999936,116,20,80,0,signal_flip
short_filter_ma200_down,60m,dev_2023_2024,2024-03-12 17:00:00,2024-03-25 06:00:00,long,147.701,151.216,351.5000000000015,1.0,350.5000000000015,205,20,80,0,signal_flip
short_filter_ma200_down,60m,dev_2023_2024,2024-03-25 20:00:00,2024-03-26 12:00:00,long,151.444,151.388,-5.599999999998317,1.0,-6.599999999998317,16,20,80,0,signal_flip
short_filter_ma200_down,60m,dev_2023_2024,2024-03-26 23:00:00,2024-03-28 01:00:00,long,151.527,151.414,-11.299999999999955,1.0,-12.299999999999955,26,20,80,0,signal_flip
short_filter_ma200_down,60m,dev_2023_2024,2024-04-01 14:00:00,2024-04-04 19:00:00,long,151.576,151.201,-37.5,1.0,-38.5,77,20,80,0,signal_flip
short_filter_ma200_down,60m,dev_2023_2024,2024-04-05 08:00:00,2024-04-05 13:00:00,short,151.336,151.656,-31.999999999999318,1.0,-32.99999999999932,5,20,80,0,signal_flip
short_filter_ma200_down,60m,dev_2023_2024,2024-04-08 03:00:00,2024-04-18 09:00:00,long,151.77,154.354,258.4000000000003,1.0,257.4000000000003,198,20,80,0,signal_flip
short_filter_ma200_down,60m,dev_2023_2024,2024-04-18 23:00:00,2024-04-19 10:00:00,long,154.642,154.485,-15.699999999998226,1.0,-16.699999999998226,11,20,80,0,signal_flip
short_filter_ma200_down,60m,dev_2023_2024,2024-04-21 23:00:00,2024-04-30 00:00:00,long,154.629,156.325,169.5999999999998,1.0,168.5999999999998,145,20,80,0,signal_flip
short_filter_ma200_down,60m,dev_2023_2024,2024-04-30 06:00:00,2024-05-02 01:00:00,long,156.828,156.015,-81.30000000000166,1.0,-82.30000000000166,43,20,80,0,signal_flip
short_filter_ma200_down,60m,dev_2023_2024,2024-05-02 22:00:00,2024-05-07 04:00:00,short,153.681,154.551,-86.99999999999761,1.0,-87.99999999999761,54,20,80,0,signal_flip
short_filter_ma200_down,60m,dev_2023_2024,2024-05-07 04:00:00,2024-05-15 16:00:00,long,154.551,155.024,47.30000000000132,1.0,46.30000000000132,156,20,80,0,signal_flip
short_filter_ma200_down,60m,dev_2023_2024,2024-05-17 12:00:00,2024-05-27 17:00:00,long,155.853,156.897,104.39999999999827,1.0,103.39999999999827,149,20,80,0,signal_flip
short_filter_ma200_down,60m,dev_2023_2024,2024-05-28 23:00:00,2024-05-30 17:00:00,long,157.214,156.696,-51.80000000000007,1.0,-52.80000000000007,42,20,80,0,signal_flip
short_filter_ma200_down,60m,dev_2023_2024,2024-06-03 01:00:00,2024-06-03 15:00:00,long,157.087,156.197,-88.99999999999864,1.0,-89.99999999999864,14,20,80,0,signal_flip
short_filter_ma200_down,60m,dev_2023_2024,2024-06-04 04:00:00,2024-06-06 09:00:00,short,156.386,156.16,22.59999999999991,1.0,21.59999999999991,53,20,80,0,signal_flip
short_filter_ma200_down,60m,dev_2023_2024,2024-06-06 09:00:00,2024-06-07 10:00:00,long,156.16,155.481,-67.9000000000002,1.0,-68.9000000000002,25,20,80,0,signal_flip
short_filter_ma200_down,60m,dev_2023_2024,2024-06-07 10:00:00,2024-06-07 13:00:00,short,155.481,156.777,-129.59999999999923,1.0,-130.59999999999923,3,20,80,0,signal_flip
short_filter_ma200_down,60m,dev_2023_2024,2024-06-07 13:00:00,2024-06-12 17:00:00,long,156.777,155.799,-97.79999999999802,1.0,-98.79999999999802,76,20,80,0,signal_flip
short_filter_ma200_down,60m,dev_2023_2024,2024-06-12 18:00:00,2024-06-12 19:00:00,short,155.774,156.602,-82.8000000000003,1.0,-83.8000000000003,1,20,80,0,signal_flip
short_filter_ma200_down,60m,dev_2023_2024,2024-06-13 17:00:00,2024-07-04 10:00:00,long,156.847,161.252,440.5000000000001,1.0,439.5000000000001,353,20,80,0,signal_flip
short_filter_ma200_down,60m,dev_2023_2024,2024-07-09 13:00:00,2024-07-11 15:00:00,long,161.129,158.554,-257.49999999999886,1.0,-258.49999999999886,50,20,80,0,signal_flip
short_filter_ma200_down,60m,dev_2023_2024,2024-07-11 17:00:00,2024-07-16 18:00:00,short,158.568,158.472,9.600000000000364,1.0,8.600000000000364,73,20,80,0,signal_flip
short_filter_ma200_down,60m,dev_2023_2024,2024-07-16 18:00:00,2024-07-17 08:00:00,long,158.472,157.07,-140.20000000000152,1.0,-141.20000000000152,14,20,80,0,signal_flip
short_filter_ma200_down,60m,dev_2023_2024,2024-07-17 08:00:00,2024-07-19 11:00:00,short,157.07,157.455,-38.50000000000193,1.0,-39.50000000000193,51,20,80,0,signal_flip
short_filter_ma200_down,60m,dev_2023_2024,2024-07-19 11:00:00,2024-07-23 00:00:00,long,157.455,156.901,-55.400000000000205,1.0,-56.400000000000205,37,20,80,0,signal_flip
short_filter_ma200_down,60m,dev_2023_2024,2024-07-23 00:00:00,2024-07-29 04:00:00,short,156.901,153.517,338.40000000000146,1.0,337.40000000000146,100,20,80,0,signal_flip
short_filter_ma200_down,60m,dev_2023_2024,2024-07-29 04:00:00,2024-07-29 05:00:00,long,153.517,153.412,-10.499999999998977,1.0,-11.499999999998977,1,20,80,0,signal_flip
short_filter_ma200_down,60m,dev_2023_2024,2024-07-29 05:00:00,2024-07-29 14:00:00,short,153.412,154.174,-76.20000000000005,1.0,-77.20000000000005,9,20,80,0,signal_flip
short_filter_ma200_down,60m,dev_2023_2024,2024-07-29 14:00:00,2024-07-31 02:00:00,long,154.174,152.411,-176.30000000000052,1.0,-177.30000000000052,36,20,80,0,signal_flip
short_filter_ma200_down,60m,dev_2023_2024,2024-07-31 02:00:00,2024-08-07 09:00:00,short,152.411,147.201,521.0000000000008,1.0,520.0000000000008,127,20,80,0,signal_flip
short_filter_ma200_down,60m,dev_2023_2024,2024-08-07 09:00:00,2024-08-12 08:00:00,long,147.201,147.217,1.6000000000019554,1.0,0.6000000000019554,71,20,80,0,signal_flip
short_filter_ma200_down,60m,dev_2023_2024,2024-08-12 08:00:00,2024-08-12 09:00:00,short,147.217,147.354,-13.700000000000045,1.0,-14.700000000000045,1,20,80,0,signal_flip
short_filter_ma200_down,60m,dev_2023_2024,2024-08-12 10:00:00,2024-08-14 02:00:00,long,147.318,146.867,-45.10000000000218,1.0,-46.10000000000218,40,20,80,0,signal_flip
short_filter_ma200_down,60m,dev_2023_2024,2024-08-14 03:00:00,2024-08-14 04:00:00,short,146.462,146.775,-31.30000000000166,1.0,-32.30000000000166,1,20,80,0,signal_flip
short_filter_ma200_down,60m,dev_2023_2024,2024-08-15 10:00:00,2024-08-19 05:00:00,long,147.377,146.188,-118.90000000000214,1.0,-119.90000000000214,43,20,80,0,signal_flip
short_filter_ma200_down,60m,dev_2023_2024,2024-08-19 23:00:00,2024-08-20 06:00:00,short,146.628,147.288,-66.0000000000025,1.0,-67.0000000000025,7,20,80,0,signal_flip
short_filter_ma200_down,60m,dev_2023_2024,2024-08-20 07:00:00,2024-08-23 00:00:00,short,147.048,146.208,84.00000000000034,1.0,83.00000000000034,65,20,80,0,signal_flip
short_filter_ma200_down,60m,dev_2023_2024,2024-08-23 00:00:00,2024-08-23 19:00:00,long,146.208,144.295,-191.3000000000011,1.0,-192.3000000000011,19,20,80,0,signal_flip
short_filter_ma200_down,60m,dev_2023_2024,2024-08-23 19:00:00,2024-08-28 19:00:00,short,144.295,144.652,-35.69999999999993,1.0,-36.69999999999993,72,20,80,0,signal_flip
short_filter_ma200_down,60m,dev_2023_2024,2024-08-28 19:00:00,2024-09-03 23:00:00,long,144.652,145.332,68.00000000000068,1.0,67.00000000000068,100,20,80,0,signal_flip
short_filter_ma200_down,60m,dev_2023_2024,2024-09-04 06:00:00,2024-09-04 09:00:00,short,145.165,145.209,-4.400000000001114,1.0,-5.400000000001114,3,20,80,0,signal_flip
short_filter_ma200_down,60m,dev_2023_2024,2024-09-04 10:00:00,2024-09-10 02:00:00,short,145.107,143.417,168.99999999999977,1.0,167.99999999999977,88,20,80,0,signal_flip
short_filter_ma200_down,60m,dev_2023_2024,2024-09-10 02:00:00,2024-09-10 21:00:00,long,143.417,142.401,-101.59999999999911,1.0,-102.59999999999911,19,20,80,0,signal_flip
short_filter_ma200_down,60m,dev_2023_2024,2024-09-10 21:00:00,2024-09-17 19:00:00,short,142.401,141.81,59.10000000000082,1.0,58.10000000000082,118,20,80,0,signal_flip
short_filter_ma200_down,60m,dev_2023_2024,2024-09-17 19:00:00,2024-09-25 04:00:00,long,141.81,143.297,148.69999999999948,1.0,147.69999999999948,129,20,80,0,signal_flip
short_filter_ma200_down,60m,dev_2023_2024,2024-09-25 19:00:00,2024-09-27 16:00:00,long,144.681,142.599,-208.2000000000022,1.0,-209.2000000000022,45,20,80,0,signal_flip
short_filter_ma200_down,60m,dev_2023_2024,2024-10-01 09:00:00,2024-10-16 02:00:00,long,143.805,149.026,522.1000000000004,1.0,521.1000000000004,257,20,80,0,signal_flip
short_filter_ma200_down,60m,dev_2023_2024,2024-10-16 19:00:00,2024-10-21 03:00:00,long,149.774,149.221,-55.29999999999973,1.0,-56.29999999999973,56,20,80,0,signal_flip
short_filter_ma200_down,60m,dev_2023_2024,2024-10-21 18:00:00,2024-10-25 09:00:00,long,150.751,151.964,121.29999999999939,1.0,120.29999999999939,87,20,80,0,signal_flip
short_filter_ma200_down,60m,dev_2023_2024,2024-10-27 23:00:00,2024-10-31 04:00:00,long,152.95,153.05,10.000000000002274,1.0,9.000000000002274,77,20,80,0,signal_flip
short_filter_ma200_down,60m,dev_2023_2024,2024-11-04 23:00:00,2024-11-06 01:00:00,short,152.113,152.915,-80.19999999999925,1.0,-81.19999999999925,26,20,80,0,signal_flip
short_filter_ma200_down,60m,dev_2023_2024,2024-11-06 06:00:00,2024-11-08 06:00:00,long,153.741,152.801,-94.00000000000261,1.0,-95.00000000000261,48,20,80,0,signal_flip
short_filter_ma200_down,60m,dev_2023_2024,2024-11-08 06:00:00,2024-11-11 00:00:00,short,152.801,152.91,-10.900000000000887,1.0,-11.900000000000887,18,20,80,0,signal_flip
short_filter_ma200_down,60m,dev_2023_2024,2024-11-11 18:00:00,2024-11-17 22:00:00,long,153.877,154.349,47.199999999998,1.0,46.199999999998,100,20,80,0,signal_flip
short_filter_ma200_down,60m,dev_2023_2024,2024-11-19 12:00:00,2024-11-19 18:00:00,short,154.083,154.722,-63.900000000001,1.0,-64.900000000001,6,20,80,0,signal_flip
short_filter_ma200_down,60m,dev_2023_2024,2024-11-20 10:00:00,2024-11-21 17:00:00,long,155.757,154.652,-110.50000000000182,1.0,-111.50000000000182,31,20,80,0,signal_flip
short_filter_ma200_down,60m,dev_2023_2024,2024-11-25 11:00:00,2024-12-04 13:00:00,short,154.42,151.17,325.0,1.0,324.0,170,20,80,0,signal_flip
short_filter_ma200_down,60m,dev_2023_2024,2024-12-04 13:00:00,2024-12-06 17:00:00,long,151.17,149.79,-137.99999999999955,1.0,-138.99999999999955,52,20,80,0,signal_flip
short_filter_ma200_down,60m,dev_2023_2024,2024-12-06 17:00:00,2024-12-09 09:00:00,short,149.79,150.418,-62.80000000000143,1.0,-63.80000000000143,16,20,80,0,signal_flip
short_filter_ma200_down,60m,dev_2023_2024,2024-12-09 16:00:00,2024-12-18 04:00:00,long,151.026,153.615,258.89999999999986,1.0,257.89999999999986,156,20,80,0,signal_flip
short_filter_ma200_down,60m,dev_2023_2024,2024-12-18 22:00:00,2024-12-30 20:00:00,long,154.741,157.09,234.89999999999895,1.0,233.89999999999895,176,20,80,0,signal_flip
short_filter_ma200_down,60m,oos_2025,2025-01-03 03:00:00,2025-01-10 04:00:00,long,157.308,158.234,92.60000000000161,1.0,91.60000000000161,121,20,80,0,signal_flip
short_filter_ma200_down,60m,oos_2025,2025-01-10 06:00:00,2025-01-10 18:00:00,long,158.411,157.668,-74.2999999999995,1.0,-75.2999999999995,12,20,80,0,signal_flip
short_filter_ma200_down,60m,oos_2025,2025-01-14 21:00:00,2025-01-15 11:00:00,long,157.981,156.789,-119.20000000000073,1.0,-120.20000000000073,14,20,80,0,signal_flip
short_filter_ma200_down,60m,oos_2025,2025-01-15 17:00:00,2025-01-20 10:00:00,short,156.599,156.283,31.60000000000025,1.0,30.60000000000025,65,20,80,0,signal_flip
short_filter_ma200_down,60m,oos_2025,2025-01-20 10:00:00,2025-01-21 03:00:00,long,156.283,155.134,-114.90000000000009,1.0,-115.90000000000009,17,20,80,0,signal_flip
short_filter_ma200_down,60m,oos_2025,2025-01-21 03:00:00,2025-01-22 17:00:00,short,155.134,156.616,-148.20000000000277,1.0,-149.20000000000277,38,20,80,0,signal_flip
short_filter_ma200_down,60m,oos_2025,2025-01-22 17:00:00,2025-01-24 08:00:00,long,156.616,155.382,-123.40000000000089,1.0,-124.40000000000089,39,20,80,0,signal_flip
short_filter_ma200_down,60m,oos_2025,2025-01-24 08:00:00,2025-01-24 13:00:00,short,155.382,156.456,-107.39999999999839,1.0,-108.39999999999839,5,20,80,0,signal_flip
short_filter_ma200_down,60m,oos_2025,2025-01-24 16:00:00,2025-01-27 06:00:00,short,155.727,156.06,-33.29999999999984,1.0,-34.29999999999984,14,20,80,0,signal_flip
short_filter_ma200_down,60m,oos_2025,2025-01-27 07:00:00,2025-01-28 05:00:00,short,155.989,155.786,20.300000000000296,1.0,19.300000000000296,22,20,80,0,signal_flip
short_filter_ma200_down,60m,oos_2025,2025-01-28 06:00:00,2025-01-28 07:00:00,short,155.701,155.771,-6.999999999999318,1.0,-7.999999999999318,1,20,80,0,signal_flip
short_filter_ma200_down,60m,oos_2025,2025-01-28 09:00:00,2025-01-28 19:00:00,short,155.729,155.678,5.100000000001614,1.0,4.100000000001614,10,20,80,0,signal_flip
short_filter_ma200_down,60m,oos_2025,2025-01-28 19:00:00,2025-01-29 17:00:00,long,155.678,155.222,-45.599999999998886,1.0,-46.599999999998886,22,20,80,0,signal_flip
short_filter_ma200_down,60m,oos_2025,2025-01-29 17:00:00,2025-02-03 01:00:00,short,155.222,155.698,-47.59999999999991,1.0,-48.59999999999991,56,20,80,0,signal_flip
short_filter_ma200_down,60m,oos_2025,2025-02-03 01:00:00,2025-02-05 01:00:00,long,155.698,153.848,-184.99999999999943,1.0,-185.99999999999943,48,20,80,0,signal_flip
short_filter_ma200_down,60m,oos_2025,2025-02-05 01:00:00,2025-02-10 22:00:00,short,153.848,151.984,186.40000000000043,1.0,185.40000000000043,93,20,80,0,signal_flip
short_filter_ma200_down,60m,oos_2025,2025-02-10 22:00:00,2025-02-11 09:00:00,long,151.984,151.867,-11.700000000001864,1.0,-12.700000000001864,11,20,80,0,signal_flip
short_filter_ma200_down,60m,oos_2025,2025-02-11 09:00:00,2025-02-11 10:00:00,short,151.867,151.944,-7.699999999999818,1.0,-8.699999999999818,1,20,80,0,signal_flip
short_filter_ma200_down,60m,oos_2025,2025-02-11 10:00:00,2025-02-14 05:00:00,long,151.944,152.63,68.6000000000007,1.0,67.6000000000007,67,20,80,0,signal_flip
short_filter_ma200_down,60m,oos_2025,2025-02-14 05:00:00,2025-02-19 12:00:00,short,152.63,151.845,78.49999999999966,1.0,77.49999999999966,79,20,80,0,signal_flip
short_filter_ma200_down,60m,oos_2025,2025-02-19 23:00:00,2025-02-27 18:00:00,short,151.383,149.964,141.9000000000011,1.0,140.9000000000011,139,20,80,0,signal_flip
short_filter_ma200_down,60m,oos_2025,2025-02-27 18:00:00,2025-03-04 06:00:00,long,149.964,149.381,-58.29999999999984,1.0,-59.29999999999984,60,20,80,0,signal_flip
short_filter_ma200_down,60m,oos_2025,2025-03-04 06:00:00,2025-03-04 22:00:00,short,149.381,149.644,-26.300000000000523,1.0,-27.300000000000523,16,20,80,0,signal_flip
short_filter_ma200_down,60m,oos_2025,2025-03-05 08:00:00,2025-03-12 00:00:00,short,149.45,148.048,140.19999999999868,1.0,139.19999999999868,113,20,80,0,signal_flip
short_filter_ma200_down,60m,oos_2025,2025-03-12 00:00:00,2025-03-20 04:00:00,long,148.048,148.368,31.999999999999318,1.0,30.999999999999318,148,20,80,0,signal_flip
short_filter_ma200_down,60m,oos_2025,2025-03-21 19:00:00,2025-03-30 22:00:00,long,149.215,149.628,41.29999999999825,1.0,40.29999999999825,123,20,80,0,signal_flip
short_filter_ma200_down,60m,oos_2025,2025-03-31 09:00:00,2025-03-31 16:00:00,short,149.054,149.911,-85.69999999999993,1.0,-86.69999999999993,7,20,80,0,signal_flip
short_filter_ma200_down,60m,oos_2025,2025-04-01 01:00:00,2025-04-01 03:00:00,short,149.732,149.843,-11.099999999999,1.0,-12.099999999999,2,20,80,0,signal_flip
short_filter_ma200_down,60m,oos_2025,2025-04-02 17:00:00,2025-04-02 23:00:00,long,150.191,148.409,-178.20000000000107,1.0,-179.20000000000107,6,20,80,0,signal_flip
short_filter_ma200_down,60m,oos_2025,2025-04-03 04:00:00,2025-04-07 22:00:00,short,147.269,147.717,-44.80000000000075,1.0,-45.80000000000075,66,20,80,0,signal_flip
short_filter_ma200_down,60m,oos_2025,2025-04-07 22:00:00,2025-04-09 04:00:00,long,147.717,145.33,-238.70000000000005,1.0,-239.70000000000005,30,20,80,0,signal_flip
short_filter_ma200_down,60m,oos_2025,2025-04-09 04:00:00,2025-04-09 20:00:00,short,145.33,147.946,-261.59999999999854,1.0,-262.59999999999854,16,20,80,0,signal_flip
short_filter_ma200_down,60m,oos_2025,2025-04-09 22:00:00,2025-04-10 09:00:00,short,147.364,146.309,105.50000000000068,1.0,104.50000000000068,11,20,80,0,signal_flip
short_filter_ma200_down,60m,oos_2025,2025-04-10 09:00:00,2025-04-10 15:00:00,long,146.309,144.663,-164.59999999999866,1.0,-165.59999999999866,6,20,80,0,signal_flip
short_filter_ma200_down,60m,oos_2025,2025-04-10 15:00:00,2025-04-22 22:00:00,short,144.663,142.499,216.40000000000157,1.0,215.40000000000157,199,20,80,0,signal_flip
short_filter_ma200_down,60m,oos_2025,2025-04-23 01:00:00,2025-04-23 05:00:00,short,142.083,141.955,12.79999999999859,1.0,11.79999999999859,4,20,80,0,signal_flip
short_filter_ma200_down,60m,oos_2025,2025-04-23 05:00:00,2025-04-28 21:00:00,long,141.955,141.968,1.2999999999976808,1.0,0.2999999999976808,88,20,80,0,signal_flip
short_filter_ma200_down,60m,oos_2025,2025-04-29 14:00:00,2025-04-29 15:00:00,short,142.198,142.368,-16.99999999999875,1.0,-17.99999999999875,1,20,80,0,signal_flip
short_filter_ma200_down,60m,oos_2025,2025-04-29 17:00:00,2025-04-29 18:00:00,short,142.045,142.29,-24.500000000000455,1.0,-25.500000000000455,1,20,80,0,signal_flip
short_filter_ma200_down,60m,oos_2025,2025-04-29 21:00:00,2025-04-29 23:00:00,short,142.244,142.261,-1.6999999999995907,1.0,-2.6999999999995907,2,20,80,0,signal_flip
short_filter_ma200_down,60m,oos_2025,2025-05-01 00:00:00,2025-05-05 16:00:00,long,143.018,143.981,96.29999999999939,1.0,95.29999999999939,64,20,80,0,signal_flip
short_filter_ma200_down,60m,oos_2025,2025-05-08 05:00:00,2025-05-14 14:00:00,long,143.779,145.998,221.8999999999994,1.0,220.8999999999994,105,20,80,0,signal_flip
short_filter_ma200_down,60m,oos_2025,2025-05-21 03:00:00,2025-05-27 14:00:00,short,143.861,144.169,-30.800000000002115,1.0,-31.800000000002115,107,20,80,0,signal_flip
short_filter_ma200_down,60m,oos_2025,2025-05-27 14:00:00,2025-05-30 04:00:00,long,144.169,143.857,-31.200000000001182,1.0,-32.20000000000118,62,20,80,0,signal_flip
short_filter_ma200_down,60m,oos_2025,2025-05-30 04:00:00,2025-05-30 08:00:00,short,143.857,144.025,-16.800000000000637,1.0,-17.800000000000637,4,20,80,0,signal_flip
short_filter_ma200_down,60m,oos_2025,2025-05-30 12:00:00,2025-05-30 14:00:00,short,143.848,143.995,-14.699999999999136,1.0,-15.699999999999136,2,20,80,0,signal_flip
short_filter_ma200_down,60m,oos_2025,2025-06-01 22:00:00,2025-06-01 23:00:00,short,143.749,143.839,-9.000000000000341,1.0,-10.000000000000341,1,20,80,0,signal_flip
short_filter_ma200_down,60m,oos_2025,2025-06-02 00:00:00,2025-06-03 15:00:00,short,143.798,143.771,2.7000000000015234,1.0,1.7000000000015234,39,20,80,0,signal_flip
short_filter_ma200_down,60m,oos_2025,2025-06-04 01:00:00,2025-06-05 02:00:00,long,143.99,142.922,-106.8000000000012,1.0,-107.8000000000012,25,20,80,0,signal_flip
short_filter_ma200_down,60m,oos_2025,2025-06-05 21:00:00,2025-06-12 03:00:00,long,143.579,143.956,37.69999999999811,1.0,36.69999999999811,102,20,80,0,signal_flip
short_filter_ma200_down,60m,oos_2025,2025-06-16 04:00:00,2025-06-24 09:00:00,long,144.481,145.094,61.299999999999955,1.0,60.299999999999955,149,20,80,0,signal_flip
short_filter_ma200_down,60m,oos_2025,2025-06-27 11:00:00,2025-07-03 13:00:00,short,144.534,145.002,-46.80000000000177,1.0,-47.80000000000177,98,20,80,0,signal_flip
short_filter_ma200_down,60m,oos_2025,2025-07-03 13:00:00,2025-07-10 11:00:00,long,145.002,146.121,111.89999999999998,1.0,110.89999999999998,118,20,80,0,signal_flip
short_filter_ma200_down,60m,oos_2025,2025-07-11 05:00:00,2025-07-21 03:00:00,long,147.08,148.5,141.99999999999875,1.0,140.99999999999875,142,20,80,0,signal_flip
short_filter_ma200_down,60m,oos_2025,2025-07-23 20:00:00,2025-07-25 03:00:00,short,146.527,147.414,-88.70000000000005,1.0,-89.70000000000005,31,20,80,0,signal_flip
short_filter_ma200_down,60m,oos_2025,2025-07-25 03:00:00,2025-08-03 23:00:00,long,147.414,147.242,-17.199999999999704,1.0,-18.199999999999704,140,20,80,0,signal_flip
short_filter_ma200_down,60m,oos_2025,2025-08-07 00:00:00,2025-08-08 17:00:00,short,147.192,147.737,-54.49999999999875,1.0,-55.49999999999875,41,20,80,0,signal_flip
short_filter_ma200_down,60m,oos_2025,2025-08-08 17:00:00,2025-08-13 09:00:00,long,147.737,147.265,-47.20000000000084,1.0,-48.20000000000084,64,20,80,0,signal_flip
short_filter_ma200_down,60m,oos_2025,2025-08-13 09:00:00,2025-08-14 16:00:00,short,147.265,147.69,-42.50000000000114,1.0,-43.50000000000114,31,20,80,0,signal_flip
short_filter_ma200_down,60m,oos_2025,2025-08-15 01:00:00,2025-08-15 06:00:00,short,147.477,147.15,32.69999999999982,1.0,31.699999999999818,5,20,80,0,signal_flip
short_filter_ma200_down,60m,oos_2025,2025-08-15 19:00:00,2025-08-18 09:00:00,short,147.207,147.34,-13.300000000000978,1.0,-14.300000000000978,14,20,80,0,signal_flip
short_filter_ma200_down,60m,oos_2025,2025-08-18 09:00:00,2025-08-20 16:00:00,long,147.34,147.192,-14.799999999999613,1.0,-15.799999999999613,55,20,80,0,signal_flip
short_filter_ma200_down,60m,oos_2025,2025-08-20 22:00:00,2025-08-21 07:00:00,short,147.312,147.564,-25.199999999998113,1.0,-26.199999999998113,9,20,80,0,signal_flip
short_filter_ma200_down,60m,oos_2025,2025-08-21 17:00:00,2025-08-25 01:00:00,long,148.283,147.391,-89.19999999999959,1.0,-90.19999999999959,32,20,80,0,signal_flip
short_filter_ma200_down,60m,oos_2025,2025-08-25 01:00:00,2025-08-25 16:00:00,short,147.391,147.614,-22.30000000000132,1.0,-23.30000000000132,15,20,80,0,signal_flip
short_filter_ma200_down,60m,oos_2025,2025-08-26 01:00:00,2025-08-26 03:00:00,short,147.113,147.516,-40.29999999999916,1.0,-41.29999999999916,2,20,80,0,signal_flip
short_filter_ma200_down,60m,oos_2025,2025-08-27 11:00:00,2025-08-28 06:00:00,long,148.118,147.126,-99.19999999999902,1.0,-100.19999999999902,19,20,80,0,signal_flip
short_filter_ma200_down,60m,oos_2025,2025-08-28 15:00:00,2025-09-01 22:00:00,short,146.974,147.156,-18.200000000001637,1.0,-19.200000000001637,55,20,80,0,signal_flip
short_filter_ma200_down,60m,oos_2025,2025-09-01 22:00:00,2025-09-05 11:00:00,long,147.156,148.148,99.19999999999902,1.0,98.19999999999902,85,20,80,0,signal_flip
short_filter_ma200_down,60m,oos_2025,2025-09-08 23:00:00,2025-09-10 02:00:00,short,147.405,147.394,1.099999999999568,1.0,0.09999999999956799,27,20,80,0,signal_flip
short_filter_ma200_down,60m,oos_2025,2025-09-11 08:00:00,2025-09-12 07:00:00,long,147.776,147.407,-36.89999999999998,1.0,-37.89999999999998,23,20,80,0,signal_flip
short_filter_ma200_down,60m,oos_2025,2025-09-12 11:00:00,2025-09-15 16:00:00,long,147.752,147.273,-47.90000000000134,1.0,-48.90000000000134,29,20,80,0,signal_flip
short_filter_ma200_down,60m,oos_2025,2025-09-15 16:00:00,2025-09-18 06:00:00,short,147.273,147.35,-7.699999999999818,1.0,-8.699999999999818,62,20,80,0,signal_flip
short_filter_ma200_down,60m,oos_2025,2025-09-18 08:00:00,2025-09-18 09:00:00,short,147.116,147.432,-31.599999999997408,1.0,-32.59999999999741,1,20,80,0,signal_flip
short_filter_ma200_down,60m,oos_2025,2025-09-18 11:00:00,2025-09-23 06:00:00,long,147.26,147.801,54.09999999999968,1.0,53.09999999999968,67,20,80,0,signal_flip
short_filter_ma200_down,60m,oos_2025,2025-09-24 12:00:00,2025-09-29 12:00:00,long,148.501,148.63,12.899999999999068,1.0,11.899999999999068,72,20,80,0,signal_flip
short_filter_ma200_down,60m,oos_2025,2025-10-01 10:00:00,2025-10-03 15:00:00,short,147.206,147.445,-23.900000000000432,1.0,-24.900000000000432,53,20,80,0,signal_flip
short_filter_ma200_down,60m,oos_2025,2025-10-03 15:00:00,2025-10-12 21:00:00,long,147.445,151.822,437.70000000000095,1.0,436.70000000000095,126,20,80,0,signal_flip
short_filter_ma200_down,60m,oos_2025,2025-10-17 10:00:00,2025-10-20 16:00:00,short,149.671,150.591,-92.00000000000159,1.0,-93.00000000000159,30,20,80,0,signal_flip
short_filter_ma200_down,60m,oos_2025,2025-10-20 16:00:00,2025-10-28 06:00:00,long,150.591,151.911,131.99999999999932,1.0,130.99999999999932,134,20,80,0,signal_flip
short_filter_ma200_down,60m,oos_2025,2025-10-30 06:00:00,2025-11-04 12:00:00,long,153.037,153.57,53.299999999998704,1.0,52.299999999998704,77,20,80,0,signal_flip
short_filter_ma200_down,60m,oos_2025,2025-11-06 02:00:00,2025-11-06 16:00:00,long,153.87,153.041,-82.90000000000077,1.0,-83.90000000000077,14,20,80,0,signal_flip
short_filter_ma200_down,60m,oos_2025,2025-11-10 08:00:00,2025-11-14 15:00:00,long,154.046,154.356,31.000000000000227,1.0,30.000000000000227,103,20,80,0,signal_flip
short_filter_ma200_down,60m,oos_2025,2025-11-17 11:00:00,2025-11-24 01:00:00,long,154.843,156.735,189.20000000000243,1.0,188.20000000000243,110,20,80,0,signal_flip
short_filter_ma200_down,60m,oos_2025,2025-11-28 07:00:00,2025-11-28 20:00:00,long,156.381,156.118,-26.300000000000523,1.0,-27.300000000000523,13,20,80,0,signal_flip
short_filter_ma200_down,60m,oos_2025,2025-12-01 17:00:00,2025-12-02 23:00:00,short,155.285,155.854,-56.90000000000168,1.0,-57.90000000000168,30,20,80,0,signal_flip
short_filter_ma200_down,60m,oos_2025,2025-12-02 23:00:00,2025-12-03 11:00:00,long,155.854,155.528,-32.60000000000218,1.0,-33.60000000000218,12,20,80,0,signal_flip
short_filter_ma200_down,60m,oos_2025,2025-12-03 11:00:00,2025-12-08 06:00:00,short,155.528,155.198,32.99999999999841,1.0,31.99999999999841,67,20,80,0,signal_flip
short_filter_ma200_down,60m,oos_2025,2025-12-08 06:00:00,2025-12-11 09:00:00,long,155.198,155.883,68.50000000000023,1.0,67.50000000000023,75,20,80,0,signal_flip
short_filter_ma200_down,60m,oos_2025,2025-12-11 13:00:00,2025-12-11 22:00:00,short,155.582,155.563,1.9000000000005457,1.0,0.9000000000005457,9,20,80,0,signal_flip
short_filter_ma200_down,60m,oos_2025,2025-12-15 04:00:00,2025-12-17 11:00:00,short,155.421,155.461,-4.000000000002046,1.0,-5.000000000002046,55,20,80,0,signal_flip
short_filter_ma200_down,60m,oos_2025,2025-12-17 18:00:00,2025-12-23 10:00:00,long,155.533,155.965,43.20000000000164,1.0,42.20000000000164,88,20,80,0,signal_flip
short_filter_ma200_down,60m,oos_2025,2025-12-25 23:00:00,2025-12-26 00:00:00,short,155.883,156.103,-21.999999999999886,1.0,-22.999999999999886,1,20,80,0,signal_flip
short_filter_ma200_down,60m,oos_2025,2025-12-26 13:00:00,2025-12-30 07:00:00,long,156.417,156.036,-38.10000000000002,1.0,-39.10000000000002,42,20,80,0,signal_flip
short_filter_ma200_down,60m,oos_2025,2025-12-31 04:00:00,2025-12-31 21:00:00,long,156.492,156.632,14.000000000001478,1.0,13.000000000001478,17,20,80,0,period_end
short_filter_ma200_down,240m,full_2023_2025,2023-01-01 20:00:00,2023-01-09 00:00:00,short,130.925,131.805,-87.99999999999955,1.0,-88.99999999999955,32,20,80,0,signal_flip
short_filter_ma200_down,240m,full_2023_2025,2023-01-09 00:00:00,2023-01-11 08:00:00,long,131.805,132.42,61.49999999999807,1.0,60.49999999999807,14,20,80,0,signal_flip
short_filter_ma200_down,240m,full_2023_2025,2023-01-11 08:00:00,2023-01-25 12:00:00,short,132.42,129.691,272.8999999999985,1.0,271.8999999999985,63,20,80,0,signal_flip
short_filter_ma200_down,240m,full_2023_2025,2023-01-25 12:00:00,2023-02-03 00:00:00,long,129.691,128.763,-92.79999999999973,1.0,-93.79999999999973,40,20,80,0,signal_flip
short_filter_ma200_down,240m,full_2023_2025,2023-02-03 00:00:00,2023-02-03 16:00:00,short,128.763,131.069,-230.59999999999832,1.0,-231.59999999999832,4,20,80,0,signal_flip
short_filter_ma200_down,240m,full_2023_2025,2023-02-06 16:00:00,2023-03-13 12:00:00,long,132.845,133.151,30.60000000000116,1.0,29.60000000000116,154,20,80,0,signal_flip
short_filter_ma200_down,240m,full_2023_2025,2023-03-24 20:00:00,2023-03-30 12:00:00,short,130.75,132.573,-182.30000000000075,1.0,-183.30000000000075,23,20,80,0,signal_flip
short_filter_ma200_down,240m,full_2023_2025,2023-03-31 08:00:00,2023-04-06 20:00:00,long,133.13,131.78,-134.99999999999943,1.0,-135.99999999999943,28,20,80,0,signal_flip
short_filter_ma200_down,240m,full_2023_2025,2023-04-06 20:00:00,2023-04-10 16:00:00,short,131.78,133.753,-197.29999999999848,1.0,-198.29999999999848,12,20,80,0,signal_flip
short_filter_ma200_down,240m,full_2023_2025,2023-04-10 16:00:00,2023-04-28 00:00:00,long,133.753,133.804,5.100000000001614,1.0,4.100000000001614,82,20,80,0,signal_flip
short_filter_ma200_down,240m,full_2023_2025,2023-04-28 12:00:00,2023-05-08 00:00:00,long,136.13,135.192,-93.79999999999882,1.0,-94.79999999999882,35,20,80,0,signal_flip
short_filter_ma200_down,240m,full_2023_2025,2023-05-10 12:00:00,2023-05-11 00:00:00,long,135.312,134.101,-121.10000000000127,1.0,-122.10000000000127,3,20,80,0,signal_flip
short_filter_ma200_down,240m,full_2023_2025,2023-05-16 08:00:00,2023-06-08 20:00:00,long,135.791,138.915,312.3999999999995,1.0,311.3999999999995,108,20,80,0,signal_flip
short_filter_ma200_down,240m,full_2023_2025,2023-06-15 00:00:00,2023-07-10 00:00:00,long,139.968,142.21,224.20000000000186,1.0,223.20000000000186,106,20,80,0,signal_flip
short_filter_ma200_down,240m,full_2023_2025,2023-07-13 12:00:00,2023-07-21 12:00:00,short,138.495,141.77,-327.50000000000057,1.0,-328.50000000000057,37,20,80,0,signal_flip
short_filter_ma200_down,240m,full_2023_2025,2023-07-24 08:00:00,2023-10-09 08:00:00,long,141.412,149.166,775.3999999999991,1.0,774.3999999999991,341,20,80,0,signal_flip
short_filter_ma200_down,240m,full_2023_2025,2023-10-13 12:00:00,2023-11-07 00:00:00,long,149.61,149.985,37.5,1.0,36.5,103,20,80,0,signal_flip
short_filter_ma200_down,240m,full_2023_2025,2023-11-08 20:00:00,2023-11-17 16:00:00,long,151.032,149.556,-147.5999999999999,1.0,-148.5999999999999,42,20,80,0,signal_flip
short_filter_ma200_down,240m,full_2023_2025,2023-11-22 00:00:00,2023-11-24 12:00:00,short,148.146,149.566,-142.0000000000016,1.0,-143.0000000000016,15,20,80,0,signal_flip
short_filter_ma200_down,240m,full_2023_2025,2023-11-28 16:00:00,2024-01-04 20:00:00,short,147.872,144.577,329.5000000000016,1.0,328.5000000000016,159,20,80,0,signal_flip
short_filter_ma200_down,240m,full_2023_2025,2024-01-04 20:00:00,2024-02-01 00:00:00,long,144.577,147.005,242.79999999999973,1.0,241.79999999999973,119,20,80,0,signal_flip
short_filter_ma200_down,240m,full_2023_2025,2024-02-06 12:00:00,2024-03-01 16:00:00,long,148.679,150.122,144.3000000000012,1.0,143.3000000000012,112,20,80,0,signal_flip
short_filter_ma200_down,240m,full_2023_2025,2024-03-11 16:00:00,2024-03-15 08:00:00,short,146.857,148.567,-171.0000000000008,1.0,-172.0000000000008,22,20,80,0,signal_flip
short_filter_ma200_down,240m,full_2023_2025,2024-03-19 08:00:00,2024-05-05 20:00:00,long,150.259,152.886,262.70000000000095,1.0,261.70000000000095,208,20,80,0,signal_flip
short_filter_ma200_down,240m,full_2023_2025,2024-05-13 00:00:00,2024-06-04 16:00:00,long,155.83,154.872,-95.79999999999984,1.0,-96.79999999999984,103,20,80,0,signal_flip
short_filter_ma200_down,240m,full_2023_2025,2024-06-11 20:00:00,2024-07-12 04:00:00,long,157.086,159.23,214.3999999999977,1.0,213.3999999999977,138,20,80,0,signal_flip
short_filter_ma200_down,240m,full_2023_2025,2024-07-24 20:00:00,2024-08-16 12:00:00,short,154.015,148.045,596.9999999999999,1.0,595.9999999999999,103,20,80,0,signal_flip
short_filter_ma200_down,240m,full_2023_2025,2024-08-16 12:00:00,2024-08-21 12:00:00,long,148.045,146.06,-198.49999999999852,1.0,-199.49999999999852,19,20,80,0,signal_flip
short_filter_ma200_down,240m,full_2023_2025,2024-08-21 12:00:00,2024-09-03 08:00:00,short,146.06,145.945,11.50000000000091,1.0,10.50000000000091,55,20,80,0,signal_flip
short_filter_ma200_down,240m,full_2023_2025,2024-09-03 08:00:00,2024-09-05 16:00:00,long,145.945,143.432,-251.30000000000052,1.0,-252.30000000000052,14,20,80,0,signal_flip
short_filter_ma200_down,240m,full_2023_2025,2024-09-05 16:00:00,2024-09-20 16:00:00,short,143.432,143.911,-47.90000000000134,1.0,-48.90000000000134,68,20,80,0,signal_flip
short_filter_ma200_down,240m,full_2023_2025,2024-09-20 16:00:00,2024-11-26 04:00:00,long,143.911,153.741,983.0000000000013,1.0,982.0000000000013,289,20,80,0,signal_flip
short_filter_ma200_down,240m,full_2023_2025,2024-12-05 16:00:00,2024-12-11 20:00:00,short,150.249,152.64,-239.0999999999991,1.0,-240.0999999999991,26,20,80,0,signal_flip
short_filter_ma200_down,240m,full_2023_2025,2024-12-11 20:00:00,2025-01-15 16:00:00,long,152.64,156.29,365.00000000000057,1.0,364.00000000000057,146,20,80,0,signal_flip
short_filter_ma200_down,240m,full_2023_2025,2025-02-05 12:00:00,2025-03-18 16:00:00,short,152.875,149.491,338.3999999999986,1.0,337.3999999999986,181,20,80,0,signal_flip
short_filter_ma200_down,240m,full_2023_2025,2025-03-18 16:00:00,2025-04-02 16:00:00,long,149.491,149.989,49.799999999999045,1.0,48.799999999999045,68,20,80,0,signal_flip
short_filter_ma200_down,240m,full_2023_2025,2025-04-03 00:00:00,2025-04-28 00:00:00,short,147.876,143.851,402.50000000000057,1.0,401.50000000000057,106,20,80,0,signal_flip
short_filter_ma200_down,240m,full_2023_2025,2025-04-28 00:00:00,2025-05-20 08:00:00,long,143.851,144.127,27.600000000001046,1.0,26.600000000001046,101,20,80,0,signal_flip
short_filter_ma200_down,240m,full_2023_2025,2025-05-20 08:00:00,2025-05-20 12:00:00,short,144.127,144.591,-46.399999999999864,1.0,-47.399999999999864,1,20,80,0,signal_flip
short_filter_ma200_down,240m,full_2023_2025,2025-05-21 04:00:00,2025-05-27 12:00:00,short,143.789,144.095,-30.60000000000116,1.0,-31.60000000000116,27,20,80,0,signal_flip
short_filter_ma200_down,240m,full_2023_2025,2025-06-01 20:00:00,2025-06-02 12:00:00,long,143.795,142.755,-103.9999999999992,1.0,-104.9999999999992,4,20,80,0,signal_flip
short_filter_ma200_down,240m,full_2023_2025,2025-06-06 16:00:00,2025-06-16 16:00:00,long,144.878,144.132,-74.59999999999809,1.0,-75.59999999999809,38,20,80,0,signal_flip
short_filter_ma200_down,240m,full_2023_2025,2025-06-17 00:00:00,2025-06-27 08:00:00,long,144.682,144.48,-20.199999999999818,1.0,-21.199999999999818,51,20,80,0,signal_flip
short_filter_ma200_down,240m,full_2023_2025,2025-06-27 08:00:00,2025-06-27 12:00:00,short,144.48,144.491,-1.1000000000024102,1.0,-2.10000000000241,1,20,80,0,signal_flip
short_filter_ma200_down,240m,full_2023_2025,2025-06-30 04:00:00,2025-07-03 16:00:00,short,144.218,144.967,-74.90000000000236,1.0,-75.90000000000236,21,20,80,0,signal_flip
short_filter_ma200_down,240m,full_2023_2025,2025-07-08 08:00:00,2025-07-24 00:00:00,long,146.039,146.35,31.100000000000705,1.0,30.100000000000705,72,20,80,0,signal_flip
short_filter_ma200_down,240m,full_2023_2025,2025-07-29 12:00:00,2025-08-06 04:00:00,long,148.717,147.4,-131.70000000000073,1.0,-132.70000000000073,35,20,80,0,signal_flip
short_filter_ma200_down,240m,full_2023_2025,2025-08-20 08:00:00,2025-08-27 08:00:00,long,147.627,147.758,13.100000000000023,1.0,12.100000000000023,31,20,80,0,signal_flip
short_filter_ma200_down,240m,full_2023_2025,2025-08-29 04:00:00,2025-09-02 04:00:00,short,146.988,147.703,-71.50000000000034,1.0,-72.50000000000034,13,20,80,0,signal_flip
short_filter_ma200_down,240m,full_2023_2025,2025-09-03 08:00:00,2025-09-10 00:00:00,long,148.735,147.391,-134.40000000000225,1.0,-135.40000000000225,29,20,80,0,signal_flip
short_filter_ma200_down,240m,full_2023_2025,2025-09-11 16:00:00,2025-09-12 12:00:00,short,147.167,147.837,-66.99999999999875,1.0,-67.99999999999875,5,20,80,0,signal_flip
short_filter_ma200_down,240m,full_2023_2025,2025-09-12 20:00:00,2025-09-18 16:00:00,short,147.582,148.023,-44.10000000000025,1.0,-45.10000000000025,24,20,80,0,signal_flip
short_filter_ma200_down,240m,full_2023_2025,2025-09-22 12:00:00,2025-10-02 08:00:00,long,147.842,147.079,-76.30000000000052,1.0,-77.30000000000052,48,20,80,0,signal_flip
short_filter_ma200_down,240m,full_2023_2025,2025-10-03 08:00:00,2025-10-06 00:00:00,short,147.413,149.58,-216.70000000000016,1.0,-217.70000000000016,5,20,80,0,signal_flip
short_filter_ma200_down,240m,full_2023_2025,2025-10-07 04:00:00,2025-10-20 12:00:00,long,150.361,150.702,34.10000000000082,1.0,33.10000000000082,58,20,80,0,signal_flip
short_filter_ma200_down,240m,full_2023_2025,2025-10-23 12:00:00,2025-12-02 00:00:00,long,152.669,155.56,289.0999999999991,1.0,288.0999999999991,171,20,80,0,signal_flip
short_filter_ma200_down,240m,full_2023_2025,2025-12-10 12:00:00,2025-12-15 16:00:00,long,156.708,155.157,-155.09999999999877,1.0,-156.09999999999877,20,20,80,0,signal_flip
short_filter_ma200_down,240m,full_2023_2025,2025-12-19 16:00:00,2025-12-31 20:00:00,long,157.47,156.751,-71.89999999999941,1.0,-72.89999999999941,48,20,80,0,period_end
short_filter_ma200_down,240m,dev_2023_2024,2023-01-01 20:00:00,2023-01-09 00:00:00,short,130.925,131.805,-87.99999999999955,1.0,-88.99999999999955,32,20,80,0,signal_flip
short_filter_ma200_down,240m,dev_2023_2024,2023-01-09 00:00:00,2023-01-11 08:00:00,long,131.805,132.42,61.49999999999807,1.0,60.49999999999807,14,20,80,0,signal_flip
short_filter_ma200_down,240m,dev_2023_2024,2023-01-11 08:00:00,2023-01-25 12:00:00,short,132.42,129.691,272.8999999999985,1.0,271.8999999999985,63,20,80,0,signal_flip
short_filter_ma200_down,240m,dev_2023_2024,2023-01-25 12:00:00,2023-02-03 00:00:00,long,129.691,128.763,-92.79999999999973,1.0,-93.79999999999973,40,20,80,0,signal_flip
short_filter_ma200_down,240m,dev_2023_2024,2023-02-03 00:00:00,2023-02-03 16:00:00,short,128.763,131.069,-230.59999999999832,1.0,-231.59999999999832,4,20,80,0,signal_flip
short_filter_ma200_down,240m,dev_2023_2024,2023-02-06 16:00:00,2023-03-13 12:00:00,long,132.845,133.151,30.60000000000116,1.0,29.60000000000116,154,20,80,0,signal_flip
short_filter_ma200_down,240m,dev_2023_2024,2023-03-24 20:00:00,2023-03-30 12:00:00,short,130.75,132.573,-182.30000000000075,1.0,-183.30000000000075,23,20,80,0,signal_flip
short_filter_ma200_down,240m,dev_2023_2024,2023-03-31 08:00:00,2023-04-06 20:00:00,long,133.13,131.78,-134.99999999999943,1.0,-135.99999999999943,28,20,80,0,signal_flip
short_filter_ma200_down,240m,dev_2023_2024,2023-04-06 20:00:00,2023-04-10 16:00:00,short,131.78,133.753,-197.29999999999848,1.0,-198.29999999999848,12,20,80,0,signal_flip
short_filter_ma200_down,240m,dev_2023_2024,2023-04-10 16:00:00,2023-04-28 00:00:00,long,133.753,133.804,5.100000000001614,1.0,4.100000000001614,82,20,80,0,signal_flip
short_filter_ma200_down,240m,dev_2023_2024,2023-04-28 12:00:00,2023-05-08 00:00:00,long,136.13,135.192,-93.79999999999882,1.0,-94.79999999999882,35,20,80,0,signal_flip
short_filter_ma200_down,240m,dev_2023_2024,2023-05-10 12:00:00,2023-05-11 00:00:00,long,135.312,134.101,-121.10000000000127,1.0,-122.10000000000127,3,20,80,0,signal_flip
short_filter_ma200_down,240m,dev_2023_2024,2023-05-16 08:00:00,2023-06-08 20:00:00,long,135.791,138.915,312.3999999999995,1.0,311.3999999999995,108,20,80,0,signal_flip
short_filter_ma200_down,240m,dev_2023_2024,2023-06-15 00:00:00,2023-07-10 00:00:00,long,139.968,142.21,224.20000000000186,1.0,223.20000000000186,106,20,80,0,signal_flip
short_filter_ma200_down,240m,dev_2023_2024,2023-07-13 12:00:00,2023-07-21 12:00:00,short,138.495,141.77,-327.50000000000057,1.0,-328.50000000000057,37,20,80,0,signal_flip
short_filter_ma200_down,240m,dev_2023_2024,2023-07-24 08:00:00,2023-10-09 08:00:00,long,141.412,149.166,775.3999999999991,1.0,774.3999999999991,341,20,80,0,signal_flip
short_filter_ma200_down,240m,dev_2023_2024,2023-10-13 12:00:00,2023-11-07 00:00:00,long,149.61,149.985,37.5,1.0,36.5,103,20,80,0,signal_flip
short_filter_ma200_down,240m,dev_2023_2024,2023-11-08 20:00:00,2023-11-17 16:00:00,long,151.032,149.556,-147.5999999999999,1.0,-148.5999999999999,42,20,80,0,signal_flip
short_filter_ma200_down,240m,dev_2023_2024,2023-11-22 00:00:00,2023-11-24 12:00:00,short,148.146,149.566,-142.0000000000016,1.0,-143.0000000000016,15,20,80,0,signal_flip
short_filter_ma200_down,240m,dev_2023_2024,2023-11-28 16:00:00,2024-01-04 20:00:00,short,147.872,144.577,329.5000000000016,1.0,328.5000000000016,159,20,80,0,signal_flip
short_filter_ma200_down,240m,dev_2023_2024,2024-01-04 20:00:00,2024-02-01 00:00:00,long,144.577,147.005,242.79999999999973,1.0,241.79999999999973,119,20,80,0,signal_flip
short_filter_ma200_down,240m,dev_2023_2024,2024-02-06 12:00:00,2024-03-01 16:00:00,long,148.679,150.122,144.3000000000012,1.0,143.3000000000012,112,20,80,0,signal_flip
short_filter_ma200_down,240m,dev_2023_2024,2024-03-11 16:00:00,2024-03-15 08:00:00,short,146.857,148.567,-171.0000000000008,1.0,-172.0000000000008,22,20,80,0,signal_flip
short_filter_ma200_down,240m,dev_2023_2024,2024-03-19 08:00:00,2024-05-05 20:00:00,long,150.259,152.886,262.70000000000095,1.0,261.70000000000095,208,20,80,0,signal_flip
short_filter_ma200_down,240m,dev_2023_2024,2024-05-13 00:00:00,2024-06-04 16:00:00,long,155.83,154.872,-95.79999999999984,1.0,-96.79999999999984,103,20,80,0,signal_flip
short_filter_ma200_down,240m,dev_2023_2024,2024-06-11 20:00:00,2024-07-12 04:00:00,long,157.086,159.23,214.3999999999977,1.0,213.3999999999977,138,20,80,0,signal_flip
short_filter_ma200_down,240m,dev_2023_2024,2024-07-24 20:00:00,2024-08-16 12:00:00,short,154.015,148.045,596.9999999999999,1.0,595.9999999999999,103,20,80,0,signal_flip
short_filter_ma200_down,240m,dev_2023_2024,2024-08-16 12:00:00,2024-08-21 12:00:00,long,148.045,146.06,-198.49999999999852,1.0,-199.49999999999852,19,20,80,0,signal_flip
short_filter_ma200_down,240m,dev_2023_2024,2024-08-21 12:00:00,2024-09-03 08:00:00,short,146.06,145.945,11.50000000000091,1.0,10.50000000000091,55,20,80,0,signal_flip
short_filter_ma200_down,240m,dev_2023_2024,2024-09-03 08:00:00,2024-09-05 16:00:00,long,145.945,143.432,-251.30000000000052,1.0,-252.30000000000052,14,20,80,0,signal_flip
short_filter_ma200_down,240m,dev_2023_2024,2024-09-05 16:00:00,2024-09-20 16:00:00,short,143.432,143.911,-47.90000000000134,1.0,-48.90000000000134,68,20,80,0,signal_flip
short_filter_ma200_down,240m,dev_2023_2024,2024-09-20 16:00:00,2024-11-26 04:00:00,long,143.911,153.741,983.0000000000013,1.0,982.0000000000013,289,20,80,0,signal_flip
short_filter_ma200_down,240m,dev_2023_2024,2024-12-05 16:00:00,2024-12-11 20:00:00,short,150.249,152.64,-239.0999999999991,1.0,-240.0999999999991,26,20,80,0,signal_flip
short_filter_ma200_down,240m,dev_2023_2024,2024-12-11 20:00:00,2024-12-31 20:00:00,long,152.64,157.308,466.80000000000064,1.0,465.80000000000064,84,20,80,0,period_end
short_filter_ma200_down,240m,oos_2025,2025-01-01 20:00:00,2025-01-15 16:00:00,long,157.151,156.29,-86.10000000000184,1.0,-87.10000000000184,61,20,80,0,signal_flip
short_filter_ma200_down,240m,oos_2025,2025-02-05 12:00:00,2025-03-18 16:00:00,short,152.875,149.491,338.3999999999986,1.0,337.3999999999986,181,20,80,0,signal_flip
short_filter_ma200_down,240m,oos_2025,2025-03-18 16:00:00,2025-04-02 16:00:00,long,149.491,149.989,49.799999999999045,1.0,48.799999999999045,68,20,80,0,signal_flip
short_filter_ma200_down,240m,oos_2025,2025-04-03 00:00:00,2025-04-28 00:00:00,short,147.876,143.851,402.50000000000057,1.0,401.50000000000057,106,20,80,0,signal_flip
short_filter_ma200_down,240m,oos_2025,2025-04-28 00:00:00,2025-05-20 08:00:00,long,143.851,144.127,27.600000000001046,1.0,26.600000000001046,101,20,80,0,signal_flip
short_filter_ma200_down,240m,oos_2025,2025-05-20 08:00:00,2025-05-20 12:00:00,short,144.127,144.591,-46.399999999999864,1.0,-47.399999999999864,1,20,80,0,signal_flip
short_filter_ma200_down,240m,oos_2025,2025-05-21 04:00:00,2025-05-27 12:00:00,short,143.789,144.095,-30.60000000000116,1.0,-31.60000000000116,27,20,80,0,signal_flip
short_filter_ma200_down,240m,oos_2025,2025-06-01 20:00:00,2025-06-02 12:00:00,long,143.795,142.755,-103.9999999999992,1.0,-104.9999999999992,4,20,80,0,signal_flip
short_filter_ma200_down,240m,oos_2025,2025-06-06 16:00:00,2025-06-16 16:00:00,long,144.878,144.132,-74.59999999999809,1.0,-75.59999999999809,38,20,80,0,signal_flip
short_filter_ma200_down,240m,oos_2025,2025-06-17 00:00:00,2025-06-27 08:00:00,long,144.682,144.48,-20.199999999999818,1.0,-21.199999999999818,51,20,80,0,signal_flip
short_filter_ma200_down,240m,oos_2025,2025-06-27 08:00:00,2025-06-27 12:00:00,short,144.48,144.491,-1.1000000000024102,1.0,-2.10000000000241,1,20,80,0,signal_flip
short_filter_ma200_down,240m,oos_2025,2025-06-30 04:00:00,2025-07-03 16:00:00,short,144.218,144.967,-74.90000000000236,1.0,-75.90000000000236,21,20,80,0,signal_flip
short_filter_ma200_down,240m,oos_2025,2025-07-08 08:00:00,2025-07-24 00:00:00,long,146.039,146.35,31.100000000000705,1.0,30.100000000000705,72,20,80,0,signal_flip
short_filter_ma200_down,240m,oos_2025,2025-07-29 12:00:00,2025-08-06 04:00:00,long,148.717,147.4,-131.70000000000073,1.0,-132.70000000000073,35,20,80,0,signal_flip
short_filter_ma200_down,240m,oos_2025,2025-08-20 08:00:00,2025-08-27 08:00:00,long,147.627,147.758,13.100000000000023,1.0,12.100000000000023,31,20,80,0,signal_flip
short_filter_ma200_down,240m,oos_2025,2025-08-29 04:00:00,2025-09-02 04:00:00,short,146.988,147.703,-71.50000000000034,1.0,-72.50000000000034,13,20,80,0,signal_flip
short_filter_ma200_down,240m,oos_2025,2025-09-03 08:00:00,2025-09-10 00:00:00,long,148.735,147.391,-134.40000000000225,1.0,-135.40000000000225,29,20,80,0,signal_flip
short_filter_ma200_down,240m,oos_2025,2025-09-11 16:00:00,2025-09-12 12:00:00,short,147.167,147.837,-66.99999999999875,1.0,-67.99999999999875,5,20,80,0,signal_flip
short_filter_ma200_down,240m,oos_2025,2025-09-12 20:00:00,2025-09-18 16:00:00,short,147.582,148.023,-44.10000000000025,1.0,-45.10000000000025,24,20,80,0,signal_flip
short_filter_ma200_down,240m,oos_2025,2025-09-22 12:00:00,2025-10-02 08:00:00,long,147.842,147.079,-76.30000000000052,1.0,-77.30000000000052,48,20,80,0,signal_flip
short_filter_ma200_down,240m,oos_2025,2025-10-03 08:00:00,2025-10-06 00:00:00,short,147.413,149.58,-216.70000000000016,1.0,-217.70000000000016,5,20,80,0,signal_flip
short_filter_ma200_down,240m,oos_2025,2025-10-07 04:00:00,2025-10-20 12:00:00,long,150.361,150.702,34.10000000000082,1.0,33.10000000000082,58,20,80,0,signal_flip
short_filter_ma200_down,240m,oos_2025,2025-10-23 12:00:00,2025-12-02 00:00:00,long,152.669,155.56,289.0999999999991,1.0,288.0999999999991,171,20,80,0,signal_flip
short_filter_ma200_down,240m,oos_2025,2025-12-10 12:00:00,2025-12-15 16:00:00,long,156.708,155.157,-155.09999999999877,1.0,-156.09999999999877,20,20,80,0,signal_flip
short_filter_ma200_down,240m,oos_2025,2025-12-19 16:00:00,2025-12-31 20:00:00,long,157.47,156.751,-71.89999999999941,1.0,-72.89999999999941,48,20,80,0,period_end
