currency,country_code,tenor,observation_date,yield_percent,source,source_series_id,source_url,quality_status,loaded_at
EUR,,2Y,2021-06-16,-0.7169604049320211,ecb_yield_curve_aaa,YC.B.U2.EUR.4F.G_N_A.SV_C_YM.SR_2Y,https://data-api.ecb.europa.eu/service/data/YC/B.U2.EUR.4F.G_N_A.SV_C_YM.SR_2Y?format=csvdata&startPeriod=2021-06-16,ok,2026-06-16 04:50:51.494909
EUR,,2Y,2021-06-17,-0.7071526445436853,ecb_yield_curve_aaa,YC.B.U2.EUR.4F.G_N_A.SV_C_YM.SR_2Y,https://data-api.ecb.europa.eu/service/data/YC/B.U2.EUR.4F.G_N_A.SV_C_YM.SR_2Y?format=csvdata&startPeriod=2021-06-16,ok,2026-06-16 04:50:51.494909
EUR,,2Y,2021-06-18,-0.704005557819039,ecb_yield_curve_aaa,YC.B.U2.EUR.4F.G_N_A.SV_C_YM.SR_2Y,https://data-api.ecb.europa.eu/service/data/YC/B.U2.EUR.4F.G_N_A.SV_C_YM.SR_2Y?format=csvdata&startPeriod=2021-06-16,ok,2026-06-16 04:50:51.494909
EUR,,2Y,2021-06-21,-0.6882652226017199,ecb_yield_curve_aaa,YC.B.U2.EUR.4F.G_N_A.SV_C_YM.SR_2Y,https://data-api.ecb.europa.eu/service/data/YC/B.U2.EUR.4F.G_N_A.SV_C_YM.SR_2Y?format=csvdata&startPeriod=2021-06-16,ok,2026-06-16 04:50:51.494909
EUR,,2Y,2021-06-22,-0.6916945045152081,ecb_yield_curve_aaa,YC.B.U2.EUR.4F.G_N_A.SV_C_YM.SR_2Y,https://data-api.ecb.europa.eu/service/data/YC/B.U2.EUR.4F.G_N_A.SV_C_YM.SR_2Y?format=csvdata&startPeriod=2021-06-16,ok,2026-06-16 04:50:51.494909
EUR,,2Y,2021-06-23,-0.6963474035699209,ecb_yield_curve_aaa,YC.B.U2.EUR.4F.G_N_A.SV_C_YM.SR_2Y,https://data-api.ecb.europa.eu/service/data/YC/B.U2.EUR.4F.G_N_A.SV_C_YM.SR_2Y?format=csvdata&startPeriod=2021-06-16,ok,2026-06-16 04:50:51.494909
EUR,,2Y,2021-06-24,-0.6975785065062854,ecb_yield_curve_aaa,YC.B.U2.EUR.4F.G_N_A.SV_C_YM.SR_2Y,https://data-api.ecb.europa.eu/service/data/YC/B.U2.EUR.4F.G_N_A.SV_C_YM.SR_2Y?format=csvdata&startPeriod=2021-06-16,ok,2026-06-16 04:50:51.494909
EUR,,2Y,2021-06-25,-0.6903543421324105,ecb_yield_curve_aaa,YC.B.U2.EUR.4F.G_N_A.SV_C_YM.SR_2Y,https://data-api.ecb.europa.eu/service/data/YC/B.U2.EUR.4F.G_N_A.SV_C_YM.SR_2Y?format=csvdata&startPeriod=2021-06-16,ok,2026-06-16 04:50:51.494909
EUR,,2Y,2021-06-28,-0.6926208447854767,ecb_yield_curve_aaa,YC.B.U2.EUR.4F.G_N_A.SV_C_YM.SR_2Y,https://data-api.ecb.europa.eu/service/data/YC/B.U2.EUR.4F.G_N_A.SV_C_YM.SR_2Y?format=csvdata&startPeriod=2021-06-16,ok,2026-06-16 04:50:51.494909
EUR,,2Y,2021-06-29,-0.6915549458226322,ecb_yield_curve_aaa,YC.B.U2.EUR.4F.G_N_A.SV_C_YM.SR_2Y,https://data-api.ecb.europa.eu/service/data/YC/B.U2.EUR.4F.G_N_A.SV_C_YM.SR_2Y?format=csvdata&startPeriod=2021-06-16,ok,2026-06-16 04:50:51.494909
EUR,,2Y,2021-06-30,-0.6975142228883702,ecb_yield_curve_aaa,YC.B.U2.EUR.4F.G_N_A.SV_C_YM.SR_2Y,https://data-api.ecb.europa.eu/service/data/YC/B.U2.EUR.4F.G_N_A.SV_C_YM.SR_2Y?format=csvdata&startPeriod=2021-06-16,ok,2026-06-16 04:50:51.494909
EUR,,2Y,2021-07-01,-0.7051665737873147,ecb_yield_curve_aaa,YC.B.U2.EUR.4F.G_N_A.SV_C_YM.SR_2Y,https://data-api.ecb.europa.eu/service/data/YC/B.U2.EUR.4F.G_N_A.SV_C_YM.SR_2Y?format=csvdata&startPeriod=2021-06-16,ok,2026-06-16 04:50:51.494909
EUR,,2Y,2021-07-02,-0.7118871514456897,ecb_yield_curve_aaa,YC.B.U2.EUR.4F.G_N_A.SV_C_YM.SR_2Y,https://data-api.ecb.europa.eu/service/data/YC/B.U2.EUR.4F.G_N_A.SV_C_YM.SR_2Y?format=csvdata&startPeriod=2021-06-16,ok,2026-06-16 04:50:51.494909
EUR,,2Y,2021-07-05,-0.7041627841966973,ecb_yield_curve_aaa,YC.B.U2.EUR.4F.G_N_A.SV_C_YM.SR_2Y,https://data-api.ecb.europa.eu/service/data/YC/B.U2.EUR.4F.G_N_A.SV_C_YM.SR_2Y?format=csvdata&startPeriod=2021-06-16,ok,2026-06-16 04:50:51.494909
EUR,,2Y,2021-07-06,-0.7150367268257831,ecb_yield_curve_aaa,YC.B.U2.EUR.4F.G_N_A.SV_C_YM.SR_2Y,https://data-api.ecb.europa.eu/service/data/YC/B.U2.EUR.4F.G_N_A.SV_C_YM.SR_2Y?format=csvdata&startPeriod=2021-06-16,ok,2026-06-16 04:50:51.494909
EUR,,2Y,2021-07-07,-0.7246165740793096,ecb_yield_curve_aaa,YC.B.U2.EUR.4F.G_N_A.SV_C_YM.SR_2Y,https://data-api.ecb.europa.eu/service/data/YC/B.U2.EUR.4F.G_N_A.SV_C_YM.SR_2Y?format=csvdata&startPeriod=2021-06-16,ok,2026-06-16 04:50:51.494909
EUR,,2Y,2021-07-08,-0.7311877311064714,ecb_yield_curve_aaa,YC.B.U2.EUR.4F.G_N_A.SV_C_YM.SR_2Y,https://data-api.ecb.europa.eu/service/data/YC/B.U2.EUR.4F.G_N_A.SV_C_YM.SR_2Y?format=csvdata&startPeriod=2021-06-16,ok,2026-06-16 04:50:51.494909
EUR,,2Y,2021-07-09,-0.7218079162157296,ecb_yield_curve_aaa,YC.B.U2.EUR.4F.G_N_A.SV_C_YM.SR_2Y,https://data-api.ecb.europa.eu/service/data/YC/B.U2.EUR.4F.G_N_A.SV_C_YM.SR_2Y?format=csvdata&startPeriod=2021-06-16,ok,2026-06-16 04:50:51.494909
EUR,,2Y,2021-07-12,-0.7205715462822535,ecb_yield_curve_aaa,YC.B.U2.EUR.4F.G_N_A.SV_C_YM.SR_2Y,https://data-api.ecb.europa.eu/service/data/YC/B.U2.EUR.4F.G_N_A.SV_C_YM.SR_2Y?format=csvdata&startPeriod=2021-06-16,ok,2026-06-16 04:50:51.494909
EUR,,2Y,2021-07-13,-0.7178384880520152,ecb_yield_curve_aaa,YC.B.U2.EUR.4F.G_N_A.SV_C_YM.SR_2Y,https://data-api.ecb.europa.eu/service/data/YC/B.U2.EUR.4F.G_N_A.SV_C_YM.SR_2Y?format=csvdata&startPeriod=2021-06-16,ok,2026-06-16 04:50:51.494909
EUR,,2Y,2021-07-14,-0.7215853209086713,ecb_yield_curve_aaa,YC.B.U2.EUR.4F.G_N_A.SV_C_YM.SR_2Y,https://data-api.ecb.europa.eu/service/data/YC/B.U2.EUR.4F.G_N_A.SV_C_YM.SR_2Y?format=csvdata&startPeriod=2021-06-16,ok,2026-06-16 04:50:51.494909
EUR,,2Y,2021-07-15,-0.7310942023705036,ecb_yield_curve_aaa,YC.B.U2.EUR.4F.G_N_A.SV_C_YM.SR_2Y,https://data-api.ecb.europa.eu/service/data/YC/B.U2.EUR.4F.G_N_A.SV_C_YM.SR_2Y?format=csvdata&startPeriod=2021-06-16,ok,2026-06-16 04:50:51.494909
EUR,,2Y,2021-07-16,-0.7369927435850301,ecb_yield_curve_aaa,YC.B.U2.EUR.4F.G_N_A.SV_C_YM.SR_2Y,https://data-api.ecb.europa.eu/service/data/YC/B.U2.EUR.4F.G_N_A.SV_C_YM.SR_2Y?format=csvdata&startPeriod=2021-06-16,ok,2026-06-16 04:50:51.494909
EUR,,2Y,2021-07-19,-0.739063183118831,ecb_yield_curve_aaa,YC.B.U2.EUR.4F.G_N_A.SV_C_YM.SR_2Y,https://data-api.ecb.europa.eu/service/data/YC/B.U2.EUR.4F.G_N_A.SV_C_YM.SR_2Y?format=csvdata&startPeriod=2021-06-16,ok,2026-06-16 04:50:51.494909
EUR,,2Y,2021-07-20,-0.7664669255325203,ecb_yield_curve_aaa,YC.B.U2.EUR.4F.G_N_A.SV_C_YM.SR_2Y,https://data-api.ecb.europa.eu/service/data/YC/B.U2.EUR.4F.G_N_A.SV_C_YM.SR_2Y?format=csvdata&startPeriod=2021-06-16,ok,2026-06-16 04:50:51.494909
EUR,,2Y,2021-07-21,-0.763884906546648,ecb_yield_curve_aaa,YC.B.U2.EUR.4F.G_N_A.SV_C_YM.SR_2Y,https://data-api.ecb.europa.eu/service/data/YC/B.U2.EUR.4F.G_N_A.SV_C_YM.SR_2Y?format=csvdata&startPeriod=2021-06-16,ok,2026-06-16 04:50:51.494909
EUR,,2Y,2021-07-22,-0.7689008862518654,ecb_yield_curve_aaa,YC.B.U2.EUR.4F.G_N_A.SV_C_YM.SR_2Y,https://data-api.ecb.europa.eu/service/data/YC/B.U2.EUR.4F.G_N_A.SV_C_YM.SR_2Y?format=csvdata&startPeriod=2021-06-16,ok,2026-06-16 04:50:51.494909
EUR,,2Y,2021-07-23,-0.7747967285703887,ecb_yield_curve_aaa,YC.B.U2.EUR.4F.G_N_A.SV_C_YM.SR_2Y,https://data-api.ecb.europa.eu/service/data/YC/B.U2.EUR.4F.G_N_A.SV_C_YM.SR_2Y?format=csvdata&startPeriod=2021-06-16,ok,2026-06-16 04:50:51.494909
EUR,,2Y,2021-07-26,-0.7771063595863219,ecb_yield_curve_aaa,YC.B.U2.EUR.4F.G_N_A.SV_C_YM.SR_2Y,https://data-api.ecb.europa.eu/service/data/YC/B.U2.EUR.4F.G_N_A.SV_C_YM.SR_2Y?format=csvdata&startPeriod=2021-06-16,ok,2026-06-16 04:50:51.494909
EUR,,2Y,2021-07-27,-0.7923405478388634,ecb_yield_curve_aaa,YC.B.U2.EUR.4F.G_N_A.SV_C_YM.SR_2Y,https://data-api.ecb.europa.eu/service/data/YC/B.U2.EUR.4F.G_N_A.SV_C_YM.SR_2Y?format=csvdata&startPeriod=2021-06-16,ok,2026-06-16 04:50:51.494909
EUR,,2Y,2021-07-28,-0.8001788723696266,ecb_yield_curve_aaa,YC.B.U2.EUR.4F.G_N_A.SV_C_YM.SR_2Y,https://data-api.ecb.europa.eu/service/data/YC/B.U2.EUR.4F.G_N_A.SV_C_YM.SR_2Y?format=csvdata&startPeriod=2021-06-16,ok,2026-06-16 04:50:51.494909
EUR,,2Y,2021-07-29,-0.8002441383034964,ecb_yield_curve_aaa,YC.B.U2.EUR.4F.G_N_A.SV_C_YM.SR_2Y,https://data-api.ecb.europa.eu/service/data/YC/B.U2.EUR.4F.G_N_A.SV_C_YM.SR_2Y?format=csvdata&startPeriod=2021-06-16,ok,2026-06-16 04:50:51.494909
EUR,,2Y,2021-07-30,-0.803462493440618,ecb_yield_curve_aaa,YC.B.U2.EUR.4F.G_N_A.SV_C_YM.SR_2Y,https://data-api.ecb.europa.eu/service/data/YC/B.U2.EUR.4F.G_N_A.SV_C_YM.SR_2Y?format=csvdata&startPeriod=2021-06-16,ok,2026-06-16 04:50:51.494909
EUR,,2Y,2021-08-02,-0.8073620982997873,ecb_yield_curve_aaa,YC.B.U2.EUR.4F.G_N_A.SV_C_YM.SR_2Y,https://data-api.ecb.europa.eu/service/data/YC/B.U2.EUR.4F.G_N_A.SV_C_YM.SR_2Y?format=csvdata&startPeriod=2021-06-16,ok,2026-06-16 04:50:51.494909
EUR,,2Y,2021-08-03,-0.8173601293124746,ecb_yield_curve_aaa,YC.B.U2.EUR.4F.G_N_A.SV_C_YM.SR_2Y,https://data-api.ecb.europa.eu/service/data/YC/B.U2.EUR.4F.G_N_A.SV_C_YM.SR_2Y?format=csvdata&startPeriod=2021-06-16,ok,2026-06-16 04:50:51.494909
EUR,,2Y,2021-08-04,-0.8219306018635972,ecb_yield_curve_aaa,YC.B.U2.EUR.4F.G_N_A.SV_C_YM.SR_2Y,https://data-api.ecb.europa.eu/service/data/YC/B.U2.EUR.4F.G_N_A.SV_C_YM.SR_2Y?format=csvdata&startPeriod=2021-06-16,ok,2026-06-16 04:50:51.494909
EUR,,2Y,2021-08-05,-0.8263499844486377,ecb_yield_curve_aaa,YC.B.U2.EUR.4F.G_N_A.SV_C_YM.SR_2Y,https://data-api.ecb.europa.eu/service/data/YC/B.U2.EUR.4F.G_N_A.SV_C_YM.SR_2Y?format=csvdata&startPeriod=2021-06-16,ok,2026-06-16 04:50:51.494909
EUR,,2Y,2021-08-06,-0.802592480076969,ecb_yield_curve_aaa,YC.B.U2.EUR.4F.G_N_A.SV_C_YM.SR_2Y,https://data-api.ecb.europa.eu/service/data/YC/B.U2.EUR.4F.G_N_A.SV_C_YM.SR_2Y?format=csvdata&startPeriod=2021-06-16,ok,2026-06-16 04:50:51.494909
EUR,,2Y,2021-08-09,-0.799762347164197,ecb_yield_curve_aaa,YC.B.U2.EUR.4F.G_N_A.SV_C_YM.SR_2Y,https://data-api.ecb.europa.eu/service/data/YC/B.U2.EUR.4F.G_N_A.SV_C_YM.SR_2Y?format=csvdata&startPeriod=2021-06-16,ok,2026-06-16 04:50:51.494909
EUR,,2Y,2021-08-10,-0.7989362832154403,ecb_yield_curve_aaa,YC.B.U2.EUR.4F.G_N_A.SV_C_YM.SR_2Y,https://data-api.ecb.europa.eu/service/data/YC/B.U2.EUR.4F.G_N_A.SV_C_YM.SR_2Y?format=csvdata&startPeriod=2021-06-16,ok,2026-06-16 04:50:51.494909
EUR,,2Y,2021-08-11,-0.7905221279810342,ecb_yield_curve_aaa,YC.B.U2.EUR.4F.G_N_A.SV_C_YM.SR_2Y,https://data-api.ecb.europa.eu/service/data/YC/B.U2.EUR.4F.G_N_A.SV_C_YM.SR_2Y?format=csvdata&startPeriod=2021-06-16,ok,2026-06-16 04:50:51.494909
EUR,,2Y,2021-08-12,-0.7905877030814996,ecb_yield_curve_aaa,YC.B.U2.EUR.4F.G_N_A.SV_C_YM.SR_2Y,https://data-api.ecb.europa.eu/service/data/YC/B.U2.EUR.4F.G_N_A.SV_C_YM.SR_2Y?format=csvdata&startPeriod=2021-06-16,ok,2026-06-16 04:50:51.494909
EUR,,2Y,2021-08-13,-0.7862938428774973,ecb_yield_curve_aaa,YC.B.U2.EUR.4F.G_N_A.SV_C_YM.SR_2Y,https://data-api.ecb.europa.eu/service/data/YC/B.U2.EUR.4F.G_N_A.SV_C_YM.SR_2Y?format=csvdata&startPeriod=2021-06-16,ok,2026-06-16 04:50:51.494909
EUR,,2Y,2021-08-16,-0.7902665669077913,ecb_yield_curve_aaa,YC.B.U2.EUR.4F.G_N_A.SV_C_YM.SR_2Y,https://data-api.ecb.europa.eu/service/data/YC/B.U2.EUR.4F.G_N_A.SV_C_YM.SR_2Y?format=csvdata&startPeriod=2021-06-16,ok,2026-06-16 04:50:51.494909
EUR,,2Y,2021-08-17,-0.7900480548947515,ecb_yield_curve_aaa,YC.B.U2.EUR.4F.G_N_A.SV_C_YM.SR_2Y,https://data-api.ecb.europa.eu/service/data/YC/B.U2.EUR.4F.G_N_A.SV_C_YM.SR_2Y?format=csvdata&startPeriod=2021-06-16,ok,2026-06-16 04:50:51.494909
EUR,,2Y,2021-08-18,-0.793723179344918,ecb_yield_curve_aaa,YC.B.U2.EUR.4F.G_N_A.SV_C_YM.SR_2Y,https://data-api.ecb.europa.eu/service/data/YC/B.U2.EUR.4F.G_N_A.SV_C_YM.SR_2Y?format=csvdata&startPeriod=2021-06-16,ok,2026-06-16 04:50:51.494909
EUR,,2Y,2021-08-19,-0.79183616417973,ecb_yield_curve_aaa,YC.B.U2.EUR.4F.G_N_A.SV_C_YM.SR_2Y,https://data-api.ecb.europa.eu/service/data/YC/B.U2.EUR.4F.G_N_A.SV_C_YM.SR_2Y?format=csvdata&startPeriod=2021-06-16,ok,2026-06-16 04:50:51.494909
EUR,,2Y,2021-08-20,-0.7960151546551062,ecb_yield_curve_aaa,YC.B.U2.EUR.4F.G_N_A.SV_C_YM.SR_2Y,https://data-api.ecb.europa.eu/service/data/YC/B.U2.EUR.4F.G_N_A.SV_C_YM.SR_2Y?format=csvdata&startPeriod=2021-06-16,ok,2026-06-16 04:50:51.494909
EUR,,2Y,2021-08-23,-0.7940994190893744,ecb_yield_curve_aaa,YC.B.U2.EUR.4F.G_N_A.SV_C_YM.SR_2Y,https://data-api.ecb.europa.eu/service/data/YC/B.U2.EUR.4F.G_N_A.SV_C_YM.SR_2Y?format=csvdata&startPeriod=2021-06-16,ok,2026-06-16 04:50:51.494909
EUR,,2Y,2021-08-24,-0.7896935209390508,ecb_yield_curve_aaa,YC.B.U2.EUR.4F.G_N_A.SV_C_YM.SR_2Y,https://data-api.ecb.europa.eu/service/data/YC/B.U2.EUR.4F.G_N_A.SV_C_YM.SR_2Y?format=csvdata&startPeriod=2021-06-16,ok,2026-06-16 04:50:51.494909
EUR,,2Y,2021-08-25,-0.7824657141663569,ecb_yield_curve_aaa,YC.B.U2.EUR.4F.G_N_A.SV_C_YM.SR_2Y,https://data-api.ecb.europa.eu/service/data/YC/B.U2.EUR.4F.G_N_A.SV_C_YM.SR_2Y?format=csvdata&startPeriod=2021-06-16,ok,2026-06-16 04:50:51.494909
EUR,,2Y,2021-08-26,-0.7752687412144037,ecb_yield_curve_aaa,YC.B.U2.EUR.4F.G_N_A.SV_C_YM.SR_2Y,https://data-api.ecb.europa.eu/service/data/YC/B.U2.EUR.4F.G_N_A.SV_C_YM.SR_2Y?format=csvdata&startPeriod=2021-06-16,ok,2026-06-16 04:50:51.494909
EUR,,2Y,2021-08-27,-0.7723546007914206,ecb_yield_curve_aaa,YC.B.U2.EUR.4F.G_N_A.SV_C_YM.SR_2Y,https://data-api.ecb.europa.eu/service/data/YC/B.U2.EUR.4F.G_N_A.SV_C_YM.SR_2Y?format=csvdata&startPeriod=2021-06-16,ok,2026-06-16 04:50:51.494909
EUR,,2Y,2021-08-30,-0.7751859443485756,ecb_yield_curve_aaa,YC.B.U2.EUR.4F.G_N_A.SV_C_YM.SR_2Y,https://data-api.ecb.europa.eu/service/data/YC/B.U2.EUR.4F.G_N_A.SV_C_YM.SR_2Y?format=csvdata&startPeriod=2021-06-16,ok,2026-06-16 04:50:51.494909
EUR,,2Y,2021-08-31,-0.7652988842901691,ecb_yield_curve_aaa,YC.B.U2.EUR.4F.G_N_A.SV_C_YM.SR_2Y,https://data-api.ecb.europa.eu/service/data/YC/B.U2.EUR.4F.G_N_A.SV_C_YM.SR_2Y?format=csvdata&startPeriod=2021-06-16,ok,2026-06-16 04:50:51.494909
EUR,,2Y,2021-09-01,-0.7647790566397767,ecb_yield_curve_aaa,YC.B.U2.EUR.4F.G_N_A.SV_C_YM.SR_2Y,https://data-api.ecb.europa.eu/service/data/YC/B.U2.EUR.4F.G_N_A.SV_C_YM.SR_2Y?format=csvdata&startPeriod=2021-06-16,ok,2026-06-16 04:50:51.494909
EUR,,2Y,2021-09-02,-0.7693184055061459,ecb_yield_curve_aaa,YC.B.U2.EUR.4F.G_N_A.SV_C_YM.SR_2Y,https://data-api.ecb.europa.eu/service/data/YC/B.U2.EUR.4F.G_N_A.SV_C_YM.SR_2Y?format=csvdata&startPeriod=2021-06-16,ok,2026-06-16 04:50:51.494909
EUR,,2Y,2021-09-03,-0.7600206032738288,ecb_yield_curve_aaa,YC.B.U2.EUR.4F.G_N_A.SV_C_YM.SR_2Y,https://data-api.ecb.europa.eu/service/data/YC/B.U2.EUR.4F.G_N_A.SV_C_YM.SR_2Y?format=csvdata&startPeriod=2021-06-16,ok,2026-06-16 04:50:51.494909
EUR,,2Y,2021-09-06,-0.7602533513244918,ecb_yield_curve_aaa,YC.B.U2.EUR.4F.G_N_A.SV_C_YM.SR_2Y,https://data-api.ecb.europa.eu/service/data/YC/B.U2.EUR.4F.G_N_A.SV_C_YM.SR_2Y?format=csvdata&startPeriod=2021-06-16,ok,2026-06-16 04:50:51.494909
EUR,,2Y,2021-09-07,-0.7457248689891807,ecb_yield_curve_aaa,YC.B.U2.EUR.4F.G_N_A.SV_C_YM.SR_2Y,https://data-api.ecb.europa.eu/service/data/YC/B.U2.EUR.4F.G_N_A.SV_C_YM.SR_2Y?format=csvdata&startPeriod=2021-06-16,ok,2026-06-16 04:50:51.494909
EUR,,2Y,2021-09-08,-0.7406805964332168,ecb_yield_curve_aaa,YC.B.U2.EUR.4F.G_N_A.SV_C_YM.SR_2Y,https://data-api.ecb.europa.eu/service/data/YC/B.U2.EUR.4F.G_N_A.SV_C_YM.SR_2Y?format=csvdata&startPeriod=2021-06-16,ok,2026-06-16 04:50:51.494909
EUR,,2Y,2021-09-09,-0.7544410981945318,ecb_yield_curve_aaa,YC.B.U2.EUR.4F.G_N_A.SV_C_YM.SR_2Y,https://data-api.ecb.europa.eu/service/data/YC/B.U2.EUR.4F.G_N_A.SV_C_YM.SR_2Y?format=csvdata&startPeriod=2021-06-16,ok,2026-06-16 04:50:51.494909
EUR,,2Y,2021-09-10,-0.7504663276541699,ecb_yield_curve_aaa,YC.B.U2.EUR.4F.G_N_A.SV_C_YM.SR_2Y,https://data-api.ecb.europa.eu/service/data/YC/B.U2.EUR.4F.G_N_A.SV_C_YM.SR_2Y?format=csvdata&startPeriod=2021-06-16,ok,2026-06-16 04:50:51.494909
EUR,,2Y,2021-09-13,-0.7526492760982915,ecb_yield_curve_aaa,YC.B.U2.EUR.4F.G_N_A.SV_C_YM.SR_2Y,https://data-api.ecb.europa.eu/service/data/YC/B.U2.EUR.4F.G_N_A.SV_C_YM.SR_2Y?format=csvdata&startPeriod=2021-06-16,ok,2026-06-16 04:50:51.494909
EUR,,2Y,2021-09-14,-0.7558236026865965,ecb_yield_curve_aaa,YC.B.U2.EUR.4F.G_N_A.SV_C_YM.SR_2Y,https://data-api.ecb.europa.eu/service/data/YC/B.U2.EUR.4F.G_N_A.SV_C_YM.SR_2Y?format=csvdata&startPeriod=2021-06-16,ok,2026-06-16 04:50:51.494909
EUR,,2Y,2021-09-15,-0.7483624846221291,ecb_yield_curve_aaa,YC.B.U2.EUR.4F.G_N_A.SV_C_YM.SR_2Y,https://data-api.ecb.europa.eu/service/data/YC/B.U2.EUR.4F.G_N_A.SV_C_YM.SR_2Y?format=csvdata&startPeriod=2021-06-16,ok,2026-06-16 04:50:51.494909
EUR,,2Y,2021-09-16,-0.7451800822588832,ecb_yield_curve_aaa,YC.B.U2.EUR.4F.G_N_A.SV_C_YM.SR_2Y,https://data-api.ecb.europa.eu/service/data/YC/B.U2.EUR.4F.G_N_A.SV_C_YM.SR_2Y?format=csvdata&startPeriod=2021-06-16,ok,2026-06-16 04:50:51.494909
EUR,,2Y,2021-09-17,-0.7385584218867942,ecb_yield_curve_aaa,YC.B.U2.EUR.4F.G_N_A.SV_C_YM.SR_2Y,https://data-api.ecb.europa.eu/service/data/YC/B.U2.EUR.4F.G_N_A.SV_C_YM.SR_2Y?format=csvdata&startPeriod=2021-06-16,ok,2026-06-16 04:50:51.494909
EUR,,2Y,2021-09-20,-0.7587669192190343,ecb_yield_curve_aaa,YC.B.U2.EUR.4F.G_N_A.SV_C_YM.SR_2Y,https://data-api.ecb.europa.eu/service/data/YC/B.U2.EUR.4F.G_N_A.SV_C_YM.SR_2Y?format=csvdata&startPeriod=2021-06-16,ok,2026-06-16 04:50:51.494909
EUR,,2Y,2021-09-21,-0.7598248127680034,ecb_yield_curve_aaa,YC.B.U2.EUR.4F.G_N_A.SV_C_YM.SR_2Y,https://data-api.ecb.europa.eu/service/data/YC/B.U2.EUR.4F.G_N_A.SV_C_YM.SR_2Y?format=csvdata&startPeriod=2021-06-16,ok,2026-06-16 04:50:51.494909
EUR,,2Y,2021-09-22,-0.753264230809602,ecb_yield_curve_aaa,YC.B.U2.EUR.4F.G_N_A.SV_C_YM.SR_2Y,https://data-api.ecb.europa.eu/service/data/YC/B.U2.EUR.4F.G_N_A.SV_C_YM.SR_2Y?format=csvdata&startPeriod=2021-06-16,ok,2026-06-16 04:50:51.494909
EUR,,2Y,2021-09-23,-0.7364293694205342,ecb_yield_curve_aaa,YC.B.U2.EUR.4F.G_N_A.SV_C_YM.SR_2Y,https://data-api.ecb.europa.eu/service/data/YC/B.U2.EUR.4F.G_N_A.SV_C_YM.SR_2Y?format=csvdata&startPeriod=2021-06-16,ok,2026-06-16 04:50:51.494909
EUR,,2Y,2021-09-24,-0.7235101398658355,ecb_yield_curve_aaa,YC.B.U2.EUR.4F.G_N_A.SV_C_YM.SR_2Y,https://data-api.ecb.europa.eu/service/data/YC/B.U2.EUR.4F.G_N_A.SV_C_YM.SR_2Y?format=csvdata&startPeriod=2021-06-16,ok,2026-06-16 04:50:51.494909
EUR,,2Y,2021-09-27,-0.7231632600328715,ecb_yield_curve_aaa,YC.B.U2.EUR.4F.G_N_A.SV_C_YM.SR_2Y,https://data-api.ecb.europa.eu/service/data/YC/B.U2.EUR.4F.G_N_A.SV_C_YM.SR_2Y?format=csvdata&startPeriod=2021-06-16,ok,2026-06-16 04:50:51.494909
EUR,,2Y,2021-09-28,-0.7139845543304291,ecb_yield_curve_aaa,YC.B.U2.EUR.4F.G_N_A.SV_C_YM.SR_2Y,https://data-api.ecb.europa.eu/service/data/YC/B.U2.EUR.4F.G_N_A.SV_C_YM.SR_2Y?format=csvdata&startPeriod=2021-06-16,ok,2026-06-16 04:50:51.494909
EUR,,2Y,2021-09-29,-0.7270764135142707,ecb_yield_curve_aaa,YC.B.U2.EUR.4F.G_N_A.SV_C_YM.SR_2Y,https://data-api.ecb.europa.eu/service/data/YC/B.U2.EUR.4F.G_N_A.SV_C_YM.SR_2Y?format=csvdata&startPeriod=2021-06-16,ok,2026-06-16 04:50:51.494909
EUR,,2Y,2021-09-30,-0.7205593344489154,ecb_yield_curve_aaa,YC.B.U2.EUR.4F.G_N_A.SV_C_YM.SR_2Y,https://data-api.ecb.europa.eu/service/data/YC/B.U2.EUR.4F.G_N_A.SV_C_YM.SR_2Y?format=csvdata&startPeriod=2021-06-16,ok,2026-06-16 04:50:51.494909
EUR,,2Y,2021-10-01,-0.7405819279765105,ecb_yield_curve_aaa,YC.B.U2.EUR.4F.G_N_A.SV_C_YM.SR_2Y,https://data-api.ecb.europa.eu/service/data/YC/B.U2.EUR.4F.G_N_A.SV_C_YM.SR_2Y?format=csvdata&startPeriod=2021-06-16,ok,2026-06-16 04:50:51.494909
EUR,,2Y,2021-10-04,-0.7358192666038468,ecb_yield_curve_aaa,YC.B.U2.EUR.4F.G_N_A.SV_C_YM.SR_2Y,https://data-api.ecb.europa.eu/service/data/YC/B.U2.EUR.4F.G_N_A.SV_C_YM.SR_2Y?format=csvdata&startPeriod=2021-06-16,ok,2026-06-16 04:50:51.494909
EUR,,2Y,2021-10-05,-0.7373154832039166,ecb_yield_curve_aaa,YC.B.U2.EUR.4F.G_N_A.SV_C_YM.SR_2Y,https://data-api.ecb.europa.eu/service/data/YC/B.U2.EUR.4F.G_N_A.SV_C_YM.SR_2Y?format=csvdata&startPeriod=2021-06-16,ok,2026-06-16 04:50:51.494909
EUR,,2Y,2021-10-06,-0.7288828921281862,ecb_yield_curve_aaa,YC.B.U2.EUR.4F.G_N_A.SV_C_YM.SR_2Y,https://data-api.ecb.europa.eu/service/data/YC/B.U2.EUR.4F.G_N_A.SV_C_YM.SR_2Y?format=csvdata&startPeriod=2021-06-16,ok,2026-06-16 04:50:51.494909
EUR,,2Y,2021-10-07,-0.7365661190874833,ecb_yield_curve_aaa,YC.B.U2.EUR.4F.G_N_A.SV_C_YM.SR_2Y,https://data-api.ecb.europa.eu/service/data/YC/B.U2.EUR.4F.G_N_A.SV_C_YM.SR_2Y?format=csvdata&startPeriod=2021-06-16,ok,2026-06-16 04:50:51.494909
EUR,,2Y,2021-10-08,-0.7279963923448021,ecb_yield_curve_aaa,YC.B.U2.EUR.4F.G_N_A.SV_C_YM.SR_2Y,https://data-api.ecb.europa.eu/service/data/YC/B.U2.EUR.4F.G_N_A.SV_C_YM.SR_2Y?format=csvdata&startPeriod=2021-06-16,ok,2026-06-16 04:50:51.494909
EUR,,2Y,2021-10-11,-0.7115130776491747,ecb_yield_curve_aaa,YC.B.U2.EUR.4F.G_N_A.SV_C_YM.SR_2Y,https://data-api.ecb.europa.eu/service/data/YC/B.U2.EUR.4F.G_N_A.SV_C_YM.SR_2Y?format=csvdata&startPeriod=2021-06-16,ok,2026-06-16 04:50:51.494909
EUR,,2Y,2021-10-12,-0.7002512420270901,ecb_yield_curve_aaa,YC.B.U2.EUR.4F.G_N_A.SV_C_YM.SR_2Y,https://data-api.ecb.europa.eu/service/data/YC/B.U2.EUR.4F.G_N_A.SV_C_YM.SR_2Y?format=csvdata&startPeriod=2021-06-16,ok,2026-06-16 04:50:51.494909
EUR,,2Y,2021-10-13,-0.6993801393907397,ecb_yield_curve_aaa,YC.B.U2.EUR.4F.G_N_A.SV_C_YM.SR_2Y,https://data-api.ecb.europa.eu/service/data/YC/B.U2.EUR.4F.G_N_A.SV_C_YM.SR_2Y?format=csvdata&startPeriod=2021-06-16,ok,2026-06-16 04:50:51.494909
EUR,,2Y,2021-10-14,-0.7152465809094655,ecb_yield_curve_aaa,YC.B.U2.EUR.4F.G_N_A.SV_C_YM.SR_2Y,https://data-api.ecb.europa.eu/service/data/YC/B.U2.EUR.4F.G_N_A.SV_C_YM.SR_2Y?format=csvdata&startPeriod=2021-06-16,ok,2026-06-16 04:50:51.494909
EUR,,2Y,2021-10-15,-0.7063158942470058,ecb_yield_curve_aaa,YC.B.U2.EUR.4F.G_N_A.SV_C_YM.SR_2Y,https://data-api.ecb.europa.eu/service/data/YC/B.U2.EUR.4F.G_N_A.SV_C_YM.SR_2Y?format=csvdata&startPeriod=2021-06-16,ok,2026-06-16 04:50:51.494909
EUR,,2Y,2021-10-18,-0.6747413381272667,ecb_yield_curve_aaa,YC.B.U2.EUR.4F.G_N_A.SV_C_YM.SR_2Y,https://data-api.ecb.europa.eu/service/data/YC/B.U2.EUR.4F.G_N_A.SV_C_YM.SR_2Y?format=csvdata&startPeriod=2021-06-16,ok,2026-06-16 04:50:51.494909
EUR,,2Y,2021-10-19,-0.6482065625887967,ecb_yield_curve_aaa,YC.B.U2.EUR.4F.G_N_A.SV_C_YM.SR_2Y,https://data-api.ecb.europa.eu/service/data/YC/B.U2.EUR.4F.G_N_A.SV_C_YM.SR_2Y?format=csvdata&startPeriod=2021-06-16,ok,2026-06-16 04:50:51.494909
EUR,,2Y,2021-10-20,-0.6792518114238382,ecb_yield_curve_aaa,YC.B.U2.EUR.4F.G_N_A.SV_C_YM.SR_2Y,https://data-api.ecb.europa.eu/service/data/YC/B.U2.EUR.4F.G_N_A.SV_C_YM.SR_2Y?format=csvdata&startPeriod=2021-06-16,ok,2026-06-16 04:50:51.494909
EUR,,2Y,2021-10-21,-0.6670748661422958,ecb_yield_curve_aaa,YC.B.U2.EUR.4F.G_N_A.SV_C_YM.SR_2Y,https://data-api.ecb.europa.eu/service/data/YC/B.U2.EUR.4F.G_N_A.SV_C_YM.SR_2Y?format=csvdata&startPeriod=2021-06-16,ok,2026-06-16 04:50:51.494909
EUR,,2Y,2021-10-22,-0.6539529747519657,ecb_yield_curve_aaa,YC.B.U2.EUR.4F.G_N_A.SV_C_YM.SR_2Y,https://data-api.ecb.europa.eu/service/data/YC/B.U2.EUR.4F.G_N_A.SV_C_YM.SR_2Y?format=csvdata&startPeriod=2021-06-16,ok,2026-06-16 04:50:51.494909
EUR,,2Y,2021-10-25,-0.673690917616621,ecb_yield_curve_aaa,YC.B.U2.EUR.4F.G_N_A.SV_C_YM.SR_2Y,https://data-api.ecb.europa.eu/service/data/YC/B.U2.EUR.4F.G_N_A.SV_C_YM.SR_2Y?format=csvdata&startPeriod=2021-06-16,ok,2026-06-16 04:50:51.494909
EUR,,2Y,2021-10-26,-0.678387108637974,ecb_yield_curve_aaa,YC.B.U2.EUR.4F.G_N_A.SV_C_YM.SR_2Y,https://data-api.ecb.europa.eu/service/data/YC/B.U2.EUR.4F.G_N_A.SV_C_YM.SR_2Y?format=csvdata&startPeriod=2021-06-16,ok,2026-06-16 04:50:51.494909
EUR,,2Y,2021-10-27,-0.6844507927586461,ecb_yield_curve_aaa,YC.B.U2.EUR.4F.G_N_A.SV_C_YM.SR_2Y,https://data-api.ecb.europa.eu/service/data/YC/B.U2.EUR.4F.G_N_A.SV_C_YM.SR_2Y?format=csvdata&startPeriod=2021-06-16,ok,2026-06-16 04:50:51.494909
EUR,,2Y,2021-10-28,-0.6567131604234899,ecb_yield_curve_aaa,YC.B.U2.EUR.4F.G_N_A.SV_C_YM.SR_2Y,https://data-api.ecb.europa.eu/service/data/YC/B.U2.EUR.4F.G_N_A.SV_C_YM.SR_2Y?format=csvdata&startPeriod=2021-06-16,ok,2026-06-16 04:50:51.494909
EUR,,2Y,2021-10-29,-0.6204530610444323,ecb_yield_curve_aaa,YC.B.U2.EUR.4F.G_N_A.SV_C_YM.SR_2Y,https://data-api.ecb.europa.eu/service/data/YC/B.U2.EUR.4F.G_N_A.SV_C_YM.SR_2Y?format=csvdata&startPeriod=2021-06-16,ok,2026-06-16 04:50:51.494909
EUR,,2Y,2021-11-01,-0.6268713299752195,ecb_yield_curve_aaa,YC.B.U2.EUR.4F.G_N_A.SV_C_YM.SR_2Y,https://data-api.ecb.europa.eu/service/data/YC/B.U2.EUR.4F.G_N_A.SV_C_YM.SR_2Y?format=csvdata&startPeriod=2021-06-16,ok,2026-06-16 04:50:51.494909
EUR,,2Y,2021-11-02,-0.694802224707137,ecb_yield_curve_aaa,YC.B.U2.EUR.4F.G_N_A.SV_C_YM.SR_2Y,https://data-api.ecb.europa.eu/service/data/YC/B.U2.EUR.4F.G_N_A.SV_C_YM.SR_2Y?format=csvdata&startPeriod=2021-06-16,ok,2026-06-16 04:50:51.494909
EUR,,2Y,2021-11-03,-0.6875023296438476,ecb_yield_curve_aaa,YC.B.U2.EUR.4F.G_N_A.SV_C_YM.SR_2Y,https://data-api.ecb.europa.eu/service/data/YC/B.U2.EUR.4F.G_N_A.SV_C_YM.SR_2Y?format=csvdata&startPeriod=2021-06-16,ok,2026-06-16 04:50:51.494909
EUR,,2Y,2021-11-04,-0.7610705963060755,ecb_yield_curve_aaa,YC.B.U2.EUR.4F.G_N_A.SV_C_YM.SR_2Y,https://data-api.ecb.europa.eu/service/data/YC/B.U2.EUR.4F.G_N_A.SV_C_YM.SR_2Y?format=csvdata&startPeriod=2021-06-16,ok,2026-06-16 04:50:51.494909
EUR,,2Y,2021-11-05,-0.7678611814891549,ecb_yield_curve_aaa,YC.B.U2.EUR.4F.G_N_A.SV_C_YM.SR_2Y,https://data-api.ecb.europa.eu/service/data/YC/B.U2.EUR.4F.G_N_A.SV_C_YM.SR_2Y?format=csvdata&startPeriod=2021-06-16,ok,2026-06-16 04:50:51.494909
EUR,,2Y,2021-11-08,-0.7699792844479969,ecb_yield_curve_aaa,YC.B.U2.EUR.4F.G_N_A.SV_C_YM.SR_2Y,https://data-api.ecb.europa.eu/service/data/YC/B.U2.EUR.4F.G_N_A.SV_C_YM.SR_2Y?format=csvdata&startPeriod=2021-06-16,ok,2026-06-16 04:50:51.494909
EUR,,2Y,2021-11-09,-0.7839397339261898,ecb_yield_curve_aaa,YC.B.U2.EUR.4F.G_N_A.SV_C_YM.SR_2Y,https://data-api.ecb.europa.eu/service/data/YC/B.U2.EUR.4F.G_N_A.SV_C_YM.SR_2Y?format=csvdata&startPeriod=2021-06-16,ok,2026-06-16 04:50:51.494909
EUR,,2Y,2021-11-10,-0.7741501294737438,ecb_yield_curve_aaa,YC.B.U2.EUR.4F.G_N_A.SV_C_YM.SR_2Y,https://data-api.ecb.europa.eu/service/data/YC/B.U2.EUR.4F.G_N_A.SV_C_YM.SR_2Y?format=csvdata&startPeriod=2021-06-16,ok,2026-06-16 04:50:51.494909
EUR,,2Y,2021-11-11,-0.7588925586573714,ecb_yield_curve_aaa,YC.B.U2.EUR.4F.G_N_A.SV_C_YM.SR_2Y,https://data-api.ecb.europa.eu/service/data/YC/B.U2.EUR.4F.G_N_A.SV_C_YM.SR_2Y?format=csvdata&startPeriod=2021-06-16,ok,2026-06-16 04:50:51.494909
EUR,,2Y,2021-11-12,-0.79376272801374,ecb_yield_curve_aaa,YC.B.U2.EUR.4F.G_N_A.SV_C_YM.SR_2Y,https://data-api.ecb.europa.eu/service/data/YC/B.U2.EUR.4F.G_N_A.SV_C_YM.SR_2Y?format=csvdata&startPeriod=2021-06-16,ok,2026-06-16 04:50:51.494909
EUR,,2Y,2021-11-15,-0.7783003925566612,ecb_yield_curve_aaa,YC.B.U2.EUR.4F.G_N_A.SV_C_YM.SR_2Y,https://data-api.ecb.europa.eu/service/data/YC/B.U2.EUR.4F.G_N_A.SV_C_YM.SR_2Y?format=csvdata&startPeriod=2021-06-16,ok,2026-06-16 04:50:51.494909
EUR,,2Y,2021-11-16,-0.7989809301312487,ecb_yield_curve_aaa,YC.B.U2.EUR.4F.G_N_A.SV_C_YM.SR_2Y,https://data-api.ecb.europa.eu/service/data/YC/B.U2.EUR.4F.G_N_A.SV_C_YM.SR_2Y?format=csvdata&startPeriod=2021-06-16,ok,2026-06-16 04:50:51.494909
EUR,,2Y,2021-11-17,-0.7954490169719501,ecb_yield_curve_aaa,YC.B.U2.EUR.4F.G_N_A.SV_C_YM.SR_2Y,https://data-api.ecb.europa.eu/service/data/YC/B.U2.EUR.4F.G_N_A.SV_C_YM.SR_2Y?format=csvdata&startPeriod=2021-06-16,ok,2026-06-16 04:50:51.494909
EUR,,2Y,2021-11-18,-0.8053769728093692,ecb_yield_curve_aaa,YC.B.U2.EUR.4F.G_N_A.SV_C_YM.SR_2Y,https://data-api.ecb.europa.eu/service/data/YC/B.U2.EUR.4F.G_N_A.SV_C_YM.SR_2Y?format=csvdata&startPeriod=2021-06-16,ok,2026-06-16 04:50:51.494909
EUR,,2Y,2021-11-19,-0.8352859173976488,ecb_yield_curve_aaa,YC.B.U2.EUR.4F.G_N_A.SV_C_YM.SR_2Y,https://data-api.ecb.europa.eu/service/data/YC/B.U2.EUR.4F.G_N_A.SV_C_YM.SR_2Y?format=csvdata&startPeriod=2021-06-16,ok,2026-06-16 04:50:51.494909
EUR,,2Y,2021-11-22,-0.8266478396747017,ecb_yield_curve_aaa,YC.B.U2.EUR.4F.G_N_A.SV_C_YM.SR_2Y,https://data-api.ecb.europa.eu/service/data/YC/B.U2.EUR.4F.G_N_A.SV_C_YM.SR_2Y?format=csvdata&startPeriod=2021-06-16,ok,2026-06-16 04:50:51.494909
EUR,,2Y,2021-11-23,-0.8066083178652383,ecb_yield_curve_aaa,YC.B.U2.EUR.4F.G_N_A.SV_C_YM.SR_2Y,https://data-api.ecb.europa.eu/service/data/YC/B.U2.EUR.4F.G_N_A.SV_C_YM.SR_2Y?format=csvdata&startPeriod=2021-06-16,ok,2026-06-16 04:50:51.494909
EUR,,2Y,2021-11-24,-0.8137260172293082,ecb_yield_curve_aaa,YC.B.U2.EUR.4F.G_N_A.SV_C_YM.SR_2Y,https://data-api.ecb.europa.eu/service/data/YC/B.U2.EUR.4F.G_N_A.SV_C_YM.SR_2Y?format=csvdata&startPeriod=2021-06-16,ok,2026-06-16 04:50:51.494909
EUR,,2Y,2021-11-25,-0.7937782644770848,ecb_yield_curve_aaa,YC.B.U2.EUR.4F.G_N_A.SV_C_YM.SR_2Y,https://data-api.ecb.europa.eu/service/data/YC/B.U2.EUR.4F.G_N_A.SV_C_YM.SR_2Y?format=csvdata&startPeriod=2021-06-16,ok,2026-06-16 04:50:51.494909
EUR,,2Y,2021-11-26,-0.8236519019145954,ecb_yield_curve_aaa,YC.B.U2.EUR.4F.G_N_A.SV_C_YM.SR_2Y,https://data-api.ecb.europa.eu/service/data/YC/B.U2.EUR.4F.G_N_A.SV_C_YM.SR_2Y?format=csvdata&startPeriod=2021-06-16,ok,2026-06-16 04:50:51.494909
EUR,,2Y,2021-11-29,-0.8007803859707749,ecb_yield_curve_aaa,YC.B.U2.EUR.4F.G_N_A.SV_C_YM.SR_2Y,https://data-api.ecb.europa.eu/service/data/YC/B.U2.EUR.4F.G_N_A.SV_C_YM.SR_2Y?format=csvdata&startPeriod=2021-06-16,ok,2026-06-16 04:50:51.494909
EUR,,2Y,2021-11-30,-0.815302296062935,ecb_yield_curve_aaa,YC.B.U2.EUR.4F.G_N_A.SV_C_YM.SR_2Y,https://data-api.ecb.europa.eu/service/data/YC/B.U2.EUR.4F.G_N_A.SV_C_YM.SR_2Y?format=csvdata&startPeriod=2021-06-16,ok,2026-06-16 04:50:51.494909
EUR,,2Y,2021-12-01,-0.7706538701269614,ecb_yield_curve_aaa,YC.B.U2.EUR.4F.G_N_A.SV_C_YM.SR_2Y,https://data-api.ecb.europa.eu/service/data/YC/B.U2.EUR.4F.G_N_A.SV_C_YM.SR_2Y?format=csvdata&startPeriod=2021-06-16,ok,2026-06-16 04:50:51.494909
EUR,,2Y,2021-12-02,-0.7970025266751781,ecb_yield_curve_aaa,YC.B.U2.EUR.4F.G_N_A.SV_C_YM.SR_2Y,https://data-api.ecb.europa.eu/service/data/YC/B.U2.EUR.4F.G_N_A.SV_C_YM.SR_2Y?format=csvdata&startPeriod=2021-06-16,ok,2026-06-16 04:50:51.494909
EUR,,2Y,2021-12-03,-0.7777108271390292,ecb_yield_curve_aaa,YC.B.U2.EUR.4F.G_N_A.SV_C_YM.SR_2Y,https://data-api.ecb.europa.eu/service/data/YC/B.U2.EUR.4F.G_N_A.SV_C_YM.SR_2Y?format=csvdata&startPeriod=2021-06-16,ok,2026-06-16 04:50:51.494909
EUR,,2Y,2021-12-06,-0.7801502046549125,ecb_yield_curve_aaa,YC.B.U2.EUR.4F.G_N_A.SV_C_YM.SR_2Y,https://data-api.ecb.europa.eu/service/data/YC/B.U2.EUR.4F.G_N_A.SV_C_YM.SR_2Y?format=csvdata&startPeriod=2021-06-16,ok,2026-06-16 04:50:51.494909
EUR,,2Y,2021-12-07,-0.754293113426014,ecb_yield_curve_aaa,YC.B.U2.EUR.4F.G_N_A.SV_C_YM.SR_2Y,https://data-api.ecb.europa.eu/service/data/YC/B.U2.EUR.4F.G_N_A.SV_C_YM.SR_2Y?format=csvdata&startPeriod=2021-06-16,ok,2026-06-16 04:50:51.494909
EUR,,2Y,2021-12-08,-0.7338073859538166,ecb_yield_curve_aaa,YC.B.U2.EUR.4F.G_N_A.SV_C_YM.SR_2Y,https://data-api.ecb.europa.eu/service/data/YC/B.U2.EUR.4F.G_N_A.SV_C_YM.SR_2Y?format=csvdata&startPeriod=2021-06-16,ok,2026-06-16 04:50:51.494909
EUR,,2Y,2021-12-09,-0.7488531122231881,ecb_yield_curve_aaa,YC.B.U2.EUR.4F.G_N_A.SV_C_YM.SR_2Y,https://data-api.ecb.europa.eu/service/data/YC/B.U2.EUR.4F.G_N_A.SV_C_YM.SR_2Y?format=csvdata&startPeriod=2021-06-16,ok,2026-06-16 04:50:51.494909
EUR,,2Y,2021-12-10,-0.738370332543218,ecb_yield_curve_aaa,YC.B.U2.EUR.4F.G_N_A.SV_C_YM.SR_2Y,https://data-api.ecb.europa.eu/service/data/YC/B.U2.EUR.4F.G_N_A.SV_C_YM.SR_2Y?format=csvdata&startPeriod=2021-06-16,ok,2026-06-16 04:50:51.494909
EUR,,2Y,2021-12-13,-0.7294249648180999,ecb_yield_curve_aaa,YC.B.U2.EUR.4F.G_N_A.SV_C_YM.SR_2Y,https://data-api.ecb.europa.eu/service/data/YC/B.U2.EUR.4F.G_N_A.SV_C_YM.SR_2Y?format=csvdata&startPeriod=2021-06-16,ok,2026-06-16 04:50:51.494909
EUR,,2Y,2021-12-15,-0.7188150970830582,ecb_yield_curve_aaa,YC.B.U2.EUR.4F.G_N_A.SV_C_YM.SR_2Y,https://data-api.ecb.europa.eu/service/data/YC/B.U2.EUR.4F.G_N_A.SV_C_YM.SR_2Y?format=csvdata&startPeriod=2021-06-16,ok,2026-06-16 04:50:51.494909
EUR,,2Y,2021-12-16,-0.7273367449934716,ecb_yield_curve_aaa,YC.B.U2.EUR.4F.G_N_A.SV_C_YM.SR_2Y,https://data-api.ecb.europa.eu/service/data/YC/B.U2.EUR.4F.G_N_A.SV_C_YM.SR_2Y?format=csvdata&startPeriod=2021-06-16,ok,2026-06-16 04:50:51.494909
EUR,,2Y,2021-12-17,-0.7485385643052411,ecb_yield_curve_aaa,YC.B.U2.EUR.4F.G_N_A.SV_C_YM.SR_2Y,https://data-api.ecb.europa.eu/service/data/YC/B.U2.EUR.4F.G_N_A.SV_C_YM.SR_2Y?format=csvdata&startPeriod=2021-06-16,ok,2026-06-16 04:50:51.494909
EUR,,2Y,2021-12-20,-0.7525318798806149,ecb_yield_curve_aaa,YC.B.U2.EUR.4F.G_N_A.SV_C_YM.SR_2Y,https://data-api.ecb.europa.eu/service/data/YC/B.U2.EUR.4F.G_N_A.SV_C_YM.SR_2Y?format=csvdata&startPeriod=2021-06-16,ok,2026-06-16 04:50:51.494909
EUR,,2Y,2021-12-21,-0.7359855489969354,ecb_yield_curve_aaa,YC.B.U2.EUR.4F.G_N_A.SV_C_YM.SR_2Y,https://data-api.ecb.europa.eu/service/data/YC/B.U2.EUR.4F.G_N_A.SV_C_YM.SR_2Y?format=csvdata&startPeriod=2021-06-16,ok,2026-06-16 04:50:51.494909
EUR,,2Y,2021-12-22,-0.7231278751523309,ecb_yield_curve_aaa,YC.B.U2.EUR.4F.G_N_A.SV_C_YM.SR_2Y,https://data-api.ecb.europa.eu/service/data/YC/B.U2.EUR.4F.G_N_A.SV_C_YM.SR_2Y?format=csvdata&startPeriod=2021-06-16,ok,2026-06-16 04:50:51.494909
EUR,,2Y,2021-12-23,-0.7059900726584725,ecb_yield_curve_aaa,YC.B.U2.EUR.4F.G_N_A.SV_C_YM.SR_2Y,https://data-api.ecb.europa.eu/service/data/YC/B.U2.EUR.4F.G_N_A.SV_C_YM.SR_2Y?format=csvdata&startPeriod=2021-06-16,ok,2026-06-16 04:50:51.494909
EUR,,2Y,2021-12-24,-0.7093807846341704,ecb_yield_curve_aaa,YC.B.U2.EUR.4F.G_N_A.SV_C_YM.SR_2Y,https://data-api.ecb.europa.eu/service/data/YC/B.U2.EUR.4F.G_N_A.SV_C_YM.SR_2Y?format=csvdata&startPeriod=2021-06-16,ok,2026-06-16 04:50:51.494909
EUR,,2Y,2021-12-27,-0.6975704336495276,ecb_yield_curve_aaa,YC.B.U2.EUR.4F.G_N_A.SV_C_YM.SR_2Y,https://data-api.ecb.europa.eu/service/data/YC/B.U2.EUR.4F.G_N_A.SV_C_YM.SR_2Y?format=csvdata&startPeriod=2021-06-16,ok,2026-06-16 04:50:51.494909
EUR,,2Y,2021-12-28,-0.6924155424668954,ecb_yield_curve_aaa,YC.B.U2.EUR.4F.G_N_A.SV_C_YM.SR_2Y,https://data-api.ecb.europa.eu/service/data/YC/B.U2.EUR.4F.G_N_A.SV_C_YM.SR_2Y?format=csvdata&startPeriod=2021-06-16,ok,2026-06-16 04:50:51.494909
EUR,,2Y,2021-12-29,-0.6908961536381781,ecb_yield_curve_aaa,YC.B.U2.EUR.4F.G_N_A.SV_C_YM.SR_2Y,https://data-api.ecb.europa.eu/service/data/YC/B.U2.EUR.4F.G_N_A.SV_C_YM.SR_2Y?format=csvdata&startPeriod=2021-06-16,ok,2026-06-16 04:50:51.494909
EUR,,2Y,2021-12-30,-0.6769596447303683,ecb_yield_curve_aaa,YC.B.U2.EUR.4F.G_N_A.SV_C_YM.SR_2Y,https://data-api.ecb.europa.eu/service/data/YC/B.U2.EUR.4F.G_N_A.SV_C_YM.SR_2Y?format=csvdata&startPeriod=2021-06-16,ok,2026-06-16 04:50:51.494909
EUR,,2Y,2021-12-31,-0.6791412595704998,ecb_yield_curve_aaa,YC.B.U2.EUR.4F.G_N_A.SV_C_YM.SR_2Y,https://data-api.ecb.europa.eu/service/data/YC/B.U2.EUR.4F.G_N_A.SV_C_YM.SR_2Y?format=csvdata&startPeriod=2021-06-16,ok,2026-06-16 04:50:51.494909
EUR,,2Y,2022-01-03,-0.6559376363513905,ecb_yield_curve_aaa,YC.B.U2.EUR.4F.G_N_A.SV_C_YM.SR_2Y,https://data-api.ecb.europa.eu/service/data/YC/B.U2.EUR.4F.G_N_A.SV_C_YM.SR_2Y?format=csvdata&startPeriod=2021-06-16,ok,2026-06-16 04:50:51.494909
EUR,,2Y,2022-01-04,-0.6638086099788518,ecb_yield_curve_aaa,YC.B.U2.EUR.4F.G_N_A.SV_C_YM.SR_2Y,https://data-api.ecb.europa.eu/service/data/YC/B.U2.EUR.4F.G_N_A.SV_C_YM.SR_2Y?format=csvdata&startPeriod=2021-06-16,ok,2026-06-16 04:50:51.494909
EUR,,2Y,2022-01-05,-0.6475092857009637,ecb_yield_curve_aaa,YC.B.U2.EUR.4F.G_N_A.SV_C_YM.SR_2Y,https://data-api.ecb.europa.eu/service/data/YC/B.U2.EUR.4F.G_N_A.SV_C_YM.SR_2Y?format=csvdata&startPeriod=2021-06-16,ok,2026-06-16 04:50:51.494909
EUR,,2Y,2022-01-06,-0.6312339595900811,ecb_yield_curve_aaa,YC.B.U2.EUR.4F.G_N_A.SV_C_YM.SR_2Y,https://data-api.ecb.europa.eu/service/data/YC/B.U2.EUR.4F.G_N_A.SV_C_YM.SR_2Y?format=csvdata&startPeriod=2021-06-16,ok,2026-06-16 04:50:51.494909
EUR,,2Y,2022-01-07,-0.6250582636624391,ecb_yield_curve_aaa,YC.B.U2.EUR.4F.G_N_A.SV_C_YM.SR_2Y,https://data-api.ecb.europa.eu/service/data/YC/B.U2.EUR.4F.G_N_A.SV_C_YM.SR_2Y?format=csvdata&startPeriod=2021-06-16,ok,2026-06-16 04:50:51.494909
EUR,,2Y,2022-01-10,-0.6135119868152241,ecb_yield_curve_aaa,YC.B.U2.EUR.4F.G_N_A.SV_C_YM.SR_2Y,https://data-api.ecb.europa.eu/service/data/YC/B.U2.EUR.4F.G_N_A.SV_C_YM.SR_2Y?format=csvdata&startPeriod=2021-06-16,ok,2026-06-16 04:50:51.494909
EUR,,2Y,2022-01-11,-0.6066184538571995,ecb_yield_curve_aaa,YC.B.U2.EUR.4F.G_N_A.SV_C_YM.SR_2Y,https://data-api.ecb.europa.eu/service/data/YC/B.U2.EUR.4F.G_N_A.SV_C_YM.SR_2Y?format=csvdata&startPeriod=2021-06-16,ok,2026-06-16 04:50:51.494909
EUR,,2Y,2022-01-12,-0.62531946325656,ecb_yield_curve_aaa,YC.B.U2.EUR.4F.G_N_A.SV_C_YM.SR_2Y,https://data-api.ecb.europa.eu/service/data/YC/B.U2.EUR.4F.G_N_A.SV_C_YM.SR_2Y?format=csvdata&startPeriod=2021-06-16,ok,2026-06-16 04:50:51.494909
EUR,,2Y,2022-01-13,-0.6248821468324515,ecb_yield_curve_aaa,YC.B.U2.EUR.4F.G_N_A.SV_C_YM.SR_2Y,https://data-api.ecb.europa.eu/service/data/YC/B.U2.EUR.4F.G_N_A.SV_C_YM.SR_2Y?format=csvdata&startPeriod=2021-06-16,ok,2026-06-16 04:50:51.494909
EUR,,2Y,2022-01-14,-0.6235704044869905,ecb_yield_curve_aaa,YC.B.U2.EUR.4F.G_N_A.SV_C_YM.SR_2Y,https://data-api.ecb.europa.eu/service/data/YC/B.U2.EUR.4F.G_N_A.SV_C_YM.SR_2Y?format=csvdata&startPeriod=2021-06-16,ok,2026-06-16 04:50:51.494909
EUR,,2Y,2022-01-17,-0.602419054430118,ecb_yield_curve_aaa,YC.B.U2.EUR.4F.G_N_A.SV_C_YM.SR_2Y,https://data-api.ecb.europa.eu/service/data/YC/B.U2.EUR.4F.G_N_A.SV_C_YM.SR_2Y?format=csvdata&startPeriod=2021-06-16,ok,2026-06-16 04:50:51.494909
EUR,,2Y,2022-01-18,-0.6091201808607027,ecb_yield_curve_aaa,YC.B.U2.EUR.4F.G_N_A.SV_C_YM.SR_2Y,https://data-api.ecb.europa.eu/service/data/YC/B.U2.EUR.4F.G_N_A.SV_C_YM.SR_2Y?format=csvdata&startPeriod=2021-06-16,ok,2026-06-16 04:50:51.494909
EUR,,2Y,2022-01-19,-0.6046993836195562,ecb_yield_curve_aaa,YC.B.U2.EUR.4F.G_N_A.SV_C_YM.SR_2Y,https://data-api.ecb.europa.eu/service/data/YC/B.U2.EUR.4F.G_N_A.SV_C_YM.SR_2Y?format=csvdata&startPeriod=2021-06-16,ok,2026-06-16 04:50:51.494909
EUR,,2Y,2022-01-20,-0.6159522652135672,ecb_yield_curve_aaa,YC.B.U2.EUR.4F.G_N_A.SV_C_YM.SR_2Y,https://data-api.ecb.europa.eu/service/data/YC/B.U2.EUR.4F.G_N_A.SV_C_YM.SR_2Y?format=csvdata&startPeriod=2021-06-16,ok,2026-06-16 04:50:51.494909
EUR,,2Y,2022-01-21,-0.6414681604292305,ecb_yield_curve_aaa,YC.B.U2.EUR.4F.G_N_A.SV_C_YM.SR_2Y,https://data-api.ecb.europa.eu/service/data/YC/B.U2.EUR.4F.G_N_A.SV_C_YM.SR_2Y?format=csvdata&startPeriod=2021-06-16,ok,2026-06-16 04:50:51.494909
EUR,,2Y,2022-01-24,-0.6679475437076472,ecb_yield_curve_aaa,YC.B.U2.EUR.4F.G_N_A.SV_C_YM.SR_2Y,https://data-api.ecb.europa.eu/service/data/YC/B.U2.EUR.4F.G_N_A.SV_C_YM.SR_2Y?format=csvdata&startPeriod=2021-06-16,ok,2026-06-16 04:50:51.494909
EUR,,2Y,2022-01-25,-0.6759778570166484,ecb_yield_curve_aaa,YC.B.U2.EUR.4F.G_N_A.SV_C_YM.SR_2Y,https://data-api.ecb.europa.eu/service/data/YC/B.U2.EUR.4F.G_N_A.SV_C_YM.SR_2Y?format=csvdata&startPeriod=2021-06-16,ok,2026-06-16 04:50:51.494909
EUR,,2Y,2022-01-26,-0.6603936121848029,ecb_yield_curve_aaa,YC.B.U2.EUR.4F.G_N_A.SV_C_YM.SR_2Y,https://data-api.ecb.europa.eu/service/data/YC/B.U2.EUR.4F.G_N_A.SV_C_YM.SR_2Y?format=csvdata&startPeriod=2021-06-16,ok,2026-06-16 04:50:51.494909
EUR,,2Y,2022-01-27,-0.6361883070775249,ecb_yield_curve_aaa,YC.B.U2.EUR.4F.G_N_A.SV_C_YM.SR_2Y,https://data-api.ecb.europa.eu/service/data/YC/B.U2.EUR.4F.G_N_A.SV_C_YM.SR_2Y?format=csvdata&startPeriod=2021-06-16,ok,2026-06-16 04:50:51.494909
EUR,,2Y,2022-01-28,-0.6226717661571399,ecb_yield_curve_aaa,YC.B.U2.EUR.4F.G_N_A.SV_C_YM.SR_2Y,https://data-api.ecb.europa.eu/service/data/YC/B.U2.EUR.4F.G_N_A.SV_C_YM.SR_2Y?format=csvdata&startPeriod=2021-06-16,ok,2026-06-16 04:50:51.494909
EUR,,2Y,2022-01-31,-0.5723570248265979,ecb_yield_curve_aaa,YC.B.U2.EUR.4F.G_N_A.SV_C_YM.SR_2Y,https://data-api.ecb.europa.eu/service/data/YC/B.U2.EUR.4F.G_N_A.SV_C_YM.SR_2Y?format=csvdata&startPeriod=2021-06-16,ok,2026-06-16 04:50:51.494909
EUR,,2Y,2022-02-01,-0.5669112734354598,ecb_yield_curve_aaa,YC.B.U2.EUR.4F.G_N_A.SV_C_YM.SR_2Y,https://data-api.ecb.europa.eu/service/data/YC/B.U2.EUR.4F.G_N_A.SV_C_YM.SR_2Y?format=csvdata&startPeriod=2021-06-16,ok,2026-06-16 04:50:51.494909
EUR,,2Y,2022-02-02,-0.5529669060560485,ecb_yield_curve_aaa,YC.B.U2.EUR.4F.G_N_A.SV_C_YM.SR_2Y,https://data-api.ecb.europa.eu/service/data/YC/B.U2.EUR.4F.G_N_A.SV_C_YM.SR_2Y?format=csvdata&startPeriod=2021-06-16,ok,2026-06-16 04:50:51.494909
EUR,,2Y,2022-02-03,-0.4645218830392759,ecb_yield_curve_aaa,YC.B.U2.EUR.4F.G_N_A.SV_C_YM.SR_2Y,https://data-api.ecb.europa.eu/service/data/YC/B.U2.EUR.4F.G_N_A.SV_C_YM.SR_2Y?format=csvdata&startPeriod=2021-06-16,ok,2026-06-16 04:50:51.494909
EUR,,2Y,2022-02-04,-0.3622726529045721,ecb_yield_curve_aaa,YC.B.U2.EUR.4F.G_N_A.SV_C_YM.SR_2Y,https://data-api.ecb.europa.eu/service/data/YC/B.U2.EUR.4F.G_N_A.SV_C_YM.SR_2Y?format=csvdata&startPeriod=2021-06-16,ok,2026-06-16 04:50:51.494909
EUR,,2Y,2022-02-07,-0.3527596155932522,ecb_yield_curve_aaa,YC.B.U2.EUR.4F.G_N_A.SV_C_YM.SR_2Y,https://data-api.ecb.europa.eu/service/data/YC/B.U2.EUR.4F.G_N_A.SV_C_YM.SR_2Y?format=csvdata&startPeriod=2021-06-16,ok,2026-06-16 04:50:51.494909
EUR,,2Y,2022-02-08,-0.365077130763598,ecb_yield_curve_aaa,YC.B.U2.EUR.4F.G_N_A.SV_C_YM.SR_2Y,https://data-api.ecb.europa.eu/service/data/YC/B.U2.EUR.4F.G_N_A.SV_C_YM.SR_2Y?format=csvdata&startPeriod=2021-06-16,ok,2026-06-16 04:50:51.494909
EUR,,2Y,2022-02-09,-0.4123902532709222,ecb_yield_curve_aaa,YC.B.U2.EUR.4F.G_N_A.SV_C_YM.SR_2Y,https://data-api.ecb.europa.eu/service/data/YC/B.U2.EUR.4F.G_N_A.SV_C_YM.SR_2Y?format=csvdata&startPeriod=2021-06-16,ok,2026-06-16 04:50:51.494909
EUR,,2Y,2022-02-10,-0.396698395106084,ecb_yield_curve_aaa,YC.B.U2.EUR.4F.G_N_A.SV_C_YM.SR_2Y,https://data-api.ecb.europa.eu/service/data/YC/B.U2.EUR.4F.G_N_A.SV_C_YM.SR_2Y?format=csvdata&startPeriod=2021-06-16,ok,2026-06-16 04:50:51.494909
EUR,,2Y,2022-02-11,-0.3828441414670824,ecb_yield_curve_aaa,YC.B.U2.EUR.4F.G_N_A.SV_C_YM.SR_2Y,https://data-api.ecb.europa.eu/service/data/YC/B.U2.EUR.4F.G_N_A.SV_C_YM.SR_2Y?format=csvdata&startPeriod=2021-06-16,ok,2026-06-16 04:50:51.494909
EUR,,2Y,2022-02-14,-0.4279352906222389,ecb_yield_curve_aaa,YC.B.U2.EUR.4F.G_N_A.SV_C_YM.SR_2Y,https://data-api.ecb.europa.eu/service/data/YC/B.U2.EUR.4F.G_N_A.SV_C_YM.SR_2Y?format=csvdata&startPeriod=2021-06-16,ok,2026-06-16 04:50:51.494909
EUR,,2Y,2022-02-15,-0.4013934968713242,ecb_yield_curve_aaa,YC.B.U2.EUR.4F.G_N_A.SV_C_YM.SR_2Y,https://data-api.ecb.europa.eu/service/data/YC/B.U2.EUR.4F.G_N_A.SV_C_YM.SR_2Y?format=csvdata&startPeriod=2021-06-16,ok,2026-06-16 04:50:51.494909
EUR,,2Y,2022-02-16,-0.4308901631136352,ecb_yield_curve_aaa,YC.B.U2.EUR.4F.G_N_A.SV_C_YM.SR_2Y,https://data-api.ecb.europa.eu/service/data/YC/B.U2.EUR.4F.G_N_A.SV_C_YM.SR_2Y?format=csvdata&startPeriod=2021-06-16,ok,2026-06-16 04:50:51.494909
EUR,,2Y,2022-02-17,-0.4602262721458929,ecb_yield_curve_aaa,YC.B.U2.EUR.4F.G_N_A.SV_C_YM.SR_2Y,https://data-api.ecb.europa.eu/service/data/YC/B.U2.EUR.4F.G_N_A.SV_C_YM.SR_2Y?format=csvdata&startPeriod=2021-06-16,ok,2026-06-16 04:50:51.494909
EUR,,2Y,2022-02-18,-0.5043540215882567,ecb_yield_curve_aaa,YC.B.U2.EUR.4F.G_N_A.SV_C_YM.SR_2Y,https://data-api.ecb.europa.eu/service/data/YC/B.U2.EUR.4F.G_N_A.SV_C_YM.SR_2Y?format=csvdata&startPeriod=2021-06-16,ok,2026-06-16 04:50:51.494909
EUR,,2Y,2022-02-21,-0.5051736215441771,ecb_yield_curve_aaa,YC.B.U2.EUR.4F.G_N_A.SV_C_YM.SR_2Y,https://data-api.ecb.europa.eu/service/data/YC/B.U2.EUR.4F.G_N_A.SV_C_YM.SR_2Y?format=csvdata&startPeriod=2021-06-16,ok,2026-06-16 04:50:51.494909
EUR,,2Y,2022-02-22,-0.4204507238064412,ecb_yield_curve_aaa,YC.B.U2.EUR.4F.G_N_A.SV_C_YM.SR_2Y,https://data-api.ecb.europa.eu/service/data/YC/B.U2.EUR.4F.G_N_A.SV_C_YM.SR_2Y?format=csvdata&startPeriod=2021-06-16,ok,2026-06-16 04:50:51.494909
EUR,,2Y,2022-02-23,-0.4055933888167344,ecb_yield_curve_aaa,YC.B.U2.EUR.4F.G_N_A.SV_C_YM.SR_2Y,https://data-api.ecb.europa.eu/service/data/YC/B.U2.EUR.4F.G_N_A.SV_C_YM.SR_2Y?format=csvdata&startPeriod=2021-06-16,ok,2026-06-16 04:50:51.494909
EUR,,2Y,2022-02-24,-0.4694515593699333,ecb_yield_curve_aaa,YC.B.U2.EUR.4F.G_N_A.SV_C_YM.SR_2Y,https://data-api.ecb.europa.eu/service/data/YC/B.U2.EUR.4F.G_N_A.SV_C_YM.SR_2Y?format=csvdata&startPeriod=2021-06-16,ok,2026-06-16 04:50:51.494909
EUR,,2Y,2022-02-25,-0.4437749480296711,ecb_yield_curve_aaa,YC.B.U2.EUR.4F.G_N_A.SV_C_YM.SR_2Y,https://data-api.ecb.europa.eu/service/data/YC/B.U2.EUR.4F.G_N_A.SV_C_YM.SR_2Y?format=csvdata&startPeriod=2021-06-16,ok,2026-06-16 04:50:51.494909
EUR,,2Y,2022-02-28,-0.5354174156368479,ecb_yield_curve_aaa,YC.B.U2.EUR.4F.G_N_A.SV_C_YM.SR_2Y,https://data-api.ecb.europa.eu/service/data/YC/B.U2.EUR.4F.G_N_A.SV_C_YM.SR_2Y?format=csvdata&startPeriod=2021-06-16,ok,2026-06-16 04:50:51.494909
EUR,,2Y,2022-03-01,-0.6965438763221039,ecb_yield_curve_aaa,YC.B.U2.EUR.4F.G_N_A.SV_C_YM.SR_2Y,https://data-api.ecb.europa.eu/service/data/YC/B.U2.EUR.4F.G_N_A.SV_C_YM.SR_2Y?format=csvdata&startPeriod=2021-06-16,ok,2026-06-16 04:50:51.494909
EUR,,2Y,2022-03-02,-0.6395848138375584,ecb_yield_curve_aaa,YC.B.U2.EUR.4F.G_N_A.SV_C_YM.SR_2Y,https://data-api.ecb.europa.eu/service/data/YC/B.U2.EUR.4F.G_N_A.SV_C_YM.SR_2Y?format=csvdata&startPeriod=2021-06-16,ok,2026-06-16 04:50:51.494909
EUR,,2Y,2022-03-03,-0.5785847097316048,ecb_yield_curve_aaa,YC.B.U2.EUR.4F.G_N_A.SV_C_YM.SR_2Y,https://data-api.ecb.europa.eu/service/data/YC/B.U2.EUR.4F.G_N_A.SV_C_YM.SR_2Y?format=csvdata&startPeriod=2021-06-16,ok,2026-06-16 04:50:51.494909
EUR,,2Y,2022-03-04,-0.7239300362136691,ecb_yield_curve_aaa,YC.B.U2.EUR.4F.G_N_A.SV_C_YM.SR_2Y,https://data-api.ecb.europa.eu/service/data/YC/B.U2.EUR.4F.G_N_A.SV_C_YM.SR_2Y?format=csvdata&startPeriod=2021-06-16,ok,2026-06-16 04:50:51.494909
EUR,,2Y,2022-03-07,-0.6800927184720482,ecb_yield_curve_aaa,YC.B.U2.EUR.4F.G_N_A.SV_C_YM.SR_2Y,https://data-api.ecb.europa.eu/service/data/YC/B.U2.EUR.4F.G_N_A.SV_C_YM.SR_2Y?format=csvdata&startPeriod=2021-06-16,ok,2026-06-16 04:50:51.494909
EUR,,2Y,2022-03-08,-0.6115725485694394,ecb_yield_curve_aaa,YC.B.U2.EUR.4F.G_N_A.SV_C_YM.SR_2Y,https://data-api.ecb.europa.eu/service/data/YC/B.U2.EUR.4F.G_N_A.SV_C_YM.SR_2Y?format=csvdata&startPeriod=2021-06-16,ok,2026-06-16 04:50:51.494909
EUR,,2Y,2022-03-09,-0.5363091734110639,ecb_yield_curve_aaa,YC.B.U2.EUR.4F.G_N_A.SV_C_YM.SR_2Y,https://data-api.ecb.europa.eu/service/data/YC/B.U2.EUR.4F.G_N_A.SV_C_YM.SR_2Y?format=csvdata&startPeriod=2021-06-16,ok,2026-06-16 04:50:51.494909
EUR,,2Y,2022-03-10,-0.4584350707006255,ecb_yield_curve_aaa,YC.B.U2.EUR.4F.G_N_A.SV_C_YM.SR_2Y,https://data-api.ecb.europa.eu/service/data/YC/B.U2.EUR.4F.G_N_A.SV_C_YM.SR_2Y?format=csvdata&startPeriod=2021-06-16,ok,2026-06-16 04:50:51.494909
EUR,,2Y,2022-03-11,-0.419282412037874,ecb_yield_curve_aaa,YC.B.U2.EUR.4F.G_N_A.SV_C_YM.SR_2Y,https://data-api.ecb.europa.eu/service/data/YC/B.U2.EUR.4F.G_N_A.SV_C_YM.SR_2Y?format=csvdata&startPeriod=2021-06-16,ok,2026-06-16 04:50:51.494909
EUR,,2Y,2022-03-14,-0.3906481102744199,ecb_yield_curve_aaa,YC.B.U2.EUR.4F.G_N_A.SV_C_YM.SR_2Y,https://data-api.ecb.europa.eu/service/data/YC/B.U2.EUR.4F.G_N_A.SV_C_YM.SR_2Y?format=csvdata&startPeriod=2021-06-16,ok,2026-06-16 04:50:51.494909
EUR,,2Y,2022-03-15,-0.4377377466646663,ecb_yield_curve_aaa,YC.B.U2.EUR.4F.G_N_A.SV_C_YM.SR_2Y,https://data-api.ecb.europa.eu/service/data/YC/B.U2.EUR.4F.G_N_A.SV_C_YM.SR_2Y?format=csvdata&startPeriod=2021-06-16,ok,2026-06-16 04:50:51.494909
EUR,,2Y,2022-03-16,-0.4145261895389907,ecb_yield_curve_aaa,YC.B.U2.EUR.4F.G_N_A.SV_C_YM.SR_2Y,https://data-api.ecb.europa.eu/service/data/YC/B.U2.EUR.4F.G_N_A.SV_C_YM.SR_2Y?format=csvdata&startPeriod=2021-06-16,ok,2026-06-16 04:50:51.494909
EUR,,2Y,2022-03-17,-0.3920460641525141,ecb_yield_curve_aaa,YC.B.U2.EUR.4F.G_N_A.SV_C_YM.SR_2Y,https://data-api.ecb.europa.eu/service/data/YC/B.U2.EUR.4F.G_N_A.SV_C_YM.SR_2Y?format=csvdata&startPeriod=2021-06-16,ok,2026-06-16 04:50:51.494909
EUR,,2Y,2022-03-18,-0.4079214777089608,ecb_yield_curve_aaa,YC.B.U2.EUR.4F.G_N_A.SV_C_YM.SR_2Y,https://data-api.ecb.europa.eu/service/data/YC/B.U2.EUR.4F.G_N_A.SV_C_YM.SR_2Y?format=csvdata&startPeriod=2021-06-16,ok,2026-06-16 04:50:51.494909
EUR,,2Y,2022-03-21,-0.3695621731778926,ecb_yield_curve_aaa,YC.B.U2.EUR.4F.G_N_A.SV_C_YM.SR_2Y,https://data-api.ecb.europa.eu/service/data/YC/B.U2.EUR.4F.G_N_A.SV_C_YM.SR_2Y?format=csvdata&startPeriod=2021-06-16,ok,2026-06-16 04:50:51.494909
EUR,,2Y,2022-03-22,-0.2940145162542533,ecb_yield_curve_aaa,YC.B.U2.EUR.4F.G_N_A.SV_C_YM.SR_2Y,https://data-api.ecb.europa.eu/service/data/YC/B.U2.EUR.4F.G_N_A.SV_C_YM.SR_2Y?format=csvdata&startPeriod=2021-06-16,ok,2026-06-16 04:50:51.494909
EUR,,2Y,2022-03-23,-0.3092066847639731,ecb_yield_curve_aaa,YC.B.U2.EUR.4F.G_N_A.SV_C_YM.SR_2Y,https://data-api.ecb.europa.eu/service/data/YC/B.U2.EUR.4F.G_N_A.SV_C_YM.SR_2Y?format=csvdata&startPeriod=2021-06-16,ok,2026-06-16 04:50:51.494909
EUR,,2Y,2022-03-24,-0.2676303768150232,ecb_yield_curve_aaa,YC.B.U2.EUR.4F.G_N_A.SV_C_YM.SR_2Y,https://data-api.ecb.europa.eu/service/data/YC/B.U2.EUR.4F.G_N_A.SV_C_YM.SR_2Y?format=csvdata&startPeriod=2021-06-16,ok,2026-06-16 04:50:51.494909
EUR,,2Y,2022-03-25,-0.2104403926610665,ecb_yield_curve_aaa,YC.B.U2.EUR.4F.G_N_A.SV_C_YM.SR_2Y,https://data-api.ecb.europa.eu/service/data/YC/B.U2.EUR.4F.G_N_A.SV_C_YM.SR_2Y?format=csvdata&startPeriod=2021-06-16,ok,2026-06-16 04:50:51.494909
EUR,,2Y,2022-03-28,-0.1562310508688047,ecb_yield_curve_aaa,YC.B.U2.EUR.4F.G_N_A.SV_C_YM.SR_2Y,https://data-api.ecb.europa.eu/service/data/YC/B.U2.EUR.4F.G_N_A.SV_C_YM.SR_2Y?format=csvdata&startPeriod=2021-06-16,ok,2026-06-16 04:50:51.494909
EUR,,2Y,2022-03-29,-0.0952709192134473,ecb_yield_curve_aaa,YC.B.U2.EUR.4F.G_N_A.SV_C_YM.SR_2Y,https://data-api.ecb.europa.eu/service/data/YC/B.U2.EUR.4F.G_N_A.SV_C_YM.SR_2Y?format=csvdata&startPeriod=2021-06-16,ok,2026-06-16 04:50:51.494909
EUR,,2Y,2022-03-30,0.0026723205705239,ecb_yield_curve_aaa,YC.B.U2.EUR.4F.G_N_A.SV_C_YM.SR_2Y,https://data-api.ecb.europa.eu/service/data/YC/B.U2.EUR.4F.G_N_A.SV_C_YM.SR_2Y?format=csvdata&startPeriod=2021-06-16,ok,2026-06-16 04:50:51.494909
EUR,,2Y,2022-03-31,-0.0860211316812611,ecb_yield_curve_aaa,YC.B.U2.EUR.4F.G_N_A.SV_C_YM.SR_2Y,https://data-api.ecb.europa.eu/service/data/YC/B.U2.EUR.4F.G_N_A.SV_C_YM.SR_2Y?format=csvdata&startPeriod=2021-06-16,ok,2026-06-16 04:50:51.494909
EUR,,2Y,2022-04-01,-0.073710986535096,ecb_yield_curve_aaa,YC.B.U2.EUR.4F.G_N_A.SV_C_YM.SR_2Y,https://data-api.ecb.europa.eu/service/data/YC/B.U2.EUR.4F.G_N_A.SV_C_YM.SR_2Y?format=csvdata&startPeriod=2021-06-16,ok,2026-06-16 04:50:51.494909
EUR,,2Y,2022-04-04,-0.1206523183830432,ecb_yield_curve_aaa,YC.B.U2.EUR.4F.G_N_A.SV_C_YM.SR_2Y,https://data-api.ecb.europa.eu/service/data/YC/B.U2.EUR.4F.G_N_A.SV_C_YM.SR_2Y?format=csvdata&startPeriod=2021-06-16,ok,2026-06-16 04:50:51.494909
EUR,,2Y,2022-04-05,-0.0881039062184485,ecb_yield_curve_aaa,YC.B.U2.EUR.4F.G_N_A.SV_C_YM.SR_2Y,https://data-api.ecb.europa.eu/service/data/YC/B.U2.EUR.4F.G_N_A.SV_C_YM.SR_2Y?format=csvdata&startPeriod=2021-06-16,ok,2026-06-16 04:50:51.494909
EUR,,2Y,2022-04-06,-0.0504010465983206,ecb_yield_curve_aaa,YC.B.U2.EUR.4F.G_N_A.SV_C_YM.SR_2Y,https://data-api.ecb.europa.eu/service/data/YC/B.U2.EUR.4F.G_N_A.SV_C_YM.SR_2Y?format=csvdata&startPeriod=2021-06-16,ok,2026-06-16 04:50:51.494909
EUR,,2Y,2022-04-07,-0.0248235337778313,ecb_yield_curve_aaa,YC.B.U2.EUR.4F.G_N_A.SV_C_YM.SR_2Y,https://data-api.ecb.europa.eu/service/data/YC/B.U2.EUR.4F.G_N_A.SV_C_YM.SR_2Y?format=csvdata&startPeriod=2021-06-16,ok,2026-06-16 04:50:51.494909
EUR,,2Y,2022-04-08,0.0002118141201652,ecb_yield_curve_aaa,YC.B.U2.EUR.4F.G_N_A.SV_C_YM.SR_2Y,https://data-api.ecb.europa.eu/service/data/YC/B.U2.EUR.4F.G_N_A.SV_C_YM.SR_2Y?format=csvdata&startPeriod=2021-06-16,ok,2026-06-16 04:50:51.494909
EUR,,2Y,2022-04-11,0.0924968811126158,ecb_yield_curve_aaa,YC.B.U2.EUR.4F.G_N_A.SV_C_YM.SR_2Y,https://data-api.ecb.europa.eu/service/data/YC/B.U2.EUR.4F.G_N_A.SV_C_YM.SR_2Y?format=csvdata&startPeriod=2021-06-16,ok,2026-06-16 04:50:51.494909
EUR,,2Y,2022-04-12,0.0425049816843396,ecb_yield_curve_aaa,YC.B.U2.EUR.4F.G_N_A.SV_C_YM.SR_2Y,https://data-api.ecb.europa.eu/service/data/YC/B.U2.EUR.4F.G_N_A.SV_C_YM.SR_2Y?format=csvdata&startPeriod=2021-06-16,ok,2026-06-16 04:50:51.494909
EUR,,2Y,2022-04-13,0.0333275134807315,ecb_yield_curve_aaa,YC.B.U2.EUR.4F.G_N_A.SV_C_YM.SR_2Y,https://data-api.ecb.europa.eu/service/data/YC/B.U2.EUR.4F.G_N_A.SV_C_YM.SR_2Y?format=csvdata&startPeriod=2021-06-16,ok,2026-06-16 04:50:51.494909
EUR,,2Y,2022-04-14,-0.0050763138180855,ecb_yield_curve_aaa,YC.B.U2.EUR.4F.G_N_A.SV_C_YM.SR_2Y,https://data-api.ecb.europa.eu/service/data/YC/B.U2.EUR.4F.G_N_A.SV_C_YM.SR_2Y?format=csvdata&startPeriod=2021-06-16,ok,2026-06-16 04:50:51.494909
EUR,,2Y,2022-04-19,0.0326801585745299,ecb_yield_curve_aaa,YC.B.U2.EUR.4F.G_N_A.SV_C_YM.SR_2Y,https://data-api.ecb.europa.eu/service/data/YC/B.U2.EUR.4F.G_N_A.SV_C_YM.SR_2Y?format=csvdata&startPeriod=2021-06-16,ok,2026-06-16 04:50:51.494909
EUR,,2Y,2022-04-20,0.0191201643846334,ecb_yield_curve_aaa,YC.B.U2.EUR.4F.G_N_A.SV_C_YM.SR_2Y,https://data-api.ecb.europa.eu/service/data/YC/B.U2.EUR.4F.G_N_A.SV_C_YM.SR_2Y?format=csvdata&startPeriod=2021-06-16,ok,2026-06-16 04:50:51.494909
EUR,,2Y,2022-04-21,0.1113868881802422,ecb_yield_curve_aaa,YC.B.U2.EUR.4F.G_N_A.SV_C_YM.SR_2Y,https://data-api.ecb.europa.eu/service/data/YC/B.U2.EUR.4F.G_N_A.SV_C_YM.SR_2Y?format=csvdata&startPeriod=2021-06-16,ok,2026-06-16 04:50:51.494909
EUR,,2Y,2022-04-22,0.2271535268389248,ecb_yield_curve_aaa,YC.B.U2.EUR.4F.G_N_A.SV_C_YM.SR_2Y,https://data-api.ecb.europa.eu/service/data/YC/B.U2.EUR.4F.G_N_A.SV_C_YM.SR_2Y?format=csvdata&startPeriod=2021-06-16,ok,2026-06-16 04:50:51.494909
EUR,,2Y,2022-04-25,0.129554306960502,ecb_yield_curve_aaa,YC.B.U2.EUR.4F.G_N_A.SV_C_YM.SR_2Y,https://data-api.ecb.europa.eu/service/data/YC/B.U2.EUR.4F.G_N_A.SV_C_YM.SR_2Y?format=csvdata&startPeriod=2021-06-16,ok,2026-06-16 04:50:51.494909
EUR,,2Y,2022-04-26,0.1133224484371844,ecb_yield_curve_aaa,YC.B.U2.EUR.4F.G_N_A.SV_C_YM.SR_2Y,https://data-api.ecb.europa.eu/service/data/YC/B.U2.EUR.4F.G_N_A.SV_C_YM.SR_2Y?format=csvdata&startPeriod=2021-06-16,ok,2026-06-16 04:50:51.494909
EUR,,2Y,2022-04-27,0.0595690481821526,ecb_yield_curve_aaa,YC.B.U2.EUR.4F.G_N_A.SV_C_YM.SR_2Y,https://data-api.ecb.europa.eu/service/data/YC/B.U2.EUR.4F.G_N_A.SV_C_YM.SR_2Y?format=csvdata&startPeriod=2021-06-16,ok,2026-06-16 04:50:51.494909
EUR,,2Y,2022-04-28,0.1433436300236419,ecb_yield_curve_aaa,YC.B.U2.EUR.4F.G_N_A.SV_C_YM.SR_2Y,https://data-api.ecb.europa.eu/service/data/YC/B.U2.EUR.4F.G_N_A.SV_C_YM.SR_2Y?format=csvdata&startPeriod=2021-06-16,ok,2026-06-16 04:50:51.494909
EUR,,2Y,2022-04-29,0.2135319527189509,ecb_yield_curve_aaa,YC.B.U2.EUR.4F.G_N_A.SV_C_YM.SR_2Y,https://data-api.ecb.europa.eu/service/data/YC/B.U2.EUR.4F.G_N_A.SV_C_YM.SR_2Y?format=csvdata&startPeriod=2021-06-16,ok,2026-06-16 04:50:51.494909
EUR,,2Y,2022-05-02,0.1837790842289686,ecb_yield_curve_aaa,YC.B.U2.EUR.4F.G_N_A.SV_C_YM.SR_2Y,https://data-api.ecb.europa.eu/service/data/YC/B.U2.EUR.4F.G_N_A.SV_C_YM.SR_2Y?format=csvdata&startPeriod=2021-06-16,ok,2026-06-16 04:50:51.494909
EUR,,2Y,2022-05-03,0.1832622380517965,ecb_yield_curve_aaa,YC.B.U2.EUR.4F.G_N_A.SV_C_YM.SR_2Y,https://data-api.ecb.europa.eu/service/data/YC/B.U2.EUR.4F.G_N_A.SV_C_YM.SR_2Y?format=csvdata&startPeriod=2021-06-16,ok,2026-06-16 04:50:51.494909
EUR,,2Y,2022-05-04,0.2522903406876478,ecb_yield_curve_aaa,YC.B.U2.EUR.4F.G_N_A.SV_C_YM.SR_2Y,https://data-api.ecb.europa.eu/service/data/YC/B.U2.EUR.4F.G_N_A.SV_C_YM.SR_2Y?format=csvdata&startPeriod=2021-06-16,ok,2026-06-16 04:50:51.494909
EUR,,2Y,2022-05-05,0.2256145394788817,ecb_yield_curve_aaa,YC.B.U2.EUR.4F.G_N_A.SV_C_YM.SR_2Y,https://data-api.ecb.europa.eu/service/data/YC/B.U2.EUR.4F.G_N_A.SV_C_YM.SR_2Y?format=csvdata&startPeriod=2021-06-16,ok,2026-06-16 04:50:51.494909
EUR,,2Y,2022-05-06,0.3034313573916782,ecb_yield_curve_aaa,YC.B.U2.EUR.4F.G_N_A.SV_C_YM.SR_2Y,https://data-api.ecb.europa.eu/service/data/YC/B.U2.EUR.4F.G_N_A.SV_C_YM.SR_2Y?format=csvdata&startPeriod=2021-06-16,ok,2026-06-16 04:50:51.494909
EUR,,2Y,2022-05-09,0.2224448579596809,ecb_yield_curve_aaa,YC.B.U2.EUR.4F.G_N_A.SV_C_YM.SR_2Y,https://data-api.ecb.europa.eu/service/data/YC/B.U2.EUR.4F.G_N_A.SV_C_YM.SR_2Y?format=csvdata&startPeriod=2021-06-16,ok,2026-06-16 04:50:51.494909
EUR,,2Y,2022-05-10,0.1459363740167569,ecb_yield_curve_aaa,YC.B.U2.EUR.4F.G_N_A.SV_C_YM.SR_2Y,https://data-api.ecb.europa.eu/service/data/YC/B.U2.EUR.4F.G_N_A.SV_C_YM.SR_2Y?format=csvdata&startPeriod=2021-06-16,ok,2026-06-16 04:50:51.494909
EUR,,2Y,2022-05-11,0.1285399082983644,ecb_yield_curve_aaa,YC.B.U2.EUR.4F.G_N_A.SV_C_YM.SR_2Y,https://data-api.ecb.europa.eu/service/data/YC/B.U2.EUR.4F.G_N_A.SV_C_YM.SR_2Y?format=csvdata&startPeriod=2021-06-16,ok,2026-06-16 04:50:51.494909
EUR,,2Y,2022-05-12,0.0199708637280027,ecb_yield_curve_aaa,YC.B.U2.EUR.4F.G_N_A.SV_C_YM.SR_2Y,https://data-api.ecb.europa.eu/service/data/YC/B.U2.EUR.4F.G_N_A.SV_C_YM.SR_2Y?format=csvdata&startPeriod=2021-06-16,ok,2026-06-16 04:50:51.494909
EUR,,2Y,2022-05-13,0.098476436729582,ecb_yield_curve_aaa,YC.B.U2.EUR.4F.G_N_A.SV_C_YM.SR_2Y,https://data-api.ecb.europa.eu/service/data/YC/B.U2.EUR.4F.G_N_A.SV_C_YM.SR_2Y?format=csvdata&startPeriod=2021-06-16,ok,2026-06-16 04:50:51.494909
EUR,,2Y,2022-05-16,0.095722798602015,ecb_yield_curve_aaa,YC.B.U2.EUR.4F.G_N_A.SV_C_YM.SR_2Y,https://data-api.ecb.europa.eu/service/data/YC/B.U2.EUR.4F.G_N_A.SV_C_YM.SR_2Y?format=csvdata&startPeriod=2021-06-16,ok,2026-06-16 04:50:51.494909
EUR,,2Y,2022-05-17,0.2332090002313305,ecb_yield_curve_aaa,YC.B.U2.EUR.4F.G_N_A.SV_C_YM.SR_2Y,https://data-api.ecb.europa.eu/service/data/YC/B.U2.EUR.4F.G_N_A.SV_C_YM.SR_2Y?format=csvdata&startPeriod=2021-06-16,ok,2026-06-16 04:50:51.494909
EUR,,2Y,2022-05-18,0.3009662686947734,ecb_yield_curve_aaa,YC.B.U2.EUR.4F.G_N_A.SV_C_YM.SR_2Y,https://data-api.ecb.europa.eu/service/data/YC/B.U2.EUR.4F.G_N_A.SV_C_YM.SR_2Y?format=csvdata&startPeriod=2021-06-16,ok,2026-06-16 04:50:51.494909
EUR,,2Y,2022-05-19,0.2310551635921518,ecb_yield_curve_aaa,YC.B.U2.EUR.4F.G_N_A.SV_C_YM.SR_2Y,https://data-api.ecb.europa.eu/service/data/YC/B.U2.EUR.4F.G_N_A.SV_C_YM.SR_2Y?format=csvdata&startPeriod=2021-06-16,ok,2026-06-16 04:50:51.494909
EUR,,2Y,2022-05-20,0.2043525727801238,ecb_yield_curve_aaa,YC.B.U2.EUR.4F.G_N_A.SV_C_YM.SR_2Y,https://data-api.ecb.europa.eu/service/data/YC/B.U2.EUR.4F.G_N_A.SV_C_YM.SR_2Y?format=csvdata&startPeriod=2021-06-16,ok,2026-06-16 04:50:51.494909
EUR,,2Y,2022-05-23,0.222211310998305,ecb_yield_curve_aaa,YC.B.U2.EUR.4F.G_N_A.SV_C_YM.SR_2Y,https://data-api.ecb.europa.eu/service/data/YC/B.U2.EUR.4F.G_N_A.SV_C_YM.SR_2Y?format=csvdata&startPeriod=2021-06-16,ok,2026-06-16 04:50:51.494909
EUR,,2Y,2022-05-24,0.2481674748256792,ecb_yield_curve_aaa,YC.B.U2.EUR.4F.G_N_A.SV_C_YM.SR_2Y,https://data-api.ecb.europa.eu/service/data/YC/B.U2.EUR.4F.G_N_A.SV_C_YM.SR_2Y?format=csvdata&startPeriod=2021-06-16,ok,2026-06-16 04:50:51.494909
EUR,,2Y,2022-05-25,0.1828944249145099,ecb_yield_curve_aaa,YC.B.U2.EUR.4F.G_N_A.SV_C_YM.SR_2Y,https://data-api.ecb.europa.eu/service/data/YC/B.U2.EUR.4F.G_N_A.SV_C_YM.SR_2Y?format=csvdata&startPeriod=2021-06-16,ok,2026-06-16 04:50:51.494909
EUR,,2Y,2022-05-26,0.138385089835455,ecb_yield_curve_aaa,YC.B.U2.EUR.4F.G_N_A.SV_C_YM.SR_2Y,https://data-api.ecb.europa.eu/service/data/YC/B.U2.EUR.4F.G_N_A.SV_C_YM.SR_2Y?format=csvdata&startPeriod=2021-06-16,ok,2026-06-16 04:50:51.494909
EUR,,2Y,2022-05-27,0.1698534526565822,ecb_yield_curve_aaa,YC.B.U2.EUR.4F.G_N_A.SV_C_YM.SR_2Y,https://data-api.ecb.europa.eu/service/data/YC/B.U2.EUR.4F.G_N_A.SV_C_YM.SR_2Y?format=csvdata&startPeriod=2021-06-16,ok,2026-06-16 04:50:51.494909
EUR,,2Y,2022-05-30,0.2800903120292579,ecb_yield_curve_aaa,YC.B.U2.EUR.4F.G_N_A.SV_C_YM.SR_2Y,https://data-api.ecb.europa.eu/service/data/YC/B.U2.EUR.4F.G_N_A.SV_C_YM.SR_2Y?format=csvdata&startPeriod=2021-06-16,ok,2026-06-16 04:50:51.494909
EUR,,2Y,2022-05-31,0.3577958329266786,ecb_yield_curve_aaa,YC.B.U2.EUR.4F.G_N_A.SV_C_YM.SR_2Y,https://data-api.ecb.europa.eu/service/data/YC/B.U2.EUR.4F.G_N_A.SV_C_YM.SR_2Y?format=csvdata&startPeriod=2021-06-16,ok,2026-06-16 04:50:51.494909
EUR,,2Y,2022-06-01,0.3255372202075079,ecb_yield_curve_aaa,YC.B.U2.EUR.4F.G_N_A.SV_C_YM.SR_2Y,https://data-api.ecb.europa.eu/service/data/YC/B.U2.EUR.4F.G_N_A.SV_C_YM.SR_2Y?format=csvdata&startPeriod=2021-06-16,ok,2026-06-16 04:50:51.494909
EUR,,2Y,2022-06-02,0.4658892760065525,ecb_yield_curve_aaa,YC.B.U2.EUR.4F.G_N_A.SV_C_YM.SR_2Y,https://data-api.ecb.europa.eu/service/data/YC/B.U2.EUR.4F.G_N_A.SV_C_YM.SR_2Y?format=csvdata&startPeriod=2021-06-16,ok,2026-06-16 04:50:51.494909
EUR,,2Y,2022-06-03,0.4967912223999766,ecb_yield_curve_aaa,YC.B.U2.EUR.4F.G_N_A.SV_C_YM.SR_2Y,https://data-api.ecb.europa.eu/service/data/YC/B.U2.EUR.4F.G_N_A.SV_C_YM.SR_2Y?format=csvdata&startPeriod=2021-06-16,ok,2026-06-16 04:50:51.494909
EUR,,2Y,2022-06-06,0.5317709717792423,ecb_yield_curve_aaa,YC.B.U2.EUR.4F.G_N_A.SV_C_YM.SR_2Y,https://data-api.ecb.europa.eu/service/data/YC/B.U2.EUR.4F.G_N_A.SV_C_YM.SR_2Y?format=csvdata&startPeriod=2021-06-16,ok,2026-06-16 04:50:51.494909
EUR,,2Y,2022-06-07,0.521797901802723,ecb_yield_curve_aaa,YC.B.U2.EUR.4F.G_N_A.SV_C_YM.SR_2Y,https://data-api.ecb.europa.eu/service/data/YC/B.U2.EUR.4F.G_N_A.SV_C_YM.SR_2Y?format=csvdata&startPeriod=2021-06-16,ok,2026-06-16 04:50:51.494909
EUR,,2Y,2022-06-08,0.6079255148787319,ecb_yield_curve_aaa,YC.B.U2.EUR.4F.G_N_A.SV_C_YM.SR_2Y,https://data-api.ecb.europa.eu/service/data/YC/B.U2.EUR.4F.G_N_A.SV_C_YM.SR_2Y?format=csvdata&startPeriod=2021-06-16,ok,2026-06-16 04:50:51.494909
EUR,,2Y,2022-06-09,0.7529191688977015,ecb_yield_curve_aaa,YC.B.U2.EUR.4F.G_N_A.SV_C_YM.SR_2Y,https://data-api.ecb.europa.eu/service/data/YC/B.U2.EUR.4F.G_N_A.SV_C_YM.SR_2Y?format=csvdata&startPeriod=2021-06-16,ok,2026-06-16 04:50:51.494909
EUR,,2Y,2022-06-10,0.8736798606327709,ecb_yield_curve_aaa,YC.B.U2.EUR.4F.G_N_A.SV_C_YM.SR_2Y,https://data-api.ecb.europa.eu/service/data/YC/B.U2.EUR.4F.G_N_A.SV_C_YM.SR_2Y?format=csvdata&startPeriod=2021-06-16,ok,2026-06-16 04:50:51.494909
EUR,,2Y,2022-06-13,1.0517982973762572,ecb_yield_curve_aaa,YC.B.U2.EUR.4F.G_N_A.SV_C_YM.SR_2Y,https://data-api.ecb.europa.eu/service/data/YC/B.U2.EUR.4F.G_N_A.SV_C_YM.SR_2Y?format=csvdata&startPeriod=2021-06-16,ok,2026-06-16 04:50:51.494909
EUR,,2Y,2022-06-14,1.107925929014396,ecb_yield_curve_aaa,YC.B.U2.EUR.4F.G_N_A.SV_C_YM.SR_2Y,https://data-api.ecb.europa.eu/service/data/YC/B.U2.EUR.4F.G_N_A.SV_C_YM.SR_2Y?format=csvdata&startPeriod=2021-06-16,ok,2026-06-16 04:50:51.494909
EUR,,2Y,2022-06-15,1.0673652802534512,ecb_yield_curve_aaa,YC.B.U2.EUR.4F.G_N_A.SV_C_YM.SR_2Y,https://data-api.ecb.europa.eu/service/data/YC/B.U2.EUR.4F.G_N_A.SV_C_YM.SR_2Y?format=csvdata&startPeriod=2021-06-16,ok,2026-06-16 04:50:51.494909
EUR,,2Y,2022-06-16,1.1474280494847655,ecb_yield_curve_aaa,YC.B.U2.EUR.4F.G_N_A.SV_C_YM.SR_2Y,https://data-api.ecb.europa.eu/service/data/YC/B.U2.EUR.4F.G_N_A.SV_C_YM.SR_2Y?format=csvdata&startPeriod=2021-06-16,ok,2026-06-16 04:50:51.494909
EUR,,2Y,2022-06-17,1.075471824739418,ecb_yield_curve_aaa,YC.B.U2.EUR.4F.G_N_A.SV_C_YM.SR_2Y,https://data-api.ecb.europa.eu/service/data/YC/B.U2.EUR.4F.G_N_A.SV_C_YM.SR_2Y?format=csvdata&startPeriod=2021-06-16,ok,2026-06-16 04:50:51.494909
EUR,,2Y,2022-06-20,1.1034486636097345,ecb_yield_curve_aaa,YC.B.U2.EUR.4F.G_N_A.SV_C_YM.SR_2Y,https://data-api.ecb.europa.eu/service/data/YC/B.U2.EUR.4F.G_N_A.SV_C_YM.SR_2Y?format=csvdata&startPeriod=2021-06-16,ok,2026-06-16 04:50:51.494909
EUR,,2Y,2022-06-21,1.0812423879450916,ecb_yield_curve_aaa,YC.B.U2.EUR.4F.G_N_A.SV_C_YM.SR_2Y,https://data-api.ecb.europa.eu/service/data/YC/B.U2.EUR.4F.G_N_A.SV_C_YM.SR_2Y?format=csvdata&startPeriod=2021-06-16,ok,2026-06-16 04:50:51.494909
EUR,,2Y,2022-06-22,0.9802818496975902,ecb_yield_curve_aaa,YC.B.U2.EUR.4F.G_N_A.SV_C_YM.SR_2Y,https://data-api.ecb.europa.eu/service/data/YC/B.U2.EUR.4F.G_N_A.SV_C_YM.SR_2Y?format=csvdata&startPeriod=2021-06-16,ok,2026-06-16 04:50:51.494909
EUR,,2Y,2022-06-23,0.782891247822028,ecb_yield_curve_aaa,YC.B.U2.EUR.4F.G_N_A.SV_C_YM.SR_2Y,https://data-api.ecb.europa.eu/service/data/YC/B.U2.EUR.4F.G_N_A.SV_C_YM.SR_2Y?format=csvdata&startPeriod=2021-06-16,ok,2026-06-16 04:50:51.494909
EUR,,2Y,2022-06-24,0.8394502349136217,ecb_yield_curve_aaa,YC.B.U2.EUR.4F.G_N_A.SV_C_YM.SR_2Y,https://data-api.ecb.europa.eu/service/data/YC/B.U2.EUR.4F.G_N_A.SV_C_YM.SR_2Y?format=csvdata&startPeriod=2021-06-16,ok,2026-06-16 04:50:51.494909
EUR,,2Y,2022-06-27,0.8496721081427552,ecb_yield_curve_aaa,YC.B.U2.EUR.4F.G_N_A.SV_C_YM.SR_2Y,https://data-api.ecb.europa.eu/service/data/YC/B.U2.EUR.4F.G_N_A.SV_C_YM.SR_2Y?format=csvdata&startPeriod=2021-06-16,ok,2026-06-16 04:50:51.494909
EUR,,2Y,2022-06-28,0.9224681847355996,ecb_yield_curve_aaa,YC.B.U2.EUR.4F.G_N_A.SV_C_YM.SR_2Y,https://data-api.ecb.europa.eu/service/data/YC/B.U2.EUR.4F.G_N_A.SV_C_YM.SR_2Y?format=csvdata&startPeriod=2021-06-16,ok,2026-06-16 04:50:51.494909
EUR,,2Y,2022-06-29,0.8995320097198638,ecb_yield_curve_aaa,YC.B.U2.EUR.4F.G_N_A.SV_C_YM.SR_2Y,https://data-api.ecb.europa.eu/service/data/YC/B.U2.EUR.4F.G_N_A.SV_C_YM.SR_2Y?format=csvdata&startPeriod=2021-06-16,ok,2026-06-16 04:50:51.494909
EUR,,2Y,2022-06-30,0.6429685731460477,ecb_yield_curve_aaa,YC.B.U2.EUR.4F.G_N_A.SV_C_YM.SR_2Y,https://data-api.ecb.europa.eu/service/data/YC/B.U2.EUR.4F.G_N_A.SV_C_YM.SR_2Y?format=csvdata&startPeriod=2021-06-16,ok,2026-06-16 04:50:51.494909
EUR,,2Y,2022-07-01,0.5038708023308338,ecb_yield_curve_aaa,YC.B.U2.EUR.4F.G_N_A.SV_C_YM.SR_2Y,https://data-api.ecb.europa.eu/service/data/YC/B.U2.EUR.4F.G_N_A.SV_C_YM.SR_2Y?format=csvdata&startPeriod=2021-06-16,ok,2026-06-16 04:50:51.494909
EUR,,2Y,2022-07-04,0.6098044569218812,ecb_yield_curve_aaa,YC.B.U2.EUR.4F.G_N_A.SV_C_YM.SR_2Y,https://data-api.ecb.europa.eu/service/data/YC/B.U2.EUR.4F.G_N_A.SV_C_YM.SR_2Y?format=csvdata&startPeriod=2021-06-16,ok,2026-06-16 04:50:51.494909
EUR,,2Y,2022-07-05,0.4374668734716946,ecb_yield_curve_aaa,YC.B.U2.EUR.4F.G_N_A.SV_C_YM.SR_2Y,https://data-api.ecb.europa.eu/service/data/YC/B.U2.EUR.4F.G_N_A.SV_C_YM.SR_2Y?format=csvdata&startPeriod=2021-06-16,ok,2026-06-16 04:50:51.494909
EUR,,2Y,2022-07-06,0.3569876804532379,ecb_yield_curve_aaa,YC.B.U2.EUR.4F.G_N_A.SV_C_YM.SR_2Y,https://data-api.ecb.europa.eu/service/data/YC/B.U2.EUR.4F.G_N_A.SV_C_YM.SR_2Y?format=csvdata&startPeriod=2021-06-16,ok,2026-06-16 04:50:51.494909
EUR,,2Y,2022-07-07,0.4927924924942291,ecb_yield_curve_aaa,YC.B.U2.EUR.4F.G_N_A.SV_C_YM.SR_2Y,https://data-api.ecb.europa.eu/service/data/YC/B.U2.EUR.4F.G_N_A.SV_C_YM.SR_2Y?format=csvdata&startPeriod=2021-06-16,ok,2026-06-16 04:50:51.494909
EUR,,2Y,2022-07-08,0.4718698969210767,ecb_yield_curve_aaa,YC.B.U2.EUR.4F.G_N_A.SV_C_YM.SR_2Y,https://data-api.ecb.europa.eu/service/data/YC/B.U2.EUR.4F.G_N_A.SV_C_YM.SR_2Y?format=csvdata&startPeriod=2021-06-16,ok,2026-06-16 04:50:51.494909
EUR,,2Y,2022-07-11,0.4038580007337751,ecb_yield_curve_aaa,YC.B.U2.EUR.4F.G_N_A.SV_C_YM.SR_2Y,https://data-api.ecb.europa.eu/service/data/YC/B.U2.EUR.4F.G_N_A.SV_C_YM.SR_2Y?format=csvdata&startPeriod=2021-06-16,ok,2026-06-16 04:50:51.494909
EUR,,2Y,2022-07-12,0.293818994727552,ecb_yield_curve_aaa,YC.B.U2.EUR.4F.G_N_A.SV_C_YM.SR_2Y,https://data-api.ecb.europa.eu/service/data/YC/B.U2.EUR.4F.G_N_A.SV_C_YM.SR_2Y?format=csvdata&startPeriod=2021-06-16,ok,2026-06-16 04:50:51.494909
EUR,,2Y,2022-07-13,0.3857500826295407,ecb_yield_curve_aaa,YC.B.U2.EUR.4F.G_N_A.SV_C_YM.SR_2Y,https://data-api.ecb.europa.eu/service/data/YC/B.U2.EUR.4F.G_N_A.SV_C_YM.SR_2Y?format=csvdata&startPeriod=2021-06-16,ok,2026-06-16 04:50:51.494909
EUR,,2Y,2022-07-14,0.5023355094984915,ecb_yield_curve_aaa,YC.B.U2.EUR.4F.G_N_A.SV_C_YM.SR_2Y,https://data-api.ecb.europa.eu/service/data/YC/B.U2.EUR.4F.G_N_A.SV_C_YM.SR_2Y?format=csvdata&startPeriod=2021-06-16,ok,2026-06-16 04:50:51.494909
EUR,,2Y,2022-07-15,0.445794826058272,ecb_yield_curve_aaa,YC.B.U2.EUR.4F.G_N_A.SV_C_YM.SR_2Y,https://data-api.ecb.europa.eu/service/data/YC/B.U2.EUR.4F.G_N_A.SV_C_YM.SR_2Y?format=csvdata&startPeriod=2021-06-16,ok,2026-06-16 04:50:51.494909
EUR,,2Y,2022-07-18,0.4887826033157134,ecb_yield_curve_aaa,YC.B.U2.EUR.4F.G_N_A.SV_C_YM.SR_2Y,https://data-api.ecb.europa.eu/service/data/YC/B.U2.EUR.4F.G_N_A.SV_C_YM.SR_2Y?format=csvdata&startPeriod=2021-06-16,ok,2026-06-16 04:50:51.494909
EUR,,2Y,2022-07-19,0.5716304530668107,ecb_yield_curve_aaa,YC.B.U2.EUR.4F.G_N_A.SV_C_YM.SR_2Y,https://data-api.ecb.europa.eu/service/data/YC/B.U2.EUR.4F.G_N_A.SV_C_YM.SR_2Y?format=csvdata&startPeriod=2021-06-16,ok,2026-06-16 04:50:51.494909
EUR,,2Y,2022-07-20,0.5409764075454857,ecb_yield_curve_aaa,YC.B.U2.EUR.4F.G_N_A.SV_C_YM.SR_2Y,https://data-api.ecb.europa.eu/service/data/YC/B.U2.EUR.4F.G_N_A.SV_C_YM.SR_2Y?format=csvdata&startPeriod=2021-06-16,ok,2026-06-16 04:50:51.494909
EUR,,2Y,2022-07-21,0.5829219344370368,ecb_yield_curve_aaa,YC.B.U2.EUR.4F.G_N_A.SV_C_YM.SR_2Y,https://data-api.ecb.europa.eu/service/data/YC/B.U2.EUR.4F.G_N_A.SV_C_YM.SR_2Y?format=csvdata&startPeriod=2021-06-16,ok,2026-06-16 04:50:51.494909
EUR,,2Y,2022-07-22,0.3877630066190698,ecb_yield_curve_aaa,YC.B.U2.EUR.4F.G_N_A.SV_C_YM.SR_2Y,https://data-api.ecb.europa.eu/service/data/YC/B.U2.EUR.4F.G_N_A.SV_C_YM.SR_2Y?format=csvdata&startPeriod=2021-06-16,ok,2026-06-16 04:50:51.494909
EUR,,2Y,2022-07-25,0.4241851904738203,ecb_yield_curve_aaa,YC.B.U2.EUR.4F.G_N_A.SV_C_YM.SR_2Y,https://data-api.ecb.europa.eu/service/data/YC/B.U2.EUR.4F.G_N_A.SV_C_YM.SR_2Y?format=csvdata&startPeriod=2021-06-16,ok,2026-06-16 04:50:51.494909
EUR,,2Y,2022-07-26,0.3092699120763464,ecb_yield_curve_aaa,YC.B.U2.EUR.4F.G_N_A.SV_C_YM.SR_2Y,https://data-api.ecb.europa.eu/service/data/YC/B.U2.EUR.4F.G_N_A.SV_C_YM.SR_2Y?format=csvdata&startPeriod=2021-06-16,ok,2026-06-16 04:50:51.494909
EUR,,2Y,2022-07-27,0.351422958683389,ecb_yield_curve_aaa,YC.B.U2.EUR.4F.G_N_A.SV_C_YM.SR_2Y,https://data-api.ecb.europa.eu/service/data/YC/B.U2.EUR.4F.G_N_A.SV_C_YM.SR_2Y?format=csvdata&startPeriod=2021-06-16,ok,2026-06-16 04:50:51.494909
EUR,,2Y,2022-07-28,0.2279899572195516,ecb_yield_curve_aaa,YC.B.U2.EUR.4F.G_N_A.SV_C_YM.SR_2Y,https://data-api.ecb.europa.eu/service/data/YC/B.U2.EUR.4F.G_N_A.SV_C_YM.SR_2Y?format=csvdata&startPeriod=2021-06-16,ok,2026-06-16 04:50:51.494909
EUR,,2Y,2022-07-29,0.2543910607748882,ecb_yield_curve_aaa,YC.B.U2.EUR.4F.G_N_A.SV_C_YM.SR_2Y,https://data-api.ecb.europa.eu/service/data/YC/B.U2.EUR.4F.G_N_A.SV_C_YM.SR_2Y?format=csvdata&startPeriod=2021-06-16,ok,2026-06-16 04:50:51.494909
EUR,,2Y,2022-08-01,0.206210462690846,ecb_yield_curve_aaa,YC.B.U2.EUR.4F.G_N_A.SV_C_YM.SR_2Y,https://data-api.ecb.europa.eu/service/data/YC/B.U2.EUR.4F.G_N_A.SV_C_YM.SR_2Y?format=csvdata&startPeriod=2021-06-16,ok,2026-06-16 04:50:51.494909
EUR,,2Y,2022-08-02,0.2346754247057516,ecb_yield_curve_aaa,YC.B.U2.EUR.4F.G_N_A.SV_C_YM.SR_2Y,https://data-api.ecb.europa.eu/service/data/YC/B.U2.EUR.4F.G_N_A.SV_C_YM.SR_2Y?format=csvdata&startPeriod=2021-06-16,ok,2026-06-16 04:50:51.494909
EUR,,2Y,2022-08-03,0.3457380873305089,ecb_yield_curve_aaa,YC.B.U2.EUR.4F.G_N_A.SV_C_YM.SR_2Y,https://data-api.ecb.europa.eu/service/data/YC/B.U2.EUR.4F.G_N_A.SV_C_YM.SR_2Y?format=csvdata&startPeriod=2021-06-16,ok,2026-06-16 04:50:51.494909
EUR,,2Y,2022-08-04,0.3159630846369179,ecb_yield_curve_aaa,YC.B.U2.EUR.4F.G_N_A.SV_C_YM.SR_2Y,https://data-api.ecb.europa.eu/service/data/YC/B.U2.EUR.4F.G_N_A.SV_C_YM.SR_2Y?format=csvdata&startPeriod=2021-06-16,ok,2026-06-16 04:50:51.494909
EUR,,2Y,2022-08-05,0.430584908970558,ecb_yield_curve_aaa,YC.B.U2.EUR.4F.G_N_A.SV_C_YM.SR_2Y,https://data-api.ecb.europa.eu/service/data/YC/B.U2.EUR.4F.G_N_A.SV_C_YM.SR_2Y?format=csvdata&startPeriod=2021-06-16,ok,2026-06-16 04:50:51.494909
EUR,,2Y,2022-08-08,0.3925202181585741,ecb_yield_curve_aaa,YC.B.U2.EUR.4F.G_N_A.SV_C_YM.SR_2Y,https://data-api.ecb.europa.eu/service/data/YC/B.U2.EUR.4F.G_N_A.SV_C_YM.SR_2Y?format=csvdata&startPeriod=2021-06-16,ok,2026-06-16 04:50:51.494909
EUR,,2Y,2022-08-09,0.4593522948865773,ecb_yield_curve_aaa,YC.B.U2.EUR.4F.G_N_A.SV_C_YM.SR_2Y,https://data-api.ecb.europa.eu/service/data/YC/B.U2.EUR.4F.G_N_A.SV_C_YM.SR_2Y?format=csvdata&startPeriod=2021-06-16,ok,2026-06-16 04:50:51.494909
EUR,,2Y,2022-08-10,0.4009288006593223,ecb_yield_curve_aaa,YC.B.U2.EUR.4F.G_N_A.SV_C_YM.SR_2Y,https://data-api.ecb.europa.eu/service/data/YC/B.U2.EUR.4F.G_N_A.SV_C_YM.SR_2Y?format=csvdata&startPeriod=2021-06-16,ok,2026-06-16 04:50:51.494909
EUR,,2Y,2022-08-11,0.4297783408322031,ecb_yield_curve_aaa,YC.B.U2.EUR.4F.G_N_A.SV_C_YM.SR_2Y,https://data-api.ecb.europa.eu/service/data/YC/B.U2.EUR.4F.G_N_A.SV_C_YM.SR_2Y?format=csvdata&startPeriod=2021-06-16,ok,2026-06-16 04:50:51.494909
EUR,,2Y,2022-08-12,0.4472355062487843,ecb_yield_curve_aaa,YC.B.U2.EUR.4F.G_N_A.SV_C_YM.SR_2Y,https://data-api.ecb.europa.eu/service/data/YC/B.U2.EUR.4F.G_N_A.SV_C_YM.SR_2Y?format=csvdata&startPeriod=2021-06-16,ok,2026-06-16 04:50:51.494909
EUR,,2Y,2022-08-15,0.4368989823936386,ecb_yield_curve_aaa,YC.B.U2.EUR.4F.G_N_A.SV_C_YM.SR_2Y,https://data-api.ecb.europa.eu/service/data/YC/B.U2.EUR.4F.G_N_A.SV_C_YM.SR_2Y?format=csvdata&startPeriod=2021-06-16,ok,2026-06-16 04:50:51.494909
EUR,,2Y,2022-08-16,0.4741722948702058,ecb_yield_curve_aaa,YC.B.U2.EUR.4F.G_N_A.SV_C_YM.SR_2Y,https://data-api.ecb.europa.eu/service/data/YC/B.U2.EUR.4F.G_N_A.SV_C_YM.SR_2Y?format=csvdata&startPeriod=2021-06-16,ok,2026-06-16 04:50:51.494909
EUR,,2Y,2022-08-17,0.6364130651496627,ecb_yield_curve_aaa,YC.B.U2.EUR.4F.G_N_A.SV_C_YM.SR_2Y,https://data-api.ecb.europa.eu/service/data/YC/B.U2.EUR.4F.G_N_A.SV_C_YM.SR_2Y?format=csvdata&startPeriod=2021-06-16,ok,2026-06-16 04:50:51.494909
EUR,,2Y,2022-08-18,0.667685743619475,ecb_yield_curve_aaa,YC.B.U2.EUR.4F.G_N_A.SV_C_YM.SR_2Y,https://data-api.ecb.europa.eu/service/data/YC/B.U2.EUR.4F.G_N_A.SV_C_YM.SR_2Y?format=csvdata&startPeriod=2021-06-16,ok,2026-06-16 04:50:51.494909
EUR,,2Y,2022-08-19,0.7322906271220644,ecb_yield_curve_aaa,YC.B.U2.EUR.4F.G_N_A.SV_C_YM.SR_2Y,https://data-api.ecb.europa.eu/service/data/YC/B.U2.EUR.4F.G_N_A.SV_C_YM.SR_2Y?format=csvdata&startPeriod=2021-06-16,ok,2026-06-16 04:50:51.494909
EUR,,2Y,2022-08-22,0.7977765397950236,ecb_yield_curve_aaa,YC.B.U2.EUR.4F.G_N_A.SV_C_YM.SR_2Y,https://data-api.ecb.europa.eu/service/data/YC/B.U2.EUR.4F.G_N_A.SV_C_YM.SR_2Y?format=csvdata&startPeriod=2021-06-16,ok,2026-06-16 04:50:51.494909
EUR,,2Y,2022-08-23,0.824596071427095,ecb_yield_curve_aaa,YC.B.U2.EUR.4F.G_N_A.SV_C_YM.SR_2Y,https://data-api.ecb.europa.eu/service/data/YC/B.U2.EUR.4F.G_N_A.SV_C_YM.SR_2Y?format=csvdata&startPeriod=2021-06-16,ok,2026-06-16 04:50:51.494909
EUR,,2Y,2022-08-24,0.8442686900836867,ecb_yield_curve_aaa,YC.B.U2.EUR.4F.G_N_A.SV_C_YM.SR_2Y,https://data-api.ecb.europa.eu/service/data/YC/B.U2.EUR.4F.G_N_A.SV_C_YM.SR_2Y?format=csvdata&startPeriod=2021-06-16,ok,2026-06-16 04:50:51.494909
EUR,,2Y,2022-08-25,0.7731331466604079,ecb_yield_curve_aaa,YC.B.U2.EUR.4F.G_N_A.SV_C_YM.SR_2Y,https://data-api.ecb.europa.eu/service/data/YC/B.U2.EUR.4F.G_N_A.SV_C_YM.SR_2Y?format=csvdata&startPeriod=2021-06-16,ok,2026-06-16 04:50:51.494909
EUR,,2Y,2022-08-26,0.8822836426417826,ecb_yield_curve_aaa,YC.B.U2.EUR.4F.G_N_A.SV_C_YM.SR_2Y,https://data-api.ecb.europa.eu/service/data/YC/B.U2.EUR.4F.G_N_A.SV_C_YM.SR_2Y?format=csvdata&startPeriod=2021-06-16,ok,2026-06-16 04:50:51.494909
EUR,,2Y,2022-08-29,0.9687377921993434,ecb_yield_curve_aaa,YC.B.U2.EUR.4F.G_N_A.SV_C_YM.SR_2Y,https://data-api.ecb.europa.eu/service/data/YC/B.U2.EUR.4F.G_N_A.SV_C_YM.SR_2Y?format=csvdata&startPeriod=2021-06-16,ok,2026-06-16 04:50:51.494909
EUR,,2Y,2022-08-30,0.9910933484952588,ecb_yield_curve_aaa,YC.B.U2.EUR.4F.G_N_A.SV_C_YM.SR_2Y,https://data-api.ecb.europa.eu/service/data/YC/B.U2.EUR.4F.G_N_A.SV_C_YM.SR_2Y?format=csvdata&startPeriod=2021-06-16,ok,2026-06-16 04:50:51.494909
EUR,,2Y,2022-08-31,1.0755895221438925,ecb_yield_curve_aaa,YC.B.U2.EUR.4F.G_N_A.SV_C_YM.SR_2Y,https://data-api.ecb.europa.eu/service/data/YC/B.U2.EUR.4F.G_N_A.SV_C_YM.SR_2Y?format=csvdata&startPeriod=2021-06-16,ok,2026-06-16 04:50:51.494909
EUR,,2Y,2022-09-01,1.071420116302356,ecb_yield_curve_aaa,YC.B.U2.EUR.4F.G_N_A.SV_C_YM.SR_2Y,https://data-api.ecb.europa.eu/service/data/YC/B.U2.EUR.4F.G_N_A.SV_C_YM.SR_2Y?format=csvdata&startPeriod=2021-06-16,ok,2026-06-16 04:50:51.494909
EUR,,2Y,2022-09-02,0.978366094840494,ecb_yield_curve_aaa,YC.B.U2.EUR.4F.G_N_A.SV_C_YM.SR_2Y,https://data-api.ecb.europa.eu/service/data/YC/B.U2.EUR.4F.G_N_A.SV_C_YM.SR_2Y?format=csvdata&startPeriod=2021-06-16,ok,2026-06-16 04:50:51.494909
EUR,,2Y,2022-09-05,1.006273521657424,ecb_yield_curve_aaa,YC.B.U2.EUR.4F.G_N_A.SV_C_YM.SR_2Y,https://data-api.ecb.europa.eu/service/data/YC/B.U2.EUR.4F.G_N_A.SV_C_YM.SR_2Y?format=csvdata&startPeriod=2021-06-16,ok,2026-06-16 04:50:51.494909
EUR,,2Y,2022-09-06,1.001828262410104,ecb_yield_curve_aaa,YC.B.U2.EUR.4F.G_N_A.SV_C_YM.SR_2Y,https://data-api.ecb.europa.eu/service/data/YC/B.U2.EUR.4F.G_N_A.SV_C_YM.SR_2Y?format=csvdata&startPeriod=2021-06-16,ok,2026-06-16 04:50:51.494909
EUR,,2Y,2022-09-07,0.8827529867824424,ecb_yield_curve_aaa,YC.B.U2.EUR.4F.G_N_A.SV_C_YM.SR_2Y,https://data-api.ecb.europa.eu/service/data/YC/B.U2.EUR.4F.G_N_A.SV_C_YM.SR_2Y?format=csvdata&startPeriod=2021-06-16,ok,2026-06-16 04:50:51.494909
EUR,,2Y,2022-09-08,1.0085898110864164,ecb_yield_curve_aaa,YC.B.U2.EUR.4F.G_N_A.SV_C_YM.SR_2Y,https://data-api.ecb.europa.eu/service/data/YC/B.U2.EUR.4F.G_N_A.SV_C_YM.SR_2Y?format=csvdata&startPeriod=2021-06-16,ok,2026-06-16 04:50:51.494909
EUR,,2Y,2022-09-09,1.1944739168797565,ecb_yield_curve_aaa,YC.B.U2.EUR.4F.G_N_A.SV_C_YM.SR_2Y,https://data-api.ecb.europa.eu/service/data/YC/B.U2.EUR.4F.G_N_A.SV_C_YM.SR_2Y?format=csvdata&startPeriod=2021-06-16,ok,2026-06-16 04:50:51.494909
EUR,,2Y,2022-09-12,1.2029409655619787,ecb_yield_curve_aaa,YC.B.U2.EUR.4F.G_N_A.SV_C_YM.SR_2Y,https://data-api.ecb.europa.eu/service/data/YC/B.U2.EUR.4F.G_N_A.SV_C_YM.SR_2Y?format=csvdata&startPeriod=2021-06-16,ok,2026-06-16 04:50:51.494909
EUR,,2Y,2022-09-13,1.2885520518595577,ecb_yield_curve_aaa,YC.B.U2.EUR.4F.G_N_A.SV_C_YM.SR_2Y,https://data-api.ecb.europa.eu/service/data/YC/B.U2.EUR.4F.G_N_A.SV_C_YM.SR_2Y?format=csvdata&startPeriod=2021-06-16,ok,2026-06-16 04:50:51.494909
EUR,,2Y,2022-09-14,1.3030152924592215,ecb_yield_curve_aaa,YC.B.U2.EUR.4F.G_N_A.SV_C_YM.SR_2Y,https://data-api.ecb.europa.eu/service/data/YC/B.U2.EUR.4F.G_N_A.SV_C_YM.SR_2Y?format=csvdata&startPeriod=2021-06-16,ok,2026-06-16 04:50:51.494909
EUR,,2Y,2022-09-15,1.3754707982924606,ecb_yield_curve_aaa,YC.B.U2.EUR.4F.G_N_A.SV_C_YM.SR_2Y,https://data-api.ecb.europa.eu/service/data/YC/B.U2.EUR.4F.G_N_A.SV_C_YM.SR_2Y?format=csvdata&startPeriod=2021-06-16,ok,2026-06-16 04:50:51.494909
EUR,,2Y,2022-09-16,1.4520247492905076,ecb_yield_curve_aaa,YC.B.U2.EUR.4F.G_N_A.SV_C_YM.SR_2Y,https://data-api.ecb.europa.eu/service/data/YC/B.U2.EUR.4F.G_N_A.SV_C_YM.SR_2Y?format=csvdata&startPeriod=2021-06-16,ok,2026-06-16 04:50:51.494909
EUR,,2Y,2022-09-19,1.4609124317361897,ecb_yield_curve_aaa,YC.B.U2.EUR.4F.G_N_A.SV_C_YM.SR_2Y,https://data-api.ecb.europa.eu/service/data/YC/B.U2.EUR.4F.G_N_A.SV_C_YM.SR_2Y?format=csvdata&startPeriod=2021-06-16,ok,2026-06-16 04:50:51.494909
EUR,,2Y,2022-09-20,1.6138090171454076,ecb_yield_curve_aaa,YC.B.U2.EUR.4F.G_N_A.SV_C_YM.SR_2Y,https://data-api.ecb.europa.eu/service/data/YC/B.U2.EUR.4F.G_N_A.SV_C_YM.SR_2Y?format=csvdata&startPeriod=2021-06-16,ok,2026-06-16 04:50:51.494909
EUR,,2Y,2022-09-21,1.62103824867088,ecb_yield_curve_aaa,YC.B.U2.EUR.4F.G_N_A.SV_C_YM.SR_2Y,https://data-api.ecb.europa.eu/service/data/YC/B.U2.EUR.4F.G_N_A.SV_C_YM.SR_2Y?format=csvdata&startPeriod=2021-06-16,ok,2026-06-16 04:50:51.494909
EUR,,2Y,2022-09-22,1.747941824640474,ecb_yield_curve_aaa,YC.B.U2.EUR.4F.G_N_A.SV_C_YM.SR_2Y,https://data-api.ecb.europa.eu/service/data/YC/B.U2.EUR.4F.G_N_A.SV_C_YM.SR_2Y?format=csvdata&startPeriod=2021-06-16,ok,2026-06-16 04:50:51.494909
EUR,,2Y,2022-09-23,1.8146768785320344,ecb_yield_curve_aaa,YC.B.U2.EUR.4F.G_N_A.SV_C_YM.SR_2Y,https://data-api.ecb.europa.eu/service/data/YC/B.U2.EUR.4F.G_N_A.SV_C_YM.SR_2Y?format=csvdata&startPeriod=2021-06-16,ok,2026-06-16 04:50:51.494909
EUR,,2Y,2022-09-26,1.868977705683478,ecb_yield_curve_aaa,YC.B.U2.EUR.4F.G_N_A.SV_C_YM.SR_2Y,https://data-api.ecb.europa.eu/service/data/YC/B.U2.EUR.4F.G_N_A.SV_C_YM.SR_2Y?format=csvdata&startPeriod=2021-06-16,ok,2026-06-16 04:50:51.494909
EUR,,2Y,2022-09-27,1.8867192043588563,ecb_yield_curve_aaa,YC.B.U2.EUR.4F.G_N_A.SV_C_YM.SR_2Y,https://data-api.ecb.europa.eu/service/data/YC/B.U2.EUR.4F.G_N_A.SV_C_YM.SR_2Y?format=csvdata&startPeriod=2021-06-16,ok,2026-06-16 04:50:51.494909
EUR,,2Y,2022-09-28,1.778489176985148,ecb_yield_curve_aaa,YC.B.U2.EUR.4F.G_N_A.SV_C_YM.SR_2Y,https://data-api.ecb.europa.eu/service/data/YC/B.U2.EUR.4F.G_N_A.SV_C_YM.SR_2Y?format=csvdata&startPeriod=2021-06-16,ok,2026-06-16 04:50:51.494909
EUR,,2Y,2022-09-29,1.7967836028619484,ecb_yield_curve_aaa,YC.B.U2.EUR.4F.G_N_A.SV_C_YM.SR_2Y,https://data-api.ecb.europa.eu/service/data/YC/B.U2.EUR.4F.G_N_A.SV_C_YM.SR_2Y?format=csvdata&startPeriod=2021-06-16,ok,2026-06-16 04:50:51.494909
EUR,,2Y,2022-09-30,1.6662186292632288,ecb_yield_curve_aaa,YC.B.U2.EUR.4F.G_N_A.SV_C_YM.SR_2Y,https://data-api.ecb.europa.eu/service/data/YC/B.U2.EUR.4F.G_N_A.SV_C_YM.SR_2Y?format=csvdata&startPeriod=2021-06-16,ok,2026-06-16 04:50:51.494909
EUR,,2Y,2022-10-03,1.6021755567912894,ecb_yield_curve_aaa,YC.B.U2.EUR.4F.G_N_A.SV_C_YM.SR_2Y,https://data-api.ecb.europa.eu/service/data/YC/B.U2.EUR.4F.G_N_A.SV_C_YM.SR_2Y?format=csvdata&startPeriod=2021-06-16,ok,2026-06-16 04:50:51.494909
EUR,,2Y,2022-10-04,1.4885984061504232,ecb_yield_curve_aaa,YC.B.U2.EUR.4F.G_N_A.SV_C_YM.SR_2Y,https://data-api.ecb.europa.eu/service/data/YC/B.U2.EUR.4F.G_N_A.SV_C_YM.SR_2Y?format=csvdata&startPeriod=2021-06-16,ok,2026-06-16 04:50:51.494909
EUR,,2Y,2022-10-05,1.55954502423572,ecb_yield_curve_aaa,YC.B.U2.EUR.4F.G_N_A.SV_C_YM.SR_2Y,https://data-api.ecb.europa.eu/service/data/YC/B.U2.EUR.4F.G_N_A.SV_C_YM.SR_2Y?format=csvdata&startPeriod=2021-06-16,ok,2026-06-16 04:50:51.494909
EUR,,2Y,2022-10-06,1.7044343200207606,ecb_yield_curve_aaa,YC.B.U2.EUR.4F.G_N_A.SV_C_YM.SR_2Y,https://data-api.ecb.europa.eu/service/data/YC/B.U2.EUR.4F.G_N_A.SV_C_YM.SR_2Y?format=csvdata&startPeriod=2021-06-16,ok,2026-06-16 04:50:51.494909
EUR,,2Y,2022-10-07,1.795358400889012,ecb_yield_curve_aaa,YC.B.U2.EUR.4F.G_N_A.SV_C_YM.SR_2Y,https://data-api.ecb.europa.eu/service/data/YC/B.U2.EUR.4F.G_N_A.SV_C_YM.SR_2Y?format=csvdata&startPeriod=2021-06-16,ok,2026-06-16 04:50:51.494909
EUR,,2Y,2022-10-10,1.7649356967305192,ecb_yield_curve_aaa,YC.B.U2.EUR.4F.G_N_A.SV_C_YM.SR_2Y,https://data-api.ecb.europa.eu/service/data/YC/B.U2.EUR.4F.G_N_A.SV_C_YM.SR_2Y?format=csvdata&startPeriod=2021-06-16,ok,2026-06-16 04:50:51.494909
EUR,,2Y,2022-10-11,1.8418460361551312,ecb_yield_curve_aaa,YC.B.U2.EUR.4F.G_N_A.SV_C_YM.SR_2Y,https://data-api.ecb.europa.eu/service/data/YC/B.U2.EUR.4F.G_N_A.SV_C_YM.SR_2Y?format=csvdata&startPeriod=2021-06-16,ok,2026-06-16 04:50:51.494909
EUR,,2Y,2022-10-12,1.808553386016209,ecb_yield_curve_aaa,YC.B.U2.EUR.4F.G_N_A.SV_C_YM.SR_2Y,https://data-api.ecb.europa.eu/service/data/YC/B.U2.EUR.4F.G_N_A.SV_C_YM.SR_2Y?format=csvdata&startPeriod=2021-06-16,ok,2026-06-16 04:50:51.494909
EUR,,2Y,2022-10-13,1.8664951735060964,ecb_yield_curve_aaa,YC.B.U2.EUR.4F.G_N_A.SV_C_YM.SR_2Y,https://data-api.ecb.europa.eu/service/data/YC/B.U2.EUR.4F.G_N_A.SV_C_YM.SR_2Y?format=csvdata&startPeriod=2021-06-16,ok,2026-06-16 04:50:51.494909
EUR,,2Y,2022-10-14,1.8322400829438272,ecb_yield_curve_aaa,YC.B.U2.EUR.4F.G_N_A.SV_C_YM.SR_2Y,https://data-api.ecb.europa.eu/service/data/YC/B.U2.EUR.4F.G_N_A.SV_C_YM.SR_2Y?format=csvdata&startPeriod=2021-06-16,ok,2026-06-16 04:50:51.494909
EUR,,2Y,2022-10-17,1.8506720095265785,ecb_yield_curve_aaa,YC.B.U2.EUR.4F.G_N_A.SV_C_YM.SR_2Y,https://data-api.ecb.europa.eu/service/data/YC/B.U2.EUR.4F.G_N_A.SV_C_YM.SR_2Y?format=csvdata&startPeriod=2021-06-16,ok,2026-06-16 04:50:51.494909
EUR,,2Y,2022-10-18,1.9037067953834337,ecb_yield_curve_aaa,YC.B.U2.EUR.4F.G_N_A.SV_C_YM.SR_2Y,https://data-api.ecb.europa.eu/service/data/YC/B.U2.EUR.4F.G_N_A.SV_C_YM.SR_2Y?format=csvdata&startPeriod=2021-06-16,ok,2026-06-16 04:50:51.494909
EUR,,2Y,2022-10-19,2.038661790069524,ecb_yield_curve_aaa,YC.B.U2.EUR.4F.G_N_A.SV_C_YM.SR_2Y,https://data-api.ecb.europa.eu/service/data/YC/B.U2.EUR.4F.G_N_A.SV_C_YM.SR_2Y?format=csvdata&startPeriod=2021-06-16,ok,2026-06-16 04:50:51.494909
EUR,,2Y,2022-10-20,2.095670331544454,ecb_yield_curve_aaa,YC.B.U2.EUR.4F.G_N_A.SV_C_YM.SR_2Y,https://data-api.ecb.europa.eu/service/data/YC/B.U2.EUR.4F.G_N_A.SV_C_YM.SR_2Y?format=csvdata&startPeriod=2021-06-16,ok,2026-06-16 04:50:51.494909
EUR,,2Y,2022-10-21,2.058615316587561,ecb_yield_curve_aaa,YC.B.U2.EUR.4F.G_N_A.SV_C_YM.SR_2Y,https://data-api.ecb.europa.eu/service/data/YC/B.U2.EUR.4F.G_N_A.SV_C_YM.SR_2Y?format=csvdata&startPeriod=2021-06-16,ok,2026-06-16 04:50:51.494909
EUR,,2Y,2022-10-24,1.992367967609861,ecb_yield_curve_aaa,YC.B.U2.EUR.4F.G_N_A.SV_C_YM.SR_2Y,https://data-api.ecb.europa.eu/service/data/YC/B.U2.EUR.4F.G_N_A.SV_C_YM.SR_2Y?format=csvdata&startPeriod=2021-06-16,ok,2026-06-16 04:50:51.494909
EUR,,2Y,2022-10-25,1.9410446671701629,ecb_yield_curve_aaa,YC.B.U2.EUR.4F.G_N_A.SV_C_YM.SR_2Y,https://data-api.ecb.europa.eu/service/data/YC/B.U2.EUR.4F.G_N_A.SV_C_YM.SR_2Y?format=csvdata&startPeriod=2021-06-16,ok,2026-06-16 04:50:51.494909
EUR,,2Y,2022-10-26,1.940309370631436,ecb_yield_curve_aaa,YC.B.U2.EUR.4F.G_N_A.SV_C_YM.SR_2Y,https://data-api.ecb.europa.eu/service/data/YC/B.U2.EUR.4F.G_N_A.SV_C_YM.SR_2Y?format=csvdata&startPeriod=2021-06-16,ok,2026-06-16 04:50:51.494909
EUR,,2Y,2022-10-27,1.8644542593872964,ecb_yield_curve_aaa,YC.B.U2.EUR.4F.G_N_A.SV_C_YM.SR_2Y,https://data-api.ecb.europa.eu/service/data/YC/B.U2.EUR.4F.G_N_A.SV_C_YM.SR_2Y?format=csvdata&startPeriod=2021-06-16,ok,2026-06-16 04:50:51.494909
EUR,,2Y,2022-10-28,1.8698075731858244,ecb_yield_curve_aaa,YC.B.U2.EUR.4F.G_N_A.SV_C_YM.SR_2Y,https://data-api.ecb.europa.eu/service/data/YC/B.U2.EUR.4F.G_N_A.SV_C_YM.SR_2Y?format=csvdata&startPeriod=2021-06-16,ok,2026-06-16 04:50:51.494909
EUR,,2Y,2022-10-31,1.9202924618193091,ecb_yield_curve_aaa,YC.B.U2.EUR.4F.G_N_A.SV_C_YM.SR_2Y,https://data-api.ecb.europa.eu/service/data/YC/B.U2.EUR.4F.G_N_A.SV_C_YM.SR_2Y?format=csvdata&startPeriod=2021-06-16,ok,2026-06-16 04:50:51.494909
EUR,,2Y,2022-11-01,1.8869579955011613,ecb_yield_curve_aaa,YC.B.U2.EUR.4F.G_N_A.SV_C_YM.SR_2Y,https://data-api.ecb.europa.eu/service/data/YC/B.U2.EUR.4F.G_N_A.SV_C_YM.SR_2Y?format=csvdata&startPeriod=2021-06-16,ok,2026-06-16 04:50:51.494909
EUR,,2Y,2022-11-02,1.8972637618865544,ecb_yield_curve_aaa,YC.B.U2.EUR.4F.G_N_A.SV_C_YM.SR_2Y,https://data-api.ecb.europa.eu/service/data/YC/B.U2.EUR.4F.G_N_A.SV_C_YM.SR_2Y?format=csvdata&startPeriod=2021-06-16,ok,2026-06-16 04:50:51.494909
EUR,,2Y,2022-11-03,1.9661528533413088,ecb_yield_curve_aaa,YC.B.U2.EUR.4F.G_N_A.SV_C_YM.SR_2Y,https://data-api.ecb.europa.eu/service/data/YC/B.U2.EUR.4F.G_N_A.SV_C_YM.SR_2Y?format=csvdata&startPeriod=2021-06-16,ok,2026-06-16 04:50:51.494909
EUR,,2Y,2022-11-04,2.0325129604837144,ecb_yield_curve_aaa,YC.B.U2.EUR.4F.G_N_A.SV_C_YM.SR_2Y,https://data-api.ecb.europa.eu/service/data/YC/B.U2.EUR.4F.G_N_A.SV_C_YM.SR_2Y?format=csvdata&startPeriod=2021-06-16,ok,2026-06-16 04:50:51.494909
EUR,,2Y,2022-11-07,2.103372136231835,ecb_yield_curve_aaa,YC.B.U2.EUR.4F.G_N_A.SV_C_YM.SR_2Y,https://data-api.ecb.europa.eu/service/data/YC/B.U2.EUR.4F.G_N_A.SV_C_YM.SR_2Y?format=csvdata&startPeriod=2021-06-16,ok,2026-06-16 04:50:51.494909
EUR,,2Y,2022-11-08,2.130112955056374,ecb_yield_curve_aaa,YC.B.U2.EUR.4F.G_N_A.SV_C_YM.SR_2Y,https://data-api.ecb.europa.eu/service/data/YC/B.U2.EUR.4F.G_N_A.SV_C_YM.SR_2Y?format=csvdata&startPeriod=2021-06-16,ok,2026-06-16 04:50:51.494909
EUR,,2Y,2022-11-09,2.130112955056365,ecb_yield_curve_aaa,YC.B.U2.EUR.4F.G_N_A.SV_C_YM.SR_2Y,https://data-api.ecb.europa.eu/service/data/YC/B.U2.EUR.4F.G_N_A.SV_C_YM.SR_2Y?format=csvdata&startPeriod=2021-06-16,ok,2026-06-16 04:50:51.494909
EUR,,2Y,2022-11-10,1.972352941690963,ecb_yield_curve_aaa,YC.B.U2.EUR.4F.G_N_A.SV_C_YM.SR_2Y,https://data-api.ecb.europa.eu/service/data/YC/B.U2.EUR.4F.G_N_A.SV_C_YM.SR_2Y?format=csvdata&startPeriod=2021-06-16,ok,2026-06-16 04:50:51.494909
EUR,,2Y,2022-11-11,2.1101425624250028,ecb_yield_curve_aaa,YC.B.U2.EUR.4F.G_N_A.SV_C_YM.SR_2Y,https://data-api.ecb.europa.eu/service/data/YC/B.U2.EUR.4F.G_N_A.SV_C_YM.SR_2Y?format=csvdata&startPeriod=2021-06-16,ok,2026-06-16 04:50:51.494909
EUR,,2Y,2022-11-14,2.087091098942852,ecb_yield_curve_aaa,YC.B.U2.EUR.4F.G_N_A.SV_C_YM.SR_2Y,https://data-api.ecb.europa.eu/service/data/YC/B.U2.EUR.4F.G_N_A.SV_C_YM.SR_2Y?format=csvdata&startPeriod=2021-06-16,ok,2026-06-16 04:50:51.494909
EUR,,2Y,2022-11-15,2.1014146577584576,ecb_yield_curve_aaa,YC.B.U2.EUR.4F.G_N_A.SV_C_YM.SR_2Y,https://data-api.ecb.europa.eu/service/data/YC/B.U2.EUR.4F.G_N_A.SV_C_YM.SR_2Y?format=csvdata&startPeriod=2021-06-16,ok,2026-06-16 04:50:51.494909
EUR,,2Y,2022-11-16,2.084008661499306,ecb_yield_curve_aaa,YC.B.U2.EUR.4F.G_N_A.SV_C_YM.SR_2Y,https://data-api.ecb.europa.eu/service/data/YC/B.U2.EUR.4F.G_N_A.SV_C_YM.SR_2Y?format=csvdata&startPeriod=2021-06-16,ok,2026-06-16 04:50:51.494909
EUR,,2Y,2022-11-17,2.0612989488610167,ecb_yield_curve_aaa,YC.B.U2.EUR.4F.G_N_A.SV_C_YM.SR_2Y,https://data-api.ecb.europa.eu/service/data/YC/B.U2.EUR.4F.G_N_A.SV_C_YM.SR_2Y?format=csvdata&startPeriod=2021-06-16,ok,2026-06-16 04:50:51.494909
EUR,,2Y,2022-11-18,2.018950084966263,ecb_yield_curve_aaa,YC.B.U2.EUR.4F.G_N_A.SV_C_YM.SR_2Y,https://data-api.ecb.europa.eu/service/data/YC/B.U2.EUR.4F.G_N_A.SV_C_YM.SR_2Y?format=csvdata&startPeriod=2021-06-16,ok,2026-06-16 04:50:51.494909
EUR,,2Y,2022-11-21,2.0047775559055783,ecb_yield_curve_aaa,YC.B.U2.EUR.4F.G_N_A.SV_C_YM.SR_2Y,https://data-api.ecb.europa.eu/service/data/YC/B.U2.EUR.4F.G_N_A.SV_C_YM.SR_2Y?format=csvdata&startPeriod=2021-06-16,ok,2026-06-16 04:50:51.494909
EUR,,2Y,2022-11-22,2.0457049057857546,ecb_yield_curve_aaa,YC.B.U2.EUR.4F.G_N_A.SV_C_YM.SR_2Y,https://data-api.ecb.europa.eu/service/data/YC/B.U2.EUR.4F.G_N_A.SV_C_YM.SR_2Y?format=csvdata&startPeriod=2021-06-16,ok,2026-06-16 04:50:51.494909
EUR,,2Y,2022-11-23,2.0584494834149383,ecb_yield_curve_aaa,YC.B.U2.EUR.4F.G_N_A.SV_C_YM.SR_2Y,https://data-api.ecb.europa.eu/service/data/YC/B.U2.EUR.4F.G_N_A.SV_C_YM.SR_2Y?format=csvdata&startPeriod=2021-06-16,ok,2026-06-16 04:50:51.494909
EUR,,2Y,2022-11-24,2.004722711900357,ecb_yield_curve_aaa,YC.B.U2.EUR.4F.G_N_A.SV_C_YM.SR_2Y,https://data-api.ecb.europa.eu/service/data/YC/B.U2.EUR.4F.G_N_A.SV_C_YM.SR_2Y?format=csvdata&startPeriod=2021-06-16,ok,2026-06-16 04:50:51.494909
EUR,,2Y,2022-11-25,2.0954918863775633,ecb_yield_curve_aaa,YC.B.U2.EUR.4F.G_N_A.SV_C_YM.SR_2Y,https://data-api.ecb.europa.eu/service/data/YC/B.U2.EUR.4F.G_N_A.SV_C_YM.SR_2Y?format=csvdata&startPeriod=2021-06-16,ok,2026-06-16 04:50:51.494909
EUR,,2Y,2022-11-28,2.078470592703055,ecb_yield_curve_aaa,YC.B.U2.EUR.4F.G_N_A.SV_C_YM.SR_2Y,https://data-api.ecb.europa.eu/service/data/YC/B.U2.EUR.4F.G_N_A.SV_C_YM.SR_2Y?format=csvdata&startPeriod=2021-06-16,ok,2026-06-16 04:50:51.494909
EUR,,2Y,2022-11-29,2.000685294735888,ecb_yield_curve_aaa,YC.B.U2.EUR.4F.G_N_A.SV_C_YM.SR_2Y,https://data-api.ecb.europa.eu/service/data/YC/B.U2.EUR.4F.G_N_A.SV_C_YM.SR_2Y?format=csvdata&startPeriod=2021-06-16,ok,2026-06-16 04:50:51.494909
EUR,,2Y,2022-11-30,2.0378229449647427,ecb_yield_curve_aaa,YC.B.U2.EUR.4F.G_N_A.SV_C_YM.SR_2Y,https://data-api.ecb.europa.eu/service/data/YC/B.U2.EUR.4F.G_N_A.SV_C_YM.SR_2Y?format=csvdata&startPeriod=2021-06-16,ok,2026-06-16 04:50:51.494909
EUR,,2Y,2022-12-01,1.922140242759317,ecb_yield_curve_aaa,YC.B.U2.EUR.4F.G_N_A.SV_C_YM.SR_2Y,https://data-api.ecb.europa.eu/service/data/YC/B.U2.EUR.4F.G_N_A.SV_C_YM.SR_2Y?format=csvdata&startPeriod=2021-06-16,ok,2026-06-16 04:50:51.494909
EUR,,2Y,2022-12-02,1.957771136629288,ecb_yield_curve_aaa,YC.B.U2.EUR.4F.G_N_A.SV_C_YM.SR_2Y,https://data-api.ecb.europa.eu/service/data/YC/B.U2.EUR.4F.G_N_A.SV_C_YM.SR_2Y?format=csvdata&startPeriod=2021-06-16,ok,2026-06-16 04:50:51.494909
EUR,,2Y,2022-12-05,1.990850016047067,ecb_yield_curve_aaa,YC.B.U2.EUR.4F.G_N_A.SV_C_YM.SR_2Y,https://data-api.ecb.europa.eu/service/data/YC/B.U2.EUR.4F.G_N_A.SV_C_YM.SR_2Y?format=csvdata&startPeriod=2021-06-16,ok,2026-06-16 04:50:51.494909
EUR,,2Y,2022-12-06,1.9406936410728113,ecb_yield_curve_aaa,YC.B.U2.EUR.4F.G_N_A.SV_C_YM.SR_2Y,https://data-api.ecb.europa.eu/service/data/YC/B.U2.EUR.4F.G_N_A.SV_C_YM.SR_2Y?format=csvdata&startPeriod=2021-06-16,ok,2026-06-16 04:50:51.494909
EUR,,2Y,2022-12-07,1.9062551009806157,ecb_yield_curve_aaa,YC.B.U2.EUR.4F.G_N_A.SV_C_YM.SR_2Y,https://data-api.ecb.europa.eu/service/data/YC/B.U2.EUR.4F.G_N_A.SV_C_YM.SR_2Y?format=csvdata&startPeriod=2021-06-16,ok,2026-06-16 04:50:51.494909
EUR,,2Y,2022-12-08,1.929789257221064,ecb_yield_curve_aaa,YC.B.U2.EUR.4F.G_N_A.SV_C_YM.SR_2Y,https://data-api.ecb.europa.eu/service/data/YC/B.U2.EUR.4F.G_N_A.SV_C_YM.SR_2Y?format=csvdata&startPeriod=2021-06-16,ok,2026-06-16 04:50:51.494909
EUR,,2Y,2022-12-09,2.031453341217061,ecb_yield_curve_aaa,YC.B.U2.EUR.4F.G_N_A.SV_C_YM.SR_2Y,https://data-api.ecb.europa.eu/service/data/YC/B.U2.EUR.4F.G_N_A.SV_C_YM.SR_2Y?format=csvdata&startPeriod=2021-06-16,ok,2026-06-16 04:50:51.494909
EUR,,2Y,2022-12-12,2.035024669781803,ecb_yield_curve_aaa,YC.B.U2.EUR.4F.G_N_A.SV_C_YM.SR_2Y,https://data-api.ecb.europa.eu/service/data/YC/B.U2.EUR.4F.G_N_A.SV_C_YM.SR_2Y?format=csvdata&startPeriod=2021-06-16,ok,2026-06-16 04:50:51.494909
EUR,,2Y,2022-12-13,1.9767289639652827,ecb_yield_curve_aaa,YC.B.U2.EUR.4F.G_N_A.SV_C_YM.SR_2Y,https://data-api.ecb.europa.eu/service/data/YC/B.U2.EUR.4F.G_N_A.SV_C_YM.SR_2Y?format=csvdata&startPeriod=2021-06-16,ok,2026-06-16 04:50:51.494909
EUR,,2Y,2022-12-14,1.9879907657421152,ecb_yield_curve_aaa,YC.B.U2.EUR.4F.G_N_A.SV_C_YM.SR_2Y,https://data-api.ecb.europa.eu/service/data/YC/B.U2.EUR.4F.G_N_A.SV_C_YM.SR_2Y?format=csvdata&startPeriod=2021-06-16,ok,2026-06-16 04:50:51.494909
EUR,,2Y,2022-12-15,2.15306390863348,ecb_yield_curve_aaa,YC.B.U2.EUR.4F.G_N_A.SV_C_YM.SR_2Y,https://data-api.ecb.europa.eu/service/data/YC/B.U2.EUR.4F.G_N_A.SV_C_YM.SR_2Y?format=csvdata&startPeriod=2021-06-16,ok,2026-06-16 04:50:51.494909
EUR,,2Y,2022-12-16,2.353045986264086,ecb_yield_curve_aaa,YC.B.U2.EUR.4F.G_N_A.SV_C_YM.SR_2Y,https://data-api.ecb.europa.eu/service/data/YC/B.U2.EUR.4F.G_N_A.SV_C_YM.SR_2Y?format=csvdata&startPeriod=2021-06-16,ok,2026-06-16 04:50:51.494909
EUR,,2Y,2022-12-19,2.3176650153673837,ecb_yield_curve_aaa,YC.B.U2.EUR.4F.G_N_A.SV_C_YM.SR_2Y,https://data-api.ecb.europa.eu/service/data/YC/B.U2.EUR.4F.G_N_A.SV_C_YM.SR_2Y?format=csvdata&startPeriod=2021-06-16,ok,2026-06-16 04:50:51.494909
EUR,,2Y,2022-12-20,2.384269099925167,ecb_yield_curve_aaa,YC.B.U2.EUR.4F.G_N_A.SV_C_YM.SR_2Y,https://data-api.ecb.europa.eu/service/data/YC/B.U2.EUR.4F.G_N_A.SV_C_YM.SR_2Y?format=csvdata&startPeriod=2021-06-16,ok,2026-06-16 04:50:51.494909
EUR,,2Y,2022-12-21,2.3820105554882285,ecb_yield_curve_aaa,YC.B.U2.EUR.4F.G_N_A.SV_C_YM.SR_2Y,https://data-api.ecb.europa.eu/service/data/YC/B.U2.EUR.4F.G_N_A.SV_C_YM.SR_2Y?format=csvdata&startPeriod=2021-06-16,ok,2026-06-16 04:50:51.494909
EUR,,2Y,2022-12-22,2.4496776493245087,ecb_yield_curve_aaa,YC.B.U2.EUR.4F.G_N_A.SV_C_YM.SR_2Y,https://data-api.ecb.europa.eu/service/data/YC/B.U2.EUR.4F.G_N_A.SV_C_YM.SR_2Y?format=csvdata&startPeriod=2021-06-16,ok,2026-06-16 04:50:51.494909
EUR,,2Y,2022-12-23,2.4879402870114675,ecb_yield_curve_aaa,YC.B.U2.EUR.4F.G_N_A.SV_C_YM.SR_2Y,https://data-api.ecb.europa.eu/service/data/YC/B.U2.EUR.4F.G_N_A.SV_C_YM.SR_2Y?format=csvdata&startPeriod=2021-06-16,ok,2026-06-16 04:50:51.494909
EUR,,2Y,2022-12-27,2.4920564331104176,ecb_yield_curve_aaa,YC.B.U2.EUR.4F.G_N_A.SV_C_YM.SR_2Y,https://data-api.ecb.europa.eu/service/data/YC/B.U2.EUR.4F.G_N_A.SV_C_YM.SR_2Y?format=csvdata&startPeriod=2021-06-16,ok,2026-06-16 04:50:51.494909
EUR,,2Y,2022-12-28,2.4961170374074646,ecb_yield_curve_aaa,YC.B.U2.EUR.4F.G_N_A.SV_C_YM.SR_2Y,https://data-api.ecb.europa.eu/service/data/YC/B.U2.EUR.4F.G_N_A.SV_C_YM.SR_2Y?format=csvdata&startPeriod=2021-06-16,ok,2026-06-16 04:50:51.494909
EUR,,2Y,2022-12-29,2.511002322187056,ecb_yield_curve_aaa,YC.B.U2.EUR.4F.G_N_A.SV_C_YM.SR_2Y,https://data-api.ecb.europa.eu/service/data/YC/B.U2.EUR.4F.G_N_A.SV_C_YM.SR_2Y?format=csvdata&startPeriod=2021-06-16,ok,2026-06-16 04:50:51.494909
EUR,,2Y,2022-12-30,2.565336451215762,ecb_yield_curve_aaa,YC.B.U2.EUR.4F.G_N_A.SV_C_YM.SR_2Y,https://data-api.ecb.europa.eu/service/data/YC/B.U2.EUR.4F.G_N_A.SV_C_YM.SR_2Y?format=csvdata&startPeriod=2021-06-16,ok,2026-06-16 04:50:51.494909
EUR,,2Y,2023-01-02,2.5829542998750057,ecb_yield_curve_aaa,YC.B.U2.EUR.4F.G_N_A.SV_C_YM.SR_2Y,https://data-api.ecb.europa.eu/service/data/YC/B.U2.EUR.4F.G_N_A.SV_C_YM.SR_2Y?format=csvdata&startPeriod=2021-06-16,ok,2026-06-16 04:50:51.494909
EUR,,2Y,2023-01-03,2.546283778786453,ecb_yield_curve_aaa,YC.B.U2.EUR.4F.G_N_A.SV_C_YM.SR_2Y,https://data-api.ecb.europa.eu/service/data/YC/B.U2.EUR.4F.G_N_A.SV_C_YM.SR_2Y?format=csvdata&startPeriod=2021-06-16,ok,2026-06-16 04:50:51.494909
EUR,,2Y,2023-01-04,2.483008964506129,ecb_yield_curve_aaa,YC.B.U2.EUR.4F.G_N_A.SV_C_YM.SR_2Y,https://data-api.ecb.europa.eu/service/data/YC/B.U2.EUR.4F.G_N_A.SV_C_YM.SR_2Y?format=csvdata&startPeriod=2021-06-16,ok,2026-06-16 04:50:51.494909
EUR,,2Y,2023-01-05,2.5383481512088126,ecb_yield_curve_aaa,YC.B.U2.EUR.4F.G_N_A.SV_C_YM.SR_2Y,https://data-api.ecb.europa.eu/service/data/YC/B.U2.EUR.4F.G_N_A.SV_C_YM.SR_2Y?format=csvdata&startPeriod=2021-06-16,ok,2026-06-16 04:50:51.494909
EUR,,2Y,2023-01-06,2.51956357950473,ecb_yield_curve_aaa,YC.B.U2.EUR.4F.G_N_A.SV_C_YM.SR_2Y,https://data-api.ecb.europa.eu/service/data/YC/B.U2.EUR.4F.G_N_A.SV_C_YM.SR_2Y?format=csvdata&startPeriod=2021-06-16,ok,2026-06-16 04:50:51.494909
EUR,,2Y,2023-01-09,2.4683140364569285,ecb_yield_curve_aaa,YC.B.U2.EUR.4F.G_N_A.SV_C_YM.SR_2Y,https://data-api.ecb.europa.eu/service/data/YC/B.U2.EUR.4F.G_N_A.SV_C_YM.SR_2Y?format=csvdata&startPeriod=2021-06-16,ok,2026-06-16 04:50:51.494909
EUR,,2Y,2023-01-10,2.516520986693499,ecb_yield_curve_aaa,YC.B.U2.EUR.4F.G_N_A.SV_C_YM.SR_2Y,https://data-api.ecb.europa.eu/service/data/YC/B.U2.EUR.4F.G_N_A.SV_C_YM.SR_2Y?format=csvdata&startPeriod=2021-06-16,ok,2026-06-16 04:50:51.494909
EUR,,2Y,2023-01-11,2.490685499222022,ecb_yield_curve_aaa,YC.B.U2.EUR.4F.G_N_A.SV_C_YM.SR_2Y,https://data-api.ecb.europa.eu/service/data/YC/B.U2.EUR.4F.G_N_A.SV_C_YM.SR_2Y?format=csvdata&startPeriod=2021-06-16,ok,2026-06-16 04:50:51.494909
EUR,,2Y,2023-01-12,2.4353470700411144,ecb_yield_curve_aaa,YC.B.U2.EUR.4F.G_N_A.SV_C_YM.SR_2Y,https://data-api.ecb.europa.eu/service/data/YC/B.U2.EUR.4F.G_N_A.SV_C_YM.SR_2Y?format=csvdata&startPeriod=2021-06-16,ok,2026-06-16 04:50:51.494909
EUR,,2Y,2023-01-13,2.417843795472366,ecb_yield_curve_aaa,YC.B.U2.EUR.4F.G_N_A.SV_C_YM.SR_2Y,https://data-api.ecb.europa.eu/service/data/YC/B.U2.EUR.4F.G_N_A.SV_C_YM.SR_2Y?format=csvdata&startPeriod=2021-06-16,ok,2026-06-16 04:50:51.494909
EUR,,2Y,2023-01-16,2.433451054475837,ecb_yield_curve_aaa,YC.B.U2.EUR.4F.G_N_A.SV_C_YM.SR_2Y,https://data-api.ecb.europa.eu/service/data/YC/B.U2.EUR.4F.G_N_A.SV_C_YM.SR_2Y?format=csvdata&startPeriod=2021-06-16,ok,2026-06-16 04:50:51.494909
EUR,,2Y,2023-01-17,2.418051341047806,ecb_yield_curve_aaa,YC.B.U2.EUR.4F.G_N_A.SV_C_YM.SR_2Y,https://data-api.ecb.europa.eu/service/data/YC/B.U2.EUR.4F.G_N_A.SV_C_YM.SR_2Y?format=csvdata&startPeriod=2021-06-16,ok,2026-06-16 04:50:51.494909
EUR,,2Y,2023-01-18,2.284162711099747,ecb_yield_curve_aaa,YC.B.U2.EUR.4F.G_N_A.SV_C_YM.SR_2Y,https://data-api.ecb.europa.eu/service/data/YC/B.U2.EUR.4F.G_N_A.SV_C_YM.SR_2Y?format=csvdata&startPeriod=2021-06-16,ok,2026-06-16 04:50:51.494909
EUR,,2Y,2023-01-19,2.3732918577247273,ecb_yield_curve_aaa,YC.B.U2.EUR.4F.G_N_A.SV_C_YM.SR_2Y,https://data-api.ecb.europa.eu/service/data/YC/B.U2.EUR.4F.G_N_A.SV_C_YM.SR_2Y?format=csvdata&startPeriod=2021-06-16,ok,2026-06-16 04:50:51.494909
EUR,,2Y,2023-01-20,2.4418335055022475,ecb_yield_curve_aaa,YC.B.U2.EUR.4F.G_N_A.SV_C_YM.SR_2Y,https://data-api.ecb.europa.eu/service/data/YC/B.U2.EUR.4F.G_N_A.SV_C_YM.SR_2Y?format=csvdata&startPeriod=2021-06-16,ok,2026-06-16 04:50:51.494909
EUR,,2Y,2023-01-23,2.4509491157903196,ecb_yield_curve_aaa,YC.B.U2.EUR.4F.G_N_A.SV_C_YM.SR_2Y,https://data-api.ecb.europa.eu/service/data/YC/B.U2.EUR.4F.G_N_A.SV_C_YM.SR_2Y?format=csvdata&startPeriod=2021-06-16,ok,2026-06-16 04:50:51.494909
EUR,,2Y,2023-01-24,2.468910902801844,ecb_yield_curve_aaa,YC.B.U2.EUR.4F.G_N_A.SV_C_YM.SR_2Y,https://data-api.ecb.europa.eu/service/data/YC/B.U2.EUR.4F.G_N_A.SV_C_YM.SR_2Y?format=csvdata&startPeriod=2021-06-16,ok,2026-06-16 04:50:51.494909
EUR,,2Y,2023-01-25,2.383698149213637,ecb_yield_curve_aaa,YC.B.U2.EUR.4F.G_N_A.SV_C_YM.SR_2Y,https://data-api.ecb.europa.eu/service/data/YC/B.U2.EUR.4F.G_N_A.SV_C_YM.SR_2Y?format=csvdata&startPeriod=2021-06-16,ok,2026-06-16 04:50:51.494909
EUR,,2Y,2023-01-26,2.4300652628996877,ecb_yield_curve_aaa,YC.B.U2.EUR.4F.G_N_A.SV_C_YM.SR_2Y,https://data-api.ecb.europa.eu/service/data/YC/B.U2.EUR.4F.G_N_A.SV_C_YM.SR_2Y?format=csvdata&startPeriod=2021-06-16,ok,2026-06-16 04:50:51.494909
EUR,,2Y,2023-01-27,2.471055684076287,ecb_yield_curve_aaa,YC.B.U2.EUR.4F.G_N_A.SV_C_YM.SR_2Y,https://data-api.ecb.europa.eu/service/data/YC/B.U2.EUR.4F.G_N_A.SV_C_YM.SR_2Y?format=csvdata&startPeriod=2021-06-16,ok,2026-06-16 04:50:51.494909
EUR,,2Y,2023-01-30,2.543510404967572,ecb_yield_curve_aaa,YC.B.U2.EUR.4F.G_N_A.SV_C_YM.SR_2Y,https://data-api.ecb.europa.eu/service/data/YC/B.U2.EUR.4F.G_N_A.SV_C_YM.SR_2Y?format=csvdata&startPeriod=2021-06-16,ok,2026-06-16 04:50:51.494909
EUR,,2Y,2023-01-31,2.5071773696943893,ecb_yield_curve_aaa,YC.B.U2.EUR.4F.G_N_A.SV_C_YM.SR_2Y,https://data-api.ecb.europa.eu/service/data/YC/B.U2.EUR.4F.G_N_A.SV_C_YM.SR_2Y?format=csvdata&startPeriod=2021-06-16,ok,2026-06-16 04:50:51.494909
EUR,,2Y,2023-02-01,2.523092110729766,ecb_yield_curve_aaa,YC.B.U2.EUR.4F.G_N_A.SV_C_YM.SR_2Y,https://data-api.ecb.europa.eu/service/data/YC/B.U2.EUR.4F.G_N_A.SV_C_YM.SR_2Y?format=csvdata&startPeriod=2021-06-16,ok,2026-06-16 04:50:51.494909
EUR,,2Y,2023-02-02,2.4115555678889424,ecb_yield_curve_aaa,YC.B.U2.EUR.4F.G_N_A.SV_C_YM.SR_2Y,https://data-api.ecb.europa.eu/service/data/YC/B.U2.EUR.4F.G_N_A.SV_C_YM.SR_2Y?format=csvdata&startPeriod=2021-06-16,ok,2026-06-16 04:50:51.494909
EUR,,2Y,2023-02-03,2.4148278319108263,ecb_yield_curve_aaa,YC.B.U2.EUR.4F.G_N_A.SV_C_YM.SR_2Y,https://data-api.ecb.europa.eu/service/data/YC/B.U2.EUR.4F.G_N_A.SV_C_YM.SR_2Y?format=csvdata&startPeriod=2021-06-16,ok,2026-06-16 04:50:51.494909
EUR,,2Y,2023-02-06,2.4683538902568105,ecb_yield_curve_aaa,YC.B.U2.EUR.4F.G_N_A.SV_C_YM.SR_2Y,https://data-api.ecb.europa.eu/service/data/YC/B.U2.EUR.4F.G_N_A.SV_C_YM.SR_2Y?format=csvdata&startPeriod=2021-06-16,ok,2026-06-16 04:50:51.494909
EUR,,2Y,2023-02-07,2.4972408966526087,ecb_yield_curve_aaa,YC.B.U2.EUR.4F.G_N_A.SV_C_YM.SR_2Y,https://data-api.ecb.europa.eu/service/data/YC/B.U2.EUR.4F.G_N_A.SV_C_YM.SR_2Y?format=csvdata&startPeriod=2021-06-16,ok,2026-06-16 04:50:51.494909
EUR,,2Y,2023-02-08,2.5893589029066173,ecb_yield_curve_aaa,YC.B.U2.EUR.4F.G_N_A.SV_C_YM.SR_2Y,https://data-api.ecb.europa.eu/service/data/YC/B.U2.EUR.4F.G_N_A.SV_C_YM.SR_2Y?format=csvdata&startPeriod=2021-06-16,ok,2026-06-16 04:50:51.494909
EUR,,2Y,2023-02-09,2.5508368316472145,ecb_yield_curve_aaa,YC.B.U2.EUR.4F.G_N_A.SV_C_YM.SR_2Y,https://data-api.ecb.europa.eu/service/data/YC/B.U2.EUR.4F.G_N_A.SV_C_YM.SR_2Y?format=csvdata&startPeriod=2021-06-16,ok,2026-06-16 04:50:51.494909
EUR,,2Y,2023-02-10,2.6244977897457047,ecb_yield_curve_aaa,YC.B.U2.EUR.4F.G_N_A.SV_C_YM.SR_2Y,https://data-api.ecb.europa.eu/service/data/YC/B.U2.EUR.4F.G_N_A.SV_C_YM.SR_2Y?format=csvdata&startPeriod=2021-06-16,ok,2026-06-16 04:50:51.494909
EUR,,2Y,2023-02-13,2.675666502704129,ecb_yield_curve_aaa,YC.B.U2.EUR.4F.G_N_A.SV_C_YM.SR_2Y,https://data-api.ecb.europa.eu/service/data/YC/B.U2.EUR.4F.G_N_A.SV_C_YM.SR_2Y?format=csvdata&startPeriod=2021-06-16,ok,2026-06-16 04:50:51.494909
EUR,,2Y,2023-02-14,2.7505892299672565,ecb_yield_curve_aaa,YC.B.U2.EUR.4F.G_N_A.SV_C_YM.SR_2Y,https://data-api.ecb.europa.eu/service/data/YC/B.U2.EUR.4F.G_N_A.SV_C_YM.SR_2Y?format=csvdata&startPeriod=2021-06-16,ok,2026-06-16 04:50:51.494909
EUR,,2Y,2023-02-15,2.7467068493087465,ecb_yield_curve_aaa,YC.B.U2.EUR.4F.G_N_A.SV_C_YM.SR_2Y,https://data-api.ecb.europa.eu/service/data/YC/B.U2.EUR.4F.G_N_A.SV_C_YM.SR_2Y?format=csvdata&startPeriod=2021-06-16,ok,2026-06-16 04:50:51.494909
EUR,,2Y,2023-02-16,2.7819962242555727,ecb_yield_curve_aaa,YC.B.U2.EUR.4F.G_N_A.SV_C_YM.SR_2Y,https://data-api.ecb.europa.eu/service/data/YC/B.U2.EUR.4F.G_N_A.SV_C_YM.SR_2Y?format=csvdata&startPeriod=2021-06-16,ok,2026-06-16 04:50:51.494909
EUR,,2Y,2023-02-17,2.753165841778893,ecb_yield_curve_aaa,YC.B.U2.EUR.4F.G_N_A.SV_C_YM.SR_2Y,https://data-api.ecb.europa.eu/service/data/YC/B.U2.EUR.4F.G_N_A.SV_C_YM.SR_2Y?format=csvdata&startPeriod=2021-06-16,ok,2026-06-16 04:50:51.494909
EUR,,2Y,2023-02-20,2.756359997525653,ecb_yield_curve_aaa,YC.B.U2.EUR.4F.G_N_A.SV_C_YM.SR_2Y,https://data-api.ecb.europa.eu/service/data/YC/B.U2.EUR.4F.G_N_A.SV_C_YM.SR_2Y?format=csvdata&startPeriod=2021-06-16,ok,2026-06-16 04:50:51.494909
EUR,,2Y,2023-02-21,2.8502222654765177,ecb_yield_curve_aaa,YC.B.U2.EUR.4F.G_N_A.SV_C_YM.SR_2Y,https://data-api.ecb.europa.eu/service/data/YC/B.U2.EUR.4F.G_N_A.SV_C_YM.SR_2Y?format=csvdata&startPeriod=2021-06-16,ok,2026-06-16 04:50:51.494909
EUR,,2Y,2023-02-22,2.8201186090686052,ecb_yield_curve_aaa,YC.B.U2.EUR.4F.G_N_A.SV_C_YM.SR_2Y,https://data-api.ecb.europa.eu/service/data/YC/B.U2.EUR.4F.G_N_A.SV_C_YM.SR_2Y?format=csvdata&startPeriod=2021-06-16,ok,2026-06-16 04:50:51.494909
EUR,,2Y,2023-02-23,2.812225332855386,ecb_yield_curve_aaa,YC.B.U2.EUR.4F.G_N_A.SV_C_YM.SR_2Y,https://data-api.ecb.europa.eu/service/data/YC/B.U2.EUR.4F.G_N_A.SV_C_YM.SR_2Y?format=csvdata&startPeriod=2021-06-16,ok,2026-06-16 04:50:51.494909
EUR,,2Y,2023-02-24,2.9392259172414485,ecb_yield_curve_aaa,YC.B.U2.EUR.4F.G_N_A.SV_C_YM.SR_2Y,https://data-api.ecb.europa.eu/service/data/YC/B.U2.EUR.4F.G_N_A.SV_C_YM.SR_2Y?format=csvdata&startPeriod=2021-06-16,ok,2026-06-16 04:50:51.494909
EUR,,2Y,2023-02-27,2.955940428720977,ecb_yield_curve_aaa,YC.B.U2.EUR.4F.G_N_A.SV_C_YM.SR_2Y,https://data-api.ecb.europa.eu/service/data/YC/B.U2.EUR.4F.G_N_A.SV_C_YM.SR_2Y?format=csvdata&startPeriod=2021-06-16,ok,2026-06-16 04:50:51.494909
EUR,,2Y,2023-02-28,3.0819028976254854,ecb_yield_curve_aaa,YC.B.U2.EUR.4F.G_N_A.SV_C_YM.SR_2Y,https://data-api.ecb.europa.eu/service/data/YC/B.U2.EUR.4F.G_N_A.SV_C_YM.SR_2Y?format=csvdata&startPeriod=2021-06-16,ok,2026-06-16 04:50:51.494909
EUR,,2Y,2023-03-01,3.107496639510386,ecb_yield_curve_aaa,YC.B.U2.EUR.4F.G_N_A.SV_C_YM.SR_2Y,https://data-api.ecb.europa.eu/service/data/YC/B.U2.EUR.4F.G_N_A.SV_C_YM.SR_2Y?format=csvdata&startPeriod=2021-06-16,ok,2026-06-16 04:50:51.494909
EUR,,2Y,2023-03-02,3.092462369186412,ecb_yield_curve_aaa,YC.B.U2.EUR.4F.G_N_A.SV_C_YM.SR_2Y,https://data-api.ecb.europa.eu/service/data/YC/B.U2.EUR.4F.G_N_A.SV_C_YM.SR_2Y?format=csvdata&startPeriod=2021-06-16,ok,2026-06-16 04:50:51.494909
EUR,,2Y,2023-03-03,3.1235908566897423,ecb_yield_curve_aaa,YC.B.U2.EUR.4F.G_N_A.SV_C_YM.SR_2Y,https://data-api.ecb.europa.eu/service/data/YC/B.U2.EUR.4F.G_N_A.SV_C_YM.SR_2Y?format=csvdata&startPeriod=2021-06-16,ok,2026-06-16 04:50:51.494909
EUR,,2Y,2023-03-06,3.21255737471705,ecb_yield_curve_aaa,YC.B.U2.EUR.4F.G_N_A.SV_C_YM.SR_2Y,https://data-api.ecb.europa.eu/service/data/YC/B.U2.EUR.4F.G_N_A.SV_C_YM.SR_2Y?format=csvdata&startPeriod=2021-06-16,ok,2026-06-16 04:50:51.494909
EUR,,2Y,2023-03-07,3.165240311941172,ecb_yield_curve_aaa,YC.B.U2.EUR.4F.G_N_A.SV_C_YM.SR_2Y,https://data-api.ecb.europa.eu/service/data/YC/B.U2.EUR.4F.G_N_A.SV_C_YM.SR_2Y?format=csvdata&startPeriod=2021-06-16,ok,2026-06-16 04:50:51.494909
EUR,,2Y,2023-03-08,3.1939231086350777,ecb_yield_curve_aaa,YC.B.U2.EUR.4F.G_N_A.SV_C_YM.SR_2Y,https://data-api.ecb.europa.eu/service/data/YC/B.U2.EUR.4F.G_N_A.SV_C_YM.SR_2Y?format=csvdata&startPeriod=2021-06-16,ok,2026-06-16 04:50:51.494909
EUR,,2Y,2023-03-09,3.1669737211522246,ecb_yield_curve_aaa,YC.B.U2.EUR.4F.G_N_A.SV_C_YM.SR_2Y,https://data-api.ecb.europa.eu/service/data/YC/B.U2.EUR.4F.G_N_A.SV_C_YM.SR_2Y?format=csvdata&startPeriod=2021-06-16,ok,2026-06-16 04:50:51.494909
EUR,,2Y,2023-03-10,2.9391974219533576,ecb_yield_curve_aaa,YC.B.U2.EUR.4F.G_N_A.SV_C_YM.SR_2Y,https://data-api.ecb.europa.eu/service/data/YC/B.U2.EUR.4F.G_N_A.SV_C_YM.SR_2Y?format=csvdata&startPeriod=2021-06-16,ok,2026-06-16 04:50:51.494909
EUR,,2Y,2023-03-13,2.582924545124204,ecb_yield_curve_aaa,YC.B.U2.EUR.4F.G_N_A.SV_C_YM.SR_2Y,https://data-api.ecb.europa.eu/service/data/YC/B.U2.EUR.4F.G_N_A.SV_C_YM.SR_2Y?format=csvdata&startPeriod=2021-06-16,ok,2026-06-16 04:50:51.494909
EUR,,2Y,2023-03-14,2.850468326166118,ecb_yield_curve_aaa,YC.B.U2.EUR.4F.G_N_A.SV_C_YM.SR_2Y,https://data-api.ecb.europa.eu/service/data/YC/B.U2.EUR.4F.G_N_A.SV_C_YM.SR_2Y?format=csvdata&startPeriod=2021-06-16,ok,2026-06-16 04:50:51.494909
EUR,,2Y,2023-03-15,2.4157954055747446,ecb_yield_curve_aaa,YC.B.U2.EUR.4F.G_N_A.SV_C_YM.SR_2Y,https://data-api.ecb.europa.eu/service/data/YC/B.U2.EUR.4F.G_N_A.SV_C_YM.SR_2Y?format=csvdata&startPeriod=2021-06-16,ok,2026-06-16 04:50:51.494909
EUR,,2Y,2023-03-16,2.4729174732066603,ecb_yield_curve_aaa,YC.B.U2.EUR.4F.G_N_A.SV_C_YM.SR_2Y,https://data-api.ecb.europa.eu/service/data/YC/B.U2.EUR.4F.G_N_A.SV_C_YM.SR_2Y?format=csvdata&startPeriod=2021-06-16,ok,2026-06-16 04:50:51.494909
EUR,,2Y,2023-03-17,2.369973346543386,ecb_yield_curve_aaa,YC.B.U2.EUR.4F.G_N_A.SV_C_YM.SR_2Y,https://data-api.ecb.europa.eu/service/data/YC/B.U2.EUR.4F.G_N_A.SV_C_YM.SR_2Y?format=csvdata&startPeriod=2021-06-16,ok,2026-06-16 04:50:51.494909
EUR,,2Y,2023-03-20,2.2723030397636004,ecb_yield_curve_aaa,YC.B.U2.EUR.4F.G_N_A.SV_C_YM.SR_2Y,https://data-api.ecb.europa.eu/service/data/YC/B.U2.EUR.4F.G_N_A.SV_C_YM.SR_2Y?format=csvdata&startPeriod=2021-06-16,ok,2026-06-16 04:50:51.494909
EUR,,2Y,2023-03-21,2.455111966123495,ecb_yield_curve_aaa,YC.B.U2.EUR.4F.G_N_A.SV_C_YM.SR_2Y,https://data-api.ecb.europa.eu/service/data/YC/B.U2.EUR.4F.G_N_A.SV_C_YM.SR_2Y?format=csvdata&startPeriod=2021-06-16,ok,2026-06-16 04:50:51.494909
EUR,,2Y,2023-03-22,2.637997598353074,ecb_yield_curve_aaa,YC.B.U2.EUR.4F.G_N_A.SV_C_YM.SR_2Y,https://data-api.ecb.europa.eu/service/data/YC/B.U2.EUR.4F.G_N_A.SV_C_YM.SR_2Y?format=csvdata&startPeriod=2021-06-16,ok,2026-06-16 04:50:51.494909
EUR,,2Y,2023-03-23,2.4841834609511033,ecb_yield_curve_aaa,YC.B.U2.EUR.4F.G_N_A.SV_C_YM.SR_2Y,https://data-api.ecb.europa.eu/service/data/YC/B.U2.EUR.4F.G_N_A.SV_C_YM.SR_2Y?format=csvdata&startPeriod=2021-06-16,ok,2026-06-16 04:50:51.494909
EUR,,2Y,2023-03-24,2.3040471855891553,ecb_yield_curve_aaa,YC.B.U2.EUR.4F.G_N_A.SV_C_YM.SR_2Y,https://data-api.ecb.europa.eu/service/data/YC/B.U2.EUR.4F.G_N_A.SV_C_YM.SR_2Y?format=csvdata&startPeriod=2021-06-16,ok,2026-06-16 04:50:51.494909
EUR,,2Y,2023-03-27,2.4779187277228067,ecb_yield_curve_aaa,YC.B.U2.EUR.4F.G_N_A.SV_C_YM.SR_2Y,https://data-api.ecb.europa.eu/service/data/YC/B.U2.EUR.4F.G_N_A.SV_C_YM.SR_2Y?format=csvdata&startPeriod=2021-06-16,ok,2026-06-16 04:50:51.494909
EUR,,2Y,2023-03-28,2.485753086842742,ecb_yield_curve_aaa,YC.B.U2.EUR.4F.G_N_A.SV_C_YM.SR_2Y,https://data-api.ecb.europa.eu/service/data/YC/B.U2.EUR.4F.G_N_A.SV_C_YM.SR_2Y?format=csvdata&startPeriod=2021-06-16,ok,2026-06-16 04:50:51.494909
EUR,,2Y,2023-03-29,2.54143094329267,ecb_yield_curve_aaa,YC.B.U2.EUR.4F.G_N_A.SV_C_YM.SR_2Y,https://data-api.ecb.europa.eu/service/data/YC/B.U2.EUR.4F.G_N_A.SV_C_YM.SR_2Y?format=csvdata&startPeriod=2021-06-16,ok,2026-06-16 04:50:51.494909
EUR,,2Y,2023-03-30,2.665786479413865,ecb_yield_curve_aaa,YC.B.U2.EUR.4F.G_N_A.SV_C_YM.SR_2Y,https://data-api.ecb.europa.eu/service/data/YC/B.U2.EUR.4F.G_N_A.SV_C_YM.SR_2Y?format=csvdata&startPeriod=2021-06-16,ok,2026-06-16 04:50:51.494909
EUR,,2Y,2023-03-31,2.6178698624258403,ecb_yield_curve_aaa,YC.B.U2.EUR.4F.G_N_A.SV_C_YM.SR_2Y,https://data-api.ecb.europa.eu/service/data/YC/B.U2.EUR.4F.G_N_A.SV_C_YM.SR_2Y?format=csvdata&startPeriod=2021-06-16,ok,2026-06-16 04:50:51.494909
EUR,,2Y,2023-04-03,2.6273474139960062,ecb_yield_curve_aaa,YC.B.U2.EUR.4F.G_N_A.SV_C_YM.SR_2Y,https://data-api.ecb.europa.eu/service/data/YC/B.U2.EUR.4F.G_N_A.SV_C_YM.SR_2Y?format=csvdata&startPeriod=2021-06-16,ok,2026-06-16 04:50:51.494909
EUR,,2Y,2023-04-04,2.6356119444608193,ecb_yield_curve_aaa,YC.B.U2.EUR.4F.G_N_A.SV_C_YM.SR_2Y,https://data-api.ecb.europa.eu/service/data/YC/B.U2.EUR.4F.G_N_A.SV_C_YM.SR_2Y?format=csvdata&startPeriod=2021-06-16,ok,2026-06-16 04:50:51.494909
EUR,,2Y,2023-04-05,2.501501831047471,ecb_yield_curve_aaa,YC.B.U2.EUR.4F.G_N_A.SV_C_YM.SR_2Y,https://data-api.ecb.europa.eu/service/data/YC/B.U2.EUR.4F.G_N_A.SV_C_YM.SR_2Y?format=csvdata&startPeriod=2021-06-16,ok,2026-06-16 04:50:51.494909
EUR,,2Y,2023-04-06,2.4693855880900273,ecb_yield_curve_aaa,YC.B.U2.EUR.4F.G_N_A.SV_C_YM.SR_2Y,https://data-api.ecb.europa.eu/service/data/YC/B.U2.EUR.4F.G_N_A.SV_C_YM.SR_2Y?format=csvdata&startPeriod=2021-06-16,ok,2026-06-16 04:50:51.494909
EUR,,2Y,2023-04-11,2.621938679621374,ecb_yield_curve_aaa,YC.B.U2.EUR.4F.G_N_A.SV_C_YM.SR_2Y,https://data-api.ecb.europa.eu/service/data/YC/B.U2.EUR.4F.G_N_A.SV_C_YM.SR_2Y?format=csvdata&startPeriod=2021-06-16,ok,2026-06-16 04:50:51.494909
EUR,,2Y,2023-04-12,2.6898515579233964,ecb_yield_curve_aaa,YC.B.U2.EUR.4F.G_N_A.SV_C_YM.SR_2Y,https://data-api.ecb.europa.eu/service/data/YC/B.U2.EUR.4F.G_N_A.SV_C_YM.SR_2Y?format=csvdata&startPeriod=2021-06-16,ok,2026-06-16 04:50:51.494909
EUR,,2Y,2023-04-13,2.6758730124022394,ecb_yield_curve_aaa,YC.B.U2.EUR.4F.G_N_A.SV_C_YM.SR_2Y,https://data-api.ecb.europa.eu/service/data/YC/B.U2.EUR.4F.G_N_A.SV_C_YM.SR_2Y?format=csvdata&startPeriod=2021-06-16,ok,2026-06-16 04:50:51.494909
EUR,,2Y,2023-04-14,2.7721003136868423,ecb_yield_curve_aaa,YC.B.U2.EUR.4F.G_N_A.SV_C_YM.SR_2Y,https://data-api.ecb.europa.eu/service/data/YC/B.U2.EUR.4F.G_N_A.SV_C_YM.SR_2Y?format=csvdata&startPeriod=2021-06-16,ok,2026-06-16 04:50:51.494909
EUR,,2Y,2023-04-17,2.7942991253006495,ecb_yield_curve_aaa,YC.B.U2.EUR.4F.G_N_A.SV_C_YM.SR_2Y,https://data-api.ecb.europa.eu/service/data/YC/B.U2.EUR.4F.G_N_A.SV_C_YM.SR_2Y?format=csvdata&startPeriod=2021-06-16,ok,2026-06-16 04:50:51.494909
EUR,,2Y,2023-04-18,2.8027190806913023,ecb_yield_curve_aaa,YC.B.U2.EUR.4F.G_N_A.SV_C_YM.SR_2Y,https://data-api.ecb.europa.eu/service/data/YC/B.U2.EUR.4F.G_N_A.SV_C_YM.SR_2Y?format=csvdata&startPeriod=2021-06-16,ok,2026-06-16 04:50:51.494909
EUR,,2Y,2023-04-19,2.876840210382918,ecb_yield_curve_aaa,YC.B.U2.EUR.4F.G_N_A.SV_C_YM.SR_2Y,https://data-api.ecb.europa.eu/service/data/YC/B.U2.EUR.4F.G_N_A.SV_C_YM.SR_2Y?format=csvdata&startPeriod=2021-06-16,ok,2026-06-16 04:50:51.494909
EUR,,2Y,2023-04-20,2.8369815110996783,ecb_yield_curve_aaa,YC.B.U2.EUR.4F.G_N_A.SV_C_YM.SR_2Y,https://data-api.ecb.europa.eu/service/data/YC/B.U2.EUR.4F.G_N_A.SV_C_YM.SR_2Y?format=csvdata&startPeriod=2021-06-16,ok,2026-06-16 04:50:51.494909
EUR,,2Y,2023-04-21,2.8448744048913435,ecb_yield_curve_aaa,YC.B.U2.EUR.4F.G_N_A.SV_C_YM.SR_2Y,https://data-api.ecb.europa.eu/service/data/YC/B.U2.EUR.4F.G_N_A.SV_C_YM.SR_2Y?format=csvdata&startPeriod=2021-06-16,ok,2026-06-16 04:50:51.494909
EUR,,2Y,2023-04-24,2.873230652667898,ecb_yield_curve_aaa,YC.B.U2.EUR.4F.G_N_A.SV_C_YM.SR_2Y,https://data-api.ecb.europa.eu/service/data/YC/B.U2.EUR.4F.G_N_A.SV_C_YM.SR_2Y?format=csvdata&startPeriod=2021-06-16,ok,2026-06-16 04:50:51.494909
EUR,,2Y,2023-04-25,2.765111287626422,ecb_yield_curve_aaa,YC.B.U2.EUR.4F.G_N_A.SV_C_YM.SR_2Y,https://data-api.ecb.europa.eu/service/data/YC/B.U2.EUR.4F.G_N_A.SV_C_YM.SR_2Y?format=csvdata&startPeriod=2021-06-16,ok,2026-06-16 04:50:51.494909
EUR,,2Y,2023-04-26,2.6950072587995644,ecb_yield_curve_aaa,YC.B.U2.EUR.4F.G_N_A.SV_C_YM.SR_2Y,https://data-api.ecb.europa.eu/service/data/YC/B.U2.EUR.4F.G_N_A.SV_C_YM.SR_2Y?format=csvdata&startPeriod=2021-06-16,ok,2026-06-16 04:50:51.494909
EUR,,2Y,2023-04-27,2.7512450355515217,ecb_yield_curve_aaa,YC.B.U2.EUR.4F.G_N_A.SV_C_YM.SR_2Y,https://data-api.ecb.europa.eu/service/data/YC/B.U2.EUR.4F.G_N_A.SV_C_YM.SR_2Y?format=csvdata&startPeriod=2021-06-16,ok,2026-06-16 04:50:51.494909
EUR,,2Y,2023-04-28,2.6848043965691053,ecb_yield_curve_aaa,YC.B.U2.EUR.4F.G_N_A.SV_C_YM.SR_2Y,https://data-api.ecb.europa.eu/service/data/YC/B.U2.EUR.4F.G_N_A.SV_C_YM.SR_2Y?format=csvdata&startPeriod=2021-06-16,ok,2026-06-16 04:50:51.494909
EUR,,2Y,2023-05-02,2.6927415498791043,ecb_yield_curve_aaa,YC.B.U2.EUR.4F.G_N_A.SV_C_YM.SR_2Y,https://data-api.ecb.europa.eu/service/data/YC/B.U2.EUR.4F.G_N_A.SV_C_YM.SR_2Y?format=csvdata&startPeriod=2021-06-16,ok,2026-06-16 04:50:51.494909
EUR,,2Y,2023-05-03,2.563151661274414,ecb_yield_curve_aaa,YC.B.U2.EUR.4F.G_N_A.SV_C_YM.SR_2Y,https://data-api.ecb.europa.eu/service/data/YC/B.U2.EUR.4F.G_N_A.SV_C_YM.SR_2Y?format=csvdata&startPeriod=2021-06-16,ok,2026-06-16 04:50:51.494909
EUR,,2Y,2023-05-04,2.5553335300283497,ecb_yield_curve_aaa,YC.B.U2.EUR.4F.G_N_A.SV_C_YM.SR_2Y,https://data-api.ecb.europa.eu/service/data/YC/B.U2.EUR.4F.G_N_A.SV_C_YM.SR_2Y?format=csvdata&startPeriod=2021-06-16,ok,2026-06-16 04:50:51.494909
EUR,,2Y,2023-05-05,2.5031414451536937,ecb_yield_curve_aaa,YC.B.U2.EUR.4F.G_N_A.SV_C_YM.SR_2Y,https://data-api.ecb.europa.eu/service/data/YC/B.U2.EUR.4F.G_N_A.SV_C_YM.SR_2Y?format=csvdata&startPeriod=2021-06-16,ok,2026-06-16 04:50:51.494909
EUR,,2Y,2023-05-08,2.5678561174972647,ecb_yield_curve_aaa,YC.B.U2.EUR.4F.G_N_A.SV_C_YM.SR_2Y,https://data-api.ecb.europa.eu/service/data/YC/B.U2.EUR.4F.G_N_A.SV_C_YM.SR_2Y?format=csvdata&startPeriod=2021-06-16,ok,2026-06-16 04:50:51.494909
EUR,,2Y,2023-05-09,2.572856405963255,ecb_yield_curve_aaa,YC.B.U2.EUR.4F.G_N_A.SV_C_YM.SR_2Y,https://data-api.ecb.europa.eu/service/data/YC/B.U2.EUR.4F.G_N_A.SV_C_YM.SR_2Y?format=csvdata&startPeriod=2021-06-16,ok,2026-06-16 04:50:51.494909
EUR,,2Y,2023-05-10,2.51295480231844,ecb_yield_curve_aaa,YC.B.U2.EUR.4F.G_N_A.SV_C_YM.SR_2Y,https://data-api.ecb.europa.eu/service/data/YC/B.U2.EUR.4F.G_N_A.SV_C_YM.SR_2Y?format=csvdata&startPeriod=2021-06-16,ok,2026-06-16 04:50:51.494909
EUR,,2Y,2023-05-11,2.46253122937565,ecb_yield_curve_aaa,YC.B.U2.EUR.4F.G_N_A.SV_C_YM.SR_2Y,https://data-api.ecb.europa.eu/service/data/YC/B.U2.EUR.4F.G_N_A.SV_C_YM.SR_2Y?format=csvdata&startPeriod=2021-06-16,ok,2026-06-16 04:50:51.494909
EUR,,2Y,2023-05-12,2.515572701659631,ecb_yield_curve_aaa,YC.B.U2.EUR.4F.G_N_A.SV_C_YM.SR_2Y,https://data-api.ecb.europa.eu/service/data/YC/B.U2.EUR.4F.G_N_A.SV_C_YM.SR_2Y?format=csvdata&startPeriod=2021-06-16,ok,2026-06-16 04:50:51.494909
EUR,,2Y,2023-05-15,2.5446029134814303,ecb_yield_curve_aaa,YC.B.U2.EUR.4F.G_N_A.SV_C_YM.SR_2Y,https://data-api.ecb.europa.eu/service/data/YC/B.U2.EUR.4F.G_N_A.SV_C_YM.SR_2Y?format=csvdata&startPeriod=2021-06-16,ok,2026-06-16 04:50:51.494909
EUR,,2Y,2023-05-16,2.561432719568333,ecb_yield_curve_aaa,YC.B.U2.EUR.4F.G_N_A.SV_C_YM.SR_2Y,https://data-api.ecb.europa.eu/service/data/YC/B.U2.EUR.4F.G_N_A.SV_C_YM.SR_2Y?format=csvdata&startPeriod=2021-06-16,ok,2026-06-16 04:50:51.494909
EUR,,2Y,2023-05-17,2.6000707891195223,ecb_yield_curve_aaa,YC.B.U2.EUR.4F.G_N_A.SV_C_YM.SR_2Y,https://data-api.ecb.europa.eu/service/data/YC/B.U2.EUR.4F.G_N_A.SV_C_YM.SR_2Y?format=csvdata&startPeriod=2021-06-16,ok,2026-06-16 04:50:51.494909
EUR,,2Y,2023-05-18,2.67928689239477,ecb_yield_curve_aaa,YC.B.U2.EUR.4F.G_N_A.SV_C_YM.SR_2Y,https://data-api.ecb.europa.eu/service/data/YC/B.U2.EUR.4F.G_N_A.SV_C_YM.SR_2Y?format=csvdata&startPeriod=2021-06-16,ok,2026-06-16 04:50:51.494909
EUR,,2Y,2023-05-19,2.7471737737,ecb_yield_curve_aaa,YC.B.U2.EUR.4F.G_N_A.SV_C_YM.SR_2Y,https://data-api.ecb.europa.eu/service/data/YC/B.U2.EUR.4F.G_N_A.SV_C_YM.SR_2Y?format=csvdata&startPeriod=2021-06-16,ok,2026-06-16 04:50:51.494909
EUR,,2Y,2023-05-22,2.7279288532,ecb_yield_curve_aaa,YC.B.U2.EUR.4F.G_N_A.SV_C_YM.SR_2Y,https://data-api.ecb.europa.eu/service/data/YC/B.U2.EUR.4F.G_N_A.SV_C_YM.SR_2Y?format=csvdata&startPeriod=2021-06-16,ok,2026-06-16 04:50:51.494909
EUR,,2Y,2023-05-23,2.7872740983,ecb_yield_curve_aaa,YC.B.U2.EUR.4F.G_N_A.SV_C_YM.SR_2Y,https://data-api.ecb.europa.eu/service/data/YC/B.U2.EUR.4F.G_N_A.SV_C_YM.SR_2Y?format=csvdata&startPeriod=2021-06-16,ok,2026-06-16 04:50:51.494909
EUR,,2Y,2023-05-24,2.7467516756,ecb_yield_curve_aaa,YC.B.U2.EUR.4F.G_N_A.SV_C_YM.SR_2Y,https://data-api.ecb.europa.eu/service/data/YC/B.U2.EUR.4F.G_N_A.SV_C_YM.SR_2Y?format=csvdata&startPeriod=2021-06-16,ok,2026-06-16 04:50:51.494909
EUR,,2Y,2023-05-25,2.8093492376,ecb_yield_curve_aaa,YC.B.U2.EUR.4F.G_N_A.SV_C_YM.SR_2Y,https://data-api.ecb.europa.eu/service/data/YC/B.U2.EUR.4F.G_N_A.SV_C_YM.SR_2Y?format=csvdata&startPeriod=2021-06-16,ok,2026-06-16 04:50:51.494909
EUR,,2Y,2023-05-26,2.8494210987,ecb_yield_curve_aaa,YC.B.U2.EUR.4F.G_N_A.SV_C_YM.SR_2Y,https://data-api.ecb.europa.eu/service/data/YC/B.U2.EUR.4F.G_N_A.SV_C_YM.SR_2Y?format=csvdata&startPeriod=2021-06-16,ok,2026-06-16 04:50:51.494909
EUR,,2Y,2023-05-29,2.8356765135,ecb_yield_curve_aaa,YC.B.U2.EUR.4F.G_N_A.SV_C_YM.SR_2Y,https://data-api.ecb.europa.eu/service/data/YC/B.U2.EUR.4F.G_N_A.SV_C_YM.SR_2Y?format=csvdata&startPeriod=2021-06-16,ok,2026-06-16 04:50:51.494909
EUR,,2Y,2023-05-30,2.7775186808,ecb_yield_curve_aaa,YC.B.U2.EUR.4F.G_N_A.SV_C_YM.SR_2Y,https://data-api.ecb.europa.eu/service/data/YC/B.U2.EUR.4F.G_N_A.SV_C_YM.SR_2Y?format=csvdata&startPeriod=2021-06-16,ok,2026-06-16 04:50:51.494909
EUR,,2Y,2023-05-31,2.6441031237,ecb_yield_curve_aaa,YC.B.U2.EUR.4F.G_N_A.SV_C_YM.SR_2Y,https://data-api.ecb.europa.eu/service/data/YC/B.U2.EUR.4F.G_N_A.SV_C_YM.SR_2Y?format=csvdata&startPeriod=2021-06-16,ok,2026-06-16 04:50:51.494909
EUR,,2Y,2023-06-01,2.621862071,ecb_yield_curve_aaa,YC.B.U2.EUR.4F.G_N_A.SV_C_YM.SR_2Y,https://data-api.ecb.europa.eu/service/data/YC/B.U2.EUR.4F.G_N_A.SV_C_YM.SR_2Y?format=csvdata&startPeriod=2021-06-16,ok,2026-06-16 04:50:51.494909
EUR,,2Y,2023-06-02,2.7101764811,ecb_yield_curve_aaa,YC.B.U2.EUR.4F.G_N_A.SV_C_YM.SR_2Y,https://data-api.ecb.europa.eu/service/data/YC/B.U2.EUR.4F.G_N_A.SV_C_YM.SR_2Y?format=csvdata&startPeriod=2021-06-16,ok,2026-06-16 04:50:51.494909
EUR,,2Y,2023-06-05,2.8103150572,ecb_yield_curve_aaa,YC.B.U2.EUR.4F.G_N_A.SV_C_YM.SR_2Y,https://data-api.ecb.europa.eu/service/data/YC/B.U2.EUR.4F.G_N_A.SV_C_YM.SR_2Y?format=csvdata&startPeriod=2021-06-16,ok,2026-06-16 04:50:51.494909
EUR,,2Y,2023-06-06,2.7772506474,ecb_yield_curve_aaa,YC.B.U2.EUR.4F.G_N_A.SV_C_YM.SR_2Y,https://data-api.ecb.europa.eu/service/data/YC/B.U2.EUR.4F.G_N_A.SV_C_YM.SR_2Y?format=csvdata&startPeriod=2021-06-16,ok,2026-06-16 04:50:51.494909
EUR,,2Y,2023-06-07,2.814904492,ecb_yield_curve_aaa,YC.B.U2.EUR.4F.G_N_A.SV_C_YM.SR_2Y,https://data-api.ecb.europa.eu/service/data/YC/B.U2.EUR.4F.G_N_A.SV_C_YM.SR_2Y?format=csvdata&startPeriod=2021-06-16,ok,2026-06-16 04:50:51.494909
EUR,,2Y,2023-06-08,2.8156737674,ecb_yield_curve_aaa,YC.B.U2.EUR.4F.G_N_A.SV_C_YM.SR_2Y,https://data-api.ecb.europa.eu/service/data/YC/B.U2.EUR.4F.G_N_A.SV_C_YM.SR_2Y?format=csvdata&startPeriod=2021-06-16,ok,2026-06-16 04:50:51.494909
EUR,,2Y,2023-06-09,2.851706748,ecb_yield_curve_aaa,YC.B.U2.EUR.4F.G_N_A.SV_C_YM.SR_2Y,https://data-api.ecb.europa.eu/service/data/YC/B.U2.EUR.4F.G_N_A.SV_C_YM.SR_2Y?format=csvdata&startPeriod=2021-06-16,ok,2026-06-16 04:50:51.494909
EUR,,2Y,2023-06-12,2.8282479493,ecb_yield_curve_aaa,YC.B.U2.EUR.4F.G_N_A.SV_C_YM.SR_2Y,https://data-api.ecb.europa.eu/service/data/YC/B.U2.EUR.4F.G_N_A.SV_C_YM.SR_2Y?format=csvdata&startPeriod=2021-06-16,ok,2026-06-16 04:50:51.494909
EUR,,2Y,2023-06-13,2.879761289,ecb_yield_curve_aaa,YC.B.U2.EUR.4F.G_N_A.SV_C_YM.SR_2Y,https://data-api.ecb.europa.eu/service/data/YC/B.U2.EUR.4F.G_N_A.SV_C_YM.SR_2Y?format=csvdata&startPeriod=2021-06-16,ok,2026-06-16 04:50:51.494909
EUR,,2Y,2023-06-14,2.9274793648,ecb_yield_curve_aaa,YC.B.U2.EUR.4F.G_N_A.SV_C_YM.SR_2Y,https://data-api.ecb.europa.eu/service/data/YC/B.U2.EUR.4F.G_N_A.SV_C_YM.SR_2Y?format=csvdata&startPeriod=2021-06-16,ok,2026-06-16 04:50:51.494909
EUR,,2Y,2023-06-15,2.9810342345,ecb_yield_curve_aaa,YC.B.U2.EUR.4F.G_N_A.SV_C_YM.SR_2Y,https://data-api.ecb.europa.eu/service/data/YC/B.U2.EUR.4F.G_N_A.SV_C_YM.SR_2Y?format=csvdata&startPeriod=2021-06-16,ok,2026-06-16 04:50:51.494909
EUR,,2Y,2023-06-16,3.0461809705,ecb_yield_curve_aaa,YC.B.U2.EUR.4F.G_N_A.SV_C_YM.SR_2Y,https://data-api.ecb.europa.eu/service/data/YC/B.U2.EUR.4F.G_N_A.SV_C_YM.SR_2Y?format=csvdata&startPeriod=2021-06-16,ok,2026-06-16 04:50:51.494909
EUR,,2Y,2023-06-19,3.0491716145,ecb_yield_curve_aaa,YC.B.U2.EUR.4F.G_N_A.SV_C_YM.SR_2Y,https://data-api.ecb.europa.eu/service/data/YC/B.U2.EUR.4F.G_N_A.SV_C_YM.SR_2Y?format=csvdata&startPeriod=2021-06-16,ok,2026-06-16 04:50:51.494909
EUR,,2Y,2023-06-20,3.0586385717,ecb_yield_curve_aaa,YC.B.U2.EUR.4F.G_N_A.SV_C_YM.SR_2Y,https://data-api.ecb.europa.eu/service/data/YC/B.U2.EUR.4F.G_N_A.SV_C_YM.SR_2Y?format=csvdata&startPeriod=2021-06-16,ok,2026-06-16 04:50:51.494909
EUR,,2Y,2023-06-21,3.0874790329,ecb_yield_curve_aaa,YC.B.U2.EUR.4F.G_N_A.SV_C_YM.SR_2Y,https://data-api.ecb.europa.eu/service/data/YC/B.U2.EUR.4F.G_N_A.SV_C_YM.SR_2Y?format=csvdata&startPeriod=2021-06-16,ok,2026-06-16 04:50:51.494909
EUR,,2Y,2023-06-22,3.1331520191,ecb_yield_curve_aaa,YC.B.U2.EUR.4F.G_N_A.SV_C_YM.SR_2Y,https://data-api.ecb.europa.eu/service/data/YC/B.U2.EUR.4F.G_N_A.SV_C_YM.SR_2Y?format=csvdata&startPeriod=2021-06-16,ok,2026-06-16 04:50:51.494909
EUR,,2Y,2023-06-23,3.0262011384,ecb_yield_curve_aaa,YC.B.U2.EUR.4F.G_N_A.SV_C_YM.SR_2Y,https://data-api.ecb.europa.eu/service/data/YC/B.U2.EUR.4F.G_N_A.SV_C_YM.SR_2Y?format=csvdata&startPeriod=2021-06-16,ok,2026-06-16 04:50:51.494909
EUR,,2Y,2023-06-26,3.0240954207,ecb_yield_curve_aaa,YC.B.U2.EUR.4F.G_N_A.SV_C_YM.SR_2Y,https://data-api.ecb.europa.eu/service/data/YC/B.U2.EUR.4F.G_N_A.SV_C_YM.SR_2Y?format=csvdata&startPeriod=2021-06-16,ok,2026-06-16 04:50:51.494909
EUR,,2Y,2023-06-27,3.0181871169,ecb_yield_curve_aaa,YC.B.U2.EUR.4F.G_N_A.SV_C_YM.SR_2Y,https://data-api.ecb.europa.eu/service/data/YC/B.U2.EUR.4F.G_N_A.SV_C_YM.SR_2Y?format=csvdata&startPeriod=2021-06-16,ok,2026-06-16 04:50:51.494909
EUR,,2Y,2023-06-28,3.0438746421,ecb_yield_curve_aaa,YC.B.U2.EUR.4F.G_N_A.SV_C_YM.SR_2Y,https://data-api.ecb.europa.eu/service/data/YC/B.U2.EUR.4F.G_N_A.SV_C_YM.SR_2Y?format=csvdata&startPeriod=2021-06-16,ok,2026-06-16 04:50:51.494909
EUR,,2Y,2023-06-29,3.0941406989,ecb_yield_curve_aaa,YC.B.U2.EUR.4F.G_N_A.SV_C_YM.SR_2Y,https://data-api.ecb.europa.eu/service/data/YC/B.U2.EUR.4F.G_N_A.SV_C_YM.SR_2Y?format=csvdata&startPeriod=2021-06-16,ok,2026-06-16 04:50:51.494909
EUR,,2Y,2023-06-30,3.1194082381,ecb_yield_curve_aaa,YC.B.U2.EUR.4F.G_N_A.SV_C_YM.SR_2Y,https://data-api.ecb.europa.eu/service/data/YC/B.U2.EUR.4F.G_N_A.SV_C_YM.SR_2Y?format=csvdata&startPeriod=2021-06-16,ok,2026-06-16 04:50:51.494909
EUR,,2Y,2023-07-03,3.1278154899,ecb_yield_curve_aaa,YC.B.U2.EUR.4F.G_N_A.SV_C_YM.SR_2Y,https://data-api.ecb.europa.eu/service/data/YC/B.U2.EUR.4F.G_N_A.SV_C_YM.SR_2Y?format=csvdata&startPeriod=2021-06-16,ok,2026-06-16 04:50:51.494909
EUR,,2Y,2023-07-04,3.1379404893,ecb_yield_curve_aaa,YC.B.U2.EUR.4F.G_N_A.SV_C_YM.SR_2Y,https://data-api.ecb.europa.eu/service/data/YC/B.U2.EUR.4F.G_N_A.SV_C_YM.SR_2Y?format=csvdata&startPeriod=2021-06-16,ok,2026-06-16 04:50:51.494909
EUR,,2Y,2023-07-05,3.1022951761,ecb_yield_curve_aaa,YC.B.U2.EUR.4F.G_N_A.SV_C_YM.SR_2Y,https://data-api.ecb.europa.eu/service/data/YC/B.U2.EUR.4F.G_N_A.SV_C_YM.SR_2Y?format=csvdata&startPeriod=2021-06-16,ok,2026-06-16 04:50:51.494909
EUR,,2Y,2023-07-06,3.2281563247,ecb_yield_curve_aaa,YC.B.U2.EUR.4F.G_N_A.SV_C_YM.SR_2Y,https://data-api.ecb.europa.eu/service/data/YC/B.U2.EUR.4F.G_N_A.SV_C_YM.SR_2Y?format=csvdata&startPeriod=2021-06-16,ok,2026-06-16 04:50:51.494909
EUR,,2Y,2023-07-07,3.1791189338,ecb_yield_curve_aaa,YC.B.U2.EUR.4F.G_N_A.SV_C_YM.SR_2Y,https://data-api.ecb.europa.eu/service/data/YC/B.U2.EUR.4F.G_N_A.SV_C_YM.SR_2Y?format=csvdata&startPeriod=2021-06-16,ok,2026-06-16 04:50:51.494909
EUR,,2Y,2023-07-10,3.1796892627,ecb_yield_curve_aaa,YC.B.U2.EUR.4F.G_N_A.SV_C_YM.SR_2Y,https://data-api.ecb.europa.eu/service/data/YC/B.U2.EUR.4F.G_N_A.SV_C_YM.SR_2Y?format=csvdata&startPeriod=2021-06-16,ok,2026-06-16 04:50:51.494909
EUR,,2Y,2023-07-11,3.2061389059,ecb_yield_curve_aaa,YC.B.U2.EUR.4F.G_N_A.SV_C_YM.SR_2Y,https://data-api.ecb.europa.eu/service/data/YC/B.U2.EUR.4F.G_N_A.SV_C_YM.SR_2Y?format=csvdata&startPeriod=2021-06-16,ok,2026-06-16 04:50:51.494909
EUR,,2Y,2023-07-12,3.1939926581,ecb_yield_curve_aaa,YC.B.U2.EUR.4F.G_N_A.SV_C_YM.SR_2Y,https://data-api.ecb.europa.eu/service/data/YC/B.U2.EUR.4F.G_N_A.SV_C_YM.SR_2Y?format=csvdata&startPeriod=2021-06-16,ok,2026-06-16 04:50:51.494909
EUR,,2Y,2023-07-13,3.0970746443,ecb_yield_curve_aaa,YC.B.U2.EUR.4F.G_N_A.SV_C_YM.SR_2Y,https://data-api.ecb.europa.eu/service/data/YC/B.U2.EUR.4F.G_N_A.SV_C_YM.SR_2Y?format=csvdata&startPeriod=2021-06-16,ok,2026-06-16 04:50:51.494909
EUR,,2Y,2023-07-14,3.0844499382,ecb_yield_curve_aaa,YC.B.U2.EUR.4F.G_N_A.SV_C_YM.SR_2Y,https://data-api.ecb.europa.eu/service/data/YC/B.U2.EUR.4F.G_N_A.SV_C_YM.SR_2Y?format=csvdata&startPeriod=2021-06-16,ok,2026-06-16 04:50:51.494909
EUR,,2Y,2023-07-17,3.1144875226,ecb_yield_curve_aaa,YC.B.U2.EUR.4F.G_N_A.SV_C_YM.SR_2Y,https://data-api.ecb.europa.eu/service/data/YC/B.U2.EUR.4F.G_N_A.SV_C_YM.SR_2Y?format=csvdata&startPeriod=2021-06-16,ok,2026-06-16 04:50:51.494909
EUR,,2Y,2023-07-18,2.9994428532,ecb_yield_curve_aaa,YC.B.U2.EUR.4F.G_N_A.SV_C_YM.SR_2Y,https://data-api.ecb.europa.eu/service/data/YC/B.U2.EUR.4F.G_N_A.SV_C_YM.SR_2Y?format=csvdata&startPeriod=2021-06-16,ok,2026-06-16 04:50:51.494909
EUR,,2Y,2023-07-19,3.0135869229,ecb_yield_curve_aaa,YC.B.U2.EUR.4F.G_N_A.SV_C_YM.SR_2Y,https://data-api.ecb.europa.eu/service/data/YC/B.U2.EUR.4F.G_N_A.SV_C_YM.SR_2Y?format=csvdata&startPeriod=2021-06-16,ok,2026-06-16 04:50:51.494909
EUR,,2Y,2023-07-20,3.1096135054,ecb_yield_curve_aaa,YC.B.U2.EUR.4F.G_N_A.SV_C_YM.SR_2Y,https://data-api.ecb.europa.eu/service/data/YC/B.U2.EUR.4F.G_N_A.SV_C_YM.SR_2Y?format=csvdata&startPeriod=2021-06-16,ok,2026-06-16 04:50:51.494909
EUR,,2Y,2023-07-21,3.0692936148,ecb_yield_curve_aaa,YC.B.U2.EUR.4F.G_N_A.SV_C_YM.SR_2Y,https://data-api.ecb.europa.eu/service/data/YC/B.U2.EUR.4F.G_N_A.SV_C_YM.SR_2Y?format=csvdata&startPeriod=2021-06-16,ok,2026-06-16 04:50:51.494909
EUR,,2Y,2023-07-24,3.0134729353,ecb_yield_curve_aaa,YC.B.U2.EUR.4F.G_N_A.SV_C_YM.SR_2Y,https://data-api.ecb.europa.eu/service/data/YC/B.U2.EUR.4F.G_N_A.SV_C_YM.SR_2Y?format=csvdata&startPeriod=2021-06-16,ok,2026-06-16 04:50:51.494909
EUR,,2Y,2023-07-25,3.0261300338,ecb_yield_curve_aaa,YC.B.U2.EUR.4F.G_N_A.SV_C_YM.SR_2Y,https://data-api.ecb.europa.eu/service/data/YC/B.U2.EUR.4F.G_N_A.SV_C_YM.SR_2Y?format=csvdata&startPeriod=2021-06-16,ok,2026-06-16 04:50:51.494909
EUR,,2Y,2023-07-26,3.1032051396,ecb_yield_curve_aaa,YC.B.U2.EUR.4F.G_N_A.SV_C_YM.SR_2Y,https://data-api.ecb.europa.eu/service/data/YC/B.U2.EUR.4F.G_N_A.SV_C_YM.SR_2Y?format=csvdata&startPeriod=2021-06-16,ok,2026-06-16 04:50:51.494909
EUR,,2Y,2023-07-27,3.0132001128,ecb_yield_curve_aaa,YC.B.U2.EUR.4F.G_N_A.SV_C_YM.SR_2Y,https://data-api.ecb.europa.eu/service/data/YC/B.U2.EUR.4F.G_N_A.SV_C_YM.SR_2Y?format=csvdata&startPeriod=2021-06-16,ok,2026-06-16 04:50:51.494909
EUR,,2Y,2023-07-28,3.0319643724,ecb_yield_curve_aaa,YC.B.U2.EUR.4F.G_N_A.SV_C_YM.SR_2Y,https://data-api.ecb.europa.eu/service/data/YC/B.U2.EUR.4F.G_N_A.SV_C_YM.SR_2Y?format=csvdata&startPeriod=2021-06-16,ok,2026-06-16 04:50:51.494909
EUR,,2Y,2023-07-31,3.0155475324,ecb_yield_curve_aaa,YC.B.U2.EUR.4F.G_N_A.SV_C_YM.SR_2Y,https://data-api.ecb.europa.eu/service/data/YC/B.U2.EUR.4F.G_N_A.SV_C_YM.SR_2Y?format=csvdata&startPeriod=2021-06-16,ok,2026-06-16 04:50:51.494909
EUR,,2Y,2023-08-01,3.0373738202,ecb_yield_curve_aaa,YC.B.U2.EUR.4F.G_N_A.SV_C_YM.SR_2Y,https://data-api.ecb.europa.eu/service/data/YC/B.U2.EUR.4F.G_N_A.SV_C_YM.SR_2Y?format=csvdata&startPeriod=2021-06-16,ok,2026-06-16 04:50:51.494909
EUR,,2Y,2023-08-02,2.9597561893,ecb_yield_curve_aaa,YC.B.U2.EUR.4F.G_N_A.SV_C_YM.SR_2Y,https://data-api.ecb.europa.eu/service/data/YC/B.U2.EUR.4F.G_N_A.SV_C_YM.SR_2Y?format=csvdata&startPeriod=2021-06-16,ok,2026-06-16 04:50:51.494909
EUR,,2Y,2023-08-03,2.9364916411,ecb_yield_curve_aaa,YC.B.U2.EUR.4F.G_N_A.SV_C_YM.SR_2Y,https://data-api.ecb.europa.eu/service/data/YC/B.U2.EUR.4F.G_N_A.SV_C_YM.SR_2Y?format=csvdata&startPeriod=2021-06-16,ok,2026-06-16 04:50:51.494909
EUR,,2Y,2023-08-04,2.9998271575,ecb_yield_curve_aaa,YC.B.U2.EUR.4F.G_N_A.SV_C_YM.SR_2Y,https://data-api.ecb.europa.eu/service/data/YC/B.U2.EUR.4F.G_N_A.SV_C_YM.SR_2Y?format=csvdata&startPeriod=2021-06-16,ok,2026-06-16 04:50:51.494909
EUR,,2Y,2023-08-07,2.9500983445,ecb_yield_curve_aaa,YC.B.U2.EUR.4F.G_N_A.SV_C_YM.SR_2Y,https://data-api.ecb.europa.eu/service/data/YC/B.U2.EUR.4F.G_N_A.SV_C_YM.SR_2Y?format=csvdata&startPeriod=2021-06-16,ok,2026-06-16 04:50:51.494909
EUR,,2Y,2023-08-08,2.8769242493,ecb_yield_curve_aaa,YC.B.U2.EUR.4F.G_N_A.SV_C_YM.SR_2Y,https://data-api.ecb.europa.eu/service/data/YC/B.U2.EUR.4F.G_N_A.SV_C_YM.SR_2Y?format=csvdata&startPeriod=2021-06-16,ok,2026-06-16 04:50:51.494909
EUR,,2Y,2023-08-09,2.9263636467,ecb_yield_curve_aaa,YC.B.U2.EUR.4F.G_N_A.SV_C_YM.SR_2Y,https://data-api.ecb.europa.eu/service/data/YC/B.U2.EUR.4F.G_N_A.SV_C_YM.SR_2Y?format=csvdata&startPeriod=2021-06-16,ok,2026-06-16 04:50:51.494909
EUR,,2Y,2023-08-10,2.9381063931,ecb_yield_curve_aaa,YC.B.U2.EUR.4F.G_N_A.SV_C_YM.SR_2Y,https://data-api.ecb.europa.eu/service/data/YC/B.U2.EUR.4F.G_N_A.SV_C_YM.SR_2Y?format=csvdata&startPeriod=2021-06-16,ok,2026-06-16 04:50:51.494909
EUR,,2Y,2023-08-11,2.968814151,ecb_yield_curve_aaa,YC.B.U2.EUR.4F.G_N_A.SV_C_YM.SR_2Y,https://data-api.ecb.europa.eu/service/data/YC/B.U2.EUR.4F.G_N_A.SV_C_YM.SR_2Y?format=csvdata&startPeriod=2021-06-16,ok,2026-06-16 04:50:51.494909
EUR,,2Y,2023-08-14,3.0002788884,ecb_yield_curve_aaa,YC.B.U2.EUR.4F.G_N_A.SV_C_YM.SR_2Y,https://data-api.ecb.europa.eu/service/data/YC/B.U2.EUR.4F.G_N_A.SV_C_YM.SR_2Y?format=csvdata&startPeriod=2021-06-16,ok,2026-06-16 04:50:51.494909
EUR,,2Y,2023-08-15,3.0593355164,ecb_yield_curve_aaa,YC.B.U2.EUR.4F.G_N_A.SV_C_YM.SR_2Y,https://data-api.ecb.europa.eu/service/data/YC/B.U2.EUR.4F.G_N_A.SV_C_YM.SR_2Y?format=csvdata&startPeriod=2021-06-16,ok,2026-06-16 04:50:51.494909
EUR,,2Y,2023-08-16,3.0305812298,ecb_yield_curve_aaa,YC.B.U2.EUR.4F.G_N_A.SV_C_YM.SR_2Y,https://data-api.ecb.europa.eu/service/data/YC/B.U2.EUR.4F.G_N_A.SV_C_YM.SR_2Y?format=csvdata&startPeriod=2021-06-16,ok,2026-06-16 04:50:51.494909
EUR,,2Y,2023-08-17,3.0497014785,ecb_yield_curve_aaa,YC.B.U2.EUR.4F.G_N_A.SV_C_YM.SR_2Y,https://data-api.ecb.europa.eu/service/data/YC/B.U2.EUR.4F.G_N_A.SV_C_YM.SR_2Y?format=csvdata&startPeriod=2021-06-16,ok,2026-06-16 04:50:51.494909
EUR,,2Y,2023-08-18,2.963525779,ecb_yield_curve_aaa,YC.B.U2.EUR.4F.G_N_A.SV_C_YM.SR_2Y,https://data-api.ecb.europa.eu/service/data/YC/B.U2.EUR.4F.G_N_A.SV_C_YM.SR_2Y?format=csvdata&startPeriod=2021-06-16,ok,2026-06-16 04:50:51.494909
EUR,,2Y,2023-08-21,3.0394879713,ecb_yield_curve_aaa,YC.B.U2.EUR.4F.G_N_A.SV_C_YM.SR_2Y,https://data-api.ecb.europa.eu/service/data/YC/B.U2.EUR.4F.G_N_A.SV_C_YM.SR_2Y?format=csvdata&startPeriod=2021-06-16,ok,2026-06-16 04:50:51.494909
EUR,,2Y,2023-08-22,3.0446173245,ecb_yield_curve_aaa,YC.B.U2.EUR.4F.G_N_A.SV_C_YM.SR_2Y,https://data-api.ecb.europa.eu/service/data/YC/B.U2.EUR.4F.G_N_A.SV_C_YM.SR_2Y?format=csvdata&startPeriod=2021-06-16,ok,2026-06-16 04:50:51.494909
EUR,,2Y,2023-08-23,2.934804265,ecb_yield_curve_aaa,YC.B.U2.EUR.4F.G_N_A.SV_C_YM.SR_2Y,https://data-api.ecb.europa.eu/service/data/YC/B.U2.EUR.4F.G_N_A.SV_C_YM.SR_2Y?format=csvdata&startPeriod=2021-06-16,ok,2026-06-16 04:50:51.494909
EUR,,2Y,2023-08-24,2.9513054486,ecb_yield_curve_aaa,YC.B.U2.EUR.4F.G_N_A.SV_C_YM.SR_2Y,https://data-api.ecb.europa.eu/service/data/YC/B.U2.EUR.4F.G_N_A.SV_C_YM.SR_2Y?format=csvdata&startPeriod=2021-06-16,ok,2026-06-16 04:50:51.494909
EUR,,2Y,2023-08-25,2.9918215004,ecb_yield_curve_aaa,YC.B.U2.EUR.4F.G_N_A.SV_C_YM.SR_2Y,https://data-api.ecb.europa.eu/service/data/YC/B.U2.EUR.4F.G_N_A.SV_C_YM.SR_2Y?format=csvdata&startPeriod=2021-06-16,ok,2026-06-16 04:50:51.494909
EUR,,2Y,2023-08-28,3.0095787621,ecb_yield_curve_aaa,YC.B.U2.EUR.4F.G_N_A.SV_C_YM.SR_2Y,https://data-api.ecb.europa.eu/service/data/YC/B.U2.EUR.4F.G_N_A.SV_C_YM.SR_2Y?format=csvdata&startPeriod=2021-06-16,ok,2026-06-16 04:50:51.494909
EUR,,2Y,2023-08-29,3.0461419089,ecb_yield_curve_aaa,YC.B.U2.EUR.4F.G_N_A.SV_C_YM.SR_2Y,https://data-api.ecb.europa.eu/service/data/YC/B.U2.EUR.4F.G_N_A.SV_C_YM.SR_2Y?format=csvdata&startPeriod=2021-06-16,ok,2026-06-16 04:50:51.494909
EUR,,2Y,2023-08-30,3.0078964075,ecb_yield_curve_aaa,YC.B.U2.EUR.4F.G_N_A.SV_C_YM.SR_2Y,https://data-api.ecb.europa.eu/service/data/YC/B.U2.EUR.4F.G_N_A.SV_C_YM.SR_2Y?format=csvdata&startPeriod=2021-06-16,ok,2026-06-16 04:50:51.494909
EUR,,2Y,2023-08-31,2.9548772685,ecb_yield_curve_aaa,YC.B.U2.EUR.4F.G_N_A.SV_C_YM.SR_2Y,https://data-api.ecb.europa.eu/service/data/YC/B.U2.EUR.4F.G_N_A.SV_C_YM.SR_2Y?format=csvdata&startPeriod=2021-06-16,ok,2026-06-16 04:50:51.494909
EUR,,2Y,2023-09-01,2.9158876556,ecb_yield_curve_aaa,YC.B.U2.EUR.4F.G_N_A.SV_C_YM.SR_2Y,https://data-api.ecb.europa.eu/service/data/YC/B.U2.EUR.4F.G_N_A.SV_C_YM.SR_2Y?format=csvdata&startPeriod=2021-06-16,ok,2026-06-16 04:50:51.494909
EUR,,2Y,2023-09-04,2.96216615,ecb_yield_curve_aaa,YC.B.U2.EUR.4F.G_N_A.SV_C_YM.SR_2Y,https://data-api.ecb.europa.eu/service/data/YC/B.U2.EUR.4F.G_N_A.SV_C_YM.SR_2Y?format=csvdata&startPeriod=2021-06-16,ok,2026-06-16 04:50:51.494909
EUR,,2Y,2023-09-05,2.9756205578,ecb_yield_curve_aaa,YC.B.U2.EUR.4F.G_N_A.SV_C_YM.SR_2Y,https://data-api.ecb.europa.eu/service/data/YC/B.U2.EUR.4F.G_N_A.SV_C_YM.SR_2Y?format=csvdata&startPeriod=2021-06-16,ok,2026-06-16 04:50:51.494909
EUR,,2Y,2023-09-06,3.0172667986,ecb_yield_curve_aaa,YC.B.U2.EUR.4F.G_N_A.SV_C_YM.SR_2Y,https://data-api.ecb.europa.eu/service/data/YC/B.U2.EUR.4F.G_N_A.SV_C_YM.SR_2Y?format=csvdata&startPeriod=2021-06-16,ok,2026-06-16 04:50:51.494909
EUR,,2Y,2023-09-07,3.0539134053,ecb_yield_curve_aaa,YC.B.U2.EUR.4F.G_N_A.SV_C_YM.SR_2Y,https://data-api.ecb.europa.eu/service/data/YC/B.U2.EUR.4F.G_N_A.SV_C_YM.SR_2Y?format=csvdata&startPeriod=2021-06-16,ok,2026-06-16 04:50:51.494909
EUR,,2Y,2023-09-08,3.0298050404,ecb_yield_curve_aaa,YC.B.U2.EUR.4F.G_N_A.SV_C_YM.SR_2Y,https://data-api.ecb.europa.eu/service/data/YC/B.U2.EUR.4F.G_N_A.SV_C_YM.SR_2Y?format=csvdata&startPeriod=2021-06-16,ok,2026-06-16 04:50:51.494909
EUR,,2Y,2023-09-11,3.0247079348,ecb_yield_curve_aaa,YC.B.U2.EUR.4F.G_N_A.SV_C_YM.SR_2Y,https://data-api.ecb.europa.eu/service/data/YC/B.U2.EUR.4F.G_N_A.SV_C_YM.SR_2Y?format=csvdata&startPeriod=2021-06-16,ok,2026-06-16 04:50:51.494909
EUR,,2Y,2023-09-12,3.0456917307,ecb_yield_curve_aaa,YC.B.U2.EUR.4F.G_N_A.SV_C_YM.SR_2Y,https://data-api.ecb.europa.eu/service/data/YC/B.U2.EUR.4F.G_N_A.SV_C_YM.SR_2Y?format=csvdata&startPeriod=2021-06-16,ok,2026-06-16 04:50:51.494909
EUR,,2Y,2023-09-13,3.0857729928,ecb_yield_curve_aaa,YC.B.U2.EUR.4F.G_N_A.SV_C_YM.SR_2Y,https://data-api.ecb.europa.eu/service/data/YC/B.U2.EUR.4F.G_N_A.SV_C_YM.SR_2Y?format=csvdata&startPeriod=2021-06-16,ok,2026-06-16 04:50:51.494909
EUR,,2Y,2023-09-14,3.0858386268,ecb_yield_curve_aaa,YC.B.U2.EUR.4F.G_N_A.SV_C_YM.SR_2Y,https://data-api.ecb.europa.eu/service/data/YC/B.U2.EUR.4F.G_N_A.SV_C_YM.SR_2Y?format=csvdata&startPeriod=2021-06-16,ok,2026-06-16 04:50:51.494909
EUR,,2Y,2023-09-15,3.1408985551,ecb_yield_curve_aaa,YC.B.U2.EUR.4F.G_N_A.SV_C_YM.SR_2Y,https://data-api.ecb.europa.eu/service/data/YC/B.U2.EUR.4F.G_N_A.SV_C_YM.SR_2Y?format=csvdata&startPeriod=2021-06-16,ok,2026-06-16 04:50:51.494909
EUR,,2Y,2023-09-18,3.1933303353,ecb_yield_curve_aaa,YC.B.U2.EUR.4F.G_N_A.SV_C_YM.SR_2Y,https://data-api.ecb.europa.eu/service/data/YC/B.U2.EUR.4F.G_N_A.SV_C_YM.SR_2Y?format=csvdata&startPeriod=2021-06-16,ok,2026-06-16 04:50:51.494909
EUR,,2Y,2023-09-19,3.2157679102,ecb_yield_curve_aaa,YC.B.U2.EUR.4F.G_N_A.SV_C_YM.SR_2Y,https://data-api.ecb.europa.eu/service/data/YC/B.U2.EUR.4F.G_N_A.SV_C_YM.SR_2Y?format=csvdata&startPeriod=2021-06-16,ok,2026-06-16 04:50:51.494909
EUR,,2Y,2023-09-20,3.1974932651,ecb_yield_curve_aaa,YC.B.U2.EUR.4F.G_N_A.SV_C_YM.SR_2Y,https://data-api.ecb.europa.eu/service/data/YC/B.U2.EUR.4F.G_N_A.SV_C_YM.SR_2Y?format=csvdata&startPeriod=2021-06-16,ok,2026-06-16 04:50:51.494909
EUR,,2Y,2023-09-21,3.2096075111,ecb_yield_curve_aaa,YC.B.U2.EUR.4F.G_N_A.SV_C_YM.SR_2Y,https://data-api.ecb.europa.eu/service/data/YC/B.U2.EUR.4F.G_N_A.SV_C_YM.SR_2Y?format=csvdata&startPeriod=2021-06-16,ok,2026-06-16 04:50:51.494909
EUR,,2Y,2023-09-22,3.1857524853,ecb_yield_curve_aaa,YC.B.U2.EUR.4F.G_N_A.SV_C_YM.SR_2Y,https://data-api.ecb.europa.eu/service/data/YC/B.U2.EUR.4F.G_N_A.SV_C_YM.SR_2Y?format=csvdata&startPeriod=2021-06-16,ok,2026-06-16 04:50:51.494909
EUR,,2Y,2023-09-25,3.1999134289,ecb_yield_curve_aaa,YC.B.U2.EUR.4F.G_N_A.SV_C_YM.SR_2Y,https://data-api.ecb.europa.eu/service/data/YC/B.U2.EUR.4F.G_N_A.SV_C_YM.SR_2Y?format=csvdata&startPeriod=2021-06-16,ok,2026-06-16 04:50:51.494909
EUR,,2Y,2023-09-26,3.1883778339,ecb_yield_curve_aaa,YC.B.U2.EUR.4F.G_N_A.SV_C_YM.SR_2Y,https://data-api.ecb.europa.eu/service/data/YC/B.U2.EUR.4F.G_N_A.SV_C_YM.SR_2Y?format=csvdata&startPeriod=2021-06-16,ok,2026-06-16 04:50:51.494909
EUR,,2Y,2023-09-27,3.1735727157,ecb_yield_curve_aaa,YC.B.U2.EUR.4F.G_N_A.SV_C_YM.SR_2Y,https://data-api.ecb.europa.eu/service/data/YC/B.U2.EUR.4F.G_N_A.SV_C_YM.SR_2Y?format=csvdata&startPeriod=2021-06-16,ok,2026-06-16 04:50:51.494909
EUR,,2Y,2023-09-28,3.2565522841,ecb_yield_curve_aaa,YC.B.U2.EUR.4F.G_N_A.SV_C_YM.SR_2Y,https://data-api.ecb.europa.eu/service/data/YC/B.U2.EUR.4F.G_N_A.SV_C_YM.SR_2Y?format=csvdata&startPeriod=2021-06-16,ok,2026-06-16 04:50:51.494909
EUR,,2Y,2023-09-29,3.1572218833,ecb_yield_curve_aaa,YC.B.U2.EUR.4F.G_N_A.SV_C_YM.SR_2Y,https://data-api.ecb.europa.eu/service/data/YC/B.U2.EUR.4F.G_N_A.SV_C_YM.SR_2Y?format=csvdata&startPeriod=2021-06-16,ok,2026-06-16 04:50:51.494909
EUR,,2Y,2023-10-02,3.1711296866,ecb_yield_curve_aaa,YC.B.U2.EUR.4F.G_N_A.SV_C_YM.SR_2Y,https://data-api.ecb.europa.eu/service/data/YC/B.U2.EUR.4F.G_N_A.SV_C_YM.SR_2Y?format=csvdata&startPeriod=2021-06-16,ok,2026-06-16 04:50:51.494909
EUR,,2Y,2023-10-03,3.1649616523,ecb_yield_curve_aaa,YC.B.U2.EUR.4F.G_N_A.SV_C_YM.SR_2Y,https://data-api.ecb.europa.eu/service/data/YC/B.U2.EUR.4F.G_N_A.SV_C_YM.SR_2Y?format=csvdata&startPeriod=2021-06-16,ok,2026-06-16 04:50:51.494909
EUR,,2Y,2023-10-04,3.1955840764,ecb_yield_curve_aaa,YC.B.U2.EUR.4F.G_N_A.SV_C_YM.SR_2Y,https://data-api.ecb.europa.eu/service/data/YC/B.U2.EUR.4F.G_N_A.SV_C_YM.SR_2Y?format=csvdata&startPeriod=2021-06-16,ok,2026-06-16 04:50:51.494909
EUR,,2Y,2023-10-05,3.1187784649,ecb_yield_curve_aaa,YC.B.U2.EUR.4F.G_N_A.SV_C_YM.SR_2Y,https://data-api.ecb.europa.eu/service/data/YC/B.U2.EUR.4F.G_N_A.SV_C_YM.SR_2Y?format=csvdata&startPeriod=2021-06-16,ok,2026-06-16 04:50:51.494909
EUR,,2Y,2023-10-06,3.1028853198,ecb_yield_curve_aaa,YC.B.U2.EUR.4F.G_N_A.SV_C_YM.SR_2Y,https://data-api.ecb.europa.eu/service/data/YC/B.U2.EUR.4F.G_N_A.SV_C_YM.SR_2Y?format=csvdata&startPeriod=2021-06-16,ok,2026-06-16 04:50:51.494909
EUR,,2Y,2023-10-09,3.0521526217,ecb_yield_curve_aaa,YC.B.U2.EUR.4F.G_N_A.SV_C_YM.SR_2Y,https://data-api.ecb.europa.eu/service/data/YC/B.U2.EUR.4F.G_N_A.SV_C_YM.SR_2Y?format=csvdata&startPeriod=2021-06-16,ok,2026-06-16 04:50:51.494909
EUR,,2Y,2023-10-10,3.0514113255,ecb_yield_curve_aaa,YC.B.U2.EUR.4F.G_N_A.SV_C_YM.SR_2Y,https://data-api.ecb.europa.eu/service/data/YC/B.U2.EUR.4F.G_N_A.SV_C_YM.SR_2Y?format=csvdata&startPeriod=2021-06-16,ok,2026-06-16 04:50:51.494909
EUR,,2Y,2023-10-11,3.0614074113,ecb_yield_curve_aaa,YC.B.U2.EUR.4F.G_N_A.SV_C_YM.SR_2Y,https://data-api.ecb.europa.eu/service/data/YC/B.U2.EUR.4F.G_N_A.SV_C_YM.SR_2Y?format=csvdata&startPeriod=2021-06-16,ok,2026-06-16 04:50:51.494909
EUR,,2Y,2023-10-12,3.0935073995,ecb_yield_curve_aaa,YC.B.U2.EUR.4F.G_N_A.SV_C_YM.SR_2Y,https://data-api.ecb.europa.eu/service/data/YC/B.U2.EUR.4F.G_N_A.SV_C_YM.SR_2Y?format=csvdata&startPeriod=2021-06-16,ok,2026-06-16 04:50:51.494909
EUR,,2Y,2023-10-13,3.0527420436,ecb_yield_curve_aaa,YC.B.U2.EUR.4F.G_N_A.SV_C_YM.SR_2Y,https://data-api.ecb.europa.eu/service/data/YC/B.U2.EUR.4F.G_N_A.SV_C_YM.SR_2Y?format=csvdata&startPeriod=2021-06-16,ok,2026-06-16 04:50:51.494909
EUR,,2Y,2023-10-16,3.08895947,ecb_yield_curve_aaa,YC.B.U2.EUR.4F.G_N_A.SV_C_YM.SR_2Y,https://data-api.ecb.europa.eu/service/data/YC/B.U2.EUR.4F.G_N_A.SV_C_YM.SR_2Y?format=csvdata&startPeriod=2021-06-16,ok,2026-06-16 04:50:51.494909
EUR,,2Y,2023-10-17,3.1621624987,ecb_yield_curve_aaa,YC.B.U2.EUR.4F.G_N_A.SV_C_YM.SR_2Y,https://data-api.ecb.europa.eu/service/data/YC/B.U2.EUR.4F.G_N_A.SV_C_YM.SR_2Y?format=csvdata&startPeriod=2021-06-16,ok,2026-06-16 04:50:51.494909
EUR,,2Y,2023-10-18,3.1703723649,ecb_yield_curve_aaa,YC.B.U2.EUR.4F.G_N_A.SV_C_YM.SR_2Y,https://data-api.ecb.europa.eu/service/data/YC/B.U2.EUR.4F.G_N_A.SV_C_YM.SR_2Y?format=csvdata&startPeriod=2021-06-16,ok,2026-06-16 04:50:51.494909
EUR,,2Y,2023-10-19,3.200917778,ecb_yield_curve_aaa,YC.B.U2.EUR.4F.G_N_A.SV_C_YM.SR_2Y,https://data-api.ecb.europa.eu/service/data/YC/B.U2.EUR.4F.G_N_A.SV_C_YM.SR_2Y?format=csvdata&startPeriod=2021-06-16,ok,2026-06-16 04:50:51.494909
EUR,,2Y,2023-10-20,3.1165339022,ecb_yield_curve_aaa,YC.B.U2.EUR.4F.G_N_A.SV_C_YM.SR_2Y,https://data-api.ecb.europa.eu/service/data/YC/B.U2.EUR.4F.G_N_A.SV_C_YM.SR_2Y?format=csvdata&startPeriod=2021-06-16,ok,2026-06-16 04:50:51.494909
EUR,,2Y,2023-10-23,3.1484631297,ecb_yield_curve_aaa,YC.B.U2.EUR.4F.G_N_A.SV_C_YM.SR_2Y,https://data-api.ecb.europa.eu/service/data/YC/B.U2.EUR.4F.G_N_A.SV_C_YM.SR_2Y?format=csvdata&startPeriod=2021-06-16,ok,2026-06-16 04:50:51.494909
EUR,,2Y,2023-10-24,3.0950318402,ecb_yield_curve_aaa,YC.B.U2.EUR.4F.G_N_A.SV_C_YM.SR_2Y,https://data-api.ecb.europa.eu/service/data/YC/B.U2.EUR.4F.G_N_A.SV_C_YM.SR_2Y?format=csvdata&startPeriod=2021-06-16,ok,2026-06-16 04:50:51.494909
EUR,,2Y,2023-10-25,3.1016687815,ecb_yield_curve_aaa,YC.B.U2.EUR.4F.G_N_A.SV_C_YM.SR_2Y,https://data-api.ecb.europa.eu/service/data/YC/B.U2.EUR.4F.G_N_A.SV_C_YM.SR_2Y?format=csvdata&startPeriod=2021-06-16,ok,2026-06-16 04:50:51.494909
EUR,,2Y,2023-10-26,3.0572836914,ecb_yield_curve_aaa,YC.B.U2.EUR.4F.G_N_A.SV_C_YM.SR_2Y,https://data-api.ecb.europa.eu/service/data/YC/B.U2.EUR.4F.G_N_A.SV_C_YM.SR_2Y?format=csvdata&startPeriod=2021-06-16,ok,2026-06-16 04:50:51.494909
EUR,,2Y,2023-10-27,3.0392520295,ecb_yield_curve_aaa,YC.B.U2.EUR.4F.G_N_A.SV_C_YM.SR_2Y,https://data-api.ecb.europa.eu/service/data/YC/B.U2.EUR.4F.G_N_A.SV_C_YM.SR_2Y?format=csvdata&startPeriod=2021-06-16,ok,2026-06-16 04:50:51.494909
EUR,,2Y,2023-10-30,3.0290351186,ecb_yield_curve_aaa,YC.B.U2.EUR.4F.G_N_A.SV_C_YM.SR_2Y,https://data-api.ecb.europa.eu/service/data/YC/B.U2.EUR.4F.G_N_A.SV_C_YM.SR_2Y?format=csvdata&startPeriod=2021-06-16,ok,2026-06-16 04:50:51.494909
EUR,,2Y,2023-10-31,2.9879266452,ecb_yield_curve_aaa,YC.B.U2.EUR.4F.G_N_A.SV_C_YM.SR_2Y,https://data-api.ecb.europa.eu/service/data/YC/B.U2.EUR.4F.G_N_A.SV_C_YM.SR_2Y?format=csvdata&startPeriod=2021-06-16,ok,2026-06-16 04:50:51.494909
EUR,,2Y,2023-11-01,2.9764181668,ecb_yield_curve_aaa,YC.B.U2.EUR.4F.G_N_A.SV_C_YM.SR_2Y,https://data-api.ecb.europa.eu/service/data/YC/B.U2.EUR.4F.G_N_A.SV_C_YM.SR_2Y?format=csvdata&startPeriod=2021-06-16,ok,2026-06-16 04:50:51.494909
EUR,,2Y,2023-11-02,2.9532301252,ecb_yield_curve_aaa,YC.B.U2.EUR.4F.G_N_A.SV_C_YM.SR_2Y,https://data-api.ecb.europa.eu/service/data/YC/B.U2.EUR.4F.G_N_A.SV_C_YM.SR_2Y?format=csvdata&startPeriod=2021-06-16,ok,2026-06-16 04:50:51.494909
EUR,,2Y,2023-11-03,2.9533432273,ecb_yield_curve_aaa,YC.B.U2.EUR.4F.G_N_A.SV_C_YM.SR_2Y,https://data-api.ecb.europa.eu/service/data/YC/B.U2.EUR.4F.G_N_A.SV_C_YM.SR_2Y?format=csvdata&startPeriod=2021-06-16,ok,2026-06-16 04:50:51.494909
EUR,,2Y,2023-11-06,3.0049265289,ecb_yield_curve_aaa,YC.B.U2.EUR.4F.G_N_A.SV_C_YM.SR_2Y,https://data-api.ecb.europa.eu/service/data/YC/B.U2.EUR.4F.G_N_A.SV_C_YM.SR_2Y?format=csvdata&startPeriod=2021-06-16,ok,2026-06-16 04:50:51.494909
EUR,,2Y,2023-11-07,3.0134784955,ecb_yield_curve_aaa,YC.B.U2.EUR.4F.G_N_A.SV_C_YM.SR_2Y,https://data-api.ecb.europa.eu/service/data/YC/B.U2.EUR.4F.G_N_A.SV_C_YM.SR_2Y?format=csvdata&startPeriod=2021-06-16,ok,2026-06-16 04:50:51.494909
EUR,,2Y,2023-11-08,2.9855487514,ecb_yield_curve_aaa,YC.B.U2.EUR.4F.G_N_A.SV_C_YM.SR_2Y,https://data-api.ecb.europa.eu/service/data/YC/B.U2.EUR.4F.G_N_A.SV_C_YM.SR_2Y?format=csvdata&startPeriod=2021-06-16,ok,2026-06-16 04:50:51.494909
EUR,,2Y,2023-11-09,3.0000366509,ecb_yield_curve_aaa,YC.B.U2.EUR.4F.G_N_A.SV_C_YM.SR_2Y,https://data-api.ecb.europa.eu/service/data/YC/B.U2.EUR.4F.G_N_A.SV_C_YM.SR_2Y?format=csvdata&startPeriod=2021-06-16,ok,2026-06-16 04:50:51.494909
EUR,,2Y,2023-11-10,3.0472267959,ecb_yield_curve_aaa,YC.B.U2.EUR.4F.G_N_A.SV_C_YM.SR_2Y,https://data-api.ecb.europa.eu/service/data/YC/B.U2.EUR.4F.G_N_A.SV_C_YM.SR_2Y?format=csvdata&startPeriod=2021-06-16,ok,2026-06-16 04:50:51.494909
EUR,,2Y,2023-11-13,3.0713345527,ecb_yield_curve_aaa,YC.B.U2.EUR.4F.G_N_A.SV_C_YM.SR_2Y,https://data-api.ecb.europa.eu/service/data/YC/B.U2.EUR.4F.G_N_A.SV_C_YM.SR_2Y?format=csvdata&startPeriod=2021-06-16,ok,2026-06-16 04:50:51.494909
EUR,,2Y,2023-11-14,3.0162404941,ecb_yield_curve_aaa,YC.B.U2.EUR.4F.G_N_A.SV_C_YM.SR_2Y,https://data-api.ecb.europa.eu/service/data/YC/B.U2.EUR.4F.G_N_A.SV_C_YM.SR_2Y?format=csvdata&startPeriod=2021-06-16,ok,2026-06-16 04:50:51.494909
EUR,,2Y,2023-11-15,2.9767360733,ecb_yield_curve_aaa,YC.B.U2.EUR.4F.G_N_A.SV_C_YM.SR_2Y,https://data-api.ecb.europa.eu/service/data/YC/B.U2.EUR.4F.G_N_A.SV_C_YM.SR_2Y?format=csvdata&startPeriod=2021-06-16,ok,2026-06-16 04:50:51.494909
EUR,,2Y,2023-11-16,2.9380674081,ecb_yield_curve_aaa,YC.B.U2.EUR.4F.G_N_A.SV_C_YM.SR_2Y,https://data-api.ecb.europa.eu/service/data/YC/B.U2.EUR.4F.G_N_A.SV_C_YM.SR_2Y?format=csvdata&startPeriod=2021-06-16,ok,2026-06-16 04:50:51.494909
EUR,,2Y,2023-11-17,2.9253266084,ecb_yield_curve_aaa,YC.B.U2.EUR.4F.G_N_A.SV_C_YM.SR_2Y,https://data-api.ecb.europa.eu/service/data/YC/B.U2.EUR.4F.G_N_A.SV_C_YM.SR_2Y?format=csvdata&startPeriod=2021-06-16,ok,2026-06-16 04:50:51.494909
EUR,,2Y,2023-11-20,2.9716816978,ecb_yield_curve_aaa,YC.B.U2.EUR.4F.G_N_A.SV_C_YM.SR_2Y,https://data-api.ecb.europa.eu/service/data/YC/B.U2.EUR.4F.G_N_A.SV_C_YM.SR_2Y?format=csvdata&startPeriod=2021-06-16,ok,2026-06-16 04:50:51.494909
EUR,,2Y,2023-11-21,2.9623133778,ecb_yield_curve_aaa,YC.B.U2.EUR.4F.G_N_A.SV_C_YM.SR_2Y,https://data-api.ecb.europa.eu/service/data/YC/B.U2.EUR.4F.G_N_A.SV_C_YM.SR_2Y?format=csvdata&startPeriod=2021-06-16,ok,2026-06-16 04:50:51.494909
EUR,,2Y,2023-11-22,2.9477727578,ecb_yield_curve_aaa,YC.B.U2.EUR.4F.G_N_A.SV_C_YM.SR_2Y,https://data-api.ecb.europa.eu/service/data/YC/B.U2.EUR.4F.G_N_A.SV_C_YM.SR_2Y?format=csvdata&startPeriod=2021-06-16,ok,2026-06-16 04:50:51.494909
EUR,,2Y,2023-11-23,2.9941343536,ecb_yield_curve_aaa,YC.B.U2.EUR.4F.G_N_A.SV_C_YM.SR_2Y,https://data-api.ecb.europa.eu/service/data/YC/B.U2.EUR.4F.G_N_A.SV_C_YM.SR_2Y?format=csvdata&startPeriod=2021-06-16,ok,2026-06-16 04:50:51.494909
EUR,,2Y,2023-11-24,3.0207169197,ecb_yield_curve_aaa,YC.B.U2.EUR.4F.G_N_A.SV_C_YM.SR_2Y,https://data-api.ecb.europa.eu/service/data/YC/B.U2.EUR.4F.G_N_A.SV_C_YM.SR_2Y?format=csvdata&startPeriod=2021-06-16,ok,2026-06-16 04:50:51.494909
EUR,,2Y,2023-11-27,2.9748875466,ecb_yield_curve_aaa,YC.B.U2.EUR.4F.G_N_A.SV_C_YM.SR_2Y,https://data-api.ecb.europa.eu/service/data/YC/B.U2.EUR.4F.G_N_A.SV_C_YM.SR_2Y?format=csvdata&startPeriod=2021-06-16,ok,2026-06-16 04:50:51.494909
EUR,,2Y,2023-11-28,2.9113210465,ecb_yield_curve_aaa,YC.B.U2.EUR.4F.G_N_A.SV_C_YM.SR_2Y,https://data-api.ecb.europa.eu/service/data/YC/B.U2.EUR.4F.G_N_A.SV_C_YM.SR_2Y?format=csvdata&startPeriod=2021-06-16,ok,2026-06-16 04:50:51.494909
EUR,,2Y,2023-11-29,2.7922998704,ecb_yield_curve_aaa,YC.B.U2.EUR.4F.G_N_A.SV_C_YM.SR_2Y,https://data-api.ecb.europa.eu/service/data/YC/B.U2.EUR.4F.G_N_A.SV_C_YM.SR_2Y?format=csvdata&startPeriod=2021-06-16,ok,2026-06-16 04:50:51.494909
EUR,,2Y,2023-11-30,2.8061242815,ecb_yield_curve_aaa,YC.B.U2.EUR.4F.G_N_A.SV_C_YM.SR_2Y,https://data-api.ecb.europa.eu/service/data/YC/B.U2.EUR.4F.G_N_A.SV_C_YM.SR_2Y?format=csvdata&startPeriod=2021-06-16,ok,2026-06-16 04:50:51.494909
EUR,,2Y,2023-12-01,2.7018369649,ecb_yield_curve_aaa,YC.B.U2.EUR.4F.G_N_A.SV_C_YM.SR_2Y,https://data-api.ecb.europa.eu/service/data/YC/B.U2.EUR.4F.G_N_A.SV_C_YM.SR_2Y?format=csvdata&startPeriod=2021-06-16,ok,2026-06-16 04:50:51.494909
EUR,,2Y,2023-12-04,2.6382268674,ecb_yield_curve_aaa,YC.B.U2.EUR.4F.G_N_A.SV_C_YM.SR_2Y,https://data-api.ecb.europa.eu/service/data/YC/B.U2.EUR.4F.G_N_A.SV_C_YM.SR_2Y?format=csvdata&startPeriod=2021-06-16,ok,2026-06-16 04:50:51.494909
EUR,,2Y,2023-12-05,2.6304272202,ecb_yield_curve_aaa,YC.B.U2.EUR.4F.G_N_A.SV_C_YM.SR_2Y,https://data-api.ecb.europa.eu/service/data/YC/B.U2.EUR.4F.G_N_A.SV_C_YM.SR_2Y?format=csvdata&startPeriod=2021-06-16,ok,2026-06-16 04:50:51.494909
EUR,,2Y,2023-12-06,2.6400281518,ecb_yield_curve_aaa,YC.B.U2.EUR.4F.G_N_A.SV_C_YM.SR_2Y,https://data-api.ecb.europa.eu/service/data/YC/B.U2.EUR.4F.G_N_A.SV_C_YM.SR_2Y?format=csvdata&startPeriod=2021-06-16,ok,2026-06-16 04:50:51.494909
EUR,,2Y,2023-12-07,2.6109618289,ecb_yield_curve_aaa,YC.B.U2.EUR.4F.G_N_A.SV_C_YM.SR_2Y,https://data-api.ecb.europa.eu/service/data/YC/B.U2.EUR.4F.G_N_A.SV_C_YM.SR_2Y?format=csvdata&startPeriod=2021-06-16,ok,2026-06-16 04:50:51.494909
EUR,,2Y,2023-12-08,2.6870166383,ecb_yield_curve_aaa,YC.B.U2.EUR.4F.G_N_A.SV_C_YM.SR_2Y,https://data-api.ecb.europa.eu/service/data/YC/B.U2.EUR.4F.G_N_A.SV_C_YM.SR_2Y?format=csvdata&startPeriod=2021-06-16,ok,2026-06-16 04:50:51.494909
EUR,,2Y,2023-12-11,2.6808021842,ecb_yield_curve_aaa,YC.B.U2.EUR.4F.G_N_A.SV_C_YM.SR_2Y,https://data-api.ecb.europa.eu/service/data/YC/B.U2.EUR.4F.G_N_A.SV_C_YM.SR_2Y?format=csvdata&startPeriod=2021-06-16,ok,2026-06-16 04:50:51.494909
EUR,,2Y,2023-12-12,2.6846527347,ecb_yield_curve_aaa,YC.B.U2.EUR.4F.G_N_A.SV_C_YM.SR_2Y,https://data-api.ecb.europa.eu/service/data/YC/B.U2.EUR.4F.G_N_A.SV_C_YM.SR_2Y?format=csvdata&startPeriod=2021-06-16,ok,2026-06-16 04:50:51.494909
EUR,,2Y,2023-12-13,2.6676521659,ecb_yield_curve_aaa,YC.B.U2.EUR.4F.G_N_A.SV_C_YM.SR_2Y,https://data-api.ecb.europa.eu/service/data/YC/B.U2.EUR.4F.G_N_A.SV_C_YM.SR_2Y?format=csvdata&startPeriod=2021-06-16,ok,2026-06-16 04:50:51.494909
EUR,,2Y,2023-12-14,2.5793904722,ecb_yield_curve_aaa,YC.B.U2.EUR.4F.G_N_A.SV_C_YM.SR_2Y,https://data-api.ecb.europa.eu/service/data/YC/B.U2.EUR.4F.G_N_A.SV_C_YM.SR_2Y?format=csvdata&startPeriod=2021-06-16,ok,2026-06-16 04:50:51.494909
EUR,,2Y,2023-12-15,2.5667243104,ecb_yield_curve_aaa,YC.B.U2.EUR.4F.G_N_A.SV_C_YM.SR_2Y,https://data-api.ecb.europa.eu/service/data/YC/B.U2.EUR.4F.G_N_A.SV_C_YM.SR_2Y?format=csvdata&startPeriod=2021-06-16,ok,2026-06-16 04:50:51.494909
EUR,,2Y,2023-12-18,2.5722233274,ecb_yield_curve_aaa,YC.B.U2.EUR.4F.G_N_A.SV_C_YM.SR_2Y,https://data-api.ecb.europa.eu/service/data/YC/B.U2.EUR.4F.G_N_A.SV_C_YM.SR_2Y?format=csvdata&startPeriod=2021-06-16,ok,2026-06-16 04:50:51.494909
EUR,,2Y,2023-12-19,2.5350216439,ecb_yield_curve_aaa,YC.B.U2.EUR.4F.G_N_A.SV_C_YM.SR_2Y,https://data-api.ecb.europa.eu/service/data/YC/B.U2.EUR.4F.G_N_A.SV_C_YM.SR_2Y?format=csvdata&startPeriod=2021-06-16,ok,2026-06-16 04:50:51.494909
EUR,,2Y,2023-12-20,2.5144620976,ecb_yield_curve_aaa,YC.B.U2.EUR.4F.G_N_A.SV_C_YM.SR_2Y,https://data-api.ecb.europa.eu/service/data/YC/B.U2.EUR.4F.G_N_A.SV_C_YM.SR_2Y?format=csvdata&startPeriod=2021-06-16,ok,2026-06-16 04:50:51.494909
EUR,,2Y,2023-12-21,2.4790505151,ecb_yield_curve_aaa,YC.B.U2.EUR.4F.G_N_A.SV_C_YM.SR_2Y,https://data-api.ecb.europa.eu/service/data/YC/B.U2.EUR.4F.G_N_A.SV_C_YM.SR_2Y?format=csvdata&startPeriod=2021-06-16,ok,2026-06-16 04:50:51.494909
EUR,,2Y,2023-12-22,2.4243853894,ecb_yield_curve_aaa,YC.B.U2.EUR.4F.G_N_A.SV_C_YM.SR_2Y,https://data-api.ecb.europa.eu/service/data/YC/B.U2.EUR.4F.G_N_A.SV_C_YM.SR_2Y?format=csvdata&startPeriod=2021-06-16,ok,2026-06-16 04:50:51.494909
EUR,,2Y,2023-12-27,2.424210111,ecb_yield_curve_aaa,YC.B.U2.EUR.4F.G_N_A.SV_C_YM.SR_2Y,https://data-api.ecb.europa.eu/service/data/YC/B.U2.EUR.4F.G_N_A.SV_C_YM.SR_2Y?format=csvdata&startPeriod=2021-06-16,ok,2026-06-16 04:50:51.494909
EUR,,2Y,2023-12-28,2.4143239472,ecb_yield_curve_aaa,YC.B.U2.EUR.4F.G_N_A.SV_C_YM.SR_2Y,https://data-api.ecb.europa.eu/service/data/YC/B.U2.EUR.4F.G_N_A.SV_C_YM.SR_2Y?format=csvdata&startPeriod=2021-06-16,ok,2026-06-16 04:50:51.494909
EUR,,2Y,2023-12-29,2.4363455063,ecb_yield_curve_aaa,YC.B.U2.EUR.4F.G_N_A.SV_C_YM.SR_2Y,https://data-api.ecb.europa.eu/service/data/YC/B.U2.EUR.4F.G_N_A.SV_C_YM.SR_2Y?format=csvdata&startPeriod=2021-06-16,ok,2026-06-16 04:50:51.494909
EUR,,2Y,2024-01-02,2.4381982119,ecb_yield_curve_aaa,YC.B.U2.EUR.4F.G_N_A.SV_C_YM.SR_2Y,https://data-api.ecb.europa.eu/service/data/YC/B.U2.EUR.4F.G_N_A.SV_C_YM.SR_2Y?format=csvdata&startPeriod=2021-06-16,ok,2026-06-16 04:50:51.494909
EUR,,2Y,2024-01-03,2.4464644861,ecb_yield_curve_aaa,YC.B.U2.EUR.4F.G_N_A.SV_C_YM.SR_2Y,https://data-api.ecb.europa.eu/service/data/YC/B.U2.EUR.4F.G_N_A.SV_C_YM.SR_2Y?format=csvdata&startPeriod=2021-06-16,ok,2026-06-16 04:50:51.494909
EUR,,2Y,2024-01-04,2.4951679082,ecb_yield_curve_aaa,YC.B.U2.EUR.4F.G_N_A.SV_C_YM.SR_2Y,https://data-api.ecb.europa.eu/service/data/YC/B.U2.EUR.4F.G_N_A.SV_C_YM.SR_2Y?format=csvdata&startPeriod=2021-06-16,ok,2026-06-16 04:50:51.494909
EUR,,2Y,2024-01-05,2.57754173,ecb_yield_curve_aaa,YC.B.U2.EUR.4F.G_N_A.SV_C_YM.SR_2Y,https://data-api.ecb.europa.eu/service/data/YC/B.U2.EUR.4F.G_N_A.SV_C_YM.SR_2Y?format=csvdata&startPeriod=2021-06-16,ok,2026-06-16 04:50:51.494909
EUR,,2Y,2024-01-08,2.5624614331,ecb_yield_curve_aaa,YC.B.U2.EUR.4F.G_N_A.SV_C_YM.SR_2Y,https://data-api.ecb.europa.eu/service/data/YC/B.U2.EUR.4F.G_N_A.SV_C_YM.SR_2Y?format=csvdata&startPeriod=2021-06-16,ok,2026-06-16 04:50:51.494909
EUR,,2Y,2024-01-09,2.5599655325,ecb_yield_curve_aaa,YC.B.U2.EUR.4F.G_N_A.SV_C_YM.SR_2Y,https://data-api.ecb.europa.eu/service/data/YC/B.U2.EUR.4F.G_N_A.SV_C_YM.SR_2Y?format=csvdata&startPeriod=2021-06-16,ok,2026-06-16 04:50:51.494909
EUR,,2Y,2024-01-10,2.5780494152,ecb_yield_curve_aaa,YC.B.U2.EUR.4F.G_N_A.SV_C_YM.SR_2Y,https://data-api.ecb.europa.eu/service/data/YC/B.U2.EUR.4F.G_N_A.SV_C_YM.SR_2Y?format=csvdata&startPeriod=2021-06-16,ok,2026-06-16 04:50:51.494909
EUR,,2Y,2024-01-11,2.5647437386,ecb_yield_curve_aaa,YC.B.U2.EUR.4F.G_N_A.SV_C_YM.SR_2Y,https://data-api.ecb.europa.eu/service/data/YC/B.U2.EUR.4F.G_N_A.SV_C_YM.SR_2Y?format=csvdata&startPeriod=2021-06-16,ok,2026-06-16 04:50:51.494909
EUR,,2Y,2024-01-12,2.5251907164,ecb_yield_curve_aaa,YC.B.U2.EUR.4F.G_N_A.SV_C_YM.SR_2Y,https://data-api.ecb.europa.eu/service/data/YC/B.U2.EUR.4F.G_N_A.SV_C_YM.SR_2Y?format=csvdata&startPeriod=2021-06-16,ok,2026-06-16 04:50:51.494909
EUR,,2Y,2024-01-15,2.5544563312,ecb_yield_curve_aaa,YC.B.U2.EUR.4F.G_N_A.SV_C_YM.SR_2Y,https://data-api.ecb.europa.eu/service/data/YC/B.U2.EUR.4F.G_N_A.SV_C_YM.SR_2Y?format=csvdata&startPeriod=2021-06-16,ok,2026-06-16 04:50:51.494909
EUR,,2Y,2024-01-16,2.5579114471,ecb_yield_curve_aaa,YC.B.U2.EUR.4F.G_N_A.SV_C_YM.SR_2Y,https://data-api.ecb.europa.eu/service/data/YC/B.U2.EUR.4F.G_N_A.SV_C_YM.SR_2Y?format=csvdata&startPeriod=2021-06-16,ok,2026-06-16 04:50:51.494909
EUR,,2Y,2024-01-17,2.6661449844,ecb_yield_curve_aaa,YC.B.U2.EUR.4F.G_N_A.SV_C_YM.SR_2Y,https://data-api.ecb.europa.eu/service/data/YC/B.U2.EUR.4F.G_N_A.SV_C_YM.SR_2Y?format=csvdata&startPeriod=2021-06-16,ok,2026-06-16 04:50:51.494909
EUR,,2Y,2024-01-18,2.6768131019,ecb_yield_curve_aaa,YC.B.U2.EUR.4F.G_N_A.SV_C_YM.SR_2Y,https://data-api.ecb.europa.eu/service/data/YC/B.U2.EUR.4F.G_N_A.SV_C_YM.SR_2Y?format=csvdata&startPeriod=2021-06-16,ok,2026-06-16 04:50:51.494909
EUR,,2Y,2024-01-19,2.6601461212,ecb_yield_curve_aaa,YC.B.U2.EUR.4F.G_N_A.SV_C_YM.SR_2Y,https://data-api.ecb.europa.eu/service/data/YC/B.U2.EUR.4F.G_N_A.SV_C_YM.SR_2Y?format=csvdata&startPeriod=2021-06-16,ok,2026-06-16 04:50:51.494909
EUR,,2Y,2024-01-22,2.6444992404,ecb_yield_curve_aaa,YC.B.U2.EUR.4F.G_N_A.SV_C_YM.SR_2Y,https://data-api.ecb.europa.eu/service/data/YC/B.U2.EUR.4F.G_N_A.SV_C_YM.SR_2Y?format=csvdata&startPeriod=2021-06-16,ok,2026-06-16 04:50:51.494909
EUR,,2Y,2024-01-23,2.6721226703,ecb_yield_curve_aaa,YC.B.U2.EUR.4F.G_N_A.SV_C_YM.SR_2Y,https://data-api.ecb.europa.eu/service/data/YC/B.U2.EUR.4F.G_N_A.SV_C_YM.SR_2Y?format=csvdata&startPeriod=2021-06-16,ok,2026-06-16 04:50:51.494909
EUR,,2Y,2024-01-24,2.663037387,ecb_yield_curve_aaa,YC.B.U2.EUR.4F.G_N_A.SV_C_YM.SR_2Y,https://data-api.ecb.europa.eu/service/data/YC/B.U2.EUR.4F.G_N_A.SV_C_YM.SR_2Y?format=csvdata&startPeriod=2021-06-16,ok,2026-06-16 04:50:51.494909
EUR,,2Y,2024-01-25,2.5950024031,ecb_yield_curve_aaa,YC.B.U2.EUR.4F.G_N_A.SV_C_YM.SR_2Y,https://data-api.ecb.europa.eu/service/data/YC/B.U2.EUR.4F.G_N_A.SV_C_YM.SR_2Y?format=csvdata&startPeriod=2021-06-16,ok,2026-06-16 04:50:51.494909
EUR,,2Y,2024-01-26,2.5873884106,ecb_yield_curve_aaa,YC.B.U2.EUR.4F.G_N_A.SV_C_YM.SR_2Y,https://data-api.ecb.europa.eu/service/data/YC/B.U2.EUR.4F.G_N_A.SV_C_YM.SR_2Y?format=csvdata&startPeriod=2021-06-16,ok,2026-06-16 04:50:51.494909
EUR,,2Y,2024-01-29,2.530533517,ecb_yield_curve_aaa,YC.B.U2.EUR.4F.G_N_A.SV_C_YM.SR_2Y,https://data-api.ecb.europa.eu/service/data/YC/B.U2.EUR.4F.G_N_A.SV_C_YM.SR_2Y?format=csvdata&startPeriod=2021-06-16,ok,2026-06-16 04:50:51.494909
EUR,,2Y,2024-01-30,2.5229616619,ecb_yield_curve_aaa,YC.B.U2.EUR.4F.G_N_A.SV_C_YM.SR_2Y,https://data-api.ecb.europa.eu/service/data/YC/B.U2.EUR.4F.G_N_A.SV_C_YM.SR_2Y?format=csvdata&startPeriod=2021-06-16,ok,2026-06-16 04:50:51.494909
EUR,,2Y,2024-01-31,2.4737329487,ecb_yield_curve_aaa,YC.B.U2.EUR.4F.G_N_A.SV_C_YM.SR_2Y,https://data-api.ecb.europa.eu/service/data/YC/B.U2.EUR.4F.G_N_A.SV_C_YM.SR_2Y?format=csvdata&startPeriod=2021-06-16,ok,2026-06-16 04:50:51.494909
EUR,,2Y,2024-02-01,2.4718578156,ecb_yield_curve_aaa,YC.B.U2.EUR.4F.G_N_A.SV_C_YM.SR_2Y,https://data-api.ecb.europa.eu/service/data/YC/B.U2.EUR.4F.G_N_A.SV_C_YM.SR_2Y?format=csvdata&startPeriod=2021-06-16,ok,2026-06-16 04:50:51.494909
EUR,,2Y,2024-02-02,2.5665608501,ecb_yield_curve_aaa,YC.B.U2.EUR.4F.G_N_A.SV_C_YM.SR_2Y,https://data-api.ecb.europa.eu/service/data/YC/B.U2.EUR.4F.G_N_A.SV_C_YM.SR_2Y?format=csvdata&startPeriod=2021-06-16,ok,2026-06-16 04:50:51.494909
EUR,,2Y,2024-02-05,2.6225322873,ecb_yield_curve_aaa,YC.B.U2.EUR.4F.G_N_A.SV_C_YM.SR_2Y,https://data-api.ecb.europa.eu/service/data/YC/B.U2.EUR.4F.G_N_A.SV_C_YM.SR_2Y?format=csvdata&startPeriod=2021-06-16,ok,2026-06-16 04:50:51.494909
EUR,,2Y,2024-02-06,2.6304437348,ecb_yield_curve_aaa,YC.B.U2.EUR.4F.G_N_A.SV_C_YM.SR_2Y,https://data-api.ecb.europa.eu/service/data/YC/B.U2.EUR.4F.G_N_A.SV_C_YM.SR_2Y?format=csvdata&startPeriod=2021-06-16,ok,2026-06-16 04:50:51.494909
EUR,,2Y,2024-02-07,2.6142635533,ecb_yield_curve_aaa,YC.B.U2.EUR.4F.G_N_A.SV_C_YM.SR_2Y,https://data-api.ecb.europa.eu/service/data/YC/B.U2.EUR.4F.G_N_A.SV_C_YM.SR_2Y?format=csvdata&startPeriod=2021-06-16,ok,2026-06-16 04:50:51.494909
EUR,,2Y,2024-02-08,2.6703657991,ecb_yield_curve_aaa,YC.B.U2.EUR.4F.G_N_A.SV_C_YM.SR_2Y,https://data-api.ecb.europa.eu/service/data/YC/B.U2.EUR.4F.G_N_A.SV_C_YM.SR_2Y?format=csvdata&startPeriod=2021-06-16,ok,2026-06-16 04:50:51.494909
EUR,,2Y,2024-02-09,2.7200920439,ecb_yield_curve_aaa,YC.B.U2.EUR.4F.G_N_A.SV_C_YM.SR_2Y,https://data-api.ecb.europa.eu/service/data/YC/B.U2.EUR.4F.G_N_A.SV_C_YM.SR_2Y?format=csvdata&startPeriod=2021-06-16,ok,2026-06-16 04:50:51.494909
EUR,,2Y,2024-02-12,2.7150454203,ecb_yield_curve_aaa,YC.B.U2.EUR.4F.G_N_A.SV_C_YM.SR_2Y,https://data-api.ecb.europa.eu/service/data/YC/B.U2.EUR.4F.G_N_A.SV_C_YM.SR_2Y?format=csvdata&startPeriod=2021-06-16,ok,2026-06-16 04:50:51.494909
EUR,,2Y,2024-02-13,2.7570764919,ecb_yield_curve_aaa,YC.B.U2.EUR.4F.G_N_A.SV_C_YM.SR_2Y,https://data-api.ecb.europa.eu/service/data/YC/B.U2.EUR.4F.G_N_A.SV_C_YM.SR_2Y?format=csvdata&startPeriod=2021-06-16,ok,2026-06-16 04:50:51.494909
EUR,,2Y,2024-02-14,2.7822301815,ecb_yield_curve_aaa,YC.B.U2.EUR.4F.G_N_A.SV_C_YM.SR_2Y,https://data-api.ecb.europa.eu/service/data/YC/B.U2.EUR.4F.G_N_A.SV_C_YM.SR_2Y?format=csvdata&startPeriod=2021-06-16,ok,2026-06-16 04:50:51.494909
EUR,,2Y,2024-02-15,2.7610694685,ecb_yield_curve_aaa,YC.B.U2.EUR.4F.G_N_A.SV_C_YM.SR_2Y,https://data-api.ecb.europa.eu/service/data/YC/B.U2.EUR.4F.G_N_A.SV_C_YM.SR_2Y?format=csvdata&startPeriod=2021-06-16,ok,2026-06-16 04:50:51.494909
EUR,,2Y,2024-02-16,2.8339608318,ecb_yield_curve_aaa,YC.B.U2.EUR.4F.G_N_A.SV_C_YM.SR_2Y,https://data-api.ecb.europa.eu/service/data/YC/B.U2.EUR.4F.G_N_A.SV_C_YM.SR_2Y?format=csvdata&startPeriod=2021-06-16,ok,2026-06-16 04:50:51.494909
EUR,,2Y,2024-02-19,2.836763829,ecb_yield_curve_aaa,YC.B.U2.EUR.4F.G_N_A.SV_C_YM.SR_2Y,https://data-api.ecb.europa.eu/service/data/YC/B.U2.EUR.4F.G_N_A.SV_C_YM.SR_2Y?format=csvdata&startPeriod=2021-06-16,ok,2026-06-16 04:50:51.494909
EUR,,2Y,2024-02-20,2.7955100414,ecb_yield_curve_aaa,YC.B.U2.EUR.4F.G_N_A.SV_C_YM.SR_2Y,https://data-api.ecb.europa.eu/service/data/YC/B.U2.EUR.4F.G_N_A.SV_C_YM.SR_2Y?format=csvdata&startPeriod=2021-06-16,ok,2026-06-16 04:50:51.494909
EUR,,2Y,2024-02-21,2.8245174859,ecb_yield_curve_aaa,YC.B.U2.EUR.4F.G_N_A.SV_C_YM.SR_2Y,https://data-api.ecb.europa.eu/service/data/YC/B.U2.EUR.4F.G_N_A.SV_C_YM.SR_2Y?format=csvdata&startPeriod=2021-06-16,ok,2026-06-16 04:50:51.494909
EUR,,2Y,2024-02-22,2.8704212885,ecb_yield_curve_aaa,YC.B.U2.EUR.4F.G_N_A.SV_C_YM.SR_2Y,https://data-api.ecb.europa.eu/service/data/YC/B.U2.EUR.4F.G_N_A.SV_C_YM.SR_2Y?format=csvdata&startPeriod=2021-06-16,ok,2026-06-16 04:50:51.494909
EUR,,2Y,2024-02-23,2.8509066911,ecb_yield_curve_aaa,YC.B.U2.EUR.4F.G_N_A.SV_C_YM.SR_2Y,https://data-api.ecb.europa.eu/service/data/YC/B.U2.EUR.4F.G_N_A.SV_C_YM.SR_2Y?format=csvdata&startPeriod=2021-06-16,ok,2026-06-16 04:50:51.494909
EUR,,2Y,2024-02-26,2.9029634891,ecb_yield_curve_aaa,YC.B.U2.EUR.4F.G_N_A.SV_C_YM.SR_2Y,https://data-api.ecb.europa.eu/service/data/YC/B.U2.EUR.4F.G_N_A.SV_C_YM.SR_2Y?format=csvdata&startPeriod=2021-06-16,ok,2026-06-16 04:50:51.494909
EUR,,2Y,2024-02-27,2.9063723664,ecb_yield_curve_aaa,YC.B.U2.EUR.4F.G_N_A.SV_C_YM.SR_2Y,https://data-api.ecb.europa.eu/service/data/YC/B.U2.EUR.4F.G_N_A.SV_C_YM.SR_2Y?format=csvdata&startPeriod=2021-06-16,ok,2026-06-16 04:50:51.494909
EUR,,2Y,2024-02-28,2.9113834927,ecb_yield_curve_aaa,YC.B.U2.EUR.4F.G_N_A.SV_C_YM.SR_2Y,https://data-api.ecb.europa.eu/service/data/YC/B.U2.EUR.4F.G_N_A.SV_C_YM.SR_2Y?format=csvdata&startPeriod=2021-06-16,ok,2026-06-16 04:50:51.494909
EUR,,2Y,2024-02-29,2.9012443273,ecb_yield_curve_aaa,YC.B.U2.EUR.4F.G_N_A.SV_C_YM.SR_2Y,https://data-api.ecb.europa.eu/service/data/YC/B.U2.EUR.4F.G_N_A.SV_C_YM.SR_2Y?format=csvdata&startPeriod=2021-06-16,ok,2026-06-16 04:50:51.494909
EUR,,2Y,2024-03-01,2.8997453122,ecb_yield_curve_aaa,YC.B.U2.EUR.4F.G_N_A.SV_C_YM.SR_2Y,https://data-api.ecb.europa.eu/service/data/YC/B.U2.EUR.4F.G_N_A.SV_C_YM.SR_2Y?format=csvdata&startPeriod=2021-06-16,ok,2026-06-16 04:50:51.494909
EUR,,2Y,2024-03-04,2.8804907504,ecb_yield_curve_aaa,YC.B.U2.EUR.4F.G_N_A.SV_C_YM.SR_2Y,https://data-api.ecb.europa.eu/service/data/YC/B.U2.EUR.4F.G_N_A.SV_C_YM.SR_2Y?format=csvdata&startPeriod=2021-06-16,ok,2026-06-16 04:50:51.494909
EUR,,2Y,2024-03-05,2.8523626568,ecb_yield_curve_aaa,YC.B.U2.EUR.4F.G_N_A.SV_C_YM.SR_2Y,https://data-api.ecb.europa.eu/service/data/YC/B.U2.EUR.4F.G_N_A.SV_C_YM.SR_2Y?format=csvdata&startPeriod=2021-06-16,ok,2026-06-16 04:50:51.494909
EUR,,2Y,2024-03-06,2.8473304056,ecb_yield_curve_aaa,YC.B.U2.EUR.4F.G_N_A.SV_C_YM.SR_2Y,https://data-api.ecb.europa.eu/service/data/YC/B.U2.EUR.4F.G_N_A.SV_C_YM.SR_2Y?format=csvdata&startPeriod=2021-06-16,ok,2026-06-16 04:50:51.494909
EUR,,2Y,2024-03-07,2.8529528524,ecb_yield_curve_aaa,YC.B.U2.EUR.4F.G_N_A.SV_C_YM.SR_2Y,https://data-api.ecb.europa.eu/service/data/YC/B.U2.EUR.4F.G_N_A.SV_C_YM.SR_2Y?format=csvdata&startPeriod=2021-06-16,ok,2026-06-16 04:50:51.494909
EUR,,2Y,2024-03-08,2.7745423427,ecb_yield_curve_aaa,YC.B.U2.EUR.4F.G_N_A.SV_C_YM.SR_2Y,https://data-api.ecb.europa.eu/service/data/YC/B.U2.EUR.4F.G_N_A.SV_C_YM.SR_2Y?format=csvdata&startPeriod=2021-06-16,ok,2026-06-16 04:50:51.494909
EUR,,2Y,2024-03-11,2.8039501177,ecb_yield_curve_aaa,YC.B.U2.EUR.4F.G_N_A.SV_C_YM.SR_2Y,https://data-api.ecb.europa.eu/service/data/YC/B.U2.EUR.4F.G_N_A.SV_C_YM.SR_2Y?format=csvdata&startPeriod=2021-06-16,ok,2026-06-16 04:50:51.494909
EUR,,2Y,2024-03-12,2.842023547,ecb_yield_curve_aaa,YC.B.U2.EUR.4F.G_N_A.SV_C_YM.SR_2Y,https://data-api.ecb.europa.eu/service/data/YC/B.U2.EUR.4F.G_N_A.SV_C_YM.SR_2Y?format=csvdata&startPeriod=2021-06-16,ok,2026-06-16 04:50:51.494909
EUR,,2Y,2024-03-13,2.8389592329,ecb_yield_curve_aaa,YC.B.U2.EUR.4F.G_N_A.SV_C_YM.SR_2Y,https://data-api.ecb.europa.eu/service/data/YC/B.U2.EUR.4F.G_N_A.SV_C_YM.SR_2Y?format=csvdata&startPeriod=2021-06-16,ok,2026-06-16 04:50:51.494909
EUR,,2Y,2024-03-14,2.8719249526,ecb_yield_curve_aaa,YC.B.U2.EUR.4F.G_N_A.SV_C_YM.SR_2Y,https://data-api.ecb.europa.eu/service/data/YC/B.U2.EUR.4F.G_N_A.SV_C_YM.SR_2Y?format=csvdata&startPeriod=2021-06-16,ok,2026-06-16 04:50:51.494909
EUR,,2Y,2024-03-15,2.9044036442,ecb_yield_curve_aaa,YC.B.U2.EUR.4F.G_N_A.SV_C_YM.SR_2Y,https://data-api.ecb.europa.eu/service/data/YC/B.U2.EUR.4F.G_N_A.SV_C_YM.SR_2Y?format=csvdata&startPeriod=2021-06-16,ok,2026-06-16 04:50:51.494909
EUR,,2Y,2024-03-18,2.9015674337,ecb_yield_curve_aaa,YC.B.U2.EUR.4F.G_N_A.SV_C_YM.SR_2Y,https://data-api.ecb.europa.eu/service/data/YC/B.U2.EUR.4F.G_N_A.SV_C_YM.SR_2Y?format=csvdata&startPeriod=2021-06-16,ok,2026-06-16 04:50:51.494909
EUR,,2Y,2024-03-19,2.8799697964,ecb_yield_curve_aaa,YC.B.U2.EUR.4F.G_N_A.SV_C_YM.SR_2Y,https://data-api.ecb.europa.eu/service/data/YC/B.U2.EUR.4F.G_N_A.SV_C_YM.SR_2Y?format=csvdata&startPeriod=2021-06-16,ok,2026-06-16 04:50:51.494909
EUR,,2Y,2024-03-20,2.8888368353,ecb_yield_curve_aaa,YC.B.U2.EUR.4F.G_N_A.SV_C_YM.SR_2Y,https://data-api.ecb.europa.eu/service/data/YC/B.U2.EUR.4F.G_N_A.SV_C_YM.SR_2Y?format=csvdata&startPeriod=2021-06-16,ok,2026-06-16 04:50:51.494909
EUR,,2Y,2024-03-21,2.8619899929,ecb_yield_curve_aaa,YC.B.U2.EUR.4F.G_N_A.SV_C_YM.SR_2Y,https://data-api.ecb.europa.eu/service/data/YC/B.U2.EUR.4F.G_N_A.SV_C_YM.SR_2Y?format=csvdata&startPeriod=2021-06-16,ok,2026-06-16 04:50:51.494909
EUR,,2Y,2024-03-22,2.8142077684,ecb_yield_curve_aaa,YC.B.U2.EUR.4F.G_N_A.SV_C_YM.SR_2Y,https://data-api.ecb.europa.eu/service/data/YC/B.U2.EUR.4F.G_N_A.SV_C_YM.SR_2Y?format=csvdata&startPeriod=2021-06-16,ok,2026-06-16 04:50:51.494909
EUR,,2Y,2024-03-25,2.8436140029,ecb_yield_curve_aaa,YC.B.U2.EUR.4F.G_N_A.SV_C_YM.SR_2Y,https://data-api.ecb.europa.eu/service/data/YC/B.U2.EUR.4F.G_N_A.SV_C_YM.SR_2Y?format=csvdata&startPeriod=2021-06-16,ok,2026-06-16 04:50:51.494909
EUR,,2Y,2024-03-26,2.8446520188,ecb_yield_curve_aaa,YC.B.U2.EUR.4F.G_N_A.SV_C_YM.SR_2Y,https://data-api.ecb.europa.eu/service/data/YC/B.U2.EUR.4F.G_N_A.SV_C_YM.SR_2Y?format=csvdata&startPeriod=2021-06-16,ok,2026-06-16 04:50:51.494909
EUR,,2Y,2024-03-27,2.7940012216,ecb_yield_curve_aaa,YC.B.U2.EUR.4F.G_N_A.SV_C_YM.SR_2Y,https://data-api.ecb.europa.eu/service/data/YC/B.U2.EUR.4F.G_N_A.SV_C_YM.SR_2Y?format=csvdata&startPeriod=2021-06-16,ok,2026-06-16 04:50:51.494909
EUR,,2Y,2024-03-28,2.7981962094,ecb_yield_curve_aaa,YC.B.U2.EUR.4F.G_N_A.SV_C_YM.SR_2Y,https://data-api.ecb.europa.eu/service/data/YC/B.U2.EUR.4F.G_N_A.SV_C_YM.SR_2Y?format=csvdata&startPeriod=2021-06-16,ok,2026-06-16 04:50:51.494909
EUR,,2Y,2024-04-02,2.8169937607,ecb_yield_curve_aaa,YC.B.U2.EUR.4F.G_N_A.SV_C_YM.SR_2Y,https://data-api.ecb.europa.eu/service/data/YC/B.U2.EUR.4F.G_N_A.SV_C_YM.SR_2Y?format=csvdata&startPeriod=2021-06-16,ok,2026-06-16 04:50:51.494909
EUR,,2Y,2024-04-03,2.8340042643,ecb_yield_curve_aaa,YC.B.U2.EUR.4F.G_N_A.SV_C_YM.SR_2Y,https://data-api.ecb.europa.eu/service/data/YC/B.U2.EUR.4F.G_N_A.SV_C_YM.SR_2Y?format=csvdata&startPeriod=2021-06-16,ok,2026-06-16 04:50:51.494909
EUR,,2Y,2024-04-04,2.8021367279,ecb_yield_curve_aaa,YC.B.U2.EUR.4F.G_N_A.SV_C_YM.SR_2Y,https://data-api.ecb.europa.eu/service/data/YC/B.U2.EUR.4F.G_N_A.SV_C_YM.SR_2Y?format=csvdata&startPeriod=2021-06-16,ok,2026-06-16 04:50:51.494909
EUR,,2Y,2024-04-05,2.8304301161,ecb_yield_curve_aaa,YC.B.U2.EUR.4F.G_N_A.SV_C_YM.SR_2Y,https://data-api.ecb.europa.eu/service/data/YC/B.U2.EUR.4F.G_N_A.SV_C_YM.SR_2Y?format=csvdata&startPeriod=2021-06-16,ok,2026-06-16 04:50:51.494909
EUR,,2Y,2024-04-08,2.8453378402,ecb_yield_curve_aaa,YC.B.U2.EUR.4F.G_N_A.SV_C_YM.SR_2Y,https://data-api.ecb.europa.eu/service/data/YC/B.U2.EUR.4F.G_N_A.SV_C_YM.SR_2Y?format=csvdata&startPeriod=2021-06-16,ok,2026-06-16 04:50:51.494909
EUR,,2Y,2024-04-09,2.844529147,ecb_yield_curve_aaa,YC.B.U2.EUR.4F.G_N_A.SV_C_YM.SR_2Y,https://data-api.ecb.europa.eu/service/data/YC/B.U2.EUR.4F.G_N_A.SV_C_YM.SR_2Y?format=csvdata&startPeriod=2021-06-16,ok,2026-06-16 04:50:51.494909
EUR,,2Y,2024-04-10,2.890368268,ecb_yield_curve_aaa,YC.B.U2.EUR.4F.G_N_A.SV_C_YM.SR_2Y,https://data-api.ecb.europa.eu/service/data/YC/B.U2.EUR.4F.G_N_A.SV_C_YM.SR_2Y?format=csvdata&startPeriod=2021-06-16,ok,2026-06-16 04:50:51.494909
EUR,,2Y,2024-04-11,2.900117997,ecb_yield_curve_aaa,YC.B.U2.EUR.4F.G_N_A.SV_C_YM.SR_2Y,https://data-api.ecb.europa.eu/service/data/YC/B.U2.EUR.4F.G_N_A.SV_C_YM.SR_2Y?format=csvdata&startPeriod=2021-06-16,ok,2026-06-16 04:50:51.494909
EUR,,2Y,2024-04-12,2.8092030862,ecb_yield_curve_aaa,YC.B.U2.EUR.4F.G_N_A.SV_C_YM.SR_2Y,https://data-api.ecb.europa.eu/service/data/YC/B.U2.EUR.4F.G_N_A.SV_C_YM.SR_2Y?format=csvdata&startPeriod=2021-06-16,ok,2026-06-16 04:50:51.494909
EUR,,2Y,2024-04-15,2.8315737776,ecb_yield_curve_aaa,YC.B.U2.EUR.4F.G_N_A.SV_C_YM.SR_2Y,https://data-api.ecb.europa.eu/service/data/YC/B.U2.EUR.4F.G_N_A.SV_C_YM.SR_2Y?format=csvdata&startPeriod=2021-06-16,ok,2026-06-16 04:50:51.494909
EUR,,2Y,2024-04-16,2.8579131238,ecb_yield_curve_aaa,YC.B.U2.EUR.4F.G_N_A.SV_C_YM.SR_2Y,https://data-api.ecb.europa.eu/service/data/YC/B.U2.EUR.4F.G_N_A.SV_C_YM.SR_2Y?format=csvdata&startPeriod=2021-06-16,ok,2026-06-16 04:50:51.494909
EUR,,2Y,2024-04-17,2.8689112024,ecb_yield_curve_aaa,YC.B.U2.EUR.4F.G_N_A.SV_C_YM.SR_2Y,https://data-api.ecb.europa.eu/service/data/YC/B.U2.EUR.4F.G_N_A.SV_C_YM.SR_2Y?format=csvdata&startPeriod=2021-06-16,ok,2026-06-16 04:50:51.494909
EUR,,2Y,2024-04-18,2.8823985611,ecb_yield_curve_aaa,YC.B.U2.EUR.4F.G_N_A.SV_C_YM.SR_2Y,https://data-api.ecb.europa.eu/service/data/YC/B.U2.EUR.4F.G_N_A.SV_C_YM.SR_2Y?format=csvdata&startPeriod=2021-06-16,ok,2026-06-16 04:50:51.494909
EUR,,2Y,2024-04-19,2.920971954,ecb_yield_curve_aaa,YC.B.U2.EUR.4F.G_N_A.SV_C_YM.SR_2Y,https://data-api.ecb.europa.eu/service/data/YC/B.U2.EUR.4F.G_N_A.SV_C_YM.SR_2Y?format=csvdata&startPeriod=2021-06-16,ok,2026-06-16 04:50:51.494909
EUR,,2Y,2024-04-22,2.8859431272,ecb_yield_curve_aaa,YC.B.U2.EUR.4F.G_N_A.SV_C_YM.SR_2Y,https://data-api.ecb.europa.eu/service/data/YC/B.U2.EUR.4F.G_N_A.SV_C_YM.SR_2Y?format=csvdata&startPeriod=2021-06-16,ok,2026-06-16 04:50:51.494909
EUR,,2Y,2024-04-23,2.8798383983,ecb_yield_curve_aaa,YC.B.U2.EUR.4F.G_N_A.SV_C_YM.SR_2Y,https://data-api.ecb.europa.eu/service/data/YC/B.U2.EUR.4F.G_N_A.SV_C_YM.SR_2Y?format=csvdata&startPeriod=2021-06-16,ok,2026-06-16 04:50:51.494909
EUR,,2Y,2024-04-24,2.9343412144,ecb_yield_curve_aaa,YC.B.U2.EUR.4F.G_N_A.SV_C_YM.SR_2Y,https://data-api.ecb.europa.eu/service/data/YC/B.U2.EUR.4F.G_N_A.SV_C_YM.SR_2Y?format=csvdata&startPeriod=2021-06-16,ok,2026-06-16 04:50:51.494909
EUR,,2Y,2024-04-25,2.9873046997,ecb_yield_curve_aaa,YC.B.U2.EUR.4F.G_N_A.SV_C_YM.SR_2Y,https://data-api.ecb.europa.eu/service/data/YC/B.U2.EUR.4F.G_N_A.SV_C_YM.SR_2Y?format=csvdata&startPeriod=2021-06-16,ok,2026-06-16 04:50:51.494909
EUR,,2Y,2024-04-26,2.9516982017,ecb_yield_curve_aaa,YC.B.U2.EUR.4F.G_N_A.SV_C_YM.SR_2Y,https://data-api.ecb.europa.eu/service/data/YC/B.U2.EUR.4F.G_N_A.SV_C_YM.SR_2Y?format=csvdata&startPeriod=2021-06-16,ok,2026-06-16 04:50:51.494909
EUR,,2Y,2024-04-29,2.9228527419,ecb_yield_curve_aaa,YC.B.U2.EUR.4F.G_N_A.SV_C_YM.SR_2Y,https://data-api.ecb.europa.eu/service/data/YC/B.U2.EUR.4F.G_N_A.SV_C_YM.SR_2Y?format=csvdata&startPeriod=2021-06-16,ok,2026-06-16 04:50:51.494909
EUR,,2Y,2024-04-30,2.9967567161,ecb_yield_curve_aaa,YC.B.U2.EUR.4F.G_N_A.SV_C_YM.SR_2Y,https://data-api.ecb.europa.eu/service/data/YC/B.U2.EUR.4F.G_N_A.SV_C_YM.SR_2Y?format=csvdata&startPeriod=2021-06-16,ok,2026-06-16 04:50:51.494909
EUR,,2Y,2024-05-02,2.9691102147,ecb_yield_curve_aaa,YC.B.U2.EUR.4F.G_N_A.SV_C_YM.SR_2Y,https://data-api.ecb.europa.eu/service/data/YC/B.U2.EUR.4F.G_N_A.SV_C_YM.SR_2Y?format=csvdata&startPeriod=2021-06-16,ok,2026-06-16 04:50:51.494909
EUR,,2Y,2024-05-03,2.9053014011,ecb_yield_curve_aaa,YC.B.U2.EUR.4F.G_N_A.SV_C_YM.SR_2Y,https://data-api.ecb.europa.eu/service/data/YC/B.U2.EUR.4F.G_N_A.SV_C_YM.SR_2Y?format=csvdata&startPeriod=2021-06-16,ok,2026-06-16 04:50:51.494909
EUR,,2Y,2024-05-06,2.909517873,ecb_yield_curve_aaa,YC.B.U2.EUR.4F.G_N_A.SV_C_YM.SR_2Y,https://data-api.ecb.europa.eu/service/data/YC/B.U2.EUR.4F.G_N_A.SV_C_YM.SR_2Y?format=csvdata&startPeriod=2021-06-16,ok,2026-06-16 04:50:51.494909
EUR,,2Y,2024-05-07,2.8988787532,ecb_yield_curve_aaa,YC.B.U2.EUR.4F.G_N_A.SV_C_YM.SR_2Y,https://data-api.ecb.europa.eu/service/data/YC/B.U2.EUR.4F.G_N_A.SV_C_YM.SR_2Y?format=csvdata&startPeriod=2021-06-16,ok,2026-06-16 04:50:51.494909
EUR,,2Y,2024-05-08,2.915182553,ecb_yield_curve_aaa,YC.B.U2.EUR.4F.G_N_A.SV_C_YM.SR_2Y,https://data-api.ecb.europa.eu/service/data/YC/B.U2.EUR.4F.G_N_A.SV_C_YM.SR_2Y?format=csvdata&startPeriod=2021-06-16,ok,2026-06-16 04:50:51.494909
EUR,,2Y,2024-05-09,2.9257582575,ecb_yield_curve_aaa,YC.B.U2.EUR.4F.G_N_A.SV_C_YM.SR_2Y,https://data-api.ecb.europa.eu/service/data/YC/B.U2.EUR.4F.G_N_A.SV_C_YM.SR_2Y?format=csvdata&startPeriod=2021-06-16,ok,2026-06-16 04:50:51.494909
EUR,,2Y,2024-05-10,2.9442451164,ecb_yield_curve_aaa,YC.B.U2.EUR.4F.G_N_A.SV_C_YM.SR_2Y,https://data-api.ecb.europa.eu/service/data/YC/B.U2.EUR.4F.G_N_A.SV_C_YM.SR_2Y?format=csvdata&startPeriod=2021-06-16,ok,2026-06-16 04:50:51.494909
EUR,,2Y,2024-05-13,2.9305148009,ecb_yield_curve_aaa,YC.B.U2.EUR.4F.G_N_A.SV_C_YM.SR_2Y,https://data-api.ecb.europa.eu/service/data/YC/B.U2.EUR.4F.G_N_A.SV_C_YM.SR_2Y?format=csvdata&startPeriod=2021-06-16,ok,2026-06-16 04:50:51.494909
EUR,,2Y,2024-05-14,2.9395315903,ecb_yield_curve_aaa,YC.B.U2.EUR.4F.G_N_A.SV_C_YM.SR_2Y,https://data-api.ecb.europa.eu/service/data/YC/B.U2.EUR.4F.G_N_A.SV_C_YM.SR_2Y?format=csvdata&startPeriod=2021-06-16,ok,2026-06-16 04:50:51.494909
EUR,,2Y,2024-05-15,2.8943669893,ecb_yield_curve_aaa,YC.B.U2.EUR.4F.G_N_A.SV_C_YM.SR_2Y,https://data-api.ecb.europa.eu/service/data/YC/B.U2.EUR.4F.G_N_A.SV_C_YM.SR_2Y?format=csvdata&startPeriod=2021-06-16,ok,2026-06-16 04:50:51.494909
EUR,,2Y,2024-05-16,2.8959022268,ecb_yield_curve_aaa,YC.B.U2.EUR.4F.G_N_A.SV_C_YM.SR_2Y,https://data-api.ecb.europa.eu/service/data/YC/B.U2.EUR.4F.G_N_A.SV_C_YM.SR_2Y?format=csvdata&startPeriod=2021-06-16,ok,2026-06-16 04:50:51.494909
EUR,,2Y,2024-05-17,2.9387147944,ecb_yield_curve_aaa,YC.B.U2.EUR.4F.G_N_A.SV_C_YM.SR_2Y,https://data-api.ecb.europa.eu/service/data/YC/B.U2.EUR.4F.G_N_A.SV_C_YM.SR_2Y?format=csvdata&startPeriod=2021-06-16,ok,2026-06-16 04:50:51.494909
EUR,,2Y,2024-05-20,2.9329042182,ecb_yield_curve_aaa,YC.B.U2.EUR.4F.G_N_A.SV_C_YM.SR_2Y,https://data-api.ecb.europa.eu/service/data/YC/B.U2.EUR.4F.G_N_A.SV_C_YM.SR_2Y?format=csvdata&startPeriod=2021-06-16,ok,2026-06-16 04:50:51.494909
EUR,,2Y,2024-05-21,2.91930996,ecb_yield_curve_aaa,YC.B.U2.EUR.4F.G_N_A.SV_C_YM.SR_2Y,https://data-api.ecb.europa.eu/service/data/YC/B.U2.EUR.4F.G_N_A.SV_C_YM.SR_2Y?format=csvdata&startPeriod=2021-06-16,ok,2026-06-16 04:50:51.494909
EUR,,2Y,2024-05-22,2.9535232779,ecb_yield_curve_aaa,YC.B.U2.EUR.4F.G_N_A.SV_C_YM.SR_2Y,https://data-api.ecb.europa.eu/service/data/YC/B.U2.EUR.4F.G_N_A.SV_C_YM.SR_2Y?format=csvdata&startPeriod=2021-06-16,ok,2026-06-16 04:50:51.494909
EUR,,2Y,2024-05-23,3.0028329815,ecb_yield_curve_aaa,YC.B.U2.EUR.4F.G_N_A.SV_C_YM.SR_2Y,https://data-api.ecb.europa.eu/service/data/YC/B.U2.EUR.4F.G_N_A.SV_C_YM.SR_2Y?format=csvdata&startPeriod=2021-06-16,ok,2026-06-16 04:50:51.494909
EUR,,2Y,2024-05-24,3.0330994089,ecb_yield_curve_aaa,YC.B.U2.EUR.4F.G_N_A.SV_C_YM.SR_2Y,https://data-api.ecb.europa.eu/service/data/YC/B.U2.EUR.4F.G_N_A.SV_C_YM.SR_2Y?format=csvdata&startPeriod=2021-06-16,ok,2026-06-16 04:50:51.494909
EUR,,2Y,2024-05-27,2.9737393125,ecb_yield_curve_aaa,YC.B.U2.EUR.4F.G_N_A.SV_C_YM.SR_2Y,https://data-api.ecb.europa.eu/service/data/YC/B.U2.EUR.4F.G_N_A.SV_C_YM.SR_2Y?format=csvdata&startPeriod=2021-06-16,ok,2026-06-16 04:50:51.494909
EUR,,2Y,2024-05-28,2.9725027088,ecb_yield_curve_aaa,YC.B.U2.EUR.4F.G_N_A.SV_C_YM.SR_2Y,https://data-api.ecb.europa.eu/service/data/YC/B.U2.EUR.4F.G_N_A.SV_C_YM.SR_2Y?format=csvdata&startPeriod=2021-06-16,ok,2026-06-16 04:50:51.494909
EUR,,2Y,2024-05-29,3.0272376639,ecb_yield_curve_aaa,YC.B.U2.EUR.4F.G_N_A.SV_C_YM.SR_2Y,https://data-api.ecb.europa.eu/service/data/YC/B.U2.EUR.4F.G_N_A.SV_C_YM.SR_2Y?format=csvdata&startPeriod=2021-06-16,ok,2026-06-16 04:50:51.494909
EUR,,2Y,2024-05-30,3.0169714126,ecb_yield_curve_aaa,YC.B.U2.EUR.4F.G_N_A.SV_C_YM.SR_2Y,https://data-api.ecb.europa.eu/service/data/YC/B.U2.EUR.4F.G_N_A.SV_C_YM.SR_2Y?format=csvdata&startPeriod=2021-06-16,ok,2026-06-16 04:50:51.494909
EUR,,2Y,2024-05-31,3.0193484923,ecb_yield_curve_aaa,YC.B.U2.EUR.4F.G_N_A.SV_C_YM.SR_2Y,https://data-api.ecb.europa.eu/service/data/YC/B.U2.EUR.4F.G_N_A.SV_C_YM.SR_2Y?format=csvdata&startPeriod=2021-06-16,ok,2026-06-16 04:50:51.494909
EUR,,2Y,2024-06-03,2.9779859652,ecb_yield_curve_aaa,YC.B.U2.EUR.4F.G_N_A.SV_C_YM.SR_2Y,https://data-api.ecb.europa.eu/service/data/YC/B.U2.EUR.4F.G_N_A.SV_C_YM.SR_2Y?format=csvdata&startPeriod=2021-06-16,ok,2026-06-16 04:50:51.494909
EUR,,2Y,2024-06-04,2.9277644372,ecb_yield_curve_aaa,YC.B.U2.EUR.4F.G_N_A.SV_C_YM.SR_2Y,https://data-api.ecb.europa.eu/service/data/YC/B.U2.EUR.4F.G_N_A.SV_C_YM.SR_2Y?format=csvdata&startPeriod=2021-06-16,ok,2026-06-16 04:50:51.494909
EUR,,2Y,2024-06-05,2.935561114,ecb_yield_curve_aaa,YC.B.U2.EUR.4F.G_N_A.SV_C_YM.SR_2Y,https://data-api.ecb.europa.eu/service/data/YC/B.U2.EUR.4F.G_N_A.SV_C_YM.SR_2Y?format=csvdata&startPeriod=2021-06-16,ok,2026-06-16 04:50:51.494909
EUR,,2Y,2024-06-06,2.9664368423,ecb_yield_curve_aaa,YC.B.U2.EUR.4F.G_N_A.SV_C_YM.SR_2Y,https://data-api.ecb.europa.eu/service/data/YC/B.U2.EUR.4F.G_N_A.SV_C_YM.SR_2Y?format=csvdata&startPeriod=2021-06-16,ok,2026-06-16 04:50:51.494909
EUR,,2Y,2024-06-07,3.0231188867,ecb_yield_curve_aaa,YC.B.U2.EUR.4F.G_N_A.SV_C_YM.SR_2Y,https://data-api.ecb.europa.eu/service/data/YC/B.U2.EUR.4F.G_N_A.SV_C_YM.SR_2Y?format=csvdata&startPeriod=2021-06-16,ok,2026-06-16 04:50:51.494909
EUR,,2Y,2024-06-10,3.0191670638,ecb_yield_curve_aaa,YC.B.U2.EUR.4F.G_N_A.SV_C_YM.SR_2Y,https://data-api.ecb.europa.eu/service/data/YC/B.U2.EUR.4F.G_N_A.SV_C_YM.SR_2Y?format=csvdata&startPeriod=2021-06-16,ok,2026-06-16 04:50:51.494909
EUR,,2Y,2024-06-11,2.9634554635,ecb_yield_curve_aaa,YC.B.U2.EUR.4F.G_N_A.SV_C_YM.SR_2Y,https://data-api.ecb.europa.eu/service/data/YC/B.U2.EUR.4F.G_N_A.SV_C_YM.SR_2Y?format=csvdata&startPeriod=2021-06-16,ok,2026-06-16 04:50:51.494909
EUR,,2Y,2024-06-12,2.9281543851,ecb_yield_curve_aaa,YC.B.U2.EUR.4F.G_N_A.SV_C_YM.SR_2Y,https://data-api.ecb.europa.eu/service/data/YC/B.U2.EUR.4F.G_N_A.SV_C_YM.SR_2Y?format=csvdata&startPeriod=2021-06-16,ok,2026-06-16 04:50:51.494909
EUR,,2Y,2024-06-13,2.8987005515,ecb_yield_curve_aaa,YC.B.U2.EUR.4F.G_N_A.SV_C_YM.SR_2Y,https://data-api.ecb.europa.eu/service/data/YC/B.U2.EUR.4F.G_N_A.SV_C_YM.SR_2Y?format=csvdata&startPeriod=2021-06-16,ok,2026-06-16 04:50:51.494909
EUR,,2Y,2024-06-14,2.7627458678,ecb_yield_curve_aaa,YC.B.U2.EUR.4F.G_N_A.SV_C_YM.SR_2Y,https://data-api.ecb.europa.eu/service/data/YC/B.U2.EUR.4F.G_N_A.SV_C_YM.SR_2Y?format=csvdata&startPeriod=2021-06-16,ok,2026-06-16 04:50:51.494909
EUR,,2Y,2024-06-17,2.7914537869,ecb_yield_curve_aaa,YC.B.U2.EUR.4F.G_N_A.SV_C_YM.SR_2Y,https://data-api.ecb.europa.eu/service/data/YC/B.U2.EUR.4F.G_N_A.SV_C_YM.SR_2Y?format=csvdata&startPeriod=2021-06-16,ok,2026-06-16 04:50:51.494909
EUR,,2Y,2024-06-18,2.7938622283,ecb_yield_curve_aaa,YC.B.U2.EUR.4F.G_N_A.SV_C_YM.SR_2Y,https://data-api.ecb.europa.eu/service/data/YC/B.U2.EUR.4F.G_N_A.SV_C_YM.SR_2Y?format=csvdata&startPeriod=2021-06-16,ok,2026-06-16 04:50:51.494909
EUR,,2Y,2024-06-19,2.8108394712,ecb_yield_curve_aaa,YC.B.U2.EUR.4F.G_N_A.SV_C_YM.SR_2Y,https://data-api.ecb.europa.eu/service/data/YC/B.U2.EUR.4F.G_N_A.SV_C_YM.SR_2Y?format=csvdata&startPeriod=2021-06-16,ok,2026-06-16 04:50:51.494909
EUR,,2Y,2024-06-20,2.8161233418,ecb_yield_curve_aaa,YC.B.U2.EUR.4F.G_N_A.SV_C_YM.SR_2Y,https://data-api.ecb.europa.eu/service/data/YC/B.U2.EUR.4F.G_N_A.SV_C_YM.SR_2Y?format=csvdata&startPeriod=2021-06-16,ok,2026-06-16 04:50:51.494909
EUR,,2Y,2024-06-21,2.7675013428,ecb_yield_curve_aaa,YC.B.U2.EUR.4F.G_N_A.SV_C_YM.SR_2Y,https://data-api.ecb.europa.eu/service/data/YC/B.U2.EUR.4F.G_N_A.SV_C_YM.SR_2Y?format=csvdata&startPeriod=2021-06-16,ok,2026-06-16 04:50:51.494909
EUR,,2Y,2024-06-24,2.8073327872,ecb_yield_curve_aaa,YC.B.U2.EUR.4F.G_N_A.SV_C_YM.SR_2Y,https://data-api.ecb.europa.eu/service/data/YC/B.U2.EUR.4F.G_N_A.SV_C_YM.SR_2Y?format=csvdata&startPeriod=2021-06-16,ok,2026-06-16 04:50:51.494909
EUR,,2Y,2024-06-25,2.7992322474,ecb_yield_curve_aaa,YC.B.U2.EUR.4F.G_N_A.SV_C_YM.SR_2Y,https://data-api.ecb.europa.eu/service/data/YC/B.U2.EUR.4F.G_N_A.SV_C_YM.SR_2Y?format=csvdata&startPeriod=2021-06-16,ok,2026-06-16 04:50:51.494909
EUR,,2Y,2024-06-26,2.8076536727,ecb_yield_curve_aaa,YC.B.U2.EUR.4F.G_N_A.SV_C_YM.SR_2Y,https://data-api.ecb.europa.eu/service/data/YC/B.U2.EUR.4F.G_N_A.SV_C_YM.SR_2Y?format=csvdata&startPeriod=2021-06-16,ok,2026-06-16 04:50:51.494909
EUR,,2Y,2024-06-27,2.809586269,ecb_yield_curve_aaa,YC.B.U2.EUR.4F.G_N_A.SV_C_YM.SR_2Y,https://data-api.ecb.europa.eu/service/data/YC/B.U2.EUR.4F.G_N_A.SV_C_YM.SR_2Y?format=csvdata&startPeriod=2021-06-16,ok,2026-06-16 04:50:51.494909
EUR,,2Y,2024-06-28,2.7993707466,ecb_yield_curve_aaa,YC.B.U2.EUR.4F.G_N_A.SV_C_YM.SR_2Y,https://data-api.ecb.europa.eu/service/data/YC/B.U2.EUR.4F.G_N_A.SV_C_YM.SR_2Y?format=csvdata&startPeriod=2021-06-16,ok,2026-06-16 04:50:51.494909
EUR,,2Y,2024-07-01,2.8738448081,ecb_yield_curve_aaa,YC.B.U2.EUR.4F.G_N_A.SV_C_YM.SR_2Y,https://data-api.ecb.europa.eu/service/data/YC/B.U2.EUR.4F.G_N_A.SV_C_YM.SR_2Y?format=csvdata&startPeriod=2021-06-16,ok,2026-06-16 04:50:51.494909
EUR,,2Y,2024-07-02,2.8849534405,ecb_yield_curve_aaa,YC.B.U2.EUR.4F.G_N_A.SV_C_YM.SR_2Y,https://data-api.ecb.europa.eu/service/data/YC/B.U2.EUR.4F.G_N_A.SV_C_YM.SR_2Y?format=csvdata&startPeriod=2021-06-16,ok,2026-06-16 04:50:51.494909
EUR,,2Y,2024-07-03,2.9017080189,ecb_yield_curve_aaa,YC.B.U2.EUR.4F.G_N_A.SV_C_YM.SR_2Y,https://data-api.ecb.europa.eu/service/data/YC/B.U2.EUR.4F.G_N_A.SV_C_YM.SR_2Y?format=csvdata&startPeriod=2021-06-16,ok,2026-06-16 04:50:51.494909
EUR,,2Y,2024-07-04,2.8941333562,ecb_yield_curve_aaa,YC.B.U2.EUR.4F.G_N_A.SV_C_YM.SR_2Y,https://data-api.ecb.europa.eu/service/data/YC/B.U2.EUR.4F.G_N_A.SV_C_YM.SR_2Y?format=csvdata&startPeriod=2021-06-16,ok,2026-06-16 04:50:51.494909
EUR,,2Y,2024-07-05,2.8742369158,ecb_yield_curve_aaa,YC.B.U2.EUR.4F.G_N_A.SV_C_YM.SR_2Y,https://data-api.ecb.europa.eu/service/data/YC/B.U2.EUR.4F.G_N_A.SV_C_YM.SR_2Y?format=csvdata&startPeriod=2021-06-16,ok,2026-06-16 04:50:51.494909
EUR,,2Y,2024-07-08,2.843711286,ecb_yield_curve_aaa,YC.B.U2.EUR.4F.G_N_A.SV_C_YM.SR_2Y,https://data-api.ecb.europa.eu/service/data/YC/B.U2.EUR.4F.G_N_A.SV_C_YM.SR_2Y?format=csvdata&startPeriod=2021-06-16,ok,2026-06-16 04:50:51.494909
EUR,,2Y,2024-07-09,2.8615695202,ecb_yield_curve_aaa,YC.B.U2.EUR.4F.G_N_A.SV_C_YM.SR_2Y,https://data-api.ecb.europa.eu/service/data/YC/B.U2.EUR.4F.G_N_A.SV_C_YM.SR_2Y?format=csvdata&startPeriod=2021-06-16,ok,2026-06-16 04:50:51.494909
EUR,,2Y,2024-07-10,2.8584445118,ecb_yield_curve_aaa,YC.B.U2.EUR.4F.G_N_A.SV_C_YM.SR_2Y,https://data-api.ecb.europa.eu/service/data/YC/B.U2.EUR.4F.G_N_A.SV_C_YM.SR_2Y?format=csvdata&startPeriod=2021-06-16,ok,2026-06-16 04:50:51.494909
EUR,,2Y,2024-07-11,2.7946898478,ecb_yield_curve_aaa,YC.B.U2.EUR.4F.G_N_A.SV_C_YM.SR_2Y,https://data-api.ecb.europa.eu/service/data/YC/B.U2.EUR.4F.G_N_A.SV_C_YM.SR_2Y?format=csvdata&startPeriod=2021-06-16,ok,2026-06-16 04:50:51.494909
EUR,,2Y,2024-07-12,2.8310235521,ecb_yield_curve_aaa,YC.B.U2.EUR.4F.G_N_A.SV_C_YM.SR_2Y,https://data-api.ecb.europa.eu/service/data/YC/B.U2.EUR.4F.G_N_A.SV_C_YM.SR_2Y?format=csvdata&startPeriod=2021-06-16,ok,2026-06-16 04:50:51.494909
EUR,,2Y,2024-07-15,2.7754653648,ecb_yield_curve_aaa,YC.B.U2.EUR.4F.G_N_A.SV_C_YM.SR_2Y,https://data-api.ecb.europa.eu/service/data/YC/B.U2.EUR.4F.G_N_A.SV_C_YM.SR_2Y?format=csvdata&startPeriod=2021-06-16,ok,2026-06-16 04:50:51.494909
EUR,,2Y,2024-07-16,2.7614783971,ecb_yield_curve_aaa,YC.B.U2.EUR.4F.G_N_A.SV_C_YM.SR_2Y,https://data-api.ecb.europa.eu/service/data/YC/B.U2.EUR.4F.G_N_A.SV_C_YM.SR_2Y?format=csvdata&startPeriod=2021-06-16,ok,2026-06-16 04:50:51.494909
EUR,,2Y,2024-07-17,2.7626279177,ecb_yield_curve_aaa,YC.B.U2.EUR.4F.G_N_A.SV_C_YM.SR_2Y,https://data-api.ecb.europa.eu/service/data/YC/B.U2.EUR.4F.G_N_A.SV_C_YM.SR_2Y?format=csvdata&startPeriod=2021-06-16,ok,2026-06-16 04:50:51.494909
EUR,,2Y,2024-07-18,2.7456871835,ecb_yield_curve_aaa,YC.B.U2.EUR.4F.G_N_A.SV_C_YM.SR_2Y,https://data-api.ecb.europa.eu/service/data/YC/B.U2.EUR.4F.G_N_A.SV_C_YM.SR_2Y?format=csvdata&startPeriod=2021-06-16,ok,2026-06-16 04:50:51.494909
EUR,,2Y,2024-07-19,2.7681083283,ecb_yield_curve_aaa,YC.B.U2.EUR.4F.G_N_A.SV_C_YM.SR_2Y,https://data-api.ecb.europa.eu/service/data/YC/B.U2.EUR.4F.G_N_A.SV_C_YM.SR_2Y?format=csvdata&startPeriod=2021-06-16,ok,2026-06-16 04:50:51.494909
EUR,,2Y,2024-07-22,2.7666766314,ecb_yield_curve_aaa,YC.B.U2.EUR.4F.G_N_A.SV_C_YM.SR_2Y,https://data-api.ecb.europa.eu/service/data/YC/B.U2.EUR.4F.G_N_A.SV_C_YM.SR_2Y?format=csvdata&startPeriod=2021-06-16,ok,2026-06-16 04:50:51.494909
EUR,,2Y,2024-07-23,2.7539063343,ecb_yield_curve_aaa,YC.B.U2.EUR.4F.G_N_A.SV_C_YM.SR_2Y,https://data-api.ecb.europa.eu/service/data/YC/B.U2.EUR.4F.G_N_A.SV_C_YM.SR_2Y?format=csvdata&startPeriod=2021-06-16,ok,2026-06-16 04:50:51.494909
EUR,,2Y,2024-07-24,2.721389585,ecb_yield_curve_aaa,YC.B.U2.EUR.4F.G_N_A.SV_C_YM.SR_2Y,https://data-api.ecb.europa.eu/service/data/YC/B.U2.EUR.4F.G_N_A.SV_C_YM.SR_2Y?format=csvdata&startPeriod=2021-06-16,ok,2026-06-16 04:50:51.494909
EUR,,2Y,2024-07-25,2.7027505058,ecb_yield_curve_aaa,YC.B.U2.EUR.4F.G_N_A.SV_C_YM.SR_2Y,https://data-api.ecb.europa.eu/service/data/YC/B.U2.EUR.4F.G_N_A.SV_C_YM.SR_2Y?format=csvdata&startPeriod=2021-06-16,ok,2026-06-16 04:50:51.494909
EUR,,2Y,2024-07-26,2.6906245201,ecb_yield_curve_aaa,YC.B.U2.EUR.4F.G_N_A.SV_C_YM.SR_2Y,https://data-api.ecb.europa.eu/service/data/YC/B.U2.EUR.4F.G_N_A.SV_C_YM.SR_2Y?format=csvdata&startPeriod=2021-06-16,ok,2026-06-16 04:50:51.494909
EUR,,2Y,2024-07-29,2.6688958534,ecb_yield_curve_aaa,YC.B.U2.EUR.4F.G_N_A.SV_C_YM.SR_2Y,https://data-api.ecb.europa.eu/service/data/YC/B.U2.EUR.4F.G_N_A.SV_C_YM.SR_2Y?format=csvdata&startPeriod=2021-06-16,ok,2026-06-16 04:50:51.494909
EUR,,2Y,2024-07-30,2.6109896462,ecb_yield_curve_aaa,YC.B.U2.EUR.4F.G_N_A.SV_C_YM.SR_2Y,https://data-api.ecb.europa.eu/service/data/YC/B.U2.EUR.4F.G_N_A.SV_C_YM.SR_2Y?format=csvdata&startPeriod=2021-06-16,ok,2026-06-16 04:50:51.494909
EUR,,2Y,2024-07-31,2.5822152139,ecb_yield_curve_aaa,YC.B.U2.EUR.4F.G_N_A.SV_C_YM.SR_2Y,https://data-api.ecb.europa.eu/service/data/YC/B.U2.EUR.4F.G_N_A.SV_C_YM.SR_2Y?format=csvdata&startPeriod=2021-06-16,ok,2026-06-16 04:50:51.494909
EUR,,2Y,2024-08-01,2.5606727906,ecb_yield_curve_aaa,YC.B.U2.EUR.4F.G_N_A.SV_C_YM.SR_2Y,https://data-api.ecb.europa.eu/service/data/YC/B.U2.EUR.4F.G_N_A.SV_C_YM.SR_2Y?format=csvdata&startPeriod=2021-06-16,ok,2026-06-16 04:50:51.494909
EUR,,2Y,2024-08-02,2.4705683801,ecb_yield_curve_aaa,YC.B.U2.EUR.4F.G_N_A.SV_C_YM.SR_2Y,https://data-api.ecb.europa.eu/service/data/YC/B.U2.EUR.4F.G_N_A.SV_C_YM.SR_2Y?format=csvdata&startPeriod=2021-06-16,ok,2026-06-16 04:50:51.494909
EUR,,2Y,2024-08-05,2.3095484768,ecb_yield_curve_aaa,YC.B.U2.EUR.4F.G_N_A.SV_C_YM.SR_2Y,https://data-api.ecb.europa.eu/service/data/YC/B.U2.EUR.4F.G_N_A.SV_C_YM.SR_2Y?format=csvdata&startPeriod=2021-06-16,ok,2026-06-16 04:50:51.494909
EUR,,2Y,2024-08-06,2.3366425227,ecb_yield_curve_aaa,YC.B.U2.EUR.4F.G_N_A.SV_C_YM.SR_2Y,https://data-api.ecb.europa.eu/service/data/YC/B.U2.EUR.4F.G_N_A.SV_C_YM.SR_2Y?format=csvdata&startPeriod=2021-06-16,ok,2026-06-16 04:50:51.494909
EUR,,2Y,2024-08-07,2.4235840543,ecb_yield_curve_aaa,YC.B.U2.EUR.4F.G_N_A.SV_C_YM.SR_2Y,https://data-api.ecb.europa.eu/service/data/YC/B.U2.EUR.4F.G_N_A.SV_C_YM.SR_2Y?format=csvdata&startPeriod=2021-06-16,ok,2026-06-16 04:50:51.494909
EUR,,2Y,2024-08-08,2.4313380332,ecb_yield_curve_aaa,YC.B.U2.EUR.4F.G_N_A.SV_C_YM.SR_2Y,https://data-api.ecb.europa.eu/service/data/YC/B.U2.EUR.4F.G_N_A.SV_C_YM.SR_2Y?format=csvdata&startPeriod=2021-06-16,ok,2026-06-16 04:50:51.494909
EUR,,2Y,2024-08-09,2.4002093268,ecb_yield_curve_aaa,YC.B.U2.EUR.4F.G_N_A.SV_C_YM.SR_2Y,https://data-api.ecb.europa.eu/service/data/YC/B.U2.EUR.4F.G_N_A.SV_C_YM.SR_2Y?format=csvdata&startPeriod=2021-06-16,ok,2026-06-16 04:50:51.494909
EUR,,2Y,2024-08-12,2.4018433469,ecb_yield_curve_aaa,YC.B.U2.EUR.4F.G_N_A.SV_C_YM.SR_2Y,https://data-api.ecb.europa.eu/service/data/YC/B.U2.EUR.4F.G_N_A.SV_C_YM.SR_2Y?format=csvdata&startPeriod=2021-06-16,ok,2026-06-16 04:50:51.494909
EUR,,2Y,2024-08-13,2.3682264916,ecb_yield_curve_aaa,YC.B.U2.EUR.4F.G_N_A.SV_C_YM.SR_2Y,https://data-api.ecb.europa.eu/service/data/YC/B.U2.EUR.4F.G_N_A.SV_C_YM.SR_2Y?format=csvdata&startPeriod=2021-06-16,ok,2026-06-16 04:50:51.494909
EUR,,2Y,2024-08-14,2.3650988634,ecb_yield_curve_aaa,YC.B.U2.EUR.4F.G_N_A.SV_C_YM.SR_2Y,https://data-api.ecb.europa.eu/service/data/YC/B.U2.EUR.4F.G_N_A.SV_C_YM.SR_2Y?format=csvdata&startPeriod=2021-06-16,ok,2026-06-16 04:50:51.494909
EUR,,2Y,2024-08-15,2.4398204079,ecb_yield_curve_aaa,YC.B.U2.EUR.4F.G_N_A.SV_C_YM.SR_2Y,https://data-api.ecb.europa.eu/service/data/YC/B.U2.EUR.4F.G_N_A.SV_C_YM.SR_2Y?format=csvdata&startPeriod=2021-06-16,ok,2026-06-16 04:50:51.494909
EUR,,2Y,2024-08-16,2.4216635162,ecb_yield_curve_aaa,YC.B.U2.EUR.4F.G_N_A.SV_C_YM.SR_2Y,https://data-api.ecb.europa.eu/service/data/YC/B.U2.EUR.4F.G_N_A.SV_C_YM.SR_2Y?format=csvdata&startPeriod=2021-06-16,ok,2026-06-16 04:50:51.494909
EUR,,2Y,2024-08-19,2.4232229273,ecb_yield_curve_aaa,YC.B.U2.EUR.4F.G_N_A.SV_C_YM.SR_2Y,https://data-api.ecb.europa.eu/service/data/YC/B.U2.EUR.4F.G_N_A.SV_C_YM.SR_2Y?format=csvdata&startPeriod=2021-06-16,ok,2026-06-16 04:50:51.494909
EUR,,2Y,2024-08-20,2.3907306734,ecb_yield_curve_aaa,YC.B.U2.EUR.4F.G_N_A.SV_C_YM.SR_2Y,https://data-api.ecb.europa.eu/service/data/YC/B.U2.EUR.4F.G_N_A.SV_C_YM.SR_2Y?format=csvdata&startPeriod=2021-06-16,ok,2026-06-16 04:50:51.494909
EUR,,2Y,2024-08-21,2.3497079812,ecb_yield_curve_aaa,YC.B.U2.EUR.4F.G_N_A.SV_C_YM.SR_2Y,https://data-api.ecb.europa.eu/service/data/YC/B.U2.EUR.4F.G_N_A.SV_C_YM.SR_2Y?format=csvdata&startPeriod=2021-06-16,ok,2026-06-16 04:50:51.494909
EUR,,2Y,2024-08-22,2.3542595388,ecb_yield_curve_aaa,YC.B.U2.EUR.4F.G_N_A.SV_C_YM.SR_2Y,https://data-api.ecb.europa.eu/service/data/YC/B.U2.EUR.4F.G_N_A.SV_C_YM.SR_2Y?format=csvdata&startPeriod=2021-06-16,ok,2026-06-16 04:50:51.494909
EUR,,2Y,2024-08-23,2.381168929,ecb_yield_curve_aaa,YC.B.U2.EUR.4F.G_N_A.SV_C_YM.SR_2Y,https://data-api.ecb.europa.eu/service/data/YC/B.U2.EUR.4F.G_N_A.SV_C_YM.SR_2Y?format=csvdata&startPeriod=2021-06-16,ok,2026-06-16 04:50:51.494909
EUR,,2Y,2024-08-26,2.369541087,ecb_yield_curve_aaa,YC.B.U2.EUR.4F.G_N_A.SV_C_YM.SR_2Y,https://data-api.ecb.europa.eu/service/data/YC/B.U2.EUR.4F.G_N_A.SV_C_YM.SR_2Y?format=csvdata&startPeriod=2021-06-16,ok,2026-06-16 04:50:51.494909
EUR,,2Y,2024-08-27,2.3926134933,ecb_yield_curve_aaa,YC.B.U2.EUR.4F.G_N_A.SV_C_YM.SR_2Y,https://data-api.ecb.europa.eu/service/data/YC/B.U2.EUR.4F.G_N_A.SV_C_YM.SR_2Y?format=csvdata&startPeriod=2021-06-16,ok,2026-06-16 04:50:51.494909
EUR,,2Y,2024-08-28,2.3545063473,ecb_yield_curve_aaa,YC.B.U2.EUR.4F.G_N_A.SV_C_YM.SR_2Y,https://data-api.ecb.europa.eu/service/data/YC/B.U2.EUR.4F.G_N_A.SV_C_YM.SR_2Y?format=csvdata&startPeriod=2021-06-16,ok,2026-06-16 04:50:51.494909
EUR,,2Y,2024-08-29,2.3180484558,ecb_yield_curve_aaa,YC.B.U2.EUR.4F.G_N_A.SV_C_YM.SR_2Y,https://data-api.ecb.europa.eu/service/data/YC/B.U2.EUR.4F.G_N_A.SV_C_YM.SR_2Y?format=csvdata&startPeriod=2021-06-16,ok,2026-06-16 04:50:51.494909
EUR,,2Y,2024-08-30,2.3591456102,ecb_yield_curve_aaa,YC.B.U2.EUR.4F.G_N_A.SV_C_YM.SR_2Y,https://data-api.ecb.europa.eu/service/data/YC/B.U2.EUR.4F.G_N_A.SV_C_YM.SR_2Y?format=csvdata&startPeriod=2021-06-16,ok,2026-06-16 04:50:51.494909
EUR,,2Y,2024-09-02,2.3984183282,ecb_yield_curve_aaa,YC.B.U2.EUR.4F.G_N_A.SV_C_YM.SR_2Y,https://data-api.ecb.europa.eu/service/data/YC/B.U2.EUR.4F.G_N_A.SV_C_YM.SR_2Y?format=csvdata&startPeriod=2021-06-16,ok,2026-06-16 04:50:51.494909
EUR,,2Y,2024-09-03,2.381162134,ecb_yield_curve_aaa,YC.B.U2.EUR.4F.G_N_A.SV_C_YM.SR_2Y,https://data-api.ecb.europa.eu/service/data/YC/B.U2.EUR.4F.G_N_A.SV_C_YM.SR_2Y?format=csvdata&startPeriod=2021-06-16,ok,2026-06-16 04:50:51.494909
EUR,,2Y,2024-09-04,2.3375777023,ecb_yield_curve_aaa,YC.B.U2.EUR.4F.G_N_A.SV_C_YM.SR_2Y,https://data-api.ecb.europa.eu/service/data/YC/B.U2.EUR.4F.G_N_A.SV_C_YM.SR_2Y?format=csvdata&startPeriod=2021-06-16,ok,2026-06-16 04:50:51.494909
EUR,,2Y,2024-09-05,2.2623239828,ecb_yield_curve_aaa,YC.B.U2.EUR.4F.G_N_A.SV_C_YM.SR_2Y,https://data-api.ecb.europa.eu/service/data/YC/B.U2.EUR.4F.G_N_A.SV_C_YM.SR_2Y?format=csvdata&startPeriod=2021-06-16,ok,2026-06-16 04:50:51.494909
EUR,,2Y,2024-09-06,2.2812464132,ecb_yield_curve_aaa,YC.B.U2.EUR.4F.G_N_A.SV_C_YM.SR_2Y,https://data-api.ecb.europa.eu/service/data/YC/B.U2.EUR.4F.G_N_A.SV_C_YM.SR_2Y?format=csvdata&startPeriod=2021-06-16,ok,2026-06-16 04:50:51.494909
EUR,,2Y,2024-09-09,2.2272159765,ecb_yield_curve_aaa,YC.B.U2.EUR.4F.G_N_A.SV_C_YM.SR_2Y,https://data-api.ecb.europa.eu/service/data/YC/B.U2.EUR.4F.G_N_A.SV_C_YM.SR_2Y?format=csvdata&startPeriod=2021-06-16,ok,2026-06-16 04:50:51.494909
EUR,,2Y,2024-09-10,2.2133271902,ecb_yield_curve_aaa,YC.B.U2.EUR.4F.G_N_A.SV_C_YM.SR_2Y,https://data-api.ecb.europa.eu/service/data/YC/B.U2.EUR.4F.G_N_A.SV_C_YM.SR_2Y?format=csvdata&startPeriod=2021-06-16,ok,2026-06-16 04:50:51.494909
EUR,,2Y,2024-09-11,2.1390237934,ecb_yield_curve_aaa,YC.B.U2.EUR.4F.G_N_A.SV_C_YM.SR_2Y,https://data-api.ecb.europa.eu/service/data/YC/B.U2.EUR.4F.G_N_A.SV_C_YM.SR_2Y?format=csvdata&startPeriod=2021-06-16,ok,2026-06-16 04:50:51.494909
EUR,,2Y,2024-09-12,2.1754847132,ecb_yield_curve_aaa,YC.B.U2.EUR.4F.G_N_A.SV_C_YM.SR_2Y,https://data-api.ecb.europa.eu/service/data/YC/B.U2.EUR.4F.G_N_A.SV_C_YM.SR_2Y?format=csvdata&startPeriod=2021-06-16,ok,2026-06-16 04:50:51.494909
EUR,,2Y,2024-09-13,2.1629372456,ecb_yield_curve_aaa,YC.B.U2.EUR.4F.G_N_A.SV_C_YM.SR_2Y,https://data-api.ecb.europa.eu/service/data/YC/B.U2.EUR.4F.G_N_A.SV_C_YM.SR_2Y?format=csvdata&startPeriod=2021-06-16,ok,2026-06-16 04:50:51.494909
EUR,,2Y,2024-09-16,2.1777910624,ecb_yield_curve_aaa,YC.B.U2.EUR.4F.G_N_A.SV_C_YM.SR_2Y,https://data-api.ecb.europa.eu/service/data/YC/B.U2.EUR.4F.G_N_A.SV_C_YM.SR_2Y?format=csvdata&startPeriod=2021-06-16,ok,2026-06-16 04:50:51.494909
EUR,,2Y,2024-09-17,2.1607422865,ecb_yield_curve_aaa,YC.B.U2.EUR.4F.G_N_A.SV_C_YM.SR_2Y,https://data-api.ecb.europa.eu/service/data/YC/B.U2.EUR.4F.G_N_A.SV_C_YM.SR_2Y?format=csvdata&startPeriod=2021-06-16,ok,2026-06-16 04:50:51.494909
EUR,,2Y,2024-09-18,2.2050798971,ecb_yield_curve_aaa,YC.B.U2.EUR.4F.G_N_A.SV_C_YM.SR_2Y,https://data-api.ecb.europa.eu/service/data/YC/B.U2.EUR.4F.G_N_A.SV_C_YM.SR_2Y?format=csvdata&startPeriod=2021-06-16,ok,2026-06-16 04:50:51.494909
EUR,,2Y,2024-09-19,2.1915578525,ecb_yield_curve_aaa,YC.B.U2.EUR.4F.G_N_A.SV_C_YM.SR_2Y,https://data-api.ecb.europa.eu/service/data/YC/B.U2.EUR.4F.G_N_A.SV_C_YM.SR_2Y?format=csvdata&startPeriod=2021-06-16,ok,2026-06-16 04:50:51.494909
EUR,,2Y,2024-09-20,2.2099509708,ecb_yield_curve_aaa,YC.B.U2.EUR.4F.G_N_A.SV_C_YM.SR_2Y,https://data-api.ecb.europa.eu/service/data/YC/B.U2.EUR.4F.G_N_A.SV_C_YM.SR_2Y?format=csvdata&startPeriod=2021-06-16,ok,2026-06-16 04:50:51.494909
EUR,,2Y,2024-09-23,2.1511405872,ecb_yield_curve_aaa,YC.B.U2.EUR.4F.G_N_A.SV_C_YM.SR_2Y,https://data-api.ecb.europa.eu/service/data/YC/B.U2.EUR.4F.G_N_A.SV_C_YM.SR_2Y?format=csvdata&startPeriod=2021-06-16,ok,2026-06-16 04:50:51.494909
EUR,,2Y,2024-09-24,2.0943300472,ecb_yield_curve_aaa,YC.B.U2.EUR.4F.G_N_A.SV_C_YM.SR_2Y,https://data-api.ecb.europa.eu/service/data/YC/B.U2.EUR.4F.G_N_A.SV_C_YM.SR_2Y?format=csvdata&startPeriod=2021-06-16,ok,2026-06-16 04:50:51.494909
EUR,,2Y,2024-09-25,2.0974194602,ecb_yield_curve_aaa,YC.B.U2.EUR.4F.G_N_A.SV_C_YM.SR_2Y,https://data-api.ecb.europa.eu/service/data/YC/B.U2.EUR.4F.G_N_A.SV_C_YM.SR_2Y?format=csvdata&startPeriod=2021-06-16,ok,2026-06-16 04:50:51.494909
EUR,,2Y,2024-09-26,2.0416181686,ecb_yield_curve_aaa,YC.B.U2.EUR.4F.G_N_A.SV_C_YM.SR_2Y,https://data-api.ecb.europa.eu/service/data/YC/B.U2.EUR.4F.G_N_A.SV_C_YM.SR_2Y?format=csvdata&startPeriod=2021-06-16,ok,2026-06-16 04:50:51.494909
EUR,,2Y,2024-09-27,2.0119940033,ecb_yield_curve_aaa,YC.B.U2.EUR.4F.G_N_A.SV_C_YM.SR_2Y,https://data-api.ecb.europa.eu/service/data/YC/B.U2.EUR.4F.G_N_A.SV_C_YM.SR_2Y?format=csvdata&startPeriod=2021-06-16,ok,2026-06-16 04:50:51.494909
EUR,,2Y,2024-09-30,2.0342844512,ecb_yield_curve_aaa,YC.B.U2.EUR.4F.G_N_A.SV_C_YM.SR_2Y,https://data-api.ecb.europa.eu/service/data/YC/B.U2.EUR.4F.G_N_A.SV_C_YM.SR_2Y?format=csvdata&startPeriod=2021-06-16,ok,2026-06-16 04:50:51.494909
EUR,,2Y,2024-10-01,1.9456250509,ecb_yield_curve_aaa,YC.B.U2.EUR.4F.G_N_A.SV_C_YM.SR_2Y,https://data-api.ecb.europa.eu/service/data/YC/B.U2.EUR.4F.G_N_A.SV_C_YM.SR_2Y?format=csvdata&startPeriod=2021-06-16,ok,2026-06-16 04:50:51.494909
EUR,,2Y,2024-10-02,2.0007264821,ecb_yield_curve_aaa,YC.B.U2.EUR.4F.G_N_A.SV_C_YM.SR_2Y,https://data-api.ecb.europa.eu/service/data/YC/B.U2.EUR.4F.G_N_A.SV_C_YM.SR_2Y?format=csvdata&startPeriod=2021-06-16,ok,2026-06-16 04:50:51.494909
EUR,,2Y,2024-10-03,2.0212892241,ecb_yield_curve_aaa,YC.B.U2.EUR.4F.G_N_A.SV_C_YM.SR_2Y,https://data-api.ecb.europa.eu/service/data/YC/B.U2.EUR.4F.G_N_A.SV_C_YM.SR_2Y?format=csvdata&startPeriod=2021-06-16,ok,2026-06-16 04:50:51.494909
EUR,,2Y,2024-10-04,2.1022005749,ecb_yield_curve_aaa,YC.B.U2.EUR.4F.G_N_A.SV_C_YM.SR_2Y,https://data-api.ecb.europa.eu/service/data/YC/B.U2.EUR.4F.G_N_A.SV_C_YM.SR_2Y?format=csvdata&startPeriod=2021-06-16,ok,2026-06-16 04:50:51.494909
EUR,,2Y,2024-10-07,2.1576127679,ecb_yield_curve_aaa,YC.B.U2.EUR.4F.G_N_A.SV_C_YM.SR_2Y,https://data-api.ecb.europa.eu/service/data/YC/B.U2.EUR.4F.G_N_A.SV_C_YM.SR_2Y?format=csvdata&startPeriod=2021-06-16,ok,2026-06-16 04:50:51.494909
EUR,,2Y,2024-10-08,2.1763718703,ecb_yield_curve_aaa,YC.B.U2.EUR.4F.G_N_A.SV_C_YM.SR_2Y,https://data-api.ecb.europa.eu/service/data/YC/B.U2.EUR.4F.G_N_A.SV_C_YM.SR_2Y?format=csvdata&startPeriod=2021-06-16,ok,2026-06-16 04:50:51.494909
EUR,,2Y,2024-10-09,2.1768275104,ecb_yield_curve_aaa,YC.B.U2.EUR.4F.G_N_A.SV_C_YM.SR_2Y,https://data-api.ecb.europa.eu/service/data/YC/B.U2.EUR.4F.G_N_A.SV_C_YM.SR_2Y?format=csvdata&startPeriod=2021-06-16,ok,2026-06-16 04:50:51.494909
EUR,,2Y,2024-10-10,2.1884832799,ecb_yield_curve_aaa,YC.B.U2.EUR.4F.G_N_A.SV_C_YM.SR_2Y,https://data-api.ecb.europa.eu/service/data/YC/B.U2.EUR.4F.G_N_A.SV_C_YM.SR_2Y?format=csvdata&startPeriod=2021-06-16,ok,2026-06-16 04:50:51.494909
EUR,,2Y,2024-10-11,2.1920214757,ecb_yield_curve_aaa,YC.B.U2.EUR.4F.G_N_A.SV_C_YM.SR_2Y,https://data-api.ecb.europa.eu/service/data/YC/B.U2.EUR.4F.G_N_A.SV_C_YM.SR_2Y?format=csvdata&startPeriod=2021-06-16,ok,2026-06-16 04:50:51.494909
EUR,,2Y,2024-10-14,2.1784237067,ecb_yield_curve_aaa,YC.B.U2.EUR.4F.G_N_A.SV_C_YM.SR_2Y,https://data-api.ecb.europa.eu/service/data/YC/B.U2.EUR.4F.G_N_A.SV_C_YM.SR_2Y?format=csvdata&startPeriod=2021-06-16,ok,2026-06-16 04:50:51.494909
EUR,,2Y,2024-10-15,2.1480490822,ecb_yield_curve_aaa,YC.B.U2.EUR.4F.G_N_A.SV_C_YM.SR_2Y,https://data-api.ecb.europa.eu/service/data/YC/B.U2.EUR.4F.G_N_A.SV_C_YM.SR_2Y?format=csvdata&startPeriod=2021-06-16,ok,2026-06-16 04:50:51.494909
EUR,,2Y,2024-10-16,2.1075010731,ecb_yield_curve_aaa,YC.B.U2.EUR.4F.G_N_A.SV_C_YM.SR_2Y,https://data-api.ecb.europa.eu/service/data/YC/B.U2.EUR.4F.G_N_A.SV_C_YM.SR_2Y?format=csvdata&startPeriod=2021-06-16,ok,2026-06-16 04:50:51.494909
EUR,,2Y,2024-10-17,2.1011632395,ecb_yield_curve_aaa,YC.B.U2.EUR.4F.G_N_A.SV_C_YM.SR_2Y,https://data-api.ecb.europa.eu/service/data/YC/B.U2.EUR.4F.G_N_A.SV_C_YM.SR_2Y?format=csvdata&startPeriod=2021-06-16,ok,2026-06-16 04:50:51.494909
EUR,,2Y,2024-10-18,2.0328800201,ecb_yield_curve_aaa,YC.B.U2.EUR.4F.G_N_A.SV_C_YM.SR_2Y,https://data-api.ecb.europa.eu/service/data/YC/B.U2.EUR.4F.G_N_A.SV_C_YM.SR_2Y?format=csvdata&startPeriod=2021-06-16,ok,2026-06-16 04:50:51.494909
EUR,,2Y,2024-10-21,2.1254694639,ecb_yield_curve_aaa,YC.B.U2.EUR.4F.G_N_A.SV_C_YM.SR_2Y,https://data-api.ecb.europa.eu/service/data/YC/B.U2.EUR.4F.G_N_A.SV_C_YM.SR_2Y?format=csvdata&startPeriod=2021-06-16,ok,2026-06-16 04:50:51.494909
EUR,,2Y,2024-10-22,2.1273525065,ecb_yield_curve_aaa,YC.B.U2.EUR.4F.G_N_A.SV_C_YM.SR_2Y,https://data-api.ecb.europa.eu/service/data/YC/B.U2.EUR.4F.G_N_A.SV_C_YM.SR_2Y?format=csvdata&startPeriod=2021-06-16,ok,2026-06-16 04:50:51.494909
EUR,,2Y,2024-10-23,2.0778460531,ecb_yield_curve_aaa,YC.B.U2.EUR.4F.G_N_A.SV_C_YM.SR_2Y,https://data-api.ecb.europa.eu/service/data/YC/B.U2.EUR.4F.G_N_A.SV_C_YM.SR_2Y?format=csvdata&startPeriod=2021-06-16,ok,2026-06-16 04:50:51.494909
EUR,,2Y,2024-10-24,2.0604909137,ecb_yield_curve_aaa,YC.B.U2.EUR.4F.G_N_A.SV_C_YM.SR_2Y,https://data-api.ecb.europa.eu/service/data/YC/B.U2.EUR.4F.G_N_A.SV_C_YM.SR_2Y?format=csvdata&startPeriod=2021-06-16,ok,2026-06-16 04:50:51.494909
EUR,,2Y,2024-10-25,2.0891054524,ecb_yield_curve_aaa,YC.B.U2.EUR.4F.G_N_A.SV_C_YM.SR_2Y,https://data-api.ecb.europa.eu/service/data/YC/B.U2.EUR.4F.G_N_A.SV_C_YM.SR_2Y?format=csvdata&startPeriod=2021-06-16,ok,2026-06-16 04:50:51.494909
EUR,,2Y,2024-10-28,2.047174035,ecb_yield_curve_aaa,YC.B.U2.EUR.4F.G_N_A.SV_C_YM.SR_2Y,https://data-api.ecb.europa.eu/service/data/YC/B.U2.EUR.4F.G_N_A.SV_C_YM.SR_2Y?format=csvdata&startPeriod=2021-06-16,ok,2026-06-16 04:50:51.494909
EUR,,2Y,2024-10-29,2.0905380679,ecb_yield_curve_aaa,YC.B.U2.EUR.4F.G_N_A.SV_C_YM.SR_2Y,https://data-api.ecb.europa.eu/service/data/YC/B.U2.EUR.4F.G_N_A.SV_C_YM.SR_2Y?format=csvdata&startPeriod=2021-06-16,ok,2026-06-16 04:50:51.494909
EUR,,2Y,2024-10-30,2.1631326224,ecb_yield_curve_aaa,YC.B.U2.EUR.4F.G_N_A.SV_C_YM.SR_2Y,https://data-api.ecb.europa.eu/service/data/YC/B.U2.EUR.4F.G_N_A.SV_C_YM.SR_2Y?format=csvdata&startPeriod=2021-06-16,ok,2026-06-16 04:50:51.494909
EUR,,2Y,2024-10-31,2.2433129773,ecb_yield_curve_aaa,YC.B.U2.EUR.4F.G_N_A.SV_C_YM.SR_2Y,https://data-api.ecb.europa.eu/service/data/YC/B.U2.EUR.4F.G_N_A.SV_C_YM.SR_2Y?format=csvdata&startPeriod=2021-06-16,ok,2026-06-16 04:50:51.494909
EUR,,2Y,2024-11-01,2.1952562375,ecb_yield_curve_aaa,YC.B.U2.EUR.4F.G_N_A.SV_C_YM.SR_2Y,https://data-api.ecb.europa.eu/service/data/YC/B.U2.EUR.4F.G_N_A.SV_C_YM.SR_2Y?format=csvdata&startPeriod=2021-06-16,ok,2026-06-16 04:50:51.494909
EUR,,2Y,2024-11-04,2.2221182741,ecb_yield_curve_aaa,YC.B.U2.EUR.4F.G_N_A.SV_C_YM.SR_2Y,https://data-api.ecb.europa.eu/service/data/YC/B.U2.EUR.4F.G_N_A.SV_C_YM.SR_2Y?format=csvdata&startPeriod=2021-06-16,ok,2026-06-16 04:50:51.494909
EUR,,2Y,2024-11-05,2.2263637944,ecb_yield_curve_aaa,YC.B.U2.EUR.4F.G_N_A.SV_C_YM.SR_2Y,https://data-api.ecb.europa.eu/service/data/YC/B.U2.EUR.4F.G_N_A.SV_C_YM.SR_2Y?format=csvdata&startPeriod=2021-06-16,ok,2026-06-16 04:50:51.494909
EUR,,2Y,2024-11-06,2.1549863148,ecb_yield_curve_aaa,YC.B.U2.EUR.4F.G_N_A.SV_C_YM.SR_2Y,https://data-api.ecb.europa.eu/service/data/YC/B.U2.EUR.4F.G_N_A.SV_C_YM.SR_2Y?format=csvdata&startPeriod=2021-06-16,ok,2026-06-16 04:50:51.494909
EUR,,2Y,2024-11-07,2.1580280616,ecb_yield_curve_aaa,YC.B.U2.EUR.4F.G_N_A.SV_C_YM.SR_2Y,https://data-api.ecb.europa.eu/service/data/YC/B.U2.EUR.4F.G_N_A.SV_C_YM.SR_2Y?format=csvdata&startPeriod=2021-06-16,ok,2026-06-16 04:50:51.494909
EUR,,2Y,2024-11-08,2.1485568177,ecb_yield_curve_aaa,YC.B.U2.EUR.4F.G_N_A.SV_C_YM.SR_2Y,https://data-api.ecb.europa.eu/service/data/YC/B.U2.EUR.4F.G_N_A.SV_C_YM.SR_2Y?format=csvdata&startPeriod=2021-06-16,ok,2026-06-16 04:50:51.494909
EUR,,2Y,2024-11-11,2.0986940577,ecb_yield_curve_aaa,YC.B.U2.EUR.4F.G_N_A.SV_C_YM.SR_2Y,https://data-api.ecb.europa.eu/service/data/YC/B.U2.EUR.4F.G_N_A.SV_C_YM.SR_2Y?format=csvdata&startPeriod=2021-06-16,ok,2026-06-16 04:50:51.494909
EUR,,2Y,2024-11-12,2.0692720316,ecb_yield_curve_aaa,YC.B.U2.EUR.4F.G_N_A.SV_C_YM.SR_2Y,https://data-api.ecb.europa.eu/service/data/YC/B.U2.EUR.4F.G_N_A.SV_C_YM.SR_2Y?format=csvdata&startPeriod=2021-06-16,ok,2026-06-16 04:50:51.494909
EUR,,2Y,2024-11-13,2.0985880386,ecb_yield_curve_aaa,YC.B.U2.EUR.4F.G_N_A.SV_C_YM.SR_2Y,https://data-api.ecb.europa.eu/service/data/YC/B.U2.EUR.4F.G_N_A.SV_C_YM.SR_2Y?format=csvdata&startPeriod=2021-06-16,ok,2026-06-16 04:50:51.494909
EUR,,2Y,2024-11-14,2.0649425177,ecb_yield_curve_aaa,YC.B.U2.EUR.4F.G_N_A.SV_C_YM.SR_2Y,https://data-api.ecb.europa.eu/service/data/YC/B.U2.EUR.4F.G_N_A.SV_C_YM.SR_2Y?format=csvdata&startPeriod=2021-06-16,ok,2026-06-16 04:50:51.494909
EUR,,2Y,2024-11-15,2.087979243,ecb_yield_curve_aaa,YC.B.U2.EUR.4F.G_N_A.SV_C_YM.SR_2Y,https://data-api.ecb.europa.eu/service/data/YC/B.U2.EUR.4F.G_N_A.SV_C_YM.SR_2Y?format=csvdata&startPeriod=2021-06-16,ok,2026-06-16 04:50:51.494909
EUR,,2Y,2024-11-18,2.1396008737,ecb_yield_curve_aaa,YC.B.U2.EUR.4F.G_N_A.SV_C_YM.SR_2Y,https://data-api.ecb.europa.eu/service/data/YC/B.U2.EUR.4F.G_N_A.SV_C_YM.SR_2Y?format=csvdata&startPeriod=2021-06-16,ok,2026-06-16 04:50:51.494909
EUR,,2Y,2024-11-19,2.100254494,ecb_yield_curve_aaa,YC.B.U2.EUR.4F.G_N_A.SV_C_YM.SR_2Y,https://data-api.ecb.europa.eu/service/data/YC/B.U2.EUR.4F.G_N_A.SV_C_YM.SR_2Y?format=csvdata&startPeriod=2021-06-16,ok,2026-06-16 04:50:51.494909
EUR,,2Y,2024-11-20,2.1028413895,ecb_yield_curve_aaa,YC.B.U2.EUR.4F.G_N_A.SV_C_YM.SR_2Y,https://data-api.ecb.europa.eu/service/data/YC/B.U2.EUR.4F.G_N_A.SV_C_YM.SR_2Y?format=csvdata&startPeriod=2021-06-16,ok,2026-06-16 04:50:51.494909
EUR,,2Y,2024-11-21,2.0626525434,ecb_yield_curve_aaa,YC.B.U2.EUR.4F.G_N_A.SV_C_YM.SR_2Y,https://data-api.ecb.europa.eu/service/data/YC/B.U2.EUR.4F.G_N_A.SV_C_YM.SR_2Y?format=csvdata&startPeriod=2021-06-16,ok,2026-06-16 04:50:51.494909
EUR,,2Y,2024-11-22,1.9917460703,ecb_yield_curve_aaa,YC.B.U2.EUR.4F.G_N_A.SV_C_YM.SR_2Y,https://data-api.ecb.europa.eu/service/data/YC/B.U2.EUR.4F.G_N_A.SV_C_YM.SR_2Y?format=csvdata&startPeriod=2021-06-16,ok,2026-06-16 04:50:51.494909
EUR,,2Y,2024-11-25,1.9688081202,ecb_yield_curve_aaa,YC.B.U2.EUR.4F.G_N_A.SV_C_YM.SR_2Y,https://data-api.ecb.europa.eu/service/data/YC/B.U2.EUR.4F.G_N_A.SV_C_YM.SR_2Y?format=csvdata&startPeriod=2021-06-16,ok,2026-06-16 04:50:51.494909
EUR,,2Y,2024-11-26,2.0073401995,ecb_yield_curve_aaa,YC.B.U2.EUR.4F.G_N_A.SV_C_YM.SR_2Y,https://data-api.ecb.europa.eu/service/data/YC/B.U2.EUR.4F.G_N_A.SV_C_YM.SR_2Y?format=csvdata&startPeriod=2021-06-16,ok,2026-06-16 04:50:51.494909
EUR,,2Y,2024-11-27,1.9921060501,ecb_yield_curve_aaa,YC.B.U2.EUR.4F.G_N_A.SV_C_YM.SR_2Y,https://data-api.ecb.europa.eu/service/data/YC/B.U2.EUR.4F.G_N_A.SV_C_YM.SR_2Y?format=csvdata&startPeriod=2021-06-16,ok,2026-06-16 04:50:51.494909
EUR,,2Y,2024-11-28,1.971644599,ecb_yield_curve_aaa,YC.B.U2.EUR.4F.G_N_A.SV_C_YM.SR_2Y,https://data-api.ecb.europa.eu/service/data/YC/B.U2.EUR.4F.G_N_A.SV_C_YM.SR_2Y?format=csvdata&startPeriod=2021-06-16,ok,2026-06-16 04:50:51.494909
EUR,,2Y,2024-11-29,1.9120084184,ecb_yield_curve_aaa,YC.B.U2.EUR.4F.G_N_A.SV_C_YM.SR_2Y,https://data-api.ecb.europa.eu/service/data/YC/B.U2.EUR.4F.G_N_A.SV_C_YM.SR_2Y?format=csvdata&startPeriod=2021-06-16,ok,2026-06-16 04:50:51.494909
EUR,,2Y,2024-12-02,1.8564459333,ecb_yield_curve_aaa,YC.B.U2.EUR.4F.G_N_A.SV_C_YM.SR_2Y,https://data-api.ecb.europa.eu/service/data/YC/B.U2.EUR.4F.G_N_A.SV_C_YM.SR_2Y?format=csvdata&startPeriod=2021-06-16,ok,2026-06-16 04:50:51.494909
EUR,,2Y,2024-12-03,1.8753282922,ecb_yield_curve_aaa,YC.B.U2.EUR.4F.G_N_A.SV_C_YM.SR_2Y,https://data-api.ecb.europa.eu/service/data/YC/B.U2.EUR.4F.G_N_A.SV_C_YM.SR_2Y?format=csvdata&startPeriod=2021-06-16,ok,2026-06-16 04:50:51.494909
EUR,,2Y,2024-12-04,1.9043105134,ecb_yield_curve_aaa,YC.B.U2.EUR.4F.G_N_A.SV_C_YM.SR_2Y,https://data-api.ecb.europa.eu/service/data/YC/B.U2.EUR.4F.G_N_A.SV_C_YM.SR_2Y?format=csvdata&startPeriod=2021-06-16,ok,2026-06-16 04:50:51.494909
EUR,,2Y,2024-12-05,1.9630802353,ecb_yield_curve_aaa,YC.B.U2.EUR.4F.G_N_A.SV_C_YM.SR_2Y,https://data-api.ecb.europa.eu/service/data/YC/B.U2.EUR.4F.G_N_A.SV_C_YM.SR_2Y?format=csvdata&startPeriod=2021-06-16,ok,2026-06-16 04:50:51.494909
EUR,,2Y,2024-12-06,1.9622855999,ecb_yield_curve_aaa,YC.B.U2.EUR.4F.G_N_A.SV_C_YM.SR_2Y,https://data-api.ecb.europa.eu/service/data/YC/B.U2.EUR.4F.G_N_A.SV_C_YM.SR_2Y?format=csvdata&startPeriod=2021-06-16,ok,2026-06-16 04:50:51.494909
EUR,,2Y,2024-12-09,1.9488705956,ecb_yield_curve_aaa,YC.B.U2.EUR.4F.G_N_A.SV_C_YM.SR_2Y,https://data-api.ecb.europa.eu/service/data/YC/B.U2.EUR.4F.G_N_A.SV_C_YM.SR_2Y?format=csvdata&startPeriod=2021-06-16,ok,2026-06-16 04:50:51.494909
EUR,,2Y,2024-12-10,1.9444423681,ecb_yield_curve_aaa,YC.B.U2.EUR.4F.G_N_A.SV_C_YM.SR_2Y,https://data-api.ecb.europa.eu/service/data/YC/B.U2.EUR.4F.G_N_A.SV_C_YM.SR_2Y?format=csvdata&startPeriod=2021-06-16,ok,2026-06-16 04:50:51.494909
EUR,,2Y,2024-12-11,1.9140376769,ecb_yield_curve_aaa,YC.B.U2.EUR.4F.G_N_A.SV_C_YM.SR_2Y,https://data-api.ecb.europa.eu/service/data/YC/B.U2.EUR.4F.G_N_A.SV_C_YM.SR_2Y?format=csvdata&startPeriod=2021-06-16,ok,2026-06-16 04:50:51.494909
EUR,,2Y,2024-12-12,1.9672665227,ecb_yield_curve_aaa,YC.B.U2.EUR.4F.G_N_A.SV_C_YM.SR_2Y,https://data-api.ecb.europa.eu/service/data/YC/B.U2.EUR.4F.G_N_A.SV_C_YM.SR_2Y?format=csvdata&startPeriod=2021-06-16,ok,2026-06-16 04:50:51.494909
EUR,,2Y,2024-12-13,1.9997336276,ecb_yield_curve_aaa,YC.B.U2.EUR.4F.G_N_A.SV_C_YM.SR_2Y,https://data-api.ecb.europa.eu/service/data/YC/B.U2.EUR.4F.G_N_A.SV_C_YM.SR_2Y?format=csvdata&startPeriod=2021-06-16,ok,2026-06-16 04:50:51.494909
EUR,,2Y,2024-12-16,2.000605868,ecb_yield_curve_aaa,YC.B.U2.EUR.4F.G_N_A.SV_C_YM.SR_2Y,https://data-api.ecb.europa.eu/service/data/YC/B.U2.EUR.4F.G_N_A.SV_C_YM.SR_2Y?format=csvdata&startPeriod=2021-06-16,ok,2026-06-16 04:50:51.494909
EUR,,2Y,2024-12-17,1.9851802289,ecb_yield_curve_aaa,YC.B.U2.EUR.4F.G_N_A.SV_C_YM.SR_2Y,https://data-api.ecb.europa.eu/service/data/YC/B.U2.EUR.4F.G_N_A.SV_C_YM.SR_2Y?format=csvdata&startPeriod=2021-06-16,ok,2026-06-16 04:50:51.494909
EUR,,2Y,2024-12-18,1.9759524375,ecb_yield_curve_aaa,YC.B.U2.EUR.4F.G_N_A.SV_C_YM.SR_2Y,https://data-api.ecb.europa.eu/service/data/YC/B.U2.EUR.4F.G_N_A.SV_C_YM.SR_2Y?format=csvdata&startPeriod=2021-06-16,ok,2026-06-16 04:50:51.494909
EUR,,2Y,2024-12-19,2.0137551282,ecb_yield_curve_aaa,YC.B.U2.EUR.4F.G_N_A.SV_C_YM.SR_2Y,https://data-api.ecb.europa.eu/service/data/YC/B.U2.EUR.4F.G_N_A.SV_C_YM.SR_2Y?format=csvdata&startPeriod=2021-06-16,ok,2026-06-16 04:50:51.494909
EUR,,2Y,2024-12-20,1.960729092,ecb_yield_curve_aaa,YC.B.U2.EUR.4F.G_N_A.SV_C_YM.SR_2Y,https://data-api.ecb.europa.eu/service/data/YC/B.U2.EUR.4F.G_N_A.SV_C_YM.SR_2Y?format=csvdata&startPeriod=2021-06-16,ok,2026-06-16 04:50:51.494909
EUR,,2Y,2024-12-23,1.9977993063,ecb_yield_curve_aaa,YC.B.U2.EUR.4F.G_N_A.SV_C_YM.SR_2Y,https://data-api.ecb.europa.eu/service/data/YC/B.U2.EUR.4F.G_N_A.SV_C_YM.SR_2Y?format=csvdata&startPeriod=2021-06-16,ok,2026-06-16 04:50:51.494909
EUR,,2Y,2024-12-24,2.0031476754,ecb_yield_curve_aaa,YC.B.U2.EUR.4F.G_N_A.SV_C_YM.SR_2Y,https://data-api.ecb.europa.eu/service/data/YC/B.U2.EUR.4F.G_N_A.SV_C_YM.SR_2Y?format=csvdata&startPeriod=2021-06-16,ok,2026-06-16 04:50:51.494909
EUR,,2Y,2024-12-27,2.0076965659,ecb_yield_curve_aaa,YC.B.U2.EUR.4F.G_N_A.SV_C_YM.SR_2Y,https://data-api.ecb.europa.eu/service/data/YC/B.U2.EUR.4F.G_N_A.SV_C_YM.SR_2Y?format=csvdata&startPeriod=2021-06-16,ok,2026-06-16 04:50:51.494909
EUR,,2Y,2024-12-30,2.0111511629,ecb_yield_curve_aaa,YC.B.U2.EUR.4F.G_N_A.SV_C_YM.SR_2Y,https://data-api.ecb.europa.eu/service/data/YC/B.U2.EUR.4F.G_N_A.SV_C_YM.SR_2Y?format=csvdata&startPeriod=2021-06-16,ok,2026-06-16 04:50:51.494909
EUR,,2Y,2025-01-02,2.0076200899,ecb_yield_curve_aaa,YC.B.U2.EUR.4F.G_N_A.SV_C_YM.SR_2Y,https://data-api.ecb.europa.eu/service/data/YC/B.U2.EUR.4F.G_N_A.SV_C_YM.SR_2Y?format=csvdata&startPeriod=2021-06-16,ok,2026-06-16 04:50:51.494909
EUR,,2Y,2025-01-03,2.0886587479,ecb_yield_curve_aaa,YC.B.U2.EUR.4F.G_N_A.SV_C_YM.SR_2Y,https://data-api.ecb.europa.eu/service/data/YC/B.U2.EUR.4F.G_N_A.SV_C_YM.SR_2Y?format=csvdata&startPeriod=2021-06-16,ok,2026-06-16 04:50:51.494909
EUR,,2Y,2025-01-06,2.1595698444,ecb_yield_curve_aaa,YC.B.U2.EUR.4F.G_N_A.SV_C_YM.SR_2Y,https://data-api.ecb.europa.eu/service/data/YC/B.U2.EUR.4F.G_N_A.SV_C_YM.SR_2Y?format=csvdata&startPeriod=2021-06-16,ok,2026-06-16 04:50:51.494909
EUR,,2Y,2025-01-07,2.103299616,ecb_yield_curve_aaa,YC.B.U2.EUR.4F.G_N_A.SV_C_YM.SR_2Y,https://data-api.ecb.europa.eu/service/data/YC/B.U2.EUR.4F.G_N_A.SV_C_YM.SR_2Y?format=csvdata&startPeriod=2021-06-16,ok,2026-06-16 04:50:51.494909
EUR,,2Y,2025-01-08,2.1490938371,ecb_yield_curve_aaa,YC.B.U2.EUR.4F.G_N_A.SV_C_YM.SR_2Y,https://data-api.ecb.europa.eu/service/data/YC/B.U2.EUR.4F.G_N_A.SV_C_YM.SR_2Y?format=csvdata&startPeriod=2021-06-16,ok,2026-06-16 04:50:51.494909
EUR,,2Y,2025-01-09,2.1646834993,ecb_yield_curve_aaa,YC.B.U2.EUR.4F.G_N_A.SV_C_YM.SR_2Y,https://data-api.ecb.europa.eu/service/data/YC/B.U2.EUR.4F.G_N_A.SV_C_YM.SR_2Y?format=csvdata&startPeriod=2021-06-16,ok,2026-06-16 04:50:51.494909
EUR,,2Y,2025-01-10,2.2202151764,ecb_yield_curve_aaa,YC.B.U2.EUR.4F.G_N_A.SV_C_YM.SR_2Y,https://data-api.ecb.europa.eu/service/data/YC/B.U2.EUR.4F.G_N_A.SV_C_YM.SR_2Y?format=csvdata&startPeriod=2021-06-16,ok,2026-06-16 04:50:51.494909
EUR,,2Y,2025-01-13,2.2442257115,ecb_yield_curve_aaa,YC.B.U2.EUR.4F.G_N_A.SV_C_YM.SR_2Y,https://data-api.ecb.europa.eu/service/data/YC/B.U2.EUR.4F.G_N_A.SV_C_YM.SR_2Y?format=csvdata&startPeriod=2021-06-16,ok,2026-06-16 04:50:51.494909
EUR,,2Y,2025-01-14,2.2686086924,ecb_yield_curve_aaa,YC.B.U2.EUR.4F.G_N_A.SV_C_YM.SR_2Y,https://data-api.ecb.europa.eu/service/data/YC/B.U2.EUR.4F.G_N_A.SV_C_YM.SR_2Y?format=csvdata&startPeriod=2021-06-16,ok,2026-06-16 04:50:51.494909
EUR,,2Y,2025-01-15,2.2012399722,ecb_yield_curve_aaa,YC.B.U2.EUR.4F.G_N_A.SV_C_YM.SR_2Y,https://data-api.ecb.europa.eu/service/data/YC/B.U2.EUR.4F.G_N_A.SV_C_YM.SR_2Y?format=csvdata&startPeriod=2021-06-16,ok,2026-06-16 04:50:51.494909
EUR,,2Y,2025-01-16,2.235734602,ecb_yield_curve_aaa,YC.B.U2.EUR.4F.G_N_A.SV_C_YM.SR_2Y,https://data-api.ecb.europa.eu/service/data/YC/B.U2.EUR.4F.G_N_A.SV_C_YM.SR_2Y?format=csvdata&startPeriod=2021-06-16,ok,2026-06-16 04:50:51.494909
EUR,,2Y,2025-01-17,2.2064343832,ecb_yield_curve_aaa,YC.B.U2.EUR.4F.G_N_A.SV_C_YM.SR_2Y,https://data-api.ecb.europa.eu/service/data/YC/B.U2.EUR.4F.G_N_A.SV_C_YM.SR_2Y?format=csvdata&startPeriod=2021-06-16,ok,2026-06-16 04:50:51.494909
EUR,,2Y,2025-01-20,2.2057366848,ecb_yield_curve_aaa,YC.B.U2.EUR.4F.G_N_A.SV_C_YM.SR_2Y,https://data-api.ecb.europa.eu/service/data/YC/B.U2.EUR.4F.G_N_A.SV_C_YM.SR_2Y?format=csvdata&startPeriod=2021-06-16,ok,2026-06-16 04:50:51.494909
EUR,,2Y,2025-01-21,2.1747840711,ecb_yield_curve_aaa,YC.B.U2.EUR.4F.G_N_A.SV_C_YM.SR_2Y,https://data-api.ecb.europa.eu/service/data/YC/B.U2.EUR.4F.G_N_A.SV_C_YM.SR_2Y?format=csvdata&startPeriod=2021-06-16,ok,2026-06-16 04:50:51.494909
EUR,,2Y,2025-01-22,2.1747840711,ecb_yield_curve_aaa,YC.B.U2.EUR.4F.G_N_A.SV_C_YM.SR_2Y,https://data-api.ecb.europa.eu/service/data/YC/B.U2.EUR.4F.G_N_A.SV_C_YM.SR_2Y?format=csvdata&startPeriod=2021-06-16,ok,2026-06-16 04:50:51.494909
EUR,,2Y,2025-01-23,2.1875774122,ecb_yield_curve_aaa,YC.B.U2.EUR.4F.G_N_A.SV_C_YM.SR_2Y,https://data-api.ecb.europa.eu/service/data/YC/B.U2.EUR.4F.G_N_A.SV_C_YM.SR_2Y?format=csvdata&startPeriod=2021-06-16,ok,2026-06-16 04:50:51.494909
EUR,,2Y,2025-01-24,2.2401136815,ecb_yield_curve_aaa,YC.B.U2.EUR.4F.G_N_A.SV_C_YM.SR_2Y,https://data-api.ecb.europa.eu/service/data/YC/B.U2.EUR.4F.G_N_A.SV_C_YM.SR_2Y?format=csvdata&startPeriod=2021-06-16,ok,2026-06-16 04:50:51.494909
EUR,,2Y,2025-01-27,2.2016690685,ecb_yield_curve_aaa,YC.B.U2.EUR.4F.G_N_A.SV_C_YM.SR_2Y,https://data-api.ecb.europa.eu/service/data/YC/B.U2.EUR.4F.G_N_A.SV_C_YM.SR_2Y?format=csvdata&startPeriod=2021-06-16,ok,2026-06-16 04:50:51.494909
EUR,,2Y,2025-01-28,2.2021654345,ecb_yield_curve_aaa,YC.B.U2.EUR.4F.G_N_A.SV_C_YM.SR_2Y,https://data-api.ecb.europa.eu/service/data/YC/B.U2.EUR.4F.G_N_A.SV_C_YM.SR_2Y?format=csvdata&startPeriod=2021-06-16,ok,2026-06-16 04:50:51.494909
EUR,,2Y,2025-01-29,2.1948520403,ecb_yield_curve_aaa,YC.B.U2.EUR.4F.G_N_A.SV_C_YM.SR_2Y,https://data-api.ecb.europa.eu/service/data/YC/B.U2.EUR.4F.G_N_A.SV_C_YM.SR_2Y?format=csvdata&startPeriod=2021-06-16,ok,2026-06-16 04:50:51.494909
EUR,,2Y,2025-01-30,2.1240844937,ecb_yield_curve_aaa,YC.B.U2.EUR.4F.G_N_A.SV_C_YM.SR_2Y,https://data-api.ecb.europa.eu/service/data/YC/B.U2.EUR.4F.G_N_A.SV_C_YM.SR_2Y?format=csvdata&startPeriod=2021-06-16,ok,2026-06-16 04:50:51.494909
EUR,,2Y,2025-01-31,2.0552152666,ecb_yield_curve_aaa,YC.B.U2.EUR.4F.G_N_A.SV_C_YM.SR_2Y,https://data-api.ecb.europa.eu/service/data/YC/B.U2.EUR.4F.G_N_A.SV_C_YM.SR_2Y?format=csvdata&startPeriod=2021-06-16,ok,2026-06-16 04:50:51.494909
EUR,,2Y,2025-02-03,1.9872366835,ecb_yield_curve_aaa,YC.B.U2.EUR.4F.G_N_A.SV_C_YM.SR_2Y,https://data-api.ecb.europa.eu/service/data/YC/B.U2.EUR.4F.G_N_A.SV_C_YM.SR_2Y?format=csvdata&startPeriod=2021-06-16,ok,2026-06-16 04:50:51.494909
EUR,,2Y,2025-02-04,1.9974569542,ecb_yield_curve_aaa,YC.B.U2.EUR.4F.G_N_A.SV_C_YM.SR_2Y,https://data-api.ecb.europa.eu/service/data/YC/B.U2.EUR.4F.G_N_A.SV_C_YM.SR_2Y?format=csvdata&startPeriod=2021-06-16,ok,2026-06-16 04:50:51.494909
EUR,,2Y,2025-02-05,1.9988268412,ecb_yield_curve_aaa,YC.B.U2.EUR.4F.G_N_A.SV_C_YM.SR_2Y,https://data-api.ecb.europa.eu/service/data/YC/B.U2.EUR.4F.G_N_A.SV_C_YM.SR_2Y?format=csvdata&startPeriod=2021-06-16,ok,2026-06-16 04:50:51.494909
EUR,,2Y,2025-02-06,2.0061366048,ecb_yield_curve_aaa,YC.B.U2.EUR.4F.G_N_A.SV_C_YM.SR_2Y,https://data-api.ecb.europa.eu/service/data/YC/B.U2.EUR.4F.G_N_A.SV_C_YM.SR_2Y?format=csvdata&startPeriod=2021-06-16,ok,2026-06-16 04:50:51.494909
EUR,,2Y,2025-02-07,2.0135594267,ecb_yield_curve_aaa,YC.B.U2.EUR.4F.G_N_A.SV_C_YM.SR_2Y,https://data-api.ecb.europa.eu/service/data/YC/B.U2.EUR.4F.G_N_A.SV_C_YM.SR_2Y?format=csvdata&startPeriod=2021-06-16,ok,2026-06-16 04:50:51.494909
EUR,,2Y,2025-02-10,1.9758389315,ecb_yield_curve_aaa,YC.B.U2.EUR.4F.G_N_A.SV_C_YM.SR_2Y,https://data-api.ecb.europa.eu/service/data/YC/B.U2.EUR.4F.G_N_A.SV_C_YM.SR_2Y?format=csvdata&startPeriod=2021-06-16,ok,2026-06-16 04:50:51.494909
EUR,,2Y,2025-02-11,2.0216543109,ecb_yield_curve_aaa,YC.B.U2.EUR.4F.G_N_A.SV_C_YM.SR_2Y,https://data-api.ecb.europa.eu/service/data/YC/B.U2.EUR.4F.G_N_A.SV_C_YM.SR_2Y?format=csvdata&startPeriod=2021-06-16,ok,2026-06-16 04:50:51.494909
EUR,,2Y,2025-02-12,2.0731938112,ecb_yield_curve_aaa,YC.B.U2.EUR.4F.G_N_A.SV_C_YM.SR_2Y,https://data-api.ecb.europa.eu/service/data/YC/B.U2.EUR.4F.G_N_A.SV_C_YM.SR_2Y?format=csvdata&startPeriod=2021-06-16,ok,2026-06-16 04:50:51.494909
EUR,,2Y,2025-02-13,2.0349752962,ecb_yield_curve_aaa,YC.B.U2.EUR.4F.G_N_A.SV_C_YM.SR_2Y,https://data-api.ecb.europa.eu/service/data/YC/B.U2.EUR.4F.G_N_A.SV_C_YM.SR_2Y?format=csvdata&startPeriod=2021-06-16,ok,2026-06-16 04:50:51.494909
EUR,,2Y,2025-02-14,2.0624994984,ecb_yield_curve_aaa,YC.B.U2.EUR.4F.G_N_A.SV_C_YM.SR_2Y,https://data-api.ecb.europa.eu/service/data/YC/B.U2.EUR.4F.G_N_A.SV_C_YM.SR_2Y?format=csvdata&startPeriod=2021-06-16,ok,2026-06-16 04:50:51.494909
EUR,,2Y,2025-02-17,2.0773110811,ecb_yield_curve_aaa,YC.B.U2.EUR.4F.G_N_A.SV_C_YM.SR_2Y,https://data-api.ecb.europa.eu/service/data/YC/B.U2.EUR.4F.G_N_A.SV_C_YM.SR_2Y?format=csvdata&startPeriod=2021-06-16,ok,2026-06-16 04:50:51.494909
EUR,,2Y,2025-02-18,2.0741708107,ecb_yield_curve_aaa,YC.B.U2.EUR.4F.G_N_A.SV_C_YM.SR_2Y,https://data-api.ecb.europa.eu/service/data/YC/B.U2.EUR.4F.G_N_A.SV_C_YM.SR_2Y?format=csvdata&startPeriod=2021-06-16,ok,2026-06-16 04:50:51.494909
EUR,,2Y,2025-02-19,2.1285716169,ecb_yield_curve_aaa,YC.B.U2.EUR.4F.G_N_A.SV_C_YM.SR_2Y,https://data-api.ecb.europa.eu/service/data/YC/B.U2.EUR.4F.G_N_A.SV_C_YM.SR_2Y?format=csvdata&startPeriod=2021-06-16,ok,2026-06-16 04:50:51.494909
EUR,,2Y,2025-02-20,2.1062244707,ecb_yield_curve_aaa,YC.B.U2.EUR.4F.G_N_A.SV_C_YM.SR_2Y,https://data-api.ecb.europa.eu/service/data/YC/B.U2.EUR.4F.G_N_A.SV_C_YM.SR_2Y?format=csvdata&startPeriod=2021-06-16,ok,2026-06-16 04:50:51.494909
EUR,,2Y,2025-02-21,2.0427070281,ecb_yield_curve_aaa,YC.B.U2.EUR.4F.G_N_A.SV_C_YM.SR_2Y,https://data-api.ecb.europa.eu/service/data/YC/B.U2.EUR.4F.G_N_A.SV_C_YM.SR_2Y?format=csvdata&startPeriod=2021-06-16,ok,2026-06-16 04:50:51.494909
EUR,,2Y,2025-02-24,2.026742961,ecb_yield_curve_aaa,YC.B.U2.EUR.4F.G_N_A.SV_C_YM.SR_2Y,https://data-api.ecb.europa.eu/service/data/YC/B.U2.EUR.4F.G_N_A.SV_C_YM.SR_2Y?format=csvdata&startPeriod=2021-06-16,ok,2026-06-16 04:50:51.494909
EUR,,2Y,2025-02-25,2.015339264,ecb_yield_curve_aaa,YC.B.U2.EUR.4F.G_N_A.SV_C_YM.SR_2Y,https://data-api.ecb.europa.eu/service/data/YC/B.U2.EUR.4F.G_N_A.SV_C_YM.SR_2Y?format=csvdata&startPeriod=2021-06-16,ok,2026-06-16 04:50:51.494909
EUR,,2Y,2025-02-26,2.0144299849,ecb_yield_curve_aaa,YC.B.U2.EUR.4F.G_N_A.SV_C_YM.SR_2Y,https://data-api.ecb.europa.eu/service/data/YC/B.U2.EUR.4F.G_N_A.SV_C_YM.SR_2Y?format=csvdata&startPeriod=2021-06-16,ok,2026-06-16 04:50:51.494909
EUR,,2Y,2025-02-27,1.992752704,ecb_yield_curve_aaa,YC.B.U2.EUR.4F.G_N_A.SV_C_YM.SR_2Y,https://data-api.ecb.europa.eu/service/data/YC/B.U2.EUR.4F.G_N_A.SV_C_YM.SR_2Y?format=csvdata&startPeriod=2021-06-16,ok,2026-06-16 04:50:51.494909
EUR,,2Y,2025-02-28,1.974536006,ecb_yield_curve_aaa,YC.B.U2.EUR.4F.G_N_A.SV_C_YM.SR_2Y,https://data-api.ecb.europa.eu/service/data/YC/B.U2.EUR.4F.G_N_A.SV_C_YM.SR_2Y?format=csvdata&startPeriod=2021-06-16,ok,2026-06-16 04:50:51.494909
EUR,,2Y,2025-03-03,2.0318952758,ecb_yield_curve_aaa,YC.B.U2.EUR.4F.G_N_A.SV_C_YM.SR_2Y,https://data-api.ecb.europa.eu/service/data/YC/B.U2.EUR.4F.G_N_A.SV_C_YM.SR_2Y?format=csvdata&startPeriod=2021-06-16,ok,2026-06-16 04:50:51.494909
EUR,,2Y,2025-03-04,1.9743120874,ecb_yield_curve_aaa,YC.B.U2.EUR.4F.G_N_A.SV_C_YM.SR_2Y,https://data-api.ecb.europa.eu/service/data/YC/B.U2.EUR.4F.G_N_A.SV_C_YM.SR_2Y?format=csvdata&startPeriod=2021-06-16,ok,2026-06-16 04:50:51.494909
EUR,,2Y,2025-03-05,2.1420782115,ecb_yield_curve_aaa,YC.B.U2.EUR.4F.G_N_A.SV_C_YM.SR_2Y,https://data-api.ecb.europa.eu/service/data/YC/B.U2.EUR.4F.G_N_A.SV_C_YM.SR_2Y?format=csvdata&startPeriod=2021-06-16,ok,2026-06-16 04:50:51.494909
EUR,,2Y,2025-03-06,2.2259304935,ecb_yield_curve_aaa,YC.B.U2.EUR.4F.G_N_A.SV_C_YM.SR_2Y,https://data-api.ecb.europa.eu/service/data/YC/B.U2.EUR.4F.G_N_A.SV_C_YM.SR_2Y?format=csvdata&startPeriod=2021-06-16,ok,2026-06-16 04:50:51.494909
EUR,,2Y,2025-03-07,2.180223707,ecb_yield_curve_aaa,YC.B.U2.EUR.4F.G_N_A.SV_C_YM.SR_2Y,https://data-api.ecb.europa.eu/service/data/YC/B.U2.EUR.4F.G_N_A.SV_C_YM.SR_2Y?format=csvdata&startPeriod=2021-06-16,ok,2026-06-16 04:50:51.494909
EUR,,2Y,2025-03-10,2.1478681152,ecb_yield_curve_aaa,YC.B.U2.EUR.4F.G_N_A.SV_C_YM.SR_2Y,https://data-api.ecb.europa.eu/service/data/YC/B.U2.EUR.4F.G_N_A.SV_C_YM.SR_2Y?format=csvdata&startPeriod=2021-06-16,ok,2026-06-16 04:50:51.494909
EUR,,2Y,2025-03-11,2.1484797044,ecb_yield_curve_aaa,YC.B.U2.EUR.4F.G_N_A.SV_C_YM.SR_2Y,https://data-api.ecb.europa.eu/service/data/YC/B.U2.EUR.4F.G_N_A.SV_C_YM.SR_2Y?format=csvdata&startPeriod=2021-06-16,ok,2026-06-16 04:50:51.494909
EUR,,2Y,2025-03-12,2.1770756347,ecb_yield_curve_aaa,YC.B.U2.EUR.4F.G_N_A.SV_C_YM.SR_2Y,https://data-api.ecb.europa.eu/service/data/YC/B.U2.EUR.4F.G_N_A.SV_C_YM.SR_2Y?format=csvdata&startPeriod=2021-06-16,ok,2026-06-16 04:50:51.494909
EUR,,2Y,2025-03-13,2.1416020912,ecb_yield_curve_aaa,YC.B.U2.EUR.4F.G_N_A.SV_C_YM.SR_2Y,https://data-api.ecb.europa.eu/service/data/YC/B.U2.EUR.4F.G_N_A.SV_C_YM.SR_2Y?format=csvdata&startPeriod=2021-06-16,ok,2026-06-16 04:50:51.494909
EUR,,2Y,2025-03-14,2.1719678102,ecb_yield_curve_aaa,YC.B.U2.EUR.4F.G_N_A.SV_C_YM.SR_2Y,https://data-api.ecb.europa.eu/service/data/YC/B.U2.EUR.4F.G_N_A.SV_C_YM.SR_2Y?format=csvdata&startPeriod=2021-06-16,ok,2026-06-16 04:50:51.494909
EUR,,2Y,2025-03-17,2.1424126111,ecb_yield_curve_aaa,YC.B.U2.EUR.4F.G_N_A.SV_C_YM.SR_2Y,https://data-api.ecb.europa.eu/service/data/YC/B.U2.EUR.4F.G_N_A.SV_C_YM.SR_2Y?format=csvdata&startPeriod=2021-06-16,ok,2026-06-16 04:50:51.494909
EUR,,2Y,2025-03-18,2.1649719311,ecb_yield_curve_aaa,YC.B.U2.EUR.4F.G_N_A.SV_C_YM.SR_2Y,https://data-api.ecb.europa.eu/service/data/YC/B.U2.EUR.4F.G_N_A.SV_C_YM.SR_2Y?format=csvdata&startPeriod=2021-06-16,ok,2026-06-16 04:50:51.494909
EUR,,2Y,2025-03-19,2.1373179128,ecb_yield_curve_aaa,YC.B.U2.EUR.4F.G_N_A.SV_C_YM.SR_2Y,https://data-api.ecb.europa.eu/service/data/YC/B.U2.EUR.4F.G_N_A.SV_C_YM.SR_2Y?format=csvdata&startPeriod=2021-06-16,ok,2026-06-16 04:50:51.494909
EUR,,2Y,2025-03-20,2.1097935149,ecb_yield_curve_aaa,YC.B.U2.EUR.4F.G_N_A.SV_C_YM.SR_2Y,https://data-api.ecb.europa.eu/service/data/YC/B.U2.EUR.4F.G_N_A.SV_C_YM.SR_2Y?format=csvdata&startPeriod=2021-06-16,ok,2026-06-16 04:50:51.494909
EUR,,2Y,2025-03-21,2.1078266368,ecb_yield_curve_aaa,YC.B.U2.EUR.4F.G_N_A.SV_C_YM.SR_2Y,https://data-api.ecb.europa.eu/service/data/YC/B.U2.EUR.4F.G_N_A.SV_C_YM.SR_2Y?format=csvdata&startPeriod=2021-06-16,ok,2026-06-16 04:50:51.494909
EUR,,2Y,2025-03-24,2.1035268227,ecb_yield_curve_aaa,YC.B.U2.EUR.4F.G_N_A.SV_C_YM.SR_2Y,https://data-api.ecb.europa.eu/service/data/YC/B.U2.EUR.4F.G_N_A.SV_C_YM.SR_2Y?format=csvdata&startPeriod=2021-06-16,ok,2026-06-16 04:50:51.494909
EUR,,2Y,2025-03-25,2.1131294674,ecb_yield_curve_aaa,YC.B.U2.EUR.4F.G_N_A.SV_C_YM.SR_2Y,https://data-api.ecb.europa.eu/service/data/YC/B.U2.EUR.4F.G_N_A.SV_C_YM.SR_2Y?format=csvdata&startPeriod=2021-06-16,ok,2026-06-16 04:50:51.494909
EUR,,2Y,2025-03-26,2.0864188814,ecb_yield_curve_aaa,YC.B.U2.EUR.4F.G_N_A.SV_C_YM.SR_2Y,https://data-api.ecb.europa.eu/service/data/YC/B.U2.EUR.4F.G_N_A.SV_C_YM.SR_2Y?format=csvdata&startPeriod=2021-06-16,ok,2026-06-16 04:50:51.494909
EUR,,2Y,2025-03-27,2.0491543401,ecb_yield_curve_aaa,YC.B.U2.EUR.4F.G_N_A.SV_C_YM.SR_2Y,https://data-api.ecb.europa.eu/service/data/YC/B.U2.EUR.4F.G_N_A.SV_C_YM.SR_2Y?format=csvdata&startPeriod=2021-06-16,ok,2026-06-16 04:50:51.494909
EUR,,2Y,2025-03-28,2.0213322345,ecb_yield_curve_aaa,YC.B.U2.EUR.4F.G_N_A.SV_C_YM.SR_2Y,https://data-api.ecb.europa.eu/service/data/YC/B.U2.EUR.4F.G_N_A.SV_C_YM.SR_2Y?format=csvdata&startPeriod=2021-06-16,ok,2026-06-16 04:50:51.494909
EUR,,2Y,2025-03-31,1.9946853961,ecb_yield_curve_aaa,YC.B.U2.EUR.4F.G_N_A.SV_C_YM.SR_2Y,https://data-api.ecb.europa.eu/service/data/YC/B.U2.EUR.4F.G_N_A.SV_C_YM.SR_2Y?format=csvdata&startPeriod=2021-06-16,ok,2026-06-16 04:50:51.494909
EUR,,2Y,2025-04-01,1.9946997438,ecb_yield_curve_aaa,YC.B.U2.EUR.4F.G_N_A.SV_C_YM.SR_2Y,https://data-api.ecb.europa.eu/service/data/YC/B.U2.EUR.4F.G_N_A.SV_C_YM.SR_2Y?format=csvdata&startPeriod=2021-06-16,ok,2026-06-16 04:50:51.494909
EUR,,2Y,2025-04-02,1.9895064102,ecb_yield_curve_aaa,YC.B.U2.EUR.4F.G_N_A.SV_C_YM.SR_2Y,https://data-api.ecb.europa.eu/service/data/YC/B.U2.EUR.4F.G_N_A.SV_C_YM.SR_2Y?format=csvdata&startPeriod=2021-06-16,ok,2026-06-16 04:50:51.494909
EUR,,2Y,2025-04-03,1.9439000041,ecb_yield_curve_aaa,YC.B.U2.EUR.4F.G_N_A.SV_C_YM.SR_2Y,https://data-api.ecb.europa.eu/service/data/YC/B.U2.EUR.4F.G_N_A.SV_C_YM.SR_2Y?format=csvdata&startPeriod=2021-06-16,ok,2026-06-16 04:50:51.494909
EUR,,2Y,2025-04-04,1.8215221075,ecb_yield_curve_aaa,YC.B.U2.EUR.4F.G_N_A.SV_C_YM.SR_2Y,https://data-api.ecb.europa.eu/service/data/YC/B.U2.EUR.4F.G_N_A.SV_C_YM.SR_2Y?format=csvdata&startPeriod=2021-06-16,ok,2026-06-16 04:50:51.494909
EUR,,2Y,2025-04-07,1.7878631774,ecb_yield_curve_aaa,YC.B.U2.EUR.4F.G_N_A.SV_C_YM.SR_2Y,https://data-api.ecb.europa.eu/service/data/YC/B.U2.EUR.4F.G_N_A.SV_C_YM.SR_2Y?format=csvdata&startPeriod=2021-06-16,ok,2026-06-16 04:50:51.494909
EUR,,2Y,2025-04-08,1.9048767912,ecb_yield_curve_aaa,YC.B.U2.EUR.4F.G_N_A.SV_C_YM.SR_2Y,https://data-api.ecb.europa.eu/service/data/YC/B.U2.EUR.4F.G_N_A.SV_C_YM.SR_2Y?format=csvdata&startPeriod=2021-06-16,ok,2026-06-16 04:50:51.494909
EUR,,2Y,2025-04-09,1.7508397125,ecb_yield_curve_aaa,YC.B.U2.EUR.4F.G_N_A.SV_C_YM.SR_2Y,https://data-api.ecb.europa.eu/service/data/YC/B.U2.EUR.4F.G_N_A.SV_C_YM.SR_2Y?format=csvdata&startPeriod=2021-06-16,ok,2026-06-16 04:50:51.494909
EUR,,2Y,2025-04-10,1.8313708594,ecb_yield_curve_aaa,YC.B.U2.EUR.4F.G_N_A.SV_C_YM.SR_2Y,https://data-api.ecb.europa.eu/service/data/YC/B.U2.EUR.4F.G_N_A.SV_C_YM.SR_2Y?format=csvdata&startPeriod=2021-06-16,ok,2026-06-16 04:50:51.494909
EUR,,2Y,2025-04-11,1.7300159396,ecb_yield_curve_aaa,YC.B.U2.EUR.4F.G_N_A.SV_C_YM.SR_2Y,https://data-api.ecb.europa.eu/service/data/YC/B.U2.EUR.4F.G_N_A.SV_C_YM.SR_2Y?format=csvdata&startPeriod=2021-06-16,ok,2026-06-16 04:50:51.494909
EUR,,2Y,2025-04-14,1.7391264376,ecb_yield_curve_aaa,YC.B.U2.EUR.4F.G_N_A.SV_C_YM.SR_2Y,https://data-api.ecb.europa.eu/service/data/YC/B.U2.EUR.4F.G_N_A.SV_C_YM.SR_2Y?format=csvdata&startPeriod=2021-06-16,ok,2026-06-16 04:50:51.494909
EUR,,2Y,2025-04-15,1.7747438536,ecb_yield_curve_aaa,YC.B.U2.EUR.4F.G_N_A.SV_C_YM.SR_2Y,https://data-api.ecb.europa.eu/service/data/YC/B.U2.EUR.4F.G_N_A.SV_C_YM.SR_2Y?format=csvdata&startPeriod=2021-06-16,ok,2026-06-16 04:50:51.494909
EUR,,2Y,2025-04-16,1.7290503897,ecb_yield_curve_aaa,YC.B.U2.EUR.4F.G_N_A.SV_C_YM.SR_2Y,https://data-api.ecb.europa.eu/service/data/YC/B.U2.EUR.4F.G_N_A.SV_C_YM.SR_2Y?format=csvdata&startPeriod=2021-06-16,ok,2026-06-16 04:50:51.494909
EUR,,2Y,2025-04-17,1.7046384892,ecb_yield_curve_aaa,YC.B.U2.EUR.4F.G_N_A.SV_C_YM.SR_2Y,https://data-api.ecb.europa.eu/service/data/YC/B.U2.EUR.4F.G_N_A.SV_C_YM.SR_2Y?format=csvdata&startPeriod=2021-06-16,ok,2026-06-16 04:50:51.494909
EUR,,2Y,2025-04-22,1.6718726322,ecb_yield_curve_aaa,YC.B.U2.EUR.4F.G_N_A.SV_C_YM.SR_2Y,https://data-api.ecb.europa.eu/service/data/YC/B.U2.EUR.4F.G_N_A.SV_C_YM.SR_2Y?format=csvdata&startPeriod=2021-06-16,ok,2026-06-16 04:50:51.494909
EUR,,2Y,2025-04-23,1.7433495911,ecb_yield_curve_aaa,YC.B.U2.EUR.4F.G_N_A.SV_C_YM.SR_2Y,https://data-api.ecb.europa.eu/service/data/YC/B.U2.EUR.4F.G_N_A.SV_C_YM.SR_2Y?format=csvdata&startPeriod=2021-06-16,ok,2026-06-16 04:50:51.494909
EUR,,2Y,2025-04-24,1.6777609946,ecb_yield_curve_aaa,YC.B.U2.EUR.4F.G_N_A.SV_C_YM.SR_2Y,https://data-api.ecb.europa.eu/service/data/YC/B.U2.EUR.4F.G_N_A.SV_C_YM.SR_2Y?format=csvdata&startPeriod=2021-06-16,ok,2026-06-16 04:50:51.494909
EUR,,2Y,2025-04-25,1.715780973,ecb_yield_curve_aaa,YC.B.U2.EUR.4F.G_N_A.SV_C_YM.SR_2Y,https://data-api.ecb.europa.eu/service/data/YC/B.U2.EUR.4F.G_N_A.SV_C_YM.SR_2Y?format=csvdata&startPeriod=2021-06-16,ok,2026-06-16 04:50:51.494909
EUR,,2Y,2025-04-28,1.7363224447,ecb_yield_curve_aaa,YC.B.U2.EUR.4F.G_N_A.SV_C_YM.SR_2Y,https://data-api.ecb.europa.eu/service/data/YC/B.U2.EUR.4F.G_N_A.SV_C_YM.SR_2Y?format=csvdata&startPeriod=2021-06-16,ok,2026-06-16 04:50:51.494909
EUR,,2Y,2025-04-29,1.745149545,ecb_yield_curve_aaa,YC.B.U2.EUR.4F.G_N_A.SV_C_YM.SR_2Y,https://data-api.ecb.europa.eu/service/data/YC/B.U2.EUR.4F.G_N_A.SV_C_YM.SR_2Y?format=csvdata&startPeriod=2021-06-16,ok,2026-06-16 04:50:51.494909
EUR,,2Y,2025-04-30,1.6995058817,ecb_yield_curve_aaa,YC.B.U2.EUR.4F.G_N_A.SV_C_YM.SR_2Y,https://data-api.ecb.europa.eu/service/data/YC/B.U2.EUR.4F.G_N_A.SV_C_YM.SR_2Y?format=csvdata&startPeriod=2021-06-16,ok,2026-06-16 04:50:51.494909
EUR,,2Y,2025-05-02,1.7503686787,ecb_yield_curve_aaa,YC.B.U2.EUR.4F.G_N_A.SV_C_YM.SR_2Y,https://data-api.ecb.europa.eu/service/data/YC/B.U2.EUR.4F.G_N_A.SV_C_YM.SR_2Y?format=csvdata&startPeriod=2021-06-16,ok,2026-06-16 04:50:51.494909
EUR,,2Y,2025-05-05,1.7418307971,ecb_yield_curve_aaa,YC.B.U2.EUR.4F.G_N_A.SV_C_YM.SR_2Y,https://data-api.ecb.europa.eu/service/data/YC/B.U2.EUR.4F.G_N_A.SV_C_YM.SR_2Y?format=csvdata&startPeriod=2021-06-16,ok,2026-06-16 04:50:51.494909
EUR,,2Y,2025-05-06,1.7671821893,ecb_yield_curve_aaa,YC.B.U2.EUR.4F.G_N_A.SV_C_YM.SR_2Y,https://data-api.ecb.europa.eu/service/data/YC/B.U2.EUR.4F.G_N_A.SV_C_YM.SR_2Y?format=csvdata&startPeriod=2021-06-16,ok,2026-06-16 04:50:51.494909
EUR,,2Y,2025-05-07,1.7320107645,ecb_yield_curve_aaa,YC.B.U2.EUR.4F.G_N_A.SV_C_YM.SR_2Y,https://data-api.ecb.europa.eu/service/data/YC/B.U2.EUR.4F.G_N_A.SV_C_YM.SR_2Y?format=csvdata&startPeriod=2021-06-16,ok,2026-06-16 04:50:51.494909
EUR,,2Y,2025-05-08,1.7413589325,ecb_yield_curve_aaa,YC.B.U2.EUR.4F.G_N_A.SV_C_YM.SR_2Y,https://data-api.ecb.europa.eu/service/data/YC/B.U2.EUR.4F.G_N_A.SV_C_YM.SR_2Y?format=csvdata&startPeriod=2021-06-16,ok,2026-06-16 04:50:51.494909
EUR,,2Y,2025-05-09,1.773598502,ecb_yield_curve_aaa,YC.B.U2.EUR.4F.G_N_A.SV_C_YM.SR_2Y,https://data-api.ecb.europa.eu/service/data/YC/B.U2.EUR.4F.G_N_A.SV_C_YM.SR_2Y?format=csvdata&startPeriod=2021-06-16,ok,2026-06-16 04:50:51.494909
EUR,,2Y,2025-05-12,1.8797796809,ecb_yield_curve_aaa,YC.B.U2.EUR.4F.G_N_A.SV_C_YM.SR_2Y,https://data-api.ecb.europa.eu/service/data/YC/B.U2.EUR.4F.G_N_A.SV_C_YM.SR_2Y?format=csvdata&startPeriod=2021-06-16,ok,2026-06-16 04:50:51.494909
EUR,,2Y,2025-05-13,1.8788957042,ecb_yield_curve_aaa,YC.B.U2.EUR.4F.G_N_A.SV_C_YM.SR_2Y,https://data-api.ecb.europa.eu/service/data/YC/B.U2.EUR.4F.G_N_A.SV_C_YM.SR_2Y?format=csvdata&startPeriod=2021-06-16,ok,2026-06-16 04:50:51.494909
EUR,,2Y,2025-05-14,1.8873503967,ecb_yield_curve_aaa,YC.B.U2.EUR.4F.G_N_A.SV_C_YM.SR_2Y,https://data-api.ecb.europa.eu/service/data/YC/B.U2.EUR.4F.G_N_A.SV_C_YM.SR_2Y?format=csvdata&startPeriod=2021-06-16,ok,2026-06-16 04:50:51.494909
EUR,,2Y,2025-05-15,1.8674987143,ecb_yield_curve_aaa,YC.B.U2.EUR.4F.G_N_A.SV_C_YM.SR_2Y,https://data-api.ecb.europa.eu/service/data/YC/B.U2.EUR.4F.G_N_A.SV_C_YM.SR_2Y?format=csvdata&startPeriod=2021-06-16,ok,2026-06-16 04:50:51.494909
EUR,,2Y,2025-05-16,1.8362162012,ecb_yield_curve_aaa,YC.B.U2.EUR.4F.G_N_A.SV_C_YM.SR_2Y,https://data-api.ecb.europa.eu/service/data/YC/B.U2.EUR.4F.G_N_A.SV_C_YM.SR_2Y?format=csvdata&startPeriod=2021-06-16,ok,2026-06-16 04:50:51.494909
EUR,,2Y,2025-05-19,1.8145949522,ecb_yield_curve_aaa,YC.B.U2.EUR.4F.G_N_A.SV_C_YM.SR_2Y,https://data-api.ecb.europa.eu/service/data/YC/B.U2.EUR.4F.G_N_A.SV_C_YM.SR_2Y?format=csvdata&startPeriod=2021-06-16,ok,2026-06-16 04:50:51.494909
EUR,,2Y,2025-05-20,1.8402949154,ecb_yield_curve_aaa,YC.B.U2.EUR.4F.G_N_A.SV_C_YM.SR_2Y,https://data-api.ecb.europa.eu/service/data/YC/B.U2.EUR.4F.G_N_A.SV_C_YM.SR_2Y?format=csvdata&startPeriod=2021-06-16,ok,2026-06-16 04:50:51.494909
EUR,,2Y,2025-05-21,1.8425789682,ecb_yield_curve_aaa,YC.B.U2.EUR.4F.G_N_A.SV_C_YM.SR_2Y,https://data-api.ecb.europa.eu/service/data/YC/B.U2.EUR.4F.G_N_A.SV_C_YM.SR_2Y?format=csvdata&startPeriod=2021-06-16,ok,2026-06-16 04:50:51.494909
EUR,,2Y,2025-05-22,1.8221230663,ecb_yield_curve_aaa,YC.B.U2.EUR.4F.G_N_A.SV_C_YM.SR_2Y,https://data-api.ecb.europa.eu/service/data/YC/B.U2.EUR.4F.G_N_A.SV_C_YM.SR_2Y?format=csvdata&startPeriod=2021-06-16,ok,2026-06-16 04:50:51.494909
EUR,,2Y,2025-05-23,1.7386811942,ecb_yield_curve_aaa,YC.B.U2.EUR.4F.G_N_A.SV_C_YM.SR_2Y,https://data-api.ecb.europa.eu/service/data/YC/B.U2.EUR.4F.G_N_A.SV_C_YM.SR_2Y?format=csvdata&startPeriod=2021-06-16,ok,2026-06-16 04:50:51.494909
EUR,,2Y,2025-05-26,1.7792641337,ecb_yield_curve_aaa,YC.B.U2.EUR.4F.G_N_A.SV_C_YM.SR_2Y,https://data-api.ecb.europa.eu/service/data/YC/B.U2.EUR.4F.G_N_A.SV_C_YM.SR_2Y?format=csvdata&startPeriod=2021-06-16,ok,2026-06-16 04:50:51.494909
EUR,,2Y,2025-05-27,1.7746946262,ecb_yield_curve_aaa,YC.B.U2.EUR.4F.G_N_A.SV_C_YM.SR_2Y,https://data-api.ecb.europa.eu/service/data/YC/B.U2.EUR.4F.G_N_A.SV_C_YM.SR_2Y?format=csvdata&startPeriod=2021-06-16,ok,2026-06-16 04:50:51.494909
EUR,,2Y,2025-05-28,1.7958959811,ecb_yield_curve_aaa,YC.B.U2.EUR.4F.G_N_A.SV_C_YM.SR_2Y,https://data-api.ecb.europa.eu/service/data/YC/B.U2.EUR.4F.G_N_A.SV_C_YM.SR_2Y?format=csvdata&startPeriod=2021-06-16,ok,2026-06-16 04:50:51.494909
EUR,,2Y,2025-05-29,1.7724631081,ecb_yield_curve_aaa,YC.B.U2.EUR.4F.G_N_A.SV_C_YM.SR_2Y,https://data-api.ecb.europa.eu/service/data/YC/B.U2.EUR.4F.G_N_A.SV_C_YM.SR_2Y?format=csvdata&startPeriod=2021-06-16,ok,2026-06-16 04:50:51.494909
EUR,,2Y,2025-05-30,1.780577865,ecb_yield_curve_aaa,YC.B.U2.EUR.4F.G_N_A.SV_C_YM.SR_2Y,https://data-api.ecb.europa.eu/service/data/YC/B.U2.EUR.4F.G_N_A.SV_C_YM.SR_2Y?format=csvdata&startPeriod=2021-06-16,ok,2026-06-16 04:50:51.494909
EUR,,2Y,2025-06-02,1.8072703241,ecb_yield_curve_aaa,YC.B.U2.EUR.4F.G_N_A.SV_C_YM.SR_2Y,https://data-api.ecb.europa.eu/service/data/YC/B.U2.EUR.4F.G_N_A.SV_C_YM.SR_2Y?format=csvdata&startPeriod=2021-06-16,ok,2026-06-16 04:50:51.494909
EUR,,2Y,2025-06-03,1.7609713344,ecb_yield_curve_aaa,YC.B.U2.EUR.4F.G_N_A.SV_C_YM.SR_2Y,https://data-api.ecb.europa.eu/service/data/YC/B.U2.EUR.4F.G_N_A.SV_C_YM.SR_2Y?format=csvdata&startPeriod=2021-06-16,ok,2026-06-16 04:50:51.494909
EUR,,2Y,2025-06-04,1.7934058136,ecb_yield_curve_aaa,YC.B.U2.EUR.4F.G_N_A.SV_C_YM.SR_2Y,https://data-api.ecb.europa.eu/service/data/YC/B.U2.EUR.4F.G_N_A.SV_C_YM.SR_2Y?format=csvdata&startPeriod=2021-06-16,ok,2026-06-16 04:50:51.494909
EUR,,2Y,2025-06-05,1.8250862266,ecb_yield_curve_aaa,YC.B.U2.EUR.4F.G_N_A.SV_C_YM.SR_2Y,https://data-api.ecb.europa.eu/service/data/YC/B.U2.EUR.4F.G_N_A.SV_C_YM.SR_2Y?format=csvdata&startPeriod=2021-06-16,ok,2026-06-16 04:50:51.494909
EUR,,2Y,2025-06-06,1.8622240107,ecb_yield_curve_aaa,YC.B.U2.EUR.4F.G_N_A.SV_C_YM.SR_2Y,https://data-api.ecb.europa.eu/service/data/YC/B.U2.EUR.4F.G_N_A.SV_C_YM.SR_2Y?format=csvdata&startPeriod=2021-06-16,ok,2026-06-16 04:50:51.494909
EUR,,2Y,2025-06-09,1.8561998473,ecb_yield_curve_aaa,YC.B.U2.EUR.4F.G_N_A.SV_C_YM.SR_2Y,https://data-api.ecb.europa.eu/service/data/YC/B.U2.EUR.4F.G_N_A.SV_C_YM.SR_2Y?format=csvdata&startPeriod=2021-06-16,ok,2026-06-16 04:50:51.494909
EUR,,2Y,2025-06-10,1.8336509094,ecb_yield_curve_aaa,YC.B.U2.EUR.4F.G_N_A.SV_C_YM.SR_2Y,https://data-api.ecb.europa.eu/service/data/YC/B.U2.EUR.4F.G_N_A.SV_C_YM.SR_2Y?format=csvdata&startPeriod=2021-06-16,ok,2026-06-16 04:50:51.494909
EUR,,2Y,2025-06-11,1.8054730197,ecb_yield_curve_aaa,YC.B.U2.EUR.4F.G_N_A.SV_C_YM.SR_2Y,https://data-api.ecb.europa.eu/service/data/YC/B.U2.EUR.4F.G_N_A.SV_C_YM.SR_2Y?format=csvdata&startPeriod=2021-06-16,ok,2026-06-16 04:50:51.494909
EUR,,2Y,2025-06-12,1.7980167692,ecb_yield_curve_aaa,YC.B.U2.EUR.4F.G_N_A.SV_C_YM.SR_2Y,https://data-api.ecb.europa.eu/service/data/YC/B.U2.EUR.4F.G_N_A.SV_C_YM.SR_2Y?format=csvdata&startPeriod=2021-06-16,ok,2026-06-16 04:50:51.494909
EUR,,2Y,2025-06-13,1.8343448481,ecb_yield_curve_aaa,YC.B.U2.EUR.4F.G_N_A.SV_C_YM.SR_2Y,https://data-api.ecb.europa.eu/service/data/YC/B.U2.EUR.4F.G_N_A.SV_C_YM.SR_2Y?format=csvdata&startPeriod=2021-06-16,ok,2026-06-16 04:50:51.494909
EUR,,2Y,2025-06-16,1.8311404697,ecb_yield_curve_aaa,YC.B.U2.EUR.4F.G_N_A.SV_C_YM.SR_2Y,https://data-api.ecb.europa.eu/service/data/YC/B.U2.EUR.4F.G_N_A.SV_C_YM.SR_2Y?format=csvdata&startPeriod=2021-06-16,ok,2026-06-16 04:50:51.494909
EUR,,2Y,2025-06-17,1.8499896246,ecb_yield_curve_aaa,YC.B.U2.EUR.4F.G_N_A.SV_C_YM.SR_2Y,https://data-api.ecb.europa.eu/service/data/YC/B.U2.EUR.4F.G_N_A.SV_C_YM.SR_2Y?format=csvdata&startPeriod=2021-06-16,ok,2026-06-16 04:50:51.494909
EUR,,2Y,2025-06-18,1.8339061542,ecb_yield_curve_aaa,YC.B.U2.EUR.4F.G_N_A.SV_C_YM.SR_2Y,https://data-api.ecb.europa.eu/service/data/YC/B.U2.EUR.4F.G_N_A.SV_C_YM.SR_2Y?format=csvdata&startPeriod=2021-06-16,ok,2026-06-16 04:50:51.494909
EUR,,2Y,2025-06-19,1.8271326556,ecb_yield_curve_aaa,YC.B.U2.EUR.4F.G_N_A.SV_C_YM.SR_2Y,https://data-api.ecb.europa.eu/service/data/YC/B.U2.EUR.4F.G_N_A.SV_C_YM.SR_2Y?format=csvdata&startPeriod=2021-06-16,ok,2026-06-16 04:50:51.494909
EUR,,2Y,2025-06-20,1.836071063,ecb_yield_curve_aaa,YC.B.U2.EUR.4F.G_N_A.SV_C_YM.SR_2Y,https://data-api.ecb.europa.eu/service/data/YC/B.U2.EUR.4F.G_N_A.SV_C_YM.SR_2Y?format=csvdata&startPeriod=2021-06-16,ok,2026-06-16 04:50:51.494909
EUR,,2Y,2025-06-23,1.8549831431,ecb_yield_curve_aaa,YC.B.U2.EUR.4F.G_N_A.SV_C_YM.SR_2Y,https://data-api.ecb.europa.eu/service/data/YC/B.U2.EUR.4F.G_N_A.SV_C_YM.SR_2Y?format=csvdata&startPeriod=2021-06-16,ok,2026-06-16 04:50:51.494909
EUR,,2Y,2025-06-24,1.8486111052,ecb_yield_curve_aaa,YC.B.U2.EUR.4F.G_N_A.SV_C_YM.SR_2Y,https://data-api.ecb.europa.eu/service/data/YC/B.U2.EUR.4F.G_N_A.SV_C_YM.SR_2Y?format=csvdata&startPeriod=2021-06-16,ok,2026-06-16 04:50:51.494909
EUR,,2Y,2025-06-25,1.8509723862,ecb_yield_curve_aaa,YC.B.U2.EUR.4F.G_N_A.SV_C_YM.SR_2Y,https://data-api.ecb.europa.eu/service/data/YC/B.U2.EUR.4F.G_N_A.SV_C_YM.SR_2Y?format=csvdata&startPeriod=2021-06-16,ok,2026-06-16 04:50:51.494909
EUR,,2Y,2025-06-26,1.816880051,ecb_yield_curve_aaa,YC.B.U2.EUR.4F.G_N_A.SV_C_YM.SR_2Y,https://data-api.ecb.europa.eu/service/data/YC/B.U2.EUR.4F.G_N_A.SV_C_YM.SR_2Y?format=csvdata&startPeriod=2021-06-16,ok,2026-06-16 04:50:51.494909
EUR,,2Y,2025-06-27,1.8455372589,ecb_yield_curve_aaa,YC.B.U2.EUR.4F.G_N_A.SV_C_YM.SR_2Y,https://data-api.ecb.europa.eu/service/data/YC/B.U2.EUR.4F.G_N_A.SV_C_YM.SR_2Y?format=csvdata&startPeriod=2021-06-16,ok,2026-06-16 04:50:51.494909
EUR,,2Y,2025-06-30,1.8448999837,ecb_yield_curve_aaa,YC.B.U2.EUR.4F.G_N_A.SV_C_YM.SR_2Y,https://data-api.ecb.europa.eu/service/data/YC/B.U2.EUR.4F.G_N_A.SV_C_YM.SR_2Y?format=csvdata&startPeriod=2021-06-16,ok,2026-06-16 04:50:51.494909
EUR,,2Y,2025-07-01,1.8239814624,ecb_yield_curve_aaa,YC.B.U2.EUR.4F.G_N_A.SV_C_YM.SR_2Y,https://data-api.ecb.europa.eu/service/data/YC/B.U2.EUR.4F.G_N_A.SV_C_YM.SR_2Y?format=csvdata&startPeriod=2021-06-16,ok,2026-06-16 04:50:51.494909
EUR,,2Y,2025-07-02,1.8483808664,ecb_yield_curve_aaa,YC.B.U2.EUR.4F.G_N_A.SV_C_YM.SR_2Y,https://data-api.ecb.europa.eu/service/data/YC/B.U2.EUR.4F.G_N_A.SV_C_YM.SR_2Y?format=csvdata&startPeriod=2021-06-16,ok,2026-06-16 04:50:51.494909
EUR,,2Y,2025-07-03,1.8348212146,ecb_yield_curve_aaa,YC.B.U2.EUR.4F.G_N_A.SV_C_YM.SR_2Y,https://data-api.ecb.europa.eu/service/data/YC/B.U2.EUR.4F.G_N_A.SV_C_YM.SR_2Y?format=csvdata&startPeriod=2021-06-16,ok,2026-06-16 04:50:51.494909
EUR,,2Y,2025-07-04,1.8059469442,ecb_yield_curve_aaa,YC.B.U2.EUR.4F.G_N_A.SV_C_YM.SR_2Y,https://data-api.ecb.europa.eu/service/data/YC/B.U2.EUR.4F.G_N_A.SV_C_YM.SR_2Y?format=csvdata&startPeriod=2021-06-16,ok,2026-06-16 04:50:51.494909
EUR,,2Y,2025-07-07,1.83026981,ecb_yield_curve_aaa,YC.B.U2.EUR.4F.G_N_A.SV_C_YM.SR_2Y,https://data-api.ecb.europa.eu/service/data/YC/B.U2.EUR.4F.G_N_A.SV_C_YM.SR_2Y?format=csvdata&startPeriod=2021-06-16,ok,2026-06-16 04:50:51.494909
EUR,,2Y,2025-07-08,1.8665369634,ecb_yield_curve_aaa,YC.B.U2.EUR.4F.G_N_A.SV_C_YM.SR_2Y,https://data-api.ecb.europa.eu/service/data/YC/B.U2.EUR.4F.G_N_A.SV_C_YM.SR_2Y?format=csvdata&startPeriod=2021-06-16,ok,2026-06-16 04:50:51.494909
EUR,,2Y,2025-07-09,1.8470333959,ecb_yield_curve_aaa,YC.B.U2.EUR.4F.G_N_A.SV_C_YM.SR_2Y,https://data-api.ecb.europa.eu/service/data/YC/B.U2.EUR.4F.G_N_A.SV_C_YM.SR_2Y?format=csvdata&startPeriod=2021-06-16,ok,2026-06-16 04:50:51.494909
EUR,,2Y,2025-07-10,1.8672876318,ecb_yield_curve_aaa,YC.B.U2.EUR.4F.G_N_A.SV_C_YM.SR_2Y,https://data-api.ecb.europa.eu/service/data/YC/B.U2.EUR.4F.G_N_A.SV_C_YM.SR_2Y?format=csvdata&startPeriod=2021-06-16,ok,2026-06-16 04:50:51.494909
EUR,,2Y,2025-07-11,1.903209113,ecb_yield_curve_aaa,YC.B.U2.EUR.4F.G_N_A.SV_C_YM.SR_2Y,https://data-api.ecb.europa.eu/service/data/YC/B.U2.EUR.4F.G_N_A.SV_C_YM.SR_2Y?format=csvdata&startPeriod=2021-06-16,ok,2026-06-16 04:50:51.494909
EUR,,2Y,2025-07-14,1.8699459982,ecb_yield_curve_aaa,YC.B.U2.EUR.4F.G_N_A.SV_C_YM.SR_2Y,https://data-api.ecb.europa.eu/service/data/YC/B.U2.EUR.4F.G_N_A.SV_C_YM.SR_2Y?format=csvdata&startPeriod=2021-06-16,ok,2026-06-16 04:50:51.494909
EUR,,2Y,2025-07-15,1.8413199979,ecb_yield_curve_aaa,YC.B.U2.EUR.4F.G_N_A.SV_C_YM.SR_2Y,https://data-api.ecb.europa.eu/service/data/YC/B.U2.EUR.4F.G_N_A.SV_C_YM.SR_2Y?format=csvdata&startPeriod=2021-06-16,ok,2026-06-16 04:50:51.494909
EUR,,2Y,2025-07-16,1.8309948522,ecb_yield_curve_aaa,YC.B.U2.EUR.4F.G_N_A.SV_C_YM.SR_2Y,https://data-api.ecb.europa.eu/service/data/YC/B.U2.EUR.4F.G_N_A.SV_C_YM.SR_2Y?format=csvdata&startPeriod=2021-06-16,ok,2026-06-16 04:50:51.494909
EUR,,2Y,2025-07-17,1.827158467,ecb_yield_curve_aaa,YC.B.U2.EUR.4F.G_N_A.SV_C_YM.SR_2Y,https://data-api.ecb.europa.eu/service/data/YC/B.U2.EUR.4F.G_N_A.SV_C_YM.SR_2Y?format=csvdata&startPeriod=2021-06-16,ok,2026-06-16 04:50:51.494909
EUR,,2Y,2025-07-18,1.8421399825,ecb_yield_curve_aaa,YC.B.U2.EUR.4F.G_N_A.SV_C_YM.SR_2Y,https://data-api.ecb.europa.eu/service/data/YC/B.U2.EUR.4F.G_N_A.SV_C_YM.SR_2Y?format=csvdata&startPeriod=2021-06-16,ok,2026-06-16 04:50:51.494909
EUR,,2Y,2025-07-21,1.8098318192,ecb_yield_curve_aaa,YC.B.U2.EUR.4F.G_N_A.SV_C_YM.SR_2Y,https://data-api.ecb.europa.eu/service/data/YC/B.U2.EUR.4F.G_N_A.SV_C_YM.SR_2Y?format=csvdata&startPeriod=2021-06-16,ok,2026-06-16 04:50:51.494909
EUR,,2Y,2025-07-22,1.7986465081,ecb_yield_curve_aaa,YC.B.U2.EUR.4F.G_N_A.SV_C_YM.SR_2Y,https://data-api.ecb.europa.eu/service/data/YC/B.U2.EUR.4F.G_N_A.SV_C_YM.SR_2Y?format=csvdata&startPeriod=2021-06-16,ok,2026-06-16 04:50:51.494909
EUR,,2Y,2025-07-23,1.7905376433,ecb_yield_curve_aaa,YC.B.U2.EUR.4F.G_N_A.SV_C_YM.SR_2Y,https://data-api.ecb.europa.eu/service/data/YC/B.U2.EUR.4F.G_N_A.SV_C_YM.SR_2Y?format=csvdata&startPeriod=2021-06-16,ok,2026-06-16 04:50:51.494909
EUR,,2Y,2025-07-24,1.8858153399,ecb_yield_curve_aaa,YC.B.U2.EUR.4F.G_N_A.SV_C_YM.SR_2Y,https://data-api.ecb.europa.eu/service/data/YC/B.U2.EUR.4F.G_N_A.SV_C_YM.SR_2Y?format=csvdata&startPeriod=2021-06-16,ok,2026-06-16 04:50:51.494909
EUR,,2Y,2025-07-25,1.9267637335,ecb_yield_curve_aaa,YC.B.U2.EUR.4F.G_N_A.SV_C_YM.SR_2Y,https://data-api.ecb.europa.eu/service/data/YC/B.U2.EUR.4F.G_N_A.SV_C_YM.SR_2Y?format=csvdata&startPeriod=2021-06-16,ok,2026-06-16 04:50:51.494909
EUR,,2Y,2025-07-28,1.8843251375,ecb_yield_curve_aaa,YC.B.U2.EUR.4F.G_N_A.SV_C_YM.SR_2Y,https://data-api.ecb.europa.eu/service/data/YC/B.U2.EUR.4F.G_N_A.SV_C_YM.SR_2Y?format=csvdata&startPeriod=2021-06-16,ok,2026-06-16 04:50:51.494909
EUR,,2Y,2025-07-29,1.9076732152,ecb_yield_curve_aaa,YC.B.U2.EUR.4F.G_N_A.SV_C_YM.SR_2Y,https://data-api.ecb.europa.eu/service/data/YC/B.U2.EUR.4F.G_N_A.SV_C_YM.SR_2Y?format=csvdata&startPeriod=2021-06-16,ok,2026-06-16 04:50:51.494909
EUR,,2Y,2025-07-30,1.9284117853,ecb_yield_curve_aaa,YC.B.U2.EUR.4F.G_N_A.SV_C_YM.SR_2Y,https://data-api.ecb.europa.eu/service/data/YC/B.U2.EUR.4F.G_N_A.SV_C_YM.SR_2Y?format=csvdata&startPeriod=2021-06-16,ok,2026-06-16 04:50:51.494909
EUR,,2Y,2025-07-31,1.9362248244,ecb_yield_curve_aaa,YC.B.U2.EUR.4F.G_N_A.SV_C_YM.SR_2Y,https://data-api.ecb.europa.eu/service/data/YC/B.U2.EUR.4F.G_N_A.SV_C_YM.SR_2Y?format=csvdata&startPeriod=2021-06-16,ok,2026-06-16 04:50:51.494909
EUR,,2Y,2025-08-01,1.8822516117,ecb_yield_curve_aaa,YC.B.U2.EUR.4F.G_N_A.SV_C_YM.SR_2Y,https://data-api.ecb.europa.eu/service/data/YC/B.U2.EUR.4F.G_N_A.SV_C_YM.SR_2Y?format=csvdata&startPeriod=2021-06-16,ok,2026-06-16 04:50:51.494909
EUR,,2Y,2025-08-04,1.8777986574,ecb_yield_curve_aaa,YC.B.U2.EUR.4F.G_N_A.SV_C_YM.SR_2Y,https://data-api.ecb.europa.eu/service/data/YC/B.U2.EUR.4F.G_N_A.SV_C_YM.SR_2Y?format=csvdata&startPeriod=2021-06-16,ok,2026-06-16 04:50:51.494909
EUR,,2Y,2025-08-05,1.8794618579,ecb_yield_curve_aaa,YC.B.U2.EUR.4F.G_N_A.SV_C_YM.SR_2Y,https://data-api.ecb.europa.eu/service/data/YC/B.U2.EUR.4F.G_N_A.SV_C_YM.SR_2Y?format=csvdata&startPeriod=2021-06-16,ok,2026-06-16 04:50:51.494909
EUR,,2Y,2025-08-06,1.8796763767,ecb_yield_curve_aaa,YC.B.U2.EUR.4F.G_N_A.SV_C_YM.SR_2Y,https://data-api.ecb.europa.eu/service/data/YC/B.U2.EUR.4F.G_N_A.SV_C_YM.SR_2Y?format=csvdata&startPeriod=2021-06-16,ok,2026-06-16 04:50:51.494909
EUR,,2Y,2025-08-07,1.8910557398,ecb_yield_curve_aaa,YC.B.U2.EUR.4F.G_N_A.SV_C_YM.SR_2Y,https://data-api.ecb.europa.eu/service/data/YC/B.U2.EUR.4F.G_N_A.SV_C_YM.SR_2Y?format=csvdata&startPeriod=2021-06-16,ok,2026-06-16 04:50:51.494909
EUR,,2Y,2025-08-08,1.9353984474,ecb_yield_curve_aaa,YC.B.U2.EUR.4F.G_N_A.SV_C_YM.SR_2Y,https://data-api.ecb.europa.eu/service/data/YC/B.U2.EUR.4F.G_N_A.SV_C_YM.SR_2Y?format=csvdata&startPeriod=2021-06-16,ok,2026-06-16 04:50:51.494909
EUR,,2Y,2025-08-11,1.9399036004,ecb_yield_curve_aaa,YC.B.U2.EUR.4F.G_N_A.SV_C_YM.SR_2Y,https://data-api.ecb.europa.eu/service/data/YC/B.U2.EUR.4F.G_N_A.SV_C_YM.SR_2Y?format=csvdata&startPeriod=2021-06-16,ok,2026-06-16 04:50:51.494909
EUR,,2Y,2025-08-12,1.9512619362,ecb_yield_curve_aaa,YC.B.U2.EUR.4F.G_N_A.SV_C_YM.SR_2Y,https://data-api.ecb.europa.eu/service/data/YC/B.U2.EUR.4F.G_N_A.SV_C_YM.SR_2Y?format=csvdata&startPeriod=2021-06-16,ok,2026-06-16 04:50:51.494909
EUR,,2Y,2025-08-13,1.9143562536,ecb_yield_curve_aaa,YC.B.U2.EUR.4F.G_N_A.SV_C_YM.SR_2Y,https://data-api.ecb.europa.eu/service/data/YC/B.U2.EUR.4F.G_N_A.SV_C_YM.SR_2Y?format=csvdata&startPeriod=2021-06-16,ok,2026-06-16 04:50:51.494909
EUR,,2Y,2025-08-14,1.9217794248,ecb_yield_curve_aaa,YC.B.U2.EUR.4F.G_N_A.SV_C_YM.SR_2Y,https://data-api.ecb.europa.eu/service/data/YC/B.U2.EUR.4F.G_N_A.SV_C_YM.SR_2Y?format=csvdata&startPeriod=2021-06-16,ok,2026-06-16 04:50:51.494909
EUR,,2Y,2025-08-15,1.9296540424,ecb_yield_curve_aaa,YC.B.U2.EUR.4F.G_N_A.SV_C_YM.SR_2Y,https://data-api.ecb.europa.eu/service/data/YC/B.U2.EUR.4F.G_N_A.SV_C_YM.SR_2Y?format=csvdata&startPeriod=2021-06-16,ok,2026-06-16 04:50:51.494909
EUR,,2Y,2025-08-18,1.9361723298,ecb_yield_curve_aaa,YC.B.U2.EUR.4F.G_N_A.SV_C_YM.SR_2Y,https://data-api.ecb.europa.eu/service/data/YC/B.U2.EUR.4F.G_N_A.SV_C_YM.SR_2Y?format=csvdata&startPeriod=2021-06-16,ok,2026-06-16 04:50:51.494909
EUR,,2Y,2025-08-19,1.9299063054,ecb_yield_curve_aaa,YC.B.U2.EUR.4F.G_N_A.SV_C_YM.SR_2Y,https://data-api.ecb.europa.eu/service/data/YC/B.U2.EUR.4F.G_N_A.SV_C_YM.SR_2Y?format=csvdata&startPeriod=2021-06-16,ok,2026-06-16 04:50:51.494909
EUR,,2Y,2025-08-20,1.9028262007,ecb_yield_curve_aaa,YC.B.U2.EUR.4F.G_N_A.SV_C_YM.SR_2Y,https://data-api.ecb.europa.eu/service/data/YC/B.U2.EUR.4F.G_N_A.SV_C_YM.SR_2Y?format=csvdata&startPeriod=2021-06-16,ok,2026-06-16 04:50:51.494909
EUR,,2Y,2025-08-21,1.9395964645,ecb_yield_curve_aaa,YC.B.U2.EUR.4F.G_N_A.SV_C_YM.SR_2Y,https://data-api.ecb.europa.eu/service/data/YC/B.U2.EUR.4F.G_N_A.SV_C_YM.SR_2Y?format=csvdata&startPeriod=2021-06-16,ok,2026-06-16 04:50:51.494909
EUR,,2Y,2025-08-22,1.9473188478,ecb_yield_curve_aaa,YC.B.U2.EUR.4F.G_N_A.SV_C_YM.SR_2Y,https://data-api.ecb.europa.eu/service/data/YC/B.U2.EUR.4F.G_N_A.SV_C_YM.SR_2Y?format=csvdata&startPeriod=2021-06-16,ok,2026-06-16 04:50:51.494909
EUR,,2Y,2025-08-25,1.9578977321,ecb_yield_curve_aaa,YC.B.U2.EUR.4F.G_N_A.SV_C_YM.SR_2Y,https://data-api.ecb.europa.eu/service/data/YC/B.U2.EUR.4F.G_N_A.SV_C_YM.SR_2Y?format=csvdata&startPeriod=2021-06-16,ok,2026-06-16 04:50:51.494909
EUR,,2Y,2025-08-26,1.9200470906,ecb_yield_curve_aaa,YC.B.U2.EUR.4F.G_N_A.SV_C_YM.SR_2Y,https://data-api.ecb.europa.eu/service/data/YC/B.U2.EUR.4F.G_N_A.SV_C_YM.SR_2Y?format=csvdata&startPeriod=2021-06-16,ok,2026-06-16 04:50:51.494909
EUR,,2Y,2025-08-27,1.9044242003,ecb_yield_curve_aaa,YC.B.U2.EUR.4F.G_N_A.SV_C_YM.SR_2Y,https://data-api.ecb.europa.eu/service/data/YC/B.U2.EUR.4F.G_N_A.SV_C_YM.SR_2Y?format=csvdata&startPeriod=2021-06-16,ok,2026-06-16 04:50:51.494909
EUR,,2Y,2025-08-28,1.914518753,ecb_yield_curve_aaa,YC.B.U2.EUR.4F.G_N_A.SV_C_YM.SR_2Y,https://data-api.ecb.europa.eu/service/data/YC/B.U2.EUR.4F.G_N_A.SV_C_YM.SR_2Y?format=csvdata&startPeriod=2021-06-16,ok,2026-06-16 04:50:51.494909
EUR,,2Y,2025-08-29,1.9213686405,ecb_yield_curve_aaa,YC.B.U2.EUR.4F.G_N_A.SV_C_YM.SR_2Y,https://data-api.ecb.europa.eu/service/data/YC/B.U2.EUR.4F.G_N_A.SV_C_YM.SR_2Y?format=csvdata&startPeriod=2021-06-16,ok,2026-06-16 04:50:51.494909
EUR,,2Y,2025-09-01,1.928922292,ecb_yield_curve_aaa,YC.B.U2.EUR.4F.G_N_A.SV_C_YM.SR_2Y,https://data-api.ecb.europa.eu/service/data/YC/B.U2.EUR.4F.G_N_A.SV_C_YM.SR_2Y?format=csvdata&startPeriod=2021-06-16,ok,2026-06-16 04:50:51.494909
EUR,,2Y,2025-09-02,1.9547879495,ecb_yield_curve_aaa,YC.B.U2.EUR.4F.G_N_A.SV_C_YM.SR_2Y,https://data-api.ecb.europa.eu/service/data/YC/B.U2.EUR.4F.G_N_A.SV_C_YM.SR_2Y?format=csvdata&startPeriod=2021-06-16,ok,2026-06-16 04:50:51.494909
EUR,,2Y,2025-09-03,1.9325486542,ecb_yield_curve_aaa,YC.B.U2.EUR.4F.G_N_A.SV_C_YM.SR_2Y,https://data-api.ecb.europa.eu/service/data/YC/B.U2.EUR.4F.G_N_A.SV_C_YM.SR_2Y?format=csvdata&startPeriod=2021-06-16,ok,2026-06-16 04:50:51.494909
EUR,,2Y,2025-09-04,1.9264749155,ecb_yield_curve_aaa,YC.B.U2.EUR.4F.G_N_A.SV_C_YM.SR_2Y,https://data-api.ecb.europa.eu/service/data/YC/B.U2.EUR.4F.G_N_A.SV_C_YM.SR_2Y?format=csvdata&startPeriod=2021-06-16,ok,2026-06-16 04:50:51.494909
EUR,,2Y,2025-09-05,1.9033183028,ecb_yield_curve_aaa,YC.B.U2.EUR.4F.G_N_A.SV_C_YM.SR_2Y,https://data-api.ecb.europa.eu/service/data/YC/B.U2.EUR.4F.G_N_A.SV_C_YM.SR_2Y?format=csvdata&startPeriod=2021-06-16,ok,2026-06-16 04:50:51.494909
EUR,,2Y,2025-09-08,1.895973612,ecb_yield_curve_aaa,YC.B.U2.EUR.4F.G_N_A.SV_C_YM.SR_2Y,https://data-api.ecb.europa.eu/service/data/YC/B.U2.EUR.4F.G_N_A.SV_C_YM.SR_2Y?format=csvdata&startPeriod=2021-06-16,ok,2026-06-16 04:50:51.494909
EUR,,2Y,2025-09-09,1.9051122605,ecb_yield_curve_aaa,YC.B.U2.EUR.4F.G_N_A.SV_C_YM.SR_2Y,https://data-api.ecb.europa.eu/service/data/YC/B.U2.EUR.4F.G_N_A.SV_C_YM.SR_2Y?format=csvdata&startPeriod=2021-06-16,ok,2026-06-16 04:50:51.494909
EUR,,2Y,2025-09-10,1.9141822433,ecb_yield_curve_aaa,YC.B.U2.EUR.4F.G_N_A.SV_C_YM.SR_2Y,https://data-api.ecb.europa.eu/service/data/YC/B.U2.EUR.4F.G_N_A.SV_C_YM.SR_2Y?format=csvdata&startPeriod=2021-06-16,ok,2026-06-16 04:50:51.494909
EUR,,2Y,2025-09-11,1.9532167861,ecb_yield_curve_aaa,YC.B.U2.EUR.4F.G_N_A.SV_C_YM.SR_2Y,https://data-api.ecb.europa.eu/service/data/YC/B.U2.EUR.4F.G_N_A.SV_C_YM.SR_2Y?format=csvdata&startPeriod=2021-06-16,ok,2026-06-16 04:50:51.494909
EUR,,2Y,2025-09-12,1.9790847728,ecb_yield_curve_aaa,YC.B.U2.EUR.4F.G_N_A.SV_C_YM.SR_2Y,https://data-api.ecb.europa.eu/service/data/YC/B.U2.EUR.4F.G_N_A.SV_C_YM.SR_2Y?format=csvdata&startPeriod=2021-06-16,ok,2026-06-16 04:50:51.494909
EUR,,2Y,2025-09-15,1.9720407965,ecb_yield_curve_aaa,YC.B.U2.EUR.4F.G_N_A.SV_C_YM.SR_2Y,https://data-api.ecb.europa.eu/service/data/YC/B.U2.EUR.4F.G_N_A.SV_C_YM.SR_2Y?format=csvdata&startPeriod=2021-06-16,ok,2026-06-16 04:50:51.494909
EUR,,2Y,2025-09-16,1.9778896988,ecb_yield_curve_aaa,YC.B.U2.EUR.4F.G_N_A.SV_C_YM.SR_2Y,https://data-api.ecb.europa.eu/service/data/YC/B.U2.EUR.4F.G_N_A.SV_C_YM.SR_2Y?format=csvdata&startPeriod=2021-06-16,ok,2026-06-16 04:50:51.494909
EUR,,2Y,2025-09-17,1.9643942273,ecb_yield_curve_aaa,YC.B.U2.EUR.4F.G_N_A.SV_C_YM.SR_2Y,https://data-api.ecb.europa.eu/service/data/YC/B.U2.EUR.4F.G_N_A.SV_C_YM.SR_2Y?format=csvdata&startPeriod=2021-06-16,ok,2026-06-16 04:50:51.494909
EUR,,2Y,2025-09-18,1.9780242937,ecb_yield_curve_aaa,YC.B.U2.EUR.4F.G_N_A.SV_C_YM.SR_2Y,https://data-api.ecb.europa.eu/service/data/YC/B.U2.EUR.4F.G_N_A.SV_C_YM.SR_2Y?format=csvdata&startPeriod=2021-06-16,ok,2026-06-16 04:50:51.494909
EUR,,2Y,2025-09-19,1.9896402238,ecb_yield_curve_aaa,YC.B.U2.EUR.4F.G_N_A.SV_C_YM.SR_2Y,https://data-api.ecb.europa.eu/service/data/YC/B.U2.EUR.4F.G_N_A.SV_C_YM.SR_2Y?format=csvdata&startPeriod=2021-06-16,ok,2026-06-16 04:50:51.494909
EUR,,2Y,2025-09-22,1.9852879818,ecb_yield_curve_aaa,YC.B.U2.EUR.4F.G_N_A.SV_C_YM.SR_2Y,https://data-api.ecb.europa.eu/service/data/YC/B.U2.EUR.4F.G_N_A.SV_C_YM.SR_2Y?format=csvdata&startPeriod=2021-06-16,ok,2026-06-16 04:50:51.494909
EUR,,2Y,2025-09-23,1.9956466397,ecb_yield_curve_aaa,YC.B.U2.EUR.4F.G_N_A.SV_C_YM.SR_2Y,https://data-api.ecb.europa.eu/service/data/YC/B.U2.EUR.4F.G_N_A.SV_C_YM.SR_2Y?format=csvdata&startPeriod=2021-06-16,ok,2026-06-16 04:50:51.494909
EUR,,2Y,2025-09-24,1.9873716479,ecb_yield_curve_aaa,YC.B.U2.EUR.4F.G_N_A.SV_C_YM.SR_2Y,https://data-api.ecb.europa.eu/service/data/YC/B.U2.EUR.4F.G_N_A.SV_C_YM.SR_2Y?format=csvdata&startPeriod=2021-06-16,ok,2026-06-16 04:50:51.494909
EUR,,2Y,2025-09-25,2.0094562374,ecb_yield_curve_aaa,YC.B.U2.EUR.4F.G_N_A.SV_C_YM.SR_2Y,https://data-api.ecb.europa.eu/service/data/YC/B.U2.EUR.4F.G_N_A.SV_C_YM.SR_2Y?format=csvdata&startPeriod=2021-06-16,ok,2026-06-16 04:50:51.494909
EUR,,2Y,2025-09-26,1.9994178834,ecb_yield_curve_aaa,YC.B.U2.EUR.4F.G_N_A.SV_C_YM.SR_2Y,https://data-api.ecb.europa.eu/service/data/YC/B.U2.EUR.4F.G_N_A.SV_C_YM.SR_2Y?format=csvdata&startPeriod=2021-06-16,ok,2026-06-16 04:50:51.494909
EUR,,2Y,2025-09-29,1.9956701695,ecb_yield_curve_aaa,YC.B.U2.EUR.4F.G_N_A.SV_C_YM.SR_2Y,https://data-api.ecb.europa.eu/service/data/YC/B.U2.EUR.4F.G_N_A.SV_C_YM.SR_2Y?format=csvdata&startPeriod=2021-06-16,ok,2026-06-16 04:50:51.494909
EUR,,2Y,2025-09-30,1.9908238068,ecb_yield_curve_aaa,YC.B.U2.EUR.4F.G_N_A.SV_C_YM.SR_2Y,https://data-api.ecb.europa.eu/service/data/YC/B.U2.EUR.4F.G_N_A.SV_C_YM.SR_2Y?format=csvdata&startPeriod=2021-06-16,ok,2026-06-16 04:50:51.494909
EUR,,2Y,2025-10-01,1.9761886629,ecb_yield_curve_aaa,YC.B.U2.EUR.4F.G_N_A.SV_C_YM.SR_2Y,https://data-api.ecb.europa.eu/service/data/YC/B.U2.EUR.4F.G_N_A.SV_C_YM.SR_2Y?format=csvdata&startPeriod=2021-06-16,ok,2026-06-16 04:50:51.494909
EUR,,2Y,2025-10-02,1.9917023576,ecb_yield_curve_aaa,YC.B.U2.EUR.4F.G_N_A.SV_C_YM.SR_2Y,https://data-api.ecb.europa.eu/service/data/YC/B.U2.EUR.4F.G_N_A.SV_C_YM.SR_2Y?format=csvdata&startPeriod=2021-06-16,ok,2026-06-16 04:50:51.494909
EUR,,2Y,2025-10-03,1.9939644259,ecb_yield_curve_aaa,YC.B.U2.EUR.4F.G_N_A.SV_C_YM.SR_2Y,https://data-api.ecb.europa.eu/service/data/YC/B.U2.EUR.4F.G_N_A.SV_C_YM.SR_2Y?format=csvdata&startPeriod=2021-06-16,ok,2026-06-16 04:50:51.494909
EUR,,2Y,2025-10-06,1.98083288,ecb_yield_curve_aaa,YC.B.U2.EUR.4F.G_N_A.SV_C_YM.SR_2Y,https://data-api.ecb.europa.eu/service/data/YC/B.U2.EUR.4F.G_N_A.SV_C_YM.SR_2Y?format=csvdata&startPeriod=2021-06-16,ok,2026-06-16 04:50:51.494909
EUR,,2Y,2025-10-07,1.9857003252,ecb_yield_curve_aaa,YC.B.U2.EUR.4F.G_N_A.SV_C_YM.SR_2Y,https://data-api.ecb.europa.eu/service/data/YC/B.U2.EUR.4F.G_N_A.SV_C_YM.SR_2Y?format=csvdata&startPeriod=2021-06-16,ok,2026-06-16 04:50:51.494909
EUR,,2Y,2025-10-08,1.9630022754,ecb_yield_curve_aaa,YC.B.U2.EUR.4F.G_N_A.SV_C_YM.SR_2Y,https://data-api.ecb.europa.eu/service/data/YC/B.U2.EUR.4F.G_N_A.SV_C_YM.SR_2Y?format=csvdata&startPeriod=2021-06-16,ok,2026-06-16 04:50:51.494909
EUR,,2Y,2025-10-09,1.9726228378,ecb_yield_curve_aaa,YC.B.U2.EUR.4F.G_N_A.SV_C_YM.SR_2Y,https://data-api.ecb.europa.eu/service/data/YC/B.U2.EUR.4F.G_N_A.SV_C_YM.SR_2Y?format=csvdata&startPeriod=2021-06-16,ok,2026-06-16 04:50:51.494909
EUR,,2Y,2025-10-10,1.9587396731,ecb_yield_curve_aaa,YC.B.U2.EUR.4F.G_N_A.SV_C_YM.SR_2Y,https://data-api.ecb.europa.eu/service/data/YC/B.U2.EUR.4F.G_N_A.SV_C_YM.SR_2Y?format=csvdata&startPeriod=2021-06-16,ok,2026-06-16 04:50:51.494909
EUR,,2Y,2025-10-13,1.9306945555,ecb_yield_curve_aaa,YC.B.U2.EUR.4F.G_N_A.SV_C_YM.SR_2Y,https://data-api.ecb.europa.eu/service/data/YC/B.U2.EUR.4F.G_N_A.SV_C_YM.SR_2Y?format=csvdata&startPeriod=2021-06-16,ok,2026-06-16 04:50:51.494909
EUR,,2Y,2025-10-14,1.9168815171,ecb_yield_curve_aaa,YC.B.U2.EUR.4F.G_N_A.SV_C_YM.SR_2Y,https://data-api.ecb.europa.eu/service/data/YC/B.U2.EUR.4F.G_N_A.SV_C_YM.SR_2Y?format=csvdata&startPeriod=2021-06-16,ok,2026-06-16 04:50:51.494909
EUR,,2Y,2025-10-15,1.9001731195,ecb_yield_curve_aaa,YC.B.U2.EUR.4F.G_N_A.SV_C_YM.SR_2Y,https://data-api.ecb.europa.eu/service/data/YC/B.U2.EUR.4F.G_N_A.SV_C_YM.SR_2Y?format=csvdata&startPeriod=2021-06-16,ok,2026-06-16 04:50:51.494909
EUR,,2Y,2025-10-16,1.9037734982,ecb_yield_curve_aaa,YC.B.U2.EUR.4F.G_N_A.SV_C_YM.SR_2Y,https://data-api.ecb.europa.eu/service/data/YC/B.U2.EUR.4F.G_N_A.SV_C_YM.SR_2Y?format=csvdata&startPeriod=2021-06-16,ok,2026-06-16 04:50:51.494909
EUR,,2Y,2025-10-17,1.8984483024,ecb_yield_curve_aaa,YC.B.U2.EUR.4F.G_N_A.SV_C_YM.SR_2Y,https://data-api.ecb.europa.eu/service/data/YC/B.U2.EUR.4F.G_N_A.SV_C_YM.SR_2Y?format=csvdata&startPeriod=2021-06-16,ok,2026-06-16 04:50:51.494909
EUR,,2Y,2025-10-20,1.8984182214,ecb_yield_curve_aaa,YC.B.U2.EUR.4F.G_N_A.SV_C_YM.SR_2Y,https://data-api.ecb.europa.eu/service/data/YC/B.U2.EUR.4F.G_N_A.SV_C_YM.SR_2Y?format=csvdata&startPeriod=2021-06-16,ok,2026-06-16 04:50:51.494909
EUR,,2Y,2025-10-21,1.8885775465,ecb_yield_curve_aaa,YC.B.U2.EUR.4F.G_N_A.SV_C_YM.SR_2Y,https://data-api.ecb.europa.eu/service/data/YC/B.U2.EUR.4F.G_N_A.SV_C_YM.SR_2Y?format=csvdata&startPeriod=2021-06-16,ok,2026-06-16 04:50:51.494909
EUR,,2Y,2025-10-22,1.8988944421,ecb_yield_curve_aaa,YC.B.U2.EUR.4F.G_N_A.SV_C_YM.SR_2Y,https://data-api.ecb.europa.eu/service/data/YC/B.U2.EUR.4F.G_N_A.SV_C_YM.SR_2Y?format=csvdata&startPeriod=2021-06-16,ok,2026-06-16 04:50:51.494909
EUR,,2Y,2025-10-23,1.9077101748,ecb_yield_curve_aaa,YC.B.U2.EUR.4F.G_N_A.SV_C_YM.SR_2Y,https://data-api.ecb.europa.eu/service/data/YC/B.U2.EUR.4F.G_N_A.SV_C_YM.SR_2Y?format=csvdata&startPeriod=2021-06-16,ok,2026-06-16 04:50:51.494909
EUR,,2Y,2025-10-24,1.9492572548,ecb_yield_curve_aaa,YC.B.U2.EUR.4F.G_N_A.SV_C_YM.SR_2Y,https://data-api.ecb.europa.eu/service/data/YC/B.U2.EUR.4F.G_N_A.SV_C_YM.SR_2Y?format=csvdata&startPeriod=2021-06-16,ok,2026-06-16 04:50:51.494909
EUR,,2Y,2025-10-27,1.9525802229,ecb_yield_curve_aaa,YC.B.U2.EUR.4F.G_N_A.SV_C_YM.SR_2Y,https://data-api.ecb.europa.eu/service/data/YC/B.U2.EUR.4F.G_N_A.SV_C_YM.SR_2Y?format=csvdata&startPeriod=2021-06-16,ok,2026-06-16 04:50:51.494909
EUR,,2Y,2025-10-28,1.9502180776,ecb_yield_curve_aaa,YC.B.U2.EUR.4F.G_N_A.SV_C_YM.SR_2Y,https://data-api.ecb.europa.eu/service/data/YC/B.U2.EUR.4F.G_N_A.SV_C_YM.SR_2Y?format=csvdata&startPeriod=2021-06-16,ok,2026-06-16 04:50:51.494909
EUR,,2Y,2025-10-29,1.9449959952,ecb_yield_curve_aaa,YC.B.U2.EUR.4F.G_N_A.SV_C_YM.SR_2Y,https://data-api.ecb.europa.eu/service/data/YC/B.U2.EUR.4F.G_N_A.SV_C_YM.SR_2Y?format=csvdata&startPeriod=2021-06-16,ok,2026-06-16 04:50:51.494909
EUR,,2Y,2025-10-30,1.966546382,ecb_yield_curve_aaa,YC.B.U2.EUR.4F.G_N_A.SV_C_YM.SR_2Y,https://data-api.ecb.europa.eu/service/data/YC/B.U2.EUR.4F.G_N_A.SV_C_YM.SR_2Y?format=csvdata&startPeriod=2021-06-16,ok,2026-06-16 04:50:51.494909
EUR,,2Y,2025-10-31,1.9496455975,ecb_yield_curve_aaa,YC.B.U2.EUR.4F.G_N_A.SV_C_YM.SR_2Y,https://data-api.ecb.europa.eu/service/data/YC/B.U2.EUR.4F.G_N_A.SV_C_YM.SR_2Y?format=csvdata&startPeriod=2021-06-16,ok,2026-06-16 04:50:51.494909
EUR,,2Y,2025-11-03,1.9601849719,ecb_yield_curve_aaa,YC.B.U2.EUR.4F.G_N_A.SV_C_YM.SR_2Y,https://data-api.ecb.europa.eu/service/data/YC/B.U2.EUR.4F.G_N_A.SV_C_YM.SR_2Y?format=csvdata&startPeriod=2021-06-16,ok,2026-06-16 04:50:51.494909
EUR,,2Y,2025-11-04,1.9545242785,ecb_yield_curve_aaa,YC.B.U2.EUR.4F.G_N_A.SV_C_YM.SR_2Y,https://data-api.ecb.europa.eu/service/data/YC/B.U2.EUR.4F.G_N_A.SV_C_YM.SR_2Y?format=csvdata&startPeriod=2021-06-16,ok,2026-06-16 04:50:51.494909
EUR,,2Y,2025-11-05,1.9539552601,ecb_yield_curve_aaa,YC.B.U2.EUR.4F.G_N_A.SV_C_YM.SR_2Y,https://data-api.ecb.europa.eu/service/data/YC/B.U2.EUR.4F.G_N_A.SV_C_YM.SR_2Y?format=csvdata&startPeriod=2021-06-16,ok,2026-06-16 04:50:51.494909
EUR,,2Y,2025-11-06,1.9634247745,ecb_yield_curve_aaa,YC.B.U2.EUR.4F.G_N_A.SV_C_YM.SR_2Y,https://data-api.ecb.europa.eu/service/data/YC/B.U2.EUR.4F.G_N_A.SV_C_YM.SR_2Y?format=csvdata&startPeriod=2021-06-16,ok,2026-06-16 04:50:51.494909
EUR,,2Y,2025-11-07,1.9723170296,ecb_yield_curve_aaa,YC.B.U2.EUR.4F.G_N_A.SV_C_YM.SR_2Y,https://data-api.ecb.europa.eu/service/data/YC/B.U2.EUR.4F.G_N_A.SV_C_YM.SR_2Y?format=csvdata&startPeriod=2021-06-16,ok,2026-06-16 04:50:51.494909
EUR,,2Y,2025-11-10,1.9713384534,ecb_yield_curve_aaa,YC.B.U2.EUR.4F.G_N_A.SV_C_YM.SR_2Y,https://data-api.ecb.europa.eu/service/data/YC/B.U2.EUR.4F.G_N_A.SV_C_YM.SR_2Y?format=csvdata&startPeriod=2021-06-16,ok,2026-06-16 04:50:51.494909
EUR,,2Y,2025-11-11,1.9708878517,ecb_yield_curve_aaa,YC.B.U2.EUR.4F.G_N_A.SV_C_YM.SR_2Y,https://data-api.ecb.europa.eu/service/data/YC/B.U2.EUR.4F.G_N_A.SV_C_YM.SR_2Y?format=csvdata&startPeriod=2021-06-16,ok,2026-06-16 04:50:51.494909
EUR,,2Y,2025-11-12,1.9757924828,ecb_yield_curve_aaa,YC.B.U2.EUR.4F.G_N_A.SV_C_YM.SR_2Y,https://data-api.ecb.europa.eu/service/data/YC/B.U2.EUR.4F.G_N_A.SV_C_YM.SR_2Y?format=csvdata&startPeriod=2021-06-16,ok,2026-06-16 04:50:51.494909
EUR,,2Y,2025-11-13,1.9946614329,ecb_yield_curve_aaa,YC.B.U2.EUR.4F.G_N_A.SV_C_YM.SR_2Y,https://data-api.ecb.europa.eu/service/data/YC/B.U2.EUR.4F.G_N_A.SV_C_YM.SR_2Y?format=csvdata&startPeriod=2021-06-16,ok,2026-06-16 04:50:51.494909
EUR,,2Y,2025-11-14,1.9897807117,ecb_yield_curve_aaa,YC.B.U2.EUR.4F.G_N_A.SV_C_YM.SR_2Y,https://data-api.ecb.europa.eu/service/data/YC/B.U2.EUR.4F.G_N_A.SV_C_YM.SR_2Y?format=csvdata&startPeriod=2021-06-16,ok,2026-06-16 04:50:51.494909
EUR,,2Y,2025-11-17,2.001966068,ecb_yield_curve_aaa,YC.B.U2.EUR.4F.G_N_A.SV_C_YM.SR_2Y,https://data-api.ecb.europa.eu/service/data/YC/B.U2.EUR.4F.G_N_A.SV_C_YM.SR_2Y?format=csvdata&startPeriod=2021-06-16,ok,2026-06-16 04:50:51.494909
EUR,,2Y,2025-11-18,1.9800858891,ecb_yield_curve_aaa,YC.B.U2.EUR.4F.G_N_A.SV_C_YM.SR_2Y,https://data-api.ecb.europa.eu/service/data/YC/B.U2.EUR.4F.G_N_A.SV_C_YM.SR_2Y?format=csvdata&startPeriod=2021-06-16,ok,2026-06-16 04:50:51.494909
EUR,,2Y,2025-11-19,1.9897453776,ecb_yield_curve_aaa,YC.B.U2.EUR.4F.G_N_A.SV_C_YM.SR_2Y,https://data-api.ecb.europa.eu/service/data/YC/B.U2.EUR.4F.G_N_A.SV_C_YM.SR_2Y?format=csvdata&startPeriod=2021-06-16,ok,2026-06-16 04:50:51.494909
EUR,,2Y,2025-11-20,2.0067656218,ecb_yield_curve_aaa,YC.B.U2.EUR.4F.G_N_A.SV_C_YM.SR_2Y,https://data-api.ecb.europa.eu/service/data/YC/B.U2.EUR.4F.G_N_A.SV_C_YM.SR_2Y?format=csvdata&startPeriod=2021-06-16,ok,2026-06-16 04:50:51.494909
EUR,,2Y,2025-11-21,1.9777959808,ecb_yield_curve_aaa,YC.B.U2.EUR.4F.G_N_A.SV_C_YM.SR_2Y,https://data-api.ecb.europa.eu/service/data/YC/B.U2.EUR.4F.G_N_A.SV_C_YM.SR_2Y?format=csvdata&startPeriod=2021-06-16,ok,2026-06-16 04:50:51.494909
EUR,,2Y,2025-11-24,1.9981241414,ecb_yield_curve_aaa,YC.B.U2.EUR.4F.G_N_A.SV_C_YM.SR_2Y,https://data-api.ecb.europa.eu/service/data/YC/B.U2.EUR.4F.G_N_A.SV_C_YM.SR_2Y?format=csvdata&startPeriod=2021-06-16,ok,2026-06-16 04:50:51.494909
EUR,,2Y,2025-11-25,1.9924426405,ecb_yield_curve_aaa,YC.B.U2.EUR.4F.G_N_A.SV_C_YM.SR_2Y,https://data-api.ecb.europa.eu/service/data/YC/B.U2.EUR.4F.G_N_A.SV_C_YM.SR_2Y?format=csvdata&startPeriod=2021-06-16,ok,2026-06-16 04:50:51.494909
EUR,,2Y,2025-11-26,1.9959402407,ecb_yield_curve_aaa,YC.B.U2.EUR.4F.G_N_A.SV_C_YM.SR_2Y,https://data-api.ecb.europa.eu/service/data/YC/B.U2.EUR.4F.G_N_A.SV_C_YM.SR_2Y?format=csvdata&startPeriod=2021-06-16,ok,2026-06-16 04:50:51.494909
EUR,,2Y,2025-11-27,1.9992870109,ecb_yield_curve_aaa,YC.B.U2.EUR.4F.G_N_A.SV_C_YM.SR_2Y,https://data-api.ecb.europa.eu/service/data/YC/B.U2.EUR.4F.G_N_A.SV_C_YM.SR_2Y?format=csvdata&startPeriod=2021-06-16,ok,2026-06-16 04:50:51.494909
EUR,,2Y,2025-11-28,2.0086159249,ecb_yield_curve_aaa,YC.B.U2.EUR.4F.G_N_A.SV_C_YM.SR_2Y,https://data-api.ecb.europa.eu/service/data/YC/B.U2.EUR.4F.G_N_A.SV_C_YM.SR_2Y?format=csvdata&startPeriod=2021-06-16,ok,2026-06-16 04:50:51.494909
EUR,,2Y,2025-12-01,2.0361617384,ecb_yield_curve_aaa,YC.B.U2.EUR.4F.G_N_A.SV_C_YM.SR_2Y,https://data-api.ecb.europa.eu/service/data/YC/B.U2.EUR.4F.G_N_A.SV_C_YM.SR_2Y?format=csvdata&startPeriod=2021-06-16,ok,2026-06-16 04:50:51.494909
EUR,,2Y,2025-12-02,2.0262999062,ecb_yield_curve_aaa,YC.B.U2.EUR.4F.G_N_A.SV_C_YM.SR_2Y,https://data-api.ecb.europa.eu/service/data/YC/B.U2.EUR.4F.G_N_A.SV_C_YM.SR_2Y?format=csvdata&startPeriod=2021-06-16,ok,2026-06-16 04:50:51.494909
EUR,,2Y,2025-12-03,2.0245242654,ecb_yield_curve_aaa,YC.B.U2.EUR.4F.G_N_A.SV_C_YM.SR_2Y,https://data-api.ecb.europa.eu/service/data/YC/B.U2.EUR.4F.G_N_A.SV_C_YM.SR_2Y?format=csvdata&startPeriod=2021-06-16,ok,2026-06-16 04:50:51.494909
EUR,,2Y,2025-12-04,2.0453654549,ecb_yield_curve_aaa,YC.B.U2.EUR.4F.G_N_A.SV_C_YM.SR_2Y,https://data-api.ecb.europa.eu/service/data/YC/B.U2.EUR.4F.G_N_A.SV_C_YM.SR_2Y?format=csvdata&startPeriod=2021-06-16,ok,2026-06-16 04:50:51.494909
EUR,,2Y,2025-12-05,2.052909768,ecb_yield_curve_aaa,YC.B.U2.EUR.4F.G_N_A.SV_C_YM.SR_2Y,https://data-api.ecb.europa.eu/service/data/YC/B.U2.EUR.4F.G_N_A.SV_C_YM.SR_2Y?format=csvdata&startPeriod=2021-06-16,ok,2026-06-16 04:50:51.494909
EUR,,2Y,2025-12-08,2.1127957698,ecb_yield_curve_aaa,YC.B.U2.EUR.4F.G_N_A.SV_C_YM.SR_2Y,https://data-api.ecb.europa.eu/service/data/YC/B.U2.EUR.4F.G_N_A.SV_C_YM.SR_2Y?format=csvdata&startPeriod=2021-06-16,ok,2026-06-16 04:50:51.494909
EUR,,2Y,2025-12-09,2.1151576926,ecb_yield_curve_aaa,YC.B.U2.EUR.4F.G_N_A.SV_C_YM.SR_2Y,https://data-api.ecb.europa.eu/service/data/YC/B.U2.EUR.4F.G_N_A.SV_C_YM.SR_2Y?format=csvdata&startPeriod=2021-06-16,ok,2026-06-16 04:50:51.494909
EUR,,2Y,2025-12-10,2.1334987566,ecb_yield_curve_aaa,YC.B.U2.EUR.4F.G_N_A.SV_C_YM.SR_2Y,https://data-api.ecb.europa.eu/service/data/YC/B.U2.EUR.4F.G_N_A.SV_C_YM.SR_2Y?format=csvdata&startPeriod=2021-06-16,ok,2026-06-16 04:50:51.494909
EUR,,2Y,2025-12-11,2.1223183223,ecb_yield_curve_aaa,YC.B.U2.EUR.4F.G_N_A.SV_C_YM.SR_2Y,https://data-api.ecb.europa.eu/service/data/YC/B.U2.EUR.4F.G_N_A.SV_C_YM.SR_2Y?format=csvdata&startPeriod=2021-06-16,ok,2026-06-16 04:50:51.494909
EUR,,2Y,2025-12-12,2.1260062539,ecb_yield_curve_aaa,YC.B.U2.EUR.4F.G_N_A.SV_C_YM.SR_2Y,https://data-api.ecb.europa.eu/service/data/YC/B.U2.EUR.4F.G_N_A.SV_C_YM.SR_2Y?format=csvdata&startPeriod=2021-06-16,ok,2026-06-16 04:50:51.494909
EUR,,2Y,2025-12-15,2.1145348663,ecb_yield_curve_aaa,YC.B.U2.EUR.4F.G_N_A.SV_C_YM.SR_2Y,https://data-api.ecb.europa.eu/service/data/YC/B.U2.EUR.4F.G_N_A.SV_C_YM.SR_2Y?format=csvdata&startPeriod=2021-06-16,ok,2026-06-16 04:50:51.494909
EUR,,2Y,2025-12-16,2.1131495875,ecb_yield_curve_aaa,YC.B.U2.EUR.4F.G_N_A.SV_C_YM.SR_2Y,https://data-api.ecb.europa.eu/service/data/YC/B.U2.EUR.4F.G_N_A.SV_C_YM.SR_2Y?format=csvdata&startPeriod=2021-06-16,ok,2026-06-16 04:50:51.494909
EUR,,2Y,2025-12-17,2.1027460322,ecb_yield_curve_aaa,YC.B.U2.EUR.4F.G_N_A.SV_C_YM.SR_2Y,https://data-api.ecb.europa.eu/service/data/YC/B.U2.EUR.4F.G_N_A.SV_C_YM.SR_2Y?format=csvdata&startPeriod=2021-06-16,ok,2026-06-16 04:50:51.494909
EUR,,2Y,2025-12-18,2.100313418,ecb_yield_curve_aaa,YC.B.U2.EUR.4F.G_N_A.SV_C_YM.SR_2Y,https://data-api.ecb.europa.eu/service/data/YC/B.U2.EUR.4F.G_N_A.SV_C_YM.SR_2Y?format=csvdata&startPeriod=2021-06-16,ok,2026-06-16 04:50:51.494909
EUR,,2Y,2025-12-19,2.1198446236,ecb_yield_curve_aaa,YC.B.U2.EUR.4F.G_N_A.SV_C_YM.SR_2Y,https://data-api.ecb.europa.eu/service/data/YC/B.U2.EUR.4F.G_N_A.SV_C_YM.SR_2Y?format=csvdata&startPeriod=2021-06-16,ok,2026-06-16 04:50:51.494909
EUR,,2Y,2025-12-22,2.1227241736,ecb_yield_curve_aaa,YC.B.U2.EUR.4F.G_N_A.SV_C_YM.SR_2Y,https://data-api.ecb.europa.eu/service/data/YC/B.U2.EUR.4F.G_N_A.SV_C_YM.SR_2Y?format=csvdata&startPeriod=2021-06-16,ok,2026-06-16 04:50:51.494909
EUR,,2Y,2025-12-23,2.1201323564,ecb_yield_curve_aaa,YC.B.U2.EUR.4F.G_N_A.SV_C_YM.SR_2Y,https://data-api.ecb.europa.eu/service/data/YC/B.U2.EUR.4F.G_N_A.SV_C_YM.SR_2Y?format=csvdata&startPeriod=2021-06-16,ok,2026-06-16 04:50:51.494909
EUR,,2Y,2025-12-24,2.1214520268,ecb_yield_curve_aaa,YC.B.U2.EUR.4F.G_N_A.SV_C_YM.SR_2Y,https://data-api.ecb.europa.eu/service/data/YC/B.U2.EUR.4F.G_N_A.SV_C_YM.SR_2Y?format=csvdata&startPeriod=2021-06-16,ok,2026-06-16 04:50:51.494909
EUR,,2Y,2025-12-29,2.0890805136,ecb_yield_curve_aaa,YC.B.U2.EUR.4F.G_N_A.SV_C_YM.SR_2Y,https://data-api.ecb.europa.eu/service/data/YC/B.U2.EUR.4F.G_N_A.SV_C_YM.SR_2Y?format=csvdata&startPeriod=2021-06-16,ok,2026-06-16 04:50:51.494909
EUR,,2Y,2025-12-30,2.1004409369,ecb_yield_curve_aaa,YC.B.U2.EUR.4F.G_N_A.SV_C_YM.SR_2Y,https://data-api.ecb.europa.eu/service/data/YC/B.U2.EUR.4F.G_N_A.SV_C_YM.SR_2Y?format=csvdata&startPeriod=2021-06-16,ok,2026-06-16 04:50:51.494909
EUR,,2Y,2025-12-31,2.108454926,ecb_yield_curve_aaa,YC.B.U2.EUR.4F.G_N_A.SV_C_YM.SR_2Y,https://data-api.ecb.europa.eu/service/data/YC/B.U2.EUR.4F.G_N_A.SV_C_YM.SR_2Y?format=csvdata&startPeriod=2021-06-16,ok,2026-06-16 04:50:51.494909
EUR,,2Y,2026-01-02,2.1097118774,ecb_yield_curve_aaa,YC.B.U2.EUR.4F.G_N_A.SV_C_YM.SR_2Y,https://data-api.ecb.europa.eu/service/data/YC/B.U2.EUR.4F.G_N_A.SV_C_YM.SR_2Y?format=csvdata&startPeriod=2021-06-16,ok,2026-06-16 04:50:51.494909
EUR,,2Y,2026-01-05,2.1166888082,ecb_yield_curve_aaa,YC.B.U2.EUR.4F.G_N_A.SV_C_YM.SR_2Y,https://data-api.ecb.europa.eu/service/data/YC/B.U2.EUR.4F.G_N_A.SV_C_YM.SR_2Y?format=csvdata&startPeriod=2021-06-16,ok,2026-06-16 04:50:51.494909
EUR,,2Y,2026-01-06,2.0811808209,ecb_yield_curve_aaa,YC.B.U2.EUR.4F.G_N_A.SV_C_YM.SR_2Y,https://data-api.ecb.europa.eu/service/data/YC/B.U2.EUR.4F.G_N_A.SV_C_YM.SR_2Y?format=csvdata&startPeriod=2021-06-16,ok,2026-06-16 04:50:51.494909
EUR,,2Y,2026-01-07,2.0676284816,ecb_yield_curve_aaa,YC.B.U2.EUR.4F.G_N_A.SV_C_YM.SR_2Y,https://data-api.ecb.europa.eu/service/data/YC/B.U2.EUR.4F.G_N_A.SV_C_YM.SR_2Y?format=csvdata&startPeriod=2021-06-16,ok,2026-06-16 04:50:51.494909
EUR,,2Y,2026-01-08,2.0789036096,ecb_yield_curve_aaa,YC.B.U2.EUR.4F.G_N_A.SV_C_YM.SR_2Y,https://data-api.ecb.europa.eu/service/data/YC/B.U2.EUR.4F.G_N_A.SV_C_YM.SR_2Y?format=csvdata&startPeriod=2021-06-16,ok,2026-06-16 04:50:51.494909
EUR,,2Y,2026-01-09,2.0896572574,ecb_yield_curve_aaa,YC.B.U2.EUR.4F.G_N_A.SV_C_YM.SR_2Y,https://data-api.ecb.europa.eu/service/data/YC/B.U2.EUR.4F.G_N_A.SV_C_YM.SR_2Y?format=csvdata&startPeriod=2021-06-16,ok,2026-06-16 04:50:51.494909
EUR,,2Y,2026-01-12,2.0774595775,ecb_yield_curve_aaa,YC.B.U2.EUR.4F.G_N_A.SV_C_YM.SR_2Y,https://data-api.ecb.europa.eu/service/data/YC/B.U2.EUR.4F.G_N_A.SV_C_YM.SR_2Y?format=csvdata&startPeriod=2021-06-16,ok,2026-06-16 04:50:51.494909
EUR,,2Y,2026-01-13,2.0777781125,ecb_yield_curve_aaa,YC.B.U2.EUR.4F.G_N_A.SV_C_YM.SR_2Y,https://data-api.ecb.europa.eu/service/data/YC/B.U2.EUR.4F.G_N_A.SV_C_YM.SR_2Y?format=csvdata&startPeriod=2021-06-16,ok,2026-06-16 04:50:51.494909
EUR,,2Y,2026-01-14,2.0614395345,ecb_yield_curve_aaa,YC.B.U2.EUR.4F.G_N_A.SV_C_YM.SR_2Y,https://data-api.ecb.europa.eu/service/data/YC/B.U2.EUR.4F.G_N_A.SV_C_YM.SR_2Y?format=csvdata&startPeriod=2021-06-16,ok,2026-06-16 04:50:51.494909
EUR,,2Y,2026-01-15,2.0696657104,ecb_yield_curve_aaa,YC.B.U2.EUR.4F.G_N_A.SV_C_YM.SR_2Y,https://data-api.ecb.europa.eu/service/data/YC/B.U2.EUR.4F.G_N_A.SV_C_YM.SR_2Y?format=csvdata&startPeriod=2021-06-16,ok,2026-06-16 04:50:51.494909
EUR,,2Y,2026-01-16,2.0876313209,ecb_yield_curve_aaa,YC.B.U2.EUR.4F.G_N_A.SV_C_YM.SR_2Y,https://data-api.ecb.europa.eu/service/data/YC/B.U2.EUR.4F.G_N_A.SV_C_YM.SR_2Y?format=csvdata&startPeriod=2021-06-16,ok,2026-06-16 04:50:51.494909
EUR,,2Y,2026-01-19,2.0600532983,ecb_yield_curve_aaa,YC.B.U2.EUR.4F.G_N_A.SV_C_YM.SR_2Y,https://data-api.ecb.europa.eu/service/data/YC/B.U2.EUR.4F.G_N_A.SV_C_YM.SR_2Y?format=csvdata&startPeriod=2021-06-16,ok,2026-06-16 04:50:51.494909
EUR,,2Y,2026-01-20,2.0547042686,ecb_yield_curve_aaa,YC.B.U2.EUR.4F.G_N_A.SV_C_YM.SR_2Y,https://data-api.ecb.europa.eu/service/data/YC/B.U2.EUR.4F.G_N_A.SV_C_YM.SR_2Y?format=csvdata&startPeriod=2021-06-16,ok,2026-06-16 04:50:51.494909
EUR,,2Y,2026-01-21,2.0537035653,ecb_yield_curve_aaa,YC.B.U2.EUR.4F.G_N_A.SV_C_YM.SR_2Y,https://data-api.ecb.europa.eu/service/data/YC/B.U2.EUR.4F.G_N_A.SV_C_YM.SR_2Y?format=csvdata&startPeriod=2021-06-16,ok,2026-06-16 04:50:51.494909
EUR,,2Y,2026-01-22,2.0855734238,ecb_yield_curve_aaa,YC.B.U2.EUR.4F.G_N_A.SV_C_YM.SR_2Y,https://data-api.ecb.europa.eu/service/data/YC/B.U2.EUR.4F.G_N_A.SV_C_YM.SR_2Y?format=csvdata&startPeriod=2021-06-16,ok,2026-06-16 04:50:51.494909
EUR,,2Y,2026-01-23,2.1048870037,ecb_yield_curve_aaa,YC.B.U2.EUR.4F.G_N_A.SV_C_YM.SR_2Y,https://data-api.ecb.europa.eu/service/data/YC/B.U2.EUR.4F.G_N_A.SV_C_YM.SR_2Y?format=csvdata&startPeriod=2021-06-16,ok,2026-06-16 04:50:51.494909
EUR,,2Y,2026-01-26,2.0873579681,ecb_yield_curve_aaa,YC.B.U2.EUR.4F.G_N_A.SV_C_YM.SR_2Y,https://data-api.ecb.europa.eu/service/data/YC/B.U2.EUR.4F.G_N_A.SV_C_YM.SR_2Y?format=csvdata&startPeriod=2021-06-16,ok,2026-06-16 04:50:51.494909
EUR,,2Y,2026-01-27,2.0805342608,ecb_yield_curve_aaa,YC.B.U2.EUR.4F.G_N_A.SV_C_YM.SR_2Y,https://data-api.ecb.europa.eu/service/data/YC/B.U2.EUR.4F.G_N_A.SV_C_YM.SR_2Y?format=csvdata&startPeriod=2021-06-16,ok,2026-06-16 04:50:51.494909
EUR,,2Y,2026-01-28,2.0530366858,ecb_yield_curve_aaa,YC.B.U2.EUR.4F.G_N_A.SV_C_YM.SR_2Y,https://data-api.ecb.europa.eu/service/data/YC/B.U2.EUR.4F.G_N_A.SV_C_YM.SR_2Y?format=csvdata&startPeriod=2021-06-16,ok,2026-06-16 04:50:51.494909
EUR,,2Y,2026-01-29,2.036202589,ecb_yield_curve_aaa,YC.B.U2.EUR.4F.G_N_A.SV_C_YM.SR_2Y,https://data-api.ecb.europa.eu/service/data/YC/B.U2.EUR.4F.G_N_A.SV_C_YM.SR_2Y?format=csvdata&startPeriod=2021-06-16,ok,2026-06-16 04:50:51.494909
EUR,,2Y,2026-01-30,2.0495671759,ecb_yield_curve_aaa,YC.B.U2.EUR.4F.G_N_A.SV_C_YM.SR_2Y,https://data-api.ecb.europa.eu/service/data/YC/B.U2.EUR.4F.G_N_A.SV_C_YM.SR_2Y?format=csvdata&startPeriod=2021-06-16,ok,2026-06-16 04:50:51.494909
EUR,,2Y,2026-02-02,2.0631603149,ecb_yield_curve_aaa,YC.B.U2.EUR.4F.G_N_A.SV_C_YM.SR_2Y,https://data-api.ecb.europa.eu/service/data/YC/B.U2.EUR.4F.G_N_A.SV_C_YM.SR_2Y?format=csvdata&startPeriod=2021-06-16,ok,2026-06-16 04:50:51.494909
EUR,,2Y,2026-02-03,2.0813185732,ecb_yield_curve_aaa,YC.B.U2.EUR.4F.G_N_A.SV_C_YM.SR_2Y,https://data-api.ecb.europa.eu/service/data/YC/B.U2.EUR.4F.G_N_A.SV_C_YM.SR_2Y?format=csvdata&startPeriod=2021-06-16,ok,2026-06-16 04:50:51.494909
EUR,,2Y,2026-02-04,2.0624879741,ecb_yield_curve_aaa,YC.B.U2.EUR.4F.G_N_A.SV_C_YM.SR_2Y,https://data-api.ecb.europa.eu/service/data/YC/B.U2.EUR.4F.G_N_A.SV_C_YM.SR_2Y?format=csvdata&startPeriod=2021-06-16,ok,2026-06-16 04:50:51.494909
EUR,,2Y,2026-02-05,2.0587574086,ecb_yield_curve_aaa,YC.B.U2.EUR.4F.G_N_A.SV_C_YM.SR_2Y,https://data-api.ecb.europa.eu/service/data/YC/B.U2.EUR.4F.G_N_A.SV_C_YM.SR_2Y?format=csvdata&startPeriod=2021-06-16,ok,2026-06-16 04:50:51.494909
EUR,,2Y,2026-02-06,2.043146305,ecb_yield_curve_aaa,YC.B.U2.EUR.4F.G_N_A.SV_C_YM.SR_2Y,https://data-api.ecb.europa.eu/service/data/YC/B.U2.EUR.4F.G_N_A.SV_C_YM.SR_2Y?format=csvdata&startPeriod=2021-06-16,ok,2026-06-16 04:50:51.494909
EUR,,2Y,2026-02-09,2.032594875,ecb_yield_curve_aaa,YC.B.U2.EUR.4F.G_N_A.SV_C_YM.SR_2Y,https://data-api.ecb.europa.eu/service/data/YC/B.U2.EUR.4F.G_N_A.SV_C_YM.SR_2Y?format=csvdata&startPeriod=2021-06-16,ok,2026-06-16 04:50:51.494909
EUR,,2Y,2026-02-10,2.0294694015,ecb_yield_curve_aaa,YC.B.U2.EUR.4F.G_N_A.SV_C_YM.SR_2Y,https://data-api.ecb.europa.eu/service/data/YC/B.U2.EUR.4F.G_N_A.SV_C_YM.SR_2Y?format=csvdata&startPeriod=2021-06-16,ok,2026-06-16 04:50:51.494909
EUR,,2Y,2026-02-11,2.0353981842,ecb_yield_curve_aaa,YC.B.U2.EUR.4F.G_N_A.SV_C_YM.SR_2Y,https://data-api.ecb.europa.eu/service/data/YC/B.U2.EUR.4F.G_N_A.SV_C_YM.SR_2Y?format=csvdata&startPeriod=2021-06-16,ok,2026-06-16 04:50:51.494909
EUR,,2Y,2026-02-12,2.0269946228,ecb_yield_curve_aaa,YC.B.U2.EUR.4F.G_N_A.SV_C_YM.SR_2Y,https://data-api.ecb.europa.eu/service/data/YC/B.U2.EUR.4F.G_N_A.SV_C_YM.SR_2Y?format=csvdata&startPeriod=2021-06-16,ok,2026-06-16 04:50:51.494909
EUR,,2Y,2026-02-13,1.9972761628,ecb_yield_curve_aaa,YC.B.U2.EUR.4F.G_N_A.SV_C_YM.SR_2Y,https://data-api.ecb.europa.eu/service/data/YC/B.U2.EUR.4F.G_N_A.SV_C_YM.SR_2Y?format=csvdata&startPeriod=2021-06-16,ok,2026-06-16 04:50:51.494909
EUR,,2Y,2026-02-16,2.0047470579,ecb_yield_curve_aaa,YC.B.U2.EUR.4F.G_N_A.SV_C_YM.SR_2Y,https://data-api.ecb.europa.eu/service/data/YC/B.U2.EUR.4F.G_N_A.SV_C_YM.SR_2Y?format=csvdata&startPeriod=2021-06-16,ok,2026-06-16 04:50:51.494909
EUR,,2Y,2026-02-17,2.0029126282,ecb_yield_curve_aaa,YC.B.U2.EUR.4F.G_N_A.SV_C_YM.SR_2Y,https://data-api.ecb.europa.eu/service/data/YC/B.U2.EUR.4F.G_N_A.SV_C_YM.SR_2Y?format=csvdata&startPeriod=2021-06-16,ok,2026-06-16 04:50:51.494909
EUR,,2Y,2026-02-18,2.0125980441,ecb_yield_curve_aaa,YC.B.U2.EUR.4F.G_N_A.SV_C_YM.SR_2Y,https://data-api.ecb.europa.eu/service/data/YC/B.U2.EUR.4F.G_N_A.SV_C_YM.SR_2Y?format=csvdata&startPeriod=2021-06-16,ok,2026-06-16 04:50:51.494909
EUR,,2Y,2026-02-19,2.0165098289,ecb_yield_curve_aaa,YC.B.U2.EUR.4F.G_N_A.SV_C_YM.SR_2Y,https://data-api.ecb.europa.eu/service/data/YC/B.U2.EUR.4F.G_N_A.SV_C_YM.SR_2Y?format=csvdata&startPeriod=2021-06-16,ok,2026-06-16 04:50:51.494909
EUR,,2Y,2026-02-20,2.0134776273,ecb_yield_curve_aaa,YC.B.U2.EUR.4F.G_N_A.SV_C_YM.SR_2Y,https://data-api.ecb.europa.eu/service/data/YC/B.U2.EUR.4F.G_N_A.SV_C_YM.SR_2Y?format=csvdata&startPeriod=2021-06-16,ok,2026-06-16 04:50:51.494909
EUR,,2Y,2026-02-23,2.0077993115,ecb_yield_curve_aaa,YC.B.U2.EUR.4F.G_N_A.SV_C_YM.SR_2Y,https://data-api.ecb.europa.eu/service/data/YC/B.U2.EUR.4F.G_N_A.SV_C_YM.SR_2Y?format=csvdata&startPeriod=2021-06-16,ok,2026-06-16 04:50:51.494909
EUR,,2Y,2026-02-24,2.0065503018,ecb_yield_curve_aaa,YC.B.U2.EUR.4F.G_N_A.SV_C_YM.SR_2Y,https://data-api.ecb.europa.eu/service/data/YC/B.U2.EUR.4F.G_N_A.SV_C_YM.SR_2Y?format=csvdata&startPeriod=2021-06-16,ok,2026-06-16 04:50:51.494909
EUR,,2Y,2026-02-25,2.0088303801,ecb_yield_curve_aaa,YC.B.U2.EUR.4F.G_N_A.SV_C_YM.SR_2Y,https://data-api.ecb.europa.eu/service/data/YC/B.U2.EUR.4F.G_N_A.SV_C_YM.SR_2Y?format=csvdata&startPeriod=2021-06-16,ok,2026-06-16 04:50:51.494909
EUR,,2Y,2026-02-26,2.0032308997,ecb_yield_curve_aaa,YC.B.U2.EUR.4F.G_N_A.SV_C_YM.SR_2Y,https://data-api.ecb.europa.eu/service/data/YC/B.U2.EUR.4F.G_N_A.SV_C_YM.SR_2Y?format=csvdata&startPeriod=2021-06-16,ok,2026-06-16 04:50:51.494909
EUR,,2Y,2026-02-27,1.9805043076,ecb_yield_curve_aaa,YC.B.U2.EUR.4F.G_N_A.SV_C_YM.SR_2Y,https://data-api.ecb.europa.eu/service/data/YC/B.U2.EUR.4F.G_N_A.SV_C_YM.SR_2Y?format=csvdata&startPeriod=2021-06-16,ok,2026-06-16 04:50:51.494909
EUR,,2Y,2026-03-02,2.030707584,ecb_yield_curve_aaa,YC.B.U2.EUR.4F.G_N_A.SV_C_YM.SR_2Y,https://data-api.ecb.europa.eu/service/data/YC/B.U2.EUR.4F.G_N_A.SV_C_YM.SR_2Y?format=csvdata&startPeriod=2021-06-16,ok,2026-06-16 04:50:51.494909
EUR,,2Y,2026-03-03,2.133731533,ecb_yield_curve_aaa,YC.B.U2.EUR.4F.G_N_A.SV_C_YM.SR_2Y,https://data-api.ecb.europa.eu/service/data/YC/B.U2.EUR.4F.G_N_A.SV_C_YM.SR_2Y?format=csvdata&startPeriod=2021-06-16,ok,2026-06-16 04:50:51.494909
EUR,,2Y,2026-03-04,2.098893153,ecb_yield_curve_aaa,YC.B.U2.EUR.4F.G_N_A.SV_C_YM.SR_2Y,https://data-api.ecb.europa.eu/service/data/YC/B.U2.EUR.4F.G_N_A.SV_C_YM.SR_2Y?format=csvdata&startPeriod=2021-06-16,ok,2026-06-16 04:50:51.494909
EUR,,2Y,2026-03-05,2.1676114472,ecb_yield_curve_aaa,YC.B.U2.EUR.4F.G_N_A.SV_C_YM.SR_2Y,https://data-api.ecb.europa.eu/service/data/YC/B.U2.EUR.4F.G_N_A.SV_C_YM.SR_2Y?format=csvdata&startPeriod=2021-06-16,ok,2026-06-16 04:50:51.494909
EUR,,2Y,2026-03-06,2.2233174688,ecb_yield_curve_aaa,YC.B.U2.EUR.4F.G_N_A.SV_C_YM.SR_2Y,https://data-api.ecb.europa.eu/service/data/YC/B.U2.EUR.4F.G_N_A.SV_C_YM.SR_2Y?format=csvdata&startPeriod=2021-06-16,ok,2026-06-16 04:50:51.494909
EUR,,2Y,2026-03-09,2.2505716678,ecb_yield_curve_aaa,YC.B.U2.EUR.4F.G_N_A.SV_C_YM.SR_2Y,https://data-api.ecb.europa.eu/service/data/YC/B.U2.EUR.4F.G_N_A.SV_C_YM.SR_2Y?format=csvdata&startPeriod=2021-06-16,ok,2026-06-16 04:50:51.494909
EUR,,2Y,2026-03-10,2.1757420376,ecb_yield_curve_aaa,YC.B.U2.EUR.4F.G_N_A.SV_C_YM.SR_2Y,https://data-api.ecb.europa.eu/service/data/YC/B.U2.EUR.4F.G_N_A.SV_C_YM.SR_2Y?format=csvdata&startPeriod=2021-06-16,ok,2026-06-16 04:50:51.494909
EUR,,2Y,2026-03-11,2.3138180443,ecb_yield_curve_aaa,YC.B.U2.EUR.4F.G_N_A.SV_C_YM.SR_2Y,https://data-api.ecb.europa.eu/service/data/YC/B.U2.EUR.4F.G_N_A.SV_C_YM.SR_2Y?format=csvdata&startPeriod=2021-06-16,ok,2026-06-16 04:50:51.494909
EUR,,2Y,2026-03-12,2.3517295137,ecb_yield_curve_aaa,YC.B.U2.EUR.4F.G_N_A.SV_C_YM.SR_2Y,https://data-api.ecb.europa.eu/service/data/YC/B.U2.EUR.4F.G_N_A.SV_C_YM.SR_2Y?format=csvdata&startPeriod=2021-06-16,ok,2026-06-16 04:50:51.494909
EUR,,2Y,2026-03-13,2.3632504207,ecb_yield_curve_aaa,YC.B.U2.EUR.4F.G_N_A.SV_C_YM.SR_2Y,https://data-api.ecb.europa.eu/service/data/YC/B.U2.EUR.4F.G_N_A.SV_C_YM.SR_2Y?format=csvdata&startPeriod=2021-06-16,ok,2026-06-16 04:50:51.494909
EUR,,2Y,2026-03-16,2.340172575,ecb_yield_curve_aaa,YC.B.U2.EUR.4F.G_N_A.SV_C_YM.SR_2Y,https://data-api.ecb.europa.eu/service/data/YC/B.U2.EUR.4F.G_N_A.SV_C_YM.SR_2Y?format=csvdata&startPeriod=2021-06-16,ok,2026-06-16 04:50:51.494909
EUR,,2Y,2026-03-17,2.3318529669,ecb_yield_curve_aaa,YC.B.U2.EUR.4F.G_N_A.SV_C_YM.SR_2Y,https://data-api.ecb.europa.eu/service/data/YC/B.U2.EUR.4F.G_N_A.SV_C_YM.SR_2Y?format=csvdata&startPeriod=2021-06-16,ok,2026-06-16 04:50:51.494909
EUR,,2Y,2026-03-18,2.4052936167,ecb_yield_curve_aaa,YC.B.U2.EUR.4F.G_N_A.SV_C_YM.SR_2Y,https://data-api.ecb.europa.eu/service/data/YC/B.U2.EUR.4F.G_N_A.SV_C_YM.SR_2Y?format=csvdata&startPeriod=2021-06-16,ok,2026-06-16 04:50:51.494909
EUR,,2Y,2026-03-19,2.4681846638,ecb_yield_curve_aaa,YC.B.U2.EUR.4F.G_N_A.SV_C_YM.SR_2Y,https://data-api.ecb.europa.eu/service/data/YC/B.U2.EUR.4F.G_N_A.SV_C_YM.SR_2Y?format=csvdata&startPeriod=2021-06-16,ok,2026-06-16 04:50:51.494909
EUR,,2Y,2026-03-20,2.5854170099,ecb_yield_curve_aaa,YC.B.U2.EUR.4F.G_N_A.SV_C_YM.SR_2Y,https://data-api.ecb.europa.eu/service/data/YC/B.U2.EUR.4F.G_N_A.SV_C_YM.SR_2Y?format=csvdata&startPeriod=2021-06-16,ok,2026-06-16 04:50:51.494909
EUR,,2Y,2026-03-23,2.5182150027,ecb_yield_curve_aaa,YC.B.U2.EUR.4F.G_N_A.SV_C_YM.SR_2Y,https://data-api.ecb.europa.eu/service/data/YC/B.U2.EUR.4F.G_N_A.SV_C_YM.SR_2Y?format=csvdata&startPeriod=2021-06-16,ok,2026-06-16 04:50:51.494909
EUR,,2Y,2026-03-24,2.5894585133,ecb_yield_curve_aaa,YC.B.U2.EUR.4F.G_N_A.SV_C_YM.SR_2Y,https://data-api.ecb.europa.eu/service/data/YC/B.U2.EUR.4F.G_N_A.SV_C_YM.SR_2Y?format=csvdata&startPeriod=2021-06-16,ok,2026-06-16 04:50:51.494909
EUR,,2Y,2026-03-25,2.5571657133,ecb_yield_curve_aaa,YC.B.U2.EUR.4F.G_N_A.SV_C_YM.SR_2Y,https://data-api.ecb.europa.eu/service/data/YC/B.U2.EUR.4F.G_N_A.SV_C_YM.SR_2Y?format=csvdata&startPeriod=2021-06-16,ok,2026-06-16 04:50:51.494909
EUR,,2Y,2026-03-26,2.6236868951,ecb_yield_curve_aaa,YC.B.U2.EUR.4F.G_N_A.SV_C_YM.SR_2Y,https://data-api.ecb.europa.eu/service/data/YC/B.U2.EUR.4F.G_N_A.SV_C_YM.SR_2Y?format=csvdata&startPeriod=2021-06-16,ok,2026-06-16 04:50:51.494909
EUR,,2Y,2026-03-27,2.6447072056,ecb_yield_curve_aaa,YC.B.U2.EUR.4F.G_N_A.SV_C_YM.SR_2Y,https://data-api.ecb.europa.eu/service/data/YC/B.U2.EUR.4F.G_N_A.SV_C_YM.SR_2Y?format=csvdata&startPeriod=2021-06-16,ok,2026-06-16 04:50:51.494909
EUR,,2Y,2026-03-30,2.6005623576,ecb_yield_curve_aaa,YC.B.U2.EUR.4F.G_N_A.SV_C_YM.SR_2Y,https://data-api.ecb.europa.eu/service/data/YC/B.U2.EUR.4F.G_N_A.SV_C_YM.SR_2Y?format=csvdata&startPeriod=2021-06-16,ok,2026-06-16 04:50:51.494909
EUR,,2Y,2026-03-31,2.5889838861,ecb_yield_curve_aaa,YC.B.U2.EUR.4F.G_N_A.SV_C_YM.SR_2Y,https://data-api.ecb.europa.eu/service/data/YC/B.U2.EUR.4F.G_N_A.SV_C_YM.SR_2Y?format=csvdata&startPeriod=2021-06-16,ok,2026-06-16 04:50:51.494909
EUR,,2Y,2026-04-01,2.5482024884,ecb_yield_curve_aaa,YC.B.U2.EUR.4F.G_N_A.SV_C_YM.SR_2Y,https://data-api.ecb.europa.eu/service/data/YC/B.U2.EUR.4F.G_N_A.SV_C_YM.SR_2Y?format=csvdata&startPeriod=2021-06-16,ok,2026-06-16 04:50:51.494909
EUR,,2Y,2026-04-02,2.5948155184,ecb_yield_curve_aaa,YC.B.U2.EUR.4F.G_N_A.SV_C_YM.SR_2Y,https://data-api.ecb.europa.eu/service/data/YC/B.U2.EUR.4F.G_N_A.SV_C_YM.SR_2Y?format=csvdata&startPeriod=2021-06-16,ok,2026-06-16 04:50:51.494909
EUR,,2Y,2026-04-07,2.6592217899,ecb_yield_curve_aaa,YC.B.U2.EUR.4F.G_N_A.SV_C_YM.SR_2Y,https://data-api.ecb.europa.eu/service/data/YC/B.U2.EUR.4F.G_N_A.SV_C_YM.SR_2Y?format=csvdata&startPeriod=2021-06-16,ok,2026-06-16 04:50:51.494909
EUR,,2Y,2026-04-08,2.4414899676,ecb_yield_curve_aaa,YC.B.U2.EUR.4F.G_N_A.SV_C_YM.SR_2Y,https://data-api.ecb.europa.eu/service/data/YC/B.U2.EUR.4F.G_N_A.SV_C_YM.SR_2Y?format=csvdata&startPeriod=2021-06-16,ok,2026-06-16 04:50:51.494909
EUR,,2Y,2026-04-09,2.5237103254,ecb_yield_curve_aaa,YC.B.U2.EUR.4F.G_N_A.SV_C_YM.SR_2Y,https://data-api.ecb.europa.eu/service/data/YC/B.U2.EUR.4F.G_N_A.SV_C_YM.SR_2Y?format=csvdata&startPeriod=2021-06-16,ok,2026-06-16 04:50:51.494909
EUR,,2Y,2026-04-10,2.5310621219,ecb_yield_curve_aaa,YC.B.U2.EUR.4F.G_N_A.SV_C_YM.SR_2Y,https://data-api.ecb.europa.eu/service/data/YC/B.U2.EUR.4F.G_N_A.SV_C_YM.SR_2Y?format=csvdata&startPeriod=2021-06-16,ok,2026-06-16 04:50:51.494909
EUR,,2Y,2026-04-13,2.5855339022,ecb_yield_curve_aaa,YC.B.U2.EUR.4F.G_N_A.SV_C_YM.SR_2Y,https://data-api.ecb.europa.eu/service/data/YC/B.U2.EUR.4F.G_N_A.SV_C_YM.SR_2Y?format=csvdata&startPeriod=2021-06-16,ok,2026-06-16 04:50:51.494909
EUR,,2Y,2026-04-14,2.5445231091,ecb_yield_curve_aaa,YC.B.U2.EUR.4F.G_N_A.SV_C_YM.SR_2Y,https://data-api.ecb.europa.eu/service/data/YC/B.U2.EUR.4F.G_N_A.SV_C_YM.SR_2Y?format=csvdata&startPeriod=2021-06-16,ok,2026-06-16 04:50:51.494909
EUR,,2Y,2026-04-15,2.4953056634,ecb_yield_curve_aaa,YC.B.U2.EUR.4F.G_N_A.SV_C_YM.SR_2Y,https://data-api.ecb.europa.eu/service/data/YC/B.U2.EUR.4F.G_N_A.SV_C_YM.SR_2Y?format=csvdata&startPeriod=2021-06-16,ok,2026-06-16 04:50:51.494909
EUR,,2Y,2026-04-16,2.4885726292,ecb_yield_curve_aaa,YC.B.U2.EUR.4F.G_N_A.SV_C_YM.SR_2Y,https://data-api.ecb.europa.eu/service/data/YC/B.U2.EUR.4F.G_N_A.SV_C_YM.SR_2Y?format=csvdata&startPeriod=2021-06-16,ok,2026-06-16 04:50:51.494909
EUR,,2Y,2026-04-17,2.4099992558,ecb_yield_curve_aaa,YC.B.U2.EUR.4F.G_N_A.SV_C_YM.SR_2Y,https://data-api.ecb.europa.eu/service/data/YC/B.U2.EUR.4F.G_N_A.SV_C_YM.SR_2Y?format=csvdata&startPeriod=2021-06-16,ok,2026-06-16 04:50:51.494909
EUR,,2Y,2026-04-20,2.4209588043,ecb_yield_curve_aaa,YC.B.U2.EUR.4F.G_N_A.SV_C_YM.SR_2Y,https://data-api.ecb.europa.eu/service/data/YC/B.U2.EUR.4F.G_N_A.SV_C_YM.SR_2Y?format=csvdata&startPeriod=2021-06-16,ok,2026-06-16 04:50:51.494909
EUR,,2Y,2026-04-21,2.4560076038,ecb_yield_curve_aaa,YC.B.U2.EUR.4F.G_N_A.SV_C_YM.SR_2Y,https://data-api.ecb.europa.eu/service/data/YC/B.U2.EUR.4F.G_N_A.SV_C_YM.SR_2Y?format=csvdata&startPeriod=2021-06-16,ok,2026-06-16 04:50:51.494909
EUR,,2Y,2026-04-22,2.4912944573,ecb_yield_curve_aaa,YC.B.U2.EUR.4F.G_N_A.SV_C_YM.SR_2Y,https://data-api.ecb.europa.eu/service/data/YC/B.U2.EUR.4F.G_N_A.SV_C_YM.SR_2Y?format=csvdata&startPeriod=2021-06-16,ok,2026-06-16 04:50:51.494909
EUR,,2Y,2026-04-23,2.5376409998,ecb_yield_curve_aaa,YC.B.U2.EUR.4F.G_N_A.SV_C_YM.SR_2Y,https://data-api.ecb.europa.eu/service/data/YC/B.U2.EUR.4F.G_N_A.SV_C_YM.SR_2Y?format=csvdata&startPeriod=2021-06-16,ok,2026-06-16 04:50:51.494909
EUR,,2Y,2026-04-24,2.5420491489,ecb_yield_curve_aaa,YC.B.U2.EUR.4F.G_N_A.SV_C_YM.SR_2Y,https://data-api.ecb.europa.eu/service/data/YC/B.U2.EUR.4F.G_N_A.SV_C_YM.SR_2Y?format=csvdata&startPeriod=2021-06-16,ok,2026-06-16 04:50:51.494909
EUR,,2Y,2026-04-27,2.530043291,ecb_yield_curve_aaa,YC.B.U2.EUR.4F.G_N_A.SV_C_YM.SR_2Y,https://data-api.ecb.europa.eu/service/data/YC/B.U2.EUR.4F.G_N_A.SV_C_YM.SR_2Y?format=csvdata&startPeriod=2021-06-16,ok,2026-06-16 04:50:51.494909
EUR,,2Y,2026-04-28,2.601788104,ecb_yield_curve_aaa,YC.B.U2.EUR.4F.G_N_A.SV_C_YM.SR_2Y,https://data-api.ecb.europa.eu/service/data/YC/B.U2.EUR.4F.G_N_A.SV_C_YM.SR_2Y?format=csvdata&startPeriod=2021-06-16,ok,2026-06-16 04:50:51.494909
EUR,,2Y,2026-04-29,2.665172473,ecb_yield_curve_aaa,YC.B.U2.EUR.4F.G_N_A.SV_C_YM.SR_2Y,https://data-api.ecb.europa.eu/service/data/YC/B.U2.EUR.4F.G_N_A.SV_C_YM.SR_2Y?format=csvdata&startPeriod=2021-06-16,ok,2026-06-16 04:50:51.494909
EUR,,2Y,2026-04-30,2.6058943243,ecb_yield_curve_aaa,YC.B.U2.EUR.4F.G_N_A.SV_C_YM.SR_2Y,https://data-api.ecb.europa.eu/service/data/YC/B.U2.EUR.4F.G_N_A.SV_C_YM.SR_2Y?format=csvdata&startPeriod=2021-06-16,ok,2026-06-16 04:50:51.494909
EUR,,2Y,2026-05-04,2.6404350044,ecb_yield_curve_aaa,YC.B.U2.EUR.4F.G_N_A.SV_C_YM.SR_2Y,https://data-api.ecb.europa.eu/service/data/YC/B.U2.EUR.4F.G_N_A.SV_C_YM.SR_2Y?format=csvdata&startPeriod=2021-06-16,ok,2026-06-16 04:50:51.494909
EUR,,2Y,2026-05-05,2.6390993225,ecb_yield_curve_aaa,YC.B.U2.EUR.4F.G_N_A.SV_C_YM.SR_2Y,https://data-api.ecb.europa.eu/service/data/YC/B.U2.EUR.4F.G_N_A.SV_C_YM.SR_2Y?format=csvdata&startPeriod=2021-06-16,ok,2026-06-16 04:50:51.494909
EUR,,2Y,2026-05-06,2.5384893356,ecb_yield_curve_aaa,YC.B.U2.EUR.4F.G_N_A.SV_C_YM.SR_2Y,https://data-api.ecb.europa.eu/service/data/YC/B.U2.EUR.4F.G_N_A.SV_C_YM.SR_2Y?format=csvdata&startPeriod=2021-06-16,ok,2026-06-16 04:50:51.494909
EUR,,2Y,2026-05-07,2.5130682789,ecb_yield_curve_aaa,YC.B.U2.EUR.4F.G_N_A.SV_C_YM.SR_2Y,https://data-api.ecb.europa.eu/service/data/YC/B.U2.EUR.4F.G_N_A.SV_C_YM.SR_2Y?format=csvdata&startPeriod=2021-06-16,ok,2026-06-16 04:50:51.494909
EUR,,2Y,2026-05-08,2.5402702863,ecb_yield_curve_aaa,YC.B.U2.EUR.4F.G_N_A.SV_C_YM.SR_2Y,https://data-api.ecb.europa.eu/service/data/YC/B.U2.EUR.4F.G_N_A.SV_C_YM.SR_2Y?format=csvdata&startPeriod=2021-06-16,ok,2026-06-16 04:50:51.494909
EUR,,2Y,2026-05-11,2.5923630642,ecb_yield_curve_aaa,YC.B.U2.EUR.4F.G_N_A.SV_C_YM.SR_2Y,https://data-api.ecb.europa.eu/service/data/YC/B.U2.EUR.4F.G_N_A.SV_C_YM.SR_2Y?format=csvdata&startPeriod=2021-06-16,ok,2026-06-16 04:50:51.494909
EUR,,2Y,2026-05-12,2.6582573787,ecb_yield_curve_aaa,YC.B.U2.EUR.4F.G_N_A.SV_C_YM.SR_2Y,https://data-api.ecb.europa.eu/service/data/YC/B.U2.EUR.4F.G_N_A.SV_C_YM.SR_2Y?format=csvdata&startPeriod=2021-06-16,ok,2026-06-16 04:50:51.494909
EUR,,2Y,2026-05-13,2.6562503742,ecb_yield_curve_aaa,YC.B.U2.EUR.4F.G_N_A.SV_C_YM.SR_2Y,https://data-api.ecb.europa.eu/service/data/YC/B.U2.EUR.4F.G_N_A.SV_C_YM.SR_2Y?format=csvdata&startPeriod=2021-06-16,ok,2026-06-16 04:50:51.494909
EUR,,2Y,2026-05-14,2.6059369849,ecb_yield_curve_aaa,YC.B.U2.EUR.4F.G_N_A.SV_C_YM.SR_2Y,https://data-api.ecb.europa.eu/service/data/YC/B.U2.EUR.4F.G_N_A.SV_C_YM.SR_2Y?format=csvdata&startPeriod=2021-06-16,ok,2026-06-16 04:50:51.494909
EUR,,2Y,2026-05-15,2.6867609973,ecb_yield_curve_aaa,YC.B.U2.EUR.4F.G_N_A.SV_C_YM.SR_2Y,https://data-api.ecb.europa.eu/service/data/YC/B.U2.EUR.4F.G_N_A.SV_C_YM.SR_2Y?format=csvdata&startPeriod=2021-06-16,ok,2026-06-16 04:50:51.494909
EUR,,2Y,2026-05-18,2.6399098709,ecb_yield_curve_aaa,YC.B.U2.EUR.4F.G_N_A.SV_C_YM.SR_2Y,https://data-api.ecb.europa.eu/service/data/YC/B.U2.EUR.4F.G_N_A.SV_C_YM.SR_2Y?format=csvdata&startPeriod=2021-06-16,ok,2026-06-16 04:50:51.494909
EUR,,2Y,2026-05-19,2.6893209753,ecb_yield_curve_aaa,YC.B.U2.EUR.4F.G_N_A.SV_C_YM.SR_2Y,https://data-api.ecb.europa.eu/service/data/YC/B.U2.EUR.4F.G_N_A.SV_C_YM.SR_2Y?format=csvdata&startPeriod=2021-06-16,ok,2026-06-16 04:50:51.494909
EUR,,2Y,2026-05-20,2.6729796871,ecb_yield_curve_aaa,YC.B.U2.EUR.4F.G_N_A.SV_C_YM.SR_2Y,https://data-api.ecb.europa.eu/service/data/YC/B.U2.EUR.4F.G_N_A.SV_C_YM.SR_2Y?format=csvdata&startPeriod=2021-06-16,ok,2026-06-16 04:50:51.494909
EUR,,2Y,2026-05-21,2.6286870284,ecb_yield_curve_aaa,YC.B.U2.EUR.4F.G_N_A.SV_C_YM.SR_2Y,https://data-api.ecb.europa.eu/service/data/YC/B.U2.EUR.4F.G_N_A.SV_C_YM.SR_2Y?format=csvdata&startPeriod=2021-06-16,ok,2026-06-16 04:50:51.494909
EUR,,2Y,2026-05-22,2.5735265749,ecb_yield_curve_aaa,YC.B.U2.EUR.4F.G_N_A.SV_C_YM.SR_2Y,https://data-api.ecb.europa.eu/service/data/YC/B.U2.EUR.4F.G_N_A.SV_C_YM.SR_2Y?format=csvdata&startPeriod=2021-06-16,ok,2026-06-16 04:50:51.494909
EUR,,2Y,2026-05-25,2.4784887624,ecb_yield_curve_aaa,YC.B.U2.EUR.4F.G_N_A.SV_C_YM.SR_2Y,https://data-api.ecb.europa.eu/service/data/YC/B.U2.EUR.4F.G_N_A.SV_C_YM.SR_2Y?format=csvdata&startPeriod=2021-06-16,ok,2026-06-16 04:50:51.494909
EUR,,2Y,2026-05-26,2.5304227883,ecb_yield_curve_aaa,YC.B.U2.EUR.4F.G_N_A.SV_C_YM.SR_2Y,https://data-api.ecb.europa.eu/service/data/YC/B.U2.EUR.4F.G_N_A.SV_C_YM.SR_2Y?format=csvdata&startPeriod=2021-06-16,ok,2026-06-16 04:50:51.494909
EUR,,2Y,2026-05-27,2.5242753911,ecb_yield_curve_aaa,YC.B.U2.EUR.4F.G_N_A.SV_C_YM.SR_2Y,https://data-api.ecb.europa.eu/service/data/YC/B.U2.EUR.4F.G_N_A.SV_C_YM.SR_2Y?format=csvdata&startPeriod=2021-06-16,ok,2026-06-16 04:50:51.494909
EUR,,2Y,2026-05-28,2.5253148055,ecb_yield_curve_aaa,YC.B.U2.EUR.4F.G_N_A.SV_C_YM.SR_2Y,https://data-api.ecb.europa.eu/service/data/YC/B.U2.EUR.4F.G_N_A.SV_C_YM.SR_2Y?format=csvdata&startPeriod=2021-06-16,ok,2026-06-16 04:50:51.494909
EUR,,2Y,2026-05-29,2.5006714674,ecb_yield_curve_aaa,YC.B.U2.EUR.4F.G_N_A.SV_C_YM.SR_2Y,https://data-api.ecb.europa.eu/service/data/YC/B.U2.EUR.4F.G_N_A.SV_C_YM.SR_2Y?format=csvdata&startPeriod=2021-06-16,ok,2026-06-16 04:50:51.494909
EUR,,2Y,2026-06-01,2.5777190557,ecb_yield_curve_aaa,YC.B.U2.EUR.4F.G_N_A.SV_C_YM.SR_2Y,https://data-api.ecb.europa.eu/service/data/YC/B.U2.EUR.4F.G_N_A.SV_C_YM.SR_2Y?format=csvdata&startPeriod=2021-06-16,ok,2026-06-16 04:50:51.494909
EUR,,2Y,2026-06-02,2.5557837052,ecb_yield_curve_aaa,YC.B.U2.EUR.4F.G_N_A.SV_C_YM.SR_2Y,https://data-api.ecb.europa.eu/service/data/YC/B.U2.EUR.4F.G_N_A.SV_C_YM.SR_2Y?format=csvdata&startPeriod=2021-06-16,ok,2026-06-16 04:50:51.494909
EUR,,2Y,2026-06-03,2.5889111082,ecb_yield_curve_aaa,YC.B.U2.EUR.4F.G_N_A.SV_C_YM.SR_2Y,https://data-api.ecb.europa.eu/service/data/YC/B.U2.EUR.4F.G_N_A.SV_C_YM.SR_2Y?format=csvdata&startPeriod=2021-06-16,ok,2026-06-16 04:50:51.494909
EUR,,2Y,2026-06-04,2.5816369773,ecb_yield_curve_aaa,YC.B.U2.EUR.4F.G_N_A.SV_C_YM.SR_2Y,https://data-api.ecb.europa.eu/service/data/YC/B.U2.EUR.4F.G_N_A.SV_C_YM.SR_2Y?format=csvdata&startPeriod=2021-06-16,ok,2026-06-16 04:50:51.494909
EUR,,2Y,2026-06-05,2.6015235946,ecb_yield_curve_aaa,YC.B.U2.EUR.4F.G_N_A.SV_C_YM.SR_2Y,https://data-api.ecb.europa.eu/service/data/YC/B.U2.EUR.4F.G_N_A.SV_C_YM.SR_2Y?format=csvdata&startPeriod=2021-06-16,ok,2026-06-16 04:50:51.494909
EUR,,2Y,2026-06-08,2.623581458,ecb_yield_curve_aaa,YC.B.U2.EUR.4F.G_N_A.SV_C_YM.SR_2Y,https://data-api.ecb.europa.eu/service/data/YC/B.U2.EUR.4F.G_N_A.SV_C_YM.SR_2Y?format=csvdata&startPeriod=2021-06-16,ok,2026-06-16 04:50:51.494909
EUR,,2Y,2026-06-09,2.6189683991,ecb_yield_curve_aaa,YC.B.U2.EUR.4F.G_N_A.SV_C_YM.SR_2Y,https://data-api.ecb.europa.eu/service/data/YC/B.U2.EUR.4F.G_N_A.SV_C_YM.SR_2Y?format=csvdata&startPeriod=2021-06-16,ok,2026-06-16 04:50:51.494909
EUR,,2Y,2026-06-10,2.6354295416,ecb_yield_curve_aaa,YC.B.U2.EUR.4F.G_N_A.SV_C_YM.SR_2Y,https://data-api.ecb.europa.eu/service/data/YC/B.U2.EUR.4F.G_N_A.SV_C_YM.SR_2Y?format=csvdata&startPeriod=2021-06-16,ok,2026-06-16 04:50:51.494909
EUR,,2Y,2026-06-11,2.6089401632,ecb_yield_curve_aaa,YC.B.U2.EUR.4F.G_N_A.SV_C_YM.SR_2Y,https://data-api.ecb.europa.eu/service/data/YC/B.U2.EUR.4F.G_N_A.SV_C_YM.SR_2Y?format=csvdata&startPeriod=2021-06-16,ok,2026-06-16 04:50:51.494909
EUR,,2Y,2026-06-12,2.5775819706,ecb_yield_curve_aaa,YC.B.U2.EUR.4F.G_N_A.SV_C_YM.SR_2Y,https://data-api.ecb.europa.eu/service/data/YC/B.U2.EUR.4F.G_N_A.SV_C_YM.SR_2Y?format=csvdata&startPeriod=2021-06-16,ok,2026-06-16 04:50:51.494909
USD,,2Y,2021-06-16,0.21,federal_reserve_h15,DGS2,https://www.federalreserve.gov/datadownload/Output.aspx?rel=H15&series=bf17364827e38702b42a58cf8eaa3f78&lastObs=&from=&to=&filetype=csv&label=include&layout=seriescolumn&type=package,ok,2026-06-16 04:50:46.468385
USD,,2Y,2021-06-17,0.23,federal_reserve_h15,DGS2,https://www.federalreserve.gov/datadownload/Output.aspx?rel=H15&series=bf17364827e38702b42a58cf8eaa3f78&lastObs=&from=&to=&filetype=csv&label=include&layout=seriescolumn&type=package,ok,2026-06-16 04:50:46.468385
USD,,2Y,2021-06-18,0.26,federal_reserve_h15,DGS2,https://www.federalreserve.gov/datadownload/Output.aspx?rel=H15&series=bf17364827e38702b42a58cf8eaa3f78&lastObs=&from=&to=&filetype=csv&label=include&layout=seriescolumn&type=package,ok,2026-06-16 04:50:46.468385
USD,,2Y,2021-06-21,0.27,federal_reserve_h15,DGS2,https://www.federalreserve.gov/datadownload/Output.aspx?rel=H15&series=bf17364827e38702b42a58cf8eaa3f78&lastObs=&from=&to=&filetype=csv&label=include&layout=seriescolumn&type=package,ok,2026-06-16 04:50:46.468385
USD,,2Y,2021-06-22,0.25,federal_reserve_h15,DGS2,https://www.federalreserve.gov/datadownload/Output.aspx?rel=H15&series=bf17364827e38702b42a58cf8eaa3f78&lastObs=&from=&to=&filetype=csv&label=include&layout=seriescolumn&type=package,ok,2026-06-16 04:50:46.468385
USD,,2Y,2021-06-23,0.26,federal_reserve_h15,DGS2,https://www.federalreserve.gov/datadownload/Output.aspx?rel=H15&series=bf17364827e38702b42a58cf8eaa3f78&lastObs=&from=&to=&filetype=csv&label=include&layout=seriescolumn&type=package,ok,2026-06-16 04:50:46.468385
USD,,2Y,2021-06-24,0.26,federal_reserve_h15,DGS2,https://www.federalreserve.gov/datadownload/Output.aspx?rel=H15&series=bf17364827e38702b42a58cf8eaa3f78&lastObs=&from=&to=&filetype=csv&label=include&layout=seriescolumn&type=package,ok,2026-06-16 04:50:46.468385
USD,,2Y,2021-06-25,0.28,federal_reserve_h15,DGS2,https://www.federalreserve.gov/datadownload/Output.aspx?rel=H15&series=bf17364827e38702b42a58cf8eaa3f78&lastObs=&from=&to=&filetype=csv&label=include&layout=seriescolumn&type=package,ok,2026-06-16 04:50:46.468385
USD,,2Y,2021-06-28,0.25,federal_reserve_h15,DGS2,https://www.federalreserve.gov/datadownload/Output.aspx?rel=H15&series=bf17364827e38702b42a58cf8eaa3f78&lastObs=&from=&to=&filetype=csv&label=include&layout=seriescolumn&type=package,ok,2026-06-16 04:50:46.468385
USD,,2Y,2021-06-29,0.27,federal_reserve_h15,DGS2,https://www.federalreserve.gov/datadownload/Output.aspx?rel=H15&series=bf17364827e38702b42a58cf8eaa3f78&lastObs=&from=&to=&filetype=csv&label=include&layout=seriescolumn&type=package,ok,2026-06-16 04:50:46.468385
USD,,2Y,2021-06-30,0.25,federal_reserve_h15,DGS2,https://www.federalreserve.gov/datadownload/Output.aspx?rel=H15&series=bf17364827e38702b42a58cf8eaa3f78&lastObs=&from=&to=&filetype=csv&label=include&layout=seriescolumn&type=package,ok,2026-06-16 04:50:46.468385
USD,,2Y,2021-07-01,0.25,federal_reserve_h15,DGS2,https://www.federalreserve.gov/datadownload/Output.aspx?rel=H15&series=bf17364827e38702b42a58cf8eaa3f78&lastObs=&from=&to=&filetype=csv&label=include&layout=seriescolumn&type=package,ok,2026-06-16 04:50:46.468385
USD,,2Y,2021-07-02,0.24,federal_reserve_h15,DGS2,https://www.federalreserve.gov/datadownload/Output.aspx?rel=H15&series=bf17364827e38702b42a58cf8eaa3f78&lastObs=&from=&to=&filetype=csv&label=include&layout=seriescolumn&type=package,ok,2026-06-16 04:50:46.468385
USD,,2Y,2021-07-06,0.22,federal_reserve_h15,DGS2,https://www.federalreserve.gov/datadownload/Output.aspx?rel=H15&series=bf17364827e38702b42a58cf8eaa3f78&lastObs=&from=&to=&filetype=csv&label=include&layout=seriescolumn&type=package,ok,2026-06-16 04:50:46.468385
USD,,2Y,2021-07-07,0.22,federal_reserve_h15,DGS2,https://www.federalreserve.gov/datadownload/Output.aspx?rel=H15&series=bf17364827e38702b42a58cf8eaa3f78&lastObs=&from=&to=&filetype=csv&label=include&layout=seriescolumn&type=package,ok,2026-06-16 04:50:46.468385
USD,,2Y,2021-07-08,0.19,federal_reserve_h15,DGS2,https://www.federalreserve.gov/datadownload/Output.aspx?rel=H15&series=bf17364827e38702b42a58cf8eaa3f78&lastObs=&from=&to=&filetype=csv&label=include&layout=seriescolumn&type=package,ok,2026-06-16 04:50:46.468385
USD,,2Y,2021-07-09,0.23,federal_reserve_h15,DGS2,https://www.federalreserve.gov/datadownload/Output.aspx?rel=H15&series=bf17364827e38702b42a58cf8eaa3f78&lastObs=&from=&to=&filetype=csv&label=include&layout=seriescolumn&type=package,ok,2026-06-16 04:50:46.468385
USD,,2Y,2021-07-12,0.23,federal_reserve_h15,DGS2,https://www.federalreserve.gov/datadownload/Output.aspx?rel=H15&series=bf17364827e38702b42a58cf8eaa3f78&lastObs=&from=&to=&filetype=csv&label=include&layout=seriescolumn&type=package,ok,2026-06-16 04:50:46.468385
USD,,2Y,2021-07-13,0.26,federal_reserve_h15,DGS2,https://www.federalreserve.gov/datadownload/Output.aspx?rel=H15&series=bf17364827e38702b42a58cf8eaa3f78&lastObs=&from=&to=&filetype=csv&label=include&layout=seriescolumn&type=package,ok,2026-06-16 04:50:46.468385
USD,,2Y,2021-07-14,0.23,federal_reserve_h15,DGS2,https://www.federalreserve.gov/datadownload/Output.aspx?rel=H15&series=bf17364827e38702b42a58cf8eaa3f78&lastObs=&from=&to=&filetype=csv&label=include&layout=seriescolumn&type=package,ok,2026-06-16 04:50:46.468385
USD,,2Y,2021-07-15,0.23,federal_reserve_h15,DGS2,https://www.federalreserve.gov/datadownload/Output.aspx?rel=H15&series=bf17364827e38702b42a58cf8eaa3f78&lastObs=&from=&to=&filetype=csv&label=include&layout=seriescolumn&type=package,ok,2026-06-16 04:50:46.468385
USD,,2Y,2021-07-16,0.25,federal_reserve_h15,DGS2,https://www.federalreserve.gov/datadownload/Output.aspx?rel=H15&series=bf17364827e38702b42a58cf8eaa3f78&lastObs=&from=&to=&filetype=csv&label=include&layout=seriescolumn&type=package,ok,2026-06-16 04:50:46.468385
USD,,2Y,2021-07-19,0.21,federal_reserve_h15,DGS2,https://www.federalreserve.gov/datadownload/Output.aspx?rel=H15&series=bf17364827e38702b42a58cf8eaa3f78&lastObs=&from=&to=&filetype=csv&label=include&layout=seriescolumn&type=package,ok,2026-06-16 04:50:46.468385
USD,,2Y,2021-07-20,0.2,federal_reserve_h15,DGS2,https://www.federalreserve.gov/datadownload/Output.aspx?rel=H15&series=bf17364827e38702b42a58cf8eaa3f78&lastObs=&from=&to=&filetype=csv&label=include&layout=seriescolumn&type=package,ok,2026-06-16 04:50:46.468385
USD,,2Y,2021-07-21,0.22,federal_reserve_h15,DGS2,https://www.federalreserve.gov/datadownload/Output.aspx?rel=H15&series=bf17364827e38702b42a58cf8eaa3f78&lastObs=&from=&to=&filetype=csv&label=include&layout=seriescolumn&type=package,ok,2026-06-16 04:50:46.468385
USD,,2Y,2021-07-22,0.2,federal_reserve_h15,DGS2,https://www.federalreserve.gov/datadownload/Output.aspx?rel=H15&series=bf17364827e38702b42a58cf8eaa3f78&lastObs=&from=&to=&filetype=csv&label=include&layout=seriescolumn&type=package,ok,2026-06-16 04:50:46.468385
USD,,2Y,2021-07-23,0.22,federal_reserve_h15,DGS2,https://www.federalreserve.gov/datadownload/Output.aspx?rel=H15&series=bf17364827e38702b42a58cf8eaa3f78&lastObs=&from=&to=&filetype=csv&label=include&layout=seriescolumn&type=package,ok,2026-06-16 04:50:46.468385
USD,,2Y,2021-07-26,0.22,federal_reserve_h15,DGS2,https://www.federalreserve.gov/datadownload/Output.aspx?rel=H15&series=bf17364827e38702b42a58cf8eaa3f78&lastObs=&from=&to=&filetype=csv&label=include&layout=seriescolumn&type=package,ok,2026-06-16 04:50:46.468385
USD,,2Y,2021-07-27,0.2,federal_reserve_h15,DGS2,https://www.federalreserve.gov/datadownload/Output.aspx?rel=H15&series=bf17364827e38702b42a58cf8eaa3f78&lastObs=&from=&to=&filetype=csv&label=include&layout=seriescolumn&type=package,ok,2026-06-16 04:50:46.468385
USD,,2Y,2021-07-28,0.2,federal_reserve_h15,DGS2,https://www.federalreserve.gov/datadownload/Output.aspx?rel=H15&series=bf17364827e38702b42a58cf8eaa3f78&lastObs=&from=&to=&filetype=csv&label=include&layout=seriescolumn&type=package,ok,2026-06-16 04:50:46.468385
USD,,2Y,2021-07-29,0.2,federal_reserve_h15,DGS2,https://www.federalreserve.gov/datadownload/Output.aspx?rel=H15&series=bf17364827e38702b42a58cf8eaa3f78&lastObs=&from=&to=&filetype=csv&label=include&layout=seriescolumn&type=package,ok,2026-06-16 04:50:46.468385
USD,,2Y,2021-07-30,0.19,federal_reserve_h15,DGS2,https://www.federalreserve.gov/datadownload/Output.aspx?rel=H15&series=bf17364827e38702b42a58cf8eaa3f78&lastObs=&from=&to=&filetype=csv&label=include&layout=seriescolumn&type=package,ok,2026-06-16 04:50:46.468385
USD,,2Y,2021-08-02,0.17,federal_reserve_h15,DGS2,https://www.federalreserve.gov/datadownload/Output.aspx?rel=H15&series=bf17364827e38702b42a58cf8eaa3f78&lastObs=&from=&to=&filetype=csv&label=include&layout=seriescolumn&type=package,ok,2026-06-16 04:50:46.468385
USD,,2Y,2021-08-03,0.17,federal_reserve_h15,DGS2,https://www.federalreserve.gov/datadownload/Output.aspx?rel=H15&series=bf17364827e38702b42a58cf8eaa3f78&lastObs=&from=&to=&filetype=csv&label=include&layout=seriescolumn&type=package,ok,2026-06-16 04:50:46.468385
USD,,2Y,2021-08-04,0.17,federal_reserve_h15,DGS2,https://www.federalreserve.gov/datadownload/Output.aspx?rel=H15&series=bf17364827e38702b42a58cf8eaa3f78&lastObs=&from=&to=&filetype=csv&label=include&layout=seriescolumn&type=package,ok,2026-06-16 04:50:46.468385
USD,,2Y,2021-08-05,0.21,federal_reserve_h15,DGS2,https://www.federalreserve.gov/datadownload/Output.aspx?rel=H15&series=bf17364827e38702b42a58cf8eaa3f78&lastObs=&from=&to=&filetype=csv&label=include&layout=seriescolumn&type=package,ok,2026-06-16 04:50:46.468385
USD,,2Y,2021-08-06,0.21,federal_reserve_h15,DGS2,https://www.federalreserve.gov/datadownload/Output.aspx?rel=H15&series=bf17364827e38702b42a58cf8eaa3f78&lastObs=&from=&to=&filetype=csv&label=include&layout=seriescolumn&type=package,ok,2026-06-16 04:50:46.468385
USD,,2Y,2021-08-09,0.23,federal_reserve_h15,DGS2,https://www.federalreserve.gov/datadownload/Output.aspx?rel=H15&series=bf17364827e38702b42a58cf8eaa3f78&lastObs=&from=&to=&filetype=csv&label=include&layout=seriescolumn&type=package,ok,2026-06-16 04:50:46.468385
USD,,2Y,2021-08-10,0.24,federal_reserve_h15,DGS2,https://www.federalreserve.gov/datadownload/Output.aspx?rel=H15&series=bf17364827e38702b42a58cf8eaa3f78&lastObs=&from=&to=&filetype=csv&label=include&layout=seriescolumn&type=package,ok,2026-06-16 04:50:46.468385
USD,,2Y,2021-08-11,0.23,federal_reserve_h15,DGS2,https://www.federalreserve.gov/datadownload/Output.aspx?rel=H15&series=bf17364827e38702b42a58cf8eaa3f78&lastObs=&from=&to=&filetype=csv&label=include&layout=seriescolumn&type=package,ok,2026-06-16 04:50:46.468385
USD,,2Y,2021-08-12,0.23,federal_reserve_h15,DGS2,https://www.federalreserve.gov/datadownload/Output.aspx?rel=H15&series=bf17364827e38702b42a58cf8eaa3f78&lastObs=&from=&to=&filetype=csv&label=include&layout=seriescolumn&type=package,ok,2026-06-16 04:50:46.468385
USD,,2Y,2021-08-13,0.23,federal_reserve_h15,DGS2,https://www.federalreserve.gov/datadownload/Output.aspx?rel=H15&series=bf17364827e38702b42a58cf8eaa3f78&lastObs=&from=&to=&filetype=csv&label=include&layout=seriescolumn&type=package,ok,2026-06-16 04:50:46.468385
USD,,2Y,2021-08-16,0.21,federal_reserve_h15,DGS2,https://www.federalreserve.gov/datadownload/Output.aspx?rel=H15&series=bf17364827e38702b42a58cf8eaa3f78&lastObs=&from=&to=&filetype=csv&label=include&layout=seriescolumn&type=package,ok,2026-06-16 04:50:46.468385
USD,,2Y,2021-08-17,0.23,federal_reserve_h15,DGS2,https://www.federalreserve.gov/datadownload/Output.aspx?rel=H15&series=bf17364827e38702b42a58cf8eaa3f78&lastObs=&from=&to=&filetype=csv&label=include&layout=seriescolumn&type=package,ok,2026-06-16 04:50:46.468385
USD,,2Y,2021-08-18,0.23,federal_reserve_h15,DGS2,https://www.federalreserve.gov/datadownload/Output.aspx?rel=H15&series=bf17364827e38702b42a58cf8eaa3f78&lastObs=&from=&to=&filetype=csv&label=include&layout=seriescolumn&type=package,ok,2026-06-16 04:50:46.468385
USD,,2Y,2021-08-19,0.22,federal_reserve_h15,DGS2,https://www.federalreserve.gov/datadownload/Output.aspx?rel=H15&series=bf17364827e38702b42a58cf8eaa3f78&lastObs=&from=&to=&filetype=csv&label=include&layout=seriescolumn&type=package,ok,2026-06-16 04:50:46.468385
USD,,2Y,2021-08-20,0.23,federal_reserve_h15,DGS2,https://www.federalreserve.gov/datadownload/Output.aspx?rel=H15&series=bf17364827e38702b42a58cf8eaa3f78&lastObs=&from=&to=&filetype=csv&label=include&layout=seriescolumn&type=package,ok,2026-06-16 04:50:46.468385
USD,,2Y,2021-08-23,0.23,federal_reserve_h15,DGS2,https://www.federalreserve.gov/datadownload/Output.aspx?rel=H15&series=bf17364827e38702b42a58cf8eaa3f78&lastObs=&from=&to=&filetype=csv&label=include&layout=seriescolumn&type=package,ok,2026-06-16 04:50:46.468385
USD,,2Y,2021-08-24,0.24,federal_reserve_h15,DGS2,https://www.federalreserve.gov/datadownload/Output.aspx?rel=H15&series=bf17364827e38702b42a58cf8eaa3f78&lastObs=&from=&to=&filetype=csv&label=include&layout=seriescolumn&type=package,ok,2026-06-16 04:50:46.468385
USD,,2Y,2021-08-25,0.23,federal_reserve_h15,DGS2,https://www.federalreserve.gov/datadownload/Output.aspx?rel=H15&series=bf17364827e38702b42a58cf8eaa3f78&lastObs=&from=&to=&filetype=csv&label=include&layout=seriescolumn&type=package,ok,2026-06-16 04:50:46.468385
USD,,2Y,2021-08-26,0.25,federal_reserve_h15,DGS2,https://www.federalreserve.gov/datadownload/Output.aspx?rel=H15&series=bf17364827e38702b42a58cf8eaa3f78&lastObs=&from=&to=&filetype=csv&label=include&layout=seriescolumn&type=package,ok,2026-06-16 04:50:46.468385
USD,,2Y,2021-08-27,0.22,federal_reserve_h15,DGS2,https://www.federalreserve.gov/datadownload/Output.aspx?rel=H15&series=bf17364827e38702b42a58cf8eaa3f78&lastObs=&from=&to=&filetype=csv&label=include&layout=seriescolumn&type=package,ok,2026-06-16 04:50:46.468385
USD,,2Y,2021-08-30,0.2,federal_reserve_h15,DGS2,https://www.federalreserve.gov/datadownload/Output.aspx?rel=H15&series=bf17364827e38702b42a58cf8eaa3f78&lastObs=&from=&to=&filetype=csv&label=include&layout=seriescolumn&type=package,ok,2026-06-16 04:50:46.468385
USD,,2Y,2021-08-31,0.2,federal_reserve_h15,DGS2,https://www.federalreserve.gov/datadownload/Output.aspx?rel=H15&series=bf17364827e38702b42a58cf8eaa3f78&lastObs=&from=&to=&filetype=csv&label=include&layout=seriescolumn&type=package,ok,2026-06-16 04:50:46.468385
USD,,2Y,2021-09-01,0.2,federal_reserve_h15,DGS2,https://www.federalreserve.gov/datadownload/Output.aspx?rel=H15&series=bf17364827e38702b42a58cf8eaa3f78&lastObs=&from=&to=&filetype=csv&label=include&layout=seriescolumn&type=package,ok,2026-06-16 04:50:46.468385
USD,,2Y,2021-09-02,0.2,federal_reserve_h15,DGS2,https://www.federalreserve.gov/datadownload/Output.aspx?rel=H15&series=bf17364827e38702b42a58cf8eaa3f78&lastObs=&from=&to=&filetype=csv&label=include&layout=seriescolumn&type=package,ok,2026-06-16 04:50:46.468385
USD,,2Y,2021-09-03,0.21,federal_reserve_h15,DGS2,https://www.federalreserve.gov/datadownload/Output.aspx?rel=H15&series=bf17364827e38702b42a58cf8eaa3f78&lastObs=&from=&to=&filetype=csv&label=include&layout=seriescolumn&type=package,ok,2026-06-16 04:50:46.468385
USD,,2Y,2021-09-07,0.22,federal_reserve_h15,DGS2,https://www.federalreserve.gov/datadownload/Output.aspx?rel=H15&series=bf17364827e38702b42a58cf8eaa3f78&lastObs=&from=&to=&filetype=csv&label=include&layout=seriescolumn&type=package,ok,2026-06-16 04:50:46.468385
USD,,2Y,2021-09-08,0.22,federal_reserve_h15,DGS2,https://www.federalreserve.gov/datadownload/Output.aspx?rel=H15&series=bf17364827e38702b42a58cf8eaa3f78&lastObs=&from=&to=&filetype=csv&label=include&layout=seriescolumn&type=package,ok,2026-06-16 04:50:46.468385
USD,,2Y,2021-09-09,0.23,federal_reserve_h15,DGS2,https://www.federalreserve.gov/datadownload/Output.aspx?rel=H15&series=bf17364827e38702b42a58cf8eaa3f78&lastObs=&from=&to=&filetype=csv&label=include&layout=seriescolumn&type=package,ok,2026-06-16 04:50:46.468385
USD,,2Y,2021-09-10,0.23,federal_reserve_h15,DGS2,https://www.federalreserve.gov/datadownload/Output.aspx?rel=H15&series=bf17364827e38702b42a58cf8eaa3f78&lastObs=&from=&to=&filetype=csv&label=include&layout=seriescolumn&type=package,ok,2026-06-16 04:50:46.468385
USD,,2Y,2021-09-13,0.21,federal_reserve_h15,DGS2,https://www.federalreserve.gov/datadownload/Output.aspx?rel=H15&series=bf17364827e38702b42a58cf8eaa3f78&lastObs=&from=&to=&filetype=csv&label=include&layout=seriescolumn&type=package,ok,2026-06-16 04:50:46.468385
USD,,2Y,2021-09-14,0.21,federal_reserve_h15,DGS2,https://www.federalreserve.gov/datadownload/Output.aspx?rel=H15&series=bf17364827e38702b42a58cf8eaa3f78&lastObs=&from=&to=&filetype=csv&label=include&layout=seriescolumn&type=package,ok,2026-06-16 04:50:46.468385
USD,,2Y,2021-09-15,0.21,federal_reserve_h15,DGS2,https://www.federalreserve.gov/datadownload/Output.aspx?rel=H15&series=bf17364827e38702b42a58cf8eaa3f78&lastObs=&from=&to=&filetype=csv&label=include&layout=seriescolumn&type=package,ok,2026-06-16 04:50:46.468385
USD,,2Y,2021-09-16,0.23,federal_reserve_h15,DGS2,https://www.federalreserve.gov/datadownload/Output.aspx?rel=H15&series=bf17364827e38702b42a58cf8eaa3f78&lastObs=&from=&to=&filetype=csv&label=include&layout=seriescolumn&type=package,ok,2026-06-16 04:50:46.468385
USD,,2Y,2021-09-17,0.23,federal_reserve_h15,DGS2,https://www.federalreserve.gov/datadownload/Output.aspx?rel=H15&series=bf17364827e38702b42a58cf8eaa3f78&lastObs=&from=&to=&filetype=csv&label=include&layout=seriescolumn&type=package,ok,2026-06-16 04:50:46.468385
USD,,2Y,2021-09-20,0.23,federal_reserve_h15,DGS2,https://www.federalreserve.gov/datadownload/Output.aspx?rel=H15&series=bf17364827e38702b42a58cf8eaa3f78&lastObs=&from=&to=&filetype=csv&label=include&layout=seriescolumn&type=package,ok,2026-06-16 04:50:46.468385
USD,,2Y,2021-09-21,0.22,federal_reserve_h15,DGS2,https://www.federalreserve.gov/datadownload/Output.aspx?rel=H15&series=bf17364827e38702b42a58cf8eaa3f78&lastObs=&from=&to=&filetype=csv&label=include&layout=seriescolumn&type=package,ok,2026-06-16 04:50:46.468385
USD,,2Y,2021-09-22,0.25,federal_reserve_h15,DGS2,https://www.federalreserve.gov/datadownload/Output.aspx?rel=H15&series=bf17364827e38702b42a58cf8eaa3f78&lastObs=&from=&to=&filetype=csv&label=include&layout=seriescolumn&type=package,ok,2026-06-16 04:50:46.468385
USD,,2Y,2021-09-23,0.27,federal_reserve_h15,DGS2,https://www.federalreserve.gov/datadownload/Output.aspx?rel=H15&series=bf17364827e38702b42a58cf8eaa3f78&lastObs=&from=&to=&filetype=csv&label=include&layout=seriescolumn&type=package,ok,2026-06-16 04:50:46.468385
USD,,2Y,2021-09-24,0.29,federal_reserve_h15,DGS2,https://www.federalreserve.gov/datadownload/Output.aspx?rel=H15&series=bf17364827e38702b42a58cf8eaa3f78&lastObs=&from=&to=&filetype=csv&label=include&layout=seriescolumn&type=package,ok,2026-06-16 04:50:46.468385
USD,,2Y,2021-09-27,0.31,federal_reserve_h15,DGS2,https://www.federalreserve.gov/datadownload/Output.aspx?rel=H15&series=bf17364827e38702b42a58cf8eaa3f78&lastObs=&from=&to=&filetype=csv&label=include&layout=seriescolumn&type=package,ok,2026-06-16 04:50:46.468385
USD,,2Y,2021-09-28,0.31,federal_reserve_h15,DGS2,https://www.federalreserve.gov/datadownload/Output.aspx?rel=H15&series=bf17364827e38702b42a58cf8eaa3f78&lastObs=&from=&to=&filetype=csv&label=include&layout=seriescolumn&type=package,ok,2026-06-16 04:50:46.468385
USD,,2Y,2021-09-29,0.3,federal_reserve_h15,DGS2,https://www.federalreserve.gov/datadownload/Output.aspx?rel=H15&series=bf17364827e38702b42a58cf8eaa3f78&lastObs=&from=&to=&filetype=csv&label=include&layout=seriescolumn&type=package,ok,2026-06-16 04:50:46.468385
USD,,2Y,2021-09-30,0.28,federal_reserve_h15,DGS2,https://www.federalreserve.gov/datadownload/Output.aspx?rel=H15&series=bf17364827e38702b42a58cf8eaa3f78&lastObs=&from=&to=&filetype=csv&label=include&layout=seriescolumn&type=package,ok,2026-06-16 04:50:46.468385
USD,,2Y,2021-10-01,0.27,federal_reserve_h15,DGS2,https://www.federalreserve.gov/datadownload/Output.aspx?rel=H15&series=bf17364827e38702b42a58cf8eaa3f78&lastObs=&from=&to=&filetype=csv&label=include&layout=seriescolumn&type=package,ok,2026-06-16 04:50:46.468385
USD,,2Y,2021-10-04,0.27,federal_reserve_h15,DGS2,https://www.federalreserve.gov/datadownload/Output.aspx?rel=H15&series=bf17364827e38702b42a58cf8eaa3f78&lastObs=&from=&to=&filetype=csv&label=include&layout=seriescolumn&type=package,ok,2026-06-16 04:50:46.468385
USD,,2Y,2021-10-05,0.28,federal_reserve_h15,DGS2,https://www.federalreserve.gov/datadownload/Output.aspx?rel=H15&series=bf17364827e38702b42a58cf8eaa3f78&lastObs=&from=&to=&filetype=csv&label=include&layout=seriescolumn&type=package,ok,2026-06-16 04:50:46.468385
USD,,2Y,2021-10-06,0.3,federal_reserve_h15,DGS2,https://www.federalreserve.gov/datadownload/Output.aspx?rel=H15&series=bf17364827e38702b42a58cf8eaa3f78&lastObs=&from=&to=&filetype=csv&label=include&layout=seriescolumn&type=package,ok,2026-06-16 04:50:46.468385
USD,,2Y,2021-10-07,0.32,federal_reserve_h15,DGS2,https://www.federalreserve.gov/datadownload/Output.aspx?rel=H15&series=bf17364827e38702b42a58cf8eaa3f78&lastObs=&from=&to=&filetype=csv&label=include&layout=seriescolumn&type=package,ok,2026-06-16 04:50:46.468385
USD,,2Y,2021-10-08,0.32,federal_reserve_h15,DGS2,https://www.federalreserve.gov/datadownload/Output.aspx?rel=H15&series=bf17364827e38702b42a58cf8eaa3f78&lastObs=&from=&to=&filetype=csv&label=include&layout=seriescolumn&type=package,ok,2026-06-16 04:50:46.468385
USD,,2Y,2021-10-12,0.35,federal_reserve_h15,DGS2,https://www.federalreserve.gov/datadownload/Output.aspx?rel=H15&series=bf17364827e38702b42a58cf8eaa3f78&lastObs=&from=&to=&filetype=csv&label=include&layout=seriescolumn&type=package,ok,2026-06-16 04:50:46.468385
USD,,2Y,2021-10-13,0.37,federal_reserve_h15,DGS2,https://www.federalreserve.gov/datadownload/Output.aspx?rel=H15&series=bf17364827e38702b42a58cf8eaa3f78&lastObs=&from=&to=&filetype=csv&label=include&layout=seriescolumn&type=package,ok,2026-06-16 04:50:46.468385
USD,,2Y,2021-10-14,0.36,federal_reserve_h15,DGS2,https://www.federalreserve.gov/datadownload/Output.aspx?rel=H15&series=bf17364827e38702b42a58cf8eaa3f78&lastObs=&from=&to=&filetype=csv&label=include&layout=seriescolumn&type=package,ok,2026-06-16 04:50:46.468385
USD,,2Y,2021-10-15,0.41,federal_reserve_h15,DGS2,https://www.federalreserve.gov/datadownload/Output.aspx?rel=H15&series=bf17364827e38702b42a58cf8eaa3f78&lastObs=&from=&to=&filetype=csv&label=include&layout=seriescolumn&type=package,ok,2026-06-16 04:50:46.468385
USD,,2Y,2021-10-18,0.44,federal_reserve_h15,DGS2,https://www.federalreserve.gov/datadownload/Output.aspx?rel=H15&series=bf17364827e38702b42a58cf8eaa3f78&lastObs=&from=&to=&filetype=csv&label=include&layout=seriescolumn&type=package,ok,2026-06-16 04:50:46.468385
USD,,2Y,2021-10-19,0.41,federal_reserve_h15,DGS2,https://www.federalreserve.gov/datadownload/Output.aspx?rel=H15&series=bf17364827e38702b42a58cf8eaa3f78&lastObs=&from=&to=&filetype=csv&label=include&layout=seriescolumn&type=package,ok,2026-06-16 04:50:46.468385
USD,,2Y,2021-10-20,0.4,federal_reserve_h15,DGS2,https://www.federalreserve.gov/datadownload/Output.aspx?rel=H15&series=bf17364827e38702b42a58cf8eaa3f78&lastObs=&from=&to=&filetype=csv&label=include&layout=seriescolumn&type=package,ok,2026-06-16 04:50:46.468385
USD,,2Y,2021-10-21,0.45,federal_reserve_h15,DGS2,https://www.federalreserve.gov/datadownload/Output.aspx?rel=H15&series=bf17364827e38702b42a58cf8eaa3f78&lastObs=&from=&to=&filetype=csv&label=include&layout=seriescolumn&type=package,ok,2026-06-16 04:50:46.468385
USD,,2Y,2021-10-22,0.48,federal_reserve_h15,DGS2,https://www.federalreserve.gov/datadownload/Output.aspx?rel=H15&series=bf17364827e38702b42a58cf8eaa3f78&lastObs=&from=&to=&filetype=csv&label=include&layout=seriescolumn&type=package,ok,2026-06-16 04:50:46.468385
USD,,2Y,2021-10-25,0.47,federal_reserve_h15,DGS2,https://www.federalreserve.gov/datadownload/Output.aspx?rel=H15&series=bf17364827e38702b42a58cf8eaa3f78&lastObs=&from=&to=&filetype=csv&label=include&layout=seriescolumn&type=package,ok,2026-06-16 04:50:46.468385
USD,,2Y,2021-10-26,0.47,federal_reserve_h15,DGS2,https://www.federalreserve.gov/datadownload/Output.aspx?rel=H15&series=bf17364827e38702b42a58cf8eaa3f78&lastObs=&from=&to=&filetype=csv&label=include&layout=seriescolumn&type=package,ok,2026-06-16 04:50:46.468385
USD,,2Y,2021-10-27,0.5,federal_reserve_h15,DGS2,https://www.federalreserve.gov/datadownload/Output.aspx?rel=H15&series=bf17364827e38702b42a58cf8eaa3f78&lastObs=&from=&to=&filetype=csv&label=include&layout=seriescolumn&type=package,ok,2026-06-16 04:50:46.468385
USD,,2Y,2021-10-28,0.5,federal_reserve_h15,DGS2,https://www.federalreserve.gov/datadownload/Output.aspx?rel=H15&series=bf17364827e38702b42a58cf8eaa3f78&lastObs=&from=&to=&filetype=csv&label=include&layout=seriescolumn&type=package,ok,2026-06-16 04:50:46.468385
USD,,2Y,2021-10-29,0.48,federal_reserve_h15,DGS2,https://www.federalreserve.gov/datadownload/Output.aspx?rel=H15&series=bf17364827e38702b42a58cf8eaa3f78&lastObs=&from=&to=&filetype=csv&label=include&layout=seriescolumn&type=package,ok,2026-06-16 04:50:46.468385
USD,,2Y,2021-11-01,0.5,federal_reserve_h15,DGS2,https://www.federalreserve.gov/datadownload/Output.aspx?rel=H15&series=bf17364827e38702b42a58cf8eaa3f78&lastObs=&from=&to=&filetype=csv&label=include&layout=seriescolumn&type=package,ok,2026-06-16 04:50:46.468385
USD,,2Y,2021-11-02,0.46,federal_reserve_h15,DGS2,https://www.federalreserve.gov/datadownload/Output.aspx?rel=H15&series=bf17364827e38702b42a58cf8eaa3f78&lastObs=&from=&to=&filetype=csv&label=include&layout=seriescolumn&type=package,ok,2026-06-16 04:50:46.468385
USD,,2Y,2021-11-03,0.47,federal_reserve_h15,DGS2,https://www.federalreserve.gov/datadownload/Output.aspx?rel=H15&series=bf17364827e38702b42a58cf8eaa3f78&lastObs=&from=&to=&filetype=csv&label=include&layout=seriescolumn&type=package,ok,2026-06-16 04:50:46.468385
USD,,2Y,2021-11-04,0.41,federal_reserve_h15,DGS2,https://www.federalreserve.gov/datadownload/Output.aspx?rel=H15&series=bf17364827e38702b42a58cf8eaa3f78&lastObs=&from=&to=&filetype=csv&label=include&layout=seriescolumn&type=package,ok,2026-06-16 04:50:46.468385
USD,,2Y,2021-11-05,0.39,federal_reserve_h15,DGS2,https://www.federalreserve.gov/datadownload/Output.aspx?rel=H15&series=bf17364827e38702b42a58cf8eaa3f78&lastObs=&from=&to=&filetype=csv&label=include&layout=seriescolumn&type=package,ok,2026-06-16 04:50:46.468385
USD,,2Y,2021-11-08,0.45,federal_reserve_h15,DGS2,https://www.federalreserve.gov/datadownload/Output.aspx?rel=H15&series=bf17364827e38702b42a58cf8eaa3f78&lastObs=&from=&to=&filetype=csv&label=include&layout=seriescolumn&type=package,ok,2026-06-16 04:50:46.468385
USD,,2Y,2021-11-09,0.41,federal_reserve_h15,DGS2,https://www.federalreserve.gov/datadownload/Output.aspx?rel=H15&series=bf17364827e38702b42a58cf8eaa3f78&lastObs=&from=&to=&filetype=csv&label=include&layout=seriescolumn&type=package,ok,2026-06-16 04:50:46.468385
USD,,2Y,2021-11-10,0.51,federal_reserve_h15,DGS2,https://www.federalreserve.gov/datadownload/Output.aspx?rel=H15&series=bf17364827e38702b42a58cf8eaa3f78&lastObs=&from=&to=&filetype=csv&label=include&layout=seriescolumn&type=package,ok,2026-06-16 04:50:46.468385
USD,,2Y,2021-11-12,0.53,federal_reserve_h15,DGS2,https://www.federalreserve.gov/datadownload/Output.aspx?rel=H15&series=bf17364827e38702b42a58cf8eaa3f78&lastObs=&from=&to=&filetype=csv&label=include&layout=seriescolumn&type=package,ok,2026-06-16 04:50:46.468385
USD,,2Y,2021-11-15,0.53,federal_reserve_h15,DGS2,https://www.federalreserve.gov/datadownload/Output.aspx?rel=H15&series=bf17364827e38702b42a58cf8eaa3f78&lastObs=&from=&to=&filetype=csv&label=include&layout=seriescolumn&type=package,ok,2026-06-16 04:50:46.468385
USD,,2Y,2021-11-16,0.54,federal_reserve_h15,DGS2,https://www.federalreserve.gov/datadownload/Output.aspx?rel=H15&series=bf17364827e38702b42a58cf8eaa3f78&lastObs=&from=&to=&filetype=csv&label=include&layout=seriescolumn&type=package,ok,2026-06-16 04:50:46.468385
USD,,2Y,2021-11-17,0.52,federal_reserve_h15,DGS2,https://www.federalreserve.gov/datadownload/Output.aspx?rel=H15&series=bf17364827e38702b42a58cf8eaa3f78&lastObs=&from=&to=&filetype=csv&label=include&layout=seriescolumn&type=package,ok,2026-06-16 04:50:46.468385
USD,,2Y,2021-11-18,0.52,federal_reserve_h15,DGS2,https://www.federalreserve.gov/datadownload/Output.aspx?rel=H15&series=bf17364827e38702b42a58cf8eaa3f78&lastObs=&from=&to=&filetype=csv&label=include&layout=seriescolumn&type=package,ok,2026-06-16 04:50:46.468385
USD,,2Y,2021-11-19,0.52,federal_reserve_h15,DGS2,https://www.federalreserve.gov/datadownload/Output.aspx?rel=H15&series=bf17364827e38702b42a58cf8eaa3f78&lastObs=&from=&to=&filetype=csv&label=include&layout=seriescolumn&type=package,ok,2026-06-16 04:50:46.468385
USD,,2Y,2021-11-22,0.63,federal_reserve_h15,DGS2,https://www.federalreserve.gov/datadownload/Output.aspx?rel=H15&series=bf17364827e38702b42a58cf8eaa3f78&lastObs=&from=&to=&filetype=csv&label=include&layout=seriescolumn&type=package,ok,2026-06-16 04:50:46.468385
USD,,2Y,2021-11-23,0.6,federal_reserve_h15,DGS2,https://www.federalreserve.gov/datadownload/Output.aspx?rel=H15&series=bf17364827e38702b42a58cf8eaa3f78&lastObs=&from=&to=&filetype=csv&label=include&layout=seriescolumn&type=package,ok,2026-06-16 04:50:46.468385
USD,,2Y,2021-11-24,0.64,federal_reserve_h15,DGS2,https://www.federalreserve.gov/datadownload/Output.aspx?rel=H15&series=bf17364827e38702b42a58cf8eaa3f78&lastObs=&from=&to=&filetype=csv&label=include&layout=seriescolumn&type=package,ok,2026-06-16 04:50:46.468385
USD,,2Y,2021-11-26,0.5,federal_reserve_h15,DGS2,https://www.federalreserve.gov/datadownload/Output.aspx?rel=H15&series=bf17364827e38702b42a58cf8eaa3f78&lastObs=&from=&to=&filetype=csv&label=include&layout=seriescolumn&type=package,ok,2026-06-16 04:50:46.468385
USD,,2Y,2021-11-29,0.51,federal_reserve_h15,DGS2,https://www.federalreserve.gov/datadownload/Output.aspx?rel=H15&series=bf17364827e38702b42a58cf8eaa3f78&lastObs=&from=&to=&filetype=csv&label=include&layout=seriescolumn&type=package,ok,2026-06-16 04:50:46.468385
USD,,2Y,2021-11-30,0.52,federal_reserve_h15,DGS2,https://www.federalreserve.gov/datadownload/Output.aspx?rel=H15&series=bf17364827e38702b42a58cf8eaa3f78&lastObs=&from=&to=&filetype=csv&label=include&layout=seriescolumn&type=package,ok,2026-06-16 04:50:46.468385
USD,,2Y,2021-12-01,0.56,federal_reserve_h15,DGS2,https://www.federalreserve.gov/datadownload/Output.aspx?rel=H15&series=bf17364827e38702b42a58cf8eaa3f78&lastObs=&from=&to=&filetype=csv&label=include&layout=seriescolumn&type=package,ok,2026-06-16 04:50:46.468385
USD,,2Y,2021-12-02,0.63,federal_reserve_h15,DGS2,https://www.federalreserve.gov/datadownload/Output.aspx?rel=H15&series=bf17364827e38702b42a58cf8eaa3f78&lastObs=&from=&to=&filetype=csv&label=include&layout=seriescolumn&type=package,ok,2026-06-16 04:50:46.468385
USD,,2Y,2021-12-03,0.6,federal_reserve_h15,DGS2,https://www.federalreserve.gov/datadownload/Output.aspx?rel=H15&series=bf17364827e38702b42a58cf8eaa3f78&lastObs=&from=&to=&filetype=csv&label=include&layout=seriescolumn&type=package,ok,2026-06-16 04:50:46.468385
USD,,2Y,2021-12-06,0.65,federal_reserve_h15,DGS2,https://www.federalreserve.gov/datadownload/Output.aspx?rel=H15&series=bf17364827e38702b42a58cf8eaa3f78&lastObs=&from=&to=&filetype=csv&label=include&layout=seriescolumn&type=package,ok,2026-06-16 04:50:46.468385
USD,,2Y,2021-12-07,0.7,federal_reserve_h15,DGS2,https://www.federalreserve.gov/datadownload/Output.aspx?rel=H15&series=bf17364827e38702b42a58cf8eaa3f78&lastObs=&from=&to=&filetype=csv&label=include&layout=seriescolumn&type=package,ok,2026-06-16 04:50:46.468385
USD,,2Y,2021-12-08,0.68,federal_reserve_h15,DGS2,https://www.federalreserve.gov/datadownload/Output.aspx?rel=H15&series=bf17364827e38702b42a58cf8eaa3f78&lastObs=&from=&to=&filetype=csv&label=include&layout=seriescolumn&type=package,ok,2026-06-16 04:50:46.468385
USD,,2Y,2021-12-09,0.7,federal_reserve_h15,DGS2,https://www.federalreserve.gov/datadownload/Output.aspx?rel=H15&series=bf17364827e38702b42a58cf8eaa3f78&lastObs=&from=&to=&filetype=csv&label=include&layout=seriescolumn&type=package,ok,2026-06-16 04:50:46.468385
USD,,2Y,2021-12-10,0.67,federal_reserve_h15,DGS2,https://www.federalreserve.gov/datadownload/Output.aspx?rel=H15&series=bf17364827e38702b42a58cf8eaa3f78&lastObs=&from=&to=&filetype=csv&label=include&layout=seriescolumn&type=package,ok,2026-06-16 04:50:46.468385
USD,,2Y,2021-12-13,0.66,federal_reserve_h15,DGS2,https://www.federalreserve.gov/datadownload/Output.aspx?rel=H15&series=bf17364827e38702b42a58cf8eaa3f78&lastObs=&from=&to=&filetype=csv&label=include&layout=seriescolumn&type=package,ok,2026-06-16 04:50:46.468385
USD,,2Y,2021-12-14,0.67,federal_reserve_h15,DGS2,https://www.federalreserve.gov/datadownload/Output.aspx?rel=H15&series=bf17364827e38702b42a58cf8eaa3f78&lastObs=&from=&to=&filetype=csv&label=include&layout=seriescolumn&type=package,ok,2026-06-16 04:50:46.468385
USD,,2Y,2021-12-15,0.69,federal_reserve_h15,DGS2,https://www.federalreserve.gov/datadownload/Output.aspx?rel=H15&series=bf17364827e38702b42a58cf8eaa3f78&lastObs=&from=&to=&filetype=csv&label=include&layout=seriescolumn&type=package,ok,2026-06-16 04:50:46.468385
USD,,2Y,2021-12-16,0.64,federal_reserve_h15,DGS2,https://www.federalreserve.gov/datadownload/Output.aspx?rel=H15&series=bf17364827e38702b42a58cf8eaa3f78&lastObs=&from=&to=&filetype=csv&label=include&layout=seriescolumn&type=package,ok,2026-06-16 04:50:46.468385
USD,,2Y,2021-12-17,0.66,federal_reserve_h15,DGS2,https://www.federalreserve.gov/datadownload/Output.aspx?rel=H15&series=bf17364827e38702b42a58cf8eaa3f78&lastObs=&from=&to=&filetype=csv&label=include&layout=seriescolumn&type=package,ok,2026-06-16 04:50:46.468385
USD,,2Y,2021-12-20,0.65,federal_reserve_h15,DGS2,https://www.federalreserve.gov/datadownload/Output.aspx?rel=H15&series=bf17364827e38702b42a58cf8eaa3f78&lastObs=&from=&to=&filetype=csv&label=include&layout=seriescolumn&type=package,ok,2026-06-16 04:50:46.468385
USD,,2Y,2021-12-21,0.7,federal_reserve_h15,DGS2,https://www.federalreserve.gov/datadownload/Output.aspx?rel=H15&series=bf17364827e38702b42a58cf8eaa3f78&lastObs=&from=&to=&filetype=csv&label=include&layout=seriescolumn&type=package,ok,2026-06-16 04:50:46.468385
USD,,2Y,2021-12-22,0.68,federal_reserve_h15,DGS2,https://www.federalreserve.gov/datadownload/Output.aspx?rel=H15&series=bf17364827e38702b42a58cf8eaa3f78&lastObs=&from=&to=&filetype=csv&label=include&layout=seriescolumn&type=package,ok,2026-06-16 04:50:46.468385
USD,,2Y,2021-12-23,0.71,federal_reserve_h15,DGS2,https://www.federalreserve.gov/datadownload/Output.aspx?rel=H15&series=bf17364827e38702b42a58cf8eaa3f78&lastObs=&from=&to=&filetype=csv&label=include&layout=seriescolumn&type=package,ok,2026-06-16 04:50:46.468385
USD,,2Y,2021-12-27,0.76,federal_reserve_h15,DGS2,https://www.federalreserve.gov/datadownload/Output.aspx?rel=H15&series=bf17364827e38702b42a58cf8eaa3f78&lastObs=&from=&to=&filetype=csv&label=include&layout=seriescolumn&type=package,ok,2026-06-16 04:50:46.468385
USD,,2Y,2021-12-28,0.74,federal_reserve_h15,DGS2,https://www.federalreserve.gov/datadownload/Output.aspx?rel=H15&series=bf17364827e38702b42a58cf8eaa3f78&lastObs=&from=&to=&filetype=csv&label=include&layout=seriescolumn&type=package,ok,2026-06-16 04:50:46.468385
USD,,2Y,2021-12-29,0.75,federal_reserve_h15,DGS2,https://www.federalreserve.gov/datadownload/Output.aspx?rel=H15&series=bf17364827e38702b42a58cf8eaa3f78&lastObs=&from=&to=&filetype=csv&label=include&layout=seriescolumn&type=package,ok,2026-06-16 04:50:46.468385
USD,,2Y,2021-12-30,0.73,federal_reserve_h15,DGS2,https://www.federalreserve.gov/datadownload/Output.aspx?rel=H15&series=bf17364827e38702b42a58cf8eaa3f78&lastObs=&from=&to=&filetype=csv&label=include&layout=seriescolumn&type=package,ok,2026-06-16 04:50:46.468385
USD,,2Y,2021-12-31,0.73,federal_reserve_h15,DGS2,https://www.federalreserve.gov/datadownload/Output.aspx?rel=H15&series=bf17364827e38702b42a58cf8eaa3f78&lastObs=&from=&to=&filetype=csv&label=include&layout=seriescolumn&type=package,ok,2026-06-16 04:50:46.468385
USD,,2Y,2022-01-03,0.78,federal_reserve_h15,DGS2,https://www.federalreserve.gov/datadownload/Output.aspx?rel=H15&series=bf17364827e38702b42a58cf8eaa3f78&lastObs=&from=&to=&filetype=csv&label=include&layout=seriescolumn&type=package,ok,2026-06-16 04:50:46.468385
USD,,2Y,2022-01-04,0.77,federal_reserve_h15,DGS2,https://www.federalreserve.gov/datadownload/Output.aspx?rel=H15&series=bf17364827e38702b42a58cf8eaa3f78&lastObs=&from=&to=&filetype=csv&label=include&layout=seriescolumn&type=package,ok,2026-06-16 04:50:46.468385
USD,,2Y,2022-01-05,0.83,federal_reserve_h15,DGS2,https://www.federalreserve.gov/datadownload/Output.aspx?rel=H15&series=bf17364827e38702b42a58cf8eaa3f78&lastObs=&from=&to=&filetype=csv&label=include&layout=seriescolumn&type=package,ok,2026-06-16 04:50:46.468385
USD,,2Y,2022-01-06,0.88,federal_reserve_h15,DGS2,https://www.federalreserve.gov/datadownload/Output.aspx?rel=H15&series=bf17364827e38702b42a58cf8eaa3f78&lastObs=&from=&to=&filetype=csv&label=include&layout=seriescolumn&type=package,ok,2026-06-16 04:50:46.468385
USD,,2Y,2022-01-07,0.87,federal_reserve_h15,DGS2,https://www.federalreserve.gov/datadownload/Output.aspx?rel=H15&series=bf17364827e38702b42a58cf8eaa3f78&lastObs=&from=&to=&filetype=csv&label=include&layout=seriescolumn&type=package,ok,2026-06-16 04:50:46.468385
USD,,2Y,2022-01-10,0.92,federal_reserve_h15,DGS2,https://www.federalreserve.gov/datadownload/Output.aspx?rel=H15&series=bf17364827e38702b42a58cf8eaa3f78&lastObs=&from=&to=&filetype=csv&label=include&layout=seriescolumn&type=package,ok,2026-06-16 04:50:46.468385
USD,,2Y,2022-01-11,0.9,federal_reserve_h15,DGS2,https://www.federalreserve.gov/datadownload/Output.aspx?rel=H15&series=bf17364827e38702b42a58cf8eaa3f78&lastObs=&from=&to=&filetype=csv&label=include&layout=seriescolumn&type=package,ok,2026-06-16 04:50:46.468385
USD,,2Y,2022-01-12,0.92,federal_reserve_h15,DGS2,https://www.federalreserve.gov/datadownload/Output.aspx?rel=H15&series=bf17364827e38702b42a58cf8eaa3f78&lastObs=&from=&to=&filetype=csv&label=include&layout=seriescolumn&type=package,ok,2026-06-16 04:50:46.468385
USD,,2Y,2022-01-13,0.91,federal_reserve_h15,DGS2,https://www.federalreserve.gov/datadownload/Output.aspx?rel=H15&series=bf17364827e38702b42a58cf8eaa3f78&lastObs=&from=&to=&filetype=csv&label=include&layout=seriescolumn&type=package,ok,2026-06-16 04:50:46.468385
USD,,2Y,2022-01-14,0.99,federal_reserve_h15,DGS2,https://www.federalreserve.gov/datadownload/Output.aspx?rel=H15&series=bf17364827e38702b42a58cf8eaa3f78&lastObs=&from=&to=&filetype=csv&label=include&layout=seriescolumn&type=package,ok,2026-06-16 04:50:46.468385
USD,,2Y,2022-01-18,1.06,federal_reserve_h15,DGS2,https://www.federalreserve.gov/datadownload/Output.aspx?rel=H15&series=bf17364827e38702b42a58cf8eaa3f78&lastObs=&from=&to=&filetype=csv&label=include&layout=seriescolumn&type=package,ok,2026-06-16 04:50:46.468385
USD,,2Y,2022-01-19,1.04,federal_reserve_h15,DGS2,https://www.federalreserve.gov/datadownload/Output.aspx?rel=H15&series=bf17364827e38702b42a58cf8eaa3f78&lastObs=&from=&to=&filetype=csv&label=include&layout=seriescolumn&type=package,ok,2026-06-16 04:50:46.468385
USD,,2Y,2022-01-20,1.08,federal_reserve_h15,DGS2,https://www.federalreserve.gov/datadownload/Output.aspx?rel=H15&series=bf17364827e38702b42a58cf8eaa3f78&lastObs=&from=&to=&filetype=csv&label=include&layout=seriescolumn&type=package,ok,2026-06-16 04:50:46.468385
USD,,2Y,2022-01-21,1.01,federal_reserve_h15,DGS2,https://www.federalreserve.gov/datadownload/Output.aspx?rel=H15&series=bf17364827e38702b42a58cf8eaa3f78&lastObs=&from=&to=&filetype=csv&label=include&layout=seriescolumn&type=package,ok,2026-06-16 04:50:46.468385
USD,,2Y,2022-01-24,0.99,federal_reserve_h15,DGS2,https://www.federalreserve.gov/datadownload/Output.aspx?rel=H15&series=bf17364827e38702b42a58cf8eaa3f78&lastObs=&from=&to=&filetype=csv&label=include&layout=seriescolumn&type=package,ok,2026-06-16 04:50:46.468385
USD,,2Y,2022-01-25,1.02,federal_reserve_h15,DGS2,https://www.federalreserve.gov/datadownload/Output.aspx?rel=H15&series=bf17364827e38702b42a58cf8eaa3f78&lastObs=&from=&to=&filetype=csv&label=include&layout=seriescolumn&type=package,ok,2026-06-16 04:50:46.468385
USD,,2Y,2022-01-26,1.13,federal_reserve_h15,DGS2,https://www.federalreserve.gov/datadownload/Output.aspx?rel=H15&series=bf17364827e38702b42a58cf8eaa3f78&lastObs=&from=&to=&filetype=csv&label=include&layout=seriescolumn&type=package,ok,2026-06-16 04:50:46.468385
USD,,2Y,2022-01-27,1.18,federal_reserve_h15,DGS2,https://www.federalreserve.gov/datadownload/Output.aspx?rel=H15&series=bf17364827e38702b42a58cf8eaa3f78&lastObs=&from=&to=&filetype=csv&label=include&layout=seriescolumn&type=package,ok,2026-06-16 04:50:46.468385
USD,,2Y,2022-01-28,1.15,federal_reserve_h15,DGS2,https://www.federalreserve.gov/datadownload/Output.aspx?rel=H15&series=bf17364827e38702b42a58cf8eaa3f78&lastObs=&from=&to=&filetype=csv&label=include&layout=seriescolumn&type=package,ok,2026-06-16 04:50:46.468385
USD,,2Y,2022-01-31,1.18,federal_reserve_h15,DGS2,https://www.federalreserve.gov/datadownload/Output.aspx?rel=H15&series=bf17364827e38702b42a58cf8eaa3f78&lastObs=&from=&to=&filetype=csv&label=include&layout=seriescolumn&type=package,ok,2026-06-16 04:50:46.468385
USD,,2Y,2022-02-01,1.18,federal_reserve_h15,DGS2,https://www.federalreserve.gov/datadownload/Output.aspx?rel=H15&series=bf17364827e38702b42a58cf8eaa3f78&lastObs=&from=&to=&filetype=csv&label=include&layout=seriescolumn&type=package,ok,2026-06-16 04:50:46.468385
USD,,2Y,2022-02-02,1.16,federal_reserve_h15,DGS2,https://www.federalreserve.gov/datadownload/Output.aspx?rel=H15&series=bf17364827e38702b42a58cf8eaa3f78&lastObs=&from=&to=&filetype=csv&label=include&layout=seriescolumn&type=package,ok,2026-06-16 04:50:46.468385
USD,,2Y,2022-02-03,1.19,federal_reserve_h15,DGS2,https://www.federalreserve.gov/datadownload/Output.aspx?rel=H15&series=bf17364827e38702b42a58cf8eaa3f78&lastObs=&from=&to=&filetype=csv&label=include&layout=seriescolumn&type=package,ok,2026-06-16 04:50:46.468385
USD,,2Y,2022-02-04,1.31,federal_reserve_h15,DGS2,https://www.federalreserve.gov/datadownload/Output.aspx?rel=H15&series=bf17364827e38702b42a58cf8eaa3f78&lastObs=&from=&to=&filetype=csv&label=include&layout=seriescolumn&type=package,ok,2026-06-16 04:50:46.468385
USD,,2Y,2022-02-07,1.3,federal_reserve_h15,DGS2,https://www.federalreserve.gov/datadownload/Output.aspx?rel=H15&series=bf17364827e38702b42a58cf8eaa3f78&lastObs=&from=&to=&filetype=csv&label=include&layout=seriescolumn&type=package,ok,2026-06-16 04:50:46.468385
USD,,2Y,2022-02-08,1.35,federal_reserve_h15,DGS2,https://www.federalreserve.gov/datadownload/Output.aspx?rel=H15&series=bf17364827e38702b42a58cf8eaa3f78&lastObs=&from=&to=&filetype=csv&label=include&layout=seriescolumn&type=package,ok,2026-06-16 04:50:46.468385
USD,,2Y,2022-02-09,1.36,federal_reserve_h15,DGS2,https://www.federalreserve.gov/datadownload/Output.aspx?rel=H15&series=bf17364827e38702b42a58cf8eaa3f78&lastObs=&from=&to=&filetype=csv&label=include&layout=seriescolumn&type=package,ok,2026-06-16 04:50:46.468385
USD,,2Y,2022-02-10,1.61,federal_reserve_h15,DGS2,https://www.federalreserve.gov/datadownload/Output.aspx?rel=H15&series=bf17364827e38702b42a58cf8eaa3f78&lastObs=&from=&to=&filetype=csv&label=include&layout=seriescolumn&type=package,ok,2026-06-16 04:50:46.468385
USD,,2Y,2022-02-11,1.5,federal_reserve_h15,DGS2,https://www.federalreserve.gov/datadownload/Output.aspx?rel=H15&series=bf17364827e38702b42a58cf8eaa3f78&lastObs=&from=&to=&filetype=csv&label=include&layout=seriescolumn&type=package,ok,2026-06-16 04:50:46.468385
USD,,2Y,2022-02-14,1.58,federal_reserve_h15,DGS2,https://www.federalreserve.gov/datadownload/Output.aspx?rel=H15&series=bf17364827e38702b42a58cf8eaa3f78&lastObs=&from=&to=&filetype=csv&label=include&layout=seriescolumn&type=package,ok,2026-06-16 04:50:46.468385
USD,,2Y,2022-02-15,1.58,federal_reserve_h15,DGS2,https://www.federalreserve.gov/datadownload/Output.aspx?rel=H15&series=bf17364827e38702b42a58cf8eaa3f78&lastObs=&from=&to=&filetype=csv&label=include&layout=seriescolumn&type=package,ok,2026-06-16 04:50:46.468385
USD,,2Y,2022-02-16,1.52,federal_reserve_h15,DGS2,https://www.federalreserve.gov/datadownload/Output.aspx?rel=H15&series=bf17364827e38702b42a58cf8eaa3f78&lastObs=&from=&to=&filetype=csv&label=include&layout=seriescolumn&type=package,ok,2026-06-16 04:50:46.468385
USD,,2Y,2022-02-17,1.49,federal_reserve_h15,DGS2,https://www.federalreserve.gov/datadownload/Output.aspx?rel=H15&series=bf17364827e38702b42a58cf8eaa3f78&lastObs=&from=&to=&filetype=csv&label=include&layout=seriescolumn&type=package,ok,2026-06-16 04:50:46.468385
USD,,2Y,2022-02-18,1.47,federal_reserve_h15,DGS2,https://www.federalreserve.gov/datadownload/Output.aspx?rel=H15&series=bf17364827e38702b42a58cf8eaa3f78&lastObs=&from=&to=&filetype=csv&label=include&layout=seriescolumn&type=package,ok,2026-06-16 04:50:46.468385
USD,,2Y,2022-02-22,1.56,federal_reserve_h15,DGS2,https://www.federalreserve.gov/datadownload/Output.aspx?rel=H15&series=bf17364827e38702b42a58cf8eaa3f78&lastObs=&from=&to=&filetype=csv&label=include&layout=seriescolumn&type=package,ok,2026-06-16 04:50:46.468385
USD,,2Y,2022-02-23,1.58,federal_reserve_h15,DGS2,https://www.federalreserve.gov/datadownload/Output.aspx?rel=H15&series=bf17364827e38702b42a58cf8eaa3f78&lastObs=&from=&to=&filetype=csv&label=include&layout=seriescolumn&type=package,ok,2026-06-16 04:50:46.468385
USD,,2Y,2022-02-24,1.54,federal_reserve_h15,DGS2,https://www.federalreserve.gov/datadownload/Output.aspx?rel=H15&series=bf17364827e38702b42a58cf8eaa3f78&lastObs=&from=&to=&filetype=csv&label=include&layout=seriescolumn&type=package,ok,2026-06-16 04:50:46.468385
USD,,2Y,2022-02-25,1.55,federal_reserve_h15,DGS2,https://www.federalreserve.gov/datadownload/Output.aspx?rel=H15&series=bf17364827e38702b42a58cf8eaa3f78&lastObs=&from=&to=&filetype=csv&label=include&layout=seriescolumn&type=package,ok,2026-06-16 04:50:46.468385
USD,,2Y,2022-02-28,1.44,federal_reserve_h15,DGS2,https://www.federalreserve.gov/datadownload/Output.aspx?rel=H15&series=bf17364827e38702b42a58cf8eaa3f78&lastObs=&from=&to=&filetype=csv&label=include&layout=seriescolumn&type=package,ok,2026-06-16 04:50:46.468385
USD,,2Y,2022-03-01,1.31,federal_reserve_h15,DGS2,https://www.federalreserve.gov/datadownload/Output.aspx?rel=H15&series=bf17364827e38702b42a58cf8eaa3f78&lastObs=&from=&to=&filetype=csv&label=include&layout=seriescolumn&type=package,ok,2026-06-16 04:50:46.468385
USD,,2Y,2022-03-02,1.5,federal_reserve_h15,DGS2,https://www.federalreserve.gov/datadownload/Output.aspx?rel=H15&series=bf17364827e38702b42a58cf8eaa3f78&lastObs=&from=&to=&filetype=csv&label=include&layout=seriescolumn&type=package,ok,2026-06-16 04:50:46.468385
USD,,2Y,2022-03-03,1.53,federal_reserve_h15,DGS2,https://www.federalreserve.gov/datadownload/Output.aspx?rel=H15&series=bf17364827e38702b42a58cf8eaa3f78&lastObs=&from=&to=&filetype=csv&label=include&layout=seriescolumn&type=package,ok,2026-06-16 04:50:46.468385
USD,,2Y,2022-03-04,1.5,federal_reserve_h15,DGS2,https://www.federalreserve.gov/datadownload/Output.aspx?rel=H15&series=bf17364827e38702b42a58cf8eaa3f78&lastObs=&from=&to=&filetype=csv&label=include&layout=seriescolumn&type=package,ok,2026-06-16 04:50:46.468385
USD,,2Y,2022-03-07,1.55,federal_reserve_h15,DGS2,https://www.federalreserve.gov/datadownload/Output.aspx?rel=H15&series=bf17364827e38702b42a58cf8eaa3f78&lastObs=&from=&to=&filetype=csv&label=include&layout=seriescolumn&type=package,ok,2026-06-16 04:50:46.468385
USD,,2Y,2022-03-08,1.63,federal_reserve_h15,DGS2,https://www.federalreserve.gov/datadownload/Output.aspx?rel=H15&series=bf17364827e38702b42a58cf8eaa3f78&lastObs=&from=&to=&filetype=csv&label=include&layout=seriescolumn&type=package,ok,2026-06-16 04:50:46.468385
USD,,2Y,2022-03-09,1.68,federal_reserve_h15,DGS2,https://www.federalreserve.gov/datadownload/Output.aspx?rel=H15&series=bf17364827e38702b42a58cf8eaa3f78&lastObs=&from=&to=&filetype=csv&label=include&layout=seriescolumn&type=package,ok,2026-06-16 04:50:46.468385
USD,,2Y,2022-03-10,1.72,federal_reserve_h15,DGS2,https://www.federalreserve.gov/datadownload/Output.aspx?rel=H15&series=bf17364827e38702b42a58cf8eaa3f78&lastObs=&from=&to=&filetype=csv&label=include&layout=seriescolumn&type=package,ok,2026-06-16 04:50:46.468385
USD,,2Y,2022-03-11,1.75,federal_reserve_h15,DGS2,https://www.federalreserve.gov/datadownload/Output.aspx?rel=H15&series=bf17364827e38702b42a58cf8eaa3f78&lastObs=&from=&to=&filetype=csv&label=include&layout=seriescolumn&type=package,ok,2026-06-16 04:50:46.468385
USD,,2Y,2022-03-14,1.87,federal_reserve_h15,DGS2,https://www.federalreserve.gov/datadownload/Output.aspx?rel=H15&series=bf17364827e38702b42a58cf8eaa3f78&lastObs=&from=&to=&filetype=csv&label=include&layout=seriescolumn&type=package,ok,2026-06-16 04:50:46.468385
USD,,2Y,2022-03-15,1.85,federal_reserve_h15,DGS2,https://www.federalreserve.gov/datadownload/Output.aspx?rel=H15&series=bf17364827e38702b42a58cf8eaa3f78&lastObs=&from=&to=&filetype=csv&label=include&layout=seriescolumn&type=package,ok,2026-06-16 04:50:46.468385
USD,,2Y,2022-03-16,1.95,federal_reserve_h15,DGS2,https://www.federalreserve.gov/datadownload/Output.aspx?rel=H15&series=bf17364827e38702b42a58cf8eaa3f78&lastObs=&from=&to=&filetype=csv&label=include&layout=seriescolumn&type=package,ok,2026-06-16 04:50:46.468385
USD,,2Y,2022-03-17,1.94,federal_reserve_h15,DGS2,https://www.federalreserve.gov/datadownload/Output.aspx?rel=H15&series=bf17364827e38702b42a58cf8eaa3f78&lastObs=&from=&to=&filetype=csv&label=include&layout=seriescolumn&type=package,ok,2026-06-16 04:50:46.468385
USD,,2Y,2022-03-18,1.97,federal_reserve_h15,DGS2,https://www.federalreserve.gov/datadownload/Output.aspx?rel=H15&series=bf17364827e38702b42a58cf8eaa3f78&lastObs=&from=&to=&filetype=csv&label=include&layout=seriescolumn&type=package,ok,2026-06-16 04:50:46.468385
USD,,2Y,2022-03-21,2.14,federal_reserve_h15,DGS2,https://www.federalreserve.gov/datadownload/Output.aspx?rel=H15&series=bf17364827e38702b42a58cf8eaa3f78&lastObs=&from=&to=&filetype=csv&label=include&layout=seriescolumn&type=package,ok,2026-06-16 04:50:46.468385
USD,,2Y,2022-03-22,2.18,federal_reserve_h15,DGS2,https://www.federalreserve.gov/datadownload/Output.aspx?rel=H15&series=bf17364827e38702b42a58cf8eaa3f78&lastObs=&from=&to=&filetype=csv&label=include&layout=seriescolumn&type=package,ok,2026-06-16 04:50:46.468385
USD,,2Y,2022-03-23,2.13,federal_reserve_h15,DGS2,https://www.federalreserve.gov/datadownload/Output.aspx?rel=H15&series=bf17364827e38702b42a58cf8eaa3f78&lastObs=&from=&to=&filetype=csv&label=include&layout=seriescolumn&type=package,ok,2026-06-16 04:50:46.468385
USD,,2Y,2022-03-24,2.13,federal_reserve_h15,DGS2,https://www.federalreserve.gov/datadownload/Output.aspx?rel=H15&series=bf17364827e38702b42a58cf8eaa3f78&lastObs=&from=&to=&filetype=csv&label=include&layout=seriescolumn&type=package,ok,2026-06-16 04:50:46.468385
USD,,2Y,2022-03-25,2.3,federal_reserve_h15,DGS2,https://www.federalreserve.gov/datadownload/Output.aspx?rel=H15&series=bf17364827e38702b42a58cf8eaa3f78&lastObs=&from=&to=&filetype=csv&label=include&layout=seriescolumn&type=package,ok,2026-06-16 04:50:46.468385
USD,,2Y,2022-03-28,2.35,federal_reserve_h15,DGS2,https://www.federalreserve.gov/datadownload/Output.aspx?rel=H15&series=bf17364827e38702b42a58cf8eaa3f78&lastObs=&from=&to=&filetype=csv&label=include&layout=seriescolumn&type=package,ok,2026-06-16 04:50:46.468385
USD,,2Y,2022-03-29,2.35,federal_reserve_h15,DGS2,https://www.federalreserve.gov/datadownload/Output.aspx?rel=H15&series=bf17364827e38702b42a58cf8eaa3f78&lastObs=&from=&to=&filetype=csv&label=include&layout=seriescolumn&type=package,ok,2026-06-16 04:50:46.468385
USD,,2Y,2022-03-30,2.31,federal_reserve_h15,DGS2,https://www.federalreserve.gov/datadownload/Output.aspx?rel=H15&series=bf17364827e38702b42a58cf8eaa3f78&lastObs=&from=&to=&filetype=csv&label=include&layout=seriescolumn&type=package,ok,2026-06-16 04:50:46.468385
USD,,2Y,2022-03-31,2.28,federal_reserve_h15,DGS2,https://www.federalreserve.gov/datadownload/Output.aspx?rel=H15&series=bf17364827e38702b42a58cf8eaa3f78&lastObs=&from=&to=&filetype=csv&label=include&layout=seriescolumn&type=package,ok,2026-06-16 04:50:46.468385
USD,,2Y,2022-04-01,2.44,federal_reserve_h15,DGS2,https://www.federalreserve.gov/datadownload/Output.aspx?rel=H15&series=bf17364827e38702b42a58cf8eaa3f78&lastObs=&from=&to=&filetype=csv&label=include&layout=seriescolumn&type=package,ok,2026-06-16 04:50:46.468385
USD,,2Y,2022-04-04,2.43,federal_reserve_h15,DGS2,https://www.federalreserve.gov/datadownload/Output.aspx?rel=H15&series=bf17364827e38702b42a58cf8eaa3f78&lastObs=&from=&to=&filetype=csv&label=include&layout=seriescolumn&type=package,ok,2026-06-16 04:50:46.468385
USD,,2Y,2022-04-05,2.51,federal_reserve_h15,DGS2,https://www.federalreserve.gov/datadownload/Output.aspx?rel=H15&series=bf17364827e38702b42a58cf8eaa3f78&lastObs=&from=&to=&filetype=csv&label=include&layout=seriescolumn&type=package,ok,2026-06-16 04:50:46.468385
USD,,2Y,2022-04-06,2.5,federal_reserve_h15,DGS2,https://www.federalreserve.gov/datadownload/Output.aspx?rel=H15&series=bf17364827e38702b42a58cf8eaa3f78&lastObs=&from=&to=&filetype=csv&label=include&layout=seriescolumn&type=package,ok,2026-06-16 04:50:46.468385
USD,,2Y,2022-04-07,2.47,federal_reserve_h15,DGS2,https://www.federalreserve.gov/datadownload/Output.aspx?rel=H15&series=bf17364827e38702b42a58cf8eaa3f78&lastObs=&from=&to=&filetype=csv&label=include&layout=seriescolumn&type=package,ok,2026-06-16 04:50:46.468385
USD,,2Y,2022-04-08,2.53,federal_reserve_h15,DGS2,https://www.federalreserve.gov/datadownload/Output.aspx?rel=H15&series=bf17364827e38702b42a58cf8eaa3f78&lastObs=&from=&to=&filetype=csv&label=include&layout=seriescolumn&type=package,ok,2026-06-16 04:50:46.468385
USD,,2Y,2022-04-11,2.5,federal_reserve_h15,DGS2,https://www.federalreserve.gov/datadownload/Output.aspx?rel=H15&series=bf17364827e38702b42a58cf8eaa3f78&lastObs=&from=&to=&filetype=csv&label=include&layout=seriescolumn&type=package,ok,2026-06-16 04:50:46.468385
USD,,2Y,2022-04-12,2.39,federal_reserve_h15,DGS2,https://www.federalreserve.gov/datadownload/Output.aspx?rel=H15&series=bf17364827e38702b42a58cf8eaa3f78&lastObs=&from=&to=&filetype=csv&label=include&layout=seriescolumn&type=package,ok,2026-06-16 04:50:46.468385
USD,,2Y,2022-04-13,2.37,federal_reserve_h15,DGS2,https://www.federalreserve.gov/datadownload/Output.aspx?rel=H15&series=bf17364827e38702b42a58cf8eaa3f78&lastObs=&from=&to=&filetype=csv&label=include&layout=seriescolumn&type=package,ok,2026-06-16 04:50:46.468385
USD,,2Y,2022-04-14,2.47,federal_reserve_h15,DGS2,https://www.federalreserve.gov/datadownload/Output.aspx?rel=H15&series=bf17364827e38702b42a58cf8eaa3f78&lastObs=&from=&to=&filetype=csv&label=include&layout=seriescolumn&type=package,ok,2026-06-16 04:50:46.468385
USD,,2Y,2022-04-18,2.46,federal_reserve_h15,DGS2,https://www.federalreserve.gov/datadownload/Output.aspx?rel=H15&series=bf17364827e38702b42a58cf8eaa3f78&lastObs=&from=&to=&filetype=csv&label=include&layout=seriescolumn&type=package,ok,2026-06-16 04:50:46.468385
USD,,2Y,2022-04-19,2.61,federal_reserve_h15,DGS2,https://www.federalreserve.gov/datadownload/Output.aspx?rel=H15&series=bf17364827e38702b42a58cf8eaa3f78&lastObs=&from=&to=&filetype=csv&label=include&layout=seriescolumn&type=package,ok,2026-06-16 04:50:46.468385
USD,,2Y,2022-04-20,2.6,federal_reserve_h15,DGS2,https://www.federalreserve.gov/datadownload/Output.aspx?rel=H15&series=bf17364827e38702b42a58cf8eaa3f78&lastObs=&from=&to=&filetype=csv&label=include&layout=seriescolumn&type=package,ok,2026-06-16 04:50:46.468385
USD,,2Y,2022-04-21,2.68,federal_reserve_h15,DGS2,https://www.federalreserve.gov/datadownload/Output.aspx?rel=H15&series=bf17364827e38702b42a58cf8eaa3f78&lastObs=&from=&to=&filetype=csv&label=include&layout=seriescolumn&type=package,ok,2026-06-16 04:50:46.468385
USD,,2Y,2022-04-22,2.72,federal_reserve_h15,DGS2,https://www.federalreserve.gov/datadownload/Output.aspx?rel=H15&series=bf17364827e38702b42a58cf8eaa3f78&lastObs=&from=&to=&filetype=csv&label=include&layout=seriescolumn&type=package,ok,2026-06-16 04:50:46.468385
USD,,2Y,2022-04-25,2.63,federal_reserve_h15,DGS2,https://www.federalreserve.gov/datadownload/Output.aspx?rel=H15&series=bf17364827e38702b42a58cf8eaa3f78&lastObs=&from=&to=&filetype=csv&label=include&layout=seriescolumn&type=package,ok,2026-06-16 04:50:46.468385
USD,,2Y,2022-04-26,2.54,federal_reserve_h15,DGS2,https://www.federalreserve.gov/datadownload/Output.aspx?rel=H15&series=bf17364827e38702b42a58cf8eaa3f78&lastObs=&from=&to=&filetype=csv&label=include&layout=seriescolumn&type=package,ok,2026-06-16 04:50:46.468385
USD,,2Y,2022-04-27,2.58,federal_reserve_h15,DGS2,https://www.federalreserve.gov/datadownload/Output.aspx?rel=H15&series=bf17364827e38702b42a58cf8eaa3f78&lastObs=&from=&to=&filetype=csv&label=include&layout=seriescolumn&type=package,ok,2026-06-16 04:50:46.468385
USD,,2Y,2022-04-28,2.63,federal_reserve_h15,DGS2,https://www.federalreserve.gov/datadownload/Output.aspx?rel=H15&series=bf17364827e38702b42a58cf8eaa3f78&lastObs=&from=&to=&filetype=csv&label=include&layout=seriescolumn&type=package,ok,2026-06-16 04:50:46.468385
USD,,2Y,2022-04-29,2.7,federal_reserve_h15,DGS2,https://www.federalreserve.gov/datadownload/Output.aspx?rel=H15&series=bf17364827e38702b42a58cf8eaa3f78&lastObs=&from=&to=&filetype=csv&label=include&layout=seriescolumn&type=package,ok,2026-06-16 04:50:46.468385
USD,,2Y,2022-05-02,2.73,federal_reserve_h15,DGS2,https://www.federalreserve.gov/datadownload/Output.aspx?rel=H15&series=bf17364827e38702b42a58cf8eaa3f78&lastObs=&from=&to=&filetype=csv&label=include&layout=seriescolumn&type=package,ok,2026-06-16 04:50:46.468385
USD,,2Y,2022-05-03,2.78,federal_reserve_h15,DGS2,https://www.federalreserve.gov/datadownload/Output.aspx?rel=H15&series=bf17364827e38702b42a58cf8eaa3f78&lastObs=&from=&to=&filetype=csv&label=include&layout=seriescolumn&type=package,ok,2026-06-16 04:50:46.468385
USD,,2Y,2022-05-04,2.66,federal_reserve_h15,DGS2,https://www.federalreserve.gov/datadownload/Output.aspx?rel=H15&series=bf17364827e38702b42a58cf8eaa3f78&lastObs=&from=&to=&filetype=csv&label=include&layout=seriescolumn&type=package,ok,2026-06-16 04:50:46.468385
USD,,2Y,2022-05-05,2.71,federal_reserve_h15,DGS2,https://www.federalreserve.gov/datadownload/Output.aspx?rel=H15&series=bf17364827e38702b42a58cf8eaa3f78&lastObs=&from=&to=&filetype=csv&label=include&layout=seriescolumn&type=package,ok,2026-06-16 04:50:46.468385
USD,,2Y,2022-05-06,2.72,federal_reserve_h15,DGS2,https://www.federalreserve.gov/datadownload/Output.aspx?rel=H15&series=bf17364827e38702b42a58cf8eaa3f78&lastObs=&from=&to=&filetype=csv&label=include&layout=seriescolumn&type=package,ok,2026-06-16 04:50:46.468385
USD,,2Y,2022-05-09,2.61,federal_reserve_h15,DGS2,https://www.federalreserve.gov/datadownload/Output.aspx?rel=H15&series=bf17364827e38702b42a58cf8eaa3f78&lastObs=&from=&to=&filetype=csv&label=include&layout=seriescolumn&type=package,ok,2026-06-16 04:50:46.468385
USD,,2Y,2022-05-10,2.62,federal_reserve_h15,DGS2,https://www.federalreserve.gov/datadownload/Output.aspx?rel=H15&series=bf17364827e38702b42a58cf8eaa3f78&lastObs=&from=&to=&filetype=csv&label=include&layout=seriescolumn&type=package,ok,2026-06-16 04:50:46.468385
USD,,2Y,2022-05-11,2.66,federal_reserve_h15,DGS2,https://www.federalreserve.gov/datadownload/Output.aspx?rel=H15&series=bf17364827e38702b42a58cf8eaa3f78&lastObs=&from=&to=&filetype=csv&label=include&layout=seriescolumn&type=package,ok,2026-06-16 04:50:46.468385
USD,,2Y,2022-05-12,2.56,federal_reserve_h15,DGS2,https://www.federalreserve.gov/datadownload/Output.aspx?rel=H15&series=bf17364827e38702b42a58cf8eaa3f78&lastObs=&from=&to=&filetype=csv&label=include&layout=seriescolumn&type=package,ok,2026-06-16 04:50:46.468385
USD,,2Y,2022-05-13,2.61,federal_reserve_h15,DGS2,https://www.federalreserve.gov/datadownload/Output.aspx?rel=H15&series=bf17364827e38702b42a58cf8eaa3f78&lastObs=&from=&to=&filetype=csv&label=include&layout=seriescolumn&type=package,ok,2026-06-16 04:50:46.468385
USD,,2Y,2022-05-16,2.58,federal_reserve_h15,DGS2,https://www.federalreserve.gov/datadownload/Output.aspx?rel=H15&series=bf17364827e38702b42a58cf8eaa3f78&lastObs=&from=&to=&filetype=csv&label=include&layout=seriescolumn&type=package,ok,2026-06-16 04:50:46.468385
USD,,2Y,2022-05-17,2.71,federal_reserve_h15,DGS2,https://www.federalreserve.gov/datadownload/Output.aspx?rel=H15&series=bf17364827e38702b42a58cf8eaa3f78&lastObs=&from=&to=&filetype=csv&label=include&layout=seriescolumn&type=package,ok,2026-06-16 04:50:46.468385
USD,,2Y,2022-05-18,2.68,federal_reserve_h15,DGS2,https://www.federalreserve.gov/datadownload/Output.aspx?rel=H15&series=bf17364827e38702b42a58cf8eaa3f78&lastObs=&from=&to=&filetype=csv&label=include&layout=seriescolumn&type=package,ok,2026-06-16 04:50:46.468385
USD,,2Y,2022-05-19,2.63,federal_reserve_h15,DGS2,https://www.federalreserve.gov/datadownload/Output.aspx?rel=H15&series=bf17364827e38702b42a58cf8eaa3f78&lastObs=&from=&to=&filetype=csv&label=include&layout=seriescolumn&type=package,ok,2026-06-16 04:50:46.468385
USD,,2Y,2022-05-20,2.6,federal_reserve_h15,DGS2,https://www.federalreserve.gov/datadownload/Output.aspx?rel=H15&series=bf17364827e38702b42a58cf8eaa3f78&lastObs=&from=&to=&filetype=csv&label=include&layout=seriescolumn&type=package,ok,2026-06-16 04:50:46.468385
USD,,2Y,2022-05-23,2.65,federal_reserve_h15,DGS2,https://www.federalreserve.gov/datadownload/Output.aspx?rel=H15&series=bf17364827e38702b42a58cf8eaa3f78&lastObs=&from=&to=&filetype=csv&label=include&layout=seriescolumn&type=package,ok,2026-06-16 04:50:46.468385
USD,,2Y,2022-05-24,2.5,federal_reserve_h15,DGS2,https://www.federalreserve.gov/datadownload/Output.aspx?rel=H15&series=bf17364827e38702b42a58cf8eaa3f78&lastObs=&from=&to=&filetype=csv&label=include&layout=seriescolumn&type=package,ok,2026-06-16 04:50:46.468385
USD,,2Y,2022-05-25,2.48,federal_reserve_h15,DGS2,https://www.federalreserve.gov/datadownload/Output.aspx?rel=H15&series=bf17364827e38702b42a58cf8eaa3f78&lastObs=&from=&to=&filetype=csv&label=include&layout=seriescolumn&type=package,ok,2026-06-16 04:50:46.468385
USD,,2Y,2022-05-26,2.46,federal_reserve_h15,DGS2,https://www.federalreserve.gov/datadownload/Output.aspx?rel=H15&series=bf17364827e38702b42a58cf8eaa3f78&lastObs=&from=&to=&filetype=csv&label=include&layout=seriescolumn&type=package,ok,2026-06-16 04:50:46.468385
USD,,2Y,2022-05-27,2.47,federal_reserve_h15,DGS2,https://www.federalreserve.gov/datadownload/Output.aspx?rel=H15&series=bf17364827e38702b42a58cf8eaa3f78&lastObs=&from=&to=&filetype=csv&label=include&layout=seriescolumn&type=package,ok,2026-06-16 04:50:46.468385
USD,,2Y,2022-05-31,2.53,federal_reserve_h15,DGS2,https://www.federalreserve.gov/datadownload/Output.aspx?rel=H15&series=bf17364827e38702b42a58cf8eaa3f78&lastObs=&from=&to=&filetype=csv&label=include&layout=seriescolumn&type=package,ok,2026-06-16 04:50:46.468385
USD,,2Y,2022-06-01,2.66,federal_reserve_h15,DGS2,https://www.federalreserve.gov/datadownload/Output.aspx?rel=H15&series=bf17364827e38702b42a58cf8eaa3f78&lastObs=&from=&to=&filetype=csv&label=include&layout=seriescolumn&type=package,ok,2026-06-16 04:50:46.468385
USD,,2Y,2022-06-02,2.65,federal_reserve_h15,DGS2,https://www.federalreserve.gov/datadownload/Output.aspx?rel=H15&series=bf17364827e38702b42a58cf8eaa3f78&lastObs=&from=&to=&filetype=csv&label=include&layout=seriescolumn&type=package,ok,2026-06-16 04:50:46.468385
USD,,2Y,2022-06-03,2.66,federal_reserve_h15,DGS2,https://www.federalreserve.gov/datadownload/Output.aspx?rel=H15&series=bf17364827e38702b42a58cf8eaa3f78&lastObs=&from=&to=&filetype=csv&label=include&layout=seriescolumn&type=package,ok,2026-06-16 04:50:46.468385
USD,,2Y,2022-06-06,2.73,federal_reserve_h15,DGS2,https://www.federalreserve.gov/datadownload/Output.aspx?rel=H15&series=bf17364827e38702b42a58cf8eaa3f78&lastObs=&from=&to=&filetype=csv&label=include&layout=seriescolumn&type=package,ok,2026-06-16 04:50:46.468385
USD,,2Y,2022-06-07,2.75,federal_reserve_h15,DGS2,https://www.federalreserve.gov/datadownload/Output.aspx?rel=H15&series=bf17364827e38702b42a58cf8eaa3f78&lastObs=&from=&to=&filetype=csv&label=include&layout=seriescolumn&type=package,ok,2026-06-16 04:50:46.468385
USD,,2Y,2022-06-08,2.78,federal_reserve_h15,DGS2,https://www.federalreserve.gov/datadownload/Output.aspx?rel=H15&series=bf17364827e38702b42a58cf8eaa3f78&lastObs=&from=&to=&filetype=csv&label=include&layout=seriescolumn&type=package,ok,2026-06-16 04:50:46.468385
USD,,2Y,2022-06-09,2.83,federal_reserve_h15,DGS2,https://www.federalreserve.gov/datadownload/Output.aspx?rel=H15&series=bf17364827e38702b42a58cf8eaa3f78&lastObs=&from=&to=&filetype=csv&label=include&layout=seriescolumn&type=package,ok,2026-06-16 04:50:46.468385
USD,,2Y,2022-06-10,3.06,federal_reserve_h15,DGS2,https://www.federalreserve.gov/datadownload/Output.aspx?rel=H15&series=bf17364827e38702b42a58cf8eaa3f78&lastObs=&from=&to=&filetype=csv&label=include&layout=seriescolumn&type=package,ok,2026-06-16 04:50:46.468385
USD,,2Y,2022-06-13,3.4,federal_reserve_h15,DGS2,https://www.federalreserve.gov/datadownload/Output.aspx?rel=H15&series=bf17364827e38702b42a58cf8eaa3f78&lastObs=&from=&to=&filetype=csv&label=include&layout=seriescolumn&type=package,ok,2026-06-16 04:50:46.468385
USD,,2Y,2022-06-14,3.45,federal_reserve_h15,DGS2,https://www.federalreserve.gov/datadownload/Output.aspx?rel=H15&series=bf17364827e38702b42a58cf8eaa3f78&lastObs=&from=&to=&filetype=csv&label=include&layout=seriescolumn&type=package,ok,2026-06-16 04:50:46.468385
USD,,2Y,2022-06-15,3.2,federal_reserve_h15,DGS2,https://www.federalreserve.gov/datadownload/Output.aspx?rel=H15&series=bf17364827e38702b42a58cf8eaa3f78&lastObs=&from=&to=&filetype=csv&label=include&layout=seriescolumn&type=package,ok,2026-06-16 04:50:46.468385
USD,,2Y,2022-06-16,3.14,federal_reserve_h15,DGS2,https://www.federalreserve.gov/datadownload/Output.aspx?rel=H15&series=bf17364827e38702b42a58cf8eaa3f78&lastObs=&from=&to=&filetype=csv&label=include&layout=seriescolumn&type=package,ok,2026-06-16 04:50:46.468385
USD,,2Y,2022-06-17,3.17,federal_reserve_h15,DGS2,https://www.federalreserve.gov/datadownload/Output.aspx?rel=H15&series=bf17364827e38702b42a58cf8eaa3f78&lastObs=&from=&to=&filetype=csv&label=include&layout=seriescolumn&type=package,ok,2026-06-16 04:50:46.468385
USD,,2Y,2022-06-21,3.21,federal_reserve_h15,DGS2,https://www.federalreserve.gov/datadownload/Output.aspx?rel=H15&series=bf17364827e38702b42a58cf8eaa3f78&lastObs=&from=&to=&filetype=csv&label=include&layout=seriescolumn&type=package,ok,2026-06-16 04:50:46.468385
USD,,2Y,2022-06-22,3.06,federal_reserve_h15,DGS2,https://www.federalreserve.gov/datadownload/Output.aspx?rel=H15&series=bf17364827e38702b42a58cf8eaa3f78&lastObs=&from=&to=&filetype=csv&label=include&layout=seriescolumn&type=package,ok,2026-06-16 04:50:46.468385
USD,,2Y,2022-06-23,3.01,federal_reserve_h15,DGS2,https://www.federalreserve.gov/datadownload/Output.aspx?rel=H15&series=bf17364827e38702b42a58cf8eaa3f78&lastObs=&from=&to=&filetype=csv&label=include&layout=seriescolumn&type=package,ok,2026-06-16 04:50:46.468385
USD,,2Y,2022-06-24,3.04,federal_reserve_h15,DGS2,https://www.federalreserve.gov/datadownload/Output.aspx?rel=H15&series=bf17364827e38702b42a58cf8eaa3f78&lastObs=&from=&to=&filetype=csv&label=include&layout=seriescolumn&type=package,ok,2026-06-16 04:50:46.468385
USD,,2Y,2022-06-27,3.08,federal_reserve_h15,DGS2,https://www.federalreserve.gov/datadownload/Output.aspx?rel=H15&series=bf17364827e38702b42a58cf8eaa3f78&lastObs=&from=&to=&filetype=csv&label=include&layout=seriescolumn&type=package,ok,2026-06-16 04:50:46.468385
USD,,2Y,2022-06-28,3.1,federal_reserve_h15,DGS2,https://www.federalreserve.gov/datadownload/Output.aspx?rel=H15&series=bf17364827e38702b42a58cf8eaa3f78&lastObs=&from=&to=&filetype=csv&label=include&layout=seriescolumn&type=package,ok,2026-06-16 04:50:46.468385
USD,,2Y,2022-06-29,3.06,federal_reserve_h15,DGS2,https://www.federalreserve.gov/datadownload/Output.aspx?rel=H15&series=bf17364827e38702b42a58cf8eaa3f78&lastObs=&from=&to=&filetype=csv&label=include&layout=seriescolumn&type=package,ok,2026-06-16 04:50:46.468385
USD,,2Y,2022-06-30,2.92,federal_reserve_h15,DGS2,https://www.federalreserve.gov/datadownload/Output.aspx?rel=H15&series=bf17364827e38702b42a58cf8eaa3f78&lastObs=&from=&to=&filetype=csv&label=include&layout=seriescolumn&type=package,ok,2026-06-16 04:50:46.468385
USD,,2Y,2022-07-01,2.84,federal_reserve_h15,DGS2,https://www.federalreserve.gov/datadownload/Output.aspx?rel=H15&series=bf17364827e38702b42a58cf8eaa3f78&lastObs=&from=&to=&filetype=csv&label=include&layout=seriescolumn&type=package,ok,2026-06-16 04:50:46.468385
USD,,2Y,2022-07-05,2.82,federal_reserve_h15,DGS2,https://www.federalreserve.gov/datadownload/Output.aspx?rel=H15&series=bf17364827e38702b42a58cf8eaa3f78&lastObs=&from=&to=&filetype=csv&label=include&layout=seriescolumn&type=package,ok,2026-06-16 04:50:46.468385
USD,,2Y,2022-07-06,2.97,federal_reserve_h15,DGS2,https://www.federalreserve.gov/datadownload/Output.aspx?rel=H15&series=bf17364827e38702b42a58cf8eaa3f78&lastObs=&from=&to=&filetype=csv&label=include&layout=seriescolumn&type=package,ok,2026-06-16 04:50:46.468385
USD,,2Y,2022-07-07,3.03,federal_reserve_h15,DGS2,https://www.federalreserve.gov/datadownload/Output.aspx?rel=H15&series=bf17364827e38702b42a58cf8eaa3f78&lastObs=&from=&to=&filetype=csv&label=include&layout=seriescolumn&type=package,ok,2026-06-16 04:50:46.468385
USD,,2Y,2022-07-08,3.12,federal_reserve_h15,DGS2,https://www.federalreserve.gov/datadownload/Output.aspx?rel=H15&series=bf17364827e38702b42a58cf8eaa3f78&lastObs=&from=&to=&filetype=csv&label=include&layout=seriescolumn&type=package,ok,2026-06-16 04:50:46.468385
USD,,2Y,2022-07-11,3.07,federal_reserve_h15,DGS2,https://www.federalreserve.gov/datadownload/Output.aspx?rel=H15&series=bf17364827e38702b42a58cf8eaa3f78&lastObs=&from=&to=&filetype=csv&label=include&layout=seriescolumn&type=package,ok,2026-06-16 04:50:46.468385
USD,,2Y,2022-07-12,3.03,federal_reserve_h15,DGS2,https://www.federalreserve.gov/datadownload/Output.aspx?rel=H15&series=bf17364827e38702b42a58cf8eaa3f78&lastObs=&from=&to=&filetype=csv&label=include&layout=seriescolumn&type=package,ok,2026-06-16 04:50:46.468385
USD,,2Y,2022-07-13,3.13,federal_reserve_h15,DGS2,https://www.federalreserve.gov/datadownload/Output.aspx?rel=H15&series=bf17364827e38702b42a58cf8eaa3f78&lastObs=&from=&to=&filetype=csv&label=include&layout=seriescolumn&type=package,ok,2026-06-16 04:50:46.468385
USD,,2Y,2022-07-14,3.15,federal_reserve_h15,DGS2,https://www.federalreserve.gov/datadownload/Output.aspx?rel=H15&series=bf17364827e38702b42a58cf8eaa3f78&lastObs=&from=&to=&filetype=csv&label=include&layout=seriescolumn&type=package,ok,2026-06-16 04:50:46.468385
USD,,2Y,2022-07-15,3.13,federal_reserve_h15,DGS2,https://www.federalreserve.gov/datadownload/Output.aspx?rel=H15&series=bf17364827e38702b42a58cf8eaa3f78&lastObs=&from=&to=&filetype=csv&label=include&layout=seriescolumn&type=package,ok,2026-06-16 04:50:46.468385
USD,,2Y,2022-07-18,3.15,federal_reserve_h15,DGS2,https://www.federalreserve.gov/datadownload/Output.aspx?rel=H15&series=bf17364827e38702b42a58cf8eaa3f78&lastObs=&from=&to=&filetype=csv&label=include&layout=seriescolumn&type=package,ok,2026-06-16 04:50:46.468385
USD,,2Y,2022-07-19,3.23,federal_reserve_h15,DGS2,https://www.federalreserve.gov/datadownload/Output.aspx?rel=H15&series=bf17364827e38702b42a58cf8eaa3f78&lastObs=&from=&to=&filetype=csv&label=include&layout=seriescolumn&type=package,ok,2026-06-16 04:50:46.468385
USD,,2Y,2022-07-20,3.25,federal_reserve_h15,DGS2,https://www.federalreserve.gov/datadownload/Output.aspx?rel=H15&series=bf17364827e38702b42a58cf8eaa3f78&lastObs=&from=&to=&filetype=csv&label=include&layout=seriescolumn&type=package,ok,2026-06-16 04:50:46.468385
USD,,2Y,2022-07-21,3.1,federal_reserve_h15,DGS2,https://www.federalreserve.gov/datadownload/Output.aspx?rel=H15&series=bf17364827e38702b42a58cf8eaa3f78&lastObs=&from=&to=&filetype=csv&label=include&layout=seriescolumn&type=package,ok,2026-06-16 04:50:46.468385
USD,,2Y,2022-07-22,2.98,federal_reserve_h15,DGS2,https://www.federalreserve.gov/datadownload/Output.aspx?rel=H15&series=bf17364827e38702b42a58cf8eaa3f78&lastObs=&from=&to=&filetype=csv&label=include&layout=seriescolumn&type=package,ok,2026-06-16 04:50:46.468385
USD,,2Y,2022-07-25,3.0,federal_reserve_h15,DGS2,https://www.federalreserve.gov/datadownload/Output.aspx?rel=H15&series=bf17364827e38702b42a58cf8eaa3f78&lastObs=&from=&to=&filetype=csv&label=include&layout=seriescolumn&type=package,ok,2026-06-16 04:50:46.468385
USD,,2Y,2022-07-26,3.02,federal_reserve_h15,DGS2,https://www.federalreserve.gov/datadownload/Output.aspx?rel=H15&series=bf17364827e38702b42a58cf8eaa3f78&lastObs=&from=&to=&filetype=csv&label=include&layout=seriescolumn&type=package,ok,2026-06-16 04:50:46.468385
USD,,2Y,2022-07-27,2.96,federal_reserve_h15,DGS2,https://www.federalreserve.gov/datadownload/Output.aspx?rel=H15&series=bf17364827e38702b42a58cf8eaa3f78&lastObs=&from=&to=&filetype=csv&label=include&layout=seriescolumn&type=package,ok,2026-06-16 04:50:46.468385
USD,,2Y,2022-07-28,2.85,federal_reserve_h15,DGS2,https://www.federalreserve.gov/datadownload/Output.aspx?rel=H15&series=bf17364827e38702b42a58cf8eaa3f78&lastObs=&from=&to=&filetype=csv&label=include&layout=seriescolumn&type=package,ok,2026-06-16 04:50:46.468385
USD,,2Y,2022-07-29,2.89,federal_reserve_h15,DGS2,https://www.federalreserve.gov/datadownload/Output.aspx?rel=H15&series=bf17364827e38702b42a58cf8eaa3f78&lastObs=&from=&to=&filetype=csv&label=include&layout=seriescolumn&type=package,ok,2026-06-16 04:50:46.468385
USD,,2Y,2022-08-01,2.9,federal_reserve_h15,DGS2,https://www.federalreserve.gov/datadownload/Output.aspx?rel=H15&series=bf17364827e38702b42a58cf8eaa3f78&lastObs=&from=&to=&filetype=csv&label=include&layout=seriescolumn&type=package,ok,2026-06-16 04:50:46.468385
USD,,2Y,2022-08-02,3.06,federal_reserve_h15,DGS2,https://www.federalreserve.gov/datadownload/Output.aspx?rel=H15&series=bf17364827e38702b42a58cf8eaa3f78&lastObs=&from=&to=&filetype=csv&label=include&layout=seriescolumn&type=package,ok,2026-06-16 04:50:46.468385
USD,,2Y,2022-08-03,3.1,federal_reserve_h15,DGS2,https://www.federalreserve.gov/datadownload/Output.aspx?rel=H15&series=bf17364827e38702b42a58cf8eaa3f78&lastObs=&from=&to=&filetype=csv&label=include&layout=seriescolumn&type=package,ok,2026-06-16 04:50:46.468385
USD,,2Y,2022-08-04,3.03,federal_reserve_h15,DGS2,https://www.federalreserve.gov/datadownload/Output.aspx?rel=H15&series=bf17364827e38702b42a58cf8eaa3f78&lastObs=&from=&to=&filetype=csv&label=include&layout=seriescolumn&type=package,ok,2026-06-16 04:50:46.468385
USD,,2Y,2022-08-05,3.24,federal_reserve_h15,DGS2,https://www.federalreserve.gov/datadownload/Output.aspx?rel=H15&series=bf17364827e38702b42a58cf8eaa3f78&lastObs=&from=&to=&filetype=csv&label=include&layout=seriescolumn&type=package,ok,2026-06-16 04:50:46.468385
USD,,2Y,2022-08-08,3.21,federal_reserve_h15,DGS2,https://www.federalreserve.gov/datadownload/Output.aspx?rel=H15&series=bf17364827e38702b42a58cf8eaa3f78&lastObs=&from=&to=&filetype=csv&label=include&layout=seriescolumn&type=package,ok,2026-06-16 04:50:46.468385
USD,,2Y,2022-08-09,3.28,federal_reserve_h15,DGS2,https://www.federalreserve.gov/datadownload/Output.aspx?rel=H15&series=bf17364827e38702b42a58cf8eaa3f78&lastObs=&from=&to=&filetype=csv&label=include&layout=seriescolumn&type=package,ok,2026-06-16 04:50:46.468385
USD,,2Y,2022-08-10,3.23,federal_reserve_h15,DGS2,https://www.federalreserve.gov/datadownload/Output.aspx?rel=H15&series=bf17364827e38702b42a58cf8eaa3f78&lastObs=&from=&to=&filetype=csv&label=include&layout=seriescolumn&type=package,ok,2026-06-16 04:50:46.468385
USD,,2Y,2022-08-11,3.23,federal_reserve_h15,DGS2,https://www.federalreserve.gov/datadownload/Output.aspx?rel=H15&series=bf17364827e38702b42a58cf8eaa3f78&lastObs=&from=&to=&filetype=csv&label=include&layout=seriescolumn&type=package,ok,2026-06-16 04:50:46.468385
USD,,2Y,2022-08-12,3.25,federal_reserve_h15,DGS2,https://www.federalreserve.gov/datadownload/Output.aspx?rel=H15&series=bf17364827e38702b42a58cf8eaa3f78&lastObs=&from=&to=&filetype=csv&label=include&layout=seriescolumn&type=package,ok,2026-06-16 04:50:46.468385
USD,,2Y,2022-08-15,3.2,federal_reserve_h15,DGS2,https://www.federalreserve.gov/datadownload/Output.aspx?rel=H15&series=bf17364827e38702b42a58cf8eaa3f78&lastObs=&from=&to=&filetype=csv&label=include&layout=seriescolumn&type=package,ok,2026-06-16 04:50:46.468385
USD,,2Y,2022-08-16,3.25,federal_reserve_h15,DGS2,https://www.federalreserve.gov/datadownload/Output.aspx?rel=H15&series=bf17364827e38702b42a58cf8eaa3f78&lastObs=&from=&to=&filetype=csv&label=include&layout=seriescolumn&type=package,ok,2026-06-16 04:50:46.468385
USD,,2Y,2022-08-17,3.28,federal_reserve_h15,DGS2,https://www.federalreserve.gov/datadownload/Output.aspx?rel=H15&series=bf17364827e38702b42a58cf8eaa3f78&lastObs=&from=&to=&filetype=csv&label=include&layout=seriescolumn&type=package,ok,2026-06-16 04:50:46.468385
USD,,2Y,2022-08-18,3.22,federal_reserve_h15,DGS2,https://www.federalreserve.gov/datadownload/Output.aspx?rel=H15&series=bf17364827e38702b42a58cf8eaa3f78&lastObs=&from=&to=&filetype=csv&label=include&layout=seriescolumn&type=package,ok,2026-06-16 04:50:46.468385
USD,,2Y,2022-08-19,3.25,federal_reserve_h15,DGS2,https://www.federalreserve.gov/datadownload/Output.aspx?rel=H15&series=bf17364827e38702b42a58cf8eaa3f78&lastObs=&from=&to=&filetype=csv&label=include&layout=seriescolumn&type=package,ok,2026-06-16 04:50:46.468385
USD,,2Y,2022-08-22,3.32,federal_reserve_h15,DGS2,https://www.federalreserve.gov/datadownload/Output.aspx?rel=H15&series=bf17364827e38702b42a58cf8eaa3f78&lastObs=&from=&to=&filetype=csv&label=include&layout=seriescolumn&type=package,ok,2026-06-16 04:50:46.468385
USD,,2Y,2022-08-23,3.29,federal_reserve_h15,DGS2,https://www.federalreserve.gov/datadownload/Output.aspx?rel=H15&series=bf17364827e38702b42a58cf8eaa3f78&lastObs=&from=&to=&filetype=csv&label=include&layout=seriescolumn&type=package,ok,2026-06-16 04:50:46.468385
USD,,2Y,2022-08-24,3.36,federal_reserve_h15,DGS2,https://www.federalreserve.gov/datadownload/Output.aspx?rel=H15&series=bf17364827e38702b42a58cf8eaa3f78&lastObs=&from=&to=&filetype=csv&label=include&layout=seriescolumn&type=package,ok,2026-06-16 04:50:46.468385
USD,,2Y,2022-08-25,3.35,federal_reserve_h15,DGS2,https://www.federalreserve.gov/datadownload/Output.aspx?rel=H15&series=bf17364827e38702b42a58cf8eaa3f78&lastObs=&from=&to=&filetype=csv&label=include&layout=seriescolumn&type=package,ok,2026-06-16 04:50:46.468385
USD,,2Y,2022-08-26,3.37,federal_reserve_h15,DGS2,https://www.federalreserve.gov/datadownload/Output.aspx?rel=H15&series=bf17364827e38702b42a58cf8eaa3f78&lastObs=&from=&to=&filetype=csv&label=include&layout=seriescolumn&type=package,ok,2026-06-16 04:50:46.468385
USD,,2Y,2022-08-29,3.42,federal_reserve_h15,DGS2,https://www.federalreserve.gov/datadownload/Output.aspx?rel=H15&series=bf17364827e38702b42a58cf8eaa3f78&lastObs=&from=&to=&filetype=csv&label=include&layout=seriescolumn&type=package,ok,2026-06-16 04:50:46.468385
USD,,2Y,2022-08-30,3.46,federal_reserve_h15,DGS2,https://www.federalreserve.gov/datadownload/Output.aspx?rel=H15&series=bf17364827e38702b42a58cf8eaa3f78&lastObs=&from=&to=&filetype=csv&label=include&layout=seriescolumn&type=package,ok,2026-06-16 04:50:46.468385
USD,,2Y,2022-08-31,3.45,federal_reserve_h15,DGS2,https://www.federalreserve.gov/datadownload/Output.aspx?rel=H15&series=bf17364827e38702b42a58cf8eaa3f78&lastObs=&from=&to=&filetype=csv&label=include&layout=seriescolumn&type=package,ok,2026-06-16 04:50:46.468385
USD,,2Y,2022-09-01,3.51,federal_reserve_h15,DGS2,https://www.federalreserve.gov/datadownload/Output.aspx?rel=H15&series=bf17364827e38702b42a58cf8eaa3f78&lastObs=&from=&to=&filetype=csv&label=include&layout=seriescolumn&type=package,ok,2026-06-16 04:50:46.468385
USD,,2Y,2022-09-02,3.4,federal_reserve_h15,DGS2,https://www.federalreserve.gov/datadownload/Output.aspx?rel=H15&series=bf17364827e38702b42a58cf8eaa3f78&lastObs=&from=&to=&filetype=csv&label=include&layout=seriescolumn&type=package,ok,2026-06-16 04:50:46.468385
USD,,2Y,2022-09-06,3.5,federal_reserve_h15,DGS2,https://www.federalreserve.gov/datadownload/Output.aspx?rel=H15&series=bf17364827e38702b42a58cf8eaa3f78&lastObs=&from=&to=&filetype=csv&label=include&layout=seriescolumn&type=package,ok,2026-06-16 04:50:46.468385
USD,,2Y,2022-09-07,3.45,federal_reserve_h15,DGS2,https://www.federalreserve.gov/datadownload/Output.aspx?rel=H15&series=bf17364827e38702b42a58cf8eaa3f78&lastObs=&from=&to=&filetype=csv&label=include&layout=seriescolumn&type=package,ok,2026-06-16 04:50:46.468385
USD,,2Y,2022-09-08,3.48,federal_reserve_h15,DGS2,https://www.federalreserve.gov/datadownload/Output.aspx?rel=H15&series=bf17364827e38702b42a58cf8eaa3f78&lastObs=&from=&to=&filetype=csv&label=include&layout=seriescolumn&type=package,ok,2026-06-16 04:50:46.468385
USD,,2Y,2022-09-09,3.56,federal_reserve_h15,DGS2,https://www.federalreserve.gov/datadownload/Output.aspx?rel=H15&series=bf17364827e38702b42a58cf8eaa3f78&lastObs=&from=&to=&filetype=csv&label=include&layout=seriescolumn&type=package,ok,2026-06-16 04:50:46.468385
USD,,2Y,2022-09-12,3.58,federal_reserve_h15,DGS2,https://www.federalreserve.gov/datadownload/Output.aspx?rel=H15&series=bf17364827e38702b42a58cf8eaa3f78&lastObs=&from=&to=&filetype=csv&label=include&layout=seriescolumn&type=package,ok,2026-06-16 04:50:46.468385
USD,,2Y,2022-09-13,3.75,federal_reserve_h15,DGS2,https://www.federalreserve.gov/datadownload/Output.aspx?rel=H15&series=bf17364827e38702b42a58cf8eaa3f78&lastObs=&from=&to=&filetype=csv&label=include&layout=seriescolumn&type=package,ok,2026-06-16 04:50:46.468385
USD,,2Y,2022-09-14,3.78,federal_reserve_h15,DGS2,https://www.federalreserve.gov/datadownload/Output.aspx?rel=H15&series=bf17364827e38702b42a58cf8eaa3f78&lastObs=&from=&to=&filetype=csv&label=include&layout=seriescolumn&type=package,ok,2026-06-16 04:50:46.468385
USD,,2Y,2022-09-15,3.87,federal_reserve_h15,DGS2,https://www.federalreserve.gov/datadownload/Output.aspx?rel=H15&series=bf17364827e38702b42a58cf8eaa3f78&lastObs=&from=&to=&filetype=csv&label=include&layout=seriescolumn&type=package,ok,2026-06-16 04:50:46.468385
USD,,2Y,2022-09-16,3.85,federal_reserve_h15,DGS2,https://www.federalreserve.gov/datadownload/Output.aspx?rel=H15&series=bf17364827e38702b42a58cf8eaa3f78&lastObs=&from=&to=&filetype=csv&label=include&layout=seriescolumn&type=package,ok,2026-06-16 04:50:46.468385
USD,,2Y,2022-09-19,3.95,federal_reserve_h15,DGS2,https://www.federalreserve.gov/datadownload/Output.aspx?rel=H15&series=bf17364827e38702b42a58cf8eaa3f78&lastObs=&from=&to=&filetype=csv&label=include&layout=seriescolumn&type=package,ok,2026-06-16 04:50:46.468385
USD,,2Y,2022-09-20,3.96,federal_reserve_h15,DGS2,https://www.federalreserve.gov/datadownload/Output.aspx?rel=H15&series=bf17364827e38702b42a58cf8eaa3f78&lastObs=&from=&to=&filetype=csv&label=include&layout=seriescolumn&type=package,ok,2026-06-16 04:50:46.468385
USD,,2Y,2022-09-21,4.02,federal_reserve_h15,DGS2,https://www.federalreserve.gov/datadownload/Output.aspx?rel=H15&series=bf17364827e38702b42a58cf8eaa3f78&lastObs=&from=&to=&filetype=csv&label=include&layout=seriescolumn&type=package,ok,2026-06-16 04:50:46.468385
USD,,2Y,2022-09-22,4.11,federal_reserve_h15,DGS2,https://www.federalreserve.gov/datadownload/Output.aspx?rel=H15&series=bf17364827e38702b42a58cf8eaa3f78&lastObs=&from=&to=&filetype=csv&label=include&layout=seriescolumn&type=package,ok,2026-06-16 04:50:46.468385
USD,,2Y,2022-09-23,4.2,federal_reserve_h15,DGS2,https://www.federalreserve.gov/datadownload/Output.aspx?rel=H15&series=bf17364827e38702b42a58cf8eaa3f78&lastObs=&from=&to=&filetype=csv&label=include&layout=seriescolumn&type=package,ok,2026-06-16 04:50:46.468385
USD,,2Y,2022-09-26,4.27,federal_reserve_h15,DGS2,https://www.federalreserve.gov/datadownload/Output.aspx?rel=H15&series=bf17364827e38702b42a58cf8eaa3f78&lastObs=&from=&to=&filetype=csv&label=include&layout=seriescolumn&type=package,ok,2026-06-16 04:50:46.468385
USD,,2Y,2022-09-27,4.3,federal_reserve_h15,DGS2,https://www.federalreserve.gov/datadownload/Output.aspx?rel=H15&series=bf17364827e38702b42a58cf8eaa3f78&lastObs=&from=&to=&filetype=csv&label=include&layout=seriescolumn&type=package,ok,2026-06-16 04:50:46.468385
USD,,2Y,2022-09-28,4.07,federal_reserve_h15,DGS2,https://www.federalreserve.gov/datadownload/Output.aspx?rel=H15&series=bf17364827e38702b42a58cf8eaa3f78&lastObs=&from=&to=&filetype=csv&label=include&layout=seriescolumn&type=package,ok,2026-06-16 04:50:46.468385
USD,,2Y,2022-09-29,4.16,federal_reserve_h15,DGS2,https://www.federalreserve.gov/datadownload/Output.aspx?rel=H15&series=bf17364827e38702b42a58cf8eaa3f78&lastObs=&from=&to=&filetype=csv&label=include&layout=seriescolumn&type=package,ok,2026-06-16 04:50:46.468385
USD,,2Y,2022-09-30,4.22,federal_reserve_h15,DGS2,https://www.federalreserve.gov/datadownload/Output.aspx?rel=H15&series=bf17364827e38702b42a58cf8eaa3f78&lastObs=&from=&to=&filetype=csv&label=include&layout=seriescolumn&type=package,ok,2026-06-16 04:50:46.468385
USD,,2Y,2022-10-03,4.12,federal_reserve_h15,DGS2,https://www.federalreserve.gov/datadownload/Output.aspx?rel=H15&series=bf17364827e38702b42a58cf8eaa3f78&lastObs=&from=&to=&filetype=csv&label=include&layout=seriescolumn&type=package,ok,2026-06-16 04:50:46.468385
USD,,2Y,2022-10-04,4.1,federal_reserve_h15,DGS2,https://www.federalreserve.gov/datadownload/Output.aspx?rel=H15&series=bf17364827e38702b42a58cf8eaa3f78&lastObs=&from=&to=&filetype=csv&label=include&layout=seriescolumn&type=package,ok,2026-06-16 04:50:46.468385
USD,,2Y,2022-10-05,4.15,federal_reserve_h15,DGS2,https://www.federalreserve.gov/datadownload/Output.aspx?rel=H15&series=bf17364827e38702b42a58cf8eaa3f78&lastObs=&from=&to=&filetype=csv&label=include&layout=seriescolumn&type=package,ok,2026-06-16 04:50:46.468385
USD,,2Y,2022-10-06,4.23,federal_reserve_h15,DGS2,https://www.federalreserve.gov/datadownload/Output.aspx?rel=H15&series=bf17364827e38702b42a58cf8eaa3f78&lastObs=&from=&to=&filetype=csv&label=include&layout=seriescolumn&type=package,ok,2026-06-16 04:50:46.468385
USD,,2Y,2022-10-07,4.3,federal_reserve_h15,DGS2,https://www.federalreserve.gov/datadownload/Output.aspx?rel=H15&series=bf17364827e38702b42a58cf8eaa3f78&lastObs=&from=&to=&filetype=csv&label=include&layout=seriescolumn&type=package,ok,2026-06-16 04:50:46.468385
USD,,2Y,2022-10-11,4.3,federal_reserve_h15,DGS2,https://www.federalreserve.gov/datadownload/Output.aspx?rel=H15&series=bf17364827e38702b42a58cf8eaa3f78&lastObs=&from=&to=&filetype=csv&label=include&layout=seriescolumn&type=package,ok,2026-06-16 04:50:46.468385
USD,,2Y,2022-10-12,4.28,federal_reserve_h15,DGS2,https://www.federalreserve.gov/datadownload/Output.aspx?rel=H15&series=bf17364827e38702b42a58cf8eaa3f78&lastObs=&from=&to=&filetype=csv&label=include&layout=seriescolumn&type=package,ok,2026-06-16 04:50:46.468385
USD,,2Y,2022-10-13,4.47,federal_reserve_h15,DGS2,https://www.federalreserve.gov/datadownload/Output.aspx?rel=H15&series=bf17364827e38702b42a58cf8eaa3f78&lastObs=&from=&to=&filetype=csv&label=include&layout=seriescolumn&type=package,ok,2026-06-16 04:50:46.468385
USD,,2Y,2022-10-14,4.48,federal_reserve_h15,DGS2,https://www.federalreserve.gov/datadownload/Output.aspx?rel=H15&series=bf17364827e38702b42a58cf8eaa3f78&lastObs=&from=&to=&filetype=csv&label=include&layout=seriescolumn&type=package,ok,2026-06-16 04:50:46.468385
USD,,2Y,2022-10-17,4.45,federal_reserve_h15,DGS2,https://www.federalreserve.gov/datadownload/Output.aspx?rel=H15&series=bf17364827e38702b42a58cf8eaa3f78&lastObs=&from=&to=&filetype=csv&label=include&layout=seriescolumn&type=package,ok,2026-06-16 04:50:46.468385
USD,,2Y,2022-10-18,4.43,federal_reserve_h15,DGS2,https://www.federalreserve.gov/datadownload/Output.aspx?rel=H15&series=bf17364827e38702b42a58cf8eaa3f78&lastObs=&from=&to=&filetype=csv&label=include&layout=seriescolumn&type=package,ok,2026-06-16 04:50:46.468385
USD,,2Y,2022-10-19,4.55,federal_reserve_h15,DGS2,https://www.federalreserve.gov/datadownload/Output.aspx?rel=H15&series=bf17364827e38702b42a58cf8eaa3f78&lastObs=&from=&to=&filetype=csv&label=include&layout=seriescolumn&type=package,ok,2026-06-16 04:50:46.468385
USD,,2Y,2022-10-20,4.62,federal_reserve_h15,DGS2,https://www.federalreserve.gov/datadownload/Output.aspx?rel=H15&series=bf17364827e38702b42a58cf8eaa3f78&lastObs=&from=&to=&filetype=csv&label=include&layout=seriescolumn&type=package,ok,2026-06-16 04:50:46.468385
USD,,2Y,2022-10-21,4.49,federal_reserve_h15,DGS2,https://www.federalreserve.gov/datadownload/Output.aspx?rel=H15&series=bf17364827e38702b42a58cf8eaa3f78&lastObs=&from=&to=&filetype=csv&label=include&layout=seriescolumn&type=package,ok,2026-06-16 04:50:46.468385
USD,,2Y,2022-10-24,4.5,federal_reserve_h15,DGS2,https://www.federalreserve.gov/datadownload/Output.aspx?rel=H15&series=bf17364827e38702b42a58cf8eaa3f78&lastObs=&from=&to=&filetype=csv&label=include&layout=seriescolumn&type=package,ok,2026-06-16 04:50:46.468385
USD,,2Y,2022-10-25,4.42,federal_reserve_h15,DGS2,https://www.federalreserve.gov/datadownload/Output.aspx?rel=H15&series=bf17364827e38702b42a58cf8eaa3f78&lastObs=&from=&to=&filetype=csv&label=include&layout=seriescolumn&type=package,ok,2026-06-16 04:50:46.468385
USD,,2Y,2022-10-26,4.39,federal_reserve_h15,DGS2,https://www.federalreserve.gov/datadownload/Output.aspx?rel=H15&series=bf17364827e38702b42a58cf8eaa3f78&lastObs=&from=&to=&filetype=csv&label=include&layout=seriescolumn&type=package,ok,2026-06-16 04:50:46.468385
USD,,2Y,2022-10-27,4.3,federal_reserve_h15,DGS2,https://www.federalreserve.gov/datadownload/Output.aspx?rel=H15&series=bf17364827e38702b42a58cf8eaa3f78&lastObs=&from=&to=&filetype=csv&label=include&layout=seriescolumn&type=package,ok,2026-06-16 04:50:46.468385
USD,,2Y,2022-10-28,4.41,federal_reserve_h15,DGS2,https://www.federalreserve.gov/datadownload/Output.aspx?rel=H15&series=bf17364827e38702b42a58cf8eaa3f78&lastObs=&from=&to=&filetype=csv&label=include&layout=seriescolumn&type=package,ok,2026-06-16 04:50:46.468385
USD,,2Y,2022-10-31,4.51,federal_reserve_h15,DGS2,https://www.federalreserve.gov/datadownload/Output.aspx?rel=H15&series=bf17364827e38702b42a58cf8eaa3f78&lastObs=&from=&to=&filetype=csv&label=include&layout=seriescolumn&type=package,ok,2026-06-16 04:50:46.468385
USD,,2Y,2022-11-01,4.54,federal_reserve_h15,DGS2,https://www.federalreserve.gov/datadownload/Output.aspx?rel=H15&series=bf17364827e38702b42a58cf8eaa3f78&lastObs=&from=&to=&filetype=csv&label=include&layout=seriescolumn&type=package,ok,2026-06-16 04:50:46.468385
USD,,2Y,2022-11-02,4.61,federal_reserve_h15,DGS2,https://www.federalreserve.gov/datadownload/Output.aspx?rel=H15&series=bf17364827e38702b42a58cf8eaa3f78&lastObs=&from=&to=&filetype=csv&label=include&layout=seriescolumn&type=package,ok,2026-06-16 04:50:46.468385
USD,,2Y,2022-11-03,4.71,federal_reserve_h15,DGS2,https://www.federalreserve.gov/datadownload/Output.aspx?rel=H15&series=bf17364827e38702b42a58cf8eaa3f78&lastObs=&from=&to=&filetype=csv&label=include&layout=seriescolumn&type=package,ok,2026-06-16 04:50:46.468385
USD,,2Y,2022-11-04,4.66,federal_reserve_h15,DGS2,https://www.federalreserve.gov/datadownload/Output.aspx?rel=H15&series=bf17364827e38702b42a58cf8eaa3f78&lastObs=&from=&to=&filetype=csv&label=include&layout=seriescolumn&type=package,ok,2026-06-16 04:50:46.468385
USD,,2Y,2022-11-07,4.72,federal_reserve_h15,DGS2,https://www.federalreserve.gov/datadownload/Output.aspx?rel=H15&series=bf17364827e38702b42a58cf8eaa3f78&lastObs=&from=&to=&filetype=csv&label=include&layout=seriescolumn&type=package,ok,2026-06-16 04:50:46.468385
USD,,2Y,2022-11-08,4.67,federal_reserve_h15,DGS2,https://www.federalreserve.gov/datadownload/Output.aspx?rel=H15&series=bf17364827e38702b42a58cf8eaa3f78&lastObs=&from=&to=&filetype=csv&label=include&layout=seriescolumn&type=package,ok,2026-06-16 04:50:46.468385
USD,,2Y,2022-11-09,4.61,federal_reserve_h15,DGS2,https://www.federalreserve.gov/datadownload/Output.aspx?rel=H15&series=bf17364827e38702b42a58cf8eaa3f78&lastObs=&from=&to=&filetype=csv&label=include&layout=seriescolumn&type=package,ok,2026-06-16 04:50:46.468385
USD,,2Y,2022-11-10,4.34,federal_reserve_h15,DGS2,https://www.federalreserve.gov/datadownload/Output.aspx?rel=H15&series=bf17364827e38702b42a58cf8eaa3f78&lastObs=&from=&to=&filetype=csv&label=include&layout=seriescolumn&type=package,ok,2026-06-16 04:50:46.468385
USD,,2Y,2022-11-14,4.4,federal_reserve_h15,DGS2,https://www.federalreserve.gov/datadownload/Output.aspx?rel=H15&series=bf17364827e38702b42a58cf8eaa3f78&lastObs=&from=&to=&filetype=csv&label=include&layout=seriescolumn&type=package,ok,2026-06-16 04:50:46.468385
USD,,2Y,2022-11-15,4.37,federal_reserve_h15,DGS2,https://www.federalreserve.gov/datadownload/Output.aspx?rel=H15&series=bf17364827e38702b42a58cf8eaa3f78&lastObs=&from=&to=&filetype=csv&label=include&layout=seriescolumn&type=package,ok,2026-06-16 04:50:46.468385
USD,,2Y,2022-11-16,4.35,federal_reserve_h15,DGS2,https://www.federalreserve.gov/datadownload/Output.aspx?rel=H15&series=bf17364827e38702b42a58cf8eaa3f78&lastObs=&from=&to=&filetype=csv&label=include&layout=seriescolumn&type=package,ok,2026-06-16 04:50:46.468385
USD,,2Y,2022-11-17,4.43,federal_reserve_h15,DGS2,https://www.federalreserve.gov/datadownload/Output.aspx?rel=H15&series=bf17364827e38702b42a58cf8eaa3f78&lastObs=&from=&to=&filetype=csv&label=include&layout=seriescolumn&type=package,ok,2026-06-16 04:50:46.468385
USD,,2Y,2022-11-18,4.51,federal_reserve_h15,DGS2,https://www.federalreserve.gov/datadownload/Output.aspx?rel=H15&series=bf17364827e38702b42a58cf8eaa3f78&lastObs=&from=&to=&filetype=csv&label=include&layout=seriescolumn&type=package,ok,2026-06-16 04:50:46.468385
USD,,2Y,2022-11-21,4.48,federal_reserve_h15,DGS2,https://www.federalreserve.gov/datadownload/Output.aspx?rel=H15&series=bf17364827e38702b42a58cf8eaa3f78&lastObs=&from=&to=&filetype=csv&label=include&layout=seriescolumn&type=package,ok,2026-06-16 04:50:46.468385
USD,,2Y,2022-11-22,4.47,federal_reserve_h15,DGS2,https://www.federalreserve.gov/datadownload/Output.aspx?rel=H15&series=bf17364827e38702b42a58cf8eaa3f78&lastObs=&from=&to=&filetype=csv&label=include&layout=seriescolumn&type=package,ok,2026-06-16 04:50:46.468385
USD,,2Y,2022-11-23,4.46,federal_reserve_h15,DGS2,https://www.federalreserve.gov/datadownload/Output.aspx?rel=H15&series=bf17364827e38702b42a58cf8eaa3f78&lastObs=&from=&to=&filetype=csv&label=include&layout=seriescolumn&type=package,ok,2026-06-16 04:50:46.468385
USD,,2Y,2022-11-25,4.42,federal_reserve_h15,DGS2,https://www.federalreserve.gov/datadownload/Output.aspx?rel=H15&series=bf17364827e38702b42a58cf8eaa3f78&lastObs=&from=&to=&filetype=csv&label=include&layout=seriescolumn&type=package,ok,2026-06-16 04:50:46.468385
USD,,2Y,2022-11-28,4.46,federal_reserve_h15,DGS2,https://www.federalreserve.gov/datadownload/Output.aspx?rel=H15&series=bf17364827e38702b42a58cf8eaa3f78&lastObs=&from=&to=&filetype=csv&label=include&layout=seriescolumn&type=package,ok,2026-06-16 04:50:46.468385
USD,,2Y,2022-11-29,4.48,federal_reserve_h15,DGS2,https://www.federalreserve.gov/datadownload/Output.aspx?rel=H15&series=bf17364827e38702b42a58cf8eaa3f78&lastObs=&from=&to=&filetype=csv&label=include&layout=seriescolumn&type=package,ok,2026-06-16 04:50:46.468385
USD,,2Y,2022-11-30,4.38,federal_reserve_h15,DGS2,https://www.federalreserve.gov/datadownload/Output.aspx?rel=H15&series=bf17364827e38702b42a58cf8eaa3f78&lastObs=&from=&to=&filetype=csv&label=include&layout=seriescolumn&type=package,ok,2026-06-16 04:50:46.468385
USD,,2Y,2022-12-01,4.25,federal_reserve_h15,DGS2,https://www.federalreserve.gov/datadownload/Output.aspx?rel=H15&series=bf17364827e38702b42a58cf8eaa3f78&lastObs=&from=&to=&filetype=csv&label=include&layout=seriescolumn&type=package,ok,2026-06-16 04:50:46.468385
USD,,2Y,2022-12-02,4.28,federal_reserve_h15,DGS2,https://www.federalreserve.gov/datadownload/Output.aspx?rel=H15&series=bf17364827e38702b42a58cf8eaa3f78&lastObs=&from=&to=&filetype=csv&label=include&layout=seriescolumn&type=package,ok,2026-06-16 04:50:46.468385
USD,,2Y,2022-12-05,4.41,federal_reserve_h15,DGS2,https://www.federalreserve.gov/datadownload/Output.aspx?rel=H15&series=bf17364827e38702b42a58cf8eaa3f78&lastObs=&from=&to=&filetype=csv&label=include&layout=seriescolumn&type=package,ok,2026-06-16 04:50:46.468385
USD,,2Y,2022-12-06,4.34,federal_reserve_h15,DGS2,https://www.federalreserve.gov/datadownload/Output.aspx?rel=H15&series=bf17364827e38702b42a58cf8eaa3f78&lastObs=&from=&to=&filetype=csv&label=include&layout=seriescolumn&type=package,ok,2026-06-16 04:50:46.468385
USD,,2Y,2022-12-07,4.26,federal_reserve_h15,DGS2,https://www.federalreserve.gov/datadownload/Output.aspx?rel=H15&series=bf17364827e38702b42a58cf8eaa3f78&lastObs=&from=&to=&filetype=csv&label=include&layout=seriescolumn&type=package,ok,2026-06-16 04:50:46.468385
USD,,2Y,2022-12-08,4.31,federal_reserve_h15,DGS2,https://www.federalreserve.gov/datadownload/Output.aspx?rel=H15&series=bf17364827e38702b42a58cf8eaa3f78&lastObs=&from=&to=&filetype=csv&label=include&layout=seriescolumn&type=package,ok,2026-06-16 04:50:46.468385
USD,,2Y,2022-12-09,4.33,federal_reserve_h15,DGS2,https://www.federalreserve.gov/datadownload/Output.aspx?rel=H15&series=bf17364827e38702b42a58cf8eaa3f78&lastObs=&from=&to=&filetype=csv&label=include&layout=seriescolumn&type=package,ok,2026-06-16 04:50:46.468385
USD,,2Y,2022-12-12,4.39,federal_reserve_h15,DGS2,https://www.federalreserve.gov/datadownload/Output.aspx?rel=H15&series=bf17364827e38702b42a58cf8eaa3f78&lastObs=&from=&to=&filetype=csv&label=include&layout=seriescolumn&type=package,ok,2026-06-16 04:50:46.468385
USD,,2Y,2022-12-13,4.22,federal_reserve_h15,DGS2,https://www.federalreserve.gov/datadownload/Output.aspx?rel=H15&series=bf17364827e38702b42a58cf8eaa3f78&lastObs=&from=&to=&filetype=csv&label=include&layout=seriescolumn&type=package,ok,2026-06-16 04:50:46.468385
USD,,2Y,2022-12-14,4.23,federal_reserve_h15,DGS2,https://www.federalreserve.gov/datadownload/Output.aspx?rel=H15&series=bf17364827e38702b42a58cf8eaa3f78&lastObs=&from=&to=&filetype=csv&label=include&layout=seriescolumn&type=package,ok,2026-06-16 04:50:46.468385
USD,,2Y,2022-12-15,4.23,federal_reserve_h15,DGS2,https://www.federalreserve.gov/datadownload/Output.aspx?rel=H15&series=bf17364827e38702b42a58cf8eaa3f78&lastObs=&from=&to=&filetype=csv&label=include&layout=seriescolumn&type=package,ok,2026-06-16 04:50:46.468385
USD,,2Y,2022-12-16,4.17,federal_reserve_h15,DGS2,https://www.federalreserve.gov/datadownload/Output.aspx?rel=H15&series=bf17364827e38702b42a58cf8eaa3f78&lastObs=&from=&to=&filetype=csv&label=include&layout=seriescolumn&type=package,ok,2026-06-16 04:50:46.468385
USD,,2Y,2022-12-19,4.25,federal_reserve_h15,DGS2,https://www.federalreserve.gov/datadownload/Output.aspx?rel=H15&series=bf17364827e38702b42a58cf8eaa3f78&lastObs=&from=&to=&filetype=csv&label=include&layout=seriescolumn&type=package,ok,2026-06-16 04:50:46.468385
USD,,2Y,2022-12-20,4.25,federal_reserve_h15,DGS2,https://www.federalreserve.gov/datadownload/Output.aspx?rel=H15&series=bf17364827e38702b42a58cf8eaa3f78&lastObs=&from=&to=&filetype=csv&label=include&layout=seriescolumn&type=package,ok,2026-06-16 04:50:46.468385
USD,,2Y,2022-12-21,4.21,federal_reserve_h15,DGS2,https://www.federalreserve.gov/datadownload/Output.aspx?rel=H15&series=bf17364827e38702b42a58cf8eaa3f78&lastObs=&from=&to=&filetype=csv&label=include&layout=seriescolumn&type=package,ok,2026-06-16 04:50:46.468385
USD,,2Y,2022-12-22,4.24,federal_reserve_h15,DGS2,https://www.federalreserve.gov/datadownload/Output.aspx?rel=H15&series=bf17364827e38702b42a58cf8eaa3f78&lastObs=&from=&to=&filetype=csv&label=include&layout=seriescolumn&type=package,ok,2026-06-16 04:50:46.468385
USD,,2Y,2022-12-23,4.31,federal_reserve_h15,DGS2,https://www.federalreserve.gov/datadownload/Output.aspx?rel=H15&series=bf17364827e38702b42a58cf8eaa3f78&lastObs=&from=&to=&filetype=csv&label=include&layout=seriescolumn&type=package,ok,2026-06-16 04:50:46.468385
USD,,2Y,2022-12-27,4.32,federal_reserve_h15,DGS2,https://www.federalreserve.gov/datadownload/Output.aspx?rel=H15&series=bf17364827e38702b42a58cf8eaa3f78&lastObs=&from=&to=&filetype=csv&label=include&layout=seriescolumn&type=package,ok,2026-06-16 04:50:46.468385
USD,,2Y,2022-12-28,4.31,federal_reserve_h15,DGS2,https://www.federalreserve.gov/datadownload/Output.aspx?rel=H15&series=bf17364827e38702b42a58cf8eaa3f78&lastObs=&from=&to=&filetype=csv&label=include&layout=seriescolumn&type=package,ok,2026-06-16 04:50:46.468385
USD,,2Y,2022-12-29,4.34,federal_reserve_h15,DGS2,https://www.federalreserve.gov/datadownload/Output.aspx?rel=H15&series=bf17364827e38702b42a58cf8eaa3f78&lastObs=&from=&to=&filetype=csv&label=include&layout=seriescolumn&type=package,ok,2026-06-16 04:50:46.468385
USD,,2Y,2022-12-30,4.41,federal_reserve_h15,DGS2,https://www.federalreserve.gov/datadownload/Output.aspx?rel=H15&series=bf17364827e38702b42a58cf8eaa3f78&lastObs=&from=&to=&filetype=csv&label=include&layout=seriescolumn&type=package,ok,2026-06-16 04:50:46.468385
USD,,2Y,2023-01-03,4.4,federal_reserve_h15,DGS2,https://www.federalreserve.gov/datadownload/Output.aspx?rel=H15&series=bf17364827e38702b42a58cf8eaa3f78&lastObs=&from=&to=&filetype=csv&label=include&layout=seriescolumn&type=package,ok,2026-06-16 04:50:46.468385
USD,,2Y,2023-01-04,4.36,federal_reserve_h15,DGS2,https://www.federalreserve.gov/datadownload/Output.aspx?rel=H15&series=bf17364827e38702b42a58cf8eaa3f78&lastObs=&from=&to=&filetype=csv&label=include&layout=seriescolumn&type=package,ok,2026-06-16 04:50:46.468385
USD,,2Y,2023-01-05,4.45,federal_reserve_h15,DGS2,https://www.federalreserve.gov/datadownload/Output.aspx?rel=H15&series=bf17364827e38702b42a58cf8eaa3f78&lastObs=&from=&to=&filetype=csv&label=include&layout=seriescolumn&type=package,ok,2026-06-16 04:50:46.468385
USD,,2Y,2023-01-06,4.24,federal_reserve_h15,DGS2,https://www.federalreserve.gov/datadownload/Output.aspx?rel=H15&series=bf17364827e38702b42a58cf8eaa3f78&lastObs=&from=&to=&filetype=csv&label=include&layout=seriescolumn&type=package,ok,2026-06-16 04:50:46.468385
USD,,2Y,2023-01-09,4.19,federal_reserve_h15,DGS2,https://www.federalreserve.gov/datadownload/Output.aspx?rel=H15&series=bf17364827e38702b42a58cf8eaa3f78&lastObs=&from=&to=&filetype=csv&label=include&layout=seriescolumn&type=package,ok,2026-06-16 04:50:46.468385
USD,,2Y,2023-01-10,4.24,federal_reserve_h15,DGS2,https://www.federalreserve.gov/datadownload/Output.aspx?rel=H15&series=bf17364827e38702b42a58cf8eaa3f78&lastObs=&from=&to=&filetype=csv&label=include&layout=seriescolumn&type=package,ok,2026-06-16 04:50:46.468385
USD,,2Y,2023-01-11,4.2,federal_reserve_h15,DGS2,https://www.federalreserve.gov/datadownload/Output.aspx?rel=H15&series=bf17364827e38702b42a58cf8eaa3f78&lastObs=&from=&to=&filetype=csv&label=include&layout=seriescolumn&type=package,ok,2026-06-16 04:50:46.468385
USD,,2Y,2023-01-12,4.12,federal_reserve_h15,DGS2,https://www.federalreserve.gov/datadownload/Output.aspx?rel=H15&series=bf17364827e38702b42a58cf8eaa3f78&lastObs=&from=&to=&filetype=csv&label=include&layout=seriescolumn&type=package,ok,2026-06-16 04:50:46.468385
USD,,2Y,2023-01-13,4.22,federal_reserve_h15,DGS2,https://www.federalreserve.gov/datadownload/Output.aspx?rel=H15&series=bf17364827e38702b42a58cf8eaa3f78&lastObs=&from=&to=&filetype=csv&label=include&layout=seriescolumn&type=package,ok,2026-06-16 04:50:46.468385
USD,,2Y,2023-01-17,4.18,federal_reserve_h15,DGS2,https://www.federalreserve.gov/datadownload/Output.aspx?rel=H15&series=bf17364827e38702b42a58cf8eaa3f78&lastObs=&from=&to=&filetype=csv&label=include&layout=seriescolumn&type=package,ok,2026-06-16 04:50:46.468385
USD,,2Y,2023-01-18,4.06,federal_reserve_h15,DGS2,https://www.federalreserve.gov/datadownload/Output.aspx?rel=H15&series=bf17364827e38702b42a58cf8eaa3f78&lastObs=&from=&to=&filetype=csv&label=include&layout=seriescolumn&type=package,ok,2026-06-16 04:50:46.468385
USD,,2Y,2023-01-19,4.09,federal_reserve_h15,DGS2,https://www.federalreserve.gov/datadownload/Output.aspx?rel=H15&series=bf17364827e38702b42a58cf8eaa3f78&lastObs=&from=&to=&filetype=csv&label=include&layout=seriescolumn&type=package,ok,2026-06-16 04:50:46.468385
USD,,2Y,2023-01-20,4.14,federal_reserve_h15,DGS2,https://www.federalreserve.gov/datadownload/Output.aspx?rel=H15&series=bf17364827e38702b42a58cf8eaa3f78&lastObs=&from=&to=&filetype=csv&label=include&layout=seriescolumn&type=package,ok,2026-06-16 04:50:46.468385
USD,,2Y,2023-01-23,4.21,federal_reserve_h15,DGS2,https://www.federalreserve.gov/datadownload/Output.aspx?rel=H15&series=bf17364827e38702b42a58cf8eaa3f78&lastObs=&from=&to=&filetype=csv&label=include&layout=seriescolumn&type=package,ok,2026-06-16 04:50:46.468385
USD,,2Y,2023-01-24,4.12,federal_reserve_h15,DGS2,https://www.federalreserve.gov/datadownload/Output.aspx?rel=H15&series=bf17364827e38702b42a58cf8eaa3f78&lastObs=&from=&to=&filetype=csv&label=include&layout=seriescolumn&type=package,ok,2026-06-16 04:50:46.468385
USD,,2Y,2023-01-25,4.11,federal_reserve_h15,DGS2,https://www.federalreserve.gov/datadownload/Output.aspx?rel=H15&series=bf17364827e38702b42a58cf8eaa3f78&lastObs=&from=&to=&filetype=csv&label=include&layout=seriescolumn&type=package,ok,2026-06-16 04:50:46.468385
USD,,2Y,2023-01-26,4.17,federal_reserve_h15,DGS2,https://www.federalreserve.gov/datadownload/Output.aspx?rel=H15&series=bf17364827e38702b42a58cf8eaa3f78&lastObs=&from=&to=&filetype=csv&label=include&layout=seriescolumn&type=package,ok,2026-06-16 04:50:46.468385
USD,,2Y,2023-01-27,4.19,federal_reserve_h15,DGS2,https://www.federalreserve.gov/datadownload/Output.aspx?rel=H15&series=bf17364827e38702b42a58cf8eaa3f78&lastObs=&from=&to=&filetype=csv&label=include&layout=seriescolumn&type=package,ok,2026-06-16 04:50:46.468385
USD,,2Y,2023-01-30,4.25,federal_reserve_h15,DGS2,https://www.federalreserve.gov/datadownload/Output.aspx?rel=H15&series=bf17364827e38702b42a58cf8eaa3f78&lastObs=&from=&to=&filetype=csv&label=include&layout=seriescolumn&type=package,ok,2026-06-16 04:50:46.468385
USD,,2Y,2023-01-31,4.21,federal_reserve_h15,DGS2,https://www.federalreserve.gov/datadownload/Output.aspx?rel=H15&series=bf17364827e38702b42a58cf8eaa3f78&lastObs=&from=&to=&filetype=csv&label=include&layout=seriescolumn&type=package,ok,2026-06-16 04:50:46.468385
USD,,2Y,2023-02-01,4.09,federal_reserve_h15,DGS2,https://www.federalreserve.gov/datadownload/Output.aspx?rel=H15&series=bf17364827e38702b42a58cf8eaa3f78&lastObs=&from=&to=&filetype=csv&label=include&layout=seriescolumn&type=package,ok,2026-06-16 04:50:46.468385
USD,,2Y,2023-02-02,4.09,federal_reserve_h15,DGS2,https://www.federalreserve.gov/datadownload/Output.aspx?rel=H15&series=bf17364827e38702b42a58cf8eaa3f78&lastObs=&from=&to=&filetype=csv&label=include&layout=seriescolumn&type=package,ok,2026-06-16 04:50:46.468385
USD,,2Y,2023-02-03,4.3,federal_reserve_h15,DGS2,https://www.federalreserve.gov/datadownload/Output.aspx?rel=H15&series=bf17364827e38702b42a58cf8eaa3f78&lastObs=&from=&to=&filetype=csv&label=include&layout=seriescolumn&type=package,ok,2026-06-16 04:50:46.468385
USD,,2Y,2023-02-06,4.44,federal_reserve_h15,DGS2,https://www.federalreserve.gov/datadownload/Output.aspx?rel=H15&series=bf17364827e38702b42a58cf8eaa3f78&lastObs=&from=&to=&filetype=csv&label=include&layout=seriescolumn&type=package,ok,2026-06-16 04:50:46.468385
USD,,2Y,2023-02-07,4.47,federal_reserve_h15,DGS2,https://www.federalreserve.gov/datadownload/Output.aspx?rel=H15&series=bf17364827e38702b42a58cf8eaa3f78&lastObs=&from=&to=&filetype=csv&label=include&layout=seriescolumn&type=package,ok,2026-06-16 04:50:46.468385
USD,,2Y,2023-02-08,4.45,federal_reserve_h15,DGS2,https://www.federalreserve.gov/datadownload/Output.aspx?rel=H15&series=bf17364827e38702b42a58cf8eaa3f78&lastObs=&from=&to=&filetype=csv&label=include&layout=seriescolumn&type=package,ok,2026-06-16 04:50:46.468385
USD,,2Y,2023-02-09,4.48,federal_reserve_h15,DGS2,https://www.federalreserve.gov/datadownload/Output.aspx?rel=H15&series=bf17364827e38702b42a58cf8eaa3f78&lastObs=&from=&to=&filetype=csv&label=include&layout=seriescolumn&type=package,ok,2026-06-16 04:50:46.468385
USD,,2Y,2023-02-10,4.5,federal_reserve_h15,DGS2,https://www.federalreserve.gov/datadownload/Output.aspx?rel=H15&series=bf17364827e38702b42a58cf8eaa3f78&lastObs=&from=&to=&filetype=csv&label=include&layout=seriescolumn&type=package,ok,2026-06-16 04:50:46.468385
USD,,2Y,2023-02-13,4.52,federal_reserve_h15,DGS2,https://www.federalreserve.gov/datadownload/Output.aspx?rel=H15&series=bf17364827e38702b42a58cf8eaa3f78&lastObs=&from=&to=&filetype=csv&label=include&layout=seriescolumn&type=package,ok,2026-06-16 04:50:46.468385
USD,,2Y,2023-02-14,4.6,federal_reserve_h15,DGS2,https://www.federalreserve.gov/datadownload/Output.aspx?rel=H15&series=bf17364827e38702b42a58cf8eaa3f78&lastObs=&from=&to=&filetype=csv&label=include&layout=seriescolumn&type=package,ok,2026-06-16 04:50:46.468385
USD,,2Y,2023-02-15,4.62,federal_reserve_h15,DGS2,https://www.federalreserve.gov/datadownload/Output.aspx?rel=H15&series=bf17364827e38702b42a58cf8eaa3f78&lastObs=&from=&to=&filetype=csv&label=include&layout=seriescolumn&type=package,ok,2026-06-16 04:50:46.468385
USD,,2Y,2023-02-16,4.62,federal_reserve_h15,DGS2,https://www.federalreserve.gov/datadownload/Output.aspx?rel=H15&series=bf17364827e38702b42a58cf8eaa3f78&lastObs=&from=&to=&filetype=csv&label=include&layout=seriescolumn&type=package,ok,2026-06-16 04:50:46.468385
USD,,2Y,2023-02-17,4.6,federal_reserve_h15,DGS2,https://www.federalreserve.gov/datadownload/Output.aspx?rel=H15&series=bf17364827e38702b42a58cf8eaa3f78&lastObs=&from=&to=&filetype=csv&label=include&layout=seriescolumn&type=package,ok,2026-06-16 04:50:46.468385
USD,,2Y,2023-02-21,4.67,federal_reserve_h15,DGS2,https://www.federalreserve.gov/datadownload/Output.aspx?rel=H15&series=bf17364827e38702b42a58cf8eaa3f78&lastObs=&from=&to=&filetype=csv&label=include&layout=seriescolumn&type=package,ok,2026-06-16 04:50:46.468385
USD,,2Y,2023-02-22,4.66,federal_reserve_h15,DGS2,https://www.federalreserve.gov/datadownload/Output.aspx?rel=H15&series=bf17364827e38702b42a58cf8eaa3f78&lastObs=&from=&to=&filetype=csv&label=include&layout=seriescolumn&type=package,ok,2026-06-16 04:50:46.468385
USD,,2Y,2023-02-23,4.66,federal_reserve_h15,DGS2,https://www.federalreserve.gov/datadownload/Output.aspx?rel=H15&series=bf17364827e38702b42a58cf8eaa3f78&lastObs=&from=&to=&filetype=csv&label=include&layout=seriescolumn&type=package,ok,2026-06-16 04:50:46.468385
USD,,2Y,2023-02-24,4.78,federal_reserve_h15,DGS2,https://www.federalreserve.gov/datadownload/Output.aspx?rel=H15&series=bf17364827e38702b42a58cf8eaa3f78&lastObs=&from=&to=&filetype=csv&label=include&layout=seriescolumn&type=package,ok,2026-06-16 04:50:46.468385
USD,,2Y,2023-02-27,4.78,federal_reserve_h15,DGS2,https://www.federalreserve.gov/datadownload/Output.aspx?rel=H15&series=bf17364827e38702b42a58cf8eaa3f78&lastObs=&from=&to=&filetype=csv&label=include&layout=seriescolumn&type=package,ok,2026-06-16 04:50:46.468385
USD,,2Y,2023-02-28,4.81,federal_reserve_h15,DGS2,https://www.federalreserve.gov/datadownload/Output.aspx?rel=H15&series=bf17364827e38702b42a58cf8eaa3f78&lastObs=&from=&to=&filetype=csv&label=include&layout=seriescolumn&type=package,ok,2026-06-16 04:50:46.468385
USD,,2Y,2023-03-01,4.89,federal_reserve_h15,DGS2,https://www.federalreserve.gov/datadownload/Output.aspx?rel=H15&series=bf17364827e38702b42a58cf8eaa3f78&lastObs=&from=&to=&filetype=csv&label=include&layout=seriescolumn&type=package,ok,2026-06-16 04:50:46.468385
USD,,2Y,2023-03-02,4.89,federal_reserve_h15,DGS2,https://www.federalreserve.gov/datadownload/Output.aspx?rel=H15&series=bf17364827e38702b42a58cf8eaa3f78&lastObs=&from=&to=&filetype=csv&label=include&layout=seriescolumn&type=package,ok,2026-06-16 04:50:46.468385
USD,,2Y,2023-03-03,4.86,federal_reserve_h15,DGS2,https://www.federalreserve.gov/datadownload/Output.aspx?rel=H15&series=bf17364827e38702b42a58cf8eaa3f78&lastObs=&from=&to=&filetype=csv&label=include&layout=seriescolumn&type=package,ok,2026-06-16 04:50:46.468385
USD,,2Y,2023-03-06,4.89,federal_reserve_h15,DGS2,https://www.federalreserve.gov/datadownload/Output.aspx?rel=H15&series=bf17364827e38702b42a58cf8eaa3f78&lastObs=&from=&to=&filetype=csv&label=include&layout=seriescolumn&type=package,ok,2026-06-16 04:50:46.468385
USD,,2Y,2023-03-07,5.0,federal_reserve_h15,DGS2,https://www.federalreserve.gov/datadownload/Output.aspx?rel=H15&series=bf17364827e38702b42a58cf8eaa3f78&lastObs=&from=&to=&filetype=csv&label=include&layout=seriescolumn&type=package,ok,2026-06-16 04:50:46.468385
USD,,2Y,2023-03-08,5.05,federal_reserve_h15,DGS2,https://www.federalreserve.gov/datadownload/Output.aspx?rel=H15&series=bf17364827e38702b42a58cf8eaa3f78&lastObs=&from=&to=&filetype=csv&label=include&layout=seriescolumn&type=package,ok,2026-06-16 04:50:46.468385
USD,,2Y,2023-03-09,4.9,federal_reserve_h15,DGS2,https://www.federalreserve.gov/datadownload/Output.aspx?rel=H15&series=bf17364827e38702b42a58cf8eaa3f78&lastObs=&from=&to=&filetype=csv&label=include&layout=seriescolumn&type=package,ok,2026-06-16 04:50:46.468385
USD,,2Y,2023-03-10,4.6,federal_reserve_h15,DGS2,https://www.federalreserve.gov/datadownload/Output.aspx?rel=H15&series=bf17364827e38702b42a58cf8eaa3f78&lastObs=&from=&to=&filetype=csv&label=include&layout=seriescolumn&type=package,ok,2026-06-16 04:50:46.468385
USD,,2Y,2023-03-13,4.03,federal_reserve_h15,DGS2,https://www.federalreserve.gov/datadownload/Output.aspx?rel=H15&series=bf17364827e38702b42a58cf8eaa3f78&lastObs=&from=&to=&filetype=csv&label=include&layout=seriescolumn&type=package,ok,2026-06-16 04:50:46.468385
USD,,2Y,2023-03-14,4.2,federal_reserve_h15,DGS2,https://www.federalreserve.gov/datadownload/Output.aspx?rel=H15&series=bf17364827e38702b42a58cf8eaa3f78&lastObs=&from=&to=&filetype=csv&label=include&layout=seriescolumn&type=package,ok,2026-06-16 04:50:46.468385
USD,,2Y,2023-03-15,3.93,federal_reserve_h15,DGS2,https://www.federalreserve.gov/datadownload/Output.aspx?rel=H15&series=bf17364827e38702b42a58cf8eaa3f78&lastObs=&from=&to=&filetype=csv&label=include&layout=seriescolumn&type=package,ok,2026-06-16 04:50:46.468385
USD,,2Y,2023-03-16,4.14,federal_reserve_h15,DGS2,https://www.federalreserve.gov/datadownload/Output.aspx?rel=H15&series=bf17364827e38702b42a58cf8eaa3f78&lastObs=&from=&to=&filetype=csv&label=include&layout=seriescolumn&type=package,ok,2026-06-16 04:50:46.468385
USD,,2Y,2023-03-17,3.81,federal_reserve_h15,DGS2,https://www.federalreserve.gov/datadownload/Output.aspx?rel=H15&series=bf17364827e38702b42a58cf8eaa3f78&lastObs=&from=&to=&filetype=csv&label=include&layout=seriescolumn&type=package,ok,2026-06-16 04:50:46.468385
USD,,2Y,2023-03-20,3.92,federal_reserve_h15,DGS2,https://www.federalreserve.gov/datadownload/Output.aspx?rel=H15&series=bf17364827e38702b42a58cf8eaa3f78&lastObs=&from=&to=&filetype=csv&label=include&layout=seriescolumn&type=package,ok,2026-06-16 04:50:46.468385
USD,,2Y,2023-03-21,4.17,federal_reserve_h15,DGS2,https://www.federalreserve.gov/datadownload/Output.aspx?rel=H15&series=bf17364827e38702b42a58cf8eaa3f78&lastObs=&from=&to=&filetype=csv&label=include&layout=seriescolumn&type=package,ok,2026-06-16 04:50:46.468385
USD,,2Y,2023-03-22,3.96,federal_reserve_h15,DGS2,https://www.federalreserve.gov/datadownload/Output.aspx?rel=H15&series=bf17364827e38702b42a58cf8eaa3f78&lastObs=&from=&to=&filetype=csv&label=include&layout=seriescolumn&type=package,ok,2026-06-16 04:50:46.468385
USD,,2Y,2023-03-23,3.76,federal_reserve_h15,DGS2,https://www.federalreserve.gov/datadownload/Output.aspx?rel=H15&series=bf17364827e38702b42a58cf8eaa3f78&lastObs=&from=&to=&filetype=csv&label=include&layout=seriescolumn&type=package,ok,2026-06-16 04:50:46.468385
USD,,2Y,2023-03-24,3.76,federal_reserve_h15,DGS2,https://www.federalreserve.gov/datadownload/Output.aspx?rel=H15&series=bf17364827e38702b42a58cf8eaa3f78&lastObs=&from=&to=&filetype=csv&label=include&layout=seriescolumn&type=package,ok,2026-06-16 04:50:46.468385
USD,,2Y,2023-03-27,3.94,federal_reserve_h15,DGS2,https://www.federalreserve.gov/datadownload/Output.aspx?rel=H15&series=bf17364827e38702b42a58cf8eaa3f78&lastObs=&from=&to=&filetype=csv&label=include&layout=seriescolumn&type=package,ok,2026-06-16 04:50:46.468385
USD,,2Y,2023-03-28,4.02,federal_reserve_h15,DGS2,https://www.federalreserve.gov/datadownload/Output.aspx?rel=H15&series=bf17364827e38702b42a58cf8eaa3f78&lastObs=&from=&to=&filetype=csv&label=include&layout=seriescolumn&type=package,ok,2026-06-16 04:50:46.468385
USD,,2Y,2023-03-29,4.08,federal_reserve_h15,DGS2,https://www.federalreserve.gov/datadownload/Output.aspx?rel=H15&series=bf17364827e38702b42a58cf8eaa3f78&lastObs=&from=&to=&filetype=csv&label=include&layout=seriescolumn&type=package,ok,2026-06-16 04:50:46.468385
USD,,2Y,2023-03-30,4.1,federal_reserve_h15,DGS2,https://www.federalreserve.gov/datadownload/Output.aspx?rel=H15&series=bf17364827e38702b42a58cf8eaa3f78&lastObs=&from=&to=&filetype=csv&label=include&layout=seriescolumn&type=package,ok,2026-06-16 04:50:46.468385
USD,,2Y,2023-03-31,4.06,federal_reserve_h15,DGS2,https://www.federalreserve.gov/datadownload/Output.aspx?rel=H15&series=bf17364827e38702b42a58cf8eaa3f78&lastObs=&from=&to=&filetype=csv&label=include&layout=seriescolumn&type=package,ok,2026-06-16 04:50:46.468385
USD,,2Y,2023-04-03,3.97,federal_reserve_h15,DGS2,https://www.federalreserve.gov/datadownload/Output.aspx?rel=H15&series=bf17364827e38702b42a58cf8eaa3f78&lastObs=&from=&to=&filetype=csv&label=include&layout=seriescolumn&type=package,ok,2026-06-16 04:50:46.468385
USD,,2Y,2023-04-04,3.84,federal_reserve_h15,DGS2,https://www.federalreserve.gov/datadownload/Output.aspx?rel=H15&series=bf17364827e38702b42a58cf8eaa3f78&lastObs=&from=&to=&filetype=csv&label=include&layout=seriescolumn&type=package,ok,2026-06-16 04:50:46.468385
USD,,2Y,2023-04-05,3.79,federal_reserve_h15,DGS2,https://www.federalreserve.gov/datadownload/Output.aspx?rel=H15&series=bf17364827e38702b42a58cf8eaa3f78&lastObs=&from=&to=&filetype=csv&label=include&layout=seriescolumn&type=package,ok,2026-06-16 04:50:46.468385
USD,,2Y,2023-04-06,3.82,federal_reserve_h15,DGS2,https://www.federalreserve.gov/datadownload/Output.aspx?rel=H15&series=bf17364827e38702b42a58cf8eaa3f78&lastObs=&from=&to=&filetype=csv&label=include&layout=seriescolumn&type=package,ok,2026-06-16 04:50:46.468385
USD,,2Y,2023-04-07,3.97,federal_reserve_h15,DGS2,https://www.federalreserve.gov/datadownload/Output.aspx?rel=H15&series=bf17364827e38702b42a58cf8eaa3f78&lastObs=&from=&to=&filetype=csv&label=include&layout=seriescolumn&type=package,ok,2026-06-16 04:50:46.468385
USD,,2Y,2023-04-10,4.0,federal_reserve_h15,DGS2,https://www.federalreserve.gov/datadownload/Output.aspx?rel=H15&series=bf17364827e38702b42a58cf8eaa3f78&lastObs=&from=&to=&filetype=csv&label=include&layout=seriescolumn&type=package,ok,2026-06-16 04:50:46.468385
USD,,2Y,2023-04-11,4.03,federal_reserve_h15,DGS2,https://www.federalreserve.gov/datadownload/Output.aspx?rel=H15&series=bf17364827e38702b42a58cf8eaa3f78&lastObs=&from=&to=&filetype=csv&label=include&layout=seriescolumn&type=package,ok,2026-06-16 04:50:46.468385
USD,,2Y,2023-04-12,3.95,federal_reserve_h15,DGS2,https://www.federalreserve.gov/datadownload/Output.aspx?rel=H15&series=bf17364827e38702b42a58cf8eaa3f78&lastObs=&from=&to=&filetype=csv&label=include&layout=seriescolumn&type=package,ok,2026-06-16 04:50:46.468385
USD,,2Y,2023-04-13,3.96,federal_reserve_h15,DGS2,https://www.federalreserve.gov/datadownload/Output.aspx?rel=H15&series=bf17364827e38702b42a58cf8eaa3f78&lastObs=&from=&to=&filetype=csv&label=include&layout=seriescolumn&type=package,ok,2026-06-16 04:50:46.468385
USD,,2Y,2023-04-14,4.08,federal_reserve_h15,DGS2,https://www.federalreserve.gov/datadownload/Output.aspx?rel=H15&series=bf17364827e38702b42a58cf8eaa3f78&lastObs=&from=&to=&filetype=csv&label=include&layout=seriescolumn&type=package,ok,2026-06-16 04:50:46.468385
USD,,2Y,2023-04-17,4.18,federal_reserve_h15,DGS2,https://www.federalreserve.gov/datadownload/Output.aspx?rel=H15&series=bf17364827e38702b42a58cf8eaa3f78&lastObs=&from=&to=&filetype=csv&label=include&layout=seriescolumn&type=package,ok,2026-06-16 04:50:46.468385
USD,,2Y,2023-04-18,4.19,federal_reserve_h15,DGS2,https://www.federalreserve.gov/datadownload/Output.aspx?rel=H15&series=bf17364827e38702b42a58cf8eaa3f78&lastObs=&from=&to=&filetype=csv&label=include&layout=seriescolumn&type=package,ok,2026-06-16 04:50:46.468385
USD,,2Y,2023-04-19,4.24,federal_reserve_h15,DGS2,https://www.federalreserve.gov/datadownload/Output.aspx?rel=H15&series=bf17364827e38702b42a58cf8eaa3f78&lastObs=&from=&to=&filetype=csv&label=include&layout=seriescolumn&type=package,ok,2026-06-16 04:50:46.468385
USD,,2Y,2023-04-20,4.14,federal_reserve_h15,DGS2,https://www.federalreserve.gov/datadownload/Output.aspx?rel=H15&series=bf17364827e38702b42a58cf8eaa3f78&lastObs=&from=&to=&filetype=csv&label=include&layout=seriescolumn&type=package,ok,2026-06-16 04:50:46.468385
USD,,2Y,2023-04-21,4.17,federal_reserve_h15,DGS2,https://www.federalreserve.gov/datadownload/Output.aspx?rel=H15&series=bf17364827e38702b42a58cf8eaa3f78&lastObs=&from=&to=&filetype=csv&label=include&layout=seriescolumn&type=package,ok,2026-06-16 04:50:46.468385
USD,,2Y,2023-04-24,4.12,federal_reserve_h15,DGS2,https://www.federalreserve.gov/datadownload/Output.aspx?rel=H15&series=bf17364827e38702b42a58cf8eaa3f78&lastObs=&from=&to=&filetype=csv&label=include&layout=seriescolumn&type=package,ok,2026-06-16 04:50:46.468385
USD,,2Y,2023-04-25,3.86,federal_reserve_h15,DGS2,https://www.federalreserve.gov/datadownload/Output.aspx?rel=H15&series=bf17364827e38702b42a58cf8eaa3f78&lastObs=&from=&to=&filetype=csv&label=include&layout=seriescolumn&type=package,ok,2026-06-16 04:50:46.468385
USD,,2Y,2023-04-26,3.9,federal_reserve_h15,DGS2,https://www.federalreserve.gov/datadownload/Output.aspx?rel=H15&series=bf17364827e38702b42a58cf8eaa3f78&lastObs=&from=&to=&filetype=csv&label=include&layout=seriescolumn&type=package,ok,2026-06-16 04:50:46.468385
USD,,2Y,2023-04-27,4.07,federal_reserve_h15,DGS2,https://www.federalreserve.gov/datadownload/Output.aspx?rel=H15&series=bf17364827e38702b42a58cf8eaa3f78&lastObs=&from=&to=&filetype=csv&label=include&layout=seriescolumn&type=package,ok,2026-06-16 04:50:46.468385
USD,,2Y,2023-04-28,4.04,federal_reserve_h15,DGS2,https://www.federalreserve.gov/datadownload/Output.aspx?rel=H15&series=bf17364827e38702b42a58cf8eaa3f78&lastObs=&from=&to=&filetype=csv&label=include&layout=seriescolumn&type=package,ok,2026-06-16 04:50:46.468385
USD,,2Y,2023-05-01,4.14,federal_reserve_h15,DGS2,https://www.federalreserve.gov/datadownload/Output.aspx?rel=H15&series=bf17364827e38702b42a58cf8eaa3f78&lastObs=&from=&to=&filetype=csv&label=include&layout=seriescolumn&type=package,ok,2026-06-16 04:50:46.468385
USD,,2Y,2023-05-02,3.97,federal_reserve_h15,DGS2,https://www.federalreserve.gov/datadownload/Output.aspx?rel=H15&series=bf17364827e38702b42a58cf8eaa3f78&lastObs=&from=&to=&filetype=csv&label=include&layout=seriescolumn&type=package,ok,2026-06-16 04:50:46.468385
USD,,2Y,2023-05-03,3.89,federal_reserve_h15,DGS2,https://www.federalreserve.gov/datadownload/Output.aspx?rel=H15&series=bf17364827e38702b42a58cf8eaa3f78&lastObs=&from=&to=&filetype=csv&label=include&layout=seriescolumn&type=package,ok,2026-06-16 04:50:46.468385
USD,,2Y,2023-05-04,3.75,federal_reserve_h15,DGS2,https://www.federalreserve.gov/datadownload/Output.aspx?rel=H15&series=bf17364827e38702b42a58cf8eaa3f78&lastObs=&from=&to=&filetype=csv&label=include&layout=seriescolumn&type=package,ok,2026-06-16 04:50:46.468385
USD,,2Y,2023-05-05,3.92,federal_reserve_h15,DGS2,https://www.federalreserve.gov/datadownload/Output.aspx?rel=H15&series=bf17364827e38702b42a58cf8eaa3f78&lastObs=&from=&to=&filetype=csv&label=include&layout=seriescolumn&type=package,ok,2026-06-16 04:50:46.468385
USD,,2Y,2023-05-08,4.0,federal_reserve_h15,DGS2,https://www.federalreserve.gov/datadownload/Output.aspx?rel=H15&series=bf17364827e38702b42a58cf8eaa3f78&lastObs=&from=&to=&filetype=csv&label=include&layout=seriescolumn&type=package,ok,2026-06-16 04:50:46.468385
USD,,2Y,2023-05-09,4.01,federal_reserve_h15,DGS2,https://www.federalreserve.gov/datadownload/Output.aspx?rel=H15&series=bf17364827e38702b42a58cf8eaa3f78&lastObs=&from=&to=&filetype=csv&label=include&layout=seriescolumn&type=package,ok,2026-06-16 04:50:46.468385
USD,,2Y,2023-05-10,3.9,federal_reserve_h15,DGS2,https://www.federalreserve.gov/datadownload/Output.aspx?rel=H15&series=bf17364827e38702b42a58cf8eaa3f78&lastObs=&from=&to=&filetype=csv&label=include&layout=seriescolumn&type=package,ok,2026-06-16 04:50:46.468385
USD,,2Y,2023-05-11,3.89,federal_reserve_h15,DGS2,https://www.federalreserve.gov/datadownload/Output.aspx?rel=H15&series=bf17364827e38702b42a58cf8eaa3f78&lastObs=&from=&to=&filetype=csv&label=include&layout=seriescolumn&type=package,ok,2026-06-16 04:50:46.468385
USD,,2Y,2023-05-12,3.98,federal_reserve_h15,DGS2,https://www.federalreserve.gov/datadownload/Output.aspx?rel=H15&series=bf17364827e38702b42a58cf8eaa3f78&lastObs=&from=&to=&filetype=csv&label=include&layout=seriescolumn&type=package,ok,2026-06-16 04:50:46.468385
USD,,2Y,2023-05-15,3.99,federal_reserve_h15,DGS2,https://www.federalreserve.gov/datadownload/Output.aspx?rel=H15&series=bf17364827e38702b42a58cf8eaa3f78&lastObs=&from=&to=&filetype=csv&label=include&layout=seriescolumn&type=package,ok,2026-06-16 04:50:46.468385
USD,,2Y,2023-05-16,4.06,federal_reserve_h15,DGS2,https://www.federalreserve.gov/datadownload/Output.aspx?rel=H15&series=bf17364827e38702b42a58cf8eaa3f78&lastObs=&from=&to=&filetype=csv&label=include&layout=seriescolumn&type=package,ok,2026-06-16 04:50:46.468385
USD,,2Y,2023-05-17,4.12,federal_reserve_h15,DGS2,https://www.federalreserve.gov/datadownload/Output.aspx?rel=H15&series=bf17364827e38702b42a58cf8eaa3f78&lastObs=&from=&to=&filetype=csv&label=include&layout=seriescolumn&type=package,ok,2026-06-16 04:50:46.468385
USD,,2Y,2023-05-18,4.24,federal_reserve_h15,DGS2,https://www.federalreserve.gov/datadownload/Output.aspx?rel=H15&series=bf17364827e38702b42a58cf8eaa3f78&lastObs=&from=&to=&filetype=csv&label=include&layout=seriescolumn&type=package,ok,2026-06-16 04:50:46.468385
USD,,2Y,2023-05-19,4.28,federal_reserve_h15,DGS2,https://www.federalreserve.gov/datadownload/Output.aspx?rel=H15&series=bf17364827e38702b42a58cf8eaa3f78&lastObs=&from=&to=&filetype=csv&label=include&layout=seriescolumn&type=package,ok,2026-06-16 04:50:46.468385
USD,,2Y,2023-05-22,4.29,federal_reserve_h15,DGS2,https://www.federalreserve.gov/datadownload/Output.aspx?rel=H15&series=bf17364827e38702b42a58cf8eaa3f78&lastObs=&from=&to=&filetype=csv&label=include&layout=seriescolumn&type=package,ok,2026-06-16 04:50:46.468385
USD,,2Y,2023-05-23,4.26,federal_reserve_h15,DGS2,https://www.federalreserve.gov/datadownload/Output.aspx?rel=H15&series=bf17364827e38702b42a58cf8eaa3f78&lastObs=&from=&to=&filetype=csv&label=include&layout=seriescolumn&type=package,ok,2026-06-16 04:50:46.468385
USD,,2Y,2023-05-24,4.31,federal_reserve_h15,DGS2,https://www.federalreserve.gov/datadownload/Output.aspx?rel=H15&series=bf17364827e38702b42a58cf8eaa3f78&lastObs=&from=&to=&filetype=csv&label=include&layout=seriescolumn&type=package,ok,2026-06-16 04:50:46.468385
USD,,2Y,2023-05-25,4.5,federal_reserve_h15,DGS2,https://www.federalreserve.gov/datadownload/Output.aspx?rel=H15&series=bf17364827e38702b42a58cf8eaa3f78&lastObs=&from=&to=&filetype=csv&label=include&layout=seriescolumn&type=package,ok,2026-06-16 04:50:46.468385
USD,,2Y,2023-05-26,4.54,federal_reserve_h15,DGS2,https://www.federalreserve.gov/datadownload/Output.aspx?rel=H15&series=bf17364827e38702b42a58cf8eaa3f78&lastObs=&from=&to=&filetype=csv&label=include&layout=seriescolumn&type=package,ok,2026-06-16 04:50:46.468385
USD,,2Y,2023-05-30,4.46,federal_reserve_h15,DGS2,https://www.federalreserve.gov/datadownload/Output.aspx?rel=H15&series=bf17364827e38702b42a58cf8eaa3f78&lastObs=&from=&to=&filetype=csv&label=include&layout=seriescolumn&type=package,ok,2026-06-16 04:50:46.468385
USD,,2Y,2023-05-31,4.4,federal_reserve_h15,DGS2,https://www.federalreserve.gov/datadownload/Output.aspx?rel=H15&series=bf17364827e38702b42a58cf8eaa3f78&lastObs=&from=&to=&filetype=csv&label=include&layout=seriescolumn&type=package,ok,2026-06-16 04:50:46.468385
USD,,2Y,2023-06-01,4.33,federal_reserve_h15,DGS2,https://www.federalreserve.gov/datadownload/Output.aspx?rel=H15&series=bf17364827e38702b42a58cf8eaa3f78&lastObs=&from=&to=&filetype=csv&label=include&layout=seriescolumn&type=package,ok,2026-06-16 04:50:46.468385
USD,,2Y,2023-06-02,4.5,federal_reserve_h15,DGS2,https://www.federalreserve.gov/datadownload/Output.aspx?rel=H15&series=bf17364827e38702b42a58cf8eaa3f78&lastObs=&from=&to=&filetype=csv&label=include&layout=seriescolumn&type=package,ok,2026-06-16 04:50:46.468385
USD,,2Y,2023-06-05,4.46,federal_reserve_h15,DGS2,https://www.federalreserve.gov/datadownload/Output.aspx?rel=H15&series=bf17364827e38702b42a58cf8eaa3f78&lastObs=&from=&to=&filetype=csv&label=include&layout=seriescolumn&type=package,ok,2026-06-16 04:50:46.468385
USD,,2Y,2023-06-06,4.51,federal_reserve_h15,DGS2,https://www.federalreserve.gov/datadownload/Output.aspx?rel=H15&series=bf17364827e38702b42a58cf8eaa3f78&lastObs=&from=&to=&filetype=csv&label=include&layout=seriescolumn&type=package,ok,2026-06-16 04:50:46.468385
USD,,2Y,2023-06-07,4.56,federal_reserve_h15,DGS2,https://www.federalreserve.gov/datadownload/Output.aspx?rel=H15&series=bf17364827e38702b42a58cf8eaa3f78&lastObs=&from=&to=&filetype=csv&label=include&layout=seriescolumn&type=package,ok,2026-06-16 04:50:46.468385
USD,,2Y,2023-06-08,4.52,federal_reserve_h15,DGS2,https://www.federalreserve.gov/datadownload/Output.aspx?rel=H15&series=bf17364827e38702b42a58cf8eaa3f78&lastObs=&from=&to=&filetype=csv&label=include&layout=seriescolumn&type=package,ok,2026-06-16 04:50:46.468385
USD,,2Y,2023-06-09,4.59,federal_reserve_h15,DGS2,https://www.federalreserve.gov/datadownload/Output.aspx?rel=H15&series=bf17364827e38702b42a58cf8eaa3f78&lastObs=&from=&to=&filetype=csv&label=include&layout=seriescolumn&type=package,ok,2026-06-16 04:50:46.468385
USD,,2Y,2023-06-12,4.55,federal_reserve_h15,DGS2,https://www.federalreserve.gov/datadownload/Output.aspx?rel=H15&series=bf17364827e38702b42a58cf8eaa3f78&lastObs=&from=&to=&filetype=csv&label=include&layout=seriescolumn&type=package,ok,2026-06-16 04:50:46.468385
USD,,2Y,2023-06-13,4.67,federal_reserve_h15,DGS2,https://www.federalreserve.gov/datadownload/Output.aspx?rel=H15&series=bf17364827e38702b42a58cf8eaa3f78&lastObs=&from=&to=&filetype=csv&label=include&layout=seriescolumn&type=package,ok,2026-06-16 04:50:46.468385
USD,,2Y,2023-06-14,4.74,federal_reserve_h15,DGS2,https://www.federalreserve.gov/datadownload/Output.aspx?rel=H15&series=bf17364827e38702b42a58cf8eaa3f78&lastObs=&from=&to=&filetype=csv&label=include&layout=seriescolumn&type=package,ok,2026-06-16 04:50:46.468385
USD,,2Y,2023-06-15,4.62,federal_reserve_h15,DGS2,https://www.federalreserve.gov/datadownload/Output.aspx?rel=H15&series=bf17364827e38702b42a58cf8eaa3f78&lastObs=&from=&to=&filetype=csv&label=include&layout=seriescolumn&type=package,ok,2026-06-16 04:50:46.468385
USD,,2Y,2023-06-16,4.7,federal_reserve_h15,DGS2,https://www.federalreserve.gov/datadownload/Output.aspx?rel=H15&series=bf17364827e38702b42a58cf8eaa3f78&lastObs=&from=&to=&filetype=csv&label=include&layout=seriescolumn&type=package,ok,2026-06-16 04:50:46.468385
USD,,2Y,2023-06-20,4.68,federal_reserve_h15,DGS2,https://www.federalreserve.gov/datadownload/Output.aspx?rel=H15&series=bf17364827e38702b42a58cf8eaa3f78&lastObs=&from=&to=&filetype=csv&label=include&layout=seriescolumn&type=package,ok,2026-06-16 04:50:46.468385
USD,,2Y,2023-06-21,4.68,federal_reserve_h15,DGS2,https://www.federalreserve.gov/datadownload/Output.aspx?rel=H15&series=bf17364827e38702b42a58cf8eaa3f78&lastObs=&from=&to=&filetype=csv&label=include&layout=seriescolumn&type=package,ok,2026-06-16 04:50:46.468385
USD,,2Y,2023-06-22,4.77,federal_reserve_h15,DGS2,https://www.federalreserve.gov/datadownload/Output.aspx?rel=H15&series=bf17364827e38702b42a58cf8eaa3f78&lastObs=&from=&to=&filetype=csv&label=include&layout=seriescolumn&type=package,ok,2026-06-16 04:50:46.468385
USD,,2Y,2023-06-23,4.71,federal_reserve_h15,DGS2,https://www.federalreserve.gov/datadownload/Output.aspx?rel=H15&series=bf17364827e38702b42a58cf8eaa3f78&lastObs=&from=&to=&filetype=csv&label=include&layout=seriescolumn&type=package,ok,2026-06-16 04:50:46.468385
USD,,2Y,2023-06-26,4.65,federal_reserve_h15,DGS2,https://www.federalreserve.gov/datadownload/Output.aspx?rel=H15&series=bf17364827e38702b42a58cf8eaa3f78&lastObs=&from=&to=&filetype=csv&label=include&layout=seriescolumn&type=package,ok,2026-06-16 04:50:46.468385
USD,,2Y,2023-06-27,4.74,federal_reserve_h15,DGS2,https://www.federalreserve.gov/datadownload/Output.aspx?rel=H15&series=bf17364827e38702b42a58cf8eaa3f78&lastObs=&from=&to=&filetype=csv&label=include&layout=seriescolumn&type=package,ok,2026-06-16 04:50:46.468385
USD,,2Y,2023-06-28,4.71,federal_reserve_h15,DGS2,https://www.federalreserve.gov/datadownload/Output.aspx?rel=H15&series=bf17364827e38702b42a58cf8eaa3f78&lastObs=&from=&to=&filetype=csv&label=include&layout=seriescolumn&type=package,ok,2026-06-16 04:50:46.468385
USD,,2Y,2023-06-29,4.87,federal_reserve_h15,DGS2,https://www.federalreserve.gov/datadownload/Output.aspx?rel=H15&series=bf17364827e38702b42a58cf8eaa3f78&lastObs=&from=&to=&filetype=csv&label=include&layout=seriescolumn&type=package,ok,2026-06-16 04:50:46.468385
USD,,2Y,2023-06-30,4.87,federal_reserve_h15,DGS2,https://www.federalreserve.gov/datadownload/Output.aspx?rel=H15&series=bf17364827e38702b42a58cf8eaa3f78&lastObs=&from=&to=&filetype=csv&label=include&layout=seriescolumn&type=package,ok,2026-06-16 04:50:46.468385
USD,,2Y,2023-07-03,4.94,federal_reserve_h15,DGS2,https://www.federalreserve.gov/datadownload/Output.aspx?rel=H15&series=bf17364827e38702b42a58cf8eaa3f78&lastObs=&from=&to=&filetype=csv&label=include&layout=seriescolumn&type=package,ok,2026-06-16 04:50:46.468385
USD,,2Y,2023-07-05,4.94,federal_reserve_h15,DGS2,https://www.federalreserve.gov/datadownload/Output.aspx?rel=H15&series=bf17364827e38702b42a58cf8eaa3f78&lastObs=&from=&to=&filetype=csv&label=include&layout=seriescolumn&type=package,ok,2026-06-16 04:50:46.468385
USD,,2Y,2023-07-06,4.99,federal_reserve_h15,DGS2,https://www.federalreserve.gov/datadownload/Output.aspx?rel=H15&series=bf17364827e38702b42a58cf8eaa3f78&lastObs=&from=&to=&filetype=csv&label=include&layout=seriescolumn&type=package,ok,2026-06-16 04:50:46.468385
USD,,2Y,2023-07-07,4.94,federal_reserve_h15,DGS2,https://www.federalreserve.gov/datadownload/Output.aspx?rel=H15&series=bf17364827e38702b42a58cf8eaa3f78&lastObs=&from=&to=&filetype=csv&label=include&layout=seriescolumn&type=package,ok,2026-06-16 04:50:46.468385
USD,,2Y,2023-07-10,4.85,federal_reserve_h15,DGS2,https://www.federalreserve.gov/datadownload/Output.aspx?rel=H15&series=bf17364827e38702b42a58cf8eaa3f78&lastObs=&from=&to=&filetype=csv&label=include&layout=seriescolumn&type=package,ok,2026-06-16 04:50:46.468385
USD,,2Y,2023-07-11,4.88,federal_reserve_h15,DGS2,https://www.federalreserve.gov/datadownload/Output.aspx?rel=H15&series=bf17364827e38702b42a58cf8eaa3f78&lastObs=&from=&to=&filetype=csv&label=include&layout=seriescolumn&type=package,ok,2026-06-16 04:50:46.468385
USD,,2Y,2023-07-12,4.72,federal_reserve_h15,DGS2,https://www.federalreserve.gov/datadownload/Output.aspx?rel=H15&series=bf17364827e38702b42a58cf8eaa3f78&lastObs=&from=&to=&filetype=csv&label=include&layout=seriescolumn&type=package,ok,2026-06-16 04:50:46.468385
USD,,2Y,2023-07-13,4.59,federal_reserve_h15,DGS2,https://www.federalreserve.gov/datadownload/Output.aspx?rel=H15&series=bf17364827e38702b42a58cf8eaa3f78&lastObs=&from=&to=&filetype=csv&label=include&layout=seriescolumn&type=package,ok,2026-06-16 04:50:46.468385
USD,,2Y,2023-07-14,4.74,federal_reserve_h15,DGS2,https://www.federalreserve.gov/datadownload/Output.aspx?rel=H15&series=bf17364827e38702b42a58cf8eaa3f78&lastObs=&from=&to=&filetype=csv&label=include&layout=seriescolumn&type=package,ok,2026-06-16 04:50:46.468385
USD,,2Y,2023-07-17,4.74,federal_reserve_h15,DGS2,https://www.federalreserve.gov/datadownload/Output.aspx?rel=H15&series=bf17364827e38702b42a58cf8eaa3f78&lastObs=&from=&to=&filetype=csv&label=include&layout=seriescolumn&type=package,ok,2026-06-16 04:50:46.468385
USD,,2Y,2023-07-18,4.74,federal_reserve_h15,DGS2,https://www.federalreserve.gov/datadownload/Output.aspx?rel=H15&series=bf17364827e38702b42a58cf8eaa3f78&lastObs=&from=&to=&filetype=csv&label=include&layout=seriescolumn&type=package,ok,2026-06-16 04:50:46.468385
USD,,2Y,2023-07-19,4.74,federal_reserve_h15,DGS2,https://www.federalreserve.gov/datadownload/Output.aspx?rel=H15&series=bf17364827e38702b42a58cf8eaa3f78&lastObs=&from=&to=&filetype=csv&label=include&layout=seriescolumn&type=package,ok,2026-06-16 04:50:46.468385
USD,,2Y,2023-07-20,4.8,federal_reserve_h15,DGS2,https://www.federalreserve.gov/datadownload/Output.aspx?rel=H15&series=bf17364827e38702b42a58cf8eaa3f78&lastObs=&from=&to=&filetype=csv&label=include&layout=seriescolumn&type=package,ok,2026-06-16 04:50:46.468385
USD,,2Y,2023-07-21,4.82,federal_reserve_h15,DGS2,https://www.federalreserve.gov/datadownload/Output.aspx?rel=H15&series=bf17364827e38702b42a58cf8eaa3f78&lastObs=&from=&to=&filetype=csv&label=include&layout=seriescolumn&type=package,ok,2026-06-16 04:50:46.468385
USD,,2Y,2023-07-24,4.81,federal_reserve_h15,DGS2,https://www.federalreserve.gov/datadownload/Output.aspx?rel=H15&series=bf17364827e38702b42a58cf8eaa3f78&lastObs=&from=&to=&filetype=csv&label=include&layout=seriescolumn&type=package,ok,2026-06-16 04:50:46.468385
USD,,2Y,2023-07-25,4.85,federal_reserve_h15,DGS2,https://www.federalreserve.gov/datadownload/Output.aspx?rel=H15&series=bf17364827e38702b42a58cf8eaa3f78&lastObs=&from=&to=&filetype=csv&label=include&layout=seriescolumn&type=package,ok,2026-06-16 04:50:46.468385
USD,,2Y,2023-07-26,4.82,federal_reserve_h15,DGS2,https://www.federalreserve.gov/datadownload/Output.aspx?rel=H15&series=bf17364827e38702b42a58cf8eaa3f78&lastObs=&from=&to=&filetype=csv&label=include&layout=seriescolumn&type=package,ok,2026-06-16 04:50:46.468385
USD,,2Y,2023-07-27,4.91,federal_reserve_h15,DGS2,https://www.federalreserve.gov/datadownload/Output.aspx?rel=H15&series=bf17364827e38702b42a58cf8eaa3f78&lastObs=&from=&to=&filetype=csv&label=include&layout=seriescolumn&type=package,ok,2026-06-16 04:50:46.468385
USD,,2Y,2023-07-28,4.87,federal_reserve_h15,DGS2,https://www.federalreserve.gov/datadownload/Output.aspx?rel=H15&series=bf17364827e38702b42a58cf8eaa3f78&lastObs=&from=&to=&filetype=csv&label=include&layout=seriescolumn&type=package,ok,2026-06-16 04:50:46.468385
USD,,2Y,2023-07-31,4.88,federal_reserve_h15,DGS2,https://www.federalreserve.gov/datadownload/Output.aspx?rel=H15&series=bf17364827e38702b42a58cf8eaa3f78&lastObs=&from=&to=&filetype=csv&label=include&layout=seriescolumn&type=package,ok,2026-06-16 04:50:46.468385
USD,,2Y,2023-08-01,4.92,federal_reserve_h15,DGS2,https://www.federalreserve.gov/datadownload/Output.aspx?rel=H15&series=bf17364827e38702b42a58cf8eaa3f78&lastObs=&from=&to=&filetype=csv&label=include&layout=seriescolumn&type=package,ok,2026-06-16 04:50:46.468385
USD,,2Y,2023-08-02,4.88,federal_reserve_h15,DGS2,https://www.federalreserve.gov/datadownload/Output.aspx?rel=H15&series=bf17364827e38702b42a58cf8eaa3f78&lastObs=&from=&to=&filetype=csv&label=include&layout=seriescolumn&type=package,ok,2026-06-16 04:50:46.468385
USD,,2Y,2023-08-03,4.9,federal_reserve_h15,DGS2,https://www.federalreserve.gov/datadownload/Output.aspx?rel=H15&series=bf17364827e38702b42a58cf8eaa3f78&lastObs=&from=&to=&filetype=csv&label=include&layout=seriescolumn&type=package,ok,2026-06-16 04:50:46.468385
USD,,2Y,2023-08-04,4.78,federal_reserve_h15,DGS2,https://www.federalreserve.gov/datadownload/Output.aspx?rel=H15&series=bf17364827e38702b42a58cf8eaa3f78&lastObs=&from=&to=&filetype=csv&label=include&layout=seriescolumn&type=package,ok,2026-06-16 04:50:46.468385
USD,,2Y,2023-08-07,4.76,federal_reserve_h15,DGS2,https://www.federalreserve.gov/datadownload/Output.aspx?rel=H15&series=bf17364827e38702b42a58cf8eaa3f78&lastObs=&from=&to=&filetype=csv&label=include&layout=seriescolumn&type=package,ok,2026-06-16 04:50:46.468385
USD,,2Y,2023-08-08,4.74,federal_reserve_h15,DGS2,https://www.federalreserve.gov/datadownload/Output.aspx?rel=H15&series=bf17364827e38702b42a58cf8eaa3f78&lastObs=&from=&to=&filetype=csv&label=include&layout=seriescolumn&type=package,ok,2026-06-16 04:50:46.468385
USD,,2Y,2023-08-09,4.79,federal_reserve_h15,DGS2,https://www.federalreserve.gov/datadownload/Output.aspx?rel=H15&series=bf17364827e38702b42a58cf8eaa3f78&lastObs=&from=&to=&filetype=csv&label=include&layout=seriescolumn&type=package,ok,2026-06-16 04:50:46.468385
USD,,2Y,2023-08-10,4.82,federal_reserve_h15,DGS2,https://www.federalreserve.gov/datadownload/Output.aspx?rel=H15&series=bf17364827e38702b42a58cf8eaa3f78&lastObs=&from=&to=&filetype=csv&label=include&layout=seriescolumn&type=package,ok,2026-06-16 04:50:46.468385
USD,,2Y,2023-08-11,4.89,federal_reserve_h15,DGS2,https://www.federalreserve.gov/datadownload/Output.aspx?rel=H15&series=bf17364827e38702b42a58cf8eaa3f78&lastObs=&from=&to=&filetype=csv&label=include&layout=seriescolumn&type=package,ok,2026-06-16 04:50:46.468385
USD,,2Y,2023-08-14,4.96,federal_reserve_h15,DGS2,https://www.federalreserve.gov/datadownload/Output.aspx?rel=H15&series=bf17364827e38702b42a58cf8eaa3f78&lastObs=&from=&to=&filetype=csv&label=include&layout=seriescolumn&type=package,ok,2026-06-16 04:50:46.468385
USD,,2Y,2023-08-15,4.92,federal_reserve_h15,DGS2,https://www.federalreserve.gov/datadownload/Output.aspx?rel=H15&series=bf17364827e38702b42a58cf8eaa3f78&lastObs=&from=&to=&filetype=csv&label=include&layout=seriescolumn&type=package,ok,2026-06-16 04:50:46.468385
USD,,2Y,2023-08-16,4.97,federal_reserve_h15,DGS2,https://www.federalreserve.gov/datadownload/Output.aspx?rel=H15&series=bf17364827e38702b42a58cf8eaa3f78&lastObs=&from=&to=&filetype=csv&label=include&layout=seriescolumn&type=package,ok,2026-06-16 04:50:46.468385
USD,,2Y,2023-08-17,4.94,federal_reserve_h15,DGS2,https://www.federalreserve.gov/datadownload/Output.aspx?rel=H15&series=bf17364827e38702b42a58cf8eaa3f78&lastObs=&from=&to=&filetype=csv&label=include&layout=seriescolumn&type=package,ok,2026-06-16 04:50:46.468385
USD,,2Y,2023-08-18,4.92,federal_reserve_h15,DGS2,https://www.federalreserve.gov/datadownload/Output.aspx?rel=H15&series=bf17364827e38702b42a58cf8eaa3f78&lastObs=&from=&to=&filetype=csv&label=include&layout=seriescolumn&type=package,ok,2026-06-16 04:50:46.468385
USD,,2Y,2023-08-21,4.97,federal_reserve_h15,DGS2,https://www.federalreserve.gov/datadownload/Output.aspx?rel=H15&series=bf17364827e38702b42a58cf8eaa3f78&lastObs=&from=&to=&filetype=csv&label=include&layout=seriescolumn&type=package,ok,2026-06-16 04:50:46.468385
USD,,2Y,2023-08-22,5.02,federal_reserve_h15,DGS2,https://www.federalreserve.gov/datadownload/Output.aspx?rel=H15&series=bf17364827e38702b42a58cf8eaa3f78&lastObs=&from=&to=&filetype=csv&label=include&layout=seriescolumn&type=package,ok,2026-06-16 04:50:46.468385
USD,,2Y,2023-08-23,4.95,federal_reserve_h15,DGS2,https://www.federalreserve.gov/datadownload/Output.aspx?rel=H15&series=bf17364827e38702b42a58cf8eaa3f78&lastObs=&from=&to=&filetype=csv&label=include&layout=seriescolumn&type=package,ok,2026-06-16 04:50:46.468385
USD,,2Y,2023-08-24,4.98,federal_reserve_h15,DGS2,https://www.federalreserve.gov/datadownload/Output.aspx?rel=H15&series=bf17364827e38702b42a58cf8eaa3f78&lastObs=&from=&to=&filetype=csv&label=include&layout=seriescolumn&type=package,ok,2026-06-16 04:50:46.468385
USD,,2Y,2023-08-25,5.03,federal_reserve_h15,DGS2,https://www.federalreserve.gov/datadownload/Output.aspx?rel=H15&series=bf17364827e38702b42a58cf8eaa3f78&lastObs=&from=&to=&filetype=csv&label=include&layout=seriescolumn&type=package,ok,2026-06-16 04:50:46.468385
USD,,2Y,2023-08-28,4.98,federal_reserve_h15,DGS2,https://www.federalreserve.gov/datadownload/Output.aspx?rel=H15&series=bf17364827e38702b42a58cf8eaa3f78&lastObs=&from=&to=&filetype=csv&label=include&layout=seriescolumn&type=package,ok,2026-06-16 04:50:46.468385
USD,,2Y,2023-08-29,4.87,federal_reserve_h15,DGS2,https://www.federalreserve.gov/datadownload/Output.aspx?rel=H15&series=bf17364827e38702b42a58cf8eaa3f78&lastObs=&from=&to=&filetype=csv&label=include&layout=seriescolumn&type=package,ok,2026-06-16 04:50:46.468385
USD,,2Y,2023-08-30,4.9,federal_reserve_h15,DGS2,https://www.federalreserve.gov/datadownload/Output.aspx?rel=H15&series=bf17364827e38702b42a58cf8eaa3f78&lastObs=&from=&to=&filetype=csv&label=include&layout=seriescolumn&type=package,ok,2026-06-16 04:50:46.468385
USD,,2Y,2023-08-31,4.85,federal_reserve_h15,DGS2,https://www.federalreserve.gov/datadownload/Output.aspx?rel=H15&series=bf17364827e38702b42a58cf8eaa3f78&lastObs=&from=&to=&filetype=csv&label=include&layout=seriescolumn&type=package,ok,2026-06-16 04:50:46.468385
USD,,2Y,2023-09-01,4.87,federal_reserve_h15,DGS2,https://www.federalreserve.gov/datadownload/Output.aspx?rel=H15&series=bf17364827e38702b42a58cf8eaa3f78&lastObs=&from=&to=&filetype=csv&label=include&layout=seriescolumn&type=package,ok,2026-06-16 04:50:46.468385
USD,,2Y,2023-09-05,4.94,federal_reserve_h15,DGS2,https://www.federalreserve.gov/datadownload/Output.aspx?rel=H15&series=bf17364827e38702b42a58cf8eaa3f78&lastObs=&from=&to=&filetype=csv&label=include&layout=seriescolumn&type=package,ok,2026-06-16 04:50:46.468385
USD,,2Y,2023-09-06,5.01,federal_reserve_h15,DGS2,https://www.federalreserve.gov/datadownload/Output.aspx?rel=H15&series=bf17364827e38702b42a58cf8eaa3f78&lastObs=&from=&to=&filetype=csv&label=include&layout=seriescolumn&type=package,ok,2026-06-16 04:50:46.468385
USD,,2Y,2023-09-07,4.94,federal_reserve_h15,DGS2,https://www.federalreserve.gov/datadownload/Output.aspx?rel=H15&series=bf17364827e38702b42a58cf8eaa3f78&lastObs=&from=&to=&filetype=csv&label=include&layout=seriescolumn&type=package,ok,2026-06-16 04:50:46.468385
USD,,2Y,2023-09-08,4.98,federal_reserve_h15,DGS2,https://www.federalreserve.gov/datadownload/Output.aspx?rel=H15&series=bf17364827e38702b42a58cf8eaa3f78&lastObs=&from=&to=&filetype=csv&label=include&layout=seriescolumn&type=package,ok,2026-06-16 04:50:46.468385
USD,,2Y,2023-09-11,4.97,federal_reserve_h15,DGS2,https://www.federalreserve.gov/datadownload/Output.aspx?rel=H15&series=bf17364827e38702b42a58cf8eaa3f78&lastObs=&from=&to=&filetype=csv&label=include&layout=seriescolumn&type=package,ok,2026-06-16 04:50:46.468385
USD,,2Y,2023-09-12,4.98,federal_reserve_h15,DGS2,https://www.federalreserve.gov/datadownload/Output.aspx?rel=H15&series=bf17364827e38702b42a58cf8eaa3f78&lastObs=&from=&to=&filetype=csv&label=include&layout=seriescolumn&type=package,ok,2026-06-16 04:50:46.468385
USD,,2Y,2023-09-13,4.96,federal_reserve_h15,DGS2,https://www.federalreserve.gov/datadownload/Output.aspx?rel=H15&series=bf17364827e38702b42a58cf8eaa3f78&lastObs=&from=&to=&filetype=csv&label=include&layout=seriescolumn&type=package,ok,2026-06-16 04:50:46.468385
USD,,2Y,2023-09-14,5.0,federal_reserve_h15,DGS2,https://www.federalreserve.gov/datadownload/Output.aspx?rel=H15&series=bf17364827e38702b42a58cf8eaa3f78&lastObs=&from=&to=&filetype=csv&label=include&layout=seriescolumn&type=package,ok,2026-06-16 04:50:46.468385
USD,,2Y,2023-09-15,5.02,federal_reserve_h15,DGS2,https://www.federalreserve.gov/datadownload/Output.aspx?rel=H15&series=bf17364827e38702b42a58cf8eaa3f78&lastObs=&from=&to=&filetype=csv&label=include&layout=seriescolumn&type=package,ok,2026-06-16 04:50:46.468385
USD,,2Y,2023-09-18,5.05,federal_reserve_h15,DGS2,https://www.federalreserve.gov/datadownload/Output.aspx?rel=H15&series=bf17364827e38702b42a58cf8eaa3f78&lastObs=&from=&to=&filetype=csv&label=include&layout=seriescolumn&type=package,ok,2026-06-16 04:50:46.468385
USD,,2Y,2023-09-19,5.08,federal_reserve_h15,DGS2,https://www.federalreserve.gov/datadownload/Output.aspx?rel=H15&series=bf17364827e38702b42a58cf8eaa3f78&lastObs=&from=&to=&filetype=csv&label=include&layout=seriescolumn&type=package,ok,2026-06-16 04:50:46.468385
USD,,2Y,2023-09-20,5.12,federal_reserve_h15,DGS2,https://www.federalreserve.gov/datadownload/Output.aspx?rel=H15&series=bf17364827e38702b42a58cf8eaa3f78&lastObs=&from=&to=&filetype=csv&label=include&layout=seriescolumn&type=package,ok,2026-06-16 04:50:46.468385
USD,,2Y,2023-09-21,5.12,federal_reserve_h15,DGS2,https://www.federalreserve.gov/datadownload/Output.aspx?rel=H15&series=bf17364827e38702b42a58cf8eaa3f78&lastObs=&from=&to=&filetype=csv&label=include&layout=seriescolumn&type=package,ok,2026-06-16 04:50:46.468385
USD,,2Y,2023-09-22,5.1,federal_reserve_h15,DGS2,https://www.federalreserve.gov/datadownload/Output.aspx?rel=H15&series=bf17364827e38702b42a58cf8eaa3f78&lastObs=&from=&to=&filetype=csv&label=include&layout=seriescolumn&type=package,ok,2026-06-16 04:50:46.468385
USD,,2Y,2023-09-25,5.09,federal_reserve_h15,DGS2,https://www.federalreserve.gov/datadownload/Output.aspx?rel=H15&series=bf17364827e38702b42a58cf8eaa3f78&lastObs=&from=&to=&filetype=csv&label=include&layout=seriescolumn&type=package,ok,2026-06-16 04:50:46.468385
USD,,2Y,2023-09-26,5.04,federal_reserve_h15,DGS2,https://www.federalreserve.gov/datadownload/Output.aspx?rel=H15&series=bf17364827e38702b42a58cf8eaa3f78&lastObs=&from=&to=&filetype=csv&label=include&layout=seriescolumn&type=package,ok,2026-06-16 04:50:46.468385
USD,,2Y,2023-09-27,5.1,federal_reserve_h15,DGS2,https://www.federalreserve.gov/datadownload/Output.aspx?rel=H15&series=bf17364827e38702b42a58cf8eaa3f78&lastObs=&from=&to=&filetype=csv&label=include&layout=seriescolumn&type=package,ok,2026-06-16 04:50:46.468385
USD,,2Y,2023-09-28,5.04,federal_reserve_h15,DGS2,https://www.federalreserve.gov/datadownload/Output.aspx?rel=H15&series=bf17364827e38702b42a58cf8eaa3f78&lastObs=&from=&to=&filetype=csv&label=include&layout=seriescolumn&type=package,ok,2026-06-16 04:50:46.468385
USD,,2Y,2023-09-29,5.03,federal_reserve_h15,DGS2,https://www.federalreserve.gov/datadownload/Output.aspx?rel=H15&series=bf17364827e38702b42a58cf8eaa3f78&lastObs=&from=&to=&filetype=csv&label=include&layout=seriescolumn&type=package,ok,2026-06-16 04:50:46.468385
USD,,2Y,2023-10-02,5.12,federal_reserve_h15,DGS2,https://www.federalreserve.gov/datadownload/Output.aspx?rel=H15&series=bf17364827e38702b42a58cf8eaa3f78&lastObs=&from=&to=&filetype=csv&label=include&layout=seriescolumn&type=package,ok,2026-06-16 04:50:46.468385
USD,,2Y,2023-10-03,5.15,federal_reserve_h15,DGS2,https://www.federalreserve.gov/datadownload/Output.aspx?rel=H15&series=bf17364827e38702b42a58cf8eaa3f78&lastObs=&from=&to=&filetype=csv&label=include&layout=seriescolumn&type=package,ok,2026-06-16 04:50:46.468385
USD,,2Y,2023-10-04,5.05,federal_reserve_h15,DGS2,https://www.federalreserve.gov/datadownload/Output.aspx?rel=H15&series=bf17364827e38702b42a58cf8eaa3f78&lastObs=&from=&to=&filetype=csv&label=include&layout=seriescolumn&type=package,ok,2026-06-16 04:50:46.468385
USD,,2Y,2023-10-05,5.03,federal_reserve_h15,DGS2,https://www.federalreserve.gov/datadownload/Output.aspx?rel=H15&series=bf17364827e38702b42a58cf8eaa3f78&lastObs=&from=&to=&filetype=csv&label=include&layout=seriescolumn&type=package,ok,2026-06-16 04:50:46.468385
USD,,2Y,2023-10-06,5.08,federal_reserve_h15,DGS2,https://www.federalreserve.gov/datadownload/Output.aspx?rel=H15&series=bf17364827e38702b42a58cf8eaa3f78&lastObs=&from=&to=&filetype=csv&label=include&layout=seriescolumn&type=package,ok,2026-06-16 04:50:46.468385
USD,,2Y,2023-10-10,4.96,federal_reserve_h15,DGS2,https://www.federalreserve.gov/datadownload/Output.aspx?rel=H15&series=bf17364827e38702b42a58cf8eaa3f78&lastObs=&from=&to=&filetype=csv&label=include&layout=seriescolumn&type=package,ok,2026-06-16 04:50:46.468385
USD,,2Y,2023-10-11,4.99,federal_reserve_h15,DGS2,https://www.federalreserve.gov/datadownload/Output.aspx?rel=H15&series=bf17364827e38702b42a58cf8eaa3f78&lastObs=&from=&to=&filetype=csv&label=include&layout=seriescolumn&type=package,ok,2026-06-16 04:50:46.468385
USD,,2Y,2023-10-12,5.06,federal_reserve_h15,DGS2,https://www.federalreserve.gov/datadownload/Output.aspx?rel=H15&series=bf17364827e38702b42a58cf8eaa3f78&lastObs=&from=&to=&filetype=csv&label=include&layout=seriescolumn&type=package,ok,2026-06-16 04:50:46.468385
USD,,2Y,2023-10-13,5.04,federal_reserve_h15,DGS2,https://www.federalreserve.gov/datadownload/Output.aspx?rel=H15&series=bf17364827e38702b42a58cf8eaa3f78&lastObs=&from=&to=&filetype=csv&label=include&layout=seriescolumn&type=package,ok,2026-06-16 04:50:46.468385
USD,,2Y,2023-10-16,5.09,federal_reserve_h15,DGS2,https://www.federalreserve.gov/datadownload/Output.aspx?rel=H15&series=bf17364827e38702b42a58cf8eaa3f78&lastObs=&from=&to=&filetype=csv&label=include&layout=seriescolumn&type=package,ok,2026-06-16 04:50:46.468385
USD,,2Y,2023-10-17,5.19,federal_reserve_h15,DGS2,https://www.federalreserve.gov/datadownload/Output.aspx?rel=H15&series=bf17364827e38702b42a58cf8eaa3f78&lastObs=&from=&to=&filetype=csv&label=include&layout=seriescolumn&type=package,ok,2026-06-16 04:50:46.468385
USD,,2Y,2023-10-18,5.19,federal_reserve_h15,DGS2,https://www.federalreserve.gov/datadownload/Output.aspx?rel=H15&series=bf17364827e38702b42a58cf8eaa3f78&lastObs=&from=&to=&filetype=csv&label=include&layout=seriescolumn&type=package,ok,2026-06-16 04:50:46.468385
USD,,2Y,2023-10-19,5.14,federal_reserve_h15,DGS2,https://www.federalreserve.gov/datadownload/Output.aspx?rel=H15&series=bf17364827e38702b42a58cf8eaa3f78&lastObs=&from=&to=&filetype=csv&label=include&layout=seriescolumn&type=package,ok,2026-06-16 04:50:46.468385
USD,,2Y,2023-10-20,5.07,federal_reserve_h15,DGS2,https://www.federalreserve.gov/datadownload/Output.aspx?rel=H15&series=bf17364827e38702b42a58cf8eaa3f78&lastObs=&from=&to=&filetype=csv&label=include&layout=seriescolumn&type=package,ok,2026-06-16 04:50:46.468385
USD,,2Y,2023-10-23,5.05,federal_reserve_h15,DGS2,https://www.federalreserve.gov/datadownload/Output.aspx?rel=H15&series=bf17364827e38702b42a58cf8eaa3f78&lastObs=&from=&to=&filetype=csv&label=include&layout=seriescolumn&type=package,ok,2026-06-16 04:50:46.468385
USD,,2Y,2023-10-24,5.02,federal_reserve_h15,DGS2,https://www.federalreserve.gov/datadownload/Output.aspx?rel=H15&series=bf17364827e38702b42a58cf8eaa3f78&lastObs=&from=&to=&filetype=csv&label=include&layout=seriescolumn&type=package,ok,2026-06-16 04:50:46.468385
USD,,2Y,2023-10-25,5.08,federal_reserve_h15,DGS2,https://www.federalreserve.gov/datadownload/Output.aspx?rel=H15&series=bf17364827e38702b42a58cf8eaa3f78&lastObs=&from=&to=&filetype=csv&label=include&layout=seriescolumn&type=package,ok,2026-06-16 04:50:46.468385
USD,,2Y,2023-10-26,5.02,federal_reserve_h15,DGS2,https://www.federalreserve.gov/datadownload/Output.aspx?rel=H15&series=bf17364827e38702b42a58cf8eaa3f78&lastObs=&from=&to=&filetype=csv&label=include&layout=seriescolumn&type=package,ok,2026-06-16 04:50:46.468385
USD,,2Y,2023-10-27,4.99,federal_reserve_h15,DGS2,https://www.federalreserve.gov/datadownload/Output.aspx?rel=H15&series=bf17364827e38702b42a58cf8eaa3f78&lastObs=&from=&to=&filetype=csv&label=include&layout=seriescolumn&type=package,ok,2026-06-16 04:50:46.468385
USD,,2Y,2023-10-30,5.03,federal_reserve_h15,DGS2,https://www.federalreserve.gov/datadownload/Output.aspx?rel=H15&series=bf17364827e38702b42a58cf8eaa3f78&lastObs=&from=&to=&filetype=csv&label=include&layout=seriescolumn&type=package,ok,2026-06-16 04:50:46.468385
USD,,2Y,2023-10-31,5.07,federal_reserve_h15,DGS2,https://www.federalreserve.gov/datadownload/Output.aspx?rel=H15&series=bf17364827e38702b42a58cf8eaa3f78&lastObs=&from=&to=&filetype=csv&label=include&layout=seriescolumn&type=package,ok,2026-06-16 04:50:46.468385
USD,,2Y,2023-11-01,4.95,federal_reserve_h15,DGS2,https://www.federalreserve.gov/datadownload/Output.aspx?rel=H15&series=bf17364827e38702b42a58cf8eaa3f78&lastObs=&from=&to=&filetype=csv&label=include&layout=seriescolumn&type=package,ok,2026-06-16 04:50:46.468385
USD,,2Y,2023-11-02,4.98,federal_reserve_h15,DGS2,https://www.federalreserve.gov/datadownload/Output.aspx?rel=H15&series=bf17364827e38702b42a58cf8eaa3f78&lastObs=&from=&to=&filetype=csv&label=include&layout=seriescolumn&type=package,ok,2026-06-16 04:50:46.468385
USD,,2Y,2023-11-03,4.83,federal_reserve_h15,DGS2,https://www.federalreserve.gov/datadownload/Output.aspx?rel=H15&series=bf17364827e38702b42a58cf8eaa3f78&lastObs=&from=&to=&filetype=csv&label=include&layout=seriescolumn&type=package,ok,2026-06-16 04:50:46.468385
USD,,2Y,2023-11-06,4.93,federal_reserve_h15,DGS2,https://www.federalreserve.gov/datadownload/Output.aspx?rel=H15&series=bf17364827e38702b42a58cf8eaa3f78&lastObs=&from=&to=&filetype=csv&label=include&layout=seriescolumn&type=package,ok,2026-06-16 04:50:46.468385
USD,,2Y,2023-11-07,4.91,federal_reserve_h15,DGS2,https://www.federalreserve.gov/datadownload/Output.aspx?rel=H15&series=bf17364827e38702b42a58cf8eaa3f78&lastObs=&from=&to=&filetype=csv&label=include&layout=seriescolumn&type=package,ok,2026-06-16 04:50:46.468385
USD,,2Y,2023-11-08,4.93,federal_reserve_h15,DGS2,https://www.federalreserve.gov/datadownload/Output.aspx?rel=H15&series=bf17364827e38702b42a58cf8eaa3f78&lastObs=&from=&to=&filetype=csv&label=include&layout=seriescolumn&type=package,ok,2026-06-16 04:50:46.468385
USD,,2Y,2023-11-09,5.03,federal_reserve_h15,DGS2,https://www.federalreserve.gov/datadownload/Output.aspx?rel=H15&series=bf17364827e38702b42a58cf8eaa3f78&lastObs=&from=&to=&filetype=csv&label=include&layout=seriescolumn&type=package,ok,2026-06-16 04:50:46.468385
USD,,2Y,2023-11-10,5.04,federal_reserve_h15,DGS2,https://www.federalreserve.gov/datadownload/Output.aspx?rel=H15&series=bf17364827e38702b42a58cf8eaa3f78&lastObs=&from=&to=&filetype=csv&label=include&layout=seriescolumn&type=package,ok,2026-06-16 04:50:46.468385
USD,,2Y,2023-11-13,5.02,federal_reserve_h15,DGS2,https://www.federalreserve.gov/datadownload/Output.aspx?rel=H15&series=bf17364827e38702b42a58cf8eaa3f78&lastObs=&from=&to=&filetype=csv&label=include&layout=seriescolumn&type=package,ok,2026-06-16 04:50:46.468385
USD,,2Y,2023-11-14,4.8,federal_reserve_h15,DGS2,https://www.federalreserve.gov/datadownload/Output.aspx?rel=H15&series=bf17364827e38702b42a58cf8eaa3f78&lastObs=&from=&to=&filetype=csv&label=include&layout=seriescolumn&type=package,ok,2026-06-16 04:50:46.468385
USD,,2Y,2023-11-15,4.9,federal_reserve_h15,DGS2,https://www.federalreserve.gov/datadownload/Output.aspx?rel=H15&series=bf17364827e38702b42a58cf8eaa3f78&lastObs=&from=&to=&filetype=csv&label=include&layout=seriescolumn&type=package,ok,2026-06-16 04:50:46.468385
USD,,2Y,2023-11-16,4.83,federal_reserve_h15,DGS2,https://www.federalreserve.gov/datadownload/Output.aspx?rel=H15&series=bf17364827e38702b42a58cf8eaa3f78&lastObs=&from=&to=&filetype=csv&label=include&layout=seriescolumn&type=package,ok,2026-06-16 04:50:46.468385
USD,,2Y,2023-11-17,4.88,federal_reserve_h15,DGS2,https://www.federalreserve.gov/datadownload/Output.aspx?rel=H15&series=bf17364827e38702b42a58cf8eaa3f78&lastObs=&from=&to=&filetype=csv&label=include&layout=seriescolumn&type=package,ok,2026-06-16 04:50:46.468385
USD,,2Y,2023-11-20,4.89,federal_reserve_h15,DGS2,https://www.federalreserve.gov/datadownload/Output.aspx?rel=H15&series=bf17364827e38702b42a58cf8eaa3f78&lastObs=&from=&to=&filetype=csv&label=include&layout=seriescolumn&type=package,ok,2026-06-16 04:50:46.468385
USD,,2Y,2023-11-21,4.86,federal_reserve_h15,DGS2,https://www.federalreserve.gov/datadownload/Output.aspx?rel=H15&series=bf17364827e38702b42a58cf8eaa3f78&lastObs=&from=&to=&filetype=csv&label=include&layout=seriescolumn&type=package,ok,2026-06-16 04:50:46.468385
USD,,2Y,2023-11-22,4.89,federal_reserve_h15,DGS2,https://www.federalreserve.gov/datadownload/Output.aspx?rel=H15&series=bf17364827e38702b42a58cf8eaa3f78&lastObs=&from=&to=&filetype=csv&label=include&layout=seriescolumn&type=package,ok,2026-06-16 04:50:46.468385
USD,,2Y,2023-11-24,4.92,federal_reserve_h15,DGS2,https://www.federalreserve.gov/datadownload/Output.aspx?rel=H15&series=bf17364827e38702b42a58cf8eaa3f78&lastObs=&from=&to=&filetype=csv&label=include&layout=seriescolumn&type=package,ok,2026-06-16 04:50:46.468385
USD,,2Y,2023-11-27,4.84,federal_reserve_h15,DGS2,https://www.federalreserve.gov/datadownload/Output.aspx?rel=H15&series=bf17364827e38702b42a58cf8eaa3f78&lastObs=&from=&to=&filetype=csv&label=include&layout=seriescolumn&type=package,ok,2026-06-16 04:50:46.468385
USD,,2Y,2023-11-28,4.73,federal_reserve_h15,DGS2,https://www.federalreserve.gov/datadownload/Output.aspx?rel=H15&series=bf17364827e38702b42a58cf8eaa3f78&lastObs=&from=&to=&filetype=csv&label=include&layout=seriescolumn&type=package,ok,2026-06-16 04:50:46.468385
USD,,2Y,2023-11-29,4.64,federal_reserve_h15,DGS2,https://www.federalreserve.gov/datadownload/Output.aspx?rel=H15&series=bf17364827e38702b42a58cf8eaa3f78&lastObs=&from=&to=&filetype=csv&label=include&layout=seriescolumn&type=package,ok,2026-06-16 04:50:46.468385
USD,,2Y,2023-11-30,4.73,federal_reserve_h15,DGS2,https://www.federalreserve.gov/datadownload/Output.aspx?rel=H15&series=bf17364827e38702b42a58cf8eaa3f78&lastObs=&from=&to=&filetype=csv&label=include&layout=seriescolumn&type=package,ok,2026-06-16 04:50:46.468385
USD,,2Y,2023-12-01,4.56,federal_reserve_h15,DGS2,https://www.federalreserve.gov/datadownload/Output.aspx?rel=H15&series=bf17364827e38702b42a58cf8eaa3f78&lastObs=&from=&to=&filetype=csv&label=include&layout=seriescolumn&type=package,ok,2026-06-16 04:50:46.468385
USD,,2Y,2023-12-04,4.64,federal_reserve_h15,DGS2,https://www.federalreserve.gov/datadownload/Output.aspx?rel=H15&series=bf17364827e38702b42a58cf8eaa3f78&lastObs=&from=&to=&filetype=csv&label=include&layout=seriescolumn&type=package,ok,2026-06-16 04:50:46.468385
USD,,2Y,2023-12-05,4.57,federal_reserve_h15,DGS2,https://www.federalreserve.gov/datadownload/Output.aspx?rel=H15&series=bf17364827e38702b42a58cf8eaa3f78&lastObs=&from=&to=&filetype=csv&label=include&layout=seriescolumn&type=package,ok,2026-06-16 04:50:46.468385
USD,,2Y,2023-12-06,4.6,federal_reserve_h15,DGS2,https://www.federalreserve.gov/datadownload/Output.aspx?rel=H15&series=bf17364827e38702b42a58cf8eaa3f78&lastObs=&from=&to=&filetype=csv&label=include&layout=seriescolumn&type=package,ok,2026-06-16 04:50:46.468385
USD,,2Y,2023-12-07,4.58,federal_reserve_h15,DGS2,https://www.federalreserve.gov/datadownload/Output.aspx?rel=H15&series=bf17364827e38702b42a58cf8eaa3f78&lastObs=&from=&to=&filetype=csv&label=include&layout=seriescolumn&type=package,ok,2026-06-16 04:50:46.468385
USD,,2Y,2023-12-08,4.71,federal_reserve_h15,DGS2,https://www.federalreserve.gov/datadownload/Output.aspx?rel=H15&series=bf17364827e38702b42a58cf8eaa3f78&lastObs=&from=&to=&filetype=csv&label=include&layout=seriescolumn&type=package,ok,2026-06-16 04:50:46.468385
USD,,2Y,2023-12-11,4.71,federal_reserve_h15,DGS2,https://www.federalreserve.gov/datadownload/Output.aspx?rel=H15&series=bf17364827e38702b42a58cf8eaa3f78&lastObs=&from=&to=&filetype=csv&label=include&layout=seriescolumn&type=package,ok,2026-06-16 04:50:46.468385
USD,,2Y,2023-12-12,4.73,federal_reserve_h15,DGS2,https://www.federalreserve.gov/datadownload/Output.aspx?rel=H15&series=bf17364827e38702b42a58cf8eaa3f78&lastObs=&from=&to=&filetype=csv&label=include&layout=seriescolumn&type=package,ok,2026-06-16 04:50:46.468385
USD,,2Y,2023-12-13,4.46,federal_reserve_h15,DGS2,https://www.federalreserve.gov/datadownload/Output.aspx?rel=H15&series=bf17364827e38702b42a58cf8eaa3f78&lastObs=&from=&to=&filetype=csv&label=include&layout=seriescolumn&type=package,ok,2026-06-16 04:50:46.468385
USD,,2Y,2023-12-14,4.37,federal_reserve_h15,DGS2,https://www.federalreserve.gov/datadownload/Output.aspx?rel=H15&series=bf17364827e38702b42a58cf8eaa3f78&lastObs=&from=&to=&filetype=csv&label=include&layout=seriescolumn&type=package,ok,2026-06-16 04:50:46.468385
USD,,2Y,2023-12-15,4.44,federal_reserve_h15,DGS2,https://www.federalreserve.gov/datadownload/Output.aspx?rel=H15&series=bf17364827e38702b42a58cf8eaa3f78&lastObs=&from=&to=&filetype=csv&label=include&layout=seriescolumn&type=package,ok,2026-06-16 04:50:46.468385
USD,,2Y,2023-12-18,4.43,federal_reserve_h15,DGS2,https://www.federalreserve.gov/datadownload/Output.aspx?rel=H15&series=bf17364827e38702b42a58cf8eaa3f78&lastObs=&from=&to=&filetype=csv&label=include&layout=seriescolumn&type=package,ok,2026-06-16 04:50:46.468385
USD,,2Y,2023-12-19,4.41,federal_reserve_h15,DGS2,https://www.federalreserve.gov/datadownload/Output.aspx?rel=H15&series=bf17364827e38702b42a58cf8eaa3f78&lastObs=&from=&to=&filetype=csv&label=include&layout=seriescolumn&type=package,ok,2026-06-16 04:50:46.468385
USD,,2Y,2023-12-20,4.34,federal_reserve_h15,DGS2,https://www.federalreserve.gov/datadownload/Output.aspx?rel=H15&series=bf17364827e38702b42a58cf8eaa3f78&lastObs=&from=&to=&filetype=csv&label=include&layout=seriescolumn&type=package,ok,2026-06-16 04:50:46.468385
USD,,2Y,2023-12-21,4.33,federal_reserve_h15,DGS2,https://www.federalreserve.gov/datadownload/Output.aspx?rel=H15&series=bf17364827e38702b42a58cf8eaa3f78&lastObs=&from=&to=&filetype=csv&label=include&layout=seriescolumn&type=package,ok,2026-06-16 04:50:46.468385
USD,,2Y,2023-12-22,4.31,federal_reserve_h15,DGS2,https://www.federalreserve.gov/datadownload/Output.aspx?rel=H15&series=bf17364827e38702b42a58cf8eaa3f78&lastObs=&from=&to=&filetype=csv&label=include&layout=seriescolumn&type=package,ok,2026-06-16 04:50:46.468385
USD,,2Y,2023-12-26,4.26,federal_reserve_h15,DGS2,https://www.federalreserve.gov/datadownload/Output.aspx?rel=H15&series=bf17364827e38702b42a58cf8eaa3f78&lastObs=&from=&to=&filetype=csv&label=include&layout=seriescolumn&type=package,ok,2026-06-16 04:50:46.468385
USD,,2Y,2023-12-27,4.2,federal_reserve_h15,DGS2,https://www.federalreserve.gov/datadownload/Output.aspx?rel=H15&series=bf17364827e38702b42a58cf8eaa3f78&lastObs=&from=&to=&filetype=csv&label=include&layout=seriescolumn&type=package,ok,2026-06-16 04:50:46.468385
USD,,2Y,2023-12-28,4.26,federal_reserve_h15,DGS2,https://www.federalreserve.gov/datadownload/Output.aspx?rel=H15&series=bf17364827e38702b42a58cf8eaa3f78&lastObs=&from=&to=&filetype=csv&label=include&layout=seriescolumn&type=package,ok,2026-06-16 04:50:46.468385
USD,,2Y,2023-12-29,4.23,federal_reserve_h15,DGS2,https://www.federalreserve.gov/datadownload/Output.aspx?rel=H15&series=bf17364827e38702b42a58cf8eaa3f78&lastObs=&from=&to=&filetype=csv&label=include&layout=seriescolumn&type=package,ok,2026-06-16 04:50:46.468385
USD,,2Y,2024-01-02,4.33,federal_reserve_h15,DGS2,https://www.federalreserve.gov/datadownload/Output.aspx?rel=H15&series=bf17364827e38702b42a58cf8eaa3f78&lastObs=&from=&to=&filetype=csv&label=include&layout=seriescolumn&type=package,ok,2026-06-16 04:50:46.468385
USD,,2Y,2024-01-03,4.33,federal_reserve_h15,DGS2,https://www.federalreserve.gov/datadownload/Output.aspx?rel=H15&series=bf17364827e38702b42a58cf8eaa3f78&lastObs=&from=&to=&filetype=csv&label=include&layout=seriescolumn&type=package,ok,2026-06-16 04:50:46.468385
USD,,2Y,2024-01-04,4.38,federal_reserve_h15,DGS2,https://www.federalreserve.gov/datadownload/Output.aspx?rel=H15&series=bf17364827e38702b42a58cf8eaa3f78&lastObs=&from=&to=&filetype=csv&label=include&layout=seriescolumn&type=package,ok,2026-06-16 04:50:46.468385
USD,,2Y,2024-01-05,4.4,federal_reserve_h15,DGS2,https://www.federalreserve.gov/datadownload/Output.aspx?rel=H15&series=bf17364827e38702b42a58cf8eaa3f78&lastObs=&from=&to=&filetype=csv&label=include&layout=seriescolumn&type=package,ok,2026-06-16 04:50:46.468385
USD,,2Y,2024-01-08,4.36,federal_reserve_h15,DGS2,https://www.federalreserve.gov/datadownload/Output.aspx?rel=H15&series=bf17364827e38702b42a58cf8eaa3f78&lastObs=&from=&to=&filetype=csv&label=include&layout=seriescolumn&type=package,ok,2026-06-16 04:50:46.468385
USD,,2Y,2024-01-09,4.36,federal_reserve_h15,DGS2,https://www.federalreserve.gov/datadownload/Output.aspx?rel=H15&series=bf17364827e38702b42a58cf8eaa3f78&lastObs=&from=&to=&filetype=csv&label=include&layout=seriescolumn&type=package,ok,2026-06-16 04:50:46.468385
USD,,2Y,2024-01-10,4.37,federal_reserve_h15,DGS2,https://www.federalreserve.gov/datadownload/Output.aspx?rel=H15&series=bf17364827e38702b42a58cf8eaa3f78&lastObs=&from=&to=&filetype=csv&label=include&layout=seriescolumn&type=package,ok,2026-06-16 04:50:46.468385
USD,,2Y,2024-01-11,4.26,federal_reserve_h15,DGS2,https://www.federalreserve.gov/datadownload/Output.aspx?rel=H15&series=bf17364827e38702b42a58cf8eaa3f78&lastObs=&from=&to=&filetype=csv&label=include&layout=seriescolumn&type=package,ok,2026-06-16 04:50:46.468385
USD,,2Y,2024-01-12,4.14,federal_reserve_h15,DGS2,https://www.federalreserve.gov/datadownload/Output.aspx?rel=H15&series=bf17364827e38702b42a58cf8eaa3f78&lastObs=&from=&to=&filetype=csv&label=include&layout=seriescolumn&type=package,ok,2026-06-16 04:50:46.468385
USD,,2Y,2024-01-16,4.22,federal_reserve_h15,DGS2,https://www.federalreserve.gov/datadownload/Output.aspx?rel=H15&series=bf17364827e38702b42a58cf8eaa3f78&lastObs=&from=&to=&filetype=csv&label=include&layout=seriescolumn&type=package,ok,2026-06-16 04:50:46.468385
USD,,2Y,2024-01-17,4.34,federal_reserve_h15,DGS2,https://www.federalreserve.gov/datadownload/Output.aspx?rel=H15&series=bf17364827e38702b42a58cf8eaa3f78&lastObs=&from=&to=&filetype=csv&label=include&layout=seriescolumn&type=package,ok,2026-06-16 04:50:46.468385
USD,,2Y,2024-01-18,4.34,federal_reserve_h15,DGS2,https://www.federalreserve.gov/datadownload/Output.aspx?rel=H15&series=bf17364827e38702b42a58cf8eaa3f78&lastObs=&from=&to=&filetype=csv&label=include&layout=seriescolumn&type=package,ok,2026-06-16 04:50:46.468385
USD,,2Y,2024-01-19,4.39,federal_reserve_h15,DGS2,https://www.federalreserve.gov/datadownload/Output.aspx?rel=H15&series=bf17364827e38702b42a58cf8eaa3f78&lastObs=&from=&to=&filetype=csv&label=include&layout=seriescolumn&type=package,ok,2026-06-16 04:50:46.468385
USD,,2Y,2024-01-22,4.37,federal_reserve_h15,DGS2,https://www.federalreserve.gov/datadownload/Output.aspx?rel=H15&series=bf17364827e38702b42a58cf8eaa3f78&lastObs=&from=&to=&filetype=csv&label=include&layout=seriescolumn&type=package,ok,2026-06-16 04:50:46.468385
USD,,2Y,2024-01-23,4.31,federal_reserve_h15,DGS2,https://www.federalreserve.gov/datadownload/Output.aspx?rel=H15&series=bf17364827e38702b42a58cf8eaa3f78&lastObs=&from=&to=&filetype=csv&label=include&layout=seriescolumn&type=package,ok,2026-06-16 04:50:46.468385
USD,,2Y,2024-01-24,4.34,federal_reserve_h15,DGS2,https://www.federalreserve.gov/datadownload/Output.aspx?rel=H15&series=bf17364827e38702b42a58cf8eaa3f78&lastObs=&from=&to=&filetype=csv&label=include&layout=seriescolumn&type=package,ok,2026-06-16 04:50:46.468385
USD,,2Y,2024-01-25,4.28,federal_reserve_h15,DGS2,https://www.federalreserve.gov/datadownload/Output.aspx?rel=H15&series=bf17364827e38702b42a58cf8eaa3f78&lastObs=&from=&to=&filetype=csv&label=include&layout=seriescolumn&type=package,ok,2026-06-16 04:50:46.468385
USD,,2Y,2024-01-26,4.34,federal_reserve_h15,DGS2,https://www.federalreserve.gov/datadownload/Output.aspx?rel=H15&series=bf17364827e38702b42a58cf8eaa3f78&lastObs=&from=&to=&filetype=csv&label=include&layout=seriescolumn&type=package,ok,2026-06-16 04:50:46.468385
USD,,2Y,2024-01-29,4.29,federal_reserve_h15,DGS2,https://www.federalreserve.gov/datadownload/Output.aspx?rel=H15&series=bf17364827e38702b42a58cf8eaa3f78&lastObs=&from=&to=&filetype=csv&label=include&layout=seriescolumn&type=package,ok,2026-06-16 04:50:46.468385
USD,,2Y,2024-01-30,4.36,federal_reserve_h15,DGS2,https://www.federalreserve.gov/datadownload/Output.aspx?rel=H15&series=bf17364827e38702b42a58cf8eaa3f78&lastObs=&from=&to=&filetype=csv&label=include&layout=seriescolumn&type=package,ok,2026-06-16 04:50:46.468385
USD,,2Y,2024-01-31,4.27,federal_reserve_h15,DGS2,https://www.federalreserve.gov/datadownload/Output.aspx?rel=H15&series=bf17364827e38702b42a58cf8eaa3f78&lastObs=&from=&to=&filetype=csv&label=include&layout=seriescolumn&type=package,ok,2026-06-16 04:50:46.468385
USD,,2Y,2024-02-01,4.2,federal_reserve_h15,DGS2,https://www.federalreserve.gov/datadownload/Output.aspx?rel=H15&series=bf17364827e38702b42a58cf8eaa3f78&lastObs=&from=&to=&filetype=csv&label=include&layout=seriescolumn&type=package,ok,2026-06-16 04:50:46.468385
USD,,2Y,2024-02-02,4.36,federal_reserve_h15,DGS2,https://www.federalreserve.gov/datadownload/Output.aspx?rel=H15&series=bf17364827e38702b42a58cf8eaa3f78&lastObs=&from=&to=&filetype=csv&label=include&layout=seriescolumn&type=package,ok,2026-06-16 04:50:46.468385
USD,,2Y,2024-02-05,4.46,federal_reserve_h15,DGS2,https://www.federalreserve.gov/datadownload/Output.aspx?rel=H15&series=bf17364827e38702b42a58cf8eaa3f78&lastObs=&from=&to=&filetype=csv&label=include&layout=seriescolumn&type=package,ok,2026-06-16 04:50:46.468385
USD,,2Y,2024-02-06,4.39,federal_reserve_h15,DGS2,https://www.federalreserve.gov/datadownload/Output.aspx?rel=H15&series=bf17364827e38702b42a58cf8eaa3f78&lastObs=&from=&to=&filetype=csv&label=include&layout=seriescolumn&type=package,ok,2026-06-16 04:50:46.468385
USD,,2Y,2024-02-07,4.41,federal_reserve_h15,DGS2,https://www.federalreserve.gov/datadownload/Output.aspx?rel=H15&series=bf17364827e38702b42a58cf8eaa3f78&lastObs=&from=&to=&filetype=csv&label=include&layout=seriescolumn&type=package,ok,2026-06-16 04:50:46.468385
USD,,2Y,2024-02-08,4.46,federal_reserve_h15,DGS2,https://www.federalreserve.gov/datadownload/Output.aspx?rel=H15&series=bf17364827e38702b42a58cf8eaa3f78&lastObs=&from=&to=&filetype=csv&label=include&layout=seriescolumn&type=package,ok,2026-06-16 04:50:46.468385
USD,,2Y,2024-02-09,4.48,federal_reserve_h15,DGS2,https://www.federalreserve.gov/datadownload/Output.aspx?rel=H15&series=bf17364827e38702b42a58cf8eaa3f78&lastObs=&from=&to=&filetype=csv&label=include&layout=seriescolumn&type=package,ok,2026-06-16 04:50:46.468385
USD,,2Y,2024-02-12,4.46,federal_reserve_h15,DGS2,https://www.federalreserve.gov/datadownload/Output.aspx?rel=H15&series=bf17364827e38702b42a58cf8eaa3f78&lastObs=&from=&to=&filetype=csv&label=include&layout=seriescolumn&type=package,ok,2026-06-16 04:50:46.468385
USD,,2Y,2024-02-13,4.64,federal_reserve_h15,DGS2,https://www.federalreserve.gov/datadownload/Output.aspx?rel=H15&series=bf17364827e38702b42a58cf8eaa3f78&lastObs=&from=&to=&filetype=csv&label=include&layout=seriescolumn&type=package,ok,2026-06-16 04:50:46.468385
USD,,2Y,2024-02-14,4.56,federal_reserve_h15,DGS2,https://www.federalreserve.gov/datadownload/Output.aspx?rel=H15&series=bf17364827e38702b42a58cf8eaa3f78&lastObs=&from=&to=&filetype=csv&label=include&layout=seriescolumn&type=package,ok,2026-06-16 04:50:46.468385
USD,,2Y,2024-02-15,4.56,federal_reserve_h15,DGS2,https://www.federalreserve.gov/datadownload/Output.aspx?rel=H15&series=bf17364827e38702b42a58cf8eaa3f78&lastObs=&from=&to=&filetype=csv&label=include&layout=seriescolumn&type=package,ok,2026-06-16 04:50:46.468385
USD,,2Y,2024-02-16,4.64,federal_reserve_h15,DGS2,https://www.federalreserve.gov/datadownload/Output.aspx?rel=H15&series=bf17364827e38702b42a58cf8eaa3f78&lastObs=&from=&to=&filetype=csv&label=include&layout=seriescolumn&type=package,ok,2026-06-16 04:50:46.468385
USD,,2Y,2024-02-20,4.59,federal_reserve_h15,DGS2,https://www.federalreserve.gov/datadownload/Output.aspx?rel=H15&series=bf17364827e38702b42a58cf8eaa3f78&lastObs=&from=&to=&filetype=csv&label=include&layout=seriescolumn&type=package,ok,2026-06-16 04:50:46.468385
USD,,2Y,2024-02-21,4.64,federal_reserve_h15,DGS2,https://www.federalreserve.gov/datadownload/Output.aspx?rel=H15&series=bf17364827e38702b42a58cf8eaa3f78&lastObs=&from=&to=&filetype=csv&label=include&layout=seriescolumn&type=package,ok,2026-06-16 04:50:46.468385
USD,,2Y,2024-02-22,4.69,federal_reserve_h15,DGS2,https://www.federalreserve.gov/datadownload/Output.aspx?rel=H15&series=bf17364827e38702b42a58cf8eaa3f78&lastObs=&from=&to=&filetype=csv&label=include&layout=seriescolumn&type=package,ok,2026-06-16 04:50:46.468385
USD,,2Y,2024-02-23,4.67,federal_reserve_h15,DGS2,https://www.federalreserve.gov/datadownload/Output.aspx?rel=H15&series=bf17364827e38702b42a58cf8eaa3f78&lastObs=&from=&to=&filetype=csv&label=include&layout=seriescolumn&type=package,ok,2026-06-16 04:50:46.468385
USD,,2Y,2024-02-26,4.69,federal_reserve_h15,DGS2,https://www.federalreserve.gov/datadownload/Output.aspx?rel=H15&series=bf17364827e38702b42a58cf8eaa3f78&lastObs=&from=&to=&filetype=csv&label=include&layout=seriescolumn&type=package,ok,2026-06-16 04:50:46.468385
USD,,2Y,2024-02-27,4.7,federal_reserve_h15,DGS2,https://www.federalreserve.gov/datadownload/Output.aspx?rel=H15&series=bf17364827e38702b42a58cf8eaa3f78&lastObs=&from=&to=&filetype=csv&label=include&layout=seriescolumn&type=package,ok,2026-06-16 04:50:46.468385
USD,,2Y,2024-02-28,4.64,federal_reserve_h15,DGS2,https://www.federalreserve.gov/datadownload/Output.aspx?rel=H15&series=bf17364827e38702b42a58cf8eaa3f78&lastObs=&from=&to=&filetype=csv&label=include&layout=seriescolumn&type=package,ok,2026-06-16 04:50:46.468385
USD,,2Y,2024-02-29,4.64,federal_reserve_h15,DGS2,https://www.federalreserve.gov/datadownload/Output.aspx?rel=H15&series=bf17364827e38702b42a58cf8eaa3f78&lastObs=&from=&to=&filetype=csv&label=include&layout=seriescolumn&type=package,ok,2026-06-16 04:50:46.468385
USD,,2Y,2024-03-01,4.54,federal_reserve_h15,DGS2,https://www.federalreserve.gov/datadownload/Output.aspx?rel=H15&series=bf17364827e38702b42a58cf8eaa3f78&lastObs=&from=&to=&filetype=csv&label=include&layout=seriescolumn&type=package,ok,2026-06-16 04:50:46.468385
USD,,2Y,2024-03-04,4.61,federal_reserve_h15,DGS2,https://www.federalreserve.gov/datadownload/Output.aspx?rel=H15&series=bf17364827e38702b42a58cf8eaa3f78&lastObs=&from=&to=&filetype=csv&label=include&layout=seriescolumn&type=package,ok,2026-06-16 04:50:46.468385
USD,,2Y,2024-03-05,4.54,federal_reserve_h15,DGS2,https://www.federalreserve.gov/datadownload/Output.aspx?rel=H15&series=bf17364827e38702b42a58cf8eaa3f78&lastObs=&from=&to=&filetype=csv&label=include&layout=seriescolumn&type=package,ok,2026-06-16 04:50:46.468385
USD,,2Y,2024-03-06,4.55,federal_reserve_h15,DGS2,https://www.federalreserve.gov/datadownload/Output.aspx?rel=H15&series=bf17364827e38702b42a58cf8eaa3f78&lastObs=&from=&to=&filetype=csv&label=include&layout=seriescolumn&type=package,ok,2026-06-16 04:50:46.468385
USD,,2Y,2024-03-07,4.5,federal_reserve_h15,DGS2,https://www.federalreserve.gov/datadownload/Output.aspx?rel=H15&series=bf17364827e38702b42a58cf8eaa3f78&lastObs=&from=&to=&filetype=csv&label=include&layout=seriescolumn&type=package,ok,2026-06-16 04:50:46.468385
USD,,2Y,2024-03-08,4.48,federal_reserve_h15,DGS2,https://www.federalreserve.gov/datadownload/Output.aspx?rel=H15&series=bf17364827e38702b42a58cf8eaa3f78&lastObs=&from=&to=&filetype=csv&label=include&layout=seriescolumn&type=package,ok,2026-06-16 04:50:46.468385
USD,,2Y,2024-03-11,4.51,federal_reserve_h15,DGS2,https://www.federalreserve.gov/datadownload/Output.aspx?rel=H15&series=bf17364827e38702b42a58cf8eaa3f78&lastObs=&from=&to=&filetype=csv&label=include&layout=seriescolumn&type=package,ok,2026-06-16 04:50:46.468385
USD,,2Y,2024-03-12,4.58,federal_reserve_h15,DGS2,https://www.federalreserve.gov/datadownload/Output.aspx?rel=H15&series=bf17364827e38702b42a58cf8eaa3f78&lastObs=&from=&to=&filetype=csv&label=include&layout=seriescolumn&type=package,ok,2026-06-16 04:50:46.468385
USD,,2Y,2024-03-13,4.61,federal_reserve_h15,DGS2,https://www.federalreserve.gov/datadownload/Output.aspx?rel=H15&series=bf17364827e38702b42a58cf8eaa3f78&lastObs=&from=&to=&filetype=csv&label=include&layout=seriescolumn&type=package,ok,2026-06-16 04:50:46.468385
USD,,2Y,2024-03-14,4.68,federal_reserve_h15,DGS2,https://www.federalreserve.gov/datadownload/Output.aspx?rel=H15&series=bf17364827e38702b42a58cf8eaa3f78&lastObs=&from=&to=&filetype=csv&label=include&layout=seriescolumn&type=package,ok,2026-06-16 04:50:46.468385
USD,,2Y,2024-03-15,4.72,federal_reserve_h15,DGS2,https://www.federalreserve.gov/datadownload/Output.aspx?rel=H15&series=bf17364827e38702b42a58cf8eaa3f78&lastObs=&from=&to=&filetype=csv&label=include&layout=seriescolumn&type=package,ok,2026-06-16 04:50:46.468385
USD,,2Y,2024-03-18,4.73,federal_reserve_h15,DGS2,https://www.federalreserve.gov/datadownload/Output.aspx?rel=H15&series=bf17364827e38702b42a58cf8eaa3f78&lastObs=&from=&to=&filetype=csv&label=include&layout=seriescolumn&type=package,ok,2026-06-16 04:50:46.468385
USD,,2Y,2024-03-19,4.68,federal_reserve_h15,DGS2,https://www.federalreserve.gov/datadownload/Output.aspx?rel=H15&series=bf17364827e38702b42a58cf8eaa3f78&lastObs=&from=&to=&filetype=csv&label=include&layout=seriescolumn&type=package,ok,2026-06-16 04:50:46.468385
USD,,2Y,2024-03-20,4.59,federal_reserve_h15,DGS2,https://www.federalreserve.gov/datadownload/Output.aspx?rel=H15&series=bf17364827e38702b42a58cf8eaa3f78&lastObs=&from=&to=&filetype=csv&label=include&layout=seriescolumn&type=package,ok,2026-06-16 04:50:46.468385
USD,,2Y,2024-03-21,4.62,federal_reserve_h15,DGS2,https://www.federalreserve.gov/datadownload/Output.aspx?rel=H15&series=bf17364827e38702b42a58cf8eaa3f78&lastObs=&from=&to=&filetype=csv&label=include&layout=seriescolumn&type=package,ok,2026-06-16 04:50:46.468385
USD,,2Y,2024-03-22,4.59,federal_reserve_h15,DGS2,https://www.federalreserve.gov/datadownload/Output.aspx?rel=H15&series=bf17364827e38702b42a58cf8eaa3f78&lastObs=&from=&to=&filetype=csv&label=include&layout=seriescolumn&type=package,ok,2026-06-16 04:50:46.468385
USD,,2Y,2024-03-25,4.54,federal_reserve_h15,DGS2,https://www.federalreserve.gov/datadownload/Output.aspx?rel=H15&series=bf17364827e38702b42a58cf8eaa3f78&lastObs=&from=&to=&filetype=csv&label=include&layout=seriescolumn&type=package,ok,2026-06-16 04:50:46.468385
USD,,2Y,2024-03-26,4.56,federal_reserve_h15,DGS2,https://www.federalreserve.gov/datadownload/Output.aspx?rel=H15&series=bf17364827e38702b42a58cf8eaa3f78&lastObs=&from=&to=&filetype=csv&label=include&layout=seriescolumn&type=package,ok,2026-06-16 04:50:46.468385
USD,,2Y,2024-03-27,4.54,federal_reserve_h15,DGS2,https://www.federalreserve.gov/datadownload/Output.aspx?rel=H15&series=bf17364827e38702b42a58cf8eaa3f78&lastObs=&from=&to=&filetype=csv&label=include&layout=seriescolumn&type=package,ok,2026-06-16 04:50:46.468385
USD,,2Y,2024-03-28,4.59,federal_reserve_h15,DGS2,https://www.federalreserve.gov/datadownload/Output.aspx?rel=H15&series=bf17364827e38702b42a58cf8eaa3f78&lastObs=&from=&to=&filetype=csv&label=include&layout=seriescolumn&type=package,ok,2026-06-16 04:50:46.468385
USD,,2Y,2024-04-01,4.72,federal_reserve_h15,DGS2,https://www.federalreserve.gov/datadownload/Output.aspx?rel=H15&series=bf17364827e38702b42a58cf8eaa3f78&lastObs=&from=&to=&filetype=csv&label=include&layout=seriescolumn&type=package,ok,2026-06-16 04:50:46.468385
USD,,2Y,2024-04-02,4.7,federal_reserve_h15,DGS2,https://www.federalreserve.gov/datadownload/Output.aspx?rel=H15&series=bf17364827e38702b42a58cf8eaa3f78&lastObs=&from=&to=&filetype=csv&label=include&layout=seriescolumn&type=package,ok,2026-06-16 04:50:46.468385
USD,,2Y,2024-04-03,4.68,federal_reserve_h15,DGS2,https://www.federalreserve.gov/datadownload/Output.aspx?rel=H15&series=bf17364827e38702b42a58cf8eaa3f78&lastObs=&from=&to=&filetype=csv&label=include&layout=seriescolumn&type=package,ok,2026-06-16 04:50:46.468385
USD,,2Y,2024-04-04,4.65,federal_reserve_h15,DGS2,https://www.federalreserve.gov/datadownload/Output.aspx?rel=H15&series=bf17364827e38702b42a58cf8eaa3f78&lastObs=&from=&to=&filetype=csv&label=include&layout=seriescolumn&type=package,ok,2026-06-16 04:50:46.468385
USD,,2Y,2024-04-05,4.73,federal_reserve_h15,DGS2,https://www.federalreserve.gov/datadownload/Output.aspx?rel=H15&series=bf17364827e38702b42a58cf8eaa3f78&lastObs=&from=&to=&filetype=csv&label=include&layout=seriescolumn&type=package,ok,2026-06-16 04:50:46.468385
USD,,2Y,2024-04-08,4.78,federal_reserve_h15,DGS2,https://www.federalreserve.gov/datadownload/Output.aspx?rel=H15&series=bf17364827e38702b42a58cf8eaa3f78&lastObs=&from=&to=&filetype=csv&label=include&layout=seriescolumn&type=package,ok,2026-06-16 04:50:46.468385
USD,,2Y,2024-04-09,4.74,federal_reserve_h15,DGS2,https://www.federalreserve.gov/datadownload/Output.aspx?rel=H15&series=bf17364827e38702b42a58cf8eaa3f78&lastObs=&from=&to=&filetype=csv&label=include&layout=seriescolumn&type=package,ok,2026-06-16 04:50:46.468385
USD,,2Y,2024-04-10,4.97,federal_reserve_h15,DGS2,https://www.federalreserve.gov/datadownload/Output.aspx?rel=H15&series=bf17364827e38702b42a58cf8eaa3f78&lastObs=&from=&to=&filetype=csv&label=include&layout=seriescolumn&type=package,ok,2026-06-16 04:50:46.468385
USD,,2Y,2024-04-11,4.93,federal_reserve_h15,DGS2,https://www.federalreserve.gov/datadownload/Output.aspx?rel=H15&series=bf17364827e38702b42a58cf8eaa3f78&lastObs=&from=&to=&filetype=csv&label=include&layout=seriescolumn&type=package,ok,2026-06-16 04:50:46.468385
USD,,2Y,2024-04-12,4.88,federal_reserve_h15,DGS2,https://www.federalreserve.gov/datadownload/Output.aspx?rel=H15&series=bf17364827e38702b42a58cf8eaa3f78&lastObs=&from=&to=&filetype=csv&label=include&layout=seriescolumn&type=package,ok,2026-06-16 04:50:46.468385
USD,,2Y,2024-04-15,4.93,federal_reserve_h15,DGS2,https://www.federalreserve.gov/datadownload/Output.aspx?rel=H15&series=bf17364827e38702b42a58cf8eaa3f78&lastObs=&from=&to=&filetype=csv&label=include&layout=seriescolumn&type=package,ok,2026-06-16 04:50:46.468385
USD,,2Y,2024-04-16,4.97,federal_reserve_h15,DGS2,https://www.federalreserve.gov/datadownload/Output.aspx?rel=H15&series=bf17364827e38702b42a58cf8eaa3f78&lastObs=&from=&to=&filetype=csv&label=include&layout=seriescolumn&type=package,ok,2026-06-16 04:50:46.468385
USD,,2Y,2024-04-17,4.93,federal_reserve_h15,DGS2,https://www.federalreserve.gov/datadownload/Output.aspx?rel=H15&series=bf17364827e38702b42a58cf8eaa3f78&lastObs=&from=&to=&filetype=csv&label=include&layout=seriescolumn&type=package,ok,2026-06-16 04:50:46.468385
USD,,2Y,2024-04-18,4.98,federal_reserve_h15,DGS2,https://www.federalreserve.gov/datadownload/Output.aspx?rel=H15&series=bf17364827e38702b42a58cf8eaa3f78&lastObs=&from=&to=&filetype=csv&label=include&layout=seriescolumn&type=package,ok,2026-06-16 04:50:46.468385
USD,,2Y,2024-04-19,4.97,federal_reserve_h15,DGS2,https://www.federalreserve.gov/datadownload/Output.aspx?rel=H15&series=bf17364827e38702b42a58cf8eaa3f78&lastObs=&from=&to=&filetype=csv&label=include&layout=seriescolumn&type=package,ok,2026-06-16 04:50:46.468385
USD,,2Y,2024-04-22,4.97,federal_reserve_h15,DGS2,https://www.federalreserve.gov/datadownload/Output.aspx?rel=H15&series=bf17364827e38702b42a58cf8eaa3f78&lastObs=&from=&to=&filetype=csv&label=include&layout=seriescolumn&type=package,ok,2026-06-16 04:50:46.468385
USD,,2Y,2024-04-23,4.86,federal_reserve_h15,DGS2,https://www.federalreserve.gov/datadownload/Output.aspx?rel=H15&series=bf17364827e38702b42a58cf8eaa3f78&lastObs=&from=&to=&filetype=csv&label=include&layout=seriescolumn&type=package,ok,2026-06-16 04:50:46.468385
USD,,2Y,2024-04-24,4.89,federal_reserve_h15,DGS2,https://www.federalreserve.gov/datadownload/Output.aspx?rel=H15&series=bf17364827e38702b42a58cf8eaa3f78&lastObs=&from=&to=&filetype=csv&label=include&layout=seriescolumn&type=package,ok,2026-06-16 04:50:46.468385
USD,,2Y,2024-04-25,4.96,federal_reserve_h15,DGS2,https://www.federalreserve.gov/datadownload/Output.aspx?rel=H15&series=bf17364827e38702b42a58cf8eaa3f78&lastObs=&from=&to=&filetype=csv&label=include&layout=seriescolumn&type=package,ok,2026-06-16 04:50:46.468385
USD,,2Y,2024-04-26,4.96,federal_reserve_h15,DGS2,https://www.federalreserve.gov/datadownload/Output.aspx?rel=H15&series=bf17364827e38702b42a58cf8eaa3f78&lastObs=&from=&to=&filetype=csv&label=include&layout=seriescolumn&type=package,ok,2026-06-16 04:50:46.468385
USD,,2Y,2024-04-29,4.97,federal_reserve_h15,DGS2,https://www.federalreserve.gov/datadownload/Output.aspx?rel=H15&series=bf17364827e38702b42a58cf8eaa3f78&lastObs=&from=&to=&filetype=csv&label=include&layout=seriescolumn&type=package,ok,2026-06-16 04:50:46.468385
USD,,2Y,2024-04-30,5.04,federal_reserve_h15,DGS2,https://www.federalreserve.gov/datadownload/Output.aspx?rel=H15&series=bf17364827e38702b42a58cf8eaa3f78&lastObs=&from=&to=&filetype=csv&label=include&layout=seriescolumn&type=package,ok,2026-06-16 04:50:46.468385
USD,,2Y,2024-05-01,4.96,federal_reserve_h15,DGS2,https://www.federalreserve.gov/datadownload/Output.aspx?rel=H15&series=bf17364827e38702b42a58cf8eaa3f78&lastObs=&from=&to=&filetype=csv&label=include&layout=seriescolumn&type=package,ok,2026-06-16 04:50:46.468385
USD,,2Y,2024-05-02,4.87,federal_reserve_h15,DGS2,https://www.federalreserve.gov/datadownload/Output.aspx?rel=H15&series=bf17364827e38702b42a58cf8eaa3f78&lastObs=&from=&to=&filetype=csv&label=include&layout=seriescolumn&type=package,ok,2026-06-16 04:50:46.468385
USD,,2Y,2024-05-03,4.81,federal_reserve_h15,DGS2,https://www.federalreserve.gov/datadownload/Output.aspx?rel=H15&series=bf17364827e38702b42a58cf8eaa3f78&lastObs=&from=&to=&filetype=csv&label=include&layout=seriescolumn&type=package,ok,2026-06-16 04:50:46.468385
USD,,2Y,2024-05-06,4.82,federal_reserve_h15,DGS2,https://www.federalreserve.gov/datadownload/Output.aspx?rel=H15&series=bf17364827e38702b42a58cf8eaa3f78&lastObs=&from=&to=&filetype=csv&label=include&layout=seriescolumn&type=package,ok,2026-06-16 04:50:46.468385
USD,,2Y,2024-05-07,4.82,federal_reserve_h15,DGS2,https://www.federalreserve.gov/datadownload/Output.aspx?rel=H15&series=bf17364827e38702b42a58cf8eaa3f78&lastObs=&from=&to=&filetype=csv&label=include&layout=seriescolumn&type=package,ok,2026-06-16 04:50:46.468385
USD,,2Y,2024-05-08,4.84,federal_reserve_h15,DGS2,https://www.federalreserve.gov/datadownload/Output.aspx?rel=H15&series=bf17364827e38702b42a58cf8eaa3f78&lastObs=&from=&to=&filetype=csv&label=include&layout=seriescolumn&type=package,ok,2026-06-16 04:50:46.468385
USD,,2Y,2024-05-09,4.8,federal_reserve_h15,DGS2,https://www.federalreserve.gov/datadownload/Output.aspx?rel=H15&series=bf17364827e38702b42a58cf8eaa3f78&lastObs=&from=&to=&filetype=csv&label=include&layout=seriescolumn&type=package,ok,2026-06-16 04:50:46.468385
USD,,2Y,2024-05-10,4.87,federal_reserve_h15,DGS2,https://www.federalreserve.gov/datadownload/Output.aspx?rel=H15&series=bf17364827e38702b42a58cf8eaa3f78&lastObs=&from=&to=&filetype=csv&label=include&layout=seriescolumn&type=package,ok,2026-06-16 04:50:46.468385
USD,,2Y,2024-05-13,4.85,federal_reserve_h15,DGS2,https://www.federalreserve.gov/datadownload/Output.aspx?rel=H15&series=bf17364827e38702b42a58cf8eaa3f78&lastObs=&from=&to=&filetype=csv&label=include&layout=seriescolumn&type=package,ok,2026-06-16 04:50:46.468385
USD,,2Y,2024-05-14,4.81,federal_reserve_h15,DGS2,https://www.federalreserve.gov/datadownload/Output.aspx?rel=H15&series=bf17364827e38702b42a58cf8eaa3f78&lastObs=&from=&to=&filetype=csv&label=include&layout=seriescolumn&type=package,ok,2026-06-16 04:50:46.468385
USD,,2Y,2024-05-15,4.73,federal_reserve_h15,DGS2,https://www.federalreserve.gov/datadownload/Output.aspx?rel=H15&series=bf17364827e38702b42a58cf8eaa3f78&lastObs=&from=&to=&filetype=csv&label=include&layout=seriescolumn&type=package,ok,2026-06-16 04:50:46.468385
USD,,2Y,2024-05-16,4.78,federal_reserve_h15,DGS2,https://www.federalreserve.gov/datadownload/Output.aspx?rel=H15&series=bf17364827e38702b42a58cf8eaa3f78&lastObs=&from=&to=&filetype=csv&label=include&layout=seriescolumn&type=package,ok,2026-06-16 04:50:46.468385
USD,,2Y,2024-05-17,4.83,federal_reserve_h15,DGS2,https://www.federalreserve.gov/datadownload/Output.aspx?rel=H15&series=bf17364827e38702b42a58cf8eaa3f78&lastObs=&from=&to=&filetype=csv&label=include&layout=seriescolumn&type=package,ok,2026-06-16 04:50:46.468385
USD,,2Y,2024-05-20,4.82,federal_reserve_h15,DGS2,https://www.federalreserve.gov/datadownload/Output.aspx?rel=H15&series=bf17364827e38702b42a58cf8eaa3f78&lastObs=&from=&to=&filetype=csv&label=include&layout=seriescolumn&type=package,ok,2026-06-16 04:50:46.468385
USD,,2Y,2024-05-21,4.82,federal_reserve_h15,DGS2,https://www.federalreserve.gov/datadownload/Output.aspx?rel=H15&series=bf17364827e38702b42a58cf8eaa3f78&lastObs=&from=&to=&filetype=csv&label=include&layout=seriescolumn&type=package,ok,2026-06-16 04:50:46.468385
USD,,2Y,2024-05-22,4.86,federal_reserve_h15,DGS2,https://www.federalreserve.gov/datadownload/Output.aspx?rel=H15&series=bf17364827e38702b42a58cf8eaa3f78&lastObs=&from=&to=&filetype=csv&label=include&layout=seriescolumn&type=package,ok,2026-06-16 04:50:46.468385
USD,,2Y,2024-05-23,4.91,federal_reserve_h15,DGS2,https://www.federalreserve.gov/datadownload/Output.aspx?rel=H15&series=bf17364827e38702b42a58cf8eaa3f78&lastObs=&from=&to=&filetype=csv&label=include&layout=seriescolumn&type=package,ok,2026-06-16 04:50:46.468385
USD,,2Y,2024-05-24,4.93,federal_reserve_h15,DGS2,https://www.federalreserve.gov/datadownload/Output.aspx?rel=H15&series=bf17364827e38702b42a58cf8eaa3f78&lastObs=&from=&to=&filetype=csv&label=include&layout=seriescolumn&type=package,ok,2026-06-16 04:50:46.468385
USD,,2Y,2024-05-28,4.94,federal_reserve_h15,DGS2,https://www.federalreserve.gov/datadownload/Output.aspx?rel=H15&series=bf17364827e38702b42a58cf8eaa3f78&lastObs=&from=&to=&filetype=csv&label=include&layout=seriescolumn&type=package,ok,2026-06-16 04:50:46.468385
USD,,2Y,2024-05-29,4.96,federal_reserve_h15,DGS2,https://www.federalreserve.gov/datadownload/Output.aspx?rel=H15&series=bf17364827e38702b42a58cf8eaa3f78&lastObs=&from=&to=&filetype=csv&label=include&layout=seriescolumn&type=package,ok,2026-06-16 04:50:46.468385
USD,,2Y,2024-05-30,4.92,federal_reserve_h15,DGS2,https://www.federalreserve.gov/datadownload/Output.aspx?rel=H15&series=bf17364827e38702b42a58cf8eaa3f78&lastObs=&from=&to=&filetype=csv&label=include&layout=seriescolumn&type=package,ok,2026-06-16 04:50:46.468385
USD,,2Y,2024-05-31,4.89,federal_reserve_h15,DGS2,https://www.federalreserve.gov/datadownload/Output.aspx?rel=H15&series=bf17364827e38702b42a58cf8eaa3f78&lastObs=&from=&to=&filetype=csv&label=include&layout=seriescolumn&type=package,ok,2026-06-16 04:50:46.468385
USD,,2Y,2024-06-03,4.82,federal_reserve_h15,DGS2,https://www.federalreserve.gov/datadownload/Output.aspx?rel=H15&series=bf17364827e38702b42a58cf8eaa3f78&lastObs=&from=&to=&filetype=csv&label=include&layout=seriescolumn&type=package,ok,2026-06-16 04:50:46.468385
USD,,2Y,2024-06-04,4.77,federal_reserve_h15,DGS2,https://www.federalreserve.gov/datadownload/Output.aspx?rel=H15&series=bf17364827e38702b42a58cf8eaa3f78&lastObs=&from=&to=&filetype=csv&label=include&layout=seriescolumn&type=package,ok,2026-06-16 04:50:46.468385
USD,,2Y,2024-06-05,4.72,federal_reserve_h15,DGS2,https://www.federalreserve.gov/datadownload/Output.aspx?rel=H15&series=bf17364827e38702b42a58cf8eaa3f78&lastObs=&from=&to=&filetype=csv&label=include&layout=seriescolumn&type=package,ok,2026-06-16 04:50:46.468385
USD,,2Y,2024-06-06,4.72,federal_reserve_h15,DGS2,https://www.federalreserve.gov/datadownload/Output.aspx?rel=H15&series=bf17364827e38702b42a58cf8eaa3f78&lastObs=&from=&to=&filetype=csv&label=include&layout=seriescolumn&type=package,ok,2026-06-16 04:50:46.468385
USD,,2Y,2024-06-07,4.87,federal_reserve_h15,DGS2,https://www.federalreserve.gov/datadownload/Output.aspx?rel=H15&series=bf17364827e38702b42a58cf8eaa3f78&lastObs=&from=&to=&filetype=csv&label=include&layout=seriescolumn&type=package,ok,2026-06-16 04:50:46.468385
USD,,2Y,2024-06-10,4.87,federal_reserve_h15,DGS2,https://www.federalreserve.gov/datadownload/Output.aspx?rel=H15&series=bf17364827e38702b42a58cf8eaa3f78&lastObs=&from=&to=&filetype=csv&label=include&layout=seriescolumn&type=package,ok,2026-06-16 04:50:46.468385
USD,,2Y,2024-06-11,4.81,federal_reserve_h15,DGS2,https://www.federalreserve.gov/datadownload/Output.aspx?rel=H15&series=bf17364827e38702b42a58cf8eaa3f78&lastObs=&from=&to=&filetype=csv&label=include&layout=seriescolumn&type=package,ok,2026-06-16 04:50:46.468385
USD,,2Y,2024-06-12,4.75,federal_reserve_h15,DGS2,https://www.federalreserve.gov/datadownload/Output.aspx?rel=H15&series=bf17364827e38702b42a58cf8eaa3f78&lastObs=&from=&to=&filetype=csv&label=include&layout=seriescolumn&type=package,ok,2026-06-16 04:50:46.468385
USD,,2Y,2024-06-13,4.68,federal_reserve_h15,DGS2,https://www.federalreserve.gov/datadownload/Output.aspx?rel=H15&series=bf17364827e38702b42a58cf8eaa3f78&lastObs=&from=&to=&filetype=csv&label=include&layout=seriescolumn&type=package,ok,2026-06-16 04:50:46.468385
USD,,2Y,2024-06-14,4.67,federal_reserve_h15,DGS2,https://www.federalreserve.gov/datadownload/Output.aspx?rel=H15&series=bf17364827e38702b42a58cf8eaa3f78&lastObs=&from=&to=&filetype=csv&label=include&layout=seriescolumn&type=package,ok,2026-06-16 04:50:46.468385
USD,,2Y,2024-06-17,4.75,federal_reserve_h15,DGS2,https://www.federalreserve.gov/datadownload/Output.aspx?rel=H15&series=bf17364827e38702b42a58cf8eaa3f78&lastObs=&from=&to=&filetype=csv&label=include&layout=seriescolumn&type=package,ok,2026-06-16 04:50:46.468385
USD,,2Y,2024-06-18,4.69,federal_reserve_h15,DGS2,https://www.federalreserve.gov/datadownload/Output.aspx?rel=H15&series=bf17364827e38702b42a58cf8eaa3f78&lastObs=&from=&to=&filetype=csv&label=include&layout=seriescolumn&type=package,ok,2026-06-16 04:50:46.468385
USD,,2Y,2024-06-20,4.7,federal_reserve_h15,DGS2,https://www.federalreserve.gov/datadownload/Output.aspx?rel=H15&series=bf17364827e38702b42a58cf8eaa3f78&lastObs=&from=&to=&filetype=csv&label=include&layout=seriescolumn&type=package,ok,2026-06-16 04:50:46.468385
USD,,2Y,2024-06-21,4.7,federal_reserve_h15,DGS2,https://www.federalreserve.gov/datadownload/Output.aspx?rel=H15&series=bf17364827e38702b42a58cf8eaa3f78&lastObs=&from=&to=&filetype=csv&label=include&layout=seriescolumn&type=package,ok,2026-06-16 04:50:46.468385
USD,,2Y,2024-06-24,4.71,federal_reserve_h15,DGS2,https://www.federalreserve.gov/datadownload/Output.aspx?rel=H15&series=bf17364827e38702b42a58cf8eaa3f78&lastObs=&from=&to=&filetype=csv&label=include&layout=seriescolumn&type=package,ok,2026-06-16 04:50:46.468385
USD,,2Y,2024-06-25,4.65,federal_reserve_h15,DGS2,https://www.federalreserve.gov/datadownload/Output.aspx?rel=H15&series=bf17364827e38702b42a58cf8eaa3f78&lastObs=&from=&to=&filetype=csv&label=include&layout=seriescolumn&type=package,ok,2026-06-16 04:50:46.468385
USD,,2Y,2024-06-26,4.71,federal_reserve_h15,DGS2,https://www.federalreserve.gov/datadownload/Output.aspx?rel=H15&series=bf17364827e38702b42a58cf8eaa3f78&lastObs=&from=&to=&filetype=csv&label=include&layout=seriescolumn&type=package,ok,2026-06-16 04:50:46.468385
USD,,2Y,2024-06-27,4.7,federal_reserve_h15,DGS2,https://www.federalreserve.gov/datadownload/Output.aspx?rel=H15&series=bf17364827e38702b42a58cf8eaa3f78&lastObs=&from=&to=&filetype=csv&label=include&layout=seriescolumn&type=package,ok,2026-06-16 04:50:46.468385
USD,,2Y,2024-06-28,4.71,federal_reserve_h15,DGS2,https://www.federalreserve.gov/datadownload/Output.aspx?rel=H15&series=bf17364827e38702b42a58cf8eaa3f78&lastObs=&from=&to=&filetype=csv&label=include&layout=seriescolumn&type=package,ok,2026-06-16 04:50:46.468385
USD,,2Y,2024-07-01,4.77,federal_reserve_h15,DGS2,https://www.federalreserve.gov/datadownload/Output.aspx?rel=H15&series=bf17364827e38702b42a58cf8eaa3f78&lastObs=&from=&to=&filetype=csv&label=include&layout=seriescolumn&type=package,ok,2026-06-16 04:50:46.468385
USD,,2Y,2024-07-02,4.74,federal_reserve_h15,DGS2,https://www.federalreserve.gov/datadownload/Output.aspx?rel=H15&series=bf17364827e38702b42a58cf8eaa3f78&lastObs=&from=&to=&filetype=csv&label=include&layout=seriescolumn&type=package,ok,2026-06-16 04:50:46.468385
USD,,2Y,2024-07-03,4.71,federal_reserve_h15,DGS2,https://www.federalreserve.gov/datadownload/Output.aspx?rel=H15&series=bf17364827e38702b42a58cf8eaa3f78&lastObs=&from=&to=&filetype=csv&label=include&layout=seriescolumn&type=package,ok,2026-06-16 04:50:46.468385
USD,,2Y,2024-07-05,4.6,federal_reserve_h15,DGS2,https://www.federalreserve.gov/datadownload/Output.aspx?rel=H15&series=bf17364827e38702b42a58cf8eaa3f78&lastObs=&from=&to=&filetype=csv&label=include&layout=seriescolumn&type=package,ok,2026-06-16 04:50:46.468385
USD,,2Y,2024-07-08,4.62,federal_reserve_h15,DGS2,https://www.federalreserve.gov/datadownload/Output.aspx?rel=H15&series=bf17364827e38702b42a58cf8eaa3f78&lastObs=&from=&to=&filetype=csv&label=include&layout=seriescolumn&type=package,ok,2026-06-16 04:50:46.468385
USD,,2Y,2024-07-09,4.62,federal_reserve_h15,DGS2,https://www.federalreserve.gov/datadownload/Output.aspx?rel=H15&series=bf17364827e38702b42a58cf8eaa3f78&lastObs=&from=&to=&filetype=csv&label=include&layout=seriescolumn&type=package,ok,2026-06-16 04:50:46.468385
USD,,2Y,2024-07-10,4.62,federal_reserve_h15,DGS2,https://www.federalreserve.gov/datadownload/Output.aspx?rel=H15&series=bf17364827e38702b42a58cf8eaa3f78&lastObs=&from=&to=&filetype=csv&label=include&layout=seriescolumn&type=package,ok,2026-06-16 04:50:46.468385
USD,,2Y,2024-07-11,4.5,federal_reserve_h15,DGS2,https://www.federalreserve.gov/datadownload/Output.aspx?rel=H15&series=bf17364827e38702b42a58cf8eaa3f78&lastObs=&from=&to=&filetype=csv&label=include&layout=seriescolumn&type=package,ok,2026-06-16 04:50:46.468385
USD,,2Y,2024-07-12,4.45,federal_reserve_h15,DGS2,https://www.federalreserve.gov/datadownload/Output.aspx?rel=H15&series=bf17364827e38702b42a58cf8eaa3f78&lastObs=&from=&to=&filetype=csv&label=include&layout=seriescolumn&type=package,ok,2026-06-16 04:50:46.468385
USD,,2Y,2024-07-15,4.44,federal_reserve_h15,DGS2,https://www.federalreserve.gov/datadownload/Output.aspx?rel=H15&series=bf17364827e38702b42a58cf8eaa3f78&lastObs=&from=&to=&filetype=csv&label=include&layout=seriescolumn&type=package,ok,2026-06-16 04:50:46.468385
USD,,2Y,2024-07-16,4.43,federal_reserve_h15,DGS2,https://www.federalreserve.gov/datadownload/Output.aspx?rel=H15&series=bf17364827e38702b42a58cf8eaa3f78&lastObs=&from=&to=&filetype=csv&label=include&layout=seriescolumn&type=package,ok,2026-06-16 04:50:46.468385
USD,,2Y,2024-07-17,4.42,federal_reserve_h15,DGS2,https://www.federalreserve.gov/datadownload/Output.aspx?rel=H15&series=bf17364827e38702b42a58cf8eaa3f78&lastObs=&from=&to=&filetype=csv&label=include&layout=seriescolumn&type=package,ok,2026-06-16 04:50:46.468385
USD,,2Y,2024-07-18,4.46,federal_reserve_h15,DGS2,https://www.federalreserve.gov/datadownload/Output.aspx?rel=H15&series=bf17364827e38702b42a58cf8eaa3f78&lastObs=&from=&to=&filetype=csv&label=include&layout=seriescolumn&type=package,ok,2026-06-16 04:50:46.468385
USD,,2Y,2024-07-19,4.49,federal_reserve_h15,DGS2,https://www.federalreserve.gov/datadownload/Output.aspx?rel=H15&series=bf17364827e38702b42a58cf8eaa3f78&lastObs=&from=&to=&filetype=csv&label=include&layout=seriescolumn&type=package,ok,2026-06-16 04:50:46.468385
USD,,2Y,2024-07-22,4.5,federal_reserve_h15,DGS2,https://www.federalreserve.gov/datadownload/Output.aspx?rel=H15&series=bf17364827e38702b42a58cf8eaa3f78&lastObs=&from=&to=&filetype=csv&label=include&layout=seriescolumn&type=package,ok,2026-06-16 04:50:46.468385
USD,,2Y,2024-07-23,4.4,federal_reserve_h15,DGS2,https://www.federalreserve.gov/datadownload/Output.aspx?rel=H15&series=bf17364827e38702b42a58cf8eaa3f78&lastObs=&from=&to=&filetype=csv&label=include&layout=seriescolumn&type=package,ok,2026-06-16 04:50:46.468385
USD,,2Y,2024-07-24,4.37,federal_reserve_h15,DGS2,https://www.federalreserve.gov/datadownload/Output.aspx?rel=H15&series=bf17364827e38702b42a58cf8eaa3f78&lastObs=&from=&to=&filetype=csv&label=include&layout=seriescolumn&type=package,ok,2026-06-16 04:50:46.468385
USD,,2Y,2024-07-25,4.41,federal_reserve_h15,DGS2,https://www.federalreserve.gov/datadownload/Output.aspx?rel=H15&series=bf17364827e38702b42a58cf8eaa3f78&lastObs=&from=&to=&filetype=csv&label=include&layout=seriescolumn&type=package,ok,2026-06-16 04:50:46.468385
USD,,2Y,2024-07-26,4.36,federal_reserve_h15,DGS2,https://www.federalreserve.gov/datadownload/Output.aspx?rel=H15&series=bf17364827e38702b42a58cf8eaa3f78&lastObs=&from=&to=&filetype=csv&label=include&layout=seriescolumn&type=package,ok,2026-06-16 04:50:46.468385
USD,,2Y,2024-07-29,4.36,federal_reserve_h15,DGS2,https://www.federalreserve.gov/datadownload/Output.aspx?rel=H15&series=bf17364827e38702b42a58cf8eaa3f78&lastObs=&from=&to=&filetype=csv&label=include&layout=seriescolumn&type=package,ok,2026-06-16 04:50:46.468385
USD,,2Y,2024-07-30,4.35,federal_reserve_h15,DGS2,https://www.federalreserve.gov/datadownload/Output.aspx?rel=H15&series=bf17364827e38702b42a58cf8eaa3f78&lastObs=&from=&to=&filetype=csv&label=include&layout=seriescolumn&type=package,ok,2026-06-16 04:50:46.468385
USD,,2Y,2024-07-31,4.29,federal_reserve_h15,DGS2,https://www.federalreserve.gov/datadownload/Output.aspx?rel=H15&series=bf17364827e38702b42a58cf8eaa3f78&lastObs=&from=&to=&filetype=csv&label=include&layout=seriescolumn&type=package,ok,2026-06-16 04:50:46.468385
USD,,2Y,2024-08-01,4.16,federal_reserve_h15,DGS2,https://www.federalreserve.gov/datadownload/Output.aspx?rel=H15&series=bf17364827e38702b42a58cf8eaa3f78&lastObs=&from=&to=&filetype=csv&label=include&layout=seriescolumn&type=package,ok,2026-06-16 04:50:46.468385
USD,,2Y,2024-08-02,3.88,federal_reserve_h15,DGS2,https://www.federalreserve.gov/datadownload/Output.aspx?rel=H15&series=bf17364827e38702b42a58cf8eaa3f78&lastObs=&from=&to=&filetype=csv&label=include&layout=seriescolumn&type=package,ok,2026-06-16 04:50:46.468385
USD,,2Y,2024-08-05,3.89,federal_reserve_h15,DGS2,https://www.federalreserve.gov/datadownload/Output.aspx?rel=H15&series=bf17364827e38702b42a58cf8eaa3f78&lastObs=&from=&to=&filetype=csv&label=include&layout=seriescolumn&type=package,ok,2026-06-16 04:50:46.468385
USD,,2Y,2024-08-06,3.99,federal_reserve_h15,DGS2,https://www.federalreserve.gov/datadownload/Output.aspx?rel=H15&series=bf17364827e38702b42a58cf8eaa3f78&lastObs=&from=&to=&filetype=csv&label=include&layout=seriescolumn&type=package,ok,2026-06-16 04:50:46.468385
USD,,2Y,2024-08-07,4.0,federal_reserve_h15,DGS2,https://www.federalreserve.gov/datadownload/Output.aspx?rel=H15&series=bf17364827e38702b42a58cf8eaa3f78&lastObs=&from=&to=&filetype=csv&label=include&layout=seriescolumn&type=package,ok,2026-06-16 04:50:46.468385
USD,,2Y,2024-08-08,4.04,federal_reserve_h15,DGS2,https://www.federalreserve.gov/datadownload/Output.aspx?rel=H15&series=bf17364827e38702b42a58cf8eaa3f78&lastObs=&from=&to=&filetype=csv&label=include&layout=seriescolumn&type=package,ok,2026-06-16 04:50:46.468385
USD,,2Y,2024-08-09,4.05,federal_reserve_h15,DGS2,https://www.federalreserve.gov/datadownload/Output.aspx?rel=H15&series=bf17364827e38702b42a58cf8eaa3f78&lastObs=&from=&to=&filetype=csv&label=include&layout=seriescolumn&type=package,ok,2026-06-16 04:50:46.468385
USD,,2Y,2024-08-12,4.01,federal_reserve_h15,DGS2,https://www.federalreserve.gov/datadownload/Output.aspx?rel=H15&series=bf17364827e38702b42a58cf8eaa3f78&lastObs=&from=&to=&filetype=csv&label=include&layout=seriescolumn&type=package,ok,2026-06-16 04:50:46.468385
USD,,2Y,2024-08-13,3.93,federal_reserve_h15,DGS2,https://www.federalreserve.gov/datadownload/Output.aspx?rel=H15&series=bf17364827e38702b42a58cf8eaa3f78&lastObs=&from=&to=&filetype=csv&label=include&layout=seriescolumn&type=package,ok,2026-06-16 04:50:46.468385
USD,,2Y,2024-08-14,3.94,federal_reserve_h15,DGS2,https://www.federalreserve.gov/datadownload/Output.aspx?rel=H15&series=bf17364827e38702b42a58cf8eaa3f78&lastObs=&from=&to=&filetype=csv&label=include&layout=seriescolumn&type=package,ok,2026-06-16 04:50:46.468385
USD,,2Y,2024-08-15,4.08,federal_reserve_h15,DGS2,https://www.federalreserve.gov/datadownload/Output.aspx?rel=H15&series=bf17364827e38702b42a58cf8eaa3f78&lastObs=&from=&to=&filetype=csv&label=include&layout=seriescolumn&type=package,ok,2026-06-16 04:50:46.468385
USD,,2Y,2024-08-16,4.06,federal_reserve_h15,DGS2,https://www.federalreserve.gov/datadownload/Output.aspx?rel=H15&series=bf17364827e38702b42a58cf8eaa3f78&lastObs=&from=&to=&filetype=csv&label=include&layout=seriescolumn&type=package,ok,2026-06-16 04:50:46.468385
USD,,2Y,2024-08-19,4.06,federal_reserve_h15,DGS2,https://www.federalreserve.gov/datadownload/Output.aspx?rel=H15&series=bf17364827e38702b42a58cf8eaa3f78&lastObs=&from=&to=&filetype=csv&label=include&layout=seriescolumn&type=package,ok,2026-06-16 04:50:46.468385
USD,,2Y,2024-08-20,3.99,federal_reserve_h15,DGS2,https://www.federalreserve.gov/datadownload/Output.aspx?rel=H15&series=bf17364827e38702b42a58cf8eaa3f78&lastObs=&from=&to=&filetype=csv&label=include&layout=seriescolumn&type=package,ok,2026-06-16 04:50:46.468385
USD,,2Y,2024-08-21,3.92,federal_reserve_h15,DGS2,https://www.federalreserve.gov/datadownload/Output.aspx?rel=H15&series=bf17364827e38702b42a58cf8eaa3f78&lastObs=&from=&to=&filetype=csv&label=include&layout=seriescolumn&type=package,ok,2026-06-16 04:50:46.468385
USD,,2Y,2024-08-22,3.99,federal_reserve_h15,DGS2,https://www.federalreserve.gov/datadownload/Output.aspx?rel=H15&series=bf17364827e38702b42a58cf8eaa3f78&lastObs=&from=&to=&filetype=csv&label=include&layout=seriescolumn&type=package,ok,2026-06-16 04:50:46.468385
USD,,2Y,2024-08-23,3.9,federal_reserve_h15,DGS2,https://www.federalreserve.gov/datadownload/Output.aspx?rel=H15&series=bf17364827e38702b42a58cf8eaa3f78&lastObs=&from=&to=&filetype=csv&label=include&layout=seriescolumn&type=package,ok,2026-06-16 04:50:46.468385
USD,,2Y,2024-08-26,3.91,federal_reserve_h15,DGS2,https://www.federalreserve.gov/datadownload/Output.aspx?rel=H15&series=bf17364827e38702b42a58cf8eaa3f78&lastObs=&from=&to=&filetype=csv&label=include&layout=seriescolumn&type=package,ok,2026-06-16 04:50:46.468385
USD,,2Y,2024-08-27,3.83,federal_reserve_h15,DGS2,https://www.federalreserve.gov/datadownload/Output.aspx?rel=H15&series=bf17364827e38702b42a58cf8eaa3f78&lastObs=&from=&to=&filetype=csv&label=include&layout=seriescolumn&type=package,ok,2026-06-16 04:50:46.468385
USD,,2Y,2024-08-28,3.83,federal_reserve_h15,DGS2,https://www.federalreserve.gov/datadownload/Output.aspx?rel=H15&series=bf17364827e38702b42a58cf8eaa3f78&lastObs=&from=&to=&filetype=csv&label=include&layout=seriescolumn&type=package,ok,2026-06-16 04:50:46.468385
USD,,2Y,2024-08-29,3.87,federal_reserve_h15,DGS2,https://www.federalreserve.gov/datadownload/Output.aspx?rel=H15&series=bf17364827e38702b42a58cf8eaa3f78&lastObs=&from=&to=&filetype=csv&label=include&layout=seriescolumn&type=package,ok,2026-06-16 04:50:46.468385
USD,,2Y,2024-08-30,3.91,federal_reserve_h15,DGS2,https://www.federalreserve.gov/datadownload/Output.aspx?rel=H15&series=bf17364827e38702b42a58cf8eaa3f78&lastObs=&from=&to=&filetype=csv&label=include&layout=seriescolumn&type=package,ok,2026-06-16 04:50:46.468385
USD,,2Y,2024-09-03,3.88,federal_reserve_h15,DGS2,https://www.federalreserve.gov/datadownload/Output.aspx?rel=H15&series=bf17364827e38702b42a58cf8eaa3f78&lastObs=&from=&to=&filetype=csv&label=include&layout=seriescolumn&type=package,ok,2026-06-16 04:50:46.468385
USD,,2Y,2024-09-04,3.76,federal_reserve_h15,DGS2,https://www.federalreserve.gov/datadownload/Output.aspx?rel=H15&series=bf17364827e38702b42a58cf8eaa3f78&lastObs=&from=&to=&filetype=csv&label=include&layout=seriescolumn&type=package,ok,2026-06-16 04:50:46.468385
USD,,2Y,2024-09-05,3.75,federal_reserve_h15,DGS2,https://www.federalreserve.gov/datadownload/Output.aspx?rel=H15&series=bf17364827e38702b42a58cf8eaa3f78&lastObs=&from=&to=&filetype=csv&label=include&layout=seriescolumn&type=package,ok,2026-06-16 04:50:46.468385
USD,,2Y,2024-09-06,3.66,federal_reserve_h15,DGS2,https://www.federalreserve.gov/datadownload/Output.aspx?rel=H15&series=bf17364827e38702b42a58cf8eaa3f78&lastObs=&from=&to=&filetype=csv&label=include&layout=seriescolumn&type=package,ok,2026-06-16 04:50:46.468385
USD,,2Y,2024-09-09,3.68,federal_reserve_h15,DGS2,https://www.federalreserve.gov/datadownload/Output.aspx?rel=H15&series=bf17364827e38702b42a58cf8eaa3f78&lastObs=&from=&to=&filetype=csv&label=include&layout=seriescolumn&type=package,ok,2026-06-16 04:50:46.468385
USD,,2Y,2024-09-10,3.59,federal_reserve_h15,DGS2,https://www.federalreserve.gov/datadownload/Output.aspx?rel=H15&series=bf17364827e38702b42a58cf8eaa3f78&lastObs=&from=&to=&filetype=csv&label=include&layout=seriescolumn&type=package,ok,2026-06-16 04:50:46.468385
USD,,2Y,2024-09-11,3.62,federal_reserve_h15,DGS2,https://www.federalreserve.gov/datadownload/Output.aspx?rel=H15&series=bf17364827e38702b42a58cf8eaa3f78&lastObs=&from=&to=&filetype=csv&label=include&layout=seriescolumn&type=package,ok,2026-06-16 04:50:46.468385
USD,,2Y,2024-09-12,3.64,federal_reserve_h15,DGS2,https://www.federalreserve.gov/datadownload/Output.aspx?rel=H15&series=bf17364827e38702b42a58cf8eaa3f78&lastObs=&from=&to=&filetype=csv&label=include&layout=seriescolumn&type=package,ok,2026-06-16 04:50:46.468385
USD,,2Y,2024-09-13,3.57,federal_reserve_h15,DGS2,https://www.federalreserve.gov/datadownload/Output.aspx?rel=H15&series=bf17364827e38702b42a58cf8eaa3f78&lastObs=&from=&to=&filetype=csv&label=include&layout=seriescolumn&type=package,ok,2026-06-16 04:50:46.468385
USD,,2Y,2024-09-16,3.56,federal_reserve_h15,DGS2,https://www.federalreserve.gov/datadownload/Output.aspx?rel=H15&series=bf17364827e38702b42a58cf8eaa3f78&lastObs=&from=&to=&filetype=csv&label=include&layout=seriescolumn&type=package,ok,2026-06-16 04:50:46.468385
USD,,2Y,2024-09-17,3.59,federal_reserve_h15,DGS2,https://www.federalreserve.gov/datadownload/Output.aspx?rel=H15&series=bf17364827e38702b42a58cf8eaa3f78&lastObs=&from=&to=&filetype=csv&label=include&layout=seriescolumn&type=package,ok,2026-06-16 04:50:46.468385
USD,,2Y,2024-09-18,3.61,federal_reserve_h15,DGS2,https://www.federalreserve.gov/datadownload/Output.aspx?rel=H15&series=bf17364827e38702b42a58cf8eaa3f78&lastObs=&from=&to=&filetype=csv&label=include&layout=seriescolumn&type=package,ok,2026-06-16 04:50:46.468385
USD,,2Y,2024-09-19,3.59,federal_reserve_h15,DGS2,https://www.federalreserve.gov/datadownload/Output.aspx?rel=H15&series=bf17364827e38702b42a58cf8eaa3f78&lastObs=&from=&to=&filetype=csv&label=include&layout=seriescolumn&type=package,ok,2026-06-16 04:50:46.468385
USD,,2Y,2024-09-20,3.55,federal_reserve_h15,DGS2,https://www.federalreserve.gov/datadownload/Output.aspx?rel=H15&series=bf17364827e38702b42a58cf8eaa3f78&lastObs=&from=&to=&filetype=csv&label=include&layout=seriescolumn&type=package,ok,2026-06-16 04:50:46.468385
USD,,2Y,2024-09-23,3.57,federal_reserve_h15,DGS2,https://www.federalreserve.gov/datadownload/Output.aspx?rel=H15&series=bf17364827e38702b42a58cf8eaa3f78&lastObs=&from=&to=&filetype=csv&label=include&layout=seriescolumn&type=package,ok,2026-06-16 04:50:46.468385
USD,,2Y,2024-09-24,3.49,federal_reserve_h15,DGS2,https://www.federalreserve.gov/datadownload/Output.aspx?rel=H15&series=bf17364827e38702b42a58cf8eaa3f78&lastObs=&from=&to=&filetype=csv&label=include&layout=seriescolumn&type=package,ok,2026-06-16 04:50:46.468385
USD,,2Y,2024-09-25,3.53,federal_reserve_h15,DGS2,https://www.federalreserve.gov/datadownload/Output.aspx?rel=H15&series=bf17364827e38702b42a58cf8eaa3f78&lastObs=&from=&to=&filetype=csv&label=include&layout=seriescolumn&type=package,ok,2026-06-16 04:50:46.468385
USD,,2Y,2024-09-26,3.6,federal_reserve_h15,DGS2,https://www.federalreserve.gov/datadownload/Output.aspx?rel=H15&series=bf17364827e38702b42a58cf8eaa3f78&lastObs=&from=&to=&filetype=csv&label=include&layout=seriescolumn&type=package,ok,2026-06-16 04:50:46.468385
USD,,2Y,2024-09-27,3.55,federal_reserve_h15,DGS2,https://www.federalreserve.gov/datadownload/Output.aspx?rel=H15&series=bf17364827e38702b42a58cf8eaa3f78&lastObs=&from=&to=&filetype=csv&label=include&layout=seriescolumn&type=package,ok,2026-06-16 04:50:46.468385
USD,,2Y,2024-09-30,3.66,federal_reserve_h15,DGS2,https://www.federalreserve.gov/datadownload/Output.aspx?rel=H15&series=bf17364827e38702b42a58cf8eaa3f78&lastObs=&from=&to=&filetype=csv&label=include&layout=seriescolumn&type=package,ok,2026-06-16 04:50:46.468385
USD,,2Y,2024-10-01,3.61,federal_reserve_h15,DGS2,https://www.federalreserve.gov/datadownload/Output.aspx?rel=H15&series=bf17364827e38702b42a58cf8eaa3f78&lastObs=&from=&to=&filetype=csv&label=include&layout=seriescolumn&type=package,ok,2026-06-16 04:50:46.468385
USD,,2Y,2024-10-02,3.63,federal_reserve_h15,DGS2,https://www.federalreserve.gov/datadownload/Output.aspx?rel=H15&series=bf17364827e38702b42a58cf8eaa3f78&lastObs=&from=&to=&filetype=csv&label=include&layout=seriescolumn&type=package,ok,2026-06-16 04:50:46.468385
USD,,2Y,2024-10-03,3.7,federal_reserve_h15,DGS2,https://www.federalreserve.gov/datadownload/Output.aspx?rel=H15&series=bf17364827e38702b42a58cf8eaa3f78&lastObs=&from=&to=&filetype=csv&label=include&layout=seriescolumn&type=package,ok,2026-06-16 04:50:46.468385
USD,,2Y,2024-10-04,3.93,federal_reserve_h15,DGS2,https://www.federalreserve.gov/datadownload/Output.aspx?rel=H15&series=bf17364827e38702b42a58cf8eaa3f78&lastObs=&from=&to=&filetype=csv&label=include&layout=seriescolumn&type=package,ok,2026-06-16 04:50:46.468385
USD,,2Y,2024-10-07,3.99,federal_reserve_h15,DGS2,https://www.federalreserve.gov/datadownload/Output.aspx?rel=H15&series=bf17364827e38702b42a58cf8eaa3f78&lastObs=&from=&to=&filetype=csv&label=include&layout=seriescolumn&type=package,ok,2026-06-16 04:50:46.468385
USD,,2Y,2024-10-08,3.98,federal_reserve_h15,DGS2,https://www.federalreserve.gov/datadownload/Output.aspx?rel=H15&series=bf17364827e38702b42a58cf8eaa3f78&lastObs=&from=&to=&filetype=csv&label=include&layout=seriescolumn&type=package,ok,2026-06-16 04:50:46.468385
USD,,2Y,2024-10-09,3.99,federal_reserve_h15,DGS2,https://www.federalreserve.gov/datadownload/Output.aspx?rel=H15&series=bf17364827e38702b42a58cf8eaa3f78&lastObs=&from=&to=&filetype=csv&label=include&layout=seriescolumn&type=package,ok,2026-06-16 04:50:46.468385
USD,,2Y,2024-10-10,3.98,federal_reserve_h15,DGS2,https://www.federalreserve.gov/datadownload/Output.aspx?rel=H15&series=bf17364827e38702b42a58cf8eaa3f78&lastObs=&from=&to=&filetype=csv&label=include&layout=seriescolumn&type=package,ok,2026-06-16 04:50:46.468385
USD,,2Y,2024-10-11,3.95,federal_reserve_h15,DGS2,https://www.federalreserve.gov/datadownload/Output.aspx?rel=H15&series=bf17364827e38702b42a58cf8eaa3f78&lastObs=&from=&to=&filetype=csv&label=include&layout=seriescolumn&type=package,ok,2026-06-16 04:50:46.468385
USD,,2Y,2024-10-15,3.95,federal_reserve_h15,DGS2,https://www.federalreserve.gov/datadownload/Output.aspx?rel=H15&series=bf17364827e38702b42a58cf8eaa3f78&lastObs=&from=&to=&filetype=csv&label=include&layout=seriescolumn&type=package,ok,2026-06-16 04:50:46.468385
USD,,2Y,2024-10-16,3.93,federal_reserve_h15,DGS2,https://www.federalreserve.gov/datadownload/Output.aspx?rel=H15&series=bf17364827e38702b42a58cf8eaa3f78&lastObs=&from=&to=&filetype=csv&label=include&layout=seriescolumn&type=package,ok,2026-06-16 04:50:46.468385
USD,,2Y,2024-10-17,3.96,federal_reserve_h15,DGS2,https://www.federalreserve.gov/datadownload/Output.aspx?rel=H15&series=bf17364827e38702b42a58cf8eaa3f78&lastObs=&from=&to=&filetype=csv&label=include&layout=seriescolumn&type=package,ok,2026-06-16 04:50:46.468385
USD,,2Y,2024-10-18,3.95,federal_reserve_h15,DGS2,https://www.federalreserve.gov/datadownload/Output.aspx?rel=H15&series=bf17364827e38702b42a58cf8eaa3f78&lastObs=&from=&to=&filetype=csv&label=include&layout=seriescolumn&type=package,ok,2026-06-16 04:50:46.468385
USD,,2Y,2024-10-21,4.02,federal_reserve_h15,DGS2,https://www.federalreserve.gov/datadownload/Output.aspx?rel=H15&series=bf17364827e38702b42a58cf8eaa3f78&lastObs=&from=&to=&filetype=csv&label=include&layout=seriescolumn&type=package,ok,2026-06-16 04:50:46.468385
USD,,2Y,2024-10-22,4.03,federal_reserve_h15,DGS2,https://www.federalreserve.gov/datadownload/Output.aspx?rel=H15&series=bf17364827e38702b42a58cf8eaa3f78&lastObs=&from=&to=&filetype=csv&label=include&layout=seriescolumn&type=package,ok,2026-06-16 04:50:46.468385
USD,,2Y,2024-10-23,4.07,federal_reserve_h15,DGS2,https://www.federalreserve.gov/datadownload/Output.aspx?rel=H15&series=bf17364827e38702b42a58cf8eaa3f78&lastObs=&from=&to=&filetype=csv&label=include&layout=seriescolumn&type=package,ok,2026-06-16 04:50:46.468385
USD,,2Y,2024-10-24,4.07,federal_reserve_h15,DGS2,https://www.federalreserve.gov/datadownload/Output.aspx?rel=H15&series=bf17364827e38702b42a58cf8eaa3f78&lastObs=&from=&to=&filetype=csv&label=include&layout=seriescolumn&type=package,ok,2026-06-16 04:50:46.468385
USD,,2Y,2024-10-25,4.11,federal_reserve_h15,DGS2,https://www.federalreserve.gov/datadownload/Output.aspx?rel=H15&series=bf17364827e38702b42a58cf8eaa3f78&lastObs=&from=&to=&filetype=csv&label=include&layout=seriescolumn&type=package,ok,2026-06-16 04:50:46.468385
USD,,2Y,2024-10-28,4.12,federal_reserve_h15,DGS2,https://www.federalreserve.gov/datadownload/Output.aspx?rel=H15&series=bf17364827e38702b42a58cf8eaa3f78&lastObs=&from=&to=&filetype=csv&label=include&layout=seriescolumn&type=package,ok,2026-06-16 04:50:46.468385
USD,,2Y,2024-10-29,4.11,federal_reserve_h15,DGS2,https://www.federalreserve.gov/datadownload/Output.aspx?rel=H15&series=bf17364827e38702b42a58cf8eaa3f78&lastObs=&from=&to=&filetype=csv&label=include&layout=seriescolumn&type=package,ok,2026-06-16 04:50:46.468385
USD,,2Y,2024-10-30,4.15,federal_reserve_h15,DGS2,https://www.federalreserve.gov/datadownload/Output.aspx?rel=H15&series=bf17364827e38702b42a58cf8eaa3f78&lastObs=&from=&to=&filetype=csv&label=include&layout=seriescolumn&type=package,ok,2026-06-16 04:50:46.468385
USD,,2Y,2024-10-31,4.16,federal_reserve_h15,DGS2,https://www.federalreserve.gov/datadownload/Output.aspx?rel=H15&series=bf17364827e38702b42a58cf8eaa3f78&lastObs=&from=&to=&filetype=csv&label=include&layout=seriescolumn&type=package,ok,2026-06-16 04:50:46.468385
USD,,2Y,2024-11-01,4.21,federal_reserve_h15,DGS2,https://www.federalreserve.gov/datadownload/Output.aspx?rel=H15&series=bf17364827e38702b42a58cf8eaa3f78&lastObs=&from=&to=&filetype=csv&label=include&layout=seriescolumn&type=package,ok,2026-06-16 04:50:46.468385
USD,,2Y,2024-11-04,4.17,federal_reserve_h15,DGS2,https://www.federalreserve.gov/datadownload/Output.aspx?rel=H15&series=bf17364827e38702b42a58cf8eaa3f78&lastObs=&from=&to=&filetype=csv&label=include&layout=seriescolumn&type=package,ok,2026-06-16 04:50:46.468385
USD,,2Y,2024-11-05,4.19,federal_reserve_h15,DGS2,https://www.federalreserve.gov/datadownload/Output.aspx?rel=H15&series=bf17364827e38702b42a58cf8eaa3f78&lastObs=&from=&to=&filetype=csv&label=include&layout=seriescolumn&type=package,ok,2026-06-16 04:50:46.468385
USD,,2Y,2024-11-06,4.27,federal_reserve_h15,DGS2,https://www.federalreserve.gov/datadownload/Output.aspx?rel=H15&series=bf17364827e38702b42a58cf8eaa3f78&lastObs=&from=&to=&filetype=csv&label=include&layout=seriescolumn&type=package,ok,2026-06-16 04:50:46.468385
USD,,2Y,2024-11-07,4.21,federal_reserve_h15,DGS2,https://www.federalreserve.gov/datadownload/Output.aspx?rel=H15&series=bf17364827e38702b42a58cf8eaa3f78&lastObs=&from=&to=&filetype=csv&label=include&layout=seriescolumn&type=package,ok,2026-06-16 04:50:46.468385
USD,,2Y,2024-11-08,4.26,federal_reserve_h15,DGS2,https://www.federalreserve.gov/datadownload/Output.aspx?rel=H15&series=bf17364827e38702b42a58cf8eaa3f78&lastObs=&from=&to=&filetype=csv&label=include&layout=seriescolumn&type=package,ok,2026-06-16 04:50:46.468385
USD,,2Y,2024-11-12,4.34,federal_reserve_h15,DGS2,https://www.federalreserve.gov/datadownload/Output.aspx?rel=H15&series=bf17364827e38702b42a58cf8eaa3f78&lastObs=&from=&to=&filetype=csv&label=include&layout=seriescolumn&type=package,ok,2026-06-16 04:50:46.468385
USD,,2Y,2024-11-13,4.27,federal_reserve_h15,DGS2,https://www.federalreserve.gov/datadownload/Output.aspx?rel=H15&series=bf17364827e38702b42a58cf8eaa3f78&lastObs=&from=&to=&filetype=csv&label=include&layout=seriescolumn&type=package,ok,2026-06-16 04:50:46.468385
USD,,2Y,2024-11-14,4.34,federal_reserve_h15,DGS2,https://www.federalreserve.gov/datadownload/Output.aspx?rel=H15&series=bf17364827e38702b42a58cf8eaa3f78&lastObs=&from=&to=&filetype=csv&label=include&layout=seriescolumn&type=package,ok,2026-06-16 04:50:46.468385
USD,,2Y,2024-11-15,4.31,federal_reserve_h15,DGS2,https://www.federalreserve.gov/datadownload/Output.aspx?rel=H15&series=bf17364827e38702b42a58cf8eaa3f78&lastObs=&from=&to=&filetype=csv&label=include&layout=seriescolumn&type=package,ok,2026-06-16 04:50:46.468385
USD,,2Y,2024-11-18,4.29,federal_reserve_h15,DGS2,https://www.federalreserve.gov/datadownload/Output.aspx?rel=H15&series=bf17364827e38702b42a58cf8eaa3f78&lastObs=&from=&to=&filetype=csv&label=include&layout=seriescolumn&type=package,ok,2026-06-16 04:50:46.468385
USD,,2Y,2024-11-19,4.27,federal_reserve_h15,DGS2,https://www.federalreserve.gov/datadownload/Output.aspx?rel=H15&series=bf17364827e38702b42a58cf8eaa3f78&lastObs=&from=&to=&filetype=csv&label=include&layout=seriescolumn&type=package,ok,2026-06-16 04:50:46.468385
USD,,2Y,2024-11-20,4.31,federal_reserve_h15,DGS2,https://www.federalreserve.gov/datadownload/Output.aspx?rel=H15&series=bf17364827e38702b42a58cf8eaa3f78&lastObs=&from=&to=&filetype=csv&label=include&layout=seriescolumn&type=package,ok,2026-06-16 04:50:46.468385
USD,,2Y,2024-11-21,4.34,federal_reserve_h15,DGS2,https://www.federalreserve.gov/datadownload/Output.aspx?rel=H15&series=bf17364827e38702b42a58cf8eaa3f78&lastObs=&from=&to=&filetype=csv&label=include&layout=seriescolumn&type=package,ok,2026-06-16 04:50:46.468385
USD,,2Y,2024-11-22,4.37,federal_reserve_h15,DGS2,https://www.federalreserve.gov/datadownload/Output.aspx?rel=H15&series=bf17364827e38702b42a58cf8eaa3f78&lastObs=&from=&to=&filetype=csv&label=include&layout=seriescolumn&type=package,ok,2026-06-16 04:50:46.468385
USD,,2Y,2024-11-25,4.21,federal_reserve_h15,DGS2,https://www.federalreserve.gov/datadownload/Output.aspx?rel=H15&series=bf17364827e38702b42a58cf8eaa3f78&lastObs=&from=&to=&filetype=csv&label=include&layout=seriescolumn&type=package,ok,2026-06-16 04:50:46.468385
USD,,2Y,2024-11-26,4.21,federal_reserve_h15,DGS2,https://www.federalreserve.gov/datadownload/Output.aspx?rel=H15&series=bf17364827e38702b42a58cf8eaa3f78&lastObs=&from=&to=&filetype=csv&label=include&layout=seriescolumn&type=package,ok,2026-06-16 04:50:46.468385
USD,,2Y,2024-11-27,4.19,federal_reserve_h15,DGS2,https://www.federalreserve.gov/datadownload/Output.aspx?rel=H15&series=bf17364827e38702b42a58cf8eaa3f78&lastObs=&from=&to=&filetype=csv&label=include&layout=seriescolumn&type=package,ok,2026-06-16 04:50:46.468385
USD,,2Y,2024-11-29,4.13,federal_reserve_h15,DGS2,https://www.federalreserve.gov/datadownload/Output.aspx?rel=H15&series=bf17364827e38702b42a58cf8eaa3f78&lastObs=&from=&to=&filetype=csv&label=include&layout=seriescolumn&type=package,ok,2026-06-16 04:50:46.468385
USD,,2Y,2024-12-02,4.17,federal_reserve_h15,DGS2,https://www.federalreserve.gov/datadownload/Output.aspx?rel=H15&series=bf17364827e38702b42a58cf8eaa3f78&lastObs=&from=&to=&filetype=csv&label=include&layout=seriescolumn&type=package,ok,2026-06-16 04:50:46.468385
USD,,2Y,2024-12-03,4.17,federal_reserve_h15,DGS2,https://www.federalreserve.gov/datadownload/Output.aspx?rel=H15&series=bf17364827e38702b42a58cf8eaa3f78&lastObs=&from=&to=&filetype=csv&label=include&layout=seriescolumn&type=package,ok,2026-06-16 04:50:46.468385
USD,,2Y,2024-12-04,4.13,federal_reserve_h15,DGS2,https://www.federalreserve.gov/datadownload/Output.aspx?rel=H15&series=bf17364827e38702b42a58cf8eaa3f78&lastObs=&from=&to=&filetype=csv&label=include&layout=seriescolumn&type=package,ok,2026-06-16 04:50:46.468385
USD,,2Y,2024-12-05,4.15,federal_reserve_h15,DGS2,https://www.federalreserve.gov/datadownload/Output.aspx?rel=H15&series=bf17364827e38702b42a58cf8eaa3f78&lastObs=&from=&to=&filetype=csv&label=include&layout=seriescolumn&type=package,ok,2026-06-16 04:50:46.468385
USD,,2Y,2024-12-06,4.1,federal_reserve_h15,DGS2,https://www.federalreserve.gov/datadownload/Output.aspx?rel=H15&series=bf17364827e38702b42a58cf8eaa3f78&lastObs=&from=&to=&filetype=csv&label=include&layout=seriescolumn&type=package,ok,2026-06-16 04:50:46.468385
USD,,2Y,2024-12-09,4.13,federal_reserve_h15,DGS2,https://www.federalreserve.gov/datadownload/Output.aspx?rel=H15&series=bf17364827e38702b42a58cf8eaa3f78&lastObs=&from=&to=&filetype=csv&label=include&layout=seriescolumn&type=package,ok,2026-06-16 04:50:46.468385
USD,,2Y,2024-12-10,4.15,federal_reserve_h15,DGS2,https://www.federalreserve.gov/datadownload/Output.aspx?rel=H15&series=bf17364827e38702b42a58cf8eaa3f78&lastObs=&from=&to=&filetype=csv&label=include&layout=seriescolumn&type=package,ok,2026-06-16 04:50:46.468385
USD,,2Y,2024-12-11,4.15,federal_reserve_h15,DGS2,https://www.federalreserve.gov/datadownload/Output.aspx?rel=H15&series=bf17364827e38702b42a58cf8eaa3f78&lastObs=&from=&to=&filetype=csv&label=include&layout=seriescolumn&type=package,ok,2026-06-16 04:50:46.468385
USD,,2Y,2024-12-12,4.18,federal_reserve_h15,DGS2,https://www.federalreserve.gov/datadownload/Output.aspx?rel=H15&series=bf17364827e38702b42a58cf8eaa3f78&lastObs=&from=&to=&filetype=csv&label=include&layout=seriescolumn&type=package,ok,2026-06-16 04:50:46.468385
USD,,2Y,2024-12-13,4.25,federal_reserve_h15,DGS2,https://www.federalreserve.gov/datadownload/Output.aspx?rel=H15&series=bf17364827e38702b42a58cf8eaa3f78&lastObs=&from=&to=&filetype=csv&label=include&layout=seriescolumn&type=package,ok,2026-06-16 04:50:46.468385
USD,,2Y,2024-12-16,4.25,federal_reserve_h15,DGS2,https://www.federalreserve.gov/datadownload/Output.aspx?rel=H15&series=bf17364827e38702b42a58cf8eaa3f78&lastObs=&from=&to=&filetype=csv&label=include&layout=seriescolumn&type=package,ok,2026-06-16 04:50:46.468385
USD,,2Y,2024-12-17,4.25,federal_reserve_h15,DGS2,https://www.federalreserve.gov/datadownload/Output.aspx?rel=H15&series=bf17364827e38702b42a58cf8eaa3f78&lastObs=&from=&to=&filetype=csv&label=include&layout=seriescolumn&type=package,ok,2026-06-16 04:50:46.468385
USD,,2Y,2024-12-18,4.35,federal_reserve_h15,DGS2,https://www.federalreserve.gov/datadownload/Output.aspx?rel=H15&series=bf17364827e38702b42a58cf8eaa3f78&lastObs=&from=&to=&filetype=csv&label=include&layout=seriescolumn&type=package,ok,2026-06-16 04:50:46.468385
USD,,2Y,2024-12-19,4.32,federal_reserve_h15,DGS2,https://www.federalreserve.gov/datadownload/Output.aspx?rel=H15&series=bf17364827e38702b42a58cf8eaa3f78&lastObs=&from=&to=&filetype=csv&label=include&layout=seriescolumn&type=package,ok,2026-06-16 04:50:46.468385
USD,,2Y,2024-12-20,4.3,federal_reserve_h15,DGS2,https://www.federalreserve.gov/datadownload/Output.aspx?rel=H15&series=bf17364827e38702b42a58cf8eaa3f78&lastObs=&from=&to=&filetype=csv&label=include&layout=seriescolumn&type=package,ok,2026-06-16 04:50:46.468385
USD,,2Y,2024-12-23,4.3,federal_reserve_h15,DGS2,https://www.federalreserve.gov/datadownload/Output.aspx?rel=H15&series=bf17364827e38702b42a58cf8eaa3f78&lastObs=&from=&to=&filetype=csv&label=include&layout=seriescolumn&type=package,ok,2026-06-16 04:50:46.468385
USD,,2Y,2024-12-24,4.29,federal_reserve_h15,DGS2,https://www.federalreserve.gov/datadownload/Output.aspx?rel=H15&series=bf17364827e38702b42a58cf8eaa3f78&lastObs=&from=&to=&filetype=csv&label=include&layout=seriescolumn&type=package,ok,2026-06-16 04:50:46.468385
USD,,2Y,2024-12-26,4.3,federal_reserve_h15,DGS2,https://www.federalreserve.gov/datadownload/Output.aspx?rel=H15&series=bf17364827e38702b42a58cf8eaa3f78&lastObs=&from=&to=&filetype=csv&label=include&layout=seriescolumn&type=package,ok,2026-06-16 04:50:46.468385
USD,,2Y,2024-12-27,4.31,federal_reserve_h15,DGS2,https://www.federalreserve.gov/datadownload/Output.aspx?rel=H15&series=bf17364827e38702b42a58cf8eaa3f78&lastObs=&from=&to=&filetype=csv&label=include&layout=seriescolumn&type=package,ok,2026-06-16 04:50:46.468385
USD,,2Y,2024-12-30,4.24,federal_reserve_h15,DGS2,https://www.federalreserve.gov/datadownload/Output.aspx?rel=H15&series=bf17364827e38702b42a58cf8eaa3f78&lastObs=&from=&to=&filetype=csv&label=include&layout=seriescolumn&type=package,ok,2026-06-16 04:50:46.468385
USD,,2Y,2024-12-31,4.25,federal_reserve_h15,DGS2,https://www.federalreserve.gov/datadownload/Output.aspx?rel=H15&series=bf17364827e38702b42a58cf8eaa3f78&lastObs=&from=&to=&filetype=csv&label=include&layout=seriescolumn&type=package,ok,2026-06-16 04:50:46.468385
USD,,2Y,2025-01-02,4.25,federal_reserve_h15,DGS2,https://www.federalreserve.gov/datadownload/Output.aspx?rel=H15&series=bf17364827e38702b42a58cf8eaa3f78&lastObs=&from=&to=&filetype=csv&label=include&layout=seriescolumn&type=package,ok,2026-06-16 04:50:46.468385
USD,,2Y,2025-01-03,4.28,federal_reserve_h15,DGS2,https://www.federalreserve.gov/datadownload/Output.aspx?rel=H15&series=bf17364827e38702b42a58cf8eaa3f78&lastObs=&from=&to=&filetype=csv&label=include&layout=seriescolumn&type=package,ok,2026-06-16 04:50:46.468385
USD,,2Y,2025-01-06,4.28,federal_reserve_h15,DGS2,https://www.federalreserve.gov/datadownload/Output.aspx?rel=H15&series=bf17364827e38702b42a58cf8eaa3f78&lastObs=&from=&to=&filetype=csv&label=include&layout=seriescolumn&type=package,ok,2026-06-16 04:50:46.468385
USD,,2Y,2025-01-07,4.3,federal_reserve_h15,DGS2,https://www.federalreserve.gov/datadownload/Output.aspx?rel=H15&series=bf17364827e38702b42a58cf8eaa3f78&lastObs=&from=&to=&filetype=csv&label=include&layout=seriescolumn&type=package,ok,2026-06-16 04:50:46.468385
USD,,2Y,2025-01-08,4.28,federal_reserve_h15,DGS2,https://www.federalreserve.gov/datadownload/Output.aspx?rel=H15&series=bf17364827e38702b42a58cf8eaa3f78&lastObs=&from=&to=&filetype=csv&label=include&layout=seriescolumn&type=package,ok,2026-06-16 04:50:46.468385
USD,,2Y,2025-01-09,4.27,federal_reserve_h15,DGS2,https://www.federalreserve.gov/datadownload/Output.aspx?rel=H15&series=bf17364827e38702b42a58cf8eaa3f78&lastObs=&from=&to=&filetype=csv&label=include&layout=seriescolumn&type=package,ok,2026-06-16 04:50:46.468385
USD,,2Y,2025-01-10,4.4,federal_reserve_h15,DGS2,https://www.federalreserve.gov/datadownload/Output.aspx?rel=H15&series=bf17364827e38702b42a58cf8eaa3f78&lastObs=&from=&to=&filetype=csv&label=include&layout=seriescolumn&type=package,ok,2026-06-16 04:50:46.468385
USD,,2Y,2025-01-13,4.4,federal_reserve_h15,DGS2,https://www.federalreserve.gov/datadownload/Output.aspx?rel=H15&series=bf17364827e38702b42a58cf8eaa3f78&lastObs=&from=&to=&filetype=csv&label=include&layout=seriescolumn&type=package,ok,2026-06-16 04:50:46.468385
USD,,2Y,2025-01-14,4.37,federal_reserve_h15,DGS2,https://www.federalreserve.gov/datadownload/Output.aspx?rel=H15&series=bf17364827e38702b42a58cf8eaa3f78&lastObs=&from=&to=&filetype=csv&label=include&layout=seriescolumn&type=package,ok,2026-06-16 04:50:46.468385
USD,,2Y,2025-01-15,4.27,federal_reserve_h15,DGS2,https://www.federalreserve.gov/datadownload/Output.aspx?rel=H15&series=bf17364827e38702b42a58cf8eaa3f78&lastObs=&from=&to=&filetype=csv&label=include&layout=seriescolumn&type=package,ok,2026-06-16 04:50:46.468385
USD,,2Y,2025-01-16,4.23,federal_reserve_h15,DGS2,https://www.federalreserve.gov/datadownload/Output.aspx?rel=H15&series=bf17364827e38702b42a58cf8eaa3f78&lastObs=&from=&to=&filetype=csv&label=include&layout=seriescolumn&type=package,ok,2026-06-16 04:50:46.468385
USD,,2Y,2025-01-17,4.27,federal_reserve_h15,DGS2,https://www.federalreserve.gov/datadownload/Output.aspx?rel=H15&series=bf17364827e38702b42a58cf8eaa3f78&lastObs=&from=&to=&filetype=csv&label=include&layout=seriescolumn&type=package,ok,2026-06-16 04:50:46.468385
USD,,2Y,2025-01-21,4.29,federal_reserve_h15,DGS2,https://www.federalreserve.gov/datadownload/Output.aspx?rel=H15&series=bf17364827e38702b42a58cf8eaa3f78&lastObs=&from=&to=&filetype=csv&label=include&layout=seriescolumn&type=package,ok,2026-06-16 04:50:46.468385
USD,,2Y,2025-01-22,4.29,federal_reserve_h15,DGS2,https://www.federalreserve.gov/datadownload/Output.aspx?rel=H15&series=bf17364827e38702b42a58cf8eaa3f78&lastObs=&from=&to=&filetype=csv&label=include&layout=seriescolumn&type=package,ok,2026-06-16 04:50:46.468385
USD,,2Y,2025-01-23,4.29,federal_reserve_h15,DGS2,https://www.federalreserve.gov/datadownload/Output.aspx?rel=H15&series=bf17364827e38702b42a58cf8eaa3f78&lastObs=&from=&to=&filetype=csv&label=include&layout=seriescolumn&type=package,ok,2026-06-16 04:50:46.468385
USD,,2Y,2025-01-24,4.27,federal_reserve_h15,DGS2,https://www.federalreserve.gov/datadownload/Output.aspx?rel=H15&series=bf17364827e38702b42a58cf8eaa3f78&lastObs=&from=&to=&filetype=csv&label=include&layout=seriescolumn&type=package,ok,2026-06-16 04:50:46.468385
USD,,2Y,2025-01-27,4.17,federal_reserve_h15,DGS2,https://www.federalreserve.gov/datadownload/Output.aspx?rel=H15&series=bf17364827e38702b42a58cf8eaa3f78&lastObs=&from=&to=&filetype=csv&label=include&layout=seriescolumn&type=package,ok,2026-06-16 04:50:46.468385
USD,,2Y,2025-01-28,4.19,federal_reserve_h15,DGS2,https://www.federalreserve.gov/datadownload/Output.aspx?rel=H15&series=bf17364827e38702b42a58cf8eaa3f78&lastObs=&from=&to=&filetype=csv&label=include&layout=seriescolumn&type=package,ok,2026-06-16 04:50:46.468385
USD,,2Y,2025-01-29,4.21,federal_reserve_h15,DGS2,https://www.federalreserve.gov/datadownload/Output.aspx?rel=H15&series=bf17364827e38702b42a58cf8eaa3f78&lastObs=&from=&to=&filetype=csv&label=include&layout=seriescolumn&type=package,ok,2026-06-16 04:50:46.468385
USD,,2Y,2025-01-30,4.18,federal_reserve_h15,DGS2,https://www.federalreserve.gov/datadownload/Output.aspx?rel=H15&series=bf17364827e38702b42a58cf8eaa3f78&lastObs=&from=&to=&filetype=csv&label=include&layout=seriescolumn&type=package,ok,2026-06-16 04:50:46.468385
USD,,2Y,2025-01-31,4.22,federal_reserve_h15,DGS2,https://www.federalreserve.gov/datadownload/Output.aspx?rel=H15&series=bf17364827e38702b42a58cf8eaa3f78&lastObs=&from=&to=&filetype=csv&label=include&layout=seriescolumn&type=package,ok,2026-06-16 04:50:46.468385
USD,,2Y,2025-02-03,4.26,federal_reserve_h15,DGS2,https://www.federalreserve.gov/datadownload/Output.aspx?rel=H15&series=bf17364827e38702b42a58cf8eaa3f78&lastObs=&from=&to=&filetype=csv&label=include&layout=seriescolumn&type=package,ok,2026-06-16 04:50:46.468385
USD,,2Y,2025-02-04,4.21,federal_reserve_h15,DGS2,https://www.federalreserve.gov/datadownload/Output.aspx?rel=H15&series=bf17364827e38702b42a58cf8eaa3f78&lastObs=&from=&to=&filetype=csv&label=include&layout=seriescolumn&type=package,ok,2026-06-16 04:50:46.468385
USD,,2Y,2025-02-05,4.17,federal_reserve_h15,DGS2,https://www.federalreserve.gov/datadownload/Output.aspx?rel=H15&series=bf17364827e38702b42a58cf8eaa3f78&lastObs=&from=&to=&filetype=csv&label=include&layout=seriescolumn&type=package,ok,2026-06-16 04:50:46.468385
USD,,2Y,2025-02-06,4.21,federal_reserve_h15,DGS2,https://www.federalreserve.gov/datadownload/Output.aspx?rel=H15&series=bf17364827e38702b42a58cf8eaa3f78&lastObs=&from=&to=&filetype=csv&label=include&layout=seriescolumn&type=package,ok,2026-06-16 04:50:46.468385
USD,,2Y,2025-02-07,4.29,federal_reserve_h15,DGS2,https://www.federalreserve.gov/datadownload/Output.aspx?rel=H15&series=bf17364827e38702b42a58cf8eaa3f78&lastObs=&from=&to=&filetype=csv&label=include&layout=seriescolumn&type=package,ok,2026-06-16 04:50:46.468385
USD,,2Y,2025-02-10,4.28,federal_reserve_h15,DGS2,https://www.federalreserve.gov/datadownload/Output.aspx?rel=H15&series=bf17364827e38702b42a58cf8eaa3f78&lastObs=&from=&to=&filetype=csv&label=include&layout=seriescolumn&type=package,ok,2026-06-16 04:50:46.468385
USD,,2Y,2025-02-11,4.29,federal_reserve_h15,DGS2,https://www.federalreserve.gov/datadownload/Output.aspx?rel=H15&series=bf17364827e38702b42a58cf8eaa3f78&lastObs=&from=&to=&filetype=csv&label=include&layout=seriescolumn&type=package,ok,2026-06-16 04:50:46.468385
USD,,2Y,2025-02-12,4.36,federal_reserve_h15,DGS2,https://www.federalreserve.gov/datadownload/Output.aspx?rel=H15&series=bf17364827e38702b42a58cf8eaa3f78&lastObs=&from=&to=&filetype=csv&label=include&layout=seriescolumn&type=package,ok,2026-06-16 04:50:46.468385
USD,,2Y,2025-02-13,4.31,federal_reserve_h15,DGS2,https://www.federalreserve.gov/datadownload/Output.aspx?rel=H15&series=bf17364827e38702b42a58cf8eaa3f78&lastObs=&from=&to=&filetype=csv&label=include&layout=seriescolumn&type=package,ok,2026-06-16 04:50:46.468385
USD,,2Y,2025-02-14,4.26,federal_reserve_h15,DGS2,https://www.federalreserve.gov/datadownload/Output.aspx?rel=H15&series=bf17364827e38702b42a58cf8eaa3f78&lastObs=&from=&to=&filetype=csv&label=include&layout=seriescolumn&type=package,ok,2026-06-16 04:50:46.468385
USD,,2Y,2025-02-18,4.29,federal_reserve_h15,DGS2,https://www.federalreserve.gov/datadownload/Output.aspx?rel=H15&series=bf17364827e38702b42a58cf8eaa3f78&lastObs=&from=&to=&filetype=csv&label=include&layout=seriescolumn&type=package,ok,2026-06-16 04:50:46.468385
USD,,2Y,2025-02-19,4.28,federal_reserve_h15,DGS2,https://www.federalreserve.gov/datadownload/Output.aspx?rel=H15&series=bf17364827e38702b42a58cf8eaa3f78&lastObs=&from=&to=&filetype=csv&label=include&layout=seriescolumn&type=package,ok,2026-06-16 04:50:46.468385
USD,,2Y,2025-02-20,4.28,federal_reserve_h15,DGS2,https://www.federalreserve.gov/datadownload/Output.aspx?rel=H15&series=bf17364827e38702b42a58cf8eaa3f78&lastObs=&from=&to=&filetype=csv&label=include&layout=seriescolumn&type=package,ok,2026-06-16 04:50:46.468385
USD,,2Y,2025-02-21,4.19,federal_reserve_h15,DGS2,https://www.federalreserve.gov/datadownload/Output.aspx?rel=H15&series=bf17364827e38702b42a58cf8eaa3f78&lastObs=&from=&to=&filetype=csv&label=include&layout=seriescolumn&type=package,ok,2026-06-16 04:50:46.468385
USD,,2Y,2025-02-24,4.13,federal_reserve_h15,DGS2,https://www.federalreserve.gov/datadownload/Output.aspx?rel=H15&series=bf17364827e38702b42a58cf8eaa3f78&lastObs=&from=&to=&filetype=csv&label=include&layout=seriescolumn&type=package,ok,2026-06-16 04:50:46.468385
USD,,2Y,2025-02-25,4.07,federal_reserve_h15,DGS2,https://www.federalreserve.gov/datadownload/Output.aspx?rel=H15&series=bf17364827e38702b42a58cf8eaa3f78&lastObs=&from=&to=&filetype=csv&label=include&layout=seriescolumn&type=package,ok,2026-06-16 04:50:46.468385
USD,,2Y,2025-02-26,4.05,federal_reserve_h15,DGS2,https://www.federalreserve.gov/datadownload/Output.aspx?rel=H15&series=bf17364827e38702b42a58cf8eaa3f78&lastObs=&from=&to=&filetype=csv&label=include&layout=seriescolumn&type=package,ok,2026-06-16 04:50:46.468385
USD,,2Y,2025-02-27,4.07,federal_reserve_h15,DGS2,https://www.federalreserve.gov/datadownload/Output.aspx?rel=H15&series=bf17364827e38702b42a58cf8eaa3f78&lastObs=&from=&to=&filetype=csv&label=include&layout=seriescolumn&type=package,ok,2026-06-16 04:50:46.468385
USD,,2Y,2025-02-28,3.99,federal_reserve_h15,DGS2,https://www.federalreserve.gov/datadownload/Output.aspx?rel=H15&series=bf17364827e38702b42a58cf8eaa3f78&lastObs=&from=&to=&filetype=csv&label=include&layout=seriescolumn&type=package,ok,2026-06-16 04:50:46.468385
USD,,2Y,2025-03-03,3.96,federal_reserve_h15,DGS2,https://www.federalreserve.gov/datadownload/Output.aspx?rel=H15&series=bf17364827e38702b42a58cf8eaa3f78&lastObs=&from=&to=&filetype=csv&label=include&layout=seriescolumn&type=package,ok,2026-06-16 04:50:46.468385
USD,,2Y,2025-03-04,3.96,federal_reserve_h15,DGS2,https://www.federalreserve.gov/datadownload/Output.aspx?rel=H15&series=bf17364827e38702b42a58cf8eaa3f78&lastObs=&from=&to=&filetype=csv&label=include&layout=seriescolumn&type=package,ok,2026-06-16 04:50:46.468385
USD,,2Y,2025-03-05,3.99,federal_reserve_h15,DGS2,https://www.federalreserve.gov/datadownload/Output.aspx?rel=H15&series=bf17364827e38702b42a58cf8eaa3f78&lastObs=&from=&to=&filetype=csv&label=include&layout=seriescolumn&type=package,ok,2026-06-16 04:50:46.468385
USD,,2Y,2025-03-06,3.96,federal_reserve_h15,DGS2,https://www.federalreserve.gov/datadownload/Output.aspx?rel=H15&series=bf17364827e38702b42a58cf8eaa3f78&lastObs=&from=&to=&filetype=csv&label=include&layout=seriescolumn&type=package,ok,2026-06-16 04:50:46.468385
USD,,2Y,2025-03-07,3.99,federal_reserve_h15,DGS2,https://www.federalreserve.gov/datadownload/Output.aspx?rel=H15&series=bf17364827e38702b42a58cf8eaa3f78&lastObs=&from=&to=&filetype=csv&label=include&layout=seriescolumn&type=package,ok,2026-06-16 04:50:46.468385
USD,,2Y,2025-03-10,3.89,federal_reserve_h15,DGS2,https://www.federalreserve.gov/datadownload/Output.aspx?rel=H15&series=bf17364827e38702b42a58cf8eaa3f78&lastObs=&from=&to=&filetype=csv&label=include&layout=seriescolumn&type=package,ok,2026-06-16 04:50:46.468385
USD,,2Y,2025-03-11,3.94,federal_reserve_h15,DGS2,https://www.federalreserve.gov/datadownload/Output.aspx?rel=H15&series=bf17364827e38702b42a58cf8eaa3f78&lastObs=&from=&to=&filetype=csv&label=include&layout=seriescolumn&type=package,ok,2026-06-16 04:50:46.468385
USD,,2Y,2025-03-12,4.01,federal_reserve_h15,DGS2,https://www.federalreserve.gov/datadownload/Output.aspx?rel=H15&series=bf17364827e38702b42a58cf8eaa3f78&lastObs=&from=&to=&filetype=csv&label=include&layout=seriescolumn&type=package,ok,2026-06-16 04:50:46.468385
USD,,2Y,2025-03-13,3.94,federal_reserve_h15,DGS2,https://www.federalreserve.gov/datadownload/Output.aspx?rel=H15&series=bf17364827e38702b42a58cf8eaa3f78&lastObs=&from=&to=&filetype=csv&label=include&layout=seriescolumn&type=package,ok,2026-06-16 04:50:46.468385
USD,,2Y,2025-03-14,4.02,federal_reserve_h15,DGS2,https://www.federalreserve.gov/datadownload/Output.aspx?rel=H15&series=bf17364827e38702b42a58cf8eaa3f78&lastObs=&from=&to=&filetype=csv&label=include&layout=seriescolumn&type=package,ok,2026-06-16 04:50:46.468385
USD,,2Y,2025-03-17,4.06,federal_reserve_h15,DGS2,https://www.federalreserve.gov/datadownload/Output.aspx?rel=H15&series=bf17364827e38702b42a58cf8eaa3f78&lastObs=&from=&to=&filetype=csv&label=include&layout=seriescolumn&type=package,ok,2026-06-16 04:50:46.468385
USD,,2Y,2025-03-18,4.04,federal_reserve_h15,DGS2,https://www.federalreserve.gov/datadownload/Output.aspx?rel=H15&series=bf17364827e38702b42a58cf8eaa3f78&lastObs=&from=&to=&filetype=csv&label=include&layout=seriescolumn&type=package,ok,2026-06-16 04:50:46.468385
USD,,2Y,2025-03-19,3.99,federal_reserve_h15,DGS2,https://www.federalreserve.gov/datadownload/Output.aspx?rel=H15&series=bf17364827e38702b42a58cf8eaa3f78&lastObs=&from=&to=&filetype=csv&label=include&layout=seriescolumn&type=package,ok,2026-06-16 04:50:46.468385
USD,,2Y,2025-03-20,3.95,federal_reserve_h15,DGS2,https://www.federalreserve.gov/datadownload/Output.aspx?rel=H15&series=bf17364827e38702b42a58cf8eaa3f78&lastObs=&from=&to=&filetype=csv&label=include&layout=seriescolumn&type=package,ok,2026-06-16 04:50:46.468385
USD,,2Y,2025-03-21,3.94,federal_reserve_h15,DGS2,https://www.federalreserve.gov/datadownload/Output.aspx?rel=H15&series=bf17364827e38702b42a58cf8eaa3f78&lastObs=&from=&to=&filetype=csv&label=include&layout=seriescolumn&type=package,ok,2026-06-16 04:50:46.468385
USD,,2Y,2025-03-24,4.04,federal_reserve_h15,DGS2,https://www.federalreserve.gov/datadownload/Output.aspx?rel=H15&series=bf17364827e38702b42a58cf8eaa3f78&lastObs=&from=&to=&filetype=csv&label=include&layout=seriescolumn&type=package,ok,2026-06-16 04:50:46.468385
USD,,2Y,2025-03-25,3.96,federal_reserve_h15,DGS2,https://www.federalreserve.gov/datadownload/Output.aspx?rel=H15&series=bf17364827e38702b42a58cf8eaa3f78&lastObs=&from=&to=&filetype=csv&label=include&layout=seriescolumn&type=package,ok,2026-06-16 04:50:46.468385
USD,,2Y,2025-03-26,3.98,federal_reserve_h15,DGS2,https://www.federalreserve.gov/datadownload/Output.aspx?rel=H15&series=bf17364827e38702b42a58cf8eaa3f78&lastObs=&from=&to=&filetype=csv&label=include&layout=seriescolumn&type=package,ok,2026-06-16 04:50:46.468385
USD,,2Y,2025-03-27,3.97,federal_reserve_h15,DGS2,https://www.federalreserve.gov/datadownload/Output.aspx?rel=H15&series=bf17364827e38702b42a58cf8eaa3f78&lastObs=&from=&to=&filetype=csv&label=include&layout=seriescolumn&type=package,ok,2026-06-16 04:50:46.468385
USD,,2Y,2025-03-28,3.89,federal_reserve_h15,DGS2,https://www.federalreserve.gov/datadownload/Output.aspx?rel=H15&series=bf17364827e38702b42a58cf8eaa3f78&lastObs=&from=&to=&filetype=csv&label=include&layout=seriescolumn&type=package,ok,2026-06-16 04:50:46.468385
USD,,2Y,2025-03-31,3.89,federal_reserve_h15,DGS2,https://www.federalreserve.gov/datadownload/Output.aspx?rel=H15&series=bf17364827e38702b42a58cf8eaa3f78&lastObs=&from=&to=&filetype=csv&label=include&layout=seriescolumn&type=package,ok,2026-06-16 04:50:46.468385
USD,,2Y,2025-04-01,3.87,federal_reserve_h15,DGS2,https://www.federalreserve.gov/datadownload/Output.aspx?rel=H15&series=bf17364827e38702b42a58cf8eaa3f78&lastObs=&from=&to=&filetype=csv&label=include&layout=seriescolumn&type=package,ok,2026-06-16 04:50:46.468385
USD,,2Y,2025-04-02,3.91,federal_reserve_h15,DGS2,https://www.federalreserve.gov/datadownload/Output.aspx?rel=H15&series=bf17364827e38702b42a58cf8eaa3f78&lastObs=&from=&to=&filetype=csv&label=include&layout=seriescolumn&type=package,ok,2026-06-16 04:50:46.468385
USD,,2Y,2025-04-03,3.71,federal_reserve_h15,DGS2,https://www.federalreserve.gov/datadownload/Output.aspx?rel=H15&series=bf17364827e38702b42a58cf8eaa3f78&lastObs=&from=&to=&filetype=csv&label=include&layout=seriescolumn&type=package,ok,2026-06-16 04:50:46.468385
USD,,2Y,2025-04-04,3.68,federal_reserve_h15,DGS2,https://www.federalreserve.gov/datadownload/Output.aspx?rel=H15&series=bf17364827e38702b42a58cf8eaa3f78&lastObs=&from=&to=&filetype=csv&label=include&layout=seriescolumn&type=package,ok,2026-06-16 04:50:46.468385
USD,,2Y,2025-04-07,3.73,federal_reserve_h15,DGS2,https://www.federalreserve.gov/datadownload/Output.aspx?rel=H15&series=bf17364827e38702b42a58cf8eaa3f78&lastObs=&from=&to=&filetype=csv&label=include&layout=seriescolumn&type=package,ok,2026-06-16 04:50:46.468385
USD,,2Y,2025-04-08,3.71,federal_reserve_h15,DGS2,https://www.federalreserve.gov/datadownload/Output.aspx?rel=H15&series=bf17364827e38702b42a58cf8eaa3f78&lastObs=&from=&to=&filetype=csv&label=include&layout=seriescolumn&type=package,ok,2026-06-16 04:50:46.468385
USD,,2Y,2025-04-09,3.91,federal_reserve_h15,DGS2,https://www.federalreserve.gov/datadownload/Output.aspx?rel=H15&series=bf17364827e38702b42a58cf8eaa3f78&lastObs=&from=&to=&filetype=csv&label=include&layout=seriescolumn&type=package,ok,2026-06-16 04:50:46.468385
USD,,2Y,2025-04-10,3.84,federal_reserve_h15,DGS2,https://www.federalreserve.gov/datadownload/Output.aspx?rel=H15&series=bf17364827e38702b42a58cf8eaa3f78&lastObs=&from=&to=&filetype=csv&label=include&layout=seriescolumn&type=package,ok,2026-06-16 04:50:46.468385
USD,,2Y,2025-04-11,3.96,federal_reserve_h15,DGS2,https://www.federalreserve.gov/datadownload/Output.aspx?rel=H15&series=bf17364827e38702b42a58cf8eaa3f78&lastObs=&from=&to=&filetype=csv&label=include&layout=seriescolumn&type=package,ok,2026-06-16 04:50:46.468385
USD,,2Y,2025-04-14,3.84,federal_reserve_h15,DGS2,https://www.federalreserve.gov/datadownload/Output.aspx?rel=H15&series=bf17364827e38702b42a58cf8eaa3f78&lastObs=&from=&to=&filetype=csv&label=include&layout=seriescolumn&type=package,ok,2026-06-16 04:50:46.468385
USD,,2Y,2025-04-15,3.84,federal_reserve_h15,DGS2,https://www.federalreserve.gov/datadownload/Output.aspx?rel=H15&series=bf17364827e38702b42a58cf8eaa3f78&lastObs=&from=&to=&filetype=csv&label=include&layout=seriescolumn&type=package,ok,2026-06-16 04:50:46.468385
USD,,2Y,2025-04-16,3.77,federal_reserve_h15,DGS2,https://www.federalreserve.gov/datadownload/Output.aspx?rel=H15&series=bf17364827e38702b42a58cf8eaa3f78&lastObs=&from=&to=&filetype=csv&label=include&layout=seriescolumn&type=package,ok,2026-06-16 04:50:46.468385
USD,,2Y,2025-04-17,3.81,federal_reserve_h15,DGS2,https://www.federalreserve.gov/datadownload/Output.aspx?rel=H15&series=bf17364827e38702b42a58cf8eaa3f78&lastObs=&from=&to=&filetype=csv&label=include&layout=seriescolumn&type=package,ok,2026-06-16 04:50:46.468385
USD,,2Y,2025-04-21,3.75,federal_reserve_h15,DGS2,https://www.federalreserve.gov/datadownload/Output.aspx?rel=H15&series=bf17364827e38702b42a58cf8eaa3f78&lastObs=&from=&to=&filetype=csv&label=include&layout=seriescolumn&type=package,ok,2026-06-16 04:50:46.468385
USD,,2Y,2025-04-22,3.76,federal_reserve_h15,DGS2,https://www.federalreserve.gov/datadownload/Output.aspx?rel=H15&series=bf17364827e38702b42a58cf8eaa3f78&lastObs=&from=&to=&filetype=csv&label=include&layout=seriescolumn&type=package,ok,2026-06-16 04:50:46.468385
USD,,2Y,2025-04-23,3.81,federal_reserve_h15,DGS2,https://www.federalreserve.gov/datadownload/Output.aspx?rel=H15&series=bf17364827e38702b42a58cf8eaa3f78&lastObs=&from=&to=&filetype=csv&label=include&layout=seriescolumn&type=package,ok,2026-06-16 04:50:46.468385
USD,,2Y,2025-04-24,3.77,federal_reserve_h15,DGS2,https://www.federalreserve.gov/datadownload/Output.aspx?rel=H15&series=bf17364827e38702b42a58cf8eaa3f78&lastObs=&from=&to=&filetype=csv&label=include&layout=seriescolumn&type=package,ok,2026-06-16 04:50:46.468385
USD,,2Y,2025-04-25,3.74,federal_reserve_h15,DGS2,https://www.federalreserve.gov/datadownload/Output.aspx?rel=H15&series=bf17364827e38702b42a58cf8eaa3f78&lastObs=&from=&to=&filetype=csv&label=include&layout=seriescolumn&type=package,ok,2026-06-16 04:50:46.468385
USD,,2Y,2025-04-28,3.67,federal_reserve_h15,DGS2,https://www.federalreserve.gov/datadownload/Output.aspx?rel=H15&series=bf17364827e38702b42a58cf8eaa3f78&lastObs=&from=&to=&filetype=csv&label=include&layout=seriescolumn&type=package,ok,2026-06-16 04:50:46.468385
USD,,2Y,2025-04-29,3.65,federal_reserve_h15,DGS2,https://www.federalreserve.gov/datadownload/Output.aspx?rel=H15&series=bf17364827e38702b42a58cf8eaa3f78&lastObs=&from=&to=&filetype=csv&label=include&layout=seriescolumn&type=package,ok,2026-06-16 04:50:46.468385
USD,,2Y,2025-04-30,3.6,federal_reserve_h15,DGS2,https://www.federalreserve.gov/datadownload/Output.aspx?rel=H15&series=bf17364827e38702b42a58cf8eaa3f78&lastObs=&from=&to=&filetype=csv&label=include&layout=seriescolumn&type=package,ok,2026-06-16 04:50:46.468385
USD,,2Y,2025-05-01,3.7,federal_reserve_h15,DGS2,https://www.federalreserve.gov/datadownload/Output.aspx?rel=H15&series=bf17364827e38702b42a58cf8eaa3f78&lastObs=&from=&to=&filetype=csv&label=include&layout=seriescolumn&type=package,ok,2026-06-16 04:50:46.468385
USD,,2Y,2025-05-02,3.83,federal_reserve_h15,DGS2,https://www.federalreserve.gov/datadownload/Output.aspx?rel=H15&series=bf17364827e38702b42a58cf8eaa3f78&lastObs=&from=&to=&filetype=csv&label=include&layout=seriescolumn&type=package,ok,2026-06-16 04:50:46.468385
USD,,2Y,2025-05-05,3.83,federal_reserve_h15,DGS2,https://www.federalreserve.gov/datadownload/Output.aspx?rel=H15&series=bf17364827e38702b42a58cf8eaa3f78&lastObs=&from=&to=&filetype=csv&label=include&layout=seriescolumn&type=package,ok,2026-06-16 04:50:46.468385
USD,,2Y,2025-05-06,3.78,federal_reserve_h15,DGS2,https://www.federalreserve.gov/datadownload/Output.aspx?rel=H15&series=bf17364827e38702b42a58cf8eaa3f78&lastObs=&from=&to=&filetype=csv&label=include&layout=seriescolumn&type=package,ok,2026-06-16 04:50:46.468385
USD,,2Y,2025-05-07,3.78,federal_reserve_h15,DGS2,https://www.federalreserve.gov/datadownload/Output.aspx?rel=H15&series=bf17364827e38702b42a58cf8eaa3f78&lastObs=&from=&to=&filetype=csv&label=include&layout=seriescolumn&type=package,ok,2026-06-16 04:50:46.468385
USD,,2Y,2025-05-08,3.9,federal_reserve_h15,DGS2,https://www.federalreserve.gov/datadownload/Output.aspx?rel=H15&series=bf17364827e38702b42a58cf8eaa3f78&lastObs=&from=&to=&filetype=csv&label=include&layout=seriescolumn&type=package,ok,2026-06-16 04:50:46.468385
USD,,2Y,2025-05-09,3.88,federal_reserve_h15,DGS2,https://www.federalreserve.gov/datadownload/Output.aspx?rel=H15&series=bf17364827e38702b42a58cf8eaa3f78&lastObs=&from=&to=&filetype=csv&label=include&layout=seriescolumn&type=package,ok,2026-06-16 04:50:46.468385
USD,,2Y,2025-05-12,3.98,federal_reserve_h15,DGS2,https://www.federalreserve.gov/datadownload/Output.aspx?rel=H15&series=bf17364827e38702b42a58cf8eaa3f78&lastObs=&from=&to=&filetype=csv&label=include&layout=seriescolumn&type=package,ok,2026-06-16 04:50:46.468385
USD,,2Y,2025-05-13,4.02,federal_reserve_h15,DGS2,https://www.federalreserve.gov/datadownload/Output.aspx?rel=H15&series=bf17364827e38702b42a58cf8eaa3f78&lastObs=&from=&to=&filetype=csv&label=include&layout=seriescolumn&type=package,ok,2026-06-16 04:50:46.468385
USD,,2Y,2025-05-14,4.05,federal_reserve_h15,DGS2,https://www.federalreserve.gov/datadownload/Output.aspx?rel=H15&series=bf17364827e38702b42a58cf8eaa3f78&lastObs=&from=&to=&filetype=csv&label=include&layout=seriescolumn&type=package,ok,2026-06-16 04:50:46.468385
USD,,2Y,2025-05-15,3.96,federal_reserve_h15,DGS2,https://www.federalreserve.gov/datadownload/Output.aspx?rel=H15&series=bf17364827e38702b42a58cf8eaa3f78&lastObs=&from=&to=&filetype=csv&label=include&layout=seriescolumn&type=package,ok,2026-06-16 04:50:46.468385
USD,,2Y,2025-05-16,3.98,federal_reserve_h15,DGS2,https://www.federalreserve.gov/datadownload/Output.aspx?rel=H15&series=bf17364827e38702b42a58cf8eaa3f78&lastObs=&from=&to=&filetype=csv&label=include&layout=seriescolumn&type=package,ok,2026-06-16 04:50:46.468385
USD,,2Y,2025-05-19,3.97,federal_reserve_h15,DGS2,https://www.federalreserve.gov/datadownload/Output.aspx?rel=H15&series=bf17364827e38702b42a58cf8eaa3f78&lastObs=&from=&to=&filetype=csv&label=include&layout=seriescolumn&type=package,ok,2026-06-16 04:50:46.468385
USD,,2Y,2025-05-20,3.97,federal_reserve_h15,DGS2,https://www.federalreserve.gov/datadownload/Output.aspx?rel=H15&series=bf17364827e38702b42a58cf8eaa3f78&lastObs=&from=&to=&filetype=csv&label=include&layout=seriescolumn&type=package,ok,2026-06-16 04:50:46.468385
USD,,2Y,2025-05-21,4.0,federal_reserve_h15,DGS2,https://www.federalreserve.gov/datadownload/Output.aspx?rel=H15&series=bf17364827e38702b42a58cf8eaa3f78&lastObs=&from=&to=&filetype=csv&label=include&layout=seriescolumn&type=package,ok,2026-06-16 04:50:46.468385
USD,,2Y,2025-05-22,4.0,federal_reserve_h15,DGS2,https://www.federalreserve.gov/datadownload/Output.aspx?rel=H15&series=bf17364827e38702b42a58cf8eaa3f78&lastObs=&from=&to=&filetype=csv&label=include&layout=seriescolumn&type=package,ok,2026-06-16 04:50:46.468385
USD,,2Y,2025-05-23,4.0,federal_reserve_h15,DGS2,https://www.federalreserve.gov/datadownload/Output.aspx?rel=H15&series=bf17364827e38702b42a58cf8eaa3f78&lastObs=&from=&to=&filetype=csv&label=include&layout=seriescolumn&type=package,ok,2026-06-16 04:50:46.468385
USD,,2Y,2025-05-27,3.92,federal_reserve_h15,DGS2,https://www.federalreserve.gov/datadownload/Output.aspx?rel=H15&series=bf17364827e38702b42a58cf8eaa3f78&lastObs=&from=&to=&filetype=csv&label=include&layout=seriescolumn&type=package,ok,2026-06-16 04:50:46.468385
USD,,2Y,2025-05-28,3.96,federal_reserve_h15,DGS2,https://www.federalreserve.gov/datadownload/Output.aspx?rel=H15&series=bf17364827e38702b42a58cf8eaa3f78&lastObs=&from=&to=&filetype=csv&label=include&layout=seriescolumn&type=package,ok,2026-06-16 04:50:46.468385
USD,,2Y,2025-05-29,3.92,federal_reserve_h15,DGS2,https://www.federalreserve.gov/datadownload/Output.aspx?rel=H15&series=bf17364827e38702b42a58cf8eaa3f78&lastObs=&from=&to=&filetype=csv&label=include&layout=seriescolumn&type=package,ok,2026-06-16 04:50:46.468385
USD,,2Y,2025-05-30,3.89,federal_reserve_h15,DGS2,https://www.federalreserve.gov/datadownload/Output.aspx?rel=H15&series=bf17364827e38702b42a58cf8eaa3f78&lastObs=&from=&to=&filetype=csv&label=include&layout=seriescolumn&type=package,ok,2026-06-16 04:50:46.468385
USD,,2Y,2025-06-02,3.94,federal_reserve_h15,DGS2,https://www.federalreserve.gov/datadownload/Output.aspx?rel=H15&series=bf17364827e38702b42a58cf8eaa3f78&lastObs=&from=&to=&filetype=csv&label=include&layout=seriescolumn&type=package,ok,2026-06-16 04:50:46.468385
USD,,2Y,2025-06-03,3.96,federal_reserve_h15,DGS2,https://www.federalreserve.gov/datadownload/Output.aspx?rel=H15&series=bf17364827e38702b42a58cf8eaa3f78&lastObs=&from=&to=&filetype=csv&label=include&layout=seriescolumn&type=package,ok,2026-06-16 04:50:46.468385
USD,,2Y,2025-06-04,3.87,federal_reserve_h15,DGS2,https://www.federalreserve.gov/datadownload/Output.aspx?rel=H15&series=bf17364827e38702b42a58cf8eaa3f78&lastObs=&from=&to=&filetype=csv&label=include&layout=seriescolumn&type=package,ok,2026-06-16 04:50:46.468385
USD,,2Y,2025-06-05,3.92,federal_reserve_h15,DGS2,https://www.federalreserve.gov/datadownload/Output.aspx?rel=H15&series=bf17364827e38702b42a58cf8eaa3f78&lastObs=&from=&to=&filetype=csv&label=include&layout=seriescolumn&type=package,ok,2026-06-16 04:50:46.468385
USD,,2Y,2025-06-06,4.04,federal_reserve_h15,DGS2,https://www.federalreserve.gov/datadownload/Output.aspx?rel=H15&series=bf17364827e38702b42a58cf8eaa3f78&lastObs=&from=&to=&filetype=csv&label=include&layout=seriescolumn&type=package,ok,2026-06-16 04:50:46.468385
USD,,2Y,2025-06-09,4.01,federal_reserve_h15,DGS2,https://www.federalreserve.gov/datadownload/Output.aspx?rel=H15&series=bf17364827e38702b42a58cf8eaa3f78&lastObs=&from=&to=&filetype=csv&label=include&layout=seriescolumn&type=package,ok,2026-06-16 04:50:46.468385
USD,,2Y,2025-06-10,4.01,federal_reserve_h15,DGS2,https://www.federalreserve.gov/datadownload/Output.aspx?rel=H15&series=bf17364827e38702b42a58cf8eaa3f78&lastObs=&from=&to=&filetype=csv&label=include&layout=seriescolumn&type=package,ok,2026-06-16 04:50:46.468385
USD,,2Y,2025-06-11,3.94,federal_reserve_h15,DGS2,https://www.federalreserve.gov/datadownload/Output.aspx?rel=H15&series=bf17364827e38702b42a58cf8eaa3f78&lastObs=&from=&to=&filetype=csv&label=include&layout=seriescolumn&type=package,ok,2026-06-16 04:50:46.468385
USD,,2Y,2025-06-12,3.9,federal_reserve_h15,DGS2,https://www.federalreserve.gov/datadownload/Output.aspx?rel=H15&series=bf17364827e38702b42a58cf8eaa3f78&lastObs=&from=&to=&filetype=csv&label=include&layout=seriescolumn&type=package,ok,2026-06-16 04:50:46.468385
USD,,2Y,2025-06-13,3.96,federal_reserve_h15,DGS2,https://www.federalreserve.gov/datadownload/Output.aspx?rel=H15&series=bf17364827e38702b42a58cf8eaa3f78&lastObs=&from=&to=&filetype=csv&label=include&layout=seriescolumn&type=package,ok,2026-06-16 04:50:46.468385
USD,,2Y,2025-06-16,3.97,federal_reserve_h15,DGS2,https://www.federalreserve.gov/datadownload/Output.aspx?rel=H15&series=bf17364827e38702b42a58cf8eaa3f78&lastObs=&from=&to=&filetype=csv&label=include&layout=seriescolumn&type=package,ok,2026-06-16 04:50:46.468385
USD,,2Y,2025-06-17,3.94,federal_reserve_h15,DGS2,https://www.federalreserve.gov/datadownload/Output.aspx?rel=H15&series=bf17364827e38702b42a58cf8eaa3f78&lastObs=&from=&to=&filetype=csv&label=include&layout=seriescolumn&type=package,ok,2026-06-16 04:50:46.468385
USD,,2Y,2025-06-18,3.94,federal_reserve_h15,DGS2,https://www.federalreserve.gov/datadownload/Output.aspx?rel=H15&series=bf17364827e38702b42a58cf8eaa3f78&lastObs=&from=&to=&filetype=csv&label=include&layout=seriescolumn&type=package,ok,2026-06-16 04:50:46.468385
USD,,2Y,2025-06-20,3.9,federal_reserve_h15,DGS2,https://www.federalreserve.gov/datadownload/Output.aspx?rel=H15&series=bf17364827e38702b42a58cf8eaa3f78&lastObs=&from=&to=&filetype=csv&label=include&layout=seriescolumn&type=package,ok,2026-06-16 04:50:46.468385
USD,,2Y,2025-06-23,3.84,federal_reserve_h15,DGS2,https://www.federalreserve.gov/datadownload/Output.aspx?rel=H15&series=bf17364827e38702b42a58cf8eaa3f78&lastObs=&from=&to=&filetype=csv&label=include&layout=seriescolumn&type=package,ok,2026-06-16 04:50:46.468385
USD,,2Y,2025-06-24,3.75,federal_reserve_h15,DGS2,https://www.federalreserve.gov/datadownload/Output.aspx?rel=H15&series=bf17364827e38702b42a58cf8eaa3f78&lastObs=&from=&to=&filetype=csv&label=include&layout=seriescolumn&type=package,ok,2026-06-16 04:50:46.468385
USD,,2Y,2025-06-25,3.74,federal_reserve_h15,DGS2,https://www.federalreserve.gov/datadownload/Output.aspx?rel=H15&series=bf17364827e38702b42a58cf8eaa3f78&lastObs=&from=&to=&filetype=csv&label=include&layout=seriescolumn&type=package,ok,2026-06-16 04:50:46.468385
USD,,2Y,2025-06-26,3.7,federal_reserve_h15,DGS2,https://www.federalreserve.gov/datadownload/Output.aspx?rel=H15&series=bf17364827e38702b42a58cf8eaa3f78&lastObs=&from=&to=&filetype=csv&label=include&layout=seriescolumn&type=package,ok,2026-06-16 04:50:46.468385
USD,,2Y,2025-06-27,3.73,federal_reserve_h15,DGS2,https://www.federalreserve.gov/datadownload/Output.aspx?rel=H15&series=bf17364827e38702b42a58cf8eaa3f78&lastObs=&from=&to=&filetype=csv&label=include&layout=seriescolumn&type=package,ok,2026-06-16 04:50:46.468385
USD,,2Y,2025-06-30,3.72,federal_reserve_h15,DGS2,https://www.federalreserve.gov/datadownload/Output.aspx?rel=H15&series=bf17364827e38702b42a58cf8eaa3f78&lastObs=&from=&to=&filetype=csv&label=include&layout=seriescolumn&type=package,ok,2026-06-16 04:50:46.468385
USD,,2Y,2025-07-01,3.78,federal_reserve_h15,DGS2,https://www.federalreserve.gov/datadownload/Output.aspx?rel=H15&series=bf17364827e38702b42a58cf8eaa3f78&lastObs=&from=&to=&filetype=csv&label=include&layout=seriescolumn&type=package,ok,2026-06-16 04:50:46.468385
USD,,2Y,2025-07-02,3.78,federal_reserve_h15,DGS2,https://www.federalreserve.gov/datadownload/Output.aspx?rel=H15&series=bf17364827e38702b42a58cf8eaa3f78&lastObs=&from=&to=&filetype=csv&label=include&layout=seriescolumn&type=package,ok,2026-06-16 04:50:46.468385
USD,,2Y,2025-07-03,3.88,federal_reserve_h15,DGS2,https://www.federalreserve.gov/datadownload/Output.aspx?rel=H15&series=bf17364827e38702b42a58cf8eaa3f78&lastObs=&from=&to=&filetype=csv&label=include&layout=seriescolumn&type=package,ok,2026-06-16 04:50:46.468385
USD,,2Y,2025-07-07,3.9,federal_reserve_h15,DGS2,https://www.federalreserve.gov/datadownload/Output.aspx?rel=H15&series=bf17364827e38702b42a58cf8eaa3f78&lastObs=&from=&to=&filetype=csv&label=include&layout=seriescolumn&type=package,ok,2026-06-16 04:50:46.468385
USD,,2Y,2025-07-08,3.9,federal_reserve_h15,DGS2,https://www.federalreserve.gov/datadownload/Output.aspx?rel=H15&series=bf17364827e38702b42a58cf8eaa3f78&lastObs=&from=&to=&filetype=csv&label=include&layout=seriescolumn&type=package,ok,2026-06-16 04:50:46.468385
USD,,2Y,2025-07-09,3.86,federal_reserve_h15,DGS2,https://www.federalreserve.gov/datadownload/Output.aspx?rel=H15&series=bf17364827e38702b42a58cf8eaa3f78&lastObs=&from=&to=&filetype=csv&label=include&layout=seriescolumn&type=package,ok,2026-06-16 04:50:46.468385
USD,,2Y,2025-07-10,3.86,federal_reserve_h15,DGS2,https://www.federalreserve.gov/datadownload/Output.aspx?rel=H15&series=bf17364827e38702b42a58cf8eaa3f78&lastObs=&from=&to=&filetype=csv&label=include&layout=seriescolumn&type=package,ok,2026-06-16 04:50:46.468385
USD,,2Y,2025-07-11,3.9,federal_reserve_h15,DGS2,https://www.federalreserve.gov/datadownload/Output.aspx?rel=H15&series=bf17364827e38702b42a58cf8eaa3f78&lastObs=&from=&to=&filetype=csv&label=include&layout=seriescolumn&type=package,ok,2026-06-16 04:50:46.468385
USD,,2Y,2025-07-14,3.9,federal_reserve_h15,DGS2,https://www.federalreserve.gov/datadownload/Output.aspx?rel=H15&series=bf17364827e38702b42a58cf8eaa3f78&lastObs=&from=&to=&filetype=csv&label=include&layout=seriescolumn&type=package,ok,2026-06-16 04:50:46.468385
USD,,2Y,2025-07-15,3.95,federal_reserve_h15,DGS2,https://www.federalreserve.gov/datadownload/Output.aspx?rel=H15&series=bf17364827e38702b42a58cf8eaa3f78&lastObs=&from=&to=&filetype=csv&label=include&layout=seriescolumn&type=package,ok,2026-06-16 04:50:46.468385
USD,,2Y,2025-07-16,3.88,federal_reserve_h15,DGS2,https://www.federalreserve.gov/datadownload/Output.aspx?rel=H15&series=bf17364827e38702b42a58cf8eaa3f78&lastObs=&from=&to=&filetype=csv&label=include&layout=seriescolumn&type=package,ok,2026-06-16 04:50:46.468385
USD,,2Y,2025-07-17,3.91,federal_reserve_h15,DGS2,https://www.federalreserve.gov/datadownload/Output.aspx?rel=H15&series=bf17364827e38702b42a58cf8eaa3f78&lastObs=&from=&to=&filetype=csv&label=include&layout=seriescolumn&type=package,ok,2026-06-16 04:50:46.468385
USD,,2Y,2025-07-18,3.88,federal_reserve_h15,DGS2,https://www.federalreserve.gov/datadownload/Output.aspx?rel=H15&series=bf17364827e38702b42a58cf8eaa3f78&lastObs=&from=&to=&filetype=csv&label=include&layout=seriescolumn&type=package,ok,2026-06-16 04:50:46.468385
USD,,2Y,2025-07-21,3.85,federal_reserve_h15,DGS2,https://www.federalreserve.gov/datadownload/Output.aspx?rel=H15&series=bf17364827e38702b42a58cf8eaa3f78&lastObs=&from=&to=&filetype=csv&label=include&layout=seriescolumn&type=package,ok,2026-06-16 04:50:46.468385
USD,,2Y,2025-07-22,3.83,federal_reserve_h15,DGS2,https://www.federalreserve.gov/datadownload/Output.aspx?rel=H15&series=bf17364827e38702b42a58cf8eaa3f78&lastObs=&from=&to=&filetype=csv&label=include&layout=seriescolumn&type=package,ok,2026-06-16 04:50:46.468385
USD,,2Y,2025-07-23,3.88,federal_reserve_h15,DGS2,https://www.federalreserve.gov/datadownload/Output.aspx?rel=H15&series=bf17364827e38702b42a58cf8eaa3f78&lastObs=&from=&to=&filetype=csv&label=include&layout=seriescolumn&type=package,ok,2026-06-16 04:50:46.468385
USD,,2Y,2025-07-24,3.91,federal_reserve_h15,DGS2,https://www.federalreserve.gov/datadownload/Output.aspx?rel=H15&series=bf17364827e38702b42a58cf8eaa3f78&lastObs=&from=&to=&filetype=csv&label=include&layout=seriescolumn&type=package,ok,2026-06-16 04:50:46.468385
USD,,2Y,2025-07-25,3.91,federal_reserve_h15,DGS2,https://www.federalreserve.gov/datadownload/Output.aspx?rel=H15&series=bf17364827e38702b42a58cf8eaa3f78&lastObs=&from=&to=&filetype=csv&label=include&layout=seriescolumn&type=package,ok,2026-06-16 04:50:46.468385
USD,,2Y,2025-07-28,3.91,federal_reserve_h15,DGS2,https://www.federalreserve.gov/datadownload/Output.aspx?rel=H15&series=bf17364827e38702b42a58cf8eaa3f78&lastObs=&from=&to=&filetype=csv&label=include&layout=seriescolumn&type=package,ok,2026-06-16 04:50:46.468385
USD,,2Y,2025-07-29,3.86,federal_reserve_h15,DGS2,https://www.federalreserve.gov/datadownload/Output.aspx?rel=H15&series=bf17364827e38702b42a58cf8eaa3f78&lastObs=&from=&to=&filetype=csv&label=include&layout=seriescolumn&type=package,ok,2026-06-16 04:50:46.468385
USD,,2Y,2025-07-30,3.94,federal_reserve_h15,DGS2,https://www.federalreserve.gov/datadownload/Output.aspx?rel=H15&series=bf17364827e38702b42a58cf8eaa3f78&lastObs=&from=&to=&filetype=csv&label=include&layout=seriescolumn&type=package,ok,2026-06-16 04:50:46.468385
USD,,2Y,2025-07-31,3.94,federal_reserve_h15,DGS2,https://www.federalreserve.gov/datadownload/Output.aspx?rel=H15&series=bf17364827e38702b42a58cf8eaa3f78&lastObs=&from=&to=&filetype=csv&label=include&layout=seriescolumn&type=package,ok,2026-06-16 04:50:46.468385
USD,,2Y,2025-08-01,3.69,federal_reserve_h15,DGS2,https://www.federalreserve.gov/datadownload/Output.aspx?rel=H15&series=bf17364827e38702b42a58cf8eaa3f78&lastObs=&from=&to=&filetype=csv&label=include&layout=seriescolumn&type=package,ok,2026-06-16 04:50:46.468385
USD,,2Y,2025-08-04,3.69,federal_reserve_h15,DGS2,https://www.federalreserve.gov/datadownload/Output.aspx?rel=H15&series=bf17364827e38702b42a58cf8eaa3f78&lastObs=&from=&to=&filetype=csv&label=include&layout=seriescolumn&type=package,ok,2026-06-16 04:50:46.468385
USD,,2Y,2025-08-05,3.72,federal_reserve_h15,DGS2,https://www.federalreserve.gov/datadownload/Output.aspx?rel=H15&series=bf17364827e38702b42a58cf8eaa3f78&lastObs=&from=&to=&filetype=csv&label=include&layout=seriescolumn&type=package,ok,2026-06-16 04:50:46.468385
USD,,2Y,2025-08-06,3.69,federal_reserve_h15,DGS2,https://www.federalreserve.gov/datadownload/Output.aspx?rel=H15&series=bf17364827e38702b42a58cf8eaa3f78&lastObs=&from=&to=&filetype=csv&label=include&layout=seriescolumn&type=package,ok,2026-06-16 04:50:46.468385
USD,,2Y,2025-08-07,3.72,federal_reserve_h15,DGS2,https://www.federalreserve.gov/datadownload/Output.aspx?rel=H15&series=bf17364827e38702b42a58cf8eaa3f78&lastObs=&from=&to=&filetype=csv&label=include&layout=seriescolumn&type=package,ok,2026-06-16 04:50:46.468385
USD,,2Y,2025-08-08,3.76,federal_reserve_h15,DGS2,https://www.federalreserve.gov/datadownload/Output.aspx?rel=H15&series=bf17364827e38702b42a58cf8eaa3f78&lastObs=&from=&to=&filetype=csv&label=include&layout=seriescolumn&type=package,ok,2026-06-16 04:50:46.468385
USD,,2Y,2025-08-11,3.76,federal_reserve_h15,DGS2,https://www.federalreserve.gov/datadownload/Output.aspx?rel=H15&series=bf17364827e38702b42a58cf8eaa3f78&lastObs=&from=&to=&filetype=csv&label=include&layout=seriescolumn&type=package,ok,2026-06-16 04:50:46.468385
USD,,2Y,2025-08-12,3.72,federal_reserve_h15,DGS2,https://www.federalreserve.gov/datadownload/Output.aspx?rel=H15&series=bf17364827e38702b42a58cf8eaa3f78&lastObs=&from=&to=&filetype=csv&label=include&layout=seriescolumn&type=package,ok,2026-06-16 04:50:46.468385
USD,,2Y,2025-08-13,3.67,federal_reserve_h15,DGS2,https://www.federalreserve.gov/datadownload/Output.aspx?rel=H15&series=bf17364827e38702b42a58cf8eaa3f78&lastObs=&from=&to=&filetype=csv&label=include&layout=seriescolumn&type=package,ok,2026-06-16 04:50:46.468385
USD,,2Y,2025-08-14,3.74,federal_reserve_h15,DGS2,https://www.federalreserve.gov/datadownload/Output.aspx?rel=H15&series=bf17364827e38702b42a58cf8eaa3f78&lastObs=&from=&to=&filetype=csv&label=include&layout=seriescolumn&type=package,ok,2026-06-16 04:50:46.468385
USD,,2Y,2025-08-15,3.75,federal_reserve_h15,DGS2,https://www.federalreserve.gov/datadownload/Output.aspx?rel=H15&series=bf17364827e38702b42a58cf8eaa3f78&lastObs=&from=&to=&filetype=csv&label=include&layout=seriescolumn&type=package,ok,2026-06-16 04:50:46.468385
USD,,2Y,2025-08-18,3.77,federal_reserve_h15,DGS2,https://www.federalreserve.gov/datadownload/Output.aspx?rel=H15&series=bf17364827e38702b42a58cf8eaa3f78&lastObs=&from=&to=&filetype=csv&label=include&layout=seriescolumn&type=package,ok,2026-06-16 04:50:46.468385
USD,,2Y,2025-08-19,3.75,federal_reserve_h15,DGS2,https://www.federalreserve.gov/datadownload/Output.aspx?rel=H15&series=bf17364827e38702b42a58cf8eaa3f78&lastObs=&from=&to=&filetype=csv&label=include&layout=seriescolumn&type=package,ok,2026-06-16 04:50:46.468385
USD,,2Y,2025-08-20,3.74,federal_reserve_h15,DGS2,https://www.federalreserve.gov/datadownload/Output.aspx?rel=H15&series=bf17364827e38702b42a58cf8eaa3f78&lastObs=&from=&to=&filetype=csv&label=include&layout=seriescolumn&type=package,ok,2026-06-16 04:50:46.468385
USD,,2Y,2025-08-21,3.79,federal_reserve_h15,DGS2,https://www.federalreserve.gov/datadownload/Output.aspx?rel=H15&series=bf17364827e38702b42a58cf8eaa3f78&lastObs=&from=&to=&filetype=csv&label=include&layout=seriescolumn&type=package,ok,2026-06-16 04:50:46.468385
USD,,2Y,2025-08-22,3.68,federal_reserve_h15,DGS2,https://www.federalreserve.gov/datadownload/Output.aspx?rel=H15&series=bf17364827e38702b42a58cf8eaa3f78&lastObs=&from=&to=&filetype=csv&label=include&layout=seriescolumn&type=package,ok,2026-06-16 04:50:46.468385
USD,,2Y,2025-08-25,3.73,federal_reserve_h15,DGS2,https://www.federalreserve.gov/datadownload/Output.aspx?rel=H15&series=bf17364827e38702b42a58cf8eaa3f78&lastObs=&from=&to=&filetype=csv&label=include&layout=seriescolumn&type=package,ok,2026-06-16 04:50:46.468385
USD,,2Y,2025-08-26,3.61,federal_reserve_h15,DGS2,https://www.federalreserve.gov/datadownload/Output.aspx?rel=H15&series=bf17364827e38702b42a58cf8eaa3f78&lastObs=&from=&to=&filetype=csv&label=include&layout=seriescolumn&type=package,ok,2026-06-16 04:50:46.468385
USD,,2Y,2025-08-27,3.59,federal_reserve_h15,DGS2,https://www.federalreserve.gov/datadownload/Output.aspx?rel=H15&series=bf17364827e38702b42a58cf8eaa3f78&lastObs=&from=&to=&filetype=csv&label=include&layout=seriescolumn&type=package,ok,2026-06-16 04:50:46.468385
USD,,2Y,2025-08-28,3.62,federal_reserve_h15,DGS2,https://www.federalreserve.gov/datadownload/Output.aspx?rel=H15&series=bf17364827e38702b42a58cf8eaa3f78&lastObs=&from=&to=&filetype=csv&label=include&layout=seriescolumn&type=package,ok,2026-06-16 04:50:46.468385
USD,,2Y,2025-08-29,3.59,federal_reserve_h15,DGS2,https://www.federalreserve.gov/datadownload/Output.aspx?rel=H15&series=bf17364827e38702b42a58cf8eaa3f78&lastObs=&from=&to=&filetype=csv&label=include&layout=seriescolumn&type=package,ok,2026-06-16 04:50:46.468385
USD,,2Y,2025-09-02,3.66,federal_reserve_h15,DGS2,https://www.federalreserve.gov/datadownload/Output.aspx?rel=H15&series=bf17364827e38702b42a58cf8eaa3f78&lastObs=&from=&to=&filetype=csv&label=include&layout=seriescolumn&type=package,ok,2026-06-16 04:50:46.468385
USD,,2Y,2025-09-03,3.61,federal_reserve_h15,DGS2,https://www.federalreserve.gov/datadownload/Output.aspx?rel=H15&series=bf17364827e38702b42a58cf8eaa3f78&lastObs=&from=&to=&filetype=csv&label=include&layout=seriescolumn&type=package,ok,2026-06-16 04:50:46.468385
USD,,2Y,2025-09-04,3.59,federal_reserve_h15,DGS2,https://www.federalreserve.gov/datadownload/Output.aspx?rel=H15&series=bf17364827e38702b42a58cf8eaa3f78&lastObs=&from=&to=&filetype=csv&label=include&layout=seriescolumn&type=package,ok,2026-06-16 04:50:46.468385
USD,,2Y,2025-09-05,3.51,federal_reserve_h15,DGS2,https://www.federalreserve.gov/datadownload/Output.aspx?rel=H15&series=bf17364827e38702b42a58cf8eaa3f78&lastObs=&from=&to=&filetype=csv&label=include&layout=seriescolumn&type=package,ok,2026-06-16 04:50:46.468385
USD,,2Y,2025-09-08,3.49,federal_reserve_h15,DGS2,https://www.federalreserve.gov/datadownload/Output.aspx?rel=H15&series=bf17364827e38702b42a58cf8eaa3f78&lastObs=&from=&to=&filetype=csv&label=include&layout=seriescolumn&type=package,ok,2026-06-16 04:50:46.468385
USD,,2Y,2025-09-09,3.54,federal_reserve_h15,DGS2,https://www.federalreserve.gov/datadownload/Output.aspx?rel=H15&series=bf17364827e38702b42a58cf8eaa3f78&lastObs=&from=&to=&filetype=csv&label=include&layout=seriescolumn&type=package,ok,2026-06-16 04:50:46.468385
USD,,2Y,2025-09-10,3.54,federal_reserve_h15,DGS2,https://www.federalreserve.gov/datadownload/Output.aspx?rel=H15&series=bf17364827e38702b42a58cf8eaa3f78&lastObs=&from=&to=&filetype=csv&label=include&layout=seriescolumn&type=package,ok,2026-06-16 04:50:46.468385
USD,,2Y,2025-09-11,3.52,federal_reserve_h15,DGS2,https://www.federalreserve.gov/datadownload/Output.aspx?rel=H15&series=bf17364827e38702b42a58cf8eaa3f78&lastObs=&from=&to=&filetype=csv&label=include&layout=seriescolumn&type=package,ok,2026-06-16 04:50:46.468385
USD,,2Y,2025-09-12,3.56,federal_reserve_h15,DGS2,https://www.federalreserve.gov/datadownload/Output.aspx?rel=H15&series=bf17364827e38702b42a58cf8eaa3f78&lastObs=&from=&to=&filetype=csv&label=include&layout=seriescolumn&type=package,ok,2026-06-16 04:50:46.468385
USD,,2Y,2025-09-15,3.54,federal_reserve_h15,DGS2,https://www.federalreserve.gov/datadownload/Output.aspx?rel=H15&series=bf17364827e38702b42a58cf8eaa3f78&lastObs=&from=&to=&filetype=csv&label=include&layout=seriescolumn&type=package,ok,2026-06-16 04:50:46.468385
USD,,2Y,2025-09-16,3.51,federal_reserve_h15,DGS2,https://www.federalreserve.gov/datadownload/Output.aspx?rel=H15&series=bf17364827e38702b42a58cf8eaa3f78&lastObs=&from=&to=&filetype=csv&label=include&layout=seriescolumn&type=package,ok,2026-06-16 04:50:46.468385
USD,,2Y,2025-09-17,3.52,federal_reserve_h15,DGS2,https://www.federalreserve.gov/datadownload/Output.aspx?rel=H15&series=bf17364827e38702b42a58cf8eaa3f78&lastObs=&from=&to=&filetype=csv&label=include&layout=seriescolumn&type=package,ok,2026-06-16 04:50:46.468385
USD,,2Y,2025-09-18,3.57,federal_reserve_h15,DGS2,https://www.federalreserve.gov/datadownload/Output.aspx?rel=H15&series=bf17364827e38702b42a58cf8eaa3f78&lastObs=&from=&to=&filetype=csv&label=include&layout=seriescolumn&type=package,ok,2026-06-16 04:50:46.468385
USD,,2Y,2025-09-19,3.57,federal_reserve_h15,DGS2,https://www.federalreserve.gov/datadownload/Output.aspx?rel=H15&series=bf17364827e38702b42a58cf8eaa3f78&lastObs=&from=&to=&filetype=csv&label=include&layout=seriescolumn&type=package,ok,2026-06-16 04:50:46.468385
USD,,2Y,2025-09-22,3.61,federal_reserve_h15,DGS2,https://www.federalreserve.gov/datadownload/Output.aspx?rel=H15&series=bf17364827e38702b42a58cf8eaa3f78&lastObs=&from=&to=&filetype=csv&label=include&layout=seriescolumn&type=package,ok,2026-06-16 04:50:46.468385
USD,,2Y,2025-09-23,3.53,federal_reserve_h15,DGS2,https://www.federalreserve.gov/datadownload/Output.aspx?rel=H15&series=bf17364827e38702b42a58cf8eaa3f78&lastObs=&from=&to=&filetype=csv&label=include&layout=seriescolumn&type=package,ok,2026-06-16 04:50:46.468385
USD,,2Y,2025-09-24,3.57,federal_reserve_h15,DGS2,https://www.federalreserve.gov/datadownload/Output.aspx?rel=H15&series=bf17364827e38702b42a58cf8eaa3f78&lastObs=&from=&to=&filetype=csv&label=include&layout=seriescolumn&type=package,ok,2026-06-16 04:50:46.468385
USD,,2Y,2025-09-25,3.64,federal_reserve_h15,DGS2,https://www.federalreserve.gov/datadownload/Output.aspx?rel=H15&series=bf17364827e38702b42a58cf8eaa3f78&lastObs=&from=&to=&filetype=csv&label=include&layout=seriescolumn&type=package,ok,2026-06-16 04:50:46.468385
USD,,2Y,2025-09-26,3.63,federal_reserve_h15,DGS2,https://www.federalreserve.gov/datadownload/Output.aspx?rel=H15&series=bf17364827e38702b42a58cf8eaa3f78&lastObs=&from=&to=&filetype=csv&label=include&layout=seriescolumn&type=package,ok,2026-06-16 04:50:46.468385
USD,,2Y,2025-09-29,3.63,federal_reserve_h15,DGS2,https://www.federalreserve.gov/datadownload/Output.aspx?rel=H15&series=bf17364827e38702b42a58cf8eaa3f78&lastObs=&from=&to=&filetype=csv&label=include&layout=seriescolumn&type=package,ok,2026-06-16 04:50:46.468385
USD,,2Y,2025-09-30,3.6,federal_reserve_h15,DGS2,https://www.federalreserve.gov/datadownload/Output.aspx?rel=H15&series=bf17364827e38702b42a58cf8eaa3f78&lastObs=&from=&to=&filetype=csv&label=include&layout=seriescolumn&type=package,ok,2026-06-16 04:50:46.468385
USD,,2Y,2025-10-01,3.55,federal_reserve_h15,DGS2,https://www.federalreserve.gov/datadownload/Output.aspx?rel=H15&series=bf17364827e38702b42a58cf8eaa3f78&lastObs=&from=&to=&filetype=csv&label=include&layout=seriescolumn&type=package,ok,2026-06-16 04:50:46.468385
USD,,2Y,2025-10-02,3.55,federal_reserve_h15,DGS2,https://www.federalreserve.gov/datadownload/Output.aspx?rel=H15&series=bf17364827e38702b42a58cf8eaa3f78&lastObs=&from=&to=&filetype=csv&label=include&layout=seriescolumn&type=package,ok,2026-06-16 04:50:46.468385
USD,,2Y,2025-10-03,3.58,federal_reserve_h15,DGS2,https://www.federalreserve.gov/datadownload/Output.aspx?rel=H15&series=bf17364827e38702b42a58cf8eaa3f78&lastObs=&from=&to=&filetype=csv&label=include&layout=seriescolumn&type=package,ok,2026-06-16 04:50:46.468385
USD,,2Y,2025-10-06,3.6,federal_reserve_h15,DGS2,https://www.federalreserve.gov/datadownload/Output.aspx?rel=H15&series=bf17364827e38702b42a58cf8eaa3f78&lastObs=&from=&to=&filetype=csv&label=include&layout=seriescolumn&type=package,ok,2026-06-16 04:50:46.468385
USD,,2Y,2025-10-07,3.57,federal_reserve_h15,DGS2,https://www.federalreserve.gov/datadownload/Output.aspx?rel=H15&series=bf17364827e38702b42a58cf8eaa3f78&lastObs=&from=&to=&filetype=csv&label=include&layout=seriescolumn&type=package,ok,2026-06-16 04:50:46.468385
USD,,2Y,2025-10-08,3.58,federal_reserve_h15,DGS2,https://www.federalreserve.gov/datadownload/Output.aspx?rel=H15&series=bf17364827e38702b42a58cf8eaa3f78&lastObs=&from=&to=&filetype=csv&label=include&layout=seriescolumn&type=package,ok,2026-06-16 04:50:46.468385
USD,,2Y,2025-10-09,3.6,federal_reserve_h15,DGS2,https://www.federalreserve.gov/datadownload/Output.aspx?rel=H15&series=bf17364827e38702b42a58cf8eaa3f78&lastObs=&from=&to=&filetype=csv&label=include&layout=seriescolumn&type=package,ok,2026-06-16 04:50:46.468385
USD,,2Y,2025-10-10,3.52,federal_reserve_h15,DGS2,https://www.federalreserve.gov/datadownload/Output.aspx?rel=H15&series=bf17364827e38702b42a58cf8eaa3f78&lastObs=&from=&to=&filetype=csv&label=include&layout=seriescolumn&type=package,ok,2026-06-16 04:50:46.468385
USD,,2Y,2025-10-14,3.48,federal_reserve_h15,DGS2,https://www.federalreserve.gov/datadownload/Output.aspx?rel=H15&series=bf17364827e38702b42a58cf8eaa3f78&lastObs=&from=&to=&filetype=csv&label=include&layout=seriescolumn&type=package,ok,2026-06-16 04:50:46.468385
USD,,2Y,2025-10-15,3.5,federal_reserve_h15,DGS2,https://www.federalreserve.gov/datadownload/Output.aspx?rel=H15&series=bf17364827e38702b42a58cf8eaa3f78&lastObs=&from=&to=&filetype=csv&label=include&layout=seriescolumn&type=package,ok,2026-06-16 04:50:46.468385
USD,,2Y,2025-10-16,3.41,federal_reserve_h15,DGS2,https://www.federalreserve.gov/datadownload/Output.aspx?rel=H15&series=bf17364827e38702b42a58cf8eaa3f78&lastObs=&from=&to=&filetype=csv&label=include&layout=seriescolumn&type=package,ok,2026-06-16 04:50:46.468385
USD,,2Y,2025-10-17,3.46,federal_reserve_h15,DGS2,https://www.federalreserve.gov/datadownload/Output.aspx?rel=H15&series=bf17364827e38702b42a58cf8eaa3f78&lastObs=&from=&to=&filetype=csv&label=include&layout=seriescolumn&type=package,ok,2026-06-16 04:50:46.468385
USD,,2Y,2025-10-20,3.46,federal_reserve_h15,DGS2,https://www.federalreserve.gov/datadownload/Output.aspx?rel=H15&series=bf17364827e38702b42a58cf8eaa3f78&lastObs=&from=&to=&filetype=csv&label=include&layout=seriescolumn&type=package,ok,2026-06-16 04:50:46.468385
USD,,2Y,2025-10-21,3.45,federal_reserve_h15,DGS2,https://www.federalreserve.gov/datadownload/Output.aspx?rel=H15&series=bf17364827e38702b42a58cf8eaa3f78&lastObs=&from=&to=&filetype=csv&label=include&layout=seriescolumn&type=package,ok,2026-06-16 04:50:46.468385
USD,,2Y,2025-10-22,3.45,federal_reserve_h15,DGS2,https://www.federalreserve.gov/datadownload/Output.aspx?rel=H15&series=bf17364827e38702b42a58cf8eaa3f78&lastObs=&from=&to=&filetype=csv&label=include&layout=seriescolumn&type=package,ok,2026-06-16 04:50:46.468385
USD,,2Y,2025-10-23,3.48,federal_reserve_h15,DGS2,https://www.federalreserve.gov/datadownload/Output.aspx?rel=H15&series=bf17364827e38702b42a58cf8eaa3f78&lastObs=&from=&to=&filetype=csv&label=include&layout=seriescolumn&type=package,ok,2026-06-16 04:50:46.468385
USD,,2Y,2025-10-24,3.48,federal_reserve_h15,DGS2,https://www.federalreserve.gov/datadownload/Output.aspx?rel=H15&series=bf17364827e38702b42a58cf8eaa3f78&lastObs=&from=&to=&filetype=csv&label=include&layout=seriescolumn&type=package,ok,2026-06-16 04:50:46.468385
USD,,2Y,2025-10-27,3.48,federal_reserve_h15,DGS2,https://www.federalreserve.gov/datadownload/Output.aspx?rel=H15&series=bf17364827e38702b42a58cf8eaa3f78&lastObs=&from=&to=&filetype=csv&label=include&layout=seriescolumn&type=package,ok,2026-06-16 04:50:46.468385
USD,,2Y,2025-10-28,3.47,federal_reserve_h15,DGS2,https://www.federalreserve.gov/datadownload/Output.aspx?rel=H15&series=bf17364827e38702b42a58cf8eaa3f78&lastObs=&from=&to=&filetype=csv&label=include&layout=seriescolumn&type=package,ok,2026-06-16 04:50:46.468385
USD,,2Y,2025-10-29,3.59,federal_reserve_h15,DGS2,https://www.federalreserve.gov/datadownload/Output.aspx?rel=H15&series=bf17364827e38702b42a58cf8eaa3f78&lastObs=&from=&to=&filetype=csv&label=include&layout=seriescolumn&type=package,ok,2026-06-16 04:50:46.468385
USD,,2Y,2025-10-30,3.61,federal_reserve_h15,DGS2,https://www.federalreserve.gov/datadownload/Output.aspx?rel=H15&series=bf17364827e38702b42a58cf8eaa3f78&lastObs=&from=&to=&filetype=csv&label=include&layout=seriescolumn&type=package,ok,2026-06-16 04:50:46.468385
USD,,2Y,2025-10-31,3.6,federal_reserve_h15,DGS2,https://www.federalreserve.gov/datadownload/Output.aspx?rel=H15&series=bf17364827e38702b42a58cf8eaa3f78&lastObs=&from=&to=&filetype=csv&label=include&layout=seriescolumn&type=package,ok,2026-06-16 04:50:46.468385
USD,,2Y,2025-11-03,3.6,federal_reserve_h15,DGS2,https://www.federalreserve.gov/datadownload/Output.aspx?rel=H15&series=bf17364827e38702b42a58cf8eaa3f78&lastObs=&from=&to=&filetype=csv&label=include&layout=seriescolumn&type=package,ok,2026-06-16 04:50:46.468385
USD,,2Y,2025-11-04,3.58,federal_reserve_h15,DGS2,https://www.federalreserve.gov/datadownload/Output.aspx?rel=H15&series=bf17364827e38702b42a58cf8eaa3f78&lastObs=&from=&to=&filetype=csv&label=include&layout=seriescolumn&type=package,ok,2026-06-16 04:50:46.468385
USD,,2Y,2025-11-05,3.63,federal_reserve_h15,DGS2,https://www.federalreserve.gov/datadownload/Output.aspx?rel=H15&series=bf17364827e38702b42a58cf8eaa3f78&lastObs=&from=&to=&filetype=csv&label=include&layout=seriescolumn&type=package,ok,2026-06-16 04:50:46.468385
USD,,2Y,2025-11-06,3.57,federal_reserve_h15,DGS2,https://www.federalreserve.gov/datadownload/Output.aspx?rel=H15&series=bf17364827e38702b42a58cf8eaa3f78&lastObs=&from=&to=&filetype=csv&label=include&layout=seriescolumn&type=package,ok,2026-06-16 04:50:46.468385
USD,,2Y,2025-11-07,3.55,federal_reserve_h15,DGS2,https://www.federalreserve.gov/datadownload/Output.aspx?rel=H15&series=bf17364827e38702b42a58cf8eaa3f78&lastObs=&from=&to=&filetype=csv&label=include&layout=seriescolumn&type=package,ok,2026-06-16 04:50:46.468385
USD,,2Y,2025-11-10,3.58,federal_reserve_h15,DGS2,https://www.federalreserve.gov/datadownload/Output.aspx?rel=H15&series=bf17364827e38702b42a58cf8eaa3f78&lastObs=&from=&to=&filetype=csv&label=include&layout=seriescolumn&type=package,ok,2026-06-16 04:50:46.468385
USD,,2Y,2025-11-12,3.56,federal_reserve_h15,DGS2,https://www.federalreserve.gov/datadownload/Output.aspx?rel=H15&series=bf17364827e38702b42a58cf8eaa3f78&lastObs=&from=&to=&filetype=csv&label=include&layout=seriescolumn&type=package,ok,2026-06-16 04:50:46.468385
USD,,2Y,2025-11-13,3.58,federal_reserve_h15,DGS2,https://www.federalreserve.gov/datadownload/Output.aspx?rel=H15&series=bf17364827e38702b42a58cf8eaa3f78&lastObs=&from=&to=&filetype=csv&label=include&layout=seriescolumn&type=package,ok,2026-06-16 04:50:46.468385
USD,,2Y,2025-11-14,3.62,federal_reserve_h15,DGS2,https://www.federalreserve.gov/datadownload/Output.aspx?rel=H15&series=bf17364827e38702b42a58cf8eaa3f78&lastObs=&from=&to=&filetype=csv&label=include&layout=seriescolumn&type=package,ok,2026-06-16 04:50:46.468385
USD,,2Y,2025-11-17,3.6,federal_reserve_h15,DGS2,https://www.federalreserve.gov/datadownload/Output.aspx?rel=H15&series=bf17364827e38702b42a58cf8eaa3f78&lastObs=&from=&to=&filetype=csv&label=include&layout=seriescolumn&type=package,ok,2026-06-16 04:50:46.468385
USD,,2Y,2025-11-18,3.58,federal_reserve_h15,DGS2,https://www.federalreserve.gov/datadownload/Output.aspx?rel=H15&series=bf17364827e38702b42a58cf8eaa3f78&lastObs=&from=&to=&filetype=csv&label=include&layout=seriescolumn&type=package,ok,2026-06-16 04:50:46.468385
USD,,2Y,2025-11-19,3.58,federal_reserve_h15,DGS2,https://www.federalreserve.gov/datadownload/Output.aspx?rel=H15&series=bf17364827e38702b42a58cf8eaa3f78&lastObs=&from=&to=&filetype=csv&label=include&layout=seriescolumn&type=package,ok,2026-06-16 04:50:46.468385
USD,,2Y,2025-11-20,3.55,federal_reserve_h15,DGS2,https://www.federalreserve.gov/datadownload/Output.aspx?rel=H15&series=bf17364827e38702b42a58cf8eaa3f78&lastObs=&from=&to=&filetype=csv&label=include&layout=seriescolumn&type=package,ok,2026-06-16 04:50:46.468385
USD,,2Y,2025-11-21,3.51,federal_reserve_h15,DGS2,https://www.federalreserve.gov/datadownload/Output.aspx?rel=H15&series=bf17364827e38702b42a58cf8eaa3f78&lastObs=&from=&to=&filetype=csv&label=include&layout=seriescolumn&type=package,ok,2026-06-16 04:50:46.468385
USD,,2Y,2025-11-24,3.46,federal_reserve_h15,DGS2,https://www.federalreserve.gov/datadownload/Output.aspx?rel=H15&series=bf17364827e38702b42a58cf8eaa3f78&lastObs=&from=&to=&filetype=csv&label=include&layout=seriescolumn&type=package,ok,2026-06-16 04:50:46.468385
USD,,2Y,2025-11-25,3.43,federal_reserve_h15,DGS2,https://www.federalreserve.gov/datadownload/Output.aspx?rel=H15&series=bf17364827e38702b42a58cf8eaa3f78&lastObs=&from=&to=&filetype=csv&label=include&layout=seriescolumn&type=package,ok,2026-06-16 04:50:46.468385
USD,,2Y,2025-11-26,3.45,federal_reserve_h15,DGS2,https://www.federalreserve.gov/datadownload/Output.aspx?rel=H15&series=bf17364827e38702b42a58cf8eaa3f78&lastObs=&from=&to=&filetype=csv&label=include&layout=seriescolumn&type=package,ok,2026-06-16 04:50:46.468385
USD,,2Y,2025-11-28,3.47,federal_reserve_h15,DGS2,https://www.federalreserve.gov/datadownload/Output.aspx?rel=H15&series=bf17364827e38702b42a58cf8eaa3f78&lastObs=&from=&to=&filetype=csv&label=include&layout=seriescolumn&type=package,ok,2026-06-16 04:50:46.468385
USD,,2Y,2025-12-01,3.54,federal_reserve_h15,DGS2,https://www.federalreserve.gov/datadownload/Output.aspx?rel=H15&series=bf17364827e38702b42a58cf8eaa3f78&lastObs=&from=&to=&filetype=csv&label=include&layout=seriescolumn&type=package,ok,2026-06-16 04:50:46.468385
USD,,2Y,2025-12-02,3.51,federal_reserve_h15,DGS2,https://www.federalreserve.gov/datadownload/Output.aspx?rel=H15&series=bf17364827e38702b42a58cf8eaa3f78&lastObs=&from=&to=&filetype=csv&label=include&layout=seriescolumn&type=package,ok,2026-06-16 04:50:46.468385
USD,,2Y,2025-12-03,3.49,federal_reserve_h15,DGS2,https://www.federalreserve.gov/datadownload/Output.aspx?rel=H15&series=bf17364827e38702b42a58cf8eaa3f78&lastObs=&from=&to=&filetype=csv&label=include&layout=seriescolumn&type=package,ok,2026-06-16 04:50:46.468385
USD,,2Y,2025-12-04,3.52,federal_reserve_h15,DGS2,https://www.federalreserve.gov/datadownload/Output.aspx?rel=H15&series=bf17364827e38702b42a58cf8eaa3f78&lastObs=&from=&to=&filetype=csv&label=include&layout=seriescolumn&type=package,ok,2026-06-16 04:50:46.468385
USD,,2Y,2025-12-05,3.56,federal_reserve_h15,DGS2,https://www.federalreserve.gov/datadownload/Output.aspx?rel=H15&series=bf17364827e38702b42a58cf8eaa3f78&lastObs=&from=&to=&filetype=csv&label=include&layout=seriescolumn&type=package,ok,2026-06-16 04:50:46.468385
USD,,2Y,2025-12-08,3.57,federal_reserve_h15,DGS2,https://www.federalreserve.gov/datadownload/Output.aspx?rel=H15&series=bf17364827e38702b42a58cf8eaa3f78&lastObs=&from=&to=&filetype=csv&label=include&layout=seriescolumn&type=package,ok,2026-06-16 04:50:46.468385
USD,,2Y,2025-12-09,3.61,federal_reserve_h15,DGS2,https://www.federalreserve.gov/datadownload/Output.aspx?rel=H15&series=bf17364827e38702b42a58cf8eaa3f78&lastObs=&from=&to=&filetype=csv&label=include&layout=seriescolumn&type=package,ok,2026-06-16 04:50:46.468385
USD,,2Y,2025-12-10,3.54,federal_reserve_h15,DGS2,https://www.federalreserve.gov/datadownload/Output.aspx?rel=H15&series=bf17364827e38702b42a58cf8eaa3f78&lastObs=&from=&to=&filetype=csv&label=include&layout=seriescolumn&type=package,ok,2026-06-16 04:50:46.468385
USD,,2Y,2025-12-11,3.52,federal_reserve_h15,DGS2,https://www.federalreserve.gov/datadownload/Output.aspx?rel=H15&series=bf17364827e38702b42a58cf8eaa3f78&lastObs=&from=&to=&filetype=csv&label=include&layout=seriescolumn&type=package,ok,2026-06-16 04:50:46.468385
USD,,2Y,2025-12-12,3.52,federal_reserve_h15,DGS2,https://www.federalreserve.gov/datadownload/Output.aspx?rel=H15&series=bf17364827e38702b42a58cf8eaa3f78&lastObs=&from=&to=&filetype=csv&label=include&layout=seriescolumn&type=package,ok,2026-06-16 04:50:46.468385
USD,,2Y,2025-12-15,3.51,federal_reserve_h15,DGS2,https://www.federalreserve.gov/datadownload/Output.aspx?rel=H15&series=bf17364827e38702b42a58cf8eaa3f78&lastObs=&from=&to=&filetype=csv&label=include&layout=seriescolumn&type=package,ok,2026-06-16 04:50:46.468385
USD,,2Y,2025-12-16,3.48,federal_reserve_h15,DGS2,https://www.federalreserve.gov/datadownload/Output.aspx?rel=H15&series=bf17364827e38702b42a58cf8eaa3f78&lastObs=&from=&to=&filetype=csv&label=include&layout=seriescolumn&type=package,ok,2026-06-16 04:50:46.468385
USD,,2Y,2025-12-17,3.49,federal_reserve_h15,DGS2,https://www.federalreserve.gov/datadownload/Output.aspx?rel=H15&series=bf17364827e38702b42a58cf8eaa3f78&lastObs=&from=&to=&filetype=csv&label=include&layout=seriescolumn&type=package,ok,2026-06-16 04:50:46.468385
USD,,2Y,2025-12-18,3.46,federal_reserve_h15,DGS2,https://www.federalreserve.gov/datadownload/Output.aspx?rel=H15&series=bf17364827e38702b42a58cf8eaa3f78&lastObs=&from=&to=&filetype=csv&label=include&layout=seriescolumn&type=package,ok,2026-06-16 04:50:46.468385
USD,,2Y,2025-12-19,3.48,federal_reserve_h15,DGS2,https://www.federalreserve.gov/datadownload/Output.aspx?rel=H15&series=bf17364827e38702b42a58cf8eaa3f78&lastObs=&from=&to=&filetype=csv&label=include&layout=seriescolumn&type=package,ok,2026-06-16 04:50:46.468385
USD,,2Y,2025-12-22,3.44,federal_reserve_h15,DGS2,https://www.federalreserve.gov/datadownload/Output.aspx?rel=H15&series=bf17364827e38702b42a58cf8eaa3f78&lastObs=&from=&to=&filetype=csv&label=include&layout=seriescolumn&type=package,ok,2026-06-16 04:50:46.468385
USD,,2Y,2025-12-23,3.48,federal_reserve_h15,DGS2,https://www.federalreserve.gov/datadownload/Output.aspx?rel=H15&series=bf17364827e38702b42a58cf8eaa3f78&lastObs=&from=&to=&filetype=csv&label=include&layout=seriescolumn&type=package,ok,2026-06-16 04:50:46.468385
USD,,2Y,2025-12-24,3.47,federal_reserve_h15,DGS2,https://www.federalreserve.gov/datadownload/Output.aspx?rel=H15&series=bf17364827e38702b42a58cf8eaa3f78&lastObs=&from=&to=&filetype=csv&label=include&layout=seriescolumn&type=package,ok,2026-06-16 04:50:46.468385
USD,,2Y,2025-12-26,3.46,federal_reserve_h15,DGS2,https://www.federalreserve.gov/datadownload/Output.aspx?rel=H15&series=bf17364827e38702b42a58cf8eaa3f78&lastObs=&from=&to=&filetype=csv&label=include&layout=seriescolumn&type=package,ok,2026-06-16 04:50:46.468385
USD,,2Y,2025-12-29,3.45,federal_reserve_h15,DGS2,https://www.federalreserve.gov/datadownload/Output.aspx?rel=H15&series=bf17364827e38702b42a58cf8eaa3f78&lastObs=&from=&to=&filetype=csv&label=include&layout=seriescolumn&type=package,ok,2026-06-16 04:50:46.468385
USD,,2Y,2025-12-30,3.45,federal_reserve_h15,DGS2,https://www.federalreserve.gov/datadownload/Output.aspx?rel=H15&series=bf17364827e38702b42a58cf8eaa3f78&lastObs=&from=&to=&filetype=csv&label=include&layout=seriescolumn&type=package,ok,2026-06-16 04:50:46.468385
USD,,2Y,2025-12-31,3.47,federal_reserve_h15,DGS2,https://www.federalreserve.gov/datadownload/Output.aspx?rel=H15&series=bf17364827e38702b42a58cf8eaa3f78&lastObs=&from=&to=&filetype=csv&label=include&layout=seriescolumn&type=package,ok,2026-06-16 04:50:46.468385
USD,,2Y,2026-01-02,3.47,federal_reserve_h15,DGS2,https://www.federalreserve.gov/datadownload/Output.aspx?rel=H15&series=bf17364827e38702b42a58cf8eaa3f78&lastObs=&from=&to=&filetype=csv&label=include&layout=seriescolumn&type=package,ok,2026-06-16 04:50:46.468385
USD,,2Y,2026-01-05,3.46,federal_reserve_h15,DGS2,https://www.federalreserve.gov/datadownload/Output.aspx?rel=H15&series=bf17364827e38702b42a58cf8eaa3f78&lastObs=&from=&to=&filetype=csv&label=include&layout=seriescolumn&type=package,ok,2026-06-16 04:50:46.468385
USD,,2Y,2026-01-06,3.47,federal_reserve_h15,DGS2,https://www.federalreserve.gov/datadownload/Output.aspx?rel=H15&series=bf17364827e38702b42a58cf8eaa3f78&lastObs=&from=&to=&filetype=csv&label=include&layout=seriescolumn&type=package,ok,2026-06-16 04:50:46.468385
USD,,2Y,2026-01-07,3.47,federal_reserve_h15,DGS2,https://www.federalreserve.gov/datadownload/Output.aspx?rel=H15&series=bf17364827e38702b42a58cf8eaa3f78&lastObs=&from=&to=&filetype=csv&label=include&layout=seriescolumn&type=package,ok,2026-06-16 04:50:46.468385
USD,,2Y,2026-01-08,3.49,federal_reserve_h15,DGS2,https://www.federalreserve.gov/datadownload/Output.aspx?rel=H15&series=bf17364827e38702b42a58cf8eaa3f78&lastObs=&from=&to=&filetype=csv&label=include&layout=seriescolumn&type=package,ok,2026-06-16 04:50:46.468385
USD,,2Y,2026-01-09,3.54,federal_reserve_h15,DGS2,https://www.federalreserve.gov/datadownload/Output.aspx?rel=H15&series=bf17364827e38702b42a58cf8eaa3f78&lastObs=&from=&to=&filetype=csv&label=include&layout=seriescolumn&type=package,ok,2026-06-16 04:50:46.468385
USD,,2Y,2026-01-12,3.54,federal_reserve_h15,DGS2,https://www.federalreserve.gov/datadownload/Output.aspx?rel=H15&series=bf17364827e38702b42a58cf8eaa3f78&lastObs=&from=&to=&filetype=csv&label=include&layout=seriescolumn&type=package,ok,2026-06-16 04:50:46.468385
USD,,2Y,2026-01-13,3.53,federal_reserve_h15,DGS2,https://www.federalreserve.gov/datadownload/Output.aspx?rel=H15&series=bf17364827e38702b42a58cf8eaa3f78&lastObs=&from=&to=&filetype=csv&label=include&layout=seriescolumn&type=package,ok,2026-06-16 04:50:46.468385
USD,,2Y,2026-01-14,3.51,federal_reserve_h15,DGS2,https://www.federalreserve.gov/datadownload/Output.aspx?rel=H15&series=bf17364827e38702b42a58cf8eaa3f78&lastObs=&from=&to=&filetype=csv&label=include&layout=seriescolumn&type=package,ok,2026-06-16 04:50:46.468385
USD,,2Y,2026-01-15,3.56,federal_reserve_h15,DGS2,https://www.federalreserve.gov/datadownload/Output.aspx?rel=H15&series=bf17364827e38702b42a58cf8eaa3f78&lastObs=&from=&to=&filetype=csv&label=include&layout=seriescolumn&type=package,ok,2026-06-16 04:50:46.468385
USD,,2Y,2026-01-16,3.59,federal_reserve_h15,DGS2,https://www.federalreserve.gov/datadownload/Output.aspx?rel=H15&series=bf17364827e38702b42a58cf8eaa3f78&lastObs=&from=&to=&filetype=csv&label=include&layout=seriescolumn&type=package,ok,2026-06-16 04:50:46.468385
USD,,2Y,2026-01-20,3.6,federal_reserve_h15,DGS2,https://www.federalreserve.gov/datadownload/Output.aspx?rel=H15&series=bf17364827e38702b42a58cf8eaa3f78&lastObs=&from=&to=&filetype=csv&label=include&layout=seriescolumn&type=package,ok,2026-06-16 04:50:46.468385
USD,,2Y,2026-01-21,3.6,federal_reserve_h15,DGS2,https://www.federalreserve.gov/datadownload/Output.aspx?rel=H15&series=bf17364827e38702b42a58cf8eaa3f78&lastObs=&from=&to=&filetype=csv&label=include&layout=seriescolumn&type=package,ok,2026-06-16 04:50:46.468385
USD,,2Y,2026-01-22,3.61,federal_reserve_h15,DGS2,https://www.federalreserve.gov/datadownload/Output.aspx?rel=H15&series=bf17364827e38702b42a58cf8eaa3f78&lastObs=&from=&to=&filetype=csv&label=include&layout=seriescolumn&type=package,ok,2026-06-16 04:50:46.468385
USD,,2Y,2026-01-23,3.6,federal_reserve_h15,DGS2,https://www.federalreserve.gov/datadownload/Output.aspx?rel=H15&series=bf17364827e38702b42a58cf8eaa3f78&lastObs=&from=&to=&filetype=csv&label=include&layout=seriescolumn&type=package,ok,2026-06-16 04:50:46.468385
USD,,2Y,2026-01-26,3.56,federal_reserve_h15,DGS2,https://www.federalreserve.gov/datadownload/Output.aspx?rel=H15&series=bf17364827e38702b42a58cf8eaa3f78&lastObs=&from=&to=&filetype=csv&label=include&layout=seriescolumn&type=package,ok,2026-06-16 04:50:46.468385
USD,,2Y,2026-01-27,3.53,federal_reserve_h15,DGS2,https://www.federalreserve.gov/datadownload/Output.aspx?rel=H15&series=bf17364827e38702b42a58cf8eaa3f78&lastObs=&from=&to=&filetype=csv&label=include&layout=seriescolumn&type=package,ok,2026-06-16 04:50:46.468385
USD,,2Y,2026-01-28,3.56,federal_reserve_h15,DGS2,https://www.federalreserve.gov/datadownload/Output.aspx?rel=H15&series=bf17364827e38702b42a58cf8eaa3f78&lastObs=&from=&to=&filetype=csv&label=include&layout=seriescolumn&type=package,ok,2026-06-16 04:50:46.468385
USD,,2Y,2026-01-29,3.53,federal_reserve_h15,DGS2,https://www.federalreserve.gov/datadownload/Output.aspx?rel=H15&series=bf17364827e38702b42a58cf8eaa3f78&lastObs=&from=&to=&filetype=csv&label=include&layout=seriescolumn&type=package,ok,2026-06-16 04:50:46.468385
USD,,2Y,2026-01-30,3.52,federal_reserve_h15,DGS2,https://www.federalreserve.gov/datadownload/Output.aspx?rel=H15&series=bf17364827e38702b42a58cf8eaa3f78&lastObs=&from=&to=&filetype=csv&label=include&layout=seriescolumn&type=package,ok,2026-06-16 04:50:46.468385
USD,,2Y,2026-02-02,3.57,federal_reserve_h15,DGS2,https://www.federalreserve.gov/datadownload/Output.aspx?rel=H15&series=bf17364827e38702b42a58cf8eaa3f78&lastObs=&from=&to=&filetype=csv&label=include&layout=seriescolumn&type=package,ok,2026-06-16 04:50:46.468385
USD,,2Y,2026-02-03,3.57,federal_reserve_h15,DGS2,https://www.federalreserve.gov/datadownload/Output.aspx?rel=H15&series=bf17364827e38702b42a58cf8eaa3f78&lastObs=&from=&to=&filetype=csv&label=include&layout=seriescolumn&type=package,ok,2026-06-16 04:50:46.468385
USD,,2Y,2026-02-04,3.57,federal_reserve_h15,DGS2,https://www.federalreserve.gov/datadownload/Output.aspx?rel=H15&series=bf17364827e38702b42a58cf8eaa3f78&lastObs=&from=&to=&filetype=csv&label=include&layout=seriescolumn&type=package,ok,2026-06-16 04:50:46.468385
USD,,2Y,2026-02-05,3.47,federal_reserve_h15,DGS2,https://www.federalreserve.gov/datadownload/Output.aspx?rel=H15&series=bf17364827e38702b42a58cf8eaa3f78&lastObs=&from=&to=&filetype=csv&label=include&layout=seriescolumn&type=package,ok,2026-06-16 04:50:46.468385
USD,,2Y,2026-02-06,3.5,federal_reserve_h15,DGS2,https://www.federalreserve.gov/datadownload/Output.aspx?rel=H15&series=bf17364827e38702b42a58cf8eaa3f78&lastObs=&from=&to=&filetype=csv&label=include&layout=seriescolumn&type=package,ok,2026-06-16 04:50:46.468385
USD,,2Y,2026-02-09,3.48,federal_reserve_h15,DGS2,https://www.federalreserve.gov/datadownload/Output.aspx?rel=H15&series=bf17364827e38702b42a58cf8eaa3f78&lastObs=&from=&to=&filetype=csv&label=include&layout=seriescolumn&type=package,ok,2026-06-16 04:50:46.468385
USD,,2Y,2026-02-10,3.45,federal_reserve_h15,DGS2,https://www.federalreserve.gov/datadownload/Output.aspx?rel=H15&series=bf17364827e38702b42a58cf8eaa3f78&lastObs=&from=&to=&filetype=csv&label=include&layout=seriescolumn&type=package,ok,2026-06-16 04:50:46.468385
USD,,2Y,2026-02-11,3.52,federal_reserve_h15,DGS2,https://www.federalreserve.gov/datadownload/Output.aspx?rel=H15&series=bf17364827e38702b42a58cf8eaa3f78&lastObs=&from=&to=&filetype=csv&label=include&layout=seriescolumn&type=package,ok,2026-06-16 04:50:46.468385
USD,,2Y,2026-02-12,3.47,federal_reserve_h15,DGS2,https://www.federalreserve.gov/datadownload/Output.aspx?rel=H15&series=bf17364827e38702b42a58cf8eaa3f78&lastObs=&from=&to=&filetype=csv&label=include&layout=seriescolumn&type=package,ok,2026-06-16 04:50:46.468385
USD,,2Y,2026-02-13,3.4,federal_reserve_h15,DGS2,https://www.federalreserve.gov/datadownload/Output.aspx?rel=H15&series=bf17364827e38702b42a58cf8eaa3f78&lastObs=&from=&to=&filetype=csv&label=include&layout=seriescolumn&type=package,ok,2026-06-16 04:50:46.468385
USD,,2Y,2026-02-17,3.43,federal_reserve_h15,DGS2,https://www.federalreserve.gov/datadownload/Output.aspx?rel=H15&series=bf17364827e38702b42a58cf8eaa3f78&lastObs=&from=&to=&filetype=csv&label=include&layout=seriescolumn&type=package,ok,2026-06-16 04:50:46.468385
USD,,2Y,2026-02-18,3.47,federal_reserve_h15,DGS2,https://www.federalreserve.gov/datadownload/Output.aspx?rel=H15&series=bf17364827e38702b42a58cf8eaa3f78&lastObs=&from=&to=&filetype=csv&label=include&layout=seriescolumn&type=package,ok,2026-06-16 04:50:46.468385
USD,,2Y,2026-02-19,3.47,federal_reserve_h15,DGS2,https://www.federalreserve.gov/datadownload/Output.aspx?rel=H15&series=bf17364827e38702b42a58cf8eaa3f78&lastObs=&from=&to=&filetype=csv&label=include&layout=seriescolumn&type=package,ok,2026-06-16 04:50:46.468385
USD,,2Y,2026-02-20,3.48,federal_reserve_h15,DGS2,https://www.federalreserve.gov/datadownload/Output.aspx?rel=H15&series=bf17364827e38702b42a58cf8eaa3f78&lastObs=&from=&to=&filetype=csv&label=include&layout=seriescolumn&type=package,ok,2026-06-16 04:50:46.468385
USD,,2Y,2026-02-23,3.43,federal_reserve_h15,DGS2,https://www.federalreserve.gov/datadownload/Output.aspx?rel=H15&series=bf17364827e38702b42a58cf8eaa3f78&lastObs=&from=&to=&filetype=csv&label=include&layout=seriescolumn&type=package,ok,2026-06-16 04:50:46.468385
USD,,2Y,2026-02-24,3.43,federal_reserve_h15,DGS2,https://www.federalreserve.gov/datadownload/Output.aspx?rel=H15&series=bf17364827e38702b42a58cf8eaa3f78&lastObs=&from=&to=&filetype=csv&label=include&layout=seriescolumn&type=package,ok,2026-06-16 04:50:46.468385
USD,,2Y,2026-02-25,3.45,federal_reserve_h15,DGS2,https://www.federalreserve.gov/datadownload/Output.aspx?rel=H15&series=bf17364827e38702b42a58cf8eaa3f78&lastObs=&from=&to=&filetype=csv&label=include&layout=seriescolumn&type=package,ok,2026-06-16 04:50:46.468385
USD,,2Y,2026-02-26,3.42,federal_reserve_h15,DGS2,https://www.federalreserve.gov/datadownload/Output.aspx?rel=H15&series=bf17364827e38702b42a58cf8eaa3f78&lastObs=&from=&to=&filetype=csv&label=include&layout=seriescolumn&type=package,ok,2026-06-16 04:50:46.468385
USD,,2Y,2026-02-27,3.38,federal_reserve_h15,DGS2,https://www.federalreserve.gov/datadownload/Output.aspx?rel=H15&series=bf17364827e38702b42a58cf8eaa3f78&lastObs=&from=&to=&filetype=csv&label=include&layout=seriescolumn&type=package,ok,2026-06-16 04:50:46.468385
USD,,2Y,2026-03-02,3.47,federal_reserve_h15,DGS2,https://www.federalreserve.gov/datadownload/Output.aspx?rel=H15&series=bf17364827e38702b42a58cf8eaa3f78&lastObs=&from=&to=&filetype=csv&label=include&layout=seriescolumn&type=package,ok,2026-06-16 04:50:46.468385
USD,,2Y,2026-03-03,3.51,federal_reserve_h15,DGS2,https://www.federalreserve.gov/datadownload/Output.aspx?rel=H15&series=bf17364827e38702b42a58cf8eaa3f78&lastObs=&from=&to=&filetype=csv&label=include&layout=seriescolumn&type=package,ok,2026-06-16 04:50:46.468385
USD,,2Y,2026-03-04,3.54,federal_reserve_h15,DGS2,https://www.federalreserve.gov/datadownload/Output.aspx?rel=H15&series=bf17364827e38702b42a58cf8eaa3f78&lastObs=&from=&to=&filetype=csv&label=include&layout=seriescolumn&type=package,ok,2026-06-16 04:50:46.468385
USD,,2Y,2026-03-05,3.57,federal_reserve_h15,DGS2,https://www.federalreserve.gov/datadownload/Output.aspx?rel=H15&series=bf17364827e38702b42a58cf8eaa3f78&lastObs=&from=&to=&filetype=csv&label=include&layout=seriescolumn&type=package,ok,2026-06-16 04:50:46.468385
USD,,2Y,2026-03-06,3.56,federal_reserve_h15,DGS2,https://www.federalreserve.gov/datadownload/Output.aspx?rel=H15&series=bf17364827e38702b42a58cf8eaa3f78&lastObs=&from=&to=&filetype=csv&label=include&layout=seriescolumn&type=package,ok,2026-06-16 04:50:46.468385
USD,,2Y,2026-03-09,3.56,federal_reserve_h15,DGS2,https://www.federalreserve.gov/datadownload/Output.aspx?rel=H15&series=bf17364827e38702b42a58cf8eaa3f78&lastObs=&from=&to=&filetype=csv&label=include&layout=seriescolumn&type=package,ok,2026-06-16 04:50:46.468385
USD,,2Y,2026-03-10,3.57,federal_reserve_h15,DGS2,https://www.federalreserve.gov/datadownload/Output.aspx?rel=H15&series=bf17364827e38702b42a58cf8eaa3f78&lastObs=&from=&to=&filetype=csv&label=include&layout=seriescolumn&type=package,ok,2026-06-16 04:50:46.468385
USD,,2Y,2026-03-11,3.64,federal_reserve_h15,DGS2,https://www.federalreserve.gov/datadownload/Output.aspx?rel=H15&series=bf17364827e38702b42a58cf8eaa3f78&lastObs=&from=&to=&filetype=csv&label=include&layout=seriescolumn&type=package,ok,2026-06-16 04:50:46.468385
USD,,2Y,2026-03-12,3.76,federal_reserve_h15,DGS2,https://www.federalreserve.gov/datadownload/Output.aspx?rel=H15&series=bf17364827e38702b42a58cf8eaa3f78&lastObs=&from=&to=&filetype=csv&label=include&layout=seriescolumn&type=package,ok,2026-06-16 04:50:46.468385
USD,,2Y,2026-03-13,3.73,federal_reserve_h15,DGS2,https://www.federalreserve.gov/datadownload/Output.aspx?rel=H15&series=bf17364827e38702b42a58cf8eaa3f78&lastObs=&from=&to=&filetype=csv&label=include&layout=seriescolumn&type=package,ok,2026-06-16 04:50:46.468385
USD,,2Y,2026-03-16,3.68,federal_reserve_h15,DGS2,https://www.federalreserve.gov/datadownload/Output.aspx?rel=H15&series=bf17364827e38702b42a58cf8eaa3f78&lastObs=&from=&to=&filetype=csv&label=include&layout=seriescolumn&type=package,ok,2026-06-16 04:50:46.468385
USD,,2Y,2026-03-17,3.68,federal_reserve_h15,DGS2,https://www.federalreserve.gov/datadownload/Output.aspx?rel=H15&series=bf17364827e38702b42a58cf8eaa3f78&lastObs=&from=&to=&filetype=csv&label=include&layout=seriescolumn&type=package,ok,2026-06-16 04:50:46.468385
USD,,2Y,2026-03-18,3.76,federal_reserve_h15,DGS2,https://www.federalreserve.gov/datadownload/Output.aspx?rel=H15&series=bf17364827e38702b42a58cf8eaa3f78&lastObs=&from=&to=&filetype=csv&label=include&layout=seriescolumn&type=package,ok,2026-06-16 04:50:46.468385
USD,,2Y,2026-03-19,3.79,federal_reserve_h15,DGS2,https://www.federalreserve.gov/datadownload/Output.aspx?rel=H15&series=bf17364827e38702b42a58cf8eaa3f78&lastObs=&from=&to=&filetype=csv&label=include&layout=seriescolumn&type=package,ok,2026-06-16 04:50:46.468385
USD,,2Y,2026-03-20,3.88,federal_reserve_h15,DGS2,https://www.federalreserve.gov/datadownload/Output.aspx?rel=H15&series=bf17364827e38702b42a58cf8eaa3f78&lastObs=&from=&to=&filetype=csv&label=include&layout=seriescolumn&type=package,ok,2026-06-16 04:50:46.468385
USD,,2Y,2026-03-23,3.83,federal_reserve_h15,DGS2,https://www.federalreserve.gov/datadownload/Output.aspx?rel=H15&series=bf17364827e38702b42a58cf8eaa3f78&lastObs=&from=&to=&filetype=csv&label=include&layout=seriescolumn&type=package,ok,2026-06-16 04:50:46.468385
USD,,2Y,2026-03-24,3.9,federal_reserve_h15,DGS2,https://www.federalreserve.gov/datadownload/Output.aspx?rel=H15&series=bf17364827e38702b42a58cf8eaa3f78&lastObs=&from=&to=&filetype=csv&label=include&layout=seriescolumn&type=package,ok,2026-06-16 04:50:46.468385
USD,,2Y,2026-03-25,3.84,federal_reserve_h15,DGS2,https://www.federalreserve.gov/datadownload/Output.aspx?rel=H15&series=bf17364827e38702b42a58cf8eaa3f78&lastObs=&from=&to=&filetype=csv&label=include&layout=seriescolumn&type=package,ok,2026-06-16 04:50:46.468385
USD,,2Y,2026-03-26,3.96,federal_reserve_h15,DGS2,https://www.federalreserve.gov/datadownload/Output.aspx?rel=H15&series=bf17364827e38702b42a58cf8eaa3f78&lastObs=&from=&to=&filetype=csv&label=include&layout=seriescolumn&type=package,ok,2026-06-16 04:50:46.468385
USD,,2Y,2026-03-27,3.88,federal_reserve_h15,DGS2,https://www.federalreserve.gov/datadownload/Output.aspx?rel=H15&series=bf17364827e38702b42a58cf8eaa3f78&lastObs=&from=&to=&filetype=csv&label=include&layout=seriescolumn&type=package,ok,2026-06-16 04:50:46.468385
USD,,2Y,2026-03-30,3.82,federal_reserve_h15,DGS2,https://www.federalreserve.gov/datadownload/Output.aspx?rel=H15&series=bf17364827e38702b42a58cf8eaa3f78&lastObs=&from=&to=&filetype=csv&label=include&layout=seriescolumn&type=package,ok,2026-06-16 04:50:46.468385
USD,,2Y,2026-03-31,3.79,federal_reserve_h15,DGS2,https://www.federalreserve.gov/datadownload/Output.aspx?rel=H15&series=bf17364827e38702b42a58cf8eaa3f78&lastObs=&from=&to=&filetype=csv&label=include&layout=seriescolumn&type=package,ok,2026-06-16 04:50:46.468385
USD,,2Y,2026-04-01,3.81,federal_reserve_h15,DGS2,https://www.federalreserve.gov/datadownload/Output.aspx?rel=H15&series=bf17364827e38702b42a58cf8eaa3f78&lastObs=&from=&to=&filetype=csv&label=include&layout=seriescolumn&type=package,ok,2026-06-16 04:50:46.468385
USD,,2Y,2026-04-02,3.79,federal_reserve_h15,DGS2,https://www.federalreserve.gov/datadownload/Output.aspx?rel=H15&series=bf17364827e38702b42a58cf8eaa3f78&lastObs=&from=&to=&filetype=csv&label=include&layout=seriescolumn&type=package,ok,2026-06-16 04:50:46.468385
USD,,2Y,2026-04-03,3.84,federal_reserve_h15,DGS2,https://www.federalreserve.gov/datadownload/Output.aspx?rel=H15&series=bf17364827e38702b42a58cf8eaa3f78&lastObs=&from=&to=&filetype=csv&label=include&layout=seriescolumn&type=package,ok,2026-06-16 04:50:46.468385
USD,,2Y,2026-04-06,3.84,federal_reserve_h15,DGS2,https://www.federalreserve.gov/datadownload/Output.aspx?rel=H15&series=bf17364827e38702b42a58cf8eaa3f78&lastObs=&from=&to=&filetype=csv&label=include&layout=seriescolumn&type=package,ok,2026-06-16 04:50:46.468385
USD,,2Y,2026-04-07,3.81,federal_reserve_h15,DGS2,https://www.federalreserve.gov/datadownload/Output.aspx?rel=H15&series=bf17364827e38702b42a58cf8eaa3f78&lastObs=&from=&to=&filetype=csv&label=include&layout=seriescolumn&type=package,ok,2026-06-16 04:50:46.468385
USD,,2Y,2026-04-08,3.79,federal_reserve_h15,DGS2,https://www.federalreserve.gov/datadownload/Output.aspx?rel=H15&series=bf17364827e38702b42a58cf8eaa3f78&lastObs=&from=&to=&filetype=csv&label=include&layout=seriescolumn&type=package,ok,2026-06-16 04:50:46.468385
USD,,2Y,2026-04-09,3.78,federal_reserve_h15,DGS2,https://www.federalreserve.gov/datadownload/Output.aspx?rel=H15&series=bf17364827e38702b42a58cf8eaa3f78&lastObs=&from=&to=&filetype=csv&label=include&layout=seriescolumn&type=package,ok,2026-06-16 04:50:46.468385
USD,,2Y,2026-04-10,3.81,federal_reserve_h15,DGS2,https://www.federalreserve.gov/datadownload/Output.aspx?rel=H15&series=bf17364827e38702b42a58cf8eaa3f78&lastObs=&from=&to=&filetype=csv&label=include&layout=seriescolumn&type=package,ok,2026-06-16 04:50:46.468385
USD,,2Y,2026-04-13,3.78,federal_reserve_h15,DGS2,https://www.federalreserve.gov/datadownload/Output.aspx?rel=H15&series=bf17364827e38702b42a58cf8eaa3f78&lastObs=&from=&to=&filetype=csv&label=include&layout=seriescolumn&type=package,ok,2026-06-16 04:50:46.468385
USD,,2Y,2026-04-14,3.76,federal_reserve_h15,DGS2,https://www.federalreserve.gov/datadownload/Output.aspx?rel=H15&series=bf17364827e38702b42a58cf8eaa3f78&lastObs=&from=&to=&filetype=csv&label=include&layout=seriescolumn&type=package,ok,2026-06-16 04:50:46.468385
USD,,2Y,2026-04-15,3.76,federal_reserve_h15,DGS2,https://www.federalreserve.gov/datadownload/Output.aspx?rel=H15&series=bf17364827e38702b42a58cf8eaa3f78&lastObs=&from=&to=&filetype=csv&label=include&layout=seriescolumn&type=package,ok,2026-06-16 04:50:46.468385
USD,,2Y,2026-04-16,3.78,federal_reserve_h15,DGS2,https://www.federalreserve.gov/datadownload/Output.aspx?rel=H15&series=bf17364827e38702b42a58cf8eaa3f78&lastObs=&from=&to=&filetype=csv&label=include&layout=seriescolumn&type=package,ok,2026-06-16 04:50:46.468385
USD,,2Y,2026-04-17,3.71,federal_reserve_h15,DGS2,https://www.federalreserve.gov/datadownload/Output.aspx?rel=H15&series=bf17364827e38702b42a58cf8eaa3f78&lastObs=&from=&to=&filetype=csv&label=include&layout=seriescolumn&type=package,ok,2026-06-16 04:50:46.468385
USD,,2Y,2026-04-20,3.72,federal_reserve_h15,DGS2,https://www.federalreserve.gov/datadownload/Output.aspx?rel=H15&series=bf17364827e38702b42a58cf8eaa3f78&lastObs=&from=&to=&filetype=csv&label=include&layout=seriescolumn&type=package,ok,2026-06-16 04:50:46.468385
USD,,2Y,2026-04-21,3.78,federal_reserve_h15,DGS2,https://www.federalreserve.gov/datadownload/Output.aspx?rel=H15&series=bf17364827e38702b42a58cf8eaa3f78&lastObs=&from=&to=&filetype=csv&label=include&layout=seriescolumn&type=package,ok,2026-06-16 04:50:46.468385
USD,,2Y,2026-04-22,3.79,federal_reserve_h15,DGS2,https://www.federalreserve.gov/datadownload/Output.aspx?rel=H15&series=bf17364827e38702b42a58cf8eaa3f78&lastObs=&from=&to=&filetype=csv&label=include&layout=seriescolumn&type=package,ok,2026-06-16 04:50:46.468385
USD,,2Y,2026-04-23,3.83,federal_reserve_h15,DGS2,https://www.federalreserve.gov/datadownload/Output.aspx?rel=H15&series=bf17364827e38702b42a58cf8eaa3f78&lastObs=&from=&to=&filetype=csv&label=include&layout=seriescolumn&type=package,ok,2026-06-16 04:50:46.468385
USD,,2Y,2026-04-24,3.78,federal_reserve_h15,DGS2,https://www.federalreserve.gov/datadownload/Output.aspx?rel=H15&series=bf17364827e38702b42a58cf8eaa3f78&lastObs=&from=&to=&filetype=csv&label=include&layout=seriescolumn&type=package,ok,2026-06-16 04:50:46.468385
USD,,2Y,2026-04-27,3.78,federal_reserve_h15,DGS2,https://www.federalreserve.gov/datadownload/Output.aspx?rel=H15&series=bf17364827e38702b42a58cf8eaa3f78&lastObs=&from=&to=&filetype=csv&label=include&layout=seriescolumn&type=package,ok,2026-06-16 04:50:46.468385
USD,,2Y,2026-04-28,3.84,federal_reserve_h15,DGS2,https://www.federalreserve.gov/datadownload/Output.aspx?rel=H15&series=bf17364827e38702b42a58cf8eaa3f78&lastObs=&from=&to=&filetype=csv&label=include&layout=seriescolumn&type=package,ok,2026-06-16 04:50:46.468385
USD,,2Y,2026-04-29,3.92,federal_reserve_h15,DGS2,https://www.federalreserve.gov/datadownload/Output.aspx?rel=H15&series=bf17364827e38702b42a58cf8eaa3f78&lastObs=&from=&to=&filetype=csv&label=include&layout=seriescolumn&type=package,ok,2026-06-16 04:50:46.468385
USD,,2Y,2026-04-30,3.88,federal_reserve_h15,DGS2,https://www.federalreserve.gov/datadownload/Output.aspx?rel=H15&series=bf17364827e38702b42a58cf8eaa3f78&lastObs=&from=&to=&filetype=csv&label=include&layout=seriescolumn&type=package,ok,2026-06-16 04:50:46.468385
USD,,2Y,2026-05-01,3.88,federal_reserve_h15,DGS2,https://www.federalreserve.gov/datadownload/Output.aspx?rel=H15&series=bf17364827e38702b42a58cf8eaa3f78&lastObs=&from=&to=&filetype=csv&label=include&layout=seriescolumn&type=package,ok,2026-06-16 04:50:46.468385
USD,,2Y,2026-05-04,3.95,federal_reserve_h15,DGS2,https://www.federalreserve.gov/datadownload/Output.aspx?rel=H15&series=bf17364827e38702b42a58cf8eaa3f78&lastObs=&from=&to=&filetype=csv&label=include&layout=seriescolumn&type=package,ok,2026-06-16 04:50:46.468385
USD,,2Y,2026-05-05,3.93,federal_reserve_h15,DGS2,https://www.federalreserve.gov/datadownload/Output.aspx?rel=H15&series=bf17364827e38702b42a58cf8eaa3f78&lastObs=&from=&to=&filetype=csv&label=include&layout=seriescolumn&type=package,ok,2026-06-16 04:50:46.468385
USD,,2Y,2026-05-06,3.87,federal_reserve_h15,DGS2,https://www.federalreserve.gov/datadownload/Output.aspx?rel=H15&series=bf17364827e38702b42a58cf8eaa3f78&lastObs=&from=&to=&filetype=csv&label=include&layout=seriescolumn&type=package,ok,2026-06-16 04:50:46.468385
USD,,2Y,2026-05-07,3.92,federal_reserve_h15,DGS2,https://www.federalreserve.gov/datadownload/Output.aspx?rel=H15&series=bf17364827e38702b42a58cf8eaa3f78&lastObs=&from=&to=&filetype=csv&label=include&layout=seriescolumn&type=package,ok,2026-06-16 04:50:46.468385
USD,,2Y,2026-05-08,3.9,federal_reserve_h15,DGS2,https://www.federalreserve.gov/datadownload/Output.aspx?rel=H15&series=bf17364827e38702b42a58cf8eaa3f78&lastObs=&from=&to=&filetype=csv&label=include&layout=seriescolumn&type=package,ok,2026-06-16 04:50:46.468385
USD,,2Y,2026-05-11,3.95,federal_reserve_h15,DGS2,https://www.federalreserve.gov/datadownload/Output.aspx?rel=H15&series=bf17364827e38702b42a58cf8eaa3f78&lastObs=&from=&to=&filetype=csv&label=include&layout=seriescolumn&type=package,ok,2026-06-16 04:50:46.468385
USD,,2Y,2026-05-12,4.0,federal_reserve_h15,DGS2,https://www.federalreserve.gov/datadownload/Output.aspx?rel=H15&series=bf17364827e38702b42a58cf8eaa3f78&lastObs=&from=&to=&filetype=csv&label=include&layout=seriescolumn&type=package,ok,2026-06-16 04:50:46.468385
USD,,2Y,2026-05-13,3.98,federal_reserve_h15,DGS2,https://www.federalreserve.gov/datadownload/Output.aspx?rel=H15&series=bf17364827e38702b42a58cf8eaa3f78&lastObs=&from=&to=&filetype=csv&label=include&layout=seriescolumn&type=package,ok,2026-06-16 04:50:46.468385
USD,,2Y,2026-05-14,4.0,federal_reserve_h15,DGS2,https://www.federalreserve.gov/datadownload/Output.aspx?rel=H15&series=bf17364827e38702b42a58cf8eaa3f78&lastObs=&from=&to=&filetype=csv&label=include&layout=seriescolumn&type=package,ok,2026-06-16 04:50:46.468385
USD,,2Y,2026-05-15,4.09,federal_reserve_h15,DGS2,https://www.federalreserve.gov/datadownload/Output.aspx?rel=H15&series=bf17364827e38702b42a58cf8eaa3f78&lastObs=&from=&to=&filetype=csv&label=include&layout=seriescolumn&type=package,ok,2026-06-16 04:50:46.468385
USD,,2Y,2026-05-18,4.07,federal_reserve_h15,DGS2,https://www.federalreserve.gov/datadownload/Output.aspx?rel=H15&series=bf17364827e38702b42a58cf8eaa3f78&lastObs=&from=&to=&filetype=csv&label=include&layout=seriescolumn&type=package,ok,2026-06-16 04:50:46.468385
USD,,2Y,2026-05-19,4.13,federal_reserve_h15,DGS2,https://www.federalreserve.gov/datadownload/Output.aspx?rel=H15&series=bf17364827e38702b42a58cf8eaa3f78&lastObs=&from=&to=&filetype=csv&label=include&layout=seriescolumn&type=package,ok,2026-06-16 04:50:46.468385
USD,,2Y,2026-05-20,4.04,federal_reserve_h15,DGS2,https://www.federalreserve.gov/datadownload/Output.aspx?rel=H15&series=bf17364827e38702b42a58cf8eaa3f78&lastObs=&from=&to=&filetype=csv&label=include&layout=seriescolumn&type=package,ok,2026-06-16 04:50:46.468385
USD,,2Y,2026-05-21,4.08,federal_reserve_h15,DGS2,https://www.federalreserve.gov/datadownload/Output.aspx?rel=H15&series=bf17364827e38702b42a58cf8eaa3f78&lastObs=&from=&to=&filetype=csv&label=include&layout=seriescolumn&type=package,ok,2026-06-16 04:50:46.468385
USD,,2Y,2026-05-22,4.13,federal_reserve_h15,DGS2,https://www.federalreserve.gov/datadownload/Output.aspx?rel=H15&series=bf17364827e38702b42a58cf8eaa3f78&lastObs=&from=&to=&filetype=csv&label=include&layout=seriescolumn&type=package,ok,2026-06-16 04:50:46.468385
USD,,2Y,2026-05-26,4.01,federal_reserve_h15,DGS2,https://www.federalreserve.gov/datadownload/Output.aspx?rel=H15&series=bf17364827e38702b42a58cf8eaa3f78&lastObs=&from=&to=&filetype=csv&label=include&layout=seriescolumn&type=package,ok,2026-06-16 04:50:46.468385
USD,,2Y,2026-05-27,4.0,federal_reserve_h15,DGS2,https://www.federalreserve.gov/datadownload/Output.aspx?rel=H15&series=bf17364827e38702b42a58cf8eaa3f78&lastObs=&from=&to=&filetype=csv&label=include&layout=seriescolumn&type=package,ok,2026-06-16 04:50:46.468385
USD,,2Y,2026-05-28,3.99,federal_reserve_h15,DGS2,https://www.federalreserve.gov/datadownload/Output.aspx?rel=H15&series=bf17364827e38702b42a58cf8eaa3f78&lastObs=&from=&to=&filetype=csv&label=include&layout=seriescolumn&type=package,ok,2026-06-16 04:50:46.468385
USD,,2Y,2026-05-29,3.98,federal_reserve_h15,DGS2,https://www.federalreserve.gov/datadownload/Output.aspx?rel=H15&series=bf17364827e38702b42a58cf8eaa3f78&lastObs=&from=&to=&filetype=csv&label=include&layout=seriescolumn&type=package,ok,2026-06-16 04:50:46.468385
USD,,2Y,2026-06-01,4.05,federal_reserve_h15,DGS2,https://www.federalreserve.gov/datadownload/Output.aspx?rel=H15&series=bf17364827e38702b42a58cf8eaa3f78&lastObs=&from=&to=&filetype=csv&label=include&layout=seriescolumn&type=package,ok,2026-06-16 04:50:46.468385
USD,,2Y,2026-06-02,4.05,federal_reserve_h15,DGS2,https://www.federalreserve.gov/datadownload/Output.aspx?rel=H15&series=bf17364827e38702b42a58cf8eaa3f78&lastObs=&from=&to=&filetype=csv&label=include&layout=seriescolumn&type=package,ok,2026-06-16 04:50:46.468385
USD,,2Y,2026-06-03,4.08,federal_reserve_h15,DGS2,https://www.federalreserve.gov/datadownload/Output.aspx?rel=H15&series=bf17364827e38702b42a58cf8eaa3f78&lastObs=&from=&to=&filetype=csv&label=include&layout=seriescolumn&type=package,ok,2026-06-16 04:50:46.468385
USD,,2Y,2026-06-04,4.05,federal_reserve_h15,DGS2,https://www.federalreserve.gov/datadownload/Output.aspx?rel=H15&series=bf17364827e38702b42a58cf8eaa3f78&lastObs=&from=&to=&filetype=csv&label=include&layout=seriescolumn&type=package,ok,2026-06-16 04:50:46.468385
USD,,2Y,2026-06-05,4.17,federal_reserve_h15,DGS2,https://www.federalreserve.gov/datadownload/Output.aspx?rel=H15&series=bf17364827e38702b42a58cf8eaa3f78&lastObs=&from=&to=&filetype=csv&label=include&layout=seriescolumn&type=package,ok,2026-06-16 04:50:46.468385
USD,,2Y,2026-06-08,4.15,federal_reserve_h15,DGS2,https://www.federalreserve.gov/datadownload/Output.aspx?rel=H15&series=bf17364827e38702b42a58cf8eaa3f78&lastObs=&from=&to=&filetype=csv&label=include&layout=seriescolumn&type=package,ok,2026-06-16 04:50:46.468385
USD,,2Y,2026-06-09,4.13,federal_reserve_h15,DGS2,https://www.federalreserve.gov/datadownload/Output.aspx?rel=H15&series=bf17364827e38702b42a58cf8eaa3f78&lastObs=&from=&to=&filetype=csv&label=include&layout=seriescolumn&type=package,ok,2026-06-16 04:50:46.468385
USD,,2Y,2026-06-10,4.13,federal_reserve_h15,DGS2,https://www.federalreserve.gov/datadownload/Output.aspx?rel=H15&series=bf17364827e38702b42a58cf8eaa3f78&lastObs=&from=&to=&filetype=csv&label=include&layout=seriescolumn&type=package,ok,2026-06-16 04:50:46.468385
USD,,2Y,2026-06-11,4.05,federal_reserve_h15,DGS2,https://www.federalreserve.gov/datadownload/Output.aspx?rel=H15&series=bf17364827e38702b42a58cf8eaa3f78&lastObs=&from=&to=&filetype=csv&label=include&layout=seriescolumn&type=package,ok,2026-06-16 04:50:46.468385
USD,,2Y,2026-06-12,4.09,federal_reserve_h15,DGS2,https://www.federalreserve.gov/datadownload/Output.aspx?rel=H15&series=bf17364827e38702b42a58cf8eaa3f78&lastObs=&from=&to=&filetype=csv&label=include&layout=seriescolumn&type=package,ok,2026-06-16 04:50:46.468385
