currency,country_code,tenor,observation_date,yield_percent,source,source_series_id,source_url,quality_status,loaded_at
JPY,,2Y,2021-06-16,-0.128,mof_jgb_interest_rate_historical,2Y,https://www.mof.go.jp/english/policy/jgbs/reference/interest_rate/historical/jgbcme_all.csv,ok,2026-06-16 04:59:12.777910
JPY,,2Y,2021-06-17,-0.123,mof_jgb_interest_rate_historical,2Y,https://www.mof.go.jp/english/policy/jgbs/reference/interest_rate/historical/jgbcme_all.csv,ok,2026-06-16 04:59:12.777910
JPY,,2Y,2021-06-18,-0.123,mof_jgb_interest_rate_historical,2Y,https://www.mof.go.jp/english/policy/jgbs/reference/interest_rate/historical/jgbcme_all.csv,ok,2026-06-16 04:59:12.777910
JPY,,2Y,2021-06-21,-0.121,mof_jgb_interest_rate_historical,2Y,https://www.mof.go.jp/english/policy/jgbs/reference/interest_rate/historical/jgbcme_all.csv,ok,2026-06-16 04:59:12.777910
JPY,,2Y,2021-06-22,-0.115,mof_jgb_interest_rate_historical,2Y,https://www.mof.go.jp/english/policy/jgbs/reference/interest_rate/historical/jgbcme_all.csv,ok,2026-06-16 04:59:12.777910
JPY,,2Y,2021-06-23,-0.116,mof_jgb_interest_rate_historical,2Y,https://www.mof.go.jp/english/policy/jgbs/reference/interest_rate/historical/jgbcme_all.csv,ok,2026-06-16 04:59:12.777910
JPY,,2Y,2021-06-24,-0.116,mof_jgb_interest_rate_historical,2Y,https://www.mof.go.jp/english/policy/jgbs/reference/interest_rate/historical/jgbcme_all.csv,ok,2026-06-16 04:59:12.777910
JPY,,2Y,2021-06-25,-0.116,mof_jgb_interest_rate_historical,2Y,https://www.mof.go.jp/english/policy/jgbs/reference/interest_rate/historical/jgbcme_all.csv,ok,2026-06-16 04:59:12.777910
JPY,,2Y,2021-06-28,-0.115,mof_jgb_interest_rate_historical,2Y,https://www.mof.go.jp/english/policy/jgbs/reference/interest_rate/historical/jgbcme_all.csv,ok,2026-06-16 04:59:12.777910
JPY,,2Y,2021-06-29,-0.114,mof_jgb_interest_rate_historical,2Y,https://www.mof.go.jp/english/policy/jgbs/reference/interest_rate/historical/jgbcme_all.csv,ok,2026-06-16 04:59:12.777910
JPY,,2Y,2021-06-30,-0.115,mof_jgb_interest_rate_historical,2Y,https://www.mof.go.jp/english/policy/jgbs/reference/interest_rate/historical/jgbcme_all.csv,ok,2026-06-16 04:59:12.777910
JPY,,2Y,2021-07-01,-0.12,mof_jgb_interest_rate_historical,2Y,https://www.mof.go.jp/english/policy/jgbs/reference/interest_rate/historical/jgbcme_all.csv,ok,2026-06-16 04:59:12.777910
JPY,,2Y,2021-07-02,-0.12,mof_jgb_interest_rate_historical,2Y,https://www.mof.go.jp/english/policy/jgbs/reference/interest_rate/historical/jgbcme_all.csv,ok,2026-06-16 04:59:12.777910
JPY,,2Y,2021-07-05,-0.116,mof_jgb_interest_rate_historical,2Y,https://www.mof.go.jp/english/policy/jgbs/reference/interest_rate/historical/jgbcme_all.csv,ok,2026-06-16 04:59:12.777910
JPY,,2Y,2021-07-06,-0.111,mof_jgb_interest_rate_historical,2Y,https://www.mof.go.jp/english/policy/jgbs/reference/interest_rate/historical/jgbcme_all.csv,ok,2026-06-16 04:59:12.777910
JPY,,2Y,2021-07-07,-0.111,mof_jgb_interest_rate_historical,2Y,https://www.mof.go.jp/english/policy/jgbs/reference/interest_rate/historical/jgbcme_all.csv,ok,2026-06-16 04:59:12.777910
JPY,,2Y,2021-07-08,-0.117,mof_jgb_interest_rate_historical,2Y,https://www.mof.go.jp/english/policy/jgbs/reference/interest_rate/historical/jgbcme_all.csv,ok,2026-06-16 04:59:12.777910
JPY,,2Y,2021-07-09,-0.117,mof_jgb_interest_rate_historical,2Y,https://www.mof.go.jp/english/policy/jgbs/reference/interest_rate/historical/jgbcme_all.csv,ok,2026-06-16 04:59:12.777910
JPY,,2Y,2021-07-12,-0.117,mof_jgb_interest_rate_historical,2Y,https://www.mof.go.jp/english/policy/jgbs/reference/interest_rate/historical/jgbcme_all.csv,ok,2026-06-16 04:59:12.777910
JPY,,2Y,2021-07-13,-0.122,mof_jgb_interest_rate_historical,2Y,https://www.mof.go.jp/english/policy/jgbs/reference/interest_rate/historical/jgbcme_all.csv,ok,2026-06-16 04:59:12.777910
JPY,,2Y,2021-07-14,-0.128,mof_jgb_interest_rate_historical,2Y,https://www.mof.go.jp/english/policy/jgbs/reference/interest_rate/historical/jgbcme_all.csv,ok,2026-06-16 04:59:12.777910
JPY,,2Y,2021-07-15,-0.128,mof_jgb_interest_rate_historical,2Y,https://www.mof.go.jp/english/policy/jgbs/reference/interest_rate/historical/jgbcme_all.csv,ok,2026-06-16 04:59:12.777910
JPY,,2Y,2021-07-16,-0.128,mof_jgb_interest_rate_historical,2Y,https://www.mof.go.jp/english/policy/jgbs/reference/interest_rate/historical/jgbcme_all.csv,ok,2026-06-16 04:59:12.777910
JPY,,2Y,2021-07-19,-0.134,mof_jgb_interest_rate_historical,2Y,https://www.mof.go.jp/english/policy/jgbs/reference/interest_rate/historical/jgbcme_all.csv,ok,2026-06-16 04:59:12.777910
JPY,,2Y,2021-07-20,-0.134,mof_jgb_interest_rate_historical,2Y,https://www.mof.go.jp/english/policy/jgbs/reference/interest_rate/historical/jgbcme_all.csv,ok,2026-06-16 04:59:12.777910
JPY,,2Y,2021-07-21,-0.134,mof_jgb_interest_rate_historical,2Y,https://www.mof.go.jp/english/policy/jgbs/reference/interest_rate/historical/jgbcme_all.csv,ok,2026-06-16 04:59:12.777910
JPY,,2Y,2021-07-26,-0.135,mof_jgb_interest_rate_historical,2Y,https://www.mof.go.jp/english/policy/jgbs/reference/interest_rate/historical/jgbcme_all.csv,ok,2026-06-16 04:59:12.777910
JPY,,2Y,2021-07-27,-0.13,mof_jgb_interest_rate_historical,2Y,https://www.mof.go.jp/english/policy/jgbs/reference/interest_rate/historical/jgbcme_all.csv,ok,2026-06-16 04:59:12.777910
JPY,,2Y,2021-07-28,-0.13,mof_jgb_interest_rate_historical,2Y,https://www.mof.go.jp/english/policy/jgbs/reference/interest_rate/historical/jgbcme_all.csv,ok,2026-06-16 04:59:12.777910
JPY,,2Y,2021-07-29,-0.125,mof_jgb_interest_rate_historical,2Y,https://www.mof.go.jp/english/policy/jgbs/reference/interest_rate/historical/jgbcme_all.csv,ok,2026-06-16 04:59:12.777910
JPY,,2Y,2021-07-30,-0.125,mof_jgb_interest_rate_historical,2Y,https://www.mof.go.jp/english/policy/jgbs/reference/interest_rate/historical/jgbcme_all.csv,ok,2026-06-16 04:59:12.777910
JPY,,2Y,2021-08-02,-0.13,mof_jgb_interest_rate_historical,2Y,https://www.mof.go.jp/english/policy/jgbs/reference/interest_rate/historical/jgbcme_all.csv,ok,2026-06-16 04:59:12.777910
JPY,,2Y,2021-08-03,-0.125,mof_jgb_interest_rate_historical,2Y,https://www.mof.go.jp/english/policy/jgbs/reference/interest_rate/historical/jgbcme_all.csv,ok,2026-06-16 04:59:12.777910
JPY,,2Y,2021-08-04,-0.13,mof_jgb_interest_rate_historical,2Y,https://www.mof.go.jp/english/policy/jgbs/reference/interest_rate/historical/jgbcme_all.csv,ok,2026-06-16 04:59:12.777910
JPY,,2Y,2021-08-05,-0.136,mof_jgb_interest_rate_historical,2Y,https://www.mof.go.jp/english/policy/jgbs/reference/interest_rate/historical/jgbcme_all.csv,ok,2026-06-16 04:59:12.777910
JPY,,2Y,2021-08-06,-0.136,mof_jgb_interest_rate_historical,2Y,https://www.mof.go.jp/english/policy/jgbs/reference/interest_rate/historical/jgbcme_all.csv,ok,2026-06-16 04:59:12.777910
JPY,,2Y,2021-08-10,-0.131,mof_jgb_interest_rate_historical,2Y,https://www.mof.go.jp/english/policy/jgbs/reference/interest_rate/historical/jgbcme_all.csv,ok,2026-06-16 04:59:12.777910
JPY,,2Y,2021-08-11,-0.131,mof_jgb_interest_rate_historical,2Y,https://www.mof.go.jp/english/policy/jgbs/reference/interest_rate/historical/jgbcme_all.csv,ok,2026-06-16 04:59:12.777910
JPY,,2Y,2021-08-12,-0.131,mof_jgb_interest_rate_historical,2Y,https://www.mof.go.jp/english/policy/jgbs/reference/interest_rate/historical/jgbcme_all.csv,ok,2026-06-16 04:59:12.777910
JPY,,2Y,2021-08-13,-0.136,mof_jgb_interest_rate_historical,2Y,https://www.mof.go.jp/english/policy/jgbs/reference/interest_rate/historical/jgbcme_all.csv,ok,2026-06-16 04:59:12.777910
JPY,,2Y,2021-08-16,-0.136,mof_jgb_interest_rate_historical,2Y,https://www.mof.go.jp/english/policy/jgbs/reference/interest_rate/historical/jgbcme_all.csv,ok,2026-06-16 04:59:12.777910
JPY,,2Y,2021-08-17,-0.142,mof_jgb_interest_rate_historical,2Y,https://www.mof.go.jp/english/policy/jgbs/reference/interest_rate/historical/jgbcme_all.csv,ok,2026-06-16 04:59:12.777910
JPY,,2Y,2021-08-18,-0.142,mof_jgb_interest_rate_historical,2Y,https://www.mof.go.jp/english/policy/jgbs/reference/interest_rate/historical/jgbcme_all.csv,ok,2026-06-16 04:59:12.777910
JPY,,2Y,2021-08-19,-0.142,mof_jgb_interest_rate_historical,2Y,https://www.mof.go.jp/english/policy/jgbs/reference/interest_rate/historical/jgbcme_all.csv,ok,2026-06-16 04:59:12.777910
JPY,,2Y,2021-08-20,-0.142,mof_jgb_interest_rate_historical,2Y,https://www.mof.go.jp/english/policy/jgbs/reference/interest_rate/historical/jgbcme_all.csv,ok,2026-06-16 04:59:12.777910
JPY,,2Y,2021-08-23,-0.139,mof_jgb_interest_rate_historical,2Y,https://www.mof.go.jp/english/policy/jgbs/reference/interest_rate/historical/jgbcme_all.csv,ok,2026-06-16 04:59:12.777910
JPY,,2Y,2021-08-24,-0.139,mof_jgb_interest_rate_historical,2Y,https://www.mof.go.jp/english/policy/jgbs/reference/interest_rate/historical/jgbcme_all.csv,ok,2026-06-16 04:59:12.777910
JPY,,2Y,2021-08-25,-0.138,mof_jgb_interest_rate_historical,2Y,https://www.mof.go.jp/english/policy/jgbs/reference/interest_rate/historical/jgbcme_all.csv,ok,2026-06-16 04:59:12.777910
JPY,,2Y,2021-08-26,-0.133,mof_jgb_interest_rate_historical,2Y,https://www.mof.go.jp/english/policy/jgbs/reference/interest_rate/historical/jgbcme_all.csv,ok,2026-06-16 04:59:12.777910
JPY,,2Y,2021-08-27,-0.133,mof_jgb_interest_rate_historical,2Y,https://www.mof.go.jp/english/policy/jgbs/reference/interest_rate/historical/jgbcme_all.csv,ok,2026-06-16 04:59:12.777910
JPY,,2Y,2021-08-30,-0.128,mof_jgb_interest_rate_historical,2Y,https://www.mof.go.jp/english/policy/jgbs/reference/interest_rate/historical/jgbcme_all.csv,ok,2026-06-16 04:59:12.777910
JPY,,2Y,2021-08-31,-0.13,mof_jgb_interest_rate_historical,2Y,https://www.mof.go.jp/english/policy/jgbs/reference/interest_rate/historical/jgbcme_all.csv,ok,2026-06-16 04:59:12.777910
JPY,,2Y,2021-09-01,-0.13,mof_jgb_interest_rate_historical,2Y,https://www.mof.go.jp/english/policy/jgbs/reference/interest_rate/historical/jgbcme_all.csv,ok,2026-06-16 04:59:12.777910
JPY,,2Y,2021-09-02,-0.13,mof_jgb_interest_rate_historical,2Y,https://www.mof.go.jp/english/policy/jgbs/reference/interest_rate/historical/jgbcme_all.csv,ok,2026-06-16 04:59:12.777910
JPY,,2Y,2021-09-03,-0.125,mof_jgb_interest_rate_historical,2Y,https://www.mof.go.jp/english/policy/jgbs/reference/interest_rate/historical/jgbcme_all.csv,ok,2026-06-16 04:59:12.777910
JPY,,2Y,2021-09-06,-0.12,mof_jgb_interest_rate_historical,2Y,https://www.mof.go.jp/english/policy/jgbs/reference/interest_rate/historical/jgbcme_all.csv,ok,2026-06-16 04:59:12.777910
JPY,,2Y,2021-09-07,-0.125,mof_jgb_interest_rate_historical,2Y,https://www.mof.go.jp/english/policy/jgbs/reference/interest_rate/historical/jgbcme_all.csv,ok,2026-06-16 04:59:12.777910
JPY,,2Y,2021-09-08,-0.125,mof_jgb_interest_rate_historical,2Y,https://www.mof.go.jp/english/policy/jgbs/reference/interest_rate/historical/jgbcme_all.csv,ok,2026-06-16 04:59:12.777910
JPY,,2Y,2021-09-09,-0.125,mof_jgb_interest_rate_historical,2Y,https://www.mof.go.jp/english/policy/jgbs/reference/interest_rate/historical/jgbcme_all.csv,ok,2026-06-16 04:59:12.777910
JPY,,2Y,2021-09-10,-0.125,mof_jgb_interest_rate_historical,2Y,https://www.mof.go.jp/english/policy/jgbs/reference/interest_rate/historical/jgbcme_all.csv,ok,2026-06-16 04:59:12.777910
JPY,,2Y,2021-09-13,-0.126,mof_jgb_interest_rate_historical,2Y,https://www.mof.go.jp/english/policy/jgbs/reference/interest_rate/historical/jgbcme_all.csv,ok,2026-06-16 04:59:12.777910
JPY,,2Y,2021-09-14,-0.126,mof_jgb_interest_rate_historical,2Y,https://www.mof.go.jp/english/policy/jgbs/reference/interest_rate/historical/jgbcme_all.csv,ok,2026-06-16 04:59:12.777910
JPY,,2Y,2021-09-15,-0.131,mof_jgb_interest_rate_historical,2Y,https://www.mof.go.jp/english/policy/jgbs/reference/interest_rate/historical/jgbcme_all.csv,ok,2026-06-16 04:59:12.777910
JPY,,2Y,2021-09-16,-0.127,mof_jgb_interest_rate_historical,2Y,https://www.mof.go.jp/english/policy/jgbs/reference/interest_rate/historical/jgbcme_all.csv,ok,2026-06-16 04:59:12.777910
JPY,,2Y,2021-09-17,-0.127,mof_jgb_interest_rate_historical,2Y,https://www.mof.go.jp/english/policy/jgbs/reference/interest_rate/historical/jgbcme_all.csv,ok,2026-06-16 04:59:12.777910
JPY,,2Y,2021-09-21,-0.133,mof_jgb_interest_rate_historical,2Y,https://www.mof.go.jp/english/policy/jgbs/reference/interest_rate/historical/jgbcme_all.csv,ok,2026-06-16 04:59:12.777910
JPY,,2Y,2021-09-22,-0.133,mof_jgb_interest_rate_historical,2Y,https://www.mof.go.jp/english/policy/jgbs/reference/interest_rate/historical/jgbcme_all.csv,ok,2026-06-16 04:59:12.777910
JPY,,2Y,2021-09-24,-0.128,mof_jgb_interest_rate_historical,2Y,https://www.mof.go.jp/english/policy/jgbs/reference/interest_rate/historical/jgbcme_all.csv,ok,2026-06-16 04:59:12.777910
JPY,,2Y,2021-09-27,-0.129,mof_jgb_interest_rate_historical,2Y,https://www.mof.go.jp/english/policy/jgbs/reference/interest_rate/historical/jgbcme_all.csv,ok,2026-06-16 04:59:12.777910
JPY,,2Y,2021-09-28,-0.129,mof_jgb_interest_rate_historical,2Y,https://www.mof.go.jp/english/policy/jgbs/reference/interest_rate/historical/jgbcme_all.csv,ok,2026-06-16 04:59:12.777910
JPY,,2Y,2021-09-29,-0.125,mof_jgb_interest_rate_historical,2Y,https://www.mof.go.jp/english/policy/jgbs/reference/interest_rate/historical/jgbcme_all.csv,ok,2026-06-16 04:59:12.777910
JPY,,2Y,2021-09-30,-0.115,mof_jgb_interest_rate_historical,2Y,https://www.mof.go.jp/english/policy/jgbs/reference/interest_rate/historical/jgbcme_all.csv,ok,2026-06-16 04:59:12.777910
JPY,,2Y,2021-10-01,-0.125,mof_jgb_interest_rate_historical,2Y,https://www.mof.go.jp/english/policy/jgbs/reference/interest_rate/historical/jgbcme_all.csv,ok,2026-06-16 04:59:12.777910
JPY,,2Y,2021-10-04,-0.12,mof_jgb_interest_rate_historical,2Y,https://www.mof.go.jp/english/policy/jgbs/reference/interest_rate/historical/jgbcme_all.csv,ok,2026-06-16 04:59:12.777910
JPY,,2Y,2021-10-05,-0.12,mof_jgb_interest_rate_historical,2Y,https://www.mof.go.jp/english/policy/jgbs/reference/interest_rate/historical/jgbcme_all.csv,ok,2026-06-16 04:59:12.777910
JPY,,2Y,2021-10-06,-0.116,mof_jgb_interest_rate_historical,2Y,https://www.mof.go.jp/english/policy/jgbs/reference/interest_rate/historical/jgbcme_all.csv,ok,2026-06-16 04:59:12.777910
JPY,,2Y,2021-10-07,-0.121,mof_jgb_interest_rate_historical,2Y,https://www.mof.go.jp/english/policy/jgbs/reference/interest_rate/historical/jgbcme_all.csv,ok,2026-06-16 04:59:12.777910
JPY,,2Y,2021-10-08,-0.116,mof_jgb_interest_rate_historical,2Y,https://www.mof.go.jp/english/policy/jgbs/reference/interest_rate/historical/jgbcme_all.csv,ok,2026-06-16 04:59:12.777910
JPY,,2Y,2021-10-11,-0.116,mof_jgb_interest_rate_historical,2Y,https://www.mof.go.jp/english/policy/jgbs/reference/interest_rate/historical/jgbcme_all.csv,ok,2026-06-16 04:59:12.777910
JPY,,2Y,2021-10-12,-0.116,mof_jgb_interest_rate_historical,2Y,https://www.mof.go.jp/english/policy/jgbs/reference/interest_rate/historical/jgbcme_all.csv,ok,2026-06-16 04:59:12.777910
JPY,,2Y,2021-10-13,-0.117,mof_jgb_interest_rate_historical,2Y,https://www.mof.go.jp/english/policy/jgbs/reference/interest_rate/historical/jgbcme_all.csv,ok,2026-06-16 04:59:12.777910
JPY,,2Y,2021-10-14,-0.117,mof_jgb_interest_rate_historical,2Y,https://www.mof.go.jp/english/policy/jgbs/reference/interest_rate/historical/jgbcme_all.csv,ok,2026-06-16 04:59:12.777910
JPY,,2Y,2021-10-15,-0.117,mof_jgb_interest_rate_historical,2Y,https://www.mof.go.jp/english/policy/jgbs/reference/interest_rate/historical/jgbcme_all.csv,ok,2026-06-16 04:59:12.777910
JPY,,2Y,2021-10-18,-0.119,mof_jgb_interest_rate_historical,2Y,https://www.mof.go.jp/english/policy/jgbs/reference/interest_rate/historical/jgbcme_all.csv,ok,2026-06-16 04:59:12.777910
JPY,,2Y,2021-10-19,-0.12,mof_jgb_interest_rate_historical,2Y,https://www.mof.go.jp/english/policy/jgbs/reference/interest_rate/historical/jgbcme_all.csv,ok,2026-06-16 04:59:12.777910
JPY,,2Y,2021-10-20,-0.114,mof_jgb_interest_rate_historical,2Y,https://www.mof.go.jp/english/policy/jgbs/reference/interest_rate/historical/jgbcme_all.csv,ok,2026-06-16 04:59:12.777910
JPY,,2Y,2021-10-21,-0.114,mof_jgb_interest_rate_historical,2Y,https://www.mof.go.jp/english/policy/jgbs/reference/interest_rate/historical/jgbcme_all.csv,ok,2026-06-16 04:59:12.777910
JPY,,2Y,2021-10-22,-0.114,mof_jgb_interest_rate_historical,2Y,https://www.mof.go.jp/english/policy/jgbs/reference/interest_rate/historical/jgbcme_all.csv,ok,2026-06-16 04:59:12.777910
JPY,,2Y,2021-10-25,-0.108,mof_jgb_interest_rate_historical,2Y,https://www.mof.go.jp/english/policy/jgbs/reference/interest_rate/historical/jgbcme_all.csv,ok,2026-06-16 04:59:12.777910
JPY,,2Y,2021-10-26,-0.11,mof_jgb_interest_rate_historical,2Y,https://www.mof.go.jp/english/policy/jgbs/reference/interest_rate/historical/jgbcme_all.csv,ok,2026-06-16 04:59:12.777910
JPY,,2Y,2021-10-27,-0.101,mof_jgb_interest_rate_historical,2Y,https://www.mof.go.jp/english/policy/jgbs/reference/interest_rate/historical/jgbcme_all.csv,ok,2026-06-16 04:59:12.777910
JPY,,2Y,2021-10-28,-0.105,mof_jgb_interest_rate_historical,2Y,https://www.mof.go.jp/english/policy/jgbs/reference/interest_rate/historical/jgbcme_all.csv,ok,2026-06-16 04:59:12.777910
JPY,,2Y,2021-10-29,-0.105,mof_jgb_interest_rate_historical,2Y,https://www.mof.go.jp/english/policy/jgbs/reference/interest_rate/historical/jgbcme_all.csv,ok,2026-06-16 04:59:12.777910
JPY,,2Y,2021-11-01,-0.105,mof_jgb_interest_rate_historical,2Y,https://www.mof.go.jp/english/policy/jgbs/reference/interest_rate/historical/jgbcme_all.csv,ok,2026-06-16 04:59:12.777910
JPY,,2Y,2021-11-02,-0.105,mof_jgb_interest_rate_historical,2Y,https://www.mof.go.jp/english/policy/jgbs/reference/interest_rate/historical/jgbcme_all.csv,ok,2026-06-16 04:59:12.777910
JPY,,2Y,2021-11-04,-0.1,mof_jgb_interest_rate_historical,2Y,https://www.mof.go.jp/english/policy/jgbs/reference/interest_rate/historical/jgbcme_all.csv,ok,2026-06-16 04:59:12.777910
JPY,,2Y,2021-11-05,-0.11,mof_jgb_interest_rate_historical,2Y,https://www.mof.go.jp/english/policy/jgbs/reference/interest_rate/historical/jgbcme_all.csv,ok,2026-06-16 04:59:12.777910
JPY,,2Y,2021-11-08,-0.117,mof_jgb_interest_rate_historical,2Y,https://www.mof.go.jp/english/policy/jgbs/reference/interest_rate/historical/jgbcme_all.csv,ok,2026-06-16 04:59:12.777910
JPY,,2Y,2021-11-09,-0.116,mof_jgb_interest_rate_historical,2Y,https://www.mof.go.jp/english/policy/jgbs/reference/interest_rate/historical/jgbcme_all.csv,ok,2026-06-16 04:59:12.777910
JPY,,2Y,2021-11-10,-0.116,mof_jgb_interest_rate_historical,2Y,https://www.mof.go.jp/english/policy/jgbs/reference/interest_rate/historical/jgbcme_all.csv,ok,2026-06-16 04:59:12.777910
JPY,,2Y,2021-11-11,-0.116,mof_jgb_interest_rate_historical,2Y,https://www.mof.go.jp/english/policy/jgbs/reference/interest_rate/historical/jgbcme_all.csv,ok,2026-06-16 04:59:12.777910
JPY,,2Y,2021-11-12,-0.116,mof_jgb_interest_rate_historical,2Y,https://www.mof.go.jp/english/policy/jgbs/reference/interest_rate/historical/jgbcme_all.csv,ok,2026-06-16 04:59:12.777910
JPY,,2Y,2021-11-15,-0.123,mof_jgb_interest_rate_historical,2Y,https://www.mof.go.jp/english/policy/jgbs/reference/interest_rate/historical/jgbcme_all.csv,ok,2026-06-16 04:59:12.777910
JPY,,2Y,2021-11-16,-0.125,mof_jgb_interest_rate_historical,2Y,https://www.mof.go.jp/english/policy/jgbs/reference/interest_rate/historical/jgbcme_all.csv,ok,2026-06-16 04:59:12.777910
JPY,,2Y,2021-11-17,-0.128,mof_jgb_interest_rate_historical,2Y,https://www.mof.go.jp/english/policy/jgbs/reference/interest_rate/historical/jgbcme_all.csv,ok,2026-06-16 04:59:12.777910
JPY,,2Y,2021-11-18,-0.125,mof_jgb_interest_rate_historical,2Y,https://www.mof.go.jp/english/policy/jgbs/reference/interest_rate/historical/jgbcme_all.csv,ok,2026-06-16 04:59:12.777910
JPY,,2Y,2021-11-19,-0.129,mof_jgb_interest_rate_historical,2Y,https://www.mof.go.jp/english/policy/jgbs/reference/interest_rate/historical/jgbcme_all.csv,ok,2026-06-16 04:59:12.777910
JPY,,2Y,2021-11-22,-0.135,mof_jgb_interest_rate_historical,2Y,https://www.mof.go.jp/english/policy/jgbs/reference/interest_rate/historical/jgbcme_all.csv,ok,2026-06-16 04:59:12.777910
JPY,,2Y,2021-11-24,-0.13,mof_jgb_interest_rate_historical,2Y,https://www.mof.go.jp/english/policy/jgbs/reference/interest_rate/historical/jgbcme_all.csv,ok,2026-06-16 04:59:12.777910
JPY,,2Y,2021-11-25,-0.125,mof_jgb_interest_rate_historical,2Y,https://www.mof.go.jp/english/policy/jgbs/reference/interest_rate/historical/jgbcme_all.csv,ok,2026-06-16 04:59:12.777910
JPY,,2Y,2021-11-26,-0.132,mof_jgb_interest_rate_historical,2Y,https://www.mof.go.jp/english/policy/jgbs/reference/interest_rate/historical/jgbcme_all.csv,ok,2026-06-16 04:59:12.777910
JPY,,2Y,2021-11-29,-0.131,mof_jgb_interest_rate_historical,2Y,https://www.mof.go.jp/english/policy/jgbs/reference/interest_rate/historical/jgbcme_all.csv,ok,2026-06-16 04:59:12.777910
JPY,,2Y,2021-11-30,-0.12,mof_jgb_interest_rate_historical,2Y,https://www.mof.go.jp/english/policy/jgbs/reference/interest_rate/historical/jgbcme_all.csv,ok,2026-06-16 04:59:12.777910
JPY,,2Y,2021-12-01,-0.12,mof_jgb_interest_rate_historical,2Y,https://www.mof.go.jp/english/policy/jgbs/reference/interest_rate/historical/jgbcme_all.csv,ok,2026-06-16 04:59:12.777910
JPY,,2Y,2021-12-02,-0.12,mof_jgb_interest_rate_historical,2Y,https://www.mof.go.jp/english/policy/jgbs/reference/interest_rate/historical/jgbcme_all.csv,ok,2026-06-16 04:59:12.777910
JPY,,2Y,2021-12-03,-0.115,mof_jgb_interest_rate_historical,2Y,https://www.mof.go.jp/english/policy/jgbs/reference/interest_rate/historical/jgbcme_all.csv,ok,2026-06-16 04:59:12.777910
JPY,,2Y,2021-12-06,-0.116,mof_jgb_interest_rate_historical,2Y,https://www.mof.go.jp/english/policy/jgbs/reference/interest_rate/historical/jgbcme_all.csv,ok,2026-06-16 04:59:12.777910
JPY,,2Y,2021-12-07,-0.116,mof_jgb_interest_rate_historical,2Y,https://www.mof.go.jp/english/policy/jgbs/reference/interest_rate/historical/jgbcme_all.csv,ok,2026-06-16 04:59:12.777910
JPY,,2Y,2021-12-08,-0.111,mof_jgb_interest_rate_historical,2Y,https://www.mof.go.jp/english/policy/jgbs/reference/interest_rate/historical/jgbcme_all.csv,ok,2026-06-16 04:59:12.777910
JPY,,2Y,2021-12-09,-0.106,mof_jgb_interest_rate_historical,2Y,https://www.mof.go.jp/english/policy/jgbs/reference/interest_rate/historical/jgbcme_all.csv,ok,2026-06-16 04:59:12.777910
JPY,,2Y,2021-12-10,-0.107,mof_jgb_interest_rate_historical,2Y,https://www.mof.go.jp/english/policy/jgbs/reference/interest_rate/historical/jgbcme_all.csv,ok,2026-06-16 04:59:12.777910
JPY,,2Y,2021-12-13,-0.107,mof_jgb_interest_rate_historical,2Y,https://www.mof.go.jp/english/policy/jgbs/reference/interest_rate/historical/jgbcme_all.csv,ok,2026-06-16 04:59:12.777910
JPY,,2Y,2021-12-14,-0.112,mof_jgb_interest_rate_historical,2Y,https://www.mof.go.jp/english/policy/jgbs/reference/interest_rate/historical/jgbcme_all.csv,ok,2026-06-16 04:59:12.777910
JPY,,2Y,2021-12-15,-0.112,mof_jgb_interest_rate_historical,2Y,https://www.mof.go.jp/english/policy/jgbs/reference/interest_rate/historical/jgbcme_all.csv,ok,2026-06-16 04:59:12.777910
JPY,,2Y,2021-12-16,-0.113,mof_jgb_interest_rate_historical,2Y,https://www.mof.go.jp/english/policy/jgbs/reference/interest_rate/historical/jgbcme_all.csv,ok,2026-06-16 04:59:12.777910
JPY,,2Y,2021-12-17,-0.112,mof_jgb_interest_rate_historical,2Y,https://www.mof.go.jp/english/policy/jgbs/reference/interest_rate/historical/jgbcme_all.csv,ok,2026-06-16 04:59:12.777910
JPY,,2Y,2021-12-20,-0.113,mof_jgb_interest_rate_historical,2Y,https://www.mof.go.jp/english/policy/jgbs/reference/interest_rate/historical/jgbcme_all.csv,ok,2026-06-16 04:59:12.777910
JPY,,2Y,2021-12-21,-0.107,mof_jgb_interest_rate_historical,2Y,https://www.mof.go.jp/english/policy/jgbs/reference/interest_rate/historical/jgbcme_all.csv,ok,2026-06-16 04:59:12.777910
JPY,,2Y,2021-12-22,-0.103,mof_jgb_interest_rate_historical,2Y,https://www.mof.go.jp/english/policy/jgbs/reference/interest_rate/historical/jgbcme_all.csv,ok,2026-06-16 04:59:12.777910
JPY,,2Y,2021-12-23,-0.097,mof_jgb_interest_rate_historical,2Y,https://www.mof.go.jp/english/policy/jgbs/reference/interest_rate/historical/jgbcme_all.csv,ok,2026-06-16 04:59:12.777910
JPY,,2Y,2021-12-24,-0.099,mof_jgb_interest_rate_historical,2Y,https://www.mof.go.jp/english/policy/jgbs/reference/interest_rate/historical/jgbcme_all.csv,ok,2026-06-16 04:59:12.777910
JPY,,2Y,2021-12-27,-0.095,mof_jgb_interest_rate_historical,2Y,https://www.mof.go.jp/english/policy/jgbs/reference/interest_rate/historical/jgbcme_all.csv,ok,2026-06-16 04:59:12.777910
JPY,,2Y,2021-12-28,-0.095,mof_jgb_interest_rate_historical,2Y,https://www.mof.go.jp/english/policy/jgbs/reference/interest_rate/historical/jgbcme_all.csv,ok,2026-06-16 04:59:12.777910
JPY,,2Y,2021-12-29,-0.1,mof_jgb_interest_rate_historical,2Y,https://www.mof.go.jp/english/policy/jgbs/reference/interest_rate/historical/jgbcme_all.csv,ok,2026-06-16 04:59:12.777910
JPY,,2Y,2021-12-30,-0.095,mof_jgb_interest_rate_historical,2Y,https://www.mof.go.jp/english/policy/jgbs/reference/interest_rate/historical/jgbcme_all.csv,ok,2026-06-16 04:59:12.777910
JPY,,2Y,2022-01-04,-0.085,mof_jgb_interest_rate_historical,2Y,https://www.mof.go.jp/english/policy/jgbs/reference/interest_rate/historical/jgbcme_all.csv,ok,2026-06-16 04:59:12.777910
JPY,,2Y,2022-01-05,-0.086,mof_jgb_interest_rate_historical,2Y,https://www.mof.go.jp/english/policy/jgbs/reference/interest_rate/historical/jgbcme_all.csv,ok,2026-06-16 04:59:12.777910
JPY,,2Y,2022-01-06,-0.081,mof_jgb_interest_rate_historical,2Y,https://www.mof.go.jp/english/policy/jgbs/reference/interest_rate/historical/jgbcme_all.csv,ok,2026-06-16 04:59:12.777910
JPY,,2Y,2022-01-07,-0.076,mof_jgb_interest_rate_historical,2Y,https://www.mof.go.jp/english/policy/jgbs/reference/interest_rate/historical/jgbcme_all.csv,ok,2026-06-16 04:59:12.777910
JPY,,2Y,2022-01-11,-0.078,mof_jgb_interest_rate_historical,2Y,https://www.mof.go.jp/english/policy/jgbs/reference/interest_rate/historical/jgbcme_all.csv,ok,2026-06-16 04:59:12.777910
JPY,,2Y,2022-01-12,-0.083,mof_jgb_interest_rate_historical,2Y,https://www.mof.go.jp/english/policy/jgbs/reference/interest_rate/historical/jgbcme_all.csv,ok,2026-06-16 04:59:12.777910
JPY,,2Y,2022-01-13,-0.083,mof_jgb_interest_rate_historical,2Y,https://www.mof.go.jp/english/policy/jgbs/reference/interest_rate/historical/jgbcme_all.csv,ok,2026-06-16 04:59:12.777910
JPY,,2Y,2022-01-14,-0.073,mof_jgb_interest_rate_historical,2Y,https://www.mof.go.jp/english/policy/jgbs/reference/interest_rate/historical/jgbcme_all.csv,ok,2026-06-16 04:59:12.777910
JPY,,2Y,2022-01-17,-0.074,mof_jgb_interest_rate_historical,2Y,https://www.mof.go.jp/english/policy/jgbs/reference/interest_rate/historical/jgbcme_all.csv,ok,2026-06-16 04:59:12.777910
JPY,,2Y,2022-01-18,-0.075,mof_jgb_interest_rate_historical,2Y,https://www.mof.go.jp/english/policy/jgbs/reference/interest_rate/historical/jgbcme_all.csv,ok,2026-06-16 04:59:12.777910
JPY,,2Y,2022-01-19,-0.08,mof_jgb_interest_rate_historical,2Y,https://www.mof.go.jp/english/policy/jgbs/reference/interest_rate/historical/jgbcme_all.csv,ok,2026-06-16 04:59:12.777910
JPY,,2Y,2022-01-20,-0.075,mof_jgb_interest_rate_historical,2Y,https://www.mof.go.jp/english/policy/jgbs/reference/interest_rate/historical/jgbcme_all.csv,ok,2026-06-16 04:59:12.777910
JPY,,2Y,2022-01-21,-0.076,mof_jgb_interest_rate_historical,2Y,https://www.mof.go.jp/english/policy/jgbs/reference/interest_rate/historical/jgbcme_all.csv,ok,2026-06-16 04:59:12.777910
JPY,,2Y,2022-01-24,-0.071,mof_jgb_interest_rate_historical,2Y,https://www.mof.go.jp/english/policy/jgbs/reference/interest_rate/historical/jgbcme_all.csv,ok,2026-06-16 04:59:12.777910
JPY,,2Y,2022-01-25,-0.071,mof_jgb_interest_rate_historical,2Y,https://www.mof.go.jp/english/policy/jgbs/reference/interest_rate/historical/jgbcme_all.csv,ok,2026-06-16 04:59:12.777910
JPY,,2Y,2022-01-26,-0.071,mof_jgb_interest_rate_historical,2Y,https://www.mof.go.jp/english/policy/jgbs/reference/interest_rate/historical/jgbcme_all.csv,ok,2026-06-16 04:59:12.777910
JPY,,2Y,2022-01-27,-0.055,mof_jgb_interest_rate_historical,2Y,https://www.mof.go.jp/english/policy/jgbs/reference/interest_rate/historical/jgbcme_all.csv,ok,2026-06-16 04:59:12.777910
JPY,,2Y,2022-01-28,-0.055,mof_jgb_interest_rate_historical,2Y,https://www.mof.go.jp/english/policy/jgbs/reference/interest_rate/historical/jgbcme_all.csv,ok,2026-06-16 04:59:12.777910
JPY,,2Y,2022-01-31,-0.055,mof_jgb_interest_rate_historical,2Y,https://www.mof.go.jp/english/policy/jgbs/reference/interest_rate/historical/jgbcme_all.csv,ok,2026-06-16 04:59:12.777910
JPY,,2Y,2022-02-01,-0.05,mof_jgb_interest_rate_historical,2Y,https://www.mof.go.jp/english/policy/jgbs/reference/interest_rate/historical/jgbcme_all.csv,ok,2026-06-16 04:59:12.777910
JPY,,2Y,2022-02-02,-0.05,mof_jgb_interest_rate_historical,2Y,https://www.mof.go.jp/english/policy/jgbs/reference/interest_rate/historical/jgbcme_all.csv,ok,2026-06-16 04:59:12.777910
JPY,,2Y,2022-02-03,-0.05,mof_jgb_interest_rate_historical,2Y,https://www.mof.go.jp/english/policy/jgbs/reference/interest_rate/historical/jgbcme_all.csv,ok,2026-06-16 04:59:12.777910
JPY,,2Y,2022-02-04,-0.045,mof_jgb_interest_rate_historical,2Y,https://www.mof.go.jp/english/policy/jgbs/reference/interest_rate/historical/jgbcme_all.csv,ok,2026-06-16 04:59:12.777910
JPY,,2Y,2022-02-07,-0.045,mof_jgb_interest_rate_historical,2Y,https://www.mof.go.jp/english/policy/jgbs/reference/interest_rate/historical/jgbcme_all.csv,ok,2026-06-16 04:59:12.777910
JPY,,2Y,2022-02-08,-0.04,mof_jgb_interest_rate_historical,2Y,https://www.mof.go.jp/english/policy/jgbs/reference/interest_rate/historical/jgbcme_all.csv,ok,2026-06-16 04:59:12.777910
JPY,,2Y,2022-02-09,-0.04,mof_jgb_interest_rate_historical,2Y,https://www.mof.go.jp/english/policy/jgbs/reference/interest_rate/historical/jgbcme_all.csv,ok,2026-06-16 04:59:12.777910
JPY,,2Y,2022-02-10,-0.031,mof_jgb_interest_rate_historical,2Y,https://www.mof.go.jp/english/policy/jgbs/reference/interest_rate/historical/jgbcme_all.csv,ok,2026-06-16 04:59:12.777910
JPY,,2Y,2022-02-14,-0.029,mof_jgb_interest_rate_historical,2Y,https://www.mof.go.jp/english/policy/jgbs/reference/interest_rate/historical/jgbcme_all.csv,ok,2026-06-16 04:59:12.777910
JPY,,2Y,2022-02-15,-0.024,mof_jgb_interest_rate_historical,2Y,https://www.mof.go.jp/english/policy/jgbs/reference/interest_rate/historical/jgbcme_all.csv,ok,2026-06-16 04:59:12.777910
JPY,,2Y,2022-02-16,-0.019,mof_jgb_interest_rate_historical,2Y,https://www.mof.go.jp/english/policy/jgbs/reference/interest_rate/historical/jgbcme_all.csv,ok,2026-06-16 04:59:12.777910
JPY,,2Y,2022-02-17,-0.008,mof_jgb_interest_rate_historical,2Y,https://www.mof.go.jp/english/policy/jgbs/reference/interest_rate/historical/jgbcme_all.csv,ok,2026-06-16 04:59:12.777910
JPY,,2Y,2022-02-18,-0.008,mof_jgb_interest_rate_historical,2Y,https://www.mof.go.jp/english/policy/jgbs/reference/interest_rate/historical/jgbcme_all.csv,ok,2026-06-16 04:59:12.777910
JPY,,2Y,2022-02-21,-0.015,mof_jgb_interest_rate_historical,2Y,https://www.mof.go.jp/english/policy/jgbs/reference/interest_rate/historical/jgbcme_all.csv,ok,2026-06-16 04:59:12.777910
JPY,,2Y,2022-02-22,-0.026,mof_jgb_interest_rate_historical,2Y,https://www.mof.go.jp/english/policy/jgbs/reference/interest_rate/historical/jgbcme_all.csv,ok,2026-06-16 04:59:12.777910
JPY,,2Y,2022-02-24,-0.026,mof_jgb_interest_rate_historical,2Y,https://www.mof.go.jp/english/policy/jgbs/reference/interest_rate/historical/jgbcme_all.csv,ok,2026-06-16 04:59:12.777910
JPY,,2Y,2022-02-25,-0.025,mof_jgb_interest_rate_historical,2Y,https://www.mof.go.jp/english/policy/jgbs/reference/interest_rate/historical/jgbcme_all.csv,ok,2026-06-16 04:59:12.777910
JPY,,2Y,2022-02-28,-0.035,mof_jgb_interest_rate_historical,2Y,https://www.mof.go.jp/english/policy/jgbs/reference/interest_rate/historical/jgbcme_all.csv,ok,2026-06-16 04:59:12.777910
JPY,,2Y,2022-03-01,-0.035,mof_jgb_interest_rate_historical,2Y,https://www.mof.go.jp/english/policy/jgbs/reference/interest_rate/historical/jgbcme_all.csv,ok,2026-06-16 04:59:12.777910
JPY,,2Y,2022-03-02,-0.045,mof_jgb_interest_rate_historical,2Y,https://www.mof.go.jp/english/policy/jgbs/reference/interest_rate/historical/jgbcme_all.csv,ok,2026-06-16 04:59:12.777910
JPY,,2Y,2022-03-03,-0.035,mof_jgb_interest_rate_historical,2Y,https://www.mof.go.jp/english/policy/jgbs/reference/interest_rate/historical/jgbcme_all.csv,ok,2026-06-16 04:59:12.777910
JPY,,2Y,2022-03-04,-0.04,mof_jgb_interest_rate_historical,2Y,https://www.mof.go.jp/english/policy/jgbs/reference/interest_rate/historical/jgbcme_all.csv,ok,2026-06-16 04:59:12.777910
JPY,,2Y,2022-03-07,-0.05,mof_jgb_interest_rate_historical,2Y,https://www.mof.go.jp/english/policy/jgbs/reference/interest_rate/historical/jgbcme_all.csv,ok,2026-06-16 04:59:12.777910
JPY,,2Y,2022-03-08,-0.045,mof_jgb_interest_rate_historical,2Y,https://www.mof.go.jp/english/policy/jgbs/reference/interest_rate/historical/jgbcme_all.csv,ok,2026-06-16 04:59:12.777910
JPY,,2Y,2022-03-09,-0.04,mof_jgb_interest_rate_historical,2Y,https://www.mof.go.jp/english/policy/jgbs/reference/interest_rate/historical/jgbcme_all.csv,ok,2026-06-16 04:59:12.777910
JPY,,2Y,2022-03-10,-0.03,mof_jgb_interest_rate_historical,2Y,https://www.mof.go.jp/english/policy/jgbs/reference/interest_rate/historical/jgbcme_all.csv,ok,2026-06-16 04:59:12.777910
JPY,,2Y,2022-03-11,-0.03,mof_jgb_interest_rate_historical,2Y,https://www.mof.go.jp/english/policy/jgbs/reference/interest_rate/historical/jgbcme_all.csv,ok,2026-06-16 04:59:12.777910
JPY,,2Y,2022-03-14,-0.03,mof_jgb_interest_rate_historical,2Y,https://www.mof.go.jp/english/policy/jgbs/reference/interest_rate/historical/jgbcme_all.csv,ok,2026-06-16 04:59:12.777910
JPY,,2Y,2022-03-15,-0.025,mof_jgb_interest_rate_historical,2Y,https://www.mof.go.jp/english/policy/jgbs/reference/interest_rate/historical/jgbcme_all.csv,ok,2026-06-16 04:59:12.777910
JPY,,2Y,2022-03-16,-0.025,mof_jgb_interest_rate_historical,2Y,https://www.mof.go.jp/english/policy/jgbs/reference/interest_rate/historical/jgbcme_all.csv,ok,2026-06-16 04:59:12.777910
JPY,,2Y,2022-03-17,-0.025,mof_jgb_interest_rate_historical,2Y,https://www.mof.go.jp/english/policy/jgbs/reference/interest_rate/historical/jgbcme_all.csv,ok,2026-06-16 04:59:12.777910
JPY,,2Y,2022-03-18,-0.018,mof_jgb_interest_rate_historical,2Y,https://www.mof.go.jp/english/policy/jgbs/reference/interest_rate/historical/jgbcme_all.csv,ok,2026-06-16 04:59:12.777910
JPY,,2Y,2022-03-22,-0.018,mof_jgb_interest_rate_historical,2Y,https://www.mof.go.jp/english/policy/jgbs/reference/interest_rate/historical/jgbcme_all.csv,ok,2026-06-16 04:59:12.777910
JPY,,2Y,2022-03-23,-0.023,mof_jgb_interest_rate_historical,2Y,https://www.mof.go.jp/english/policy/jgbs/reference/interest_rate/historical/jgbcme_all.csv,ok,2026-06-16 04:59:12.777910
JPY,,2Y,2022-03-24,-0.023,mof_jgb_interest_rate_historical,2Y,https://www.mof.go.jp/english/policy/jgbs/reference/interest_rate/historical/jgbcme_all.csv,ok,2026-06-16 04:59:12.777910
JPY,,2Y,2022-03-25,-0.023,mof_jgb_interest_rate_historical,2Y,https://www.mof.go.jp/english/policy/jgbs/reference/interest_rate/historical/jgbcme_all.csv,ok,2026-06-16 04:59:12.777910
JPY,,2Y,2022-03-28,-0.018,mof_jgb_interest_rate_historical,2Y,https://www.mof.go.jp/english/policy/jgbs/reference/interest_rate/historical/jgbcme_all.csv,ok,2026-06-16 04:59:12.777910
JPY,,2Y,2022-03-29,-0.021,mof_jgb_interest_rate_historical,2Y,https://www.mof.go.jp/english/policy/jgbs/reference/interest_rate/historical/jgbcme_all.csv,ok,2026-06-16 04:59:12.777910
JPY,,2Y,2022-03-30,-0.031,mof_jgb_interest_rate_historical,2Y,https://www.mof.go.jp/english/policy/jgbs/reference/interest_rate/historical/jgbcme_all.csv,ok,2026-06-16 04:59:12.777910
JPY,,2Y,2022-03-31,-0.03,mof_jgb_interest_rate_historical,2Y,https://www.mof.go.jp/english/policy/jgbs/reference/interest_rate/historical/jgbcme_all.csv,ok,2026-06-16 04:59:12.777910
JPY,,2Y,2022-04-01,-0.04,mof_jgb_interest_rate_historical,2Y,https://www.mof.go.jp/english/policy/jgbs/reference/interest_rate/historical/jgbcme_all.csv,ok,2026-06-16 04:59:12.777910
JPY,,2Y,2022-04-04,-0.04,mof_jgb_interest_rate_historical,2Y,https://www.mof.go.jp/english/policy/jgbs/reference/interest_rate/historical/jgbcme_all.csv,ok,2026-06-16 04:59:12.777910
JPY,,2Y,2022-04-05,-0.04,mof_jgb_interest_rate_historical,2Y,https://www.mof.go.jp/english/policy/jgbs/reference/interest_rate/historical/jgbcme_all.csv,ok,2026-06-16 04:59:12.777910
JPY,,2Y,2022-04-06,-0.035,mof_jgb_interest_rate_historical,2Y,https://www.mof.go.jp/english/policy/jgbs/reference/interest_rate/historical/jgbcme_all.csv,ok,2026-06-16 04:59:12.777910
JPY,,2Y,2022-04-07,-0.04,mof_jgb_interest_rate_historical,2Y,https://www.mof.go.jp/english/policy/jgbs/reference/interest_rate/historical/jgbcme_all.csv,ok,2026-06-16 04:59:12.777910
JPY,,2Y,2022-04-08,-0.08,mof_jgb_interest_rate_historical,2Y,https://www.mof.go.jp/english/policy/jgbs/reference/interest_rate/historical/jgbcme_all.csv,ok,2026-06-16 04:59:12.777910
JPY,,2Y,2022-04-11,-0.086,mof_jgb_interest_rate_historical,2Y,https://www.mof.go.jp/english/policy/jgbs/reference/interest_rate/historical/jgbcme_all.csv,ok,2026-06-16 04:59:12.777910
JPY,,2Y,2022-04-12,-0.08,mof_jgb_interest_rate_historical,2Y,https://www.mof.go.jp/english/policy/jgbs/reference/interest_rate/historical/jgbcme_all.csv,ok,2026-06-16 04:59:12.777910
JPY,,2Y,2022-04-13,-0.065,mof_jgb_interest_rate_historical,2Y,https://www.mof.go.jp/english/policy/jgbs/reference/interest_rate/historical/jgbcme_all.csv,ok,2026-06-16 04:59:12.777910
JPY,,2Y,2022-04-14,-0.061,mof_jgb_interest_rate_historical,2Y,https://www.mof.go.jp/english/policy/jgbs/reference/interest_rate/historical/jgbcme_all.csv,ok,2026-06-16 04:59:12.777910
JPY,,2Y,2022-04-15,-0.061,mof_jgb_interest_rate_historical,2Y,https://www.mof.go.jp/english/policy/jgbs/reference/interest_rate/historical/jgbcme_all.csv,ok,2026-06-16 04:59:12.777910
JPY,,2Y,2022-04-18,-0.056,mof_jgb_interest_rate_historical,2Y,https://www.mof.go.jp/english/policy/jgbs/reference/interest_rate/historical/jgbcme_all.csv,ok,2026-06-16 04:59:12.777910
JPY,,2Y,2022-04-19,-0.046,mof_jgb_interest_rate_historical,2Y,https://www.mof.go.jp/english/policy/jgbs/reference/interest_rate/historical/jgbcme_all.csv,ok,2026-06-16 04:59:12.777910
JPY,,2Y,2022-04-20,-0.046,mof_jgb_interest_rate_historical,2Y,https://www.mof.go.jp/english/policy/jgbs/reference/interest_rate/historical/jgbcme_all.csv,ok,2026-06-16 04:59:12.777910
JPY,,2Y,2022-04-21,-0.049,mof_jgb_interest_rate_historical,2Y,https://www.mof.go.jp/english/policy/jgbs/reference/interest_rate/historical/jgbcme_all.csv,ok,2026-06-16 04:59:12.777910
JPY,,2Y,2022-04-22,-0.057,mof_jgb_interest_rate_historical,2Y,https://www.mof.go.jp/english/policy/jgbs/reference/interest_rate/historical/jgbcme_all.csv,ok,2026-06-16 04:59:12.777910
JPY,,2Y,2022-04-25,-0.052,mof_jgb_interest_rate_historical,2Y,https://www.mof.go.jp/english/policy/jgbs/reference/interest_rate/historical/jgbcme_all.csv,ok,2026-06-16 04:59:12.777910
JPY,,2Y,2022-04-26,-0.057,mof_jgb_interest_rate_historical,2Y,https://www.mof.go.jp/english/policy/jgbs/reference/interest_rate/historical/jgbcme_all.csv,ok,2026-06-16 04:59:12.777910
JPY,,2Y,2022-04-27,-0.056,mof_jgb_interest_rate_historical,2Y,https://www.mof.go.jp/english/policy/jgbs/reference/interest_rate/historical/jgbcme_all.csv,ok,2026-06-16 04:59:12.777910
JPY,,2Y,2022-04-28,-0.06,mof_jgb_interest_rate_historical,2Y,https://www.mof.go.jp/english/policy/jgbs/reference/interest_rate/historical/jgbcme_all.csv,ok,2026-06-16 04:59:12.777910
JPY,,2Y,2022-05-02,-0.05,mof_jgb_interest_rate_historical,2Y,https://www.mof.go.jp/english/policy/jgbs/reference/interest_rate/historical/jgbcme_all.csv,ok,2026-06-16 04:59:12.777910
JPY,,2Y,2022-05-06,-0.045,mof_jgb_interest_rate_historical,2Y,https://www.mof.go.jp/english/policy/jgbs/reference/interest_rate/historical/jgbcme_all.csv,ok,2026-06-16 04:59:12.777910
JPY,,2Y,2022-05-09,-0.046,mof_jgb_interest_rate_historical,2Y,https://www.mof.go.jp/english/policy/jgbs/reference/interest_rate/historical/jgbcme_all.csv,ok,2026-06-16 04:59:12.777910
JPY,,2Y,2022-05-10,-0.046,mof_jgb_interest_rate_historical,2Y,https://www.mof.go.jp/english/policy/jgbs/reference/interest_rate/historical/jgbcme_all.csv,ok,2026-06-16 04:59:12.777910
JPY,,2Y,2022-05-11,-0.046,mof_jgb_interest_rate_historical,2Y,https://www.mof.go.jp/english/policy/jgbs/reference/interest_rate/historical/jgbcme_all.csv,ok,2026-06-16 04:59:12.777910
JPY,,2Y,2022-05-12,-0.051,mof_jgb_interest_rate_historical,2Y,https://www.mof.go.jp/english/policy/jgbs/reference/interest_rate/historical/jgbcme_all.csv,ok,2026-06-16 04:59:12.777910
JPY,,2Y,2022-05-13,-0.057,mof_jgb_interest_rate_historical,2Y,https://www.mof.go.jp/english/policy/jgbs/reference/interest_rate/historical/jgbcme_all.csv,ok,2026-06-16 04:59:12.777910
JPY,,2Y,2022-05-16,-0.056,mof_jgb_interest_rate_historical,2Y,https://www.mof.go.jp/english/policy/jgbs/reference/interest_rate/historical/jgbcme_all.csv,ok,2026-06-16 04:59:12.777910
JPY,,2Y,2022-05-17,-0.056,mof_jgb_interest_rate_historical,2Y,https://www.mof.go.jp/english/policy/jgbs/reference/interest_rate/historical/jgbcme_all.csv,ok,2026-06-16 04:59:12.777910
JPY,,2Y,2022-05-18,-0.056,mof_jgb_interest_rate_historical,2Y,https://www.mof.go.jp/english/policy/jgbs/reference/interest_rate/historical/jgbcme_all.csv,ok,2026-06-16 04:59:12.777910
JPY,,2Y,2022-05-19,-0.056,mof_jgb_interest_rate_historical,2Y,https://www.mof.go.jp/english/policy/jgbs/reference/interest_rate/historical/jgbcme_all.csv,ok,2026-06-16 04:59:12.777910
JPY,,2Y,2022-05-20,-0.056,mof_jgb_interest_rate_historical,2Y,https://www.mof.go.jp/english/policy/jgbs/reference/interest_rate/historical/jgbcme_all.csv,ok,2026-06-16 04:59:12.777910
JPY,,2Y,2022-05-23,-0.062,mof_jgb_interest_rate_historical,2Y,https://www.mof.go.jp/english/policy/jgbs/reference/interest_rate/historical/jgbcme_all.csv,ok,2026-06-16 04:59:12.777910
JPY,,2Y,2022-05-24,-0.067,mof_jgb_interest_rate_historical,2Y,https://www.mof.go.jp/english/policy/jgbs/reference/interest_rate/historical/jgbcme_all.csv,ok,2026-06-16 04:59:12.777910
JPY,,2Y,2022-05-25,-0.075,mof_jgb_interest_rate_historical,2Y,https://www.mof.go.jp/english/policy/jgbs/reference/interest_rate/historical/jgbcme_all.csv,ok,2026-06-16 04:59:12.777910
JPY,,2Y,2022-05-26,-0.062,mof_jgb_interest_rate_historical,2Y,https://www.mof.go.jp/english/policy/jgbs/reference/interest_rate/historical/jgbcme_all.csv,ok,2026-06-16 04:59:12.777910
JPY,,2Y,2022-05-27,-0.067,mof_jgb_interest_rate_historical,2Y,https://www.mof.go.jp/english/policy/jgbs/reference/interest_rate/historical/jgbcme_all.csv,ok,2026-06-16 04:59:12.777910
JPY,,2Y,2022-05-30,-0.068,mof_jgb_interest_rate_historical,2Y,https://www.mof.go.jp/english/policy/jgbs/reference/interest_rate/historical/jgbcme_all.csv,ok,2026-06-16 04:59:12.777910
JPY,,2Y,2022-05-31,-0.07,mof_jgb_interest_rate_historical,2Y,https://www.mof.go.jp/english/policy/jgbs/reference/interest_rate/historical/jgbcme_all.csv,ok,2026-06-16 04:59:12.777910
JPY,,2Y,2022-06-01,-0.075,mof_jgb_interest_rate_historical,2Y,https://www.mof.go.jp/english/policy/jgbs/reference/interest_rate/historical/jgbcme_all.csv,ok,2026-06-16 04:59:12.777910
JPY,,2Y,2022-06-02,-0.07,mof_jgb_interest_rate_historical,2Y,https://www.mof.go.jp/english/policy/jgbs/reference/interest_rate/historical/jgbcme_all.csv,ok,2026-06-16 04:59:12.777910
JPY,,2Y,2022-06-03,-0.07,mof_jgb_interest_rate_historical,2Y,https://www.mof.go.jp/english/policy/jgbs/reference/interest_rate/historical/jgbcme_all.csv,ok,2026-06-16 04:59:12.777910
JPY,,2Y,2022-06-06,-0.065,mof_jgb_interest_rate_historical,2Y,https://www.mof.go.jp/english/policy/jgbs/reference/interest_rate/historical/jgbcme_all.csv,ok,2026-06-16 04:59:12.777910
JPY,,2Y,2022-06-07,-0.07,mof_jgb_interest_rate_historical,2Y,https://www.mof.go.jp/english/policy/jgbs/reference/interest_rate/historical/jgbcme_all.csv,ok,2026-06-16 04:59:12.777910
JPY,,2Y,2022-06-08,-0.07,mof_jgb_interest_rate_historical,2Y,https://www.mof.go.jp/english/policy/jgbs/reference/interest_rate/historical/jgbcme_all.csv,ok,2026-06-16 04:59:12.777910
JPY,,2Y,2022-06-09,-0.075,mof_jgb_interest_rate_historical,2Y,https://www.mof.go.jp/english/policy/jgbs/reference/interest_rate/historical/jgbcme_all.csv,ok,2026-06-16 04:59:12.777910
JPY,,2Y,2022-06-10,-0.081,mof_jgb_interest_rate_historical,2Y,https://www.mof.go.jp/english/policy/jgbs/reference/interest_rate/historical/jgbcme_all.csv,ok,2026-06-16 04:59:12.777910
JPY,,2Y,2022-06-13,-0.051,mof_jgb_interest_rate_historical,2Y,https://www.mof.go.jp/english/policy/jgbs/reference/interest_rate/historical/jgbcme_all.csv,ok,2026-06-16 04:59:12.777910
JPY,,2Y,2022-06-14,-0.05,mof_jgb_interest_rate_historical,2Y,https://www.mof.go.jp/english/policy/jgbs/reference/interest_rate/historical/jgbcme_all.csv,ok,2026-06-16 04:59:12.777910
JPY,,2Y,2022-06-15,-0.06,mof_jgb_interest_rate_historical,2Y,https://www.mof.go.jp/english/policy/jgbs/reference/interest_rate/historical/jgbcme_all.csv,ok,2026-06-16 04:59:12.777910
JPY,,2Y,2022-06-16,-0.084,mof_jgb_interest_rate_historical,2Y,https://www.mof.go.jp/english/policy/jgbs/reference/interest_rate/historical/jgbcme_all.csv,ok,2026-06-16 04:59:12.777910
JPY,,2Y,2022-06-17,-0.071,mof_jgb_interest_rate_historical,2Y,https://www.mof.go.jp/english/policy/jgbs/reference/interest_rate/historical/jgbcme_all.csv,ok,2026-06-16 04:59:12.777910
JPY,,2Y,2022-06-20,-0.059,mof_jgb_interest_rate_historical,2Y,https://www.mof.go.jp/english/policy/jgbs/reference/interest_rate/historical/jgbcme_all.csv,ok,2026-06-16 04:59:12.777910
JPY,,2Y,2022-06-21,-0.066,mof_jgb_interest_rate_historical,2Y,https://www.mof.go.jp/english/policy/jgbs/reference/interest_rate/historical/jgbcme_all.csv,ok,2026-06-16 04:59:12.777910
JPY,,2Y,2022-06-22,-0.079,mof_jgb_interest_rate_historical,2Y,https://www.mof.go.jp/english/policy/jgbs/reference/interest_rate/historical/jgbcme_all.csv,ok,2026-06-16 04:59:12.777910
JPY,,2Y,2022-06-23,-0.085,mof_jgb_interest_rate_historical,2Y,https://www.mof.go.jp/english/policy/jgbs/reference/interest_rate/historical/jgbcme_all.csv,ok,2026-06-16 04:59:12.777910
JPY,,2Y,2022-06-24,-0.079,mof_jgb_interest_rate_historical,2Y,https://www.mof.go.jp/english/policy/jgbs/reference/interest_rate/historical/jgbcme_all.csv,ok,2026-06-16 04:59:12.777910
JPY,,2Y,2022-06-27,-0.066,mof_jgb_interest_rate_historical,2Y,https://www.mof.go.jp/english/policy/jgbs/reference/interest_rate/historical/jgbcme_all.csv,ok,2026-06-16 04:59:12.777910
JPY,,2Y,2022-06-28,-0.045,mof_jgb_interest_rate_historical,2Y,https://www.mof.go.jp/english/policy/jgbs/reference/interest_rate/historical/jgbcme_all.csv,ok,2026-06-16 04:59:12.777910
JPY,,2Y,2022-06-29,-0.05,mof_jgb_interest_rate_historical,2Y,https://www.mof.go.jp/english/policy/jgbs/reference/interest_rate/historical/jgbcme_all.csv,ok,2026-06-16 04:59:12.777910
JPY,,2Y,2022-06-30,-0.065,mof_jgb_interest_rate_historical,2Y,https://www.mof.go.jp/english/policy/jgbs/reference/interest_rate/historical/jgbcme_all.csv,ok,2026-06-16 04:59:12.777910
JPY,,2Y,2022-07-01,-0.07,mof_jgb_interest_rate_historical,2Y,https://www.mof.go.jp/english/policy/jgbs/reference/interest_rate/historical/jgbcme_all.csv,ok,2026-06-16 04:59:12.777910
JPY,,2Y,2022-07-04,-0.065,mof_jgb_interest_rate_historical,2Y,https://www.mof.go.jp/english/policy/jgbs/reference/interest_rate/historical/jgbcme_all.csv,ok,2026-06-16 04:59:12.777910
JPY,,2Y,2022-07-05,-0.06,mof_jgb_interest_rate_historical,2Y,https://www.mof.go.jp/english/policy/jgbs/reference/interest_rate/historical/jgbcme_all.csv,ok,2026-06-16 04:59:12.777910
JPY,,2Y,2022-07-06,-0.065,mof_jgb_interest_rate_historical,2Y,https://www.mof.go.jp/english/policy/jgbs/reference/interest_rate/historical/jgbcme_all.csv,ok,2026-06-16 04:59:12.777910
JPY,,2Y,2022-07-07,-0.071,mof_jgb_interest_rate_historical,2Y,https://www.mof.go.jp/english/policy/jgbs/reference/interest_rate/historical/jgbcme_all.csv,ok,2026-06-16 04:59:12.777910
JPY,,2Y,2022-07-08,-0.07,mof_jgb_interest_rate_historical,2Y,https://www.mof.go.jp/english/policy/jgbs/reference/interest_rate/historical/jgbcme_all.csv,ok,2026-06-16 04:59:12.777910
JPY,,2Y,2022-07-11,-0.07,mof_jgb_interest_rate_historical,2Y,https://www.mof.go.jp/english/policy/jgbs/reference/interest_rate/historical/jgbcme_all.csv,ok,2026-06-16 04:59:12.777910
JPY,,2Y,2022-07-12,-0.07,mof_jgb_interest_rate_historical,2Y,https://www.mof.go.jp/english/policy/jgbs/reference/interest_rate/historical/jgbcme_all.csv,ok,2026-06-16 04:59:12.777910
JPY,,2Y,2022-07-13,-0.076,mof_jgb_interest_rate_historical,2Y,https://www.mof.go.jp/english/policy/jgbs/reference/interest_rate/historical/jgbcme_all.csv,ok,2026-06-16 04:59:12.777910
JPY,,2Y,2022-07-14,-0.06,mof_jgb_interest_rate_historical,2Y,https://www.mof.go.jp/english/policy/jgbs/reference/interest_rate/historical/jgbcme_all.csv,ok,2026-06-16 04:59:12.777910
JPY,,2Y,2022-07-15,-0.061,mof_jgb_interest_rate_historical,2Y,https://www.mof.go.jp/english/policy/jgbs/reference/interest_rate/historical/jgbcme_all.csv,ok,2026-06-16 04:59:12.777910
JPY,,2Y,2022-07-19,-0.077,mof_jgb_interest_rate_historical,2Y,https://www.mof.go.jp/english/policy/jgbs/reference/interest_rate/historical/jgbcme_all.csv,ok,2026-06-16 04:59:12.777910
JPY,,2Y,2022-07-20,-0.077,mof_jgb_interest_rate_historical,2Y,https://www.mof.go.jp/english/policy/jgbs/reference/interest_rate/historical/jgbcme_all.csv,ok,2026-06-16 04:59:12.777910
JPY,,2Y,2022-07-21,-0.075,mof_jgb_interest_rate_historical,2Y,https://www.mof.go.jp/english/policy/jgbs/reference/interest_rate/historical/jgbcme_all.csv,ok,2026-06-16 04:59:12.777910
JPY,,2Y,2022-07-22,-0.077,mof_jgb_interest_rate_historical,2Y,https://www.mof.go.jp/english/policy/jgbs/reference/interest_rate/historical/jgbcme_all.csv,ok,2026-06-16 04:59:12.777910
JPY,,2Y,2022-07-25,-0.075,mof_jgb_interest_rate_historical,2Y,https://www.mof.go.jp/english/policy/jgbs/reference/interest_rate/historical/jgbcme_all.csv,ok,2026-06-16 04:59:12.777910
JPY,,2Y,2022-07-26,-0.077,mof_jgb_interest_rate_historical,2Y,https://www.mof.go.jp/english/policy/jgbs/reference/interest_rate/historical/jgbcme_all.csv,ok,2026-06-16 04:59:12.777910
JPY,,2Y,2022-07-27,-0.078,mof_jgb_interest_rate_historical,2Y,https://www.mof.go.jp/english/policy/jgbs/reference/interest_rate/historical/jgbcme_all.csv,ok,2026-06-16 04:59:12.777910
JPY,,2Y,2022-07-28,-0.076,mof_jgb_interest_rate_historical,2Y,https://www.mof.go.jp/english/policy/jgbs/reference/interest_rate/historical/jgbcme_all.csv,ok,2026-06-16 04:59:12.777910
JPY,,2Y,2022-07-29,-0.09,mof_jgb_interest_rate_historical,2Y,https://www.mof.go.jp/english/policy/jgbs/reference/interest_rate/historical/jgbcme_all.csv,ok,2026-06-16 04:59:12.777910
JPY,,2Y,2022-08-01,-0.09,mof_jgb_interest_rate_historical,2Y,https://www.mof.go.jp/english/policy/jgbs/reference/interest_rate/historical/jgbcme_all.csv,ok,2026-06-16 04:59:12.777910
JPY,,2Y,2022-08-02,-0.09,mof_jgb_interest_rate_historical,2Y,https://www.mof.go.jp/english/policy/jgbs/reference/interest_rate/historical/jgbcme_all.csv,ok,2026-06-16 04:59:12.777910
JPY,,2Y,2022-08-03,-0.085,mof_jgb_interest_rate_historical,2Y,https://www.mof.go.jp/english/policy/jgbs/reference/interest_rate/historical/jgbcme_all.csv,ok,2026-06-16 04:59:12.777910
JPY,,2Y,2022-08-04,-0.095,mof_jgb_interest_rate_historical,2Y,https://www.mof.go.jp/english/policy/jgbs/reference/interest_rate/historical/jgbcme_all.csv,ok,2026-06-16 04:59:12.777910
JPY,,2Y,2022-08-05,-0.1,mof_jgb_interest_rate_historical,2Y,https://www.mof.go.jp/english/policy/jgbs/reference/interest_rate/historical/jgbcme_all.csv,ok,2026-06-16 04:59:12.777910
JPY,,2Y,2022-08-08,-0.101,mof_jgb_interest_rate_historical,2Y,https://www.mof.go.jp/english/policy/jgbs/reference/interest_rate/historical/jgbcme_all.csv,ok,2026-06-16 04:59:12.777910
JPY,,2Y,2022-08-09,-0.101,mof_jgb_interest_rate_historical,2Y,https://www.mof.go.jp/english/policy/jgbs/reference/interest_rate/historical/jgbcme_all.csv,ok,2026-06-16 04:59:12.777910
JPY,,2Y,2022-08-10,-0.09,mof_jgb_interest_rate_historical,2Y,https://www.mof.go.jp/english/policy/jgbs/reference/interest_rate/historical/jgbcme_all.csv,ok,2026-06-16 04:59:12.777910
JPY,,2Y,2022-08-12,-0.086,mof_jgb_interest_rate_historical,2Y,https://www.mof.go.jp/english/policy/jgbs/reference/interest_rate/historical/jgbcme_all.csv,ok,2026-06-16 04:59:12.777910
JPY,,2Y,2022-08-15,-0.085,mof_jgb_interest_rate_historical,2Y,https://www.mof.go.jp/english/policy/jgbs/reference/interest_rate/historical/jgbcme_all.csv,ok,2026-06-16 04:59:12.777910
JPY,,2Y,2022-08-16,-0.09,mof_jgb_interest_rate_historical,2Y,https://www.mof.go.jp/english/policy/jgbs/reference/interest_rate/historical/jgbcme_all.csv,ok,2026-06-16 04:59:12.777910
JPY,,2Y,2022-08-17,-0.09,mof_jgb_interest_rate_historical,2Y,https://www.mof.go.jp/english/policy/jgbs/reference/interest_rate/historical/jgbcme_all.csv,ok,2026-06-16 04:59:12.777910
JPY,,2Y,2022-08-18,-0.086,mof_jgb_interest_rate_historical,2Y,https://www.mof.go.jp/english/policy/jgbs/reference/interest_rate/historical/jgbcme_all.csv,ok,2026-06-16 04:59:12.777910
JPY,,2Y,2022-08-19,-0.086,mof_jgb_interest_rate_historical,2Y,https://www.mof.go.jp/english/policy/jgbs/reference/interest_rate/historical/jgbcme_all.csv,ok,2026-06-16 04:59:12.777910
JPY,,2Y,2022-08-22,-0.081,mof_jgb_interest_rate_historical,2Y,https://www.mof.go.jp/english/policy/jgbs/reference/interest_rate/historical/jgbcme_all.csv,ok,2026-06-16 04:59:12.777910
JPY,,2Y,2022-08-23,-0.086,mof_jgb_interest_rate_historical,2Y,https://www.mof.go.jp/english/policy/jgbs/reference/interest_rate/historical/jgbcme_all.csv,ok,2026-06-16 04:59:12.777910
JPY,,2Y,2022-08-24,-0.086,mof_jgb_interest_rate_historical,2Y,https://www.mof.go.jp/english/policy/jgbs/reference/interest_rate/historical/jgbcme_all.csv,ok,2026-06-16 04:59:12.777910
JPY,,2Y,2022-08-25,-0.087,mof_jgb_interest_rate_historical,2Y,https://www.mof.go.jp/english/policy/jgbs/reference/interest_rate/historical/jgbcme_all.csv,ok,2026-06-16 04:59:12.777910
JPY,,2Y,2022-08-26,-0.087,mof_jgb_interest_rate_historical,2Y,https://www.mof.go.jp/english/policy/jgbs/reference/interest_rate/historical/jgbcme_all.csv,ok,2026-06-16 04:59:12.777910
JPY,,2Y,2022-08-29,-0.079,mof_jgb_interest_rate_historical,2Y,https://www.mof.go.jp/english/policy/jgbs/reference/interest_rate/historical/jgbcme_all.csv,ok,2026-06-16 04:59:12.777910
JPY,,2Y,2022-08-30,-0.09,mof_jgb_interest_rate_historical,2Y,https://www.mof.go.jp/english/policy/jgbs/reference/interest_rate/historical/jgbcme_all.csv,ok,2026-06-16 04:59:12.777910
JPY,,2Y,2022-08-31,-0.085,mof_jgb_interest_rate_historical,2Y,https://www.mof.go.jp/english/policy/jgbs/reference/interest_rate/historical/jgbcme_all.csv,ok,2026-06-16 04:59:12.777910
JPY,,2Y,2022-09-01,-0.08,mof_jgb_interest_rate_historical,2Y,https://www.mof.go.jp/english/policy/jgbs/reference/interest_rate/historical/jgbcme_all.csv,ok,2026-06-16 04:59:12.777910
JPY,,2Y,2022-09-02,-0.085,mof_jgb_interest_rate_historical,2Y,https://www.mof.go.jp/english/policy/jgbs/reference/interest_rate/historical/jgbcme_all.csv,ok,2026-06-16 04:59:12.777910
JPY,,2Y,2022-09-05,-0.085,mof_jgb_interest_rate_historical,2Y,https://www.mof.go.jp/english/policy/jgbs/reference/interest_rate/historical/jgbcme_all.csv,ok,2026-06-16 04:59:12.777910
JPY,,2Y,2022-09-06,-0.081,mof_jgb_interest_rate_historical,2Y,https://www.mof.go.jp/english/policy/jgbs/reference/interest_rate/historical/jgbcme_all.csv,ok,2026-06-16 04:59:12.777910
JPY,,2Y,2022-09-07,-0.081,mof_jgb_interest_rate_historical,2Y,https://www.mof.go.jp/english/policy/jgbs/reference/interest_rate/historical/jgbcme_all.csv,ok,2026-06-16 04:59:12.777910
JPY,,2Y,2022-09-08,-0.081,mof_jgb_interest_rate_historical,2Y,https://www.mof.go.jp/english/policy/jgbs/reference/interest_rate/historical/jgbcme_all.csv,ok,2026-06-16 04:59:12.777910
JPY,,2Y,2022-09-09,-0.081,mof_jgb_interest_rate_historical,2Y,https://www.mof.go.jp/english/policy/jgbs/reference/interest_rate/historical/jgbcme_all.csv,ok,2026-06-16 04:59:12.777910
JPY,,2Y,2022-09-12,-0.076,mof_jgb_interest_rate_historical,2Y,https://www.mof.go.jp/english/policy/jgbs/reference/interest_rate/historical/jgbcme_all.csv,ok,2026-06-16 04:59:12.777910
JPY,,2Y,2022-09-13,-0.076,mof_jgb_interest_rate_historical,2Y,https://www.mof.go.jp/english/policy/jgbs/reference/interest_rate/historical/jgbcme_all.csv,ok,2026-06-16 04:59:12.777910
JPY,,2Y,2022-09-14,-0.076,mof_jgb_interest_rate_historical,2Y,https://www.mof.go.jp/english/policy/jgbs/reference/interest_rate/historical/jgbcme_all.csv,ok,2026-06-16 04:59:12.777910
JPY,,2Y,2022-09-15,-0.076,mof_jgb_interest_rate_historical,2Y,https://www.mof.go.jp/english/policy/jgbs/reference/interest_rate/historical/jgbcme_all.csv,ok,2026-06-16 04:59:12.777910
JPY,,2Y,2022-09-16,-0.071,mof_jgb_interest_rate_historical,2Y,https://www.mof.go.jp/english/policy/jgbs/reference/interest_rate/historical/jgbcme_all.csv,ok,2026-06-16 04:59:12.777910
JPY,,2Y,2022-09-20,-0.07,mof_jgb_interest_rate_historical,2Y,https://www.mof.go.jp/english/policy/jgbs/reference/interest_rate/historical/jgbcme_all.csv,ok,2026-06-16 04:59:12.777910
JPY,,2Y,2022-09-21,-0.055,mof_jgb_interest_rate_historical,2Y,https://www.mof.go.jp/english/policy/jgbs/reference/interest_rate/historical/jgbcme_all.csv,ok,2026-06-16 04:59:12.777910
JPY,,2Y,2022-09-22,-0.066,mof_jgb_interest_rate_historical,2Y,https://www.mof.go.jp/english/policy/jgbs/reference/interest_rate/historical/jgbcme_all.csv,ok,2026-06-16 04:59:12.777910
JPY,,2Y,2022-09-26,-0.056,mof_jgb_interest_rate_historical,2Y,https://www.mof.go.jp/english/policy/jgbs/reference/interest_rate/historical/jgbcme_all.csv,ok,2026-06-16 04:59:12.777910
JPY,,2Y,2022-09-27,-0.045,mof_jgb_interest_rate_historical,2Y,https://www.mof.go.jp/english/policy/jgbs/reference/interest_rate/historical/jgbcme_all.csv,ok,2026-06-16 04:59:12.777910
JPY,,2Y,2022-09-28,-0.04,mof_jgb_interest_rate_historical,2Y,https://www.mof.go.jp/english/policy/jgbs/reference/interest_rate/historical/jgbcme_all.csv,ok,2026-06-16 04:59:12.777910
JPY,,2Y,2022-09-29,-0.05,mof_jgb_interest_rate_historical,2Y,https://www.mof.go.jp/english/policy/jgbs/reference/interest_rate/historical/jgbcme_all.csv,ok,2026-06-16 04:59:12.777910
JPY,,2Y,2022-09-30,-0.05,mof_jgb_interest_rate_historical,2Y,https://www.mof.go.jp/english/policy/jgbs/reference/interest_rate/historical/jgbcme_all.csv,ok,2026-06-16 04:59:12.777910
JPY,,2Y,2022-10-03,-0.055,mof_jgb_interest_rate_historical,2Y,https://www.mof.go.jp/english/policy/jgbs/reference/interest_rate/historical/jgbcme_all.csv,ok,2026-06-16 04:59:12.777910
JPY,,2Y,2022-10-04,-0.06,mof_jgb_interest_rate_historical,2Y,https://www.mof.go.jp/english/policy/jgbs/reference/interest_rate/historical/jgbcme_all.csv,ok,2026-06-16 04:59:12.777910
JPY,,2Y,2022-10-05,-0.065,mof_jgb_interest_rate_historical,2Y,https://www.mof.go.jp/english/policy/jgbs/reference/interest_rate/historical/jgbcme_all.csv,ok,2026-06-16 04:59:12.777910
JPY,,2Y,2022-10-06,-0.07,mof_jgb_interest_rate_historical,2Y,https://www.mof.go.jp/english/policy/jgbs/reference/interest_rate/historical/jgbcme_all.csv,ok,2026-06-16 04:59:12.777910
JPY,,2Y,2022-10-07,-0.065,mof_jgb_interest_rate_historical,2Y,https://www.mof.go.jp/english/policy/jgbs/reference/interest_rate/historical/jgbcme_all.csv,ok,2026-06-16 04:59:12.777910
JPY,,2Y,2022-10-11,-0.054,mof_jgb_interest_rate_historical,2Y,https://www.mof.go.jp/english/policy/jgbs/reference/interest_rate/historical/jgbcme_all.csv,ok,2026-06-16 04:59:12.777910
JPY,,2Y,2022-10-12,-0.054,mof_jgb_interest_rate_historical,2Y,https://www.mof.go.jp/english/policy/jgbs/reference/interest_rate/historical/jgbcme_all.csv,ok,2026-06-16 04:59:12.777910
JPY,,2Y,2022-10-13,-0.05,mof_jgb_interest_rate_historical,2Y,https://www.mof.go.jp/english/policy/jgbs/reference/interest_rate/historical/jgbcme_all.csv,ok,2026-06-16 04:59:12.777910
JPY,,2Y,2022-10-14,-0.05,mof_jgb_interest_rate_historical,2Y,https://www.mof.go.jp/english/policy/jgbs/reference/interest_rate/historical/jgbcme_all.csv,ok,2026-06-16 04:59:12.777910
JPY,,2Y,2022-10-17,-0.05,mof_jgb_interest_rate_historical,2Y,https://www.mof.go.jp/english/policy/jgbs/reference/interest_rate/historical/jgbcme_all.csv,ok,2026-06-16 04:59:12.777910
JPY,,2Y,2022-10-18,-0.05,mof_jgb_interest_rate_historical,2Y,https://www.mof.go.jp/english/policy/jgbs/reference/interest_rate/historical/jgbcme_all.csv,ok,2026-06-16 04:59:12.777910
JPY,,2Y,2022-10-19,-0.034,mof_jgb_interest_rate_historical,2Y,https://www.mof.go.jp/english/policy/jgbs/reference/interest_rate/historical/jgbcme_all.csv,ok,2026-06-16 04:59:12.777910
JPY,,2Y,2022-10-20,-0.021,mof_jgb_interest_rate_historical,2Y,https://www.mof.go.jp/english/policy/jgbs/reference/interest_rate/historical/jgbcme_all.csv,ok,2026-06-16 04:59:12.777910
JPY,,2Y,2022-10-21,-0.003,mof_jgb_interest_rate_historical,2Y,https://www.mof.go.jp/english/policy/jgbs/reference/interest_rate/historical/jgbcme_all.csv,ok,2026-06-16 04:59:12.777910
JPY,,2Y,2022-10-24,0.001,mof_jgb_interest_rate_historical,2Y,https://www.mof.go.jp/english/policy/jgbs/reference/interest_rate/historical/jgbcme_all.csv,ok,2026-06-16 04:59:12.777910
JPY,,2Y,2022-10-25,-0.008,mof_jgb_interest_rate_historical,2Y,https://www.mof.go.jp/english/policy/jgbs/reference/interest_rate/historical/jgbcme_all.csv,ok,2026-06-16 04:59:12.777910
JPY,,2Y,2022-10-26,-0.019,mof_jgb_interest_rate_historical,2Y,https://www.mof.go.jp/english/policy/jgbs/reference/interest_rate/historical/jgbcme_all.csv,ok,2026-06-16 04:59:12.777910
JPY,,2Y,2022-10-27,-0.044,mof_jgb_interest_rate_historical,2Y,https://www.mof.go.jp/english/policy/jgbs/reference/interest_rate/historical/jgbcme_all.csv,ok,2026-06-16 04:59:12.777910
JPY,,2Y,2022-10-28,-0.049,mof_jgb_interest_rate_historical,2Y,https://www.mof.go.jp/english/policy/jgbs/reference/interest_rate/historical/jgbcme_all.csv,ok,2026-06-16 04:59:12.777910
JPY,,2Y,2022-10-31,-0.045,mof_jgb_interest_rate_historical,2Y,https://www.mof.go.jp/english/policy/jgbs/reference/interest_rate/historical/jgbcme_all.csv,ok,2026-06-16 04:59:12.777910
JPY,,2Y,2022-11-01,-0.045,mof_jgb_interest_rate_historical,2Y,https://www.mof.go.jp/english/policy/jgbs/reference/interest_rate/historical/jgbcme_all.csv,ok,2026-06-16 04:59:12.777910
JPY,,2Y,2022-11-02,-0.04,mof_jgb_interest_rate_historical,2Y,https://www.mof.go.jp/english/policy/jgbs/reference/interest_rate/historical/jgbcme_all.csv,ok,2026-06-16 04:59:12.777910
JPY,,2Y,2022-11-04,-0.04,mof_jgb_interest_rate_historical,2Y,https://www.mof.go.jp/english/policy/jgbs/reference/interest_rate/historical/jgbcme_all.csv,ok,2026-06-16 04:59:12.777910
JPY,,2Y,2022-11-07,-0.04,mof_jgb_interest_rate_historical,2Y,https://www.mof.go.jp/english/policy/jgbs/reference/interest_rate/historical/jgbcme_all.csv,ok,2026-06-16 04:59:12.777910
JPY,,2Y,2022-11-08,-0.04,mof_jgb_interest_rate_historical,2Y,https://www.mof.go.jp/english/policy/jgbs/reference/interest_rate/historical/jgbcme_all.csv,ok,2026-06-16 04:59:12.777910
JPY,,2Y,2022-11-09,-0.05,mof_jgb_interest_rate_historical,2Y,https://www.mof.go.jp/english/policy/jgbs/reference/interest_rate/historical/jgbcme_all.csv,ok,2026-06-16 04:59:12.777910
JPY,,2Y,2022-11-10,-0.05,mof_jgb_interest_rate_historical,2Y,https://www.mof.go.jp/english/policy/jgbs/reference/interest_rate/historical/jgbcme_all.csv,ok,2026-06-16 04:59:12.777910
JPY,,2Y,2022-11-11,-0.056,mof_jgb_interest_rate_historical,2Y,https://www.mof.go.jp/english/policy/jgbs/reference/interest_rate/historical/jgbcme_all.csv,ok,2026-06-16 04:59:12.777910
JPY,,2Y,2022-11-14,-0.05,mof_jgb_interest_rate_historical,2Y,https://www.mof.go.jp/english/policy/jgbs/reference/interest_rate/historical/jgbcme_all.csv,ok,2026-06-16 04:59:12.777910
JPY,,2Y,2022-11-15,-0.047,mof_jgb_interest_rate_historical,2Y,https://www.mof.go.jp/english/policy/jgbs/reference/interest_rate/historical/jgbcme_all.csv,ok,2026-06-16 04:59:12.777910
JPY,,2Y,2022-11-16,-0.042,mof_jgb_interest_rate_historical,2Y,https://www.mof.go.jp/english/policy/jgbs/reference/interest_rate/historical/jgbcme_all.csv,ok,2026-06-16 04:59:12.777910
JPY,,2Y,2022-11-17,-0.041,mof_jgb_interest_rate_historical,2Y,https://www.mof.go.jp/english/policy/jgbs/reference/interest_rate/historical/jgbcme_all.csv,ok,2026-06-16 04:59:12.777910
JPY,,2Y,2022-11-18,-0.019,mof_jgb_interest_rate_historical,2Y,https://www.mof.go.jp/english/policy/jgbs/reference/interest_rate/historical/jgbcme_all.csv,ok,2026-06-16 04:59:12.777910
JPY,,2Y,2022-11-21,-0.014,mof_jgb_interest_rate_historical,2Y,https://www.mof.go.jp/english/policy/jgbs/reference/interest_rate/historical/jgbcme_all.csv,ok,2026-06-16 04:59:12.777910
JPY,,2Y,2022-11-22,-0.019,mof_jgb_interest_rate_historical,2Y,https://www.mof.go.jp/english/policy/jgbs/reference/interest_rate/historical/jgbcme_all.csv,ok,2026-06-16 04:59:12.777910
JPY,,2Y,2022-11-24,-0.024,mof_jgb_interest_rate_historical,2Y,https://www.mof.go.jp/english/policy/jgbs/reference/interest_rate/historical/jgbcme_all.csv,ok,2026-06-16 04:59:12.777910
JPY,,2Y,2022-11-25,-0.018,mof_jgb_interest_rate_historical,2Y,https://www.mof.go.jp/english/policy/jgbs/reference/interest_rate/historical/jgbcme_all.csv,ok,2026-06-16 04:59:12.777910
JPY,,2Y,2022-11-28,-0.019,mof_jgb_interest_rate_historical,2Y,https://www.mof.go.jp/english/policy/jgbs/reference/interest_rate/historical/jgbcme_all.csv,ok,2026-06-16 04:59:12.777910
JPY,,2Y,2022-11-29,-0.03,mof_jgb_interest_rate_historical,2Y,https://www.mof.go.jp/english/policy/jgbs/reference/interest_rate/historical/jgbcme_all.csv,ok,2026-06-16 04:59:12.777910
JPY,,2Y,2022-11-30,-0.03,mof_jgb_interest_rate_historical,2Y,https://www.mof.go.jp/english/policy/jgbs/reference/interest_rate/historical/jgbcme_all.csv,ok,2026-06-16 04:59:12.777910
JPY,,2Y,2022-12-01,-0.03,mof_jgb_interest_rate_historical,2Y,https://www.mof.go.jp/english/policy/jgbs/reference/interest_rate/historical/jgbcme_all.csv,ok,2026-06-16 04:59:12.777910
JPY,,2Y,2022-12-02,-0.025,mof_jgb_interest_rate_historical,2Y,https://www.mof.go.jp/english/policy/jgbs/reference/interest_rate/historical/jgbcme_all.csv,ok,2026-06-16 04:59:12.777910
JPY,,2Y,2022-12-05,-0.02,mof_jgb_interest_rate_historical,2Y,https://www.mof.go.jp/english/policy/jgbs/reference/interest_rate/historical/jgbcme_all.csv,ok,2026-06-16 04:59:12.777910
JPY,,2Y,2022-12-06,-0.01,mof_jgb_interest_rate_historical,2Y,https://www.mof.go.jp/english/policy/jgbs/reference/interest_rate/historical/jgbcme_all.csv,ok,2026-06-16 04:59:12.777910
JPY,,2Y,2022-12-07,-0.009,mof_jgb_interest_rate_historical,2Y,https://www.mof.go.jp/english/policy/jgbs/reference/interest_rate/historical/jgbcme_all.csv,ok,2026-06-16 04:59:12.777910
JPY,,2Y,2022-12-08,-0.009,mof_jgb_interest_rate_historical,2Y,https://www.mof.go.jp/english/policy/jgbs/reference/interest_rate/historical/jgbcme_all.csv,ok,2026-06-16 04:59:12.777910
JPY,,2Y,2022-12-09,-0.015,mof_jgb_interest_rate_historical,2Y,https://www.mof.go.jp/english/policy/jgbs/reference/interest_rate/historical/jgbcme_all.csv,ok,2026-06-16 04:59:12.777910
JPY,,2Y,2022-12-12,-0.014,mof_jgb_interest_rate_historical,2Y,https://www.mof.go.jp/english/policy/jgbs/reference/interest_rate/historical/jgbcme_all.csv,ok,2026-06-16 04:59:12.777910
JPY,,2Y,2022-12-13,-0.015,mof_jgb_interest_rate_historical,2Y,https://www.mof.go.jp/english/policy/jgbs/reference/interest_rate/historical/jgbcme_all.csv,ok,2026-06-16 04:59:12.777910
JPY,,2Y,2022-12-14,-0.015,mof_jgb_interest_rate_historical,2Y,https://www.mof.go.jp/english/policy/jgbs/reference/interest_rate/historical/jgbcme_all.csv,ok,2026-06-16 04:59:12.777910
JPY,,2Y,2022-12-15,-0.015,mof_jgb_interest_rate_historical,2Y,https://www.mof.go.jp/english/policy/jgbs/reference/interest_rate/historical/jgbcme_all.csv,ok,2026-06-16 04:59:12.777910
JPY,,2Y,2022-12-16,-0.019,mof_jgb_interest_rate_historical,2Y,https://www.mof.go.jp/english/policy/jgbs/reference/interest_rate/historical/jgbcme_all.csv,ok,2026-06-16 04:59:12.777910
JPY,,2Y,2022-12-19,-0.009,mof_jgb_interest_rate_historical,2Y,https://www.mof.go.jp/english/policy/jgbs/reference/interest_rate/historical/jgbcme_all.csv,ok,2026-06-16 04:59:12.777910
JPY,,2Y,2022-12-20,0.011,mof_jgb_interest_rate_historical,2Y,https://www.mof.go.jp/english/policy/jgbs/reference/interest_rate/historical/jgbcme_all.csv,ok,2026-06-16 04:59:12.777910
JPY,,2Y,2022-12-21,-0.009,mof_jgb_interest_rate_historical,2Y,https://www.mof.go.jp/english/policy/jgbs/reference/interest_rate/historical/jgbcme_all.csv,ok,2026-06-16 04:59:12.777910
JPY,,2Y,2022-12-22,0.002,mof_jgb_interest_rate_historical,2Y,https://www.mof.go.jp/english/policy/jgbs/reference/interest_rate/historical/jgbcme_all.csv,ok,2026-06-16 04:59:12.777910
JPY,,2Y,2022-12-23,0.014,mof_jgb_interest_rate_historical,2Y,https://www.mof.go.jp/english/policy/jgbs/reference/interest_rate/historical/jgbcme_all.csv,ok,2026-06-16 04:59:12.777910
JPY,,2Y,2022-12-26,0.033,mof_jgb_interest_rate_historical,2Y,https://www.mof.go.jp/english/policy/jgbs/reference/interest_rate/historical/jgbcme_all.csv,ok,2026-06-16 04:59:12.777910
JPY,,2Y,2022-12-27,0.038,mof_jgb_interest_rate_historical,2Y,https://www.mof.go.jp/english/policy/jgbs/reference/interest_rate/historical/jgbcme_all.csv,ok,2026-06-16 04:59:12.777910
JPY,,2Y,2022-12-28,0.039,mof_jgb_interest_rate_historical,2Y,https://www.mof.go.jp/english/policy/jgbs/reference/interest_rate/historical/jgbcme_all.csv,ok,2026-06-16 04:59:12.777910
JPY,,2Y,2022-12-29,0.039,mof_jgb_interest_rate_historical,2Y,https://www.mof.go.jp/english/policy/jgbs/reference/interest_rate/historical/jgbcme_all.csv,ok,2026-06-16 04:59:12.777910
JPY,,2Y,2022-12-30,0.03,mof_jgb_interest_rate_historical,2Y,https://www.mof.go.jp/english/policy/jgbs/reference/interest_rate/historical/jgbcme_all.csv,ok,2026-06-16 04:59:12.777910
JPY,,2Y,2023-01-04,0.025,mof_jgb_interest_rate_historical,2Y,https://www.mof.go.jp/english/policy/jgbs/reference/interest_rate/historical/jgbcme_all.csv,ok,2026-06-16 04:59:12.777910
JPY,,2Y,2023-01-05,0.015,mof_jgb_interest_rate_historical,2Y,https://www.mof.go.jp/english/policy/jgbs/reference/interest_rate/historical/jgbcme_all.csv,ok,2026-06-16 04:59:12.777910
JPY,,2Y,2023-01-06,0.011,mof_jgb_interest_rate_historical,2Y,https://www.mof.go.jp/english/policy/jgbs/reference/interest_rate/historical/jgbcme_all.csv,ok,2026-06-16 04:59:12.777910
JPY,,2Y,2023-01-10,0.026,mof_jgb_interest_rate_historical,2Y,https://www.mof.go.jp/english/policy/jgbs/reference/interest_rate/historical/jgbcme_all.csv,ok,2026-06-16 04:59:12.777910
JPY,,2Y,2023-01-11,0.026,mof_jgb_interest_rate_historical,2Y,https://www.mof.go.jp/english/policy/jgbs/reference/interest_rate/historical/jgbcme_all.csv,ok,2026-06-16 04:59:12.777910
JPY,,2Y,2023-01-12,0.041,mof_jgb_interest_rate_historical,2Y,https://www.mof.go.jp/english/policy/jgbs/reference/interest_rate/historical/jgbcme_all.csv,ok,2026-06-16 04:59:12.777910
JPY,,2Y,2023-01-13,0.032,mof_jgb_interest_rate_historical,2Y,https://www.mof.go.jp/english/policy/jgbs/reference/interest_rate/historical/jgbcme_all.csv,ok,2026-06-16 04:59:12.777910
JPY,,2Y,2023-01-16,0.032,mof_jgb_interest_rate_historical,2Y,https://www.mof.go.jp/english/policy/jgbs/reference/interest_rate/historical/jgbcme_all.csv,ok,2026-06-16 04:59:12.777910
JPY,,2Y,2023-01-17,0.041,mof_jgb_interest_rate_historical,2Y,https://www.mof.go.jp/english/policy/jgbs/reference/interest_rate/historical/jgbcme_all.csv,ok,2026-06-16 04:59:12.777910
JPY,,2Y,2023-01-18,0.006,mof_jgb_interest_rate_historical,2Y,https://www.mof.go.jp/english/policy/jgbs/reference/interest_rate/historical/jgbcme_all.csv,ok,2026-06-16 04:59:12.777910
JPY,,2Y,2023-01-19,-0.001,mof_jgb_interest_rate_historical,2Y,https://www.mof.go.jp/english/policy/jgbs/reference/interest_rate/historical/jgbcme_all.csv,ok,2026-06-16 04:59:12.777910
JPY,,2Y,2023-01-20,-0.004,mof_jgb_interest_rate_historical,2Y,https://www.mof.go.jp/english/policy/jgbs/reference/interest_rate/historical/jgbcme_all.csv,ok,2026-06-16 04:59:12.777910
JPY,,2Y,2023-01-23,-0.015,mof_jgb_interest_rate_historical,2Y,https://www.mof.go.jp/english/policy/jgbs/reference/interest_rate/historical/jgbcme_all.csv,ok,2026-06-16 04:59:12.777910
JPY,,2Y,2023-01-24,-0.005,mof_jgb_interest_rate_historical,2Y,https://www.mof.go.jp/english/policy/jgbs/reference/interest_rate/historical/jgbcme_all.csv,ok,2026-06-16 04:59:12.777910
JPY,,2Y,2023-01-25,-0.01,mof_jgb_interest_rate_historical,2Y,https://www.mof.go.jp/english/policy/jgbs/reference/interest_rate/historical/jgbcme_all.csv,ok,2026-06-16 04:59:12.777910
JPY,,2Y,2023-01-26,-0.009,mof_jgb_interest_rate_historical,2Y,https://www.mof.go.jp/english/policy/jgbs/reference/interest_rate/historical/jgbcme_all.csv,ok,2026-06-16 04:59:12.777910
JPY,,2Y,2023-01-27,0.001,mof_jgb_interest_rate_historical,2Y,https://www.mof.go.jp/english/policy/jgbs/reference/interest_rate/historical/jgbcme_all.csv,ok,2026-06-16 04:59:12.777910
JPY,,2Y,2023-01-30,-0.004,mof_jgb_interest_rate_historical,2Y,https://www.mof.go.jp/english/policy/jgbs/reference/interest_rate/historical/jgbcme_all.csv,ok,2026-06-16 04:59:12.777910
JPY,,2Y,2023-01-31,-0.01,mof_jgb_interest_rate_historical,2Y,https://www.mof.go.jp/english/policy/jgbs/reference/interest_rate/historical/jgbcme_all.csv,ok,2026-06-16 04:59:12.777910
JPY,,2Y,2023-02-01,-0.02,mof_jgb_interest_rate_historical,2Y,https://www.mof.go.jp/english/policy/jgbs/reference/interest_rate/historical/jgbcme_all.csv,ok,2026-06-16 04:59:12.777910
JPY,,2Y,2023-02-02,-0.02,mof_jgb_interest_rate_historical,2Y,https://www.mof.go.jp/english/policy/jgbs/reference/interest_rate/historical/jgbcme_all.csv,ok,2026-06-16 04:59:12.777910
JPY,,2Y,2023-02-03,-0.03,mof_jgb_interest_rate_historical,2Y,https://www.mof.go.jp/english/policy/jgbs/reference/interest_rate/historical/jgbcme_all.csv,ok,2026-06-16 04:59:12.777910
JPY,,2Y,2023-02-06,-0.025,mof_jgb_interest_rate_historical,2Y,https://www.mof.go.jp/english/policy/jgbs/reference/interest_rate/historical/jgbcme_all.csv,ok,2026-06-16 04:59:12.777910
JPY,,2Y,2023-02-07,-0.029,mof_jgb_interest_rate_historical,2Y,https://www.mof.go.jp/english/policy/jgbs/reference/interest_rate/historical/jgbcme_all.csv,ok,2026-06-16 04:59:12.777910
JPY,,2Y,2023-02-08,-0.029,mof_jgb_interest_rate_historical,2Y,https://www.mof.go.jp/english/policy/jgbs/reference/interest_rate/historical/jgbcme_all.csv,ok,2026-06-16 04:59:12.777910
JPY,,2Y,2023-02-09,-0.035,mof_jgb_interest_rate_historical,2Y,https://www.mof.go.jp/english/policy/jgbs/reference/interest_rate/historical/jgbcme_all.csv,ok,2026-06-16 04:59:12.777910
JPY,,2Y,2023-02-10,-0.045,mof_jgb_interest_rate_historical,2Y,https://www.mof.go.jp/english/policy/jgbs/reference/interest_rate/historical/jgbcme_all.csv,ok,2026-06-16 04:59:12.777910
JPY,,2Y,2023-02-13,-0.055,mof_jgb_interest_rate_historical,2Y,https://www.mof.go.jp/english/policy/jgbs/reference/interest_rate/historical/jgbcme_all.csv,ok,2026-06-16 04:59:12.777910
JPY,,2Y,2023-02-14,-0.056,mof_jgb_interest_rate_historical,2Y,https://www.mof.go.jp/english/policy/jgbs/reference/interest_rate/historical/jgbcme_all.csv,ok,2026-06-16 04:59:12.777910
JPY,,2Y,2023-02-15,-0.051,mof_jgb_interest_rate_historical,2Y,https://www.mof.go.jp/english/policy/jgbs/reference/interest_rate/historical/jgbcme_all.csv,ok,2026-06-16 04:59:12.777910
JPY,,2Y,2023-02-16,-0.047,mof_jgb_interest_rate_historical,2Y,https://www.mof.go.jp/english/policy/jgbs/reference/interest_rate/historical/jgbcme_all.csv,ok,2026-06-16 04:59:12.777910
JPY,,2Y,2023-02-17,-0.047,mof_jgb_interest_rate_historical,2Y,https://www.mof.go.jp/english/policy/jgbs/reference/interest_rate/historical/jgbcme_all.csv,ok,2026-06-16 04:59:12.777910
JPY,,2Y,2023-02-20,-0.043,mof_jgb_interest_rate_historical,2Y,https://www.mof.go.jp/english/policy/jgbs/reference/interest_rate/historical/jgbcme_all.csv,ok,2026-06-16 04:59:12.777910
JPY,,2Y,2023-02-21,-0.029,mof_jgb_interest_rate_historical,2Y,https://www.mof.go.jp/english/policy/jgbs/reference/interest_rate/historical/jgbcme_all.csv,ok,2026-06-16 04:59:12.777910
JPY,,2Y,2023-02-22,-0.029,mof_jgb_interest_rate_historical,2Y,https://www.mof.go.jp/english/policy/jgbs/reference/interest_rate/historical/jgbcme_all.csv,ok,2026-06-16 04:59:12.777910
JPY,,2Y,2023-02-24,-0.029,mof_jgb_interest_rate_historical,2Y,https://www.mof.go.jp/english/policy/jgbs/reference/interest_rate/historical/jgbcme_all.csv,ok,2026-06-16 04:59:12.777910
JPY,,2Y,2023-02-27,-0.028,mof_jgb_interest_rate_historical,2Y,https://www.mof.go.jp/english/policy/jgbs/reference/interest_rate/historical/jgbcme_all.csv,ok,2026-06-16 04:59:12.777910
JPY,,2Y,2023-02-28,-0.026,mof_jgb_interest_rate_historical,2Y,https://www.mof.go.jp/english/policy/jgbs/reference/interest_rate/historical/jgbcme_all.csv,ok,2026-06-16 04:59:12.777910
JPY,,2Y,2023-03-01,-0.035,mof_jgb_interest_rate_historical,2Y,https://www.mof.go.jp/english/policy/jgbs/reference/interest_rate/historical/jgbcme_all.csv,ok,2026-06-16 04:59:12.777910
JPY,,2Y,2023-03-02,-0.035,mof_jgb_interest_rate_historical,2Y,https://www.mof.go.jp/english/policy/jgbs/reference/interest_rate/historical/jgbcme_all.csv,ok,2026-06-16 04:59:12.777910
JPY,,2Y,2023-03-03,-0.04,mof_jgb_interest_rate_historical,2Y,https://www.mof.go.jp/english/policy/jgbs/reference/interest_rate/historical/jgbcme_all.csv,ok,2026-06-16 04:59:12.777910
JPY,,2Y,2023-03-06,-0.039,mof_jgb_interest_rate_historical,2Y,https://www.mof.go.jp/english/policy/jgbs/reference/interest_rate/historical/jgbcme_all.csv,ok,2026-06-16 04:59:12.777910
JPY,,2Y,2023-03-07,-0.039,mof_jgb_interest_rate_historical,2Y,https://www.mof.go.jp/english/policy/jgbs/reference/interest_rate/historical/jgbcme_all.csv,ok,2026-06-16 04:59:12.777910
JPY,,2Y,2023-03-08,-0.04,mof_jgb_interest_rate_historical,2Y,https://www.mof.go.jp/english/policy/jgbs/reference/interest_rate/historical/jgbcme_all.csv,ok,2026-06-16 04:59:12.777910
JPY,,2Y,2023-03-09,-0.019,mof_jgb_interest_rate_historical,2Y,https://www.mof.go.jp/english/policy/jgbs/reference/interest_rate/historical/jgbcme_all.csv,ok,2026-06-16 04:59:12.777910
JPY,,2Y,2023-03-10,-0.03,mof_jgb_interest_rate_historical,2Y,https://www.mof.go.jp/english/policy/jgbs/reference/interest_rate/historical/jgbcme_all.csv,ok,2026-06-16 04:59:12.777910
JPY,,2Y,2023-03-13,-0.025,mof_jgb_interest_rate_historical,2Y,https://www.mof.go.jp/english/policy/jgbs/reference/interest_rate/historical/jgbcme_all.csv,ok,2026-06-16 04:59:12.777910
JPY,,2Y,2023-03-14,-0.04,mof_jgb_interest_rate_historical,2Y,https://www.mof.go.jp/english/policy/jgbs/reference/interest_rate/historical/jgbcme_all.csv,ok,2026-06-16 04:59:12.777910
JPY,,2Y,2023-03-15,-0.051,mof_jgb_interest_rate_historical,2Y,https://www.mof.go.jp/english/policy/jgbs/reference/interest_rate/historical/jgbcme_all.csv,ok,2026-06-16 04:59:12.777910
JPY,,2Y,2023-03-16,-0.07,mof_jgb_interest_rate_historical,2Y,https://www.mof.go.jp/english/policy/jgbs/reference/interest_rate/historical/jgbcme_all.csv,ok,2026-06-16 04:59:12.777910
JPY,,2Y,2023-03-17,-0.075,mof_jgb_interest_rate_historical,2Y,https://www.mof.go.jp/english/policy/jgbs/reference/interest_rate/historical/jgbcme_all.csv,ok,2026-06-16 04:59:12.777910
JPY,,2Y,2023-03-20,-0.077,mof_jgb_interest_rate_historical,2Y,https://www.mof.go.jp/english/policy/jgbs/reference/interest_rate/historical/jgbcme_all.csv,ok,2026-06-16 04:59:12.777910
JPY,,2Y,2023-03-22,-0.056,mof_jgb_interest_rate_historical,2Y,https://www.mof.go.jp/english/policy/jgbs/reference/interest_rate/historical/jgbcme_all.csv,ok,2026-06-16 04:59:12.777910
JPY,,2Y,2023-03-23,-0.063,mof_jgb_interest_rate_historical,2Y,https://www.mof.go.jp/english/policy/jgbs/reference/interest_rate/historical/jgbcme_all.csv,ok,2026-06-16 04:59:12.777910
JPY,,2Y,2023-03-24,-0.067,mof_jgb_interest_rate_historical,2Y,https://www.mof.go.jp/english/policy/jgbs/reference/interest_rate/historical/jgbcme_all.csv,ok,2026-06-16 04:59:12.777910
JPY,,2Y,2023-03-27,-0.067,mof_jgb_interest_rate_historical,2Y,https://www.mof.go.jp/english/policy/jgbs/reference/interest_rate/historical/jgbcme_all.csv,ok,2026-06-16 04:59:12.777910
JPY,,2Y,2023-03-28,-0.059,mof_jgb_interest_rate_historical,2Y,https://www.mof.go.jp/english/policy/jgbs/reference/interest_rate/historical/jgbcme_all.csv,ok,2026-06-16 04:59:12.777910
JPY,,2Y,2023-03-29,-0.07,mof_jgb_interest_rate_historical,2Y,https://www.mof.go.jp/english/policy/jgbs/reference/interest_rate/historical/jgbcme_all.csv,ok,2026-06-16 04:59:12.777910
JPY,,2Y,2023-03-30,-0.061,mof_jgb_interest_rate_historical,2Y,https://www.mof.go.jp/english/policy/jgbs/reference/interest_rate/historical/jgbcme_all.csv,ok,2026-06-16 04:59:12.777910
JPY,,2Y,2023-03-31,-0.061,mof_jgb_interest_rate_historical,2Y,https://www.mof.go.jp/english/policy/jgbs/reference/interest_rate/historical/jgbcme_all.csv,ok,2026-06-16 04:59:12.777910
JPY,,2Y,2023-04-03,-0.04,mof_jgb_interest_rate_historical,2Y,https://www.mof.go.jp/english/policy/jgbs/reference/interest_rate/historical/jgbcme_all.csv,ok,2026-06-16 04:59:12.777910
JPY,,2Y,2023-04-04,-0.025,mof_jgb_interest_rate_historical,2Y,https://www.mof.go.jp/english/policy/jgbs/reference/interest_rate/historical/jgbcme_all.csv,ok,2026-06-16 04:59:12.777910
JPY,,2Y,2023-04-05,-0.03,mof_jgb_interest_rate_historical,2Y,https://www.mof.go.jp/english/policy/jgbs/reference/interest_rate/historical/jgbcme_all.csv,ok,2026-06-16 04:59:12.777910
JPY,,2Y,2023-04-06,-0.045,mof_jgb_interest_rate_historical,2Y,https://www.mof.go.jp/english/policy/jgbs/reference/interest_rate/historical/jgbcme_all.csv,ok,2026-06-16 04:59:12.777910
JPY,,2Y,2023-04-07,-0.06,mof_jgb_interest_rate_historical,2Y,https://www.mof.go.jp/english/policy/jgbs/reference/interest_rate/historical/jgbcme_all.csv,ok,2026-06-16 04:59:12.777910
JPY,,2Y,2023-04-10,-0.045,mof_jgb_interest_rate_historical,2Y,https://www.mof.go.jp/english/policy/jgbs/reference/interest_rate/historical/jgbcme_all.csv,ok,2026-06-16 04:59:12.777910
JPY,,2Y,2023-04-11,-0.046,mof_jgb_interest_rate_historical,2Y,https://www.mof.go.jp/english/policy/jgbs/reference/interest_rate/historical/jgbcme_all.csv,ok,2026-06-16 04:59:12.777910
JPY,,2Y,2023-04-12,-0.045,mof_jgb_interest_rate_historical,2Y,https://www.mof.go.jp/english/policy/jgbs/reference/interest_rate/historical/jgbcme_all.csv,ok,2026-06-16 04:59:12.777910
JPY,,2Y,2023-04-13,-0.05,mof_jgb_interest_rate_historical,2Y,https://www.mof.go.jp/english/policy/jgbs/reference/interest_rate/historical/jgbcme_all.csv,ok,2026-06-16 04:59:12.777910
JPY,,2Y,2023-04-14,-0.04,mof_jgb_interest_rate_historical,2Y,https://www.mof.go.jp/english/policy/jgbs/reference/interest_rate/historical/jgbcme_all.csv,ok,2026-06-16 04:59:12.777910
JPY,,2Y,2023-04-17,-0.035,mof_jgb_interest_rate_historical,2Y,https://www.mof.go.jp/english/policy/jgbs/reference/interest_rate/historical/jgbcme_all.csv,ok,2026-06-16 04:59:12.777910
JPY,,2Y,2023-04-18,-0.04,mof_jgb_interest_rate_historical,2Y,https://www.mof.go.jp/english/policy/jgbs/reference/interest_rate/historical/jgbcme_all.csv,ok,2026-06-16 04:59:12.777910
JPY,,2Y,2023-04-19,-0.04,mof_jgb_interest_rate_historical,2Y,https://www.mof.go.jp/english/policy/jgbs/reference/interest_rate/historical/jgbcme_all.csv,ok,2026-06-16 04:59:12.777910
JPY,,2Y,2023-04-20,-0.04,mof_jgb_interest_rate_historical,2Y,https://www.mof.go.jp/english/policy/jgbs/reference/interest_rate/historical/jgbcme_all.csv,ok,2026-06-16 04:59:12.777910
JPY,,2Y,2023-04-21,-0.035,mof_jgb_interest_rate_historical,2Y,https://www.mof.go.jp/english/policy/jgbs/reference/interest_rate/historical/jgbcme_all.csv,ok,2026-06-16 04:59:12.777910
JPY,,2Y,2023-04-24,-0.038,mof_jgb_interest_rate_historical,2Y,https://www.mof.go.jp/english/policy/jgbs/reference/interest_rate/historical/jgbcme_all.csv,ok,2026-06-16 04:59:12.777910
JPY,,2Y,2023-04-25,-0.035,mof_jgb_interest_rate_historical,2Y,https://www.mof.go.jp/english/policy/jgbs/reference/interest_rate/historical/jgbcme_all.csv,ok,2026-06-16 04:59:12.777910
JPY,,2Y,2023-04-26,-0.04,mof_jgb_interest_rate_historical,2Y,https://www.mof.go.jp/english/policy/jgbs/reference/interest_rate/historical/jgbcme_all.csv,ok,2026-06-16 04:59:12.777910
JPY,,2Y,2023-04-27,-0.04,mof_jgb_interest_rate_historical,2Y,https://www.mof.go.jp/english/policy/jgbs/reference/interest_rate/historical/jgbcme_all.csv,ok,2026-06-16 04:59:12.777910
JPY,,2Y,2023-04-28,-0.045,mof_jgb_interest_rate_historical,2Y,https://www.mof.go.jp/english/policy/jgbs/reference/interest_rate/historical/jgbcme_all.csv,ok,2026-06-16 04:59:12.777910
JPY,,2Y,2023-05-01,-0.045,mof_jgb_interest_rate_historical,2Y,https://www.mof.go.jp/english/policy/jgbs/reference/interest_rate/historical/jgbcme_all.csv,ok,2026-06-16 04:59:12.777910
JPY,,2Y,2023-05-02,-0.035,mof_jgb_interest_rate_historical,2Y,https://www.mof.go.jp/english/policy/jgbs/reference/interest_rate/historical/jgbcme_all.csv,ok,2026-06-16 04:59:12.777910
JPY,,2Y,2023-05-08,-0.035,mof_jgb_interest_rate_historical,2Y,https://www.mof.go.jp/english/policy/jgbs/reference/interest_rate/historical/jgbcme_all.csv,ok,2026-06-16 04:59:12.777910
JPY,,2Y,2023-05-09,-0.03,mof_jgb_interest_rate_historical,2Y,https://www.mof.go.jp/english/policy/jgbs/reference/interest_rate/historical/jgbcme_all.csv,ok,2026-06-16 04:59:12.777910
JPY,,2Y,2023-05-10,-0.04,mof_jgb_interest_rate_historical,2Y,https://www.mof.go.jp/english/policy/jgbs/reference/interest_rate/historical/jgbcme_all.csv,ok,2026-06-16 04:59:12.777910
JPY,,2Y,2023-05-11,-0.045,mof_jgb_interest_rate_historical,2Y,https://www.mof.go.jp/english/policy/jgbs/reference/interest_rate/historical/jgbcme_all.csv,ok,2026-06-16 04:59:12.777910
JPY,,2Y,2023-05-12,-0.055,mof_jgb_interest_rate_historical,2Y,https://www.mof.go.jp/english/policy/jgbs/reference/interest_rate/historical/jgbcme_all.csv,ok,2026-06-16 04:59:12.777910
JPY,,2Y,2023-05-15,-0.049,mof_jgb_interest_rate_historical,2Y,https://www.mof.go.jp/english/policy/jgbs/reference/interest_rate/historical/jgbcme_all.csv,ok,2026-06-16 04:59:12.777910
JPY,,2Y,2023-05-16,-0.054,mof_jgb_interest_rate_historical,2Y,https://www.mof.go.jp/english/policy/jgbs/reference/interest_rate/historical/jgbcme_all.csv,ok,2026-06-16 04:59:12.777910
JPY,,2Y,2023-05-17,-0.066,mof_jgb_interest_rate_historical,2Y,https://www.mof.go.jp/english/policy/jgbs/reference/interest_rate/historical/jgbcme_all.csv,ok,2026-06-16 04:59:12.777910
JPY,,2Y,2023-05-18,-0.061,mof_jgb_interest_rate_historical,2Y,https://www.mof.go.jp/english/policy/jgbs/reference/interest_rate/historical/jgbcme_all.csv,ok,2026-06-16 04:59:12.777910
JPY,,2Y,2023-05-19,-0.061,mof_jgb_interest_rate_historical,2Y,https://www.mof.go.jp/english/policy/jgbs/reference/interest_rate/historical/jgbcme_all.csv,ok,2026-06-16 04:59:12.777910
JPY,,2Y,2023-05-22,-0.066,mof_jgb_interest_rate_historical,2Y,https://www.mof.go.jp/english/policy/jgbs/reference/interest_rate/historical/jgbcme_all.csv,ok,2026-06-16 04:59:12.777910
JPY,,2Y,2023-05-23,-0.061,mof_jgb_interest_rate_historical,2Y,https://www.mof.go.jp/english/policy/jgbs/reference/interest_rate/historical/jgbcme_all.csv,ok,2026-06-16 04:59:12.777910
JPY,,2Y,2023-05-24,-0.066,mof_jgb_interest_rate_historical,2Y,https://www.mof.go.jp/english/policy/jgbs/reference/interest_rate/historical/jgbcme_all.csv,ok,2026-06-16 04:59:12.777910
JPY,,2Y,2023-05-25,-0.066,mof_jgb_interest_rate_historical,2Y,https://www.mof.go.jp/english/policy/jgbs/reference/interest_rate/historical/jgbcme_all.csv,ok,2026-06-16 04:59:12.777910
JPY,,2Y,2023-05-26,-0.066,mof_jgb_interest_rate_historical,2Y,https://www.mof.go.jp/english/policy/jgbs/reference/interest_rate/historical/jgbcme_all.csv,ok,2026-06-16 04:59:12.777910
JPY,,2Y,2023-05-29,-0.061,mof_jgb_interest_rate_historical,2Y,https://www.mof.go.jp/english/policy/jgbs/reference/interest_rate/historical/jgbcme_all.csv,ok,2026-06-16 04:59:12.777910
JPY,,2Y,2023-05-30,-0.055,mof_jgb_interest_rate_historical,2Y,https://www.mof.go.jp/english/policy/jgbs/reference/interest_rate/historical/jgbcme_all.csv,ok,2026-06-16 04:59:12.777910
JPY,,2Y,2023-05-31,-0.06,mof_jgb_interest_rate_historical,2Y,https://www.mof.go.jp/english/policy/jgbs/reference/interest_rate/historical/jgbcme_all.csv,ok,2026-06-16 04:59:12.777910
JPY,,2Y,2023-06-01,-0.065,mof_jgb_interest_rate_historical,2Y,https://www.mof.go.jp/english/policy/jgbs/reference/interest_rate/historical/jgbcme_all.csv,ok,2026-06-16 04:59:12.777910
JPY,,2Y,2023-06-02,-0.075,mof_jgb_interest_rate_historical,2Y,https://www.mof.go.jp/english/policy/jgbs/reference/interest_rate/historical/jgbcme_all.csv,ok,2026-06-16 04:59:12.777910
JPY,,2Y,2023-06-05,-0.065,mof_jgb_interest_rate_historical,2Y,https://www.mof.go.jp/english/policy/jgbs/reference/interest_rate/historical/jgbcme_all.csv,ok,2026-06-16 04:59:12.777910
JPY,,2Y,2023-06-06,-0.065,mof_jgb_interest_rate_historical,2Y,https://www.mof.go.jp/english/policy/jgbs/reference/interest_rate/historical/jgbcme_all.csv,ok,2026-06-16 04:59:12.777910
JPY,,2Y,2023-06-07,-0.06,mof_jgb_interest_rate_historical,2Y,https://www.mof.go.jp/english/policy/jgbs/reference/interest_rate/historical/jgbcme_all.csv,ok,2026-06-16 04:59:12.777910
JPY,,2Y,2023-06-08,-0.06,mof_jgb_interest_rate_historical,2Y,https://www.mof.go.jp/english/policy/jgbs/reference/interest_rate/historical/jgbcme_all.csv,ok,2026-06-16 04:59:12.777910
JPY,,2Y,2023-06-09,-0.065,mof_jgb_interest_rate_historical,2Y,https://www.mof.go.jp/english/policy/jgbs/reference/interest_rate/historical/jgbcme_all.csv,ok,2026-06-16 04:59:12.777910
JPY,,2Y,2023-06-12,-0.07,mof_jgb_interest_rate_historical,2Y,https://www.mof.go.jp/english/policy/jgbs/reference/interest_rate/historical/jgbcme_all.csv,ok,2026-06-16 04:59:12.777910
JPY,,2Y,2023-06-13,-0.075,mof_jgb_interest_rate_historical,2Y,https://www.mof.go.jp/english/policy/jgbs/reference/interest_rate/historical/jgbcme_all.csv,ok,2026-06-16 04:59:12.777910
JPY,,2Y,2023-06-14,-0.071,mof_jgb_interest_rate_historical,2Y,https://www.mof.go.jp/english/policy/jgbs/reference/interest_rate/historical/jgbcme_all.csv,ok,2026-06-16 04:59:12.777910
JPY,,2Y,2023-06-15,-0.064,mof_jgb_interest_rate_historical,2Y,https://www.mof.go.jp/english/policy/jgbs/reference/interest_rate/historical/jgbcme_all.csv,ok,2026-06-16 04:59:12.777910
JPY,,2Y,2023-06-16,-0.065,mof_jgb_interest_rate_historical,2Y,https://www.mof.go.jp/english/policy/jgbs/reference/interest_rate/historical/jgbcme_all.csv,ok,2026-06-16 04:59:12.777910
JPY,,2Y,2023-06-19,-0.066,mof_jgb_interest_rate_historical,2Y,https://www.mof.go.jp/english/policy/jgbs/reference/interest_rate/historical/jgbcme_all.csv,ok,2026-06-16 04:59:12.777910
JPY,,2Y,2023-06-20,-0.066,mof_jgb_interest_rate_historical,2Y,https://www.mof.go.jp/english/policy/jgbs/reference/interest_rate/historical/jgbcme_all.csv,ok,2026-06-16 04:59:12.777910
JPY,,2Y,2023-06-21,-0.069,mof_jgb_interest_rate_historical,2Y,https://www.mof.go.jp/english/policy/jgbs/reference/interest_rate/historical/jgbcme_all.csv,ok,2026-06-16 04:59:12.777910
JPY,,2Y,2023-06-22,-0.071,mof_jgb_interest_rate_historical,2Y,https://www.mof.go.jp/english/policy/jgbs/reference/interest_rate/historical/jgbcme_all.csv,ok,2026-06-16 04:59:12.777910
JPY,,2Y,2023-06-23,-0.074,mof_jgb_interest_rate_historical,2Y,https://www.mof.go.jp/english/policy/jgbs/reference/interest_rate/historical/jgbcme_all.csv,ok,2026-06-16 04:59:12.777910
JPY,,2Y,2023-06-26,-0.077,mof_jgb_interest_rate_historical,2Y,https://www.mof.go.jp/english/policy/jgbs/reference/interest_rate/historical/jgbcme_all.csv,ok,2026-06-16 04:59:12.777910
JPY,,2Y,2023-06-27,-0.074,mof_jgb_interest_rate_historical,2Y,https://www.mof.go.jp/english/policy/jgbs/reference/interest_rate/historical/jgbcme_all.csv,ok,2026-06-16 04:59:12.777910
JPY,,2Y,2023-06-28,-0.064,mof_jgb_interest_rate_historical,2Y,https://www.mof.go.jp/english/policy/jgbs/reference/interest_rate/historical/jgbcme_all.csv,ok,2026-06-16 04:59:12.777910
JPY,,2Y,2023-06-29,-0.07,mof_jgb_interest_rate_historical,2Y,https://www.mof.go.jp/english/policy/jgbs/reference/interest_rate/historical/jgbcme_all.csv,ok,2026-06-16 04:59:12.777910
JPY,,2Y,2023-06-30,-0.075,mof_jgb_interest_rate_historical,2Y,https://www.mof.go.jp/english/policy/jgbs/reference/interest_rate/historical/jgbcme_all.csv,ok,2026-06-16 04:59:12.777910
JPY,,2Y,2023-07-03,-0.065,mof_jgb_interest_rate_historical,2Y,https://www.mof.go.jp/english/policy/jgbs/reference/interest_rate/historical/jgbcme_all.csv,ok,2026-06-16 04:59:12.777910
JPY,,2Y,2023-07-04,-0.07,mof_jgb_interest_rate_historical,2Y,https://www.mof.go.jp/english/policy/jgbs/reference/interest_rate/historical/jgbcme_all.csv,ok,2026-06-16 04:59:12.777910
JPY,,2Y,2023-07-05,-0.07,mof_jgb_interest_rate_historical,2Y,https://www.mof.go.jp/english/policy/jgbs/reference/interest_rate/historical/jgbcme_all.csv,ok,2026-06-16 04:59:12.777910
JPY,,2Y,2023-07-06,-0.06,mof_jgb_interest_rate_historical,2Y,https://www.mof.go.jp/english/policy/jgbs/reference/interest_rate/historical/jgbcme_all.csv,ok,2026-06-16 04:59:12.777910
JPY,,2Y,2023-07-07,-0.039,mof_jgb_interest_rate_historical,2Y,https://www.mof.go.jp/english/policy/jgbs/reference/interest_rate/historical/jgbcme_all.csv,ok,2026-06-16 04:59:12.777910
JPY,,2Y,2023-07-10,-0.029,mof_jgb_interest_rate_historical,2Y,https://www.mof.go.jp/english/policy/jgbs/reference/interest_rate/historical/jgbcme_all.csv,ok,2026-06-16 04:59:12.777910
JPY,,2Y,2023-07-11,-0.039,mof_jgb_interest_rate_historical,2Y,https://www.mof.go.jp/english/policy/jgbs/reference/interest_rate/historical/jgbcme_all.csv,ok,2026-06-16 04:59:12.777910
JPY,,2Y,2023-07-12,-0.034,mof_jgb_interest_rate_historical,2Y,https://www.mof.go.jp/english/policy/jgbs/reference/interest_rate/historical/jgbcme_all.csv,ok,2026-06-16 04:59:12.777910
JPY,,2Y,2023-07-13,-0.034,mof_jgb_interest_rate_historical,2Y,https://www.mof.go.jp/english/policy/jgbs/reference/interest_rate/historical/jgbcme_all.csv,ok,2026-06-16 04:59:12.777910
JPY,,2Y,2023-07-14,-0.038,mof_jgb_interest_rate_historical,2Y,https://www.mof.go.jp/english/policy/jgbs/reference/interest_rate/historical/jgbcme_all.csv,ok,2026-06-16 04:59:12.777910
JPY,,2Y,2023-07-18,-0.033,mof_jgb_interest_rate_historical,2Y,https://www.mof.go.jp/english/policy/jgbs/reference/interest_rate/historical/jgbcme_all.csv,ok,2026-06-16 04:59:12.777910
JPY,,2Y,2023-07-19,-0.037,mof_jgb_interest_rate_historical,2Y,https://www.mof.go.jp/english/policy/jgbs/reference/interest_rate/historical/jgbcme_all.csv,ok,2026-06-16 04:59:12.777910
JPY,,2Y,2023-07-20,-0.037,mof_jgb_interest_rate_historical,2Y,https://www.mof.go.jp/english/policy/jgbs/reference/interest_rate/historical/jgbcme_all.csv,ok,2026-06-16 04:59:12.777910
JPY,,2Y,2023-07-21,-0.026,mof_jgb_interest_rate_historical,2Y,https://www.mof.go.jp/english/policy/jgbs/reference/interest_rate/historical/jgbcme_all.csv,ok,2026-06-16 04:59:12.777910
JPY,,2Y,2023-07-24,-0.036,mof_jgb_interest_rate_historical,2Y,https://www.mof.go.jp/english/policy/jgbs/reference/interest_rate/historical/jgbcme_all.csv,ok,2026-06-16 04:59:12.777910
JPY,,2Y,2023-07-25,-0.038,mof_jgb_interest_rate_historical,2Y,https://www.mof.go.jp/english/policy/jgbs/reference/interest_rate/historical/jgbcme_all.csv,ok,2026-06-16 04:59:12.777910
JPY,,2Y,2023-07-26,-0.038,mof_jgb_interest_rate_historical,2Y,https://www.mof.go.jp/english/policy/jgbs/reference/interest_rate/historical/jgbcme_all.csv,ok,2026-06-16 04:59:12.777910
JPY,,2Y,2023-07-27,-0.04,mof_jgb_interest_rate_historical,2Y,https://www.mof.go.jp/english/policy/jgbs/reference/interest_rate/historical/jgbcme_all.csv,ok,2026-06-16 04:59:12.777910
JPY,,2Y,2023-07-28,-0.015,mof_jgb_interest_rate_historical,2Y,https://www.mof.go.jp/english/policy/jgbs/reference/interest_rate/historical/jgbcme_all.csv,ok,2026-06-16 04:59:12.777910
JPY,,2Y,2023-07-31,0.0,mof_jgb_interest_rate_historical,2Y,https://www.mof.go.jp/english/policy/jgbs/reference/interest_rate/historical/jgbcme_all.csv,ok,2026-06-16 04:59:12.777910
JPY,,2Y,2023-08-01,0.0,mof_jgb_interest_rate_historical,2Y,https://www.mof.go.jp/english/policy/jgbs/reference/interest_rate/historical/jgbcme_all.csv,ok,2026-06-16 04:59:12.777910
JPY,,2Y,2023-08-02,0.01,mof_jgb_interest_rate_historical,2Y,https://www.mof.go.jp/english/policy/jgbs/reference/interest_rate/historical/jgbcme_all.csv,ok,2026-06-16 04:59:12.777910
JPY,,2Y,2023-08-03,0.02,mof_jgb_interest_rate_historical,2Y,https://www.mof.go.jp/english/policy/jgbs/reference/interest_rate/historical/jgbcme_all.csv,ok,2026-06-16 04:59:12.777910
JPY,,2Y,2023-08-04,0.021,mof_jgb_interest_rate_historical,2Y,https://www.mof.go.jp/english/policy/jgbs/reference/interest_rate/historical/jgbcme_all.csv,ok,2026-06-16 04:59:12.777910
JPY,,2Y,2023-08-07,0.017,mof_jgb_interest_rate_historical,2Y,https://www.mof.go.jp/english/policy/jgbs/reference/interest_rate/historical/jgbcme_all.csv,ok,2026-06-16 04:59:12.777910
JPY,,2Y,2023-08-08,0.012,mof_jgb_interest_rate_historical,2Y,https://www.mof.go.jp/english/policy/jgbs/reference/interest_rate/historical/jgbcme_all.csv,ok,2026-06-16 04:59:12.777910
JPY,,2Y,2023-08-09,0.006,mof_jgb_interest_rate_historical,2Y,https://www.mof.go.jp/english/policy/jgbs/reference/interest_rate/historical/jgbcme_all.csv,ok,2026-06-16 04:59:12.777910
JPY,,2Y,2023-08-10,0.012,mof_jgb_interest_rate_historical,2Y,https://www.mof.go.jp/english/policy/jgbs/reference/interest_rate/historical/jgbcme_all.csv,ok,2026-06-16 04:59:12.777910
JPY,,2Y,2023-08-14,0.017,mof_jgb_interest_rate_historical,2Y,https://www.mof.go.jp/english/policy/jgbs/reference/interest_rate/historical/jgbcme_all.csv,ok,2026-06-16 04:59:12.777910
JPY,,2Y,2023-08-15,0.016,mof_jgb_interest_rate_historical,2Y,https://www.mof.go.jp/english/policy/jgbs/reference/interest_rate/historical/jgbcme_all.csv,ok,2026-06-16 04:59:12.777910
JPY,,2Y,2023-08-16,0.017,mof_jgb_interest_rate_historical,2Y,https://www.mof.go.jp/english/policy/jgbs/reference/interest_rate/historical/jgbcme_all.csv,ok,2026-06-16 04:59:12.777910
JPY,,2Y,2023-08-17,0.028,mof_jgb_interest_rate_historical,2Y,https://www.mof.go.jp/english/policy/jgbs/reference/interest_rate/historical/jgbcme_all.csv,ok,2026-06-16 04:59:12.777910
JPY,,2Y,2023-08-18,0.022,mof_jgb_interest_rate_historical,2Y,https://www.mof.go.jp/english/policy/jgbs/reference/interest_rate/historical/jgbcme_all.csv,ok,2026-06-16 04:59:12.777910
JPY,,2Y,2023-08-21,0.029,mof_jgb_interest_rate_historical,2Y,https://www.mof.go.jp/english/policy/jgbs/reference/interest_rate/historical/jgbcme_all.csv,ok,2026-06-16 04:59:12.777910
JPY,,2Y,2023-08-22,0.025,mof_jgb_interest_rate_historical,2Y,https://www.mof.go.jp/english/policy/jgbs/reference/interest_rate/historical/jgbcme_all.csv,ok,2026-06-16 04:59:12.777910
JPY,,2Y,2023-08-23,0.024,mof_jgb_interest_rate_historical,2Y,https://www.mof.go.jp/english/policy/jgbs/reference/interest_rate/historical/jgbcme_all.csv,ok,2026-06-16 04:59:12.777910
JPY,,2Y,2023-08-24,0.01,mof_jgb_interest_rate_historical,2Y,https://www.mof.go.jp/english/policy/jgbs/reference/interest_rate/historical/jgbcme_all.csv,ok,2026-06-16 04:59:12.777910
JPY,,2Y,2023-08-25,0.01,mof_jgb_interest_rate_historical,2Y,https://www.mof.go.jp/english/policy/jgbs/reference/interest_rate/historical/jgbcme_all.csv,ok,2026-06-16 04:59:12.777910
JPY,,2Y,2023-08-28,0.011,mof_jgb_interest_rate_historical,2Y,https://www.mof.go.jp/english/policy/jgbs/reference/interest_rate/historical/jgbcme_all.csv,ok,2026-06-16 04:59:12.777910
JPY,,2Y,2023-08-29,0.019,mof_jgb_interest_rate_historical,2Y,https://www.mof.go.jp/english/policy/jgbs/reference/interest_rate/historical/jgbcme_all.csv,ok,2026-06-16 04:59:12.777910
JPY,,2Y,2023-08-30,0.029,mof_jgb_interest_rate_historical,2Y,https://www.mof.go.jp/english/policy/jgbs/reference/interest_rate/historical/jgbcme_all.csv,ok,2026-06-16 04:59:12.777910
JPY,,2Y,2023-08-31,0.025,mof_jgb_interest_rate_historical,2Y,https://www.mof.go.jp/english/policy/jgbs/reference/interest_rate/historical/jgbcme_all.csv,ok,2026-06-16 04:59:12.777910
JPY,,2Y,2023-09-01,0.02,mof_jgb_interest_rate_historical,2Y,https://www.mof.go.jp/english/policy/jgbs/reference/interest_rate/historical/jgbcme_all.csv,ok,2026-06-16 04:59:12.777910
JPY,,2Y,2023-09-04,0.016,mof_jgb_interest_rate_historical,2Y,https://www.mof.go.jp/english/policy/jgbs/reference/interest_rate/historical/jgbcme_all.csv,ok,2026-06-16 04:59:12.777910
JPY,,2Y,2023-09-05,0.016,mof_jgb_interest_rate_historical,2Y,https://www.mof.go.jp/english/policy/jgbs/reference/interest_rate/historical/jgbcme_all.csv,ok,2026-06-16 04:59:12.777910
JPY,,2Y,2023-09-06,0.017,mof_jgb_interest_rate_historical,2Y,https://www.mof.go.jp/english/policy/jgbs/reference/interest_rate/historical/jgbcme_all.csv,ok,2026-06-16 04:59:12.777910
JPY,,2Y,2023-09-07,0.012,mof_jgb_interest_rate_historical,2Y,https://www.mof.go.jp/english/policy/jgbs/reference/interest_rate/historical/jgbcme_all.csv,ok,2026-06-16 04:59:12.777910
JPY,,2Y,2023-09-08,0.007,mof_jgb_interest_rate_historical,2Y,https://www.mof.go.jp/english/policy/jgbs/reference/interest_rate/historical/jgbcme_all.csv,ok,2026-06-16 04:59:12.777910
JPY,,2Y,2023-09-11,0.043,mof_jgb_interest_rate_historical,2Y,https://www.mof.go.jp/english/policy/jgbs/reference/interest_rate/historical/jgbcme_all.csv,ok,2026-06-16 04:59:12.777910
JPY,,2Y,2023-09-12,0.033,mof_jgb_interest_rate_historical,2Y,https://www.mof.go.jp/english/policy/jgbs/reference/interest_rate/historical/jgbcme_all.csv,ok,2026-06-16 04:59:12.777910
JPY,,2Y,2023-09-13,0.028,mof_jgb_interest_rate_historical,2Y,https://www.mof.go.jp/english/policy/jgbs/reference/interest_rate/historical/jgbcme_all.csv,ok,2026-06-16 04:59:12.777910
JPY,,2Y,2023-09-14,0.029,mof_jgb_interest_rate_historical,2Y,https://www.mof.go.jp/english/policy/jgbs/reference/interest_rate/historical/jgbcme_all.csv,ok,2026-06-16 04:59:12.777910
JPY,,2Y,2023-09-15,0.03,mof_jgb_interest_rate_historical,2Y,https://www.mof.go.jp/english/policy/jgbs/reference/interest_rate/historical/jgbcme_all.csv,ok,2026-06-16 04:59:12.777910
JPY,,2Y,2023-09-19,0.035,mof_jgb_interest_rate_historical,2Y,https://www.mof.go.jp/english/policy/jgbs/reference/interest_rate/historical/jgbcme_all.csv,ok,2026-06-16 04:59:12.777910
JPY,,2Y,2023-09-20,0.026,mof_jgb_interest_rate_historical,2Y,https://www.mof.go.jp/english/policy/jgbs/reference/interest_rate/historical/jgbcme_all.csv,ok,2026-06-16 04:59:12.777910
JPY,,2Y,2023-09-21,0.035,mof_jgb_interest_rate_historical,2Y,https://www.mof.go.jp/english/policy/jgbs/reference/interest_rate/historical/jgbcme_all.csv,ok,2026-06-16 04:59:12.777910
JPY,,2Y,2023-09-22,0.035,mof_jgb_interest_rate_historical,2Y,https://www.mof.go.jp/english/policy/jgbs/reference/interest_rate/historical/jgbcme_all.csv,ok,2026-06-16 04:59:12.777910
JPY,,2Y,2023-09-25,0.033,mof_jgb_interest_rate_historical,2Y,https://www.mof.go.jp/english/policy/jgbs/reference/interest_rate/historical/jgbcme_all.csv,ok,2026-06-16 04:59:12.777910
JPY,,2Y,2023-09-26,0.034,mof_jgb_interest_rate_historical,2Y,https://www.mof.go.jp/english/policy/jgbs/reference/interest_rate/historical/jgbcme_all.csv,ok,2026-06-16 04:59:12.777910
JPY,,2Y,2023-09-27,0.034,mof_jgb_interest_rate_historical,2Y,https://www.mof.go.jp/english/policy/jgbs/reference/interest_rate/historical/jgbcme_all.csv,ok,2026-06-16 04:59:12.777910
JPY,,2Y,2023-09-28,0.044,mof_jgb_interest_rate_historical,2Y,https://www.mof.go.jp/english/policy/jgbs/reference/interest_rate/historical/jgbcme_all.csv,ok,2026-06-16 04:59:12.777910
JPY,,2Y,2023-09-29,0.044,mof_jgb_interest_rate_historical,2Y,https://www.mof.go.jp/english/policy/jgbs/reference/interest_rate/historical/jgbcme_all.csv,ok,2026-06-16 04:59:12.777910
JPY,,2Y,2023-10-02,0.055,mof_jgb_interest_rate_historical,2Y,https://www.mof.go.jp/english/policy/jgbs/reference/interest_rate/historical/jgbcme_all.csv,ok,2026-06-16 04:59:12.777910
JPY,,2Y,2023-10-03,0.051,mof_jgb_interest_rate_historical,2Y,https://www.mof.go.jp/english/policy/jgbs/reference/interest_rate/historical/jgbcme_all.csv,ok,2026-06-16 04:59:12.777910
JPY,,2Y,2023-10-04,0.061,mof_jgb_interest_rate_historical,2Y,https://www.mof.go.jp/english/policy/jgbs/reference/interest_rate/historical/jgbcme_all.csv,ok,2026-06-16 04:59:12.777910
JPY,,2Y,2023-10-05,0.061,mof_jgb_interest_rate_historical,2Y,https://www.mof.go.jp/english/policy/jgbs/reference/interest_rate/historical/jgbcme_all.csv,ok,2026-06-16 04:59:12.777910
JPY,,2Y,2023-10-06,0.061,mof_jgb_interest_rate_historical,2Y,https://www.mof.go.jp/english/policy/jgbs/reference/interest_rate/historical/jgbcme_all.csv,ok,2026-06-16 04:59:12.777910
JPY,,2Y,2023-10-10,0.058,mof_jgb_interest_rate_historical,2Y,https://www.mof.go.jp/english/policy/jgbs/reference/interest_rate/historical/jgbcme_all.csv,ok,2026-06-16 04:59:12.777910
JPY,,2Y,2023-10-11,0.058,mof_jgb_interest_rate_historical,2Y,https://www.mof.go.jp/english/policy/jgbs/reference/interest_rate/historical/jgbcme_all.csv,ok,2026-06-16 04:59:12.777910
JPY,,2Y,2023-10-12,0.047,mof_jgb_interest_rate_historical,2Y,https://www.mof.go.jp/english/policy/jgbs/reference/interest_rate/historical/jgbcme_all.csv,ok,2026-06-16 04:59:12.777910
JPY,,2Y,2023-10-13,0.044,mof_jgb_interest_rate_historical,2Y,https://www.mof.go.jp/english/policy/jgbs/reference/interest_rate/historical/jgbcme_all.csv,ok,2026-06-16 04:59:12.777910
JPY,,2Y,2023-10-16,0.043,mof_jgb_interest_rate_historical,2Y,https://www.mof.go.jp/english/policy/jgbs/reference/interest_rate/historical/jgbcme_all.csv,ok,2026-06-16 04:59:12.777910
JPY,,2Y,2023-10-17,0.059,mof_jgb_interest_rate_historical,2Y,https://www.mof.go.jp/english/policy/jgbs/reference/interest_rate/historical/jgbcme_all.csv,ok,2026-06-16 04:59:12.777910
JPY,,2Y,2023-10-18,0.07,mof_jgb_interest_rate_historical,2Y,https://www.mof.go.jp/english/policy/jgbs/reference/interest_rate/historical/jgbcme_all.csv,ok,2026-06-16 04:59:12.777910
JPY,,2Y,2023-10-19,0.081,mof_jgb_interest_rate_historical,2Y,https://www.mof.go.jp/english/policy/jgbs/reference/interest_rate/historical/jgbcme_all.csv,ok,2026-06-16 04:59:12.777910
JPY,,2Y,2023-10-20,0.075,mof_jgb_interest_rate_historical,2Y,https://www.mof.go.jp/english/policy/jgbs/reference/interest_rate/historical/jgbcme_all.csv,ok,2026-06-16 04:59:12.777910
JPY,,2Y,2023-10-23,0.087,mof_jgb_interest_rate_historical,2Y,https://www.mof.go.jp/english/policy/jgbs/reference/interest_rate/historical/jgbcme_all.csv,ok,2026-06-16 04:59:12.777910
JPY,,2Y,2023-10-24,0.082,mof_jgb_interest_rate_historical,2Y,https://www.mof.go.jp/english/policy/jgbs/reference/interest_rate/historical/jgbcme_all.csv,ok,2026-06-16 04:59:12.777910
JPY,,2Y,2023-10-25,0.077,mof_jgb_interest_rate_historical,2Y,https://www.mof.go.jp/english/policy/jgbs/reference/interest_rate/historical/jgbcme_all.csv,ok,2026-06-16 04:59:12.777910
JPY,,2Y,2023-10-26,0.093,mof_jgb_interest_rate_historical,2Y,https://www.mof.go.jp/english/policy/jgbs/reference/interest_rate/historical/jgbcme_all.csv,ok,2026-06-16 04:59:12.777910
JPY,,2Y,2023-10-27,0.094,mof_jgb_interest_rate_historical,2Y,https://www.mof.go.jp/english/policy/jgbs/reference/interest_rate/historical/jgbcme_all.csv,ok,2026-06-16 04:59:12.777910
JPY,,2Y,2023-10-30,0.119,mof_jgb_interest_rate_historical,2Y,https://www.mof.go.jp/english/policy/jgbs/reference/interest_rate/historical/jgbcme_all.csv,ok,2026-06-16 04:59:12.777910
JPY,,2Y,2023-10-31,0.149,mof_jgb_interest_rate_historical,2Y,https://www.mof.go.jp/english/policy/jgbs/reference/interest_rate/historical/jgbcme_all.csv,ok,2026-06-16 04:59:12.777910
JPY,,2Y,2023-11-01,0.155,mof_jgb_interest_rate_historical,2Y,https://www.mof.go.jp/english/policy/jgbs/reference/interest_rate/historical/jgbcme_all.csv,ok,2026-06-16 04:59:12.777910
JPY,,2Y,2023-11-02,0.135,mof_jgb_interest_rate_historical,2Y,https://www.mof.go.jp/english/policy/jgbs/reference/interest_rate/historical/jgbcme_all.csv,ok,2026-06-16 04:59:12.777910
JPY,,2Y,2023-11-06,0.127,mof_jgb_interest_rate_historical,2Y,https://www.mof.go.jp/english/policy/jgbs/reference/interest_rate/historical/jgbcme_all.csv,ok,2026-06-16 04:59:12.777910
JPY,,2Y,2023-11-07,0.127,mof_jgb_interest_rate_historical,2Y,https://www.mof.go.jp/english/policy/jgbs/reference/interest_rate/historical/jgbcme_all.csv,ok,2026-06-16 04:59:12.777910
JPY,,2Y,2023-11-08,0.117,mof_jgb_interest_rate_historical,2Y,https://www.mof.go.jp/english/policy/jgbs/reference/interest_rate/historical/jgbcme_all.csv,ok,2026-06-16 04:59:12.777910
JPY,,2Y,2023-11-09,0.107,mof_jgb_interest_rate_historical,2Y,https://www.mof.go.jp/english/policy/jgbs/reference/interest_rate/historical/jgbcme_all.csv,ok,2026-06-16 04:59:12.777910
JPY,,2Y,2023-11-10,0.108,mof_jgb_interest_rate_historical,2Y,https://www.mof.go.jp/english/policy/jgbs/reference/interest_rate/historical/jgbcme_all.csv,ok,2026-06-16 04:59:12.777910
JPY,,2Y,2023-11-13,0.103,mof_jgb_interest_rate_historical,2Y,https://www.mof.go.jp/english/policy/jgbs/reference/interest_rate/historical/jgbcme_all.csv,ok,2026-06-16 04:59:12.777910
JPY,,2Y,2023-11-14,0.093,mof_jgb_interest_rate_historical,2Y,https://www.mof.go.jp/english/policy/jgbs/reference/interest_rate/historical/jgbcme_all.csv,ok,2026-06-16 04:59:12.777910
JPY,,2Y,2023-11-15,0.069,mof_jgb_interest_rate_historical,2Y,https://www.mof.go.jp/english/policy/jgbs/reference/interest_rate/historical/jgbcme_all.csv,ok,2026-06-16 04:59:12.777910
JPY,,2Y,2023-11-16,0.057,mof_jgb_interest_rate_historical,2Y,https://www.mof.go.jp/english/policy/jgbs/reference/interest_rate/historical/jgbcme_all.csv,ok,2026-06-16 04:59:12.777910
JPY,,2Y,2023-11-17,0.046,mof_jgb_interest_rate_historical,2Y,https://www.mof.go.jp/english/policy/jgbs/reference/interest_rate/historical/jgbcme_all.csv,ok,2026-06-16 04:59:12.777910
JPY,,2Y,2023-11-20,0.046,mof_jgb_interest_rate_historical,2Y,https://www.mof.go.jp/english/policy/jgbs/reference/interest_rate/historical/jgbcme_all.csv,ok,2026-06-16 04:59:12.777910
JPY,,2Y,2023-11-21,0.036,mof_jgb_interest_rate_historical,2Y,https://www.mof.go.jp/english/policy/jgbs/reference/interest_rate/historical/jgbcme_all.csv,ok,2026-06-16 04:59:12.777910
JPY,,2Y,2023-11-22,0.052,mof_jgb_interest_rate_historical,2Y,https://www.mof.go.jp/english/policy/jgbs/reference/interest_rate/historical/jgbcme_all.csv,ok,2026-06-16 04:59:12.777910
JPY,,2Y,2023-11-24,0.068,mof_jgb_interest_rate_historical,2Y,https://www.mof.go.jp/english/policy/jgbs/reference/interest_rate/historical/jgbcme_all.csv,ok,2026-06-16 04:59:12.777910
JPY,,2Y,2023-11-27,0.068,mof_jgb_interest_rate_historical,2Y,https://www.mof.go.jp/english/policy/jgbs/reference/interest_rate/historical/jgbcme_all.csv,ok,2026-06-16 04:59:12.777910
JPY,,2Y,2023-11-28,0.065,mof_jgb_interest_rate_historical,2Y,https://www.mof.go.jp/english/policy/jgbs/reference/interest_rate/historical/jgbcme_all.csv,ok,2026-06-16 04:59:12.777910
JPY,,2Y,2023-11-29,0.048,mof_jgb_interest_rate_historical,2Y,https://www.mof.go.jp/english/policy/jgbs/reference/interest_rate/historical/jgbcme_all.csv,ok,2026-06-16 04:59:12.777910
JPY,,2Y,2023-11-30,0.049,mof_jgb_interest_rate_historical,2Y,https://www.mof.go.jp/english/policy/jgbs/reference/interest_rate/historical/jgbcme_all.csv,ok,2026-06-16 04:59:12.777910
JPY,,2Y,2023-12-01,0.04,mof_jgb_interest_rate_historical,2Y,https://www.mof.go.jp/english/policy/jgbs/reference/interest_rate/historical/jgbcme_all.csv,ok,2026-06-16 04:59:12.777910
JPY,,2Y,2023-12-04,0.031,mof_jgb_interest_rate_historical,2Y,https://www.mof.go.jp/english/policy/jgbs/reference/interest_rate/historical/jgbcme_all.csv,ok,2026-06-16 04:59:12.777910
JPY,,2Y,2023-12-05,0.036,mof_jgb_interest_rate_historical,2Y,https://www.mof.go.jp/english/policy/jgbs/reference/interest_rate/historical/jgbcme_all.csv,ok,2026-06-16 04:59:12.777910
JPY,,2Y,2023-12-06,0.036,mof_jgb_interest_rate_historical,2Y,https://www.mof.go.jp/english/policy/jgbs/reference/interest_rate/historical/jgbcme_all.csv,ok,2026-06-16 04:59:12.777910
JPY,,2Y,2023-12-07,0.087,mof_jgb_interest_rate_historical,2Y,https://www.mof.go.jp/english/policy/jgbs/reference/interest_rate/historical/jgbcme_all.csv,ok,2026-06-16 04:59:12.777910
JPY,,2Y,2023-12-08,0.092,mof_jgb_interest_rate_historical,2Y,https://www.mof.go.jp/english/policy/jgbs/reference/interest_rate/historical/jgbcme_all.csv,ok,2026-06-16 04:59:12.777910
JPY,,2Y,2023-12-11,0.088,mof_jgb_interest_rate_historical,2Y,https://www.mof.go.jp/english/policy/jgbs/reference/interest_rate/historical/jgbcme_all.csv,ok,2026-06-16 04:59:12.777910
JPY,,2Y,2023-12-12,0.067,mof_jgb_interest_rate_historical,2Y,https://www.mof.go.jp/english/policy/jgbs/reference/interest_rate/historical/jgbcme_all.csv,ok,2026-06-16 04:59:12.777910
JPY,,2Y,2023-12-13,0.048,mof_jgb_interest_rate_historical,2Y,https://www.mof.go.jp/english/policy/jgbs/reference/interest_rate/historical/jgbcme_all.csv,ok,2026-06-16 04:59:12.777910
JPY,,2Y,2023-12-14,0.057,mof_jgb_interest_rate_historical,2Y,https://www.mof.go.jp/english/policy/jgbs/reference/interest_rate/historical/jgbcme_all.csv,ok,2026-06-16 04:59:12.777910
JPY,,2Y,2023-12-15,0.087,mof_jgb_interest_rate_historical,2Y,https://www.mof.go.jp/english/policy/jgbs/reference/interest_rate/historical/jgbcme_all.csv,ok,2026-06-16 04:59:12.777910
JPY,,2Y,2023-12-18,0.079,mof_jgb_interest_rate_historical,2Y,https://www.mof.go.jp/english/policy/jgbs/reference/interest_rate/historical/jgbcme_all.csv,ok,2026-06-16 04:59:12.777910
JPY,,2Y,2023-12-19,0.068,mof_jgb_interest_rate_historical,2Y,https://www.mof.go.jp/english/policy/jgbs/reference/interest_rate/historical/jgbcme_all.csv,ok,2026-06-16 04:59:12.777910
JPY,,2Y,2023-12-20,0.033,mof_jgb_interest_rate_historical,2Y,https://www.mof.go.jp/english/policy/jgbs/reference/interest_rate/historical/jgbcme_all.csv,ok,2026-06-16 04:59:12.777910
JPY,,2Y,2023-12-21,0.037,mof_jgb_interest_rate_historical,2Y,https://www.mof.go.jp/english/policy/jgbs/reference/interest_rate/historical/jgbcme_all.csv,ok,2026-06-16 04:59:12.777910
JPY,,2Y,2023-12-22,0.046,mof_jgb_interest_rate_historical,2Y,https://www.mof.go.jp/english/policy/jgbs/reference/interest_rate/historical/jgbcme_all.csv,ok,2026-06-16 04:59:12.777910
JPY,,2Y,2023-12-25,0.038,mof_jgb_interest_rate_historical,2Y,https://www.mof.go.jp/english/policy/jgbs/reference/interest_rate/historical/jgbcme_all.csv,ok,2026-06-16 04:59:12.777910
JPY,,2Y,2023-12-26,0.065,mof_jgb_interest_rate_historical,2Y,https://www.mof.go.jp/english/policy/jgbs/reference/interest_rate/historical/jgbcme_all.csv,ok,2026-06-16 04:59:12.777910
JPY,,2Y,2023-12-27,0.05,mof_jgb_interest_rate_historical,2Y,https://www.mof.go.jp/english/policy/jgbs/reference/interest_rate/historical/jgbcme_all.csv,ok,2026-06-16 04:59:12.777910
JPY,,2Y,2023-12-28,0.037,mof_jgb_interest_rate_historical,2Y,https://www.mof.go.jp/english/policy/jgbs/reference/interest_rate/historical/jgbcme_all.csv,ok,2026-06-16 04:59:12.777910
JPY,,2Y,2023-12-29,0.048,mof_jgb_interest_rate_historical,2Y,https://www.mof.go.jp/english/policy/jgbs/reference/interest_rate/historical/jgbcme_all.csv,ok,2026-06-16 04:59:12.777910
JPY,,2Y,2024-01-04,0.05,mof_jgb_interest_rate_historical,2Y,https://www.mof.go.jp/english/policy/jgbs/reference/interest_rate/historical/jgbcme_all.csv,ok,2026-06-16 04:59:12.777910
JPY,,2Y,2024-01-05,0.035,mof_jgb_interest_rate_historical,2Y,https://www.mof.go.jp/english/policy/jgbs/reference/interest_rate/historical/jgbcme_all.csv,ok,2026-06-16 04:59:12.777910
JPY,,2Y,2024-01-09,0.025,mof_jgb_interest_rate_historical,2Y,https://www.mof.go.jp/english/policy/jgbs/reference/interest_rate/historical/jgbcme_all.csv,ok,2026-06-16 04:59:12.777910
JPY,,2Y,2024-01-10,0.025,mof_jgb_interest_rate_historical,2Y,https://www.mof.go.jp/english/policy/jgbs/reference/interest_rate/historical/jgbcme_all.csv,ok,2026-06-16 04:59:12.777910
JPY,,2Y,2024-01-11,0.015,mof_jgb_interest_rate_historical,2Y,https://www.mof.go.jp/english/policy/jgbs/reference/interest_rate/historical/jgbcme_all.csv,ok,2026-06-16 04:59:12.777910
JPY,,2Y,2024-01-12,0.005,mof_jgb_interest_rate_historical,2Y,https://www.mof.go.jp/english/policy/jgbs/reference/interest_rate/historical/jgbcme_all.csv,ok,2026-06-16 04:59:12.777910
JPY,,2Y,2024-01-15,-0.001,mof_jgb_interest_rate_historical,2Y,https://www.mof.go.jp/english/policy/jgbs/reference/interest_rate/historical/jgbcme_all.csv,ok,2026-06-16 04:59:12.777910
JPY,,2Y,2024-01-16,0.02,mof_jgb_interest_rate_historical,2Y,https://www.mof.go.jp/english/policy/jgbs/reference/interest_rate/historical/jgbcme_all.csv,ok,2026-06-16 04:59:12.777910
JPY,,2Y,2024-01-17,0.025,mof_jgb_interest_rate_historical,2Y,https://www.mof.go.jp/english/policy/jgbs/reference/interest_rate/historical/jgbcme_all.csv,ok,2026-06-16 04:59:12.777910
JPY,,2Y,2024-01-18,0.036,mof_jgb_interest_rate_historical,2Y,https://www.mof.go.jp/english/policy/jgbs/reference/interest_rate/historical/jgbcme_all.csv,ok,2026-06-16 04:59:12.777910
JPY,,2Y,2024-01-19,0.031,mof_jgb_interest_rate_historical,2Y,https://www.mof.go.jp/english/policy/jgbs/reference/interest_rate/historical/jgbcme_all.csv,ok,2026-06-16 04:59:12.777910
JPY,,2Y,2024-01-22,0.025,mof_jgb_interest_rate_historical,2Y,https://www.mof.go.jp/english/policy/jgbs/reference/interest_rate/historical/jgbcme_all.csv,ok,2026-06-16 04:59:12.777910
JPY,,2Y,2024-01-23,0.025,mof_jgb_interest_rate_historical,2Y,https://www.mof.go.jp/english/policy/jgbs/reference/interest_rate/historical/jgbcme_all.csv,ok,2026-06-16 04:59:12.777910
JPY,,2Y,2024-01-24,0.07,mof_jgb_interest_rate_historical,2Y,https://www.mof.go.jp/english/policy/jgbs/reference/interest_rate/historical/jgbcme_all.csv,ok,2026-06-16 04:59:12.777910
JPY,,2Y,2024-01-25,0.067,mof_jgb_interest_rate_historical,2Y,https://www.mof.go.jp/english/policy/jgbs/reference/interest_rate/historical/jgbcme_all.csv,ok,2026-06-16 04:59:12.777910
JPY,,2Y,2024-01-26,0.052,mof_jgb_interest_rate_historical,2Y,https://www.mof.go.jp/english/policy/jgbs/reference/interest_rate/historical/jgbcme_all.csv,ok,2026-06-16 04:59:12.777910
JPY,,2Y,2024-01-29,0.063,mof_jgb_interest_rate_historical,2Y,https://www.mof.go.jp/english/policy/jgbs/reference/interest_rate/historical/jgbcme_all.csv,ok,2026-06-16 04:59:12.777910
JPY,,2Y,2024-01-30,0.074,mof_jgb_interest_rate_historical,2Y,https://www.mof.go.jp/english/policy/jgbs/reference/interest_rate/historical/jgbcme_all.csv,ok,2026-06-16 04:59:12.777910
JPY,,2Y,2024-01-31,0.094,mof_jgb_interest_rate_historical,2Y,https://www.mof.go.jp/english/policy/jgbs/reference/interest_rate/historical/jgbcme_all.csv,ok,2026-06-16 04:59:12.777910
JPY,,2Y,2024-02-01,0.085,mof_jgb_interest_rate_historical,2Y,https://www.mof.go.jp/english/policy/jgbs/reference/interest_rate/historical/jgbcme_all.csv,ok,2026-06-16 04:59:12.777910
JPY,,2Y,2024-02-02,0.1,mof_jgb_interest_rate_historical,2Y,https://www.mof.go.jp/english/policy/jgbs/reference/interest_rate/historical/jgbcme_all.csv,ok,2026-06-16 04:59:12.777910
JPY,,2Y,2024-02-05,0.111,mof_jgb_interest_rate_historical,2Y,https://www.mof.go.jp/english/policy/jgbs/reference/interest_rate/historical/jgbcme_all.csv,ok,2026-06-16 04:59:12.777910
JPY,,2Y,2024-02-06,0.106,mof_jgb_interest_rate_historical,2Y,https://www.mof.go.jp/english/policy/jgbs/reference/interest_rate/historical/jgbcme_all.csv,ok,2026-06-16 04:59:12.777910
JPY,,2Y,2024-02-07,0.101,mof_jgb_interest_rate_historical,2Y,https://www.mof.go.jp/english/policy/jgbs/reference/interest_rate/historical/jgbcme_all.csv,ok,2026-06-16 04:59:12.777910
JPY,,2Y,2024-02-08,0.101,mof_jgb_interest_rate_historical,2Y,https://www.mof.go.jp/english/policy/jgbs/reference/interest_rate/historical/jgbcme_all.csv,ok,2026-06-16 04:59:12.777910
JPY,,2Y,2024-02-09,0.116,mof_jgb_interest_rate_historical,2Y,https://www.mof.go.jp/english/policy/jgbs/reference/interest_rate/historical/jgbcme_all.csv,ok,2026-06-16 04:59:12.777910
JPY,,2Y,2024-02-13,0.128,mof_jgb_interest_rate_historical,2Y,https://www.mof.go.jp/english/policy/jgbs/reference/interest_rate/historical/jgbcme_all.csv,ok,2026-06-16 04:59:12.777910
JPY,,2Y,2024-02-14,0.143,mof_jgb_interest_rate_historical,2Y,https://www.mof.go.jp/english/policy/jgbs/reference/interest_rate/historical/jgbcme_all.csv,ok,2026-06-16 04:59:12.777910
JPY,,2Y,2024-02-15,0.137,mof_jgb_interest_rate_historical,2Y,https://www.mof.go.jp/english/policy/jgbs/reference/interest_rate/historical/jgbcme_all.csv,ok,2026-06-16 04:59:12.777910
JPY,,2Y,2024-02-16,0.143,mof_jgb_interest_rate_historical,2Y,https://www.mof.go.jp/english/policy/jgbs/reference/interest_rate/historical/jgbcme_all.csv,ok,2026-06-16 04:59:12.777910
JPY,,2Y,2024-02-19,0.15,mof_jgb_interest_rate_historical,2Y,https://www.mof.go.jp/english/policy/jgbs/reference/interest_rate/historical/jgbcme_all.csv,ok,2026-06-16 04:59:12.777910
JPY,,2Y,2024-02-20,0.151,mof_jgb_interest_rate_historical,2Y,https://www.mof.go.jp/english/policy/jgbs/reference/interest_rate/historical/jgbcme_all.csv,ok,2026-06-16 04:59:12.777910
JPY,,2Y,2024-02-21,0.155,mof_jgb_interest_rate_historical,2Y,https://www.mof.go.jp/english/policy/jgbs/reference/interest_rate/historical/jgbcme_all.csv,ok,2026-06-16 04:59:12.777910
JPY,,2Y,2024-02-22,0.158,mof_jgb_interest_rate_historical,2Y,https://www.mof.go.jp/english/policy/jgbs/reference/interest_rate/historical/jgbcme_all.csv,ok,2026-06-16 04:59:12.777910
JPY,,2Y,2024-02-26,0.159,mof_jgb_interest_rate_historical,2Y,https://www.mof.go.jp/english/policy/jgbs/reference/interest_rate/historical/jgbcme_all.csv,ok,2026-06-16 04:59:12.777910
JPY,,2Y,2024-02-27,0.173,mof_jgb_interest_rate_historical,2Y,https://www.mof.go.jp/english/policy/jgbs/reference/interest_rate/historical/jgbcme_all.csv,ok,2026-06-16 04:59:12.777910
JPY,,2Y,2024-02-28,0.166,mof_jgb_interest_rate_historical,2Y,https://www.mof.go.jp/english/policy/jgbs/reference/interest_rate/historical/jgbcme_all.csv,ok,2026-06-16 04:59:12.777910
JPY,,2Y,2024-02-29,0.19,mof_jgb_interest_rate_historical,2Y,https://www.mof.go.jp/english/policy/jgbs/reference/interest_rate/historical/jgbcme_all.csv,ok,2026-06-16 04:59:12.777910
JPY,,2Y,2024-03-01,0.18,mof_jgb_interest_rate_historical,2Y,https://www.mof.go.jp/english/policy/jgbs/reference/interest_rate/historical/jgbcme_all.csv,ok,2026-06-16 04:59:12.777910
JPY,,2Y,2024-03-04,0.176,mof_jgb_interest_rate_historical,2Y,https://www.mof.go.jp/english/policy/jgbs/reference/interest_rate/historical/jgbcme_all.csv,ok,2026-06-16 04:59:12.777910
JPY,,2Y,2024-03-05,0.175,mof_jgb_interest_rate_historical,2Y,https://www.mof.go.jp/english/policy/jgbs/reference/interest_rate/historical/jgbcme_all.csv,ok,2026-06-16 04:59:12.777910
JPY,,2Y,2024-03-06,0.186,mof_jgb_interest_rate_historical,2Y,https://www.mof.go.jp/english/policy/jgbs/reference/interest_rate/historical/jgbcme_all.csv,ok,2026-06-16 04:59:12.777910
JPY,,2Y,2024-03-07,0.191,mof_jgb_interest_rate_historical,2Y,https://www.mof.go.jp/english/policy/jgbs/reference/interest_rate/historical/jgbcme_all.csv,ok,2026-06-16 04:59:12.777910
JPY,,2Y,2024-03-08,0.202,mof_jgb_interest_rate_historical,2Y,https://www.mof.go.jp/english/policy/jgbs/reference/interest_rate/historical/jgbcme_all.csv,ok,2026-06-16 04:59:12.777910
JPY,,2Y,2024-03-11,0.202,mof_jgb_interest_rate_historical,2Y,https://www.mof.go.jp/english/policy/jgbs/reference/interest_rate/historical/jgbcme_all.csv,ok,2026-06-16 04:59:12.777910
JPY,,2Y,2024-03-12,0.197,mof_jgb_interest_rate_historical,2Y,https://www.mof.go.jp/english/policy/jgbs/reference/interest_rate/historical/jgbcme_all.csv,ok,2026-06-16 04:59:12.777910
JPY,,2Y,2024-03-13,0.197,mof_jgb_interest_rate_historical,2Y,https://www.mof.go.jp/english/policy/jgbs/reference/interest_rate/historical/jgbcme_all.csv,ok,2026-06-16 04:59:12.777910
JPY,,2Y,2024-03-14,0.198,mof_jgb_interest_rate_historical,2Y,https://www.mof.go.jp/english/policy/jgbs/reference/interest_rate/historical/jgbcme_all.csv,ok,2026-06-16 04:59:12.777910
JPY,,2Y,2024-03-15,0.193,mof_jgb_interest_rate_historical,2Y,https://www.mof.go.jp/english/policy/jgbs/reference/interest_rate/historical/jgbcme_all.csv,ok,2026-06-16 04:59:12.777910
JPY,,2Y,2024-03-18,0.188,mof_jgb_interest_rate_historical,2Y,https://www.mof.go.jp/english/policy/jgbs/reference/interest_rate/historical/jgbcme_all.csv,ok,2026-06-16 04:59:12.777910
JPY,,2Y,2024-03-19,0.178,mof_jgb_interest_rate_historical,2Y,https://www.mof.go.jp/english/policy/jgbs/reference/interest_rate/historical/jgbcme_all.csv,ok,2026-06-16 04:59:12.777910
JPY,,2Y,2024-03-21,0.205,mof_jgb_interest_rate_historical,2Y,https://www.mof.go.jp/english/policy/jgbs/reference/interest_rate/historical/jgbcme_all.csv,ok,2026-06-16 04:59:12.777910
JPY,,2Y,2024-03-22,0.206,mof_jgb_interest_rate_historical,2Y,https://www.mof.go.jp/english/policy/jgbs/reference/interest_rate/historical/jgbcme_all.csv,ok,2026-06-16 04:59:12.777910
JPY,,2Y,2024-03-25,0.206,mof_jgb_interest_rate_historical,2Y,https://www.mof.go.jp/english/policy/jgbs/reference/interest_rate/historical/jgbcme_all.csv,ok,2026-06-16 04:59:12.777910
JPY,,2Y,2024-03-26,0.207,mof_jgb_interest_rate_historical,2Y,https://www.mof.go.jp/english/policy/jgbs/reference/interest_rate/historical/jgbcme_all.csv,ok,2026-06-16 04:59:12.777910
JPY,,2Y,2024-03-27,0.204,mof_jgb_interest_rate_historical,2Y,https://www.mof.go.jp/english/policy/jgbs/reference/interest_rate/historical/jgbcme_all.csv,ok,2026-06-16 04:59:12.777910
JPY,,2Y,2024-03-28,0.196,mof_jgb_interest_rate_historical,2Y,https://www.mof.go.jp/english/policy/jgbs/reference/interest_rate/historical/jgbcme_all.csv,ok,2026-06-16 04:59:12.777910
JPY,,2Y,2024-03-29,0.189,mof_jgb_interest_rate_historical,2Y,https://www.mof.go.jp/english/policy/jgbs/reference/interest_rate/historical/jgbcme_all.csv,ok,2026-06-16 04:59:12.777910
JPY,,2Y,2024-04-01,0.195,mof_jgb_interest_rate_historical,2Y,https://www.mof.go.jp/english/policy/jgbs/reference/interest_rate/historical/jgbcme_all.csv,ok,2026-06-16 04:59:12.777910
JPY,,2Y,2024-04-02,0.2,mof_jgb_interest_rate_historical,2Y,https://www.mof.go.jp/english/policy/jgbs/reference/interest_rate/historical/jgbcme_all.csv,ok,2026-06-16 04:59:12.777910
JPY,,2Y,2024-04-03,0.191,mof_jgb_interest_rate_historical,2Y,https://www.mof.go.jp/english/policy/jgbs/reference/interest_rate/historical/jgbcme_all.csv,ok,2026-06-16 04:59:12.777910
JPY,,2Y,2024-04-04,0.196,mof_jgb_interest_rate_historical,2Y,https://www.mof.go.jp/english/policy/jgbs/reference/interest_rate/historical/jgbcme_all.csv,ok,2026-06-16 04:59:12.777910
JPY,,2Y,2024-04-05,0.211,mof_jgb_interest_rate_historical,2Y,https://www.mof.go.jp/english/policy/jgbs/reference/interest_rate/historical/jgbcme_all.csv,ok,2026-06-16 04:59:12.777910
JPY,,2Y,2024-04-08,0.228,mof_jgb_interest_rate_historical,2Y,https://www.mof.go.jp/english/policy/jgbs/reference/interest_rate/historical/jgbcme_all.csv,ok,2026-06-16 04:59:12.777910
JPY,,2Y,2024-04-09,0.223,mof_jgb_interest_rate_historical,2Y,https://www.mof.go.jp/english/policy/jgbs/reference/interest_rate/historical/jgbcme_all.csv,ok,2026-06-16 04:59:12.777910
JPY,,2Y,2024-04-10,0.233,mof_jgb_interest_rate_historical,2Y,https://www.mof.go.jp/english/policy/jgbs/reference/interest_rate/historical/jgbcme_all.csv,ok,2026-06-16 04:59:12.777910
JPY,,2Y,2024-04-11,0.27,mof_jgb_interest_rate_historical,2Y,https://www.mof.go.jp/english/policy/jgbs/reference/interest_rate/historical/jgbcme_all.csv,ok,2026-06-16 04:59:12.777910
JPY,,2Y,2024-04-12,0.281,mof_jgb_interest_rate_historical,2Y,https://www.mof.go.jp/english/policy/jgbs/reference/interest_rate/historical/jgbcme_all.csv,ok,2026-06-16 04:59:12.777910
JPY,,2Y,2024-04-15,0.275,mof_jgb_interest_rate_historical,2Y,https://www.mof.go.jp/english/policy/jgbs/reference/interest_rate/historical/jgbcme_all.csv,ok,2026-06-16 04:59:12.777910
JPY,,2Y,2024-04-16,0.281,mof_jgb_interest_rate_historical,2Y,https://www.mof.go.jp/english/policy/jgbs/reference/interest_rate/historical/jgbcme_all.csv,ok,2026-06-16 04:59:12.777910
JPY,,2Y,2024-04-17,0.288,mof_jgb_interest_rate_historical,2Y,https://www.mof.go.jp/english/policy/jgbs/reference/interest_rate/historical/jgbcme_all.csv,ok,2026-06-16 04:59:12.777910
JPY,,2Y,2024-04-18,0.278,mof_jgb_interest_rate_historical,2Y,https://www.mof.go.jp/english/policy/jgbs/reference/interest_rate/historical/jgbcme_all.csv,ok,2026-06-16 04:59:12.777910
JPY,,2Y,2024-04-19,0.263,mof_jgb_interest_rate_historical,2Y,https://www.mof.go.jp/english/policy/jgbs/reference/interest_rate/historical/jgbcme_all.csv,ok,2026-06-16 04:59:12.777910
JPY,,2Y,2024-04-22,0.29,mof_jgb_interest_rate_historical,2Y,https://www.mof.go.jp/english/policy/jgbs/reference/interest_rate/historical/jgbcme_all.csv,ok,2026-06-16 04:59:12.777910
JPY,,2Y,2024-04-23,0.297,mof_jgb_interest_rate_historical,2Y,https://www.mof.go.jp/english/policy/jgbs/reference/interest_rate/historical/jgbcme_all.csv,ok,2026-06-16 04:59:12.777910
JPY,,2Y,2024-04-24,0.298,mof_jgb_interest_rate_historical,2Y,https://www.mof.go.jp/english/policy/jgbs/reference/interest_rate/historical/jgbcme_all.csv,ok,2026-06-16 04:59:12.777910
JPY,,2Y,2024-04-25,0.298,mof_jgb_interest_rate_historical,2Y,https://www.mof.go.jp/english/policy/jgbs/reference/interest_rate/historical/jgbcme_all.csv,ok,2026-06-16 04:59:12.777910
JPY,,2Y,2024-04-26,0.298,mof_jgb_interest_rate_historical,2Y,https://www.mof.go.jp/english/policy/jgbs/reference/interest_rate/historical/jgbcme_all.csv,ok,2026-06-16 04:59:12.777910
JPY,,2Y,2024-04-30,0.275,mof_jgb_interest_rate_historical,2Y,https://www.mof.go.jp/english/policy/jgbs/reference/interest_rate/historical/jgbcme_all.csv,ok,2026-06-16 04:59:12.777910
JPY,,2Y,2024-05-01,0.29,mof_jgb_interest_rate_historical,2Y,https://www.mof.go.jp/english/policy/jgbs/reference/interest_rate/historical/jgbcme_all.csv,ok,2026-06-16 04:59:12.777910
JPY,,2Y,2024-05-02,0.29,mof_jgb_interest_rate_historical,2Y,https://www.mof.go.jp/english/policy/jgbs/reference/interest_rate/historical/jgbcme_all.csv,ok,2026-06-16 04:59:12.777910
JPY,,2Y,2024-05-07,0.282,mof_jgb_interest_rate_historical,2Y,https://www.mof.go.jp/english/policy/jgbs/reference/interest_rate/historical/jgbcme_all.csv,ok,2026-06-16 04:59:12.777910
JPY,,2Y,2024-05-08,0.288,mof_jgb_interest_rate_historical,2Y,https://www.mof.go.jp/english/policy/jgbs/reference/interest_rate/historical/jgbcme_all.csv,ok,2026-06-16 04:59:12.777910
JPY,,2Y,2024-05-09,0.313,mof_jgb_interest_rate_historical,2Y,https://www.mof.go.jp/english/policy/jgbs/reference/interest_rate/historical/jgbcme_all.csv,ok,2026-06-16 04:59:12.777910
JPY,,2Y,2024-05-10,0.319,mof_jgb_interest_rate_historical,2Y,https://www.mof.go.jp/english/policy/jgbs/reference/interest_rate/historical/jgbcme_all.csv,ok,2026-06-16 04:59:12.777910
JPY,,2Y,2024-05-13,0.335,mof_jgb_interest_rate_historical,2Y,https://www.mof.go.jp/english/policy/jgbs/reference/interest_rate/historical/jgbcme_all.csv,ok,2026-06-16 04:59:12.777910
JPY,,2Y,2024-05-14,0.346,mof_jgb_interest_rate_historical,2Y,https://www.mof.go.jp/english/policy/jgbs/reference/interest_rate/historical/jgbcme_all.csv,ok,2026-06-16 04:59:12.777910
JPY,,2Y,2024-05-15,0.341,mof_jgb_interest_rate_historical,2Y,https://www.mof.go.jp/english/policy/jgbs/reference/interest_rate/historical/jgbcme_all.csv,ok,2026-06-16 04:59:12.777910
JPY,,2Y,2024-05-16,0.326,mof_jgb_interest_rate_historical,2Y,https://www.mof.go.jp/english/policy/jgbs/reference/interest_rate/historical/jgbcme_all.csv,ok,2026-06-16 04:59:12.777910
JPY,,2Y,2024-05-17,0.337,mof_jgb_interest_rate_historical,2Y,https://www.mof.go.jp/english/policy/jgbs/reference/interest_rate/historical/jgbcme_all.csv,ok,2026-06-16 04:59:12.777910
JPY,,2Y,2024-05-20,0.349,mof_jgb_interest_rate_historical,2Y,https://www.mof.go.jp/english/policy/jgbs/reference/interest_rate/historical/jgbcme_all.csv,ok,2026-06-16 04:59:12.777910
JPY,,2Y,2024-05-21,0.349,mof_jgb_interest_rate_historical,2Y,https://www.mof.go.jp/english/policy/jgbs/reference/interest_rate/historical/jgbcme_all.csv,ok,2026-06-16 04:59:12.777910
JPY,,2Y,2024-05-22,0.356,mof_jgb_interest_rate_historical,2Y,https://www.mof.go.jp/english/policy/jgbs/reference/interest_rate/historical/jgbcme_all.csv,ok,2026-06-16 04:59:12.777910
JPY,,2Y,2024-05-23,0.345,mof_jgb_interest_rate_historical,2Y,https://www.mof.go.jp/english/policy/jgbs/reference/interest_rate/historical/jgbcme_all.csv,ok,2026-06-16 04:59:12.777910
JPY,,2Y,2024-05-24,0.345,mof_jgb_interest_rate_historical,2Y,https://www.mof.go.jp/english/policy/jgbs/reference/interest_rate/historical/jgbcme_all.csv,ok,2026-06-16 04:59:12.777910
JPY,,2Y,2024-05-27,0.357,mof_jgb_interest_rate_historical,2Y,https://www.mof.go.jp/english/policy/jgbs/reference/interest_rate/historical/jgbcme_all.csv,ok,2026-06-16 04:59:12.777910
JPY,,2Y,2024-05-28,0.357,mof_jgb_interest_rate_historical,2Y,https://www.mof.go.jp/english/policy/jgbs/reference/interest_rate/historical/jgbcme_all.csv,ok,2026-06-16 04:59:12.777910
JPY,,2Y,2024-05-29,0.387,mof_jgb_interest_rate_historical,2Y,https://www.mof.go.jp/english/policy/jgbs/reference/interest_rate/historical/jgbcme_all.csv,ok,2026-06-16 04:59:12.777910
JPY,,2Y,2024-05-30,0.399,mof_jgb_interest_rate_historical,2Y,https://www.mof.go.jp/english/policy/jgbs/reference/interest_rate/historical/jgbcme_all.csv,ok,2026-06-16 04:59:12.777910
JPY,,2Y,2024-05-31,0.399,mof_jgb_interest_rate_historical,2Y,https://www.mof.go.jp/english/policy/jgbs/reference/interest_rate/historical/jgbcme_all.csv,ok,2026-06-16 04:59:12.777910
JPY,,2Y,2024-06-03,0.401,mof_jgb_interest_rate_historical,2Y,https://www.mof.go.jp/english/policy/jgbs/reference/interest_rate/historical/jgbcme_all.csv,ok,2026-06-16 04:59:12.777910
JPY,,2Y,2024-06-04,0.386,mof_jgb_interest_rate_historical,2Y,https://www.mof.go.jp/english/policy/jgbs/reference/interest_rate/historical/jgbcme_all.csv,ok,2026-06-16 04:59:12.777910
JPY,,2Y,2024-06-05,0.356,mof_jgb_interest_rate_historical,2Y,https://www.mof.go.jp/english/policy/jgbs/reference/interest_rate/historical/jgbcme_all.csv,ok,2026-06-16 04:59:12.777910
JPY,,2Y,2024-06-06,0.336,mof_jgb_interest_rate_historical,2Y,https://www.mof.go.jp/english/policy/jgbs/reference/interest_rate/historical/jgbcme_all.csv,ok,2026-06-16 04:59:12.777910
JPY,,2Y,2024-06-07,0.351,mof_jgb_interest_rate_historical,2Y,https://www.mof.go.jp/english/policy/jgbs/reference/interest_rate/historical/jgbcme_all.csv,ok,2026-06-16 04:59:12.777910
JPY,,2Y,2024-06-10,0.383,mof_jgb_interest_rate_historical,2Y,https://www.mof.go.jp/english/policy/jgbs/reference/interest_rate/historical/jgbcme_all.csv,ok,2026-06-16 04:59:12.777910
JPY,,2Y,2024-06-11,0.372,mof_jgb_interest_rate_historical,2Y,https://www.mof.go.jp/english/policy/jgbs/reference/interest_rate/historical/jgbcme_all.csv,ok,2026-06-16 04:59:12.777910
JPY,,2Y,2024-06-12,0.343,mof_jgb_interest_rate_historical,2Y,https://www.mof.go.jp/english/policy/jgbs/reference/interest_rate/historical/jgbcme_all.csv,ok,2026-06-16 04:59:12.777910
JPY,,2Y,2024-06-13,0.332,mof_jgb_interest_rate_historical,2Y,https://www.mof.go.jp/english/policy/jgbs/reference/interest_rate/historical/jgbcme_all.csv,ok,2026-06-16 04:59:12.777910
JPY,,2Y,2024-06-14,0.302,mof_jgb_interest_rate_historical,2Y,https://www.mof.go.jp/english/policy/jgbs/reference/interest_rate/historical/jgbcme_all.csv,ok,2026-06-16 04:59:12.777910
JPY,,2Y,2024-06-17,0.291,mof_jgb_interest_rate_historical,2Y,https://www.mof.go.jp/english/policy/jgbs/reference/interest_rate/historical/jgbcme_all.csv,ok,2026-06-16 04:59:12.777910
JPY,,2Y,2024-06-18,0.288,mof_jgb_interest_rate_historical,2Y,https://www.mof.go.jp/english/policy/jgbs/reference/interest_rate/historical/jgbcme_all.csv,ok,2026-06-16 04:59:12.777910
JPY,,2Y,2024-06-19,0.286,mof_jgb_interest_rate_historical,2Y,https://www.mof.go.jp/english/policy/jgbs/reference/interest_rate/historical/jgbcme_all.csv,ok,2026-06-16 04:59:12.777910
JPY,,2Y,2024-06-20,0.292,mof_jgb_interest_rate_historical,2Y,https://www.mof.go.jp/english/policy/jgbs/reference/interest_rate/historical/jgbcme_all.csv,ok,2026-06-16 04:59:12.777910
JPY,,2Y,2024-06-21,0.313,mof_jgb_interest_rate_historical,2Y,https://www.mof.go.jp/english/policy/jgbs/reference/interest_rate/historical/jgbcme_all.csv,ok,2026-06-16 04:59:12.777910
JPY,,2Y,2024-06-24,0.309,mof_jgb_interest_rate_historical,2Y,https://www.mof.go.jp/english/policy/jgbs/reference/interest_rate/historical/jgbcme_all.csv,ok,2026-06-16 04:59:12.777910
JPY,,2Y,2024-06-25,0.306,mof_jgb_interest_rate_historical,2Y,https://www.mof.go.jp/english/policy/jgbs/reference/interest_rate/historical/jgbcme_all.csv,ok,2026-06-16 04:59:12.777910
JPY,,2Y,2024-06-26,0.312,mof_jgb_interest_rate_historical,2Y,https://www.mof.go.jp/english/policy/jgbs/reference/interest_rate/historical/jgbcme_all.csv,ok,2026-06-16 04:59:12.777910
JPY,,2Y,2024-06-27,0.372,mof_jgb_interest_rate_historical,2Y,https://www.mof.go.jp/english/policy/jgbs/reference/interest_rate/historical/jgbcme_all.csv,ok,2026-06-16 04:59:12.777910
JPY,,2Y,2024-06-28,0.353,mof_jgb_interest_rate_historical,2Y,https://www.mof.go.jp/english/policy/jgbs/reference/interest_rate/historical/jgbcme_all.csv,ok,2026-06-16 04:59:12.777910
JPY,,2Y,2024-07-01,0.36,mof_jgb_interest_rate_historical,2Y,https://www.mof.go.jp/english/policy/jgbs/reference/interest_rate/historical/jgbcme_all.csv,ok,2026-06-16 04:59:12.777910
JPY,,2Y,2024-07-02,0.365,mof_jgb_interest_rate_historical,2Y,https://www.mof.go.jp/english/policy/jgbs/reference/interest_rate/historical/jgbcme_all.csv,ok,2026-06-16 04:59:12.777910
JPY,,2Y,2024-07-03,0.35,mof_jgb_interest_rate_historical,2Y,https://www.mof.go.jp/english/policy/jgbs/reference/interest_rate/historical/jgbcme_all.csv,ok,2026-06-16 04:59:12.777910
JPY,,2Y,2024-07-04,0.34,mof_jgb_interest_rate_historical,2Y,https://www.mof.go.jp/english/policy/jgbs/reference/interest_rate/historical/jgbcme_all.csv,ok,2026-06-16 04:59:12.777910
JPY,,2Y,2024-07-05,0.346,mof_jgb_interest_rate_historical,2Y,https://www.mof.go.jp/english/policy/jgbs/reference/interest_rate/historical/jgbcme_all.csv,ok,2026-06-16 04:59:12.777910
JPY,,2Y,2024-07-08,0.362,mof_jgb_interest_rate_historical,2Y,https://www.mof.go.jp/english/policy/jgbs/reference/interest_rate/historical/jgbcme_all.csv,ok,2026-06-16 04:59:12.777910
JPY,,2Y,2024-07-09,0.353,mof_jgb_interest_rate_historical,2Y,https://www.mof.go.jp/english/policy/jgbs/reference/interest_rate/historical/jgbcme_all.csv,ok,2026-06-16 04:59:12.777910
JPY,,2Y,2024-07-10,0.343,mof_jgb_interest_rate_historical,2Y,https://www.mof.go.jp/english/policy/jgbs/reference/interest_rate/historical/jgbcme_all.csv,ok,2026-06-16 04:59:12.777910
JPY,,2Y,2024-07-11,0.343,mof_jgb_interest_rate_historical,2Y,https://www.mof.go.jp/english/policy/jgbs/reference/interest_rate/historical/jgbcme_all.csv,ok,2026-06-16 04:59:12.777910
JPY,,2Y,2024-07-12,0.333,mof_jgb_interest_rate_historical,2Y,https://www.mof.go.jp/english/policy/jgbs/reference/interest_rate/historical/jgbcme_all.csv,ok,2026-06-16 04:59:12.777910
JPY,,2Y,2024-07-16,0.32,mof_jgb_interest_rate_historical,2Y,https://www.mof.go.jp/english/policy/jgbs/reference/interest_rate/historical/jgbcme_all.csv,ok,2026-06-16 04:59:12.777910
JPY,,2Y,2024-07-17,0.33,mof_jgb_interest_rate_historical,2Y,https://www.mof.go.jp/english/policy/jgbs/reference/interest_rate/historical/jgbcme_all.csv,ok,2026-06-16 04:59:12.777910
JPY,,2Y,2024-07-18,0.347,mof_jgb_interest_rate_historical,2Y,https://www.mof.go.jp/english/policy/jgbs/reference/interest_rate/historical/jgbcme_all.csv,ok,2026-06-16 04:59:12.777910
JPY,,2Y,2024-07-19,0.352,mof_jgb_interest_rate_historical,2Y,https://www.mof.go.jp/english/policy/jgbs/reference/interest_rate/historical/jgbcme_all.csv,ok,2026-06-16 04:59:12.777910
JPY,,2Y,2024-07-22,0.348,mof_jgb_interest_rate_historical,2Y,https://www.mof.go.jp/english/policy/jgbs/reference/interest_rate/historical/jgbcme_all.csv,ok,2026-06-16 04:59:12.777910
JPY,,2Y,2024-07-23,0.362,mof_jgb_interest_rate_historical,2Y,https://www.mof.go.jp/english/policy/jgbs/reference/interest_rate/historical/jgbcme_all.csv,ok,2026-06-16 04:59:12.777910
JPY,,2Y,2024-07-24,0.379,mof_jgb_interest_rate_historical,2Y,https://www.mof.go.jp/english/policy/jgbs/reference/interest_rate/historical/jgbcme_all.csv,ok,2026-06-16 04:59:12.777910
JPY,,2Y,2024-07-25,0.403,mof_jgb_interest_rate_historical,2Y,https://www.mof.go.jp/english/policy/jgbs/reference/interest_rate/historical/jgbcme_all.csv,ok,2026-06-16 04:59:12.777910
JPY,,2Y,2024-07-26,0.408,mof_jgb_interest_rate_historical,2Y,https://www.mof.go.jp/english/policy/jgbs/reference/interest_rate/historical/jgbcme_all.csv,ok,2026-06-16 04:59:12.777910
JPY,,2Y,2024-07-29,0.394,mof_jgb_interest_rate_historical,2Y,https://www.mof.go.jp/english/policy/jgbs/reference/interest_rate/historical/jgbcme_all.csv,ok,2026-06-16 04:59:12.777910
JPY,,2Y,2024-07-30,0.374,mof_jgb_interest_rate_historical,2Y,https://www.mof.go.jp/english/policy/jgbs/reference/interest_rate/historical/jgbcme_all.csv,ok,2026-06-16 04:59:12.777910
JPY,,2Y,2024-07-31,0.45,mof_jgb_interest_rate_historical,2Y,https://www.mof.go.jp/english/policy/jgbs/reference/interest_rate/historical/jgbcme_all.csv,ok,2026-06-16 04:59:12.777910
JPY,,2Y,2024-08-01,0.46,mof_jgb_interest_rate_historical,2Y,https://www.mof.go.jp/english/policy/jgbs/reference/interest_rate/historical/jgbcme_all.csv,ok,2026-06-16 04:59:12.777910
JPY,,2Y,2024-08-02,0.41,mof_jgb_interest_rate_historical,2Y,https://www.mof.go.jp/english/policy/jgbs/reference/interest_rate/historical/jgbcme_all.csv,ok,2026-06-16 04:59:12.777910
JPY,,2Y,2024-08-05,0.265,mof_jgb_interest_rate_historical,2Y,https://www.mof.go.jp/english/policy/jgbs/reference/interest_rate/historical/jgbcme_all.csv,ok,2026-06-16 04:59:12.777910
JPY,,2Y,2024-08-06,0.29,mof_jgb_interest_rate_historical,2Y,https://www.mof.go.jp/english/policy/jgbs/reference/interest_rate/historical/jgbcme_all.csv,ok,2026-06-16 04:59:12.777910
JPY,,2Y,2024-08-07,0.27,mof_jgb_interest_rate_historical,2Y,https://www.mof.go.jp/english/policy/jgbs/reference/interest_rate/historical/jgbcme_all.csv,ok,2026-06-16 04:59:12.777910
JPY,,2Y,2024-08-08,0.269,mof_jgb_interest_rate_historical,2Y,https://www.mof.go.jp/english/policy/jgbs/reference/interest_rate/historical/jgbcme_all.csv,ok,2026-06-16 04:59:12.777910
JPY,,2Y,2024-08-09,0.301,mof_jgb_interest_rate_historical,2Y,https://www.mof.go.jp/english/policy/jgbs/reference/interest_rate/historical/jgbcme_all.csv,ok,2026-06-16 04:59:12.777910
JPY,,2Y,2024-08-13,0.3,mof_jgb_interest_rate_historical,2Y,https://www.mof.go.jp/english/policy/jgbs/reference/interest_rate/historical/jgbcme_all.csv,ok,2026-06-16 04:59:12.777910
JPY,,2Y,2024-08-14,0.296,mof_jgb_interest_rate_historical,2Y,https://www.mof.go.jp/english/policy/jgbs/reference/interest_rate/historical/jgbcme_all.csv,ok,2026-06-16 04:59:12.777910
JPY,,2Y,2024-08-15,0.321,mof_jgb_interest_rate_historical,2Y,https://www.mof.go.jp/english/policy/jgbs/reference/interest_rate/historical/jgbcme_all.csv,ok,2026-06-16 04:59:12.777910
JPY,,2Y,2024-08-16,0.357,mof_jgb_interest_rate_historical,2Y,https://www.mof.go.jp/english/policy/jgbs/reference/interest_rate/historical/jgbcme_all.csv,ok,2026-06-16 04:59:12.777910
JPY,,2Y,2024-08-19,0.374,mof_jgb_interest_rate_historical,2Y,https://www.mof.go.jp/english/policy/jgbs/reference/interest_rate/historical/jgbcme_all.csv,ok,2026-06-16 04:59:12.777910
JPY,,2Y,2024-08-20,0.363,mof_jgb_interest_rate_historical,2Y,https://www.mof.go.jp/english/policy/jgbs/reference/interest_rate/historical/jgbcme_all.csv,ok,2026-06-16 04:59:12.777910
JPY,,2Y,2024-08-21,0.352,mof_jgb_interest_rate_historical,2Y,https://www.mof.go.jp/english/policy/jgbs/reference/interest_rate/historical/jgbcme_all.csv,ok,2026-06-16 04:59:12.777910
JPY,,2Y,2024-08-22,0.363,mof_jgb_interest_rate_historical,2Y,https://www.mof.go.jp/english/policy/jgbs/reference/interest_rate/historical/jgbcme_all.csv,ok,2026-06-16 04:59:12.777910
JPY,,2Y,2024-08-23,0.372,mof_jgb_interest_rate_historical,2Y,https://www.mof.go.jp/english/policy/jgbs/reference/interest_rate/historical/jgbcme_all.csv,ok,2026-06-16 04:59:12.777910
JPY,,2Y,2024-08-26,0.364,mof_jgb_interest_rate_historical,2Y,https://www.mof.go.jp/english/policy/jgbs/reference/interest_rate/historical/jgbcme_all.csv,ok,2026-06-16 04:59:12.777910
JPY,,2Y,2024-08-27,0.367,mof_jgb_interest_rate_historical,2Y,https://www.mof.go.jp/english/policy/jgbs/reference/interest_rate/historical/jgbcme_all.csv,ok,2026-06-16 04:59:12.777910
JPY,,2Y,2024-08-28,0.38,mof_jgb_interest_rate_historical,2Y,https://www.mof.go.jp/english/policy/jgbs/reference/interest_rate/historical/jgbcme_all.csv,ok,2026-06-16 04:59:12.777910
JPY,,2Y,2024-08-29,0.368,mof_jgb_interest_rate_historical,2Y,https://www.mof.go.jp/english/policy/jgbs/reference/interest_rate/historical/jgbcme_all.csv,ok,2026-06-16 04:59:12.777910
JPY,,2Y,2024-08-30,0.363,mof_jgb_interest_rate_historical,2Y,https://www.mof.go.jp/english/policy/jgbs/reference/interest_rate/historical/jgbcme_all.csv,ok,2026-06-16 04:59:12.777910
JPY,,2Y,2024-09-02,0.37,mof_jgb_interest_rate_historical,2Y,https://www.mof.go.jp/english/policy/jgbs/reference/interest_rate/historical/jgbcme_all.csv,ok,2026-06-16 04:59:12.777910
JPY,,2Y,2024-09-03,0.39,mof_jgb_interest_rate_historical,2Y,https://www.mof.go.jp/english/policy/jgbs/reference/interest_rate/historical/jgbcme_all.csv,ok,2026-06-16 04:59:12.777910
JPY,,2Y,2024-09-04,0.375,mof_jgb_interest_rate_historical,2Y,https://www.mof.go.jp/english/policy/jgbs/reference/interest_rate/historical/jgbcme_all.csv,ok,2026-06-16 04:59:12.777910
JPY,,2Y,2024-09-05,0.375,mof_jgb_interest_rate_historical,2Y,https://www.mof.go.jp/english/policy/jgbs/reference/interest_rate/historical/jgbcme_all.csv,ok,2026-06-16 04:59:12.777910
JPY,,2Y,2024-09-06,0.38,mof_jgb_interest_rate_historical,2Y,https://www.mof.go.jp/english/policy/jgbs/reference/interest_rate/historical/jgbcme_all.csv,ok,2026-06-16 04:59:12.777910
JPY,,2Y,2024-09-09,0.396,mof_jgb_interest_rate_historical,2Y,https://www.mof.go.jp/english/policy/jgbs/reference/interest_rate/historical/jgbcme_all.csv,ok,2026-06-16 04:59:12.777910
JPY,,2Y,2024-09-10,0.396,mof_jgb_interest_rate_historical,2Y,https://www.mof.go.jp/english/policy/jgbs/reference/interest_rate/historical/jgbcme_all.csv,ok,2026-06-16 04:59:12.777910
JPY,,2Y,2024-09-11,0.38,mof_jgb_interest_rate_historical,2Y,https://www.mof.go.jp/english/policy/jgbs/reference/interest_rate/historical/jgbcme_all.csv,ok,2026-06-16 04:59:12.777910
JPY,,2Y,2024-09-12,0.391,mof_jgb_interest_rate_historical,2Y,https://www.mof.go.jp/english/policy/jgbs/reference/interest_rate/historical/jgbcme_all.csv,ok,2026-06-16 04:59:12.777910
JPY,,2Y,2024-09-13,0.392,mof_jgb_interest_rate_historical,2Y,https://www.mof.go.jp/english/policy/jgbs/reference/interest_rate/historical/jgbcme_all.csv,ok,2026-06-16 04:59:12.777910
JPY,,2Y,2024-09-17,0.387,mof_jgb_interest_rate_historical,2Y,https://www.mof.go.jp/english/policy/jgbs/reference/interest_rate/historical/jgbcme_all.csv,ok,2026-06-16 04:59:12.777910
JPY,,2Y,2024-09-18,0.38,mof_jgb_interest_rate_historical,2Y,https://www.mof.go.jp/english/policy/jgbs/reference/interest_rate/historical/jgbcme_all.csv,ok,2026-06-16 04:59:12.777910
JPY,,2Y,2024-09-19,0.389,mof_jgb_interest_rate_historical,2Y,https://www.mof.go.jp/english/policy/jgbs/reference/interest_rate/historical/jgbcme_all.csv,ok,2026-06-16 04:59:12.777910
JPY,,2Y,2024-09-20,0.395,mof_jgb_interest_rate_historical,2Y,https://www.mof.go.jp/english/policy/jgbs/reference/interest_rate/historical/jgbcme_all.csv,ok,2026-06-16 04:59:12.777910
JPY,,2Y,2024-09-24,0.35,mof_jgb_interest_rate_historical,2Y,https://www.mof.go.jp/english/policy/jgbs/reference/interest_rate/historical/jgbcme_all.csv,ok,2026-06-16 04:59:12.777910
JPY,,2Y,2024-09-25,0.355,mof_jgb_interest_rate_historical,2Y,https://www.mof.go.jp/english/policy/jgbs/reference/interest_rate/historical/jgbcme_all.csv,ok,2026-06-16 04:59:12.777910
JPY,,2Y,2024-09-26,0.349,mof_jgb_interest_rate_historical,2Y,https://www.mof.go.jp/english/policy/jgbs/reference/interest_rate/historical/jgbcme_all.csv,ok,2026-06-16 04:59:12.777910
JPY,,2Y,2024-09-27,0.323,mof_jgb_interest_rate_historical,2Y,https://www.mof.go.jp/english/policy/jgbs/reference/interest_rate/historical/jgbcme_all.csv,ok,2026-06-16 04:59:12.777910
JPY,,2Y,2024-09-30,0.394,mof_jgb_interest_rate_historical,2Y,https://www.mof.go.jp/english/policy/jgbs/reference/interest_rate/historical/jgbcme_all.csv,ok,2026-06-16 04:59:12.777910
JPY,,2Y,2024-10-01,0.39,mof_jgb_interest_rate_historical,2Y,https://www.mof.go.jp/english/policy/jgbs/reference/interest_rate/historical/jgbcme_all.csv,ok,2026-06-16 04:59:12.777910
JPY,,2Y,2024-10-02,0.365,mof_jgb_interest_rate_historical,2Y,https://www.mof.go.jp/english/policy/jgbs/reference/interest_rate/historical/jgbcme_all.csv,ok,2026-06-16 04:59:12.777910
JPY,,2Y,2024-10-03,0.365,mof_jgb_interest_rate_historical,2Y,https://www.mof.go.jp/english/policy/jgbs/reference/interest_rate/historical/jgbcme_all.csv,ok,2026-06-16 04:59:12.777910
JPY,,2Y,2024-10-04,0.37,mof_jgb_interest_rate_historical,2Y,https://www.mof.go.jp/english/policy/jgbs/reference/interest_rate/historical/jgbcme_all.csv,ok,2026-06-16 04:59:12.777910
JPY,,2Y,2024-10-07,0.407,mof_jgb_interest_rate_historical,2Y,https://www.mof.go.jp/english/policy/jgbs/reference/interest_rate/historical/jgbcme_all.csv,ok,2026-06-16 04:59:12.777910
JPY,,2Y,2024-10-08,0.402,mof_jgb_interest_rate_historical,2Y,https://www.mof.go.jp/english/policy/jgbs/reference/interest_rate/historical/jgbcme_all.csv,ok,2026-06-16 04:59:12.777910
JPY,,2Y,2024-10-09,0.402,mof_jgb_interest_rate_historical,2Y,https://www.mof.go.jp/english/policy/jgbs/reference/interest_rate/historical/jgbcme_all.csv,ok,2026-06-16 04:59:12.777910
JPY,,2Y,2024-10-10,0.412,mof_jgb_interest_rate_historical,2Y,https://www.mof.go.jp/english/policy/jgbs/reference/interest_rate/historical/jgbcme_all.csv,ok,2026-06-16 04:59:12.777910
JPY,,2Y,2024-10-11,0.412,mof_jgb_interest_rate_historical,2Y,https://www.mof.go.jp/english/policy/jgbs/reference/interest_rate/historical/jgbcme_all.csv,ok,2026-06-16 04:59:12.777910
JPY,,2Y,2024-10-15,0.423,mof_jgb_interest_rate_historical,2Y,https://www.mof.go.jp/english/policy/jgbs/reference/interest_rate/historical/jgbcme_all.csv,ok,2026-06-16 04:59:12.777910
JPY,,2Y,2024-10-16,0.423,mof_jgb_interest_rate_historical,2Y,https://www.mof.go.jp/english/policy/jgbs/reference/interest_rate/historical/jgbcme_all.csv,ok,2026-06-16 04:59:12.777910
JPY,,2Y,2024-10-17,0.434,mof_jgb_interest_rate_historical,2Y,https://www.mof.go.jp/english/policy/jgbs/reference/interest_rate/historical/jgbcme_all.csv,ok,2026-06-16 04:59:12.777910
JPY,,2Y,2024-10-18,0.438,mof_jgb_interest_rate_historical,2Y,https://www.mof.go.jp/english/policy/jgbs/reference/interest_rate/historical/jgbcme_all.csv,ok,2026-06-16 04:59:12.777910
JPY,,2Y,2024-10-21,0.433,mof_jgb_interest_rate_historical,2Y,https://www.mof.go.jp/english/policy/jgbs/reference/interest_rate/historical/jgbcme_all.csv,ok,2026-06-16 04:59:12.777910
JPY,,2Y,2024-10-22,0.454,mof_jgb_interest_rate_historical,2Y,https://www.mof.go.jp/english/policy/jgbs/reference/interest_rate/historical/jgbcme_all.csv,ok,2026-06-16 04:59:12.777910
JPY,,2Y,2024-10-23,0.449,mof_jgb_interest_rate_historical,2Y,https://www.mof.go.jp/english/policy/jgbs/reference/interest_rate/historical/jgbcme_all.csv,ok,2026-06-16 04:59:12.777910
JPY,,2Y,2024-10-24,0.449,mof_jgb_interest_rate_historical,2Y,https://www.mof.go.jp/english/policy/jgbs/reference/interest_rate/historical/jgbcme_all.csv,ok,2026-06-16 04:59:12.777910
JPY,,2Y,2024-10-25,0.449,mof_jgb_interest_rate_historical,2Y,https://www.mof.go.jp/english/policy/jgbs/reference/interest_rate/historical/jgbcme_all.csv,ok,2026-06-16 04:59:12.777910
JPY,,2Y,2024-10-28,0.461,mof_jgb_interest_rate_historical,2Y,https://www.mof.go.jp/english/policy/jgbs/reference/interest_rate/historical/jgbcme_all.csv,ok,2026-06-16 04:59:12.777910
JPY,,2Y,2024-10-29,0.453,mof_jgb_interest_rate_historical,2Y,https://www.mof.go.jp/english/policy/jgbs/reference/interest_rate/historical/jgbcme_all.csv,ok,2026-06-16 04:59:12.777910
JPY,,2Y,2024-10-30,0.443,mof_jgb_interest_rate_historical,2Y,https://www.mof.go.jp/english/policy/jgbs/reference/interest_rate/historical/jgbcme_all.csv,ok,2026-06-16 04:59:12.777910
JPY,,2Y,2024-10-31,0.434,mof_jgb_interest_rate_historical,2Y,https://www.mof.go.jp/english/policy/jgbs/reference/interest_rate/historical/jgbcme_all.csv,ok,2026-06-16 04:59:12.777910
JPY,,2Y,2024-11-01,0.465,mof_jgb_interest_rate_historical,2Y,https://www.mof.go.jp/english/policy/jgbs/reference/interest_rate/historical/jgbcme_all.csv,ok,2026-06-16 04:59:12.777910
JPY,,2Y,2024-11-05,0.455,mof_jgb_interest_rate_historical,2Y,https://www.mof.go.jp/english/policy/jgbs/reference/interest_rate/historical/jgbcme_all.csv,ok,2026-06-16 04:59:12.777910
JPY,,2Y,2024-11-06,0.48,mof_jgb_interest_rate_historical,2Y,https://www.mof.go.jp/english/policy/jgbs/reference/interest_rate/historical/jgbcme_all.csv,ok,2026-06-16 04:59:12.777910
JPY,,2Y,2024-11-07,0.501,mof_jgb_interest_rate_historical,2Y,https://www.mof.go.jp/english/policy/jgbs/reference/interest_rate/historical/jgbcme_all.csv,ok,2026-06-16 04:59:12.777910
JPY,,2Y,2024-11-08,0.501,mof_jgb_interest_rate_historical,2Y,https://www.mof.go.jp/english/policy/jgbs/reference/interest_rate/historical/jgbcme_all.csv,ok,2026-06-16 04:59:12.777910
JPY,,2Y,2024-11-11,0.501,mof_jgb_interest_rate_historical,2Y,https://www.mof.go.jp/english/policy/jgbs/reference/interest_rate/historical/jgbcme_all.csv,ok,2026-06-16 04:59:12.777910
JPY,,2Y,2024-11-12,0.501,mof_jgb_interest_rate_historical,2Y,https://www.mof.go.jp/english/policy/jgbs/reference/interest_rate/historical/jgbcme_all.csv,ok,2026-06-16 04:59:12.777910
JPY,,2Y,2024-11-13,0.527,mof_jgb_interest_rate_historical,2Y,https://www.mof.go.jp/english/policy/jgbs/reference/interest_rate/historical/jgbcme_all.csv,ok,2026-06-16 04:59:12.777910
JPY,,2Y,2024-11-14,0.532,mof_jgb_interest_rate_historical,2Y,https://www.mof.go.jp/english/policy/jgbs/reference/interest_rate/historical/jgbcme_all.csv,ok,2026-06-16 04:59:12.777910
JPY,,2Y,2024-11-15,0.552,mof_jgb_interest_rate_historical,2Y,https://www.mof.go.jp/english/policy/jgbs/reference/interest_rate/historical/jgbcme_all.csv,ok,2026-06-16 04:59:12.777910
JPY,,2Y,2024-11-18,0.553,mof_jgb_interest_rate_historical,2Y,https://www.mof.go.jp/english/policy/jgbs/reference/interest_rate/historical/jgbcme_all.csv,ok,2026-06-16 04:59:12.777910
JPY,,2Y,2024-11-19,0.554,mof_jgb_interest_rate_historical,2Y,https://www.mof.go.jp/english/policy/jgbs/reference/interest_rate/historical/jgbcme_all.csv,ok,2026-06-16 04:59:12.777910
JPY,,2Y,2024-11-20,0.554,mof_jgb_interest_rate_historical,2Y,https://www.mof.go.jp/english/policy/jgbs/reference/interest_rate/historical/jgbcme_all.csv,ok,2026-06-16 04:59:12.777910
JPY,,2Y,2024-11-21,0.58,mof_jgb_interest_rate_historical,2Y,https://www.mof.go.jp/english/policy/jgbs/reference/interest_rate/historical/jgbcme_all.csv,ok,2026-06-16 04:59:12.777910
JPY,,2Y,2024-11-22,0.59,mof_jgb_interest_rate_historical,2Y,https://www.mof.go.jp/english/policy/jgbs/reference/interest_rate/historical/jgbcme_all.csv,ok,2026-06-16 04:59:12.777910
JPY,,2Y,2024-11-25,0.59,mof_jgb_interest_rate_historical,2Y,https://www.mof.go.jp/english/policy/jgbs/reference/interest_rate/historical/jgbcme_all.csv,ok,2026-06-16 04:59:12.777910
JPY,,2Y,2024-11-26,0.592,mof_jgb_interest_rate_historical,2Y,https://www.mof.go.jp/english/policy/jgbs/reference/interest_rate/historical/jgbcme_all.csv,ok,2026-06-16 04:59:12.777910
JPY,,2Y,2024-11-27,0.596,mof_jgb_interest_rate_historical,2Y,https://www.mof.go.jp/english/policy/jgbs/reference/interest_rate/historical/jgbcme_all.csv,ok,2026-06-16 04:59:12.777910
JPY,,2Y,2024-11-28,0.581,mof_jgb_interest_rate_historical,2Y,https://www.mof.go.jp/english/policy/jgbs/reference/interest_rate/historical/jgbcme_all.csv,ok,2026-06-16 04:59:12.777910
JPY,,2Y,2024-11-29,0.599,mof_jgb_interest_rate_historical,2Y,https://www.mof.go.jp/english/policy/jgbs/reference/interest_rate/historical/jgbcme_all.csv,ok,2026-06-16 04:59:12.777910
JPY,,2Y,2024-12-02,0.62,mof_jgb_interest_rate_historical,2Y,https://www.mof.go.jp/english/policy/jgbs/reference/interest_rate/historical/jgbcme_all.csv,ok,2026-06-16 04:59:12.777910
JPY,,2Y,2024-12-03,0.61,mof_jgb_interest_rate_historical,2Y,https://www.mof.go.jp/english/policy/jgbs/reference/interest_rate/historical/jgbcme_all.csv,ok,2026-06-16 04:59:12.777910
JPY,,2Y,2024-12-04,0.585,mof_jgb_interest_rate_historical,2Y,https://www.mof.go.jp/english/policy/jgbs/reference/interest_rate/historical/jgbcme_all.csv,ok,2026-06-16 04:59:12.777910
JPY,,2Y,2024-12-05,0.6,mof_jgb_interest_rate_historical,2Y,https://www.mof.go.jp/english/policy/jgbs/reference/interest_rate/historical/jgbcme_all.csv,ok,2026-06-16 04:59:12.777910
JPY,,2Y,2024-12-06,0.59,mof_jgb_interest_rate_historical,2Y,https://www.mof.go.jp/english/policy/jgbs/reference/interest_rate/historical/jgbcme_all.csv,ok,2026-06-16 04:59:12.777910
JPY,,2Y,2024-12-09,0.575,mof_jgb_interest_rate_historical,2Y,https://www.mof.go.jp/english/policy/jgbs/reference/interest_rate/historical/jgbcme_all.csv,ok,2026-06-16 04:59:12.777910
JPY,,2Y,2024-12-10,0.585,mof_jgb_interest_rate_historical,2Y,https://www.mof.go.jp/english/policy/jgbs/reference/interest_rate/historical/jgbcme_all.csv,ok,2026-06-16 04:59:12.777910
JPY,,2Y,2024-12-11,0.591,mof_jgb_interest_rate_historical,2Y,https://www.mof.go.jp/english/policy/jgbs/reference/interest_rate/historical/jgbcme_all.csv,ok,2026-06-16 04:59:12.777910
JPY,,2Y,2024-12-12,0.579,mof_jgb_interest_rate_historical,2Y,https://www.mof.go.jp/english/policy/jgbs/reference/interest_rate/historical/jgbcme_all.csv,ok,2026-06-16 04:59:12.777910
JPY,,2Y,2024-12-13,0.564,mof_jgb_interest_rate_historical,2Y,https://www.mof.go.jp/english/policy/jgbs/reference/interest_rate/historical/jgbcme_all.csv,ok,2026-06-16 04:59:12.777910
JPY,,2Y,2024-12-16,0.585,mof_jgb_interest_rate_historical,2Y,https://www.mof.go.jp/english/policy/jgbs/reference/interest_rate/historical/jgbcme_all.csv,ok,2026-06-16 04:59:12.777910
JPY,,2Y,2024-12-17,0.595,mof_jgb_interest_rate_historical,2Y,https://www.mof.go.jp/english/policy/jgbs/reference/interest_rate/historical/jgbcme_all.csv,ok,2026-06-16 04:59:12.777910
JPY,,2Y,2024-12-18,0.589,mof_jgb_interest_rate_historical,2Y,https://www.mof.go.jp/english/policy/jgbs/reference/interest_rate/historical/jgbcme_all.csv,ok,2026-06-16 04:59:12.777910
JPY,,2Y,2024-12-19,0.606,mof_jgb_interest_rate_historical,2Y,https://www.mof.go.jp/english/policy/jgbs/reference/interest_rate/historical/jgbcme_all.csv,ok,2026-06-16 04:59:12.777910
JPY,,2Y,2024-12-20,0.576,mof_jgb_interest_rate_historical,2Y,https://www.mof.go.jp/english/policy/jgbs/reference/interest_rate/historical/jgbcme_all.csv,ok,2026-06-16 04:59:12.777910
JPY,,2Y,2024-12-23,0.588,mof_jgb_interest_rate_historical,2Y,https://www.mof.go.jp/english/policy/jgbs/reference/interest_rate/historical/jgbcme_all.csv,ok,2026-06-16 04:59:12.777910
JPY,,2Y,2024-12-24,0.588,mof_jgb_interest_rate_historical,2Y,https://www.mof.go.jp/english/policy/jgbs/reference/interest_rate/historical/jgbcme_all.csv,ok,2026-06-16 04:59:12.777910
JPY,,2Y,2024-12-25,0.588,mof_jgb_interest_rate_historical,2Y,https://www.mof.go.jp/english/policy/jgbs/reference/interest_rate/historical/jgbcme_all.csv,ok,2026-06-16 04:59:12.777910
JPY,,2Y,2024-12-26,0.602,mof_jgb_interest_rate_historical,2Y,https://www.mof.go.jp/english/policy/jgbs/reference/interest_rate/historical/jgbcme_all.csv,ok,2026-06-16 04:59:12.777910
JPY,,2Y,2024-12-27,0.602,mof_jgb_interest_rate_historical,2Y,https://www.mof.go.jp/english/policy/jgbs/reference/interest_rate/historical/jgbcme_all.csv,ok,2026-06-16 04:59:12.777910
JPY,,2Y,2024-12-30,0.599,mof_jgb_interest_rate_historical,2Y,https://www.mof.go.jp/english/policy/jgbs/reference/interest_rate/historical/jgbcme_all.csv,ok,2026-06-16 04:59:12.777910
JPY,,2Y,2025-01-06,0.626,mof_jgb_interest_rate_historical,2Y,https://www.mof.go.jp/english/policy/jgbs/reference/interest_rate/historical/jgbcme_all.csv,ok,2026-06-16 04:59:12.777910
JPY,,2Y,2025-01-07,0.632,mof_jgb_interest_rate_historical,2Y,https://www.mof.go.jp/english/policy/jgbs/reference/interest_rate/historical/jgbcme_all.csv,ok,2026-06-16 04:59:12.777910
JPY,,2Y,2025-01-08,0.648,mof_jgb_interest_rate_historical,2Y,https://www.mof.go.jp/english/policy/jgbs/reference/interest_rate/historical/jgbcme_all.csv,ok,2026-06-16 04:59:12.777910
JPY,,2Y,2025-01-09,0.643,mof_jgb_interest_rate_historical,2Y,https://www.mof.go.jp/english/policy/jgbs/reference/interest_rate/historical/jgbcme_all.csv,ok,2026-06-16 04:59:12.777910
JPY,,2Y,2025-01-10,0.649,mof_jgb_interest_rate_historical,2Y,https://www.mof.go.jp/english/policy/jgbs/reference/interest_rate/historical/jgbcme_all.csv,ok,2026-06-16 04:59:12.777910
JPY,,2Y,2025-01-14,0.687,mof_jgb_interest_rate_historical,2Y,https://www.mof.go.jp/english/policy/jgbs/reference/interest_rate/historical/jgbcme_all.csv,ok,2026-06-16 04:59:12.777910
JPY,,2Y,2025-01-15,0.707,mof_jgb_interest_rate_historical,2Y,https://www.mof.go.jp/english/policy/jgbs/reference/interest_rate/historical/jgbcme_all.csv,ok,2026-06-16 04:59:12.777910
JPY,,2Y,2025-01-16,0.698,mof_jgb_interest_rate_historical,2Y,https://www.mof.go.jp/english/policy/jgbs/reference/interest_rate/historical/jgbcme_all.csv,ok,2026-06-16 04:59:12.777910
JPY,,2Y,2025-01-17,0.693,mof_jgb_interest_rate_historical,2Y,https://www.mof.go.jp/english/policy/jgbs/reference/interest_rate/historical/jgbcme_all.csv,ok,2026-06-16 04:59:12.777910
JPY,,2Y,2025-01-20,0.683,mof_jgb_interest_rate_historical,2Y,https://www.mof.go.jp/english/policy/jgbs/reference/interest_rate/historical/jgbcme_all.csv,ok,2026-06-16 04:59:12.777910
JPY,,2Y,2025-01-21,0.677,mof_jgb_interest_rate_historical,2Y,https://www.mof.go.jp/english/policy/jgbs/reference/interest_rate/historical/jgbcme_all.csv,ok,2026-06-16 04:59:12.777910
JPY,,2Y,2025-01-22,0.698,mof_jgb_interest_rate_historical,2Y,https://www.mof.go.jp/english/policy/jgbs/reference/interest_rate/historical/jgbcme_all.csv,ok,2026-06-16 04:59:12.777910
JPY,,2Y,2025-01-23,0.704,mof_jgb_interest_rate_historical,2Y,https://www.mof.go.jp/english/policy/jgbs/reference/interest_rate/historical/jgbcme_all.csv,ok,2026-06-16 04:59:12.777910
JPY,,2Y,2025-01-24,0.718,mof_jgb_interest_rate_historical,2Y,https://www.mof.go.jp/english/policy/jgbs/reference/interest_rate/historical/jgbcme_all.csv,ok,2026-06-16 04:59:12.777910
JPY,,2Y,2025-01-27,0.705,mof_jgb_interest_rate_historical,2Y,https://www.mof.go.jp/english/policy/jgbs/reference/interest_rate/historical/jgbcme_all.csv,ok,2026-06-16 04:59:12.777910
JPY,,2Y,2025-01-28,0.695,mof_jgb_interest_rate_historical,2Y,https://www.mof.go.jp/english/policy/jgbs/reference/interest_rate/historical/jgbcme_all.csv,ok,2026-06-16 04:59:12.777910
JPY,,2Y,2025-01-29,0.704,mof_jgb_interest_rate_historical,2Y,https://www.mof.go.jp/english/policy/jgbs/reference/interest_rate/historical/jgbcme_all.csv,ok,2026-06-16 04:59:12.777910
JPY,,2Y,2025-01-30,0.718,mof_jgb_interest_rate_historical,2Y,https://www.mof.go.jp/english/policy/jgbs/reference/interest_rate/historical/jgbcme_all.csv,ok,2026-06-16 04:59:12.777910
JPY,,2Y,2025-01-31,0.729,mof_jgb_interest_rate_historical,2Y,https://www.mof.go.jp/english/policy/jgbs/reference/interest_rate/historical/jgbcme_all.csv,ok,2026-06-16 04:59:12.777910
JPY,,2Y,2025-02-03,0.72,mof_jgb_interest_rate_historical,2Y,https://www.mof.go.jp/english/policy/jgbs/reference/interest_rate/historical/jgbcme_all.csv,ok,2026-06-16 04:59:12.777910
JPY,,2Y,2025-02-04,0.741,mof_jgb_interest_rate_historical,2Y,https://www.mof.go.jp/english/policy/jgbs/reference/interest_rate/historical/jgbcme_all.csv,ok,2026-06-16 04:59:12.777910
JPY,,2Y,2025-02-05,0.756,mof_jgb_interest_rate_historical,2Y,https://www.mof.go.jp/english/policy/jgbs/reference/interest_rate/historical/jgbcme_all.csv,ok,2026-06-16 04:59:12.777910
JPY,,2Y,2025-02-06,0.762,mof_jgb_interest_rate_historical,2Y,https://www.mof.go.jp/english/policy/jgbs/reference/interest_rate/historical/jgbcme_all.csv,ok,2026-06-16 04:59:12.777910
JPY,,2Y,2025-02-07,0.798,mof_jgb_interest_rate_historical,2Y,https://www.mof.go.jp/english/policy/jgbs/reference/interest_rate/historical/jgbcme_all.csv,ok,2026-06-16 04:59:12.777910
JPY,,2Y,2025-02-10,0.798,mof_jgb_interest_rate_historical,2Y,https://www.mof.go.jp/english/policy/jgbs/reference/interest_rate/historical/jgbcme_all.csv,ok,2026-06-16 04:59:12.777910
JPY,,2Y,2025-02-12,0.799,mof_jgb_interest_rate_historical,2Y,https://www.mof.go.jp/english/policy/jgbs/reference/interest_rate/historical/jgbcme_all.csv,ok,2026-06-16 04:59:12.777910
JPY,,2Y,2025-02-13,0.794,mof_jgb_interest_rate_historical,2Y,https://www.mof.go.jp/english/policy/jgbs/reference/interest_rate/historical/jgbcme_all.csv,ok,2026-06-16 04:59:12.777910
JPY,,2Y,2025-02-14,0.794,mof_jgb_interest_rate_historical,2Y,https://www.mof.go.jp/english/policy/jgbs/reference/interest_rate/historical/jgbcme_all.csv,ok,2026-06-16 04:59:12.777910
JPY,,2Y,2025-02-17,0.809,mof_jgb_interest_rate_historical,2Y,https://www.mof.go.jp/english/policy/jgbs/reference/interest_rate/historical/jgbcme_all.csv,ok,2026-06-16 04:59:12.777910
JPY,,2Y,2025-02-18,0.827,mof_jgb_interest_rate_historical,2Y,https://www.mof.go.jp/english/policy/jgbs/reference/interest_rate/historical/jgbcme_all.csv,ok,2026-06-16 04:59:12.777910
JPY,,2Y,2025-02-19,0.82,mof_jgb_interest_rate_historical,2Y,https://www.mof.go.jp/english/policy/jgbs/reference/interest_rate/historical/jgbcme_all.csv,ok,2026-06-16 04:59:12.777910
JPY,,2Y,2025-02-20,0.821,mof_jgb_interest_rate_historical,2Y,https://www.mof.go.jp/english/policy/jgbs/reference/interest_rate/historical/jgbcme_all.csv,ok,2026-06-16 04:59:12.777910
JPY,,2Y,2025-02-21,0.818,mof_jgb_interest_rate_historical,2Y,https://www.mof.go.jp/english/policy/jgbs/reference/interest_rate/historical/jgbcme_all.csv,ok,2026-06-16 04:59:12.777910
JPY,,2Y,2025-02-25,0.803,mof_jgb_interest_rate_historical,2Y,https://www.mof.go.jp/english/policy/jgbs/reference/interest_rate/historical/jgbcme_all.csv,ok,2026-06-16 04:59:12.777910
JPY,,2Y,2025-02-26,0.801,mof_jgb_interest_rate_historical,2Y,https://www.mof.go.jp/english/policy/jgbs/reference/interest_rate/historical/jgbcme_all.csv,ok,2026-06-16 04:59:12.777910
JPY,,2Y,2025-02-27,0.826,mof_jgb_interest_rate_historical,2Y,https://www.mof.go.jp/english/policy/jgbs/reference/interest_rate/historical/jgbcme_all.csv,ok,2026-06-16 04:59:12.777910
JPY,,2Y,2025-02-28,0.806,mof_jgb_interest_rate_historical,2Y,https://www.mof.go.jp/english/policy/jgbs/reference/interest_rate/historical/jgbcme_all.csv,ok,2026-06-16 04:59:12.777910
JPY,,2Y,2025-03-03,0.825,mof_jgb_interest_rate_historical,2Y,https://www.mof.go.jp/english/policy/jgbs/reference/interest_rate/historical/jgbcme_all.csv,ok,2026-06-16 04:59:12.777910
JPY,,2Y,2025-03-04,0.831,mof_jgb_interest_rate_historical,2Y,https://www.mof.go.jp/english/policy/jgbs/reference/interest_rate/historical/jgbcme_all.csv,ok,2026-06-16 04:59:12.777910
JPY,,2Y,2025-03-05,0.831,mof_jgb_interest_rate_historical,2Y,https://www.mof.go.jp/english/policy/jgbs/reference/interest_rate/historical/jgbcme_all.csv,ok,2026-06-16 04:59:12.777910
JPY,,2Y,2025-03-06,0.852,mof_jgb_interest_rate_historical,2Y,https://www.mof.go.jp/english/policy/jgbs/reference/interest_rate/historical/jgbcme_all.csv,ok,2026-06-16 04:59:12.777910
JPY,,2Y,2025-03-07,0.848,mof_jgb_interest_rate_historical,2Y,https://www.mof.go.jp/english/policy/jgbs/reference/interest_rate/historical/jgbcme_all.csv,ok,2026-06-16 04:59:12.777910
JPY,,2Y,2025-03-10,0.875,mof_jgb_interest_rate_historical,2Y,https://www.mof.go.jp/english/policy/jgbs/reference/interest_rate/historical/jgbcme_all.csv,ok,2026-06-16 04:59:12.777910
JPY,,2Y,2025-03-11,0.834,mof_jgb_interest_rate_historical,2Y,https://www.mof.go.jp/english/policy/jgbs/reference/interest_rate/historical/jgbcme_all.csv,ok,2026-06-16 04:59:12.777910
JPY,,2Y,2025-03-12,0.85,mof_jgb_interest_rate_historical,2Y,https://www.mof.go.jp/english/policy/jgbs/reference/interest_rate/historical/jgbcme_all.csv,ok,2026-06-16 04:59:12.777910
JPY,,2Y,2025-03-13,0.861,mof_jgb_interest_rate_historical,2Y,https://www.mof.go.jp/english/policy/jgbs/reference/interest_rate/historical/jgbcme_all.csv,ok,2026-06-16 04:59:12.777910
JPY,,2Y,2025-03-14,0.84,mof_jgb_interest_rate_historical,2Y,https://www.mof.go.jp/english/policy/jgbs/reference/interest_rate/historical/jgbcme_all.csv,ok,2026-06-16 04:59:12.777910
JPY,,2Y,2025-03-17,0.811,mof_jgb_interest_rate_historical,2Y,https://www.mof.go.jp/english/policy/jgbs/reference/interest_rate/historical/jgbcme_all.csv,ok,2026-06-16 04:59:12.777910
JPY,,2Y,2025-03-18,0.815,mof_jgb_interest_rate_historical,2Y,https://www.mof.go.jp/english/policy/jgbs/reference/interest_rate/historical/jgbcme_all.csv,ok,2026-06-16 04:59:12.777910
JPY,,2Y,2025-03-19,0.842,mof_jgb_interest_rate_historical,2Y,https://www.mof.go.jp/english/policy/jgbs/reference/interest_rate/historical/jgbcme_all.csv,ok,2026-06-16 04:59:12.777910
JPY,,2Y,2025-03-21,0.854,mof_jgb_interest_rate_historical,2Y,https://www.mof.go.jp/english/policy/jgbs/reference/interest_rate/historical/jgbcme_all.csv,ok,2026-06-16 04:59:12.777910
JPY,,2Y,2025-03-24,0.871,mof_jgb_interest_rate_historical,2Y,https://www.mof.go.jp/english/policy/jgbs/reference/interest_rate/historical/jgbcme_all.csv,ok,2026-06-16 04:59:12.777910
JPY,,2Y,2025-03-25,0.887,mof_jgb_interest_rate_historical,2Y,https://www.mof.go.jp/english/policy/jgbs/reference/interest_rate/historical/jgbcme_all.csv,ok,2026-06-16 04:59:12.777910
JPY,,2Y,2025-03-26,0.892,mof_jgb_interest_rate_historical,2Y,https://www.mof.go.jp/english/policy/jgbs/reference/interest_rate/historical/jgbcme_all.csv,ok,2026-06-16 04:59:12.777910
JPY,,2Y,2025-03-27,0.893,mof_jgb_interest_rate_historical,2Y,https://www.mof.go.jp/english/policy/jgbs/reference/interest_rate/historical/jgbcme_all.csv,ok,2026-06-16 04:59:12.777910
JPY,,2Y,2025-03-28,0.877,mof_jgb_interest_rate_historical,2Y,https://www.mof.go.jp/english/policy/jgbs/reference/interest_rate/historical/jgbcme_all.csv,ok,2026-06-16 04:59:12.777910
JPY,,2Y,2025-03-31,0.854,mof_jgb_interest_rate_historical,2Y,https://www.mof.go.jp/english/policy/jgbs/reference/interest_rate/historical/jgbcme_all.csv,ok,2026-06-16 04:59:12.777910
JPY,,2Y,2025-04-01,0.855,mof_jgb_interest_rate_historical,2Y,https://www.mof.go.jp/english/policy/jgbs/reference/interest_rate/historical/jgbcme_all.csv,ok,2026-06-16 04:59:12.777910
JPY,,2Y,2025-04-02,0.834,mof_jgb_interest_rate_historical,2Y,https://www.mof.go.jp/english/policy/jgbs/reference/interest_rate/historical/jgbcme_all.csv,ok,2026-06-16 04:59:12.777910
JPY,,2Y,2025-04-03,0.754,mof_jgb_interest_rate_historical,2Y,https://www.mof.go.jp/english/policy/jgbs/reference/interest_rate/historical/jgbcme_all.csv,ok,2026-06-16 04:59:12.777910
JPY,,2Y,2025-04-04,0.612,mof_jgb_interest_rate_historical,2Y,https://www.mof.go.jp/english/policy/jgbs/reference/interest_rate/historical/jgbcme_all.csv,ok,2026-06-16 04:59:12.777910
JPY,,2Y,2025-04-07,0.586,mof_jgb_interest_rate_historical,2Y,https://www.mof.go.jp/english/policy/jgbs/reference/interest_rate/historical/jgbcme_all.csv,ok,2026-06-16 04:59:12.777910
JPY,,2Y,2025-04-08,0.647,mof_jgb_interest_rate_historical,2Y,https://www.mof.go.jp/english/policy/jgbs/reference/interest_rate/historical/jgbcme_all.csv,ok,2026-06-16 04:59:12.777910
JPY,,2Y,2025-04-09,0.611,mof_jgb_interest_rate_historical,2Y,https://www.mof.go.jp/english/policy/jgbs/reference/interest_rate/historical/jgbcme_all.csv,ok,2026-06-16 04:59:12.777910
JPY,,2Y,2025-04-10,0.676,mof_jgb_interest_rate_historical,2Y,https://www.mof.go.jp/english/policy/jgbs/reference/interest_rate/historical/jgbcme_all.csv,ok,2026-06-16 04:59:12.777910
JPY,,2Y,2025-04-11,0.611,mof_jgb_interest_rate_historical,2Y,https://www.mof.go.jp/english/policy/jgbs/reference/interest_rate/historical/jgbcme_all.csv,ok,2026-06-16 04:59:12.777910
JPY,,2Y,2025-04-14,0.589,mof_jgb_interest_rate_historical,2Y,https://www.mof.go.jp/english/policy/jgbs/reference/interest_rate/historical/jgbcme_all.csv,ok,2026-06-16 04:59:12.777910
JPY,,2Y,2025-04-15,0.646,mof_jgb_interest_rate_historical,2Y,https://www.mof.go.jp/english/policy/jgbs/reference/interest_rate/historical/jgbcme_all.csv,ok,2026-06-16 04:59:12.777910
JPY,,2Y,2025-04-16,0.615,mof_jgb_interest_rate_historical,2Y,https://www.mof.go.jp/english/policy/jgbs/reference/interest_rate/historical/jgbcme_all.csv,ok,2026-06-16 04:59:12.777910
JPY,,2Y,2025-04-17,0.65,mof_jgb_interest_rate_historical,2Y,https://www.mof.go.jp/english/policy/jgbs/reference/interest_rate/historical/jgbcme_all.csv,ok,2026-06-16 04:59:12.777910
JPY,,2Y,2025-04-18,0.636,mof_jgb_interest_rate_historical,2Y,https://www.mof.go.jp/english/policy/jgbs/reference/interest_rate/historical/jgbcme_all.csv,ok,2026-06-16 04:59:12.777910
JPY,,2Y,2025-04-21,0.649,mof_jgb_interest_rate_historical,2Y,https://www.mof.go.jp/english/policy/jgbs/reference/interest_rate/historical/jgbcme_all.csv,ok,2026-06-16 04:59:12.777910
JPY,,2Y,2025-04-22,0.67,mof_jgb_interest_rate_historical,2Y,https://www.mof.go.jp/english/policy/jgbs/reference/interest_rate/historical/jgbcme_all.csv,ok,2026-06-16 04:59:12.777910
JPY,,2Y,2025-04-23,0.684,mof_jgb_interest_rate_historical,2Y,https://www.mof.go.jp/english/policy/jgbs/reference/interest_rate/historical/jgbcme_all.csv,ok,2026-06-16 04:59:12.777910
JPY,,2Y,2025-04-24,0.679,mof_jgb_interest_rate_historical,2Y,https://www.mof.go.jp/english/policy/jgbs/reference/interest_rate/historical/jgbcme_all.csv,ok,2026-06-16 04:59:12.777910
JPY,,2Y,2025-04-25,0.689,mof_jgb_interest_rate_historical,2Y,https://www.mof.go.jp/english/policy/jgbs/reference/interest_rate/historical/jgbcme_all.csv,ok,2026-06-16 04:59:12.777910
JPY,,2Y,2025-04-28,0.686,mof_jgb_interest_rate_historical,2Y,https://www.mof.go.jp/english/policy/jgbs/reference/interest_rate/historical/jgbcme_all.csv,ok,2026-06-16 04:59:12.777910
JPY,,2Y,2025-04-30,0.676,mof_jgb_interest_rate_historical,2Y,https://www.mof.go.jp/english/policy/jgbs/reference/interest_rate/historical/jgbcme_all.csv,ok,2026-06-16 04:59:12.777910
JPY,,2Y,2025-05-01,0.629,mof_jgb_interest_rate_historical,2Y,https://www.mof.go.jp/english/policy/jgbs/reference/interest_rate/historical/jgbcme_all.csv,ok,2026-06-16 04:59:12.777910
JPY,,2Y,2025-05-02,0.609,mof_jgb_interest_rate_historical,2Y,https://www.mof.go.jp/english/policy/jgbs/reference/interest_rate/historical/jgbcme_all.csv,ok,2026-06-16 04:59:12.777910
JPY,,2Y,2025-05-07,0.609,mof_jgb_interest_rate_historical,2Y,https://www.mof.go.jp/english/policy/jgbs/reference/interest_rate/historical/jgbcme_all.csv,ok,2026-06-16 04:59:12.777910
JPY,,2Y,2025-05-08,0.619,mof_jgb_interest_rate_historical,2Y,https://www.mof.go.jp/english/policy/jgbs/reference/interest_rate/historical/jgbcme_all.csv,ok,2026-06-16 04:59:12.777910
JPY,,2Y,2025-05-09,0.634,mof_jgb_interest_rate_historical,2Y,https://www.mof.go.jp/english/policy/jgbs/reference/interest_rate/historical/jgbcme_all.csv,ok,2026-06-16 04:59:12.777910
JPY,,2Y,2025-05-12,0.66,mof_jgb_interest_rate_historical,2Y,https://www.mof.go.jp/english/policy/jgbs/reference/interest_rate/historical/jgbcme_all.csv,ok,2026-06-16 04:59:12.777910
JPY,,2Y,2025-05-13,0.718,mof_jgb_interest_rate_historical,2Y,https://www.mof.go.jp/english/policy/jgbs/reference/interest_rate/historical/jgbcme_all.csv,ok,2026-06-16 04:59:12.777910
JPY,,2Y,2025-05-14,0.706,mof_jgb_interest_rate_historical,2Y,https://www.mof.go.jp/english/policy/jgbs/reference/interest_rate/historical/jgbcme_all.csv,ok,2026-06-16 04:59:12.777910
JPY,,2Y,2025-05-15,0.717,mof_jgb_interest_rate_historical,2Y,https://www.mof.go.jp/english/policy/jgbs/reference/interest_rate/historical/jgbcme_all.csv,ok,2026-06-16 04:59:12.777910
JPY,,2Y,2025-05-16,0.707,mof_jgb_interest_rate_historical,2Y,https://www.mof.go.jp/english/policy/jgbs/reference/interest_rate/historical/jgbcme_all.csv,ok,2026-06-16 04:59:12.777910
JPY,,2Y,2025-05-19,0.718,mof_jgb_interest_rate_historical,2Y,https://www.mof.go.jp/english/policy/jgbs/reference/interest_rate/historical/jgbcme_all.csv,ok,2026-06-16 04:59:12.777910
JPY,,2Y,2025-05-20,0.728,mof_jgb_interest_rate_historical,2Y,https://www.mof.go.jp/english/policy/jgbs/reference/interest_rate/historical/jgbcme_all.csv,ok,2026-06-16 04:59:12.777910
JPY,,2Y,2025-05-21,0.72,mof_jgb_interest_rate_historical,2Y,https://www.mof.go.jp/english/policy/jgbs/reference/interest_rate/historical/jgbcme_all.csv,ok,2026-06-16 04:59:12.777910
JPY,,2Y,2025-05-22,0.737,mof_jgb_interest_rate_historical,2Y,https://www.mof.go.jp/english/policy/jgbs/reference/interest_rate/historical/jgbcme_all.csv,ok,2026-06-16 04:59:12.777910
JPY,,2Y,2025-05-23,0.731,mof_jgb_interest_rate_historical,2Y,https://www.mof.go.jp/english/policy/jgbs/reference/interest_rate/historical/jgbcme_all.csv,ok,2026-06-16 04:59:12.777910
JPY,,2Y,2025-05-26,0.728,mof_jgb_interest_rate_historical,2Y,https://www.mof.go.jp/english/policy/jgbs/reference/interest_rate/historical/jgbcme_all.csv,ok,2026-06-16 04:59:12.777910
JPY,,2Y,2025-05-27,0.739,mof_jgb_interest_rate_historical,2Y,https://www.mof.go.jp/english/policy/jgbs/reference/interest_rate/historical/jgbcme_all.csv,ok,2026-06-16 04:59:12.777910
JPY,,2Y,2025-05-28,0.753,mof_jgb_interest_rate_historical,2Y,https://www.mof.go.jp/english/policy/jgbs/reference/interest_rate/historical/jgbcme_all.csv,ok,2026-06-16 04:59:12.777910
JPY,,2Y,2025-05-29,0.758,mof_jgb_interest_rate_historical,2Y,https://www.mof.go.jp/english/policy/jgbs/reference/interest_rate/historical/jgbcme_all.csv,ok,2026-06-16 04:59:12.777910
JPY,,2Y,2025-05-30,0.75,mof_jgb_interest_rate_historical,2Y,https://www.mof.go.jp/english/policy/jgbs/reference/interest_rate/historical/jgbcme_all.csv,ok,2026-06-16 04:59:12.777910
JPY,,2Y,2025-06-02,0.755,mof_jgb_interest_rate_historical,2Y,https://www.mof.go.jp/english/policy/jgbs/reference/interest_rate/historical/jgbcme_all.csv,ok,2026-06-16 04:59:12.777910
JPY,,2Y,2025-06-03,0.755,mof_jgb_interest_rate_historical,2Y,https://www.mof.go.jp/english/policy/jgbs/reference/interest_rate/historical/jgbcme_all.csv,ok,2026-06-16 04:59:12.777910
JPY,,2Y,2025-06-04,0.765,mof_jgb_interest_rate_historical,2Y,https://www.mof.go.jp/english/policy/jgbs/reference/interest_rate/historical/jgbcme_all.csv,ok,2026-06-16 04:59:12.777910
JPY,,2Y,2025-06-05,0.755,mof_jgb_interest_rate_historical,2Y,https://www.mof.go.jp/english/policy/jgbs/reference/interest_rate/historical/jgbcme_all.csv,ok,2026-06-16 04:59:12.777910
JPY,,2Y,2025-06-06,0.76,mof_jgb_interest_rate_historical,2Y,https://www.mof.go.jp/english/policy/jgbs/reference/interest_rate/historical/jgbcme_all.csv,ok,2026-06-16 04:59:12.777910
JPY,,2Y,2025-06-09,0.775,mof_jgb_interest_rate_historical,2Y,https://www.mof.go.jp/english/policy/jgbs/reference/interest_rate/historical/jgbcme_all.csv,ok,2026-06-16 04:59:12.777910
JPY,,2Y,2025-06-10,0.771,mof_jgb_interest_rate_historical,2Y,https://www.mof.go.jp/english/policy/jgbs/reference/interest_rate/historical/jgbcme_all.csv,ok,2026-06-16 04:59:12.777910
JPY,,2Y,2025-06-11,0.756,mof_jgb_interest_rate_historical,2Y,https://www.mof.go.jp/english/policy/jgbs/reference/interest_rate/historical/jgbcme_all.csv,ok,2026-06-16 04:59:12.777910
JPY,,2Y,2025-06-12,0.756,mof_jgb_interest_rate_historical,2Y,https://www.mof.go.jp/english/policy/jgbs/reference/interest_rate/historical/jgbcme_all.csv,ok,2026-06-16 04:59:12.777910
JPY,,2Y,2025-06-13,0.736,mof_jgb_interest_rate_historical,2Y,https://www.mof.go.jp/english/policy/jgbs/reference/interest_rate/historical/jgbcme_all.csv,ok,2026-06-16 04:59:12.777910
JPY,,2Y,2025-06-16,0.758,mof_jgb_interest_rate_historical,2Y,https://www.mof.go.jp/english/policy/jgbs/reference/interest_rate/historical/jgbcme_all.csv,ok,2026-06-16 04:59:12.777910
JPY,,2Y,2025-06-17,0.769,mof_jgb_interest_rate_historical,2Y,https://www.mof.go.jp/english/policy/jgbs/reference/interest_rate/historical/jgbcme_all.csv,ok,2026-06-16 04:59:12.777910
JPY,,2Y,2025-06-18,0.755,mof_jgb_interest_rate_historical,2Y,https://www.mof.go.jp/english/policy/jgbs/reference/interest_rate/historical/jgbcme_all.csv,ok,2026-06-16 04:59:12.777910
JPY,,2Y,2025-06-19,0.728,mof_jgb_interest_rate_historical,2Y,https://www.mof.go.jp/english/policy/jgbs/reference/interest_rate/historical/jgbcme_all.csv,ok,2026-06-16 04:59:12.777910
JPY,,2Y,2025-06-20,0.728,mof_jgb_interest_rate_historical,2Y,https://www.mof.go.jp/english/policy/jgbs/reference/interest_rate/historical/jgbcme_all.csv,ok,2026-06-16 04:59:12.777910
JPY,,2Y,2025-06-23,0.738,mof_jgb_interest_rate_historical,2Y,https://www.mof.go.jp/english/policy/jgbs/reference/interest_rate/historical/jgbcme_all.csv,ok,2026-06-16 04:59:12.777910
JPY,,2Y,2025-06-24,0.738,mof_jgb_interest_rate_historical,2Y,https://www.mof.go.jp/english/policy/jgbs/reference/interest_rate/historical/jgbcme_all.csv,ok,2026-06-16 04:59:12.777910
JPY,,2Y,2025-06-25,0.724,mof_jgb_interest_rate_historical,2Y,https://www.mof.go.jp/english/policy/jgbs/reference/interest_rate/historical/jgbcme_all.csv,ok,2026-06-16 04:59:12.777910
JPY,,2Y,2025-06-26,0.735,mof_jgb_interest_rate_historical,2Y,https://www.mof.go.jp/english/policy/jgbs/reference/interest_rate/historical/jgbcme_all.csv,ok,2026-06-16 04:59:12.777910
JPY,,2Y,2025-06-27,0.74,mof_jgb_interest_rate_historical,2Y,https://www.mof.go.jp/english/policy/jgbs/reference/interest_rate/historical/jgbcme_all.csv,ok,2026-06-16 04:59:12.777910
JPY,,2Y,2025-06-30,0.746,mof_jgb_interest_rate_historical,2Y,https://www.mof.go.jp/english/policy/jgbs/reference/interest_rate/historical/jgbcme_all.csv,ok,2026-06-16 04:59:12.777910
JPY,,2Y,2025-07-01,0.735,mof_jgb_interest_rate_historical,2Y,https://www.mof.go.jp/english/policy/jgbs/reference/interest_rate/historical/jgbcme_all.csv,ok,2026-06-16 04:59:12.777910
JPY,,2Y,2025-07-02,0.741,mof_jgb_interest_rate_historical,2Y,https://www.mof.go.jp/english/policy/jgbs/reference/interest_rate/historical/jgbcme_all.csv,ok,2026-06-16 04:59:12.777910
JPY,,2Y,2025-07-03,0.746,mof_jgb_interest_rate_historical,2Y,https://www.mof.go.jp/english/policy/jgbs/reference/interest_rate/historical/jgbcme_all.csv,ok,2026-06-16 04:59:12.777910
JPY,,2Y,2025-07-04,0.736,mof_jgb_interest_rate_historical,2Y,https://www.mof.go.jp/english/policy/jgbs/reference/interest_rate/historical/jgbcme_all.csv,ok,2026-06-16 04:59:12.777910
JPY,,2Y,2025-07-07,0.732,mof_jgb_interest_rate_historical,2Y,https://www.mof.go.jp/english/policy/jgbs/reference/interest_rate/historical/jgbcme_all.csv,ok,2026-06-16 04:59:12.777910
JPY,,2Y,2025-07-08,0.733,mof_jgb_interest_rate_historical,2Y,https://www.mof.go.jp/english/policy/jgbs/reference/interest_rate/historical/jgbcme_all.csv,ok,2026-06-16 04:59:12.777910
JPY,,2Y,2025-07-09,0.754,mof_jgb_interest_rate_historical,2Y,https://www.mof.go.jp/english/policy/jgbs/reference/interest_rate/historical/jgbcme_all.csv,ok,2026-06-16 04:59:12.777910
JPY,,2Y,2025-07-10,0.76,mof_jgb_interest_rate_historical,2Y,https://www.mof.go.jp/english/policy/jgbs/reference/interest_rate/historical/jgbcme_all.csv,ok,2026-06-16 04:59:12.777910
JPY,,2Y,2025-07-11,0.764,mof_jgb_interest_rate_historical,2Y,https://www.mof.go.jp/english/policy/jgbs/reference/interest_rate/historical/jgbcme_all.csv,ok,2026-06-16 04:59:12.777910
JPY,,2Y,2025-07-14,0.781,mof_jgb_interest_rate_historical,2Y,https://www.mof.go.jp/english/policy/jgbs/reference/interest_rate/historical/jgbcme_all.csv,ok,2026-06-16 04:59:12.777910
JPY,,2Y,2025-07-15,0.792,mof_jgb_interest_rate_historical,2Y,https://www.mof.go.jp/english/policy/jgbs/reference/interest_rate/historical/jgbcme_all.csv,ok,2026-06-16 04:59:12.777910
JPY,,2Y,2025-07-16,0.793,mof_jgb_interest_rate_historical,2Y,https://www.mof.go.jp/english/policy/jgbs/reference/interest_rate/historical/jgbcme_all.csv,ok,2026-06-16 04:59:12.777910
JPY,,2Y,2025-07-17,0.788,mof_jgb_interest_rate_historical,2Y,https://www.mof.go.jp/english/policy/jgbs/reference/interest_rate/historical/jgbcme_all.csv,ok,2026-06-16 04:59:12.777910
JPY,,2Y,2025-07-18,0.772,mof_jgb_interest_rate_historical,2Y,https://www.mof.go.jp/english/policy/jgbs/reference/interest_rate/historical/jgbcme_all.csv,ok,2026-06-16 04:59:12.777910
JPY,,2Y,2025-07-22,0.76,mof_jgb_interest_rate_historical,2Y,https://www.mof.go.jp/english/policy/jgbs/reference/interest_rate/historical/jgbcme_all.csv,ok,2026-06-16 04:59:12.777910
JPY,,2Y,2025-07-23,0.838,mof_jgb_interest_rate_historical,2Y,https://www.mof.go.jp/english/policy/jgbs/reference/interest_rate/historical/jgbcme_all.csv,ok,2026-06-16 04:59:12.777910
JPY,,2Y,2025-07-24,0.854,mof_jgb_interest_rate_historical,2Y,https://www.mof.go.jp/english/policy/jgbs/reference/interest_rate/historical/jgbcme_all.csv,ok,2026-06-16 04:59:12.777910
JPY,,2Y,2025-07-25,0.863,mof_jgb_interest_rate_historical,2Y,https://www.mof.go.jp/english/policy/jgbs/reference/interest_rate/historical/jgbcme_all.csv,ok,2026-06-16 04:59:12.777910
JPY,,2Y,2025-07-28,0.849,mof_jgb_interest_rate_historical,2Y,https://www.mof.go.jp/english/policy/jgbs/reference/interest_rate/historical/jgbcme_all.csv,ok,2026-06-16 04:59:12.777910
JPY,,2Y,2025-07-29,0.835,mof_jgb_interest_rate_historical,2Y,https://www.mof.go.jp/english/policy/jgbs/reference/interest_rate/historical/jgbcme_all.csv,ok,2026-06-16 04:59:12.777910
JPY,,2Y,2025-07-30,0.826,mof_jgb_interest_rate_historical,2Y,https://www.mof.go.jp/english/policy/jgbs/reference/interest_rate/historical/jgbcme_all.csv,ok,2026-06-16 04:59:12.777910
JPY,,2Y,2025-07-31,0.826,mof_jgb_interest_rate_historical,2Y,https://www.mof.go.jp/english/policy/jgbs/reference/interest_rate/historical/jgbcme_all.csv,ok,2026-06-16 04:59:12.777910
JPY,,2Y,2025-08-01,0.814,mof_jgb_interest_rate_historical,2Y,https://www.mof.go.jp/english/policy/jgbs/reference/interest_rate/historical/jgbcme_all.csv,ok,2026-06-16 04:59:12.777910
JPY,,2Y,2025-08-04,0.764,mof_jgb_interest_rate_historical,2Y,https://www.mof.go.jp/english/policy/jgbs/reference/interest_rate/historical/jgbcme_all.csv,ok,2026-06-16 04:59:12.777910
JPY,,2Y,2025-08-05,0.754,mof_jgb_interest_rate_historical,2Y,https://www.mof.go.jp/english/policy/jgbs/reference/interest_rate/historical/jgbcme_all.csv,ok,2026-06-16 04:59:12.777910
JPY,,2Y,2025-08-06,0.774,mof_jgb_interest_rate_historical,2Y,https://www.mof.go.jp/english/policy/jgbs/reference/interest_rate/historical/jgbcme_all.csv,ok,2026-06-16 04:59:12.777910
JPY,,2Y,2025-08-07,0.77,mof_jgb_interest_rate_historical,2Y,https://www.mof.go.jp/english/policy/jgbs/reference/interest_rate/historical/jgbcme_all.csv,ok,2026-06-16 04:59:12.777910
JPY,,2Y,2025-08-08,0.77,mof_jgb_interest_rate_historical,2Y,https://www.mof.go.jp/english/policy/jgbs/reference/interest_rate/historical/jgbcme_all.csv,ok,2026-06-16 04:59:12.777910
JPY,,2Y,2025-08-12,0.775,mof_jgb_interest_rate_historical,2Y,https://www.mof.go.jp/english/policy/jgbs/reference/interest_rate/historical/jgbcme_all.csv,ok,2026-06-16 04:59:12.777910
JPY,,2Y,2025-08-13,0.785,mof_jgb_interest_rate_historical,2Y,https://www.mof.go.jp/english/policy/jgbs/reference/interest_rate/historical/jgbcme_all.csv,ok,2026-06-16 04:59:12.777910
JPY,,2Y,2025-08-14,0.822,mof_jgb_interest_rate_historical,2Y,https://www.mof.go.jp/english/policy/jgbs/reference/interest_rate/historical/jgbcme_all.csv,ok,2026-06-16 04:59:12.777910
JPY,,2Y,2025-08-15,0.826,mof_jgb_interest_rate_historical,2Y,https://www.mof.go.jp/english/policy/jgbs/reference/interest_rate/historical/jgbcme_all.csv,ok,2026-06-16 04:59:12.777910
JPY,,2Y,2025-08-18,0.833,mof_jgb_interest_rate_historical,2Y,https://www.mof.go.jp/english/policy/jgbs/reference/interest_rate/historical/jgbcme_all.csv,ok,2026-06-16 04:59:12.777910
JPY,,2Y,2025-08-19,0.849,mof_jgb_interest_rate_historical,2Y,https://www.mof.go.jp/english/policy/jgbs/reference/interest_rate/historical/jgbcme_all.csv,ok,2026-06-16 04:59:12.777910
JPY,,2Y,2025-08-20,0.858,mof_jgb_interest_rate_historical,2Y,https://www.mof.go.jp/english/policy/jgbs/reference/interest_rate/historical/jgbcme_all.csv,ok,2026-06-16 04:59:12.777910
JPY,,2Y,2025-08-21,0.862,mof_jgb_interest_rate_historical,2Y,https://www.mof.go.jp/english/policy/jgbs/reference/interest_rate/historical/jgbcme_all.csv,ok,2026-06-16 04:59:12.777910
JPY,,2Y,2025-08-22,0.873,mof_jgb_interest_rate_historical,2Y,https://www.mof.go.jp/english/policy/jgbs/reference/interest_rate/historical/jgbcme_all.csv,ok,2026-06-16 04:59:12.777910
JPY,,2Y,2025-08-25,0.869,mof_jgb_interest_rate_historical,2Y,https://www.mof.go.jp/english/policy/jgbs/reference/interest_rate/historical/jgbcme_all.csv,ok,2026-06-16 04:59:12.777910
JPY,,2Y,2025-08-26,0.874,mof_jgb_interest_rate_historical,2Y,https://www.mof.go.jp/english/policy/jgbs/reference/interest_rate/historical/jgbcme_all.csv,ok,2026-06-16 04:59:12.777910
JPY,,2Y,2025-08-27,0.869,mof_jgb_interest_rate_historical,2Y,https://www.mof.go.jp/english/policy/jgbs/reference/interest_rate/historical/jgbcme_all.csv,ok,2026-06-16 04:59:12.777910
JPY,,2Y,2025-08-28,0.871,mof_jgb_interest_rate_historical,2Y,https://www.mof.go.jp/english/policy/jgbs/reference/interest_rate/historical/jgbcme_all.csv,ok,2026-06-16 04:59:12.777910
JPY,,2Y,2025-08-29,0.871,mof_jgb_interest_rate_historical,2Y,https://www.mof.go.jp/english/policy/jgbs/reference/interest_rate/historical/jgbcme_all.csv,ok,2026-06-16 04:59:12.777910
JPY,,2Y,2025-09-01,0.88,mof_jgb_interest_rate_historical,2Y,https://www.mof.go.jp/english/policy/jgbs/reference/interest_rate/historical/jgbcme_all.csv,ok,2026-06-16 04:59:12.777910
JPY,,2Y,2025-09-02,0.87,mof_jgb_interest_rate_historical,2Y,https://www.mof.go.jp/english/policy/jgbs/reference/interest_rate/historical/jgbcme_all.csv,ok,2026-06-16 04:59:12.777910
JPY,,2Y,2025-09-03,0.87,mof_jgb_interest_rate_historical,2Y,https://www.mof.go.jp/english/policy/jgbs/reference/interest_rate/historical/jgbcme_all.csv,ok,2026-06-16 04:59:12.777910
JPY,,2Y,2025-09-04,0.855,mof_jgb_interest_rate_historical,2Y,https://www.mof.go.jp/english/policy/jgbs/reference/interest_rate/historical/jgbcme_all.csv,ok,2026-06-16 04:59:12.777910
JPY,,2Y,2025-09-05,0.841,mof_jgb_interest_rate_historical,2Y,https://www.mof.go.jp/english/policy/jgbs/reference/interest_rate/historical/jgbcme_all.csv,ok,2026-06-16 04:59:12.777910
JPY,,2Y,2025-09-08,0.831,mof_jgb_interest_rate_historical,2Y,https://www.mof.go.jp/english/policy/jgbs/reference/interest_rate/historical/jgbcme_all.csv,ok,2026-06-16 04:59:12.777910
JPY,,2Y,2025-09-09,0.842,mof_jgb_interest_rate_historical,2Y,https://www.mof.go.jp/english/policy/jgbs/reference/interest_rate/historical/jgbcme_all.csv,ok,2026-06-16 04:59:12.777910
JPY,,2Y,2025-09-10,0.857,mof_jgb_interest_rate_historical,2Y,https://www.mof.go.jp/english/policy/jgbs/reference/interest_rate/historical/jgbcme_all.csv,ok,2026-06-16 04:59:12.777910
JPY,,2Y,2025-09-11,0.862,mof_jgb_interest_rate_historical,2Y,https://www.mof.go.jp/english/policy/jgbs/reference/interest_rate/historical/jgbcme_all.csv,ok,2026-06-16 04:59:12.777910
JPY,,2Y,2025-09-12,0.873,mof_jgb_interest_rate_historical,2Y,https://www.mof.go.jp/english/policy/jgbs/reference/interest_rate/historical/jgbcme_all.csv,ok,2026-06-16 04:59:12.777910
JPY,,2Y,2025-09-16,0.884,mof_jgb_interest_rate_historical,2Y,https://www.mof.go.jp/english/policy/jgbs/reference/interest_rate/historical/jgbcme_all.csv,ok,2026-06-16 04:59:12.777910
JPY,,2Y,2025-09-17,0.883,mof_jgb_interest_rate_historical,2Y,https://www.mof.go.jp/english/policy/jgbs/reference/interest_rate/historical/jgbcme_all.csv,ok,2026-06-16 04:59:12.777910
JPY,,2Y,2025-09-18,0.888,mof_jgb_interest_rate_historical,2Y,https://www.mof.go.jp/english/policy/jgbs/reference/interest_rate/historical/jgbcme_all.csv,ok,2026-06-16 04:59:12.777910
JPY,,2Y,2025-09-19,0.918,mof_jgb_interest_rate_historical,2Y,https://www.mof.go.jp/english/policy/jgbs/reference/interest_rate/historical/jgbcme_all.csv,ok,2026-06-16 04:59:12.777910
JPY,,2Y,2025-09-22,0.935,mof_jgb_interest_rate_historical,2Y,https://www.mof.go.jp/english/policy/jgbs/reference/interest_rate/historical/jgbcme_all.csv,ok,2026-06-16 04:59:12.777910
JPY,,2Y,2025-09-24,0.932,mof_jgb_interest_rate_historical,2Y,https://www.mof.go.jp/english/policy/jgbs/reference/interest_rate/historical/jgbcme_all.csv,ok,2026-06-16 04:59:12.777910
JPY,,2Y,2025-09-25,0.936,mof_jgb_interest_rate_historical,2Y,https://www.mof.go.jp/english/policy/jgbs/reference/interest_rate/historical/jgbcme_all.csv,ok,2026-06-16 04:59:12.777910
JPY,,2Y,2025-09-26,0.931,mof_jgb_interest_rate_historical,2Y,https://www.mof.go.jp/english/policy/jgbs/reference/interest_rate/historical/jgbcme_all.csv,ok,2026-06-16 04:59:12.777910
JPY,,2Y,2025-09-29,0.931,mof_jgb_interest_rate_historical,2Y,https://www.mof.go.jp/english/policy/jgbs/reference/interest_rate/historical/jgbcme_all.csv,ok,2026-06-16 04:59:12.777910
JPY,,2Y,2025-09-30,0.958,mof_jgb_interest_rate_historical,2Y,https://www.mof.go.jp/english/policy/jgbs/reference/interest_rate/historical/jgbcme_all.csv,ok,2026-06-16 04:59:12.777910
JPY,,2Y,2025-10-01,0.954,mof_jgb_interest_rate_historical,2Y,https://www.mof.go.jp/english/policy/jgbs/reference/interest_rate/historical/jgbcme_all.csv,ok,2026-06-16 04:59:12.777910
JPY,,2Y,2025-10-02,0.955,mof_jgb_interest_rate_historical,2Y,https://www.mof.go.jp/english/policy/jgbs/reference/interest_rate/historical/jgbcme_all.csv,ok,2026-06-16 04:59:12.777910
JPY,,2Y,2025-10-03,0.945,mof_jgb_interest_rate_historical,2Y,https://www.mof.go.jp/english/policy/jgbs/reference/interest_rate/historical/jgbcme_all.csv,ok,2026-06-16 04:59:12.777910
JPY,,2Y,2025-10-06,0.899,mof_jgb_interest_rate_historical,2Y,https://www.mof.go.jp/english/policy/jgbs/reference/interest_rate/historical/jgbcme_all.csv,ok,2026-06-16 04:59:12.777910
JPY,,2Y,2025-10-07,0.909,mof_jgb_interest_rate_historical,2Y,https://www.mof.go.jp/english/policy/jgbs/reference/interest_rate/historical/jgbcme_all.csv,ok,2026-06-16 04:59:12.777910
JPY,,2Y,2025-10-08,0.93,mof_jgb_interest_rate_historical,2Y,https://www.mof.go.jp/english/policy/jgbs/reference/interest_rate/historical/jgbcme_all.csv,ok,2026-06-16 04:59:12.777910
JPY,,2Y,2025-10-09,0.93,mof_jgb_interest_rate_historical,2Y,https://www.mof.go.jp/english/policy/jgbs/reference/interest_rate/historical/jgbcme_all.csv,ok,2026-06-16 04:59:12.777910
JPY,,2Y,2025-10-10,0.925,mof_jgb_interest_rate_historical,2Y,https://www.mof.go.jp/english/policy/jgbs/reference/interest_rate/historical/jgbcme_all.csv,ok,2026-06-16 04:59:12.777910
JPY,,2Y,2025-10-14,0.895,mof_jgb_interest_rate_historical,2Y,https://www.mof.go.jp/english/policy/jgbs/reference/interest_rate/historical/jgbcme_all.csv,ok,2026-06-16 04:59:12.777910
JPY,,2Y,2025-10-15,0.9,mof_jgb_interest_rate_historical,2Y,https://www.mof.go.jp/english/policy/jgbs/reference/interest_rate/historical/jgbcme_all.csv,ok,2026-06-16 04:59:12.777910
JPY,,2Y,2025-10-16,0.92,mof_jgb_interest_rate_historical,2Y,https://www.mof.go.jp/english/policy/jgbs/reference/interest_rate/historical/jgbcme_all.csv,ok,2026-06-16 04:59:12.777910
JPY,,2Y,2025-10-17,0.909,mof_jgb_interest_rate_historical,2Y,https://www.mof.go.jp/english/policy/jgbs/reference/interest_rate/historical/jgbcme_all.csv,ok,2026-06-16 04:59:12.777910
JPY,,2Y,2025-10-20,0.95,mof_jgb_interest_rate_historical,2Y,https://www.mof.go.jp/english/policy/jgbs/reference/interest_rate/historical/jgbcme_all.csv,ok,2026-06-16 04:59:12.777910
JPY,,2Y,2025-10-21,0.94,mof_jgb_interest_rate_historical,2Y,https://www.mof.go.jp/english/policy/jgbs/reference/interest_rate/historical/jgbcme_all.csv,ok,2026-06-16 04:59:12.777910
JPY,,2Y,2025-10-22,0.929,mof_jgb_interest_rate_historical,2Y,https://www.mof.go.jp/english/policy/jgbs/reference/interest_rate/historical/jgbcme_all.csv,ok,2026-06-16 04:59:12.777910
JPY,,2Y,2025-10-23,0.933,mof_jgb_interest_rate_historical,2Y,https://www.mof.go.jp/english/policy/jgbs/reference/interest_rate/historical/jgbcme_all.csv,ok,2026-06-16 04:59:12.777910
JPY,,2Y,2025-10-24,0.932,mof_jgb_interest_rate_historical,2Y,https://www.mof.go.jp/english/policy/jgbs/reference/interest_rate/historical/jgbcme_all.csv,ok,2026-06-16 04:59:12.777910
JPY,,2Y,2025-10-27,0.943,mof_jgb_interest_rate_historical,2Y,https://www.mof.go.jp/english/policy/jgbs/reference/interest_rate/historical/jgbcme_all.csv,ok,2026-06-16 04:59:12.777910
JPY,,2Y,2025-10-28,0.94,mof_jgb_interest_rate_historical,2Y,https://www.mof.go.jp/english/policy/jgbs/reference/interest_rate/historical/jgbcme_all.csv,ok,2026-06-16 04:59:12.777910
JPY,,2Y,2025-10-29,0.943,mof_jgb_interest_rate_historical,2Y,https://www.mof.go.jp/english/policy/jgbs/reference/interest_rate/historical/jgbcme_all.csv,ok,2026-06-16 04:59:12.777910
JPY,,2Y,2025-10-30,0.929,mof_jgb_interest_rate_historical,2Y,https://www.mof.go.jp/english/policy/jgbs/reference/interest_rate/historical/jgbcme_all.csv,ok,2026-06-16 04:59:12.777910
JPY,,2Y,2025-10-31,0.928,mof_jgb_interest_rate_historical,2Y,https://www.mof.go.jp/english/policy/jgbs/reference/interest_rate/historical/jgbcme_all.csv,ok,2026-06-16 04:59:12.777910
JPY,,2Y,2025-11-04,0.945,mof_jgb_interest_rate_historical,2Y,https://www.mof.go.jp/english/policy/jgbs/reference/interest_rate/historical/jgbcme_all.csv,ok,2026-06-16 04:59:12.777910
JPY,,2Y,2025-11-05,0.93,mof_jgb_interest_rate_historical,2Y,https://www.mof.go.jp/english/policy/jgbs/reference/interest_rate/historical/jgbcme_all.csv,ok,2026-06-16 04:59:12.777910
JPY,,2Y,2025-11-06,0.941,mof_jgb_interest_rate_historical,2Y,https://www.mof.go.jp/english/policy/jgbs/reference/interest_rate/historical/jgbcme_all.csv,ok,2026-06-16 04:59:12.777910
JPY,,2Y,2025-11-07,0.941,mof_jgb_interest_rate_historical,2Y,https://www.mof.go.jp/english/policy/jgbs/reference/interest_rate/historical/jgbcme_all.csv,ok,2026-06-16 04:59:12.777910
JPY,,2Y,2025-11-10,0.948,mof_jgb_interest_rate_historical,2Y,https://www.mof.go.jp/english/policy/jgbs/reference/interest_rate/historical/jgbcme_all.csv,ok,2026-06-16 04:59:12.777910
JPY,,2Y,2025-11-11,0.937,mof_jgb_interest_rate_historical,2Y,https://www.mof.go.jp/english/policy/jgbs/reference/interest_rate/historical/jgbcme_all.csv,ok,2026-06-16 04:59:12.777910
JPY,,2Y,2025-11-12,0.942,mof_jgb_interest_rate_historical,2Y,https://www.mof.go.jp/english/policy/jgbs/reference/interest_rate/historical/jgbcme_all.csv,ok,2026-06-16 04:59:12.777910
JPY,,2Y,2025-11-13,0.932,mof_jgb_interest_rate_historical,2Y,https://www.mof.go.jp/english/policy/jgbs/reference/interest_rate/historical/jgbcme_all.csv,ok,2026-06-16 04:59:12.777910
JPY,,2Y,2025-11-14,0.932,mof_jgb_interest_rate_historical,2Y,https://www.mof.go.jp/english/policy/jgbs/reference/interest_rate/historical/jgbcme_all.csv,ok,2026-06-16 04:59:12.777910
JPY,,2Y,2025-11-17,0.938,mof_jgb_interest_rate_historical,2Y,https://www.mof.go.jp/english/policy/jgbs/reference/interest_rate/historical/jgbcme_all.csv,ok,2026-06-16 04:59:12.777910
JPY,,2Y,2025-11-18,0.928,mof_jgb_interest_rate_historical,2Y,https://www.mof.go.jp/english/policy/jgbs/reference/interest_rate/historical/jgbcme_all.csv,ok,2026-06-16 04:59:12.777910
JPY,,2Y,2025-11-19,0.934,mof_jgb_interest_rate_historical,2Y,https://www.mof.go.jp/english/policy/jgbs/reference/interest_rate/historical/jgbcme_all.csv,ok,2026-06-16 04:59:12.777910
JPY,,2Y,2025-11-20,0.965,mof_jgb_interest_rate_historical,2Y,https://www.mof.go.jp/english/policy/jgbs/reference/interest_rate/historical/jgbcme_all.csv,ok,2026-06-16 04:59:12.777910
JPY,,2Y,2025-11-21,0.959,mof_jgb_interest_rate_historical,2Y,https://www.mof.go.jp/english/policy/jgbs/reference/interest_rate/historical/jgbcme_all.csv,ok,2026-06-16 04:59:12.777910
JPY,,2Y,2025-11-25,0.975,mof_jgb_interest_rate_historical,2Y,https://www.mof.go.jp/english/policy/jgbs/reference/interest_rate/historical/jgbcme_all.csv,ok,2026-06-16 04:59:12.777910
JPY,,2Y,2025-11-26,0.985,mof_jgb_interest_rate_historical,2Y,https://www.mof.go.jp/english/policy/jgbs/reference/interest_rate/historical/jgbcme_all.csv,ok,2026-06-16 04:59:12.777910
JPY,,2Y,2025-11-27,0.977,mof_jgb_interest_rate_historical,2Y,https://www.mof.go.jp/english/policy/jgbs/reference/interest_rate/historical/jgbcme_all.csv,ok,2026-06-16 04:59:12.777910
JPY,,2Y,2025-11-28,0.992,mof_jgb_interest_rate_historical,2Y,https://www.mof.go.jp/english/policy/jgbs/reference/interest_rate/historical/jgbcme_all.csv,ok,2026-06-16 04:59:12.777910
JPY,,2Y,2025-12-01,1.02,mof_jgb_interest_rate_historical,2Y,https://www.mof.go.jp/english/policy/jgbs/reference/interest_rate/historical/jgbcme_all.csv,ok,2026-06-16 04:59:12.777910
JPY,,2Y,2025-12-02,1.005,mof_jgb_interest_rate_historical,2Y,https://www.mof.go.jp/english/policy/jgbs/reference/interest_rate/historical/jgbcme_all.csv,ok,2026-06-16 04:59:12.777910
JPY,,2Y,2025-12-03,1.016,mof_jgb_interest_rate_historical,2Y,https://www.mof.go.jp/english/policy/jgbs/reference/interest_rate/historical/jgbcme_all.csv,ok,2026-06-16 04:59:12.777910
JPY,,2Y,2025-12-04,1.021,mof_jgb_interest_rate_historical,2Y,https://www.mof.go.jp/english/policy/jgbs/reference/interest_rate/historical/jgbcme_all.csv,ok,2026-06-16 04:59:12.777910
JPY,,2Y,2025-12-05,1.052,mof_jgb_interest_rate_historical,2Y,https://www.mof.go.jp/english/policy/jgbs/reference/interest_rate/historical/jgbcme_all.csv,ok,2026-06-16 04:59:12.777910
JPY,,2Y,2025-12-08,1.063,mof_jgb_interest_rate_historical,2Y,https://www.mof.go.jp/english/policy/jgbs/reference/interest_rate/historical/jgbcme_all.csv,ok,2026-06-16 04:59:12.777910
JPY,,2Y,2025-12-09,1.069,mof_jgb_interest_rate_historical,2Y,https://www.mof.go.jp/english/policy/jgbs/reference/interest_rate/historical/jgbcme_all.csv,ok,2026-06-16 04:59:12.777910
JPY,,2Y,2025-12-10,1.074,mof_jgb_interest_rate_historical,2Y,https://www.mof.go.jp/english/policy/jgbs/reference/interest_rate/historical/jgbcme_all.csv,ok,2026-06-16 04:59:12.777910
JPY,,2Y,2025-12-11,1.054,mof_jgb_interest_rate_historical,2Y,https://www.mof.go.jp/english/policy/jgbs/reference/interest_rate/historical/jgbcme_all.csv,ok,2026-06-16 04:59:12.777910
JPY,,2Y,2025-12-12,1.07,mof_jgb_interest_rate_historical,2Y,https://www.mof.go.jp/english/policy/jgbs/reference/interest_rate/historical/jgbcme_all.csv,ok,2026-06-16 04:59:12.777910
JPY,,2Y,2025-12-15,1.071,mof_jgb_interest_rate_historical,2Y,https://www.mof.go.jp/english/policy/jgbs/reference/interest_rate/historical/jgbcme_all.csv,ok,2026-06-16 04:59:12.777910
JPY,,2Y,2025-12-16,1.067,mof_jgb_interest_rate_historical,2Y,https://www.mof.go.jp/english/policy/jgbs/reference/interest_rate/historical/jgbcme_all.csv,ok,2026-06-16 04:59:12.777910
JPY,,2Y,2025-12-17,1.077,mof_jgb_interest_rate_historical,2Y,https://www.mof.go.jp/english/policy/jgbs/reference/interest_rate/historical/jgbcme_all.csv,ok,2026-06-16 04:59:12.777910
JPY,,2Y,2025-12-18,1.073,mof_jgb_interest_rate_historical,2Y,https://www.mof.go.jp/english/policy/jgbs/reference/interest_rate/historical/jgbcme_all.csv,ok,2026-06-16 04:59:12.777910
JPY,,2Y,2025-12-19,1.101,mof_jgb_interest_rate_historical,2Y,https://www.mof.go.jp/english/policy/jgbs/reference/interest_rate/historical/jgbcme_all.csv,ok,2026-06-16 04:59:12.777910
JPY,,2Y,2025-12-22,1.129,mof_jgb_interest_rate_historical,2Y,https://www.mof.go.jp/english/policy/jgbs/reference/interest_rate/historical/jgbcme_all.csv,ok,2026-06-16 04:59:12.777910
JPY,,2Y,2025-12-23,1.111,mof_jgb_interest_rate_historical,2Y,https://www.mof.go.jp/english/policy/jgbs/reference/interest_rate/historical/jgbcme_all.csv,ok,2026-06-16 04:59:12.777910
JPY,,2Y,2025-12-24,1.111,mof_jgb_interest_rate_historical,2Y,https://www.mof.go.jp/english/policy/jgbs/reference/interest_rate/historical/jgbcme_all.csv,ok,2026-06-16 04:59:12.777910
JPY,,2Y,2025-12-25,1.147,mof_jgb_interest_rate_historical,2Y,https://www.mof.go.jp/english/policy/jgbs/reference/interest_rate/historical/jgbcme_all.csv,ok,2026-06-16 04:59:12.777910
JPY,,2Y,2025-12-26,1.141,mof_jgb_interest_rate_historical,2Y,https://www.mof.go.jp/english/policy/jgbs/reference/interest_rate/historical/jgbcme_all.csv,ok,2026-06-16 04:59:12.777910
JPY,,2Y,2025-12-29,1.15,mof_jgb_interest_rate_historical,2Y,https://www.mof.go.jp/english/policy/jgbs/reference/interest_rate/historical/jgbcme_all.csv,ok,2026-06-16 04:59:12.777910
JPY,,2Y,2025-12-30,1.167,mof_jgb_interest_rate_historical,2Y,https://www.mof.go.jp/english/policy/jgbs/reference/interest_rate/historical/jgbcme_all.csv,ok,2026-06-16 04:59:12.777910
JPY,,2Y,2026-01-05,1.194,mof_jgb_interest_rate_historical,2Y,https://www.mof.go.jp/english/policy/jgbs/reference/interest_rate/historical/jgbcme_all.csv,ok,2026-06-16 04:59:12.777910
JPY,,2Y,2026-01-06,1.185,mof_jgb_interest_rate_historical,2Y,https://www.mof.go.jp/english/policy/jgbs/reference/interest_rate/historical/jgbcme_all.csv,ok,2026-06-16 04:59:12.777910
JPY,,2Y,2026-01-07,1.17,mof_jgb_interest_rate_historical,2Y,https://www.mof.go.jp/english/policy/jgbs/reference/interest_rate/historical/jgbcme_all.csv,ok,2026-06-16 04:59:12.777910
JPY,,2Y,2026-01-08,1.129,mof_jgb_interest_rate_historical,2Y,https://www.mof.go.jp/english/policy/jgbs/reference/interest_rate/historical/jgbcme_all.csv,ok,2026-06-16 04:59:12.777910
JPY,,2Y,2026-01-09,1.151,mof_jgb_interest_rate_historical,2Y,https://www.mof.go.jp/english/policy/jgbs/reference/interest_rate/historical/jgbcme_all.csv,ok,2026-06-16 04:59:12.777910
JPY,,2Y,2026-01-13,1.164,mof_jgb_interest_rate_historical,2Y,https://www.mof.go.jp/english/policy/jgbs/reference/interest_rate/historical/jgbcme_all.csv,ok,2026-06-16 04:59:12.777910
JPY,,2Y,2026-01-14,1.186,mof_jgb_interest_rate_historical,2Y,https://www.mof.go.jp/english/policy/jgbs/reference/interest_rate/historical/jgbcme_all.csv,ok,2026-06-16 04:59:12.777910
JPY,,2Y,2026-01-15,1.19,mof_jgb_interest_rate_historical,2Y,https://www.mof.go.jp/english/policy/jgbs/reference/interest_rate/historical/jgbcme_all.csv,ok,2026-06-16 04:59:12.777910
JPY,,2Y,2026-01-16,1.205,mof_jgb_interest_rate_historical,2Y,https://www.mof.go.jp/english/policy/jgbs/reference/interest_rate/historical/jgbcme_all.csv,ok,2026-06-16 04:59:12.777910
JPY,,2Y,2026-01-19,1.23,mof_jgb_interest_rate_historical,2Y,https://www.mof.go.jp/english/policy/jgbs/reference/interest_rate/historical/jgbcme_all.csv,ok,2026-06-16 04:59:12.777910
JPY,,2Y,2026-01-20,1.22,mof_jgb_interest_rate_historical,2Y,https://www.mof.go.jp/english/policy/jgbs/reference/interest_rate/historical/jgbcme_all.csv,ok,2026-06-16 04:59:12.777910
JPY,,2Y,2026-01-21,1.235,mof_jgb_interest_rate_historical,2Y,https://www.mof.go.jp/english/policy/jgbs/reference/interest_rate/historical/jgbcme_all.csv,ok,2026-06-16 04:59:12.777910
JPY,,2Y,2026-01-22,1.224,mof_jgb_interest_rate_historical,2Y,https://www.mof.go.jp/english/policy/jgbs/reference/interest_rate/historical/jgbcme_all.csv,ok,2026-06-16 04:59:12.777910
JPY,,2Y,2026-01-23,1.262,mof_jgb_interest_rate_historical,2Y,https://www.mof.go.jp/english/policy/jgbs/reference/interest_rate/historical/jgbcme_all.csv,ok,2026-06-16 04:59:12.777910
JPY,,2Y,2026-01-26,1.277,mof_jgb_interest_rate_historical,2Y,https://www.mof.go.jp/english/policy/jgbs/reference/interest_rate/historical/jgbcme_all.csv,ok,2026-06-16 04:59:12.777910
JPY,,2Y,2026-01-27,1.284,mof_jgb_interest_rate_historical,2Y,https://www.mof.go.jp/english/policy/jgbs/reference/interest_rate/historical/jgbcme_all.csv,ok,2026-06-16 04:59:12.777910
JPY,,2Y,2026-01-28,1.257,mof_jgb_interest_rate_historical,2Y,https://www.mof.go.jp/english/policy/jgbs/reference/interest_rate/historical/jgbcme_all.csv,ok,2026-06-16 04:59:12.777910
JPY,,2Y,2026-01-29,1.264,mof_jgb_interest_rate_historical,2Y,https://www.mof.go.jp/english/policy/jgbs/reference/interest_rate/historical/jgbcme_all.csv,ok,2026-06-16 04:59:12.777910
JPY,,2Y,2026-01-30,1.251,mof_jgb_interest_rate_historical,2Y,https://www.mof.go.jp/english/policy/jgbs/reference/interest_rate/historical/jgbcme_all.csv,ok,2026-06-16 04:59:12.777910
JPY,,2Y,2026-02-02,1.265,mof_jgb_interest_rate_historical,2Y,https://www.mof.go.jp/english/policy/jgbs/reference/interest_rate/historical/jgbcme_all.csv,ok,2026-06-16 04:59:12.777910
JPY,,2Y,2026-02-03,1.286,mof_jgb_interest_rate_historical,2Y,https://www.mof.go.jp/english/policy/jgbs/reference/interest_rate/historical/jgbcme_all.csv,ok,2026-06-16 04:59:12.777910
JPY,,2Y,2026-02-04,1.276,mof_jgb_interest_rate_historical,2Y,https://www.mof.go.jp/english/policy/jgbs/reference/interest_rate/historical/jgbcme_all.csv,ok,2026-06-16 04:59:12.777910
JPY,,2Y,2026-02-05,1.276,mof_jgb_interest_rate_historical,2Y,https://www.mof.go.jp/english/policy/jgbs/reference/interest_rate/historical/jgbcme_all.csv,ok,2026-06-16 04:59:12.777910
JPY,,2Y,2026-02-06,1.281,mof_jgb_interest_rate_historical,2Y,https://www.mof.go.jp/english/policy/jgbs/reference/interest_rate/historical/jgbcme_all.csv,ok,2026-06-16 04:59:12.777910
JPY,,2Y,2026-02-09,1.313,mof_jgb_interest_rate_historical,2Y,https://www.mof.go.jp/english/policy/jgbs/reference/interest_rate/historical/jgbcme_all.csv,ok,2026-06-16 04:59:12.777910
JPY,,2Y,2026-02-10,1.303,mof_jgb_interest_rate_historical,2Y,https://www.mof.go.jp/english/policy/jgbs/reference/interest_rate/historical/jgbcme_all.csv,ok,2026-06-16 04:59:12.777910
JPY,,2Y,2026-02-12,1.305,mof_jgb_interest_rate_historical,2Y,https://www.mof.go.jp/english/policy/jgbs/reference/interest_rate/historical/jgbcme_all.csv,ok,2026-06-16 04:59:12.777910
JPY,,2Y,2026-02-13,1.289,mof_jgb_interest_rate_historical,2Y,https://www.mof.go.jp/english/policy/jgbs/reference/interest_rate/historical/jgbcme_all.csv,ok,2026-06-16 04:59:12.777910
JPY,,2Y,2026-02-16,1.275,mof_jgb_interest_rate_historical,2Y,https://www.mof.go.jp/english/policy/jgbs/reference/interest_rate/historical/jgbcme_all.csv,ok,2026-06-16 04:59:12.777910
JPY,,2Y,2026-02-17,1.233,mof_jgb_interest_rate_historical,2Y,https://www.mof.go.jp/english/policy/jgbs/reference/interest_rate/historical/jgbcme_all.csv,ok,2026-06-16 04:59:12.777910
JPY,,2Y,2026-02-18,1.242,mof_jgb_interest_rate_historical,2Y,https://www.mof.go.jp/english/policy/jgbs/reference/interest_rate/historical/jgbcme_all.csv,ok,2026-06-16 04:59:12.777910
JPY,,2Y,2026-02-19,1.265,mof_jgb_interest_rate_historical,2Y,https://www.mof.go.jp/english/policy/jgbs/reference/interest_rate/historical/jgbcme_all.csv,ok,2026-06-16 04:59:12.777910
JPY,,2Y,2026-02-20,1.26,mof_jgb_interest_rate_historical,2Y,https://www.mof.go.jp/english/policy/jgbs/reference/interest_rate/historical/jgbcme_all.csv,ok,2026-06-16 04:59:12.777910
JPY,,2Y,2026-02-24,1.251,mof_jgb_interest_rate_historical,2Y,https://www.mof.go.jp/english/policy/jgbs/reference/interest_rate/historical/jgbcme_all.csv,ok,2026-06-16 04:59:12.777910
JPY,,2Y,2026-02-25,1.224,mof_jgb_interest_rate_historical,2Y,https://www.mof.go.jp/english/policy/jgbs/reference/interest_rate/historical/jgbcme_all.csv,ok,2026-06-16 04:59:12.777910
JPY,,2Y,2026-02-26,1.246,mof_jgb_interest_rate_historical,2Y,https://www.mof.go.jp/english/policy/jgbs/reference/interest_rate/historical/jgbcme_all.csv,ok,2026-06-16 04:59:12.777910
JPY,,2Y,2026-02-27,1.25,mof_jgb_interest_rate_historical,2Y,https://www.mof.go.jp/english/policy/jgbs/reference/interest_rate/historical/jgbcme_all.csv,ok,2026-06-16 04:59:12.777910
JPY,,2Y,2026-03-02,1.219,mof_jgb_interest_rate_historical,2Y,https://www.mof.go.jp/english/policy/jgbs/reference/interest_rate/historical/jgbcme_all.csv,ok,2026-06-16 04:59:12.777910
JPY,,2Y,2026-03-03,1.25,mof_jgb_interest_rate_historical,2Y,https://www.mof.go.jp/english/policy/jgbs/reference/interest_rate/historical/jgbcme_all.csv,ok,2026-06-16 04:59:12.777910
JPY,,2Y,2026-03-04,1.235,mof_jgb_interest_rate_historical,2Y,https://www.mof.go.jp/english/policy/jgbs/reference/interest_rate/historical/jgbcme_all.csv,ok,2026-06-16 04:59:12.777910
JPY,,2Y,2026-03-05,1.256,mof_jgb_interest_rate_historical,2Y,https://www.mof.go.jp/english/policy/jgbs/reference/interest_rate/historical/jgbcme_all.csv,ok,2026-06-16 04:59:12.777910
JPY,,2Y,2026-03-06,1.246,mof_jgb_interest_rate_historical,2Y,https://www.mof.go.jp/english/policy/jgbs/reference/interest_rate/historical/jgbcme_all.csv,ok,2026-06-16 04:59:12.777910
JPY,,2Y,2026-03-09,1.242,mof_jgb_interest_rate_historical,2Y,https://www.mof.go.jp/english/policy/jgbs/reference/interest_rate/historical/jgbcme_all.csv,ok,2026-06-16 04:59:12.777910
JPY,,2Y,2026-03-10,1.258,mof_jgb_interest_rate_historical,2Y,https://www.mof.go.jp/english/policy/jgbs/reference/interest_rate/historical/jgbcme_all.csv,ok,2026-06-16 04:59:12.777910
JPY,,2Y,2026-03-11,1.253,mof_jgb_interest_rate_historical,2Y,https://www.mof.go.jp/english/policy/jgbs/reference/interest_rate/historical/jgbcme_all.csv,ok,2026-06-16 04:59:12.777910
JPY,,2Y,2026-03-12,1.263,mof_jgb_interest_rate_historical,2Y,https://www.mof.go.jp/english/policy/jgbs/reference/interest_rate/historical/jgbcme_all.csv,ok,2026-06-16 04:59:12.777910
JPY,,2Y,2026-03-13,1.289,mof_jgb_interest_rate_historical,2Y,https://www.mof.go.jp/english/policy/jgbs/reference/interest_rate/historical/jgbcme_all.csv,ok,2026-06-16 04:59:12.777910
JPY,,2Y,2026-03-16,1.287,mof_jgb_interest_rate_historical,2Y,https://www.mof.go.jp/english/policy/jgbs/reference/interest_rate/historical/jgbcme_all.csv,ok,2026-06-16 04:59:12.777910
JPY,,2Y,2026-03-17,1.28,mof_jgb_interest_rate_historical,2Y,https://www.mof.go.jp/english/policy/jgbs/reference/interest_rate/historical/jgbcme_all.csv,ok,2026-06-16 04:59:12.777910
JPY,,2Y,2026-03-18,1.261,mof_jgb_interest_rate_historical,2Y,https://www.mof.go.jp/english/policy/jgbs/reference/interest_rate/historical/jgbcme_all.csv,ok,2026-06-16 04:59:12.777910
JPY,,2Y,2026-03-19,1.277,mof_jgb_interest_rate_historical,2Y,https://www.mof.go.jp/english/policy/jgbs/reference/interest_rate/historical/jgbcme_all.csv,ok,2026-06-16 04:59:12.777910
JPY,,2Y,2026-03-23,1.311,mof_jgb_interest_rate_historical,2Y,https://www.mof.go.jp/english/policy/jgbs/reference/interest_rate/historical/jgbcme_all.csv,ok,2026-06-16 04:59:12.777910
JPY,,2Y,2026-03-24,1.311,mof_jgb_interest_rate_historical,2Y,https://www.mof.go.jp/english/policy/jgbs/reference/interest_rate/historical/jgbcme_all.csv,ok,2026-06-16 04:59:12.777910
JPY,,2Y,2026-03-25,1.317,mof_jgb_interest_rate_historical,2Y,https://www.mof.go.jp/english/policy/jgbs/reference/interest_rate/historical/jgbcme_all.csv,ok,2026-06-16 04:59:12.777910
JPY,,2Y,2026-03-26,1.348,mof_jgb_interest_rate_historical,2Y,https://www.mof.go.jp/english/policy/jgbs/reference/interest_rate/historical/jgbcme_all.csv,ok,2026-06-16 04:59:12.777910
JPY,,2Y,2026-03-27,1.393,mof_jgb_interest_rate_historical,2Y,https://www.mof.go.jp/english/policy/jgbs/reference/interest_rate/historical/jgbcme_all.csv,ok,2026-06-16 04:59:12.777910
JPY,,2Y,2026-03-30,1.369,mof_jgb_interest_rate_historical,2Y,https://www.mof.go.jp/english/policy/jgbs/reference/interest_rate/historical/jgbcme_all.csv,ok,2026-06-16 04:59:12.777910
JPY,,2Y,2026-03-31,1.375,mof_jgb_interest_rate_historical,2Y,https://www.mof.go.jp/english/policy/jgbs/reference/interest_rate/historical/jgbcme_all.csv,ok,2026-06-16 04:59:12.777910
JPY,,2Y,2026-04-01,1.349,mof_jgb_interest_rate_historical,2Y,https://www.mof.go.jp/english/policy/jgbs/reference/interest_rate/historical/jgbcme_all.csv,ok,2026-06-16 04:59:12.777910
JPY,,2Y,2026-04-02,1.39,mof_jgb_interest_rate_historical,2Y,https://www.mof.go.jp/english/policy/jgbs/reference/interest_rate/historical/jgbcme_all.csv,ok,2026-06-16 04:59:12.777910
JPY,,2Y,2026-04-03,1.391,mof_jgb_interest_rate_historical,2Y,https://www.mof.go.jp/english/policy/jgbs/reference/interest_rate/historical/jgbcme_all.csv,ok,2026-06-16 04:59:12.777910
JPY,,2Y,2026-04-06,1.402,mof_jgb_interest_rate_historical,2Y,https://www.mof.go.jp/english/policy/jgbs/reference/interest_rate/historical/jgbcme_all.csv,ok,2026-06-16 04:59:12.777910
JPY,,2Y,2026-04-07,1.387,mof_jgb_interest_rate_historical,2Y,https://www.mof.go.jp/english/policy/jgbs/reference/interest_rate/historical/jgbcme_all.csv,ok,2026-06-16 04:59:12.777910
JPY,,2Y,2026-04-08,1.382,mof_jgb_interest_rate_historical,2Y,https://www.mof.go.jp/english/policy/jgbs/reference/interest_rate/historical/jgbcme_all.csv,ok,2026-06-16 04:59:12.777910
JPY,,2Y,2026-04-09,1.394,mof_jgb_interest_rate_historical,2Y,https://www.mof.go.jp/english/policy/jgbs/reference/interest_rate/historical/jgbcme_all.csv,ok,2026-06-16 04:59:12.777910
JPY,,2Y,2026-04-10,1.405,mof_jgb_interest_rate_historical,2Y,https://www.mof.go.jp/english/policy/jgbs/reference/interest_rate/historical/jgbcme_all.csv,ok,2026-06-16 04:59:12.777910
JPY,,2Y,2026-04-13,1.401,mof_jgb_interest_rate_historical,2Y,https://www.mof.go.jp/english/policy/jgbs/reference/interest_rate/historical/jgbcme_all.csv,ok,2026-06-16 04:59:12.777910
JPY,,2Y,2026-04-14,1.382,mof_jgb_interest_rate_historical,2Y,https://www.mof.go.jp/english/policy/jgbs/reference/interest_rate/historical/jgbcme_all.csv,ok,2026-06-16 04:59:12.777910
JPY,,2Y,2026-04-15,1.382,mof_jgb_interest_rate_historical,2Y,https://www.mof.go.jp/english/policy/jgbs/reference/interest_rate/historical/jgbcme_all.csv,ok,2026-06-16 04:59:12.777910
JPY,,2Y,2026-04-16,1.366,mof_jgb_interest_rate_historical,2Y,https://www.mof.go.jp/english/policy/jgbs/reference/interest_rate/historical/jgbcme_all.csv,ok,2026-06-16 04:59:12.777910
JPY,,2Y,2026-04-17,1.372,mof_jgb_interest_rate_historical,2Y,https://www.mof.go.jp/english/policy/jgbs/reference/interest_rate/historical/jgbcme_all.csv,ok,2026-06-16 04:59:12.777910
JPY,,2Y,2026-04-20,1.369,mof_jgb_interest_rate_historical,2Y,https://www.mof.go.jp/english/policy/jgbs/reference/interest_rate/historical/jgbcme_all.csv,ok,2026-06-16 04:59:12.777910
JPY,,2Y,2026-04-21,1.359,mof_jgb_interest_rate_historical,2Y,https://www.mof.go.jp/english/policy/jgbs/reference/interest_rate/historical/jgbcme_all.csv,ok,2026-06-16 04:59:12.777910
JPY,,2Y,2026-04-22,1.362,mof_jgb_interest_rate_historical,2Y,https://www.mof.go.jp/english/policy/jgbs/reference/interest_rate/historical/jgbcme_all.csv,ok,2026-06-16 04:59:12.777910
JPY,,2Y,2026-04-23,1.365,mof_jgb_interest_rate_historical,2Y,https://www.mof.go.jp/english/policy/jgbs/reference/interest_rate/historical/jgbcme_all.csv,ok,2026-06-16 04:59:12.777910
JPY,,2Y,2026-04-24,1.363,mof_jgb_interest_rate_historical,2Y,https://www.mof.go.jp/english/policy/jgbs/reference/interest_rate/historical/jgbcme_all.csv,ok,2026-06-16 04:59:12.777910
JPY,,2Y,2026-04-27,1.375,mof_jgb_interest_rate_historical,2Y,https://www.mof.go.jp/english/policy/jgbs/reference/interest_rate/historical/jgbcme_all.csv,ok,2026-06-16 04:59:12.777910
JPY,,2Y,2026-04-28,1.389,mof_jgb_interest_rate_historical,2Y,https://www.mof.go.jp/english/policy/jgbs/reference/interest_rate/historical/jgbcme_all.csv,ok,2026-06-16 04:59:12.777910
JPY,,2Y,2026-04-30,1.402,mof_jgb_interest_rate_historical,2Y,https://www.mof.go.jp/english/policy/jgbs/reference/interest_rate/historical/jgbcme_all.csv,ok,2026-06-16 04:59:12.777910
JPY,,2Y,2026-05-01,1.385,mof_jgb_interest_rate_historical,2Y,https://www.mof.go.jp/english/policy/jgbs/reference/interest_rate/historical/jgbcme_all.csv,ok,2026-06-16 04:59:12.777910
JPY,,2Y,2026-05-07,1.372,mof_jgb_interest_rate_historical,2Y,https://www.mof.go.jp/english/policy/jgbs/reference/interest_rate/historical/jgbcme_all.csv,ok,2026-06-16 04:59:12.777910
JPY,,2Y,2026-05-08,1.378,mof_jgb_interest_rate_historical,2Y,https://www.mof.go.jp/english/policy/jgbs/reference/interest_rate/historical/jgbcme_all.csv,ok,2026-06-16 04:59:12.777910
JPY,,2Y,2026-05-11,1.395,mof_jgb_interest_rate_historical,2Y,https://www.mof.go.jp/english/policy/jgbs/reference/interest_rate/historical/jgbcme_all.csv,ok,2026-06-16 04:59:12.777910
JPY,,2Y,2026-05-12,1.401,mof_jgb_interest_rate_historical,2Y,https://www.mof.go.jp/english/policy/jgbs/reference/interest_rate/historical/jgbcme_all.csv,ok,2026-06-16 04:59:12.777910
JPY,,2Y,2026-05-13,1.401,mof_jgb_interest_rate_historical,2Y,https://www.mof.go.jp/english/policy/jgbs/reference/interest_rate/historical/jgbcme_all.csv,ok,2026-06-16 04:59:12.777910
JPY,,2Y,2026-05-14,1.407,mof_jgb_interest_rate_historical,2Y,https://www.mof.go.jp/english/policy/jgbs/reference/interest_rate/historical/jgbcme_all.csv,ok,2026-06-16 04:59:12.777910
JPY,,2Y,2026-05-15,1.413,mof_jgb_interest_rate_historical,2Y,https://www.mof.go.jp/english/policy/jgbs/reference/interest_rate/historical/jgbcme_all.csv,ok,2026-06-16 04:59:12.777910
JPY,,2Y,2026-05-18,1.431,mof_jgb_interest_rate_historical,2Y,https://www.mof.go.jp/english/policy/jgbs/reference/interest_rate/historical/jgbcme_all.csv,ok,2026-06-16 04:59:12.777910
JPY,,2Y,2026-05-19,1.452,mof_jgb_interest_rate_historical,2Y,https://www.mof.go.jp/english/policy/jgbs/reference/interest_rate/historical/jgbcme_all.csv,ok,2026-06-16 04:59:12.777910
JPY,,2Y,2026-05-20,1.464,mof_jgb_interest_rate_historical,2Y,https://www.mof.go.jp/english/policy/jgbs/reference/interest_rate/historical/jgbcme_all.csv,ok,2026-06-16 04:59:12.777910
JPY,,2Y,2026-05-21,1.453,mof_jgb_interest_rate_historical,2Y,https://www.mof.go.jp/english/policy/jgbs/reference/interest_rate/historical/jgbcme_all.csv,ok,2026-06-16 04:59:12.777910
JPY,,2Y,2026-05-22,1.443,mof_jgb_interest_rate_historical,2Y,https://www.mof.go.jp/english/policy/jgbs/reference/interest_rate/historical/jgbcme_all.csv,ok,2026-06-16 04:59:12.777910
JPY,,2Y,2026-05-25,1.42,mof_jgb_interest_rate_historical,2Y,https://www.mof.go.jp/english/policy/jgbs/reference/interest_rate/historical/jgbcme_all.csv,ok,2026-06-16 04:59:12.777910
JPY,,2Y,2026-05-26,1.421,mof_jgb_interest_rate_historical,2Y,https://www.mof.go.jp/english/policy/jgbs/reference/interest_rate/historical/jgbcme_all.csv,ok,2026-06-16 04:59:12.777910
JPY,,2Y,2026-05-27,1.399,mof_jgb_interest_rate_historical,2Y,https://www.mof.go.jp/english/policy/jgbs/reference/interest_rate/historical/jgbcme_all.csv,ok,2026-06-16 04:59:12.777910
JPY,,2Y,2026-05-28,1.366,mof_jgb_interest_rate_historical,2Y,https://www.mof.go.jp/english/policy/jgbs/reference/interest_rate/historical/jgbcme_all.csv,ok,2026-06-16 04:59:12.777910
JPY,,2Y,2026-05-29,1.393,mof_jgb_interest_rate_historical,2Y,https://www.mof.go.jp/english/policy/jgbs/reference/interest_rate/historical/jgbcme_all.csv,ok,2026-06-16 04:59:12.777910
