pair,tenor,observation_date,base_currency,quote_currency,base_yield_percent,quote_yield_percent,yield_spread_bp,quality_status,spread_change_1d_bp,spread_change_5d_bp,spread_change_20d_bp,spread_slope_20d_bp_per_day,spread_z_252,price_return_20d_bp,price_trend_confirmation,rate_trend_bias,feature_built_at
EURUSD,2Y,2021-06-16,EUR,USD,-0.7169604049320211,0.21,-92.6960404932021,ok,,,,,,,unknown,neutral,2026-06-16 04:59:12.846401
EURUSD,2Y,2021-06-17,EUR,USD,-0.7071526445436853,0.23,-93.71526445436854,ok,-1.019223961166432,,,-1.0192239611664036,,,unknown,neutral,2026-06-16 04:59:12.846401
EURUSD,2Y,2021-06-18,EUR,USD,-0.704005557819039,0.26,-96.40055578190389,ok,-2.685291327535353,,,-1.8522576443508763,,,unknown,neutral,2026-06-16 04:59:12.846401
EURUSD,2Y,2021-06-21,EUR,USD,-0.6882652226017199,0.27,-95.82652226017198,ok,0.5740335217319057,,,-1.2076736628444817,,,unknown,neutral,2026-06-16 04:59:12.846401
EURUSD,2Y,2021-06-22,EUR,USD,-0.6916945045152081,0.25,-94.1694504515208,ok,1.6570718086511818,,,-0.50580777224408,,,unknown,neutral,2026-06-16 04:59:12.846401
EURUSD,2Y,2021-06-23,EUR,USD,-0.6963474035699209,0.26,-95.63474035699208,ok,-1.4652899054712805,-2.938699863789978,,-0.4423435368192857,,,unknown,neutral,2026-06-16 04:59:12.846401
EURUSD,2Y,2021-06-24,EUR,USD,-0.6975785065062854,0.26,-95.75785065062854,ok,-0.12311029363645787,-2.042586196260004,,-0.38547417668369305,,,unknown,neutral,2026-06-16 04:59:12.846401
EURUSD,2Y,2021-06-25,EUR,USD,-0.6903543421324105,0.28,-97.03543421324106,ok,-1.27758356261252,-0.6348784313371709,,-0.43612105878794305,,,unknown,neutral,2026-06-16 04:59:12.846401
EURUSD,2Y,2021-06-28,EUR,USD,-0.6926208447854767,0.25,-94.26208447854766,ok,2.7733497346933973,1.5644377816243207,,-0.24579155087115165,,,unknown,neutral,2026-06-16 04:59:12.846401
EURUSD,2Y,2021-06-29,EUR,USD,-0.6915549458226322,0.27,-96.15549458226323,ok,-1.893410103715567,-1.9860441307424281,,-0.238766631541399,,,unknown,neutral,2026-06-16 04:59:12.846401
EURUSD,2Y,2021-06-30,EUR,USD,-0.6975142228883702,0.25,-94.75142228883702,ok,1.4040722934262106,0.883318068155063,,-0.16026036077209455,,,unknown,neutral,2026-06-16 04:59:12.846401
EURUSD,2Y,2021-07-01,EUR,USD,-0.7051665737873147,0.25,-95.51665737873148,ok,-0.7652350898944604,0.2411932718970604,,-0.13823654029451615,,,unknown,neutral,2026-06-16 04:59:12.846401
EURUSD,2Y,2021-07-02,EUR,USD,-0.7118871514456897,0.24,-95.18871514456897,ok,0.32794223416250645,1.846719068672087,,-0.1095569089798095,,,unknown,neutral,2026-06-16 04:59:12.846401
EURUSD,2Y,2021-07-06,EUR,USD,-0.7150367268257831,0.22,-93.50367268257831,ok,1.6850424619906619,0.7584117959693515,,-0.040255444411404766,,,unknown,neutral,2026-06-16 04:59:12.846401
EURUSD,2Y,2021-07-07,EUR,USD,-0.7246165740793096,0.22,-94.46165740793096,ok,-0.9579847253526452,1.6938371743322733,,-0.018152724465476545,,,unknown,neutral,2026-06-16 04:59:12.846401
EURUSD,2Y,2021-07-08,EUR,USD,-0.7311877311064714,0.19,-92.11877311064714,ok,2.342884297283817,2.6326491781898795,,0.048718294507515206,,,unknown,neutral,2026-06-16 04:59:12.846401
EURUSD,2Y,2021-07-09,EUR,USD,-0.7218079162157296,0.23,-95.18079162157295,ok,-3.0620185109258102,0.33586575715852973,,0.03361533095107441,,-103.37640683618199,divergent,neutral,2026-06-16 04:59:12.846401
EURUSD,2Y,2021-07-12,EUR,USD,-0.7205715462822535,0.23,-95.05715462822535,ok,0.1236369933476027,0.13156051634362598,,0.02459608744474381,,2.9512951969756784,confirmed,neutral,2026-06-16 04:59:12.846401
EURUSD,2Y,2021-07-13,EUR,USD,-0.7178384880520152,0.26,-97.78384880520153,ok,-2.7266941769761814,-4.280176122623217,,-0.02530121734538753,,-80.62002443030903,confirmed,neutral,2026-06-16 04:59:12.846401
EURUSD,2Y,2021-07-14,EUR,USD,-0.7215853209086713,0.23,-95.15853209086713,ok,2.625316714334403,-0.6968746829361692,,-0.023788997525628054,-0.10378038878821617,-66.32023438746137,confirmed,neutral,2026-06-16 04:59:12.846401
EURUSD,2Y,2021-07-15,EUR,USD,-0.7310942023705036,0.23,-96.10942023705036,ok,-0.9508881461832317,-3.9906471264032177,-3.413379743848253,-0.0026961472227700757,-0.7781112497297058,-104.8892463389306,confirmed,neutral,2026-06-16 04:59:12.846401
EURUSD,2Y,2021-07-16,EUR,USD,-0.7369927435850301,0.25,-98.699274358503,ok,-2.589854121452646,-3.5184827369300535,-4.984009904134467,-0.029561320983368236,-2.2976996334722033,-104.69755901287625,confirmed,neutral,2026-06-16 04:59:12.846401
EURUSD,2Y,2021-07-19,EUR,USD,-0.739063183118831,0.21,-94.9063183118831,ok,3.7929560466199064,0.15083631634225014,1.494237470020792,-0.03714599337870265,0.21341822690764964,-119.81867998357765,divergent,neutral,2026-06-16 04:59:12.846401
EURUSD,2Y,2021-07-20,EUR,USD,-0.7664669255325203,0.2,-96.64669255325202,ok,-1.7403742413689258,1.1371562519495058,-0.8201702930800394,-0.06277644139034014,-0.9276312772750637,-134.07138191501855,divergent,neutral,2026-06-16 04:59:12.846401
EURUSD,2Y,2021-07-21,EUR,USD,-0.763884906546648,0.22,-98.38849065466479,ok,-1.741798101412769,-3.229958563797666,-4.21904020314399,-0.08589208892002251,-1.9050615325198055,-114.3470315041173,confirmed,neutral,2026-06-16 04:59:12.846401
EURUSD,2Y,2021-07-22,EUR,USD,-0.7689008862518654,0.2,-96.89008862518654,ok,1.4984020294782567,-0.7806683881361778,-1.255348268194453,-0.1043937282155148,-0.9141922491034133,-107.56121745853164,confirmed,neutral,2026-06-16 04:59:12.846401
EURUSD,2Y,2021-07-23,EUR,USD,-0.7747967285703887,0.22,-99.47967285703886,ok,-2.589584231852328,-0.7803984985358596,-3.721822206410323,-0.15994553295098626,-2.262020216078729,-73.80353919600569,confirmed,neutral,2026-06-16 04:59:12.846401
EURUSD,2Y,2021-07-26,EUR,USD,-0.7771063595863219,0.22,-99.71063595863218,ok,-0.2309631015933178,-4.804317646749084,-2.6752017453911208,-0.233372457485189,-2.1441272467596137,-48.4733017484118,confirmed,neutral,2026-06-16 04:59:12.846401
EURUSD,2Y,2021-07-27,EUR,USD,-0.7923405478388634,0.2,-99.23405478388634,ok,0.4765811747458457,-2.5873622306343123,-4.971970305338672,-0.25217848710246565,-1.748743695818471,-29.77495866932078,confirmed,neutral,2026-06-16 04:59:12.846401
EURUSD,2Y,2021-07-28,EUR,USD,-0.8001788723696266,0.2,-100.01788723696265,ok,-0.7838324530763146,-1.6293965822978578,-3.86239265469942,-0.3046014251225986,-1.9733088092623314,-14.330995414081338,confirmed,neutral,2026-06-16 04:59:12.846401
EURUSD,2Y,2021-07-29,EUR,USD,-0.8002441383034964,0.2,-100.02441383034963,ok,-0.0065265933869795845,-3.134325205163094,-5.27299154151261,-0.3291399284081455,-1.8323529218527705,57.68856632916375,divergent,neutral,2026-06-16 04:59:12.846401
EURUSD,2Y,2021-07-30,EUR,USD,-0.803462493440618,0.19,-99.3462493440618,ok,0.6781644862878267,0.13342351297706045,-3.829591965330323,-0.34814371632925045,-1.437781478564023,62.58002696537757,confirmed,neutral,2026-06-16 04:59:12.846401
EURUSD,2Y,2021-08-02,EUR,USD,-0.8073620982997873,0.17,-97.73620982997873,ok,1.61003951408307,1.9744261286534481,-2.5474946854097595,-0.33321011957693053,-0.6760004551496176,2.5271670457405193,confirmed,neutral,2026-06-16 04:59:12.846401
EURUSD,2Y,2021-08-03,EUR,USD,-0.8173601293124746,0.17,-98.73601293124746,ok,-0.999803101268725,0.49804185263887746,-5.232340248669146,-0.3021226715851278,-1.1052954942078288,-2.358450834721859,divergent,neutral,2026-06-16 04:59:12.846401
EURUSD,2Y,2021-08-04,EUR,USD,-0.8219306018635972,0.17,-99.19306018635973,ok,-0.45704725511227196,0.82482705060292,-4.731402778428773,-0.28482236388069226,-1.2680120514987523,-21.580247329865408,divergent,neutral,2026-06-16 04:59:12.846401
EURUSD,2Y,2021-08-05,EUR,USD,-0.8263499844486377,0.21,-103.63499844486377,ok,-4.441938258504038,-3.6105846145141385,-11.516225334216628,-0.2868705156587802,-2.8615800565163956,49.59744539185351,divergent,neutral,2026-06-16 04:59:12.846401
EURUSD,2Y,2021-08-06,EUR,USD,-0.802592480076969,0.21,-101.2592480076969,ok,2.3757504371668716,-1.9129986636350935,-6.078456386123946,-0.28600940409464215,-1.779762659722171,-61.945930414353256,confirmed,neutral,2026-06-16 04:59:12.846401
EURUSD,2Y,2021-08-09,EUR,USD,-0.799762347164197,0.23,-102.9762347164197,ok,-1.7169867087228,-5.240024886440963,-7.919080088194349,-0.29858397511184964,-2.254558497123939,-58.197158758799276,confirmed,neutral,2026-06-16 04:59:12.846401
EURUSD,2Y,2021-08-10,EUR,USD,-0.7989362832154403,0.24,-103.89362832154403,ok,-0.9173936051243317,-5.15761539029657,-6.109779516342499,-0.35540884390159133,-2.366730008931665,-78.7301587301581,confirmed,neutral,2026-06-16 04:59:12.846401
EURUSD,2Y,2021-08-11,EUR,USD,-0.7905221279810342,0.23,-102.05221279810341,ok,1.8414155234406167,-2.8591526117436814,-6.893680707236285,-0.3352877690980387,-1.642708419244542,-42.40270698881554,confirmed,neutral,2026-06-16 04:59:12.846401
EURUSD,2Y,2021-08-12,EUR,USD,-0.7905877030814996,0.23,-102.05877030814996,ok,-0.006557510046548032,1.5762281367138087,-5.949350071099602,-0.31990795921648707,-1.573661275818107,-38.79028630117243,divergent,neutral,2026-06-16 04:59:12.846401
EURUSD,2Y,2021-08-13,EUR,USD,-0.7862938428774973,0.23,-101.62938428774973,ok,0.42938602040023,-0.37013628005283294,-2.9301099292467256,-0.3303401057414805,-1.3798216431507764,0.9328199996616604,divergent,neutral,2026-06-16 04:59:12.846401
EURUSD,2Y,2021-08-16,EUR,USD,-0.7902665669077913,0.21,-100.02665669077912,ok,1.6027275969706096,2.9495780256405766,-5.120338378896022,-0.2535811837101167,-0.8334618773838649,7.902585760048986,confirmed,neutral,2026-06-16 04:59:12.846401
EURUSD,2Y,2021-08-17,EUR,USD,-0.7900480548947515,0.23,-102.00480548947515,ok,-1.9781487986960258,1.8888228320688825,-5.358112936223122,-0.22486136655557754,-1.4363819480147226,-54.1077738515916,divergent,neutral,2026-06-16 04:59:12.846401
EURUSD,2Y,2021-08-18,EUR,USD,-0.793723179344918,0.23,-102.3723179344918,ok,-0.3675124450166578,-0.320105136388392,-3.983827279827011,-0.22083648978640794,-1.499384618484245,-86.49097393410909,confirmed,neutral,2026-06-16 04:59:12.846401
EURUSD,2Y,2021-08-19,EUR,USD,-0.79183616417973,0.22,-101.183616417973,ok,1.1887015165188046,0.8751538901769607,-4.293527792786463,-0.170180465654416,-1.0894212354631294,-121.82431917971637,divergent,neutral,2026-06-16 04:59:12.846401
EURUSD,2Y,2021-08-20,EUR,USD,-0.7960151546551062,0.23,-102.60151546551062,ok,-1.4178990475376168,-0.9721311777608861,-3.121842608471752,-0.17421188151230219,-1.4913664223964913,-126.88469785739454,confirmed,neutral,2026-06-16 04:59:12.846401
EURUSD,2Y,2021-08-23,EUR,USD,-0.7940994190893744,0.23,-102.40994190893744,ok,0.1915735565731751,-2.3832852181583206,-2.699305950305259,-0.17445881792780218,-1.3863986321316524,-103.31431653281875,confirmed,neutral,2026-06-16 04:59:12.846401
EURUSD,2Y,2021-08-24,EUR,USD,-0.7896935209390508,0.24,-102.96935209390507,ok,-0.5594101849676321,-0.9645466044299269,-3.735297310018737,-0.17111325580504008,-1.508806999898885,-95.65063500223347,confirmed,neutral,2026-06-16 04:59:12.846401
EURUSD,2Y,2021-08-25,EUR,USD,-0.7824657141663569,0.23,-101.24657141663569,ok,1.7227806772693839,1.1257465178561148,-1.2286841796730386,-0.14991585460441773,-0.9568628611268006,-86.15462354724545,divergent,neutral,2026-06-16 04:59:12.846401
EURUSD,2Y,2021-08-26,EUR,USD,-0.7752687412144037,0.25,-102.52687412144037,ok,-1.280302704804683,-1.3432577034673727,-2.502460291090742,-0.14526389813543167,-1.3165229676906431,-97.81454833437397,confirmed,neutral,2026-06-16 04:59:12.846401
EURUSD,2Y,2021-08-27,EUR,USD,-0.7723546007914206,0.22,-99.23546007914206,ok,3.291414042298314,3.366055386368558,0.11078926491974528,-0.07912078257027796,-0.30203231053885216,-38.94534979006714,divergent,neutral,2026-06-16 04:59:12.846401
EURUSD,2Y,2021-08-30,EUR,USD,-0.7751859443485756,0.2,-97.51859443485755,ok,1.7168656442845105,4.891347474079893,0.21761539512118588,0.03680406119585475,0.22784085059363957,31.37861832035238,confirmed,neutral,2026-06-16 04:59:12.846401
EURUSD,2Y,2021-08-31,EUR,USD,-0.7652988842901691,0.2,-96.5298884290169,ok,0.9887060058406405,6.439463664888166,2.2061245022305513,0.15073967052145598,0.5306717346428714,53.11813677920219,confirmed,neutral,2026-06-16 04:59:12.846401
EURUSD,2Y,2021-09-01,EUR,USD,-0.7647790566397767,0.2,-96.47790566397767,ok,0.051982765039241485,4.768665752658023,2.715154522382065,0.25488387471466967,0.5405751312420761,89.21267893660544,confirmed,neutral,2026-06-16 04:59:12.846401
EURUSD,2Y,2021-09-02,EUR,USD,-0.7693184055061459,0.2,-96.9318405506146,ok,-0.4539348866369295,5.595033570825777,6.703157894249173,0.27832448844213037,0.3926077627922029,131.49025129058245,confirmed,neutral,2026-06-16 04:59:12.846401
EURUSD,2Y,2021-09-03,EUR,USD,-0.7600206032738288,0.21,-97.00206032738288,ok,-0.07021977676828328,2.2333997517591797,4.2571876803140185,0.3281938748262901,0.3664824051353178,115.48583254554323,confirmed,neutral,2026-06-16 04:59:12.846401
EURUSD,2Y,2021-09-07,EUR,USD,-0.7457248689891807,0.22,-96.57248689891806,ok,0.4295734284648205,0.9461075359394897,6.403747817501639,0.3506879220352789,0.49924761007514057,41.46176021706083,confirmed,neutral,2026-06-16 04:59:12.846401
EURUSD,2Y,2021-09-08,EUR,USD,-0.7406805964332168,0.22,-96.06805964332167,ok,0.5044272555963829,0.4618287856952321,7.8255686782223535,0.35627321474330403,0.6545534463610404,34.98166010053039,confirmed,neutral,2026-06-16 04:59:12.846401
EURUSD,2Y,2021-09-09,EUR,USD,-0.7544410981945318,0.23,-98.44410981945317,ok,-2.3760501761315,-1.9662041554755092,3.608102978650237,0.34522214300720283,-0.11773935222464993,97.27476919660694,divergent,neutral,2026-06-16 04:59:12.846401
EURUSD,2Y,2021-09-10,EUR,USD,-0.7504663276541699,0.23,-98.04663276541699,ok,0.3974770540361874,-1.1147922148023923,4.012137542732972,0.33432005650298574,0.012593852243055976,91.85992856288294,divergent,neutral,2026-06-16 04:59:12.846401
EURUSD,2Y,2021-09-13,EUR,USD,-0.7526492760982915,0.21,-96.26492760982914,ok,1.7817051555878436,0.7371327175537346,5.364456677920586,0.3496173905244153,0.5955227808081938,97.90425049807095,confirmed,neutral,2026-06-16 04:59:12.846401
EURUSD,2Y,2021-09-14,EUR,USD,-0.7558236026865965,0.21,-96.58236026865966,ok,-0.3174326588305121,-0.009873369741598026,3.4442964221194643,0.37761934534491326,0.4851119635991108,90.19560905546786,divergent,neutral,2026-06-16 04:59:12.846401
EURUSD,2Y,2021-09-15,EUR,USD,-0.7483624846221291,0.21,-95.83624846221291,ok,0.7461118064467485,0.23181118110876753,6.1685570272622385,0.3798667187410758,0.7259805805481659,63.77670489863041,confirmed,neutral,2026-06-16 04:59:12.846401
EURUSD,2Y,2021-09-16,EUR,USD,-0.7451800822588832,0.23,-97.51800822588832,ok,-1.6817597636754158,0.9261015935648516,4.8543097086034805,0.3430100989720438,0.15982911541123673,10.380681721491314,confirmed,neutral,2026-06-16 04:59:12.846401
EURUSD,2Y,2021-09-17,EUR,USD,-0.7385584218867942,0.23,-96.85584218867942,ok,0.6621660372089053,1.1907905767375695,4.327774229293581,0.3270822514862118,0.3805815496341942,-40.60585981633946,divergent,neutral,2026-06-16 04:59:12.846401
EURUSD,2Y,2021-09-20,EUR,USD,-0.7587669192190343,0.23,-98.87669192190343,ok,-2.0208497332240114,-2.6117643120742855,3.7248235436071866,0.2533893112273495,-0.30528555820618647,-54.61792892884398,confirmed,neutral,2026-06-16 04:59:12.846401
EURUSD,2Y,2021-09-21,EUR,USD,-0.7598248127680034,0.22,-97.98248127680034,ok,0.8942106451030867,-1.4001210081406867,4.427460632137098,0.18989441597433726,0.0013929845146158928,-63.99227007280683,confirmed,neutral,2026-06-16 04:59:12.846401
EURUSD,2Y,2021-09-22,EUR,USD,-0.753264230809602,0.25,-100.3264230809602,ok,-2.3439418041598543,-4.4901746187472895,2.642929012944876,0.07742400987348161,-0.7988347931875283,-92.82414275420648,confirmed,neutral,2026-06-16 04:59:12.846401
EURUSD,2Y,2021-09-23,EUR,USD,-0.7364293694205342,0.27,-100.64293694205342,ok,-0.31651386109322743,-3.124928716165101,0.6036344745822646,-0.01634055198978222,-0.8966970018420466,-59.27280732950457,confirmed,neutral,2026-06-16 04:59:12.846401
EURUSD,2Y,2021-09-24,EUR,USD,-0.7235101398658355,0.29,-101.35101398658355,ok,-0.7080770445301283,-4.495171797904135,1.1758601348568192,-0.1413435270832225,-1.123959196419435,-103.54117577508038,confirmed,neutral,2026-06-16 04:59:12.846401
EURUSD,2Y,2021-09-27,EUR,USD,-0.7231632600328715,0.31,-103.31632600328714,ok,-1.9653120167035922,-4.439634081383716,-4.080865924145087,-0.24422090345397163,-1.7525546075345082,-152.98089633165813,confirmed,neutral,2026-06-16 04:59:12.846401
EURUSD,2Y,2021-09-28,EUR,USD,-0.7139845543304291,0.31,-102.39845543304291,ok,0.9178705702442329,-4.415974156242569,-4.8798609981853645,-0.30074079770975465,-1.4098081397256912,-167.76885927272,confirmed,neutral,2026-06-16 04:59:12.846401
EURUSD,2Y,2021-09-29,EUR,USD,-0.7270764135142707,0.3,-102.70764135142707,ok,-0.3091859183841592,-2.3812182704668743,-6.177752922410164,-0.33872834935671947,-1.4814386184959751,-228.83661385821875,confirmed,neutral,2026-06-16 04:59:12.846401
EURUSD,2Y,2021-09-30,EUR,USD,-0.7205593344489154,0.28,-100.05593344489154,ok,2.6517079065355347,0.5870034971618878,-3.578027780913871,-0.3287237249624658,-0.5858848395614701,-227.393628249839,divergent,neutral,2026-06-16 04:59:12.846401
EURUSD,2Y,2021-10-01,EUR,USD,-0.7405819279765105,0.27,-101.05819279765105,ok,-1.0022593527595092,0.29282118893250697,-4.126352247036451,-0.3348239913651922,-0.9126360077193207,-191.6438217077876,divergent,neutral,2026-06-16 04:59:12.846401
EURUSD,2Y,2021-10-04,EUR,USD,-0.7358192666038468,0.27,-100.58192666038468,ok,0.47626613726636435,2.7343993429024636,-3.579866333001803,-0.3290241481513756,-0.744248016487913,-164.35085223664436,divergent,neutral,2026-06-16 04:59:12.846401
EURUSD,2Y,2021-10-05,EUR,USD,-0.7373154832039166,0.28,-101.73154832039167,ok,-1.1496216600069857,0.6669071126512449,-5.159061421473609,-0.3274814755212946,-1.1169697316403662,-182.87262413749227,divergent,neutral,2026-06-16 04:59:12.846401
EURUSD,2Y,2021-10-06,EUR,USD,-0.7288828921281862,0.3,-102.88828921281863,ok,-1.156740892426967,-0.18064786139156297,-6.820229569496959,-0.32674104480522853,-1.4771987367300743,-215.67199566454477,confirmed,neutral,2026-06-16 04:59:12.846401
EURUSD,2Y,2021-10-07,EUR,USD,-0.7365661190874833,0.32,-105.65661190874833,ok,-2.7683226959296974,-5.600678463856795,-7.212502089295157,-0.39280867858723434,-2.308340620199395,-205.9768011319818,confirmed,neutral,2026-06-16 04:59:12.846401
EURUSD,2Y,2021-10-08,EUR,USD,-0.7279963923448021,0.32,-104.79963923448021,ok,0.8569726742681212,-3.7414464368291647,-6.753006469063223,-0.42951202430574326,-1.9671590241850738,-208.90092224384316,confirmed,neutral,2026-06-16 04:59:12.846401
EURUSD,2Y,2021-10-12,EUR,USD,-0.7002512420270901,0.35,-105.02512420270902,ok,-0.22548496822881248,-4.4431975423243415,-8.760196592879879,-0.43114950024295945,-1.977287884303127,-169.49152542372838,confirmed,neutral,2026-06-16 04:59:12.846401
EURUSD,2Y,2021-10-13,EUR,USD,-0.6993801393907397,0.37,-106.93801393907395,ok,-1.9128897363649315,-5.206465618682287,-10.355653670414299,-0.4519528390678544,-2.465473807531332,-110.68852011665741,confirmed,neutral,2026-06-16 04:59:12.846401
EURUSD,2Y,2021-10-14,EUR,USD,-0.7152465809094655,0.36,-107.52465809094653,ok,-0.5866441518725765,-4.636368878127897,-11.688409628733623,-0.4537836843659563,-2.525035108404356,-113.02760432661097,confirmed,neutral,2026-06-16 04:59:12.846401
EURUSD,2Y,2021-10-15,EUR,USD,-0.7063158942470058,0.41,-111.63158942470058,ok,-4.106931333754048,-5.974977515952247,-14.113581198812255,-0.5232625229881581,-3.4385698667810956,-75.89629502866569,confirmed,neutral,2026-06-16 04:59:12.846401
EURUSD,2Y,2021-10-18,EUR,USD,-0.6747413381272667,0.44,-111.47413381272666,ok,0.15745561197391567,-6.674494578246453,-14.618291624047245,-0.5588133121317685,-3.1698471732327946,-89.6049700890067,confirmed,neutral,2026-06-16 04:59:12.846401
EURUSD,2Y,2021-10-19,EUR,USD,-0.6482065625887967,0.41,-105.82065625887967,ok,5.653477553846997,-0.7955320561706429,-6.9439643369762365,-0.5235258964832915,-1.669484960398972,-77.71446120248382,confirmed,neutral,2026-06-16 04:59:12.846401
EURUSD,2Y,2021-10-20,EUR,USD,-0.6792518114238382,0.4,-107.9251811423838,ok,-2.1045248835041406,-0.987167203309852,-9.942699865583464,-0.4937419549441837,-2.1372251729353753,-37.02246998871339,confirmed,neutral,2026-06-16 04:59:12.846401
EURUSD,2Y,2021-10-21,EUR,USD,-0.6670748661422958,0.45,-111.70748661422958,ok,-3.782305471845774,-4.1828285232830495,-11.381063533269383,-0.5400491277819603,-2.9157694317024387,-52.541502652747596,confirmed,neutral,2026-06-16 04:59:12.846401
EURUSD,2Y,2021-10-22,EUR,USD,-0.6539529747519657,0.48,-113.39529747519657,ok,-1.6878108609669908,-1.7637080504959926,-12.752360533143147,-0.5983510903752217,-3.1162548421203913,32.84086403365194,divergent,neutral,2026-06-16 04:59:12.846401
EURUSD,2Y,2021-10-25,EUR,USD,-0.673690917616621,0.47,-114.3690917616621,ok,-0.9737942864655338,-2.894957948935442,-13.018077775078552,-0.6625680817742653,-3.133037873306556,14.147321929212087,divergent,neutral,2026-06-16 04:59:12.846401
EURUSD,2Y,2021-10-26,EUR,USD,-0.678387108637974,0.47,-114.8387108637974,ok,-0.46961910213529734,-9.018054604917737,-11.522384860510257,-0.7449491030539024,-3.0481197729318312,-8.874337655623288,confirmed,neutral,2026-06-16 04:59:12.846401
EURUSD,2Y,2021-10-27,EUR,USD,-0.6844507927586461,0.5,-118.4450792758646,ok,-3.606368412067198,-10.519898133480794,-16.04662384282169,-0.8470300853358927,-3.5080394309102854,-15.323691460054079,confirmed,short_base,2026-06-16 04:59:12.846401
EURUSD,2Y,2021-10-28,EUR,USD,-0.6567131604234899,0.5,-115.67131604234899,ok,2.7737632335156093,-3.9638294281194106,-12.96367469092192,-0.8902375000717352,-2.828405272956118,74.68414471131001,divergent,neutral,2026-06-16 04:59:12.846401
EURUSD,2Y,2021-10-29,EUR,USD,-0.6204530610444323,0.48,-110.04530610444323,ok,5.6260099379057635,3.3499913707533437,-9.989372659551691,-0.7917100244020917,-1.7494021238586106,-1.730867424208915,divergent,neutral,2026-06-16 04:59:12.846401
EURUSD,2Y,2021-11-01,EUR,USD,-0.6268713299752195,0.5,-112.68713299752196,ok,-2.641826893078729,1.6819587641401483,-11.628940199870911,-0.7317264675725536,-2.165311971838025,23.67763845801507,confirmed,neutral,2026-06-16 04:59:12.846401
EURUSD,2Y,2021-11-02,EUR,USD,-0.694802224707137,0.46,-115.4802224707137,ok,-2.793089473191742,-0.6415116069162963,-14.898295810329017,-0.6866370691703138,-2.559984080784443,11.845780048937993,divergent,neutral,2026-06-16 04:59:12.846401
EURUSD,2Y,2021-11-03,EUR,USD,-0.6875023296438476,0.47,-115.75023296438476,ok,-0.2700104936710659,2.6948463114798358,-14.018684643993097,-0.6411534321359258,-2.508093694051117,53.66478551397158,confirmed,neutral,2026-06-16 04:59:12.846401
EURUSD,2Y,2021-11-04,EUR,USD,-0.7610705963060755,0.41,-117.10705963060755,ok,-1.356826666222787,-1.4357435882585605,-14.218770417788917,-0.6122366342828968,-2.625997732701072,21.508360507875857,divergent,neutral,2026-06-16 04:59:12.846401
EURUSD,2Y,2021-11-05,EUR,USD,-0.7678611814891549,0.39,-115.78611814891548,ok,1.3209414816920741,-5.74081204447225,-10.129506240167146,-0.5867779925402431,-2.33083901682436,-29.05974061810257,confirmed,neutral,2026-06-16 04:59:12.846401
EURUSD,2Y,2021-11-08,EUR,USD,-0.7699792844479969,0.45,-121.99792844479968,ok,-6.211810295884206,-9.310795447277727,-17.198289210319473,-0.6212960101824274,-3.1410411696539895,-9.139270410317701,confirmed,neutral,2026-06-16 04:59:12.846401
EURUSD,2Y,2021-11-09,EUR,USD,-0.7839397339261898,0.41,-119.39397339261897,ok,2.6039550521807087,-3.913750921905276,-14.368849189909952,-0.5963128698702769,-2.6344702517896423,-1.9833912541067367,confirmed,neutral,2026-06-16 04:59:12.846401
EURUSD,2Y,2021-11-10,EUR,USD,-0.7741501294737438,0.51,-128.41501294737438,ok,-9.021039554755404,-12.664779982989614,-21.476999008300425,-0.708797953335713,-3.6795054677495687,-109.78980633939317,confirmed,short_base,2026-06-16 04:59:12.846401
EURUSD,2Y,2021-11-12,EUR,USD,-0.79376272801374,0.53,-132.376272801374,ok,-3.9612598539996213,-15.269213170766449,-24.85161471042747,-0.8548390265746256,-3.8871924967495546,-181.08013010306846,confirmed,short_base,2026-06-16 04:59:12.846401
EURUSD,2Y,2021-11-15,EUR,USD,-0.7783003925566612,0.53,-130.83003925566612,ok,1.546233545707878,-15.043921106750645,-19.198449830965544,-1.0062664841891231,-3.453767807675412,-234.28841445079397,confirmed,short_base,2026-06-16 04:59:12.846401
EURUSD,2Y,2021-11-16,EUR,USD,-0.7989809301312487,0.54,-133.89809301312488,ok,-3.068053757458756,-11.900164568325195,-22.423959200398215,-1.1701672905843217,-3.570143369032185,-275.9663547868818,confirmed,short_base,2026-06-16 04:59:12.846401
EURUSD,2Y,2021-11-17,EUR,USD,-0.7954490169719501,0.52,-131.54490169719503,ok,2.3531913159298483,-12.150928304576055,-25.724245438315364,-1.1774654037206858,-3.1296961296938317,-250.58792112812034,confirmed,short_base,2026-06-16 04:59:12.846401
EURUSD,2Y,2021-11-18,EUR,USD,-0.8053769728093692,0.52,-132.53769728093692,ok,-0.9927955837418949,-4.122684333562546,-24.61251613855312,-1.1934925753292696,-3.0775364453394847,-197.13354374709002,confirmed,neutral,2026-06-16 04:59:12.846401
EURUSD,2Y,2021-11-19,EUR,USD,-0.8352859173976488,0.52,-135.5285917397649,ok,-2.9908944588279667,-3.1523189383908914,-23.82110512553531,-1.2749561208847593,-3.211207902929654,-274.87023848528304,confirmed,neutral,2026-06-16 04:59:12.846401
EURUSD,2Y,2021-11-22,EUR,USD,-0.8266478396747017,0.63,-145.66478396747016,ok,-10.136192227705266,-14.834744711804035,-32.269486492273586,-1.4920508470083957,-3.9047522654833857,-269.369595512815,confirmed,short_base,2026-06-16 04:59:12.846401
EURUSD,2Y,2021-11-23,EUR,USD,-0.8066083178652383,0.6,-140.66083178652383,ok,5.003952180946328,-6.762738773398951,-26.291740024861724,-1.6045106976382386,-3.2522272614511585,-269.7253422405299,confirmed,neutral,2026-06-16 04:59:12.846401
EURUSD,2Y,2021-11-24,EUR,USD,-0.8137260172293082,0.64,-145.37260172293082,ok,-4.711769936406995,-13.827700025735794,-30.53389085913342,-1.752160134649166,-3.4547896845274257,-342.25613172981673,confirmed,short_base,2026-06-16 04:59:12.846401
EURUSD,2Y,2021-11-26,EUR,USD,-0.8236519019145954,0.5,-132.36519019145953,ok,13.007411531471291,0.17250708947739213,-13.920110915594933,-1.7250164407106165,-2.285687532461187,-265.2558716165021,divergent,neutral,2026-06-16 04:59:12.846401
EURUSD,2Y,2021-11-29,EUR,USD,-0.8007803859707749,0.51,-131.0780385970775,ok,1.2871515943820384,4.450553142687397,-15.406722554728503,-1.6147561076530619,-2.125233645862627,-234.0202886769105,divergent,neutral,2026-06-16 04:59:12.846401
EURUSD,2Y,2021-11-30,EUR,USD,-0.815302296062935,0.52,-133.53022960629352,ok,-2.4521910092160226,12.13455436117664,-23.48492350185029,-1.427527335023796,-2.263250785754855,-205.99574696149813,divergent,neutral,2026-06-16 04:59:12.846401
EURUSD,2Y,2021-12-01,EUR,USD,-0.7706538701269614,0.56,-133.06538701269614,ok,0.4648425935973819,7.595444773827694,-20.37825401517418,-1.2400553356822075,-2.170410890561376,-232.1427030385681,divergent,neutral,2026-06-16 04:59:12.846401
EURUSD,2Y,2021-12-02,EUR,USD,-0.7970025266751781,0.63,-142.70025266751782,ok,-9.634865654821681,2.672349055413008,-27.220030196804117,-1.2036816960009806,-2.817761615310823,-248.6631016042773,divergent,neutral,2026-06-16 04:59:12.846401
EURUSD,2Y,2021-12-03,EUR,USD,-0.7777108271390292,0.6,-137.77108271390293,ok,4.929169953614888,-5.405892522443395,-22.020849749518163,-1.0602222900451685,-2.370652618156435,-151.40697917392254,confirmed,neutral,2026-06-16 04:59:12.846401
EURUSD,2Y,2021-12-06,EUR,USD,-0.7801502046549125,0.65,-143.01502046549123,ok,-5.243937751588305,-11.936981868413739,-25.90796083488368,-0.9799857997072696,-2.6683665755936548,-138.00879270712386,confirmed,short_base,2026-06-16 04:59:12.846401
EURUSD,2Y,2021-12-07,EUR,USD,-0.754293113426014,0.7,-145.4293113426014,ok,-2.414290877110176,-11.899081736307892,-29.64319319368593,-0.8744228686774795,-2.7419808246614177,-147.6243750655537,confirmed,short_base,2026-06-16 04:59:12.846401
EURUSD,2Y,2021-12-08,EUR,USD,-0.7338073859538166,0.68,-141.38073859538167,ok,4.048572747219737,-8.315351582685537,-19.38281015058199,-0.7645281689477098,-2.3855695222826996,-19.970440229439834,confirmed,neutral,2026-06-16 04:59:12.846401
EURUSD,2Y,2021-12-09,EUR,USD,-0.7488531122231881,0.7,-144.8853112223188,ok,-3.5045726269371187,-2.1850585548009747,-25.491337829699816,-0.6344366297554151,-2.5475513835875834,-21.470414122762847,confirmed,neutral,2026-06-16 04:59:12.846401
EURUSD,2Y,2021-12-10,EUR,USD,-0.738370332543218,0.67,-140.8370332543218,ok,4.048277967996995,-3.065950540418868,-12.422020306947417,-0.5506171759755512,-2.2169454363810943,-2.8274046192733326,confirmed,neutral,2026-06-16 04:59:12.846401
EURUSD,2Y,2021-12-13,EUR,USD,-0.7294249648180999,0.66,-138.94249648181,ok,1.894536772511799,4.072523983681236,-6.566223680435996,-0.4835993895959535,-2.0460369549563486,3.5462879231151767,confirmed,neutral,2026-06-16 04:59:12.846401
EURUSD,2Y,2021-12-15,EUR,USD,-0.7188150970830582,0.69,-140.88150970830583,ok,-1.939013226495831,4.547801634295581,-10.051470452639705,-0.40999355771462415,-2.125508231674844,43.1429410142603,confirmed,neutral,2026-06-16 04:59:12.846401
EURUSD,2Y,2021-12-16,EUR,USD,-0.7273367449934716,0.64,-136.73367449934716,ok,4.147835208958668,4.647064096034512,-2.8355814862222815,-0.31046089803716187,-1.8235298502173933,79.23873893903588,confirmed,neutral,2026-06-16 04:59:12.846401
EURUSD,2Y,2021-12-17,EUR,USD,-0.7485385643052411,0.66,-140.85385643052413,ok,-4.1201819311769725,4.031454791794658,-9.308954733329102,-0.22836829556675703,-2.0459507725438257,30.79669716581135,confirmed,neutral,2026-06-16 04:59:12.846401
EURUSD,2Y,2021-12-20,EUR,USD,-0.7525318798806149,0.65,-140.25318798806148,ok,0.6006684424626485,0.5838452662603117,-7.715490707124559,-0.139372006919756,-1.9691157010942848,-26.5320020164328,divergent,neutral,2026-06-16 04:59:12.846401
EURUSD,2Y,2021-12-21,EUR,USD,-0.7359855489969354,0.7,-143.59855489969354,ok,-3.3453669116320555,-4.656058417883543,-8.069963159928648,-0.13378908183828156,-2.1321150676163154,-4.781934912552188,confirmed,neutral,2026-06-16 04:59:12.846401
EURUSD,2Y,2021-12-22,EUR,USD,-0.7231278751523309,0.68,-140.3127875152331,ok,3.285767384460428,0.5687221930727162,5.351996452237046,-0.2291764801832771,-1.8940790297245593,30.108479079034023,confirmed,neutral,2026-06-16 04:59:12.846401
EURUSD,2Y,2021-12-23,EUR,USD,-0.7059900726584725,0.71,-141.59900726584723,ok,-1.2862197506141229,-4.8653327665000745,-0.9381754793234052,-0.2719767900818559,-1.9368947933850158,-6.266604294830058,confirmed,neutral,2026-06-16 04:59:12.846401
EURUSD,2Y,2021-12-27,EUR,USD,-0.6975704336495276,0.76,-145.75704336495278,ok,-4.158036099105544,-4.903186934428646,-0.3844416420219545,-0.4471631929044306,-2.142447976736556,15.647515404404455,divergent,neutral,2026-06-16 04:59:12.846401
EURUSD,2Y,2021-12-28,EUR,USD,-0.6924155424668954,0.74,-143.24155424668953,ok,2.515489118263247,-2.988366258628048,-10.876364055229999,-0.38045574708644203,-1.9554192861178368,7.961783439489611,divergent,neutral,2026-06-16 04:59:12.846401
EURUSD,2Y,2021-12-29,EUR,USD,-0.6908961536381781,0.75,-144.0896153638178,ok,-0.8480611171282817,-0.4910604641242742,-13.011576766740319,-0.28918457918796614,-1.9688017040290453,67.4442100785244,divergent,neutral,2026-06-16 04:59:12.846401
EURUSD,2Y,2021-12-30,EUR,USD,-0.6769596447303683,0.73,-140.69596447303684,ok,3.3936508907809753,-0.38317695780372674,-7.165734866743321,-0.16858520883476877,-1.7433925257288987,44.26780692494026,divergent,neutral,2026-06-16 04:59:12.846401
EURUSD,2Y,2021-12-31,EUR,USD,-0.6791412595704998,0.73,-140.91412595704998,ok,-0.2181614840131374,0.6848813087972587,-7.8487389443538405,-0.03298727005842886,-1.7300960788926987,19.922250332773395,confirmed,neutral,2026-06-16 04:59:12.846401
EURUSD,2Y,2022-01-03,EUR,USD,-0.6559376363513905,0.78,-143.59376363513906,ok,-2.6796376780890796,2.1632797298137234,-0.8935109676212392,-0.07599671229429769,-1.8538638296653096,-11.401198451558292,divergent,neutral,2026-06-16 04:59:12.846401
EURUSD,2Y,2022-01-04,EUR,USD,-0.6638086099788518,0.77,-143.38086099788518,ok,0.21290263725387604,-0.1393067511956474,-5.609778283982251,-0.03679206350085927,-1.8128686476717921,-24.667126412390992,confirmed,neutral,2026-06-16 04:59:12.846401
EURUSD,2Y,2022-01-05,EUR,USD,-0.6475092857009637,0.83,-147.75092857009636,ok,-4.370067572211184,-3.6613132062785496,-4.73590810460513,-0.13438021176561785,-2.0224075060507234,24.017583352538008,divergent,neutral,2026-06-16 04:59:12.846401
EURUSD,2Y,2022-01-06,EUR,USD,-0.6312339595900811,0.88,-151.1233959590081,ok,-3.37246738891173,-10.427431485971255,-5.694084616406684,-0.31114518153370546,-2.165913780594141,33.22229624694639,divergent,neutral,2026-06-16 04:59:12.846401
EURUSD,2Y,2022-01-07,EUR,USD,-0.6250582636624391,0.87,-149.50582636624392,ok,1.6175695927641698,-8.591700409193948,-8.125087770862251,-0.3923146481537102,-2.038215475157955,61.203521638235614,divergent,neutral,2026-06-16 04:59:12.846401
EURUSD,2Y,2022-01-10,EUR,USD,-0.6135119868152241,0.92,-153.35119868152242,ok,-3.845372315278496,-9.757435046383364,-8.465887459203628,-0.571535185160371,-2.20151786102212,82.67331138204214,divergent,neutral,2026-06-16 04:59:12.846401
EURUSD,2Y,2022-01-11,EUR,USD,-0.6066184538571995,0.9,-150.66184538571994,ok,2.6893532958024764,-7.2809843878347635,-9.824812131398147,-0.635685553094403,-2.0197764843605555,109.40335147827884,divergent,neutral,2026-06-16 04:59:12.846401
EURUSD,2Y,2022-01-12,EUR,USD,-0.62531946325656,0.92,-154.53194632565598,ok,-3.8701009399360373,-6.781017755559617,-15.589449843845983,-0.7104351852188442,-2.1810278029489862,143.9199794273338,divergent,neutral,2026-06-16 04:59:12.846401
EURUSD,2Y,2022-01-13,EUR,USD,-0.6248821468324515,0.91,-153.48821468324516,ok,1.043731642410819,-2.364818724237068,-12.606704974939333,-0.7774475819018648,-2.0865394025054633,149.9942412134203,divergent,neutral,2026-06-16 04:59:12.846401
EURUSD,2Y,2022-01-14,EUR,USD,-0.6235704044869905,0.99,-161.35704044869905,ok,-7.868825765453892,-11.85121408245513,-24.623365949351893,-0.8724221892658031,-2.4353616301821526,72.83803469739114,divergent,neutral,2026-06-16 04:59:12.846401
EURUSD,2Y,2022-01-18,EUR,USD,-0.6091201808607027,1.06,-166.91201808607028,ok,-5.554977637371223,-13.560819404547857,-26.058161655546144,-1.0747815062282797,-2.6440102374675876,4.85732705707953,divergent,neutral,2026-06-16 04:59:12.846401
EURUSD,2Y,2022-01-19,EUR,USD,-0.6046993836195562,1.04,-164.46993836195563,ok,2.442079724114649,-13.808092976235685,-24.216750373894143,-1.1935845259268623,-2.4610875833254524,11.915900224195308,divergent,neutral,2026-06-16 04:59:12.846401
EURUSD,2Y,2022-01-20,EUR,USD,-0.6159522652135672,1.08,-169.59522652135672,ok,-5.125288159401094,-15.063280195700742,-25.996671621663182,-1.4020113647420644,-2.63927256821245,-0.17678776628615722,confirmed,short_base,2026-06-16 04:59:12.846401
EURUSD,2Y,2022-01-21,EUR,USD,-0.6414681604292305,1.01,-165.14681604292306,ok,4.448410478433658,-11.658601359677903,-24.834028527689952,-1.4559162055067096,-2.3711590249053516,-15.58167172850955,confirmed,short_base,2026-06-16 04:59:12.846401
EURUSD,2Y,2022-01-24,EUR,USD,-0.6679475437076472,0.99,-165.7947543707647,ok,-0.6479383278416435,-4.4377139220656545,-24.195747104917473,-1.5020416372010672,-2.3494099278045826,-37.91777736722235,confirmed,neutral,2026-06-16 04:59:12.846401
EURUSD,2Y,2022-01-25,EUR,USD,-0.6759778570166484,1.02,-169.59778570166483,ok,-3.803031330900126,-2.685767615594557,-23.840742336712054,-1.6317647073604469,-2.467096203250789,-61.46297712944171,confirmed,neutral,2026-06-16 04:59:12.846401
EURUSD,2Y,2022-01-26,EUR,USD,-0.6603936121848029,1.13,-179.03936121848028,ok,-9.441575516815448,-14.569422856524653,-35.79780697179075,-1.8207984381683535,-2.8139270365449303,-54.15114540290311,confirmed,short_base,2026-06-16 04:59:12.846401
EURUSD,2Y,2022-01-27,EUR,USD,-0.6361883070775249,1.18,-181.6188307077525,ok,-2.5794694892722134,-12.023604186395772,-37.52921534393468,-2.006240883120834,-2.841748067968563,-122.48841146179745,confirmed,short_base,2026-06-16 04:59:12.846401
EURUSD,2Y,2022-01-28,EUR,USD,-0.6226717661571399,1.15,-177.267176615714,ok,4.351654092038501,-12.12036057279093,-36.571212142677155,-2.0194979693191777,-2.5850274962716755,-146.32421201538403,confirmed,short_base,2026-06-16 04:59:12.846401
EURUSD,2Y,2022-01-31,EUR,USD,-0.5723570248265979,1.18,-175.23570248265978,ok,2.0314741330542176,-9.440948111895068,-34.3215765256098,-1.95218434751068,-2.4415467410655456,-114.53170529874379,confirmed,neutral,2026-06-16 04:59:12.846401
EURUSD,2Y,2022-02-01,EUR,USD,-0.5669112734354598,1.18,-174.69112734354596,ok,0.5445751391138174,-5.093341641881125,-31.097363708406903,-1.8677897561875068,-2.367164826044525,-70.81579086441137,confirmed,neutral,2026-06-16 04:59:12.846401
EURUSD,2Y,2022-02-02,EUR,USD,-0.5529669060560485,1.16,-171.29669060560485,ok,3.3944367379411062,7.742670612875429,-27.915829607719672,-1.6847786379319825,-2.1850600541095773,-27.096443922717263,divergent,neutral,2026-06-16 04:59:12.846401
EURUSD,2Y,2022-02-03,EUR,USD,-0.4645218830392759,1.19,-165.45218830392758,ok,5.844502301677267,16.16664240382491,-17.701259733831222,-1.4452970054427186,-1.9163740334075636,61.324323848741535,confirmed,neutral,2026-06-16 04:59:12.846401
EURUSD,2Y,2022-02-04,EUR,USD,-0.3622726529045721,1.31,-167.2272652904572,ok,-1.7750769865296263,10.039911325256782,-16.10386933144912,-1.2578046650162749,-1.9583316086692903,7.255625295032875,confirmed,neutral,2026-06-16 04:59:12.846401
EURUSD,2Y,2022-02-07,EUR,USD,-0.3527596155932522,1.3,-165.27596155932522,ok,1.9513037311319863,9.95974092333455,-15.770135193081302,-0.9926796396255807,-1.8535684320929586,28.048032255236777,confirmed,neutral,2026-06-16 04:59:12.846401
EURUSD,2Y,2022-02-08,EUR,USD,-0.365077130763598,1.35,-171.5077130763598,ok,-6.231751517034581,3.1834142671861514,-18.156514394837387,-0.8535815518727355,-2.068393701560682,8.149887829502767,confirmed,neutral,2026-06-16 04:59:12.846401
EURUSD,2Y,2022-02-09,EUR,USD,-0.4123902532709222,1.36,-177.23902532709224,ok,-5.7313122507324294,-5.942334721487384,-26.577179941372293,-0.7265928511592765,-2.2522080014756227,9.728308501313343,divergent,neutral,2026-06-16 04:59:12.846401
EURUSD,2Y,2022-02-10,EUR,USD,-0.396698395106084,1.61,-200.6698395106084,ok,-23.430814183516162,-35.21765120668081,-46.13789318495242,-0.9554712401771945,-3.0661875875935896,72.91280475963502,divergent,neutral,2026-06-16 04:59:12.846401
EURUSD,2Y,2022-02-11,EUR,USD,-0.3828441414670824,1.5,-188.28441414670826,ok,12.38542536390014,-21.057148856251047,-34.7961994634631,-0.921554717334476,-2.535588791813593,2.997469782859419,divergent,neutral,2026-06-16 04:59:12.846401
EURUSD,2Y,2022-02-14,EUR,USD,-0.4279352906222389,1.58,-200.7935290622239,ok,-12.509114915515653,-35.517567502898686,-39.43648861352486,-1.138259341516131,-2.916527911885801,-31.91733234583549,confirmed,short_base,2026-06-16 04:59:12.846401
EURUSD,2Y,2022-02-15,EUR,USD,-0.4013934968713242,1.58,-198.13934968713244,ok,2.6541793750914735,-26.63163661077263,-31.22733160106216,-1.3454543003075585,-2.746422594644334,12.521052121083898,divergent,neutral,2026-06-16 04:59:12.846401
EURUSD,2Y,2022-02-16,EUR,USD,-0.4308901631136352,1.52,-195.08901631136354,ok,3.0503333757689006,-17.8499909842713,-30.61907794940791,-1.4235555210928672,-2.5764829693207054,43.449079797943654,divergent,neutral,2026-06-16 04:59:12.846401
EURUSD,2Y,2022-02-17,EUR,USD,-0.4602262721458929,1.49,-195.0226272145893,ok,0.06638909677423044,5.647212296019092,-25.427400693232585,-1.5355902024871178,-2.517636211228634,53.88045440068101,confirmed,neutral,2026-06-16 04:59:12.846401
EURUSD,2Y,2022-02-18,EUR,USD,-0.5043540215882567,1.47,-197.43540215882567,ok,-2.412774944236361,-9.15098801211741,-32.2885861159026,-1.573618344412887,-2.543446599314447,70.9932832169402,divergent,neutral,2026-06-16 04:59:12.846401
EURUSD,2Y,2022-02-22,EUR,USD,-0.4204507238064412,1.56,-198.04507238064411,ok,-0.6096702218184475,2.748456681579796,-32.25031800987941,-1.5820324012765734,-2.508932888328947,158.53800697639198,confirmed,neutral,2026-06-16 04:59:12.846401
EURUSD,2Y,2022-02-23,EUR,USD,-0.4055933888167344,1.58,-198.55933888167345,ok,-0.5142665010293399,-0.41998919454101724,-28.96155318000862,-1.6093442667482976,-2.4733610507532267,67.7697431695945,divergent,neutral,2026-06-16 04:59:12.846401
EURUSD,2Y,2022-02-24,EUR,USD,-0.4694515593699333,1.54,-200.94515593699333,ok,-2.385817055319876,-5.856139625629794,-21.90579471851305,-1.7762655333810702,-2.4981836236121984,-73.18371329725792,confirmed,neutral,2026-06-16 04:59:12.846401
EURUSD,2Y,2022-02-25,EUR,USD,-0.4437749480296711,1.55,-199.3774948029671,ok,1.567661134026224,-4.3548675883778,-17.758664095214613,-1.9285790618869125,-2.399222266908339,-24.161002548853673,confirmed,neutral,2026-06-16 04:59:12.846401
EURUSD,2Y,2022-02-28,EUR,USD,-0.5354174156368479,1.44,-197.54174156368478,ok,1.835753239282326,-0.10633940485911353,-20.274564947970788,-1.9592524583103497,-2.2979755906067143,-204.0584571573334,confirmed,neutral,2026-06-16 04:59:12.846401
EURUSD,2Y,2022-03-01,EUR,USD,-0.6965438763221039,1.31,-200.6543876322104,ok,-3.1126460685256063,-2.6093152515662723,-25.418685149550612,-1.9718282521863493,-2.3516611642957312,-281.28928621315777,confirmed,neutral,2026-06-16 04:59:12.846401
EURUSD,2Y,2022-03-02,EUR,USD,-0.6395848138375584,1.5,-213.95848138375584,ok,-13.304093751545452,-15.399142502082384,-39.26735404020988,-2.127640386708118,-2.701766074997095,-287.3000611834631,confirmed,short_base,2026-06-16 04:59:12.846401
EURUSD,2Y,2022-03-03,EUR,USD,-0.5785847097316048,1.53,-210.85847097316045,ok,3.100010410595388,-9.91331503616712,-39.5617803675556,-2.126521635982895,-2.5510824896305593,-310.7569721115544,confirmed,neutral,2026-06-16 04:59:12.846401
EURUSD,2Y,2022-03-04,EUR,USD,-0.7239300362136691,1.5,-222.39300362136692,ok,-11.534532648206465,-23.01550881839981,-56.94081531743933,-2.1384089087505997,-2.8257053519408033,-429.030478675434,confirmed,short_base,2026-06-16 04:59:12.846401
EURUSD,2Y,2022-03-07,EUR,USD,-0.6800927184720482,1.55,-223.00927184720481,ok,-0.6162682258378993,-25.467530283520034,-55.782006556747604,-2.1015022584906062,-2.7743871769175197,-423.30980143306607,confirmed,short_base,2026-06-16 04:59:12.846401
EURUSD,2Y,2022-03-08,EUR,USD,-0.6115725485694394,1.63,-224.15725485694392,ok,-1.1479830097391073,-23.502867224733535,-58.8812932976187,-1.9663025899733024,-2.7408979723186215,-410.49602703202237,confirmed,short_base,2026-06-16 04:59:12.846401
EURUSD,2Y,2022-03-09,EUR,USD,-0.5363091734110639,1.68,-221.6309173411064,ok,2.5263375158375254,-7.672435957350558,-50.12320426474659,-1.8048651639083049,-2.6109522493993778,-205.47339371638884,confirmed,neutral,2026-06-16 04:59:12.846401
EURUSD,2Y,2022-03-10,EUR,USD,-0.4584350707006255,1.72,-217.84350707006251,ok,3.787410271043882,-6.985036096902064,-40.60448174297028,-1.6044430412914792,-2.456169569133466,-301.01011880124486,confirmed,neutral,2026-06-16 04:59:12.846401
EURUSD,2Y,2022-03-11,EUR,USD,-0.419282412037874,1.75,-216.9282412037874,ok,0.9152658662751207,5.4647624175795215,-16.258401693178996,-1.69984654492177,-2.3862407169134894,-407.02377602701347,divergent,neutral,2026-06-16 04:59:12.846401
EURUSD,2Y,2022-03-14,EUR,USD,-0.3906481102744199,1.87,-226.064811027442,ok,-9.136569823654611,-3.05553918023719,-37.78039688073375,-1.7057644024025638,-2.580388334343905,-333.6484015441299,confirmed,neutral,2026-06-16 04:59:12.846401
EURUSD,2Y,2022-03-15,EUR,USD,-0.4377377466646663,1.85,-228.77377466646664,ok,-2.708963639024631,-4.616519809522714,-27.980245604242725,-1.8910814543238421,-2.597311901523659,-309.02053656639896,confirmed,neutral,2026-06-16 04:59:12.846401
EURUSD,2Y,2022-03-16,EUR,USD,-0.4145261895389907,1.95,-236.45261895389905,ok,-7.678844287432412,-14.821701612792651,-38.31326926676661,-2.1021126290840635,-2.7360246768558807,-254.48307572595752,confirmed,short_base,2026-06-16 04:59:12.846401
EURUSD,2Y,2022-03-17,EUR,USD,-0.3920460641525141,1.94,-233.2046064152514,ok,3.2480125386476573,-15.361099345188876,-38.115590103887854,-2.1609665274089633,-2.5965119445098126,-202.75936338679523,confirmed,short_base,2026-06-16 04:59:12.846401
EURUSD,2Y,2022-03-18,EUR,USD,-0.4079214777089608,1.97,-237.7921477708961,ok,-4.587541355644703,-20.8639065671087,-42.76952055630679,-2.2269918050701163,-2.65535182273281,-226.53091912642864,confirmed,short_base,2026-06-16 04:59:12.846401
EURUSD,2Y,2022-03-21,EUR,USD,-0.3695621731778926,2.14,-250.95621731778928,ok,-13.164069546893188,-24.891406290347277,-53.520815158963615,-2.454856597097669,-2.910959624398459,-226.40371188530796,confirmed,short_base,2026-06-16 04:59:12.846401
EURUSD,2Y,2022-03-22,EUR,USD,-0.2940145162542533,2.18,-247.40145162542535,ok,3.5547656923639295,-18.627676958958716,-49.35637924478124,-2.5610829652044313,-2.7589849492725698,-134.79427549195066,confirmed,short_base,2026-06-16 04:59:12.846401
EURUSD,2Y,2022-03-23,EUR,USD,-0.3092066847639731,2.13,-243.9206684763973,ok,3.480783149028042,-7.468049522498262,-45.361329594723856,-2.5514837379732436,-2.6194039344215647,-185.74829901641831,confirmed,neutral,2026-06-16 04:59:12.846401
EURUSD,2Y,2022-03-24,EUR,USD,-0.2676303768150232,2.13,-239.7630376815023,ok,4.157630794894999,-6.5584312662509205,-38.81788174450898,-2.4519480550046584,-2.473423896762196,-111.29875496308172,confirmed,neutral,2026-06-16 04:59:12.846401
EURUSD,2Y,2022-03-25,EUR,USD,-0.2104403926610665,2.3,-251.04403926610664,ok,-11.281001584604326,-13.251891495210543,-51.66654446313953,-2.4304442388059324,-2.680215795558269,-118.60730901793515,confirmed,short_base,2026-06-16 04:59:12.846401
EURUSD,2Y,2022-03-28,EUR,USD,-0.1562310508688047,2.35,-250.62310508688049,ok,0.4209341792261512,0.33311223090879594,-53.081363523195705,-2.2962474479030694,-2.616215623808251,54.889260916102245,confirmed,neutral,2026-06-16 04:59:12.846401
EURUSD,2Y,2022-03-29,EUR,USD,-0.0952709192134473,2.35,-244.52709192134475,ok,6.096013165535737,2.8743597040806037,-43.87270428913436,-2.044290198539649,-2.4332693739854134,199.84181871689043,confirmed,neutral,2026-06-16 04:59:12.846401
EURUSD,2Y,2022-03-30,EUR,USD,0.0026723205705239,2.31,-230.73276794294762,ok,13.79432397839713,13.187900533449692,-16.77428655919178,-1.739361824826344,-2.0939500822558554,271.7651389655806,confirmed,neutral,2026-06-16 04:59:12.846401
EURUSD,2Y,2022-03-31,EUR,USD,-0.0860211316812611,2.28,-236.6021131681261,ok,-5.869345225178478,3.160924513376216,-25.743642194965645,-1.4441092161788258,-2.19189163625011,160.39934665712298,confirmed,neutral,2026-06-16 04:59:12.846401
EURUSD,2Y,2022-04-01,EUR,USD,-0.073710986535096,2.44,-251.3710986535096,ok,-14.768985485383496,-0.32705938740295437,-28.978095032142676,-1.5032540702716812,-2.472386931952787,-27.63403863346836,confirmed,neutral,2026-06-16 04:59:12.846401
EURUSD,2Y,2022-04-04,EUR,USD,-0.1206523183830432,2.43,-255.06523183830433,ok,-3.6941331847947367,-4.442126751423842,-32.05595999109951,-1.581326723755064,-2.5059470642969597,59.578914563838126,divergent,neutral,2026-06-16 04:59:12.846401
EURUSD,2Y,2022-04-05,EUR,USD,-0.0881039062184485,2.51,-259.8103906218448,ok,-4.745158783540489,-15.283298700500069,-35.653135764900895,-1.6971089562682231,-2.5584786031555877,-23.6013026455395,confirmed,short_base,2026-06-16 04:59:12.846401
EURUSD,2Y,2022-04-06,EUR,USD,-0.0504010465983206,2.5,-255.04010465983208,ok,4.770285962012736,-24.307336716884464,-33.409187318725685,-1.6512409687508274,-2.4154954659280006,-41.21506771699646,confirmed,short_base,2026-06-16 04:59:12.846401
EURUSD,2Y,2022-04-07,EUR,USD,-0.0248235337778313,2.47,-249.48235337778314,ok,5.55775128204894,-12.880240209657046,-31.638846307720627,-1.415935940114411,-2.264233114552234,-93.64713177163586,confirmed,short_base,2026-06-16 04:59:12.846401
EURUSD,2Y,2022-04-08,EUR,USD,0.0002118141201652,2.53,-252.97881858798345,ok,-3.496465210200313,-1.607719934473863,-36.05057738419606,-1.1685516356784242,-2.30032950914237,-133.3768849692407,confirmed,neutral,2026-06-16 04:59:12.846401
EURUSD,2Y,2022-04-11,EUR,USD,0.0924968811126158,2.5,-240.75031188873842,ok,12.228506699245031,14.314919949565905,-14.685500861296418,-0.8365246126279355,-2.024145626825031,-155.93889150345652,divergent,neutral,2026-06-16 04:59:12.846401
EURUSD,2Y,2022-04-12,EUR,USD,0.0425049816843396,2.39,-234.74950183156605,ok,6.000810057172373,25.060888790278767,-5.975727165099414,-0.4394613817659101,-1.8810727312498523,-195.97189016880458,divergent,neutral,2026-06-16 04:59:12.846401
EURUSD,2Y,2022-04-13,EUR,USD,0.0333275134807315,2.37,-233.66724865192685,ok,1.0822531796391957,21.372856007905227,2.7853703019721934,-0.13919624510893083,-1.8394162396428975,-110.46865213721003,divergent,neutral,2026-06-16 04:59:12.846401
EURUSD,2Y,2022-04-14,EUR,USD,-0.0050763138180855,2.47,-247.50763138180858,ok,-13.840382729881725,1.974721995974562,-14.303024966557189,0.010445019999089023,-2.0899129780321895,-188.95124803931296,divergent,neutral,2026-06-16 04:59:12.846401
EURUSD,2Y,2022-04-19,EUR,USD,0.0326801585745299,2.61,-257.731984142547,ok,-10.224352760738412,-4.753165554563537,-19.939836371650898,-0.0369024524789475,-2.2598334333211554,-170.38210760208395,confirmed,neutral,2026-06-16 04:59:12.846401
EURUSD,2Y,2022-04-20,EUR,USD,0.0191201643846334,2.6,-258.08798356153665,ok,-0.35599941898965426,-17.337671672798223,-7.131766243747364,-0.26720464428198765,-2.2342799103271105,-129.01347453849075,confirmed,short_base,2026-06-16 04:59:12.846401
EURUSD,2Y,2022-04-21,EUR,USD,0.1113868881802422,2.68,-256.8613111819758,ok,1.2266723795608527,-22.111809350409743,-9.459859556550441,-0.4131306050784149,-2.179983716497458,-230.81986132775344,confirmed,short_base,2026-06-16 04:59:12.846401
EURUSD,2Y,2022-04-22,EUR,USD,0.2271535268389248,2.72,-249.28464731610754,ok,7.576663865868255,-15.617398664180683,-5.363978839710228,-0.38163342399951955,-2.009038555902458,-328.45636261009116,confirmed,short_base,2026-06-16 04:59:12.846401
EURUSD,2Y,2022-04-25,EUR,USD,0.129554306960502,2.63,-250.04456930394977,ok,-0.7599219878422332,-2.536937922141192,-10.28153162244746,-0.2872793357001493,-1.9997522248159438,-299.1116303078056,confirmed,neutral,2026-06-16 04:59:12.846401
EURUSD,2Y,2022-04-26,EUR,USD,0.1133224484371844,2.54,-242.66775515628157,ok,7.376814147668199,15.06422898626542,8.376284109825065,-0.25020231599184517,-1.8398766575450471,-364.8577688449495,divergent,neutral,2026-06-16 04:59:12.846401
EURUSD,2Y,2022-04-27,EUR,USD,0.0595690481821526,2.58,-252.04309518178474,ok,-9.375340025503164,6.04488837975191,-1.41999009490425,-0.3530083120282432,-1.994231834101161,-383.42035007152833,divergent,neutral,2026-06-16 04:59:12.846401
EURUSD,2Y,2022-04-28,EUR,USD,0.1433436300236419,2.63,-248.6656369976358,ok,3.377458184148935,8.195674184339993,-4.138545076291052,-0.309176742527135,-1.909732306137785,-369.43644666141086,divergent,neutral,2026-06-16 04:59:12.846401
EURUSD,2Y,2022-04-29,EUR,USD,0.2135319527189509,2.7,-248.6468047281049,ok,0.01883226953088979,0.637842588002627,-17.914036785157293,-0.04104764910120391,-1.889171695415213,-327.23101628813976,divergent,neutral,2026-06-16 04:59:12.846401
EURUSD,2Y,2022-05-02,EUR,USD,0.1837790842289686,2.73,-254.62209157710313,ok,-5.975286848998223,-4.577522273153363,-18.01997840897704,0.07598473282893217,-1.9776918964614096,-335.46678437431086,confirmed,neutral,2026-06-16 04:59:12.846401
EURUSD,2Y,2022-05-03,EUR,USD,0.1832622380517965,2.78,-259.67377619482033,ok,-5.0516846177172,-17.006021038538762,-8.302677541310743,-0.08524660412192084,-2.0463748235806536,-329.838939370275,confirmed,short_base,2026-06-16 04:59:12.846401
EURUSD,2Y,2022-05-04,EUR,USD,0.2522903406876478,2.66,-240.77096593123522,ok,18.90281026358511,11.272129250549511,14.294265907069104,-0.02228098377199032,-1.6847224078322758,-236.00474399875003,divergent,neutral,2026-06-16 04:59:12.846401
EURUSD,2Y,2022-05-05,EUR,USD,0.2256145394788817,2.71,-248.43854605211183,ok,-7.6675801208766075,0.2270909455239689,11.371844569732986,-0.1652709187341947,-1.807087764666586,-264.7330500646583,divergent,neutral,2026-06-16 04:59:12.846401
EURUSD,2Y,2022-05-06,EUR,USD,0.3034313573916782,2.72,-241.6568642608322,ok,6.781681791279624,6.989940467272703,13.383240398999874,-0.15315989873616215,-1.6694286944347918,-321.06470858191847,divergent,neutral,2026-06-16 04:59:12.846401
EURUSD,2Y,2022-05-09,EUR,USD,0.2224448579596809,2.61,-238.7555142040319,ok,2.901350056800311,15.866577373071237,10.726839173751245,-0.031972226704872854,-1.603916923801804,-224.5111376403186,divergent,neutral,2026-06-16 04:59:12.846401
EURUSD,2Y,2022-05-10,EUR,USD,0.1459363740167569,2.62,-247.4063625983243,ok,-8.65084839429241,12.267413596496027,5.572455989659147,-0.1057060338113809,-1.7439688014587846,-263.5496906758894,divergent,neutral,2026-06-16 04:59:12.846401
EURUSD,2Y,2022-05-11,EUR,USD,0.1285399082983644,2.66,-253.14600917016355,ok,-5.739646571839245,-12.375043238928328,-12.395697281425129,-0.07673274028639236,-1.8290708544923087,-248.79637102385055,confirmed,short_base,2026-06-16 04:59:12.846401
EURUSD,2Y,2022-05-12,EUR,USD,0.0199708637280027,2.56,-254.00291362719975,ok,-0.8569044570361939,-5.564367575087914,-19.253411795633696,0.053388839764739224,-1.8265903884009653,-385.11779583290775,confirmed,neutral,2026-06-16 04:59:12.846401
EURUSD,2Y,2022-05-13,EUR,USD,0.098476436729582,2.61,-251.1523563270418,ok,2.850557300157959,-9.495492066209579,-17.485107675114932,0.2702733740013656,-1.759860651133571,-403.43616638861323,confirmed,neutral,2026-06-16 04:59:12.846401
EURUSD,2Y,2022-05-16,EUR,USD,0.095722798602015,2.58,-248.4277201397985,ok,2.724636187243277,-9.672205935766613,-0.9200887579899302,0.3338423184487621,-1.6970669974835988,-329.51355757918077,confirmed,neutral,2026-06-16 04:59:12.846401
EURUSD,2Y,2022-05-17,EUR,USD,0.2332090002313305,2.71,-247.67909997686695,ok,0.7486201629315588,-0.2727373785426437,10.052884165680041,0.2480522799158381,-1.669900857379772,-241.0886921447275,confirmed,neutral,2026-06-16 04:59:12.846401
EURUSD,2Y,2022-05-18,EUR,USD,0.3009662686947734,2.68,-237.90337313052268,ok,9.77572684634427,15.242636039640871,20.184610431013965,0.281177319541117,-1.4879797910504244,-223.57268212538693,divergent,neutral,2026-06-16 04:59:12.846401
EURUSD,2Y,2022-05-19,EUR,USD,0.2310551635921518,2.63,-239.8944836407848,ok,-1.991110510262132,14.108429986414933,16.96682754119098,0.27487363692110073,-1.5119302662220897,-59.103209802301436,divergent,neutral,2026-06-16 04:59:12.846401
EURUSD,2Y,2022-05-20,EUR,USD,0.2043525727801238,2.6,-239.5647427219876,ok,0.32974091879719936,11.587613605054173,9.719904594119924,0.3673980472018293,-1.4956358828303113,6.537743625700809,confirmed,long_base,2026-06-16 04:59:12.846401
EURUSD,2Y,2022-05-23,EUR,USD,0.222211310998305,2.65,-242.7788689001695,ok,-3.2141261781818855,5.6488512396290105,7.265700403780272,0.3873912031078517,-1.540264426129935,135.47230312402237,confirmed,neutral,2026-06-16 04:59:12.846401
EURUSD,2Y,2022-05-24,EUR,USD,0.2481674748256792,2.5,-225.18325251743207,ok,17.595616382737433,22.495847459434884,17.484502638849506,0.7643004549277637,-1.2285265828520835,187.66196167025794,confirmed,long_base,2026-06-16 04:59:12.846401
EURUSD,2Y,2022-05-25,EUR,USD,0.1828944249145099,2.48,-229.71055750854902,ok,-4.527304991116949,8.192815621973665,22.33253767323572,0.9022097513758772,-1.299442768379183,168.70290020552625,confirmed,neutral,2026-06-16 04:59:12.846401
EURUSD,2Y,2022-05-26,EUR,USD,0.138385089835455,2.46,-232.16149101645448,ok,-2.450933507905461,7.732992624330336,16.504145981181324,1.0248512356965023,-1.3339056849674458,196.95774861996586,confirmed,neutral,2026-06-16 04:59:12.846401
EURUSD,2Y,2022-05-27,EUR,USD,0.1698534526565822,2.47,-230.0146547343418,ok,2.146836282112673,9.55008798764581,18.632149993763107,1.1536408967524339,-1.289533464156149,104.98860661757759,confirmed,neutral,2026-06-16 04:59:12.846401
EURUSD,2Y,2022-05-31,EUR,USD,0.3577958329266786,2.53,-217.2204167073321,ok,12.794238027009698,25.558452192837393,37.40167486977103,1.3428404816404462,-1.0641494412732848,191.79642992783963,confirmed,long_base,2026-06-16 04:59:12.846401
EURUSD,2Y,2022-06-01,EUR,USD,0.3255372202075079,2.66,-233.4462779792492,ok,-16.225861271917097,-8.263025461817136,26.22749821557113,1.1642354869209333,-1.3359653757783396,83.11953877176315,divergent,neutral,2026-06-16 04:59:12.846401
EURUSD,2Y,2022-06-02,EUR,USD,0.4658892760065525,2.65,-218.41107239934473,ok,15.03520557990447,11.299485109204284,22.359893531890492,1.459444721616698,-1.0724150528307659,209.993446608856,confirmed,long_base,2026-06-16 04:59:12.846401
EURUSD,2Y,2022-06-03,EUR,USD,0.4967912223999766,2.66,-216.32087776000236,ok,2.0901946393423714,15.840613256452116,32.11766829210947,1.6298229251435206,-1.0320101800009942,195.21105054367993,confirmed,long_base,2026-06-16 04:59:12.846401
EURUSD,2Y,2022-06-06,EUR,USD,0.5317709717792423,2.73,-219.82290282207578,ok,-3.5020250620734146,10.191751912266028,21.833961438756432,1.8089541398382112,-1.0873062525624766,267.00987360251946,confirmed,long_base,2026-06-16 04:59:12.846401
EURUSD,2Y,2022-06-07,EUR,USD,0.521797901802723,2.75,-222.8202098197277,ok,-2.9973069976519184,-5.599793112395588,15.935304384304203,1.9582444487884798,-1.1334708971211822,287.7476437776494,divergent,neutral,2026-06-16 04:59:12.846401
EURUSD,2Y,2022-06-08,EUR,USD,0.6079255148787319,2.78,-217.2074485121268,ok,5.612761307600891,16.2388294671224,30.198914086197505,2.0271618553294743,-1.0326310693063183,266.1174441996361,confirmed,long_base,2026-06-16 04:59:12.846401
EURUSD,2Y,2022-06-09,EUR,USD,0.7529191688977015,2.83,-207.70808311022986,ok,9.499365401896938,10.702989289114868,45.43792605993369,2.0957465825133283,-0.866323508097141,66.64328305857615,confirmed,long_base,2026-06-16 04:59:12.846401
EURUSD,2Y,2022-06-10,EUR,USD,0.8736798606327709,3.06,-218.6320139367229,ok,-10.923930826493034,-2.311136176720538,35.37089969047685,1.9264173762979544,-1.0495754989048136,38.957690801972866,divergent,neutral,2026-06-16 04:59:12.846401
EURUSD,2Y,2022-06-13,EUR,USD,1.0517982973762572,3.4,-234.82017026237426,ok,-16.188156325651363,-14.997267440298486,16.332186064667525,1.5176482706351913,-1.3203686251595375,-138.43386042988405,confirmed,neutral,2026-06-16 04:59:12.846401
EURUSD,2Y,2022-06-14,EUR,USD,1.107925929014396,3.45,-234.20740709856042,ok,0.6127631638138382,-11.38719727883273,14.220313041238086,1.1360938175402915,-1.3027126337610102,-125.08397278808592,confirmed,neutral,2026-06-16 04:59:12.846401
EURUSD,2Y,2022-06-15,EUR,USD,1.0673652802534512,3.2,-213.2634719746549,ok,20.943935123905533,3.9439765374719116,34.41562800221206,1.0441748266207866,-0.9402831590694181,-211.9116036579083,divergent,neutral,2026-06-16 04:59:12.846401
EURUSD,2Y,2022-06-16,EUR,USD,1.1474280494847655,3.14,-199.25719505152347,ok,14.006276923131423,8.450888058706397,38.64617807899921,1.2549462637526392,-0.6981601729614552,-173.49011423140826,divergent,neutral,2026-06-16 04:59:12.846401
EURUSD,2Y,2022-06-17,EUR,USD,1.075471824739418,3.17,-209.4528175260582,ok,-10.19562247453473,9.179196410664701,30.441666114726615,1.230512810741884,-0.8700087950429555,-181.0627965078737,divergent,neutral,2026-06-16 04:59:12.846401
EURUSD,2Y,2022-06-21,EUR,USD,1.0812423879450916,3.21,-212.87576120549085,ok,-3.422943679432649,21.944409056883416,26.688981516496767,1.1166096563447194,-0.925331862015,-184.3601454003163,divergent,neutral,2026-06-16 04:59:12.846401
EURUSD,2Y,2022-06-22,EUR,USD,0.9802818496975902,3.06,-207.97181503024098,ok,4.903946175249871,26.23559206831945,34.807053869928524,0.9818797083798336,-0.8342841445452888,-193.35554957346847,divergent,neutral,2026-06-16 04:59:12.846401
EURUSD,2Y,2022-06-23,EUR,USD,0.782891247822028,3.01,-222.71087521779717,ok,-14.739060187556191,-9.447403243142276,2.4723772996349,0.8620758451774075,-1.0790759511625967,-200.1117942984898,confirmed,neutral,2026-06-16 04:59:12.846401
EURUSD,2Y,2022-06-24,EUR,USD,0.8394502349136217,3.04,-220.05497650863782,ok,2.655898709159345,-20.797781457114354,9.655580999911194,0.7050117684872255,-1.0252694905077524,-92.94989155846034,confirmed,neutral,2026-06-16 04:59:12.846401
EURUSD,2Y,2022-06-27,EUR,USD,0.8496721081427552,3.08,-223.03278918572448,ok,-2.9778126770866606,-13.579971659666285,9.128701830729995,0.4521888898944286,-1.068000997678224,-128.02209594192314,confirmed,neutral,2026-06-16 04:59:12.846401
EURUSD,2Y,2022-06-28,EUR,USD,0.9224681847355996,3.1,-217.75318152644004,ok,5.279607659284437,-4.877420320949199,12.261473207901759,0.29495902166953597,-0.9694867184078964,-189.46033640398264,confirmed,neutral,2026-06-16 04:59:12.846401
EURUSD,2Y,2022-06-29,EUR,USD,0.8995320097198638,3.06,-216.04679902801362,ok,1.7063824984264215,-8.074983997772648,1.1736176793184825,0.34568202534051584,-0.9326581477031315,-228.25924262834917,confirmed,neutral,2026-06-16 04:59:12.846401
EURUSD,2Y,2022-06-30,EUR,USD,0.6429685731460477,2.92,-227.70314268539522,ok,-11.656343657381598,-4.9922674675980545,5.743135293853982,-0.028076814266068596,-1.1245333425154278,-204.63298807164466,confirmed,neutral,2026-06-16 04:59:12.846401
EURUSD,2Y,2022-07-01,EUR,USD,0.5038708023308338,2.84,-233.6129197669166,ok,-5.9097770815213835,-13.557943258278783,-15.201847367571872,-0.25749935158589715,-1.2165052334965245,-271.1630337414139,confirmed,short_base,2026-06-16 04:59:12.846401
EURUSD,2Y,2022-07-05,EUR,USD,0.4374668734716946,2.82,-238.25331265283052,ok,-4.640392885913911,-15.220523467106034,-21.932434892828155,-0.49735022174107946,-1.2859297197647033,-223.2453506439036,confirmed,short_base,2026-06-16 04:59:12.846401
EURUSD,2Y,2022-07-06,EUR,USD,0.3569876804532379,2.97,-261.3012319546762,ok,-23.047919301845695,-43.54805042823617,-41.478329132600436,-1.0887711093797001,-1.666583667151556,-221.3196604831591,confirmed,short_base,2026-06-16 04:59:12.846401
EURUSD,2Y,2022-07-07,EUR,USD,0.4927924924942291,3.03,-253.72075075057708,ok,7.580481204099129,-37.67395172256346,-30.900540930849388,-1.5568518810841807,-1.5228969237151062,-257.1694117872525,confirmed,short_base,2026-06-16 04:59:12.846401
EURUSD,2Y,2022-07-08,EUR,USD,0.4718698969210767,3.12,-264.81301030789234,ok,-11.09225955731526,-37.10986762249712,-47.60556179576554,-2.0483039778019587,-1.6964226791403911,-263.06981725684574,confirmed,short_base,2026-06-16 04:59:12.846401
EURUSD,2Y,2022-07-11,EUR,USD,0.4038580007337751,3.07,-266.6141999266225,ok,-1.8011896187301772,-33.001280159705914,-58.906116816392654,-2.343910063786269,-1.7104668793711186,-426.5538338384123,confirmed,short_base,2026-06-16 04:59:12.846401
EURUSD,2Y,2022-07-12,EUR,USD,0.293818994727552,3.03,-273.61810052724474,ok,-7.003900600622217,-35.36478787441422,-54.986086590521836,-2.823474364158097,-1.8112038325589377,-438.3305687429706,confirmed,short_base,2026-06-16 04:59:12.846401
EURUSD,2Y,2022-07-13,EUR,USD,0.3857500826295407,3.13,-274.4249917370459,ok,-0.8068912098011651,-13.123759782369689,-39.60482147467164,-3.487482305615531,-1.8064034616925861,-459.2477085155744,confirmed,short_base,2026-06-16 04:59:12.846401
EURUSD,2Y,2022-07-14,EUR,USD,0.5023355094984915,3.15,-264.76644905015087,ok,9.658542686895032,-11.045698299573786,-30.559041951590444,-3.944279735463619,-1.6281259649372688,-479.43254329991026,confirmed,short_base,2026-06-16 04:59:12.846401
EURUSD,2Y,2022-07-15,EUR,USD,0.445794826058272,3.13,-268.4205173941728,ok,-3.654068344021937,-3.6075070862804637,-55.157045419517914,-4.076630982628403,-1.6738885959144,-456.71393143138283,confirmed,neutral,2026-06-16 04:59:12.846401
EURUSD,2Y,2022-07-18,EUR,USD,0.4887826033157134,3.15,-266.12173966842863,ok,2.2987777257441735,0.49246025819388706,-66.86454461690516,-3.872047881662416,-1.6202557239297453,-384.38575043357235,divergent,neutral,2026-06-16 04:59:12.846401
EURUSD,2Y,2022-07-19,EUR,USD,0.5716304530668107,3.23,-265.83695469331894,ok,0.28478497510968737,7.781145833925791,-56.38413716726075,-3.7238317492711137,-1.6007161787837336,-317.79681067524825,divergent,neutral,2026-06-16 04:59:12.846401
EURUSD,2Y,2022-07-20,EUR,USD,0.5409764075454857,3.25,-270.9023592454514,ok,-5.065404552132463,3.522632491594493,-58.02659803996056,-3.6172368420106973,-1.66989287809714,-377.13734793992313,divergent,neutral,2026-06-16 04:59:12.846401
EURUSD,2Y,2022-07-21,EUR,USD,0.5829219344370368,3.1,-251.70780655629633,ok,19.194552689155074,13.058642493854535,-43.73599152605536,-3.07174526794268,-1.3380337469013555,-287.0176772476718,divergent,neutral,2026-06-16 04:59:12.846401
EURUSD,2Y,2022-07-22,EUR,USD,0.3877630066190698,2.98,-259.223699338093,ok,-7.51589278179668,9.196818056079792,-36.512824120295846,-2.800577185409024,-1.4511961130257465,-223.7305659799327,divergent,neutral,2026-06-16 04:59:12.846401
EURUSD,2Y,2022-07-25,EUR,USD,0.4241851904738203,3.0,-257.581480952618,ok,1.6422183854750187,8.540258715810637,-37.52650444398017,-2.4091070950130016,-1.4120851608476495,-194.9895455678985,divergent,neutral,2026-06-16 04:59:12.846401
EURUSD,2Y,2022-07-26,EUR,USD,0.3092699120763464,3.02,-271.07300879236533,ok,-13.491527839747334,-5.236054099046385,-48.04021960664085,-2.200960377764377,-1.6222929018079213,-291.1178850098728,confirmed,neutral,2026-06-16 04:59:12.846401
EURUSD,2Y,2022-07-27,EUR,USD,0.351422958683389,2.96,-260.8577041316611,ok,10.215304660704248,10.044655113790327,-43.104522605221035,-1.6912775788528782,-1.4400406820094116,-217.97059218219837,divergent,neutral,2026-06-16 04:59:12.846401
EURUSD,2Y,2022-07-28,EUR,USD,0.2279899572195516,2.85,-262.2010042780448,ok,-1.34330014638374,-10.493197721748487,-46.1542052500312,-1.109023069493172,-1.4501693058528482,-63.08194803295475,confirmed,short_base,2026-06-16 04:59:12.846401
EURUSD,2Y,2022-07-29,EUR,USD,0.2543910607748882,2.89,-263.5608939225112,ok,-1.3598896444663637,-4.337194584418171,-35.85775123711596,-0.6608382665619064,-1.4603009207083821,39.76709248549426,divergent,neutral,2026-06-16 04:59:12.846401
EURUSD,2Y,2022-08-01,EUR,USD,0.206210462690846,2.9,-269.3789537309154,ok,-5.8180598084042,-11.79747277829739,-35.76603396399878,-0.33515944302716283,-1.5432199049211537,79.05953526742948,divergent,neutral,2026-06-16 04:59:12.846401
EURUSD,2Y,2022-08-02,EUR,USD,0.2346754247057516,3.06,-282.53245752942485,ok,-13.153503798509462,-11.459448737059517,-44.27914487659433,-0.21687366825022641,-1.7441628644566773,-10.720749075459057,confirmed,short_base,2026-06-16 04:59:12.846401
EURUSD,2Y,2022-08-03,EUR,USD,0.3457380873305089,3.1,-275.4261912669491,ok,7.106266262475742,-14.568487135288024,-14.124959312272892,-0.2943991390361007,-1.6120587685809007,110.19530550080647,divergent,neutral,2026-06-16 04:59:12.846401
EURUSD,2Y,2022-08-04,EUR,USD,0.3159630846369179,3.03,-271.4036915363082,ok,4.022499730640902,-9.202687258263381,-17.68294078573112,-0.17352797915069446,-1.5323277229067496,216.55034895314174,divergent,neutral,2026-06-16 04:59:12.846401
EURUSD,2Y,2022-08-05,EUR,USD,0.430584908970558,3.24,-280.9415091029442,ok,-9.537817566636022,-17.38061518043304,-16.128498795051883,-0.3374614079105827,-1.6737898800442046,147.7945426640903,divergent,neutral,2026-06-16 04:59:12.846401
EURUSD,2Y,2022-08-08,EUR,USD,0.3925202181585741,3.21,-281.7479781841426,ok,-0.8064690811983724,-12.369024453227212,-15.133778257520078,-0.5171022779832484,-1.6716506698539013,114.75783814879792,divergent,neutral,2026-06-16 04:59:12.846401
EURUSD,2Y,2022-08-09,EUR,USD,0.4593522948865773,3.28,-282.06477051134226,ok,-0.3167923271996642,0.46768701808258584,-8.446669984097525,-0.7890990956610435,-1.6615932478462458,109.63435407836064,confirmed,neutral,2026-06-16 04:59:12.846401
EURUSD,2Y,2022-08-10,EUR,USD,0.4009288006593223,3.23,-282.90711993406774,ok,-0.8423494227254764,-7.480928667118633,-8.482128197021837,-1.0731681046692267,-1.6601594530348565,150.10397879029912,divergent,neutral,2026-06-16 04:59:12.846401
EURUSD,2Y,2022-08-11,EUR,USD,0.4297783408322031,3.23,-280.02216591677967,ok,2.8849540172880666,-8.618474380471469,-15.255716866628802,-1.150765099280923,-1.5985619093661583,87.57954001192614,divergent,neutral,2026-06-16 04:59:12.846401
EURUSD,2Y,2022-08-12,EUR,USD,0.4472355062487843,3.25,-280.27644937512156,ok,-0.25428345834188804,0.6650597278226655,-11.855931980948753,-1.2667496030653393,-1.588593766502344,76.9102321058468,confirmed,neutral,2026-06-16 04:59:12.846401
EURUSD,2Y,2022-08-15,EUR,USD,0.4368989823936386,3.2,-276.31010176063614,ok,3.9663476144854144,5.437876423506452,-10.188362092207512,-1.271947038520622,-1.5110208567372085,-49.550034763364835,divergent,neutral,2026-06-16 04:59:12.846401
EURUSD,2Y,2022-08-16,EUR,USD,0.4741722948702058,3.25,-277.58277051297944,ok,-1.272668752343293,4.481999998362824,-11.745815819660493,-1.2755080060306327,-1.51856011464488,-29.120216489691984,divergent,neutral,2026-06-16 04:59:12.846401
EURUSD,2Y,2022-08-17,EUR,USD,0.6364130651496627,3.28,-264.3586934850337,ok,13.224077027945725,18.548426449034025,6.543665760417696,-1.1524707783710997,-1.2936658962413183,-44.60573809779933,divergent,neutral,2026-06-16 04:59:12.846401
EURUSD,2Y,2022-08-18,EUR,USD,0.667685743619475,3.22,-255.2314256380525,ok,9.127267846981198,24.790740278727156,-3.5236190817561805,-0.6058122243626429,-1.1367425943099254,-38.70267068173838,divergent,neutral,2026-06-16 04:59:12.846401
EURUSD,2Y,2022-08-19,EUR,USD,0.7322906271220644,3.25,-251.77093728779357,ok,3.4604883502589416,28.505512087327986,7.452762050299441,-0.12309143847395779,-1.072311320461394,-169.12946341081093,divergent,neutral,2026-06-16 04:59:12.846401
EURUSD,2Y,2022-08-22,EUR,USD,0.7977765397950236,3.32,-252.2223460204976,ok,-0.4514087327040386,24.087755740138533,5.359134932120384,0.36790325423653064,-1.0715567520944886,-280.494483999687,divergent,neutral,2026-06-16 04:59:12.846401
EURUSD,2Y,2022-08-23,EUR,USD,0.824596071427095,3.29,-246.5403928572905,ok,5.681953163207112,31.042377655688938,24.53261593507483,0.7189857331139393,-0.9714225727682723,-238.9767095649453,divergent,neutral,2026-06-16 04:59:12.846401
EURUSD,2Y,2022-08-24,EUR,USD,0.8442686900836867,3.36,-251.57313099163133,ok,-5.032738134340832,12.78556249340238,9.28457314002975,1.1225750852636427,-1.045680011801944,-287.44872207118965,divergent,neutral,2026-06-16 04:59:12.846401
EURUSD,2Y,2022-08-25,EUR,USD,0.7731331466604079,3.35,-257.68668533395925,ok,-6.113554342327916,-2.455259695906733,4.5143189440855735,1.4036561803770082,-1.1371639867406311,-182.84217677697723,confirmed,neutral,2026-06-16 04:59:12.846401
EURUSD,2Y,2022-08-26,EUR,USD,0.8822836426417826,3.37,-248.77163573582175,ok,8.9150495981375,2.9993015519718256,14.789258186689437,1.7838347355976159,-0.9835606003872657,-191.20760104366695,divergent,neutral,2026-06-16 04:59:12.846401
EURUSD,2Y,2022-08-29,EUR,USD,0.9687377921993434,3.42,-245.12622078006564,ok,3.6454149557561095,7.096125240431974,24.252732950849747,2.1019870590960403,-0.9165656585494663,-168.72084458630198,divergent,neutral,2026-06-16 04:59:12.846401
EURUSD,2Y,2022-08-30,EUR,USD,0.9910933484952588,3.46,-246.89066515047412,ok,-1.7644443704084836,-0.35027229318362174,35.641792378950726,2.1507758572499998,-0.9383528109366219,-145.99042460110678,confirmed,neutral,2026-06-16 04:59:12.846401
EURUSD,2Y,2022-08-31,EUR,USD,1.0755895221438925,3.45,-237.44104778561078,ok,9.449617364863343,14.132083206020553,37.985143481338326,2.3931667130629597,-0.775961312635122,-156.7004648061332,divergent,neutral,2026-06-16 04:59:12.846401
EURUSD,2Y,2022-09-01,EUR,USD,1.071420116302356,3.51,-243.85798836976437,ok,-6.416940584153593,13.828696964194876,27.54570316654383,2.5502796262307146,-0.8752270153226223,-251.27597253107982,divergent,neutral,2026-06-16 04:59:12.846401
EURUSD,2Y,2022-09-02,EUR,USD,0.978366094840494,3.4,-242.1633905159506,ok,1.6945978538137751,6.608245219871151,38.77811858699363,2.5395818506691548,-0.8404214172392015,-337.0361019944457,divergent,neutral,2026-06-16 04:59:12.846401
EURUSD,2Y,2022-09-06,EUR,USD,1.001828262410104,3.5,-249.8171737589896,ok,-7.653783243039015,-4.690952978923974,31.930804425152985,2.34849763187685,-0.9607045756648762,-347.5920182573577,confirmed,neutral,2026-06-16 04:59:12.846401
EURUSD,2Y,2022-09-07,EUR,USD,0.8827529867824424,3.45,-256.7247013217558,ok,-6.907527562766177,-9.834036171281667,25.340069189586472,2.00571621653263,-1.0684446473942604,-161.10143387164987,confirmed,neutral,2026-06-16 04:59:12.846401
EURUSD,2Y,2022-09-08,EUR,USD,1.0085898110864164,3.48,-247.14101889135836,ok,9.583682430397431,-9.69997110574758,35.76610104270938,1.7484389289486548,-0.901211241164177,-157.03974669105446,confirmed,neutral,2026-06-16 04:59:12.846401
EURUSD,2Y,2022-09-09,EUR,USD,1.1944739168797565,3.56,-236.55260831202435,ok,10.58841057933401,7.305380057740024,43.46955760475532,1.6341929445864714,-0.7170180671324026,-132.45163255480307,divergent,neutral,2026-06-16 04:59:12.846401
EURUSD,2Y,2022-09-12,EUR,USD,1.2029409655619787,3.58,-237.70590344380213,ok,-1.1532951317777815,4.457487072148467,42.57054593131943,1.4340885577141593,-0.7301979896516404,96.08675717161842,confirmed,neutral,2026-06-16 04:59:12.846401
EURUSD,2Y,2022-09-13,EUR,USD,1.2885520518595577,3.75,-246.14479481404425,ok,-8.438891370242118,3.6723789449453648,30.165306946591897,1.112039262576407,-0.8666489513345805,-57.9912315663611,divergent,neutral,2026-06-16 04:59:12.846401
EURUSD,2Y,2022-09-14,EUR,USD,1.3030152924592215,3.78,-247.69847075407782,ok,-1.5536759400335711,9.02623056767797,29.88429975890162,0.7023384632634395,-0.8865058373028885,44.274501911854,confirmed,neutral,2026-06-16 04:59:12.846401
EURUSD,2Y,2022-09-15,EUR,USD,1.3754707982924606,3.87,-249.45292017075394,ok,-1.754449416676124,-2.3119012793955847,14.90577331427977,0.4314365204558939,-0.9097802234900993,21.271899018682205,divergent,neutral,2026-06-16 04:59:12.846401
EURUSD,2Y,2022-09-16,EUR,USD,1.4520247492905076,3.85,-239.79752507094923,ok,9.655395099804707,-3.2449167589248873,15.43390056710328,0.42016885212528615,-0.7379061286075096,47.051977888579174,divergent,neutral,2026-06-16 04:59:12.846401
EURUSD,2Y,2022-09-19,EUR,USD,1.4609124317361897,3.95,-248.90875682638108,ok,-9.111231755431845,-11.202853382578951,2.8621804614124926,0.3101711468533566,-0.8884373341995613,67.65505957459617,divergent,neutral,2026-06-16 04:59:12.846401
EURUSD,2Y,2022-09-20,EUR,USD,1.6138090171454076,3.96,-234.61909828545924,ok,14.289658540921835,11.525696528585001,17.603247735038366,0.39287988366254406,-0.6349705295832075,35.32644249640171,confirmed,long_base,2026-06-16 04:59:12.846401
EURUSD,2Y,2022-09-21,EUR,USD,1.62103824867088,4.02,-239.89617513291196,ok,-5.277076847452719,7.802295621165854,6.644217724378535,0.4634458090850318,-0.7206784509982931,-179.20824717552188,divergent,neutral,2026-06-16 04:59:12.846401
EURUSD,2Y,2022-09-22,EUR,USD,1.747941824640474,4.11,-236.20581753595263,ok,3.6903575969593305,13.247102634801308,15.367313455678698,0.4972755375693994,-0.6500123325746676,-184.66787716742817,divergent,neutral,2026-06-16 04:59:12.846401
EURUSD,2Y,2022-09-23,EUR,USD,1.8146768785320344,4.2,-238.53231214679658,ok,-2.3264946108439517,1.2652129241526495,19.154373187162662,0.37823108131220895,-0.6848514931592076,-348.1769276748359,divergent,neutral,2026-06-16 04:59:12.846401
EURUSD,2Y,2022-09-26,EUR,USD,1.868977705683478,4.27,-240.10222943165215,ok,-1.5699172848555634,8.806527394728931,8.669406304169598,0.3487196075920924,-0.7065105823665101,-333.1156107119526,divergent,neutral,2026-06-16 04:59:12.846401
EURUSD,2Y,2022-09-27,EUR,USD,1.8867192043588563,4.3,-241.32807956411435,ok,-1.2258501324621989,-6.708981278655102,3.79814121595129,0.3462184714251626,-0.7222357159113658,-315.31031420006684,confirmed,neutral,2026-06-16 04:59:12.846401
EURUSD,2Y,2022-09-28,EUR,USD,1.778489176985148,4.07,-229.15108230148525,ok,12.1769972626291,10.745092831426717,17.739582848988874,0.484103300505969,-0.4982904267445421,-245.82914572864323,divergent,neutral,2026-06-16 04:59:12.846401
EURUSD,2Y,2022-09-29,EUR,USD,1.7967836028619484,4.16,-236.32163971380518,ok,-7.170557412319937,-0.11582217785255011,1.1194080718055943,0.6420800153988696,-0.6212281845876735,-68.60664847933795,confirmed,neutral,2026-06-16 04:59:12.846401
EURUSD,2Y,2022-09-30,EUR,USD,1.6662186292632288,4.22,-255.3781370736771,ok,-19.056497359871912,-16.84582492688051,-11.520148703912724,0.4248176188267907,-0.9596507276399926,-196.3471233095948,confirmed,neutral,2026-06-16 04:59:12.846401
EURUSD,2Y,2022-10-03,EUR,USD,1.6021755567912894,4.12,-251.78244432087106,ok,3.5956927528060305,-11.680214889218917,-9.619053804920469,0.30300260168421367,-0.8879465607265644,-208.2150858849896,confirmed,neutral,2026-06-16 04:59:12.846401
EURUSD,2Y,2022-10-04,EUR,USD,1.4885984061504232,4.1,-261.14015938495766,ok,-9.357715064086591,-19.81207982084331,-11.322985625968045,-0.05887852576785733,-1.0522738386737374,-85.99630593235541,confirmed,short_base,2026-06-16 04:59:12.846401
EURUSD,2Y,2022-10-05,EUR,USD,1.55954502423572,4.15,-259.04549757642803,ok,2.0946618085296222,-29.894415274942787,-2.3207962546722456,-0.4828750917192554,-1.0073383314906468,-214.6312567874409,confirmed,short_base,2026-06-16 04:59:12.846401
EURUSD,2Y,2022-10-06,EUR,USD,1.7044343200207606,4.23,-252.556567997924,ok,6.488929578504042,-16.23492828411881,-5.415549106565635,-0.6593614429794575,-0.8816367233766738,-189.42051354005952,confirmed,short_base,2026-06-16 04:59:12.846401
EURUSD,2Y,2022-10-07,EUR,USD,1.795358400889012,4.3,-250.4641599110988,ok,2.092408086825202,4.9139771625783055,-13.911551599074443,-0.6306271370751285,-0.8368730822866407,-243.6385493889004,divergent,neutral,2026-06-16 04:59:12.846401
EURUSD,2Y,2022-10-11,EUR,USD,1.8418460361551312,4.3,-245.81539638448686,ok,4.64876352661193,5.967047936384205,-8.109492940684731,-0.5327722203163376,-0.744223016992545,-320.8940331271204,divergent,neutral,2026-06-16 04:59:12.846401
EURUSD,2Y,2022-10-12,EUR,USD,1.808553386016209,4.28,-247.14466139837913,ok,-1.3292650138922681,13.995497986578528,-0.9998665843348817,-0.5749577307437682,-0.7633687140622006,-324.1373121828162,divergent,neutral,2026-06-16 04:59:12.846401
EURUSD,2Y,2022-10-13,EUR,USD,1.8664951735060964,4.47,-260.35048264939036,ok,-13.20582125101123,-1.3049850729623245,-12.65201189531254,-0.8288259970668699,-1.0071562439438386,-204.4930297863812,confirmed,neutral,2026-06-16 04:59:12.846401
EURUSD,2Y,2022-10-14,EUR,USD,1.8322400829438272,4.48,-264.7759917056173,ok,-4.425509056226929,-12.219423707693295,-15.323071534863345,-1.154592072433497,-1.084953090940767,-115.04073723719088,confirmed,short_base,2026-06-16 04:59:12.846401
EURUSD,2Y,2022-10-17,EUR,USD,1.8506720095265785,4.45,-259.93279904734214,ok,4.843192658275143,-9.468639136243354,-20.13527397639291,-1.2356738615799348,-0.9863325820283183,159.983485575681,divergent,neutral,2026-06-16 04:59:12.846401
EURUSD,2Y,2022-10-18,EUR,USD,1.9037067953834337,4.43,-252.62932046165662,ok,7.303478585685525,-6.813924077169759,-3.720563635275539,-1.326003188909266,-0.8400490190360087,182.74740591605942,divergent,neutral,2026-06-16 04:59:12.846401
EURUSD,2Y,2022-10-19,EUR,USD,2.038661790069524,4.55,-251.1338209930476,ok,1.4954994686090117,-3.989159594668479,-16.514722707588362,-1.163747218093132,-0.8052930647303086,150.93555093555145,divergent,neutral,2026-06-16 04:59:12.846401
EURUSD,2Y,2022-10-20,EUR,USD,2.095670331544454,4.62,-252.43296684555463,ok,-1.2991458525070243,7.917515803835727,-12.536791712642668,-1.0785385702686967,-0.8248605143070898,190.61415484664445,confirmed,neutral,2026-06-16 04:59:12.846401
EURUSD,2Y,2022-10-21,EUR,USD,2.058615316587561,4.49,-243.1384683412439,ok,9.294498504310724,21.63752336437338,-6.932650805291274,-0.783430249855286,-0.6364862031610178,160.63222535907863,confirmed,neutral,2026-06-16 04:59:12.846401
EURUSD,2Y,2022-10-24,EUR,USD,1.992367967609861,4.5,-250.7632032390139,ok,-7.624734897769997,9.16959580832824,-12.23089109221732,-0.6235558003251586,-0.781299374709259,84.58061685694851,confirmed,neutral,2026-06-16 04:59:12.846401
EURUSD,2Y,2022-10-25,EUR,USD,1.9410446671701629,4.42,-247.8955332829837,ok,2.8676699560301984,4.733787178672912,-7.793303851331558,-0.429110487361173,-0.7186722820094698,171.9560511375251,confirmed,neutral,2026-06-16 04:59:12.846401
EURUSD,2Y,2022-10-26,EUR,USD,1.940309370631436,4.39,-244.96906293685637,ok,2.9264703461273314,6.164758056191232,-3.6409833727420278,-0.2004947296623085,-0.6542617785183332,264.20159863322914,confirmed,neutral,2026-06-16 04:59:12.846401
EURUSD,2Y,2022-10-27,EUR,USD,1.8644542593872964,4.3,-243.55457406127036,ok,1.4144888755860165,8.878392784284273,-14.403491759785112,0.24607155277100679,-0.6197937783330199,-16.827597259505556,divergent,neutral,2026-06-16 04:59:12.846401
EURUSD,2Y,2022-10-28,EUR,USD,1.8698075731858244,4.41,-254.01924268141758,ok,-10.464668620147222,-10.880774340173673,-17.697602967612397,0.4515826277442204,-0.8271519039614005,51.95932039226747,divergent,neutral,2026-06-16 04:59:12.846401
EURUSD,2Y,2022-10-31,EUR,USD,1.9202924618193091,4.51,-258.9707538180691,ok,-4.951511136651533,-8.207550579055209,-3.592616744392018,0.31207870255316733,-0.9229740775795728,150.73725715693877,divergent,neutral,2026-06-16 04:59:12.846401
EURUSD,2Y,2022-11-01,EUR,USD,1.8869579955011613,4.54,-265.30420044988387,ok,-6.333446631814752,-17.40866716690016,-13.5217561290128,0.1442734956276946,-1.047873215208632,146.90472766123673,divergent,neutral,2026-06-16 04:59:12.846401
EURUSD,2Y,2022-11-02,EUR,USD,1.8972637618865544,4.61,-271.2736238113446,ok,-5.969423361460713,-26.304560874488203,-10.133464426386922,-0.23622911577562453,-1.1654206913310912,105.85933477499809,divergent,neutral,2026-06-16 04:59:12.846401
EURUSD,2Y,2022-11-03,EUR,USD,1.9661528533413088,4.71,-274.3847146658691,ok,-3.111090854524548,-30.830140604598768,-15.339217089441092,-0.6128639823699722,-1.224199107340281,49.89484969691871,divergent,neutral,2026-06-16 04:59:12.846401
EURUSD,2Y,2022-11-04,EUR,USD,2.0325129604837144,4.66,-262.74870395162856,ok,11.63601071424057,-8.729461270210976,-10.192135953704565,-0.6977468497928572,-0.9750309977862727,259.0524081363488,divergent,neutral,2026-06-16 04:59:12.846401
EURUSD,2Y,2022-11-07,EUR,USD,2.103372136231835,4.72,-261.6627863768165,ok,1.085917574812072,-2.6920325587473712,-11.198626465717695,-0.7187520663494622,-0.94703953558644,307.77304439093547,divergent,neutral,2026-06-16 04:59:12.846401
EURUSD,2Y,2022-11-08,EUR,USD,2.130112955056374,4.67,-253.9887044943626,ok,7.674081882453891,11.315495955521271,-8.173308109875734,-0.5398859725625227,-0.7780147065224163,350.01796806817697,confirmed,neutral,2026-06-16 04:59:12.846401
EURUSD,2Y,2022-11-09,EUR,USD,2.130112955056365,4.61,-247.98870449436353,ok,5.999999999999062,23.284919316981046,-0.8440430959844036,-0.28400329913047034,-0.6433472060685314,178.29024229186751,confirmed,neutral,2026-06-16 04:59:12.846401
EURUSD,2Y,2022-11-10,EUR,USD,1.972352941690963,4.34,-236.76470583090367,ok,11.223998663459867,37.62000883496546,23.585776818486693,-0.07502151703190342,-0.3931390071231497,333.48542458808697,confirmed,neutral,2026-06-16 04:59:12.846401
EURUSD,2Y,2022-11-14,EUR,USD,2.087091098942852,4.4,-231.29089010571482,ok,5.473815725188842,31.457813845913734,33.485101599902464,0.10681384022520322,-0.2658585740135089,464.74602740003814,confirmed,long_base,2026-06-16 04:59:12.846401
EURUSD,2Y,2022-11-15,EUR,USD,2.1014146577584576,4.37,-226.85853422415425,ok,4.432355881560568,34.80425215266223,33.07426482318789,0.37808649400382205,-0.16004044398086373,504.7923322683712,confirmed,long_base,2026-06-16 04:59:12.846401
EURUSD,2Y,2022-11-16,EUR,USD,2.084008661499306,4.35,-226.5991338500694,ok,0.25940037408486205,27.3895706442932,26.030186611587226,0.7186472137678791,-0.14620756520326558,514.963274721274,confirmed,long_base,2026-06-16 04:59:12.846401
EURUSD,2Y,2022-11-17,EUR,USD,2.0612989488610167,4.43,-236.8701051138983,ok,-10.270971263828898,11.118599380465241,14.263715879149316,0.8969497843626715,-0.37130275382744915,400.63845165435373,confirmed,long_base,2026-06-16 04:59:12.846401
EURUSD,2Y,2022-11-18,EUR,USD,2.018950084966263,4.51,-249.10499150337367,ok,-12.234886389475378,-12.340285672470003,3.327975342180963,0.8585062376183824,-0.6437605733021434,228.17342369119808,divergent,neutral,2026-06-16 04:59:12.846401
EURUSD,2Y,2022-11-21,EUR,USD,2.0047775559055783,4.48,-247.5222444094422,ok,1.5827470939314594,-16.231354303727386,-4.383776068198301,0.9844241289875209,-0.6015891389380867,282.9440635946634,divergent,neutral,2026-06-16 04:59:12.846401
EURUSD,2Y,2022-11-22,EUR,USD,2.0457049057857546,4.47,-242.4295094214245,ok,5.092734988017696,-15.570975197270258,8.333693817589392,1.0692969707743702,-0.4777122100470045,357.73484825653236,divergent,neutral,2026-06-16 04:59:12.846401
EURUSD,2Y,2022-11-23,EUR,USD,2.0584494834149383,4.46,-240.15505165850618,ok,2.274457762918331,-13.555917808436789,7.740481624477525,1.2194091952205477,-0.41829716346467727,538.0553532410781,divergent,neutral,2026-06-16 04:59:12.846401
EURUSD,2Y,2022-11-25,EUR,USD,2.0954918863775633,4.42,-232.45081136224366,ok,7.704240296262526,4.419293751654635,12.51825157461272,1.5141495998537313,-0.23014690330639734,589.7817359228852,confirmed,neutral,2026-06-16 04:59:12.846401
EURUSD,2Y,2022-11-28,EUR,USD,2.078470592703055,4.46,-238.1529407296945,ok,-5.702129367450851,10.952050773679161,5.401633331575852,1.7309406099429263,-0.3585205184862171,389.01165126556725,confirmed,long_base,2026-06-16 04:59:12.846401
EURUSD,2Y,2022-11-29,EUR,USD,2.000685294735888,4.48,-247.93147052641126,ok,-9.778529796716754,-0.40922611696905165,6.08777215500632,1.6346839705405143,-0.5859701546500917,398.2635146704827,divergent,neutral,2026-06-16 04:59:12.846401
EURUSD,2Y,2022-11-30,EUR,USD,2.0378229449647427,4.38,-234.2177055035257,ok,13.713765022885553,8.211803917898806,24.753048314543406,1.6470019606532225,-0.2494553940408889,404.89952382378516,confirmed,neutral,2026-06-16 04:59:12.846401
EURUSD,2Y,2022-12-01,EUR,USD,1.922140242759317,4.25,-232.78597572406827,ok,1.4317297794574415,7.369075934437916,32.5182247258156,1.542548815361794,-0.2078650546875526,443.8315939843651,confirmed,neutral,2026-06-16 04:59:12.846401
EURUSD,2Y,2022-12-02,EUR,USD,1.957771136629288,4.28,-232.22288633707123,ok,0.563089386997035,0.22792502517242497,39.05073747427335,1.3029861650407697,-0.18632502438392268,512.526200219583,confirmed,neutral,2026-06-16 04:59:12.846401
EURUSD,2Y,2022-12-05,EUR,USD,1.990850016047067,4.41,-241.91499839529334,ok,-9.692112058222108,-3.7620576655988316,32.46971627057579,0.8171193703590169,-0.41861242121481407,137.6306283683304,divergent,neutral,2026-06-16 04:59:12.846401
EURUSD,2Y,2022-12-06,EUR,USD,1.9406936410728113,4.34,-239.93063589271887,ok,1.98436250257447,8.000834633692392,22.818068058909688,0.4945004553816276,-0.36237484266940917,136.05639804001424,confirmed,neutral,2026-06-16 04:59:12.846401
EURUSD,2Y,2022-12-07,EUR,USD,1.9062551009806157,4.26,-235.3744899019384,ok,4.556145990780465,-1.1567843984126966,26.28829647487808,0.21980252294412683,-0.24014310334648106,186.1506259932555,divergent,neutral,2026-06-16 04:59:12.846401
EURUSD,2Y,2022-12-08,EUR,USD,1.929789257221064,4.31,-238.02107427789358,ok,-2.6465843759551717,-5.23509855382531,15.967630216469018,-0.011065316682353481,-0.3004514757985738,191.46101262889513,divergent,neutral,2026-06-16 04:59:12.846401
EURUSD,2Y,2022-12-09,EUR,USD,2.031453341217061,4.33,-229.85466587829393,ok,8.166408399599646,2.3682204587773015,18.134038616069603,-0.054544811076191024,-0.08246695049938506,133.16399184081894,confirmed,neutral,2026-06-16 04:59:12.846401
EURUSD,2Y,2022-12-12,EUR,USD,2.035024669781803,4.39,-235.4975330218197,ok,-5.642867143525763,6.417465373473647,1.2671728090839736,-0.02868489270797876,-0.22125963557771597,210.9749600426203,confirmed,neutral,2026-06-16 04:59:12.846401
EURUSD,2Y,2022-12-13,EUR,USD,1.9767289639652827,4.22,-224.3271036034717,ok,11.170429418347993,15.60353228924717,6.963786502243124,0.2412757351034019,0.07987829965624832,284.40331448927435,confirmed,long_base,2026-06-16 04:59:12.846401
EURUSD,2Y,2022-12-14,EUR,USD,1.9879907657421152,4.23,-224.20092342578855,ok,0.12618017768315326,11.173566476149858,2.6576107983657096,0.5725516440307752,0.09284225665899948,420.40019521717875,confirmed,long_base,2026-06-16 04:59:12.846401
EURUSD,2Y,2022-12-15,EUR,USD,2.15306390863348,4.23,-207.69360913665204,ok,16.507314289136502,30.327465141241532,18.90552471341735,1.139745716681947,0.5448295363591098,318.22237740533944,confirmed,long_base,2026-06-16 04:59:12.846401
EURUSD,2Y,2022-12-16,EUR,USD,2.353045986264086,4.17,-181.6954013735914,ok,25.998207763060634,48.15926450470252,55.17470374030688,1.8877401664240103,1.259044521301658,159.73122150227948,confirmed,long_base,2026-06-16 04:59:12.846401
EURUSD,2Y,2022-12-19,EUR,USD,2.3176650153673837,4.25,-193.23349846326164,ok,-11.53809708967023,42.26403455855805,55.87149304011203,2.1947527617575626,0.9613111209921072,211.2079749052209,confirmed,long_base,2026-06-16 04:59:12.846401
EURUSD,2Y,2022-12-20,EUR,USD,2.384269099925167,4.25,-186.5730900074833,ok,6.660408455778338,37.7540135959884,60.94915440195891,2.5378875101378306,1.1590807724412888,249.26205313217542,confirmed,long_base,2026-06-16 04:59:12.846401
EURUSD,2Y,2022-12-21,EUR,USD,2.3820105554882285,4.21,-182.79894445117714,ok,3.7741455563061663,41.40197897461141,59.63056497024738,2.9236973649198172,1.2808790582292844,255.62441387178225,confirmed,long_base,2026-06-16 04:59:12.846401
EURUSD,2Y,2022-12-22,EUR,USD,2.4496776493245087,4.24,-179.03223506754915,ok,3.7667093836279832,28.66137406910289,61.12281659095703,3.30955982223541,1.401722111181617,268.80418462730705,confirmed,long_base,2026-06-16 04:59:12.846401
EURUSD,2Y,2022-12-23,EUR,USD,2.4879402870114675,4.31,-182.2059712988532,ok,-3.173736231304048,-0.510569925261791,50.244840063390455,3.679815080035828,1.328982756927399,186.41644839727968,divergent,neutral,2026-06-16 04:59:12.846401
EURUSD,2Y,2022-12-27,EUR,USD,2.4920564331104176,4.32,-182.79435668895826,ok,-0.58838539010506,10.43914177430338,55.35858404073625,3.876075060200734,1.3277096888556736,88.77675869983781,confirmed,long_base,2026-06-16 04:59:12.846401
EURUSD,2Y,2022-12-28,EUR,USD,2.4961170374074646,4.31,-181.3882962592535,ok,1.4060604297047519,5.184793748229794,66.54317426715775,3.8547777879986187,1.3853818010379233,126.23495898554715,confirmed,neutral,2026-06-16 04:59:12.846401
EURUSD,2Y,2022-12-29,EUR,USD,2.511002322187056,4.34,-182.89976778129437,ok,-1.511471522040864,-0.10082333011723676,51.317937722231335,3.928356273711919,1.3589797639540144,184.3872705907068,divergent,neutral,2026-06-16 04:59:12.846401
EURUSD,2Y,2022-12-30,EUR,USD,2.565336451215762,4.41,-184.46635487842383,ok,-1.5665870971294567,-5.434119810874677,48.31962084564444,3.9249913722663385,1.3289977472527321,181.60716154380418,divergent,neutral,2026-06-16 04:59:12.846401
EURUSD,2Y,2023-01-03,EUR,USD,2.546283778786453,4.4,-185.37162212135473,ok,-0.9052672429309041,-3.165650822501533,46.8512642157165,3.844923882715466,1.3198349895083303,23.382030054464042,divergent,neutral,2026-06-16 04:59:12.846401
EURUSD,2Y,2023-01-04,EUR,USD,2.483008964506129,4.36,-187.69910354938713,ok,-2.3274814280323994,-4.904746860428872,54.215894845906206,3.508120281294892,1.2682824060191102,61.47249390492604,divergent,neutral,2026-06-16 04:59:12.846401
EURUSD,2Y,2023-01-05,EUR,USD,2.5383481512088126,4.45,-191.16518487911875,ok,-3.4660813297316224,-9.776888619865247,48.765451013600114,3.071605610398627,1.1840621048332929,-97.32497505694604,confirmed,neutral,2026-06-16 04:59:12.846401
EURUSD,2Y,2023-01-06,EUR,USD,2.51956357950473,4.24,-172.043642049527,ok,19.12154282959176,10.856125731767378,63.33084785241141,2.9068634790072045,1.7833666741674672,-32.22271139128985,divergent,neutral,2026-06-16 04:59:12.846401
EURUSD,2Y,2023-01-09,EUR,USD,2.4683140364569285,4.19,-172.1685963543072,ok,-0.12495430478020353,12.297758524116631,65.85247792358638,2.603313754088937,1.7969078210968745,140.49641436521654,confirmed,long_base,2026-06-16 04:59:12.846401
EURUSD,2Y,2023-01-10,EUR,USD,2.516520986693499,4.24,-172.3479013306501,ok,-0.17930497634290532,13.02372079070463,57.506764547643826,2.32711953743677,1.8093552100728696,145.4998960715037,confirmed,long_base,2026-06-16 04:59:12.846401
EURUSD,2Y,2023-01-11,EUR,USD,2.490685499222022,4.2,-170.93145007779782,ok,1.4164512528522835,16.767653471589313,64.56608294402187,1.895586098750656,1.86815289241882,144.26927752282603,confirmed,long_base,2026-06-16 04:59:12.846401
EURUSD,2Y,2023-01-12,EUR,USD,2.4353470700411144,4.12,-168.46529299588857,ok,2.4661570819092447,22.69989188323018,55.861810607583124,1.578566822811569,1.9568775740826896,220.70588235294065,confirmed,long_base,2026-06-16 04:59:12.846401
EURUSD,2Y,2023-01-13,EUR,USD,2.417843795472366,4.22,-180.21562045276335,ok,-11.750327456874771,-8.171978403236352,43.9853029730252,1.01167532193681,1.6039080696327783,209.75329241965878,divergent,neutral,2026-06-16 04:59:12.846401
EURUSD,2Y,2023-01-17,EUR,USD,2.418051341047806,4.18,-176.19486589521935,ok,4.020754557543995,-4.026269540912153,31.49874324143269,0.6967216637080323,1.7448051403959841,160.27723630062775,divergent,neutral,2026-06-16 04:59:12.846401
EURUSD,2Y,2023-01-18,EUR,USD,2.284162711099747,4.06,-177.58372889002527,ok,-1.388862994805919,-5.235827559375167,4.111672483566139,0.725058591674812,1.7164233926303516,148.03048958147212,divergent,neutral,2026-06-16 04:59:12.846401
EURUSD,2Y,2023-01-19,EUR,USD,2.3732918577247273,4.09,-171.67081422752725,ok,5.912914662498025,-0.7393641497294254,21.562684235734395,0.6495022826019382,1.9177833159861426,184.64026173039105,divergent,neutral,2026-06-16 04:59:12.846401
EURUSD,2Y,2023-01-20,EUR,USD,2.4418335055022475,4.14,-169.8166494497752,ok,1.8541647777520325,-1.3513564538866376,16.75644055770809,0.6731732967449724,1.989095973303416,212.7239199157005,divergent,neutral,2026-06-16 04:59:12.846401
EURUSD,2Y,2023-01-23,EUR,USD,2.4509491157903196,4.21,-175.90508842096804,ok,-6.088438971192829,4.310532031795304,6.893856030209093,0.6442607282672234,1.8003085320653742,157.43837945919603,confirmed,neutral,2026-06-16 04:59:12.846401
EURUSD,2Y,2023-01-24,EUR,USD,2.468910902801844,4.12,-165.10890971981559,ok,10.796178701152456,11.085956175403766,13.923325347733567,0.8186869419832046,2.150584945927282,176.81416756226474,confirmed,long_base,2026-06-16 04:59:12.846401
EURUSD,2Y,2023-01-25,EUR,USD,2.383698149213637,4.11,-172.63018507863634,ok,-7.521275358820759,4.953543811388926,9.575786220216855,0.8146174088041164,1.910944413527188,228.63297897250945,confirmed,neutral,2026-06-16 04:59:12.846401
EURUSD,2Y,2023-01-26,EUR,USD,2.4300652628996877,4.17,-173.99347371003122,ok,-1.3632886313948802,-2.3226594825039797,8.800882978927035,0.767382349588075,1.8691089790141318,329.5244417049914,divergent,neutral,2026-06-16 04:59:12.846401
EURUSD,2Y,2023-01-27,EUR,USD,2.471055684076287,4.19,-171.89443159237135,ok,2.0990421176598772,-2.077782142596135,9.49386466688216,0.7591001499972079,1.9420080615552213,244.01052224663155,divergent,neutral,2026-06-16 04:59:12.846401
EURUSD,2Y,2023-01-30,EUR,USD,2.543510404967572,4.25,-170.64895950324282,ok,1.2454720891285262,5.256128917725221,12.25080827805155,0.7304685807798904,1.9859645064723814,196.02868070630387,confirmed,neutral,2026-06-16 04:59:12.846401
EURUSD,2Y,2023-01-31,EUR,USD,2.5071773696943893,4.21,-170.28226303056107,ok,0.36669647268175254,-5.173353310745483,14.18409184786276,0.6639176787694401,1.9984222387968817,185.60027010044334,divergent,neutral,2026-06-16 04:59:12.846401
EURUSD,2Y,2023-02-01,EUR,USD,2.523092110729766,4.09,-156.6907889270234,ok,13.591474103537678,15.939396151612954,28.680833194331342,0.7559075377890214,2.426206224005656,260.70104168607776,confirmed,long_base,2026-06-16 04:59:12.846401
EURUSD,2Y,2023-02-02,EUR,USD,2.4115555678889424,4.09,-167.84444321110576,ok,-11.153654284082364,6.14903049892547,19.854660338281377,0.6086806992334877,2.0544869145428346,154.68141774226618,confirmed,neutral,2026-06-16 04:59:12.846401
EURUSD,2Y,2023-02-03,EUR,USD,2.4148278319108263,4.3,-188.51721680891734,ok,-20.672773597811585,-16.622785216545992,2.647968070201415,0.08154429153558013,1.3880545434987985,25.73105933935338,divergent,neutral,2026-06-16 04:59:12.846401
EURUSD,2Y,2023-02-06,EUR,USD,2.4683538902568105,4.44,-197.16461097431898,ok,-8.647394165401636,-26.515651471076154,-25.12096892479198,-0.27118912808834406,1.1141827239430195,-93.53474543406625,confirmed,short_base,2026-06-16 04:59:12.846401
EURUSD,2Y,2023-02-07,EUR,USD,2.4972408966526087,4.47,-197.2759103347391,ok,-0.11129936042013355,-26.99364730417804,-25.10731398043191,-0.589709608162481,1.118334244726487,-85.37768537768441,confirmed,short_base,2026-06-16 04:59:12.846401
EURUSD,2Y,2023-02-08,EUR,USD,2.5893589029066173,4.45,-186.06410970933828,ok,11.211800625400826,-29.37332078231489,-13.71620837868818,-0.7131372797100937,1.493114664746711,-105.54601362956495,confirmed,short_base,2026-06-16 04:59:12.846401
EURUSD,2Y,2023-02-09,EUR,USD,2.5508368316472145,4.48,-192.9163168352786,ok,-6.852207125940311,-25.071873624172838,-21.984866757480773,-0.8914627274423588,1.2790394686582875,-46.62026266764152,confirmed,short_base,2026-06-16 04:59:12.846401
EURUSD,2Y,2023-02-10,EUR,USD,2.6244977897457047,4.5,-187.55022102542952,ok,5.366095809849071,0.9669957834878176,-19.084928029540947,-0.9211303912481718,1.4665230863711105,-112.80702404327103,divergent,neutral,2026-06-16 04:59:12.846401
EURUSD,2Y,2023-02-13,EUR,USD,2.675666502704129,4.52,-184.43334972958704,ok,3.1168712958424862,12.73126124473194,-4.21772927682369,-1.0631036685233632,1.5803834945644728,-114.32624897511734,divergent,neutral,2026-06-16 04:59:12.846401
EURUSD,2Y,2023-02-14,EUR,USD,2.7505892299672565,4.6,-184.9410770032743,ok,-0.5077272736872658,12.334833331464807,-8.74621110805495,-1.1425021442481726,1.5702007088863257,-119.01365021216415,divergent,neutral,2026-06-16 04:59:12.846401
EURUSD,2Y,2023-02-15,EUR,USD,2.7467068493087465,4.62,-187.32931506912536,ok,-2.3882380658510556,-1.2652053597870747,-9.745586179100087,-1.2647955251804912,1.4947451696053091,-165.4846335697391,confirmed,neutral,2026-06-16 04:59:12.846401
EURUSD,2Y,2023-02-16,EUR,USD,2.7819962242555727,4.62,-183.80037757444273,ok,3.528937494682623,9.115939260835859,-12.12956334691549,-1.2286586860604523,1.6063736706925242,-206.06628281770844,divergent,neutral,2026-06-16 04:59:12.846401
EURUSD,2Y,2023-02-17,EUR,USD,2.753165841778893,4.6,-184.68341582211067,ok,-0.8830382476679404,2.8668052033188474,-14.866766372335462,-1.1576204482028718,1.5751427611940567,-208.50502719630737,divergent,neutral,2026-06-16 04:59:12.846401
EURUSD,2Y,2023-02-21,EUR,USD,2.8502222654765177,4.67,-181.97777345234823,ok,2.705642369762444,2.455576277238805,-6.072685031380189,-1.121707383747467,1.6577080923439977,-202.8201661193729,divergent,neutral,2026-06-16 04:59:12.846401
EURUSD,2Y,2023-02-22,EUR,USD,2.8201186090686052,4.66,-183.9881390931395,ok,-2.010365640791264,0.952937910134807,-18.87922937332391,-0.9349159917642943,1.5846846388235933,-225.43986580521369,divergent,neutral,2026-06-16 04:59:12.846401
EURUSD,2Y,2023-02-23,EUR,USD,2.812225332855386,4.66,-184.7774667144614,ok,-0.7893276213219167,2.551848354663946,-12.147281635825067,-0.8497678694004496,1.5540975509624462,-242.52803712502046,divergent,neutral,2026-06-16 04:59:12.846401
EURUSD,2Y,2023-02-24,EUR,USD,2.9392259172414485,4.78,-184.07740827585516,ok,0.7000584386062485,-0.27703070141242847,-10.083934565823938,-0.7578779332427109,1.5727632228570374,-424.4306418219457,confirmed,neutral,2026-06-16 04:59:12.846401
EURUSD,2Y,2023-02-27,EUR,USD,2.955940428720977,4.78,-182.40595712790233,ok,1.671451147952837,2.277458694208349,-10.511525535530978,-0.5938035418867689,1.6218252097117098,-170.01917927526478,divergent,neutral,2026-06-16 04:59:12.846401
EURUSD,2Y,2023-02-28,EUR,USD,3.0819028976254854,4.81,-172.8097102374514,ok,9.596246890450914,9.168063214896819,-2.160750734208591,-0.2571677551463755,1.9263605767246166,-196.9580409858096,divergent,neutral,2026-06-16 04:59:12.846401
EURUSD,2Y,2023-03-01,EUR,USD,3.107496639510386,4.89,-178.2503360489614,ok,-5.440625811509989,5.737803044178094,-7.968073018400332,0.010783999245179459,1.7380859217920848,-56.38975104623856,divergent,neutral,2026-06-16 04:59:12.846401
EURUSD,2Y,2023-03-02,EUR,USD,3.092462369186412,4.89,-179.75376308135878,ok,-1.5034270323973828,5.0237036331026275,-23.062974154335393,0.4838425119792482,1.6798174408809443,-122.83203325225256,divergent,neutral,2026-06-16 04:59:12.846401
EURUSD,2Y,2023-03-03,EUR,USD,3.1235908566897423,4.86,-173.64091433102578,ok,6.112848750333001,10.43649394482938,-5.796471119920028,0.9027982687729219,1.8671884536266519,-75.96755979878856,divergent,neutral,2026-06-16 04:59:12.846401
EURUSD,2Y,2023-03-06,EUR,USD,3.21255737471705,4.89,-167.74426252829494,ok,5.896651802730844,14.661694599607387,20.7729542806224,1.0882961916851448,2.0427999076493992,9.367330498155635,confirmed,long_base,2026-06-16 04:59:12.846401
EURUSD,2Y,2023-03-07,EUR,USD,3.165240311941172,5.0,-183.47596880588281,ok,-15.731706277587875,-10.666258568431402,13.68864216843616,0.8812801256433547,1.5278090345317008,-120.81932359910397,confirmed,neutral,2026-06-16 04:59:12.846401
EURUSD,2Y,2023-03-08,EUR,USD,3.1939231086350777,5.05,-185.6076891364922,ok,-2.1317203306093973,-7.357353087530811,11.668221198246897,0.6214691293855673,1.4502071419969065,-169.6052484437316,confirmed,neutral,2026-06-16 04:59:12.846401
EURUSD,2Y,2023-03-09,EUR,USD,3.1669737211522246,4.9,-173.30262788477756,ok,12.305061251714648,6.45113519658122,12.761481824560718,0.6969269560747706,1.8298546338558845,-139.17093619003174,divergent,neutral,2026-06-16 04:59:12.846401
EURUSD,2Y,2023-03-10,EUR,USD,2.9391974219533576,4.6,-166.0802578046642,ok,7.222370080113365,7.5606565263615835,26.836059030614393,0.7481785558679525,2.0365940510762126,-49.10580664471698,divergent,neutral,2026-06-16 04:59:12.846401
EURUSD,2Y,2023-03-13,EUR,USD,2.582924545124204,4.03,-144.7075454875796,ok,21.37271231708459,23.03671704071533,42.842675537849914,1.149127469924448,2.6654306537194974,27.962479776297844,confirmed,long_base,2026-06-16 04:59:12.846401
EURUSD,2Y,2023-03-14,EUR,USD,2.850468326166118,4.2,-134.95316738338823,ok,9.754378104191375,48.52280142249458,49.4801823461988,1.6742133239182568,2.9088481455175685,40.154252232351695,confirmed,long_base,2026-06-16 04:59:12.846401
EURUSD,2Y,2023-03-15,EUR,USD,2.4157954055747446,3.93,-151.42045944252556,ok,-16.46729205913732,34.18722969396666,33.52061756074875,1.8816291128267735,2.3682055295770206,-94.26985330599824,divergent,neutral,2026-06-16 04:59:12.846401
EURUSD,2Y,2023-03-16,EUR,USD,2.4729174732066603,4.14,-166.70825267933392,ok,-15.287793236808369,6.59437520544364,20.621062389791433,1.7825318897024092,1.8849756674797518,-35.3950728556407,divergent,neutral,2026-06-16 04:59:12.846401
EURUSD,2Y,2023-03-17,EUR,USD,2.369973346543386,3.81,-144.00266534566143,ok,22.705587333672497,22.077592459002773,39.79771222878131,2.032511149246112,2.528609952949166,56.0097309835661,confirmed,long_base,2026-06-16 04:59:12.846401
EURUSD,2Y,2023-03-20,EUR,USD,2.2723030397636004,3.92,-164.76969602363997,ok,-20.76703067797854,-20.062150536060358,19.91371979847071,1.9120296489851758,1.8896169282621949,164.5329540066376,divergent,neutral,2026-06-16 04:59:12.846401
EURUSD,2Y,2023-03-21,EUR,USD,2.455111966123495,4.17,-171.48880338765048,ok,-6.719107364010512,-36.535636004262244,10.488970064697753,1.708336126357216,1.6748697730778637,207.89705589720597,divergent,neutral,2026-06-16 04:59:12.846401
EURUSD,2Y,2023-03-22,EUR,USD,2.637997598353074,3.96,-132.2002401646926,ok,39.28856322295789,19.220219277832967,51.78789892844691,2.0183922899324114,2.77419112260734,244.50016023526365,confirmed,long_base,2026-06-16 04:59:12.846401
EURUSD,2Y,2023-03-23,EUR,USD,2.4841834609511033,3.76,-127.58165390488965,ok,4.618586259802939,39.126598774444275,57.19581280957176,2.304088649771959,2.8486527390496796,243.84017548172432,confirmed,long_base,2026-06-16 04:59:12.846401
EURUSD,2Y,2023-03-24,EUR,USD,2.3040471855891553,3.76,-145.59528144108444,ok,-18.01362753619479,-1.5926160954230113,38.482126834770725,2.257492286606921,2.301128787537306,82.67406546436318,divergent,neutral,2026-06-16 04:59:12.846401
EURUSD,2Y,2023-03-27,EUR,USD,2.4779187277228067,3.94,-146.20812722771933,ok,-0.6128457866348924,18.561568795920635,36.197829900182995,2.1706644576459415,2.2510968600371015,162.22011153220305,confirmed,long_base,2026-06-16 04:59:12.846401
EURUSD,2Y,2023-03-28,EUR,USD,2.485753086842742,4.02,-153.42469131572574,ok,-7.2165640880064075,18.06411207192474,19.385018921725674,2.077829716825552,2.023885714539242,200.8394978071415,confirmed,long_base,2026-06-16 04:59:12.846401
EURUSD,2Y,2023-03-29,EUR,USD,2.54143094329267,4.08,-153.85690567073303,ok,-0.43221435500728944,-21.65666550604044,24.393430378228373,1.8637654627492948,1.9871264842118603,147.0230407846218,divergent,neutral,2026-06-16 04:59:12.846401
EURUSD,2Y,2023-03-30,EUR,USD,2.665786479413865,4.1,-143.42135205861348,ok,10.435553612119548,-15.83969815372383,36.332411022745305,1.7383603742320375,2.2413933116811,337.5015405618087,divergent,neutral,2026-06-16 04:59:12.846401
EURUSD,2Y,2023-03-31,EUR,USD,2.6178698624258403,4.06,-144.21301375741592,ok,-0.791661698802443,1.3822676836685162,29.42790057360986,1.6435292928082124,2.1891836316185445,274.7231912634618,confirmed,neutral,2026-06-16 04:59:12.846401
EURUSD,2Y,2023-04-03,EUR,USD,2.6273474139960062,3.97,-134.2652586003994,ok,9.94775515701653,11.942868627319939,33.47900392789555,1.7396615457403513,2.4187900477708997,251.81648133700384,confirmed,long_base,2026-06-16 04:59:12.846401
EURUSD,2Y,2023-04-04,EUR,USD,2.6356119444608193,3.84,-120.43880555391806,ok,13.826453046481333,32.98588576180768,63.037163251964756,1.7345748273928008,2.7346370713348267,258.87089223855406,confirmed,long_base,2026-06-16 04:59:12.846401
EURUSD,2Y,2023-04-05,EUR,USD,2.501501831047471,3.79,-128.8498168952529,ok,-8.411011341334842,25.007088775480128,56.75787224123931,1.4808793354120995,2.472171354594781,167.95986123027572,confirmed,long_base,2026-06-16 04:59:12.846401
EURUSD,2Y,2023-04-06,EUR,USD,2.4693855880900273,3.82,-135.06144119099724,ok,-6.211624295744343,8.359910867616236,38.24118669378032,1.247386610487329,2.2768633227881487,179.64518444628652,confirmed,neutral,2026-06-16 04:59:12.846401
EURUSD,2Y,2023-04-11,EUR,USD,2.621938679621374,4.03,-140.80613203786262,ok,-5.744690846865382,3.406881719553297,25.274125766801575,0.9883587518816367,2.1012185594499555,220.87187745777337,confirmed,neutral,2026-06-16 04:59:12.846401
EURUSD,2Y,2023-04-12,EUR,USD,2.6898515579233964,3.95,-126.01484420766039,ok,14.791287830202236,8.250414392739003,18.69270127991922,1.2400926796661844,2.439526788621973,259.644539814341,confirmed,neutral,2026-06-16 04:59:12.846401
EURUSD,2Y,2023-04-13,EUR,USD,2.6758730124022394,3.96,-128.41269875977605,ok,-2.3978545521156605,-7.9738932058579906,6.540468623612185,1.5834787135695128,2.343891806805469,258.89517019874296,divergent,neutral,2026-06-16 04:59:12.846401
EURUSD,2Y,2023-04-14,EUR,USD,2.7721003136868423,4.08,-130.7899686313158,ok,-2.3772698715397382,-1.9401517360628873,20.630490811209768,1.6230585835267113,2.2520534819036557,113.53599293390192,divergent,neutral,2026-06-16 04:59:12.846401
EURUSD,2Y,2023-04-17,EUR,USD,2.7942991253006495,4.18,-138.57008746993503,ok,-7.780118838619245,-3.508646278937789,28.138165209398892,1.2790843951913011,2.033191704070356,155.99724820110515,divergent,neutral,2026-06-16 04:59:12.846401
EURUSD,2Y,2023-04-18,EUR,USD,2.8027190806913023,4.19,-138.72809193086982,ok,-0.1580044609347908,2.078040106992802,5.274573414791604,1.2490492435706042,2.004375845378682,182.97209026128192,confirmed,neutral,2026-06-16 04:59:12.846401
EURUSD,2Y,2023-04-19,EUR,USD,2.876840210382918,4.24,-136.31597896170825,ok,2.4121129691615693,-10.301134754047865,28.453717061931712,0.9176406749175279,2.0371511628882017,134.55238659288105,divergent,neutral,2026-06-16 04:59:12.846401
EURUSD,2Y,2023-04-20,EUR,USD,2.8369815110996783,4.14,-130.30184889003215,ok,6.014130071676107,-1.8891501302560982,41.18695449761833,0.5232695367860725,2.1533570049281936,118.8323430638083,divergent,neutral,2026-06-16 04:59:12.846401
EURUSD,2Y,2023-04-21,EUR,USD,2.8448744048913435,4.17,-132.51255951086566,ok,-2.2107106208335097,-1.7225908795498697,-0.31231934617306933,0.6557272835351056,2.073041588357792,133.64076550611114,divergent,neutral,2026-06-16 04:59:12.846401
EURUSD,2Y,2023-04-24,EUR,USD,2.873230652667898,4.12,-124.67693473321022,ok,7.83562477765544,13.893152736724815,2.9047191716794316,0.9735172264673451,2.227855447036104,201.50203900872742,confirmed,long_base,2026-06-16 04:59:12.846401
EURUSD,2Y,2023-04-25,EUR,USD,2.765111287626422,3.86,-109.4888712373578,ok,15.188063495852418,29.239220693512024,36.10641020372664,1.219485808360289,2.543615126018888,162.55797376484747,confirmed,long_base,2026-06-16 04:59:12.846401
EURUSD,2Y,2023-04-26,EUR,USD,2.6950072587995644,3.9,-120.49927412004355,ok,-11.010402882685753,15.816704841664702,25.70885310767578,1.2441910543902168,2.2544369522656633,126.89564117140063,confirmed,long_base,2026-06-16 04:59:12.846401
EURUSD,2Y,2023-04-27,EUR,USD,2.7512450355515217,4.07,-131.87549644484787,ok,-11.376222324804317,-1.5736475548157216,21.54919487087787,0.953773160394001,1.9673879944462072,67.5336527492587,divergent,neutral,2026-06-16 04:59:12.846401
EURUSD,2Y,2023-04-28,EUR,USD,2.6848043965691053,4.04,-135.51956034308947,ok,-3.6440638982415976,-3.0070008322238095,18.33734532764356,0.5720679692071852,1.862148304175509,102.26636949802304,divergent,neutral,2026-06-16 04:59:12.846401
EURUSD,2Y,2023-05-02,EUR,USD,2.6927415498791043,3.97,-127.7258450120896,ok,7.7937153309998735,-3.048910278879376,15.695507046523886,0.4388985122220441,2.0151922322256293,89.61870813440909,divergent,neutral,2026-06-16 04:59:12.846401
EURUSD,2Y,2023-05-03,EUR,USD,2.563151661274414,3.89,-132.6848338725586,ok,-4.95898886046902,-23.195962635200814,11.528179884857309,0.19878416943478824,1.8805566357026395,183.8306329183803,divergent,neutral,2026-06-16 04:59:12.846401
EURUSD,2Y,2023-05-04,EUR,USD,2.5553335300283497,3.75,-119.46664699716503,ok,13.218186875393585,1.032627122878523,14.798611603234363,0.28723527714385194,2.1498890466747107,97.65213488086566,confirmed,neutral,2026-06-16 04:59:12.846401
EURUSD,2Y,2023-05-05,EUR,USD,2.5031414451536937,3.92,-141.68585548463062,ok,-22.219208487465593,-9.810359039782753,-21.247049930712564,0.2543279859865986,1.6357646570436886,17.641495707843013,divergent,neutral,2026-06-16 04:59:12.846401
EURUSD,2Y,2023-05-08,EUR,USD,2.5678561174972647,4.0,-143.21438825027352,ok,-1.5285327656428933,-7.694827907184049,-14.364571355020615,0.09872952125504074,1.5861214995803745,3.9118647768421333,divergent,neutral,2026-06-16 04:59:12.846401
EURUSD,2Y,2023-05-09,EUR,USD,2.572856405963255,4.01,-143.7143594036745,ok,-0.49997115340099185,-15.988514391584914,-8.652918212677264,-0.14048880769847144,1.5600873676260008,-18.025727629435995,confirmed,short_base,2026-06-16 04:59:12.846401
EURUSD,2Y,2023-05-10,EUR,USD,2.51295480231844,3.9,-138.70451976815602,ok,5.009839635518489,-6.019685895597405,2.1016122697066066,-0.3858317368655064,1.6546521260260594,53.09216066786249,divergent,neutral,2026-06-16 04:59:12.846401
EURUSD,2Y,2023-05-11,EUR,USD,2.46253122937565,3.89,-142.74687706243503,ok,-4.0423572942790145,-23.280230065270004,-16.732032854774644,-0.4585362966313766,1.550503461875546,-57.039763822575026,confirmed,short_base,2026-06-16 04:59:12.846401
EURUSD,2Y,2023-05-12,EUR,USD,2.515572701659631,3.98,-146.4427298340369,ok,-3.6958527716018637,-4.756874349406274,-18.030031074260847,-0.5967386628223003,1.45594375374901,-94.87198217611903,confirmed,neutral,2026-06-16 04:59:12.846401
EURUSD,2Y,2023-05-15,EUR,USD,2.5446029134814303,3.99,-144.53970865185698,ok,1.9030211821799128,-1.3253204015834683,-13.749740020541196,-0.7181780235187812,1.4838195626429933,-103.66419717130593,confirmed,neutral,2026-06-16 04:59:12.846401
EURUSD,2Y,2023-05-16,EUR,USD,2.561432719568333,4.06,-149.85672804316667,ok,-5.317019391309685,-6.142368639492162,-11.286640573231637,-1.0177424849707615,1.3559510674477313,-114.90592816332357,confirmed,neutral,2026-06-16 04:59:12.846401
EURUSD,2Y,2023-05-17,EUR,USD,2.6000707891195223,4.12,-151.99292108804778,ok,-2.136193044881111,-13.288401319891761,-13.264829157177957,-1.333346405359511,1.2983668599552378,-198.24545536763938,confirmed,short_base,2026-06-16 04:59:12.846401
EURUSD,2Y,2023-05-18,EUR,USD,2.67928689239477,4.24,-156.07131076052303,ok,-4.078389672475254,-13.324433698088,-19.75533179881478,-1.6491799295905774,1.1999179862040297,-184.91696954791027,confirmed,short_base,2026-06-16 04:59:12.846401
EURUSD,2Y,2023-05-19,EUR,USD,2.7471737737,4.28,-153.28262263000002,ok,2.7886881305230133,-6.839892795963124,-22.980773739967873,-1.8005078375940051,1.2499556651061434,-220.09959257582645,confirmed,neutral,2026-06-16 04:59:12.846401
EURUSD,2Y,2023-05-22,EUR,USD,2.7279288532,4.29,-156.20711468000002,ok,-2.924492049999998,-11.667406028143034,-23.69455516913436,-1.9939626061294338,1.1769783908805322,-185.2120859965134,confirmed,short_base,2026-06-16 04:59:12.846401
EURUSD,2Y,2023-05-23,EUR,USD,2.7872740983,4.26,-147.27259016999997,ok,8.934524510000045,2.5841378731666964,-22.595655436789755,-1.9004300089813788,1.3583439600776137,-219.2452658825672,divergent,neutral,2026-06-16 04:59:12.846401
EURUSD,2Y,2023-05-24,EUR,USD,2.7467516756,4.31,-156.32483243999994,ok,-9.052242269999965,-4.331911351952158,-46.83596120264214,-1.662425200437473,1.1536206081256064,-194.37125639319208,confirmed,neutral,2026-06-16 04:59:12.846401
EURUSD,2Y,2023-05-25,EUR,USD,2.8093492376,4.5,-169.06507623999997,ok,-12.74024380000003,-12.993765479476934,-48.565802119956416,-1.7098423244733578,0.8724969025404633,-260.9280063937802,confirmed,short_base,2026-06-16 04:59:12.846401
EURUSD,2Y,2023-05-26,EUR,USD,2.8494210987,4.54,-169.05789012999998,ok,0.007186109999992141,-15.775267499999956,-37.18239368515211,-1.863750071434786,0.8660382961605021,-312.41812350363494,confirmed,short_base,2026-06-16 04:59:12.846401
EURUSD,2Y,2023-05-30,EUR,USD,2.7775186808,4.46,-168.24813192,ok,0.809758209999984,-12.041017239999974,-32.728571576910525,-2.007714321029882,0.8767696787198738,-260.02668336646104,confirmed,short_base,2026-06-16 04:59:12.846401
EURUSD,2Y,2023-05-31,EUR,USD,2.6441031237,4.4,-175.58968763000004,ok,-7.341555710000051,-28.31709746000007,-47.86384261791045,-2.0842833776814986,0.7131908493768869,-275.7240940299199,confirmed,short_base,2026-06-16 04:59:12.846401
EURUSD,2Y,2023-06-01,EUR,USD,2.621862071,4.33,-170.81379290000004,ok,4.7758947300000045,-14.4889604600001,-38.128959027441425,-2.0989494876895267,0.8103944392539849,-186.14619909708475,confirmed,short_base,2026-06-16 04:59:12.846401
EURUSD,2Y,2023-06-02,EUR,USD,2.7101764811,4.5,-178.98235189,ok,-8.168558989999951,-9.917275650000022,-59.51570489283496,-1.9642643032403064,0.6303552448853679,-251.4022435897445,confirmed,neutral,2026-06-16 04:59:12.846401
EURUSD,2Y,2023-06-05,EUR,USD,2.8103150572,4.46,-164.96849428,ok,14.013857610000002,4.089395849999988,-23.282638795369365,-1.890713460040035,0.9244630802395375,-125.74094047586249,divergent,neutral,2026-06-16 04:59:12.846401
EURUSD,2Y,2023-06-06,EUR,USD,2.7772506474,4.51,-173.27493526,ok,-8.30644098000002,-5.026803340000015,-30.06054700972649,-1.924949300379434,0.7409909797580497,-142.1766012144443,confirmed,neutral,2026-06-16 04:59:12.846401
EURUSD,2Y,2023-06-07,EUR,USD,2.814904492,4.56,-174.50955079999994,ok,-1.2346155399999361,1.0801368300001002,-30.795191396325436,-1.93951295685565,0.7102375480136972,-153.2165356141091,divergent,neutral,2026-06-16 04:59:12.846401
EURUSD,2Y,2023-06-08,EUR,USD,2.8156737674,4.52,-170.43262325999996,ok,4.076927539999986,0.38116964000008124,-31.72810349184394,-1.77042350175402,0.7916784794999822,-76.85015600121581,divergent,neutral,2026-06-16 04:59:12.846401
EURUSD,2Y,2023-06-09,EUR,USD,2.851706748,4.59,-173.8293252,ok,-3.3967019400000424,5.15302668999999,-31.082448137564967,-1.6659736203788362,0.7145517701899275,-85.07261621362284,divergent,neutral,2026-06-16 04:59:12.846401
EURUSD,2Y,2023-06-12,EUR,USD,2.8282479493,4.55,-172.17520506999998,ok,1.654120130000024,-7.206710789999988,-25.73247523596308,-1.5495084979950107,0.7454027959151025,-36.75279349003468,confirmed,neutral,2026-06-16 04:59:12.846401
EURUSD,2Y,2023-06-13,EUR,USD,2.879761289,4.67,-179.02387109999998,ok,-6.848666030000004,-5.748935839999973,-34.484162448142996,-1.4621383073948666,0.595330448308568,-29.847160361491376,confirmed,neutral,2026-06-16 04:59:12.846401
EURUSD,2Y,2023-06-14,EUR,USD,2.9274793648,4.74,-181.25206352000004,ok,-2.228192420000056,-6.742512720000093,-31.395335476833367,-1.4386964914572928,0.5440475146027327,29.87863538814528,divergent,neutral,2026-06-16 04:59:12.846401
EURUSD,2Y,2023-06-15,EUR,USD,2.9810342345,4.62,-163.89657655000002,ok,17.355486970000015,6.536046709999937,-11.90365546195224,-1.1538374804511744,0.9084836840980851,163.80198902415043,confirmed,neutral,2026-06-16 04:59:12.846401
EURUSD,2Y,2023-06-16,EUR,USD,3.0461809705,4.7,-165.38190295,ok,-1.485326399999991,8.447422249999988,-9.310592189476978,-0.9366928106466227,0.8719354428114855,169.30872576821133,confirmed,neutral,2026-06-16 04:59:12.846401
EURUSD,2Y,2023-06-20,EUR,USD,3.0586385717,4.68,-162.13614282999998,ok,3.2457601200000283,10.039062239999993,-8.853520199999963,-0.6151473307669204,0.9347130095936095,185.05045982800672,confirmed,neutral,2026-06-16 04:59:12.846401
EURUSD,2Y,2023-06-21,EUR,USD,3.0874790329,4.68,-159.25209670999996,ok,2.884046120000022,19.77177439000002,-3.044982029999943,-0.2852638180827103,0.9884040234171678,266.00166251039116,confirmed,neutral,2026-06-16 04:59:12.846401
EURUSD,2Y,2023-06-22,EUR,USD,3.1331520191,4.77,-163.68479808999993,ok,-4.432701379999969,17.567265430000106,-16.412207919999958,0.1269457491503786,0.8876750071211942,208.54299452085502,confirmed,long_base,2026-06-16 04:59:12.846401
EURUSD,2Y,2023-06-23,EUR,USD,3.0262011384,4.71,-168.37988616,ok,-4.695088070000082,-4.483309609999992,-12.055053720000075,0.35383250047368264,0.7834629317582219,184.41453994557432,divergent,neutral,2026-06-16 04:59:12.846401
EURUSD,2Y,2023-06-26,EUR,USD,3.0240954207,4.65,-162.59045793,ok,5.789428229999999,2.7914450199999976,6.474618309999954,0.48039152548872566,0.90152064885831,190.1684055182451,confirmed,neutral,2026-06-16 04:59:12.846401
EURUSD,2Y,2023-06-27,EUR,USD,3.0181871169,4.74,-172.18128831,ok,-9.59083038,-10.04514548000003,-3.123398180000038,0.46031588469172613,0.6950051854054107,243.81351257864782,divergent,neutral,2026-06-16 04:59:12.846401
EURUSD,2Y,2023-06-28,EUR,USD,3.0438746421,4.71,-166.61253578999998,ok,5.568752520000032,-7.36043908000002,1.6355961300000104,0.5372763466390997,0.807720500880879,190.2663542240446,divergent,neutral,2026-06-16 04:59:12.846401
EURUSD,2Y,2023-06-29,EUR,USD,3.0941406989,4.87,-177.58593011000002,ok,-10.97339432000004,-13.901132020000091,-1.996242479999978,0.3390951888496249,0.5733598427824916,157.87407462798166,divergent,neutral,2026-06-16 04:59:12.846401
EURUSD,2Y,2023-06-30,EUR,USD,3.1194082381,4.87,-175.05917619,ok,2.526753920000033,-6.679290029999976,-4.24538328999995,0.25542124818045187,0.6223293348888507,189.22377158654857,divergent,neutral,2026-06-16 04:59:12.846401
EURUSD,2Y,2023-07-03,EUR,USD,3.1278154899,4.94,-181.21845101000002,ok,-6.159274820000036,-18.62799308000001,-2.236099120000034,-0.038835544962405634,0.48919094197022345,155.5985705777263,divergent,neutral,2026-06-16 04:59:12.846401
EURUSD,2Y,2023-07-05,EUR,USD,3.1022951761,4.94,-183.77048239,ok,-2.5520313799999883,-11.589194079999999,-18.801988110000025,-0.1449159382330859,0.43212950038367776,86.32064076118384,divergent,neutral,2026-06-16 04:59:12.846401
EURUSD,2Y,2023-07-06,EUR,USD,3.2281563247,4.99,-176.18436753000003,ok,7.586114859999981,-9.57183174000005,-2.909432270000025,-0.24550392700752277,0.5881127727235285,92.77538347467251,divergent,neutral,2026-06-16 04:59:12.846401
EURUSD,2Y,2023-07-07,EUR,USD,3.1791189338,4.94,-176.08810662000005,ok,0.09626090999998382,1.4978234899999734,-1.5785558200001049,-0.3598356033834609,0.5864726752362376,112.42587178470265,confirmed,neutral,2026-06-16 04:59:12.846401
EURUSD,2Y,2023-07-10,EUR,USD,3.1796892627,4.85,-167.03107372999995,ok,9.057032890000102,8.028102460000042,3.401549530000011,-0.2780347873609003,0.7714148256198016,61.805149210063526,confirmed,neutral,2026-06-16 04:59:12.846401
EURUSD,2Y,2023-07-11,EUR,USD,3.2061389059,4.88,-167.38610941,ok,-0.35503568000004293,13.832341600000035,6.443215790000011,-0.2600531575939845,0.7581534388200489,67.55212665795041,confirmed,neutral,2026-06-16 04:59:12.846401
EURUSD,2Y,2023-07-12,EUR,USD,3.1939926581,4.72,-152.60073418999997,ok,14.78537522000002,31.169748200000043,19.574470880000007,-0.014423241864662475,1.0604839159778185,198.65427747516762,confirmed,neutral,2026-06-16 04:59:12.846401
EURUSD,2Y,2023-07-13,EUR,USD,3.0970746443,4.59,-149.29253556999998,ok,3.3081986199999847,26.891831960000047,29.731335529999996,0.14089452754135787,1.1211225178362012,278.0270700928589,confirmed,long_base,2026-06-16 04:59:12.846401
EURUSD,2Y,2023-07-14,EUR,USD,3.0844499382,4.74,-165.55500618000002,ok,-16.262470610000037,10.533100440000027,15.697057340000015,-0.015999472578949486,0.7731021736931281,211.07219214847817,confirmed,neutral,2026-06-16 04:59:12.846401
EURUSD,2Y,2023-07-17,EUR,USD,3.1144875226,4.74,-162.55124774,ok,3.003758440000013,4.479825989999938,1.3453288100000123,0.12044676944361134,0.8294427390627122,318.4426793994755,confirmed,neutral,2026-06-16 04:59:12.846401
EURUSD,2Y,2023-07-18,EUR,USD,2.9994428532,4.74,-174.05571468,ok,-11.504466939999986,-6.669605270000005,-8.673811729999983,0.06706791080451255,0.5810968715010314,295.1532156021353,divergent,neutral,2026-06-16 04:59:12.846401
EURUSD,2Y,2023-07-19,EUR,USD,3.0135869229,4.74,-172.64130771,ok,1.4144069699999875,-20.040573520000038,-10.505164880000024,0.09818703593232704,0.6048797971532063,270.396612251258,divergent,neutral,2026-06-16 04:59:12.846401
EURUSD,2Y,2023-07-20,EUR,USD,3.1096135054,4.8,-169.03864946,ok,3.602658250000019,-19.746113890000004,-9.786552750000027,0.24210751822556786,0.6750834008596942,161.44193474789014,divergent,neutral,2026-06-16 04:59:12.846401
EURUSD,2Y,2023-07-21,EUR,USD,3.0692936148,4.82,-175.07063852000005,ok,-6.031989060000058,-9.515632340000025,-11.385840430000115,0.24458332712030176,0.5407254215968709,191.7527095491578,divergent,neutral,2026-06-16 04:59:12.846401
EURUSD,2Y,2023-07-24,EUR,USD,3.0134729353,4.81,-179.65270646999997,ok,-4.582067949999924,-17.101458729999962,-11.272820309999958,0.1245896174736849,0.4369813038301494,140.70305696869622,divergent,neutral,2026-06-16 04:59:12.846401
EURUSD,2Y,2023-07-25,EUR,USD,3.0261300338,4.85,-182.38699661999996,ok,-2.7342901499999925,-8.331281939999968,-19.79653868999995,0.07389825414286047,0.37260321068156316,130.55237222094672,divergent,neutral,2026-06-16 04:59:12.846401
EURUSD,2Y,2023-07-26,EUR,USD,3.1032051396,4.82,-171.67948604000003,ok,10.707510579999933,0.9618216699999778,0.5018022699999847,0.05450639488722276,0.5970621880156312,151.29022798915148,confirmed,neutral,2026-06-16 04:59:12.846401
EURUSD,2Y,2023-07-27,EUR,USD,3.0132001128,4.91,-189.67998872000004,ok,-18.00050268000001,-20.641339260000052,-23.06745293000006,-0.13486242116541186,0.2022399641232573,87.94016025876594,divergent,neutral,2026-06-16 04:59:12.846401
EURUSD,2Y,2023-07-28,EUR,USD,3.0319643724,4.87,-183.80356276,ok,5.876425960000034,-8.73292423999996,-6.2176326499999846,-0.3788585166315787,0.32470028011937496,145.00096728726763,divergent,neutral,2026-06-16 04:59:12.846401
EURUSD,2Y,2023-07-31,EUR,USD,3.0155475324,4.88,-186.44524676,ok,-2.641683999999998,-6.792540290000034,-11.386070570000015,-0.6113470168947386,0.2618197282860773,29.18483118399262,divergent,neutral,2026-06-16 04:59:12.846401
EURUSD,2Y,2023-08-01,EUR,USD,3.0373738202,4.92,-188.26261798,ok,-1.817371219999984,-5.875621360000025,-7.044166969999964,-0.949927760210528,0.21684983897038276,37.02048892576748,divergent,neutral,2026-06-16 04:59:12.846401
EURUSD,2Y,2023-08-02,EUR,USD,2.9597561893,4.88,-192.02438106999998,ok,-3.761763089999988,-20.344895029999947,-8.253898679999963,-1.3719504762706751,0.128257679001992,-56.064405917203295,confirmed,short_base,2026-06-16 04:59:12.846401
EURUSD,2Y,2023-08-03,EUR,USD,2.9364916411,4.9,-196.35083589000004,ok,-4.326454820000066,-6.670847170000002,-20.16646836000001,-1.7235870510977451,0.027510775251092103,-56.838817462045995,confirmed,neutral,2026-06-16 04:59:12.846401
EURUSD,2Y,2023-08-04,EUR,USD,2.9998271575,4.78,-178.01728425000002,ok,18.333551640000024,5.786278509999988,-1.9291776299999697,-1.7814703199172928,0.4267589664635196,-123.51330730218547,divergent,neutral,2026-06-16 04:59:12.846401
EURUSD,2Y,2023-08-07,EUR,USD,2.9500983445,4.76,-180.99016554999997,ok,-2.9728812999999548,5.455081210000031,-13.959091820000026,-1.735916520127821,0.3550112327816038,-196.81917405443895,divergent,neutral,2026-06-16 04:59:12.846401
EURUSD,2Y,2023-08-08,EUR,USD,2.8769242493,4.74,-186.30757507,ok,-5.317409520000041,1.9550429099999747,-18.921465660000024,-1.7509404244887203,0.23044762950724051,-238.79294220337965,divergent,neutral,2026-06-16 04:59:12.846401
EURUSD,2Y,2023-08-09,EUR,USD,2.9263636467,4.79,-186.36363533,ok,-0.0560602599999811,5.660745739999982,-33.762901140000025,-1.5048585649398434,0.22227416195658192,-231.5502834310723,divergent,neutral,2026-06-16 04:59:12.846401
EURUSD,2Y,2023-08-10,EUR,USD,2.9381063931,4.82,-188.18936069000003,ok,-1.8257253600000354,8.161475200000012,-38.896825120000045,-1.1818525012857173,0.1744107755283691,-219.6275416143434,divergent,neutral,2026-06-16 04:59:12.846401
EURUSD,2Y,2023-08-11,EUR,USD,2.968814151,4.89,-192.11858489999995,ok,-3.9292242099999157,-14.101300649999928,-26.563578719999924,-1.1132625974511268,0.07858837438129769,-233.46928575890823,confirmed,short_base,2026-06-16 04:59:12.846401
EURUSD,2Y,2023-08-14,EUR,USD,3.0002788884,4.96,-195.97211116,ok,-3.853526260000052,-14.981945610000025,-33.42086341999999,-1.0123500727593948,-0.017178673943215903,-194.7970227607787,confirmed,short_base,2026-06-16 04:59:12.846401
EURUSD,2Y,2023-08-15,EUR,USD,3.0593355164,4.92,-186.06644835999998,ok,9.905662800000016,0.2411267100000316,-12.010733679999987,-0.9013206200225591,0.20347192219031174,-198.21471912839561,divergent,neutral,2026-06-16 04:59:12.846401
EURUSD,2Y,2023-08-16,EUR,USD,3.0305812298,4.97,-193.94187701999996,ok,-7.875428659999983,-7.57824168999997,-21.300569309999958,-0.8624032957142872,0.012941651741108194,-170.56856187291137,confirmed,neutral,2026-06-16 04:59:12.846401
EURUSD,2Y,2023-08-17,EUR,USD,3.0497014785,4.94,-189.02985215000007,ok,4.912024869999897,-0.8404914600000382,-19.99120269000008,-0.664399178624059,0.12004359190452472,-158.91546529832823,confirmed,neutral,2026-06-16 04:59:12.846401
EURUSD,2Y,2023-08-18,EUR,USD,2.963525779,4.92,-195.6474221,ok,-6.6175699499999325,-3.528837200000055,-20.576783579999955,-0.6261117486992483,-0.044178508517995346,-189.65688442755368,confirmed,neutral,2026-06-16 04:59:12.846401
EURUSD,2Y,2023-08-21,EUR,USD,3.0394879713,4.97,-193.05120287,ok,2.5962192300000027,2.92090829,-13.398496400000028,-0.5921413822481207,0.009370890010299655,-104.42678774120418,divergent,neutral,2026-06-16 04:59:12.846401
EURUSD,2Y,2023-08-22,EUR,USD,3.0446173245,5.02,-197.53826754999997,ok,-4.487064679999975,-11.47181918999999,-15.15127093000001,-0.6452968272781876,-0.1064958789060993,-160.9245450751995,confirmed,short_base,2026-06-16 04:59:12.846401
EURUSD,2Y,2023-08-23,EUR,USD,2.934804265,4.95,-201.51957350000004,ok,-3.9813059500000634,-7.577696480000071,-29.840087460000007,-0.5634782490075166,-0.21170384927808206,-119.30960478693464,confirmed,neutral,2026-06-16 04:59:12.846401
EURUSD,2Y,2023-08-24,EUR,USD,2.9513054486,4.98,-202.86945514000004,ok,-1.3498816400000067,-13.839602989999975,-13.189466420000002,-0.7402898455639138,-0.2520226197482281,-189.41630706336366,confirmed,short_base,2026-06-16 04:59:12.846401
EURUSD,2Y,2023-08-25,EUR,USD,2.9918215004,5.03,-203.81784996000002,ok,-0.9483948199999759,-8.170427860000018,-20.014287200000012,-0.8180304824060163,-0.2815398083107414,-139.71764060858095,confirmed,neutral,2026-06-16 04:59:12.846401
EURUSD,2Y,2023-08-28,EUR,USD,3.0095787621,4.98,-197.04212379000006,ok,6.775726169999956,-3.9909209200000646,-10.596877030000059,-0.8105891586240641,-0.12061731647367593,-161.23022112352282,confirmed,neutral,2026-06-16 04:59:12.846401
EURUSD,2Y,2023-08-29,EUR,USD,3.0461419089,4.87,-182.38580911,ok,14.656314680000065,15.152458439999975,5.876808869999991,-0.606532092466167,0.23583302313007473,-121.1553842797941,divergent,neutral,2026-06-16 04:59:12.846401
EURUSD,2Y,2023-08-30,EUR,USD,3.0078964075,4.9,-189.21035925000004,ok,-6.824550140000042,12.309214249999997,2.8140218199999367,-0.5682021656240657,0.06098619187799111,-66.52972933670176,divergent,neutral,2026-06-16 04:59:12.846401
EURUSD,2Y,2023-08-31,EUR,USD,2.9548772685,4.85,-189.51227314999994,ok,-0.3019138999999029,13.3571819900001,6.8385627400001,-0.6067293507819537,0.04753842048764939,-106.57712241769369,divergent,neutral,2026-06-16 04:59:12.846401
EURUSD,2Y,2023-09-01,EUR,USD,2.9158876556,4.87,-195.41123444,ok,-5.898961290000045,8.406615520000031,-17.39395018999997,-0.4503338333458621,-0.10687128359563501,-187.11681591677242,divergent,neutral,2026-06-16 04:59:12.846401
EURUSD,2Y,2023-09-05,EUR,USD,2.9756205578,4.94,-196.43794422000002,ok,-1.0267097800000329,0.6041795700000421,-15.447778670000048,-0.32938951345864836,-0.13851140614424398,-199.94151619270318,divergent,neutral,2026-06-16 04:59:12.846401
EURUSD,2Y,2023-09-06,EUR,USD,3.0172667986,5.01,-199.27332013999995,ok,-2.835375919999933,-16.887511029999956,-12.96574506999994,-0.3096799191804535,-0.2155483071724347,-168.596496053246,confirmed,short_base,2026-06-16 04:59:12.846401
EURUSD,2Y,2023-09-07,EUR,USD,3.0539134053,4.94,-188.60865947000005,ok,10.664660669999904,0.6016997799999899,-2.245024140000055,-0.1190058306090265,0.049276818167577674,-189.38351767273653,divergent,neutral,2026-06-16 04:59:12.846401
EURUSD,2Y,2023-09-08,EUR,USD,3.0298050404,4.98,-195.01949596000006,ok,-6.410836490000008,-5.5072228100001155,-6.830135270000028,-0.04536638684210911,-0.11860431844640194,-162.67713783875703,confirmed,neutral,2026-06-16 04:59:12.846401
EURUSD,2Y,2023-09-11,EUR,USD,3.0247079348,4.97,-194.52920651999997,ok,0.49028944000008323,0.882027920000013,-2.410621620000029,-0.016492310375942138,-0.1114946495223148,-110.60196175859072,divergent,neutral,2026-06-16 04:59:12.846401
EURUSD,2Y,2023-09-12,EUR,USD,3.0456917307,4.98,-193.43082693000002,ok,1.0983795899999507,3.0071172899999965,2.541284229999974,-0.02914725346616628,-0.08860945111062132,-112.00102989452843,divergent,neutral,2026-06-16 04:59:12.846401
EURUSD,2Y,2023-09-13,EUR,USD,3.0857729928,4.96,-187.42270072,ok,6.008126210000029,11.850619419999958,-1.3562523600000134,0.19661189993233238,0.05985567813531558,-151.2273457214963,divergent,neutral,2026-06-16 04:59:12.846401
EURUSD,2Y,2023-09-14,EUR,USD,3.0858386268,5.0,-191.41613732,ok,-3.9934365999999955,-2.807477849999941,2.525739699999974,0.2430125626992497,-0.050357524493812866,-194.90337807936407,confirmed,neutral,2026-06-16 04:59:12.846401
EURUSD,2Y,2023-09-15,EUR,USD,3.1408985551,5.02,-187.91014448999994,ok,3.5059928300000536,7.109351470000121,1.119707660000131,0.4132590199323321,0.03484808589334708,-191.24928672667352,divergent,neutral,2026-06-16 04:59:12.846401
EURUSD,2Y,2023-09-18,EUR,USD,3.1933303353,5.05,-185.66696646999995,ok,2.243178019999988,8.862240050000025,9.980455630000051,0.5093791599548878,0.08843061124623089,-91.46850036142351,divergent,neutral,2026-06-16 04:59:12.846401
EURUSD,2Y,2023-09-19,EUR,USD,3.2157679102,5.08,-186.42320898000003,ok,-0.756242510000078,7.007617949999997,6.627993889999971,0.6206805668045136,0.06349264404433251,-106.97614107883724,divergent,neutral,2026-06-16 04:59:12.846401
EURUSD,2Y,2023-09-20,EUR,USD,3.1974932651,5.12,-192.25067349000003,ok,-5.827464509999999,-4.827972770000031,5.287594059999947,0.5679171828646619,-0.09572332574326009,-162.30197219527787,confirmed,neutral,2026-06-16 04:59:12.846401
EURUSD,2Y,2023-09-21,EUR,USD,3.2096075111,5.12,-191.03924888999998,ok,1.2114246000000435,0.37688843000000816,10.480324610000054,0.46164586984962813,-0.07001480700863842,-192.10422206070388,divergent,neutral,2026-06-16 04:59:12.846401
EURUSD,2Y,2023-09-22,EUR,USD,3.1857524853,5.1,-191.42475146999996,ok,-0.3855025799999794,-3.514606980000025,11.44470367000008,0.31279356985714224,-0.08680527115752741,-263.05195161674067,confirmed,neutral,2026-06-16 04:59:12.846401
EURUSD,2Y,2023-09-25,EUR,USD,3.1999134289,5.09,-189.00865711,ok,2.41609435999996,-3.341690640000053,14.809192850000017,0.16627216781954812,-0.027848402769424765,-167.56872174308546,confirmed,neutral,2026-06-16 04:59:12.846401
EURUSD,2Y,2023-09-26,EUR,USD,3.1883778339,5.04,-185.16221660999997,ok,3.8464405000000284,1.2609923700000536,11.879907180000089,0.1594156029022554,0.06871838705034831,-191.63666060358685,divergent,neutral,2026-06-16 04:59:12.846401
EURUSD,2Y,2023-09-27,EUR,USD,3.1735727157,5.1,-192.64272842999995,ok,-7.480511819999975,-0.39205493999992314,-10.256919319999952,0.2592455562857153,-0.1375284179557788,-265.1209770833918,confirmed,neutral,2026-06-16 04:59:12.846401
EURUSD,2Y,2023-09-28,EUR,USD,3.2565522841,5.04,-178.34477159,ok,14.297956839999955,12.694477299999988,10.865587660000045,0.47099991993985363,0.24284692905614005,-151.33713774197145,divergent,neutral,2026-06-16 04:59:12.846401
EURUSD,2Y,2023-09-29,EUR,USD,3.1572218833,5.03,-187.27781167,ok,-8.933040080000012,4.146939799999956,2.2344614799999363,0.5340331341654129,-0.004551335608955363,-143.97881348029773,divergent,neutral,2026-06-16 04:59:12.846401
EURUSD,2Y,2023-10-02,EUR,USD,3.1711296866,5.12,-194.88703134,ok,-7.6092196699999874,-5.8783742299999915,0.524203099999994,0.39186162374436384,-0.21705402428183873,-203.4139136612634,confirmed,neutral,2026-06-16 04:59:12.846401
EURUSD,2Y,2023-10-03,EUR,USD,3.1649616523,5.15,-198.50383477000003,ok,-3.616803430000033,-13.341618160000053,-2.065890550000006,0.18102201050375716,-0.3215982738157588,-231.0520520333714,confirmed,neutral,2026-06-16 04:59:12.846401
EURUSD,2Y,2023-10-04,EUR,USD,3.1955840764,5.05,-185.44159236,ok,13.062242410000039,7.201136069999961,13.831727779999966,0.11512336912030294,0.03053299769294732,-223.9569764412519,divergent,neutral,2026-06-16 04:59:12.846401
EURUSD,2Y,2023-10-05,EUR,USD,3.1187784649,5.03,-191.12215351,ok,-5.680561150000017,-12.77738192000001,-2.513494039999955,0.11566364251880117,-0.13039494471364443,-192.40963071114447,confirmed,neutral,2026-06-16 04:59:12.846401
EURUSD,2Y,2023-10-06,EUR,USD,3.1028853198,5.08,-197.71146802,ok,-6.589314510000008,-10.433656350000007,-2.691972059999955,-0.07537319227819377,-0.3177019390430272,-139.66662629161243,confirmed,short_base,2026-06-16 04:59:12.846401
EURUSD,2Y,2023-10-10,EUR,USD,3.0514113255,4.96,-190.85886745,ok,6.852600570000021,4.028163890000002,3.670339069999983,-0.15672624272180619,-0.13590164718430692,-59.711845817826955,divergent,neutral,2026-06-16 04:59:12.846401
EURUSD,2Y,2023-10-11,EUR,USD,3.0614074113,4.99,-192.85925887000005,ok,-2.0003914200000565,5.644575899999978,0.5715680599999757,-0.25483278469172777,-0.19959735762696934,-64.06719105117031,divergent,neutral,2026-06-16 04:59:12.846401
EURUSD,2Y,2023-10-12,EUR,USD,3.0935073995,5.06,-196.64926004999995,ok,-3.790001179999905,-11.207667689999965,-9.226559329999958,-0.31307655081955493,-0.31606846753239914,-136.50023873498563,confirmed,short_base,2026-06-16 04:59:12.846401
EURUSD,2Y,2023-10-13,EUR,USD,3.0527420436,5.04,-198.72579564,ok,-2.0765355900000486,-7.603642129999997,-7.309658320000011,-0.4501648478872206,-0.3849603187056594,-133.8053296775532,confirmed,neutral,2026-06-16 04:59:12.846401
EURUSD,2Y,2023-10-16,EUR,USD,3.08895947,5.09,-200.104053,ok,-1.378257359999992,-2.392584979999981,-12.193908510000057,-0.5405927868872199,-0.43336292136327653,-82.31612775913999,confirmed,neutral,2026-06-16 04:59:12.846401
EURUSD,2Y,2023-10-17,EUR,USD,3.1621624987,5.19,-202.78375013000004,ok,-2.6796971300000507,-11.924882680000053,-17.116783660000095,-0.6155468086165435,-0.5193727260702348,-70.90400255442387,confirmed,short_base,2026-06-16 04:59:12.846401
EURUSD,2Y,2023-10-18,EUR,USD,3.1703723649,5.19,-201.96276351000003,ok,0.8209866200000135,-9.103504639999983,-15.539554530000004,-0.6649735969699255,-0.5035086648231615,-50.324797945464624,confirmed,neutral,2026-06-16 04:59:12.846401
EURUSD,2Y,2023-10-19,EUR,USD,3.200917778,5.14,-193.90822219999995,ok,8.054541310000076,2.741037849999998,-1.6575487099999293,-0.6679803558195517,-0.276666773015394,16.273854916690755,confirmed,neutral,2026-06-16 04:59:12.846401
EURUSD,2Y,2023-10-20,EUR,USD,3.1165339022,5.07,-195.34660978000002,ok,-1.438387580000068,3.3791858599999784,-4.307360890000041,-0.6699151973759396,-0.3296369823765838,83.29208392034548,confirmed,neutral,2026-06-16 04:59:12.846401
EURUSD,2Y,2023-10-23,EUR,USD,3.1484631297,5.05,-190.15368703,ok,5.192922750000037,9.950365970000007,1.271064439999975,-0.5972750766391021,-0.18667393357122117,94.99120101424951,confirmed,neutral,2026-06-16 04:59:12.846401
EURUSD,2Y,2023-10-24,EUR,USD,3.0950318402,5.02,-192.49681597999998,ok,-2.3431289499999934,10.286934150000064,-3.488158869999978,-0.5218707433984962,-0.2676540807593086,29.25028398333973,confirmed,neutral,2026-06-16 04:59:12.846401
EURUSD,2Y,2023-10-25,EUR,USD,3.1016687815,5.08,-197.83312185000003,ok,-5.3363058700000465,4.129641660000004,-12.670905240000053,-0.45672072842105005,-0.4394766326900932,82.34889978816496,confirmed,neutral,2026-06-16 04:59:12.846401
EURUSD,2Y,2023-10-26,EUR,USD,3.0572836914,5.02,-196.27163085999996,ok,1.5614909900000669,-2.3634086600000046,-3.628902430000011,-0.4683230509849624,-0.40175287364958934,90.93861643390878,divergent,neutral,2026-06-16 04:59:12.846401
EURUSD,2Y,2023-10-27,EUR,USD,3.0392520295,4.99,-195.07479705000003,ok,1.19683380999993,0.2718127299999935,-16.730025460000036,-0.23161353829323017,-0.37521909617504845,51.01409549914892,confirmed,neutral,2026-06-16 04:59:12.846401
EURUSD,2Y,2023-10-30,EUR,USD,3.0290351186,5.03,-200.09648814000002,ok,-5.02169108999999,-9.942801110000033,-12.818676470000014,-0.18253253798495858,-0.5399498642041394,29.29281475601897,divergent,neutral,2026-06-16 04:59:12.846401
EURUSD,2Y,2023-10-31,EUR,USD,2.9879266452,5.07,-208.20733548000004,ok,-8.11084734000002,-15.71051950000006,-13.320304140000047,-0.3501901539097709,-0.8050031344147365,11.262433632088786,divergent,neutral,2026-06-16 04:59:12.846401
EURUSD,2Y,2023-11-01,EUR,USD,2.9764181668,4.95,-197.35818332000002,ok,10.849152160000017,0.47493853000000286,1.1456514500000026,-0.3999367718721802,-0.4733260861108581,7.56243737356499,confirmed,neutral,2026-06-16 04:59:12.846401
EURUSD,2Y,2023-11-02,EUR,USD,2.9532301252,4.98,-202.67698748000004,ok,-5.318804160000013,-6.405356620000077,-17.23539512000005,-0.3211431577518802,-0.6521609066195027,10.656155108355048,divergent,neutral,2026-06-16 04:59:12.846401
EURUSD,2Y,2023-11-03,EUR,USD,2.9533432273,4.83,-187.66567727,ok,15.011310210000033,7.409119780000026,3.4564762400000006,-0.09167743830827112,-0.1805231827656728,99.87386335824633,confirmed,neutral,2026-06-16 04:59:12.846401
EURUSD,2Y,2023-11-06,EUR,USD,3.0049265289,4.93,-192.50734710999998,ok,-4.84166983999998,7.589141030000036,5.204120910000029,-0.0406179475488755,-0.34809477804319156,200.71759633778495,confirmed,neutral,2026-06-16 04:59:12.846401
EURUSD,2Y,2023-11-07,EUR,USD,3.0134784955,4.91,-189.65215045000002,ok,2.8551966599999616,18.55518503000002,1.2067169999999692,0.1516032775639095,-0.2674042164300999,164.98764493442454,confirmed,long_base,2026-06-16 04:59:12.846401
EURUSD,2Y,2023-11-08,EUR,USD,2.9855487514,4.93,-194.44512485999996,ok,-4.7929744099999425,2.913058460000059,-1.5858659899999168,0.2419536999624053,-0.44136541855887074,148.65978795372436,confirmed,neutral,2026-06-16 04:59:12.846401
EURUSD,2Y,2023-11-09,EUR,USD,3.0000366509,5.03,-202.99633491000003,ok,-8.551210050000066,-0.31934742999999344,-6.3470748600000775,0.15268661578195503,-0.7496352168922291,89.09739234065128,divergent,neutral,2026-06-16 04:59:12.846401
EURUSD,2Y,2023-11-10,EUR,USD,3.0472267959,5.04,-199.27732041000002,ok,3.7190145000000143,-11.611643140000012,-0.5515247700000145,0.09330537959398044,-0.6457156462774685,139.40158855179962,divergent,neutral,2026-06-16 04:59:12.846401
EURUSD,2Y,2023-11-13,EUR,USD,3.0713345527,5.02,-194.86654472999993,ok,4.410775680000086,-2.3591976199999465,5.237508270000063,0.07600262678947738,-0.5098720450547854,102.42903131401748,divergent,neutral,2026-06-16 04:59:12.846401
EURUSD,2Y,2023-11-14,EUR,USD,3.0162404941,4.8,-178.37595059,ok,16.490594139999928,11.27619986000002,24.407799540000042,0.24409283066917595,0.06171697881416875,272.0593790133718,confirmed,long_base,2026-06-16 04:59:12.846401
EURUSD,2Y,2023-11-15,EUR,USD,2.9767360733,4.9,-192.32639267000002,ok,-13.950442080000016,2.118732189999946,9.636370840000012,0.1891504935112808,-0.4541200925683249,172.73051041256647,confirmed,neutral,2026-06-16 04:59:12.846401
EURUSD,2Y,2023-11-16,EUR,USD,2.9380674081,4.83,-189.19325919,ok,3.1331334800000263,13.803075720000038,4.714963009999963,0.2916533909022594,-0.35283216722594696,243.51338851711813,confirmed,long_base,2026-06-16 04:59:12.846401
EURUSD,2Y,2023-11-17,EUR,USD,2.9253266084,4.88,-195.46733916,ok,-6.2740799700000025,3.809981250000021,-0.1207293799999718,0.2747250216541348,-0.5948981600961334,329.0712751156999,confirmed,neutral,2026-06-16 04:59:12.846401
EURUSD,2Y,2023-11-20,EUR,USD,2.9716816978,4.89,-191.83183022,ok,3.635508939999994,3.0347145099999295,-1.6781431900000143,0.39190755945112726,-0.4689349438856387,363.71383930685175,confirmed,neutral,2026-06-16 04:59:12.846401
EURUSD,2Y,2023-11-21,EUR,USD,2.9623133778,4.86,-189.76866222,ok,2.0631679999999903,-11.392711630000008,2.7281537599999695,0.5040906765188012,-0.3996610852382354,336.2116305932705,divergent,neutral,2026-06-16 04:59:12.846401
EURUSD,2Y,2023-11-22,EUR,USD,2.9477727578,4.89,-194.22272421999995,ok,-4.4540619999999365,-1.8963315499999283,3.6103976300000795,0.46428438848120446,-0.5754172003613738,258.1544781322442,divergent,neutral,2026-06-16 04:59:12.846401
EURUSD,2Y,2023-11-24,EUR,USD,3.0207169197,4.92,-189.92830803,ok,4.294416189999936,-0.7350488400000188,6.3433228299999485,0.5050528546842163,-0.42383351976806627,328.24514008274576,divergent,neutral,2026-06-16 04:59:12.846401
EURUSD,2Y,2023-11-27,EUR,USD,2.9748875466,4.84,-186.51124533999996,ok,3.4170626900000514,8.956093820000035,8.56355171000007,0.6039950467969938,-0.3071593255706013,213.80306631250346,confirmed,neutral,2026-06-16 04:59:12.846401
EURUSD,2Y,2023-11-28,EUR,USD,2.9113210465,4.73,-181.86789535000005,ok,4.643349989999905,9.963934869999946,18.228592789999965,0.6771034295112792,-0.13927781366129377,254.023277701676,confirmed,neutral,2026-06-16 04:59:12.846401
EURUSD,2Y,2023-11-29,EUR,USD,2.7922998704,4.64,-184.77001295999997,ok,-2.9021176099999195,4.998649260000036,23.437322520000066,0.5532755608646668,-0.2657339413656558,237.91308242055553,confirmed,neutral,2026-06-16 04:59:12.846401
EURUSD,2Y,2023-11-30,EUR,USD,2.8061242815,4.73,-192.38757185000006,ok,-7.617558890000083,1.8351523699998893,4.970611469999966,0.45668373087218156,-0.5833770906409448,183.2529264370386,confirmed,neutral,2026-06-16 04:59:12.846401
EURUSD,2Y,2023-12-01,EUR,USD,2.7018369649,4.56,-185.81630350999995,ok,6.571268340000103,4.112004520000056,16.860683970000082,0.36251144084962467,-0.3292013219850392,156.47173052505624,confirmed,neutral,2026-06-16 04:59:12.846401
EURUSD,2Y,2023-12-04,EUR,USD,2.6382268674,4.64,-200.17731325999998,ok,-14.361009750000022,-13.666067920000017,-12.511635989999974,0.27484814422556386,-0.9290934089655944,142.72611560347315,divergent,neutral,2026-06-16 04:59:12.846401
EURUSD,2Y,2023-12-05,EUR,USD,2.6304272202,4.57,-193.95727798000001,ok,6.220035279999962,-12.08938262999996,-1.4499308700000313,0.21840956614285628,-0.6932455613318786,96.06660118796961,divergent,neutral,2026-06-16 04:59:12.846401
EURUSD,2Y,2023-12-06,EUR,USD,2.6400281518,4.6,-195.99718481999994,ok,-2.0399068399999294,-11.22717185999997,-6.345034369999922,0.18009186147368106,-0.79274268859942,60.64740402945468,divergent,neutral,2026-06-16 04:59:12.846401
EURUSD,2Y,2023-12-07,EUR,USD,2.6109618289,4.58,-196.90381711000003,ok,-0.9066322900000898,-4.516245259999977,-2.4586922500000696,0.06268512869924915,-0.8451121901106666,-81.08331724537177,confirmed,neutral,2026-06-16 04:59:12.846401
EURUSD,2Y,2023-12-08,EUR,USD,2.6870166383,4.71,-202.29833617000003,ok,-5.394519059999993,-16.482032660000073,0.6979987400000027,-0.2631079865488747,-1.0894428811937311,-87.43239881703668,confirmed,short_base,2026-06-16 04:59:12.846401
EURUSD,2Y,2023-12-11,EUR,USD,2.6808021842,4.71,-202.91978158,ok,-0.6214454099999784,-2.742468320000029,-3.64246116999999,-0.5401072339548841,-1.1376997172355217,-136.06626472905893,confirmed,neutral,2026-06-16 04:59:12.846401
EURUSD,2Y,2023-12-12,EUR,USD,2.6846527347,4.73,-204.53472653000003,ok,-1.614944950000023,-10.577448550000014,-9.668181800000099,-0.7650559117593996,-1.2291174540938983,-98.39072027875706,confirmed,short_base,2026-06-16 04:59:12.846401
EURUSD,2Y,2023-12-13,EUR,USD,2.6676521659,4.46,-179.23478341,ok,25.299943120000023,16.76240140999994,-0.8588328200000035,-0.3536604092481174,-0.12545732567917842,-56.74031029000659,divergent,neutral,2026-06-16 04:59:12.846401
EURUSD,2Y,2023-12-14,EUR,USD,2.5793904722,4.37,-179.06095278,ok,0.17383062999999765,17.842864330000026,13.26543989000001,-0.15876027220301128,-0.13011759375506263,69.89163590396474,confirmed,neutral,2026-06-16 04:59:12.846401
EURUSD,2Y,2023-12-15,EUR,USD,2.5667243104,4.44,-187.32756896000004,ok,-8.266616180000028,14.970767209999991,1.8656902299999558,-0.052432153293232454,-0.5186697366314778,4.041220448576244,confirmed,neutral,2026-06-16 04:59:12.846401
EURUSD,2Y,2023-12-18,EUR,USD,2.5722233274,4.43,-185.77766725999996,ok,1.5499017000000777,17.142114320000047,9.689671900000036,-0.02583255132330966,-0.4633354398529701,-10.06027016398292,divergent,neutral,2026-06-16 04:59:12.846401
EURUSD,2Y,2023-12-19,EUR,USD,2.5350216439,4.41,-187.49783561,ok,-1.7201683500000513,17.03689092000002,4.333994609999991,0.019025054624062558,-0.5555684397951933,36.19876412300327,confirmed,long_base,2026-06-16 04:59:12.846401
EURUSD,2Y,2023-12-20,EUR,USD,2.5144620976,4.34,-182.55379023999998,ok,4.944045370000026,-3.319006829999978,7.2148719800000265,0.1605709318571481,-0.3343137083058715,-14.326255372346663,confirmed,neutral,2026-06-16 04:59:12.846401
EURUSD,2Y,2023-12-21,EUR,USD,2.4790505151,4.33,-185.09494849,ok,-2.5411582500000236,-6.033995709999999,9.12777572999994,0.18463782209022578,-0.4612280822514925,1.5449068057682425,divergent,neutral,2026-06-16 04:59:12.846401
EURUSD,2Y,2023-12-22,EUR,USD,2.4243853894,4.31,-188.56146105999997,ok,-3.4665125699999635,-1.2338920999999345,1.36684697000004,0.21326369706015066,-0.6249048878218068,36.725841140232696,divergent,neutral,2026-06-16 04:59:12.846401
EURUSD,2Y,2023-12-27,EUR,USD,2.424210111,4.2,-177.57898890000004,ok,10.98247215999993,8.198678359999917,8.932256439999918,0.4506802439022564,-0.10446712385670733,249.97001098059357,confirmed,neutral,2026-06-16 04:59:12.846401
EURUSD,2Y,2023-12-28,EUR,USD,2.4143239472,4.26,-184.56760527999995,ok,-6.988616379999911,2.9302303300000574,-2.699709929999898,0.648143501789475,-0.4385536461709775,254.32679835451833,confirmed,neutral,2026-06-16 04:59:12.846401
EURUSD,2Y,2023-12-29,EUR,USD,2.4363455063,4.23,-179.36544937000005,ok,5.202155909999902,3.1883408699999336,5.404563589999924,0.8781600772255668,-0.19084937672277077,251.9946870268708,confirmed,neutral,2026-06-16 04:59:12.846401
EURUSD,2Y,2024-01-02,EUR,USD,2.4381982119,4.33,-189.18017881,ok,-9.814729439999951,-4.085230319999994,3.2073930400000563,0.8395618231654111,-0.6571098846252823,169.52933303591377,divergent,neutral,2026-06-16 04:59:12.846401
EURUSD,2Y,2024-01-03,EUR,USD,2.4464644861,4.33,-188.35355139,ok,0.8266274199999941,0.20790966999996385,-2.537247880000052,0.9117062533458667,-0.6161638718284449,149.27868761089204,confirmed,neutral,2026-06-16 04:59:12.846401
EURUSD,2Y,2024-01-04,EUR,USD,2.4951679082,4.38,-188.48320918,ok,-0.1296577899999818,-10.904220279999947,11.694104079999988,0.7590610542030102,-0.6209458899080297,168.03990599425944,divergent,neutral,2026-06-16 04:59:12.846401
EURUSD,2Y,2024-01-05,EUR,USD,2.57754173,4.4,-182.24582700000002,ok,6.237382179999969,2.3217782799999327,11.711450979999995,0.7761472792255595,-0.3234537145031695,130.5773184419623,confirmed,neutral,2026-06-16 04:59:12.846401
EURUSD,2Y,2024-01-08,EUR,USD,2.5624614331,4.36,-179.75385669000002,ok,2.4919703099999992,-0.38840731999997047,16.243328129999924,0.7790128202556439,-0.20530532527182022,-39.56991594804116,confirmed,neutral,2026-06-16 04:59:12.846401
EURUSD,2Y,2024-01-09,EUR,USD,2.5599655325,4.36,-180.00344675000002,ok,-0.24959006000000272,9.176732059999978,16.90037036000001,0.7395714849774472,-0.21810774395651275,36.26448284093087,confirmed,neutral,2026-06-16 04:59:12.846401
EURUSD,2Y,2024-01-10,EUR,USD,2.5780494152,4.37,-179.19505848,ok,0.8083882700000231,9.158492910000007,23.103277690000027,0.6010878460526327,-0.18079761596692506,72.69523075228435,confirmed,neutral,2026-06-16 04:59:12.846401
EURUSD,2Y,2024-01-11,EUR,USD,2.5647437386,4.26,-169.52562613999999,ok,9.669432340000014,18.957583040000003,33.39415544000002,0.5561848879323357,0.27717438331229993,54.28861770010451,confirmed,long_base,2026-06-16 04:59:12.846401
EURUSD,2Y,2024-01-12,EUR,USD,2.5251907164,4.14,-161.48092835999995,ok,8.044697780000035,20.76489864000007,43.05379817000008,0.5504902779248116,0.6557005349365631,-28.1441270766547,divergent,neutral,2026-06-16 04:59:12.846401
EURUSD,2Y,2024-01-16,EUR,USD,2.5579114471,4.22,-166.20885528999997,ok,-4.727926930000024,13.545001400000046,13.025928120000032,0.8119840870977467,0.42873581706435127,-122.66763517501333,divergent,neutral,2026-06-16 04:59:12.846401
EURUSD,2Y,2024-01-17,EUR,USD,2.6661449844,4.34,-167.38550156,ok,-1.1766462700000204,12.617945190000029,11.675451220000014,1.0398254961654148,0.3715853863613856,-117.02330479623102,divergent,neutral,2026-06-16 04:59:12.846401
EURUSD,2Y,2024-01-18,EUR,USD,2.6768131019,4.34,-166.31868980999997,ok,1.0668117500000278,12.876368670000033,21.00887915000007,1.1348244849548872,0.4212138275310913,-125.87806073366848,divergent,neutral,2026-06-16 04:59:12.846401
EURUSD,2Y,2024-01-19,EUR,USD,2.6601461212,4.39,-172.98538787999996,ok,-6.666698069999995,-3.4597617399999763,12.792279379999997,1.1274647625187997,0.10360297193308449,-132.40115194435907,confirmed,neutral,2026-06-16 04:59:12.846401
EURUSD,2Y,2024-01-22,EUR,USD,2.6444992404,4.37,-172.55007596000002,ok,0.4353119199999469,-11.069147600000065,14.947759649999995,1.0799267185563906,0.12516361319268104,-172.12248253928087,confirmed,neutral,2026-06-16 04:59:12.846401
EURUSD,2Y,2024-01-23,EUR,USD,2.6721226703,4.31,-163.78773296999998,ok,8.762342990000036,2.421122319999995,18.766057270000005,1.2131510432255643,0.5398678386029175,-163.26308732128925,divergent,neutral,2026-06-16 04:59:12.846401
EURUSD,2Y,2024-01-24,EUR,USD,2.663037387,4.34,-167.69626129999997,ok,-3.9085283299999958,-0.3107597399999804,17.398687190000032,1.2221960625864665,0.35177907367736944,-140.8961174285317,confirmed,neutral,2026-06-16 04:59:12.846401
EURUSD,2Y,2024-01-25,EUR,USD,2.5950024031,4.28,-168.49975969000002,ok,-0.8034983900000441,-2.1810698800000523,20.061701369999952,1.1388646851353352,0.3116997890562952,-87.92132777655893,confirmed,neutral,2026-06-16 04:59:12.846401
EURUSD,2Y,2024-01-26,EUR,USD,2.5873884106,4.34,-175.26115893999997,ok,-6.761399249999954,-2.275771060000011,2.3178299600000685,1.1021813730000016,-0.009938015315254916,-69.0109648721382,confirmed,neutral,2026-06-16 04:59:12.846401
EURUSD,2Y,2024-01-29,EUR,USD,2.530533517,4.29,-175.94664830000002,ok,-0.685489360000048,-3.396572340000006,8.620956979999931,0.941873322714289,-0.041462373862188165,-96.53356735410124,confirmed,neutral,2026-06-16 04:59:12.846401
EURUSD,2Y,2024-01-30,EUR,USD,2.5229616619,4.36,-183.70383381000002,ok,-7.757185509999999,-19.91610084000004,-4.33838443999997,0.7399237953308295,-0.40970030705856497,-90.20701000776899,confirmed,neutral,2026-06-16 04:59:12.846401
EURUSD,2Y,2024-01-31,EUR,USD,2.4737329487,4.27,-179.62670512999998,ok,4.077128680000044,-11.930443830000002,9.553473680000025,0.4477734375413543,-0.21270548780268747,-133.15433299542434,confirmed,neutral,2026-06-16 04:59:12.846401
EURUSD,2Y,2024-02-01,EUR,USD,2.4718578156,4.2,-172.81421844000002,ok,6.812486689999957,-4.31445875,15.539332949999988,0.25163020424060534,0.11214752971279293,-52.59932124006217,confirmed,neutral,2026-06-16 04:59:12.846401
EURUSD,2Y,2024-02-02,EUR,USD,2.5665608501,4.36,-179.34391499000003,ok,-6.529696550000011,-4.082756050000057,9.139294189999958,-0.06320905457895151,-0.19816150470892302,-172.31638418079064,confirmed,neutral,2026-06-16 04:59:12.846401
EURUSD,2Y,2024-02-05,EUR,USD,2.6225322873,4.46,-183.74677127,ok,-4.40285627999998,-7.80012296999999,-1.5009442699999909,-0.3562045779999984,-0.40571883354525806,-189.34446443740094,confirmed,neutral,2026-06-16 04:59:12.846401
EURUSD,2Y,2024-02-06,EUR,USD,2.6304437348,4.39,-175.95562651999995,ok,7.791144750000058,7.748207290000067,3.7982301700000676,-0.49629407487969496,-0.03336713210784728,-172.22318663146052,divergent,neutral,2026-06-16 04:59:12.846401
EURUSD,2Y,2024-02-07,EUR,USD,2.6142635533,4.41,-179.57364467000002,ok,-3.6180181500000685,0.0530604599999549,0.42980208000000175,-0.6977220653308285,-0.20407796682619908,-154.86665022065083,divergent,neutral,2026-06-16 04:59:12.846401
EURUSD,2Y,2024-02-08,EUR,USD,2.6703657991,4.46,-178.96342009,ok,0.6102245800000219,-6.149201649999981,0.23163839000000053,-0.8783148553834584,-0.1710341415800676,-92.66068539490968,confirmed,neutral,2026-06-16 04:59:12.846401
EURUSD,2Y,2024-02-09,EUR,USD,2.7200920439,4.48,-175.99079561000005,ok,2.9726244799999506,3.353119379999981,-6.465169470000063,-0.8641146623684239,-0.027581541430961146,-95.44368914201851,divergent,neutral,2026-06-16 04:59:12.846401
EURUSD,2Y,2024-02-12,EUR,USD,2.7150454203,4.46,-174.49545797,ok,1.4953376400000593,9.251313300000021,-13.01452961000004,-0.6918088998195506,0.04120075180971032,-114.0785609397943,divergent,neutral,2026-06-16 04:59:12.846401
EURUSD,2Y,2024-02-13,EUR,USD,2.7570764919,4.64,-188.29235081,ok,-13.796892839999998,-12.336724290000035,-22.083495520000014,-0.7716823630375943,-0.6207103564351204,-168.65589423430083,confirmed,short_base,2026-06-16 04:59:12.846401
EURUSD,2Y,2024-02-14,EUR,USD,2.7822301815,4.56,-177.77698184999994,ok,10.515368960000046,1.7966628200000798,-10.391480289999947,-0.686706631060153,-0.12143858529138958,-133.58217188246923,divergent,neutral,2026-06-16 04:59:12.846401
EURUSD,2Y,2024-02-15,EUR,USD,2.7610694685,4.56,-179.89305314999996,ok,-2.1160713000000158,-0.9296330599999578,-13.57436333999999,-0.5994898068796979,-0.22420111331904444,-77.92064252293285,confirmed,neutral,2026-06-16 04:59:12.846401
EURUSD,2Y,2024-02-16,EUR,USD,2.8339608318,4.64,-180.60391682,ok,-0.7108636700000375,-4.613121209999946,-7.618528940000033,-0.6072792552706797,-0.2609942591586913,-97.50942009006502,confirmed,neutral,2026-06-16 04:59:12.846401
EURUSD,2Y,2024-02-20,EUR,USD,2.7955100414,4.59,-179.44899585999997,ok,1.1549209600000268,-4.9535378899999785,-6.898919899999953,-0.5802400522030073,-0.20717884351621643,-29.8832340299926,confirmed,neutral,2026-06-16 04:59:12.846401
EURUSD,2Y,2024-02-21,EUR,USD,2.8245174859,4.64,-181.54825140999998,ok,-2.0992555500000094,6.74409940000001,-17.76051844,-0.4344631144436086,-0.3087148574062349,-12.36892630335329,divergent,neutral,2026-06-16 04:59:12.846401
EURUSD,2Y,2024-02-22,EUR,USD,2.8704212885,4.69,-181.95787115000007,ok,-0.40961974000009604,-4.180889300000132,-14.261609850000099,-0.32954394593985037,-0.32905561147357765,-16.139742501936063,confirmed,neutral,2026-06-16 04:59:12.846401
EURUSD,2Y,2024-02-23,EUR,USD,2.8509066911,4.67,-181.90933088999998,ok,0.04854026000009526,-2.016277740000021,-13.40957119999996,-0.21517213198496152,-0.327910715238678,12.495487740538103,divergent,neutral,2026-06-16 04:59:12.846401
EURUSD,2Y,2024-02-26,EUR,USD,2.9029634891,4.69,-178.70365109000005,ok,3.2056797999999276,1.9002657299999441,-3.442492150000078,-0.14159905912030252,-0.17468152849092775,60.640339734256976,confirmed,neutral,2026-06-16 04:59:12.846401
EURUSD,2Y,2024-02-27,EUR,USD,2.9063723664,4.7,-179.36276336000003,ok,-0.6591122699999801,0.08623249999993732,-3.41611506000001,-0.08308871211278483,-0.2074931568486079,56.95944190879043,confirmed,neutral,2026-06-16 04:59:12.846401
EURUSD,2Y,2024-02-28,EUR,USD,2.9113834927,4.64,-172.86165072999995,ok,6.50111263000008,8.686600680000026,10.84218308000007,-0.049050188879696185,0.10380726199958082,90.58746857834477,confirmed,neutral,2026-06-16 04:59:12.846401
EURUSD,2Y,2024-02-29,EUR,USD,2.9012443273,4.64,-173.87556726999995,ok,-1.0139165399999968,8.082303880000126,5.7511378600000285,0.018575493646615725,0.05306539655118332,45.46046148411031,confirmed,neutral,2026-06-16 04:59:12.846401
EURUSD,2Y,2024-03-01,EUR,USD,2.8997453122,4.54,-164.02546878,ok,9.850098489999937,17.883862109999967,8.788749660000008,0.3258341205939883,0.5235847782987463,56.9816433728687,confirmed,long_base,2026-06-16 04:59:12.846401
EURUSD,2Y,2024-03-04,EUR,USD,2.8804907504,4.61,-172.95092496000004,ok,-8.925456180000026,5.752726130000013,6.392990029999993,0.38926959393984745,0.09154156680561208,66.77734393114588,confirmed,neutral,2026-06-16 04:59:12.846401
EURUSD,2Y,2024-03-05,EUR,USD,2.8523626568,4.54,-168.76373432,ok,4.18719064000004,10.599029040000033,14.983036950000013,0.43338977421803965,0.2907381818749333,53.34370572055658,confirmed,long_base,2026-06-16 04:59:12.846401
EURUSD,2Y,2024-03-06,EUR,USD,2.8473304056,4.55,-170.26695943999997,ok,-1.5032251199999678,2.594691289999986,5.688667079999988,0.5565225022932333,0.21778907315091797,118.64422514552109,confirmed,neutral,2026-06-16 04:59:12.846401
EURUSD,2Y,2024-03-07,EUR,USD,2.8529528524,4.5,-164.70471476,ok,5.562244679999964,9.170852509999946,14.86892991000002,0.6934348796992481,0.4830464661323398,226.5532344069543,confirmed,neutral,2026-06-16 04:59:12.846401
EURUSD,2Y,2024-03-08,EUR,USD,2.7745423427,4.48,-170.54576573000003,ok,-5.841050970000026,-6.5202969500000165,8.417654359999972,0.7341795036691747,0.19992764774782232,189.06251455939716,divergent,neutral,2026-06-16 04:59:12.846401
EURUSD,2Y,2024-03-11,EUR,USD,2.8039501177,4.51,-170.60498822999998,ok,-0.05922249999994733,2.345936730000062,5.385807380000074,0.8083561410676693,0.19648032109857091,144.3168846114573,confirmed,neutral,2026-06-16 04:59:12.846401
EURUSD,2Y,2024-03-12,EUR,USD,2.842023547,4.58,-173.7976453,ok,-3.192657070000024,-5.033910980000002,0.6978126699999905,0.852435027601501,0.04386061913709963,132.32566765578602,divergent,neutral,2026-06-16 04:59:12.846401
EURUSD,2Y,2024-03-13,EUR,USD,2.8389592329,4.61,-177.10407671000002,ok,-3.306431410000016,-6.83711727000005,11.188274099999973,0.6303841609248152,-0.11669753592453301,164.81986747591827,divergent,neutral,2026-06-16 04:59:12.846401
EURUSD,2Y,2024-03-14,EUR,USD,2.8719249526,4.68,-180.80750473999996,ok,-3.703428029999941,-16.102789979999955,-3.0305228900000145,0.5046348486766936,-0.2962146927456329,67.43880552831705,divergent,neutral,2026-06-16 04:59:12.846401
EURUSD,2Y,2024-03-15,EUR,USD,2.9044036442,4.72,-181.55963558,ok,-0.752130840000035,-11.013869849999963,-1.6665824300000338,0.3392863353157906,-0.33082837479748456,61.64396221881363,divergent,neutral,2026-06-16 04:59:12.846401
EURUSD,2Y,2024-03-18,EUR,USD,2.9015674337,4.73,-182.84325663000004,ok,-1.2836210500000504,-12.238268400000067,-2.239339810000047,0.14688235416541426,-0.3895127444728814,51.58355982029184,divergent,neutral,2026-06-16 04:59:12.846401
EURUSD,2Y,2024-03-19,EUR,USD,2.8799697964,4.68,-180.00302035999997,ok,2.8402362700000765,-6.205375059999966,-0.554024499999997,0.016656199263159057,-0.24685127819350908,39.37517330621976,divergent,neutral,2026-06-16 04:59:12.846401
EURUSD,2Y,2024-03-20,EUR,USD,2.8888368353,4.59,-170.11631647000002,ok,9.88670388999995,6.98776024,11.431934939999962,-0.004644349353381061,0.24020942179905838,80.18211478023841,confirmed,neutral,2026-06-16 04:59:12.846401
EURUSD,2Y,2024-03-21,EUR,USD,2.8619899929,4.62,-175.80100071,ok,-5.684684239999996,5.006504029999945,6.156870440000063,-0.13081323254134922,-0.03235060866676869,19.18642191679698,confirmed,neutral,2026-06-16 04:59:12.846401
EURUSD,2Y,2024-03-22,EUR,USD,2.8142077684,4.59,-177.57922315999997,ok,-1.7782224499999586,3.9804124200000217,4.330107730000009,-0.29087732021804413,-0.11721616488769744,-29.34039471134686,divergent,neutral,2026-06-16 04:59:12.846401
EURUSD,2Y,2024-03-25,EUR,USD,2.8436140029,4.54,-169.63859971000002,ok,7.940623449999947,13.20465692000002,9.065051380000028,-0.2933993733909734,0.27734610415217315,0.18455632659231114,confirmed,neutral,2026-06-16 04:59:12.846401
EURUSD,2Y,2024-03-26,EUR,USD,2.8446520188,4.56,-171.53479811999995,ok,-1.8961984099999256,8.468222240000017,7.827965240000083,-0.3470486673308267,0.18559768371549432,-8.393595041321644,divergent,neutral,2026-06-16 04:59:12.846401
EURUSD,2Y,2024-03-27,EUR,USD,2.7940012216,4.54,-174.59987784,ok,-3.065079720000057,-4.48356136999999,-1.7382271100000537,-0.3536070439248113,0.03556112238773848,-38.51079315650318,confirmed,neutral,2026-06-16 04:59:12.846401
EURUSD,2Y,2024-03-28,EUR,USD,2.7981962094,4.59,-179.18037906,ok,-4.580501220000002,-3.379378349999996,-5.304811790000059,-0.43899648540601477,-0.18204263007102545,-59.32476624752381,confirmed,neutral,2026-06-16 04:59:12.846401
EURUSD,2Y,2024-04-02,EUR,USD,2.8169937607,4.7,-188.30062393000003,ok,-9.120244870000022,-10.72140077000006,-24.275155150000018,-0.49117010783458037,-0.6290407707342428,-159.65127117869682,confirmed,short_base,2026-06-16 04:59:12.846401
EURUSD,2Y,2024-04-03,EUR,USD,2.8340042643,4.68,-184.59957357,ok,3.701050360000039,-14.960973859999967,-11.648648609999952,-0.5948958450300743,-0.43760391710802643,-84.53487521042136,confirmed,short_base,2026-06-16 04:59:12.846401
EURUSD,2Y,2024-04-04,EUR,USD,2.8021367279,4.65,-184.78632721000005,ok,-0.18675364000006311,-13.251529090000105,-16.022592890000055,-0.6176591901203033,-0.4410958083469386,-82.64160267967502,confirmed,short_base,2026-06-16 04:59:12.846401
EURUSD,2Y,2024-04-05,EUR,USD,2.8304301161,4.73,-189.95698839000005,ok,-5.170661179999996,-15.357110550000044,-19.690028950000084,-0.7139301323233118,-0.6962382015915071,-107.55044280105763,confirmed,short_base,2026-06-16 04:59:12.846401
EURUSD,2Y,2024-04-08,EUR,USD,2.8453378402,4.78,-193.46621598000002,ok,-3.5092275899999663,-14.285836920000008,-28.761501220000014,-0.7428989151503808,-0.8668442734044232,-22.871524492737993,confirmed,short_base,2026-06-16 04:59:12.846401
EURUSD,2Y,2024-04-09,EUR,USD,2.844529147,4.74,-189.54708530000005,ok,3.9191306799999666,-1.24646137000002,-19.00131957000002,-0.764856859639099,-0.6620702979740596,-22.694905131620537,confirmed,neutral,2026-06-16 04:59:12.846401
EURUSD,2Y,2024-04-10,EUR,USD,2.890368268,4.97,-207.96317319999997,ok,-18.416087899999923,-23.36359962999998,-37.358184969999996,-1.0222634533458628,-1.5874623586942256,-121.58334253025815,confirmed,short_base,2026-06-16 04:59:12.846401
EURUSD,2Y,2024-04-11,EUR,USD,2.900117997,4.93,-202.98820029999996,ok,4.974972900000012,-18.201873089999907,-29.19055499999996,-1.202831658654134,-1.3279988915482135,-124.84348530603206,confirmed,short_base,2026-06-16 04:59:12.846401
EURUSD,2Y,2024-04-12,EUR,USD,2.8092030862,4.88,-207.07969137999999,ok,-4.091491080000026,-17.122702989999937,-29.97561466999997,-1.450160976842106,-1.5388604244690736,-273.19356696808296,confirmed,short_base,2026-06-16 04:59:12.846401
EURUSD,2Y,2024-04-15,EUR,USD,2.8315737776,4.93,-209.84262223999997,ok,-2.762930859999983,-16.376406259999953,-29.035117500000013,-1.7503598030225518,-1.677486648132222,-168.2320825429151,confirmed,short_base,2026-06-16 04:59:12.846401
EURUSD,2Y,2024-04-16,EUR,USD,2.8579131238,4.97,-211.20868761999998,ok,-1.366065380000009,-21.66160231999993,-29.649052039999987,-2.0382877681954876,-1.7399010517643718,-172.20160820201502,confirmed,short_base,2026-06-16 04:59:12.846401
EURUSD,2Y,2024-04-17,EUR,USD,2.8689112024,4.93,-206.10887975999995,ok,5.099807860000027,1.8542934400000206,-23.26562312999991,-2.22904399549624,-1.4637402134328954,-155.11672972225,divergent,neutral,2026-06-16 04:59:12.846401
EURUSD,2Y,2024-04-18,EUR,USD,2.8823985611,4.98,-209.76014389000005,ok,-3.6512641300001007,-6.771943590000092,-29.757123530000086,-2.392129403654135,-1.6545939084728727,-175.3981075467359,confirmed,neutral,2026-06-16 04:59:12.846401
EURUSD,2Y,2024-04-19,EUR,USD,2.920971954,4.97,-204.90280459999997,ok,4.857339290000084,2.176886780000018,-34.78648812999995,-2.284970845451127,-1.3948777862546706,-147.7021540282808,divergent,neutral,2026-06-16 04:59:12.846401
EURUSD,2Y,2024-04-22,EUR,USD,2.8859431272,4.97,-208.40568727999997,ok,-3.502882679999999,1.436934960000002,-32.604686569999956,-2.265301132135335,-1.5798469012307108,-126.1376485198995,divergent,neutral,2026-06-16 04:59:12.846401
EURUSD,2Y,2024-04-23,EUR,USD,2.8798383983,4.86,-198.01616017000003,ok,10.389527109999932,13.192527449999943,-20.436937010000065,-2.076257195676689,-1.0120725464145792,-83.94329658111599,divergent,neutral,2026-06-16 04:59:12.846401
EURUSD,2Y,2024-04-24,EUR,USD,2.9343412144,4.89,-195.56587856,ok,2.4502816100000473,10.543001199999964,-25.927278849999965,-1.696098735112782,-0.8733394201372512,-34.73903811049395,divergent,neutral,2026-06-16 04:59:12.846401
EURUSD,2Y,2024-04-25,EUR,USD,2.9873046997,4.96,-197.26953003,ok,-1.7036514700000112,12.490613860000053,-25.73473191000005,-1.3312297383383453,-0.9630516533905069,-38.261870931193265,divergent,neutral,2026-06-16 04:59:12.846401
EURUSD,2Y,2024-04-26,EUR,USD,2.9516982017,4.96,-200.83017982999996,ok,-3.5606497999999647,4.0726247700000044,-26.23030198999996,-1.0269243178796923,-1.1600614146840267,-135.54161284369926,divergent,neutral,2026-06-16 04:59:12.846401
EURUSD,2Y,2024-04-29,EUR,USD,2.9228527419,4.97,-204.71472580999998,ok,-3.884545980000013,3.6909614699999906,-25.53434674999997,-0.8109920517518739,-1.3773872611351876,-111.21160661547668,divergent,neutral,2026-06-16 04:59:12.846401
EURUSD,2Y,2024-04-30,EUR,USD,2.9967567161,5.04,-204.32432838999998,ok,0.39039741999999933,-6.308168219999942,-16.023704459999948,-0.6950890320827044,-1.3598764192103878,-151.2507271669583,confirmed,neutral,2026-06-16 04:59:12.846401
EURUSD,2Y,2024-05-02,EUR,USD,2.9691102147,4.87,-190.08897853,ok,14.235349859999985,5.476900029999996,-5.489404960000002,-0.29329043811277666,-0.5357761585378973,-118.7976571996896,divergent,neutral,2026-06-16 04:59:12.846401
EURUSD,2Y,2024-05-03,EUR,USD,2.9053014011,4.81,-190.46985988999995,ok,-0.380881359999961,6.799670140000046,-5.6835326799998995,0.10837299618797157,-0.5564543067591148,17.130620985008616,confirmed,neutral,2026-06-16 04:59:12.846401
EURUSD,2Y,2024-05-06,EUR,USD,2.909517873,4.82,-191.04821270000002,ok,-0.5783528100000694,9.781967129999941,-1.0912243099999728,0.4286788945413522,-0.5881718854603583,120.97570146167192,confirmed,neutral,2026-06-16 04:59:12.846401
EURUSD,2Y,2024-05-07,EUR,USD,2.8988787532,4.82,-192.11212468000002,ok,-1.0639119800000003,12.602601129999954,1.3540912999999932,0.6800181324511289,-0.6511280550755694,97.50140897989867,confirmed,long_base,2026-06-16 04:59:12.846401
EURUSD,2Y,2024-05-08,EUR,USD,2.915182553,4.84,-192.48174469999998,ok,-0.36962001999995664,11.842583689999998,-2.93465939999993,0.9859218675789478,-0.6738467924088227,114.92089188400723,confirmed,long_base,2026-06-16 04:59:12.846401
EURUSD,2Y,2024-05-09,EUR,USD,2.9257582575,4.8,-187.42417424999996,ok,5.057570450000014,2.664804280000027,20.538998950000007,1.077709295526318,-0.33714099336186115,151.30402033706858,confirmed,neutral,2026-06-16 04:59:12.846401
EURUSD,2Y,2024-05-10,EUR,USD,2.9442451164,4.87,-192.57548836000004,ok,-5.151314110000072,-2.1056284700000845,10.412711939999923,1.1435730128797015,-0.6842362236442902,94.19902707870742,divergent,neutral,2026-06-16 04:59:12.846401
EURUSD,2Y,2024-05-13,EUR,USD,2.9305148009,4.85,-191.94851990999996,ok,0.6269684500000778,-0.9003072099999372,15.131171470000027,1.138132718195492,-0.6369681912796515,130.86007171957849,divergent,neutral,2026-06-16 04:59:12.846401
EURUSD,2Y,2024-05-14,EUR,USD,2.9395315903,4.81,-187.04684096999995,ok,4.901678940000011,5.065283710000074,22.79578127000002,1.1363375429548863,-0.28615277932444,146.6572836030977,confirmed,neutral,2026-06-16 04:59:12.846401
EURUSD,2Y,2024-05-15,EUR,USD,2.8943669893,4.73,-183.56330107000005,ok,3.483539899999897,8.918443629999928,27.645386549999927,1.1284583997293234,-0.0277919400771126,220.2051869303623,confirmed,neutral,2026-06-16 04:59:12.846401
EURUSD,2Y,2024-05-16,EUR,USD,2.8959022268,4.78,-188.40977732000002,ok,-4.8464762499999665,-0.9856030700000531,17.699102439999933,1.0902951536541359,-0.3710488053954003,154.45133801764044,divergent,neutral,2026-06-16 04:59:12.846401
EURUSD,2Y,2024-05-17,EUR,USD,2.9387147944,4.83,-189.12852056,ok,-0.7187432399999807,3.4469678000000386,20.631623330000053,0.9575974164736802,-0.41784784638008815,156.54351909830888,confirmed,neutral,2026-06-16 04:59:12.846401
EURUSD,2Y,2024-05-20,EUR,USD,2.9329042182,4.82,-188.70957818000002,ok,0.41894237999997586,3.2389417299999366,16.193226419999945,0.8765544038421087,-0.379632728810131,158.1689442620493,confirmed,neutral,2026-06-16 04:59:12.846401
EURUSD,2Y,2024-05-21,EUR,USD,2.91930996,4.82,-190.069004,ok,-1.3594258199999842,-3.0221630300000584,18.33668327999996,0.6964316320375905,-0.4778007565827395,137.38803948855517,divergent,neutral,2026-06-16 04:59:12.846401
EURUSD,2Y,2024-05-22,EUR,USD,2.9535232779,4.86,-190.64767221000002,ok,-0.5786682100000178,-7.084371139999973,7.36848796000001,0.6445133765939823,-0.5170869254445001,102.94268621613423,divergent,neutral,2026-06-16 04:59:12.846401
EURUSD,2Y,2024-05-23,EUR,USD,3.0028329815,4.91,-190.71670185,ok,-0.06902963999996814,-2.306924529999975,4.849176709999995,0.6192172074135295,-0.5167493343771145,136.60356838147703,divergent,neutral,2026-06-16 04:59:12.846401
EURUSD,2Y,2024-05-24,EUR,USD,3.0330994089,4.93,-189.69005910999996,ok,1.0266427400000282,-0.5615385499999661,7.579470920000034,0.5743956079849626,-0.42857962910968284,120.36950639171317,divergent,neutral,2026-06-16 04:59:12.846401
EURUSD,2Y,2024-05-28,EUR,USD,2.9725027088,4.94,-196.74972912000004,ok,-7.059670010000076,-8.040150940000018,4.080450709999923,0.36110309289473624,-0.9925297855153946,86.35193292620525,divergent,neutral,2026-06-16 04:59:12.846401
EURUSD,2Y,2024-05-29,EUR,USD,3.0272376639,4.96,-193.27623361000002,ok,3.4734955100000207,-3.207229610000013,11.438492199999956,0.12996098960150027,-0.7052460330745253,31.484508507317877,divergent,neutral,2026-06-16 04:59:12.846401
EURUSD,2Y,2024-05-30,EUR,USD,3.0169714126,4.92,-190.30285874,ok,2.973374870000015,0.3448134700000196,14.021469649999972,-0.06974090019548966,-0.45584073718849016,75.72233902026105,confirmed,neutral,2026-06-16 04:59:12.846401
EURUSD,2Y,2024-05-31,EUR,USD,3.0193484923,4.89,-187.06515077,ok,3.2377079700000024,3.65155107999999,3.023827759999989,-0.01950605375939767,-0.17712358054743227,91.37603751814494,confirmed,neutral,2026-06-16 04:59:12.846401
EURUSD,2Y,2024-06-03,EUR,USD,2.9779859652,4.82,-184.20140348000004,ok,2.8637472899999636,5.488655629999926,6.268456409999914,0.06107844262406193,0.0702266710292709,127.86227644994153,confirmed,neutral,2026-06-16 04:59:12.846401
EURUSD,2Y,2024-06-04,EUR,USD,2.9277644372,4.77,-184.22355627999997,ok,-0.022152799999929584,12.526172840000072,6.8246564200000535,0.12278833372180378,0.07372132500822876,103.52639690999199,confirmed,long_base,2026-06-16 04:59:12.846401
EURUSD,2Y,2024-06-05,EUR,USD,2.935561114,4.72,-178.44388859999998,ok,5.779667679999989,14.83234501000004,13.668236080000042,0.24000365451879838,0.5711504394912474,75.88954781319713,confirmed,long_base,2026-06-16 04:59:12.846401
EURUSD,2Y,2024-06-06,EUR,USD,2.9664368423,4.72,-175.35631576999998,ok,3.087572829999999,14.946542970000024,17.125428929999998,0.3749373145563927,0.8347670198602218,71.94510717786429,confirmed,long_base,2026-06-16 04:59:12.846401
EURUSD,2Y,2024-06-07,EUR,USD,3.0231188867,4.87,-184.68811133000003,ok,-9.331795560000046,2.377039439999976,2.736062919999938,0.43066346027067876,0.04249720346532601,-79.53491362287846,divergent,neutral,2026-06-16 04:59:12.846401
EURUSD,2Y,2024-06-10,EUR,USD,3.0191670638,4.87,-185.08329362000003,ok,-0.39518229000000815,-0.8818901399999959,7.492194740000002,0.395293225789471,0.010721000210561459,-95.79108158345173,confirmed,neutral,2026-06-16 04:59:12.846401
EURUSD,2Y,2024-06-11,EUR,USD,2.9634554635,4.81,-184.65445364999997,ok,0.42883997000006957,-0.4308973699999967,7.294066259999994,0.364682320180451,0.054505525083412984,-121.86821676906656,confirmed,neutral,2026-06-16 04:59:12.846401
EURUSD,2Y,2024-06-12,EUR,USD,2.9281543851,4.75,-182.18456149,ok,2.469892159999972,-3.7406728900000132,4.862279479999955,0.43578199822556796,0.27109652486781977,-43.73768438886927,confirmed,neutral,2026-06-16 04:59:12.846401
EURUSD,2Y,2024-06-13,EUR,USD,2.8987005515,4.68,-178.12994484999996,ok,4.0546166400000345,-2.773629079999978,5.433356220000093,0.6124963342406056,0.6233060010461202,-107.42583379399262,confirmed,neutral,2026-06-16 04:59:12.846401
EURUSD,2Y,2024-06-14,EUR,USD,2.7627458678,4.67,-190.72541321999998,ok,-12.59546837000002,-6.037301889999952,-2.315635899999961,0.5245816381353422,-0.4605079369147392,-113.16397228637531,confirmed,neutral,2026-06-16 04:59:12.846401
EURUSD,2Y,2024-06-17,EUR,USD,2.7914537869,4.75,-195.85462131,ok,-5.12920809000002,-10.771327689999964,-6.7261007500000005,0.35552612251879606,-0.8982307638389012,-97.91628250046203,confirmed,neutral,2026-06-16 04:59:12.846401
EURUSD,2Y,2024-06-18,EUR,USD,2.7938622283,4.69,-189.61377717000002,ok,6.240844139999979,-4.959323520000055,-0.9041989899999976,0.2923548400902286,-0.3514874897763899,-99.57037228255805,confirmed,neutral,2026-06-16 04:59:12.846401
EURUSD,2Y,2024-06-20,EUR,USD,2.8161233418,4.7,-188.38766582000002,ok,1.2261113499999965,-6.203104330000031,1.6813381799999831,0.22659451360902483,-0.24172104399410782,-133.90224122677762,confirmed,neutral,2026-06-16 04:59:12.846401
EURUSD,2Y,2024-06-21,EUR,USD,2.7675013428,4.7,-193.24986572,ok,-4.862199899999979,-15.119920870000044,-2.602193509999978,0.07970899399247788,-0.6603905618067883,-101.19339696882612,confirmed,neutral,2026-06-16 04:59:12.846401
EURUSD,2Y,2024-06-24,EUR,USD,2.8073327872,4.71,-190.26672127999998,ok,2.983144440000018,0.45869193999999425,0.44998057000000813,-0.021737045218043052,-0.3944954715045588,-104.01106500691482,divergent,neutral,2026-06-16 04:59:12.846401
EURUSD,2Y,2024-06-25,EUR,USD,2.7992322474,4.65,-185.07677526000003,ok,5.189946019999951,10.777846049999965,4.613283849999931,-0.0335075124135294,0.0673565905924961,-132.22637893223643,divergent,neutral,2026-06-16 04:59:12.846401
EURUSD,2Y,2024-06-26,EUR,USD,2.8076536727,4.71,-190.23463273000002,ok,-5.157857469999982,-0.6208555599999954,6.515096390000025,-0.23736740054135316,-0.38069031026333483,-208.48804906895447,confirmed,neutral,2026-06-16 04:59:12.846401
EURUSD,2Y,2024-06-27,EUR,USD,2.809586269,4.7,-189.04137310000002,ok,1.19325963,-0.6537072799999919,4.234860510000004,-0.37913319400752166,-0.2670776224586832,-159.99338338678837,confirmed,neutral,2026-06-16 04:59:12.846401
EURUSD,2Y,2024-06-28,EUR,USD,2.7993707466,4.71,-191.06292534,ok,-2.021552239999977,2.18694038000001,-0.7600665999999876,-0.5091984922180476,-0.4424653341910608,-148.9805865420868,divergent,neutral,2026-06-16 04:59:12.846401
EURUSD,2Y,2024-07-01,EUR,USD,2.8738448081,4.77,-189.61551918999996,ok,1.4474061500000346,0.6512020900000266,-2.5503684199999554,-0.5663218976315789,-0.30522305860277815,-60.36086912245331,divergent,neutral,2026-06-16 04:59:12.846401
EURUSD,2Y,2024-07-02,EUR,USD,2.8849534405,4.74,-185.50465595000003,ok,4.110863239999929,-0.42788068999999496,-1.3032524699999897,-0.5156664823759416,0.07810550555516323,-28.574609418487995,confirmed,neutral,2026-06-16 04:59:12.846401
EURUSD,2Y,2024-07-03,EUR,USD,2.9017080189,4.71,-180.82919811,ok,4.6754578400000355,9.405434620000023,3.3943581699999754,-0.39660881516541024,0.5124522410941221,25.73560153484422,confirmed,neutral,2026-06-16 04:59:12.846401
EURUSD,2Y,2024-07-05,EUR,USD,2.8742369158,4.6,-172.57630841999995,ok,8.252889690000046,16.46506468000007,5.867580180000033,-0.07349911107518742,1.2796733506734754,22.473572743164638,confirmed,neutral,2026-06-16 04:59:12.846401
EURUSD,2Y,2024-07-08,EUR,USD,2.843711286,4.62,-177.6288714,ok,-5.0525629800000615,13.434053939999984,-2.272555630000028,0.2173588429774444,0.8123989815202521,119.59822471385273,confirmed,long_base,2026-06-16 04:59:12.846401
EURUSD,2Y,2024-07-09,EUR,USD,2.8615695202,4.62,-175.84304798,ok,1.785823420000014,13.772471209999964,8.845063350000032,0.3898017966391006,0.9781410985901705,104.36813828544888,confirmed,long_base,2026-06-16 04:59:12.846401
EURUSD,2Y,2024-07-10,EUR,USD,2.8584445118,4.62,-176.15554882,ok,-0.31250084000001266,9.349107130000021,8.927744800000028,0.538239885075188,0.9461160763030788,87.05934933611381,confirmed,neutral,2026-06-16 04:59:12.846401
EURUSD,2Y,2024-07-11,EUR,USD,2.7946898478,4.5,-170.53101522,ok,5.624533600000007,10.298182889999993,14.123438429999965,0.7603744307819553,1.4549290600543614,126.08719944871672,confirmed,long_base,2026-06-16 04:59:12.846401
EURUSD,2Y,2024-07-12,EUR,USD,2.8310235521,4.45,-161.89764479000002,ok,8.633370429999985,10.678663629999932,20.286916699999978,1.1236028837593994,2.2257234226965883,147.38996929375637,confirmed,long_base,2026-06-16 04:59:12.846401
EURUSD,2Y,2024-07-15,EUR,USD,2.7754653648,4.44,-166.45346352000004,ok,-4.555818730000027,11.175407879999966,11.676481329999916,1.4552618331052611,1.7979042665319325,192.95160777418107,confirmed,long_base,2026-06-16 04:59:12.846401
EURUSD,2Y,2024-07-16,EUR,USD,2.7614783971,4.43,-166.85216028999997,ok,-0.39869676999992976,8.990887690000022,23.873252930000007,1.5647906793984958,1.761427959958159,200.51086763288595,confirmed,neutral,2026-06-16 04:59:12.846401
EURUSD,2Y,2024-07-17,EUR,USD,2.7626279177,4.42,-165.73720822999996,ok,1.1149520600000074,10.418340590000042,30.117413080000034,1.5733602876391024,1.860115854646347,193.80928421013354,confirmed,long_base,2026-06-16 04:59:12.846401
EURUSD,2Y,2024-07-18,EUR,USD,2.7456871835,4.46,-171.43128165000002,ok,-5.694073420000052,-0.9002664300000163,18.182495520000003,1.5538362912180494,1.3709341853232562,178.53974657067394,divergent,neutral,2026-06-16 04:59:12.846401
EURUSD,2Y,2024-07-19,EUR,USD,2.7681083283,4.49,-172.18916717000005,ok,-0.7578855200000305,-10.291522380000032,16.198498649999976,1.5155029131654154,1.336149622312879,185.58573742708086,divergent,neutral,2026-06-16 04:59:12.846401
EURUSD,2Y,2024-07-22,EUR,USD,2.7666766314,4.5,-173.33233685999997,ok,-1.1431696899999224,-6.878873339999927,19.917528860000033,1.359708317586466,1.2373544131851812,165.23679272584468,divergent,neutral,2026-06-16 04:59:12.846401
EURUSD,2Y,2024-07-23,EUR,USD,2.7539063343,4.4,-164.60936657000005,ok,8.722970289999921,2.2427937199999235,25.657354709999936,1.3456786927067708,2.0651744167089316,106.84775824646664,confirmed,neutral,2026-06-16 04:59:12.846401
EURUSD,2Y,2024-07-24,EUR,USD,2.721389585,4.37,-164.86104150000003,ok,-0.25167492999997876,0.8761667299999374,20.215733760000006,1.3714177395037603,2.0267282073565474,94.35104549899931,confirmed,neutral,2026-06-16 04:59:12.846401
EURUSD,2Y,2024-07-25,EUR,USD,2.7027505058,4.41,-170.72494942,ok,-5.863907919999974,0.7063322300000152,19.509683310000014,1.2015472187293221,1.4730163014482194,96.11090435429847,confirmed,neutral,2026-06-16 04:59:12.846401
EURUSD,2Y,2024-07-26,EUR,USD,2.6906245201,4.36,-166.93754799,ok,3.7874014299999885,5.251619180000034,22.103825110000002,1.0752855045563874,1.8256377520312144,59.03067370957249,confirmed,neutral,2026-06-16 04:59:12.846401
EURUSD,2Y,2024-07-29,EUR,USD,2.6688958534,4.36,-169.11041466000003,ok,-2.172866670000019,4.221922199999938,21.95251067999996,0.8528247573082689,1.6147258654032244,-16.609762849497667,divergent,neutral,2026-06-16 04:59:12.846401
EURUSD,2Y,2024-07-30,EUR,USD,2.6109896462,4.35,-173.90103537999994,ok,-4.790620719999907,-9.29166880999989,15.714483810000019,0.5517690582631555,1.1621655523548138,-9.144989654154001,confirmed,neutral,2026-06-16 04:59:12.846401
EURUSD,2Y,2024-07-31,EUR,USD,2.5822152139,4.29,-170.77847861,ok,3.1225567699999317,-5.91743710999998,14.72617734000002,0.3365988773007529,1.4438093589713508,-6.186233322562629,confirmed,neutral,2026-06-16 04:59:12.846401
EURUSD,2Y,2024-08-01,EUR,USD,2.5606727906,4.16,-159.93272094000002,ok,10.845757669999983,10.792228479999977,20.89647716999997,0.3280464825714282,2.4283413669601686,-25.706940874036242,divergent,neutral,2026-06-16 04:59:12.846401
EURUSD,2Y,2024-08-02,EUR,USD,2.4705683801,3.88,-140.94316199,ok,18.98955895000003,25.99438600000002,31.633146429999954,0.689659012052633,4.026558839528641,70.61560189416171,confirmed,long_base,2026-06-16 04:59:12.846401
EURUSD,2Y,2024-08-05,EUR,USD,2.3095484768,3.89,-158.04515232000003,ok,-17.101990330000035,11.065262340000004,19.58371907999998,0.679611442503762,2.4611047691281236,41.355658664514735,confirmed,long_base,2026-06-16 04:59:12.846401
EURUSD,2Y,2024-08-06,EUR,USD,2.3366425227,3.99,-165.33574773,ok,-7.29059540999998,8.56528764999993,10.507300249999986,0.5641605202255648,1.7991982079270836,37.0213860512969,confirmed,neutral,2026-06-16 04:59:12.846401
EURUSD,2Y,2024-08-07,EUR,USD,2.4235840543,4.0,-157.64159457,ok,7.694153160000013,13.136884040000012,18.513954250000012,0.5378913963684218,2.4335486937999793,26.7936612804065,confirmed,long_base,2026-06-16 04:59:12.846401
EURUSD,2Y,2024-08-08,EUR,USD,2.4313380332,4.04,-160.86619668000003,ok,-3.224602110000035,-0.9334757400000058,9.66481853999997,0.5265244206390977,2.1255654568257873,11.832691249311633,divergent,neutral,2026-06-16 04:59:12.846401
EURUSD,2Y,2024-08-09,EUR,USD,2.4002093268,4.05,-164.97906731999996,ok,-4.112870639999926,-24.035905329999963,-3.0814225299999407,0.5781849635488757,1.7539798282921029,-21.48041169265702,confirmed,neutral,2026-06-16 04:59:12.846401
EURUSD,2Y,2024-08-12,EUR,USD,2.4018433469,4.01,-160.81566530999999,ok,4.16340200999997,-2.7705129899999577,5.6377982100000565,0.6220224161729322,2.0872825268712023,53.50297391959691,divergent,neutral,2026-06-16 04:59:12.846401
EURUSD,2Y,2024-08-13,EUR,USD,2.3682264916,3.93,-156.17735084,ok,4.638314469999983,9.158396890000006,10.67480944999997,0.7173483998797032,2.4432724564324935,89.092377142439,confirmed,neutral,2026-06-16 04:59:12.846401
EURUSD,2Y,2024-08-14,EUR,USD,2.3650988634,3.94,-157.49011366,ok,-1.312762819999989,0.15148091000000363,8.247094569999973,0.7954727901879753,2.2991315273458355,112.68355848616407,confirmed,neutral,2026-06-16 04:59:12.846401
EURUSD,2Y,2024-08-15,EUR,USD,2.4398204079,4.08,-164.01795921,ok,-6.527845549999995,-3.1517625299999565,7.41332244000003,0.6780341756766938,1.7400606064836297,113.09172688394042,divergent,neutral,2026-06-16 04:59:12.846401
EURUSD,2Y,2024-08-16,EUR,USD,2.4216635162,4.06,-163.83364837999994,ok,0.18431083000004378,1.1454189400000132,8.355518790000104,0.5401141062556392,1.736969986260515,169.13026629020723,confirmed,neutral,2026-06-16 04:59:12.846401
EURUSD,2Y,2024-08-19,EUR,USD,2.4232229273,4.06,-163.67770726999998,ok,0.15594110999995792,-2.862041959999999,9.654629589999985,0.3738070293308292,1.731236403058601,212.53466240430453,divergent,neutral,2026-06-16 04:59:12.846401
EURUSD,2Y,2024-08-20,EUR,USD,2.3907306734,3.99,-159.92693266000003,ok,3.750774609999951,-3.7495818200000315,4.6824339100000145,0.3842953166917317,2.012038428337748,253.2088788964959,divergent,neutral,2026-06-16 04:59:12.846401
EURUSD,2Y,2024-08-21,EUR,USD,2.3497079812,3.92,-157.02920188000002,ok,2.8977307800000176,0.4609117799999751,7.831839620000011,0.4251646893684207,2.2153460289190288,310.3798872354191,confirmed,neutral,2026-06-16 04:59:12.846401
EURUSD,2Y,2024-08-22,EUR,USD,2.3542595388,3.99,-163.57404612000002,ok,-6.544844240000003,0.4439130899999668,7.150903299999982,0.2681710649624071,1.6735211614350356,277.65193191379154,confirmed,neutral,2026-06-16 04:59:12.846401
EURUSD,2Y,2024-08-23,EUR,USD,2.381168929,3.9,-151.88310709999996,ok,11.690939020000059,11.950541279999982,15.054440890000052,0.3272386922932324,2.5611590278101097,339.25238825551094,confirmed,long_base,2026-06-16 04:59:12.846401
EURUSD,2Y,2024-08-26,EUR,USD,2.369541087,3.91,-154.04589130000002,ok,-2.162784200000061,9.631815969999963,15.06452336000001,0.2984627243984935,2.3550709892129107,233.36816440264752,confirmed,neutral,2026-06-16 04:59:12.846401
EURUSD,2Y,2024-08-27,EUR,USD,2.3926134933,3.83,-143.73865067000003,ok,10.307240629999995,16.188281990000007,30.162384709999913,0.31863825284210695,3.086564545383023,244.35625051556943,confirmed,long_base,2026-06-16 04:59:12.846401
EURUSD,2Y,2024-08-28,EUR,USD,2.3545063473,3.83,-147.54936527,ok,-3.810714599999983,9.479836610000007,23.229113339999998,0.28832155974436,2.743370558781993,158.80553399388208,confirmed,neutral,2026-06-16 04:59:12.846401
EURUSD,2Y,2024-08-29,EUR,USD,2.3180484558,3.87,-155.19515442,ok,-7.645789149999985,8.378891700000025,4.73756652000003,0.2850971151729359,2.139418734196666,141.04101263969326,confirmed,neutral,2026-06-16 04:59:12.846401
EURUSD,2Y,2024-08-30,EUR,USD,2.3591456102,3.91,-155.08543898,ok,0.10971544000000222,-3.202331880000031,-14.14227699,0.5761510151654154,2.1230103572050605,108.26096107913186,divergent,neutral,2026-06-16 04:59:12.846401
EURUSD,2Y,2024-09-03,EUR,USD,2.381162134,3.88,-149.88378659999998,ok,5.201652380000013,4.162104700000043,8.161365720000049,0.6927493905488742,2.4768662592126085,124.44216371750416,confirmed,neutral,2026-06-16 04:59:12.846401
EURUSD,2Y,2024-09-04,EUR,USD,2.3375777023,3.76,-142.24222977,ok,7.641556829999985,1.4964209000000324,23.093517960000014,0.7911254687293233,2.9801054814719903,131.67399712877614,confirmed,neutral,2026-06-16 04:59:12.846401
EURUSD,2Y,2024-09-05,EUR,USD,2.2623239828,3.75,-148.76760172000002,ok,-6.525371950000022,-1.2182364500000062,8.87399284999998,0.8830414817894747,2.4633389395251926,104.67537900490154,divergent,neutral,2026-06-16 04:59:12.846401
EURUSD,2Y,2024-09-06,EUR,USD,2.2812464132,3.66,-137.87535868000003,ok,10.892243039999983,17.31979573999996,22.990837999999997,1.066301846541352,3.170559923801021,64.38664680882056,confirmed,long_base,2026-06-16 04:59:12.846401
EURUSD,2Y,2024-09-09,EUR,USD,2.2272159765,3.68,-145.27840235,ok,-7.40304366999996,9.807036629999999,19.700664969999963,1.0442916931203012,2.5999733777085656,12.793641288075808,confirmed,neutral,2026-06-16 04:59:12.846401
EURUSD,2Y,2024-09-10,EUR,USD,2.2133271902,3.59,-137.66728098000002,ok,7.611121369999978,12.216505619999964,23.14838432999997,1.167124711353384,3.0615198598167437,-4.172486983653467,divergent,neutral,2026-06-16 04:59:12.846401
EURUSD,2Y,2024-09-11,EUR,USD,2.1390237934,3.62,-148.09762066000002,ok,-10.430339680000003,-5.855390890000024,8.079730179999984,1.179379820781953,2.3121663428390713,-67.83697475959305,confirmed,neutral,2026-06-16 04:59:12.846401
EURUSD,2Y,2024-09-12,EUR,USD,2.1754847132,3.64,-146.45152868000002,ok,1.6460919799999942,2.316073039999992,11.038584979999968,1.1822727257293228,2.3887878278717705,-43.675578521679135,divergent,neutral,2026-06-16 04:59:12.846401
EURUSD,2Y,2024-09-13,EUR,USD,2.1629372456,3.57,-140.70627544,ok,5.745253240000011,-2.8309167599999796,23.311683769999973,1.1475700555263113,2.723205767498262,-73.1523649012078,confirmed,neutral,2026-06-16 04:59:12.846401
EURUSD,2Y,2024-09-16,EUR,USD,2.1777910624,3.56,-138.22089376000002,ok,2.485381679999989,7.057508589999969,25.61275461999992,1.116227845330825,2.831484774061827,-55.31230453042602,divergent,neutral,2026-06-16 04:59:12.846401
EURUSD,2Y,2024-09-17,EUR,USD,2.1607422865,3.59,-142.92577134999996,ok,-4.704877589999938,-5.258490369999947,20.751935920000022,0.9816199057067634,2.4827044188838387,-60.05791298752228,confirmed,neutral,2026-06-16 04:59:12.846401
EURUSD,2Y,2024-09-18,EUR,USD,2.2050798971,3.61,-140.49201028999997,ok,2.433761059999995,7.605610370000051,19.434922370000066,0.909796819548877,2.594421923690783,-45.23306223352841,divergent,neutral,2026-06-16 04:59:12.846401
EURUSD,2Y,2024-09-19,EUR,USD,2.1915578525,3.59,-139.84421475,ok,0.6477955399999757,6.607313930000032,17.184987130000025,0.8637561521127866,2.5893475013860385,-15.746763413826415,divergent,neutral,2026-06-16 04:59:12.846401
EURUSD,2Y,2024-09-20,EUR,USD,2.2099509708,3.55,-134.00490291999998,ok,5.839311830000014,6.701372520000035,29.569143200000042,0.7719524933007547,2.8964374806322444,34.33893063895521,confirmed,neutral,2026-06-16 04:59:12.846401
EURUSD,2Y,2024-09-23,EUR,USD,2.1511405872,3.57,-141.88594128,ok,-7.881038360000019,-3.6650475199999732,9.997165819999964,0.7076914692105292,2.3696818998082585,59.11856304772867,divergent,neutral,2026-06-16 04:59:12.846401
EURUSD,2Y,2024-09-24,EUR,USD,2.0943300472,3.49,-139.56699528000001,ok,2.3189459999999826,3.358776069999948,14.478896020000008,0.6273756888496246,2.470794984272587,132.46292305742148,confirmed,neutral,2026-06-16 04:59:12.846401
EURUSD,2Y,2024-09-25,EUR,USD,2.0974194602,3.53,-143.25805398,ok,-3.691058699999985,-2.766043690000032,0.48059669000002714,0.6353036272030106,2.2150419874254355,56.56456130839427,divergent,neutral,2026-06-16 04:59:12.846401
EURUSD,2Y,2024-09-26,EUR,USD,2.0416181686,3.6,-155.83818314,ok,-12.580129160000013,-15.99396839000002,-8.288817870000003,0.40262355501503955,1.4456599457062733,116.21487079694015,divergent,neutral,2026-06-16 04:59:12.846401
EURUSD,2Y,2024-09-27,EUR,USD,2.0119940033,3.55,-153.80059967,ok,2.0375834700000155,-19.79569675000002,1.3945547499999975,0.09079321930827333,1.5527589296316406,73.82604850136865,divergent,neutral,2026-06-16 04:59:12.846401
EURUSD,2Y,2024-09-30,EUR,USD,2.0342844512,3.66,-162.57155488,ok,-8.770955210000011,-20.68561360000001,-7.486115900000016,-0.34670120230075047,1.021272965325037,48.72546808030842,divergent,neutral,2026-06-16 04:59:12.846401
EURUSD,2Y,2024-10-01,EUR,USD,1.9456250509,3.61,-166.43749491,ok,-3.86594002999999,-26.870499629999983,-16.55370831000002,-0.7460346681127785,0.7849670181022181,-20.114190877357217,confirmed,short_base,2026-06-16 04:59:12.846401
EURUSD,2Y,2024-10-02,EUR,USD,2.0007264821,3.63,-162.92735179,ok,3.5101431200000093,-19.66929780999999,-20.685122019999994,-0.94967427728571,0.9871455476047323,9.605625634332426,divergent,neutral,2026-06-16 04:59:12.846401
EURUSD,2Y,2024-10-03,EUR,USD,2.0212892241,3.7,-167.87107759000003,ok,-4.943725800000038,-12.032894450000015,-19.10347587000001,-1.2958652827819535,0.6874360544271485,13.702359346641213,divergent,neutral,2026-06-16 04:59:12.846401
EURUSD,2Y,2024-10-04,EUR,USD,2.1022005749,3.93,-182.77994251,ok,-14.908864919999985,-28.979342840000015,-44.90458382999998,-1.6543302566240627,-0.1985141199680307,-32.969428348259555,confirmed,short_base,2026-06-16 04:59:12.846401
EURUSD,2Y,2024-10-07,EUR,USD,2.1576127679,3.99,-183.23872321000005,ok,-0.4587807000000339,-20.667168330000038,-37.96032086000005,-2.068713713706766,-0.22683609506271976,-89.40505003070531,confirmed,short_base,2026-06-16 04:59:12.846401
EURUSD,2Y,2024-10-08,EUR,USD,2.1763718703,3.98,-180.36281297,ok,2.875910240000053,-13.925318059999995,-42.69553198999998,-2.264753948947369,-0.05921717712341475,-101.01647831302517,confirmed,short_base,2026-06-16 04:59:12.846401
EURUSD,2Y,2024-10-09,EUR,USD,2.1768275104,3.99,-181.31724896000003,ok,-0.9544359900000359,-18.38989717000004,-33.21962830000001,-2.57491475043609,-0.1204869997435707,-170.4540349174699,confirmed,short_base,2026-06-16 04:59:12.846401
EURUSD,2Y,2024-10-10,EUR,USD,2.1884832799,3.98,-179.15167201000003,ok,2.165576950000002,-11.28059442,-32.70014333,-2.7781934840827085,0.007448098845128569,-169.57381765869584,confirmed,short_base,2026-06-16 04:59:12.846401
EURUSD,2Y,2024-10-11,EUR,USD,2.1920214757,3.95,-175.79785243000003,ok,3.3538195799999926,6.982090079999978,-35.09157699000002,-2.793672836736849,0.20449359568909178,-160.69966438424177,divergent,neutral,2026-06-16 04:59:12.846401
EURUSD,2Y,2024-10-15,EUR,USD,2.1480490822,3.95,-180.19509178,ok,-4.397239349999978,3.0436314300000333,-41.97419801999999,-2.7799577370526327,-0.06292956015132133,-247.24216110618258,divergent,neutral,2026-06-16 04:59:12.846401
EURUSD,2Y,2024-10-16,EUR,USD,2.1075010731,3.93,-182.24989269000002,ok,-2.0548009100000115,-1.887079720000031,-39.32412134000006,-2.8067653822105285,-0.18840076066376235,-226.9843127019411,confirmed,neutral,2026-06-16 04:59:12.846401
EURUSD,2Y,2024-10-17,EUR,USD,2.1011632395,3.96,-185.88367605,ok,-3.633783359999967,-4.566427089999962,-45.39166576000002,-2.7879223949624077,-0.4086406862012011,-323.29839423102635,confirmed,neutral,2026-06-16 04:59:12.846401
EURUSD,2Y,2024-10-18,EUR,USD,2.0328800201,3.95,-191.71199799000001,ok,-5.8283219400000235,-12.560325979999988,-51.86778324000002,-2.773854655082708,-0.7609021909697604,-237.29514088556724,confirmed,short_base,2026-06-16 04:59:12.846401
EURUSD,2Y,2024-10-21,EUR,USD,2.1254694639,4.02,-189.45305360999996,ok,2.2589443800000595,-13.65520117999992,-55.44815068999998,-2.557319954203008,-0.6284731070463287,-310.52061029036236,confirmed,short_base,2026-06-16 04:59:12.846401
EURUSD,2Y,2024-10-22,EUR,USD,2.1273525065,4.03,-190.26474935000005,ok,-0.8116957400000899,-10.069657570000032,-48.37880807000005,-2.3934376768120282,-0.6813240951503827,-333.69445513882215,confirmed,short_base,2026-06-16 04:59:12.846401
EURUSD,2Y,2024-10-23,EUR,USD,2.0778460531,4.07,-199.21539469000004,ok,-8.950645339999994,-16.965502000000015,-59.648399410000025,-2.2480567372556397,-1.224390448185077,-319.8491447043506,confirmed,short_base,2026-06-16 04:59:12.846401
EURUSD,2Y,2024-10-24,EUR,USD,2.0604909137,4.07,-200.95090863000004,ok,-1.7355139400000041,-15.067232580000052,-57.692854650000044,-2.0960518869774454,-1.330055667932647,-217.54455731896937,confirmed,short_base,2026-06-16 04:59:12.846401
EURUSD,2Y,2024-10-25,EUR,USD,2.0891054524,4.11,-202.08945476000002,ok,-1.1385461299999804,-10.377456770000009,-46.25127162000001,-2.072189427323308,-1.3938390748981047,-227.5072878379103,confirmed,short_base,2026-06-16 04:59:12.846401
EURUSD,2Y,2024-10-28,EUR,USD,2.047174035,4.12,-207.28259650000004,ok,-5.193141740000016,-17.829542890000084,-53.48199683000004,-2.0207915518421085,-1.697992097857421,-142.42885391702154,confirmed,short_base,2026-06-16 04:59:12.846401
EURUSD,2Y,2024-10-29,EUR,USD,2.0905380679,4.11,-201.94619321000005,ok,5.336403289999993,-11.681443860000002,-39.37463833000004,-1.9512240547368431,-1.370294840002126,-137.4595506130072,confirmed,short_base,2026-06-16 04:59:12.846401
EURUSD,2Y,2024-10-30,EUR,USD,2.1631326224,4.15,-198.68673776000003,ok,3.2594554500000186,0.528656930000011,-32.24924285000003,-1.8369240842631551,-1.1716423141714902,-105.70246578338383,divergent,neutral,2026-06-16 04:59:12.846401
EURUSD,2Y,2024-10-31,EUR,USD,2.2433129773,4.16,-191.66870227,ok,7.018035490000017,9.282206360000032,-28.741350480000023,-1.518448049481203,-0.75387130750386,-83.2779058431199,divergent,neutral,2026-06-16 04:59:12.846401
EURUSD,2Y,2024-11-01,EUR,USD,2.1952562375,4.21,-201.47437624999998,ok,-9.805673979999966,0.6150785100000462,-33.60329865999995,-1.3748918240676706,-1.3386847856388024,-97.53734208457487,divergent,neutral,2026-06-16 04:59:12.846401
EURUSD,2Y,2024-11-04,EUR,USD,2.2221182741,4.17,-194.78817259,ok,6.68620365999999,12.494423910000052,-12.008230079999976,-1.3206902576466177,-0.938450495448316,-56.51422457545574,divergent,neutral,2026-06-16 04:59:12.846401
EURUSD,2Y,2024-11-05,EUR,USD,2.2263637944,4.19,-196.36362056000002,ok,-1.5754479700000275,5.5825726500000314,-13.12489734999997,-1.2781815077443577,-1.0347312843819354,9.978943513686556,confirmed,neutral,2026-06-16 04:59:12.846401
EURUSD,2Y,2024-11-06,EUR,USD,2.1549863148,4.27,-211.50136851999997,ok,-15.137747959999956,-12.814630759999943,-31.138555549999978,-1.3867805033308263,-1.9385633983753345,-162.70968924741004,confirmed,short_base,2026-06-16 04:59:12.846401
EURUSD,2Y,2024-11-07,EUR,USD,2.1580280616,4.21,-205.19719383999998,ok,6.3041746799999885,-13.528491569999971,-23.879944879999954,-1.373565007015042,-1.55551527884867,-80.67480152896267,confirmed,short_base,2026-06-16 04:59:12.846401
EURUSD,2Y,2024-11-08,EUR,USD,2.1485568177,4.26,-211.14431822999998,ok,-5.947124389999999,-9.669941980000004,-31.992646219999955,-1.375205418744362,-1.9022997762769722,-129.38933758184555,confirmed,neutral,2026-06-16 04:59:12.846401
EURUSD,2Y,2024-11-12,EUR,USD,2.0692720316,4.34,-227.07279683999997,ok,-15.928478609999985,-32.28462424999998,-51.27494440999993,-1.503331236466165,-2.7977142887816866,-231.41119422898205,confirmed,short_base,2026-06-16 04:59:12.846401
EURUSD,2Y,2024-11-13,EUR,USD,2.0985880386,4.27,-217.14119613999995,ok,9.931600700000018,-20.777575579999933,-36.946104359999936,-1.4819019596240566,-2.1912844854157543,-230.7841668747057,confirmed,short_base,2026-06-16 04:59:12.846401
EURUSD,2Y,2024-11-14,EUR,USD,2.0649425177,4.34,-227.50574823,ok,-10.364552090000046,-16.004379710000023,-45.25585553999997,-1.58542388586466,-2.7446881056050128,-247.0313628869414,confirmed,short_base,2026-06-16 04:59:12.846401
EURUSD,2Y,2024-11-15,EUR,USD,2.087979243,4.31,-222.20207569999997,ok,5.3036725300000285,-17.004881859999983,-36.318399649999975,-1.602500670308268,-2.409767344897058,-223.46316892850825,confirmed,short_base,2026-06-16 04:59:12.846401
EURUSD,2Y,2024-11-18,EUR,USD,2.1396008737,4.29,-215.03991263,ok,7.162163069999963,-3.8955944000000216,-23.32791463999999,-1.554672840548867,-1.9920910914753713,-185.27954050673978,confirmed,neutral,2026-06-16 04:59:12.846401
EURUSD,2Y,2024-11-19,EUR,USD,2.100254494,4.27,-216.97455059999996,ok,-1.9346379699999545,10.098246240000009,-27.521496990000003,-1.4637355823458602,-2.084137913908457,-175.0648388291953,divergent,neutral,2026-06-16 04:59:12.846401
EURUSD,2Y,2024-11-20,EUR,USD,2.1028413895,4.31,-220.71586104999997,ok,-3.7413104500000145,-3.574664910000024,-30.451111699999927,-1.3976761550526273,-2.2678628090105555,-251.44209436473997,confirmed,neutral,2026-06-16 04:59:12.846401
EURUSD,2Y,2024-11-21,EUR,USD,2.0626525434,4.34,-227.73474566,ok,-7.018884610000015,-0.22899742999999262,-28.519350969999948,-1.52742134154135,-2.6109525477476856,-324.1309832989836,confirmed,neutral,2026-06-16 04:59:12.846401
EURUSD,2Y,2024-11-22,EUR,USD,1.9917460703,4.37,-237.82539297,ok,-10.090647310000008,-15.62331727000003,-36.87448433999995,-1.785835242082702,-3.096210771066056,-404.210642647953,confirmed,short_base,2026-06-16 04:59:12.846401
EURUSD,2Y,2024-11-25,EUR,USD,1.9688081202,4.21,-224.11918797999996,ok,13.706204990000032,-9.07927534999996,-22.02973321999994,-1.8109729059624007,-2.326721574260654,-359.09791649357925,confirmed,neutral,2026-06-16 04:59:12.846401
EURUSD,2Y,2024-11-26,EUR,USD,2.0073401995,4.21,-220.26598004999997,ok,3.8532079299999964,-3.2914294500000096,-12.983383549999928,-1.829934298736841,-2.100280841436864,-350.32696570309054,confirmed,neutral,2026-06-16 04:59:12.846401
EURUSD,2Y,2024-11-27,EUR,USD,1.9921060501,4.19,-219.78939499,ok,0.47658505999996237,0.9264660599999672,-17.84320177999996,-1.7383044491578923,-2.0532374334065318,-286.568262289052,divergent,neutral,2026-06-16 04:59:12.846401
EURUSD,2Y,2024-11-29,EUR,USD,1.9120084184,4.13,-221.79915816,ok,-2.009763169999985,5.935587499999997,-23.112420399999962,-1.5970885335789438,-2.1333487710559553,-146.01872990728347,divergent,neutral,2026-06-16 04:59:12.846401
EURUSD,2Y,2024-12-02,EUR,USD,1.8564459333,4.17,-231.35540667,ok,-9.556248510000017,6.469986299999988,-39.686704399999996,-1.4468238477744388,-2.589779142116811,-202.83256516952508,divergent,neutral,2026-06-16 04:59:12.846401
EURUSD,2Y,2024-12-03,EUR,USD,1.8753282922,4.17,-229.46717078,ok,1.8882358900000042,-5.34798280000004,-27.992794530000026,-1.3647315400676725,-2.4557930055527857,-189.76589627748953,confirmed,neutral,2026-06-16 04:59:12.846401
EURUSD,2Y,2024-12-04,EUR,USD,1.9043105134,4.13,-222.56894866,ok,6.898222120000014,-2.302968610000022,-27.78077607,-1.036427137473682,-2.0806364296963284,-141.42228807757618,confirmed,neutral,2026-06-16 04:59:12.846401
EURUSD,2Y,2024-12-05,EUR,USD,1.9630802353,4.15,-218.69197647000001,ok,3.876972189999975,1.0974185199999908,-22.32835591,-0.6358373090300751,-1.865172066583254,-28.35182638509459,divergent,neutral,2026-06-16 04:59:12.846401
EURUSD,2Y,2024-12-06,EUR,USD,1.9622855999,4.1,-213.77144000999996,ok,4.920536460000051,8.027718150000027,-2.2700714899999923,-0.3703947005864708,-1.6053728456707028,1.5143341188927906,confirmed,neutral,2026-06-16 04:59:12.846401
EURUSD,2Y,2024-12-09,EUR,USD,1.9488705956,4.13,-218.11294044,ok,-4.341500430000025,13.24246623000002,-12.915746600000006,-0.06402028530827272,-1.8053309376497164,13.947663054820758,confirmed,neutral,2026-06-16 04:59:12.846401
EURUSD,2Y,2024-12-10,EUR,USD,1.9444423681,4.15,-220.55576319000005,ok,-2.4428227500000617,8.911407589999953,-9.411444960000068,0.13297687339849526,-1.9054596919058913,-4.84045481293105,divergent,neutral,2026-06-16 04:59:12.846401
EURUSD,2Y,2024-12-11,EUR,USD,1.9140376769,4.15,-223.59623231000003,ok,-3.040469119999983,-1.0272836500000437,3.4765645299999335,0.049189013932324784,-2.0363848152065778,-83.4395205059224,confirmed,neutral,2026-06-16 04:59:12.846401
EURUSD,2Y,2024-12-12,EUR,USD,1.9672665227,4.18,-221.27334772999995,ok,2.3228845800000784,-2.5813712599999405,-4.1321515900000065,0.15017205120300764,-1.905317772806733,-125.7660035825392,confirmed,neutral,2026-06-16 04:59:12.846401
EURUSD,2Y,2024-12-13,EUR,USD,1.9997336276,4.25,-225.02663724,ok,-3.7532895100000587,-11.25519723000005,2.479110989999981,0.04009960621804835,-2.0655871206159584,-41.628736155362446,confirmed,neutral,2026-06-16 04:59:12.846401
EURUSD,2Y,2024-12-16,EUR,USD,2.000605868,4.25,-224.9394132,ok,0.0872240400000237,-6.8264727600000015,-2.7373375000000237,0.01128743033834676,-2.040995823624007,93.76829537492969,divergent,neutral,2026-06-16 04:59:12.846401
EURUSD,2Y,2024-12-17,EUR,USD,1.9851802289,4.25,-226.48197711,ok,-1.5425639100000126,-5.926213919999952,-11.442064479999999,0.07764170948119889,-2.0953099739570322,14.409359403775301,divergent,neutral,2026-06-16 04:59:12.846401
EURUSD,2Y,2024-12-18,EUR,USD,1.9759524375,4.35,-237.40475624999993,ok,-10.922779139999932,-13.808523939999901,-20.430205649999976,-0.025384516691731883,-2.5763549266243073,-89.14465179964859,confirmed,short_base,2026-06-16 04:59:12.846401
EURUSD,2Y,2024-12-19,EUR,USD,2.0137551282,4.32,-230.62448718000002,ok,6.7802690699999175,-9.351139450000062,-9.908626130000044,-0.0599009652857175,-2.236302085626548,-121.52347547608633,confirmed,neutral,2026-06-16 04:59:12.846401
EURUSD,2Y,2024-12-20,EUR,USD,1.960729092,4.3,-233.92709079999997,ok,-3.3026036199999567,-8.90045355999996,-6.192345139999986,-0.23752176976691666,-2.3533303845553517,-129.2381105672269,confirmed,neutral,2026-06-16 04:59:12.846401
EURUSD,2Y,2024-12-23,EUR,USD,1.9977993063,4.3,-230.22006936999998,ok,3.7070214299999975,-5.280656169999986,7.60532360000002,-0.5121993382030103,-2.1536627717776797,-161.51605704126771,confirmed,neutral,2026-06-16 04:59:12.846401
EURUSD,2Y,2024-12-24,EUR,USD,2.0031476754,4.29,-228.68523245999998,ok,1.5348369099999957,-2.203255349999978,-4.566044480000016,-0.5599734789097711,-2.058899207321177,-141.02941036997606,confirmed,neutral,2026-06-16 04:59:12.846401
EURUSD,2Y,2024-12-27,EUR,USD,2.0076965659,4.31,-230.23034340999996,ok,-1.5451109499999802,7.174412839999974,-9.964363359999993,-0.5621142756766919,-2.1019832159074925,-85.42374171209177,divergent,neutral,2026-06-16 04:59:12.846401
EURUSD,2Y,2024-12-30,EUR,USD,2.0111511629,4.24,-222.88488371000003,ok,7.345459699999935,7.739603469999992,-3.09548872000002,-0.43681090155639235,-1.7563613128955273,-153.0192196682223,divergent,neutral,2026-06-16 04:59:12.846401
EURUSD,2Y,2025-01-02,EUR,USD,2.0076200899,4.25,-224.23799101,ok,-1.3531072999999765,9.689099789999972,-2.4388328500000114,-0.35791586415037707,-1.7974881936290468,-250.0213652894756,divergent,neutral,2026-06-16 04:59:12.846401
EURUSD,2Y,2025-01-03,EUR,USD,2.0886587479,4.28,-219.13412521000004,ok,5.103865799999966,11.08594415999994,12.221281459999972,-0.35332917472180014,-1.5584912977464822,-189.88968313646492,divergent,neutral,2026-06-16 04:59:12.846401
EURUSD,2Y,2025-01-06,EUR,USD,2.1595698444,4.28,-212.04301556000001,ok,7.091109650000021,16.642216899999966,17.42415521999999,-0.23600453482706601,-1.2389892419350441,-112.934096384395,divergent,neutral,2026-06-16 04:59:12.846401
EURUSD,2Y,2025-01-07,EUR,USD,2.103299616,4.3,-219.67003839999995,ok,-7.627022839999938,10.560305010000008,2.8989102600000365,-0.1449198046165404,-1.5585770956535994,-159.9489990104286,divergent,neutral,2026-06-16 04:59:12.846401
EURUSD,2Y,2025-01-08,EUR,USD,2.1490938371,4.28,-213.09061629,ok,6.579422109999939,9.794267420000011,5.60136018,0.09701275684210778,-1.2626079911499364,-193.78149662451327,divergent,neutral,2026-06-16 04:59:12.846401
EURUSD,2Y,2025-01-09,EUR,USD,2.1646834993,4.27,-210.53165006999996,ok,2.558966220000059,13.706340940000047,3.2397899400000085,0.44477156151879904,-1.1430670028431795,-188.67205366671524,divergent,neutral,2026-06-16 04:59:12.846401
EURUSD,2Y,2025-01-10,EUR,USD,2.2202151764,4.4,-217.97848236000004,ok,-7.4468322900000885,1.1556428499999924,0.13445807999994486,0.612725176406018,-1.4550642032314194,-106.85370896373226,divergent,neutral,2026-06-16 04:59:12.846401
EURUSD,2Y,2025-01-13,EUR,USD,2.2442257115,4.4,-215.57742885000005,ok,2.401053509999997,-3.534413290000032,4.9783343400000035,0.7762064775939792,-1.3419297960299719,-154.91012335258182,confirmed,neutral,2026-06-16 04:59:12.846401
EURUSD,2Y,2025-01-14,EUR,USD,2.2686086924,4.37,-210.13913076,ok,5.438298090000046,9.530907639999953,13.457101550000033,0.9618841272857103,-1.1015550828039575,-122.1055052905995,divergent,neutral,2026-06-16 04:59:12.846401
EURUSD,2Y,2025-01-15,EUR,USD,2.2012399722,4.27,-206.87600277999996,ok,3.2631279800000357,6.214613510000049,14.39734494999999,1.210618772992477,-0.9555152009839394,-104.76739715493899,divergent,neutral,2026-06-16 04:59:12.846401
EURUSD,2Y,2025-01-16,EUR,USD,2.235734602,4.23,-199.42653980000006,ok,7.4494629799999075,11.105110269999898,25.600097439999956,1.4848617096842092,-0.6324166794624217,-90.23395413267576,divergent,neutral,2026-06-16 04:59:12.846401
EURUSD,2Y,2025-01-17,EUR,USD,2.2064343832,4.27,-206.35656167999997,ok,-6.930021879999913,11.621920680000073,18.58285152000002,1.622985168360899,-0.923265156269131,-123.18373705416774,divergent,neutral,2026-06-16 04:59:12.846401
EURUSD,2Y,2025-01-21,EUR,USD,2.1747840711,4.29,-211.52159289000002,ok,-5.165031210000052,4.055835960000024,14.96038421999998,1.6350220570075156,-1.135847576588636,-22.53288842864354,divergent,neutral,2026-06-16 04:59:12.846401
EURUSD,2Y,2025-01-22,EUR,USD,2.1747840711,4.29,-211.52159289000002,ok,0.0,-1.3824621300000217,25.883163359999912,1.4520971934887144,-1.1268451877223062,2.0181440762678804,divergent,neutral,2026-06-16 04:59:12.846401
EURUSD,2Y,2025-01-23,EUR,USD,2.1875774122,4.29,-210.24225878000001,ok,1.2793341100000077,-3.3662560000000497,20.382228400000002,1.3555833614285706,-1.0638608413920903,60.85427815234689,divergent,neutral,2026-06-16 04:59:12.846401
EURUSD,2Y,2025-01-24,EUR,USD,2.2401136815,4.27,-202.98863184999996,ok,7.253626930000053,-3.5620920499999045,30.938458950000012,1.2798964307593983,-0.7489666035924337,136.41589457717984,divergent,neutral,2026-06-16 04:59:12.846401
EURUSD,2Y,2025-01-27,EUR,USD,2.2016690685,4.17,-196.83309314999997,ok,6.155538699999994,9.523468530000002,33.38697622000001,1.3041536861278156,-0.4822089542463496,126.4238449149091,confirmed,neutral,2026-06-16 04:59:12.846401
EURUSD,2Y,2025-01-28,EUR,USD,2.2021654345,4.19,-198.78345655000004,ok,-1.9503634000000716,12.738136339999983,29.90177590999994,1.2745768949323302,-0.5602286015213639,118.38798264936834,confirmed,long_base,2026-06-16 04:59:12.846401
EURUSD,2Y,2025-01-29,EUR,USD,2.1948520403,4.21,-201.51479597000002,ok,-2.7313394199999834,10.00679692,28.715547439999938,1.1366194039248145,-0.6716618984358266,39.872485095973076,confirmed,long_base,2026-06-16 04:59:12.846401
EURUSD,2Y,2025-01-30,EUR,USD,2.1240844937,4.18,-205.59155062999997,ok,-4.076754659999949,4.6507081500000425,17.293333080000053,1.013222228917292,-0.8392169542706626,53.2804718851243,confirmed,neutral,2026-06-16 04:59:12.846401
EURUSD,2Y,2025-01-31,EUR,USD,2.0552152666,4.22,-216.47847334,ok,-10.886922710000022,-13.489841490000032,7.759517670000008,0.6869277223684246,-1.2920380585349363,45.57266415855299,divergent,neutral,2026-06-16 04:59:12.846401
EURUSD,2Y,2025-02-03,EUR,USD,1.9872366835,4.26,-227.27633164999997,ok,-10.797858309999981,-30.443238500000007,-8.142206439999939,0.27529700421805003,-1.7328918451451063,85.83984374999964,divergent,neutral,2026-06-16 04:59:12.846401
EURUSD,2Y,2025-02-04,EUR,USD,1.9974569542,4.21,-221.25430458,ok,6.022027069999979,-22.470848029999956,-9.211289019999981,0.07390405287969914,-1.4645087853545198,125.25749543586429,divergent,neutral,2026-06-16 04:59:12.846401
EURUSD,2Y,2025-02-05,EUR,USD,1.9988268412,4.17,-217.11731587999998,ok,4.136988700000018,-15.602519909999955,2.552722519999975,-0.1749641738721781,-1.279333027980079,131.13923557322326,divergent,neutral,2026-06-16 04:59:12.846401
EURUSD,2Y,2025-02-06,EUR,USD,2.0061366048,4.21,-220.38633952,ok,-3.2690236400000288,-14.794788890000035,-7.295723229999993,-0.3704858065563902,-1.4044824867314567,76.45883060681813,divergent,neutral,2026-06-16 04:59:12.846401
EURUSD,2Y,2025-02-07,EUR,USD,2.0135594267,4.29,-227.64405732999998,ok,-7.257717809999974,-11.165583989999988,-17.112407260000026,-0.6183133800751816,-1.6917945910644088,30.111704711024423,divergent,neutral,2026-06-16 04:59:12.846401
EURUSD,2Y,2025-02-10,EUR,USD,1.9758389315,4.28,-230.41610685,ok,-2.7720495200000244,-3.139775200000031,-12.437624489999962,-0.9975902802481147,-1.7878061610325098,28.721643462175095,divergent,neutral,2026-06-16 04:59:12.846401
EURUSD,2Y,2025-02-11,EUR,USD,2.0216543109,4.29,-226.83456891000003,ok,3.5815379399999756,-5.580264330000034,-11.257140059999983,-1.2690877867744352,-1.6231212667091726,80.34706820746251,divergent,neutral,2026-06-16 04:59:12.846401
EURUSD,2Y,2025-02-12,EUR,USD,2.0731938112,4.36,-228.68061888000005,ok,-1.8460499700000241,-11.563303000000076,-18.541488120000054,-1.4641615409849655,-1.6819998534750422,-27.63703362505754,confirmed,short_base,2026-06-16 04:59:12.846401
EURUSD,2Y,2025-02-13,EUR,USD,2.0349752962,4.31,-227.50247037999998,ok,1.178148500000077,-7.11613085999997,-20.626467600000012,-1.5629995919473711,-1.618130620637977,53.5283546517773,divergent,neutral,2026-06-16 04:59:12.846401
EURUSD,2Y,2025-02-14,EUR,USD,2.0624994984,4.26,-219.75005016,ok,7.752420219999976,7.8940071699999805,-20.323510359999943,-1.4024484384285685,-1.291000444933703,80.3251438838548,confirmed,neutral,2026-06-16 04:59:12.846401
EURUSD,2Y,2025-02-18,EUR,USD,2.0741708107,4.29,-221.58291893,ok,-1.8328687700000046,8.83318792,-15.226357250000035,-1.3469408528721833,-1.354140544274364,-18.533910368478956,divergent,neutral,2026-06-16 04:59:12.846401
EURUSD,2Y,2025-02-19,EUR,USD,2.1285716169,4.28,-215.14283831000003,ok,6.440080619999975,11.6917306,-3.621245420000008,-1.2580884621503765,-1.0849290906028437,-15.617664248962493,divergent,neutral,2026-06-16 04:59:12.846401
EURUSD,2Y,2025-02-20,EUR,USD,2.1062244707,4.28,-217.37755293000004,ok,-2.2347146200000054,11.303065950000018,-5.855960040000014,-1.1957150841654123,-1.1661209764840297,70.00987810608983,confirmed,neutral,2026-06-16 04:59:12.846401
EURUSD,2Y,2025-02-21,EUR,USD,2.0427070281,4.19,-214.72929719,ok,2.6482557400000246,12.773173189999966,-4.487038409999997,-1.0665035141127839,-1.0510996012257843,31.176555230465475,confirmed,neutral,2026-06-16 04:59:12.846401
EURUSD,2Y,2025-02-24,EUR,USD,2.026742961,4.13,-210.32570389999998,ok,4.403593290000032,9.424346260000021,-7.3370720500000175,-0.7531050907819572,-0.8687473100178009,97.39194224049896,confirmed,neutral,2026-06-16 04:59:12.846401
EURUSD,2Y,2025-02-25,EUR,USD,2.015339264,4.07,-205.46607360000002,ok,4.859630299999964,16.11684532999999,-8.632980450000048,-0.2620574700827116,-0.6683804764458601,267.1103867586644,confirmed,neutral,2026-06-16 04:59:12.846401
EURUSD,2Y,2025-02-26,EUR,USD,2.0144299849,4.05,-203.55700151,ok,1.9090720900000235,11.585836800000038,-4.773544959999953,0.2384493229548856,-0.5875455852645212,154.6296923866408,confirmed,long_base,2026-06-16 04:59:12.846401
EURUSD,2Y,2025-02-27,EUR,USD,1.992752704,4.07,-207.72472960000005,ok,-4.167728090000054,9.65282332999999,-6.209933630000023,0.643468994481199,-0.7501454937294404,21.59827213823018,confirmed,neutral,2026-06-16 04:59:12.846401
EURUSD,2Y,2025-02-28,EUR,USD,1.974536006,3.99,-201.5463994,ok,6.178330200000033,13.182897789999998,4.045151229999959,1.0817189616466139,-0.49829019678480196,-22.887916526422856,divergent,neutral,2026-06-16 04:59:12.846401
EURUSD,2Y,2025-03-03,EUR,USD,2.0318952758,3.96,-192.81047241999997,ok,8.735926980000045,17.51523148000001,23.668000920000026,1.4667861718571444,-0.14559252907695377,154.07708696494328,confirmed,long_base,2026-06-16 04:59:12.846401
EURUSD,2Y,2025-03-04,EUR,USD,1.9743120874,3.96,-198.56879126,ok,-5.758318840000044,6.897282340000004,28.707540389999963,1.5635082058947398,-0.37424821053611984,304.0884620980644,confirmed,neutral,2026-06-16 04:59:12.846401
EURUSD,2Y,2025-03-05,EUR,USD,2.1420782115,3.99,-184.79217885000003,ok,13.776612409999984,18.764822659999965,36.46212572999997,1.9089543929248145,0.17965691644630669,479.2000388330675,confirmed,long_base,2026-06-16 04:59:12.846401
EURUSD,2Y,2025-03-06,EUR,USD,2.2259304935,3.96,-173.40695065,ok,11.385228200000029,34.31777895000005,43.71036522999998,2.4275373070526305,0.6359383735406747,409.2444272893947,confirmed,long_base,2026-06-16 04:59:12.846401
EURUSD,2Y,2025-03-07,EUR,USD,2.180223707,3.99,-180.97762930000002,ok,-7.570678650000019,20.568770099999995,39.40871021999999,2.7206216337744356,0.3322049453220067,420.7082371054671,confirmed,long_base,2026-06-16 04:59:12.846401
EURUSD,2Y,2025-03-10,EUR,USD,2.1478681152,3.89,-174.21318848,ok,6.764440820000004,18.597283939999954,53.43086884999997,2.9364840666090233,0.6041731375272925,331.41746018129584,confirmed,long_base,2026-06-16 04:59:12.846401
EURUSD,2Y,2025-03-11,EUR,USD,2.1484797044,3.94,-179.15202956,ok,-4.938841079999975,19.416761700000023,51.26407729000002,2.957675252721803,0.40681079547408466,405.49946130450377,confirmed,long_base,2026-06-16 04:59:12.846401
EURUSD,2Y,2025-03-12,EUR,USD,2.1770756347,4.01,-183.29243652999997,ok,-4.140406969999987,1.4997423200000526,43.542132380000055,2.899179528857141,0.24397554454171824,381.88615901113775,confirmed,neutral,2026-06-16 04:59:12.846401
EURUSD,2Y,2025-03-13,EUR,USD,2.1416020912,3.94,-179.83979088,ok,3.4526456499999654,-6.432840230000011,48.840828000000045,2.795382266060153,0.38430842391763215,389.45625436690443,divergent,neutral,2026-06-16 04:59:12.846401
EURUSD,2Y,2025-03-14,EUR,USD,2.1719678102,4.02,-184.80321897999997,ok,-4.963428099999959,-3.8255896799999505,42.69925140000001,2.5658363781503786,0.18716308701998788,437.49880045294896,divergent,neutral,2026-06-16 04:59:12.846401
EURUSD,2Y,2025-03-17,EUR,USD,2.1424126111,4.06,-191.75873888999996,ok,-6.9555199099999925,-17.545550409999947,27.99131127000004,2.2951231545488753,-0.09007486819136917,440.8530171177194,divergent,neutral,2026-06-16 04:59:12.846401
EURUSD,2Y,2025-03-18,EUR,USD,2.1649719311,4.04,-187.50280689,ok,4.255931999999973,-8.35077733,34.08011204000002,2.0141767289097707,0.08562738656098869,443.8779407271598,divergent,neutral,2026-06-16 04:59:12.846401
EURUSD,2Y,2025-03-19,EUR,USD,2.1373179128,3.99,-185.26820872000002,ok,2.2345981699999697,-1.9757721900000433,29.874629590000012,1.8155903289624087,0.17861769302418057,430.54745676840867,divergent,neutral,2026-06-16 04:59:12.846401
EURUSD,2Y,2025-03-20,EUR,USD,2.1097935149,3.95,-184.02064851,ok,1.2475602100000174,-4.180857629999991,33.356904420000035,1.554616995022554,0.23156591317599323,316.337781833389,divergent,neutral,2026-06-16 04:59:12.846401
EURUSD,2Y,2025-03-21,EUR,USD,2.1078266368,3.94,-183.21733632,ok,0.803312190000014,1.5858826599999816,31.511960870000024,1.2967733553007548,0.26584443200830393,309.41302109157573,confirmed,neutral,2026-06-16 04:59:12.846401
EURUSD,2Y,2025-03-24,EUR,USD,2.1035268227,4.04,-193.64731773,ok,-10.42998141000001,-1.8885788400000365,16.678386169999982,0.9120739941954881,-0.15485168079410927,412.0601077621533,divergent,neutral,2026-06-16 04:59:12.846401
EURUSD,2Y,2025-03-25,EUR,USD,2.1131294674,3.96,-184.68705326,ok,8.960264469999998,2.815753629999989,20.779020340000017,0.7070291360150393,0.20962507825670826,361.98964646222186,confirmed,neutral,2026-06-16 04:59:12.846401
EURUSD,2Y,2025-03-26,EUR,USD,2.0864188814,3.98,-189.35811185999998,ok,-4.671058599999981,-4.0899031399999615,14.198889650000012,0.4341514656616601,0.021193274670737842,243.96524592040114,divergent,neutral,2026-06-16 04:59:12.846401
EURUSD,2Y,2025-03-27,EUR,USD,2.0491543401,3.97,-192.08456599000004,ok,-2.7264541300000644,-8.063917480000043,15.640163610000002,0.03516650383458992,-0.08807725903035192,167.184411183281,divergent,neutral,2026-06-16 04:59:12.846401
EURUSD,2Y,2025-03-28,EUR,USD,2.0213322345,3.89,-186.86677655000003,ok,5.217789440000018,-3.649440230000039,14.679622849999987,-0.21524506976691749,0.12504090023402453,27.422388156492783,divergent,neutral,2026-06-16 04:59:12.846401
EURUSD,2Y,2025-03-31,EUR,USD,1.9946853961,3.89,-189.53146039,ok,-2.664683839999981,4.115857339999991,3.2790120299999614,-0.3878624870375925,0.019911881176322106,-10.988808037528663,divergent,neutral,2026-06-16 04:59:12.846401
EURUSD,2Y,2025-04-01,EUR,USD,1.9946997438,3.87,-187.53002562,ok,2.001434770000003,-2.8429723600000045,11.038765640000008,-0.6277396479699232,0.1033107631594659,-60.77348066298449,confirmed,neutral,2026-06-16 04:59:12.846401
EURUSD,2Y,2025-04-02,EUR,USD,1.9895064102,3.91,-192.04935898000002,ok,-4.519333360000019,-2.6912471200000425,-7.257180129999995,-0.7312529025187999,-0.07840101505807334,60.06089122612801,divergent,neutral,2026-06-16 04:59:12.846401
EURUSD,2Y,2025-04-03,EUR,USD,1.9439000041,3.71,-176.60999959,ok,15.439359390000021,15.474566400000043,-3.203048940000002,-0.4235240661879699,0.5521065416433836,120.40023456971083,confirmed,neutral,2026-06-16 04:59:12.846401
EURUSD,2Y,2025-04-04,EUR,USD,1.8215221075,3.68,-185.84778925,ok,-9.237789660000004,1.0189873000000205,-4.870159949999987,-0.3624840699398527,0.17800354225018616,66.23672509462608,confirmed,neutral,2026-06-16 04:59:12.846401
EURUSD,2Y,2025-04-07,EUR,USD,1.7878631774,3.73,-194.21368225999998,ok,-8.36589300999998,-4.682221869999978,-20.00049377999997,-0.3068263218646628,-0.16037765017174951,35.0296510826098,divergent,neutral,2026-06-16 04:59:12.846401
EURUSD,2Y,2025-04-08,EUR,USD,1.9048767912,3.71,-180.51232088,ok,13.70136137999998,7.017704739999999,-1.360291320000016,-0.1033406105563931,0.3994911198004637,90.17207147584472,confirmed,neutral,2026-06-16 04:59:12.846401
EURUSD,2Y,2025-04-09,EUR,USD,1.7508397125,3.91,-215.91602875,ok,-35.403707870000005,-23.866669769999987,-32.623592220000035,-0.4689514505714315,-1.0399548707152222,29.95054039201195,divergent,neutral,2026-06-16 04:59:12.846401
EURUSD,2Y,2025-04-10,EUR,USD,1.8313708594,3.84,-200.86291406,ok,15.053114690000001,-24.252914470000007,-21.02312318,-0.5159443039699253,-0.4236545402946852,291.72189971202744,divergent,neutral,2026-06-16 04:59:12.846401
EURUSD,2Y,2025-04-11,EUR,USD,1.7300159396,3.96,-222.99840603999996,ok,-22.135491979999955,-37.15061678999996,-38.195187059999995,-0.925914669669171,-1.3150833787282208,406.8184942491859,divergent,neutral,2026-06-16 04:59:12.846401
EURUSD,2Y,2025-04-14,EUR,USD,1.7391264376,3.84,-210.08735624,ok,12.911049799999972,-15.873673980000007,-18.32861735000003,-1.2038290938571412,-0.786503684038547,484.54971744619434,divergent,neutral,2026-06-16 04:59:12.846401
EURUSD,2Y,2025-04-15,EUR,USD,1.7747438536,3.84,-206.52561464,ok,3.561741600000005,-26.013293759999982,-19.02280775,-1.3361007382706762,-0.63941884842831,422.119271304382,divergent,neutral,2026-06-16 04:59:12.846401
EURUSD,2Y,2025-04-16,EUR,USD,1.7290503897,3.77,-204.09496103000004,ok,2.4306536099999505,11.821067719999974,-18.826752310000018,-1.3697599047443616,-0.5382522073310348,549.0548221658553,confirmed,neutral,2026-06-16 04:59:12.846401
EURUSD,2Y,2025-04-17,EUR,USD,1.7046384892,3.81,-210.53615108,ok,-6.44119004999996,-9.673237019999988,-26.515502569999995,-1.447426847097747,-0.7985145767109365,540.0971377725061,divergent,neutral,2026-06-16 04:59:12.846401
EURUSD,2Y,2025-04-22,EUR,USD,1.6718726322,3.76,-208.81273678,ok,1.7234143000000017,14.185669259999969,-25.595400460000008,-1.447916772285715,-0.7273719099743319,486.9079956390787,confirmed,neutral,2026-06-16 04:59:12.846401
EURUSD,2Y,2025-04-23,EUR,USD,1.7433495911,3.81,-206.66504089000003,ok,2.147695889999966,3.4223153499999626,-13.017723160000031,-1.54391992061654,-0.640542867538517,473.22344762556145,confirmed,neutral,2026-06-16 04:59:12.846401
EURUSD,2Y,2025-04-24,EUR,USD,1.6777609946,3.77,-209.22390054,ok,-2.5588596499999596,-2.698285900000002,-24.53684727999999,-1.5154248232030083,-0.7442669617658281,535.9458958680774,divergent,neutral,2026-06-16 04:59:12.846401
EURUSD,2Y,2025-04-25,EUR,USD,1.715780973,3.74,-202.4219027,ok,6.801997839999984,1.673058330000032,-13.063790840000024,-1.4266143702105245,-0.47078009444186925,420.66745536082584,confirmed,neutral,2026-06-16 04:59:12.846401
EURUSD,2Y,2025-04-28,EUR,USD,1.7363224447,3.67,-193.36775552999998,ok,9.054147170000022,17.168395550000014,-1.2831895399999382,-1.2318634351278177,-0.1060817700303222,410.8676407509138,confirmed,neutral,2026-06-16 04:59:12.846401
EURUSD,2Y,2025-04-29,EUR,USD,1.745149545,3.65,-190.48504549999998,ok,2.8827100299999984,18.32769128000001,-3.6182689499999583,-0.9116151708045105,0.0077051092885871576,370.5659552771512,confirmed,neutral,2026-06-16 04:59:12.846401
EURUSD,2Y,2025-04-30,EUR,USD,1.6995058817,3.6,-190.04941183000003,ok,0.4356336699999588,16.615629060000003,-0.5179514400000187,-0.6217765177669173,0.02301137857238178,373.1698825426477,confirmed,neutral,2026-06-16 04:59:12.846401
EURUSD,2Y,2025-05-02,EUR,USD,1.7503686787,3.83,-207.96313213,ok,-17.913720299999966,1.2607684099999972,-20.433106509999988,-0.5554676787518791,-0.7047482164778642,314.0438510780119,confirmed,neutral,2026-06-16 04:59:12.846401
EURUSD,2Y,2025-05-05,EUR,USD,1.7418307971,3.83,-208.81692029,ok,-0.8537881600000219,-6.395017590000009,-16.76756130999999,-0.5419872326541394,-0.7370237348933559,-38.21970163974897,confirmed,neutral,2026-06-16 04:59:12.846401
EURUSD,2Y,2025-05-06,EUR,USD,1.7671821893,3.78,-201.28178106999997,ok,7.5351392200000475,-7.914025539999983,-24.671781479999964,-0.15186820385714375,-0.4301631612527501,-2.027861047435575,confirmed,neutral,2026-06-16 04:59:12.846401
EURUSD,2Y,2025-05-07,EUR,USD,1.7320107645,3.78,-204.79892354999998,ok,-3.517142480000018,-14.31387805,-18.95113429999998,0.07924651890977122,-0.5713630916067853,-29.375441072687636,confirmed,neutral,2026-06-16 04:59:12.846401
EURUSD,2Y,2025-05-08,EUR,USD,1.7413589325,3.9,-215.86410674999996,ok,-11.065183199999979,-25.814694919999937,-21.650424489999978,0.04869209475188601,-1.0159151269879543,-58.88499273899339,confirmed,neutral,2026-06-16 04:59:12.846401
EURUSD,2Y,2025-05-09,EUR,USD,1.773598502,3.88,-210.6401498,ok,5.223956949999973,-2.677017669999998,-30.127828919999985,0.34165994127819743,-0.8029591951504652,-131.01892885663324,confirmed,neutral,2026-06-16 04:59:12.846401
EURUSD,2Y,2025-05-12,EUR,USD,1.8797796809,3.98,-210.02203191,ok,0.6181178899999793,-1.2051116199999967,5.89399684,0.12975713553383345,-0.7765672162876298,-258.82125705656847,confirmed,neutral,2026-06-16 04:59:12.846401
EURUSD,2Y,2025-05-13,EUR,USD,1.8788957042,4.02,-214.11042957999996,ok,-4.088397669999949,-12.828648509999994,-13.24751551999995,0.08826625390977506,-0.9363776938218084,-229.89308923205832,confirmed,neutral,2026-06-16 04:59:12.846401
EURUSD,2Y,2025-05-14,EUR,USD,1.8873503967,4.05,-216.26496032999998,ok,-2.1545307500000206,-11.466036779999996,6.733445709999984,-0.31359033056391034,-1.0171045710044446,-288.7864022859721,confirmed,short_base,2026-06-16 04:59:12.846401
EURUSD,2Y,2025-05-15,EUR,USD,1.8674987143,3.96,-209.25012857000002,ok,7.014831759999964,6.613978179999947,0.8372276699999759,-0.4215018339699249,-0.7308706822632725,-139.7307583873697,divergent,neutral,2026-06-16 04:59:12.846401
EURUSD,2Y,2025-05-16,EUR,USD,1.8362162012,3.98,-214.37837987999998,ok,-5.128251309999968,-3.738230079999994,-7.8527652399999965,-0.5476950340902231,-0.9320391002152032,-148.28937612541006,confirmed,neutral,2026-06-16 04:59:12.846401
EURUSD,2Y,2025-05-19,EUR,USD,1.8145949522,3.97,-215.54050478000005,ok,-1.162124900000066,-5.518472870000039,-11.445543750000013,-0.6403026077518827,-0.9732055701450466,-115.0244658006827,confirmed,neutral,2026-06-16 04:59:12.846401
EURUSD,2Y,2025-05-20,EUR,USD,1.8402949154,3.97,-212.97050846000002,ok,2.5699963200000298,1.13992111999994,-2.434357380000023,-0.7806876050751818,-0.8648590213564291,-49.97884493336046,divergent,neutral,2026-06-16 04:59:12.846401
EURUSD,2Y,2025-05-21,EUR,USD,1.8425789682,4.0,-215.74210318000002,ok,-2.771594719999996,0.5228571499999646,-6.929366400000021,-0.9297943201578952,-0.970311875598906,-66.3598509752339,divergent,neutral,2026-06-16 04:59:12.846401
EURUSD,2Y,2025-05-22,EUR,USD,1.8221230663,4.0,-217.78769337,ok,-2.0455901899999844,-8.537564799999984,-11.12265247999997,-1.0637926646541345,-1.0456669943187038,-95.08173693174693,confirmed,neutral,2026-06-16 04:59:12.846401
EURUSD,2Y,2025-05-23,EUR,USD,1.7386811942,4.0,-226.13188058000003,ok,-8.34418721000003,-11.753500700000046,-16.90798004000004,-1.3406709374812076,-1.3671381885121385,32.94500039745962,divergent,neutral,2026-06-16 04:59:12.846401
EURUSD,2Y,2025-05-27,EUR,USD,1.7746946262,3.92,-214.53053738,ok,11.60134320000003,1.0099674000000505,-12.108634679999994,-1.3189902362330799,-0.9001352413344141,13.779701439800007,confirmed,neutral,2026-06-16 04:59:12.846401
EURUSD,2Y,2025-05-28,EUR,USD,1.7958959811,3.96,-216.41040188999997,ok,-1.879864509999976,-3.4398934299999553,-23.042646359999992,-1.162996050593988,-0.9685194413554322,-72.84299858557274,confirmed,neutral,2026-06-16 04:59:12.846401
EURUSD,2Y,2025-05-29,EUR,USD,1.7724631081,3.92,-214.75368919,ok,1.6567126999999857,0.9884139900000264,-24.268643690000005,-0.9031674704812034,-0.8974735418116541,32.45235764614662,confirmed,neutral,2026-06-16 04:59:12.846401
EURUSD,2Y,2025-05-30,EUR,USD,1.780577865,3.89,-210.9422135,ok,3.8114756899999804,6.845479869999991,-20.892801669999983,-0.5455166102481233,-0.7425159682925296,37.69010944287609,confirmed,neutral,2026-06-16 04:59:12.846401
EURUSD,2Y,2025-06-02,EUR,USD,1.8072703241,3.94,-213.27296758999998,ok,-2.330754089999971,12.85891299000005,-5.309835459999988,-0.4725927054060141,-0.8297937313096483,184.15436599679813,confirmed,neutral,2026-06-16 04:59:12.846401
EURUSD,2Y,2025-06-03,EUR,USD,1.7609713344,3.96,-219.90286656,ok,-6.629898970000028,-5.372329180000008,-11.085946269999994,-0.49987779369924634,-1.0841410897895682,139.2995831700472,divergent,neutral,2026-06-16 04:59:12.846401
EURUSD,2Y,2025-06-04,EUR,USD,1.7934058136,3.87,-207.65941864000004,ok,12.243447919999966,8.750983249999933,-6.377637570000076,-0.2166100048195527,-0.599352337043636,293.0970771407715,confirmed,neutral,2026-06-16 04:59:12.846401
EURUSD,2Y,2025-06-05,EUR,USD,1.8250862266,3.92,-209.49137734,ok,-1.8319586999999729,5.262311849999975,-4.69245379000003,-0.005456450706763544,-0.6677119014503969,239.32556143613226,confirmed,neutral,2026-06-16 04:59:12.846401
EURUSD,2Y,2025-06-06,EUR,USD,1.8622240107,4.04,-217.77759892999998,ok,-8.286221589999968,-6.835385429999974,-1.91349218000002,-0.08033458819548733,-0.988070917018772,189.87228562229453,divergent,neutral,2026-06-16 04:59:12.846401
EURUSD,2Y,2025-06-09,EUR,USD,1.8561998473,4.01,-215.38001526999997,ok,2.3975836600000093,-2.1070476799999938,-4.739865469999984,-0.035600567902251946,-0.8892225695193282,237.34007096011032,divergent,neutral,2026-06-16 04:59:12.846401
EURUSD,2Y,2025-06-10,EUR,USD,1.8336509094,4.01,-217.63490905999996,ok,-2.254893789999983,2.267957500000051,-7.612877149999946,-0.006191942631577837,-0.9714345383341908,222.3731722140787,confirmed,neutral,2026-06-16 04:59:12.846401
EURUSD,2Y,2025-06-11,EUR,USD,1.8054730197,3.94,-213.45269803,ok,4.182211029999962,-5.793279389999952,0.6577315499999656,0.02985684263909941,-0.8029730629547333,247.32685784492503,divergent,neutral,2026-06-16 04:59:12.846401
EURUSD,2Y,2025-06-12,EUR,USD,1.7980167692,3.9,-210.19832308000002,ok,3.2543749499999706,-0.706945740000009,6.066637249999957,0.07738872204511359,-0.6714854255980096,283.75014395691124,divergent,neutral,2026-06-16 04:59:12.846401
EURUSD,2Y,2025-06-13,EUR,USD,1.8343448481,3.96,-212.56551519,ok,-2.3671921099999906,5.212083739999969,-3.315386619999998,0.19274131000000155,-0.7587283215408323,188.76083234790508,confirmed,neutral,2026-06-16 04:59:12.846401
EURUSD,2Y,2025-06-16,EUR,USD,1.8311404697,3.97,-213.88595303000005,ok,-1.3204378400000394,1.49406223999992,0.49242684999993,0.21324365492481123,-0.8041849870220066,170.9627438552008,confirmed,neutral,2026-06-16 04:59:12.846401
EURUSD,2Y,2025-06-17,EUR,USD,1.8499896246,3.94,-209.00103754,ok,4.884915490000054,8.633871519999957,6.53946724000005,0.2844406748195505,-0.6089009159533205,94.24672949781998,confirmed,neutral,2026-06-16 04:59:12.846401
EURUSD,2Y,2025-06-18,EUR,USD,1.8339061542,3.94,-210.60938458000004,ok,-1.6083470400000408,2.843313449999954,2.3611238799999796,0.3634064123684259,-0.6670991895403713,76.83324113344491,confirmed,neutral,2026-06-16 04:59:12.846401
EURUSD,2Y,2025-06-20,EUR,USD,1.836071063,3.9,-206.3928937,ok,4.216490880000038,3.805429380000021,9.349209480000013,0.45529514979698504,-0.4995419403505235,257.6227114055718,confirmed,neutral,2026-06-16 04:59:12.846401
EURUSD,2Y,2025-06-23,EUR,USD,1.8549831431,3.84,-198.50168569,ok,7.891208010000014,14.063829500000026,19.28600768000001,0.6135576761278199,-0.19036430844342886,222.64726362458464,confirmed,long_base,2026-06-16 04:59:12.846401
EURUSD,2Y,2025-06-24,EUR,USD,1.8486111052,3.75,-190.13888948,ok,8.362796209999999,23.747063550000064,35.99299110000004,0.7305368800676676,0.13638925507338986,228.5819988372717,confirmed,long_base,2026-06-16 04:59:12.846401
EURUSD,2Y,2025-06-25,EUR,USD,1.8509723862,3.74,-188.90276138000002,ok,1.2361280999999735,20.098276159999983,25.627775999999983,0.9942293613759383,0.1863029191342594,200.81899223790776,confirmed,long_base,2026-06-16 04:59:12.846401
EURUSD,2Y,2025-06-26,EUR,USD,1.816880051,3.7,-188.3119949,ok,0.5907664800000134,22.297389680000038,28.098406989999972,1.1981412835939869,0.20893289107600657,271.43359100491926,confirmed,long_base,2026-06-16 04:59:12.846401
EURUSD,2Y,2025-06-27,EUR,USD,1.8455372589,3.73,-188.44627411,ok,-0.13427920999998832,17.94661959000001,26.30741508,1.384040309368424,0.20254290886025092,258.92036250602104,confirmed,long_base,2026-06-16 04:59:12.846401
EURUSD,2Y,2025-06-30,EUR,USD,1.8448999837,3.72,-187.51000163000003,ok,0.9362724799999569,10.991684059999955,23.432211869999975,1.603935828714285,0.23867400794800994,344.7579760389696,confirmed,long_base,2026-06-16 04:59:12.846401
EURUSD,2Y,2025-07-01,EUR,USD,1.8239814624,3.78,-195.60185375999998,ok,-8.09185212999995,-5.462964279999994,17.671113829999996,1.6361956712932322,-0.0754069155278635,349.7251470704299,divergent,neutral,2026-06-16 04:59:12.846401
EURUSD,2Y,2025-07-02,EUR,USD,1.8483808664,3.78,-193.16191335999997,ok,2.4399404000000118,-4.259151979999956,26.740953200000035,1.572056086481204,0.019625908696540365,325.92048030386735,divergent,neutral,2026-06-16 04:59:12.846401
EURUSD,2Y,2025-07-03,EUR,USD,1.8348212146,3.88,-204.51787854,ok,-11.355965180000027,-16.205883639999996,3.141540100000043,1.4987940667067663,-0.42040248366383803,289.9311020179751,divergent,neutral,2026-06-16 04:59:12.846401
EURUSD,2Y,2025-07-07,EUR,USD,1.83026981,3.9,-206.97301899999997,ok,-2.455140459999967,-18.526744889999975,2.5183583400000487,1.3568088276541346,-0.5124744555171636,165.0831045324219,divergent,neutral,2026-06-16 04:59:12.846401
EURUSD,2Y,2025-07-08,EUR,USD,1.8665369634,3.9,-203.34630365999996,ok,3.626715340000004,-15.836302029999928,14.431295270000021,1.1320117249849662,-0.3691732018843193,160.9520177506596,divergent,neutral,2026-06-16 04:59:12.846401
EURUSD,2Y,2025-07-09,EUR,USD,1.8470333959,3.86,-201.29666041,ok,2.049643249999974,-5.694806650000004,14.083354859999986,0.9526506283834599,-0.2874782454478816,159.60669586442043,divergent,neutral,2026-06-16 04:59:12.846401
EURUSD,2Y,2025-07-10,EUR,USD,1.8672876318,3.86,-199.27123681999998,ok,2.0254235900000026,-6.109323460000013,18.36367223999997,0.745442591105266,-0.20737306621091334,191.7851170568552,divergent,neutral,2026-06-16 04:59:12.846401
EURUSD,2Y,2025-07-11,EUR,USD,1.903209113,3.9,-199.6790887,ok,-0.4078518800000097,4.838789840000004,13.77360933,0.5708284646766953,-0.22168149435150708,182.4709388452228,confirmed,neutral,2026-06-16 04:59:12.846401
EURUSD,2Y,2025-07-14,EUR,USD,1.8699459982,3.9,-203.00540017999998,ok,-3.326311479999987,3.9676188199999842,7.192922900000042,0.3793682759699289,-0.348409431012678,126.83502765020948,confirmed,neutral,2026-06-16 04:59:12.846401
EURUSD,2Y,2025-07-15,EUR,USD,1.8413199979,3.95,-210.86800021000002,ok,-7.8626000300000385,-7.521696550000058,1.697514979999994,0.02739208675188683,-0.6495225995269266,93.48232531849243,divergent,neutral,2026-06-16 04:59:12.846401
EURUSD,2Y,2025-07-16,EUR,USD,1.8309948522,3.88,-204.90051478,ok,5.967485430000011,-3.603854370000022,8.985438250000044,-0.26273598324060204,-0.4128351166246652,32.24721716862389,divergent,neutral,2026-06-16 04:59:12.846401
EURUSD,2Y,2025-07-17,EUR,USD,1.827158467,3.91,-208.28415329999999,ok,-3.383638519999977,-9.012916480000001,0.716884240000013,-0.5375834390150335,-0.5400037496436002,2.4973949587070443,divergent,neutral,2026-06-16 04:59:12.846401
EURUSD,2Y,2025-07-18,EUR,USD,1.8421399825,3.88,-203.78600175,ok,4.498151549999989,-4.106913050000003,6.8233828300000425,-0.7746445616090221,-0.36075472123151386,-53.41048180705465,confirmed,neutral,2026-06-16 04:59:12.846401
EURUSD,2Y,2025-07-21,EUR,USD,1.8098318192,3.85,-204.01681808000004,ok,-0.23081633000003876,-1.0114179000000547,2.376075619999966,-0.9586876146165452,-0.36571929122326896,-18.521363582049144,confirmed,neutral,2026-06-16 04:59:12.846401
EURUSD,2Y,2025-07-22,EUR,USD,1.7986465081,3.83,-203.13534919,ok,0.8814688900000363,7.73265102000002,-4.6336635000000115,-1.0091132797443603,-0.32679074183680473,9.80701500046921,confirmed,neutral,2026-06-16 04:59:12.846401
EURUSD,2Y,2025-07-23,EUR,USD,1.7905376433,3.88,-208.94623567,ok,-5.8108864799999935,-4.045720889999984,-18.807346190000004,-1.0035395431503775,-0.5480211854219421,-11.029754884909204,confirmed,neutral,2026-06-16 04:59:12.846401
EURUSD,2Y,2025-07-24,EUR,USD,1.8858153399,3.91,-202.41846601000003,ok,6.5277696599999615,5.865687289999954,-13.515704630000016,-0.8569124185714311,-0.287348976392183,-42.7784836933498,divergent,neutral,2026-06-16 04:59:12.846401
EURUSD,2Y,2025-07-25,EUR,USD,1.9267637335,3.91,-198.32362665,ok,4.094839360000037,5.462375100000003,-10.011631749999992,-0.6221353291954912,-0.12193701842053989,-49.92160020341751,divergent,neutral,2026-06-16 04:59:12.846401
EURUSD,2Y,2025-07-28,EUR,USD,1.8843251375,3.91,-202.56748624999997,ok,-4.243859599999979,1.4493318300000624,-14.121212139999983,-0.4350499182481241,-0.28396195306537136,-149.16878328901873,divergent,neutral,2026-06-16 04:59:12.846401
EURUSD,2Y,2025-07-29,EUR,USD,1.9076732152,3.86,-195.23267847999998,ok,7.334807769999998,7.902670710000024,-7.722676849999942,-0.10716338400000652,0.009249979756498923,-194.7368421052631,divergent,neutral,2026-06-16 04:59:12.846401
EURUSD,2Y,2025-07-30,EUR,USD,1.9284117853,3.94,-201.15882146999996,ok,-5.926142989999988,7.787414200000029,-5.556967709999981,0.019910926308271213,-0.22084861571438874,-262.85967468452577,divergent,neutral,2026-06-16 04:59:12.846401
EURUSD,2Y,2025-07-31,EUR,USD,1.9362248244,3.94,-200.37751756,ok,0.7813039099999628,2.0409484500000303,-7.21560420000003,0.20502843820300595,-0.1859354241613673,-257.26544573626995,divergent,neutral,2026-06-16 04:59:12.846401
EURUSD,2Y,2025-08-01,EUR,USD,1.8822516117,3.69,-180.77483883,ok,19.602678730000008,17.54878782,23.743039710000005,0.5017300369323352,0.5953767321388375,-131.88161324950153,divergent,neutral,2026-06-16 04:59:12.846401
EURUSD,2Y,2025-08-04,EUR,USD,1.8777986574,3.69,-181.22013425999998,ok,-0.4452954299999874,21.347351989999993,25.752884739999985,0.7176010775789503,0.5816153662876424,-86.77643514873546,divergent,neutral,2026-06-16 04:59:12.846401
EURUSD,2Y,2025-08-05,EUR,USD,1.8794618579,3.72,-184.05381421,ok,-2.8336799500000325,11.178864269999963,19.292489449999948,0.9115287600375924,0.4715530538232135,-88.85312697950786,divergent,neutral,2026-06-16 04:59:12.846401
EURUSD,2Y,2025-08-06,EUR,USD,1.8796763767,3.69,-181.03236232999998,ok,3.021451880000029,20.12645913999998,20.264298080000003,1.1519715666090256,0.595517612214928,-1.7145306472365895,divergent,neutral,2026-06-16 04:59:12.846401
EURUSD,2Y,2025-08-07,EUR,USD,1.8910557398,3.72,-182.89442602000003,ok,-1.862063690000042,17.483091539999975,16.37681079999996,1.367321207105265,0.5241698876258075,60.136124752303566,confirmed,long_base,2026-06-16 04:59:12.846401
EURUSD,2Y,2025-08-08,EUR,USD,1.9353984474,3.76,-182.46015525999996,ok,0.4342707600000608,-1.6853164299999719,17.21893344000003,1.5578081659172933,0.5434517193654149,1.2891803391412715,divergent,neutral,2026-06-16 04:59:12.846401
EURUSD,2Y,2025-08-11,EUR,USD,1.9399036004,3.76,-182.00963995999996,ok,0.4505153000000064,-0.7895056999999781,20.995760220000022,1.676317217015041,0.5640946395407227,-4.044506785305657,confirmed,neutral,2026-06-16 04:59:12.846401
EURUSD,2Y,2025-08-12,EUR,USD,1.9512619362,3.72,-176.87380638000002,ok,5.1358335799999395,7.180007829999994,33.99419383,1.7124764312330847,0.775316521808812,41.36068928749515,confirmed,neutral,2026-06-16 04:59:12.846401
EURUSD,2Y,2025-08-13,EUR,USD,1.9143562536,3.67,-175.56437463999998,ok,1.3094317400000364,5.467987690000001,29.336140140000026,1.810446178857145,0.8407150607694496,14.964299457009833,confirmed,neutral,2026-06-16 04:59:12.846401
EURUSD,2Y,2025-08-14,EUR,USD,1.9217794248,3.74,-181.82205752000002,ok,-6.257682880000033,1.0723685000000103,26.46209577999997,1.72148008894737,0.5928382608166702,-74.46029068479577,divergent,neutral,2026-06-16 04:59:12.846401
EURUSD,2Y,2025-08-15,EUR,USD,1.9296540424,3.75,-182.03459576,ok,-0.21253823999998644,0.425559499999963,21.751405989999995,1.6607085587594033,0.5883472101614987,-60.05113264760054,divergent,neutral,2026-06-16 04:59:12.846401
EURUSD,2Y,2025-08-18,EUR,USD,1.9361723298,3.77,-183.38276702000002,ok,-1.348171260000015,-1.3731270600000585,20.63405106000002,1.5443240895864665,0.5398032276616546,-61.075334764386646,confirmed,neutral,2026-06-16 04:59:12.846401
EURUSD,2Y,2025-08-19,EUR,USD,1.9299063054,3.75,-182.00936946,ok,1.3733975600000292,-5.135563079999969,21.12597973000001,1.4304488671879694,0.6017929820762338,-96.89164128825922,confirmed,neutral,2026-06-16 04:59:12.846401
EURUSD,2Y,2025-08-20,EUR,USD,1.9028262007,3.74,-183.71737993000002,ok,-1.7080104700000334,-8.153005290000038,25.22885573999997,1.1686542654887215,0.5359767199558132,46.91151487974609,divergent,neutral,2026-06-16 04:59:12.846401
EURUSD,2Y,2025-08-21,EUR,USD,1.9395964645,3.79,-185.04035355000002,ok,-1.322973619999999,-3.2182960300000047,17.37811246000001,0.9530919589774365,0.48717969773355263,53.3305629144798,divergent,neutral,2026-06-16 04:59:12.846401
EURUSD,2Y,2025-08-22,EUR,USD,1.9473188478,3.68,-173.26811522,ok,11.772238330000022,8.766480540000003,25.055511429999996,0.9442273441278185,0.982137570363752,251.14195208176594,confirmed,neutral,2026-06-16 04:59:12.846401
EURUSD,2Y,2025-08-25,EUR,USD,1.9578977321,3.73,-177.21022679,ok,-3.9421115700000087,6.17254023000001,25.357259459999966,0.7743610794360899,0.8245259535258922,27.108693775359516,confirmed,neutral,2026-06-16 04:59:12.846401
EURUSD,2Y,2025-08-26,EUR,USD,1.9200470906,3.61,-168.99529094,ok,8.214935850000018,13.014078519999998,26.237387539999986,0.7995325782030053,1.1701031485948,42.45918050329589,confirmed,long_base,2026-06-16 04:59:12.846401
EURUSD,2Y,2025-08-27,EUR,USD,1.9044242003,3.59,-168.55757996999998,ok,0.4377109700000119,15.159799960000043,32.601241499999986,0.6979316939323332,1.1904141958771877,54.81793539253266,confirmed,long_base,2026-06-16 04:59:12.846401
EURUSD,2Y,2025-08-28,EUR,USD,1.914518753,3.62,-170.54812470000002,ok,-1.990544730000039,14.492228850000004,29.829392859999984,0.5312064105939867,1.109734629939741,86.45408692047329,confirmed,long_base,2026-06-16 04:59:12.846401
EURUSD,2Y,2025-08-29,EUR,USD,1.9213686405,3.59,-166.86313595,ok,3.6849887500000307,6.4049792700000125,13.911702880000007,0.6817835737669177,1.267589715997362,16.805281659952875,confirmed,neutral,2026-06-16 04:59:12.846401
EURUSD,2Y,2025-09-02,EUR,USD,1.9547879495,3.66,-170.52120505000002,ok,-3.6580691000000343,6.689021739999987,10.69892920999996,0.7521517725112792,1.1196148350958026,-12.706589396865864,divergent,neutral,2026-06-16 04:59:12.846401
EURUSD,2Y,2025-09-03,EUR,USD,1.9325486542,3.61,-167.74513457999998,ok,2.776070470000036,1.2501563600000054,16.30867963000003,0.8013471904736832,1.2385100597680418,38.56749311294871,confirmed,neutral,2026-06-16 04:59:12.846401
EURUSD,2Y,2025-09-04,EUR,USD,1.9264749155,3.59,-166.35250845,ok,1.3926261299999965,2.20507151999999,14.679853879999996,0.8936200721127826,1.3047879516398215,-17.812031684865115,divergent,neutral,2026-06-16 04:59:12.846401
EURUSD,2Y,2025-09-05,EUR,USD,1.9033183028,3.51,-160.66816971999998,ok,5.6843387300000074,9.879954980000036,22.226256300000045,1.0156218188796986,1.5496508077361768,1.7930327868853624,confirmed,neutral,2026-06-16 04:59:12.846401
EURUSD,2Y,2025-09-08,EUR,USD,1.895973612,3.49,-159.40263880000003,ok,1.2655309199999465,7.460497149999952,23.05751645999993,1.1291365437218044,1.6142810818969846,56.22682139011958,confirmed,neutral,2026-06-16 04:59:12.846401
EURUSD,2Y,2025-09-09,EUR,USD,1.9051122605,3.54,-163.48877395000002,ok,-4.08613514999999,7.032431099999997,18.520866009999935,1.1567183516691775,1.4496227187419761,-3.33165326886542,divergent,neutral,2026-06-16 04:59:12.846401
EURUSD,2Y,2025-09-10,EUR,USD,1.9141822433,3.54,-162.58177567,ok,0.9069982800000105,5.163358909999971,14.292030710000006,1.250498460729321,1.4928596769241336,29.56830277941913,confirmed,neutral,2026-06-16 04:59:12.846401
EURUSD,2Y,2025-09-11,EUR,USD,1.9532167861,3.52,-156.67832139,ok,5.903454280000005,9.67418705999998,18.886053249999975,1.4277970934285702,1.747604197799549,78.51221921573614,confirmed,neutral,2026-06-16 04:59:12.846401
EURUSD,2Y,2025-09-12,EUR,USD,1.9790847728,3.56,-158.09152272,ok,-1.4132013299999926,2.57664699999998,23.730534800000015,1.4577015364661632,1.6926828887504635,68.15041156325475,confirmed,neutral,2026-06-16 04:59:12.846401
EURUSD,2Y,2025-09-15,EUR,USD,1.9720407965,3.54,-156.79592035000002,ok,1.2956023699999832,2.6067184500000167,25.238675409999985,1.4670737031052645,1.7600692639101174,40.973810905862166,confirmed,neutral,2026-06-16 04:59:12.846401
EURUSD,2Y,2025-09-16,EUR,USD,1.9778896988,3.51,-153.21103011999998,ok,3.584890230000042,10.277743830000048,30.17173690000004,1.4684187773308288,1.9190785354150728,138.87584021591516,confirmed,long_base,2026-06-16 04:59:12.846401
EURUSD,2Y,2025-09-17,EUR,USD,1.9643942273,3.52,-155.56057727,ok,-2.349547150000035,7.021198400000003,26.448792189999978,1.4125130839699218,1.8325159978454366,181.4127290260359,confirmed,neutral,2026-06-16 04:59:12.846401
EURUSD,2Y,2025-09-18,EUR,USD,1.9780242937,3.57,-159.19757062999997,ok,-3.6369933599999626,-2.519249239999965,24.51980930000005,1.2379091364060193,1.6841258477790382,130.70603602364895,divergent,neutral,2026-06-16 04:59:12.846401
EURUSD,2Y,2025-09-19,EUR,USD,1.9896402238,3.57,-158.03597761999998,ok,1.16159300999999,0.055545100000017555,27.004375930000037,1.022138423857146,1.7522838048291784,80.01854507053041,confirmed,neutral,2026-06-16 04:59:12.846401
EURUSD,2Y,2025-09-22,EUR,USD,1.9852879818,3.61,-162.47120181999998,ok,-4.435224199999993,-5.675281469999959,10.796913400000022,0.8882767288045129,1.5660474591564704,100.8337185215602,divergent,neutral,2026-06-16 04:59:12.846401
EURUSD,2Y,2025-09-23,EUR,USD,1.9956466397,3.53,-153.43533603,ok,9.035865789999974,-0.22430591000002664,23.774890760000005,0.8050190038571462,1.9740433505059138,107.18562874251435,divergent,neutral,2026-06-16 04:59:12.846401
EURUSD,2Y,2025-09-24,EUR,USD,1.9873716479,3.57,-158.26283520999996,ok,-4.827499179999961,-2.702257939999953,10.732455730000027,0.7467548029022574,1.7739181713371068,23.560142385208316,divergent,neutral,2026-06-16 04:59:12.846401
EURUSD,2Y,2025-09-25,EUR,USD,2.0094562374,3.64,-163.05437626000003,ok,-4.791541050000063,-3.8568056300000535,5.503203709999951,0.6108122101879698,1.5782308311218576,24.843759402375376,divergent,neutral,2026-06-16 04:59:12.846401
EURUSD,2Y,2025-09-26,EUR,USD,1.9994178834,3.63,-163.05821165999998,ok,-0.0038353999999571897,-5.022234040000001,7.489913040000033,0.4351096781127815,1.5934553494475532,34.0456915477505,divergent,neutral,2026-06-16 04:59:12.846401
EURUSD,2Y,2025-09-29,EUR,USD,1.9956701695,3.63,-163.43298305,ok,-0.3747713900000065,-0.9617812300000139,3.430152899999996,0.3009742748045139,1.5944906759724196,14.00022195473749,divergent,neutral,2026-06-16 04:59:12.846401
EURUSD,2Y,2025-09-30,EUR,USD,1.9908238068,3.6,-160.91761932000003,ok,2.5153637299999616,-7.4822832900000265,9.603585729999992,0.13985552861654263,1.728802460495837,19.040137976964466,divergent,neutral,2026-06-16 04:59:12.846401
EURUSD,2Y,2025-10-01,EUR,USD,1.9761886629,3.55,-157.38113370999997,ok,3.5364856100000566,0.8817014999999913,10.364000870000012,0.05864921475939807,1.9175198795821475,-30.33547466095743,divergent,neutral,2026-06-16 04:59:12.846401
EURUSD,2Y,2025-10-02,EUR,USD,1.9917023576,3.55,-155.82976424,ok,1.551369469999969,7.2246120200000234,10.522744209999985,0.0060091918195496665,2.005009580511228,19.142027003931084,confirmed,neutral,2026-06-16 04:59:12.846401
EURUSD,2Y,2025-10-03,EUR,USD,1.9939644259,3.58,-158.60355741,ok,-2.7737931700000047,4.454654249999976,2.0646123099999727,-0.012327406548868618,1.8934072892656055,30.592015313100074,confirmed,neutral,2026-06-16 04:59:12.846401
EURUSD,2Y,2025-10-06,EUR,USD,1.98083288,3.6,-161.91671200000002,ok,-3.3131545900000106,1.5162710499999719,-2.5140731999999844,-0.06111739778195006,1.7527552504602333,-17.817409911254913,divergent,neutral,2026-06-16 04:59:12.846401
EURUSD,2Y,2025-10-07,EUR,USD,1.9857003252,3.57,-158.42996748,ok,3.4867445200000304,2.4876518400000407,5.058806470000036,-0.12083411523308053,1.9223883228033585,-62.00267796986125,divergent,neutral,2026-06-16 04:59:12.846401
EURUSD,2Y,2025-10-08,EUR,USD,1.9630022754,3.58,-161.69977246,ok,-3.2698049800000035,-4.318638750000019,0.8820032100000219,-0.2205485346992445,1.772112071399727,-113.74842724521272,confirmed,neutral,2026-06-16 04:59:12.846401
EURUSD,2Y,2025-10-09,EUR,USD,1.9726228378,3.6,-162.73771622,ok,-1.0379437600000188,-6.907951980000007,-6.059394830000002,-0.2432046067819549,1.7222520997952917,-257.52049128541233,confirmed,neutral,2026-06-16 04:59:12.846401
EURUSD,2Y,2025-10-10,EUR,USD,1.9587396731,3.52,-156.12603269000002,ok,6.611683529999993,2.477524719999991,1.9654900299999838,-0.1846098902932319,2.0315503114979996,-177.75748196632634,divergent,neutral,2026-06-16 04:59:12.846401
EURUSD,2Y,2025-10-14,EUR,USD,1.9168815171,3.48,-156.31184829,ok,-0.18581559999998376,5.604863710000018,0.4840720600000168,-0.11116842695488517,2.016644157031899,-113.5773015805397,divergent,neutral,2026-06-16 04:59:12.846401
EURUSD,2Y,2025-10-15,EUR,USD,1.9001731195,3.5,-159.98268805,ok,-3.670839760000007,-1.5527205700000195,-6.771657930000032,-0.034291929578951705,1.8348498356082625,-131.18199383071683,confirmed,neutral,2026-06-16 04:59:12.846401
EURUSD,2Y,2025-10-16,EUR,USD,1.9037734982,3.41,-150.62265018,ok,9.360037870000014,11.077122279999998,4.9379270900000165,0.14938422587217826,2.2551368290160605,-98.60096654337957,divergent,neutral,2026-06-16 04:59:12.846401
EURUSD,2Y,2025-10-17,EUR,USD,1.8984483024,3.46,-156.15516975999998,ok,-5.532519579999985,6.582546460000032,3.0424008699999945,0.18917272210526012,1.9746942429200147,-77.83824293366881,divergent,neutral,2026-06-16 04:59:12.846401
EURUSD,2Y,2025-10-20,EUR,USD,1.8984182214,3.46,-156.15817786,ok,-0.0030081000000166114,-0.03214516999997841,1.8777997599999878,0.242684148842106,1.957672400395791,-48.37400111106338,confirmed,neutral,2026-06-16 04:59:12.846401
EURUSD,2Y,2025-10-21,EUR,USD,1.8885775465,3.45,-156.14224535,ok,0.015932509999998956,0.1696029400000043,6.32895646999998,0.2235695680375971,1.9413950479246225,-90.13396213519265,divergent,neutral,2026-06-16 04:59:12.846401
EURUSD,2Y,2025-10-22,EUR,USD,1.8988944421,3.45,-155.11055579,ok,1.0316895599999896,4.872132260000001,-1.6752197600000045,0.35234774684962483,1.9724109725670516,-105.1958569540945,divergent,neutral,2026-06-16 04:59:12.846401
EURUSD,2Y,2025-10-23,EUR,USD,1.9077101748,3.48,-157.22898252,ok,-2.1184267299999817,-6.6063323399999945,1.033852689999975,0.3771581428571434,1.862177933511857,-99.96250340878143,confirmed,neutral,2026-06-16 04:59:12.846401
EURUSD,2Y,2025-10-24,EUR,USD,1.9492572548,3.48,-153.07427452,ok,4.154707999999999,3.0808952399999896,9.980101740000038,0.3841109332781947,2.0336448727870997,-90.4310175833356,divergent,neutral,2026-06-16 04:59:12.846401
EURUSD,2Y,2025-10-27,EUR,USD,1.9525802229,3.48,-152.74197771,ok,0.33229681000000255,3.4162001500000088,10.316233949999997,0.3807425902481216,2.0286352443716384,-74.45775331822779,divergent,neutral,2026-06-16 04:59:12.846401
EURUSD,2Y,2025-10-28,EUR,USD,1.9502180776,3.47,-151.97819224000003,ok,0.7637854699999593,4.164053109999969,11.454790809999963,0.3668548914586472,2.0411026522227793,-46.79121554697851,divergent,neutral,2026-06-16 04:59:12.846401
EURUSD,2Y,2025-10-29,EUR,USD,1.9449959952,3.59,-164.50040048,ok,-12.52220823999997,-9.38984468999999,-3.5827811599999677,0.19656952360902272,1.4678946327985776,-90.86871861442303,confirmed,neutral,2026-06-16 04:59:12.846401
EURUSD,2Y,2025-10-30,EUR,USD,1.966546382,3.61,-164.34536179999998,ok,0.1550386800000183,-7.11637927999999,-6.964228090000006,0.08972588136090512,1.464438813469899,-69.68401901721433,confirmed,neutral,2026-06-16 04:59:12.846401
EURUSD,2Y,2025-10-31,EUR,USD,1.9496455975,3.6,-165.03544025000002,ok,-0.6900784500000441,-11.961165730000033,-9.205676010000019,0.007991806406018513,1.4237418683338765,-79.11256341903928,confirmed,neutral,2026-06-16 04:59:12.846401
EURUSD,2Y,2025-11-03,EUR,USD,1.9601849719,3.6,-163.98150281000002,ok,1.0539374399999986,-11.239525100000037,-5.377945400000016,-0.08863963184962488,1.458100460613406,-83.08293657285026,confirmed,short_base,2026-06-16 04:59:12.846401
EURUSD,2Y,2025-11-04,EUR,USD,1.9545242785,3.58,-162.54757215,ok,1.4339306600000157,-10.56937990999998,-0.6308601499999895,-0.209012177661655,1.5079217886096083,-100.41804939016407,confirmed,short_base,2026-06-16 04:59:12.846401
EURUSD,2Y,2025-11-05,EUR,USD,1.9539552601,3.63,-167.60447398999997,ok,-5.056901839999966,-3.104073509999978,-9.174506509999986,-0.3456236556090247,1.2755210707086482,-60.60972868283998,confirmed,neutral,2026-06-16 04:59:12.846401
EURUSD,2Y,2025-11-06,EUR,USD,1.9634247745,3.57,-160.65752254999998,ok,6.946951439999992,3.687839249999996,1.0422499100000095,-0.4208252194210499,1.5649102053935247,-47.14216767788271,divergent,neutral,2026-06-16 04:59:12.846401
EURUSD,2Y,2025-11-07,EUR,USD,1.9723170296,3.55,-157.76829703999996,ok,2.889225510000017,7.267143210000057,4.969419180000045,-0.47270801187218114,1.6741051063327883,-68.69547296833089,divergent,neutral,2026-06-16 04:59:12.846401
EURUSD,2Y,2025-11-10,EUR,USD,1.9713384534,3.58,-160.86615466,ok,-3.097857620000042,3.115348150000017,-4.74012196999999,-0.47192372087218254,1.5260490948914973,-81.02378357036754,divergent,neutral,2026-06-16 04:59:12.846401
EURUSD,2Y,2025-11-12,EUR,USD,1.9757924828,3.56,-158.42075172,ok,2.445402940000008,4.126820430000009,-2.108903429999998,-0.43201102972181077,1.6176126806144997,-45.00210410601335,divergent,neutral,2026-06-16 04:59:12.846401
EURUSD,2Y,2025-11-13,EUR,USD,1.9946614329,3.58,-158.53385671,ok,-0.11310499000001073,9.070617279999965,1.4488313399999981,-0.44850346857894535,1.5974195785678607,26.467114394834734,confirmed,neutral,2026-06-16 04:59:12.846401
EURUSD,2Y,2025-11-14,EUR,USD,1.9897807117,3.62,-163.02192883,ok,-4.488072119999998,-2.3644062800000256,-12.399278650000014,-0.3834998455488742,1.394682758583717,8.701570590416985,divergent,neutral,2026-06-16 04:59:12.846401
EURUSD,2Y,2025-11-17,EUR,USD,2.001966068,3.6,-159.8033932,ok,3.2185356300000194,-2.0350961600000232,-3.6482234400000095,-0.34122718260149987,1.5185763739825466,-31.56554796759248,confirmed,neutral,2026-06-16 04:59:12.846401
EURUSD,2Y,2025-11-18,EUR,USD,1.9800858891,3.58,-159.99141109,ok,-0.188017890000026,0.8747435699999926,-3.833233230000019,-0.29620193554135704,1.4965741999025561,-43.848336342533486,divergent,neutral,2026-06-16 04:59:12.846401
EURUSD,2Y,2025-11-19,EUR,USD,1.9897453776,3.58,-159.02546224,ok,0.965948850000018,-0.6047105199999976,-2.88321689,-0.23136159275187984,1.5230764466350266,-95.78741373982736,confirmed,neutral,2026-06-16 04:59:12.846401
EURUSD,2Y,2025-11-20,EUR,USD,2.0067656218,3.55,-154.32343781999998,ok,4.702024420000015,4.210418890000028,0.7871179700000255,-0.07872397287969816,1.7029956007689675,-105.86095669480544,divergent,neutral,2026-06-16 04:59:12.846401
EURUSD,2Y,2025-11-21,EUR,USD,1.9777959808,3.51,-153.22040191999997,ok,1.103035900000009,9.801526910000035,4.008580600000016,0.05503882355639614,1.7327128295895917,-75.24045919950262,divergent,neutral,2026-06-16 04:59:12.846401
EURUSD,2Y,2025-11-24,EUR,USD,1.9981241414,3.46,-146.18758586,ok,7.032816059999959,13.615807339999975,6.886688659999976,0.3488431327293268,2.001994014138828,-14.73519979197424,divergent,neutral,2026-06-16 04:59:12.846401
EURUSD,2Y,2025-11-25,EUR,USD,1.9924426405,3.43,-143.75573595000003,ok,2.4318499099999826,16.235675139999984,8.986241759999956,0.6722790238421043,2.07887054787201,32.44443673334763,confirmed,long_base,2026-06-16 04:59:12.846401
EURUSD,2Y,2025-11-26,EUR,USD,1.9959402407,3.45,-145.40597593,ok,-1.6502399799999807,13.619486309999985,6.572216310000016,0.970686683172934,1.9876927200786325,72.31907209334531,confirmed,long_base,2026-06-16 04:59:12.846401
EURUSD,2Y,2025-11-28,EUR,USD,2.0086159249,3.47,-146.13840751000004,ok,-0.732431580000025,8.185030309999945,18.36199296999996,1.0510289246992472,1.9347442301088094,88.38087284810837,confirmed,neutral,2026-06-16 04:59:12.846401
EURUSD,2Y,2025-12-01,EUR,USD,2.0361617384,3.54,-150.38382615999998,ok,-4.245418649999948,2.836575759999988,13.961535639999994,1.0455582880225605,1.7431623466418467,35.449955039081885,confirmed,neutral,2026-06-16 04:59:12.846401
EURUSD,2Y,2025-12-02,EUR,USD,2.0262999062,3.51,-148.37000938,ok,2.013816779999985,-2.182423519999986,16.665430870000023,1.0369656965263132,1.806038301807943,73.37589770689546,divergent,neutral,2026-06-16 04:59:12.846401
EURUSD,2Y,2025-12-03,EUR,USD,2.0245242654,3.49,-146.54757346,ok,1.8224359200000038,-2.791837509999965,17.433929350000028,1.045988223060148,1.8612265029431134,94.83840263055265,divergent,neutral,2026-06-16 04:59:12.846401
EURUSD,2Y,2025-12-04,EUR,USD,2.0453654549,3.52,-147.46345451,ok,-0.9158810499999959,-2.05747857999998,15.084117640000017,1.038351309902256,1.8099582023510314,48.67649977991828,divergent,neutral,2026-06-16 04:59:12.846401
EURUSD,2Y,2025-12-05,EUR,USD,2.052909768,3.56,-150.7090232,ok,-3.245568689999999,-4.570615689999954,16.895450789999984,0.881820427548871,1.6634142582611864,40.80576284346327,divergent,neutral,2026-06-16 04:59:12.846401
EURUSD,2Y,2025-12-08,EUR,USD,2.1127957698,3.57,-145.72042302,ok,4.988600179999992,4.663403139999986,14.937099529999983,0.8808372760827073,1.844647869408681,20.228626519298576,confirmed,neutral,2026-06-16 04:59:12.846401
EURUSD,2Y,2025-12-09,EUR,USD,2.1151576926,3.61,-149.48423074,ok,-3.7638077199999884,-1.1142213599999877,8.284066299999978,0.849242989255639,1.6772541454942058,11.278810472934442,divergent,neutral,2026-06-16 04:59:12.846401
EURUSD,2Y,2025-12-10,EUR,USD,2.1334987566,3.54,-140.65012434000002,ok,8.834106399999968,5.897449119999976,20.216030319999987,0.8824794385037571,2.0073291152863586,96.1181718565296,confirmed,neutral,2026-06-16 04:59:12.846401
EURUSD,2Y,2025-12-11,EUR,USD,2.1223183223,3.52,-139.76816777000002,ok,0.8819565699999998,7.695286739999972,18.65258394999998,0.9365268470977438,2.021737755637167,138.77374784110552,confirmed,neutral,2026-06-16 04:59:12.846401
EURUSD,2Y,2025-12-12,EUR,USD,2.1260062539,3.52,-139.39937461,ok,0.36879316000002405,11.309648589999995,19.134482100000014,0.966007862721803,2.015259480439552,173.66888519134704,confirmed,long_base,2026-06-16 04:59:12.846401
EURUSD,2Y,2025-12-15,EUR,USD,2.1145348663,3.51,-139.54651336999996,ok,-0.14713875999996162,6.173909650000041,23.47541546000005,0.8937489421353351,1.9870739873403447,206.50427684425264,confirmed,neutral,2026-06-16 04:59:12.846401
EURUSD,2Y,2025-12-16,EUR,USD,2.1131495875,3.48,-136.68504124999998,ok,2.8614721199999735,12.799189490000003,23.118351950000005,0.8778858016917318,2.074146927029366,210.21438565084648,confirmed,long_base,2026-06-16 04:59:12.846401
EURUSD,2Y,2025-12-17,EUR,USD,2.1027460322,3.49,-138.72539678000004,ok,-2.040355530000056,1.9247275599999796,21.266014309999974,0.7951415825563936,1.9707867461415793,192.18750000000063,confirmed,neutral,2026-06-16 04:59:12.846401
EURUSD,2Y,2025-12-18,EUR,USD,2.100313418,3.46,-135.96865820000002,ok,2.756738580000018,3.799509569999998,23.056804039999975,0.735052198195489,2.0529492542401946,138.17791920309963,confirmed,neutral,2026-06-16 04:59:12.846401
EURUSD,2Y,2025-12-19,EUR,USD,2.1198446236,3.48,-136.01553764,ok,-0.04687943999996946,3.3838369700000044,18.30790017999999,0.7138637126165391,2.0273925794921466,93.60697139212392,confirmed,neutral,2026-06-16 04:59:12.846401
EURUSD,2Y,2025-12-22,EUR,USD,2.1227241736,3.44,-131.72758264,ok,4.287954999999982,7.818930729999948,21.492819279999964,0.7438174063909795,2.1654850351952977,143.22299155838047,confirmed,neutral,2026-06-16 04:59:12.846401
EURUSD,2Y,2025-12-23,EUR,USD,2.1201323564,3.48,-135.98676436,ok,-4.259181719999987,0.6982768899999883,10.200821500000018,0.7916500821353366,1.9804370729452532,166.88216533057522,confirmed,neutral,2026-06-16 04:59:12.846401
EURUSD,2Y,2025-12-24,EUR,USD,2.1214520268,3.47,-134.85479732000002,ok,1.131967039999978,3.8705994600000224,8.900938630000013,0.8787117645488723,2.001666273205396,141.98817913945615,confirmed,neutral,2026-06-16 04:59:12.846401
EURUSD,2Y,2025-12-29,EUR,USD,2.0890805136,3.45,-136.09194864000003,ok,-1.2371513200000095,-0.12329044000000522,9.314027289999984,0.908658565819548,1.9346070221602187,114.61662714369103,divergent,neutral,2026-06-16 04:59:12.846401
EURUSD,2Y,2025-12-30,EUR,USD,2.1004409369,3.45,-134.95590631000002,ok,1.1360423300000093,1.0596313299999736,11.182501200000019,0.9292637779999997,1.9572529017107283,90.374901206145,confirmed,neutral,2026-06-16 04:59:12.846401
EURUSD,2Y,2025-12-31,EUR,USD,2.108454926,3.47,-136.15450740000003,ok,-1.198601090000011,-4.42692476000002,14.229318759999956,0.8488974001353408,1.8970443219572573,90.02895014904588,divergent,neutral,2026-06-16 04:59:12.846401
EURUSD,2Y,2026-01-02,EUR,USD,2.1097118774,3.47,-136.02881226,ok,0.12569514000003323,-0.04204790000000003,12.341197120000004,0.7807263023608991,1.8845789472177086,15.895669711913918,divergent,neutral,2026-06-16 04:59:12.846401
EURUSD,2Y,2026-01-05,EUR,USD,2.1166888082,3.46,-134.33111917999997,ok,1.6976930800000218,0.5236781400000439,12.216454280000022,0.7470250757142871,1.9314634288570842,-21.46580803434439,divergent,neutral,2026-06-16 04:59:12.846401
EURUSD,2Y,2026-01-06,EUR,USD,2.0811808209,3.47,-138.88191791000003,ok,-4.550798730000054,-2.7899692700000003,8.581536599999964,0.615480550962406,1.7461789434388333,-42.6858880965153,confirmed,neutral,2026-06-16 04:59:12.846401
EURUSD,2Y,2026-01-07,EUR,USD,2.0676284816,3.47,-140.23715184000002,ok,-1.3552339299999971,-5.281245530000007,10.471871359999966,0.40042515375939564,1.6815279799182794,-65.17318540324891,confirmed,neutral,2026-06-16 04:59:12.846401
EURUSD,2Y,2026-01-08,EUR,USD,2.0789036096,3.49,-141.10963904,ok,-0.8724871999999664,-4.955131639999962,4.610783980000008,0.23592584998496216,1.6361781716611423,-77.79253055527069,confirmed,neutral,2026-06-16 04:59:12.846401
EURUSD,2Y,2026-01-09,EUR,USD,2.0896572574,3.54,-145.03427426000002,ok,-3.9246352200000274,-9.005462000000023,4.449956479999969,-0.05100172390977464,1.4770430767533158,-95.04829066380505,confirmed,neutral,2026-06-16 04:59:12.846401
EURUSD,2Y,2026-01-12,EUR,USD,2.0774595775,3.54,-146.25404225,ok,-1.2197679899999798,-11.922923070000024,-5.6039179099999785,-0.22256032815789856,1.420317084486229,-36.7198107648814,confirmed,short_base,2026-06-16 04:59:12.846401
EURUSD,2Y,2026-01-13,EUR,USD,2.0777781125,3.53,-145.22218875,ok,1.031853500000011,-6.34027083999996,-5.454020979999967,-0.35702559384210386,1.4469336924958922,-58.3247226800343,confirmed,neutral,2026-06-16 04:59:12.846401
EURUSD,2Y,2026-01-14,EUR,USD,2.0614395345,3.51,-144.85604655,ok,0.36614219999998454,-4.618894709999978,-5.456671940000007,-0.47223567146616147,1.4478177158206091,-100.73618171617005,confirmed,neutral,2026-06-16 04:59:12.846401
EURUSD,2Y,2026-01-15,EUR,USD,2.0696657104,3.56,-149.03342896000004,ok,-4.177382410000035,-7.923789920000047,-9.48691559000008,-0.6412403625263143,1.2815782827011375,-157.52971698913097,confirmed,neutral,2026-06-16 04:59:12.846401
EURUSD,2Y,2026-01-16,EUR,USD,2.0876313209,3.59,-150.23686791,ok,-1.2034389499999634,-5.202593649999983,-13.551826660000017,-0.7679898613684201,1.2265836260486553,-149.8547326571187,confirmed,neutral,2026-06-16 04:59:12.846401
EURUSD,2Y,2026-01-20,EUR,USD,2.0547042686,3.6,-154.52957314,ok,-4.292705229999996,-8.275530889999999,-15.804176359999957,-0.9679011738796965,1.0576368844544015,-38.39554203971973,confirmed,neutral,2026-06-16 04:59:12.846401
EURUSD,2Y,2026-01-21,EUR,USD,2.0537035653,3.6,-154.62964347,ok,-0.1000703299999941,-9.407454720000004,-18.66098526999997,-1.1019489325338345,1.0458249866648082,-84.43621413159686,confirmed,neutral,2026-06-16 04:59:12.846401
EURUSD,2Y,2026-01-22,EUR,USD,2.0855734238,3.61,-152.44265761999998,ok,2.1869858500000134,-7.586611069999975,-16.427119979999986,-1.1774326058872153,1.1189285502496908,6.98133769241327,divergent,neutral,2026-06-16 04:59:12.846401
EURUSD,2Y,2026-01-23,EUR,USD,2.1048870037,3.6,-149.51129963,ok,2.931357989999981,-0.47787066999995886,-17.783716989999988,-1.1186327478345857,1.2187332114208274,70.23966625516297,divergent,neutral,2026-06-16 04:59:12.846401
EURUSD,2Y,2026-01-26,EUR,USD,2.0873579681,3.56,-147.26420319,ok,2.247096440000007,2.9726647200000116,-11.277438829999994,-1.0682393181879688,1.2918849963017804,131.31511361018423,confirmed,neutral,2026-06-16 04:59:12.846401
EURUSD,2Y,2026-01-27,EUR,USD,2.0805342608,3.53,-144.94657392,ok,2.3176292699999976,9.582999220000005,-10.091776599999974,-0.9499051805488706,1.3664709941749316,271.42246903032685,confirmed,neutral,2026-06-16 04:59:12.846401
EURUSD,2Y,2026-01-28,EUR,USD,2.0530366858,3.56,-150.69633142,ok,-5.749757500000015,3.9333120499999836,-14.60438277999998,-0.9180688000676666,1.1429809747464565,227.41241548863033,confirmed,neutral,2026-06-16 04:59:12.846401
EURUSD,2Y,2026-01-29,EUR,USD,2.036202589,3.53,-149.37974109999996,ok,1.3165903200000457,3.062916520000016,-14.423834789999944,-0.8275249981052631,1.182473619612446,240.09994181469762,confirmed,neutral,2026-06-16 04:59:12.846401
EURUSD,2Y,2026-01-30,EUR,USD,2.0495671759,3.52,-147.04328241,ok,2.336458689999972,2.4680172200000072,-10.88877500999996,-0.7008385180977409,1.2591171987181016,147.55881370592806,confirmed,neutral,2026-06-16 04:59:12.846401
EURUSD,2Y,2026-02-02,EUR,USD,2.0631603149,3.57,-150.68396850999997,ok,-3.640686099999982,-3.419765319999982,-14.655156249999976,-0.6078030816541334,1.1148191397637128,145.2303564979629,divergent,neutral,2026-06-16 04:59:12.846401
EURUSD,2Y,2026-02-03,EUR,USD,2.0813185732,3.57,-148.86814268,ok,1.815825829999966,-3.9215687600000138,-14.537023500000032,-0.4399837670526279,1.1727434762418918,165.18260420699482,divergent,neutral,2026-06-16 04:59:12.846401
EURUSD,2Y,2026-02-04,EUR,USD,2.0624879741,3.57,-150.75120258999996,ok,-1.8830599099999574,-0.05487116999995578,-11.869284679999936,-0.34905983938345664,1.0942176524189857,115.0223273593709,divergent,neutral,2026-06-16 04:59:12.846401
EURUSD,2Y,2026-02-05,EUR,USD,2.0587574086,3.47,-141.12425914000002,ok,9.626943449999942,8.25548195999994,-0.8871072999999967,-0.12415803022556311,1.4380253692246576,115.444081772893,confirmed,neutral,2026-06-16 04:59:12.846401
EURUSD,2Y,2026-02-06,EUR,USD,2.043146305,3.5,-145.6853695,ok,-4.5611103599999865,1.3579129099999818,-4.575730460000017,0.02314294175940254,1.2588788807471782,143.0669220001879,confirmed,neutral,2026-06-16 04:59:12.846401
EURUSD,2Y,2026-02-09,EUR,USD,2.032594875,3.48,-144.7405125,ok,0.9448570000000132,5.943456009999977,0.29376176000002374,0.1288547440451123,1.282914677615906,266.14920224234726,confirmed,neutral,2026-06-16 04:59:12.846401
EURUSD,2Y,2026-02-10,EUR,USD,2.0294694015,3.45,-142.05305985,ok,2.687452649999983,6.815082829999994,4.200982399999987,0.2532574854586477,1.3709247503966289,226.68421641245385,confirmed,neutral,2026-06-16 04:59:12.846401
EURUSD,2Y,2026-02-11,EUR,USD,2.0353981842,3.52,-148.46018158,ok,-6.40712173,2.2910210099999517,-3.2379928300000245,0.29610507336090297,1.12764571173338,202.15992370675283,confirmed,neutral,2026-06-16 04:59:12.846401
EURUSD,2Y,2026-02-12,EUR,USD,2.0269946228,3.47,-144.30053772,ok,4.159643860000017,-3.1762785799999733,0.555508830000008,0.4090264997593991,1.272219854216218,121.17336062078765,divergent,neutral,2026-06-16 04:59:12.846401
EURUSD,2Y,2026-02-13,EUR,USD,1.9972761628,3.4,-140.27238372,ok,4.028154000000001,5.412985780000014,8.761045240000044,0.5126989620451153,1.4101817761487478,165.08464121718802,confirmed,neutral,2026-06-16 04:59:12.846401
EURUSD,2Y,2026-02-17,EUR,USD,2.0029126282,3.43,-142.70873718000004,ok,-2.436353460000049,2.0317753199999515,7.528130729999958,0.5493902031503719,1.310408689665356,-8.009982968246732,divergent,neutral,2026-06-16 04:59:12.846401
EURUSD,2Y,2026-02-18,EUR,USD,2.0125980441,3.47,-145.74019558999998,ok,-3.031458409999942,-3.687135739999974,8.789377550000012,0.46367484193984804,1.190644041593596,-71.83883845104488,confirmed,neutral,2026-06-16 04:59:12.846401
EURUSD,2Y,2026-02-19,EUR,USD,2.0165098289,3.47,-145.34901711000003,ok,0.3911784799999509,3.111164469999977,9.280626359999957,0.3687505777894753,1.1984443882627935,-211.6828998477882,divergent,neutral,2026-06-16 04:59:12.846401
EURUSD,2Y,2026-02-20,EUR,USD,2.0134776273,3.48,-146.65223727,ok,-1.3032201599999667,-2.3516995500000064,5.790420349999977,0.27578440919548597,1.1426424140395128,-166.43295940170998,confirmed,neutral,2026-06-16 04:59:12.846401
EURUSD,2Y,2026-02-23,EUR,USD,2.0077993115,3.43,-142.22006885000002,ok,4.432168419999982,-1.9476851300000249,7.291230779999978,0.283712133135339,1.3016634777734828,-50.679382226348494,confirmed,neutral,2026-06-16 04:59:12.846401
EURUSD,2Y,2026-02-24,EUR,USD,2.0065503018,3.43,-142.34496982000002,ok,-0.12490096999999878,0.3637673600000255,4.919233369999972,0.314371770796992,1.289403088203704,-59.72429744810492,divergent,neutral,2026-06-16 04:59:12.846401
EURUSD,2Y,2026-02-25,EUR,USD,2.0088303801,3.45,-144.11696199000002,ok,-1.7719921700000043,1.6232335999999634,0.8296119299999702,0.3489140375563879,1.2138981588753701,6.3142549602912545,confirmed,neutral,2026-06-16 04:59:12.846401
EURUSD,2Y,2026-02-26,EUR,USD,2.0032308997,3.42,-141.67691003,ok,2.4400519600000337,3.672107080000046,9.01942139000002,0.3262810079849622,1.2978960096349388,-11.975794507216309,divergent,neutral,2026-06-16 04:59:12.846401
EURUSD,2Y,2026-02-27,EUR,USD,1.9805043076,3.38,-139.94956924,ok,1.7273407899999995,6.702668030000012,9.430171859999973,0.33554950393984884,1.3534239757070698,12.371308731939923,confirmed,neutral,2026-06-16 04:59:12.846401
EURUSD,2Y,2026-03-02,EUR,USD,2.030707584,3.47,-143.9292416,ok,-3.9796723600000234,-1.7091727499999934,3.1140408099999775,0.3106762810451115,1.1933801712013592,-102.65419294755107,confirmed,neutral,2026-06-16 04:59:12.846401
EURUSD,2Y,2026-03-03,EUR,USD,2.133731533,3.51,-137.62684669999996,ok,6.302394900000053,4.718123120000058,13.057121810000012,0.31366998550376124,1.4231024591139538,-176.63571947981737,divergent,neutral,2026-06-16 04:59:12.846401
EURUSD,2Y,2026-03-04,EUR,USD,2.098893153,3.54,-144.11068469999998,ok,-6.48383800000002,0.0062772900000425125,4.7574579800000265,0.23307359733834435,1.1664403181699823,-221.10958029503803,divergent,neutral,2026-06-16 04:59:12.846401
EURUSD,2Y,2026-03-05,EUR,USD,2.1676114472,3.57,-140.23885527999997,ok,3.8718294200000116,1.4380547500000205,10.512347309999996,0.17090246098496314,1.3038111810583586,-237.81082808977393,divergent,neutral,2026-06-16 04:59:12.846401
EURUSD,2Y,2026-03-06,EUR,USD,2.2233174688,3.56,-133.66825312,ok,6.570602159999964,6.281316119999985,7.456006020000018,0.33879339896992794,1.5408492750521052,-225.60759941387397,divergent,neutral,2026-06-16 04:59:12.846401
EURUSD,2Y,2026-03-09,EUR,USD,2.2505716678,3.56,-130.94283322,ok,2.7254198999999915,12.98640838,14.742536279999996,0.46238933582707087,1.6298507945915695,-193.54430913151478,divergent,neutral,2026-06-16 04:59:12.846401
EURUSD,2Y,2026-03-10,EUR,USD,2.1757420376,3.57,-139.42579623999998,ok,-8.482963019999971,-1.7989495400000237,5.3147162600000115,0.4575496539323332,1.2961754116908555,-215.68759638315504,confirmed,neutral,2026-06-16 04:59:12.846401
EURUSD,2Y,2026-03-11,EUR,USD,2.3138180443,3.64,-132.61819557,ok,6.807600669999971,11.492489129999967,9.43486428,0.5844028185488747,1.5402051256683025,-239.1500637114674,divergent,neutral,2026-06-16 04:59:12.846401
EURUSD,2Y,2026-03-12,EUR,USD,2.3517295137,3.76,-140.82704862999998,ok,-8.208853059999967,-0.5881933500000116,7.633132950000032,0.47863380795488775,1.21923258059127,-286.3122009670316,confirmed,neutral,2026-06-16 04:59:12.846401
EURUSD,2Y,2026-03-13,EUR,USD,2.3632504207,3.73,-136.67495793,ok,4.152090699999974,-3.0067048100000022,7.625579789999989,0.4863805706390986,1.3645354897584967,-315.7738473936467,confirmed,neutral,2026-06-16 04:59:12.846401
EURUSD,2Y,2026-03-16,EUR,USD,2.340172575,3.68,-133.98274250000003,ok,2.692215429999976,-3.0399092800000176,6.2896412199999645,0.5847229480526318,1.4539864816328623,-234.7768516475124,confirmed,neutral,2026-06-16 04:59:12.846401
EURUSD,2Y,2026-03-17,EUR,USD,2.3318529669,3.68,-134.81470331,ok,-0.8319608099999698,4.611092929999984,7.894033870000044,0.6232533250977436,1.4105198328857016,-247.4373167248356,divergent,neutral,2026-06-16 04:59:12.846401
EURUSD,2Y,2026-03-18,EUR,USD,2.4052936167,3.76,-135.47063832999999,ok,-0.6559350199999869,-2.852442759999974,10.26955726,0.592677341443608,1.3750371212214223,-285.9033247235765,confirmed,neutral,2026-06-16 04:59:12.846401
EURUSD,2Y,2026-03-19,EUR,USD,2.4681846638,3.79,-132.18153362000004,ok,3.289104709999947,8.64551500999994,13.167483489999995,0.5998221269999989,1.484287230019429,-158.55155048469905,divergent,neutral,2026-06-16 04:59:12.846401
EURUSD,2Y,2026-03-20,EUR,USD,2.5854170099,3.88,-129.45829901,ok,2.7232346100000484,7.216658920000015,17.19393826000001,0.6054923766541332,1.5701695817150743,-199.0064500281641,divergent,neutral,2026-06-16 04:59:12.846401
EURUSD,2Y,2026-03-23,EUR,USD,2.5182150027,3.83,-131.17849973000003,ok,-1.7202007200000367,2.804242770000002,11.041569119999991,0.63071439068421,1.4930809622200913,-171.33402730173276,divergent,neutral,2026-06-16 04:59:12.846401
EURUSD,2Y,2026-03-24,EUR,USD,2.5894585133,3.9,-131.05414867000002,ok,0.12435106000000928,3.760554639999981,11.29082115,0.6391368645112802,1.4839389899635456,-128.70992431329054,divergent,neutral,2026-06-16 04:59:12.846401
EURUSD,2Y,2026-03-25,EUR,USD,2.5571657133,3.84,-128.28342867,ok,2.7707200000000114,7.187209659999979,15.833533320000015,0.6421835504661628,1.570158598601472,-112.0164239430299,divergent,neutral,2026-06-16 04:59:12.846401
EURUSD,2Y,2026-03-26,EUR,USD,2.6236868951,3.96,-133.63131048999998,ok,-5.347881819999969,-1.449776869999937,8.045599540000012,0.5835492363759383,1.3630898236361624,-77.55407696876327,confirmed,neutral,2026-06-16 04:59:12.846401
EURUSD,2Y,2026-03-27,EUR,USD,2.6447072056,3.88,-123.52927943999998,ok,10.102031049999994,5.929019570000008,16.420289800000006,0.6844048075939838,1.7125115254629393,-111.98068794886717,divergent,neutral,2026-06-16 04:59:12.846401
EURUSD,2Y,2026-03-30,EUR,USD,2.6005623576,3.82,-121.94376424,ok,1.585515199999989,9.234735490000034,21.98547736000002,0.7203814988421058,1.750975519810241,-122.2569722660205,divergent,neutral,2026-06-16 04:59:12.846401
EURUSD,2Y,2026-03-31,EUR,USD,2.5889838861,3.79,-120.10161139000002,ok,1.8421528499999766,10.952537280000001,17.525235309999943,0.8491252895864693,1.797309787160225,25.034058467758857,confirmed,long_base,2026-06-16 04:59:12.846401
EURUSD,2Y,2026-04-01,EUR,USD,2.5482024884,3.81,-126.17975116000002,ok,-6.078139770000007,2.103677509999983,17.930933539999955,0.7623083854060164,1.5648454387223412,-40.47834923963434,divergent,neutral,2026-06-16 04:59:12.846401
EURUSD,2Y,2026-04-02,EUR,USD,2.5948155184,3.79,-119.51844816000002,ok,6.661303000000004,14.112862329999956,20.720407119999948,0.8048232915563889,1.7825985469730927,-61.710053183472446,divergent,neutral,2026-06-16 04:59:12.846401
EURUSD,2Y,2026-04-07,EUR,USD,2.6592217899,3.81,-115.07782101,ok,4.440627150000026,8.451458429999988,18.59043211000001,0.9833635713684206,1.917138805677091,139.34920815370066,confirmed,neutral,2026-06-16 04:59:12.846401
EURUSD,2Y,2026-04-08,EUR,USD,2.4414899676,3.79,-134.85100324,ok,-19.773182230000018,-12.907239000000018,-3.90817002,0.8945072281052603,1.2110245015965269,136.85592100688427,divergent,neutral,2026-06-16 04:59:12.846401
EURUSD,2Y,2026-04-09,EUR,USD,2.5237103254,3.78,-125.62896745999996,ok,9.222035780000056,-5.527356069999939,13.796828780000027,0.8093296791578914,1.5206970174013033,137.21242580477576,divergent,neutral,2026-06-16 04:59:12.846401
EURUSD,2Y,2026-04-10,EUR,USD,2.5310621219,3.81,-127.89378781000002,ok,-2.2648203500000648,-1.714036649999997,4.724407759999991,0.7785388744661665,1.4284697769220034,238.78133759463572,divergent,neutral,2026-06-16 04:59:12.846401
EURUSD,2Y,2026-04-13,EUR,USD,2.5855339022,3.78,-119.44660977999999,ok,8.447178030000032,0.07183838000003107,21.38043884999999,0.7317041996917288,1.7053575160501957,162.0402378318597,confirmed,neutral,2026-06-16 04:59:12.846401
EURUSD,2Y,2026-04-14,EUR,USD,2.5445231091,3.76,-121.54768908999998,ok,-2.1010793099999887,-6.4698680799999835,15.127268840000028,0.6882623971804538,1.6163515661099608,201.61220571191186,divergent,neutral,2026-06-16 04:59:12.846401
EURUSD,2Y,2026-04-15,EUR,USD,2.4953056634,3.76,-126.46943365999999,ok,-4.9217445700000155,8.381569580000019,7.513308840000036,0.5942708499473704,1.433540620289235,159.76889263926486,confirmed,neutral,2026-06-16 04:59:12.846401
EURUSD,2Y,2026-04-16,EUR,USD,2.4885726292,3.78,-129.14273707999996,ok,-2.673303419999968,-3.513769620000005,5.671966230000038,0.4376548217593998,1.3299582309687663,150.11651798598314,divergent,neutral,2026-06-16 04:59:12.846401
EURUSD,2Y,2026-04-17,EUR,USD,2.4099992558,3.71,-130.00007442,ok,-0.8573373400000435,-2.1062866099999837,5.470563909999981,0.2499049760225606,1.2895668186240272,177.00033739067368,divergent,neutral,2026-06-16 04:59:12.846401
EURUSD,2Y,2026-04-20,EUR,USD,2.4209588043,3.72,-129.90411957,ok,0.09595484999999826,-10.457509790000017,2.277414050000033,0.10723273422556562,1.2822523687956895,241.48461561852574,divergent,neutral,2026-06-16 04:59:12.846401
EURUSD,2Y,2026-04-21,EUR,USD,2.4560076038,3.78,-132.39923962,ok,-2.495120049999997,-10.851550530000026,-2.9409406100000126,-0.03151032128571439,1.1887711416170255,219.1600821469586,divergent,neutral,2026-06-16 04:59:12.846401
EURUSD,2Y,2026-04-22,EUR,USD,2.4912944573,3.79,-129.87055427,ok,2.5286853499999893,-3.401120610000021,1.3079454600000133,-0.1568678972857164,1.265184357833349,210.16502686483918,divergent,neutral,2026-06-16 04:59:12.846401
EURUSD,2Y,2026-04-23,EUR,USD,2.5376409998,3.83,-129.23590002000003,ok,0.6346542499999828,-0.0931629400000702,1.8182486499999868,-0.27316238148871835,1.2795247833105767,112.43686786720275,divergent,neutral,2026-06-16 04:59:12.846401
EURUSD,2Y,2026-04-24,EUR,USD,2.5420491489,3.78,-123.79508510999999,ok,5.440814910000043,6.204989310000016,4.488343560000018,-0.2707169363759374,1.4554428744025856,111.70316039262218,confirmed,neutral,2026-06-16 04:59:12.846401
EURUSD,2Y,2026-04-27,EUR,USD,2.530043291,3.78,-124.99567089999996,ok,-1.2005857899999768,4.908448670000041,8.635639590000011,-0.376612344909771,1.402886995868865,158.2012461977089,confirmed,neutral,2026-06-16 04:59:12.846401
EURUSD,2Y,2026-04-28,EUR,USD,2.601788104,3.84,-123.82118959999997,ok,1.1744812999999965,8.578050020000035,-0.29191015999998626,-0.3192096199323288,1.4314803260140756,167.76775560166212,confirmed,neutral,2026-06-16 04:59:12.846401
EURUSD,2Y,2026-04-29,EUR,USD,2.665172473,3.92,-125.48275269999998,ok,-1.6615631000000093,4.387801570000036,-3.5389884599999846,-0.26007009749623805,1.3641958505574012,144.5315215124765,confirmed,neutral,2026-06-16 04:59:12.846401
EURUSD,2Y,2026-04-30,EUR,USD,2.6058943243,3.88,-127.41056757,ok,-1.9278148700000202,1.8253324500000332,-7.308956179999981,-0.19406237638345414,1.288234934811509,164.5373848173337,confirmed,neutral,2026-06-16 04:59:12.846401
EURUSD,2Y,2026-05-04,EUR,USD,2.6404350044,3.95,-130.95649956000003,ok,-3.545931990000028,-7.161414450000038,-4.7767484000000024,-0.2636905429548891,1.1573122610275561,24.266329396127606,divergent,neutral,2026-06-16 04:59:12.846401
EURUSD,2Y,2026-05-05,EUR,USD,2.6390993225,3.93,-129.09006775000003,ok,1.8664318099999946,-4.0943968500000665,-9.571619590000012,-0.1942938492330832,1.213034634098819,-4.872273770498703,confirmed,neutral,2026-06-16 04:59:12.846401
EURUSD,2Y,2026-05-06,EUR,USD,2.5384893356,3.87,-133.15106644000002,ok,-4.060998689999991,-9.329876840000054,-18.07324543000003,-0.09840284406766887,1.0643141364094153,19.786189751265226,divergent,neutral,2026-06-16 04:59:12.846401
EURUSD,2Y,2026-05-07,EUR,USD,2.5130682789,3.92,-140.69317210999998,ok,-7.542105669999955,-15.21041941,-5.842168869999966,-0.39528653341353587,0.796400028907146,42.998595265015815,divergent,neutral,2026-06-16 04:59:12.846401
EURUSD,2Y,2026-05-08,EUR,USD,2.5402702863,3.9,-135.97297136999998,ok,4.720200739999996,-8.562403799999984,-10.344003910000026,-0.470342476007517,0.9525023428593402,22.621548300407746,divergent,neutral,2026-06-16 04:59:12.846401
EURUSD,2Y,2026-05-11,EUR,USD,2.5923630642,3.95,-135.76369358,ok,0.20927778999998736,-4.807194019999969,-7.869905769999974,-0.562614164105262,0.9521836687138543,-10.089106308659446,confirmed,neutral,2026-06-16 04:59:12.846401
EURUSD,2Y,2026-05-12,EUR,USD,2.6582573787,4.0,-134.17426213,ok,1.5894314500000064,-5.084194379999957,-14.72765235,-0.4869687486541352,0.9999532725607189,-50.63902637467032,confirmed,neutral,2026-06-16 04:59:12.846401
EURUSD,2Y,2026-05-13,EUR,USD,2.6562503742,3.98,-132.37496258000002,ok,1.7992995499999722,0.7761038600000063,-10.827273490000039,-0.39664714475187846,1.0549920771517356,-59.7951094475424,divergent,neutral,2026-06-16 04:59:12.846401
EURUSD,2Y,2026-05-14,EUR,USD,2.6059369849,4.0,-139.40630151,ok,-7.031338929999976,1.286870599999986,-12.936867849999999,-0.46820338194736877,0.8031399584968862,-80.45801137377961,divergent,neutral,2026-06-16 04:59:12.846401
EURUSD,2Y,2026-05-15,EUR,USD,2.6867609973,4.09,-140.32390027,ok,-0.9175987600000042,-4.350928900000014,-11.181163190000035,-0.5756242902406,0.7645936212939204,-96.64695960335922,confirmed,neutral,2026-06-16 04:59:12.846401
EURUSD,2Y,2026-05-18,EUR,USD,2.6399098709,4.07,-143.00901291000002,ok,-2.6851126400000283,-7.245319330000029,-13.00893849000002,-0.7181270766691683,0.6644418538779369,-112.10553104852417,confirmed,neutral,2026-06-16 04:59:12.846401
EURUSD,2Y,2026-05-19,EUR,USD,2.6893209753,4.13,-144.06790247,ok,-1.058889559999983,-9.893640340000019,-14.163782900000001,-0.8546794667142863,0.6209635778376139,-117.17169996891874,confirmed,neutral,2026-06-16 04:59:12.846401
EURUSD,2Y,2026-05-20,EUR,USD,2.6729796871,4.04,-136.70203129000004,ok,7.365871179999971,-4.32706871000002,-4.302791670000033,-0.9041028363308271,0.8757132987535462,-69.45304657967166,confirmed,neutral,2026-06-16 04:59:12.846401
EURUSD,2Y,2026-05-21,EUR,USD,2.6286870284,4.08,-145.13129716000003,ok,-8.429265869999995,-5.724995650000039,-15.260742890000017,-1.0275473156015056,0.5693628208533895,-56.06412709009967,confirmed,neutral,2026-06-16 04:59:12.846401
EURUSD,2Y,2026-05-22,EUR,USD,2.5735265749,4.13,-155.64734251000002,ok,-10.516045349999985,-15.32344224000002,-26.411442489999985,-1.2682516720300774,0.18515312348557328,-98.43661995869724,confirmed,short_base,2026-06-16 04:59:12.846401
EURUSD,2Y,2026-05-26,EUR,USD,2.5304227883,4.01,-147.95772116999996,ok,7.689621340000059,-4.948708259999933,-24.16263605999997,-1.273480236315789,0.4568302082762753,-69.62854813164054,confirmed,neutral,2026-06-16 04:59:12.846401
EURUSD,2Y,2026-05-27,EUR,USD,2.5242753911,4.0,-147.57246088999997,ok,0.3852602799999829,-3.5045584199999666,-22.57678999000001,-1.255826908984961,0.46455634419301567,-42.994360201953356,confirmed,neutral,2026-06-16 04:59:12.846401
EURUSD,2Y,2026-05-28,EUR,USD,2.5253148055,3.99,-146.46851945000003,ok,1.103941439999943,-9.766488159999994,-22.647329850000062,-1.1699084879398471,0.4987733523991788,-69.21624535965675,confirmed,neutral,2026-06-16 04:59:12.846401
EURUSD,2Y,2026-05-29,EUR,USD,2.5006714674,3.98,-147.93285325999997,ok,-1.4643338099999426,-2.8015560999999423,-22.450100559999996,-1.0970881930526315,0.4384154535119151,-49.95371496094525,confirmed,neutral,2026-06-16 04:59:12.846401
EURUSD,2Y,2026-06-01,EUR,USD,2.5777190557,4.05,-147.22809443,ok,0.7047588299999745,8.419248080000017,-19.81752686,-1.0108795473233072,0.45828294025622485,-50.1259564348977,divergent,neutral,2026-06-16 04:59:12.846401
EURUSD,2Y,2026-06-02,EUR,USD,2.5557837052,4.05,-149.42162947999998,ok,-2.19353504999998,-1.463908310000022,-18.465129919999953,-0.982194724165414,0.3693600983762085,-53.19353638668866,confirmed,neutral,2026-06-16 04:59:12.846401
EURUSD,2Y,2026-06-03,EUR,USD,2.5889111082,4.08,-149.10888918,ok,0.3127402999999731,-1.536428290000032,-20.018821429999974,-0.8918050938270674,0.37433617869679287,-128.35626524124288,confirmed,neutral,2026-06-16 04:59:12.846401
EURUSD,2Y,2026-06-04,EUR,USD,2.5816369773,4.05,-146.83630226999998,ok,2.2725869100000295,-0.36778281999994533,-13.685235829999954,-0.8029674772781938,0.4550428526213735,-97.52665245202574,confirmed,neutral,2026-06-16 04:59:12.846401
EURUSD,2Y,2026-06-05,EUR,USD,2.6015235946,4.17,-156.84764054,ok,-10.01133827000001,-8.914787280000013,-16.15446843000001,-0.9556555558721755,0.059692226195021916,-221.12292432097559,confirmed,neutral,2026-06-16 04:59:12.846401
EURUSD,2Y,2026-06-08,EUR,USD,2.623581458,4.15,-152.64185420000004,ok,4.205786339999946,-5.413759770000041,-16.668882830000058,-0.9494390533684203,0.21628789406800633,-211.83060341169346,confirmed,neutral,2026-06-16 04:59:12.846401
EURUSD,2Y,2026-06-09,EUR,USD,2.6189683991,4.13,-151.10316009,ok,1.5386941100000513,-1.68153061000001,-15.339466509999994,-0.8928708310601495,0.2698627584939304,-167.2565580159213,confirmed,neutral,2026-06-16 04:59:12.846401
EURUSD,2Y,2026-06-10,EUR,USD,2.6354295416,4.13,-149.45704583999998,ok,1.6461142500000108,-0.34815665999997236,-15.28278370999999,-0.7646235379097709,0.32833503124004154,-150.40836104837751,confirmed,neutral,2026-06-16 04:59:12.846401
EURUSD,2Y,2026-06-11,EUR,USD,2.6089401632,4.05,-144.10598367999995,ok,5.351062160000026,2.7303185900000244,-11.731021099999936,-0.5085408770827039,0.5373920621180691,-77.85418942948374,divergent,neutral,2026-06-16 04:59:12.846401
EURUSD,2Y,2026-06-12,EUR,USD,2.5775819706,4.09,-151.24180294,ok,-7.135819260000062,5.6058375999999726,-11.835501430000022,-0.4477789991654146,0.2405011469630427,-49.934839550458406,divergent,neutral,2026-06-16 04:59:12.846401
USDJPY,2Y,2021-06-16,USD,JPY,0.21,-0.128,33.8,ok,,,,,,,unknown,neutral,2026-06-16 04:59:12.846401
USDJPY,2Y,2021-06-17,USD,JPY,0.23,-0.123,35.3,ok,1.5,,,1.4999999999999964,,,unknown,neutral,2026-06-16 04:59:12.846401
USDJPY,2Y,2021-06-18,USD,JPY,0.26,-0.123,38.3,ok,3.0,,,2.250000000000003,,,unknown,neutral,2026-06-16 04:59:12.846401
USDJPY,2Y,2021-06-21,USD,JPY,0.27,-0.121,39.1,ok,0.8000000000000043,,,1.8899999999999972,,,unknown,neutral,2026-06-16 04:59:12.846401
USDJPY,2Y,2021-06-22,USD,JPY,0.25,-0.115,36.5,ok,-2.6000000000000014,,,0.919999999999999,,,unknown,neutral,2026-06-16 04:59:12.846401
USDJPY,2Y,2021-06-23,USD,JPY,0.26,-0.116,37.6,ok,1.1000000000000014,3.8000000000000043,,0.6685714285714328,,,unknown,neutral,2026-06-16 04:59:12.846401
USDJPY,2Y,2021-06-24,USD,JPY,0.26,-0.116,37.6,ok,0.0,2.3000000000000043,,0.507142857142859,,,unknown,neutral,2026-06-16 04:59:12.846401
USDJPY,2Y,2021-06-25,USD,JPY,0.28,-0.116,39.6,ok,2.0,1.3000000000000043,,0.5642857142857154,,,unknown,neutral,2026-06-16 04:59:12.846401
USDJPY,2Y,2021-06-28,USD,JPY,0.25,-0.115,36.5,ok,-3.1000000000000014,-2.6000000000000014,,0.34666666666666707,,,unknown,neutral,2026-06-16 04:59:12.846401
USDJPY,2Y,2021-06-29,USD,JPY,0.27,-0.114,38.4,ok,1.8999999999999986,1.8999999999999986,,0.32060606060606034,,,unknown,neutral,2026-06-16 04:59:12.846401
USDJPY,2Y,2021-06-30,USD,JPY,0.25,-0.115,36.5,ok,-1.8999999999999986,-1.1000000000000014,,0.20545454545454528,,,unknown,neutral,2026-06-16 04:59:12.846401
USDJPY,2Y,2021-07-01,USD,JPY,0.25,-0.12,37.0,ok,0.5,-0.6000000000000014,,0.1503496503496506,,,unknown,neutral,2026-06-16 04:59:12.846401
USDJPY,2Y,2021-07-02,USD,JPY,0.24,-0.12,36.0,ok,-1.0,-3.6000000000000014,,0.07912087912087992,,,unknown,neutral,2026-06-16 04:59:12.846401
USDJPY,2Y,2021-07-06,USD,JPY,0.22,-0.111,33.1,ok,-2.8999999999999986,-3.3999999999999986,,-0.05076923076923077,,,unknown,neutral,2026-06-16 04:59:12.846401
USDJPY,2Y,2021-07-07,USD,JPY,0.22,-0.111,33.1,ok,0.0,-5.299999999999997,,-0.13392857142857204,,,unknown,neutral,2026-06-16 04:59:12.846401
USDJPY,2Y,2021-07-08,USD,JPY,0.19,-0.117,30.7,ok,-2.400000000000002,-5.800000000000001,,-0.23955882352941146,,,unknown,neutral,2026-06-16 04:59:12.846401
USDJPY,2Y,2021-07-09,USD,JPY,0.23,-0.117,34.7,ok,4.0000000000000036,-2.299999999999997,,-0.22892156862745033,,-61.02735397670922,confirmed,neutral,2026-06-16 04:59:12.846401
USDJPY,2Y,2021-07-12,USD,JPY,0.23,-0.117,34.7,ok,0.0,-1.2999999999999972,,-0.21744066047471636,,17.342037644025865,divergent,neutral,2026-06-16 04:59:12.846401
USDJPY,2Y,2021-07-13,USD,JPY,0.26,-0.122,38.2,ok,3.5,5.100000000000001,,-0.15052631578947412,,35.75220275310098,confirmed,neutral,2026-06-16 04:59:12.846401
USDJPY,2Y,2021-07-14,USD,JPY,0.23,-0.128,35.8,ok,-2.4000000000000057,2.6999999999999957,,-0.13390977443608962,-0.14631514760608857,-34.51806082788944,divergent,neutral,2026-06-16 04:59:12.846401
USDJPY,2Y,2021-07-15,USD,JPY,0.23,-0.128,35.8,ok,0.0,5.099999999999998,2.0,-0.1752631578947373,-0.142716236831784,-78.89528526113243,divergent,neutral,2026-06-16 04:59:12.846401
USDJPY,2Y,2021-07-16,USD,JPY,0.25,-0.128,37.8,ok,2.0,3.0999999999999943,2.5,-0.16736842105263183,0.7512272793275502,-85.21601268331347,divergent,neutral,2026-06-16 04:59:12.846401
USDJPY,2Y,2021-07-19,USD,JPY,0.21,-0.134,34.4,ok,-3.3999999999999986,-0.30000000000000426,-3.8999999999999986,-0.1644360902255639,-0.8014002192031149,-109.44554813075547,confirmed,neutral,2026-06-16 04:59:12.846401
USDJPY,2Y,2021-07-20,USD,JPY,0.2,-0.134,33.4,ok,-1.0,-4.800000000000004,-5.700000000000003,-0.15729323308270682,-1.2038450679207342,-80.40790542369835,confirmed,neutral,2026-06-16 04:59:12.846401
USDJPY,2Y,2021-07-21,USD,JPY,0.22,-0.134,35.4,ok,2.0,-0.3999999999999986,-1.1000000000000014,-0.1540601503759402,-0.2703286062146597,-32.27702183445591,confirmed,neutral,2026-06-16 04:59:12.846401
USDJPY,2Y,2021-07-26,USD,JPY,0.22,-0.135,35.5,ok,0.10000000000000142,-0.29999999999999716,-2.1000000000000014,-0.13037593984962406,-0.21852751160527553,-63.417710116205896,confirmed,neutral,2026-06-16 04:59:12.846401
USDJPY,2Y,2021-07-27,USD,JPY,0.2,-0.13,33.0,ok,-2.5,-4.799999999999997,-4.600000000000001,-0.13924812030075182,-1.3461756635577595,-120.02879251394648,confirmed,neutral,2026-06-16 04:59:12.846401
USDJPY,2Y,2021-07-28,USD,JPY,0.2,-0.13,33.0,ok,0.0,-1.3999999999999986,-6.600000000000001,-0.10962406015037669,-1.2811107775529096,-92.41227595657931,confirmed,neutral,2026-06-16 04:59:12.846401
USDJPY,2Y,2021-07-29,USD,JPY,0.2,-0.125,32.5,ok,-0.5,-0.8999999999999986,-4.0,-0.12616541353383462,-1.43271140827637,-107.68437898391548,confirmed,neutral,2026-06-16 04:59:12.846401
USDJPY,2Y,2021-07-30,USD,JPY,0.19,-0.125,31.5,ok,-1.0,-3.8999999999999986,-6.899999999999999,-0.12097744360902322,-1.7568399942731112,-87.04297916572568,confirmed,neutral,2026-06-16 04:59:12.846401
USDJPY,2Y,2021-08-02,USD,JPY,0.17,-0.13,30.000000000000004,ok,-1.4999999999999964,-5.4999999999999964,-6.4999999999999964,-0.1568421052631568,-2.1808674262168677,-74.84513234145341,confirmed,neutral,2026-06-16 04:59:12.846401
USDJPY,2Y,2021-08-03,USD,JPY,0.17,-0.125,29.500000000000004,ok,-0.5,-3.4999999999999964,-7.4999999999999964,-0.18218045112781908,-2.163807908652272,-111.14538723960177,confirmed,neutral,2026-06-16 04:59:12.846401
USDJPY,2Y,2021-08-04,USD,JPY,0.17,-0.13,30.000000000000004,ok,0.5,-2.9999999999999964,-5.9999999999999964,-0.20488721804511184,-1.8365097899397598,-71.96722500181218,confirmed,neutral,2026-06-16 04:59:12.846401
USDJPY,2Y,2021-08-05,USD,JPY,0.21,-0.136,34.599999999999994,ok,4.599999999999991,2.0999999999999943,1.499999999999993,-0.19864661654135277,-0.1376127145063739,-76.49393744857403,divergent,neutral,2026-06-16 04:59:12.846401
USDJPY,2Y,2021-08-06,USD,JPY,0.21,-0.136,34.599999999999994,ok,0.0,3.0999999999999943,1.499999999999993,-0.19466165413533862,-0.13559589410914724,18.455216553330267,confirmed,neutral,2026-06-16 04:59:12.846401
USDJPY,2Y,2021-08-10,USD,JPY,0.24,-0.131,37.1,ok,2.500000000000007,7.099999999999998,6.400000000000002,-0.1951127819548872,0.7949216010664931,65.71043722013891,confirmed,neutral,2026-06-16 04:59:12.846401
USDJPY,2Y,2021-08-11,USD,JPY,0.23,-0.131,36.1,ok,-1.0,6.599999999999998,1.3999999999999986,-0.156315789473684,0.4067968241972509,77.42312468044688,confirmed,neutral,2026-06-16 04:59:12.846401
USDJPY,2Y,2021-08-12,USD,JPY,0.23,-0.131,36.1,ok,0.0,6.099999999999998,1.3999999999999986,-0.11962406015037602,0.4005373596604216,43.85047171098666,confirmed,neutral,2026-06-16 04:59:12.846401
USDJPY,2Y,2021-08-13,USD,JPY,0.23,-0.136,36.6,ok,0.5,2.000000000000007,-1.6000000000000014,-0.022631578947368794,0.585327904574819,-62.22335099049459,divergent,neutral,2026-06-16 04:59:12.846401
USDJPY,2Y,2021-08-16,USD,JPY,0.21,-0.136,34.599999999999994,ok,-2.000000000000007,0.0,-1.2000000000000028,0.010300751879699444,-0.19919686374178344,-109.31335287942989,neutral,neutral,2026-06-16 04:59:12.846401
USDJPY,2Y,2021-08-17,USD,JPY,0.23,-0.142,37.2,ok,2.6000000000000085,0.10000000000000142,1.4000000000000057,0.08218045112781883,0.8193963861842777,-91.18376060644474,divergent,neutral,2026-06-16 04:59:12.846401
USDJPY,2Y,2021-08-18,USD,JPY,0.23,-0.142,37.2,ok,0.0,1.1000000000000014,-0.5999999999999943,0.1835338345864657,0.8031884850828569,-42.24611535183942,divergent,neutral,2026-06-16 04:59:12.846401
USDJPY,2Y,2021-08-19,USD,JPY,0.22,-0.142,36.199999999999996,ok,-1.000000000000007,0.09999999999999432,1.7999999999999972,0.21781954887217994,0.3961548485484977,-3.369579075823692,divergent,neutral,2026-06-16 04:59:12.846401
USDJPY,2Y,2021-08-20,USD,JPY,0.23,-0.142,37.2,ok,1.000000000000007,0.6000000000000014,3.8000000000000043,0.2478947368421051,0.7868522186293264,-17.380859215040402,divergent,neutral,2026-06-16 04:59:12.846401
USDJPY,2Y,2021-08-23,USD,JPY,0.23,-0.139,36.9,ok,-0.30000000000000426,2.3000000000000043,1.5,0.29954887218045134,0.6540296017905618,0.3647239040049932,confirmed,neutral,2026-06-16 04:59:12.846401
USDJPY,2Y,2021-08-24,USD,JPY,0.24,-0.139,37.9,ok,1.0,0.6999999999999957,2.3999999999999986,0.36481203007518703,1.0395952920888163,1.4583371310861182,confirmed,neutral,2026-06-16 04:59:12.846401
USDJPY,2Y,2021-08-25,USD,JPY,0.23,-0.138,36.8,ok,-1.1000000000000014,-0.4000000000000057,3.799999999999997,0.3712781954887218,0.5807795186227918,64.79363045666764,divergent,neutral,2026-06-16 04:59:12.846401
USDJPY,2Y,2021-08-26,USD,JPY,0.25,-0.133,38.3,ok,1.5,2.1000000000000014,5.299999999999997,0.39345864661654073,1.1693353185003024,96.98048462717156,confirmed,neutral,2026-06-16 04:59:12.846401
USDJPY,2Y,2021-08-27,USD,JPY,0.22,-0.133,35.3,ok,-3.0,-1.9000000000000057,2.799999999999997,0.35691729323308313,-0.06180145674604379,20.815454562053137,divergent,neutral,2026-06-16 04:59:12.846401
USDJPY,2Y,2021-08-30,USD,JPY,0.2,-0.128,32.800000000000004,ok,-2.499999999999993,-4.099999999999994,1.3000000000000043,0.26466165413533804,-1.0749335876723214,-23.049210972876377,confirmed,neutral,2026-06-16 04:59:12.846401
USDJPY,2Y,2021-08-31,USD,JPY,0.2,-0.13,33.0,ok,0.19999999999999574,-4.899999999999999,2.9999999999999964,0.1496240601503752,-0.972999597195509,-18.682773757051628,confirmed,neutral,2026-06-16 04:59:12.846401
USDJPY,2Y,2021-09-01,USD,JPY,0.2,-0.13,33.0,ok,0.0,-3.799999999999997,3.4999999999999964,0.022180451127820498,-0.9549446154717828,-20.666962772273312,confirmed,neutral,2026-06-16 04:59:12.846401
USDJPY,2Y,2021-09-02,USD,JPY,0.2,-0.13,33.0,ok,0.0,-5.299999999999997,2.9999999999999964,-0.10263157894736866,-0.9378588042847488,-58.952241451021294,confirmed,neutral,2026-06-16 04:59:12.846401
USDJPY,2Y,2021-09-03,USD,JPY,0.21,-0.125,33.5,ok,0.5,-1.7999999999999972,-1.0999999999999943,-0.15218045112782022,-0.7200598281777347,-63.328984561861205,confirmed,neutral,2026-06-16 04:59:12.846401
USDJPY,2Y,2021-09-07,USD,JPY,0.22,-0.125,34.5,ok,1.0,1.6999999999999957,-0.09999999999999432,-0.18578947368421003,-0.3002839525467489,61.11633083090817,confirmed,neutral,2026-06-16 04:59:12.846401
USDJPY,2Y,2021-09-08,USD,JPY,0.22,-0.125,34.5,ok,0.0,1.5,-2.6000000000000014,-0.1797744360902257,-0.2973514691333205,84.17200365965272,confirmed,neutral,2026-06-16 04:59:12.846401
USDJPY,2Y,2021-09-09,USD,JPY,0.23,-0.125,35.5,ok,1.0,2.5,-0.6000000000000014,-0.17135338345864654,0.12522463675307882,21.3624495608844,confirmed,neutral,2026-06-16 04:59:12.846401
USDJPY,2Y,2021-09-10,USD,JPY,0.23,-0.125,35.5,ok,0.0,2.5,-0.6000000000000014,-0.16203007518796964,0.12412364210394493,4.734158776400488,confirmed,neutral,2026-06-16 04:59:12.846401
USDJPY,2Y,2021-09-13,USD,JPY,0.21,-0.126,33.599999999999994,ok,-1.9000000000000057,0.09999999999999432,-3.000000000000007,-0.1710526315789473,-0.6862263798710629,26.891522333636342,confirmed,neutral,2026-06-16 04:59:12.846401
USDJPY,2Y,2021-09-14,USD,JPY,0.21,-0.126,33.599999999999994,ok,0.0,-0.9000000000000057,-1.0,-0.20714285714285674,-0.677829045807562,-11.380189366351212,confirmed,neutral,2026-06-16 04:59:12.846401
USDJPY,2Y,2021-09-15,USD,JPY,0.21,-0.131,34.099999999999994,ok,0.5,-0.4000000000000057,-3.1000000000000085,-0.19353383458646703,-0.4557639037502767,-26.71505160655063,confirmed,neutral,2026-06-16 04:59:12.846401
USDJPY,2Y,2021-09-16,USD,JPY,0.23,-0.127,35.699999999999996,ok,1.6000000000000014,0.19999999999999574,-1.500000000000007,-0.15240601503759407,0.24264980960608737,-3.007381755217864,divergent,neutral,2026-06-16 04:59:12.846401
USDJPY,2Y,2021-09-17,USD,JPY,0.23,-0.127,35.699999999999996,ok,0.0,0.19999999999999574,-0.5,-0.1248120300751883,0.240603907886716,-7.456036661876997,divergent,neutral,2026-06-16 04:59:12.846401
USDJPY,2Y,2021-09-21,USD,JPY,0.22,-0.133,35.3,ok,-0.3999999999999986,1.7000000000000028,-1.9000000000000057,-0.08639097744360912,0.06230246255349703,-64.71696567543206,divergent,neutral,2026-06-16 04:59:12.846401
USDJPY,2Y,2021-09-22,USD,JPY,0.25,-0.133,38.3,ok,3.0,4.700000000000003,1.3999999999999986,-0.006992481203008315,1.3747368493432142,-11.09645731956932,divergent,neutral,2026-06-16 04:59:12.846401
USDJPY,2Y,2021-09-24,USD,JPY,0.29,-0.128,41.8,ok,3.5,7.700000000000003,3.8999999999999986,0.1360902255639086,2.736495999052541,53.86355172445123,confirmed,neutral,2026-06-16 04:59:12.846401
USDJPY,2Y,2021-09-27,USD,JPY,0.31,-0.129,43.9,ok,2.1000000000000014,8.200000000000003,7.100000000000001,0.28593984962405994,3.287276358010234,117.25338949825303,confirmed,neutral,2026-06-16 04:59:12.846401
USDJPY,2Y,2021-09-28,USD,JPY,0.31,-0.129,43.9,ok,0.0,8.200000000000003,5.600000000000001,0.44879699248120203,3.0310525325178337,159.22754600109278,confirmed,neutral,2026-06-16 04:59:12.846401
USDJPY,2Y,2021-09-29,USD,JPY,0.3,-0.125,42.5,ok,-1.3999999999999986,7.200000000000003,7.200000000000003,0.5358646616541348,2.395791361899408,192.30769230769386,confirmed,neutral,2026-06-16 04:59:12.846401
USDJPY,2Y,2021-09-30,USD,JPY,0.28,-0.115,39.5,ok,-3.0,1.2000000000000028,6.699999999999996,0.5297744360902247,1.3180956338589858,105.80523495652639,confirmed,neutral,2026-06-16 04:59:12.846401
USDJPY,2Y,2021-10-01,USD,JPY,0.27,-0.125,39.5,ok,0.0,-2.299999999999997,6.5,0.5167669172932331,1.2930553819500272,70.49537289058216,divergent,neutral,2026-06-16 04:59:12.846401
USDJPY,2Y,2021-10-04,USD,JPY,0.27,-0.12,39.0,ok,-0.5,-4.899999999999999,6.0,0.48684210526315835,1.1023448627014252,98.0053143085935,divergent,neutral,2026-06-16 04:59:12.846401
USDJPY,2Y,2021-10-05,USD,JPY,0.28,-0.12,40.0,ok,1.0,-3.8999999999999986,7.0,0.4621804511278199,1.4182877368992908,142.83634775646982,divergent,neutral,2026-06-16 04:59:12.846401
USDJPY,2Y,2021-10-06,USD,JPY,0.3,-0.116,41.6,ok,1.6000000000000014,-0.8999999999999986,8.100000000000001,0.45774436090225545,1.90551461783712,128.27855811627708,divergent,neutral,2026-06-16 04:59:12.846401
USDJPY,2Y,2021-10-07,USD,JPY,0.32,-0.121,44.1,ok,2.5,4.600000000000001,9.600000000000001,0.492631578947369,2.6023471428057694,177.3686369229366,confirmed,neutral,2026-06-16 04:59:12.846401
USDJPY,2Y,2021-10-08,USD,JPY,0.32,-0.116,43.6,ok,-0.5,4.100000000000001,9.100000000000001,0.5059398496240605,2.334667179601186,258.90677710430407,confirmed,neutral,2026-06-16 04:59:12.846401
USDJPY,2Y,2021-10-12,USD,JPY,0.35,-0.116,46.599999999999994,ok,2.999999999999993,7.599999999999994,11.099999999999994,0.5642105263157895,3.0489327319247876,323.5163076587355,confirmed,neutral,2026-06-16 04:59:12.846401
USDJPY,2Y,2021-10-13,USD,JPY,0.37,-0.117,48.699999999999996,ok,2.1000000000000014,8.699999999999996,13.199999999999996,0.6357894736842106,3.367376414781927,353.72272378376255,confirmed,neutral,2026-06-16 04:59:12.846401
USDJPY,2Y,2021-10-14,USD,JPY,0.36,-0.117,47.699999999999996,ok,-1.0,6.099999999999994,14.100000000000001,0.6432330827067669,2.9021565889949485,428.7598944591031,confirmed,neutral,2026-06-16 04:59:12.846401
USDJPY,2Y,2021-10-15,USD,JPY,0.41,-0.117,52.7,ok,5.000000000000007,8.600000000000001,19.10000000000001,0.7009022556390981,3.784396904841509,401.0999517405289,confirmed,neutral,2026-06-16 04:59:12.846401
USDJPY,2Y,2021-10-18,USD,JPY,0.44,-0.119,55.89999999999999,ok,3.1999999999999886,12.29999999999999,21.799999999999997,0.783458646616541,4.0325096925660215,325.42507634208295,confirmed,long_base,2026-06-16 04:59:12.846401
USDJPY,2Y,2021-10-19,USD,JPY,0.41,-0.12,53.0,ok,-2.8999999999999915,6.400000000000006,17.300000000000004,0.8170676691729319,3.1739213112354703,341.1696730043512,confirmed,neutral,2026-06-16 04:59:12.846401
USDJPY,2Y,2021-10-20,USD,JPY,0.4,-0.114,51.4,ok,-1.6000000000000014,2.700000000000003,15.700000000000003,0.8018045112781949,2.7052760406116203,308.57132557699396,confirmed,neutral,2026-06-16 04:59:12.846401
USDJPY,2Y,2021-10-21,USD,JPY,0.45,-0.114,56.400000000000006,ok,5.000000000000007,8.70000000000001,21.10000000000001,0.8280451127819546,3.3876814563490605,208.10917437773523,confirmed,neutral,2026-06-16 04:59:12.846401
USDJPY,2Y,2021-10-22,USD,JPY,0.48,-0.114,59.4,ok,2.999999999999993,6.699999999999996,21.1,0.9127819548872169,3.5931095104635427,138.47198399085104,confirmed,neutral,2026-06-16 04:59:12.846401
USDJPY,2Y,2021-10-25,USD,JPY,0.47,-0.108,57.8,ok,-1.6000000000000014,1.9000000000000057,16.0,0.9981954887218034,3.1124493070005324,249.19592421416948,confirmed,neutral,2026-06-16 04:59:12.846401
USDJPY,2Y,2021-10-26,USD,JPY,0.47,-0.11,57.99999999999999,ok,0.19999999999999574,4.999999999999993,14.099999999999994,1.095563909774436,2.962185992758869,291.48527701917226,confirmed,neutral,2026-06-16 04:59:12.846401
USDJPY,2Y,2021-10-27,USD,JPY,0.5,-0.101,60.099999999999994,ok,2.1000000000000014,8.699999999999996,16.199999999999996,1.2017293233082698,3.0773791844944025,252.50295127468013,confirmed,neutral,2026-06-16 04:59:12.846401
USDJPY,2Y,2021-10-28,USD,JPY,0.5,-0.105,60.5,ok,0.4000000000000057,4.099999999999994,18.0,1.2671428571428567,2.957933551259564,190.87598442853792,confirmed,neutral,2026-06-16 04:59:12.846401
USDJPY,2Y,2021-10-29,USD,JPY,0.48,-0.105,58.5,ok,-2.0,-0.8999999999999986,19.0,1.2295488721804515,2.5690283790132025,229.70037520420706,divergent,neutral,2026-06-16 04:59:12.846401
USDJPY,2Y,2021-11-01,USD,JPY,0.5,-0.105,60.5,ok,2.0,2.700000000000003,21.0,1.1919548872180454,2.701004397495295,167.08996123512952,confirmed,neutral,2026-06-16 04:59:12.846401
USDJPY,2Y,2021-11-02,USD,JPY,0.46,-0.105,56.50000000000001,ok,-3.999999999999993,-1.4999999999999858,17.500000000000007,1.057744360902256,2.1249600369216277,150.6136772538613,divergent,neutral,2026-06-16 04:59:12.846401
USDJPY,2Y,2021-11-04,USD,JPY,0.41,-0.1,51.0,ok,-5.500000000000007,-9.099999999999994,11.0,0.834436090225564,1.4150718822894754,26.158873318828935,divergent,neutral,2026-06-16 04:59:12.846401
USDJPY,2Y,2021-11-05,USD,JPY,0.39,-0.11,50.0,ok,-1.0,-10.5,8.399999999999999,0.6055639097744373,1.2728356053694883,0.8825580061233573,divergent,neutral,2026-06-16 04:59:12.846401
USDJPY,2Y,2021-11-08,USD,JPY,0.45,-0.117,56.7,ok,6.700000000000003,-1.7999999999999972,12.600000000000001,0.4992481203007524,2.0435146068207657,-85.18051616066114,confirmed,neutral,2026-06-16 04:59:12.846401
USDJPY,2Y,2021-11-09,USD,JPY,0.41,-0.116,52.6,ok,-4.100000000000001,-7.899999999999999,9.0,0.3075187969924819,1.5183106995748061,-124.11223454500853,confirmed,neutral,2026-06-16 04:59:12.846401
USDJPY,2Y,2021-11-10,USD,JPY,0.51,-0.116,62.6,ok,10.0,6.099999999999994,16.000000000000007,0.2924812030075194,2.613034817165203,-33.42433151336866,divergent,neutral,2026-06-16 04:59:12.846401
USDJPY,2Y,2021-11-12,USD,JPY,0.53,-0.116,64.60000000000001,ok,2.000000000000007,13.600000000000009,15.900000000000013,0.3151127819548876,2.722015857519187,-47.29558428842373,divergent,neutral,2026-06-16 04:59:12.846401
USDJPY,2Y,2021-11-15,USD,JPY,0.53,-0.123,65.3,ok,0.6999999999999886,15.299999999999997,17.6,0.30804511278195507,2.6826256411680727,56.835204342384756,confirmed,long_base,2026-06-16 04:59:12.846401
USDJPY,2Y,2021-11-16,USD,JPY,0.54,-0.125,66.5,ok,1.2000000000000028,9.799999999999997,13.799999999999997,0.37060150375939865,2.695007638742181,108.73772741668563,confirmed,neutral,2026-06-16 04:59:12.846401
USDJPY,2Y,2021-11-17,USD,JPY,0.52,-0.128,64.8,ok,-1.7000000000000028,12.199999999999996,8.900000000000006,0.4386466165413535,2.427900896935212,37.44626987684852,confirmed,long_base,2026-06-16 04:59:12.846401
USDJPY,2Y,2021-11-18,USD,JPY,0.52,-0.125,64.5,ok,-0.29999999999999716,1.8999999999999986,11.5,0.4432330827067673,2.320732957882382,8.84544984805169,confirmed,neutral,2026-06-16 04:59:12.846401
USDJPY,2Y,2021-11-19,USD,JPY,0.52,-0.129,64.9,ok,0.4000000000000057,0.29999999999999716,13.500000000000007,0.41097744360902405,2.2884463572464537,15.55756739415104,confirmed,neutral,2026-06-16 04:59:12.846401
USDJPY,2Y,2021-11-22,USD,JPY,0.63,-0.135,76.5,ok,11.599999999999994,11.200000000000003,20.099999999999994,0.6030827067669178,3.237674896424354,72.30290001316142,confirmed,long_base,2026-06-16 04:59:12.846401
USDJPY,2Y,2021-11-24,USD,JPY,0.64,-0.13,77.0,ok,0.5,10.5,17.6,0.8194736842105251,3.1129475011142533,115.52283285125809,confirmed,long_base,2026-06-16 04:59:12.846401
USDJPY,2Y,2021-11-26,USD,JPY,0.5,-0.132,63.2,ok,-13.799999999999997,-1.5999999999999943,5.400000000000006,0.7869924812030089,1.8335623026343755,-71.36094259564408,confirmed,neutral,2026-06-16 04:59:12.846401
USDJPY,2Y,2021-11-29,USD,JPY,0.51,-0.131,64.1,ok,0.8999999999999915,-0.4000000000000057,6.100000000000001,0.7624060150375933,1.8727965210984072,42.9767819479876,divergent,neutral,2026-06-16 04:59:12.846401
USDJPY,2Y,2021-11-30,USD,JPY,0.52,-0.12,64.0,ok,-0.09999999999999432,-0.9000000000000057,3.9000000000000057,0.760375939849623,1.8262241523698335,-15.509887553315505,confirmed,neutral,2026-06-16 04:59:12.846401
USDJPY,2Y,2021-12-01,USD,JPY,0.56,-0.12,68.0,ok,4.0,-8.5,7.5,0.8159398496240599,2.1180604983035,-32.93452827689669,confirmed,neutral,2026-06-16 04:59:12.846401
USDJPY,2Y,2021-12-02,USD,JPY,0.63,-0.12,75.0,ok,7.0,-2.0,16.5,0.9286466165413523,2.6170419155624565,9.65345000133011,divergent,neutral,2026-06-16 04:59:12.846401
USDJPY,2Y,2021-12-03,USD,JPY,0.6,-0.115,71.5,ok,-3.5,8.299999999999997,11.0,0.9981203007518787,2.261447170939329,-104.91106702017473,divergent,neutral,2026-06-16 04:59:12.846401
USDJPY,2Y,2021-12-06,USD,JPY,0.65,-0.116,76.6,ok,5.099999999999994,12.5,20.099999999999987,1.0607518796992477,2.5834908577532376,-33.37842348435704,divergent,neutral,2026-06-16 04:59:12.846401
USDJPY,2Y,2021-12-07,USD,JPY,0.7,-0.116,81.6,ok,5.0,17.599999999999994,30.599999999999994,1.0777443609022554,2.8567194705625734,-40.005965801918066,divergent,neutral,2026-06-16 04:59:12.846401
USDJPY,2Y,2021-12-08,USD,JPY,0.68,-0.111,79.10000000000001,ok,-2.499999999999986,11.100000000000009,29.10000000000001,0.9972180451127812,2.5742535070004653,-39.34075755053335,divergent,neutral,2026-06-16 04:59:12.846401
USDJPY,2Y,2021-12-09,USD,JPY,0.7,-0.106,80.6,ok,1.4999999999999858,5.599999999999994,23.89999999999999,1.0001503759398487,2.594513932896745,-127.58476641370086,divergent,neutral,2026-06-16 04:59:12.846401
USDJPY,2Y,2021-12-10,USD,JPY,0.67,-0.107,77.7,ok,-2.8999999999999915,6.200000000000003,25.1,0.8609774436090213,2.3169536028057163,-71.37289931604562,divergent,neutral,2026-06-16 04:59:12.846401
USDJPY,2Y,2021-12-13,USD,JPY,0.66,-0.107,76.7,ok,-1.0,0.10000000000000853,14.100000000000001,0.8276691729323303,2.189237350976775,-32.55871099097752,divergent,neutral,2026-06-16 04:59:12.846401
USDJPY,2Y,2021-12-14,USD,JPY,0.67,-0.112,78.2,ok,1.5,-3.3999999999999915,13.599999999999994,0.8261654135338348,2.2355112875308665,-35.21990537935893,confirmed,neutral,2026-06-16 04:59:12.846401
USDJPY,2Y,2021-12-15,USD,JPY,0.69,-0.112,80.19999999999999,ok,1.9999999999999858,1.09999999999998,14.899999999999991,0.8438345864661648,2.3094982608629917,-56.277169415187565,divergent,neutral,2026-06-16 04:59:12.846401
USDJPY,2Y,2021-12-16,USD,JPY,0.64,-0.113,75.3,ok,-4.8999999999999915,-5.299999999999997,8.799999999999997,0.7880451127819551,1.9381026028394717,-128.3632384360178,confirmed,neutral,2026-06-16 04:59:12.846401
USDJPY,2Y,2021-12-17,USD,JPY,0.66,-0.112,77.2,ok,1.9000000000000057,-0.5,12.400000000000006,0.7193233082706767,2.02137622674829,-150.4228476362124,confirmed,neutral,2026-06-16 04:59:12.846401
USDJPY,2Y,2021-12-20,USD,JPY,0.65,-0.113,76.3,ok,-0.9000000000000057,-0.4000000000000057,11.799999999999997,0.6143609022556394,1.923768574503971,36.201811856535485,divergent,neutral,2026-06-16 04:59:12.846401
USDJPY,2Y,2021-12-21,USD,JPY,0.7,-0.107,80.69999999999999,ok,4.3999999999999915,2.499999999999986,15.799999999999983,0.560827067669172,2.159549797226163,23.74231672250371,confirmed,neutral,2026-06-16 04:59:12.846401
USDJPY,2Y,2021-12-22,USD,JPY,0.68,-0.103,78.3,ok,-2.3999999999999915,-1.8999999999999915,1.7999999999999972,0.6324060150375942,1.9655276658523988,28.294260307195618,divergent,neutral,2026-06-16 04:59:12.846401
USDJPY,2Y,2021-12-23,USD,JPY,0.71,-0.097,80.69999999999999,ok,2.3999999999999915,5.3999999999999915,3.6999999999999886,0.7434586466165399,2.072654406912145,102.4713150926737,confirmed,neutral,2026-06-16 04:59:12.846401
USDJPY,2Y,2021-12-27,USD,JPY,0.76,-0.095,85.5,ok,4.800000000000011,8.299999999999997,22.299999999999997,0.6996240601503755,2.312912525788984,184.54276867386542,confirmed,neutral,2026-06-16 04:59:12.846401
USDJPY,2Y,2021-12-28,USD,JPY,0.74,-0.095,83.5,ok,-2.0,7.200000000000003,19.400000000000006,0.607894736842105,2.1411017607951903,152.68661205569688,confirmed,neutral,2026-06-16 04:59:12.846401
USDJPY,2Y,2021-12-29,USD,JPY,0.75,-0.1,85.0,ok,1.5,4.300000000000011,21.0,0.5068421052631558,2.1813254875511237,130.52368110270996,confirmed,neutral,2026-06-16 04:59:12.846401
USDJPY,2Y,2021-12-30,USD,JPY,0.73,-0.095,82.5,ok,-2.5,4.200000000000003,14.5,0.40165413533834515,1.9924051551810298,135.4743805438341,confirmed,neutral,2026-06-16 04:59:12.846401
USDJPY,2Y,2022-01-04,USD,JPY,0.77,-0.085,85.5,ok,3.0,4.800000000000011,10.5,0.4280451127819551,2.123111362004267,234.51678266231957,confirmed,neutral,2026-06-16 04:59:12.846401
USDJPY,2Y,2022-01-05,USD,JPY,0.83,-0.086,91.6,ok,6.099999999999994,6.099999999999994,20.099999999999994,0.47052631578947124,2.4129610560942343,224.2531498454792,confirmed,neutral,2026-06-16 04:59:12.846401
USDJPY,2Y,2022-01-06,USD,JPY,0.88,-0.081,96.1,ok,4.5,12.599999999999994,19.5,0.6275939849624063,2.5908964771500247,186.9208180203641,confirmed,long_base,2026-06-16 04:59:12.846401
USDJPY,2Y,2022-01-07,USD,JPY,0.87,-0.076,94.6,ok,-1.5,9.599999999999994,13.0,0.812857142857142,2.440648626427845,121.4266315060919,confirmed,neutral,2026-06-16 04:59:12.846401
USDJPY,2Y,2022-01-11,USD,JPY,0.9,-0.078,97.8,ok,3.200000000000003,15.299999999999997,18.69999999999999,0.9848120300751868,2.5421141767005864,160.06554142147246,confirmed,long_base,2026-06-16 04:59:12.846401
USDJPY,2Y,2022-01-12,USD,JPY,0.92,-0.083,100.30000000000001,ok,2.500000000000014,14.800000000000011,19.700000000000017,1.1880451127819553,2.598274598508268,88.68243243243201,confirmed,long_base,2026-06-16 04:59:12.846401
USDJPY,2Y,2022-01-13,USD,JPY,0.91,-0.083,99.3,ok,-1.0000000000000142,7.700000000000003,21.599999999999994,1.3015789473684223,2.4780633090818145,10.790325552016977,confirmed,neutral,2026-06-16 04:59:12.846401
USDJPY,2Y,2022-01-14,USD,JPY,0.99,-0.073,106.3,ok,7.0,10.200000000000003,29.599999999999994,1.466842105263157,2.748243274607344,5.344969595009186,confirmed,long_base,2026-06-16 04:59:12.846401
USDJPY,2Y,2022-01-18,USD,JPY,1.06,-0.075,113.5,ok,7.200000000000003,18.900000000000006,35.3,1.7141353383458644,2.995176897534824,18.8910267622866,confirmed,long_base,2026-06-16 04:59:12.846401
USDJPY,2Y,2022-01-19,USD,JPY,1.04,-0.08,112.00000000000001,ok,-1.4999999999999858,14.200000000000017,31.800000000000026,1.9184962406015025,2.826089976440555,-38.678990513193455,divergent,neutral,2026-06-16 04:59:12.846401
USDJPY,2Y,2022-01-20,USD,JPY,1.08,-0.075,115.5,ok,3.499999999999986,15.199999999999989,40.2,2.047669172932331,2.8904310513224956,-67.61466610901934,divergent,neutral,2026-06-16 04:59:12.846401
USDJPY,2Y,2022-01-21,USD,JPY,1.01,-0.076,108.60000000000001,ok,-6.8999999999999915,9.300000000000011,31.400000000000006,2.047819548872181,2.5047394255816804,-112.31263103865241,divergent,neutral,2026-06-16 04:59:12.846401
USDJPY,2Y,2022-01-24,USD,JPY,0.99,-0.071,106.1,ok,-2.500000000000014,-0.20000000000000284,29.799999999999997,1.950827067669175,2.336535682109761,-93.66501290283269,confirmed,neutral,2026-06-16 04:59:12.846401
USDJPY,2Y,2022-01-25,USD,JPY,1.02,-0.071,109.1,ok,3.0,-4.400000000000006,28.400000000000006,1.9213533834586445,2.410618596954163,-108.56160219554934,confirmed,neutral,2026-06-16 04:59:12.846401
USDJPY,2Y,2022-01-26,USD,JPY,1.13,-0.071,120.09999999999998,ok,10.999999999999986,8.099999999999966,41.79999999999998,1.9684210526315777,2.8018559452967646,-52.804994363998546,divergent,neutral,2026-06-16 04:59:12.846401
USDJPY,2Y,2022-01-27,USD,JPY,1.18,-0.055,123.49999999999999,ok,3.4000000000000057,7.999999999999986,42.8,2.0390977443609017,2.8526810707667467,-70.75715318665465,divergent,neutral,2026-06-16 04:59:12.846401
USDJPY,2Y,2022-01-28,USD,JPY,1.15,-0.055,120.49999999999999,ok,-3.0,11.899999999999977,34.999999999999986,2.0783458646616535,2.651716798155265,-81.20629671730217,divergent,neutral,2026-06-16 04:59:12.846401
USDJPY,2Y,2022-01-31,USD,JPY,1.18,-0.055,123.49999999999999,ok,3.0,17.39999999999999,39.999999999999986,2.0762406015037596,2.6948606399579114,-35.40236650537931,divergent,neutral,2026-06-16 04:59:12.846401
USDJPY,2Y,2022-02-01,USD,JPY,1.18,-0.05,123.0,ok,-0.4999999999999858,13.900000000000006,38.0,2.030526315789474,2.603685781365112,-76.71683099809701,divergent,neutral,2026-06-16 04:59:12.846401
USDJPY,2Y,2022-02-02,USD,JPY,1.16,-0.05,121.0,ok,-2.0,0.9000000000000199,38.5,1.859624060150376,2.4648810366158402,-77.8993207665013,divergent,neutral,2026-06-16 04:59:12.846401
USDJPY,2Y,2022-02-03,USD,JPY,1.19,-0.05,124.0,ok,3.0,0.5000000000000142,38.5,1.721052631578947,2.5161639344110274,-32.601250292630944,divergent,neutral,2026-06-16 04:59:12.846401
USDJPY,2Y,2022-02-04,USD,JPY,1.31,-0.045,135.5,ok,11.5,15.000000000000014,43.900000000000006,1.7851879699248094,2.858459047577571,42.03292870099018,confirmed,long_base,2026-06-16 04:59:12.846401
USDJPY,2Y,2022-02-07,USD,JPY,1.3,-0.045,134.5,ok,-1.0,11.000000000000014,38.400000000000006,1.840075187969924,2.741519197337993,76.71626367274698,confirmed,long_base,2026-06-16 04:59:12.846401
USDJPY,2Y,2022-02-08,USD,JPY,1.35,-0.04,139.0,ok,4.5,16.0,44.400000000000006,1.8778195488721816,2.8172210175218027,107.34156839416143,confirmed,long_base,2026-06-16 04:59:12.846401
USDJPY,2Y,2022-02-09,USD,JPY,1.36,-0.04,140.0,ok,1.0,19.0,42.2,1.9136090225563884,2.770808559385663,89.46261335567752,confirmed,long_base,2026-06-16 04:59:12.846401
USDJPY,2Y,2022-02-10,USD,JPY,1.61,-0.031,164.1,ok,24.099999999999994,40.099999999999994,63.79999999999998,2.269699248120299,3.4455582677623737,130.50385837494406,confirmed,long_base,2026-06-16 04:59:12.846401
USDJPY,2Y,2022-02-14,USD,JPY,1.58,-0.029,160.9,ok,-3.1999999999999886,25.400000000000006,61.60000000000001,2.4683458646616514,3.2159726027684306,165.58738649961268,confirmed,long_base,2026-06-16 04:59:12.846401
USDJPY,2Y,2022-02-15,USD,JPY,1.58,-0.024,160.4,ok,-0.5,25.900000000000006,54.10000000000001,2.677744360902256,3.090539748170784,162.76024501920227,confirmed,long_base,2026-06-16 04:59:12.846401
USDJPY,2Y,2022-02-16,USD,JPY,1.52,-0.019,153.9,ok,-6.5,14.900000000000006,40.400000000000006,2.826616541353381,2.8056781517438023,120.77570101655111,confirmed,long_base,2026-06-16 04:59:12.846401
USDJPY,2Y,2022-02-17,USD,JPY,1.49,-0.008,149.8,ok,-4.099999999999994,9.800000000000011,37.8,2.8324812030075197,2.613866996695801,85.08060267621964,confirmed,neutral,2026-06-16 04:59:12.846401
USDJPY,2Y,2022-02-18,USD,JPY,1.47,-0.008,147.8,ok,-2.0,-16.299999999999983,32.30000000000001,2.808195488721805,2.4956984686833086,23.535359698747538,divergent,neutral,2026-06-16 04:59:12.846401
USDJPY,2Y,2022-02-22,USD,JPY,1.56,-0.026,158.6,ok,10.799999999999983,-2.3000000000000114,49.999999999999986,2.7806766917293264,2.738024726222706,-14.141694574100194,confirmed,neutral,2026-06-16 04:59:12.846401
USDJPY,2Y,2022-02-24,USD,JPY,1.54,-0.026,156.6,ok,-2.0,-3.8000000000000114,50.5,2.6099248120300773,2.6147912444153225,71.12164765150419,divergent,neutral,2026-06-16 04:59:12.846401
USDJPY,2Y,2022-02-25,USD,JPY,1.55,-0.025,157.5,ok,0.9000000000000057,3.5999999999999943,48.400000000000006,2.4234586466165395,2.5775803409083013,98.09493001337711,confirmed,neutral,2026-06-16 04:59:12.846401
USDJPY,2Y,2022-02-28,USD,JPY,1.44,-0.035,147.5,ok,-10.0,-2.3000000000000114,27.40000000000002,2.1950375939849622,2.256793867778944,-5.991975962623686,confirmed,neutral,2026-06-16 04:59:12.846401
USDJPY,2Y,2022-03-01,USD,JPY,1.31,-0.035,134.5,ok,-13.0,-13.300000000000011,11.000000000000014,1.7933834586466162,1.8742657886000296,-33.41288782816143,confirmed,neutral,2026-06-16 04:59:12.846401
USDJPY,2Y,2022-03-02,USD,JPY,1.5,-0.045,154.5,ok,20.0,-4.099999999999994,34.000000000000014,1.6135338345864663,2.3695851273353523,39.28282766832103,divergent,neutral,2026-06-16 04:59:12.846401
USDJPY,2Y,2022-03-03,USD,JPY,1.53,-0.035,156.5,ok,2.0,-0.09999999999999432,33.000000000000014,1.4584962406015047,2.374560621438391,-4.760462197601623,confirmed,neutral,2026-06-16 04:59:12.846401
USDJPY,2Y,2022-03-04,USD,JPY,1.5,-0.04,154.0,ok,-2.5,-3.5,31.0,1.2102255639097776,2.265937979305605,-69.98390975622382,confirmed,neutral,2026-06-16 04:59:12.846401
USDJPY,2Y,2022-03-07,USD,JPY,1.55,-0.05,160.0,ok,6.0,12.5,39.0,0.9694736842105293,2.374494435299458,-3.9857552572986066,divergent,neutral,2026-06-16 04:59:12.846401
USDJPY,2Y,2022-03-08,USD,JPY,1.63,-0.045,167.49999999999997,ok,7.499999999999972,32.99999999999997,43.49999999999997,0.8245864661654109,2.5117190140511356,12.11240310077466,confirmed,long_base,2026-06-16 04:59:12.846401
USDJPY,2Y,2022-03-09,USD,JPY,1.68,-0.04,172.0,ok,4.500000000000028,17.5,36.5,0.8601503759398512,2.5667665087204896,32.024095968425925,confirmed,long_base,2026-06-16 04:59:12.846401
USDJPY,2Y,2022-03-10,USD,JPY,1.72,-0.03,175.0,ok,3.0,18.5,40.5,0.8678947368421011,2.5819375544515393,46.78352458945545,confirmed,long_base,2026-06-16 04:59:12.846401
USDJPY,2Y,2022-03-11,USD,JPY,1.75,-0.03,178.0,ok,3.0,24.0,39.0,0.9286466165413566,2.595343079312939,158.9392495016906,confirmed,long_base,2026-06-16 04:59:12.846401
USDJPY,2Y,2022-03-14,USD,JPY,1.87,-0.03,190.0,ok,12.0,30.0,50.0,1.1179699248120272,2.809507855459909,280.63065805149944,confirmed,long_base,2026-06-16 04:59:12.846401
USDJPY,2Y,2022-03-15,USD,JPY,1.85,-0.025,187.5,ok,-2.5,20.00000000000003,23.400000000000006,1.5769172932330813,2.685252550311672,291.3111174899763,confirmed,long_base,2026-06-16 04:59:12.846401
USDJPY,2Y,2022-03-16,USD,JPY,1.95,-0.025,197.5,ok,10.0,25.5,36.599999999999994,2.093007518796991,2.840653625891993,371.7890548652791,confirmed,long_base,2026-06-16 04:59:12.846401
USDJPY,2Y,2022-03-17,USD,JPY,1.94,-0.025,196.5,ok,-1.0,21.5,36.099999999999994,2.53187969924812,2.749013210403121,294.26841241018576,confirmed,long_base,2026-06-16 04:59:12.846401
USDJPY,2Y,2022-03-18,USD,JPY,1.97,-0.018,198.8,ok,2.3000000000000114,20.80000000000001,44.900000000000006,2.846691729323306,2.7327691142924277,367.1082177235463,confirmed,long_base,2026-06-16 04:59:12.846401
USDJPY,2Y,2022-03-22,USD,JPY,2.18,-0.018,219.79999999999998,ok,20.99999999999997,29.799999999999983,69.99999999999997,3.3292481203007545,3.0955669104936674,497.45648337197633,confirmed,long_base,2026-06-16 04:59:12.846401
USDJPY,2Y,2022-03-23,USD,JPY,2.13,-0.023,215.3,ok,-4.499999999999972,27.80000000000001,67.5,3.610676691729325,2.919292341664903,524.3081200851551,confirmed,long_base,2026-06-16 04:59:12.846401
USDJPY,2Y,2022-03-24,USD,JPY,2.13,-0.023,215.3,ok,0.0,17.80000000000001,56.70000000000002,3.9611278195488744,2.845009482954923,653.9533263671183,confirmed,long_base,2026-06-16 04:59:12.846401
USDJPY,2Y,2022-03-25,USD,JPY,2.3,-0.023,232.29999999999998,ok,16.99999999999997,35.79999999999998,75.69999999999999,4.4375939849624055,3.0979466239706475,561.312383673116,confirmed,long_base,2026-06-16 04:59:12.846401
USDJPY,2Y,2022-03-28,USD,JPY,2.35,-0.018,236.79999999999998,ok,4.5,37.99999999999997,79.29999999999998,4.878721804511278,3.094183894420122,767.7564923468271,confirmed,long_base,2026-06-16 04:59:12.846401
USDJPY,2Y,2022-03-29,USD,JPY,2.35,-0.021,237.1,ok,0.30000000000001137,17.30000000000001,89.6,5.046992481203005,3.013880819643115,711.0794070568583,confirmed,long_base,2026-06-16 04:59:12.846401
USDJPY,2Y,2022-03-30,USD,JPY,2.31,-0.031,234.10000000000002,ok,-2.9999999999999716,18.80000000000001,99.60000000000002,4.832406015037598,2.8815220707001505,576.778052268887,confirmed,long_base,2026-06-16 04:59:12.846401
USDJPY,2Y,2022-03-31,USD,JPY,2.28,-0.03,230.99999999999997,ok,-3.100000000000051,15.69999999999996,76.49999999999997,4.739548872180447,2.7576656461551203,520.1168296982472,confirmed,long_base,2026-06-16 04:59:12.846401
USDJPY,2Y,2022-04-01,USD,JPY,2.44,-0.04,248.0,ok,17.00000000000003,15.700000000000017,91.5,4.806090225563906,2.9862263677340364,566.7425889498578,confirmed,long_base,2026-06-16 04:59:12.846401
USDJPY,2Y,2022-04-04,USD,JPY,2.43,-0.04,247.00000000000003,ok,-0.9999999999999716,10.200000000000045,93.00000000000003,4.681278195488721,2.893394984864366,475.4998976318836,confirmed,long_base,2026-06-16 04:59:12.846401
USDJPY,2Y,2022-04-05,USD,JPY,2.51,-0.04,254.99999999999997,ok,7.999999999999943,17.899999999999977,94.99999999999997,4.6256390977443615,2.9546114244439092,521.2241876611267,confirmed,long_base,2026-06-16 04:59:12.846401
USDJPY,2Y,2022-04-06,USD,JPY,2.5,-0.035,253.5,ok,-1.4999999999999716,19.399999999999977,86.00000000000003,4.524135338345863,2.85734080154115,465.7497166252189,confirmed,long_base,2026-06-16 04:59:12.846401
USDJPY,2Y,2022-04-07,USD,JPY,2.47,-0.04,251.00000000000003,ok,-2.4999999999999716,20.000000000000057,79.00000000000003,4.328646616541355,2.751346381645233,488.7923456623167,confirmed,long_base,2026-06-16 04:59:12.846401
USDJPY,2Y,2022-04-08,USD,JPY,2.53,-0.08,261.0,ok,9.999999999999972,13.0,86.0,4.204586466165411,2.8468409613473207,455.1228663486695,confirmed,long_base,2026-06-16 04:59:12.846401
USDJPY,2Y,2022-04-11,USD,JPY,2.5,-0.086,258.59999999999997,ok,-2.400000000000034,11.599999999999937,80.59999999999997,3.9642857142857104,2.745081605963961,534.4370193760706,confirmed,long_base,2026-06-16 04:59:12.846401
USDJPY,2Y,2022-04-12,USD,JPY,2.39,-0.08,247.00000000000003,ok,-11.599999999999937,-7.999999999999943,57.00000000000003,3.6265413533834607,2.511318233695051,516.9247796885857,divergent,neutral,2026-06-16 04:59:12.846401
USDJPY,2Y,2022-04-13,USD,JPY,2.37,-0.065,243.5,ok,-3.5000000000000284,-10.0,56.0,3.11360902255639,2.4129009950450744,482.39012642986137,divergent,neutral,2026-06-16 04:59:12.846401
USDJPY,2Y,2022-04-14,USD,JPY,2.47,-0.061,253.10000000000002,ok,9.600000000000023,2.0999999999999943,55.60000000000002,2.811503759398499,2.5137550478787754,398.30885625278256,confirmed,neutral,2026-06-16 04:59:12.846401
USDJPY,2Y,2022-04-18,USD,JPY,2.46,-0.056,251.6,ok,-1.5000000000000284,-9.400000000000006,55.099999999999994,2.3885714285714315,2.4462235482939825,421.5608324658393,divergent,neutral,2026-06-16 04:59:12.846401
USDJPY,2Y,2022-04-19,USD,JPY,2.61,-0.046,265.59999999999997,ok,13.999999999999972,7.0,66.79999999999995,2.119097744360901,2.6051692060099065,577.2470761429638,confirmed,neutral,2026-06-16 04:59:12.846401
USDJPY,2Y,2022-04-20,USD,JPY,2.6,-0.046,264.59999999999997,ok,-1.0,17.599999999999937,44.79999999999998,2.066466165413534,2.5412682803133806,354.1204834873213,confirmed,long_base,2026-06-16 04:59:12.846401
USDJPY,2Y,2022-04-21,USD,JPY,2.68,-0.049,272.90000000000003,ok,8.300000000000068,29.400000000000034,57.60000000000002,1.9939849624060124,2.6106480252534743,431.2655328687698,confirmed,long_base,2026-06-16 04:59:12.846401
USDJPY,2Y,2022-04-22,USD,JPY,2.72,-0.057,277.7,ok,4.7999999999999545,24.599999999999966,62.39999999999998,1.903458646616545,2.6269180822024,526.9671116793285,confirmed,long_base,2026-06-16 04:59:12.846401
USDJPY,2Y,2022-04-25,USD,JPY,2.63,-0.052,268.2,ok,-9.5,16.599999999999994,35.900000000000006,1.8518045112781905,2.447974204075973,432.3260693844566,confirmed,long_base,2026-06-16 04:59:12.846401
USDJPY,2Y,2022-04-26,USD,JPY,2.54,-0.057,259.7,ok,-8.5,-5.899999999999977,22.900000000000006,1.695789473684208,2.2921680356703344,377.5461943669778,divergent,neutral,2026-06-16 04:59:12.846401
USDJPY,2Y,2022-04-27,USD,JPY,2.58,-0.056,263.6,ok,3.900000000000034,-0.9999999999999432,26.50000000000003,1.5657894736842195,2.3097649655525534,459.37230248049633,divergent,neutral,2026-06-16 04:59:12.846401
USDJPY,2Y,2022-04-28,USD,JPY,2.63,-0.06,269.0,ok,5.399999999999977,-3.900000000000034,34.89999999999998,1.4257142857142904,2.346037254030587,576.3523294273676,divergent,neutral,2026-06-16 04:59:12.846401
USDJPY,2Y,2022-05-02,USD,JPY,2.73,-0.05,278.0,ok,9.0,0.30000000000001137,47.00000000000003,1.3127819548872157,2.427010899468205,468.462089331263,confirmed,neutral,2026-06-16 04:59:12.846401
USDJPY,2Y,2022-05-06,USD,JPY,2.72,-0.045,276.5,ok,-1.5,8.300000000000011,28.5,1.3761654135338397,2.3680954084517087,410.09564378076124,confirmed,neutral,2026-06-16 04:59:12.846401
USDJPY,2Y,2022-05-09,USD,JPY,2.61,-0.046,265.59999999999997,ok,-10.900000000000034,5.899999999999977,18.599999999999937,1.225187969924816,2.1918165069508793,318.71280232999675,confirmed,neutral,2026-06-16 04:59:12.846401
USDJPY,2Y,2022-05-10,USD,JPY,2.62,-0.046,266.59999999999997,ok,1.0,2.999999999999943,11.599999999999994,1.1868421052631533,2.1745698127149087,296.57770651839274,confirmed,neutral,2026-06-16 04:59:12.846401
USDJPY,2Y,2022-05-11,USD,JPY,2.66,-0.046,270.6,ok,4.000000000000057,1.6000000000000227,17.100000000000023,1.16451127819549,2.195743471119271,212.5182866401354,confirmed,neutral,2026-06-16 04:59:12.846401
USDJPY,2Y,2022-05-12,USD,JPY,2.56,-0.051,261.1,ok,-9.5,-16.899999999999977,10.099999999999994,0.941278195488726,2.0471302266420084,-56.136335518990336,confirmed,neutral,2026-06-16 04:59:12.846401
USDJPY,2Y,2022-05-13,USD,JPY,2.61,-0.057,266.7,ok,5.599999999999966,-9.800000000000011,5.699999999999989,0.9407518796992467,2.0920116879380433,93.99979684166837,divergent,neutral,2026-06-16 04:59:12.846401
USDJPY,2Y,2022-05-16,USD,JPY,2.58,-0.056,263.6,ok,-3.099999999999966,-1.9999999999999432,5.000000000000057,0.8494736842105303,2.027739640109469,38.8481031382093,divergent,neutral,2026-06-16 04:59:12.846401
USDJPY,2Y,2022-05-17,USD,JPY,2.71,-0.056,276.6,ok,13.0,10.000000000000057,29.599999999999994,0.7532330827067671,2.1628535151184645,63.44960577266967,confirmed,long_base,2026-06-16 04:59:12.846401
USDJPY,2Y,2022-05-18,USD,JPY,2.68,-0.056,273.6,ok,-3.0,3.0,30.100000000000023,0.5143609022556311,2.0983733887462206,12.209247722505534,confirmed,neutral,2026-06-16 04:59:12.846401
USDJPY,2Y,2022-05-19,USD,JPY,2.63,-0.056,268.6,ok,-5.0,7.5,15.5,0.3103759398496282,2.0122614062918167,45.96743776716261,confirmed,neutral,2026-06-16 04:59:12.846401
USDJPY,2Y,2022-05-20,USD,JPY,2.6,-0.056,265.6,ok,-3.0,-1.099999999999966,14.000000000000028,0.016541353383463075,1.9531884300380749,-51.93126698276873,confirmed,neutral,2026-06-16 04:59:12.846401
USDJPY,2Y,2022-05-23,USD,JPY,2.65,-0.062,271.2,ok,5.599999999999966,7.599999999999966,5.600000000000023,0.0027067669172977844,1.9985736067060784,-154.59391175745796,divergent,neutral,2026-06-16 04:59:12.846401
USDJPY,2Y,2022-05-24,USD,JPY,2.5,-0.067,256.70000000000005,ok,-14.499999999999943,-19.899999999999977,-7.89999999999992,-0.2424812030075224,1.8041944312771054,-251.0807858582431,confirmed,short_base,2026-06-16 04:59:12.846401
USDJPY,2Y,2022-05-25,USD,JPY,2.48,-0.075,255.50000000000003,ok,-1.200000000000017,-18.099999999999994,-17.400000000000006,-0.3618796992481205,1.7727266856667125,-226.82377537451615,confirmed,short_base,2026-06-16 04:59:12.846401
USDJPY,2Y,2022-05-26,USD,JPY,2.46,-0.062,252.2,ok,-3.30000000000004,-16.400000000000034,-25.5,-0.4264661654135323,1.7173896674801834,-232.08810125804,confirmed,short_base,2026-06-16 04:59:12.846401
USDJPY,2Y,2022-05-27,USD,JPY,2.47,-0.067,253.70000000000005,ok,1.5000000000000568,-11.899999999999977,-14.499999999999943,-0.5812781954887247,1.719852726676288,-165.90446564678675,confirmed,short_base,2026-06-16 04:59:12.846401
USDJPY,2Y,2022-05-31,USD,JPY,2.53,-0.07,259.99999999999994,ok,6.299999999999898,-11.200000000000045,0.2999999999999545,-0.7584962406015062,1.7782920481801914,-152.9788812654409,confirmed,short_base,2026-06-16 04:59:12.846401
USDJPY,2Y,2022-06-01,USD,JPY,2.66,-0.075,273.50000000000006,ok,13.500000000000114,16.80000000000001,9.900000000000034,-0.6817293233082613,1.9184330521562287,-19.558364460533497,divergent,neutral,2026-06-16 04:59:12.846401
USDJPY,2Y,2022-06-02,USD,JPY,2.65,-0.07,272.0,ok,-1.5000000000000568,16.49999999999997,3.0,-0.5560150375939881,1.8814346625073664,-32.984060261112006,divergent,neutral,2026-06-16 04:59:12.846401
USDJPY,2Y,2022-06-03,USD,JPY,2.66,-0.07,273.0,ok,1.0,20.80000000000001,-5.0,-0.27842105263157535,1.874187998844368,72.16351930008358,confirmed,neutral,2026-06-16 04:59:12.846401
USDJPY,2Y,2022-06-06,USD,JPY,2.73,-0.065,279.5,ok,6.5,25.799999999999955,3.0,0.07586466165413353,1.9297311097995833,231.53380501927722,confirmed,long_base,2026-06-16 04:59:12.846401
USDJPY,2Y,2022-06-07,USD,JPY,2.75,-0.07,282.0,ok,2.5,22.000000000000057,16.400000000000034,0.28924812030075275,1.9382212586879988,263.81880423779205,confirmed,long_base,2026-06-16 04:59:12.846401
USDJPY,2Y,2022-06-08,USD,JPY,2.78,-0.07,284.99999999999994,ok,2.999999999999943,11.499999999999886,18.399999999999977,0.5366165413533799,1.9520136008447948,427.14892825014505,confirmed,long_base,2026-06-16 04:59:12.846401
USDJPY,2Y,2022-06-09,USD,JPY,2.83,-0.075,290.5,ok,5.500000000000057,18.5,19.899999999999977,0.8980451127819561,1.9931912549707753,383.86054921110804,confirmed,long_base,2026-06-16 04:59:12.846401
USDJPY,2Y,2022-06-10,USD,JPY,3.06,-0.081,314.1,ok,23.600000000000023,41.10000000000002,53.0,1.4166917293233026,2.2325980426006113,504.65887061472034,confirmed,long_base,2026-06-16 04:59:12.846401
USDJPY,2Y,2022-06-13,USD,JPY,3.4,-0.051,345.1,ok,31.0,65.60000000000002,78.40000000000003,2.3869172932330835,2.540884533342338,505.9011363992094,confirmed,long_base,2026-06-16 04:59:12.846401
USDJPY,2Y,2022-06-14,USD,JPY,3.45,-0.05,350.0,ok,4.899999999999977,68.0,86.39999999999998,3.260300751879699,2.5533399319586696,577.3711783564006,confirmed,long_base,2026-06-16 04:59:12.846401
USDJPY,2Y,2022-06-15,USD,JPY,3.2,-0.06,326.0,ok,-24.0,41.00000000000006,49.39999999999998,3.8661654135338295,2.2586946937916723,487.33736513922213,confirmed,long_base,2026-06-16 04:59:12.846401
USDJPY,2Y,2022-06-16,USD,JPY,3.14,-0.084,322.40000000000003,ok,-3.599999999999966,31.900000000000034,48.80000000000001,4.298947368421048,2.191778751484843,448.2617135101874,confirmed,long_base,2026-06-16 04:59:12.846401
USDJPY,2Y,2022-06-17,USD,JPY,3.17,-0.071,324.1,ok,1.6999999999999886,10.0,55.5,4.6036842105263185,2.183037418232069,607.7860794337387,confirmed,long_base,2026-06-16 04:59:12.846401
USDJPY,2Y,2022-06-21,USD,JPY,3.21,-0.066,327.59999999999997,ok,3.499999999999943,-17.500000000000057,61.99999999999994,4.827593984962406,2.1932719802788756,710.5310714931123,divergent,neutral,2026-06-16 04:59:12.846401
USDJPY,2Y,2022-06-22,USD,JPY,3.06,-0.079,313.90000000000003,ok,-13.699999999999932,-36.099999999999966,42.700000000000045,4.8509774436090165,2.0251387199161677,642.5155933291071,divergent,neutral,2026-06-16 04:59:12.846401
USDJPY,2Y,2022-06-23,USD,JPY,3.01,-0.085,309.5,ok,-4.400000000000034,-16.5,52.799999999999955,4.5183458646616526,1.9584168725199957,472.3583740494197,divergent,neutral,2026-06-16 04:59:12.846401
USDJPY,2Y,2022-06-24,USD,JPY,3.04,-0.079,311.90000000000003,ok,2.400000000000034,-10.5,56.400000000000006,4.1216541353383445,1.9635166877492707,387.1691617226647,divergent,neutral,2026-06-16 04:59:12.846401
USDJPY,2Y,2022-06-27,USD,JPY,3.08,-0.066,314.59999999999997,ok,2.699999999999932,-9.500000000000057,62.39999999999998,3.6266165413533846,1.9714752302595562,356.01501747195783,divergent,neutral,2026-06-16 04:59:12.846401
USDJPY,2Y,2022-06-28,USD,JPY,3.1,-0.045,314.5,ok,-0.0999999999999659,-13.099999999999966,60.799999999999955,3.0599999999999983,1.9507730252430793,407.2062423500622,divergent,neutral,2026-06-16 04:59:12.846401
USDJPY,2Y,2022-06-29,USD,JPY,3.06,-0.05,311.0,ok,-3.5,-2.900000000000034,51.00000000000006,2.4514285714285706,1.8963882325144694,336.5286404938983,divergent,neutral,2026-06-16 04:59:12.846401
USDJPY,2Y,2022-06-30,USD,JPY,2.92,-0.065,298.5,ok,-12.5,-11.0,24.999999999999943,1.8007518796992459,1.753015178410796,224.06095421657614,divergent,neutral,2026-06-16 04:59:12.846401
USDJPY,2Y,2022-07-01,USD,JPY,2.84,-0.07,290.99999999999994,ok,-7.500000000000057,-20.90000000000009,18.999999999999943,0.9816541353383419,1.6632789034801754,56.37531980722477,divergent,neutral,2026-06-16 04:59:12.846401
USDJPY,2Y,2022-07-05,USD,JPY,2.82,-0.06,288.0,ok,-2.999999999999943,-26.599999999999966,15.0,0.10691729323308405,1.6205919362549195,55.71753952532621,divergent,neutral,2026-06-16 04:59:12.846401
USDJPY,2Y,2022-07-06,USD,JPY,2.97,-0.065,303.5,ok,15.5,-11.0,24.0,-0.46631578947368235,1.7633527446844213,127.76006436425513,divergent,neutral,2026-06-16 04:59:12.846401
USDJPY,2Y,2022-07-07,USD,JPY,3.03,-0.071,310.1,ok,6.600000000000023,-0.8999999999999773,28.100000000000023,-0.9418796992481177,1.8142716989370493,47.60707896565464,divergent,neutral,2026-06-16 04:59:12.846401
USDJPY,2Y,2022-07-08,USD,JPY,3.12,-0.07,319.0,ok,8.899999999999977,20.5,34.00000000000006,-1.2851879699248132,1.8864512875644202,147.2628799068998,confirmed,neutral,2026-06-16 04:59:12.846401
USDJPY,2Y,2022-07-11,USD,JPY,3.07,-0.07,313.99999999999994,ok,-5.000000000000057,23.0,23.499999999999943,-1.6642105263157931,1.820413865593826,187.94762674417154,confirmed,neutral,2026-06-16 04:59:12.846401
USDJPY,2Y,2022-07-12,USD,JPY,3.03,-0.07,309.99999999999994,ok,-4.0,21.999999999999943,-4.10000000000008,-1.7630827067669188,1.7658348886446986,106.06295778916142,confirmed,neutral,2026-06-16 04:59:12.846401
USDJPY,2Y,2022-07-13,USD,JPY,3.13,-0.076,320.6,ok,10.60000000000008,17.100000000000023,-24.5,-1.214887218045109,1.8545950485343117,187.49491106390127,confirmed,neutral,2026-06-16 04:59:12.846401
USDJPY,2Y,2022-07-14,USD,JPY,3.15,-0.06,321.0,ok,0.39999999999997726,10.899999999999977,-29.0,-0.5467669172932398,1.8383309924143028,195.21105682468453,confirmed,neutral,2026-06-16 04:59:12.846401
USDJPY,2Y,2022-07-15,USD,JPY,3.13,-0.061,319.09999999999997,ok,-1.900000000000034,0.0999999999999659,-6.900000000000034,-0.24112781954887347,1.800238675166006,181.19112575281758,confirmed,neutral,2026-06-16 04:59:12.846401
USDJPY,2Y,2022-07-19,USD,JPY,3.23,-0.077,330.7,ok,11.600000000000023,16.700000000000045,8.299999999999955,0.18375939849625042,1.8922655758392022,231.8314760653073,confirmed,long_base,2026-06-16 04:59:12.846401
USDJPY,2Y,2022-07-20,USD,JPY,3.25,-0.077,332.7,ok,2.0,22.700000000000045,8.599999999999966,0.6515789473684199,1.8902128044498727,219.95466526872232,confirmed,long_base,2026-06-16 04:59:12.846401
USDJPY,2Y,2022-07-21,USD,JPY,3.1,-0.075,317.5,ok,-15.199999999999989,-3.1000000000000227,-10.099999999999966,0.9445864661654086,1.7251405513175417,76.07888682254816,divergent,neutral,2026-06-16 04:59:12.846401
USDJPY,2Y,2022-07-22,USD,JPY,2.98,-0.077,305.7,ok,-11.800000000000011,-15.300000000000011,-8.200000000000045,0.8678947368421056,1.5958949868623007,-45.52740793875132,confirmed,neutral,2026-06-16 04:59:12.846401
USDJPY,2Y,2022-07-25,USD,JPY,3.0,-0.075,307.5,ok,1.8000000000000114,-11.599999999999966,-2.0,0.7597744360902178,1.5978121627740636,88.30446551392424,divergent,neutral,2026-06-16 04:59:12.846401
USDJPY,2Y,2022-07-26,USD,JPY,3.02,-0.077,309.7,ok,2.1999999999999886,-21.0,-2.2000000000000455,0.7239849624060166,1.6033836345906072,145.1841097473361,divergent,neutral,2026-06-16 04:59:12.846401
USDJPY,2Y,2022-07-27,USD,JPY,2.96,-0.078,303.79999999999995,ok,-5.900000000000034,-28.900000000000034,-10.800000000000011,0.649849624060155,1.5327537158937463,18.400889130962828,divergent,neutral,2026-06-16 04:59:12.846401
USDJPY,2Y,2022-07-28,USD,JPY,2.85,-0.076,292.6,ok,-11.199999999999932,-24.899999999999977,-21.899999999999977,0.4303759398496294,1.4135389453015719,-83.88791335271262,confirmed,neutral,2026-06-16 04:59:12.846401
USDJPY,2Y,2022-07-29,USD,JPY,2.89,-0.09,298.0,ok,5.399999999999977,-7.699999999999989,-13.0,0.26571428571428796,1.4519386696864824,-201.69031489286505,confirmed,neutral,2026-06-16 04:59:12.846401
USDJPY,2Y,2022-08-01,USD,JPY,2.9,-0.09,299.0,ok,1.0,-8.5,0.5,-0.06248120300751711,1.4485198280333689,-339.65593295103736,confirmed,neutral,2026-06-16 04:59:12.846401
USDJPY,2Y,2022-08-02,USD,JPY,3.06,-0.09,315.0,ok,16.0,5.300000000000011,24.000000000000057,-0.2812781954887182,1.5850483123680288,-216.73734720530692,divergent,neutral,2026-06-16 04:59:12.846401
USDJPY,2Y,2022-08-03,USD,JPY,3.1,-0.085,318.5,ok,3.5,14.700000000000045,30.5,-0.533533834586473,1.6028730547315482,-253.76056122783262,divergent,neutral,2026-06-16 04:59:12.846401
USDJPY,2Y,2022-08-04,USD,JPY,3.03,-0.095,312.5,ok,-6.0,19.899999999999977,9.0,-0.6726315789473694,1.532317576356072,-300.95369043091625,divergent,neutral,2026-06-16 04:59:12.846401
USDJPY,2Y,2022-08-05,USD,JPY,3.24,-0.1,334.00000000000006,ok,21.500000000000057,36.00000000000006,23.900000000000034,-0.41390977443609,1.7171423354195519,-194.50701155271366,divergent,neutral,2026-06-16 04:59:12.846401
USDJPY,2Y,2022-08-08,USD,JPY,3.21,-0.101,331.1,ok,-2.900000000000034,32.10000000000002,12.100000000000023,-0.09203007518796225,1.6735119385348982,-261.31611449372707,divergent,neutral,2026-06-16 04:59:12.846401
USDJPY,2Y,2022-08-09,USD,JPY,3.28,-0.101,338.09999999999997,ok,6.999999999999943,23.099999999999966,24.100000000000023,0.2327067669172992,1.7214838190773634,-224.30474207123962,divergent,neutral,2026-06-16 04:59:12.846401
USDJPY,2Y,2022-08-10,USD,JPY,3.23,-0.09,332.0,ok,-6.099999999999966,13.5,22.000000000000057,0.3709022556390979,1.648675330043946,-393.9069552135166,divergent,neutral,2026-06-16 04:59:12.846401
USDJPY,2Y,2022-08-12,USD,JPY,3.25,-0.086,333.59999999999997,ok,1.599999999999966,21.099999999999966,12.999999999999943,0.6662406015037639,1.6475508625924442,-363.2528031441451,divergent,neutral,2026-06-16 04:59:12.846401
USDJPY,2Y,2022-08-15,USD,JPY,3.2,-0.085,328.5,ok,-5.099999999999966,-5.500000000000057,7.5,0.8754887218045173,1.5855551371694783,-210.81037360568766,confirmed,neutral,2026-06-16 04:59:12.846401
USDJPY,2Y,2022-08-16,USD,JPY,3.25,-0.09,334.0,ok,5.5,2.8999999999999773,14.900000000000034,1.1220300751879613,1.6207690988718764,-151.0928560950564,divergent,neutral,2026-06-16 04:59:12.846401
USDJPY,2Y,2022-08-17,USD,JPY,3.28,-0.09,336.99999999999994,ok,2.999999999999943,-1.1000000000000227,6.2999999999999545,1.5721804511278195,1.6327742396528873,-106.66529822297655,confirmed,neutral,2026-06-16 04:59:12.846401
USDJPY,2Y,2022-08-18,USD,JPY,3.22,-0.086,330.6,ok,-6.39999999999992,-1.3999999999999773,-2.099999999999966,1.9530075187969926,1.5598138380595457,-84.5496163141346,confirmed,neutral,2026-06-16 04:59:12.846401
USDJPY,2Y,2022-08-19,USD,JPY,3.25,-0.086,333.59999999999997,ok,2.999999999999943,0.0,16.099999999999966,2.139849624060141,1.57272387672098,56.203301668464874,neutral,neutral,2026-06-16 04:59:12.846401
USDJPY,2Y,2022-08-22,USD,JPY,3.32,-0.081,340.09999999999997,ok,6.5,11.599999999999966,34.39999999999998,2.2090225563909693,1.61679351622571,327.7556321269581,confirmed,long_base,2026-06-16 04:59:12.846401
USDJPY,2Y,2022-08-23,USD,JPY,3.29,-0.086,337.59999999999997,ok,-2.5,3.599999999999966,30.099999999999966,2.219172932330827,1.579525304933071,252.7592825865277,confirmed,neutral,2026-06-16 04:59:12.846401
USDJPY,2Y,2022-08-24,USD,JPY,3.36,-0.086,344.59999999999997,ok,7.0,7.600000000000023,34.89999999999998,2.318796992481201,1.6278035648721048,433.33333333333223,confirmed,neutral,2026-06-16 04:59:12.846401
USDJPY,2Y,2022-08-25,USD,JPY,3.35,-0.087,343.70000000000005,ok,-0.8999999999999204,13.100000000000023,39.90000000000009,2.259924812030075,1.604796514435676,241.48792560372056,confirmed,long_base,2026-06-16 04:59:12.846401
USDJPY,2Y,2022-08-26,USD,JPY,3.37,-0.087,345.70000000000005,ok,2.0,12.10000000000008,53.10000000000002,1.992781954887219,1.6080322527142064,285.6801517255825,confirmed,long_base,2026-06-16 04:59:12.846401
USDJPY,2Y,2022-08-29,USD,JPY,3.42,-0.079,349.90000000000003,ok,4.199999999999989,9.800000000000068,51.900000000000034,1.7910526315789463,1.6307738792004964,273.28032722503394,confirmed,neutral,2026-06-16 04:59:12.846401
USDJPY,2Y,2022-08-30,USD,JPY,3.46,-0.09,355.0,ok,5.099999999999966,17.400000000000034,56.0,1.599924812030076,1.6610604723946871,273.8803041633675,confirmed,long_base,2026-06-16 04:59:12.846401
USDJPY,2Y,2022-08-31,USD,JPY,3.45,-0.085,353.5,ok,-1.5,8.900000000000034,38.5,1.5557894736842082,1.632504105079122,333.29625097341165,confirmed,neutral,2026-06-16 04:59:12.846401
USDJPY,2Y,2022-09-01,USD,JPY,3.51,-0.08,359.0,ok,5.5,15.299999999999955,40.5,1.5875939849624068,1.6659547468637135,361.85573110834923,confirmed,long_base,2026-06-16 04:59:12.846401
USDJPY,2Y,2022-09-02,USD,JPY,3.4,-0.085,348.5,ok,-10.5,2.7999999999999545,36.0,1.3137593984962486,1.5581722478095614,552.2174535050084,confirmed,neutral,2026-06-16 04:59:12.846401
USDJPY,2Y,2022-09-06,USD,JPY,3.5,-0.081,358.1,ok,9.600000000000023,8.199999999999989,24.099999999999966,1.4624060150376017,1.628600029123135,738.4876193619516,confirmed,neutral,2026-06-16 04:59:12.846401
USDJPY,2Y,2022-09-07,USD,JPY,3.45,-0.081,353.1,ok,-5.0,-1.8999999999999773,22.0,1.4575939849624069,1.569969047880067,822.9426433915199,divergent,neutral,2026-06-16 04:59:12.846401
USDJPY,2Y,2022-09-08,USD,JPY,3.48,-0.081,356.1,ok,3.0,2.6000000000000227,18.000000000000057,1.573082706766917,1.5822995015963792,714.4772117962473,confirmed,neutral,2026-06-16 04:59:12.846401
USDJPY,2Y,2022-09-09,USD,JPY,3.56,-0.081,364.1,ok,8.0,5.100000000000023,32.10000000000002,1.6794736842105331,1.6379889838420914,563.9741243247643,confirmed,neutral,2026-06-16 04:59:12.846401
USDJPY,2Y,2022-09-12,USD,JPY,3.58,-0.076,365.6,ok,1.5,17.100000000000023,32.00000000000006,1.7842857142857225,1.6361845640560695,416.57534446733814,confirmed,long_base,2026-06-16 04:59:12.846401
USDJPY,2Y,2022-09-13,USD,JPY,3.75,-0.076,382.6,ok,17.0,24.5,54.10000000000002,2.003308270676695,1.7686331409666547,542.3986104319778,confirmed,long_base,2026-06-16 04:59:12.846401
USDJPY,2Y,2022-09-14,USD,JPY,3.78,-0.076,385.59999999999997,ok,2.999999999999943,32.49999999999994,51.599999999999966,2.270676691729324,1.7773268549782537,388.29729238597287,confirmed,long_base,2026-06-16 04:59:12.846401
USDJPY,2Y,2022-09-15,USD,JPY,3.87,-0.076,394.6,ok,9.000000000000057,38.5,57.60000000000008,2.636390977443611,1.8374127033351038,482.52510256766357,confirmed,long_base,2026-06-16 04:59:12.846401
USDJPY,2Y,2022-09-16,USD,JPY,3.85,-0.071,392.1,ok,-2.5,28.0,61.5,2.7787218045112776,1.797543794089649,421.53558872014776,confirmed,long_base,2026-06-16 04:59:12.846401
USDJPY,2Y,2022-09-20,USD,JPY,3.96,-0.07,403.0,ok,10.899999999999977,37.39999999999998,69.40000000000003,3.03165413533835,1.8729508031372417,392.2235652608208,confirmed,long_base,2026-06-16 04:59:12.846401
USDJPY,2Y,2022-09-21,USD,JPY,4.02,-0.055,407.49999999999994,ok,4.499999999999943,24.89999999999992,67.39999999999998,3.347142857142854,1.892029573311919,403.8487893191789,confirmed,long_base,2026-06-16 04:59:12.846401
USDJPY,2Y,2022-09-22,USD,JPY,4.11,-0.066,417.6,ok,10.10000000000008,32.00000000000006,80.00000000000006,3.666090225563922,1.9579615221257747,252.95838798483626,confirmed,long_base,2026-06-16 04:59:12.846401
USDJPY,2Y,2022-09-26,USD,JPY,4.27,-0.056,432.59999999999997,ok,14.999999999999943,37.99999999999994,88.0,4.189548872180448,2.0630274388224814,308.3257221143976,confirmed,long_base,2026-06-16 04:59:12.846401
USDJPY,2Y,2022-09-27,USD,JPY,4.3,-0.045,434.5,ok,1.900000000000034,42.39999999999998,90.79999999999995,4.59360902255639,2.0556399181992866,296.5767022207677,confirmed,long_base,2026-06-16 04:59:12.846401
USDJPY,2Y,2022-09-28,USD,JPY,4.07,-0.04,411.00000000000006,ok,-23.499999999999943,8.000000000000057,65.30000000000001,4.556992481203004,1.8369662520738486,283.4884532397153,confirmed,neutral,2026-06-16 04:59:12.846401
USDJPY,2Y,2022-09-29,USD,JPY,4.16,-0.05,421.0,ok,9.999999999999943,13.500000000000057,71.09999999999997,4.631353383458646,1.902239548243226,88.08449405552032,confirmed,long_base,2026-06-16 04:59:12.846401
USDJPY,2Y,2022-09-30,USD,JPY,4.22,-0.05,426.99999999999994,ok,5.999999999999943,9.39999999999992,71.99999999999994,4.76503759398496,1.9327099952454172,42.335239575814754,confirmed,neutral,2026-06-16 04:59:12.846401
USDJPY,2Y,2022-10-03,USD,JPY,4.12,-0.055,417.5,ok,-9.499999999999943,-15.099999999999966,64.0,4.631052631578954,1.834393932795352,137.34182542577412,divergent,neutral,2026-06-16 04:59:12.846401
USDJPY,2Y,2022-10-04,USD,JPY,4.1,-0.06,415.99999999999994,ok,-1.5000000000000568,-18.500000000000057,56.99999999999994,4.466240601503746,1.804256119652507,90.5577261663426,divergent,neutral,2026-06-16 04:59:12.846401
USDJPY,2Y,2022-10-05,USD,JPY,4.15,-0.065,421.50000000000006,ok,5.500000000000114,10.5,73.00000000000006,4.128496240601501,1.8323314939669042,130.17253471735214,confirmed,long_base,2026-06-16 04:59:12.846401
USDJPY,2Y,2022-10-06,USD,JPY,4.23,-0.07,430.00000000000006,ok,8.5,9.000000000000057,71.90000000000003,3.9539849624060173,1.8843439654085188,40.77450797145055,confirmed,neutral,2026-06-16 04:59:12.846401
USDJPY,2Y,2022-10-07,USD,JPY,4.3,-0.065,436.5,ok,6.499999999999943,9.500000000000057,83.39999999999998,3.685263157894727,1.918693762903056,161.00253993576618,confirmed,neutral,2026-06-16 04:59:12.846401
USDJPY,2Y,2022-10-11,USD,JPY,4.3,-0.054,435.40000000000003,ok,-1.099999999999966,17.900000000000034,79.30000000000001,3.322781954887224,1.8903627250861745,219.5385068019129,confirmed,long_base,2026-06-16 04:59:12.846401
USDJPY,2Y,2022-10-12,USD,JPY,4.28,-0.054,433.40000000000003,ok,-2.0,17.40000000000009,69.30000000000001,2.9387969924812,1.855509499743053,251.08606070765038,confirmed,long_base,2026-06-16 04:59:12.846401
USDJPY,2Y,2022-10-13,USD,JPY,4.47,-0.05,451.99999999999994,ok,18.59999999999991,30.499999999999886,86.39999999999992,2.7400000000000033,1.9880472366179036,259.5068951107393,confirmed,long_base,2026-06-16 04:59:12.846401
USDJPY,2Y,2022-10-14,USD,JPY,4.48,-0.05,453.0,ok,1.0000000000000568,22.999999999999943,70.39999999999998,2.693984962406012,1.9754419003109287,310.9400998336098,confirmed,long_base,2026-06-16 04:59:12.846401
USDJPY,2Y,2022-10-17,USD,JPY,4.45,-0.05,450.0,ok,-3.0,13.5,64.40000000000003,2.5466165413533863,1.9309813365400204,396.03338543992896,confirmed,long_base,2026-06-16 04:59:12.846401
USDJPY,2Y,2022-10-18,USD,JPY,4.43,-0.05,447.99999999999994,ok,-2.000000000000057,12.599999999999909,53.39999999999992,2.4159398496240643,1.8956201703797249,396.530100334449,confirmed,long_base,2026-06-16 04:59:12.846401
USDJPY,2Y,2022-10-19,USD,JPY,4.55,-0.034,458.4,ok,10.400000000000034,24.999999999999943,66.29999999999995,2.31406015037593,1.9600464157855297,371.0241234901179,confirmed,long_base,2026-06-16 04:59:12.846401
USDJPY,2Y,2022-10-20,USD,JPY,4.62,-0.021,464.1,ok,5.7000000000000455,12.10000000000008,61.10000000000002,2.366015037593994,1.985288592404057,377.8031166856688,confirmed,long_base,2026-06-16 04:59:12.846401
USDJPY,2Y,2022-10-21,USD,JPY,4.49,-0.003,449.3,ok,-14.800000000000011,-3.6999999999999886,41.80000000000007,2.18571428571428,1.8473370469267083,218.75216397756247,divergent,neutral,2026-06-16 04:59:12.846401
USDJPY,2Y,2022-10-24,USD,JPY,4.5,0.001,449.9,ok,0.5999999999999659,-0.10000000000002274,32.299999999999955,2.1106015037593973,1.834243954557273,289.49950932286583,divergent,neutral,2026-06-16 04:59:12.846401
USDJPY,2Y,2022-10-25,USD,JPY,4.42,-0.008,442.8,ok,-7.099999999999966,-5.199999999999932,10.200000000000045,2.122330827067663,1.7606417874698908,219.40456212319103,divergent,neutral,2026-06-16 04:59:12.846401
USDJPY,2Y,2022-10-26,USD,JPY,4.39,-0.019,440.9,ok,-1.900000000000034,-17.5,6.399999999999977,2.121578947368429,1.729632377767001,108.0804306610772,divergent,neutral,2026-06-16 04:59:12.846401
USDJPY,2Y,2022-10-27,USD,JPY,4.3,-0.044,434.3999999999999,ok,-6.500000000000057,-29.700000000000102,23.399999999999864,1.6472932330827001,1.6631040798898646,168.57603648193776,divergent,neutral,2026-06-16 04:59:12.846401
USDJPY,2Y,2022-10-28,USD,JPY,4.41,-0.049,445.90000000000003,ok,11.500000000000114,-3.3999999999999773,24.900000000000034,1.4599999999999986,1.7395944486108292,209.6430252845538,divergent,neutral,2026-06-16 04:59:12.846401
USDJPY,2Y,2022-10-31,USD,JPY,4.51,-0.045,455.5,ok,9.599999999999966,5.600000000000023,28.500000000000057,1.4671428571428522,1.7997348346688478,242.0498836232432,confirmed,neutral,2026-06-16 04:59:12.846401
USDJPY,2Y,2022-11-01,USD,JPY,4.54,-0.045,458.5,ok,3.0,15.699999999999989,41.0,1.3242857142857198,1.8069190898322218,168.43002591759858,confirmed,long_base,2026-06-16 04:59:12.846401
USDJPY,2Y,2022-11-02,USD,JPY,4.61,-0.04,465.00000000000006,ok,6.500000000000057,24.10000000000008,49.000000000000114,1.1889473684210525,1.8412540918057556,152.47000027459822,confirmed,long_base,2026-06-16 04:59:12.846401
USDJPY,2Y,2022-11-04,USD,JPY,4.66,-0.04,470.0,ok,4.999999999999943,35.60000000000008,48.49999999999994,1.1381954887218082,1.8630360495453488,-10.083598482009126,divergent,neutral,2026-06-16 04:59:12.846401
USDJPY,2Y,2022-11-07,USD,JPY,4.72,-0.04,476.0,ok,6.0,30.099999999999966,45.99999999999994,1.2344360902255669,1.8921488432721736,-141.26743990586667,divergent,neutral,2026-06-16 04:59:12.846401
USDJPY,2Y,2022-11-08,USD,JPY,4.67,-0.04,471.0,ok,-5.0,15.5,34.5,1.2927067669172898,1.8351874864475084,-224.91337841019865,divergent,neutral,2026-06-16 04:59:12.846401
USDJPY,2Y,2022-11-09,USD,JPY,4.61,-0.05,466.0,ok,-5.0,7.5,30.599999999999966,1.210300751879692,1.779345363051997,-186.07648468493832,divergent,neutral,2026-06-16 04:59:12.846401
USDJPY,2Y,2022-11-10,USD,JPY,4.34,-0.05,438.99999999999994,ok,-27.000000000000057,-26.000000000000114,5.599999999999909,0.6645864661654157,1.5540327785786812,-501.102465635912,confirmed,neutral,2026-06-16 04:59:12.846401
USDJPY,2Y,2022-11-14,USD,JPY,4.4,-0.05,445.0,ok,6.000000000000057,-25.0,-6.999999999999943,0.48984962406014265,1.5880533725712898,-506.61046696799497,confirmed,neutral,2026-06-16 04:59:12.846401
USDJPY,2Y,2022-11-15,USD,JPY,4.37,-0.047,441.7,ok,-3.3000000000000114,-34.30000000000001,-11.300000000000011,0.29428571428572314,1.5493236989489243,-586.3225281983541,confirmed,neutral,2026-06-16 04:59:12.846401
USDJPY,2Y,2022-11-16,USD,JPY,4.35,-0.042,439.19999999999993,ok,-2.500000000000057,-31.800000000000068,-10.800000000000068,0.032631578947361274,1.5175166874942752,-642.2991933479749,confirmed,neutral,2026-06-16 04:59:12.846401
USDJPY,2Y,2022-11-17,USD,JPY,4.43,-0.041,447.1,ok,7.900000000000091,-18.899999999999977,-0.8999999999999204,-0.1315037593985031,1.566990951824303,-510.7515982105459,confirmed,short_base,2026-06-16 04:59:12.846401
USDJPY,2Y,2022-11-18,USD,JPY,4.51,-0.019,452.9,ok,5.7999999999999545,13.900000000000034,-5.5,-0.04721804511277696,1.5993080284074928,-393.1299800114996,divergent,neutral,2026-06-16 04:59:12.846401
USDJPY,2Y,2022-11-21,USD,JPY,4.48,-0.014,449.4000000000001,ok,-3.4999999999998863,4.400000000000091,-14.699999999999932,0.08533834586465976,1.5590057168760076,-364.4957413334782,divergent,neutral,2026-06-16 04:59:12.846401
USDJPY,2Y,2022-11-22,USD,JPY,4.47,-0.019,448.9,ok,-0.5000000000001137,7.199999999999989,-0.4000000000000341,-0.0008270676691763563,1.5426495674054865,-450.0987741184759,divergent,neutral,2026-06-16 04:59:12.846401
USDJPY,2Y,2022-11-25,USD,JPY,4.42,-0.018,443.79999999999995,ok,-5.100000000000023,4.600000000000023,-6.100000000000023,-0.1497744360902311,1.4908912468036002,-596.1903860327677,divergent,neutral,2026-06-16 04:59:12.846401
USDJPY,2Y,2022-11-28,USD,JPY,4.46,-0.019,447.90000000000003,ok,4.10000000000008,0.8000000000000114,5.100000000000023,-0.34308270676693603,1.51114323995958,-539.1304347826087,divergent,neutral,2026-06-16 04:59:12.846401
USDJPY,2Y,2022-11-29,USD,JPY,4.48,-0.03,451.00000000000006,ok,3.1000000000000227,-1.8999999999999204,10.10000000000008,-0.5297744360902256,1.5234249175099575,-551.0722482140551,confirmed,neutral,2026-06-16 04:59:12.846401
USDJPY,2Y,2022-11-30,USD,JPY,4.38,-0.03,441.0,ok,-10.000000000000057,-8.400000000000091,6.60000000000008,-0.9771428571428578,1.4339949626326527,-632.1611741597554,confirmed,neutral,2026-06-16 04:59:12.846401
USDJPY,2Y,2022-12-01,USD,JPY,4.25,-0.03,428.0,ok,-13.0,-20.899999999999977,-17.900000000000034,-1.43857142857144,1.3220751997500197,-698.1113894777413,confirmed,short_base,2026-06-16 04:59:12.846401
USDJPY,2Y,2022-12-02,USD,JPY,4.28,-0.025,430.50000000000006,ok,2.500000000000057,-13.299999999999898,-24.999999999999943,-1.6857894736842083,1.3322137750273613,-815.8742535858677,confirmed,short_base,2026-06-16 04:59:12.846401
USDJPY,2Y,2022-12-05,USD,JPY,4.41,-0.02,443.0,ok,12.499999999999943,-4.900000000000034,-15.5,-1.6694736842105138,1.4206846154661186,-157.17559562416272,confirmed,neutral,2026-06-16 04:59:12.846401
USDJPY,2Y,2022-12-06,USD,JPY,4.34,-0.01,434.99999999999994,ok,-8.000000000000057,-16.000000000000114,-30.000000000000114,-1.6415037593985,1.34816419904139,-194.90426697801766,confirmed,short_base,2026-06-16 04:59:12.846401
USDJPY,2Y,2022-12-07,USD,JPY,4.26,-0.009,426.90000000000003,ok,-8.099999999999909,-14.099999999999966,-43.099999999999966,-1.6051879699248104,1.2751813469554056,-265.03822460793856,confirmed,short_base,2026-06-16 04:59:12.846401
USDJPY,2Y,2022-12-08,USD,JPY,4.31,-0.009,431.9,ok,4.999999999999943,3.8999999999999773,-44.10000000000002,-1.337894736842112,1.3059734208039424,-167.09844559585463,divergent,neutral,2026-06-16 04:59:12.846401
USDJPY,2Y,2022-12-09,USD,JPY,4.33,-0.015,434.5,ok,2.6000000000000227,3.999999999999943,-36.5,-1.0460902255639108,1.3173633811360086,-199.60667221727846,divergent,neutral,2026-06-16 04:59:12.846401
USDJPY,2Y,2022-12-12,USD,JPY,4.39,-0.014,440.4,ok,5.899999999999977,-2.6000000000000227,-25.600000000000023,-0.6940601503759395,1.3547309386483988,-201.722946252344,confirmed,neutral,2026-06-16 04:59:12.846401
USDJPY,2Y,2022-12-13,USD,JPY,4.22,-0.015,423.49999999999994,ok,-16.900000000000034,-11.5,-15.5,-0.9712781954887294,1.2114596028788276,-334.1651219164399,confirmed,short_base,2026-06-16 04:59:12.846401
USDJPY,2Y,2022-12-14,USD,JPY,4.23,-0.015,424.5,ok,1.0000000000000568,-2.400000000000034,-20.5,-1.1161654135338306,1.211104827276145,-473.3652851381875,confirmed,neutral,2026-06-16 04:59:12.846401
USDJPY,2Y,2022-12-15,USD,JPY,4.23,-0.015,424.5,ok,0.0,-7.399999999999977,-17.19999999999999,-1.282330827067675,1.202927196974369,-241.71324534744355,confirmed,neutral,2026-06-16 04:59:12.846401
USDJPY,2Y,2022-12-16,USD,JPY,4.17,-0.019,418.9,ok,-5.600000000000023,-15.600000000000023,-20.299999999999955,-1.5421052631578902,1.1501320429208581,-185.0681527656084,confirmed,short_base,2026-06-16 04:59:12.846401
USDJPY,2Y,2022-12-19,USD,JPY,4.25,-0.009,425.90000000000003,ok,7.000000000000057,-14.499999999999943,-21.19999999999999,-1.5466165413533928,1.1985938700417689,-151.00092038656143,confirmed,short_base,2026-06-16 04:59:12.846401
USDJPY,2Y,2022-12-20,USD,JPY,4.25,0.011,423.9,ok,-2.000000000000057,0.4000000000000341,-29.0,-1.4562406015037672,1.1742548225481901,-537.0480652637156,divergent,neutral,2026-06-16 04:59:12.846401
USDJPY,2Y,2022-12-21,USD,JPY,4.21,-0.009,421.90000000000003,ok,-1.9999999999999432,-2.599999999999966,-27.500000000000057,-1.4060902255639192,1.150078859701672,-456.09861591695443,confirmed,neutral,2026-06-16 04:59:12.846401
USDJPY,2Y,2022-12-22,USD,JPY,4.24,0.002,423.80000000000007,ok,1.900000000000034,-0.6999999999999318,-25.09999999999991,-1.2953383458646754,1.1580405291068796,-459.53484349436803,confirmed,neutral,2026-06-16 04:59:12.846401
USDJPY,2Y,2022-12-23,USD,JPY,4.31,0.014,429.5999999999999,ok,5.799999999999841,10.699999999999932,-14.200000000000045,-1.1445112781954947,1.1977071612631378,-326.380546758398,divergent,neutral,2026-06-16 04:59:12.846401
USDJPY,2Y,2022-12-27,USD,JPY,4.32,0.038,428.2,ok,-1.3999999999999204,2.2999999999999545,-19.700000000000045,-0.9275939849624104,1.1787535986053908,-73.54526863729393,divergent,neutral,2026-06-16 04:59:12.846401
USDJPY,2Y,2022-12-28,USD,JPY,4.31,0.039,427.09999999999997,ok,-1.1000000000000227,3.1999999999999886,-23.90000000000009,-0.6478195488721816,1.1622555077801406,-186.92204625826437,divergent,neutral,2026-06-16 04:59:12.846401
USDJPY,2Y,2022-12-29,USD,JPY,4.34,0.039,430.1,ok,3.000000000000057,8.199999999999989,-10.899999999999977,-0.44714285714285434,1.179289090904728,-289.9493008781029,divergent,neutral,2026-06-16 04:59:12.846401
USDJPY,2Y,2022-12-30,USD,JPY,4.41,0.03,438.0,ok,7.899999999999977,14.199999999999932,10.0,-0.32248120300750793,1.2368220495804776,-389.2066285379081,divergent,neutral,2026-06-16 04:59:12.846401
USDJPY,2Y,2023-01-04,USD,JPY,4.36,0.025,433.5,ok,-4.5,3.900000000000091,2.999999999999943,-0.237669172932323,1.1917275112345975,-382.5903570649403,divergent,neutral,2026-06-16 04:59:12.846401
USDJPY,2Y,2023-01-05,USD,JPY,4.45,0.015,443.50000000000006,ok,10.000000000000057,15.300000000000068,0.5000000000000568,0.18285714285713897,1.2667618182120775,-166.33105411844485,divergent,neutral,2026-06-16 04:59:12.846401
USDJPY,2Y,2023-01-06,USD,JPY,4.24,0.011,422.90000000000003,ok,-20.600000000000023,-4.199999999999932,-12.099999999999909,0.18203007518796718,1.0874490508757788,-246.22681234901745,confirmed,neutral,2026-06-16 04:59:12.846401
USDJPY,2Y,2023-01-10,USD,JPY,4.24,0.026,421.40000000000003,ok,-1.5,-8.699999999999989,-5.5,0.0500751879699198,1.0678932220714905,-327.01657782203796,confirmed,neutral,2026-06-16 04:59:12.846401
USDJPY,2Y,2023-01-11,USD,JPY,4.2,0.026,417.40000000000003,ok,-4.0,-20.599999999999966,-14.499999999999943,-0.0518045112781916,1.0275325406569702,-370.44067400636703,confirmed,short_base,2026-06-16 04:59:12.846401
USDJPY,2Y,2023-01-12,USD,JPY,4.12,0.041,407.9,ok,-9.500000000000057,-25.600000000000023,-26.600000000000023,-0.22654135338346237,0.9407945474699776,-205.78066238020165,confirmed,short_base,2026-06-16 04:59:12.846401
USDJPY,2Y,2023-01-13,USD,JPY,4.22,0.032,418.79999999999995,ok,10.899999999999977,-24.700000000000102,-21.600000000000023,-0.11240601503759184,1.0270630343692972,-342.91843224339755,confirmed,short_base,2026-06-16 04:59:12.846401
USDJPY,2Y,2023-01-17,USD,JPY,4.18,0.041,413.8999999999999,ok,-4.900000000000034,-9.000000000000114,-9.600000000000023,-0.30263157894736464,0.9788006387942769,-336.7883453605924,confirmed,neutral,2026-06-16 04:59:12.846401
USDJPY,2Y,2023-01-18,USD,JPY,4.06,0.006,405.3999999999999,ok,-8.5,-16.000000000000114,-19.10000000000008,-0.5840601503759416,0.8997371333647074,-317.1817449138703,confirmed,short_base,2026-06-16 04:59:12.846401
USDJPY,2Y,2023-01-19,USD,JPY,4.09,-0.001,409.1,ok,3.7000000000001023,-8.300000000000011,-15.399999999999977,-0.7839097744360879,0.9257268545612632,-383.1862517417539,confirmed,neutral,2026-06-16 04:59:12.846401
USDJPY,2Y,2023-01-20,USD,JPY,4.14,-0.004,414.3999999999999,ok,5.299999999999898,6.499999999999943,-4.500000000000057,-0.9733082706766936,0.9658603626826072,-340.5258602680028,divergent,neutral,2026-06-16 04:59:12.846401
USDJPY,2Y,2023-01-23,USD,JPY,4.21,-0.015,422.49999999999994,ok,8.100000000000023,3.6999999999999886,-3.400000000000091,-0.9296992481203097,1.0305645090011493,-36.46850585937611,divergent,neutral,2026-06-16 04:59:12.846401
USDJPY,2Y,2023-01-24,USD,JPY,4.12,-0.005,412.5,ok,-9.999999999999943,-1.3999999999999204,-11.399999999999977,-1.0554135338345898,0.9367599193291247,-50.43172614044411,confirmed,neutral,2026-06-16 04:59:12.846401
USDJPY,2Y,2023-01-25,USD,JPY,4.11,-0.01,412.0,ok,-0.5,6.60000000000008,-9.900000000000034,-1.202706766917301,0.9265366417348951,-117.28725437724519,divergent,neutral,2026-06-16 04:59:12.846401
USDJPY,2Y,2023-01-26,USD,JPY,4.17,-0.009,417.90000000000003,ok,5.900000000000034,8.800000000000011,-5.900000000000034,-1.2208270676691726,0.9731765790387296,-113.486629142453,divergent,neutral,2026-06-16 04:59:12.846401
USDJPY,2Y,2023-01-27,USD,JPY,4.19,0.001,418.9,ok,0.9999999999999432,4.500000000000057,-10.699999999999932,-1.124210526315782,0.9763685429059007,-185.10536941678257,divergent,neutral,2026-06-16 04:59:12.846401
USDJPY,2Y,2023-01-30,USD,JPY,4.25,-0.004,425.4,ok,6.5,2.900000000000034,-2.8000000000000114,-0.9407518796992421,1.0291876779508313,-117.24608043626516,divergent,neutral,2026-06-16 04:59:12.846401
USDJPY,2Y,2023-01-31,USD,JPY,4.21,-0.01,422.0,ok,-3.3999999999999773,9.5,-5.099999999999966,-0.8190225563909782,0.9927804170531034,-128.2985083686139,divergent,neutral,2026-06-16 04:59:12.846401
USDJPY,2Y,2023-02-01,USD,JPY,4.09,-0.02,410.99999999999994,ok,-11.000000000000057,-1.0000000000000568,-19.10000000000008,-0.7993984962406104,0.8867677704677227,-237.30537694812816,confirmed,neutral,2026-06-16 04:59:12.846401
USDJPY,2Y,2023-02-02,USD,JPY,4.09,-0.02,410.99999999999994,ok,0.0,-6.900000000000091,-27.000000000000057,-0.6263157894736856,0.8811768726085396,-252.75923150292923,confirmed,neutral,2026-06-16 04:59:12.846401
USDJPY,2Y,2023-02-03,USD,JPY,4.3,-0.03,433.0,ok,22.000000000000057,14.100000000000023,-0.5,-0.16939849624061032,1.079143617647778,-56.255591441870536,divergent,neutral,2026-06-16 04:59:12.846401
USDJPY,2Y,2023-02-06,USD,JPY,4.44,-0.025,446.50000000000006,ok,13.500000000000057,21.10000000000008,3.0,0.6390225563909729,1.1989110963319716,373.1629293016203,confirmed,long_base,2026-06-16 04:59:12.846401
USDJPY,2Y,2023-02-07,USD,JPY,4.47,-0.029,449.9,ok,3.3999999999999204,27.899999999999977,26.999999999999943,1.1662406015037525,1.224558142412315,234.6739554861377,confirmed,long_base,2026-06-16 04:59:12.846401
USDJPY,2Y,2023-02-08,USD,JPY,4.45,-0.029,447.90000000000003,ok,-1.9999999999999432,36.90000000000009,26.5,1.6006015037593981,1.1995719346778984,237.73346735547872,confirmed,long_base,2026-06-16 04:59:12.846401
USDJPY,2Y,2023-02-09,USD,JPY,4.48,-0.035,451.50000000000006,ok,3.6000000000000227,40.500000000000114,34.10000000000002,1.9833834586466232,1.227696060139659,251.94296984011987,confirmed,long_base,2026-06-16 04:59:12.846401
USDJPY,2Y,2023-02-10,USD,JPY,4.5,-0.045,454.5,ok,2.999999999999943,21.5,46.60000000000002,2.2077443609022604,1.249933854552513,217.421743730164,confirmed,long_base,2026-06-16 04:59:12.846401
USDJPY,2Y,2023-02-13,USD,JPY,4.52,-0.055,457.49999999999994,ok,2.999999999999943,10.999999999999886,38.69999999999999,2.57699248120301,1.2719284647127485,221.60600630291017,confirmed,long_base,2026-06-16 04:59:12.846401
USDJPY,2Y,2023-02-14,USD,JPY,4.6,-0.056,465.59999999999997,ok,8.100000000000023,15.699999999999989,51.700000000000045,2.9263909774436185,1.3430749060807512,278.22861117551724,confirmed,long_base,2026-06-16 04:59:12.846401
USDJPY,2Y,2023-02-15,USD,JPY,4.62,-0.051,467.1,ok,1.5000000000000568,19.19999999999999,61.7000000000001,3.085263157894735,1.3505393487071211,253.45727981377354,confirmed,long_base,2026-06-16 04:59:12.846401
USDJPY,2Y,2023-02-16,USD,JPY,4.62,-0.047,466.7,ok,-0.4000000000000341,15.199999999999932,57.599999999999966,3.2040601503759345,1.340311218600517,296.75140158206045,confirmed,long_base,2026-06-16 04:59:12.846401
USDJPY,2Y,2023-02-17,USD,JPY,4.6,-0.047,464.69999999999993,ok,-2.000000000000057,10.199999999999932,50.30000000000001,3.2913533834586346,1.3149140037393594,374.1412390914167,confirmed,long_base,2026-06-16 04:59:12.846401
USDJPY,2Y,2023-02-21,USD,JPY,4.67,-0.029,469.9,ok,5.2000000000000455,12.400000000000034,47.400000000000034,3.5051879699248096,1.3600758085755078,397.43056518323436,confirmed,long_base,2026-06-16 04:59:12.846401
USDJPY,2Y,2023-02-22,USD,JPY,4.66,-0.029,468.9,ok,-1.0,3.3000000000000114,56.39999999999998,3.4755639097744364,1.3435620726186412,341.0432090249982,confirmed,neutral,2026-06-16 04:59:12.846401
USDJPY,2Y,2023-02-24,USD,JPY,4.78,-0.029,480.90000000000003,ok,12.000000000000057,13.800000000000011,68.90000000000003,3.524661654135332,1.4556606883007317,606.4399741841142,confirmed,long_base,2026-06-16 04:59:12.846401
USDJPY,2Y,2023-02-27,USD,JPY,4.78,-0.028,480.79999999999995,ok,-0.10000000000007958,14.099999999999966,62.89999999999992,3.5618796992481174,1.4477327719001252,393.72960444051364,confirmed,long_base,2026-06-16 04:59:12.846401
USDJPY,2Y,2023-02-28,USD,JPY,4.81,-0.026,483.59999999999997,ok,2.8000000000000114,18.900000000000034,64.69999999999999,3.5603007518796974,1.4687726603194395,324.6325450373711,confirmed,long_base,2026-06-16 04:59:12.846401
USDJPY,2Y,2023-03-01,USD,JPY,4.89,-0.035,492.5,ok,8.900000000000034,22.600000000000023,67.10000000000002,3.6912030075187907,1.551212452592353,268.8050428278443,confirmed,long_base,2026-06-16 04:59:12.846401
USDJPY,2Y,2023-03-02,USD,JPY,4.89,-0.035,492.5,ok,0.0,23.600000000000023,70.5,3.667518796992469,1.5441884976386684,432.10865667086205,confirmed,long_base,2026-06-16 04:59:12.846401
USDJPY,2Y,2023-03-03,USD,JPY,4.86,-0.04,490.00000000000006,ok,-2.499999999999943,9.100000000000023,79.00000000000011,3.3284210526315703,1.511863160100894,338.15873595762105,confirmed,neutral,2026-06-16 04:59:12.846401
USDJPY,2Y,2023-03-06,USD,JPY,4.89,-0.039,492.8999999999999,ok,2.8999999999998636,12.099999999999966,81.89999999999998,2.9119548872180387,1.5337806031702763,353.8718052182377,confirmed,long_base,2026-06-16 04:59:12.846401
USDJPY,2Y,2023-03-07,USD,JPY,5.0,-0.039,503.9,ok,11.000000000000057,20.30000000000001,70.89999999999998,2.8768421052631648,1.638630432389623,443.6302270602277,confirmed,long_base,2026-06-16 04:59:12.846401
USDJPY,2Y,2023-03-08,USD,JPY,5.05,-0.04,509.0,ok,5.100000000000023,16.5,62.49999999999994,3.021127819548874,1.6821371726132714,369.52234136609974,confirmed,long_base,2026-06-16 04:59:12.846401
USDJPY,2Y,2023-03-09,USD,JPY,4.9,-0.019,491.90000000000003,ok,-17.099999999999966,-0.5999999999999659,42.00000000000006,2.880827067669174,1.4972048966752691,253.77847958493183,divergent,neutral,2026-06-16 04:59:12.846401
USDJPY,2Y,2023-03-10,USD,JPY,4.6,-0.03,463.0,ok,-28.900000000000034,-27.000000000000057,15.099999999999966,2.232932330827055,1.188654661662448,79.0118293702946,divergent,neutral,2026-06-16 04:59:12.846401
USDJPY,2Y,2023-03-13,USD,JPY,4.03,-0.025,405.50000000000006,ok,-57.49999999999994,-87.39999999999986,-46.0,0.7977443609022601,0.5797231067459815,-75.24684544939375,confirmed,neutral,2026-06-16 04:59:12.846401
USDJPY,2Y,2023-03-14,USD,JPY,4.2,-0.04,424.0,ok,18.499999999999943,-79.89999999999998,-30.5,-0.25661654135338463,0.7693637180838321,9.157918248827723,divergent,neutral,2026-06-16 04:59:12.846401
USDJPY,2Y,2023-03-15,USD,JPY,3.93,-0.051,398.1,ok,-25.899999999999977,-110.89999999999998,-59.39999999999992,-1.5877443609022497,0.4877130748142944,-106.82329119954703,confirmed,short_base,2026-06-16 04:59:12.846401
USDJPY,2Y,2023-03-16,USD,JPY,4.14,-0.07,421.0,ok,22.899999999999977,-70.90000000000003,-44.599999999999966,-2.3745112781954805,0.7278887519706881,-120.89426196719933,confirmed,short_base,2026-06-16 04:59:12.846401
USDJPY,2Y,2023-03-17,USD,JPY,3.81,-0.075,388.5,ok,-32.5,-74.5,-78.60000000000002,-3.5348120300751877,0.3696280224645686,-231.89458393857555,confirmed,short_base,2026-06-16 04:59:12.846401
USDJPY,2Y,2023-03-20,USD,JPY,3.92,-0.077,399.7,ok,11.199999999999989,-5.800000000000068,-67.0,-4.423233082706755,0.48572291753193486,-367.00341637219356,confirmed,neutral,2026-06-16 04:59:12.846401
USDJPY,2Y,2023-03-22,USD,JPY,3.96,-0.056,401.6,ok,1.900000000000034,-22.399999999999977,-63.09999999999991,-5.215338345864666,0.5005123198562301,-376.7605633802817,confirmed,short_base,2026-06-16 04:59:12.846401
USDJPY,2Y,2023-03-23,USD,JPY,3.76,-0.063,382.3,ok,-19.30000000000001,-15.800000000000011,-87.59999999999997,-6.1061654135338355,0.27870206479759,-401.9245438009733,confirmed,short_base,2026-06-16 04:59:12.846401
USDJPY,2Y,2023-03-24,USD,JPY,3.76,-0.067,382.7,ok,0.39999999999997726,-38.30000000000001,-86.19999999999999,-6.8753383458646695,0.2757426534134186,-403.2631122924757,confirmed,short_base,2026-06-16 04:59:12.846401
USDJPY,2Y,2023-03-27,USD,JPY,3.94,-0.067,400.7,ok,18.0,12.199999999999989,-80.20000000000005,-7.068270676691721,0.4740055624786428,-338.1407778783918,divergent,neutral,2026-06-16 04:59:12.846401
USDJPY,2Y,2023-03-28,USD,JPY,4.02,-0.059,407.9,ok,7.199999999999989,8.199999999999989,-72.89999999999998,-7.0393233082706725,0.5510089030521096,-365.6079988237038,divergent,neutral,2026-06-16 04:59:12.846401
USDJPY,2Y,2023-03-29,USD,JPY,4.08,-0.07,415.00000000000006,ok,7.10000000000008,13.400000000000034,-68.59999999999991,-6.755112781954876,0.6281521986940429,-253.39166881135355,divergent,neutral,2026-06-16 04:59:12.846401
USDJPY,2Y,2023-03-30,USD,JPY,4.1,-0.061,416.09999999999997,ok,1.099999999999909,33.799999999999955,-76.40000000000003,-6.211503759398495,0.63591132033712,-305.0506962085209,divergent,neutral,2026-06-16 04:59:12.846401
USDJPY,2Y,2023-03-31,USD,JPY,4.06,-0.061,412.09999999999997,ok,-4.0,29.399999999999977,-80.40000000000003,-5.610150375939856,0.5829087989461855,-322.5406819556498,divergent,neutral,2026-06-16 04:59:12.846401
USDJPY,2Y,2023-04-03,USD,JPY,3.97,-0.04,401.0,ok,-11.099999999999966,0.30000000000001137,-89.00000000000006,-5.085939849624062,0.4432982384086161,-195.7588061824811,divergent,neutral,2026-06-16 04:59:12.846401
USDJPY,2Y,2023-04-04,USD,JPY,3.84,-0.025,386.5,ok,-14.5,-21.399999999999977,-106.39999999999992,-4.589248120300768,0.25984738585328626,-261.41078838174406,confirmed,short_base,2026-06-16 04:59:12.846401
USDJPY,2Y,2023-04-05,USD,JPY,3.79,-0.03,382.0,ok,-4.5,-33.00000000000006,-121.89999999999998,-3.8231578947368448,0.1967107213606182,-161.25275204195822,confirmed,short_base,2026-06-16 04:59:12.846401
USDJPY,2Y,2023-04-06,USD,JPY,3.82,-0.045,386.5,ok,4.5,-29.599999999999966,-122.5,-2.728947368421064,0.2448900749792696,-205.30673272187605,confirmed,short_base,2026-06-16 04:59:12.846401
USDJPY,2Y,2023-04-07,USD,JPY,3.97,-0.06,403.0,ok,16.5,-9.099999999999966,-88.90000000000003,-1.4848120300751864,0.4453306983300285,-57.33677454307418,confirmed,neutral,2026-06-16 04:59:12.846401
USDJPY,2Y,2023-04-10,USD,JPY,4.0,-0.045,404.5,ok,1.5,3.5,-58.5,-0.5418796992481144,0.45800070995575415,126.40076477773654,confirmed,neutral,2026-06-16 04:59:12.846401
USDJPY,2Y,2023-04-11,USD,JPY,4.03,-0.046,407.6,ok,3.1000000000000227,21.100000000000023,2.099999999999966,-0.3745864661654148,0.4914438022826843,100.09450009449861,confirmed,neutral,2026-06-16 04:59:12.846401
USDJPY,2Y,2023-04-12,USD,JPY,3.95,-0.045,399.5,ok,-8.100000000000023,17.5,-24.5,-0.03406015037593155,0.38024638068725825,128.61883162349042,confirmed,neutral,2026-06-16 04:59:12.846401
USDJPY,2Y,2023-04-13,USD,JPY,3.96,-0.05,401.0,ok,1.5,14.5,2.8999999999999773,-0.04421052631579137,0.3931421162940651,6.419891088433882,confirmed,neutral,2026-06-16 04:59:12.846401
USDJPY,2Y,2023-04-14,USD,JPY,4.08,-0.04,412.0,ok,11.0,9.0,-9.0,0.4600000000000028,0.5317129490986221,195.45066471520877,confirmed,neutral,2026-06-16 04:59:12.846401
USDJPY,2Y,2023-04-17,USD,JPY,4.18,-0.035,421.5,ok,9.5,17.0,33.0,0.6003007518796895,0.6518208452233243,287.45877870188343,confirmed,long_base,2026-06-16 04:59:12.846401
USDJPY,2Y,2023-04-18,USD,JPY,4.19,-0.04,423.00000000000006,ok,1.5000000000000568,15.400000000000034,23.300000000000068,0.8892481203007543,0.666150405510264,244.18018128181228,confirmed,long_base,2026-06-16 04:59:12.846401
USDJPY,2Y,2023-04-19,USD,JPY,4.24,-0.04,428.0,ok,4.999999999999943,28.5,26.399999999999977,1.2445864661654198,0.7274997814648146,264.86231122083484,confirmed,long_base,2026-06-16 04:59:12.846401
USDJPY,2Y,2023-04-20,USD,JPY,4.14,-0.04,418.0,ok,-10.0,17.0,35.69999999999999,1.1126315789473677,0.5859675065402543,225.1100750112567,confirmed,long_base,2026-06-16 04:59:12.846401
USDJPY,2Y,2023-04-21,USD,JPY,4.17,-0.035,420.5,ok,2.5,8.5,37.80000000000001,0.9690225563909804,0.6140038489058917,114.6745731767096,confirmed,neutral,2026-06-16 04:59:12.846401
USDJPY,2Y,2023-04-24,USD,JPY,4.12,-0.038,415.8,ok,-4.699999999999989,-5.699999999999989,15.100000000000023,0.9856390977443649,0.5434248682881132,97.0654457555531,divergent,neutral,2026-06-16 04:59:12.846401
USDJPY,2Y,2023-04-25,USD,JPY,3.86,-0.035,389.5,ok,-26.30000000000001,-33.50000000000006,-18.399999999999977,0.7175187969924806,0.1728189988203864,26.621273021776304,divergent,neutral,2026-06-16 04:59:12.846401
USDJPY,2Y,2023-04-26,USD,JPY,3.9,-0.04,394.0,ok,4.5,-34.0,-21.000000000000057,0.6534586466165367,0.22886984439155525,86.23035066505524,divergent,neutral,2026-06-16 04:59:12.846401
USDJPY,2Y,2023-04-27,USD,JPY,4.07,-0.04,411.00000000000006,ok,17.000000000000057,-6.999999999999943,-5.099999999999909,0.8812030075187983,0.4608909096766898,180.3213829204453,divergent,neutral,2026-06-16 04:59:12.846401
USDJPY,2Y,2023-04-28,USD,JPY,4.04,-0.045,408.5,ok,-2.500000000000057,-12.0,-3.599999999999966,1.0177443609022467,0.4194313929981505,405.23305100926166,divergent,neutral,2026-06-16 04:59:12.846401
USDJPY,2Y,2023-05-01,USD,JPY,4.14,-0.045,418.49999999999994,ok,9.999999999999943,2.699999999999932,17.499999999999943,1.1272932330827026,0.5551552844391113,407.5315770753085,confirmed,neutral,2026-06-16 04:59:12.846401
USDJPY,2Y,2023-05-02,USD,JPY,3.97,-0.035,400.5,ok,-17.999999999999943,11.0,14.0,0.7244360902255679,0.29182888087792713,330.73429220287665,confirmed,long_base,2026-06-16 04:59:12.846401
USDJPY,2Y,2023-05-08,USD,JPY,4.0,-0.035,403.5,ok,3.0,9.5,21.5,0.27233082706767364,0.3286400632322829,100.03887908604403,confirmed,neutral,2026-06-16 04:59:12.846401
USDJPY,2Y,2023-05-09,USD,JPY,4.01,-0.03,404.0,ok,0.5,-7.000000000000057,17.5,-0.13390977443609248,0.3295059915125379,97.32287460723742,divergent,neutral,2026-06-16 04:59:12.846401
USDJPY,2Y,2023-05-10,USD,JPY,3.9,-0.04,394.0,ok,-10.0,-14.5,-9.0,-0.4487969924812025,0.17708746041948834,-26.254332336710373,confirmed,short_base,2026-06-16 04:59:12.846401
USDJPY,2Y,2023-05-11,USD,JPY,3.89,-0.045,393.5,ok,-0.5,-24.999999999999943,-11.0,-0.7336090225563903,0.1623793903456375,33.57181757820405,divergent,neutral,2026-06-16 04:59:12.846401
USDJPY,2Y,2023-05-12,USD,JPY,3.98,-0.055,403.5,ok,10.0,3.0,-4.100000000000023,-0.8100751879699268,0.3033184450052917,67.69897709220984,confirmed,neutral,2026-06-16 04:59:12.846401
USDJPY,2Y,2023-05-15,USD,JPY,3.99,-0.049,403.90000000000003,ok,0.4000000000000341,0.4000000000000341,4.400000000000034,-1.0025563909774462,0.30253723157663487,146.34255495304726,confirmed,neutral,2026-06-16 04:59:12.846401
USDJPY,2Y,2023-05-16,USD,JPY,4.06,-0.054,411.4,ok,7.499999999999943,7.399999999999977,10.399999999999977,-1.0708270676691727,0.40861527614744575,183.78208908430116,confirmed,neutral,2026-06-16 04:59:12.846401
USDJPY,2Y,2023-05-17,USD,JPY,4.12,-0.066,418.6,ok,7.2000000000000455,24.600000000000023,6.600000000000023,-0.8781954887217968,0.5109368927300824,262.29434840326246,confirmed,neutral,2026-06-16 04:59:12.846401
USDJPY,2Y,2023-05-18,USD,JPY,4.24,-0.061,430.1,ok,11.5,36.60000000000002,8.600000000000023,-0.3812030075188005,0.6790674286060441,367.7443963292881,confirmed,neutral,2026-06-16 04:59:12.846401
USDJPY,2Y,2023-05-19,USD,JPY,4.28,-0.061,434.1,ok,4.0,30.600000000000023,11.099999999999966,0.1836842105263153,0.7337027778940098,328.6353316699264,confirmed,long_base,2026-06-16 04:59:12.846401
USDJPY,2Y,2023-05-22,USD,JPY,4.29,-0.066,435.59999999999997,ok,1.4999999999999432,31.699999999999932,7.599999999999966,0.832255639097745,0.7505288856986785,177.62380452573723,confirmed,long_base,2026-06-16 04:59:12.846401
USDJPY,2Y,2023-05-23,USD,JPY,4.26,-0.061,432.09999999999997,ok,-3.5,20.69999999999999,14.099999999999966,1.2615037593984966,0.6908065098170817,161.72427696931945,confirmed,long_base,2026-06-16 04:59:12.846401
USDJPY,2Y,2023-05-24,USD,JPY,4.31,-0.066,437.59999999999997,ok,5.5,18.999999999999943,17.099999999999966,1.7875939849624096,0.7700297674615669,128.7066796585279,confirmed,long_base,2026-06-16 04:59:12.846401
USDJPY,2Y,2023-05-25,USD,JPY,4.5,-0.066,456.59999999999997,ok,19.0,26.499999999999943,40.799999999999955,2.485187969924812,1.0593701303166996,260.35216789160876,confirmed,long_base,2026-06-16 04:59:12.846401
USDJPY,2Y,2023-05-26,USD,JPY,4.54,-0.066,460.59999999999997,ok,4.0,26.499999999999943,71.09999999999997,2.7633082706766903,1.1145961845905152,447.56263424277967,confirmed,long_base,2026-06-16 04:59:12.846401
USDJPY,2Y,2023-05-30,USD,JPY,4.46,-0.055,451.49999999999994,ok,-9.100000000000023,15.899999999999977,57.49999999999994,2.875563909774428,0.9650551974015279,340.2543031074079,confirmed,long_base,2026-06-16 04:59:12.846401
USDJPY,2Y,2023-05-31,USD,JPY,4.4,-0.06,446.0,ok,-5.499999999999943,13.900000000000034,34.99999999999994,3.091203007518798,0.8724228363014227,299.8830374724237,confirmed,long_base,2026-06-16 04:59:12.846401
USDJPY,2Y,2023-06-01,USD,JPY,4.33,-0.065,439.50000000000006,ok,-6.499999999999943,1.900000000000091,31.000000000000057,3.1218796992481166,0.7634078521719264,255.00587622236725,confirmed,neutral,2026-06-16 04:59:12.846401
USDJPY,2Y,2023-06-02,USD,JPY,4.5,-0.075,457.5,ok,17.999999999999943,0.9000000000000341,39.00000000000006,3.5209774436090178,1.0448256397388271,433.2555312786623,confirmed,neutral,2026-06-16 04:59:12.846401
USDJPY,2Y,2023-06-05,USD,JPY,4.46,-0.065,452.50000000000006,ok,-4.999999999999943,-8.099999999999909,52.00000000000006,3.505789473684213,0.9590818238962803,279.371212009496,divergent,neutral,2026-06-16 04:59:12.846401
USDJPY,2Y,2023-06-06,USD,JPY,4.51,-0.065,457.5,ok,4.999999999999943,6.000000000000057,54.0,3.531203007518799,1.0342328172924613,272.2641064907516,confirmed,neutral,2026-06-16 04:59:12.846401
USDJPY,2Y,2023-06-07,USD,JPY,4.56,-0.06,461.99999999999994,ok,4.499999999999943,15.999999999999943,57.99999999999994,3.547593984962394,1.1019917984240364,285.3761275003497,confirmed,long_base,2026-06-16 04:59:12.846401
USDJPY,2Y,2023-06-08,USD,JPY,4.52,-0.06,457.99999999999994,ok,-4.0,18.499999999999886,63.99999999999994,3.261729323308266,1.0301765388670323,180.17225581821396,confirmed,long_base,2026-06-16 04:59:12.846401
USDJPY,2Y,2023-06-09,USD,JPY,4.59,-0.065,465.5,ok,7.500000000000057,8.0,72.0,2.97887218045113,1.1475212565733182,126.3053857837404,confirmed,neutral,2026-06-16 04:59:12.846401
USDJPY,2Y,2023-06-12,USD,JPY,4.55,-0.07,462.0,ok,-3.5,9.499999999999943,58.5,2.69563909774436,1.0839793193047893,116.72361386174445,confirmed,neutral,2026-06-16 04:59:12.846401
USDJPY,2Y,2023-06-13,USD,JPY,4.67,-0.075,474.5,ok,12.5,17.0,70.59999999999997,2.5093233082706754,1.2868707559719592,178.36781826236603,confirmed,long_base,2026-06-16 04:59:12.846401
USDJPY,2Y,2023-06-14,USD,JPY,4.74,-0.071,481.1,ok,6.600000000000023,19.10000000000008,69.70000000000005,2.4295488721804492,1.3909546442691916,94.11306548971154,confirmed,long_base,2026-06-16 04:59:12.846401
USDJPY,2Y,2023-06-15,USD,JPY,4.62,-0.064,468.40000000000003,ok,-12.699999999999989,10.400000000000091,49.80000000000001,2.1772180451127823,1.1727159682002235,119.3267489593186,confirmed,long_base,2026-06-16 04:59:12.846401
USDJPY,2Y,2023-06-16,USD,JPY,4.7,-0.065,476.50000000000006,ok,8.100000000000023,11.000000000000057,46.400000000000034,2.1472932330827144,1.3070583942833927,179.6944548143453,confirmed,long_base,2026-06-16 04:59:12.846401
USDJPY,2Y,2023-06-20,USD,JPY,4.68,-0.066,474.59999999999997,ok,-1.900000000000091,12.599999999999966,40.49999999999994,2.0836090225563866,1.2717246747115396,32.36728349055529,confirmed,long_base,2026-06-16 04:59:12.846401
USDJPY,2Y,2023-06-21,USD,JPY,4.68,-0.069,474.9,ok,0.30000000000001137,0.39999999999997726,39.30000000000001,1.9869924812030004,1.2743660247219437,86.56652666049646,confirmed,neutral,2026-06-16 04:59:12.846401
USDJPY,2Y,2023-06-22,USD,JPY,4.77,-0.071,484.0999999999999,ok,9.199999999999932,2.9999999999998863,51.99999999999994,1.9074436090225566,1.4319893326108526,231.4851244339833,confirmed,neutral,2026-06-16 04:59:12.846401
USDJPY,2Y,2023-06-23,USD,JPY,4.71,-0.074,478.4,ok,-5.699999999999932,9.999999999999943,40.80000000000001,1.755112781954882,1.3261984684522232,324.14095459870396,confirmed,neutral,2026-06-16 04:59:12.846401
USDJPY,2Y,2023-06-26,USD,JPY,4.65,-0.077,472.70000000000005,ok,-5.699999999999932,-3.8000000000000114,16.10000000000008,1.7600000000000142,1.2204595850277373,253.66125608422553,divergent,neutral,2026-06-16 04:59:12.846401
USDJPY,2Y,2023-06-27,USD,JPY,4.74,-0.074,481.4,ok,8.699999999999932,6.800000000000011,20.80000000000001,1.9281203007518901,1.3719220529211147,261.3917595623727,confirmed,neutral,2026-06-16 04:59:12.846401
USDJPY,2Y,2023-06-28,USD,JPY,4.71,-0.064,477.4,ok,-4.0,2.5,25.900000000000034,1.864135338345863,1.2945748224250135,356.7765305024584,confirmed,neutral,2026-06-16 04:59:12.846401
USDJPY,2Y,2023-06-29,USD,JPY,4.87,-0.07,494.00000000000006,ok,16.60000000000008,9.900000000000148,48.00000000000006,1.9115037593984965,1.5897465427768465,377.7182093146614,confirmed,neutral,2026-06-16 04:59:12.846401
USDJPY,2Y,2023-06-30,USD,JPY,4.87,-0.075,494.5,ok,0.49999999999994316,16.100000000000023,54.99999999999994,1.7912030075187937,1.5915846991894702,308.0485730418192,confirmed,long_base,2026-06-16 04:59:12.846401
USDJPY,2Y,2023-07-03,USD,JPY,4.94,-0.065,500.50000000000006,ok,6.000000000000057,27.80000000000001,43.00000000000006,1.9581203007518844,1.6927532420138187,377.2041251318714,confirmed,long_base,2026-06-16 04:59:12.846401
USDJPY,2Y,2023-07-05,USD,JPY,4.94,-0.07,501.00000000000006,ok,0.5,19.60000000000008,48.5,1.9885714285714295,1.688979629077729,361.54772831574087,confirmed,long_base,2026-06-16 04:59:12.846401
USDJPY,2Y,2023-07-06,USD,JPY,4.99,-0.06,505.0,ok,3.999999999999943,27.600000000000023,47.5,2.0821804511278255,1.7453916340596685,272.923816794981,confirmed,long_base,2026-06-16 04:59:12.846401
USDJPY,2Y,2023-07-07,USD,JPY,4.94,-0.039,497.90000000000003,ok,-7.099999999999966,3.8999999999999773,35.90000000000009,2.0739849624060245,1.5996336578858497,151.1059670781889,confirmed,neutral,2026-06-16 04:59:12.846401
USDJPY,2Y,2023-07-10,USD,JPY,4.85,-0.029,487.9,ok,-10.000000000000057,-6.600000000000023,29.900000000000034,1.8057894736842164,1.4055431770723548,-34.48640643181844,confirmed,neutral,2026-06-16 04:59:12.846401
USDJPY,2Y,2023-07-11,USD,JPY,4.88,-0.039,491.9,ok,4.0,-8.60000000000008,26.399999999999977,1.668195488721816,1.4682002559367051,-122.79539270558692,confirmed,neutral,2026-06-16 04:59:12.846401
USDJPY,2Y,2023-07-12,USD,JPY,4.72,-0.034,475.4,ok,-16.5,-25.60000000000008,13.399999999999977,1.1999248120300703,1.1566772809599675,-251.87106231236433,confirmed,neutral,2026-06-16 04:59:12.846401
USDJPY,2Y,2023-07-13,USD,JPY,4.59,-0.034,462.4,ok,-13.0,-42.60000000000002,-12.100000000000023,0.723157894736838,0.9100919049991143,-231.5001521165416,confirmed,neutral,2026-06-16 04:59:12.846401
USDJPY,2Y,2023-07-14,USD,JPY,4.74,-0.038,477.80000000000007,ok,15.400000000000091,-20.099999999999966,-3.2999999999999545,0.5887969924812035,1.1876198344050835,-207.71282977852468,confirmed,neutral,2026-06-16 04:59:12.846401
USDJPY,2Y,2023-07-18,USD,JPY,4.74,-0.033,477.30000000000007,ok,-0.5,-10.599999999999909,8.900000000000034,0.25172932330827763,1.171573662995179,-314.75766168079787,confirmed,neutral,2026-06-16 04:59:12.846401
USDJPY,2Y,2023-07-19,USD,JPY,4.74,-0.037,477.7,ok,0.3999999999999204,-14.199999999999989,1.1999999999999318,0.034887218045112474,1.1721566079724839,-268.5766067196438,confirmed,neutral,2026-06-16 04:59:12.846401
USDJPY,2Y,2023-07-20,USD,JPY,4.8,-0.037,483.7,ok,6.0,8.300000000000011,9.100000000000023,-0.12804511278194577,1.2769979366944333,-279.8937974366822,divergent,neutral,2026-06-16 04:59:12.846401
USDJPY,2Y,2023-07-21,USD,JPY,4.82,-0.026,484.6,ok,0.9000000000000341,22.200000000000045,9.700000000000045,-0.2870676691729367,1.2863586320306932,-183.32421444847034,divergent,neutral,2026-06-16 04:59:12.846401
USDJPY,2Y,2023-07-24,USD,JPY,4.81,-0.036,484.5999999999999,ok,-1.1368683772161603e-13,6.799999999999841,0.5,-0.3154135338345894,1.2793556046285173,-186.03135422228246,divergent,neutral,2026-06-16 04:59:12.846401
USDJPY,2Y,2023-07-25,USD,JPY,4.85,-0.038,488.8,ok,4.200000000000102,11.499999999999943,10.400000000000034,-0.3745112781954934,1.3536030246958024,-241.28259288756615,divergent,neutral,2026-06-16 04:59:12.846401
USDJPY,2Y,2023-07-26,USD,JPY,4.82,-0.038,485.80000000000007,ok,-2.999999999999943,8.10000000000008,13.100000000000023,-0.5821052631579057,1.2924771154837174,-292.46803184021843,divergent,neutral,2026-06-16 04:59:12.846401
USDJPY,2Y,2023-07-27,USD,JPY,4.91,-0.04,495.0,ok,9.199999999999932,11.300000000000011,13.600000000000023,-0.5406015037594097,1.4663834360616708,-383.366226931201,divergent,neutral,2026-06-16 04:59:12.846401
USDJPY,2Y,2023-07-28,USD,JPY,4.87,-0.015,488.5,ok,-6.5,3.8999999999999773,11.100000000000023,-0.6755639097744336,1.334654724067169,-232.80599039433136,divergent,neutral,2026-06-16 04:59:12.846401
USDJPY,2Y,2023-07-31,USD,JPY,4.88,0.0,488.0,ok,-0.5,3.400000000000091,-6.000000000000057,-0.5722556390977497,1.3187784344801958,16.96191662619917,confirmed,neutral,2026-06-16 04:59:12.846401
USDJPY,2Y,2023-08-01,USD,JPY,4.92,0.0,492.0,ok,4.0,3.1999999999999886,-2.5,-0.3948872180451093,1.3898691264037437,52.738907249840764,confirmed,neutral,2026-06-16 04:59:12.846401
USDJPY,2Y,2023-08-02,USD,JPY,4.88,0.01,487.0,ok,-5.0,1.1999999999999318,-13.500000000000057,-0.19045112781955062,1.28490647015608,144.933690006086,confirmed,neutral,2026-06-16 04:59:12.846401
USDJPY,2Y,2023-08-03,USD,JPY,4.9,0.02,488.00000000000006,ok,1.0000000000000568,-6.999999999999943,-13.0,0.056466165413534476,1.2993820265223193,177.20525264059316,divergent,neutral,2026-06-16 04:59:12.846401
USDJPY,2Y,2023-08-04,USD,JPY,4.78,0.021,475.90000000000003,ok,-12.100000000000023,-12.599999999999966,-29.099999999999966,0.2132330827067696,1.0514092797078443,243.84777768138522,divergent,neutral,2026-06-16 04:59:12.846401
USDJPY,2Y,2023-08-07,USD,JPY,4.76,0.017,474.29999999999995,ok,-1.6000000000000796,-13.700000000000045,-23.60000000000008,0.27879699248120055,1.0135442659544696,273.4552373813459,divergent,neutral,2026-06-16 04:59:12.846401
USDJPY,2Y,2023-08-08,USD,JPY,4.74,0.012,472.80000000000007,ok,-1.4999999999998863,-19.199999999999932,-15.099999999999909,0.2005263157894639,0.977820426787417,329.73768080411634,divergent,neutral,2026-06-16 04:59:12.846401
USDJPY,2Y,2023-08-09,USD,JPY,4.79,0.006,478.4,ok,5.599999999999909,-8.600000000000023,-13.5,0.2881203007518863,1.0856995083867953,360.1447499315169,divergent,neutral,2026-06-16 04:59:12.846401
USDJPY,2Y,2023-08-10,USD,JPY,4.82,0.012,480.80000000000007,ok,2.400000000000091,-7.199999999999989,5.400000000000091,0.16977443609022178,1.1282268350737588,419.4330352968278,divergent,neutral,2026-06-16 04:59:12.846401
USDJPY,2Y,2023-08-14,USD,JPY,4.96,0.017,494.29999999999995,ok,13.499999999999886,18.39999999999992,31.899999999999977,0.030902255639094045,1.4007577602878656,260.5438049413733,confirmed,long_base,2026-06-16 04:59:12.846401
USDJPY,2Y,2023-08-15,USD,JPY,4.92,0.016,490.4,ok,-3.8999999999999773,16.100000000000023,12.599999999999909,0.03150375939849711,1.3167791430843774,272.8709295106935,confirmed,long_base,2026-06-16 04:59:12.846401
USDJPY,2Y,2023-08-16,USD,JPY,4.97,0.017,495.29999999999995,ok,4.899999999999977,22.499999999999886,17.999999999999886,0.07526315789473047,1.4161056527610678,338.5615373745932,confirmed,long_base,2026-06-16 04:59:12.846401
USDJPY,2Y,2023-08-17,USD,JPY,4.94,0.028,491.2000000000001,ok,-4.099999999999852,12.800000000000125,13.500000000000114,0.039699248120286676,1.326342445981296,340.5695793798924,confirmed,long_base,2026-06-16 04:59:12.846401
USDJPY,2Y,2023-08-18,USD,JPY,4.92,0.022,489.79999999999995,ok,-1.4000000000001478,8.999999999999886,6.099999999999966,0.05857142857143835,1.2949814178746606,353.35689045936425,confirmed,neutral,2026-06-16 04:59:12.846401
USDJPY,2Y,2023-08-21,USD,JPY,4.97,0.029,494.09999999999997,ok,4.300000000000011,-0.19999999999998863,9.499999999999943,0.14390977443609126,1.3895579323151448,362.20896453016405,divergent,neutral,2026-06-16 04:59:12.846401
USDJPY,2Y,2023-08-22,USD,JPY,5.02,0.025,499.49999999999994,ok,5.399999999999977,9.099999999999966,14.900000000000034,0.29210526315789104,1.508771014059829,356.6480764448876,confirmed,neutral,2026-06-16 04:59:12.846401
USDJPY,2Y,2023-08-23,USD,JPY,4.95,0.024,492.6,ok,-6.89999999999992,-2.699999999999932,3.8000000000000114,0.38563909774435634,1.3575328990144329,165.46752480256276,divergent,neutral,2026-06-16 04:59:12.846401
USDJPY,2Y,2023-08-24,USD,JPY,4.98,0.01,497.00000000000006,ok,4.400000000000034,5.7999999999999545,11.199999999999989,0.4889473684210541,1.4541023179902295,216.07442641298212,confirmed,neutral,2026-06-16 04:59:12.846401
USDJPY,2Y,2023-08-25,USD,JPY,5.03,0.01,502.00000000000006,ok,5.0,12.200000000000102,7.000000000000057,0.7921052631578934,1.5643464134909992,211.71365989089975,confirmed,long_base,2026-06-16 04:59:12.846401
USDJPY,2Y,2023-08-28,USD,JPY,4.98,0.011,496.90000000000003,ok,-5.100000000000023,2.800000000000068,8.400000000000034,0.9092481203007564,1.4473256961710554,336.28093749338285,confirmed,neutral,2026-06-16 04:59:12.846401
USDJPY,2Y,2023-08-29,USD,JPY,4.87,0.019,485.1,ok,-11.800000000000011,-14.39999999999992,-2.8999999999999773,0.8372932330827176,1.1701700723333444,289.7702842723304,divergent,neutral,2026-06-16 04:59:12.846401
USDJPY,2Y,2023-08-30,USD,JPY,4.9,0.029,487.1,ok,2.0,-5.5,-4.899999999999977,0.861428571428581,1.2130249415874954,248.98798206781424,divergent,neutral,2026-06-16 04:59:12.846401
USDJPY,2Y,2023-08-31,USD,JPY,4.85,0.025,482.49999999999994,ok,-4.60000000000008,-14.500000000000114,-4.500000000000057,0.7482706766917273,1.100341799258088,155.45271152248796,divergent,neutral,2026-06-16 04:59:12.846401
USDJPY,2Y,2023-09-01,USD,JPY,4.87,0.02,485.00000000000006,ok,2.5000000000001137,-17.0,-3.0,0.6933834586466081,1.1562390705833316,170.0552470810912,divergent,neutral,2026-06-16 04:59:12.846401
USDJPY,2Y,2023-09-05,USD,JPY,4.94,0.016,492.40000000000003,ok,7.399999999999977,-4.5,16.5,0.5576691729323248,1.329774949559011,179.76845491636251,divergent,neutral,2026-06-16 04:59:12.846401
USDJPY,2Y,2023-09-06,USD,JPY,5.01,0.017,499.29999999999995,ok,6.89999999999992,14.199999999999932,25.0,0.47045112781954357,1.494028129227763,156.63354763296277,confirmed,long_base,2026-06-16 04:59:12.846401
USDJPY,2Y,2023-09-07,USD,JPY,4.94,0.012,492.80000000000007,ok,-6.499999999999886,5.7000000000000455,20.0,0.22909774436090594,1.332770143775199,117.70361214118896,confirmed,neutral,2026-06-16 04:59:12.846401
USDJPY,2Y,2023-09-08,USD,JPY,4.98,0.007,497.30000000000007,ok,4.5,14.800000000000125,18.90000000000009,0.11037593984962765,1.4399257046022584,100.1831451767221,confirmed,long_base,2026-06-16 04:59:12.846401
USDJPY,2Y,2023-09-11,USD,JPY,4.97,0.043,492.69999999999993,ok,-4.600000000000136,7.699999999999875,11.899999999999864,-0.06458646616541869,1.3245878716662634,92.41164813387658,confirmed,neutral,2026-06-16 04:59:12.846401
USDJPY,2Y,2023-09-12,USD,JPY,4.98,0.033,494.7,ok,2.000000000000057,2.2999999999999545,0.4000000000000341,-0.015714285714293584,1.3731901116735918,126.26957694530594,confirmed,neutral,2026-06-16 04:59:12.846401
USDJPY,2Y,2023-09-13,USD,JPY,4.96,0.028,493.20000000000005,ok,-1.4999999999999432,-6.099999999999909,2.800000000000068,-0.050451127819554145,1.3324046396208518,74.19006331796929,divergent,neutral,2026-06-16 04:59:12.846401
USDJPY,2Y,2023-09-14,USD,JPY,5.0,0.029,497.1,ok,3.8999999999999773,4.2999999999999545,1.8000000000000682,0.04368421052632341,1.4303867501972019,115.58909277996854,confirmed,neutral,2026-06-16 04:59:12.846401
USDJPY,2Y,2023-09-15,USD,JPY,5.02,0.03,498.99999999999994,ok,1.8999999999999204,1.699999999999875,7.799999999999841,0.0975187969924792,1.4759756140103237,217.032188500057,confirmed,neutral,2026-06-16 04:59:12.846401
USDJPY,2Y,2023-09-19,USD,JPY,5.08,0.035,504.5,ok,5.500000000000057,11.800000000000068,14.700000000000045,0.19609022556391262,1.615817247151729,82.70440680741898,confirmed,long_base,2026-06-16 04:59:12.846401
USDJPY,2Y,2023-09-20,USD,JPY,5.12,0.026,509.40000000000003,ok,4.900000000000034,14.700000000000045,15.300000000000068,0.4104511278195464,1.7399104668143162,126.79056683644995,confirmed,long_base,2026-06-16 04:59:12.846401
USDJPY,2Y,2023-09-21,USD,JPY,5.12,0.035,508.5,ok,-0.9000000000000341,15.299999999999955,9.000000000000057,0.6742105263157802,1.710618237875484,113.91815429299568,confirmed,long_base,2026-06-16 04:59:12.846401
USDJPY,2Y,2023-09-22,USD,JPY,5.1,0.035,506.49999999999994,ok,-2.000000000000057,9.39999999999992,13.89999999999992,0.7869172932330826,1.6510989366218958,154.36112974549278,confirmed,neutral,2026-06-16 04:59:12.846401
USDJPY,2Y,2023-09-25,USD,JPY,5.09,0.033,505.69999999999993,ok,-0.8000000000000114,6.699999999999989,8.699999999999875,0.9367669172932305,1.6245041741981334,181.92142964655656,confirmed,neutral,2026-06-16 04:59:12.846401
USDJPY,2Y,2023-09-26,USD,JPY,5.04,0.034,500.6,ok,-5.099999999999909,-3.8999999999999773,-1.400000000000034,1.079624060150363,1.4814245189780992,204.4281352265398,divergent,neutral,2026-06-16 04:59:12.846401
USDJPY,2Y,2023-09-27,USD,JPY,5.1,0.034,506.59999999999997,ok,5.999999999999943,-2.800000000000068,9.699999999999932,1.2297744360902148,1.6417598551850319,201.72242012310716,divergent,neutral,2026-06-16 04:59:12.846401
USDJPY,2Y,2023-09-28,USD,JPY,5.04,0.044,499.6,ok,-6.999999999999943,-8.899999999999977,14.5,1.0790225563909692,1.4456186989870914,127.2913459517011,divergent,neutral,2026-06-16 04:59:12.846401
USDJPY,2Y,2023-09-29,USD,JPY,5.03,0.044,498.6000000000001,ok,-0.9999999999999432,-7.899999999999864,11.500000000000057,0.9237593984962393,1.4156462043487459,109.73983332543513,divergent,neutral,2026-06-16 04:59:12.846401
USDJPY,2Y,2023-10-02,USD,JPY,5.12,0.055,506.50000000000006,ok,7.899999999999977,0.8000000000001251,24.000000000000114,0.7914285714285713,1.6321074777266749,139.58240300951275,confirmed,neutral,2026-06-16 04:59:12.846401
USDJPY,2Y,2023-10-03,USD,JPY,5.15,0.051,509.90000000000003,ok,3.3999999999999773,9.300000000000011,24.899999999999977,0.7110526315789537,1.720652338323578,139.26743561684552,confirmed,neutral,2026-06-16 04:59:12.846401
USDJPY,2Y,2023-10-04,USD,JPY,5.05,0.061,498.9,ok,-11.000000000000057,-7.699999999999989,6.499999999999943,0.552932330827056,1.4049994383231277,157.427166924613,divergent,neutral,2026-06-16 04:59:12.846401
USDJPY,2Y,2023-10-05,USD,JPY,5.03,0.061,496.90000000000003,ok,-1.9999999999999432,-2.6999999999999886,-2.3999999999999204,0.4654135338345846,1.3401025415941668,89.08731372189393,divergent,neutral,2026-06-16 04:59:12.846401
USDJPY,2Y,2023-10-06,USD,JPY,5.08,0.061,501.90000000000003,ok,5.0,3.2999999999999545,9.099999999999966,0.35030075187969273,1.4733624925198505,131.47267038165822,confirmed,neutral,2026-06-16 04:59:12.846401
USDJPY,2Y,2023-10-10,USD,JPY,4.96,0.058,490.2,ok,-11.700000000000045,-16.300000000000068,-7.10000000000008,0.12541353383458537,1.1303197167013537,51.60182060420793,divergent,neutral,2026-06-16 04:59:12.846401
USDJPY,2Y,2023-10-11,USD,JPY,4.99,0.058,493.20000000000005,ok,3.000000000000057,-16.69999999999999,0.5000000000001137,-0.11857142857141265,1.2082954896415325,96.3329788026801,divergent,neutral,2026-06-16 04:59:12.846401
USDJPY,2Y,2023-10-12,USD,JPY,5.06,0.047,501.3,ok,8.099999999999966,2.400000000000034,6.600000000000023,-0.2160150375939865,1.4299556557734219,137.11609523680445,confirmed,neutral,2026-06-16 04:59:12.846401
USDJPY,2Y,2023-10-13,USD,JPY,5.04,0.044,499.6,ok,-1.6999999999999886,2.6999999999999886,6.399999999999977,-0.3713533834586308,1.3697755096252084,80.030205165893,confirmed,neutral,2026-06-16 04:59:12.846401
USDJPY,2Y,2023-10-16,USD,JPY,5.09,0.043,504.7,ok,5.099999999999966,2.7999999999999545,7.599999999999966,-0.401879699248111,1.5027060382392337,83.52377292859092,confirmed,neutral,2026-06-16 04:59:12.846401
USDJPY,2Y,2023-10-17,USD,JPY,5.19,0.059,513.1,ok,8.400000000000034,22.900000000000034,14.10000000000008,-0.29383458646616284,1.7253842858498858,89.46857820416155,confirmed,neutral,2026-06-16 04:59:12.846401
USDJPY,2Y,2023-10-18,USD,JPY,5.19,0.07,512.0,ok,-1.1000000000000227,18.799999999999955,7.5,-0.13586466165413072,1.6766397344894792,63.76788222092422,confirmed,neutral,2026-06-16 04:59:12.846401
USDJPY,2Y,2023-10-19,USD,JPY,5.14,0.081,505.8999999999999,ok,-6.10000000000008,4.599999999999909,-3.5000000000001137,0.0010526315789313467,1.4903079301974258,50.45219118160249,confirmed,neutral,2026-06-16 04:59:12.846401
USDJPY,2Y,2023-10-20,USD,JPY,5.07,0.075,499.5,ok,-6.39999999999992,-0.10000000000002274,-9.0,0.03759398496240569,1.2978133213240228,20.66972587528637,divergent,neutral,2026-06-16 04:59:12.846401
USDJPY,2Y,2023-10-23,USD,JPY,5.05,0.087,496.3,ok,-3.1999999999999886,-8.399999999999977,-10.199999999999932,0.010375939849612532,1.1973756156233286,29.46415417788284,divergent,neutral,2026-06-16 04:59:12.846401
USDJPY,2Y,2023-10-24,USD,JPY,5.02,0.082,493.79999999999995,ok,-2.500000000000057,-19.300000000000068,-11.899999999999977,-0.04984962406015565,1.1177507970141838,21.86881386763595,divergent,neutral,2026-06-16 04:59:12.846401
USDJPY,2Y,2023-10-25,USD,JPY,5.08,0.077,500.3,ok,6.500000000000057,-11.699999999999989,-0.30000000000001137,-0.0798496240601611,1.2906145330675198,15.614469408318232,divergent,neutral,2026-06-16 04:59:12.846401
USDJPY,2Y,2023-10-26,USD,JPY,5.02,0.093,492.69999999999993,ok,-7.60000000000008,-13.199999999999989,-13.900000000000034,-0.1232330827067624,1.0676042748945591,79.57044028530147,divergent,neutral,2026-06-16 04:59:12.846401
USDJPY,2Y,2023-10-27,USD,JPY,4.99,0.094,489.59999999999997,ok,-3.099999999999966,-9.900000000000034,-10.000000000000057,-0.3005263157894791,0.9726186315552994,41.54920123506489,divergent,neutral,2026-06-16 04:59:12.846401
USDJPY,2Y,2023-10-30,USD,JPY,5.03,0.119,491.1,ok,1.5000000000000568,-5.199999999999989,-7.500000000000057,-0.4571428571428577,1.0072896088562058,-11.522898410911697,confirmed,neutral,2026-06-16 04:59:12.846401
USDJPY,2Y,2023-10-31,USD,JPY,5.07,0.149,492.1,ok,1.0,-1.6999999999999318,-14.400000000000034,-0.46345864661655556,1.027570247119348,145.42309471609283,divergent,neutral,2026-06-16 04:59:12.846401
USDJPY,2Y,2023-11-01,USD,JPY,4.95,0.155,479.5,ok,-12.600000000000023,-20.80000000000001,-30.400000000000034,-0.5744360902255726,0.6683585980680032,151.01157530691188,divergent,neutral,2026-06-16 04:59:12.846401
USDJPY,2Y,2023-11-02,USD,JPY,4.98,0.135,484.50000000000006,ok,5.000000000000057,-8.199999999999875,-14.39999999999992,-0.741954887218034,0.8041711274416714,125.68460430880224,divergent,neutral,2026-06-16 04:59:12.846401
USDJPY,2Y,2023-11-06,USD,JPY,4.93,0.127,480.3,ok,-4.2000000000000455,-9.299999999999955,-16.600000000000023,-0.9793984962405953,0.6826722662878799,32.03884793921308,divergent,neutral,2026-06-16 04:59:12.846401
USDJPY,2Y,2023-11-07,USD,JPY,4.91,0.127,478.3,ok,-2.0,-12.800000000000011,-23.600000000000023,-1.1415037593984931,0.6230169057897489,55.89729874297733,divergent,neutral,2026-06-16 04:59:12.846401
USDJPY,2Y,2023-11-08,USD,JPY,4.93,0.117,481.29999999999995,ok,2.999999999999943,-10.800000000000068,-8.900000000000034,-1.410000000000014,0.7027239453759461,85.038106698756,divergent,neutral,2026-06-16 04:59:12.846401
USDJPY,2Y,2023-11-09,USD,JPY,5.03,0.107,492.3,ok,11.000000000000057,12.800000000000011,-0.9000000000000341,-1.4606015037593971,1.0047754122734194,105.90277777777769,confirmed,neutral,2026-06-16 04:59:12.846401
USDJPY,2Y,2023-11-10,USD,JPY,5.04,0.108,493.20000000000005,ok,0.9000000000000341,8.699999999999989,-8.099999999999966,-1.3690977443608936,1.0246331350583056,113.64091607130922,confirmed,neutral,2026-06-16 04:59:12.846401
USDJPY,2Y,2023-11-13,USD,JPY,5.02,0.103,491.7,ok,-1.5000000000000568,11.399999999999977,-7.900000000000034,-1.313684210526309,0.976351658061559,123.2285067722283,confirmed,neutral,2026-06-16 04:59:12.846401
USDJPY,2Y,2023-11-14,USD,JPY,4.8,0.093,470.7,ok,-21.0,-7.600000000000023,-34.0,-1.4658646616541315,0.3896967967856218,40.030957273626825,divergent,neutral,2026-06-16 04:59:12.846401
USDJPY,2Y,2023-11-15,USD,JPY,4.9,0.069,483.1,ok,12.400000000000034,1.8000000000000682,-30.0,-1.2571428571428735,0.7296063944463446,95.74425467704594,confirmed,neutral,2026-06-16 04:59:12.846401
USDJPY,2Y,2023-11-16,USD,JPY,4.83,0.057,477.29999999999995,ok,-5.800000000000068,-15.000000000000057,-34.700000000000045,-1.1035338345864691,0.5642462554525892,56.654766274066844,divergent,neutral,2026-06-16 04:59:12.846401
USDJPY,2Y,2023-11-17,USD,JPY,4.88,0.046,483.4,ok,6.100000000000023,-9.800000000000068,-22.499999999999943,-0.9069172932330724,0.7281508464815309,-39.24181351810496,confirmed,neutral,2026-06-16 04:59:12.846401
USDJPY,2Y,2023-11-20,USD,JPY,4.89,0.046,484.3999999999999,ok,0.9999999999999432,-7.300000000000068,-15.10000000000008,-0.763233082706775,0.7509890484740604,-81.28396580190933,confirmed,neutral,2026-06-16 04:59:12.846401
USDJPY,2Y,2023-11-21,USD,JPY,4.86,0.036,482.4000000000001,ok,-1.9999999999998295,11.700000000000102,-13.89999999999992,-0.6759398496240611,0.691860430902587,-105.98795196815836,divergent,neutral,2026-06-16 04:59:12.846401
USDJPY,2Y,2023-11-22,USD,JPY,4.89,0.052,483.8,ok,1.3999999999999204,0.6999999999999886,-9.999999999999943,-0.58721804511277,0.7271301646233327,24.480871384879865,confirmed,neutral,2026-06-16 04:59:12.846401
USDJPY,2Y,2023-11-24,USD,JPY,4.92,0.068,485.20000000000005,ok,1.400000000000034,7.900000000000091,-15.099999999999966,-0.3608270676691709,0.7628672504043892,-78.83219435091404,divergent,neutral,2026-06-16 04:59:12.846401
USDJPY,2Y,2023-11-27,USD,JPY,4.84,0.068,477.20000000000005,ok,-8.0,-6.199999999999932,-15.499999999999886,-0.34601503759397045,0.5405348018307768,-60.541930644666394,confirmed,neutral,2026-06-16 04:59:12.846401
USDJPY,2Y,2023-11-28,USD,JPY,4.73,0.065,466.5,ok,-10.700000000000045,-17.89999999999992,-23.099999999999966,-0.509699248120302,0.24571728423455655,-159.84851526222198,confirmed,short_base,2026-06-16 04:59:12.846401
USDJPY,2Y,2023-11-29,USD,JPY,4.64,0.048,459.2,ok,-7.300000000000011,-23.200000000000102,-31.900000000000034,-0.7192481203007524,0.045031369796988706,-195.28619528619507,confirmed,short_base,2026-06-16 04:59:12.846401
USDJPY,2Y,2023-11-30,USD,JPY,4.73,0.049,468.1,ok,8.900000000000034,-15.699999999999989,-24.0,-0.7378947368421102,0.291115693257199,-159.37923880954276,confirmed,short_base,2026-06-16 04:59:12.846401
USDJPY,2Y,2023-12-01,USD,JPY,4.56,0.04,451.99999999999994,ok,-16.10000000000008,-33.2000000000001,-27.500000000000057,-1.1493984962406016,-0.15597259742720027,-270.4637658101994,confirmed,short_base,2026-06-16 04:59:12.846401
USDJPY,2Y,2023-12-04,USD,JPY,4.64,0.031,460.9,ok,8.900000000000034,-16.300000000000068,-23.60000000000008,-1.3134586466165379,0.0887361787044967,-275.298404985741,confirmed,short_base,2026-06-16 04:59:12.846401
USDJPY,2Y,2023-12-05,USD,JPY,4.57,0.036,453.4000000000001,ok,-7.499999999999886,-13.099999999999909,-26.89999999999992,-1.615488721804504,-0.12031110545683332,-282.44708243651775,confirmed,short_base,2026-06-16 04:59:12.846401
USDJPY,2Y,2023-12-06,USD,JPY,4.6,0.036,456.4,ok,2.9999999999998863,-2.8000000000000114,-21.900000000000034,-1.8657894736842042,-0.039105338186245925,-294.6936676140288,confirmed,neutral,2026-06-16 04:59:12.846401
USDJPY,2Y,2023-12-07,USD,JPY,4.58,0.087,449.3,ok,-7.099999999999966,-18.80000000000001,-31.999999999999943,-2.137218045112776,-0.2361762765265561,-415.06073735413815,confirmed,short_base,2026-06-16 04:59:12.846401
USDJPY,2Y,2023-12-08,USD,JPY,4.71,0.092,461.8,ok,12.5,9.800000000000068,-30.5,-2.0082706766917418,0.10937144651945387,-417.04142637955744,divergent,neutral,2026-06-16 04:59:12.846401
USDJPY,2Y,2023-12-11,USD,JPY,4.71,0.088,462.2,ok,0.39999999999997726,1.3000000000000114,-31.000000000000057,-1.8135338345864775,0.11906195113849012,-231.2281781333181,divergent,neutral,2026-06-16 04:59:12.846401
USDJPY,2Y,2023-12-12,USD,JPY,4.73,0.067,466.3,ok,4.100000000000023,12.89999999999992,-25.399999999999977,-1.5372932330827047,0.23082284437952236,-310.949586556416,divergent,neutral,2026-06-16 04:59:12.846401
USDJPY,2Y,2023-12-13,USD,JPY,4.46,0.048,441.2,ok,-25.100000000000023,-15.199999999999989,-29.5,-1.913007518796995,-0.4647352597746959,-377.13215125722013,confirmed,short_base,2026-06-16 04:59:12.846401
USDJPY,2Y,2023-12-14,USD,JPY,4.37,0.057,431.29999999999995,ok,-9.900000000000034,-18.000000000000057,-51.80000000000007,-2.1899999999999955,-0.7366711176561583,-396.09306972129053,confirmed,short_base,2026-06-16 04:59:12.846401
USDJPY,2Y,2023-12-15,USD,JPY,4.44,0.087,435.30000000000007,ok,4.000000000000114,-26.499999999999943,-41.999999999999886,-2.4235338345864665,-0.623722855230236,-489.75987046788293,confirmed,short_base,2026-06-16 04:59:12.846401
USDJPY,2Y,2023-12-18,USD,JPY,4.43,0.079,435.1,ok,-0.20000000000004547,-27.099999999999966,-48.299999999999955,-2.5004511278195523,-0.6283873827617664,-448.1678336658046,confirmed,short_base,2026-06-16 04:59:12.846401
USDJPY,2Y,2023-12-19,USD,JPY,4.41,0.068,434.20000000000005,ok,-0.8999999999999773,-32.099999999999966,-50.199999999999875,-2.5018045112782055,-0.6542975719988224,-378.4596871239476,confirmed,short_base,2026-06-16 04:59:12.846401
USDJPY,2Y,2023-12-20,USD,JPY,4.34,0.033,430.69999999999993,ok,-3.5000000000001137,-10.500000000000057,-51.70000000000016,-2.509248120300747,-0.7512145104376684,-329.41636233778326,confirmed,short_base,2026-06-16 04:59:12.846401
USDJPY,2Y,2023-12-21,USD,JPY,4.33,0.037,429.3,ok,-1.3999999999999204,-1.9999999999999432,-54.5,-2.4368421052631755,-0.7877527799185793,-339.64573487913486,confirmed,neutral,2026-06-16 04:59:12.846401
USDJPY,2Y,2023-12-22,USD,JPY,4.31,0.046,426.3999999999999,ok,-2.900000000000091,-8.900000000000148,-58.800000000000125,-2.3018045112782004,-0.866400137018232,-315.79806332281635,confirmed,neutral,2026-06-16 04:59:12.846401
USDJPY,2Y,2023-12-26,USD,JPY,4.26,0.065,419.49999999999994,ok,-6.899999999999977,-15.60000000000008,-57.7000000000001,-2.3032330827067753,-1.0554647171294433,-264.75451278337283,confirmed,short_base,2026-06-16 04:59:12.846401
USDJPY,2Y,2023-12-27,USD,JPY,4.2,0.05,415.00000000000006,ok,-4.499999999999886,-19.19999999999999,-51.49999999999994,-2.451127819548871,-1.1758247133350217,-397.9579367557806,confirmed,short_base,2026-06-16 04:59:12.846401
USDJPY,2Y,2023-12-28,USD,JPY,4.26,0.037,422.3,ok,7.2999999999999545,-8.39999999999992,-36.89999999999998,-2.532556390977443,-0.9722053071197294,-390.4636373518855,confirmed,neutral,2026-06-16 04:59:12.846401
USDJPY,2Y,2023-12-29,USD,JPY,4.23,0.048,418.20000000000005,ok,-4.099999999999966,-11.099999999999966,-49.89999999999998,-2.476541353383469,-1.0806449274906986,-421.5926076912635,confirmed,short_base,2026-06-16 04:59:12.846401
USDJPY,2Y,2024-01-04,USD,JPY,4.38,0.05,433.0,ok,14.799999999999955,6.60000000000008,-18.999999999999943,-2.3882706766917425,-0.675456772202535,-87.43640832871269,divergent,neutral,2026-06-16 04:59:12.846401
USDJPY,2Y,2024-01-05,USD,JPY,4.4,0.035,436.5,ok,3.5,17.000000000000057,-24.399999999999977,-2.0809022556391095,-0.5810537651850015,-47.76423463664025,divergent,neutral,2026-06-16 04:59:12.846401
USDJPY,2Y,2024-01-09,USD,JPY,4.36,0.025,433.5,ok,-3.0,18.499999999999943,-19.90000000000009,-1.8981203007518823,-0.6651593783466118,161.1076325620342,confirmed,neutral,2026-06-16 04:59:12.846401
USDJPY,2Y,2024-01-10,USD,JPY,4.37,0.025,434.5,ok,1.0,12.199999999999989,-21.899999999999977,-1.6237593984962468,-0.6402411632113939,238.53352818841157,confirmed,neutral,2026-06-16 04:59:12.846401
USDJPY,2Y,2024-01-11,USD,JPY,4.26,0.015,424.5,ok,-10.0,6.2999999999999545,-24.80000000000001,-1.5714285714285645,-0.9159326554058776,168.82634503927906,confirmed,neutral,2026-06-16 04:59:12.846401
USDJPY,2Y,2024-01-12,USD,JPY,4.14,0.005,413.5,ok,-11.0,-19.5,-48.30000000000001,-1.4415789473684117,-1.2168307004801335,68.4412759955233,divergent,neutral,2026-06-16 04:59:12.846401
USDJPY,2Y,2024-01-16,USD,JPY,4.22,0.02,420.0,ok,6.5,-16.5,-42.19999999999999,-1.13992481203008,-1.0372678631022605,339.15681262814746,divergent,neutral,2026-06-16 04:59:12.846401
USDJPY,2Y,2024-01-17,USD,JPY,4.34,0.025,431.49999999999994,ok,11.499999999999943,-2.000000000000057,-34.80000000000007,-0.5457894736842092,-0.721744184616901,402.15719732878074,divergent,neutral,2026-06-16 04:59:12.846401
USDJPY,2Y,2024-01-18,USD,JPY,4.34,0.036,430.40000000000003,ok,-1.099999999999909,-4.099999999999966,-10.799999999999955,-0.3113533834586473,-0.7522122269288627,413.52643419572564,divergent,neutral,2026-06-16 04:59:12.846401
USDJPY,2Y,2024-01-19,USD,JPY,4.39,0.031,435.9,ok,5.499999999999943,11.399999999999977,4.600000000000023,-0.13842105263158574,-0.6017519980107919,389.71976390828723,confirmed,neutral,2026-06-16 04:59:12.846401
USDJPY,2Y,2024-01-22,USD,JPY,4.37,0.025,434.5,ok,-1.3999999999999773,21.0,-0.8000000000000682,0.07075187969924865,-0.6415762398838963,474.2747654432722,confirmed,long_base,2026-06-16 04:59:12.846401
USDJPY,2Y,2024-01-23,USD,JPY,4.31,0.025,428.49999999999994,ok,-6.000000000000057,8.499999999999943,-6.60000000000008,0.19225563909773694,-0.8069371412437957,515.9070757226458,confirmed,neutral,2026-06-16 04:59:12.846401
USDJPY,2Y,2024-01-24,USD,JPY,4.34,0.07,426.99999999999994,ok,-1.5,-4.5,-7.200000000000102,0.28804511278195577,-0.8464288433220917,458.9327475019478,divergent,neutral,2026-06-16 04:59:12.846401
USDJPY,2Y,2024-01-25,USD,JPY,4.28,0.067,421.3,ok,-5.699999999999932,-9.100000000000023,-9.39999999999992,0.2579699248120244,-1.0011897227631348,390.22880575074083,divergent,neutral,2026-06-16 04:59:12.846401
USDJPY,2Y,2024-01-26,USD,JPY,4.34,0.052,428.8,ok,7.5,-7.099999999999966,-0.5,0.32706766917293173,-0.7922032312751633,360.4321829434598,divergent,neutral,2026-06-16 04:59:12.846401
USDJPY,2Y,2024-01-29,USD,JPY,4.29,0.063,422.70000000000005,ok,-6.099999999999966,-11.799999999999955,-3.699999999999875,0.26398496240602076,-0.9600584580429552,199.30430212374617,divergent,neutral,2026-06-16 04:59:12.846401
USDJPY,2Y,2024-01-30,USD,JPY,4.36,0.074,428.6,ok,5.899999999999977,0.10000000000007958,9.10000000000008,0.1818045112781939,-0.799019828790252,180.41611099978593,confirmed,neutral,2026-06-16 04:59:12.846401
USDJPY,2Y,2024-01-31,USD,JPY,4.27,0.094,417.5999999999999,ok,-11.000000000000114,-9.400000000000034,2.599999999999852,-0.1422556390977454,-1.1020411448750447,192.89438650987424,divergent,neutral,2026-06-16 04:59:12.846401
USDJPY,2Y,2024-02-01,USD,JPY,4.2,0.085,411.5,ok,-6.099999999999909,-9.800000000000011,-10.800000000000011,-0.44210526315789767,-1.2711111919109788,140.41306921644292,divergent,neutral,2026-06-16 04:59:12.846401
USDJPY,2Y,2024-02-02,USD,JPY,4.36,0.1,426.00000000000006,ok,14.500000000000057,-2.7999999999999545,7.800000000000011,-0.5833082706766934,-0.8729758142160148,177.39135208580504,divergent,neutral,2026-06-16 04:59:12.846401
USDJPY,2Y,2024-02-05,USD,JPY,4.46,0.111,434.90000000000003,ok,8.899999999999977,12.199999999999989,1.900000000000034,-0.37541353383458886,-0.6311537964783761,259.4821398995184,confirmed,neutral,2026-06-16 04:59:12.846401
USDJPY,2Y,2024-02-06,USD,JPY,4.39,0.106,428.4,ok,-6.500000000000057,-0.20000000000004547,-8.100000000000023,-0.20796992481203053,-0.8156476872300867,183.95017499380106,divergent,neutral,2026-06-16 04:59:12.846401
USDJPY,2Y,2024-02-07,USD,JPY,4.41,0.101,430.90000000000003,ok,2.500000000000057,13.300000000000125,-2.599999999999966,-0.04000000000000194,-0.7506455935439585,157.41820426641073,confirmed,neutral,2026-06-16 04:59:12.846401
USDJPY,2Y,2024-02-08,USD,JPY,4.46,0.101,435.9,ok,4.999999999999943,24.399999999999977,1.3999999999999773,0.21909774436090718,-0.615414808142789,137.12120183099864,confirmed,long_base,2026-06-16 04:59:12.846401
USDJPY,2Y,2024-02-09,USD,JPY,4.48,0.116,436.4000000000001,ok,0.5000000000001137,10.400000000000034,11.900000000000091,0.3253383458646668,-0.6037658487052835,75.74223338328912,confirmed,long_base,2026-06-16 04:59:12.846401
USDJPY,2Y,2024-02-13,USD,JPY,4.64,0.128,451.19999999999993,ok,14.79999999999984,16.299999999999898,37.69999999999993,0.4514285714285743,-0.19602587436314495,175.52979618290277,confirmed,long_base,2026-06-16 04:59:12.846401
USDJPY,2Y,2024-02-14,USD,JPY,4.56,0.143,441.7,ok,-9.499999999999943,13.300000000000011,21.69999999999999,0.4877443609022548,-0.4663787792729445,162.74595835161554,confirmed,long_base,2026-06-16 04:59:12.846401
USDJPY,2Y,2024-02-15,USD,JPY,4.56,0.137,442.3,ok,0.6000000000000227,11.399999999999977,10.800000000000068,0.6815789473684162,-0.45324201722223817,115.4147104851333,confirmed,long_base,2026-06-16 04:59:12.846401
USDJPY,2Y,2024-02-16,USD,JPY,4.64,0.143,449.7,ok,7.399999999999977,13.800000000000011,19.299999999999955,0.947518796992482,-0.2492407232048869,175.82968574255008,confirmed,long_base,2026-06-16 04:59:12.846401
USDJPY,2Y,2024-02-20,USD,JPY,4.59,0.151,443.9,ok,-5.800000000000011,7.499999999999886,8.0,1.1884210526315846,-0.4153137756445553,120.3941152652166,confirmed,neutral,2026-06-16 04:59:12.846401
USDJPY,2Y,2024-02-21,USD,JPY,4.64,0.155,448.49999999999994,ok,4.599999999999966,-2.6999999999999886,13.999999999999943,1.4609022556390987,-0.28905435366357357,193.51120452927307,divergent,neutral,2026-06-16 04:59:12.846401
USDJPY,2Y,2024-02-22,USD,JPY,4.69,0.158,453.2,ok,4.7000000000000455,11.5,24.700000000000045,1.6847368421052655,-0.1614906788597586,213.19197458800733,confirmed,long_base,2026-06-16 04:59:12.846401
USDJPY,2Y,2024-02-26,USD,JPY,4.69,0.159,453.1000000000001,ok,-0.09999999999990905,10.800000000000068,26.100000000000136,1.8463157894736817,-0.16968370002972777,152.65528494754267,confirmed,long_base,2026-06-16 04:59:12.846401
USDJPY,2Y,2024-02-27,USD,JPY,4.7,0.173,452.7,ok,-0.40000000000009095,3.0,31.399999999999977,1.8729323308270625,-0.18348952278198835,134.73658694246993,confirmed,neutral,2026-06-16 04:59:12.846401
USDJPY,2Y,2024-02-28,USD,JPY,4.64,0.166,447.3999999999999,ok,-5.300000000000068,3.499999999999943,18.59999999999991,1.8950375939849549,-0.33468424014398596,134.12796642092272,confirmed,neutral,2026-06-16 04:59:12.846401
USDJPY,2Y,2024-02-29,USD,JPY,4.64,0.19,444.99999999999994,ok,-2.3999999999999773,-3.5,22.299999999999898,1.7585714285714302,-0.40247215207074816,152.21420936557095,divergent,neutral,2026-06-16 04:59:12.846401
USDJPY,2Y,2024-03-01,USD,JPY,4.54,0.18,436.00000000000006,ok,-8.999999999999886,-17.199999999999932,7.400000000000034,1.5531578947368432,-0.6572085806735609,133.63946382145332,divergent,neutral,2026-06-16 04:59:12.846401
USDJPY,2Y,2024-03-04,USD,JPY,4.61,0.176,443.40000000000003,ok,7.399999999999977,-9.700000000000045,25.800000000000125,1.2686466165413526,-0.4453849432000132,80.19778099372931,divergent,neutral,2026-06-16 04:59:12.846401
USDJPY,2Y,2024-03-05,USD,JPY,4.54,0.175,436.5,ok,-6.900000000000034,-16.19999999999999,25.0,0.7504511278195457,-0.6393236220158488,58.31920042365324,divergent,neutral,2026-06-16 04:59:12.846401
USDJPY,2Y,2024-03-06,USD,JPY,4.55,0.186,436.4,ok,-0.10000000000002274,-10.999999999999943,10.39999999999992,0.4221804511278124,-0.6392677168887447,-9.57136355117627,confirmed,neutral,2026-06-16 04:59:12.846401
USDJPY,2Y,2024-03-07,USD,JPY,4.5,0.191,430.90000000000003,ok,-5.499999999999943,-14.099999999999909,-4.0,0.14022556390977206,-0.7907828371486137,-189.68571485440287,confirmed,neutral,2026-06-16 04:59:12.846401
USDJPY,2Y,2024-03-08,USD,JPY,4.48,0.202,427.80000000000007,ok,-3.099999999999966,-8.199999999999989,-0.599999999999909,-0.2826315789473694,-0.8731496276448515,-234.1985706315264,confirmed,neutral,2026-06-16 04:59:12.846401
USDJPY,2Y,2024-03-11,USD,JPY,4.51,0.202,430.79999999999995,ok,2.9999999999998863,-12.60000000000008,-0.10000000000007958,-0.6222556390977526,-0.7831672195376403,-229.4564558765755,confirmed,short_base,2026-06-16 04:59:12.846401
USDJPY,2Y,2024-03-12,USD,JPY,4.58,0.197,438.3,ok,7.500000000000057,1.8000000000000114,2.400000000000034,-0.7756390977443564,-0.5674417901369136,-168.36721101846086,divergent,neutral,2026-06-16 04:59:12.846401
USDJPY,2Y,2024-03-13,USD,JPY,4.61,0.197,441.3,ok,3.0,4.900000000000034,4.89999999999992,-0.8818796992481183,-0.479189452358992,-178.47755055865667,divergent,neutral,2026-06-16 04:59:12.846401
USDJPY,2Y,2024-03-14,USD,JPY,4.68,0.198,448.19999999999993,ok,6.89999999999992,17.299999999999898,-3.0,-0.6632330827067714,-0.2815974141565474,-110.7599157131045,divergent,neutral,2026-06-16 04:59:12.846401
USDJPY,2Y,2024-03-15,USD,JPY,4.72,0.193,452.7,ok,4.500000000000057,24.89999999999992,11.0,-0.5257894736842048,-0.15119278104276704,-90.2626730256284,divergent,neutral,2026-06-16 04:59:12.846401
USDJPY,2Y,2024-03-18,USD,JPY,4.73,0.188,454.20000000000005,ok,1.5000000000000568,23.40000000000009,11.900000000000034,-0.3739849624060163,-0.10580333513042386,-87.65692183979934,divergent,neutral,2026-06-16 04:59:12.846401
USDJPY,2Y,2024-03-19,USD,JPY,4.68,0.178,450.2,ok,-4.000000000000057,11.899999999999977,0.5,-0.1803759398496282,-0.21563871586267566,34.750830564784785,confirmed,neutral,2026-06-16 04:59:12.846401
USDJPY,2Y,2024-03-21,USD,JPY,4.62,0.205,441.5,ok,-8.699999999999989,0.19999999999998863,-2.3999999999999773,-0.20338345864662274,-0.45743978121786516,74.41217702125469,confirmed,neutral,2026-06-16 04:59:12.846401
USDJPY,2Y,2024-03-22,USD,JPY,4.59,0.206,438.3999999999999,ok,-3.1000000000000796,-9.800000000000011,-10.100000000000023,-0.19443609022557135,-0.540176615838668,51.3082610946669,divergent,neutral,2026-06-16 04:59:12.846401
USDJPY,2Y,2024-03-25,USD,JPY,4.54,0.206,433.4,ok,-4.999999999999943,-19.30000000000001,-19.80000000000001,-0.167518796992482,-0.6766101237858088,87.62927817464572,divergent,neutral,2026-06-16 04:59:12.846401
USDJPY,2Y,2024-03-26,USD,JPY,4.56,0.207,435.29999999999995,ok,1.8999999999999773,-18.90000000000009,-17.800000000000125,-0.08526315789474295,-0.6167981752880809,92.58642509824888,divergent,neutral,2026-06-16 04:59:12.846401
USDJPY,2Y,2024-03-27,USD,JPY,4.54,0.204,433.6,ok,-1.6999999999999318,-16.599999999999966,-19.099999999999966,-0.006842105263158978,-0.6591112089382605,55.8313892046014,divergent,neutral,2026-06-16 04:59:12.846401
USDJPY,2Y,2024-03-28,USD,JPY,4.59,0.196,439.40000000000003,ok,5.800000000000011,-2.099999999999966,-7.999999999999886,0.09947368421051972,-0.4873197508248833,92.90298502489192,divergent,neutral,2026-06-16 04:59:12.846401
USDJPY,2Y,2024-04-01,USD,JPY,4.72,0.195,452.49999999999994,ok,13.099999999999909,14.100000000000023,7.5,0.36706766917291767,-0.10696588525324545,310.4128409168183,confirmed,long_base,2026-06-16 04:59:12.846401
USDJPY,2Y,2024-04-02,USD,JPY,4.7,0.2,450.0,ok,-2.499999999999943,16.600000000000023,13.999999999999943,0.44556390977442983,-0.17740359468410816,323.58050342314203,confirmed,long_base,2026-06-16 04:59:12.846401
USDJPY,2Y,2024-04-03,USD,JPY,4.68,0.191,448.9,ok,-1.1000000000000227,13.600000000000023,5.499999999999943,0.6041353383458627,-0.21489479529062044,330.25522199884085,confirmed,long_base,2026-06-16 04:59:12.846401
USDJPY,2Y,2024-04-04,USD,JPY,4.65,0.196,445.4000000000001,ok,-3.4999999999998863,11.800000000000068,8.900000000000091,0.595488721804513,-0.31894650733843327,248.81452377726544,confirmed,long_base,2026-06-16 04:59:12.846401
USDJPY,2Y,2024-04-05,USD,JPY,4.73,0.211,451.90000000000003,ok,6.499999999999943,12.5,15.500000000000057,0.6647368421052584,-0.13784095740361774,272.920068568796,confirmed,long_base,2026-06-16 04:59:12.846401
USDJPY,2Y,2024-04-08,USD,JPY,4.78,0.228,455.20000000000005,ok,3.3000000000000114,2.7000000000001023,24.30000000000001,0.6709774436090167,-0.04586809973369359,191.29827764427841,confirmed,neutral,2026-06-16 04:59:12.846401
USDJPY,2Y,2024-04-09,USD,JPY,4.74,0.223,451.70000000000005,ok,-3.5,1.7000000000000455,23.899999999999977,0.5417293233082648,-0.15647143440680056,189.3860561914673,confirmed,neutral,2026-06-16 04:59:12.846401
USDJPY,2Y,2024-04-10,USD,JPY,4.97,0.233,473.7,ok,21.999999999999943,24.80000000000001,42.900000000000034,0.7381954887218117,0.48401710210015475,254.56910307467328,confirmed,long_base,2026-06-16 04:59:12.846401
USDJPY,2Y,2024-04-11,USD,JPY,4.93,0.27,466.0,ok,-7.699999999999989,20.59999999999991,27.69999999999999,0.8785714285714219,0.2502963659527387,143.75293829416603,confirmed,long_base,2026-06-16 04:59:12.846401
USDJPY,2Y,2024-04-12,USD,JPY,4.88,0.281,459.90000000000003,ok,-6.099999999999966,8.0,18.600000000000023,0.9375187969924923,0.06057504927505572,165.98336185965178,confirmed,neutral,2026-06-16 04:59:12.846401
USDJPY,2Y,2024-04-15,USD,JPY,4.93,0.275,465.49999999999994,ok,5.599999999999909,10.299999999999898,17.30000000000001,1.1574436090225622,0.22095685797266992,183.71403477491333,confirmed,long_base,2026-06-16 04:59:12.846401
USDJPY,2Y,2024-04-16,USD,JPY,4.97,0.281,468.9,ok,3.400000000000034,17.199999999999932,16.19999999999999,1.470977443609021,0.3176651984438591,223.84212752458498,confirmed,long_base,2026-06-16 04:59:12.846401
USDJPY,2Y,2024-04-17,USD,JPY,4.93,0.288,464.19999999999993,ok,-4.7000000000000455,-9.500000000000057,9.999999999999886,1.7166917293233115,0.1683571322875303,195.53570838755752,divergent,neutral,2026-06-16 04:59:12.846401
USDJPY,2Y,2024-04-18,USD,JPY,4.98,0.278,470.2,ok,6.000000000000057,4.199999999999989,20.0,1.9699248120300763,0.3465860665350554,204.1314677930295,confirmed,neutral,2026-06-16 04:59:12.846401
USDJPY,2Y,2024-04-19,USD,JPY,4.97,0.263,470.7,ok,0.5,10.799999999999955,29.19999999999999,2.062857142857143,0.3564356933993477,216.0708030113767,confirmed,long_base,2026-06-16 04:59:12.846401
USDJPY,2Y,2024-04-22,USD,JPY,4.97,0.29,468.0,ok,-2.6999999999999886,2.500000000000057,29.60000000000008,2.024360902255642,0.26743600176817983,231.71432914538047,confirmed,neutral,2026-06-16 04:59:12.846401
USDJPY,2Y,2024-04-23,USD,JPY,4.86,0.297,456.30000000000007,ok,-11.699999999999932,-12.599999999999909,22.90000000000009,1.6952631578947368,-0.1022216242207051,221.0685530478651,divergent,neutral,2026-06-16 04:59:12.846401
USDJPY,2Y,2024-04-24,USD,JPY,4.89,0.298,459.2,ok,2.8999999999999204,-4.999999999999943,23.900000000000034,1.4031578947368504,-0.021066150290396737,242.35787696083034,divergent,neutral,2026-06-16 04:59:12.846401
USDJPY,2Y,2024-04-25,USD,JPY,4.96,0.298,466.2,ok,7.0,-4.0,32.599999999999966,1.1482706766917214,0.1911093801835942,268.9630142861876,divergent,neutral,2026-06-16 04:59:12.846401
USDJPY,2Y,2024-04-26,USD,JPY,4.96,0.298,466.2,ok,0.0,-4.5,26.799999999999955,0.9359398496240587,0.1830410373185289,442.6676166538024,divergent,neutral,2026-06-16 04:59:12.846401
USDJPY,2Y,2024-04-30,USD,JPY,5.04,0.275,476.49999999999994,ok,10.299999999999955,8.499999999999943,24.0,1.0372932330827023,0.5087660915448085,399.9868143459917,confirmed,neutral,2026-06-16 04:59:12.846401
USDJPY,2Y,2024-05-01,USD,JPY,4.96,0.29,467.0,ok,-9.499999999999943,10.699999999999932,17.0,0.9273684210526234,0.19393128227206627,256.533537067285,confirmed,long_base,2026-06-16 04:59:12.846401
USDJPY,2Y,2024-05-02,USD,JPY,4.87,0.29,458.0,ok,-9.0,-1.1999999999999886,9.100000000000023,0.6459398496240556,-0.10703842544618807,89.47396162765963,divergent,neutral,2026-06-16 04:59:12.846401
USDJPY,2Y,2024-05-07,USD,JPY,4.82,0.282,453.8,ok,-4.199999999999989,-12.399999999999977,8.39999999999992,0.2355639097744237,-0.25411320876723964,95.4288099773004,divergent,neutral,2026-06-16 04:59:12.846401
USDJPY,2Y,2024-05-08,USD,JPY,4.84,0.288,455.19999999999993,ok,1.3999999999999204,-11.000000000000057,3.2999999999998977,-0.06481203007519884,-0.21659623195047042,75.41517252112496,divergent,neutral,2026-06-16 04:59:12.846401
USDJPY,2Y,2024-05-09,USD,JPY,4.8,0.313,448.7,ok,-6.499999999999943,-27.799999999999955,-6.500000000000057,-0.4109022556391067,-0.4406487115833811,44.92595297965751,divergent,neutral,2026-06-16 04:59:12.846401
USDJPY,2Y,2024-05-10,USD,JPY,4.87,0.319,455.1,ok,6.400000000000034,-11.899999999999977,3.3999999999999773,-0.7110526315789445,-0.23124210220866137,92.13484602077271,divergent,neutral,2026-06-16 04:59:12.846401
USDJPY,2Y,2024-05-13,USD,JPY,4.85,0.335,451.49999999999994,ok,-3.6000000000000796,-6.500000000000057,-22.200000000000045,-0.7203759398496211,-0.3573850938321578,107.78846029425138,divergent,neutral,2026-06-16 04:59:12.846401
USDJPY,2Y,2024-05-14,USD,JPY,4.81,0.346,446.4,ok,-5.099999999999966,-7.400000000000034,-19.600000000000023,-0.8907518796992414,-0.5332049066711684,122.09554234865693,divergent,neutral,2026-06-16 04:59:12.846401
USDJPY,2Y,2024-05-15,USD,JPY,4.73,0.341,438.90000000000003,ok,-7.499999999999943,-16.299999999999898,-21.0,-1.2351127819548775,-0.7923864808698851,-33.136752081541765,confirmed,short_base,2026-06-16 04:59:12.846401
USDJPY,2Y,2024-05-16,USD,JPY,4.78,0.326,445.4000000000001,ok,6.500000000000057,-3.2999999999998977,-20.099999999999852,-1.3666165413533944,-0.5769777685061883,42.06839506811111,divergent,neutral,2026-06-16 04:59:12.846401
USDJPY,2Y,2024-05-17,USD,JPY,4.83,0.337,449.3,ok,3.8999999999999204,-5.800000000000011,-19.599999999999966,-1.3584962406015033,-0.45072556814372366,21.57559832032474,divergent,neutral,2026-06-16 04:59:12.846401
USDJPY,2Y,2024-05-20,USD,JPY,4.82,0.349,447.1,ok,-2.1999999999999886,-4.39999999999992,-17.09999999999991,-1.4265413533834586,-0.5402880155169502,-119.4003449343295,confirmed,neutral,2026-06-16 04:59:12.846401
USDJPY,2Y,2024-05-21,USD,JPY,4.82,0.349,447.1,ok,0.0,0.7000000000000455,-23.099999999999966,-1.3741353383458663,-0.5535317414803939,-121.93426042983569,divergent,neutral,2026-06-16 04:59:12.846401
USDJPY,2Y,2024-05-22,USD,JPY,4.86,0.356,450.40000000000003,ok,3.3000000000000114,11.5,-20.299999999999955,-1.2319548872180468,-0.4462292509527668,25.586572166926835,confirmed,neutral,2026-06-16 04:59:12.846401
USDJPY,2Y,2024-05-23,USD,JPY,4.91,0.345,456.50000000000006,ok,6.100000000000023,11.099999999999966,-11.499999999999943,-1.0147368421052658,-0.2397633097908047,-47.92484167686184,divergent,neutral,2026-06-16 04:59:12.846401
USDJPY,2Y,2024-05-24,USD,JPY,4.93,0.345,458.5,ok,1.9999999999999432,9.199999999999989,2.199999999999932,-0.9363909774435984,-0.17528685113398657,78.08536734156712,confirmed,neutral,2026-06-16 04:59:12.846401
USDJPY,2Y,2024-05-28,USD,JPY,4.94,0.357,458.3,ok,-0.19999999999998863,11.199999999999989,-0.8999999999999773,-0.818421052631582,-0.1925288991752455,235.33240050763072,confirmed,neutral,2026-06-16 04:59:12.846401
USDJPY,2Y,2024-05-29,USD,JPY,4.96,0.387,457.30000000000007,ok,-0.9999999999999432,10.200000000000045,-8.89999999999992,-0.6028571428571421,-0.238464710229472,219.59426604166276,confirmed,neutral,2026-06-16 04:59:12.846401
USDJPY,2Y,2024-05-30,USD,JPY,4.92,0.399,452.09999999999997,ok,-5.200000000000102,1.6999999999999318,-14.100000000000023,-0.44819548872180626,-0.43850802097403097,143.50233570888716,confirmed,neutral,2026-06-16 04:59:12.846401
USDJPY,2Y,2024-05-31,USD,JPY,4.89,0.399,449.09999999999997,ok,-3.0,-7.400000000000091,-27.399999999999977,-0.15255639097745258,-0.5637561358544019,122.47708783853284,divergent,neutral,2026-06-16 04:59:12.846401
USDJPY,2Y,2024-06-03,USD,JPY,4.82,0.401,441.90000000000003,ok,-7.199999999999932,-16.599999999999966,-25.099999999999966,-0.0685714285714234,-0.8491047275738739,21.057902812642304,divergent,neutral,2026-06-16 04:59:12.846401
USDJPY,2Y,2024-06-04,USD,JPY,4.77,0.386,438.3999999999999,ok,-3.5000000000001137,-19.90000000000009,-19.60000000000008,-0.13894736842105598,-0.9945974737470851,-45.819161907206805,confirmed,short_base,2026-06-16 04:59:12.846401
USDJPY,2Y,2024-06-05,USD,JPY,4.72,0.356,436.4,ok,-1.9999999999999432,-20.90000000000009,-17.400000000000034,-0.2747368421052676,-1.0844359633030545,-20.162838927720863,confirmed,short_base,2026-06-16 04:59:12.846401
USDJPY,2Y,2024-06-06,USD,JPY,4.72,0.336,438.3999999999999,ok,1.9999999999999432,-13.700000000000045,-16.80000000000001,-0.33368421052631514,-1.0183676982515617,-53.85858766555174,confirmed,short_base,2026-06-16 04:59:12.846401
USDJPY,2Y,2024-06-07,USD,JPY,4.87,0.351,451.90000000000003,ok,13.500000000000114,2.800000000000068,3.2000000000000455,-0.2771428571428547,-0.5063120207123738,155.54115359688757,confirmed,neutral,2026-06-16 04:59:12.846401
USDJPY,2Y,2024-06-10,USD,JPY,4.87,0.383,448.7,ok,-3.2000000000000455,6.7999999999999545,-6.400000000000034,-0.17007518796993476,-0.634982864297015,92.60746900766614,confirmed,neutral,2026-06-16 04:59:12.846401
USDJPY,2Y,2024-06-11,USD,JPY,4.81,0.372,443.79999999999995,ok,-4.900000000000034,5.400000000000034,-7.699999999999989,-0.18022556390977398,-0.8281621492879465,86.60593337313615,confirmed,neutral,2026-06-16 04:59:12.846401
USDJPY,2Y,2024-06-12,USD,JPY,4.75,0.343,440.7,ok,-3.099999999999966,4.300000000000011,-5.699999999999989,-0.3036090225563906,-0.950391591495054,25.575284045495916,confirmed,neutral,2026-06-16 04:59:12.846401
USDJPY,2Y,2024-06-13,USD,JPY,4.68,0.332,434.8,ok,-5.899999999999977,-3.599999999999909,-4.100000000000023,-0.6211278195488702,-1.1812434813491366,54.45668102207257,divergent,neutral,2026-06-16 04:59:12.846401
USDJPY,2Y,2024-06-14,USD,JPY,4.67,0.302,436.8,ok,2.0,-15.100000000000023,-8.60000000000008,-0.8012781954887365,-1.1030239231498882,40.06839700890774,divergent,neutral,2026-06-16 04:59:12.846401
USDJPY,2Y,2024-06-17,USD,JPY,4.75,0.291,445.9,ok,9.099999999999966,-2.8000000000000114,-3.400000000000034,-0.776917293233077,-0.746091098446985,47.91548523986222,divergent,neutral,2026-06-16 04:59:12.846401
USDJPY,2Y,2024-06-18,USD,JPY,4.69,0.288,440.2,ok,-5.699999999999989,-3.599999999999966,-6.900000000000034,-0.8636090225563902,-0.9631350221227785,63.62117986051796,divergent,neutral,2026-06-16 04:59:12.846401
USDJPY,2Y,2024-06-20,USD,JPY,4.7,0.292,440.8,ok,0.6000000000000227,0.10000000000002274,-6.300000000000011,-0.9313533834586533,-0.9370366412864609,105.80463022426434,confirmed,neutral,2026-06-16 04:59:12.846401
USDJPY,2Y,2024-06-21,USD,JPY,4.7,0.313,438.70000000000005,ok,-2.099999999999966,3.900000000000034,-11.699999999999989,-0.9675187969924866,-1.0164273707850275,135.7009630390915,confirmed,neutral,2026-06-16 04:59:12.846401
USDJPY,2Y,2024-06-24,USD,JPY,4.71,0.309,440.09999999999997,ok,1.3999999999999204,3.2999999999999545,-16.40000000000009,-0.8697744360902384,-0.9623155198835688,153.73953293192466,confirmed,neutral,2026-06-16 04:59:12.846401
USDJPY,2Y,2024-06-25,USD,JPY,4.65,0.306,434.40000000000003,ok,-5.699999999999932,-11.499999999999943,-24.099999999999966,-0.7972180451127806,-1.1767558452100886,160.13283963812742,divergent,neutral,2026-06-16 04:59:12.846401
USDJPY,2Y,2024-06-26,USD,JPY,4.71,0.312,439.79999999999995,ok,5.39999999999992,-0.4000000000000341,-18.500000000000057,-0.6144360902255837,-0.964569341822844,290.7315698095325,divergent,neutral,2026-06-16 04:59:12.846401
USDJPY,2Y,2024-06-27,USD,JPY,4.7,0.372,432.8,ok,-6.999999999999943,-8.0,-24.500000000000057,-0.5196240601503817,-1.2276669337981239,360.1820572990522,divergent,neutral,2026-06-16 04:59:12.846401
USDJPY,2Y,2024-06-28,USD,JPY,4.71,0.353,435.70000000000005,ok,2.900000000000034,-3.0,-16.39999999999992,-0.4286466165413393,-1.1092411493312841,313.57231276416763,divergent,neutral,2026-06-16 04:59:12.846401
USDJPY,2Y,2024-07-01,USD,JPY,4.77,0.36,440.99999999999994,ok,5.299999999999898,0.8999999999999773,-8.100000000000023,-0.28466165413535416,-0.9016541601282452,307.14741544352273,confirmed,neutral,2026-06-16 04:59:12.846401
USDJPY,2Y,2024-07-02,USD,JPY,4.74,0.365,437.5,ok,-3.499999999999943,3.099999999999966,-4.400000000000034,-0.2921804511278147,-1.0294959082919377,297.534784660316,confirmed,neutral,2026-06-16 04:59:12.846401
USDJPY,2Y,2024-07-03,USD,JPY,4.71,0.35,436.00000000000006,ok,-1.4999999999999432,-3.7999999999998977,-2.3999999999998636,-0.36977443609022004,-1.0804704454088168,289.218308244823,divergent,neutral,2026-06-16 04:59:12.846401
USDJPY,2Y,2024-07-05,USD,JPY,4.6,0.346,425.4,ok,-10.60000000000008,-7.400000000000034,-11.0,-0.626766917293239,-1.4719682799757383,249.87085541546384,divergent,neutral,2026-06-16 04:59:12.846401
USDJPY,2Y,2024-07-08,USD,JPY,4.62,0.362,425.8,ok,0.4000000000000341,-9.900000000000034,-12.599999999999909,-0.829924812030077,-1.4435818529716657,222.35638027452876,divergent,neutral,2026-06-16 04:59:12.846401
USDJPY,2Y,2024-07-09,USD,JPY,4.62,0.353,426.70000000000005,ok,0.9000000000000341,-14.299999999999898,-25.19999999999999,-0.7881203007518933,-1.3977927706102031,239.53388001726415,divergent,neutral,2026-06-16 04:59:12.846401
USDJPY,2Y,2024-07-10,USD,JPY,4.62,0.343,427.7,ok,0.9999999999999432,-9.800000000000011,-21.0,-0.7446616541353364,-1.3484263764042455,247.12261010177983,divergent,neutral,2026-06-16 04:59:12.846401
USDJPY,2Y,2024-07-11,USD,JPY,4.5,0.343,415.7,ok,-12.0,-20.300000000000068,-28.099999999999966,-0.9184210526315697,-1.7807087610690595,25.908376830690028,divergent,neutral,2026-06-16 04:59:12.846401
USDJPY,2Y,2024-07-12,USD,JPY,4.45,0.333,411.7,ok,-4.0,-13.699999999999989,-29.0,-1.1560150375939875,-1.9077660024707523,-16.20704499987302,confirmed,short_base,2026-06-16 04:59:12.846401
USDJPY,2Y,2024-07-16,USD,JPY,4.43,0.32,410.99999999999994,ok,-0.7000000000000455,-14.800000000000068,-23.800000000000068,-1.453157894736842,-1.9112933802140786,-96.12438006966872,confirmed,short_base,2026-06-16 04:59:12.846401
USDJPY,2Y,2024-07-17,USD,JPY,4.42,0.33,409.0,ok,-1.9999999999999432,-17.700000000000045,-27.80000000000001,-1.7115037593985052,-1.9611206128364362,-251.85194462012396,confirmed,short_base,2026-06-16 04:59:12.846401
USDJPY,2Y,2024-07-18,USD,JPY,4.46,0.347,411.29999999999995,ok,2.2999999999999545,-16.400000000000034,-34.60000000000002,-1.7515037593985026,-1.8554828332315498,-157.98470873330638,confirmed,short_base,2026-06-16 04:59:12.846401
USDJPY,2Y,2024-07-19,USD,JPY,4.49,0.352,413.8,ok,2.500000000000057,-1.8999999999999773,-26.399999999999977,-1.7937593984962557,-1.7456258082970169,-196.23101969158506,confirmed,neutral,2026-06-16 04:59:12.846401
USDJPY,2Y,2024-07-22,USD,JPY,4.5,0.348,415.2,ok,1.3999999999999773,3.5,-25.600000000000023,-1.7668421052631549,-1.6774951703590821,-242.47210855586343,divergent,neutral,2026-06-16 04:59:12.846401
USDJPY,2Y,2024-07-23,USD,JPY,4.4,0.362,403.8,ok,-11.399999999999977,-7.199999999999932,-34.900000000000034,-1.8974436090225602,-2.063699141301805,-320.7765252731143,confirmed,neutral,2026-06-16 04:59:12.846401
USDJPY,2Y,2024-07-24,USD,JPY,4.37,0.379,399.1,ok,-4.699999999999989,-9.899999999999977,-40.99999999999994,-2.020601503759399,-2.2033230265115096,-470.3646146130658,confirmed,neutral,2026-06-16 04:59:12.846401
USDJPY,2Y,2024-07-25,USD,JPY,4.41,0.403,400.7,ok,1.599999999999966,-10.599999999999966,-33.700000000000045,-2.149248120300757,-2.121428572939464,-482.2649360943232,confirmed,short_base,2026-06-16 04:59:12.846401
USDJPY,2Y,2024-07-26,USD,JPY,4.36,0.408,395.20000000000005,ok,-5.499999999999943,-18.599999999999966,-44.59999999999991,-2.2205263157894803,-2.286699343529612,-486.9233720743149,confirmed,short_base,2026-06-16 04:59:12.846401
USDJPY,2Y,2024-07-29,USD,JPY,4.36,0.394,396.6,ok,1.3999999999999773,-18.599999999999966,-36.19999999999999,-2.315263157894743,-2.211519575830024,-428.3252135715121,confirmed,short_base,2026-06-16 04:59:12.846401
USDJPY,2Y,2024-07-30,USD,JPY,4.35,0.374,397.59999999999997,ok,0.9999999999999432,-6.2000000000000455,-38.10000000000008,-2.295488721804512,-2.150206928204946,-496.7691330818369,confirmed,neutral,2026-06-16 04:59:12.846401
USDJPY,2Y,2024-07-31,USD,JPY,4.29,0.45,384.0,ok,-13.599999999999966,-15.100000000000023,-56.99999999999994,-2.3290225563909845,-2.57987557475284,-688.3668305783331,confirmed,short_base,2026-06-16 04:59:12.846401
USDJPY,2Y,2024-08-01,USD,JPY,4.16,0.46,370.0,ok,-14.0,-30.69999999999999,-67.5,-2.532105263157892,-2.998053260927877,-751.3791607264619,confirmed,short_base,2026-06-16 04:59:12.846401
USDJPY,2Y,2024-08-02,USD,JPY,3.88,0.41,347.0,ok,-23.0,-48.200000000000045,-89.00000000000006,-2.98593984962406,-3.661190326474878,-934.0808950938173,confirmed,short_base,2026-06-16 04:59:12.846401
USDJPY,2Y,2024-08-05,USD,JPY,3.89,0.265,362.5,ok,15.5,-34.10000000000002,-62.89999999999998,-3.251879699248119,-3.0768969604703535,-754.9778059606838,confirmed,short_base,2026-06-16 04:59:12.846401
USDJPY,2Y,2024-08-06,USD,JPY,3.99,0.29,370.0,ok,7.5,-27.599999999999966,-55.80000000000001,-3.309774436090226,-2.7788560791464287,-855.9768016324775,confirmed,short_base,2026-06-16 04:59:12.846401
USDJPY,2Y,2024-08-07,USD,JPY,4.0,0.27,373.0,ok,3.0,-11.0,-53.700000000000045,-3.226691729323311,-2.6349290283628455,-750.3635788808106,confirmed,short_base,2026-06-16 04:59:12.846401
USDJPY,2Y,2024-08-08,USD,JPY,4.04,0.269,377.09999999999997,ok,4.099999999999966,7.099999999999966,-50.60000000000002,-2.9884962406014948,-2.4650457476981464,-673.5286688557729,divergent,neutral,2026-06-16 04:59:12.846401
USDJPY,2Y,2024-08-09,USD,JPY,4.05,0.301,374.9,ok,-2.1999999999999886,27.899999999999977,-40.80000000000001,-2.8951127819548836,-2.492335508370222,-580.7612012204933,divergent,neutral,2026-06-16 04:59:12.846401
USDJPY,2Y,2024-08-13,USD,JPY,3.93,0.3,363.00000000000006,ok,-11.89999999999992,0.5000000000000568,-48.69999999999993,-2.973533834586463,-2.8033686098504433,-665.7815834942571,divergent,neutral,2026-06-16 04:59:12.846401
USDJPY,2Y,2024-08-14,USD,JPY,3.94,0.296,364.40000000000003,ok,1.3999999999999773,-5.599999999999966,-46.59999999999991,-2.9697744360902245,-2.710172217434718,-613.8187287687302,confirmed,neutral,2026-06-16 04:59:12.846401
USDJPY,2Y,2024-08-15,USD,JPY,4.08,0.321,375.9,ok,11.499999999999943,2.8999999999999773,-33.10000000000002,-2.7632330827067713,-2.331513448856911,-419.4273240883406,divergent,neutral,2026-06-16 04:59:12.846401
USDJPY,2Y,2024-08-16,USD,JPY,4.06,0.357,370.29999999999995,ok,-5.600000000000023,-6.800000000000011,-41.0,-2.5506015037593976,-2.458303030038019,-411.1983159645527,confirmed,neutral,2026-06-16 04:59:12.846401
USDJPY,2Y,2024-08-19,USD,JPY,4.06,0.374,368.59999999999997,ok,-1.6999999999999886,-6.300000000000011,-45.200000000000045,-2.2611278195488786,-2.470167172191939,-455.9648186939713,confirmed,neutral,2026-06-16 04:59:12.846401
USDJPY,2Y,2024-08-20,USD,JPY,3.99,0.363,362.70000000000005,ok,-5.89999999999992,-0.30000000000001137,-52.49999999999994,-1.9658646616541342,-2.597171192855757,-572.2608227425186,confirmed,neutral,2026-06-16 04:59:12.846401
USDJPY,2Y,2024-08-21,USD,JPY,3.92,0.352,356.8,ok,-5.900000000000034,-7.600000000000023,-47.0,-1.8559398496240642,-2.716656843229978,-566.3210582767264,confirmed,neutral,2026-06-16 04:59:12.846401
USDJPY,2Y,2024-08-22,USD,JPY,3.99,0.363,362.70000000000005,ok,5.900000000000034,-13.199999999999932,-36.39999999999998,-1.665263157894736,-2.508862359193225,-422.5130684274647,confirmed,short_base,2026-06-16 04:59:12.846401
USDJPY,2Y,2024-08-23,USD,JPY,3.9,0.372,352.8,ok,-9.900000000000034,-17.499999999999943,-47.89999999999998,-1.5360150375939954,-2.735838602946326,-362.7842388474223,confirmed,short_base,2026-06-16 04:59:12.846401
USDJPY,2Y,2024-08-26,USD,JPY,3.91,0.364,354.6,ok,1.8000000000000114,-13.999999999999943,-40.60000000000002,-1.395864661654131,-2.6393102897808935,-136.11107318871274,confirmed,short_base,2026-06-16 04:59:12.846401
USDJPY,2Y,2024-08-27,USD,JPY,3.83,0.367,346.3,ok,-8.300000000000011,-16.400000000000034,-50.30000000000001,-1.2911278195488678,-2.8101216447713653,-111.54688884462361,confirmed,short_base,2026-06-16 04:59:12.846401
USDJPY,2Y,2024-08-28,USD,JPY,3.83,0.38,345.0,ok,-1.3000000000000114,-11.800000000000011,-52.599999999999966,-1.1135338345864678,-2.7894573893114125,-93.21371249845778,confirmed,short_base,2026-06-16 04:59:12.846401
USDJPY,2Y,2024-08-29,USD,JPY,3.87,0.368,350.20000000000005,ok,5.2000000000000455,-12.5,-33.799999999999955,-0.9972932330827049,-2.604232935885749,10.570824524311906,divergent,neutral,2026-06-16 04:59:12.846401
USDJPY,2Y,2024-08-30,USD,JPY,3.91,0.363,354.7,ok,4.499999999999943,1.8999999999999773,-15.300000000000011,-0.9869924812030115,-2.4463466151749875,-11.621309379763467,divergent,neutral,2026-06-16 04:59:12.846401
USDJPY,2Y,2024-09-03,USD,JPY,3.88,0.39,349.0,ok,-5.699999999999989,-5.600000000000023,2.0,-1.398270676691725,-2.5506446122410553,-116.20158833768545,confirmed,neutral,2026-06-16 04:59:12.846401
USDJPY,2Y,2024-09-04,USD,JPY,3.76,0.375,338.5,ok,-10.5,-7.800000000000011,-24.0,-1.7178195488721824,-2.7688401803174107,-250.7787950102691,confirmed,neutral,2026-06-16 04:59:12.846401
USDJPY,2Y,2024-09-05,USD,JPY,3.75,0.375,337.5,ok,-1.0,-7.5,-32.5,-1.8971428571428541,-2.743230392234769,-242.13470529389048,confirmed,neutral,2026-06-16 04:59:12.846401
USDJPY,2Y,2024-09-06,USD,JPY,3.66,0.38,328.0,ok,-9.5,-22.200000000000045,-45.0,-2.1159398496240645,-2.9219386853363964,-340.9337823890479,confirmed,short_base,2026-06-16 04:59:12.846401
USDJPY,2Y,2024-09-09,USD,JPY,3.68,0.396,328.40000000000003,ok,0.4000000000000341,-26.299999999999955,-48.69999999999993,-2.1966165413533836,-2.8556367919840397,-298.5357788965137,confirmed,short_base,2026-06-16 04:59:12.846401
USDJPY,2Y,2024-09-10,USD,JPY,3.59,0.396,319.4,ok,-9.000000000000057,-29.600000000000023,-55.5,-2.3673684210526336,-3.0092549890678333,-387.5293147611214,confirmed,short_base,2026-06-16 04:59:12.846401
USDJPY,2Y,2024-09-11,USD,JPY,3.62,0.38,324.0,ok,4.600000000000023,-14.5,-39.00000000000006,-2.576842105263156,-2.843973941692039,-277.6925750976433,confirmed,short_base,2026-06-16 04:59:12.846401
USDJPY,2Y,2024-09-12,USD,JPY,3.64,0.391,324.90000000000003,ok,0.9000000000000341,-12.599999999999966,-39.5,-2.6927067669172913,-2.7724035708903036,-262.382846368755,confirmed,short_base,2026-06-16 04:59:12.846401
USDJPY,2Y,2024-09-13,USD,JPY,3.57,0.392,317.8,ok,-7.100000000000023,-10.199999999999989,-58.099999999999966,-2.669022556390977,-2.880552477984866,-299.26338347470715,confirmed,short_base,2026-06-16 04:59:12.846401
USDJPY,2Y,2024-09-17,USD,JPY,3.59,0.387,320.3,ok,2.5,-8.100000000000023,-49.99999999999994,-2.6106766917293256,-2.7721458099123146,-132.921990842072,confirmed,neutral,2026-06-16 04:59:12.846401
USDJPY,2Y,2024-09-18,USD,JPY,3.61,0.38,323.0,ok,2.6999999999999886,3.6000000000000227,-45.599999999999966,-2.4654135338345946,-2.66603038484641,-124.91003709239723,divergent,neutral,2026-06-16 04:59:12.846401
USDJPY,2Y,2024-09-19,USD,JPY,3.59,0.389,320.09999999999997,ok,-2.900000000000034,-3.900000000000034,-42.60000000000008,-2.386165413533841,-2.684397989116628,-76.6158441287823,confirmed,neutral,2026-06-16 04:59:12.846401
USDJPY,2Y,2024-09-20,USD,JPY,3.55,0.395,315.5,ok,-4.599999999999966,-9.400000000000034,-41.30000000000001,-2.4017293233082735,-2.7352283558909964,-43.41053068854572,confirmed,neutral,2026-06-16 04:59:12.846401
USDJPY,2Y,2024-09-24,USD,JPY,3.49,0.35,314.0,ok,-1.5,-3.8000000000000114,-48.700000000000045,-2.2834586466165465,-2.717935677586127,-235.92896174863486,confirmed,neutral,2026-06-16 04:59:12.846401
USDJPY,2Y,2024-09-25,USD,JPY,3.53,0.355,317.5,ok,3.5,-2.8000000000000114,-35.30000000000001,-2.1982706766917386,-2.5969495380710037,-138.60495543380424,confirmed,neutral,2026-06-16 04:59:12.846401
USDJPY,2Y,2024-09-26,USD,JPY,3.6,0.349,325.1,ok,7.600000000000023,2.1000000000000227,-29.5,-1.9230075187969937,-2.397634582586091,-19.330916395506883,divergent,neutral,2026-06-16 04:59:12.846401
USDJPY,2Y,2024-09-27,USD,JPY,3.55,0.323,322.7,ok,-2.400000000000034,2.6000000000000227,-23.600000000000023,-1.768721804511274,-2.412126858755199,-82.67345728538045,divergent,neutral,2026-06-16 04:59:12.846401
USDJPY,2Y,2024-09-30,USD,JPY,3.66,0.394,326.6,ok,3.900000000000034,11.100000000000023,-18.399999999999977,-1.5437593984962408,-2.2990712711102796,102.84637717836719,confirmed,neutral,2026-06-16 04:59:12.846401
USDJPY,2Y,2024-10-01,USD,JPY,3.61,0.39,322.0,ok,-4.600000000000023,8.0,-28.200000000000045,-1.274736842105268,-2.3605710261939294,86.74475566192052,confirmed,neutral,2026-06-16 04:59:12.846401
USDJPY,2Y,2024-10-02,USD,JPY,3.63,0.365,326.49999999999994,ok,4.499999999999943,8.999999999999943,-28.200000000000045,-0.8279699248120296,-2.238116666134873,237.04262437054925,confirmed,neutral,2026-06-16 04:59:12.846401
USDJPY,2Y,2024-10-03,USD,JPY,3.7,0.365,333.5,ok,7.000000000000057,8.399999999999977,-15.5,-0.32879699248120814,-2.069398320225229,324.3361058574545,confirmed,neutral,2026-06-16 04:59:12.846401
USDJPY,2Y,2024-10-04,USD,JPY,3.93,0.37,356.0,ok,22.5,33.30000000000001,17.5,0.3493233082706713,-1.5959309070241914,420.37368107407104,confirmed,long_base,2026-06-16 04:59:12.846401
USDJPY,2Y,2024-10-07,USD,JPY,3.99,0.407,358.3,ok,2.3000000000000114,31.69999999999999,20.80000000000001,1.0181954887218,-1.5353754256200127,521.8781076857515,confirmed,long_base,2026-06-16 04:59:12.846401
USDJPY,2Y,2024-10-08,USD,JPY,3.98,0.402,357.8,ok,-0.5,35.80000000000001,29.80000000000001,1.4986466165413426,-1.532150414947369,518.0909374911247,confirmed,long_base,2026-06-16 04:59:12.846401
USDJPY,2Y,2024-10-09,USD,JPY,3.99,0.402,358.8,ok,1.0,32.30000000000007,30.399999999999977,1.9548872180451071,-1.4991562407740946,601.6506150742917,confirmed,long_base,2026-06-16 04:59:12.846401
USDJPY,2Y,2024-10-10,USD,JPY,3.98,0.412,356.8,ok,-2.0,23.30000000000001,37.400000000000034,2.1947368421052644,-1.527129999144279,471.88146979705084,confirmed,long_base,2026-06-16 04:59:12.846401
USDJPY,2Y,2024-10-11,USD,JPY,3.95,0.412,353.8,ok,-3.0,-2.1999999999999886,29.80000000000001,2.408120300751872,-1.5752715291813157,447.93586500255776,divergent,neutral,2026-06-16 04:59:12.846401
USDJPY,2Y,2024-10-15,USD,JPY,3.95,0.423,352.7,ok,-1.1000000000000227,-5.600000000000023,27.799999999999955,2.575187969924812,-1.584758613924824,347.65649400675835,divergent,neutral,2026-06-16 04:59:12.846401
USDJPY,2Y,2024-10-16,USD,JPY,3.93,0.423,350.7,ok,-2.0,-7.100000000000023,32.89999999999998,2.5597744360902293,-1.6118995687754036,412.78814757054414,divergent,neutral,2026-06-16 04:59:12.846401
USDJPY,2Y,2024-10-17,USD,JPY,3.96,0.434,352.59999999999997,ok,1.8999999999999773,-6.2000000000000455,32.299999999999955,2.561503759398501,-1.5608041284159904,500.5386649504007,divergent,neutral,2026-06-16 04:59:12.846401
USDJPY,2Y,2024-10-18,USD,JPY,3.95,0.438,351.2,ok,-1.3999999999999773,-5.600000000000023,28.19999999999999,2.537293233082705,-1.5757828564681655,330.92859018477805,divergent,neutral,2026-06-16 04:59:12.846401
USDJPY,2Y,2024-10-21,USD,JPY,4.02,0.433,358.7,ok,7.5,4.899999999999977,38.60000000000002,2.5320300751879614,-1.4135787003121925,595.8494548012671,confirmed,neutral,2026-06-16 04:59:12.846401
USDJPY,2Y,2024-10-22,USD,JPY,4.03,0.454,357.6,ok,-1.099999999999966,4.900000000000034,42.10000000000002,2.380375939849618,-1.4245421707437431,585.9818189458332,confirmed,neutral,2026-06-16 04:59:12.846401
USDJPY,2Y,2024-10-23,USD,JPY,4.07,0.449,362.1,ok,4.5,11.400000000000034,48.10000000000002,2.2060150375939864,-1.323285486936341,630.0708351308848,confirmed,long_base,2026-06-16 04:59:12.846401
USDJPY,2Y,2024-10-24,USD,JPY,4.07,0.449,362.1,ok,0.0,9.500000000000057,44.60000000000002,2.0145864661654143,-1.3138870446671325,561.2184549445786,confirmed,neutral,2026-06-16 04:59:12.846401
USDJPY,2Y,2024-10-25,USD,JPY,4.11,0.449,366.1,ok,4.0,14.900000000000034,41.0,1.9332330827067639,-1.2244648613912867,386.7644550571381,confirmed,long_base,2026-06-16 04:59:12.846401
USDJPY,2Y,2024-10-28,USD,JPY,4.12,0.461,365.90000000000003,ok,-0.19999999999998863,7.2000000000000455,43.200000000000045,1.7494736842105336,-1.2194919993593556,303.5033068471571,confirmed,neutral,2026-06-16 04:59:12.846401
USDJPY,2Y,2024-10-29,USD,JPY,4.11,0.453,365.70000000000005,ok,-0.19999999999998863,8.100000000000023,39.10000000000002,1.5594736842105275,-1.2144789690420672,300.28092530612673,confirmed,neutral,2026-06-16 04:59:12.846401
USDJPY,2Y,2024-10-30,USD,JPY,4.15,0.443,370.70000000000005,ok,5.0,8.600000000000023,48.700000000000045,1.309473684210524,-1.1046126069808386,345.1092643474851,confirmed,neutral,2026-06-16 04:59:12.846401
USDJPY,2Y,2024-10-31,USD,JPY,4.16,0.434,372.6,ok,1.8999999999999773,10.5,46.10000000000008,1.0844360902255692,-1.0576579825291834,259.0775004893997,confirmed,long_base,2026-06-16 04:59:12.846401
USDJPY,2Y,2024-11-01,USD,JPY,4.21,0.465,374.5,ok,1.8999999999999773,8.399999999999977,41.0,0.9277443609022531,-1.0110859964410057,246.4710887202126,confirmed,neutral,2026-06-16 04:59:12.846401
USDJPY,2Y,2024-11-05,USD,JPY,4.19,0.455,373.50000000000006,ok,-0.9999999999999432,7.600000000000023,17.500000000000057,1.0503759398496217,-1.0242246795052912,142.99588091490455,confirmed,neutral,2026-06-16 04:59:12.846401
USDJPY,2Y,2024-11-06,USD,JPY,4.27,0.48,378.99999999999994,ok,5.499999999999886,13.299999999999898,20.699999999999932,1.2615789473684225,-0.9042284945883285,306.91647463513937,confirmed,long_base,2026-06-16 04:59:12.846401
USDJPY,2Y,2024-11-07,USD,JPY,4.21,0.501,370.90000000000003,ok,-8.099999999999909,0.19999999999998863,13.100000000000023,1.3180451127819548,-1.0641098804087306,273.93217428632875,confirmed,neutral,2026-06-16 04:59:12.846401
USDJPY,2Y,2024-11-08,USD,JPY,4.26,0.501,375.9,ok,4.999999999999943,3.2999999999999545,17.099999999999966,1.4420300751879698,-0.9543145031070162,203.66135783153493,confirmed,neutral,2026-06-16 04:59:12.846401
USDJPY,2Y,2024-11-12,USD,JPY,4.34,0.501,383.9,ok,8.0,9.399999999999977,27.099999999999966,1.6230075187969963,-0.7817550191161776,337.82970815898096,confirmed,neutral,2026-06-16 04:59:12.846401
USDJPY,2Y,2024-11-13,USD,JPY,4.27,0.527,374.29999999999995,ok,-9.600000000000023,0.7999999999998977,20.499999999999943,1.5787218045112767,-0.9761383064241643,318.41720887000326,confirmed,neutral,2026-06-16 04:59:12.846401
USDJPY,2Y,2024-11-14,USD,JPY,4.34,0.532,380.79999999999995,ok,6.5,1.8000000000000114,28.099999999999966,1.5790977443608998,-0.8329366097522106,352.49052284771045,confirmed,neutral,2026-06-16 04:59:12.846401
USDJPY,2Y,2024-11-15,USD,JPY,4.31,0.552,375.79999999999995,ok,-5.0,4.89999999999992,25.099999999999966,1.434210526315785,-0.9316330234904017,96.8128350647035,confirmed,neutral,2026-06-16 04:59:12.846401
USDJPY,2Y,2024-11-18,USD,JPY,4.29,0.553,373.7,ok,-2.099999999999966,-2.1999999999999886,21.100000000000023,1.2515789473684216,-0.9689933345185631,155.60547542103453,divergent,neutral,2026-06-16 04:59:12.846401
USDJPY,2Y,2024-11-19,USD,JPY,4.27,0.554,371.5999999999999,ok,-2.1000000000000796,-12.300000000000068,20.39999999999992,0.9851127819548832,-1.0067170593125192,115.26265895197784,divergent,neutral,2026-06-16 04:59:12.846401
USDJPY,2Y,2024-11-20,USD,JPY,4.31,0.554,375.5999999999999,ok,4.0,1.2999999999999545,16.89999999999992,0.8635338345864597,-0.9144616977874905,139.08659936529455,confirmed,neutral,2026-06-16 04:59:12.846401
USDJPY,2Y,2024-11-21,USD,JPY,4.34,0.58,376.0,ok,0.40000000000009095,-4.7999999999999545,18.399999999999977,0.70488721804511,-0.8989831768221551,58.200989155825496,divergent,neutral,2026-06-16 04:59:12.846401
USDJPY,2Y,2024-11-22,USD,JPY,4.37,0.59,378.0,ok,2.0,2.2000000000000455,15.899999999999977,0.6181954887217991,-0.8493690732455779,97.29899046587276,confirmed,neutral,2026-06-16 04:59:12.846401
USDJPY,2Y,2024-11-25,USD,JPY,4.21,0.59,362.0,ok,-16.0,-11.699999999999989,-0.10000000000002274,0.2790225563909693,-1.1859093602181132,93.75858146012384,divergent,neutral,2026-06-16 04:59:12.846401
USDJPY,2Y,2024-11-26,USD,JPY,4.21,0.592,361.8,ok,-0.19999999999998863,-9.799999999999898,-4.300000000000011,0.0003007518796992455,-1.1811678541652335,42.22263080479127,divergent,neutral,2026-06-16 04:59:12.846401
USDJPY,2Y,2024-11-27,USD,JPY,4.19,0.596,359.40000000000003,ok,-2.3999999999999773,-16.199999999999875,-6.5,-0.3093984962406045,-1.2239704376973164,-61.66434631852846,confirmed,short_base,2026-06-16 04:59:12.846401
USDJPY,2Y,2024-11-29,USD,JPY,4.13,0.599,353.09999999999997,ok,-6.300000000000068,-22.900000000000034,-12.60000000000008,-0.7024812030075229,-1.3497774078116913,-297.1939602099682,confirmed,short_base,2026-06-16 04:59:12.846401
USDJPY,2Y,2024-12-02,USD,JPY,4.17,0.62,355.0,ok,1.900000000000034,-23.0,-15.700000000000045,-0.9705263157894721,-1.2984698482558599,-202.67613755504453,confirmed,short_base,2026-06-16 04:59:12.846401
USDJPY,2Y,2024-12-03,USD,JPY,4.17,0.61,356.0,ok,1.0,-6.0,-16.600000000000023,-1.170676691729322,-1.2672056932384694,-215.4250622927667,confirmed,neutral,2026-06-16 04:59:12.846401
USDJPY,2Y,2024-12-04,USD,JPY,4.13,0.585,354.5,ok,-1.5,-7.300000000000011,-20.0,-1.3372932330827088,-1.2909447265098932,-193.71942600686532,confirmed,neutral,2026-06-16 04:59:12.846401
USDJPY,2Y,2024-12-05,USD,JPY,4.15,0.6,355.0,ok,0.5,-4.400000000000034,-18.500000000000057,-1.4824812030075205,-1.2716148485807923,-293.42540864887303,confirmed,neutral,2026-06-16 04:59:12.846401
USDJPY,2Y,2024-12-06,USD,JPY,4.1,0.59,351.0,ok,-4.0,-2.099999999999966,-27.999999999999943,-1.570150375939846,-1.3495986943290275,-349.1918463993404,confirmed,neutral,2026-06-16 04:59:12.846401
USDJPY,2Y,2024-12-09,USD,JPY,4.13,0.575,355.5,ok,4.5,0.5,-15.400000000000034,-1.6793233082706676,-1.2414628266530792,-185.48052486904166,divergent,neutral,2026-06-16 04:59:12.846401
USDJPY,2Y,2024-12-10,USD,JPY,4.15,0.585,356.50000000000006,ok,1.0000000000000568,0.5000000000000568,-19.39999999999992,-1.6721052631578879,-1.2108858503391602,-181.1950336264867,divergent,neutral,2026-06-16 04:59:12.846401
USDJPY,2Y,2024-12-11,USD,JPY,4.15,0.591,355.90000000000003,ok,-0.6000000000000227,1.400000000000034,-27.999999999999943,-1.5179699248120246,-1.2148814121903655,-152.57449244242105,divergent,neutral,2026-06-16 04:59:12.846401
USDJPY,2Y,2024-12-12,USD,JPY,4.18,0.579,360.1,ok,4.199999999999989,5.100000000000023,-14.199999999999932,-1.4133082706766964,-1.1149212193690434,-137.60519138044657,divergent,neutral,2026-06-16 04:59:12.846401
USDJPY,2Y,2024-12-13,USD,JPY,4.25,0.564,368.6,ok,8.5,17.600000000000023,-12.199999999999932,-1.0632330827067633,-0.9213522499091568,-102.33654490184985,divergent,neutral,2026-06-16 04:59:12.846401
USDJPY,2Y,2024-12-16,USD,JPY,4.25,0.585,366.5,ok,-2.1000000000000227,11.0,-9.299999999999955,-0.8037593984962427,-0.9605805324223595,-41.10385833387187,divergent,neutral,2026-06-16 04:59:12.846401
USDJPY,2Y,2024-12-17,USD,JPY,4.25,0.595,365.5,ok,-1.0,8.999999999999943,-8.199999999999989,-0.5777443609022506,-0.9756694949289731,-37.56154839211767,divergent,neutral,2026-06-16 04:59:12.846401
USDJPY,2Y,2024-12-18,USD,JPY,4.35,0.589,376.09999999999997,ok,10.599999999999966,20.199999999999932,4.500000000000057,-0.22112781954887595,-0.7341810728538739,18.460940536337844,confirmed,neutral,2026-06-16 04:59:12.846401
USDJPY,2Y,2024-12-19,USD,JPY,4.32,0.606,371.40000000000003,ok,-4.699999999999932,11.300000000000011,-4.199999999999875,0.12473684210525864,-0.8322968554193964,308.37436490966485,confirmed,long_base,2026-06-16 04:59:12.846401
USDJPY,2Y,2024-12-20,USD,JPY,4.3,0.576,372.4,ok,0.9999999999999432,3.7999999999999545,-3.6000000000000227,0.4975187969924757,-0.8032342389991384,335.01390935462007,confirmed,neutral,2026-06-16 04:59:12.846401
USDJPY,2Y,2024-12-23,USD,JPY,4.3,0.588,371.2,ok,-1.1999999999999886,4.699999999999989,-6.800000000000011,0.8901503759398475,-0.8233343198392357,498.0497448638843,confirmed,neutral,2026-06-16 04:59:12.846401
USDJPY,2Y,2024-12-24,USD,JPY,4.29,0.588,370.2,ok,-1.0,4.699999999999989,8.199999999999989,1.0260902255639088,-0.8389394667866158,479.83184866379645,confirmed,neutral,2026-06-16 04:59:12.846401
USDJPY,2Y,2024-12-26,USD,JPY,4.3,0.602,369.8,ok,-0.39999999999997726,-6.2999999999999545,8.0,1.1408270676691756,-0.841094152225263,544.805598443987,divergent,neutral,2026-06-16 04:59:12.846401
USDJPY,2Y,2024-12-27,USD,JPY,4.31,0.602,370.79999999999995,ok,0.9999999999999432,-0.6000000000000796,11.39999999999992,1.2199248120300794,-0.811845914058124,479.3851753937317,divergent,neutral,2026-06-16 04:59:12.846401
USDJPY,2Y,2024-12-30,USD,JPY,4.24,0.599,364.1,ok,-6.699999999999932,-8.299999999999955,11.000000000000057,1.0866917293233023,-0.9552449131641297,467.6342931814981,divergent,neutral,2026-06-16 04:59:12.846401
USDJPY,2Y,2025-01-06,USD,JPY,4.28,0.626,365.40000000000003,ok,1.3000000000000114,-5.7999999999999545,10.400000000000034,0.9854887218045107,-0.91856710064142,263.7897490288443,divergent,neutral,2026-06-16 04:59:12.846401
USDJPY,2Y,2025-01-07,USD,JPY,4.3,0.632,366.79999999999995,ok,1.3999999999999204,-3.400000000000034,10.799999999999955,0.9044360902255639,-0.8798926082525627,310.91155540494907,divergent,neutral,2026-06-16 04:59:12.846401
USDJPY,2Y,2025-01-08,USD,JPY,4.28,0.648,363.2,ok,-3.599999999999966,-6.600000000000023,8.699999999999989,0.7320300751879704,-0.9536518855816379,265.6819863200388,divergent,neutral,2026-06-16 04:59:12.846401
USDJPY,2Y,2025-01-09,USD,JPY,4.27,0.643,362.7,ok,-0.5,-8.099999999999966,7.699999999999989,0.5472932330826985,-0.9574340169494195,291.27161908730994,divergent,neutral,2026-06-16 04:59:12.846401
USDJPY,2Y,2025-01-10,USD,JPY,4.4,0.649,375.1,ok,12.400000000000034,11.0,24.100000000000023,0.4649624060150381,-0.6704720530362986,193.4503604564708,confirmed,long_base,2026-06-16 04:59:12.846401
USDJPY,2Y,2025-01-14,USD,JPY,4.37,0.687,368.29999999999995,ok,-6.800000000000068,2.8999999999999204,12.799999999999955,0.3203007518796987,-0.8183502462329505,94.6583803325174,confirmed,neutral,2026-06-16 04:59:12.846401
USDJPY,2Y,2025-01-15,USD,JPY,4.27,0.707,356.29999999999995,ok,-12.0,-10.5,-0.20000000000010232,0.0007518796992412512,-1.0823744337197394,-61.20332610175638,confirmed,neutral,2026-06-16 04:59:12.846401
USDJPY,2Y,2025-01-16,USD,JPY,4.23,0.698,353.20000000000005,ok,-3.099999999999909,-9.999999999999943,-2.6999999999999886,-0.3722556390977514,-1.1434315978477438,-107.73227383863104,confirmed,neutral,2026-06-16 04:59:12.846401
USDJPY,2Y,2025-01-17,USD,JPY,4.27,0.693,357.69999999999993,ok,4.499999999999886,-5.000000000000057,-2.400000000000091,-0.6106015037594011,-1.0334516661632218,-56.007790174451564,confirmed,neutral,2026-06-16 04:59:12.846401
USDJPY,2Y,2025-01-21,USD,JPY,4.29,0.677,361.3,ok,3.6000000000000796,-13.800000000000011,-7.300000000000011,-0.6596992481203018,-0.9447417498335763,-136.6705088094833,confirmed,short_base,2026-06-16 04:59:12.846401
USDJPY,2Y,2025-01-22,USD,JPY,4.29,0.698,359.2,ok,-2.1000000000000227,-9.099999999999966,-7.300000000000011,-0.7609774436090284,-0.9846321308383621,-36.43242485812159,confirmed,neutral,2026-06-16 04:59:12.846401
USDJPY,2Y,2025-01-23,USD,JPY,4.29,0.704,358.6,ok,-0.5999999999999659,2.300000000000068,-6.899999999999977,-0.8756390977443669,-0.9906042494945797,-66.73707247557003,divergent,neutral,2026-06-16 04:59:12.846401
USDJPY,2Y,2025-01-24,USD,JPY,4.27,0.718,355.19999999999993,ok,-3.400000000000091,1.9999999999998863,-20.900000000000034,-0.861127819548868,-1.0591025003117347,-112.87254280278991,divergent,neutral,2026-06-16 04:59:12.846401
USDJPY,2Y,2025-01-27,USD,JPY,4.17,0.705,346.5,ok,-8.699999999999932,-11.199999999999932,-24.900000000000034,-1.0136842105263206,-1.2448534137347547,-148.05204716297203,confirmed,short_base,2026-06-16 04:59:12.846401
USDJPY,2Y,2025-01-28,USD,JPY,4.19,0.695,349.50000000000006,ok,3.000000000000057,-11.799999999999955,-22.89999999999992,-1.0701503759398483,-1.168714180643393,-123.42543681430284,confirmed,short_base,2026-06-16 04:59:12.846401
USDJPY,2Y,2025-01-29,USD,JPY,4.21,0.704,350.6,ok,1.099999999999966,-8.599999999999966,-20.599999999999966,-1.0954135338345918,-1.1352828896386558,-162.35886317097493,confirmed,neutral,2026-06-16 04:59:12.846401
USDJPY,2Y,2025-01-30,USD,JPY,4.18,0.718,346.2,ok,-4.400000000000034,-12.400000000000034,-24.0,-1.1683458646616611,-1.223839587960983,-261.4664113308429,confirmed,short_base,2026-06-16 04:59:12.846401
USDJPY,2Y,2025-01-31,USD,JPY,4.22,0.729,349.09999999999997,ok,2.8999999999999773,-6.099999999999966,-20.700000000000045,-1.1700751879699283,-1.1499510662622974,-190.0270564138873,confirmed,neutral,2026-06-16 04:59:12.846401
USDJPY,2Y,2025-02-03,USD,JPY,4.26,0.72,354.0,ok,4.900000000000034,7.5,-16.799999999999955,-1.0548872180451172,-1.0328151057848072,-151.53148924564098,divergent,neutral,2026-06-16 04:59:12.846401
USDJPY,2Y,2025-02-04,USD,JPY,4.21,0.741,346.9,ok,-7.100000000000023,-2.6000000000000796,-17.200000000000045,-1.1216541353383451,-1.1808894394258795,-239.2517209278755,confirmed,neutral,2026-06-16 04:59:12.846401
USDJPY,2Y,2025-02-05,USD,JPY,4.17,0.756,341.4,ok,-5.5,-9.200000000000045,-24.000000000000057,-1.2206015037594016,-1.291858199290448,-295.9219350942432,confirmed,neutral,2026-06-16 04:59:12.846401
USDJPY,2Y,2025-02-06,USD,JPY,4.21,0.762,344.8,ok,3.400000000000034,-1.3999999999999773,-21.999999999999943,-1.2127819548872165,-1.2068234909974427,-435.2557815811941,confirmed,neutral,2026-06-16 04:59:12.846401
USDJPY,2Y,2025-02-07,USD,JPY,4.29,0.798,349.2,ok,4.399999999999977,0.10000000000002274,-14.0,-1.1658646616541366,-1.1015829150206744,-309.94949397960437,divergent,neutral,2026-06-16 04:59:12.846401
USDJPY,2Y,2025-02-10,USD,JPY,4.28,0.798,348.20000000000005,ok,-0.9999999999999432,-5.7999999999999545,-14.499999999999943,-1.1200751879699231,-1.115031172237141,-285.0084164847899,confirmed,neutral,2026-06-16 04:59:12.846401
USDJPY,2Y,2025-02-12,USD,JPY,4.36,0.799,356.1,ok,7.899999999999977,9.200000000000045,-19.0,-0.74383458646616,-0.9341090558899683,-66.91526427987094,divergent,neutral,2026-06-16 04:59:12.846401
USDJPY,2Y,2025-02-13,USD,JPY,4.31,0.794,351.59999999999997,ok,-4.500000000000057,10.199999999999989,-16.69999999999999,-0.5106766917293303,-1.024942458935713,-176.8973930910489,divergent,neutral,2026-06-16 04:59:12.846401
USDJPY,2Y,2025-02-14,USD,JPY,4.26,0.794,346.59999999999997,ok,-5.0,1.7999999999999545,-9.699999999999989,-0.5133082706766907,-1.1255629638031728,-267.01868555465524,divergent,neutral,2026-06-16 04:59:12.846401
USDJPY,2Y,2025-02-18,USD,JPY,4.29,0.827,346.3,ok,-0.2999999999999545,-2.8999999999999773,-6.900000000000034,-0.5545864661654178,-1.1230745783860732,-244.02774210120825,confirmed,neutral,2026-06-16 04:59:12.846401
USDJPY,2Y,2025-02-19,USD,JPY,4.28,0.82,346.00000000000006,ok,-0.2999999999999545,-2.1999999999999886,-11.699999999999875,-0.5187218045112771,-1.120685034170624,-238.5839885355745,confirmed,neutral,2026-06-16 04:59:12.846401
USDJPY,2Y,2025-02-20,USD,JPY,4.28,0.821,345.90000000000003,ok,-0.10000000000002274,-10.199999999999989,-15.399999999999977,-0.4098496240601479,-1.1140118503389775,-390.97454358446913,confirmed,short_base,2026-06-16 04:59:12.846401
USDJPY,2Y,2025-02-21,USD,JPY,4.19,0.818,337.20000000000005,ok,-8.699999999999989,-14.39999999999992,-21.999999999999943,-0.43526315789473186,-1.2929653415790234,-381.11563643862365,confirmed,short_base,2026-06-16 04:59:12.846401
USDJPY,2Y,2025-02-25,USD,JPY,4.07,0.803,326.70000000000005,ok,-10.5,-19.89999999999992,-31.899999999999977,-0.5870676691729272,-1.5072348610073303,-405.22968379853694,confirmed,short_base,2026-06-16 04:59:12.846401
USDJPY,2Y,2025-02-26,USD,JPY,4.05,0.801,324.9,ok,-1.8000000000000682,-21.400000000000034,-30.299999999999955,-0.7703007518796982,-1.5316504346058202,-411.67529690599446,confirmed,short_base,2026-06-16 04:59:12.846401
USDJPY,2Y,2025-02-27,USD,JPY,4.07,0.826,324.40000000000003,ok,-0.49999999999994316,-21.600000000000023,-22.099999999999966,-1.052481203007521,-1.5278956304065463,-262.56885376724995,confirmed,short_base,2026-06-16 04:59:12.846401
USDJPY,2Y,2025-02-28,USD,JPY,3.99,0.806,318.40000000000003,ok,-6.0,-27.5,-31.100000000000023,-1.3397744360902195,-1.6404022581381215,-137.89715034392523,confirmed,short_base,2026-06-16 04:59:12.846401
USDJPY,2Y,2025-03-03,USD,JPY,3.96,0.825,313.5,ok,-4.900000000000034,-23.700000000000045,-37.10000000000002,-1.6329323308270716,-1.7270592908988411,-136.8107440364119,confirmed,short_base,2026-06-16 04:59:12.846401
USDJPY,2Y,2025-03-04,USD,JPY,3.96,0.831,312.9,ok,-0.6000000000000227,-13.800000000000068,-33.30000000000001,-1.948345864661652,-1.7215616850182396,-134.65286557100774,confirmed,short_base,2026-06-16 04:59:12.846401
USDJPY,2Y,2025-03-05,USD,JPY,3.99,0.831,315.90000000000003,ok,3.000000000000057,-8.999999999999943,-33.19999999999993,-2.1250375939849655,-1.6415836136528859,-191.451234616703,confirmed,neutral,2026-06-16 04:59:12.846401
USDJPY,2Y,2025-03-06,USD,JPY,3.96,0.852,310.8,ok,-5.100000000000023,-13.600000000000023,-43.19999999999999,-2.2472932330827087,-1.7307710672018168,-302.42529375183904,confirmed,short_base,2026-06-16 04:59:12.846401
USDJPY,2Y,2025-03-07,USD,JPY,3.99,0.848,314.20000000000005,ok,3.400000000000034,-4.199999999999989,-32.69999999999993,-2.368120300751884,-1.6428253904486456,-402.89952798381654,confirmed,neutral,2026-06-16 04:59:12.846401
USDJPY,2Y,2025-03-10,USD,JPY,3.89,0.875,301.5,ok,-12.700000000000045,-12.0,-39.89999999999998,-2.708045112781955,-1.886738883643341,-340.08958713728333,confirmed,short_base,2026-06-16 04:59:12.846401
USDJPY,2Y,2025-03-11,USD,JPY,3.94,0.834,310.59999999999997,ok,9.099999999999966,-2.3000000000000114,-34.200000000000045,-2.804285714285716,-1.6804666499370364,-260.31867163138213,confirmed,neutral,2026-06-16 04:59:12.846401
USDJPY,2Y,2025-03-12,USD,JPY,4.01,0.85,315.99999999999994,ok,5.399999999999977,0.09999999999990905,-33.200000000000045,-2.7024812030075305,-1.554713897849959,-207.7445257402477,divergent,neutral,2026-06-16 04:59:12.846401
USDJPY,2Y,2025-03-13,USD,JPY,3.94,0.861,307.9,ok,-8.099999999999966,-2.900000000000034,-40.30000000000007,-2.6822556390977503,-1.7049404193827917,-262.24328593996705,confirmed,neutral,2026-06-16 04:59:12.846401
USDJPY,2Y,2025-03-14,USD,JPY,4.02,0.84,318.0,ok,10.100000000000023,3.7999999999999545,-38.10000000000002,-2.3324060150376,-1.483574873522424,-172.7307595656602,divergent,neutral,2026-06-16 04:59:12.846401
USDJPY,2Y,2025-03-17,USD,JPY,4.06,0.811,324.9,ok,6.899999999999977,23.399999999999977,-26.69999999999999,-1.8977443609022617,-1.33085593408456,8.910506357948655,confirmed,neutral,2026-06-16 04:59:12.846401
USDJPY,2Y,2025-03-18,USD,JPY,4.04,0.815,322.5,ok,-2.3999999999999773,11.900000000000034,-24.099999999999966,-1.5361654135338427,-1.3685196384367657,2.6104592400200133,confirmed,neutral,2026-06-16 04:59:12.846401
USDJPY,2Y,2025-03-19,USD,JPY,3.99,0.842,314.8,ok,-7.699999999999989,-1.1999999999999318,-31.5,-1.2530827067669246,-1.5131326164916152,-96.85940710302265,confirmed,neutral,2026-06-16 04:59:12.846401
USDJPY,2Y,2025-03-21,USD,JPY,3.94,0.854,308.59999999999997,ok,-6.2000000000000455,0.6999999999999886,-37.40000000000009,-1.0159398496240628,-1.6254331296429194,26.39780757140109,confirmed,neutral,2026-06-16 04:59:12.846401
USDJPY,2Y,2025-03-24,USD,JPY,4.04,0.871,316.9,ok,8.300000000000011,-1.1000000000000227,-29.000000000000057,-0.6055639097744445,-1.4437731560873033,15.410674549138914,divergent,neutral,2026-06-16 04:59:12.846401
USDJPY,2Y,2025-03-25,USD,JPY,3.96,0.887,307.3,ok,-9.599999999999966,-17.599999999999966,-29.900000000000034,-0.42609022556391174,-1.6252760341487738,-57.358460538705636,confirmed,short_base,2026-06-16 04:59:12.846401
USDJPY,2Y,2025-03-26,USD,JPY,3.98,0.892,308.8,ok,1.5,-13.699999999999989,-17.900000000000034,-0.3460150375939842,-1.5803543973876186,78.09465125313109,divergent,neutral,2026-06-16 04:59:12.846401
USDJPY,2Y,2025-03-27,USD,JPY,3.97,0.893,307.7,ok,-1.1000000000000227,-7.100000000000023,-17.19999999999999,-0.2831578947368465,-1.5881392859950207,68.27874815620748,divergent,neutral,2026-06-16 04:59:12.846401
USDJPY,2Y,2025-03-28,USD,JPY,3.89,0.877,301.3,ok,-6.399999999999977,-7.2999999999999545,-23.100000000000023,-0.2937593984962369,-1.7009133484951173,62.86858048655919,divergent,neutral,2026-06-16 04:59:12.846401
USDJPY,2Y,2025-03-31,USD,JPY,3.89,0.854,303.6,ok,2.3000000000000114,-13.299999999999955,-14.800000000000011,-0.331503759398499,-1.6388425050509055,130.25442851545054,divergent,neutral,2026-06-16 04:59:12.846401
USDJPY,2Y,2025-04-01,USD,JPY,3.87,0.855,301.5,ok,-2.1000000000000227,-5.800000000000011,-12.0,-0.45436090225563625,-1.6647781159654738,146.69512484331017,divergent,neutral,2026-06-16 04:59:12.846401
USDJPY,2Y,2025-04-02,USD,JPY,3.91,0.834,307.6,ok,6.100000000000023,-1.1999999999999886,-5.2999999999999545,-0.48150375939850115,-1.5280143322919408,54.52963093910634,divergent,neutral,2026-06-16 04:59:12.846401
USDJPY,2Y,2025-04-03,USD,JPY,3.71,0.754,295.6,ok,-12.0,-12.099999999999966,-20.30000000000001,-0.6247368421052703,-1.750366911034664,-121.31118751224412,confirmed,short_base,2026-06-16 04:59:12.846401
USDJPY,2Y,2025-04-04,USD,JPY,3.68,0.612,306.8,ok,11.199999999999989,5.5,-4.0,-0.6579699248120185,-1.512499728402152,-90.3634769708006,divergent,neutral,2026-06-16 04:59:12.846401
USDJPY,2Y,2025-04-07,USD,JPY,3.73,0.586,314.40000000000003,ok,7.600000000000023,10.800000000000011,0.19999999999998863,-0.5229323308270643,-1.3494841862291242,-54.91029971871897,divergent,neutral,2026-06-16 04:59:12.846401
USDJPY,2Y,2025-04-08,USD,JPY,3.71,0.647,306.29999999999995,ok,-8.10000000000008,4.7999999999999545,4.7999999999999545,-0.7044360902255611,-1.4970957109230278,-185.25995612441392,divergent,neutral,2026-06-16 04:59:12.846401
USDJPY,2Y,2025-04-09,USD,JPY,3.91,0.611,329.90000000000003,ok,23.60000000000008,22.30000000000001,19.300000000000068,-0.4123308270676632,-1.0208028742972404,-133.53860570969655,divergent,neutral,2026-06-16 04:59:12.846401
USDJPY,2Y,2025-04-10,USD,JPY,3.84,0.676,316.4,ok,-13.500000000000057,20.799999999999955,0.4000000000000341,-0.2568421052631579,-1.278789054544603,-380.6929964266115,divergent,neutral,2026-06-16 04:59:12.846401
USDJPY,2Y,2025-04-11,USD,JPY,3.96,0.611,334.90000000000003,ok,18.500000000000057,28.100000000000023,27.000000000000057,0.034436090225568185,-0.9043055277938091,-338.14732984857375,divergent,neutral,2026-06-16 04:59:12.846401
USDJPY,2Y,2025-04-14,USD,JPY,3.84,0.589,325.09999999999997,ok,-9.800000000000068,10.699999999999932,7.099999999999966,0.30458646616541657,-1.0913373625009162,-405.5765095230757,divergent,neutral,2026-06-16 04:59:12.846401
USDJPY,2Y,2025-04-15,USD,JPY,3.84,0.646,319.4,ok,-5.699999999999989,13.100000000000023,-5.5,0.5915789473684159,-1.1959820238919965,-434.51824134705276,divergent,neutral,2026-06-16 04:59:12.846401
USDJPY,2Y,2025-04-16,USD,JPY,3.77,0.615,315.5,ok,-3.8999999999999773,-14.400000000000034,-7.0,0.7932330827067691,-1.2637409995774513,-587.092195759299,confirmed,neutral,2026-06-16 04:59:12.846401
USDJPY,2Y,2025-04-17,USD,JPY,3.81,0.65,316.0,ok,0.5,-0.39999999999997726,1.1999999999999886,0.8909774436090215,-1.2437344611433079,-504.79855409794493,confirmed,neutral,2026-06-16 04:59:12.846401
USDJPY,2Y,2025-04-21,USD,JPY,3.75,0.649,310.1,ok,-5.899999999999977,-24.80000000000001,1.5000000000000568,0.8047368421052595,-1.3500821954368418,-597.1912587272554,confirmed,neutral,2026-06-16 04:59:12.846401
USDJPY,2Y,2025-04-22,USD,JPY,3.76,0.67,309.0,ok,-1.1000000000000227,-16.099999999999966,-7.899999999999977,0.8315789473684205,-1.36055372436714,-462.24693717959786,confirmed,neutral,2026-06-16 04:59:12.846401
USDJPY,2Y,2025-04-23,USD,JPY,3.81,0.684,312.59999999999997,ok,3.599999999999966,-6.800000000000011,5.2999999999999545,0.7701503759398531,-1.2783264630079587,-450.29543969162256,confirmed,neutral,2026-06-16 04:59:12.846401
USDJPY,2Y,2025-04-24,USD,JPY,3.77,0.679,309.1,ok,-3.499999999999943,-6.399999999999977,0.30000000000001137,0.6744360902255625,-1.3370524793224245,-460.70116861435696,confirmed,neutral,2026-06-16 04:59:12.846401
USDJPY,2Y,2025-04-25,USD,JPY,3.74,0.689,305.1,ok,-4.0,-10.899999999999977,-2.599999999999966,0.503759398496234,-1.405886001608233,-287.7371887637104,confirmed,neutral,2026-06-16 04:59:12.846401
USDJPY,2Y,2025-04-28,USD,JPY,3.67,0.686,298.4,ok,-6.7000000000000455,-11.700000000000045,-2.900000000000034,0.14022556390977892,-1.5268212004149613,-324.6682545083357,confirmed,neutral,2026-06-16 04:59:12.846401
USDJPY,2Y,2025-04-30,USD,JPY,3.6,0.676,292.4,ok,-6.0,-16.600000000000023,-11.200000000000045,-0.2683458646616575,-1.632180304352221,-322.82292441978444,confirmed,short_base,2026-06-16 04:59:12.846401
USDJPY,2Y,2025-05-01,USD,JPY,3.7,0.629,307.1,ok,14.700000000000045,-5.499999999999943,5.600000000000023,-0.4832330827067593,-1.329646923804281,-30.511007960287717,confirmed,neutral,2026-06-16 04:59:12.846401
USDJPY,2Y,2025-05-02,USD,JPY,3.83,0.609,322.1,ok,15.0,13.0,14.5,-0.39593984962406126,-1.0238818820534759,-169.26729986431522,divergent,neutral,2026-06-16 04:59:12.846401
USDJPY,2Y,2025-05-07,USD,JPY,3.78,0.609,317.09999999999997,ok,-5.000000000000057,11.999999999999943,21.499999999999943,-0.5913533834586494,-1.115817310598165,45.10700694759562,confirmed,neutral,2026-06-16 04:59:12.846401
USDJPY,2Y,2025-05-08,USD,JPY,3.9,0.619,328.09999999999997,ok,11.0,29.69999999999999,21.299999999999955,-0.48511278195489216,-0.8890514108307944,195.10048408390546,confirmed,neutral,2026-06-16 04:59:12.846401
USDJPY,2Y,2025-05-09,USD,JPY,3.88,0.634,324.6,ok,-3.499999999999943,32.200000000000045,10.199999999999989,-0.3409022556391016,-0.9535696217811602,237.73119605425387,confirmed,neutral,2026-06-16 04:59:12.846401
USDJPY,2Y,2025-05-12,USD,JPY,3.98,0.66,332.0,ok,7.399999999999977,24.899999999999977,25.700000000000045,-0.23421052631579084,-0.7981476719069632,433.50973989415564,confirmed,neutral,2026-06-16 04:59:12.846401
USDJPY,2Y,2025-05-13,USD,JPY,4.02,0.718,330.19999999999993,ok,-1.8000000000000682,8.099999999999909,0.2999999999998977,0.18075187969924195,-0.8285008805060297,419.0326863858518,confirmed,neutral,2026-06-16 04:59:12.846401
USDJPY,2Y,2025-05-14,USD,JPY,4.05,0.706,334.4,ok,4.2000000000000455,17.30000000000001,18.0,0.44210526315788856,-0.736827620778889,409.1686720474752,confirmed,long_base,2026-06-16 04:59:12.846401
USDJPY,2Y,2025-05-15,USD,JPY,3.96,0.717,324.3,ok,-10.099999999999966,-3.7999999999999545,-10.600000000000023,0.8242105263157891,-0.9387030289599876,200.97967078016143,divergent,neutral,2026-06-16 04:59:12.846401
USDJPY,2Y,2025-05-16,USD,JPY,3.98,0.707,327.3,ok,3.0,2.6999999999999886,2.2000000000000455,1.1103759398496258,-0.8707526428446426,166.6969286422626,confirmed,neutral,2026-06-16 04:59:12.846401
USDJPY,2Y,2025-05-19,USD,JPY,3.97,0.718,325.20000000000005,ok,-2.099999999999966,-6.7999999999999545,5.800000000000068,1.2732330827067604,-0.9090506876880068,94.13534043990256,divergent,neutral,2026-06-16 04:59:12.846401
USDJPY,2Y,2025-05-20,USD,JPY,3.97,0.728,324.2,ok,-1.0000000000000568,-5.999999999999943,8.699999999999989,1.3515037593984878,-0.9247511851585187,32.533889468198126,divergent,neutral,2026-06-16 04:59:12.846401
USDJPY,2Y,2025-05-21,USD,JPY,4.0,0.72,328.0,ok,3.8000000000000114,-6.399999999999977,12.0,1.4788721804511273,-0.8390686121567356,106.48548660491474,divergent,neutral,2026-06-16 04:59:12.846401
USDJPY,2Y,2025-05-22,USD,JPY,4.0,0.737,326.3,ok,-1.6999999999999886,2.0,16.19999999999999,1.47075187969925,-0.8691904751253634,112.33032707948176,confirmed,neutral,2026-06-16 04:59:12.846401
USDJPY,2Y,2025-05-23,USD,JPY,4.0,0.731,326.90000000000003,ok,0.6000000000000227,-0.39999999999997726,17.900000000000034,1.4294736842105276,-0.8505290710466109,-33.63189506289332,confirmed,neutral,2026-06-16 04:59:12.846401
USDJPY,2Y,2025-05-27,USD,JPY,3.92,0.739,318.1,ok,-8.800000000000011,-7.100000000000023,5.500000000000057,1.292406015037593,-1.0348354546988294,-35.603672363253565,confirmed,neutral,2026-06-16 04:59:12.846401
USDJPY,2Y,2025-05-28,USD,JPY,3.96,0.753,320.7,ok,2.599999999999966,-3.5,11.599999999999966,1.1289473684210554,-0.9733139994375661,140.22073457572003,divergent,neutral,2026-06-16 04:59:12.846401
USDJPY,2Y,2025-05-29,USD,JPY,3.92,0.758,316.2,ok,-4.5,-11.800000000000011,11.099999999999966,0.8206015037594027,-1.0680647552569953,46.40533381788714,divergent,neutral,2026-06-16 04:59:12.846401
USDJPY,2Y,2025-05-30,USD,JPY,3.89,0.75,314.0,ok,-2.1999999999999886,-12.300000000000011,15.600000000000023,0.3583458646616556,-1.1118939011026043,10.079173646784234,divergent,neutral,2026-06-16 04:59:12.846401
USDJPY,2Y,2025-06-02,USD,JPY,3.94,0.755,318.5,ok,4.5,-8.400000000000034,26.100000000000023,-0.1578195488721825,-1.0062430374849631,-197.79902132843307,confirmed,neutral,2026-06-16 04:59:12.846401
USDJPY,2Y,2025-06-03,USD,JPY,3.96,0.755,320.5,ok,2.0,2.3999999999999773,13.399999999999977,-0.45255639097744305,-0.9556965981226364,-138.50985339897593,divergent,neutral,2026-06-16 04:59:12.846401
USDJPY,2Y,2025-06-04,USD,JPY,3.87,0.765,310.5,ok,-10.0,-10.199999999999989,-11.600000000000023,-0.6734586466165365,-1.1751780675035455,-373.13835527735927,confirmed,short_base,2026-06-16 04:59:12.846401
USDJPY,2Y,2025-06-05,USD,JPY,3.92,0.755,316.5,ok,6.0,0.30000000000001137,-0.5999999999999659,-0.8701503759398477,-1.0329400027515085,-268.9786538865646,divergent,neutral,2026-06-16 04:59:12.846401
USDJPY,2Y,2025-06-06,USD,JPY,4.04,0.76,328.0,ok,11.5,14.0,-0.0999999999999659,-0.7279699248120283,-0.765200769276431,-124.04951068980763,divergent,neutral,2026-06-16 04:59:12.846401
USDJPY,2Y,2025-06-09,USD,JPY,4.01,0.775,323.5,ok,-4.5,5.0,-1.1000000000000227,-0.7051879699248138,-0.8631296682147889,-69.9267074686949,divergent,neutral,2026-06-16 04:59:12.846401
USDJPY,2Y,2025-06-10,USD,JPY,4.01,0.771,323.9,ok,0.39999999999997726,3.3999999999999773,-8.100000000000023,-0.5581954887218042,-0.848070518805744,-27.12863379098596,divergent,neutral,2026-06-16 04:59:12.846401
USDJPY,2Y,2025-06-11,USD,JPY,3.94,0.756,318.40000000000003,ok,-5.499999999999943,7.900000000000034,-11.799999999999898,-0.506015037593992,-0.9697954558123664,-54.76806345921625,divergent,neutral,2026-06-16 04:59:12.846401
USDJPY,2Y,2025-06-12,USD,JPY,3.9,0.756,314.40000000000003,ok,-4.0,-2.099999999999966,-19.999999999999943,-0.42691729323307437,-1.057443844048926,-84.81270527585072,confirmed,neutral,2026-06-16 04:59:12.846401
USDJPY,2Y,2025-06-13,USD,JPY,3.96,0.736,322.40000000000003,ok,8.0,-5.599999999999966,-1.8999999999999773,-0.36293233082706333,-0.8636385244781793,24.009520296743858,divergent,neutral,2026-06-16 04:59:12.846401
USDJPY,2Y,2025-06-16,USD,JPY,3.97,0.758,321.20000000000005,ok,-1.1999999999999886,-2.2999999999999545,-6.099999999999966,-0.2658646616541353,-0.886674389565775,150.416029409699,divergent,neutral,2026-06-16 04:59:12.846401
USDJPY,2Y,2025-06-17,USD,JPY,3.94,0.769,317.09999999999997,ok,-4.10000000000008,-6.800000000000011,-8.10000000000008,-0.2513533834586433,-0.9793302568042787,179.24409404713515,divergent,neutral,2026-06-16 04:59:12.846401
USDJPY,2Y,2025-06-18,USD,JPY,3.94,0.755,318.5,ok,1.400000000000034,0.0999999999999659,-5.699999999999989,-0.2204511278195515,-0.9407404960253188,163.01147039851972,confirmed,neutral,2026-06-16 04:59:12.846401
USDJPY,2Y,2025-06-20,USD,JPY,3.9,0.728,317.2,ok,-1.3000000000000114,2.7999999999999545,-10.800000000000011,-0.1395488721804499,-0.9683518311514456,23.12702018295587,confirmed,neutral,2026-06-16 04:59:12.846401
USDJPY,2Y,2025-06-23,USD,JPY,3.84,0.738,310.2,ok,-7.0,-12.200000000000045,-16.100000000000023,-0.1692481203007538,-1.1368331291947442,132.9111287029705,divergent,neutral,2026-06-16 04:59:12.846401
USDJPY,2Y,2025-06-24,USD,JPY,3.75,0.738,301.2,ok,-9.0,-20.000000000000057,-25.700000000000045,-0.2938345864661697,-1.3567378762946032,79.35072883053174,divergent,neutral,2026-06-16 04:59:12.846401
USDJPY,2Y,2025-06-25,USD,JPY,3.74,0.724,301.6,ok,0.4000000000000341,-15.499999999999943,-16.5,-0.513007518796996,-1.3439481567331262,174.6182201158497,divergent,neutral,2026-06-16 04:59:12.846401
USDJPY,2Y,2025-06-26,USD,JPY,3.7,0.735,296.50000000000006,ok,-5.099999999999966,-21.999999999999943,-24.199999999999932,-0.7391729323308286,-1.468479996029607,59.450138369328,divergent,neutral,2026-06-16 04:59:12.846401
USDJPY,2Y,2025-06-27,USD,JPY,3.73,0.74,299.0,ok,2.499999999999943,-18.19999999999999,-17.19999999999999,-0.9642857142857137,-1.4006476477574301,132.4234186261597,divergent,neutral,2026-06-16 04:59:12.846401
USDJPY,2Y,2025-06-30,USD,JPY,3.72,0.746,297.40000000000003,ok,-1.599999999999966,-12.799999999999955,-16.599999999999966,-1.2211278195488626,-1.4357865110535064,-69.8127278753724,confirmed,short_base,2026-06-16 04:59:12.846401
USDJPY,2Y,2025-07-01,USD,JPY,3.78,0.735,304.5,ok,7.099999999999966,3.3000000000000114,-14.0,-1.2805263157894704,-1.2472457941680146,-91.29737649628211,divergent,neutral,2026-06-16 04:59:12.846401
USDJPY,2Y,2025-07-02,USD,JPY,3.78,0.741,303.9,ok,-0.6000000000000227,2.2999999999999545,-16.600000000000023,-1.295864661654132,-1.2571525864796294,-72.21764905266048,divergent,neutral,2026-06-16 04:59:12.846401
USDJPY,2Y,2025-07-03,USD,JPY,3.88,0.746,313.4,ok,9.5,16.89999999999992,2.8999999999999773,-1.3084210526315811,-1.0042617738012243,-9.182546257940905,divergent,neutral,2026-06-16 04:59:12.846401
USDJPY,2Y,2025-07-07,USD,JPY,3.9,0.732,316.8,ok,3.400000000000034,17.80000000000001,0.30000000000001137,-1.1820300751879722,-0.9118812938026476,127.81349366139283,confirmed,neutral,2026-06-16 04:59:12.846401
USDJPY,2Y,2025-07-08,USD,JPY,3.9,0.733,316.7,ok,-0.10000000000002274,19.299999999999955,-11.300000000000011,-0.875939849624057,-0.9115004039881505,159.09468208732181,confirmed,neutral,2026-06-16 04:59:12.846401
USDJPY,2Y,2025-07-09,USD,JPY,3.86,0.754,310.59999999999997,ok,-6.100000000000023,6.099999999999966,-12.900000000000034,-0.7110526315789423,-1.0731022244222632,98.35363072116854,confirmed,neutral,2026-06-16 04:59:12.846401
USDJPY,2Y,2025-07-10,USD,JPY,3.86,0.76,309.99999999999994,ok,-0.6000000000000227,6.099999999999966,-13.900000000000034,-0.529022556390982,-1.0861343450299776,61.630738330742396,confirmed,neutral,2026-06-16 04:59:12.846401
USDJPY,2Y,2025-07-11,USD,JPY,3.9,0.764,313.6,ok,3.6000000000000796,0.20000000000004547,-4.800000000000011,-0.3615037593985045,-0.9827142287403067,167.36459404082638,confirmed,neutral,2026-06-16 04:59:12.846401
USDJPY,2Y,2025-07-14,USD,JPY,3.9,0.781,311.9,ok,-1.7000000000000455,-4.900000000000034,-2.500000000000057,-0.2742105263157905,-1.0263461711418882,118.3808728278568,divergent,neutral,2026-06-16 04:59:12.846401
USDJPY,2Y,2025-07-15,USD,JPY,3.95,0.792,315.8,ok,3.900000000000034,-0.8999999999999773,-6.600000000000023,-0.0011278195488778893,-0.9145633917451694,175.56818570422018,divergent,neutral,2026-06-16 04:59:12.846401
USDJPY,2Y,2025-07-16,USD,JPY,3.88,0.793,308.7,ok,-7.100000000000023,-1.8999999999999773,-12.500000000000057,0.16150375939849482,-1.1145094992031477,142.13267543859763,divergent,neutral,2026-06-16 04:59:12.846401
USDJPY,2Y,2025-07-17,USD,JPY,3.91,0.788,312.2,ok,3.5,2.2000000000000455,-4.899999999999977,0.32819548872180276,-1.0116787843514992,242.18086978121,confirmed,neutral,2026-06-16 04:59:12.846401
USDJPY,2Y,2025-07-18,USD,JPY,3.88,0.772,310.79999999999995,ok,-1.400000000000034,-2.800000000000068,-7.7000000000000455,0.5043609022556325,-1.0505205597135632,264.78138456442537,divergent,neutral,2026-06-16 04:59:12.846401
USDJPY,2Y,2025-07-22,USD,JPY,3.83,0.76,307.0,ok,-3.7999999999999545,-4.899999999999977,-10.199999999999989,0.6172932330827037,-1.161857004198135,156.25973163186924,divergent,neutral,2026-06-16 04:59:12.846401
USDJPY,2Y,2025-07-23,USD,JPY,3.88,0.838,304.2,ok,-2.8000000000000114,-11.600000000000023,-6.0,0.5950375939849571,-1.2438123877819647,176.69761134870177,divergent,neutral,2026-06-16 04:59:12.846401
USDJPY,2Y,2025-07-24,USD,JPY,3.91,0.854,305.6,ok,1.400000000000034,-3.099999999999966,4.400000000000034,0.45969924812030355,-1.2016546943701756,253.60777284109128,divergent,neutral,2026-06-16 04:59:12.846401
USDJPY,2Y,2025-07-25,USD,JPY,3.91,0.863,304.7,ok,-0.9000000000000341,-7.5,3.099999999999966,0.3112030075187954,-1.227922287239508,285.1887206571946,divergent,neutral,2026-06-16 04:59:12.846401
USDJPY,2Y,2025-07-28,USD,JPY,3.91,0.849,306.1,ok,1.400000000000034,-4.699999999999932,9.599999999999966,0.0975187969924792,-1.1843994893926146,279.7454593295789,divergent,neutral,2026-06-16 04:59:12.846401
USDJPY,2Y,2025-07-29,USD,JPY,3.86,0.835,302.5,ok,-3.6000000000000227,-4.5,3.5,-0.1425563909774538,-1.3003441305762589,272.481261289943,divergent,neutral,2026-06-16 04:59:12.846401
USDJPY,2Y,2025-07-30,USD,JPY,3.94,0.826,311.4,ok,8.899999999999977,7.199999999999989,13.999999999999943,-0.28601503759398245,-1.016736181008306,229.36817499434437,confirmed,neutral,2026-06-16 04:59:12.846401
USDJPY,2Y,2025-07-31,USD,JPY,3.94,0.826,311.4,ok,0.0,5.7999999999999545,6.899999999999977,-0.3384210526315771,-1.0173549994810176,268.40428139554007,confirmed,neutral,2026-06-16 04:59:12.846401
USDJPY,2Y,2025-08-01,USD,JPY,3.69,0.814,287.59999999999997,ok,-23.80000000000001,-17.100000000000023,-16.30000000000001,-0.7506766917293235,-1.7999491647355423,86.92378768693887,divergent,neutral,2026-06-16 04:59:12.846401
USDJPY,2Y,2025-08-04,USD,JPY,3.69,0.764,292.6,ok,5.000000000000057,-13.5,-20.799999999999955,-0.9169924812030062,-1.6330680401393458,-39.89713595559663,confirmed,short_base,2026-06-16 04:59:12.846401
USDJPY,2Y,2025-08-05,USD,JPY,3.72,0.754,296.6,ok,4.0,-5.899999999999977,-20.19999999999999,-0.9412030075188047,-1.4994766144185752,15.818810126755345,divergent,neutral,2026-06-16 04:59:12.846401
USDJPY,2Y,2025-08-06,USD,JPY,3.69,0.774,291.59999999999997,ok,-5.000000000000057,-19.80000000000001,-25.100000000000023,-1.008045112781954,-1.6715598458066583,-39.65273407631309,confirmed,short_base,2026-06-16 04:59:12.846401
USDJPY,2Y,2025-08-07,USD,JPY,3.72,0.77,295.0,ok,3.400000000000034,-16.399999999999977,-15.599999999999966,-1.0848872180451112,-1.55162169527085,-132.8825498393582,confirmed,short_base,2026-06-16 04:59:12.846401
USDJPY,2Y,2025-08-08,USD,JPY,3.76,0.77,299.0,ok,4.0,11.400000000000034,-10.999999999999943,-1.0906015037594015,-1.4092140694323751,-22.095490357717516,divergent,neutral,2026-06-16 04:59:12.846401
USDJPY,2Y,2025-08-12,USD,JPY,3.72,0.775,294.5,ok,-4.5,1.8999999999999773,-19.100000000000023,-1.0872180451127815,-1.5631098360986084,-45.738381844758756,divergent,neutral,2026-06-16 04:59:12.846401
USDJPY,2Y,2025-08-13,USD,JPY,3.67,0.785,288.5,ok,-6.0,-8.100000000000023,-23.399999999999977,-1.1676691729323365,-1.7691613049510664,-18.792656616778423,confirmed,neutral,2026-06-16 04:59:12.846401
USDJPY,2Y,2025-08-14,USD,JPY,3.74,0.822,291.8,ok,3.3000000000000114,0.20000000000004547,-24.0,-1.1042105263157913,-1.6483781059704918,62.755091611530474,confirmed,neutral,2026-06-16 04:59:12.846401
USDJPY,2Y,2025-08-15,USD,JPY,3.75,0.826,292.4,ok,0.5999999999999659,-2.6000000000000227,-16.30000000000001,-1.1081954887218097,-1.6253401251197095,56.78323971956889,divergent,neutral,2026-06-16 04:59:12.846401
USDJPY,2Y,2025-08-18,USD,JPY,3.77,0.833,293.70000000000005,ok,1.3000000000000682,-5.2999999999999545,-18.499999999999943,-1.013834586466161,-1.5782691603790384,20.730021949435518,divergent,neutral,2026-06-16 04:59:12.846401
USDJPY,2Y,2025-08-19,USD,JPY,3.75,0.849,290.09999999999997,ok,-3.6000000000000796,-4.400000000000034,-20.69999999999999,-0.9651879699248206,-1.7042734963631783,-2.909691302053208,confirmed,neutral,2026-06-16 04:59:12.846401
USDJPY,2Y,2025-08-20,USD,JPY,3.74,0.858,288.2,ok,-1.8999999999999773,-0.30000000000001137,-18.80000000000001,-0.9725563909774477,-1.7660068769122337,-77.93502495672011,confirmed,neutral,2026-06-16 04:59:12.846401
USDJPY,2Y,2025-08-21,USD,JPY,3.79,0.862,292.8,ok,4.600000000000023,1.0,-11.399999999999977,-0.9301503759398517,-1.5902500249997362,-2.6949819436228317,divergent,neutral,2026-06-16 04:59:12.846401
USDJPY,2Y,2025-08-22,USD,JPY,3.68,0.873,280.70000000000005,ok,-12.099999999999966,-11.699999999999932,-24.899999999999977,-1.0213533834586446,-2.027518451542802,-157.48031496062964,confirmed,short_base,2026-06-16 04:59:12.846401
USDJPY,2Y,2025-08-25,USD,JPY,3.73,0.869,286.09999999999997,ok,5.39999999999992,-7.60000000000008,-18.600000000000023,-1.0121804511278198,-1.8169152260259396,29.855810008481143,divergent,neutral,2026-06-16 04:59:12.846401
USDJPY,2Y,2025-08-26,USD,JPY,3.61,0.874,273.59999999999997,ok,-12.5,-16.5,-32.50000000000006,-1.1315037593984942,-2.2687593098446146,8.754962842307812,divergent,neutral,2026-06-16 04:59:12.846401
USDJPY,2Y,2025-08-27,USD,JPY,3.59,0.869,272.1,ok,-1.4999999999999432,-16.099999999999966,-30.399999999999977,-1.2802255639097782,-2.299996109011739,37.12761681574639,divergent,neutral,2026-06-16 04:59:12.846401
USDJPY,2Y,2025-08-28,USD,JPY,3.62,0.871,274.90000000000003,ok,2.8000000000000114,-17.899999999999977,-36.49999999999994,-1.2027067669172964,-2.168727583904253,-47.11033987229496,confirmed,short_base,2026-06-16 04:59:12.846401
USDJPY,2Y,2025-08-29,USD,JPY,3.59,0.871,271.9,ok,-3.000000000000057,-8.800000000000068,-39.5,-1.113157894736845,-2.247316698784304,-13.92691427135162,confirmed,neutral,2026-06-16 04:59:12.846401
USDJPY,2Y,2025-09-02,USD,JPY,3.66,0.87,279.0,ok,7.100000000000023,-7.099999999999966,-8.599999999999966,-1.2385714285714233,-1.9633153896394282,62.849209305475554,divergent,neutral,2026-06-16 04:59:12.846401
USDJPY,2Y,2025-09-03,USD,JPY,3.61,0.87,274.0,ok,-5.0,0.4000000000000341,-18.600000000000023,-1.3435338345864647,-2.121050232777187,-11.879931690391698,divergent,neutral,2026-06-16 04:59:12.846401
USDJPY,2Y,2025-09-04,USD,JPY,3.59,0.855,273.5,ok,-0.5,1.3999999999999773,-23.100000000000023,-1.3645112781954836,-2.1151362920535925,43.85074505663944,confirmed,neutral,2026-06-16 04:59:12.846401
USDJPY,2Y,2025-09-05,USD,JPY,3.51,0.841,266.9,ok,-6.600000000000023,-8.000000000000057,-24.69999999999999,-1.5239849624060142,-2.325566464929578,18.42021193439347,divergent,neutral,2026-06-16 04:59:12.846401
USDJPY,2Y,2025-09-08,USD,JPY,3.49,0.831,265.90000000000003,ok,-0.9999999999999432,-5.999999999999943,-29.099999999999966,-1.6069172932330846,-2.331882383354731,13.317298219150953,divergent,neutral,2026-06-16 04:59:12.846401
USDJPY,2Y,2025-09-09,USD,JPY,3.54,0.842,269.8,ok,3.8999999999999773,-9.199999999999989,-29.19999999999999,-1.5272180451127777,-2.1641956156375186,10.935122799391461,divergent,neutral,2026-06-16 04:59:12.846401
USDJPY,2Y,2025-09-10,USD,JPY,3.54,0.857,268.29999999999995,ok,-1.5000000000000568,-5.7000000000000455,-26.200000000000045,-1.4960902255639126,-2.189147796745109,-38.332048837870225,confirmed,neutral,2026-06-16 04:59:12.846401
USDJPY,2Y,2025-09-11,USD,JPY,3.52,0.862,265.8,ok,-2.499999999999943,-7.699999999999989,-22.69999999999999,-1.5560150375939816,-2.2507933368424626,-34.52033653943754,confirmed,neutral,2026-06-16 04:59:12.846401
USDJPY,2Y,2025-09-12,USD,JPY,3.56,0.873,268.70000000000005,ok,2.900000000000034,1.8000000000000682,-23.099999999999966,-1.48827067669173,-2.1239771324750643,23.421588594705334,confirmed,neutral,2026-06-16 04:59:12.846401
USDJPY,2Y,2025-09-16,USD,JPY,3.51,0.884,262.59999999999997,ok,-6.10000000000008,-3.300000000000068,-29.80000000000001,-1.4634586466165398,-2.3065561815160964,-57.92279224527075,confirmed,neutral,2026-06-16 04:59:12.846401
USDJPY,2Y,2025-09-17,USD,JPY,3.52,0.883,263.7,ok,1.1000000000000227,-6.100000000000023,-30.000000000000057,-1.3575939849624055,-2.2382022983597927,-63.051787707606444,confirmed,neutral,2026-06-16 04:59:12.846401
USDJPY,2Y,2025-09-18,USD,JPY,3.57,0.888,268.2,ok,4.5,-0.0999999999999659,-21.899999999999977,-1.199172932330836,-2.0572374484111324,33.15838724114117,divergent,neutral,2026-06-16 04:59:12.846401
USDJPY,2Y,2025-09-19,USD,JPY,3.57,0.918,265.2,ok,-3.0,-0.6000000000000227,-23.0,-1.0806766917293196,-2.133136437335727,37.73687354075017,divergent,neutral,2026-06-16 04:59:12.846401
USDJPY,2Y,2025-09-22,USD,JPY,3.61,0.935,267.5,ok,2.3000000000000114,-1.2000000000000455,-25.30000000000001,-0.8221052631578943,-2.029401736127646,50.20681397627014,divergent,neutral,2026-06-16 04:59:12.846401
USDJPY,2Y,2025-09-24,USD,JPY,3.57,0.932,263.8,ok,-3.6999999999999886,1.2000000000000455,-16.900000000000034,-0.7693984962405982,-2.126480296749331,114.69012590759498,confirmed,neutral,2026-06-16 04:59:12.846401
USDJPY,2Y,2025-09-25,USD,JPY,3.64,0.936,270.40000000000003,ok,6.600000000000023,6.7000000000000455,-15.699999999999932,-0.5117293233082708,-1.8829980123813876,86.95476602303076,confirmed,neutral,2026-06-16 04:59:12.846401
USDJPY,2Y,2025-09-26,USD,JPY,3.63,0.931,269.9,ok,-0.5000000000000568,1.6999999999999886,-3.6999999999999886,-0.43496240601504405,-1.8777822362947303,102.45112283997715,confirmed,neutral,2026-06-16 04:59:12.846401
USDJPY,2Y,2025-09-29,USD,JPY,3.63,0.931,269.9,ok,0.0,4.699999999999989,-2.2000000000000455,-0.3763157894736935,-1.856626872837022,83.11170212765839,confirmed,neutral,2026-06-16 04:59:12.846401
USDJPY,2Y,2025-09-30,USD,JPY,3.6,0.958,264.20000000000005,ok,-5.699999999999932,-3.2999999999999545,-10.699999999999989,-0.35157894736842027,-2.019564238067239,-19.552978458010628,confirmed,neutral,2026-06-16 04:59:12.846401
USDJPY,2Y,2025-10-01,USD,JPY,3.55,0.954,259.6,ok,-4.600000000000023,-4.199999999999989,-12.299999999999955,-0.4238345864661651,-2.141185051874603,-17.98158414363482,confirmed,neutral,2026-06-16 04:59:12.846401
USDJPY,2Y,2025-10-02,USD,JPY,3.55,0.955,259.5,ok,-0.10000000000002274,-10.900000000000034,-19.5,-0.36691729323308403,-2.1158800355225815,-16.079461032748597,confirmed,short_base,2026-06-16 04:59:12.846401
USDJPY,2Y,2025-10-03,USD,JPY,3.58,0.945,263.5,ok,4.0,-6.399999999999977,-10.5,-0.302481203007515,-1.963015922625796,3.257527943480998,divergent,neutral,2026-06-16 04:59:12.846401
USDJPY,2Y,2025-10-06,USD,JPY,3.6,0.899,270.1,ok,6.600000000000023,0.20000000000004547,-3.3999999999999773,-0.135864661654133,-1.734302964490733,184.09021639743895,confirmed,neutral,2026-06-16 04:59:12.846401
USDJPY,2Y,2025-10-07,USD,JPY,3.57,0.909,266.09999999999997,ok,-4.000000000000057,1.8999999999999204,-0.8000000000000114,-0.12548872180451362,-1.841007239984232,296.66497375994584,confirmed,neutral,2026-06-16 04:59:12.846401
USDJPY,2Y,2025-10-08,USD,JPY,3.58,0.93,265.0,ok,-1.099999999999966,5.399999999999977,-0.9000000000000341,-0.14541353383458977,-1.856126133360316,360.03826296972187,confirmed,neutral,2026-06-16 04:59:12.846401
USDJPY,2Y,2025-10-09,USD,JPY,3.6,0.93,267.0,ok,2.0,7.5,-2.8000000000000114,-0.07383458646616935,-1.7751183720258616,451.7389285031293,confirmed,neutral,2026-06-16 04:59:12.846401
USDJPY,2Y,2025-10-10,USD,JPY,3.52,0.925,259.5,ok,-7.5,-4.0,-8.799999999999955,-0.12887218045112211,-1.984817349828166,288.39280243458944,divergent,neutral,2026-06-16 04:59:12.846401
USDJPY,2Y,2025-10-14,USD,JPY,3.48,0.895,258.5,ok,-1.0,-11.600000000000023,-7.300000000000011,-0.22443609022556765,-1.9926258439470714,243.2832092046544,divergent,neutral,2026-06-16 04:59:12.846401
USDJPY,2Y,2025-10-15,USD,JPY,3.5,0.9,260.0,ok,1.5,-6.099999999999966,-8.700000000000045,-0.24180451127819566,-1.9249854300584188,220.46977594259775,divergent,neutral,2026-06-16 04:59:12.846401
USDJPY,2Y,2025-10-16,USD,JPY,3.41,0.92,249.00000000000003,ok,-10.999999999999972,-15.999999999999972,-13.599999999999937,-0.4995488721804559,-2.228336276155197,172.4908876573483,divergent,neutral,2026-06-16 04:59:12.846401
USDJPY,2Y,2025-10-17,USD,JPY,3.46,0.909,255.10000000000002,ok,6.099999999999994,-11.899999999999977,-8.599999999999966,-0.6323308270676613,-2.0202312272283187,121.25367155310984,divergent,neutral,2026-06-16 04:59:12.846401
USDJPY,2Y,2025-10-20,USD,JPY,3.46,0.95,250.99999999999997,ok,-4.100000000000051,-8.500000000000028,-17.200000000000017,-0.7396992481203056,-2.1161392501340814,89.03665152619755,divergent,neutral,2026-06-16 04:59:12.846401
USDJPY,2Y,2025-10-21,USD,JPY,3.45,0.94,251.00000000000003,ok,5.684341886080802e-14,-7.499999999999972,-14.19999999999996,-0.8685714285714347,-2.0905588927749155,165.0469841779767,divergent,neutral,2026-06-16 04:59:12.846401
USDJPY,2Y,2025-10-22,USD,JPY,3.45,0.929,252.1,ok,1.099999999999966,-7.900000000000006,-15.400000000000006,-0.9240601503759386,-2.0337608300149657,226.69008256121393,divergent,neutral,2026-06-16 04:59:12.846401
USDJPY,2Y,2025-10-23,USD,JPY,3.48,0.933,254.69999999999996,ok,2.599999999999966,5.699999999999932,-9.100000000000051,-0.977669172932328,-1.9353604432262264,309.67741935483906,confirmed,neutral,2026-06-16 04:59:12.846401
USDJPY,2Y,2025-10-24,USD,JPY,3.48,0.932,254.8,ok,0.10000000000005116,-0.30000000000001137,-15.600000000000023,-0.911954887218052,-1.9106406898014636,387.6063844250477,divergent,neutral,2026-06-16 04:59:12.846401
USDJPY,2Y,2025-10-27,USD,JPY,3.48,0.943,253.7,ok,-1.1000000000000227,2.700000000000017,-16.19999999999999,-0.8463909774436118,-1.919731116397114,359.3647175353976,confirmed,neutral,2026-06-16 04:59:12.846401
USDJPY,2Y,2025-10-28,USD,JPY,3.47,0.94,253.00000000000003,ok,-0.6999999999999602,2.0,-16.89999999999995,-0.7664661654135362,-1.9176650906097814,143.93346837541677,confirmed,neutral,2026-06-16 04:59:12.846401
USDJPY,2Y,2025-10-29,USD,JPY,3.59,0.943,264.7,ok,11.69999999999996,12.599999999999994,0.49999999999994316,-0.5839849624060179,-1.5723034390836776,157.08651729481326,confirmed,neutral,2026-06-16 04:59:12.846401
USDJPY,2Y,2025-10-30,USD,JPY,3.61,0.929,268.1,ok,3.400000000000034,13.400000000000063,8.5,-0.4263157894736827,-1.4634710987417685,121.66570210974781,confirmed,neutral,2026-06-16 04:59:12.846401
USDJPY,2Y,2025-10-31,USD,JPY,3.6,0.928,267.2,ok,-0.9000000000000341,12.399999999999977,7.699999999999989,-0.29586466165413616,-1.4753227940256355,80.4149095004858,confirmed,neutral,2026-06-16 04:59:12.846401
USDJPY,2Y,2025-11-04,USD,JPY,3.58,0.945,263.5,ok,-3.6999999999999886,9.800000000000011,0.0,-0.16669172932331022,-1.564134007473282,97.52408509519084,confirmed,neutral,2026-06-16 04:59:12.846401
USDJPY,2Y,2025-11-05,USD,JPY,3.63,0.93,270.0,ok,6.5,16.99999999999997,-0.10000000000002274,0.15954887218045202,-1.371174883595835,106.9809848022718,confirmed,long_base,2026-06-16 04:59:12.846401
USDJPY,2Y,2025-11-06,USD,JPY,3.57,0.941,262.9,ok,-7.100000000000023,-1.8000000000000114,-3.1999999999999886,0.3213533834586438,-1.554441401408938,82.53022372809893,divergent,neutral,2026-06-16 04:59:12.846401
USDJPY,2Y,2025-11-07,USD,JPY,3.55,0.941,260.9,ok,-2.0,-7.2000000000000455,-4.100000000000023,0.44203007518797405,-1.5948098981072314,158.35800433149805,divergent,neutral,2026-06-16 04:59:12.846401
USDJPY,2Y,2025-11-10,USD,JPY,3.58,0.948,263.2,ok,2.3000000000000114,-4.0,-3.8000000000000114,0.6333082706766873,-1.517074512668154,236.87932900792407,divergent,neutral,2026-06-16 04:59:12.846401
USDJPY,2Y,2025-11-12,USD,JPY,3.56,0.942,261.8,ok,-1.3999999999999773,-1.6999999999999886,2.3000000000000114,0.6918796992481188,-1.541238101523612,257.79074393316614,divergent,neutral,2026-06-16 04:59:12.846401
USDJPY,2Y,2025-11-13,USD,JPY,3.58,0.932,264.8,ok,3.0,-5.199999999999989,6.300000000000011,0.7740601503759365,-1.4455806941983704,181.26390919027236,divergent,neutral,2026-06-16 04:59:12.846401
USDJPY,2Y,2025-11-14,USD,JPY,3.62,0.932,268.8,ok,4.0,5.900000000000034,8.800000000000011,0.9275939849624012,-1.3244206040132527,165.93633624149672,confirmed,neutral,2026-06-16 04:59:12.846401
USDJPY,2Y,2025-11-17,USD,JPY,3.6,0.938,266.2,ok,-2.6000000000000227,5.300000000000011,17.19999999999996,0.8570676691729282,-1.3835686646710306,161.50775472809408,confirmed,neutral,2026-06-16 04:59:12.846401
USDJPY,2Y,2025-11-18,USD,JPY,3.58,0.928,265.2,ok,-1.0,2.0,10.099999999999966,0.8427067669172926,-1.3989772182750064,160.8414450904827,confirmed,neutral,2026-06-16 04:59:12.846401
USDJPY,2Y,2025-11-19,USD,JPY,3.58,0.934,264.59999999999997,ok,-0.6000000000000227,2.7999999999999545,13.599999999999994,0.739849624060153,-1.403311545627588,281.67077068161683,confirmed,neutral,2026-06-16 04:59:12.846401
USDJPY,2Y,2025-11-20,USD,JPY,3.55,0.965,258.5,ok,-6.099999999999966,-6.300000000000011,7.499999999999972,0.5293984962406049,-1.555908511464192,372.35725206938406,divergent,neutral,2026-06-16 04:59:12.846401
USDJPY,2Y,2025-11-21,USD,JPY,3.51,0.959,255.09999999999997,ok,-3.400000000000034,-13.700000000000045,2.9999999999999716,0.27646616541353486,-1.6334583466950348,239.18808315599892,divergent,neutral,2026-06-16 04:59:12.846401
USDJPY,2Y,2025-11-25,USD,JPY,3.43,0.975,245.5,ok,-9.599999999999966,-20.69999999999999,-9.19999999999996,-0.07706766917293051,-1.8753317420204063,129.63767599011743,divergent,neutral,2026-06-16 04:59:12.846401
USDJPY,2Y,2025-11-26,USD,JPY,3.45,0.985,246.50000000000003,ok,1.0000000000000284,-18.69999999999996,-8.299999999999983,-0.4009022556390965,-1.83013800291061,130.4731272048154,divergent,neutral,2026-06-16 04:59:12.846401
USDJPY,2Y,2025-11-28,USD,JPY,3.47,0.992,247.8,ok,1.299999999999983,-16.799999999999955,-5.899999999999977,-0.7110526315789468,-1.7779758260294654,132.97596178806882,divergent,neutral,2026-06-16 04:59:12.846401
USDJPY,2Y,2025-12-01,USD,JPY,3.54,1.02,252.0,ok,4.199999999999989,-6.5,-1.0000000000000284,-0.9633834586466137,-1.6508579557261627,142.32810442175614,divergent,neutral,2026-06-16 04:59:12.846401
USDJPY,2Y,2025-12-02,USD,JPY,3.51,1.005,250.5,ok,-1.5,-4.599999999999966,-14.199999999999989,-1.0509022556390943,-1.6773138843593478,125.98650423205626,divergent,neutral,2026-06-16 04:59:12.846401
USDJPY,2Y,2025-12-03,USD,JPY,3.49,1.016,247.40000000000003,ok,-3.099999999999966,1.900000000000034,-20.69999999999999,-1.1076691729323325,-1.7461447107540988,62.40674667531643,confirmed,neutral,2026-06-16 04:59:12.846401
USDJPY,2Y,2025-12-04,USD,JPY,3.52,1.021,249.9,ok,2.4999999999999716,3.3999999999999773,-17.299999999999983,-1.1118045112781916,-1.6654850665327086,68.27577702636978,confirmed,neutral,2026-06-16 04:59:12.846401
USDJPY,2Y,2025-12-05,USD,JPY,3.56,1.052,250.8,ok,0.9000000000000057,3.0,-12.699999999999989,-1.1354887218045129,-1.6295948193043868,38.136360110661016,confirmed,neutral,2026-06-16 04:59:12.846401
USDJPY,2Y,2025-12-08,USD,JPY,3.57,1.063,250.69999999999996,ok,-0.10000000000005116,-1.3000000000000398,-19.30000000000004,-1.0388721804511223,-1.6192882046844104,86.53273616900049,divergent,neutral,2026-06-16 04:59:12.846401
USDJPY,2Y,2025-12-09,USD,JPY,3.61,1.069,254.1,ok,3.400000000000034,3.5999999999999943,-8.799999999999983,-0.976766917293228,-1.5170677675188184,143.15100393293312,confirmed,neutral,2026-06-16 04:59:12.846401
USDJPY,2Y,2025-12-10,USD,JPY,3.54,1.074,246.60000000000002,ok,-7.499999999999972,-0.8000000000000114,-14.299999999999955,-1.0401503759398474,-1.7081344167923798,30.46149486727101,divergent,neutral,2026-06-16 04:59:12.846401
USDJPY,2Y,2025-12-11,USD,JPY,3.52,1.054,246.60000000000002,ok,0.0,-3.299999999999983,-16.599999999999966,-1.0457142857142812,-1.6950010186743396,-1.7359771622571518,confirmed,neutral,2026-06-16 04:59:12.846401
USDJPY,2Y,2025-12-12,USD,JPY,3.52,1.07,245.00000000000003,ok,-1.5999999999999943,-5.799999999999983,-16.799999999999983,-1.071278195488717,-1.726315411709356,-76.24349509863238,confirmed,neutral,2026-06-16 04:59:12.846401
USDJPY,2Y,2025-12-15,USD,JPY,3.51,1.071,243.9,ok,-1.1000000000000227,-6.7999999999999545,-20.900000000000006,-1.0399248120300764,-1.7428267394212507,-85.94559336991048,confirmed,neutral,2026-06-16 04:59:12.846401
USDJPY,2Y,2025-12-16,USD,JPY,3.48,1.067,241.3,ok,-2.5999999999999943,-12.799999999999983,-27.5,-0.9511278195488729,-1.7986908065870562,-122.21818019363617,confirmed,short_base,2026-06-16 04:59:12.846401
USDJPY,2Y,2025-12-17,USD,JPY,3.49,1.077,241.3,ok,0.0,-5.300000000000011,-24.899999999999977,-0.8620300751879657,-1.7840063423454051,-90.43515945649561,confirmed,neutral,2026-06-16 04:59:12.846401
USDJPY,2Y,2025-12-18,USD,JPY,3.46,1.073,238.7,ok,-2.6000000000000227,-7.900000000000034,-26.5,-0.7884210526315811,-1.8398502312935872,-39.88527381912799,confirmed,neutral,2026-06-16 04:59:12.846401
USDJPY,2Y,2025-12-19,USD,JPY,3.48,1.101,237.9,ok,-0.799999999999983,-7.100000000000023,-26.69999999999996,-0.6958646616541326,-1.8470947020518425,97.10664447573959,divergent,neutral,2026-06-16 04:59:12.846401
USDJPY,2Y,2025-12-22,USD,JPY,3.44,1.129,231.1,ok,-6.800000000000011,-12.800000000000011,-27.400000000000006,-0.7566165413533847,-2.0143672678259437,50.14826722685717,divergent,neutral,2026-06-16 04:59:12.846401
USDJPY,2Y,2025-12-23,USD,JPY,3.48,1.111,236.89999999999998,ok,5.799999999999983,-4.400000000000034,-18.19999999999999,-0.746992481203009,-1.8400535336921662,16.676394563497343,divergent,neutral,2026-06-16 04:59:12.846401
USDJPY,2Y,2025-12-24,USD,JPY,3.47,1.111,235.9,ok,-0.9999999999999716,-5.400000000000006,-9.599999999999994,-0.8758646616541333,-1.8495770703311991,20.763558989720377,divergent,neutral,2026-06-16 04:59:12.846401
USDJPY,2Y,2025-12-26,USD,JPY,3.46,1.141,231.9,ok,-4.0,-6.799999999999983,-14.600000000000023,-1.0316541353383404,-1.937612131451495,93.41637010676251,divergent,neutral,2026-06-16 04:59:12.846401
USDJPY,2Y,2025-12-29,USD,JPY,3.45,1.15,230.00000000000003,ok,-1.8999999999999773,-7.899999999999977,-17.799999999999983,-1.1721052631579016,-1.9670708271342445,44.5594920733039,divergent,neutral,2026-06-16 04:59:12.846401
USDJPY,2Y,2025-12-30,USD,JPY,3.45,1.167,228.30000000000004,ok,-1.6999999999999886,-2.7999999999999545,-23.69999999999996,-1.2437593984962387,-1.9907828871726507,69.98770225287166,divergent,neutral,2026-06-16 04:59:12.846401
USDJPY,2Y,2026-01-05,USD,JPY,3.46,1.194,226.6,ok,-1.7000000000000455,-10.299999999999983,-23.900000000000006,-1.3277443609022566,-2.0139872749001935,52.24646983311931,divergent,neutral,2026-06-16 04:59:12.846401
USDJPY,2Y,2026-01-06,USD,JPY,3.47,1.185,228.5,ok,1.9000000000000057,-7.400000000000006,-18.900000000000034,-1.3975939849624097,-1.9429706974407788,51.261652562761824,divergent,neutral,2026-06-16 04:59:12.846401
USDJPY,2Y,2026-01-07,USD,JPY,3.47,1.17,230.00000000000003,ok,1.5000000000000284,-1.8999999999999773,-19.899999999999977,-1.378120300751887,-1.8841767366919637,107.26679309054799,divergent,neutral,2026-06-16 04:59:12.846401
USDJPY,2Y,2026-01-08,USD,JPY,3.49,1.129,236.10000000000002,ok,6.099999999999994,6.099999999999994,-14.699999999999989,-1.2273684210526277,-1.707286932234671,135.29578993616508,confirmed,neutral,2026-06-16 04:59:12.846401
USDJPY,2Y,2026-01-09,USD,JPY,3.54,1.151,238.90000000000003,ok,2.8000000000000114,10.599999999999994,-11.799999999999926,-1.0160902255639077,-1.6196636774685416,152.42235785168035,confirmed,neutral,2026-06-16 04:59:12.846401
USDJPY,2Y,2026-01-13,USD,JPY,3.53,1.164,236.59999999999997,ok,-2.300000000000068,9.999999999999972,-17.50000000000003,-0.7662406015037675,-1.6654664475003493,99.79508066716214,confirmed,neutral,2026-06-16 04:59:12.846401
USDJPY,2Y,2026-01-14,USD,JPY,3.51,1.186,232.39999999999998,ok,-4.199999999999989,3.8999999999999773,-14.200000000000045,-0.6684962406015059,-1.759334695699158,95.65383634973168,confirmed,neutral,2026-06-16 04:59:12.846401
USDJPY,2Y,2026-01-15,USD,JPY,3.56,1.19,237.0,ok,4.600000000000023,6.999999999999972,-9.600000000000023,-0.48368421052631727,-1.6257300458512869,154.9603314358161,confirmed,neutral,2026-06-16 04:59:12.846401
USDJPY,2Y,2026-01-16,USD,JPY,3.59,1.205,238.49999999999997,ok,1.4999999999999716,2.399999999999949,-6.500000000000057,-0.2882706766917245,-1.5755825850908953,144.53054835647183,confirmed,neutral,2026-06-16 04:59:12.846401
USDJPY,2Y,2026-01-20,USD,JPY,3.6,1.22,238.0,ok,-0.4999999999999716,-0.9000000000000341,-5.900000000000006,-0.10759398496241536,-1.5774628351416873,106.5923672707747,divergent,neutral,2026-06-16 04:59:12.846401
USDJPY,2Y,2026-01-21,USD,JPY,3.6,1.235,236.50000000000003,ok,-1.4999999999999716,-0.09999999999993747,-4.799999999999983,0.019473684210522712,-1.605161691611729,158.21527020962733,divergent,neutral,2026-06-16 04:59:12.846401
USDJPY,2Y,2026-01-22,USD,JPY,3.61,1.224,238.60000000000002,ok,2.0999999999999943,6.2000000000000455,-2.6999999999999886,0.1837593984962344,-1.5414910286389212,133.43989769820874,confirmed,neutral,2026-06-16 04:59:12.846401
USDJPY,2Y,2026-01-23,USD,JPY,3.6,1.262,233.8,ok,-4.800000000000011,-3.1999999999999886,-4.899999999999977,0.2424812030075201,-1.6573100035470416,-66.83348440551961,confirmed,neutral,2026-06-16 04:59:12.846401
USDJPY,2Y,2026-01-26,USD,JPY,3.56,1.277,228.30000000000004,ok,-5.499999999999972,-10.199999999999932,-9.599999999999966,0.21736842105262852,-1.7904804994832972,-156.40142820709025,confirmed,neutral,2026-06-16 04:59:12.846401
USDJPY,2Y,2026-01-27,USD,JPY,3.53,1.284,224.59999999999997,ok,-3.700000000000074,-13.400000000000034,-6.500000000000028,0.046466165413533426,-1.8747299733633551,-286.81894036866606,confirmed,neutral,2026-06-16 04:59:12.846401
USDJPY,2Y,2026-01-28,USD,JPY,3.56,1.257,230.29999999999998,ok,5.700000000000017,-6.2000000000000455,-6.599999999999994,0.05834586466165819,-1.7124644757332959,-225.58647375075068,confirmed,neutral,2026-06-16 04:59:12.846401
USDJPY,2Y,2026-01-29,USD,JPY,3.53,1.264,226.6,ok,-3.6999999999999886,-12.000000000000028,-9.300000000000011,0.011503759398494996,-1.7982467136668467,-225.00095745088265,confirmed,neutral,2026-06-16 04:59:12.846401
USDJPY,2Y,2026-01-30,USD,JPY,3.52,1.251,226.9,ok,0.30000000000001137,-6.900000000000006,-5.0,-0.08022556390977945,-1.7786067597567288,-123.86963375176308,confirmed,neutral,2026-06-16 04:59:12.846401
USDJPY,2Y,2026-02-02,USD,JPY,3.57,1.265,230.49999999999997,ok,3.599999999999966,2.199999999999932,0.49999999999994316,-0.14300751879699122,-1.671039294374988,-143.92590856397325,divergent,neutral,2026-06-16 04:59:12.846401
USDJPY,2Y,2026-02-03,USD,JPY,3.57,1.286,228.39999999999998,ok,-2.0999999999999943,3.8000000000000114,0.09999999999993747,-0.26338345864661766,-1.7152348037287166,-152.20883026217712,divergent,neutral,2026-06-16 04:59:12.846401
USDJPY,2Y,2026-02-04,USD,JPY,3.57,1.276,229.39999999999995,ok,0.9999999999999716,-0.9000000000000341,2.7999999999999545,-0.3964661654135361,-1.677724515622264,-66.43414189497099,confirmed,neutral,2026-06-16 04:59:12.846401
USDJPY,2Y,2026-02-05,USD,JPY,3.47,1.276,219.4,ok,-9.999999999999943,-7.199999999999989,-9.099999999999994,-0.6466165413533846,-1.9298619428671477,-135.08505238825074,confirmed,neutral,2026-06-16 04:59:12.846401
USDJPY,2Y,2026-02-06,USD,JPY,3.5,1.281,221.90000000000003,ok,2.5000000000000284,-4.999999999999972,-8.099999999999994,-0.8236842105263119,-1.8487824276129206,-82.56481148332551,confirmed,neutral,2026-06-16 04:59:12.846401
USDJPY,2Y,2026-02-09,USD,JPY,3.48,1.313,216.7,ok,-5.2000000000000455,-13.799999999999983,-19.400000000000034,-0.9665413533834628,-1.9759509903637473,-142.85081922636778,confirmed,short_base,2026-06-16 04:59:12.846401
USDJPY,2Y,2026-02-10,USD,JPY,3.45,1.303,214.70000000000002,ok,-1.9999999999999716,-13.69999999999996,-24.200000000000017,-1.0645864661654088,-2.0146226730366372,-203.36401142494464,confirmed,short_base,2026-06-16 04:59:12.846401
USDJPY,2Y,2026-02-12,USD,JPY,3.47,1.305,216.5,ok,1.799999999999983,-12.899999999999949,-20.099999999999966,-1.1368421052631537,-1.9490111901493723,-345.4271839749101,confirmed,short_base,2026-06-16 04:59:12.846401
USDJPY,2Y,2026-02-13,USD,JPY,3.4,1.289,211.09999999999997,ok,-5.400000000000034,-8.30000000000004,-21.30000000000001,-1.3223308270676644,-2.0731578594890196,-364.26056115816175,confirmed,neutral,2026-06-16 04:59:12.846401
USDJPY,2Y,2026-02-17,USD,JPY,3.43,1.233,219.70000000000002,ok,8.600000000000051,-2.200000000000017,-17.299999999999983,-1.2803007518797074,-1.8286390054794621,-119.72516387683818,confirmed,neutral,2026-06-16 04:59:12.846401
USDJPY,2Y,2026-02-18,USD,JPY,3.47,1.242,222.8,ok,3.0999999999999943,6.100000000000023,-15.69999999999996,-1.144285714285718,-1.7338944651827024,27.94924443120239,confirmed,neutral,2026-06-16 04:59:12.846401
USDJPY,2Y,2026-02-19,USD,JPY,3.47,1.265,220.5,ok,-2.3000000000000114,5.799999999999983,-17.5,-1.0254135338345935,-1.7826801707694047,169.8744221121995,confirmed,neutral,2026-06-16 04:59:12.846401
USDJPY,2Y,2026-02-20,USD,JPY,3.48,1.26,221.99999999999997,ok,1.4999999999999716,5.499999999999972,-14.500000000000057,-0.8824812030075248,-1.7303406633053051,125.78308215911882,confirmed,neutral,2026-06-16 04:59:12.846401
USDJPY,2Y,2026-02-24,USD,JPY,3.43,1.251,217.90000000000003,ok,-4.0999999999999375,6.800000000000068,-20.69999999999999,-0.7431578947368412,-1.8262199630972928,42.32538363418526,confirmed,neutral,2026-06-16 04:59:12.846401
USDJPY,2Y,2026-02-25,USD,JPY,3.45,1.224,222.6,ok,4.69999999999996,2.8999999999999773,-11.200000000000017,-0.5813533834586426,-1.6860298929706798,55.30667729308991,confirmed,neutral,2026-06-16 04:59:12.846401
USDJPY,2Y,2026-02-26,USD,JPY,3.42,1.246,217.4,ok,-5.199999999999989,-5.400000000000006,-10.900000000000034,-0.5638345864661616,-1.8105702666298107,25.94216951024464,divergent,neutral,2026-06-16 04:59:12.846401
USDJPY,2Y,2026-02-27,USD,JPY,3.38,1.25,213.0,ok,-4.400000000000006,-7.5,-11.599999999999966,-0.6512030075187947,-1.9120126866716614,-48.14355765278777,confirmed,neutral,2026-06-16 04:59:12.846401
USDJPY,2Y,2026-03-02,USD,JPY,3.47,1.219,225.10000000000002,ok,12.100000000000023,3.100000000000051,-5.19999999999996,-0.458270676691731,-1.5753840051629204,15.402926556045138,confirmed,neutral,2026-06-16 04:59:12.846401
USDJPY,2Y,2026-03-03,USD,JPY,3.51,1.25,225.99999999999997,ok,0.8999999999999488,8.099999999999937,-0.6000000000000227,-0.30308270676691806,-1.5402857885346115,26.582383129725162,confirmed,neutral,2026-06-16 04:59:12.846401
USDJPY,2Y,2026-03-04,USD,JPY,3.54,1.235,230.49999999999997,ok,4.5,7.899999999999977,3.599999999999966,-0.07796992481203054,-1.4107482808812228,77.94557281976866,confirmed,neutral,2026-06-16 04:59:12.846401
USDJPY,2Y,2026-03-05,USD,JPY,3.57,1.256,231.4,ok,0.9000000000000341,14.0,0.9000000000000341,0.211428571428573,-1.377134457828426,208.16866002358213,confirmed,long_base,2026-06-16 04:59:12.846401
USDJPY,2Y,2026-03-06,USD,JPY,3.56,1.246,231.4,ok,0.0,18.400000000000006,3.0000000000000284,0.46631578947368807,-1.367197816778251,305.2869632187138,confirmed,long_base,2026-06-16 04:59:12.846401
USDJPY,2Y,2026-03-09,USD,JPY,3.56,1.242,231.8,ok,0.4000000000000057,6.699999999999989,2.4000000000000625,0.7381954887218026,-1.347163163142654,326.02858153334194,confirmed,neutral,2026-06-16 04:59:12.846401
USDJPY,2Y,2026-03-10,USD,JPY,3.57,1.258,231.2,ok,-0.6000000000000227,5.200000000000017,11.799999999999983,0.8400000000000029,-1.3549289337678239,343.5209424083774,confirmed,neutral,2026-06-16 04:59:12.846401
USDJPY,2Y,2026-03-11,USD,JPY,3.64,1.253,238.70000000000005,ok,7.500000000000057,8.200000000000074,16.80000000000001,1.0706766917293196,-1.1437146671383822,354.7337461199485,confirmed,neutral,2026-06-16 04:59:12.846401
USDJPY,2Y,2026-03-12,USD,JPY,3.76,1.263,249.7,ok,10.999999999999943,18.299999999999983,33.0,1.3511278195488683,-0.8376344547571466,395.787056517245,confirmed,long_base,2026-06-16 04:59:12.846401
USDJPY,2Y,2026-03-13,USD,JPY,3.73,1.289,244.1,ok,-5.599999999999994,12.699999999999989,29.399999999999977,1.4703759398496226,-0.9857086154533882,317.4039278251617,confirmed,long_base,2026-06-16 04:59:12.846401
USDJPY,2Y,2026-03-16,USD,JPY,3.68,1.287,239.3,ok,-4.799999999999983,7.5,22.80000000000001,1.5052631578947384,-1.111658911023305,262.73091773570957,confirmed,neutral,2026-06-16 04:59:12.846401
USDJPY,2Y,2026-03-17,USD,JPY,3.68,1.28,240.00000000000003,ok,0.700000000000017,8.80000000000004,28.900000000000063,1.4306015037593995,-1.0854639202072986,302.3175954542223,confirmed,neutral,2026-06-16 04:59:12.846401
USDJPY,2Y,2026-03-18,USD,JPY,3.76,1.261,249.89999999999998,ok,9.899999999999949,11.199999999999932,30.19999999999996,1.589699248120297,-0.8029494979787999,332.0998626484606,confirmed,long_base,2026-06-16 04:59:12.846401
USDJPY,2Y,2026-03-19,USD,JPY,3.79,1.277,251.29999999999998,ok,1.4000000000000057,1.5999999999999943,28.49999999999997,1.7723308270676694,-0.757650220521328,117.13913640358342,confirmed,neutral,2026-06-16 04:59:12.846401
USDJPY,2Y,2026-03-23,USD,JPY,3.83,1.311,251.9,ok,0.6000000000000227,7.800000000000011,31.400000000000006,1.884360902255635,-0.7344338493662795,145.80171734829284,confirmed,neutral,2026-06-16 04:59:12.846401
USDJPY,2Y,2026-03-24,USD,JPY,3.9,1.311,258.9,ok,6.999999999999972,19.599999999999966,36.900000000000006,2.0728571428571363,-0.5298322147762985,132.60465680484668,confirmed,long_base,2026-06-16 04:59:12.846401
USDJPY,2Y,2026-03-25,USD,JPY,3.84,1.317,252.29999999999995,ok,-6.600000000000023,12.299999999999926,34.39999999999992,2.046842105263157,-0.7114713498713264,134.50478218042016,confirmed,long_base,2026-06-16 04:59:12.846401
USDJPY,2Y,2026-03-26,USD,JPY,3.96,1.348,261.2,ok,8.900000000000034,11.300000000000011,38.599999999999994,2.1704511278195504,-0.4516159464839539,136.01623695810972,confirmed,long_base,2026-06-16 04:59:12.846401
USDJPY,2Y,2026-03-27,USD,JPY,3.88,1.393,248.70000000000002,ok,-12.499999999999972,-2.599999999999966,31.30000000000001,1.9753383458646594,-0.80301942295966,204.30572972697902,divergent,neutral,2026-06-16 04:59:12.846401
USDJPY,2Y,2026-03-30,USD,JPY,3.82,1.369,245.09999999999997,ok,-3.600000000000051,-6.80000000000004,32.099999999999966,1.6122556390977416,-0.8990745959783024,114.98220325028008,divergent,neutral,2026-06-16 04:59:12.846401
USDJPY,2Y,2026-03-31,USD,JPY,3.79,1.375,241.5,ok,-3.599999999999966,-17.399999999999977,16.399999999999977,1.3405263157894676,-0.9945094009609682,20.454545454544615,divergent,neutral,2026-06-16 04:59:12.846401
USDJPY,2Y,2026-04-01,USD,JPY,3.81,1.349,246.10000000000002,ok,4.600000000000023,-6.199999999999932,20.10000000000005,1.124060150375938,-0.8554418886376342,73.70103511264547,divergent,neutral,2026-06-16 04:59:12.846401
USDJPY,2Y,2026-04-02,USD,JPY,3.79,1.39,240.00000000000003,ok,-6.099999999999994,-21.19999999999996,9.500000000000057,0.8612781954887222,-1.0226564334444705,97.65958658390694,divergent,neutral,2026-06-16 04:59:12.846401
USDJPY,2Y,2026-04-03,USD,JPY,3.84,1.391,244.89999999999998,ok,4.899999999999949,-3.80000000000004,13.499999999999972,0.6684210526315777,-0.8747111947010943,45.075650341290796,divergent,neutral,2026-06-16 04:59:12.846401
USDJPY,2Y,2026-04-06,USD,JPY,3.84,1.402,243.79999999999998,ok,-1.0999999999999943,-1.299999999999983,12.399999999999977,0.4395488721804495,-0.8993415752249329,20.833790902787808,divergent,neutral,2026-06-16 04:59:12.846401
USDJPY,2Y,2026-04-07,USD,JPY,3.81,1.387,242.3,ok,-1.4999999999999716,0.8000000000000114,10.5,0.17691729323307773,-0.9350036745831348,-6.573490053682907,divergent,neutral,2026-06-16 04:59:12.846401
USDJPY,2Y,2026-04-08,USD,JPY,3.79,1.382,240.80000000000004,ok,-1.4999999999999716,-5.299999999999983,9.600000000000051,-0.1324060150375894,-0.9704716375454822,-61.54463239303354,confirmed,neutral,2026-06-16 04:59:12.846401
USDJPY,2Y,2026-04-09,USD,JPY,3.78,1.394,238.60000000000002,ok,-2.200000000000017,-1.4000000000000057,-0.10000000000002274,-0.369172932330833,-1.0256434489702773,-7.2291125792856015,confirmed,neutral,2026-06-16 04:59:12.846401
USDJPY,2Y,2026-04-10,USD,JPY,3.81,1.405,240.50000000000003,ok,1.9000000000000057,-4.399999999999949,-9.19999999999996,-0.40496240601504774,-0.9633633162499909,18.26963592797881,divergent,neutral,2026-06-16 04:59:12.846401
USDJPY,2Y,2026-04-13,USD,JPY,3.78,1.401,237.89999999999995,ok,-2.6000000000000796,-5.900000000000034,-6.2000000000000455,-0.5524812030075186,-1.0306262729567062,-24.96082276877476,confirmed,neutral,2026-06-16 04:59:12.846401
USDJPY,2Y,2026-04-14,USD,JPY,3.76,1.382,237.8,ok,-0.09999999999993747,-4.5,-1.5,-0.7678947368421087,-1.0257475046605111,68.92441141596262,divergent,neutral,2026-06-16 04:59:12.846401
USDJPY,2Y,2026-04-15,USD,JPY,3.76,1.382,237.8,ok,0.0,-3.0000000000000284,-2.200000000000017,-0.9699999999999995,-1.0177411781014443,-14.475778975894249,confirmed,neutral,2026-06-16 04:59:12.846401
USDJPY,2Y,2026-04-16,USD,JPY,3.78,1.366,241.39999999999998,ok,3.599999999999966,2.7999999999999545,-8.5,-0.961052631578948,-0.9061744058625273,1.3509437756042963,confirmed,neutral,2026-06-16 04:59:12.846401
USDJPY,2Y,2026-04-17,USD,JPY,3.71,1.372,233.8,ok,-7.599999999999966,-6.700000000000017,-17.49999999999997,-1.0257894736842141,-1.1177719878664019,10.981520751287555,divergent,neutral,2026-06-16 04:59:12.846401
USDJPY,2Y,2026-04-20,USD,JPY,3.72,1.369,235.1,ok,1.299999999999983,-2.7999999999999545,-16.80000000000001,-1.036165413533838,-1.0714972186102973,6.521410388891091,divergent,neutral,2026-06-16 04:59:12.846401
USDJPY,2Y,2026-04-21,USD,JPY,3.78,1.359,242.1,ok,7.0,4.299999999999983,-16.799999999999983,-0.8107518796992443,-0.8615050530755544,-6.14529868973368,divergent,neutral,2026-06-16 04:59:12.846401
USDJPY,2Y,2026-04-22,USD,JPY,3.79,1.362,242.79999999999998,ok,0.6999999999999886,4.999999999999972,-9.499999999999972,-0.6542857142857177,-0.83436608944239,-20.461862404927977,divergent,neutral,2026-06-16 04:59:12.846401
USDJPY,2Y,2026-04-23,USD,JPY,3.83,1.365,246.5,ok,3.700000000000017,5.100000000000023,-14.699999999999989,-0.2901503759398528,-0.7209129902446659,-36.80541476271393,divergent,neutral,2026-06-16 04:59:12.846401
USDJPY,2Y,2026-04-24,USD,JPY,3.78,1.363,241.7,ok,-4.800000000000011,7.899999999999977,-7.000000000000028,-0.16984962406015688,-0.8535124109724489,-53.42187051437408,divergent,neutral,2026-06-16 04:59:12.846401
USDJPY,2Y,2026-04-27,USD,JPY,3.78,1.375,240.49999999999997,ok,-1.200000000000017,5.399999999999977,-4.599999999999994,-0.11300751879699492,-0.8813667988440536,-18.157968060760197,divergent,neutral,2026-06-16 04:59:12.846401
USDJPY,2Y,2026-04-28,USD,JPY,3.84,1.389,245.09999999999997,ok,4.599999999999994,2.9999999999999716,3.599999999999966,-0.04037593984962256,-0.7413277027261406,56.418689045134585,confirmed,neutral,2026-06-16 04:59:12.846401
USDJPY,2Y,2026-04-30,USD,JPY,3.88,1.402,247.79999999999998,ok,2.700000000000017,5.0,1.6999999999999602,0.13804511278195825,-0.6573623747237325,-187.72812005576787,divergent,neutral,2026-06-16 04:59:12.846401
USDJPY,2Y,2026-05-01,USD,JPY,3.88,1.385,249.5,ok,1.700000000000017,3.0,9.499999999999972,0.24187969924811933,-0.6021763413049476,-162.64643345869524,divergent,neutral,2026-06-16 04:59:12.846401
USDJPY,2Y,2026-05-07,USD,JPY,3.92,1.372,254.8,ok,5.300000000000011,13.100000000000023,9.900000000000034,0.4845112781954914,-0.4420742158254119,-127.54460129337453,divergent,neutral,2026-06-16 04:59:12.846401
USDJPY,2Y,2026-05-08,USD,JPY,3.9,1.378,252.20000000000002,ok,-2.5999999999999943,11.700000000000045,8.400000000000034,0.6577443609022602,-0.5127030356041873,-164.09548172444664,divergent,neutral,2026-06-16 04:59:12.846401
USDJPY,2Y,2026-05-11,USD,JPY,3.95,1.395,255.50000000000003,ok,3.3000000000000114,10.400000000000063,13.200000000000017,0.8418045112781949,-0.40981454301335474,-141.92403332674908,divergent,neutral,2026-06-16 04:59:12.846401
USDJPY,2Y,2026-05-12,USD,JPY,4.0,1.401,259.90000000000003,ok,4.400000000000006,12.100000000000051,19.099999999999994,1.0451879699248143,-0.27458912260763213,-73.8053855260834,divergent,neutral,2026-06-16 04:59:12.846401
USDJPY,2Y,2026-05-13,USD,JPY,3.98,1.401,257.9,ok,-2.000000000000057,8.399999999999977,19.299999999999955,1.1565413533834645,-0.3270940092569042,-71.25741347538738,divergent,neutral,2026-06-16 04:59:12.846401
USDJPY,2Y,2026-05-14,USD,JPY,4.0,1.407,259.3,ok,1.400000000000034,4.5,18.799999999999983,1.2888721804511303,-0.2791328003914041,-49.91534182114066,divergent,neutral,2026-06-16 04:59:12.846401
USDJPY,2Y,2026-05-15,USD,JPY,4.09,1.413,267.69999999999993,ok,8.39999999999992,15.499999999999915,29.799999999999983,1.4718796992481176,-0.02149329582441616,9.39340066321126,confirmed,long_base,2026-06-16 04:59:12.846401
USDJPY,2Y,2026-05-18,USD,JPY,4.07,1.431,263.90000000000003,ok,-3.7999999999998977,8.400000000000006,26.100000000000023,1.5542105263157895,-0.13019351084451983,1.2908385098064912,confirmed,neutral,2026-06-16 04:59:12.846401
USDJPY,2Y,2026-05-19,USD,JPY,4.13,1.452,267.8,ok,3.8999999999999773,7.899999999999977,30.0,1.6530075187969917,-0.006621144391369014,-18.22762253448684,divergent,neutral,2026-06-16 04:59:12.846401
USDJPY,2Y,2026-05-20,USD,JPY,4.04,1.464,257.6,ok,-10.199999999999989,-0.2999999999999545,16.200000000000045,1.6178195488721834,-0.3106878857716665,-35.458435878543696,confirmed,neutral,2026-06-16 04:59:12.846401
USDJPY,2Y,2026-05-21,USD,JPY,4.08,1.453,262.7,ok,5.099999999999966,3.3999999999999773,28.899999999999977,1.5111278195488702,-0.15036855302991403,-45.80104875949065,divergent,neutral,2026-06-16 04:59:12.846401
USDJPY,2Y,2026-05-22,USD,JPY,4.13,1.443,268.7,ok,6.0,1.0000000000000568,33.599999999999994,1.467218045112786,0.03823853156435267,-11.074301346483129,divergent,neutral,2026-06-16 04:59:12.846401
USDJPY,2Y,2026-05-26,USD,JPY,4.01,1.421,258.9,ok,-9.800000000000011,-5.000000000000057,16.799999999999983,1.3433082706766981,-0.25672509878112015,-19.797079930709003,confirmed,neutral,2026-06-16 04:59:12.846401
USDJPY,2Y,2026-05-27,USD,JPY,4.0,1.399,260.1,ok,1.2000000000000455,-7.699999999999989,17.30000000000004,1.222330827067671,-0.21491465932440018,-57.21782977384016,confirmed,neutral,2026-06-16 04:59:12.846401
USDJPY,2Y,2026-05-28,USD,JPY,3.99,1.366,262.40000000000003,ok,2.3000000000000114,4.800000000000011,15.900000000000034,1.1666165413533824,-0.13989091781559887,168.96929369430546,confirmed,neutral,2026-06-16 04:59:12.846401
USDJPY,2Y,2026-05-29,USD,JPY,3.98,1.393,258.7,ok,-3.7000000000000455,-4.0,17.0,0.9583458646616594,-0.25026529410823384,139.74260621552048,divergent,neutral,2026-06-16 04:59:12.846401
