candidate_id,candidate_label,source_phase,symbol,shock_side,shock_level,direction,vol_regime_filter,threshold_pct,horizon_bars,horizon_hours,signal_timestamp,entry_timestamp,exit_timestamp,signal_return_pct,vol_regime,vol20_pct,signal_close,entry_open,exit_close,forward_low,forward_high,entry_gap_pct,close_to_close_return_pct,next_open_return_pct,mae_pct,mfe_pct
BTCUSDT_lower5_all_h48,BTC all 48H,phase2_lower5_best,BTCUSDT,lower,5pct,long,all,-1.8987744291,12,48,2020-08-11 12:00,2020-08-11 16:00,2020-08-13 12:00,-2.2452667336,,,11480.7900000000,11480.7800000000,11499.7800000000,11125.0000000000,11656.9900000000,-0.0000871021,0.1652700897,0.1653571917,-3.1479504782,1.5231667249
BTCUSDT_lower5_all_h48,BTC all 48H,phase2_lower5_best,BTCUSDT,lower,5pct,long,all,-1.8987744291,12,48,2020-08-18 12:00,2020-08-18 16:00,2020-08-20 12:00,-1.9583415028,Q4_higher,1.2037816734,11934.4100000000,11934.4100000000,11854.3500000000,11561.0000000000,12087.0000000000,0.0000000000,-0.6730935304,-0.6730935304,-3.1788459439,1.2704670745
BTCUSDT_lower5_all_h48,BTC all 48H,phase2_lower5_best,BTCUSDT,lower,5pct,long,all,-1.8987744291,12,48,2020-09-02 08:00,2020-09-02 12:00,2020-09-04 08:00,-2.7397789417,Q3_mid,0.9561741186,11406.0200000000,11406.0100000000,10422.1700000000,9960.8000000000,11470.6500000000,-0.0000876730,-9.0206018193,-9.0205141463,-13.5483019809,0.5651189643
BTCUSDT_lower5_all_h48,BTC all 48H,phase2_lower5_best,BTCUSDT,lower,5pct,long,all,-1.8987744291,12,48,2020-09-03 12:00,2020-09-03 16:00,2020-09-05 12:00,-4.9167286704,Q5_high,1.4731534009,10670.2800000000,10670.2800000000,10273.8900000000,9875.5000000000,10794.6200000000,0.0000000000,-3.7856581419,-3.7856581419,-7.7405364352,1.1585555096
BTCUSDT_lower5_all_h48,BTC all 48H,phase2_lower5_best,BTCUSDT,lower,5pct,long,all,-1.8987744291,12,48,2020-09-03 20:00,2020-09-04 00:00,2020-09-05 20:00,-5.2052853397,Q5_high,1.7867970204,10140.8500000000,10138.2900000000,10166.6900000000,9825.0000000000,10627.0500000000,-0.0252476191,0.2544868945,0.2797345136,-3.1389187133,4.7083292488
BTCUSDT_lower5_all_h48,BTC all 48H,phase2_lower5_best,BTCUSDT,lower,5pct,long,all,-1.8987744291,12,48,2020-09-05 16:00,2020-09-05 20:00,2020-09-07 16:00,-3.1364051358,Q5_high,1.8587423575,9956.6600000000,9956.6600000000,10148.4700000000,9875.0000000000,10347.1400000000,0.0000000000,1.9081281218,1.9081281218,-0.8235363204,3.8468479032
BTCUSDT_lower5_all_h48,BTC all 48H,phase2_lower5_best,BTCUSDT,lower,5pct,long,all,-1.8987744291,12,48,2020-09-08 08:00,2020-09-08 12:00,2020-09-10 08:00,-2.7808695428,Q4_higher,1.3573596435,9982.9900000000,9981.7400000000,10292.6200000000,9850.0000000000,10418.0000000000,-0.0125220827,3.0544488918,3.0669709745,-1.3285968640,4.2777655499
BTCUSDT_lower5_all_h48,BTC all 48H,phase2_lower5_best,BTCUSDT,lower,5pct,long,all,-1.8987744291,12,48,2020-09-13 08:00,2020-09-13 12:00,2020-09-15 08:00,-2.0835404906,Q3_mid,0.8473835758,10324.8900000000,10324.8800000000,10821.1500000000,10200.0000000000,10882.0000000000,-0.0000968534,4.6945067391,4.6946035925,-1.2168796213,5.2553531560
BTCUSDT_lower5_all_h48,BTC all 48H,phase2_lower5_best,BTCUSDT,lower,5pct,long,all,-1.8987744291,12,48,2020-09-21 08:00,2020-09-21 12:00,2020-09-23 08:00,-2.4710796525,Q3_mid,0.9160338017,10636.4700000000,10636.4600000000,10474.4500000000,10296.3500000000,10638.1000000000,-0.0000940162,-1.5349703486,-1.5348763324,-3.2498258287,0.0154174752
BTCUSDT_lower5_all_h48,BTC all 48H,phase2_lower5_best,BTCUSDT,lower,5pct,long,all,-1.8987744291,12,48,2020-09-21 12:00,2020-09-21 16:00,2020-09-23 12:00,-2.0680634625,Q3_mid,1.0064831400,10418.7600000000,10418.7700000000,10453.2000000000,10353.0000000000,10572.7100000000,0.0000959807,0.3300124306,0.3299164500,-0.6332654347,1.4667165888
BTCUSDT_lower5_all_h48,BTC all 48H,phase2_lower5_best,BTCUSDT,lower,5pct,long,all,-1.8987744291,12,48,2020-10-25 04:00,2020-10-25 08:00,2020-10-27 04:00,-2.0383082291,Q2_lower,0.8299023378,13027.2400000000,13027.2400000000,13144.5800000000,12765.0000000000,13238.8100000000,0.0000000000,0.8966956539,0.8966956539,-2.0335499127,1.6110117495
BTCUSDT_lower5_all_h48,BTC all 48H,phase2_lower5_best,BTCUSDT,lower,5pct,long,all,-1.8987744291,12,48,2020-10-28 08:00,2020-10-28 12:00,2020-10-30 08:00,-2.5650433257,Q4_higher,1.1124621417,13318.3300000000,13318.3300000000,13347.7900000000,12888.0000000000,13669.9800000000,0.0000000000,0.2209546195,0.2209546195,-3.2844636002,2.6060905800
BTCUSDT_lower5_all_h48,BTC all 48H,phase2_lower5_best,BTCUSDT,lower,5pct,long,all,-1.8987744291,12,48,2020-11-02 08:00,2020-11-02 12:00,2020-11-04 08:00,-2.4965956308,Q3_mid,1.0968117136,13402.1800000000,13402.1800000000,13720.9900000000,13195.0500000000,14066.1100000000,0.0000000000,2.3509396837,2.3509396837,-1.5575621030,4.8350977839
BTCUSDT_lower5_all_h48,BTC all 48H,phase2_lower5_best,BTCUSDT,lower,5pct,long,all,-1.8987744291,12,48,2020-11-04 04:00,2020-11-04 08:00,2020-11-06 04:00,-2.1606071700,Q4_higher,1.1056025278,13600.4600000000,13600.4600000000,15733.3000000000,13569.5100000000,15960.0000000000,0.0000000000,14.5675869578,14.5675869578,-0.2278251569,15.9981976322
BTCUSDT_lower5_all_h48,BTC all 48H,phase2_lower5_best,BTCUSDT,lower,5pct,long,all,-1.8987744291,12,48,2020-11-07 16:00,2020-11-07 20:00,2020-11-09 16:00,-4.6329624755,Q5_high,1.6832935128,14643.5200000000,14643.5200000000,15360.0000000000,14344.2200000000,15840.0000000000,0.0000000000,4.7768810928,4.7768810928,-2.0650843183,7.8540469595
BTCUSDT_lower5_all_h48,BTC all 48H,phase2_lower5_best,BTCUSDT,lower,5pct,long,all,-1.8987744291,12,48,2020-11-09 12:00,2020-11-09 16:00,2020-11-11 12:00,-5.2046995362,Q5_high,1.9278088722,15000.9600000000,15000.9600000000,15667.2700000000,14805.5400000000,15718.9100000000,0.0000000000,4.3459623884,4.3459623884,-1.3112764002,4.6750247120
BTCUSDT_lower5_all_h48,BTC all 48H,phase2_lower5_best,BTCUSDT,lower,5pct,long,all,-1.8987744291,12,48,2020-11-18 12:00,2020-11-18 16:00,2020-11-20 12:00,-2.0824102809,Q4_higher,1.1620208383,17873.8800000000,17873.8900000000,18668.5600000000,17335.6500000000,18739.9000000000,0.0000559475,4.3500396221,4.3499836745,-3.0575913921,4.7313951867
BTCUSDT_lower5_all_h48,BTC all 48H,phase2_lower5_best,BTCUSDT,lower,5pct,long,all,-1.8987744291,12,48,2020-11-22 08:00,2020-11-22 12:00,2020-11-24 08:00,-3.3559342250,Q4_higher,1.2267980163,17887.8200000000,17891.7600000000,19064.9900000000,17820.0000000000,19100.0000000000,0.0220237354,6.3733634478,6.3513397124,-0.4018849622,6.5348063388
BTCUSDT_lower5_all_h48,BTC all 48H,phase2_lower5_best,BTCUSDT,lower,5pct,long,all,-1.8987744291,12,48,2020-11-26 00:00,2020-11-26 04:00,2020-11-28 00:00,-4.3182306260,Q5_high,1.6311077348,17927.9800000000,17927.9800000000,16990.2700000000,16188.0000000000,18100.0000000000,0.0000000000,-5.3721793666,-5.3721793666,-10.2092393911,0.9549317347
BTCUSDT_lower5_all_h48,BTC all 48H,phase2_lower5_best,BTCUSDT,lower,5pct,long,all,-1.8987744291,12,48,2020-11-26 08:00,2020-11-26 12:00,2020-11-28 08:00,-2.9950481614,Q5_high,1.7738829006,17100.0000000000,17100.0000000000,17160.2900000000,16188.0000000000,17457.6200000000,0.0000000000,0.3519530175,0.3519530175,-5.4808236495,2.0697766042
BTCUSDT_lower5_all_h48,BTC all 48H,phase2_lower5_best,BTCUSDT,lower,5pct,long,all,-1.8987744291,12,48,2020-11-26 16:00,2020-11-26 20:00,2020-11-28 16:00,-2.3237801011,Q5_high,1.8009910164,16516.8700000000,16516.8600000000,17814.5000000000,16438.0800000000,17840.0000000000,-0.0000605442,7.5630449598,7.5631055040,-0.4781082901,7.7061449764
BTCUSDT_lower5_all_h48,BTC all 48H,phase2_lower5_best,BTCUSDT,lower,5pct,long,all,-1.8987744291,12,48,2020-12-04 08:00,2020-12-04 12:00,2020-12-06 08:00,-2.3648700455,Q4_higher,1.1602330561,18833.2500000000,18834.4800000000,19089.1600000000,18500.0000000000,19342.0000000000,0.0065307891,1.3496709978,1.3431402088,-1.7918500502,2.6589664708
BTCUSDT_lower5_all_h48,BTC all 48H,phase2_lower5_best,BTCUSDT,lower,5pct,long,all,-1.8987744291,12,48,2020-12-04 20:00,2020-12-05 00:00,2020-12-06 20:00,-2.0601297719,Q4_higher,1.2397567625,18650.5200000000,18650.5100000000,19359.4000000000,18500.0000000000,19420.0000000000,-0.0000536178,3.7304061894,3.7304598072,-0.8102759476,4.0429971303
BTCUSDT_lower5_all_h48,BTC all 48H,phase2_lower5_best,BTCUSDT,lower,5pct,long,all,-1.8987744291,12,48,2020-12-08 08:00,2020-12-08 12:00,2020-12-10 08:00,-2.0057623735,Q2_lower,0.8052504587,18762.9600000000,18762.9500000000,18192.4900000000,17650.0000000000,18974.8300000000,-0.0000532965,-3.0875842086,-3.0875309121,-6.1148397303,1.1229183402
BTCUSDT_lower5_all_h48,BTC all 48H,phase2_lower5_best,BTCUSDT,lower,5pct,long,all,-1.8987744291,12,48,2020-12-08 20:00,2020-12-09 00:00,2020-12-10 20:00,-2.5412569352,Q3_mid,0.9507937345,18324.1100000000,18324.1100000000,18254.6300000000,17650.0000000000,18639.5700000000,0.0000000000,-0.3798932580,-0.3798932580,-3.7481895683,1.7069061259
BTCUSDT_lower5_all_h48,BTC all 48H,phase2_lower5_best,BTCUSDT,lower,5pct,long,all,-1.8987744291,12,48,2020-12-09 04:00,2020-12-09 08:00,2020-12-11 04:00,-2.0757104001,Q3_mid,1.0306122934,17924.0700000000,17924.0600000000,17811.9500000000,17650.0000000000,18639.5700000000,-0.0000557909,-0.6274921935,-0.6274364026,-1.5408161006,3.9142795936
BTCUSDT_lower5_all_h48,BTC all 48H,phase2_lower5_best,BTCUSDT,lower,5pct,long,all,-1.8987744291,12,48,2020-12-20 00:00,2020-12-20 04:00,2020-12-22 00:00,-2.0146928617,Q5_high,1.5998118914,23346.4800000000,23346.2500000000,22851.2000000000,21815.0000000000,24295.0000000000,-0.0009851641,-2.1442590914,-2.1432739273,-6.7838565070,3.9834196212
BTCUSDT_lower5_all_h48,BTC all 48H,phase2_lower5_best,BTCUSDT,lower,5pct,long,all,-1.8987744291,12,48,2020-12-20 20:00,2020-12-21 00:00,2020-12-22 20:00,-2.0027040273,Q4_higher,1.3094112489,23455.5200000000,23455.5400000000,23810.7900000000,21815.0000000000,24102.7700000000,0.0000852677,1.5032977637,1.5032124960,-7.2508907749,2.7220057326
BTCUSDT_lower5_all_h48,BTC all 48H,phase2_lower5_best,BTCUSDT,lower,5pct,long,all,-1.8987744291,12,48,2020-12-21 08:00,2020-12-21 12:00,2020-12-23 08:00,-5.7243537416,Q5_high,1.8621404284,22645.8500000000,22646.7000000000,23064.0100000000,21815.0000000000,24050.0000000000,0.0037533767,1.8296781729,1.8259247962,-3.7416339375,6.0120850602
BTCUSDT_lower5_all_h48,BTC all 48H,phase2_lower5_best,BTCUSDT,lower,5pct,long,all,-1.8987744291,12,48,2020-12-23 08:00,2020-12-23 12:00,2020-12-25 08:00,-2.1095709057,Q5_high,1.7666764732,23064.0100000000,23064.0100000000,24574.4000000000,22600.0000000000,24681.0000000000,0.0000000000,6.3431856767,6.3431856767,-2.0323487634,6.7760322943
BTCUSDT_lower5_all_h48,BTC all 48H,phase2_lower5_best,BTCUSDT,lower,5pct,long,all,-1.8987744291,12,48,2020-12-25 12:00,2020-12-25 16:00,2020-12-27 12:00,-2.2604884807,Q5_high,1.5382165650,24025.1300000000,24025.1300000000,27359.6200000000,23987.1600000000,28422.0000000000,0.0000000000,12.9967837897,12.9967837897,-0.1581678688,16.8063127298
BTCUSDT_lower5_all_h48,BTC all 48H,phase2_lower5_best,BTCUSDT,lower,5pct,long,all,-1.8987744291,12,48,2020-12-27 20:00,2020-12-28 00:00,2020-12-29 20:00,-2.9985757744,Q5_high,1.8538376383,26281.6600000000,26281.5400000000,27385.0000000000,25880.0000000000,27500.0000000000,-0.0004565932,4.1124060709,4.1128626641,-1.5396321962,4.5319213077
BTCUSDT_lower5_all_h48,BTC all 48H,phase2_lower5_best,BTCUSDT,lower,5pct,long,all,-1.8987744291,12,48,2020-12-29 00:00,2020-12-29 04:00,2020-12-31 00:00,-2.3721681839,Q5_high,1.8161799442,26444.6000000000,26445.5000000000,29024.0000000000,25880.0000000000,29300.0000000000,0.0034032834,9.3071095262,9.3037062428,-2.1615541872,10.2501504518
BTCUSDT_lower5_all_h48,BTC all 48H,phase2_lower5_best,BTCUSDT,lower,5pct,long,all,-1.8987744291,12,48,2020-12-30 08:00,2020-12-30 12:00,2021-01-01 08:00,-1.9486457881,Q5_high,1.8579698147,27838.8200000000,27836.9500000000,29313.4900000000,27577.0000000000,29470.0000000000,-0.0067174644,5.1616370113,5.1683544756,-0.9382182892,5.7008521883
BTCUSDT_lower5_all_h48,BTC all 48H,phase2_lower5_best,BTCUSDT,lower,5pct,long,all,-1.8987744291,12,48,2021-01-02 20:00,2021-01-03 00:00,2021-01-04 20:00,-2.6038219759,Q5_high,1.8780106696,32178.3300000000,32176.4500000000,31988.7100000000,28130.0000000000,34778.1100000000,-0.0058426118,-0.5910216584,-0.5851790465,-13.4398196010,7.7753347362
BTCUSDT_lower5_all_h48,BTC all 48H,phase2_lower5_best,BTCUSDT,lower,5pct,long,all,-1.8987744291,12,48,2021-01-03 12:00,2021-01-03 16:00,2021-01-05 12:00,-2.6706769757,Q5_high,2.3051869791,33506.6200000000,33505.1500000000,32099.9800000000,28130.0000000000,33861.9200000000,-0.0043872890,-4.2887624166,-4.2843751276,-17.4862535857,1.0591920814
BTCUSDT_lower5_all_h48,BTC all 48H,phase2_lower5_best,BTCUSDT,lower,5pct,long,all,-1.8987744291,12,48,2021-01-03 16:00,2021-01-03 20:00,2021-01-05 16:00,-2.2162131080,Q5_high,2.3728584895,32772.2100000000,32775.1000000000,33697.7500000000,28130.0000000000,34187.0900000000,0.0088180583,2.7850169383,2.7761988800,-15.2832458249,4.2179006672
BTCUSDT_lower5_all_h48,BTC all 48H,phase2_lower5_best,BTCUSDT,lower,5pct,long,all,-1.8987744291,12,48,2021-01-04 04:00,2021-01-04 08:00,2021-01-06 04:00,-4.3814614646,Q5_high,2.6263327384,32068.8400000000,32068.8400000000,34676.4000000000,28130.0000000000,35766.5800000000,0.0000000000,7.8174498121,7.8174498121,-13.1048219673,10.9129095678
BTCUSDT_lower5_all_h48,BTC all 48H,phase2_lower5_best,BTCUSDT,lower,5pct,long,all,-1.8987744291,12,48,2021-01-04 08:00,2021-01-04 12:00,2021-01-06 08:00,-4.2220564451,Q5_high,2.8240578713,30743.0600000000,30742.9900000000,34918.5300000000,29900.0000000000,35766.5800000000,-0.0002276939,12.7353356142,12.7355633081,-2.7803520388,15.1351937069
BTCUSDT_lower5_all_h48,BTC all 48H,phase2_lower5_best,BTCUSDT,lower,5pct,long,all,-1.8987744291,12,48,2021-01-05 00:00,2021-01-05 04:00,2021-01-07 00:00,-2.4964933231,Q5_high,2.9584055399,31200.0000000000,31190.0400000000,37454.4800000000,29900.0000000000,37699.0000000000,-0.0319281734,18.2708234161,18.3027515896,-4.2240332685,18.9534755822
BTCUSDT_lower5_all_h48,BTC all 48H,phase2_lower5_best,BTCUSDT,lower,5pct,long,all,-1.8987744291,12,48,2021-01-08 00:00,2021-01-08 04:00,2021-01-10 00:00,-2.7905864552,Q5_high,2.1764524321,38347.1000000000,38347.1100000000,40316.6400000000,37563.9200000000,41950.0000000000,0.0000260776,5.0085381299,5.0085120523,-2.0635151192,8.9799266479
BTCUSDT_lower5_all_h48,BTC all 48H,phase2_lower5_best,BTCUSDT,lower,5pct,long,all,-1.8987744291,12,48,2021-01-10 08:00,2021-01-10 12:00,2021-01-12 08:00,-4.4837914746,Q5_high,2.2828498083,39181.7600000000,39175.0900000000,35410.9900000000,30420.0000000000,40126.0000000000,-0.0170246763,-10.1189108449,-10.1018861686,-25.2940798792,2.3983417635
BTCUSDT_lower5_all_h48,BTC all 48H,phase2_lower5_best,BTCUSDT,lower,5pct,long,all,-1.8987744291,12,48,2021-01-10 16:00,2021-01-10 20:00,2021-01-12 16:00,-5.7453391912,Q5_high,2.5684060548,37456.7700000000,37472.4000000000,34685.1100000000,30420.0000000000,39000.0000000000,0.0417194004,-7.6876979759,-7.7294173763,-20.8504375164,3.9956984134
BTCUSDT_lower5_all_h48,BTC all 48H,phase2_lower5_best,BTCUSDT,lower,5pct,long,all,-1.8987744291,12,48,2021-01-11 00:00,2021-01-11 04:00,2021-01-13 00:00,-7.3735101054,Q5_high,2.9857208839,35438.2300000000,35438.2300000000,33818.5000000000,30420.0000000000,36628.0000000000,0.0000000000,-4.6783190890,-4.6783190890,-15.2690894092,3.3021794322
BTCUSDT_lower5_all_h48,BTC all 48H,phase2_lower5_best,BTCUSDT,lower,5pct,long,all,-1.8987744291,12,48,2021-01-11 04:00,2021-01-11 08:00,2021-01-13 04:00,-3.0451734076,Q5_high,3.0181926782,34375.3400000000,34372.2500000000,34986.9000000000,30420.0000000000,36628.0000000000,-0.0089894060,1.7634258866,1.7724152926,-12.2149265955,6.3563422459
BTCUSDT_lower5_all_h48,BTC all 48H,phase2_lower5_best,BTCUSDT,lower,5pct,long,all,-1.8987744291,12,48,2021-01-11 12:00,2021-01-11 16:00,2021-01-13 12:00,-7.9659529091,Q5_high,3.3580943689,31580.0000000000,31582.8200000000,34673.9000000000,30420.0000000000,36628.0000000000,0.0089293037,9.3463233727,9.3373940690,-3.7513015033,14.8199673381
BTCUSDT_lower5_all_h48,BTC all 48H,phase2_lower5_best,BTCUSDT,lower,5pct,long,all,-1.8987744291,12,48,2021-01-12 08:00,2021-01-12 12:00,2021-01-14 08:00,-2.7920107298,Q5_high,4.0156534946,35410.9900000000,35410.9900000000,38365.8600000000,32380.0000000000,38786.1000000000,0.0000000000,8.0145777706,8.0145777706,-8.9481275687,9.1039711084
BTCUSDT_lower5_all_h48,BTC all 48H,phase2_lower5_best,BTCUSDT,lower,5pct,long,all,-1.8987744291,12,48,2021-01-12 12:00,2021-01-12 16:00,2021-01-14 12:00,-4.5691977039,Q5_high,4.1085684583,33829.4000000000,33829.4000000000,39546.0100000000,32380.0000000000,40100.0000000000,0.0000000000,15.6134557271,15.6134557271,-4.3789298648,17.0046087415
BTCUSDT_lower5_all_h48,BTC all 48H,phase2_lower5_best,BTCUSDT,lower,5pct,long,all,-1.8987744291,12,48,2021-01-15 12:00,2021-01-15 16:00,2021-01-17 12:00,-6.7800609717,Q5_high,2.8472865402,35610.7200000000,35610.7900000000,35728.4700000000,33850.0000000000,37950.0000000000,0.0001965698,0.3301133835,0.3299168137,-5.0709682465,6.3620822018
BTCUSDT_lower5_all_h48,BTC all 48H,phase2_lower5_best,BTCUSDT,lower,5pct,long,all,-1.8987744291,12,48,2021-01-16 16:00,2021-01-16 20:00,2021-01-18 16:00,-2.9406881117,Q5_high,2.6828789292,36376.3900000000,36376.3900000000,35956.1400000000,33850.0000000000,37469.8300000000,0.0000000000,-1.1620075469,-1.1620075469,-7.1980938462,2.9616138012
BTCUSDT_lower5_all_h48,BTC all 48H,phase2_lower5_best,BTCUSDT,lower,5pct,long,all,-1.8987744291,12,48,2021-01-17 04:00,2021-01-17 08:00,2021-01-19 04:00,-3.9930365898,Q5_high,2.5574397494,34760.9000000000,34760.9100000000,37168.8200000000,33850.0000000000,37469.8300000000,0.0000287680,6.6977045882,6.6976758202,-2.6554480213,7.5042596261
BTCUSDT_lower5_all_h48,BTC all 48H,phase2_lower5_best,BTCUSDT,lower,5pct,long,all,-1.8987744291,12,48,2021-01-18 00:00,2021-01-18 04:00,2021-01-20 00:00,-2.0367558959,Q5_high,2.3712868023,35106.2500000000,35108.2700000000,35062.4900000000,34800.0000000000,37850.0000000000,0.0057537957,-0.1247279221,-0.1304817177,-0.8819328475,7.5194264628
BTCUSDT_lower5_all_h48,BTC all 48H,phase2_lower5_best,BTCUSDT,lower,5pct,long,all,-1.8987744291,12,48,2021-01-19 16:00,2021-01-19 20:00,2021-01-21 16:00,-2.8519556110,Q5_high,1.7726854257,36279.8200000000,36281.6600000000,32468.6600000000,31037.0000000000,36777.8800000000,0.0050715614,-11.0986347424,-11.1037063038,-15.6132338278,1.3584198056
BTCUSDT_lower5_all_h48,BTC all 48H,phase2_lower5_best,BTCUSDT,lower,5pct,long,all,-1.8987744291,12,48,2021-01-20 00:00,2021-01-20 04:00,2021-01-22 00:00,-2.3368321962,Q5_high,1.7378250631,35062.4900000000,35062.4900000000,30943.4000000000,28850.0000000000,35939.1200000000,0.0000000000,-12.4972168861,-12.4972168861,-19.5021905124,2.4694497725
BTCUSDT_lower5_all_h48,BTC all 48H,phase2_lower5_best,BTCUSDT,lower,5pct,long,all,-1.8987744291,12,48,2021-01-20 08:00,2021-01-20 12:00,2021-01-22 08:00,-3.5693116583,Q5_high,1.9361049084,34426.1700000000,34426.1700000000,31710.8800000000,28850.0000000000,35670.0000000000,0.0000000000,-8.2157191302,-8.2157191302,-17.6707038011,3.5492968406
BTCUSDT_lower5_all_h48,BTC all 48H,phase2_lower5_best,BTCUSDT,lower,5pct,long,all,-1.8987744291,12,48,2021-01-21 00:00,2021-01-21 04:00,2021-01-23 00:00,-2.5619582550,Q5_high,1.8947046689,34571.0900000000,34572.4200000000,32365.0100000000,28850.0000000000,35019.0100000000,0.0038470711,-6.5939882692,-6.5978353403,-18.0946261422,1.2834802522
BTCUSDT_lower5_all_h48,BTC all 48H,phase2_lower5_best,BTCUSDT,lower,5pct,long,all,-1.8987744291,12,48,2021-01-21 08:00,2021-01-21 12:00,2021-01-23 08:00,-7.2320762665,Q5_high,2.4369677231,32208.6200000000,32206.8900000000,31645.4900000000,28850.0000000000,33826.5300000000,-0.0053713772,-1.7638476202,-1.7584762430,-11.0070411862,4.9065001034
BTCUSDT_lower5_all_h48,BTC all 48H,phase2_lower5_best,BTCUSDT,lower,5pct,long,all,-1.8987744291,12,48,2021-01-21 12:00,2021-01-21 16:00,2021-01-23 12:00,-2.5933041982,Q5_high,2.3574429653,31384.0900000000,31384.1900000000,31877.1000000000,28850.0000000000,33826.5300000000,0.0003186323,1.5586807055,1.5583620732,-8.4194269975,7.4941142921
BTCUSDT_lower5_all_h48,BTC all 48H,phase2_lower5_best,BTCUSDT,lower,5pct,long,all,-1.8987744291,12,48,2021-01-21 20:00,2021-01-22 00:00,2021-01-23 20:00,-5.1134352119,Q5_high,2.7000379439,30850.1300000000,30851.9900000000,32078.0000000000,28850.0000000000,33826.5300000000,0.0060289663,3.9029472634,3.8969182972,-6.7091260989,9.2044151906
BTCUSDT_lower5_all_h48,BTC all 48H,phase2_lower5_best,BTCUSDT,lower,5pct,long,all,-1.8987744291,12,48,2021-01-22 20:00,2021-01-23 00:00,2021-01-24 20:00,-1.9369449087,Q5_high,2.9404697858,32945.1700000000,32950.0000000000,32259.9000000000,30900.0000000000,33456.0000000000,0.0146596481,-2.1019691590,-2.1166288070,-6.4235077045,1.5239881738
BTCUSDT_lower5_all_h48,BTC all 48H,phase2_lower5_best,BTCUSDT,lower,5pct,long,all,-1.8987744291,12,48,2021-01-23 08:00,2021-01-23 12:00,2021-01-25 08:00,-3.9824286947,Q5_high,3.0270697368,31645.4900000000,31643.9000000000,33185.2600000000,30900.0000000000,33797.9600000000,-0.0050245389,4.7510159046,4.7560404435,-2.3789213094,6.5855048641
BTCUSDT_lower5_all_h48,BTC all 48H,phase2_lower5_best,BTCUSDT,lower,5pct,long,all,-1.8987744291,12,48,2021-01-24 12:00,2021-01-24 16:00,2021-01-26 12:00,-2.7052562501,Q5_high,2.8800086311,31957.0500000000,31956.9000000000,31750.2300000000,30837.3700000000,34875.0000000000,-0.0004693811,-0.6492844352,-0.6488150541,-3.5660853748,8.7382120193
BTCUSDT_lower5_all_h48,BTC all 48H,phase2_lower5_best,BTCUSDT,lower,5pct,long,all,-1.8987744291,12,48,2021-01-24 16:00,2021-01-24 20:00,2021-01-26 16:00,-2.0573777936,Q5_high,2.4315220588,31306.2900000000,31306.2900000000,32208.3300000000,30837.3700000000,34875.0000000000,0.0000000000,2.8406078923,2.8406078923,-1.5091769623,10.7951204318
BTCUSDT_lower5_all_h48,BTC all 48H,phase2_lower5_best,BTCUSDT,lower,5pct,long,all,-1.8987744291,12,48,2021-01-25 16:00,2021-01-25 20:00,2021-01-27 16:00,-3.0848838239,Q5_high,2.3865574244,33411.5400000000,33411.5400000000,30740.3300000000,29241.7200000000,33473.9200000000,0.0000000000,-8.3325876039,-8.3325876039,-13.3304892609,0.1865278884
BTCUSDT_lower5_all_h48,BTC all 48H,phase2_lower5_best,BTCUSDT,lower,5pct,long,all,-1.8987744291,12,48,2021-01-25 20:00,2021-01-26 00:00,2021-01-27 20:00,-3.5253081970,Q5_high,2.4768508904,32254.2000000000,32254.1900000000,30366.1500000000,29241.7200000000,32921.8800000000,-0.0000310037,-6.0319766137,-6.0319456100,-9.8051500602,2.0489525036
BTCUSDT_lower5_all_h48,BTC all 48H,phase2_lower5_best,BTCUSDT,lower,5pct,long,all,-1.8987744291,12,48,2021-01-26 00:00,2021-01-26 04:00,2021-01-28 00:00,-2.3068515925,Q5_high,2.3857505883,31518.6600000000,31520.2500000000,31404.2500000000,29241.7200000000,32921.8800000000,0.0050445035,-0.3636517322,-0.3686962357,-7.5033739749,4.3507285889
BTCUSDT_lower5_all_h48,BTC all 48H,phase2_lower5_best,BTCUSDT,lower,5pct,long,all,-1.8987744291,12,48,2021-01-27 00:00,2021-01-27 04:00,2021-01-29 00:00,-2.0754571530,Q5_high,2.1639788983,31800.8600000000,31801.2700000000,33733.5800000000,29241.7200000000,34310.0000000000,0.0012892650,5.9000446966,5.8987554316,-8.3909769415,7.5930630775
BTCUSDT_lower5_all_h48,BTC all 48H,phase2_lower5_best,BTCUSDT,lower,5pct,long,all,-1.8987744291,12,48,2021-01-27 08:00,2021-01-27 12:00,2021-01-29 08:00,-3.5407285359,Q5_high,2.2679493117,30639.0500000000,30635.7400000000,37025.3200000000,29241.7200000000,37990.0000000000,-0.0108037906,18.9326663756,18.9434701662,-4.6570844583,21.5155665936
BTCUSDT_lower5_all_h48,BTC all 48H,phase2_lower5_best,BTCUSDT,lower,5pct,long,all,-1.8987744291,12,48,2021-01-29 04:00,2021-01-29 08:00,2021-01-31 04:00,-4.4468888895,Q5_high,1.9936238555,32266.3500000000,32266.3600000000,33607.9800000000,32006.9100000000,38531.9000000000,0.0000309920,4.0738647254,4.0738337333,-0.8073384448,17.7461268209
BTCUSDT_lower5_all_h48,BTC all 48H,phase2_lower5_best,BTCUSDT,lower,5pct,long,all,-1.8987744291,12,48,2021-01-29 16:00,2021-01-29 20:00,2021-01-31 16:00,-7.8722501534,Q5_high,4.0924713836,34318.5700000000,34322.5000000000,32808.8000000000,32171.6700000000,35354.9400000000,0.0114508705,-4.4989834996,-4.5104343701,-6.4714864167,2.9637012193
BTCUSDT_lower5_all_h48,BTC all 48H,phase2_lower5_best,BTCUSDT,lower,5pct,long,all,-1.8987744291,12,48,2021-01-30 00:00,2021-01-30 04:00,2021-02-01 00:00,-2.8993719406,Q5_high,4.1483741299,33273.3600000000,33273.3600000000,33573.9700000000,32171.6700000000,34800.0000000000,0.0000000000,0.8993987536,0.8993987536,-3.3670825193,4.4860309965
BTCUSDT_lower5_all_h48,BTC all 48H,phase2_lower5_best,BTCUSDT,lower,5pct,long,all,-1.8987744291,12,48,2021-01-31 12:00,2021-01-31 16:00,2021-02-02 12:00,-2.1094063683,Q5_high,4.0253634881,32862.6600000000,32862.6500000000,34708.4700000000,32171.6700000000,35668.1000000000,-0.0000304297,5.4646690571,5.4646994867,-2.1250502896,8.1919977383
BTCUSDT_lower5_all_h48,BTC all 48H,phase2_lower5_best,BTCUSDT,lower,5pct,long,all,-1.8987744291,12,48,2021-02-01 12:00,2021-02-01 16:00,2021-02-03 12:00,-3.0388641424,Q5_high,3.8986348134,33160.1700000000,33160.0000000000,36850.0000000000,33133.2600000000,36917.2700000000,-0.0005126645,10.5506161723,10.5511288368,-0.0806718555,10.7335132972
BTCUSDT_lower5_all_h48,BTC all 48H,phase2_lower5_best,BTCUSDT,lower,5pct,long,all,-1.8987744291,12,48,2021-02-04 12:00,2021-02-04 16:00,2021-02-06 12:00,-2.0505826515,Q5_high,1.6803938805,36564.2300000000,36564.2300000000,40864.7300000000,36399.7900000000,40866.6600000000,0.0000000000,11.1196903713,11.1196903713,-0.4507434717,11.1244131590
BTCUSDT_lower5_all_h48,BTC all 48H,phase2_lower5_best,BTCUSDT,lower,5pct,long,all,-1.8987744291,12,48,2021-02-06 20:00,2021-02-07 00:00,2021-02-08 20:00,-2.5011396220,Q5_high,1.6046695474,39186.9400000000,39181.0100000000,46374.8700000000,37351.0000000000,46794.4500000000,-0.0151337377,16.8414189669,16.8565527047,-4.7832505660,17.7572415505
BTCUSDT_lower5_all_h48,BTC all 48H,phase2_lower5_best,BTCUSDT,lower,5pct,long,all,-1.8987744291,12,48,2021-02-07 12:00,2021-02-07 16:00,2021-02-09 12:00,-2.9247855523,Q5_high,1.6927622940,37921.1100000000,37921.1200000000,46773.6300000000,37351.0000000000,48142.1900000000,0.0000263705,20.9811633471,20.9811369765,-1.5148527833,23.8650710819
BTCUSDT_lower5_all_h48,BTC all 48H,phase2_lower5_best,BTCUSDT,lower,5pct,long,all,-1.8987744291,12,48,2021-02-09 08:00,2021-02-09 12:00,2021-02-11 08:00,-2.3955221023,Q5_high,3.2744143452,46380.9200000000,46390.9500000000,46061.4900000000,43727.0000000000,47499.4300000000,0.0216229338,-0.6910924788,-0.7127154126,-5.9138636824,2.3613313863
BTCUSDT_lower5_all_h48,BTC all 48H,phase2_lower5_best,BTCUSDT,lower,5pct,long,all,-1.8987744291,12,48,2021-02-10 12:00,2021-02-10 16:00,2021-02-12 12:00,-4.9130835450,Q5_high,3.3984552689,44353.0400000000,44354.5000000000,47021.0500000000,43800.0000000000,48985.8000000000,0.0032917157,5.8414121720,5.8381204563,-1.2580351840,9.9316290971
BTCUSDT_lower5_all_h48,BTC all 48H,phase2_lower5_best,BTCUSDT,lower,5pct,long,all,-1.8987744291,12,48,2021-02-15 00:00,2021-02-15 04:00,2021-02-17 00:00,-3.0462524521,Q4_higher,1.2565351579,47120.3000000000,47120.3100000000,49657.3800000000,46174.7800000000,50689.1800000000,0.0000212223,5.2443113882,5.2442901660,-2.0270356678,7.3008357324
BTCUSDT_lower5_all_h48,BTC all 48H,phase2_lower5_best,BTCUSDT,lower,5pct,long,all,-1.8987744291,12,48,2021-02-20 20:00,2021-02-21 00:00,2021-02-22 20:00,-2.0102912201,Q4_higher,1.2415679984,55841.1900000000,55841.1900000000,54087.6700000000,47622.0000000000,58352.8000000000,0.0000000000,-3.1905520514,-3.1905520514,-15.9216929779,4.3995574756
BTCUSDT_lower5_all_h48,BTC all 48H,phase2_lower5_best,BTCUSDT,lower,5pct,long,all,-1.8987744291,12,48,2021-02-22 00:00,2021-02-22 04:00,2021-02-24 00:00,-2.7342886574,Q5_high,1.4890970862,55860.1200000000,55858.9900000000,50874.9900000000,44892.5600000000,56623.6900000000,-0.0020229305,-9.3479261540,-9.3459032234,-21.8558399978,1.3596969441
BTCUSDT_lower5_all_h48,BTC all 48H,phase2_lower5_best,BTCUSDT,lower,5pct,long,all,-1.8987744291,12,48,2021-02-22 08:00,2021-02-22 12:00,2021-02-24 08:00,-3.4217247257,Q5_high,1.7061161072,54524.9400000000,54515.0000000000,50360.0200000000,44892.5600000000,54989.4600000000,-0.0182318516,-7.9460605358,-7.9278286842,-19.4203813699,0.8665637346
BTCUSDT_lower5_all_h48,BTC all 48H,phase2_lower5_best,BTCUSDT,lower,5pct,long,all,-1.8987744291,12,48,2021-02-22 12:00,2021-02-22 16:00,2021-02-24 12:00,-2.3910391380,Q5_high,1.8014159374,53236.6900000000,53236.6900000000,49819.5000000000,44892.5600000000,54989.4600000000,0.0000000000,-6.6341346641,-6.6341346641,-17.0475740835,3.2393710210
BTCUSDT_lower5_all_h48,BTC all 48H,phase2_lower5_best,BTCUSDT,lower,5pct,long,all,-1.8987744291,12,48,2021-02-23 00:00,2021-02-23 04:00,2021-02-25 00:00,-4.1164922585,Q5_high,1.8657263434,51906.3600000000,51900.7300000000,50206.9700000000,44892.5600000000,52311.7100000000,-0.0108470433,-3.3287464335,-3.3178993902,-14.5060776124,0.7887390999
BTCUSDT_lower5_all_h48,BTC all 48H,phase2_lower5_best,BTCUSDT,lower,5pct,long,all,-1.8987744291,12,48,2021-02-23 04:00,2021-02-23 08:00,2021-02-25 04:00,-4.4637717838,Q5_high,2.0252911221,49640.3300000000,49642.9200000000,50395.9900000000,44892.5600000000,51374.9900000000,0.0052173957,1.5108000241,1.5055826284,-10.0583702677,3.4295696033
BTCUSDT_lower5_all_h48,BTC all 48H,phase2_lower5_best,BTCUSDT,lower,5pct,long,all,-1.8987744291,12,48,2021-02-23 08:00,2021-02-23 12:00,2021-02-25 08:00,-6.8166221517,Q5_high,2.4549607168,46369.2900000000,46359.1400000000,50294.8000000000,45251.0000000000,51374.9900000000,-0.0218918837,8.1264305378,8.1483224215,-2.4193698476,10.2733010344
BTCUSDT_lower5_all_h48,BTC all 48H,phase2_lower5_best,BTCUSDT,lower,5pct,long,all,-1.8987744291,12,48,2021-02-23 16:00,2021-02-23 20:00,2021-02-25 16:00,-6.5447606838,Q5_high,2.9776366671,45523.0000000000,45523.0200000000,49443.8600000000,45251.0000000000,52041.7300000000,0.0000439338,8.2620191792,8.2619752454,-0.5993362732,13.3827764669
BTCUSDT_lower5_all_h48,BTC all 48H,phase2_lower5_best,BTCUSDT,lower,5pct,long,all,-1.8987744291,12,48,2021-02-25 16:00,2021-02-25 20:00,2021-02-27 16:00,-2.8042041302,Q5_high,3.5293769957,49443.8600000000,49442.2000000000,47405.3900000000,44106.7800000000,49550.0100000000,-0.0033573994,-4.2101949219,-4.2068375225,-11.4190798409,0.2178152051
BTCUSDT_lower5_all_h48,BTC all 48H,phase2_lower5_best,BTCUSDT,lower,5pct,long,all,-1.8987744291,12,48,2021-02-25 20:00,2021-02-26 00:00,2021-02-27 20:00,-4.9122788582,Q5_high,3.6440494795,47073.7300000000,47073.7300000000,46106.4300000000,44106.7800000000,48424.1100000000,0.0000000000,-2.0762676284,-2.0762676284,-6.5101583821,2.8282734235
BTCUSDT_lower5_all_h48,BTC all 48H,phase2_lower5_best,BTCUSDT,lower,5pct,long,all,-1.8987744291,12,48,2021-02-26 04:00,2021-02-26 08:00,2021-02-28 04:00,-5.1071984918,Q5_high,3.7551653436,44973.6800000000,44986.9900000000,44400.8300000000,43738.6500000000,48424.1100000000,0.0295907091,-1.2819266810,-1.3115173901,-2.8141186284,7.3624493329
BTCUSDT_lower5_all_h48,BTC all 48H,phase2_lower5_best,BTCUSDT,lower,5pct,long,all,-1.8987744291,12,48,2021-02-27 20:00,2021-02-28 00:00,2021-03-01 20:00,-2.7783515647,Q5_high,2.3346378087,46106.4300000000,46103.6700000000,49587.0300000000,43000.0000000000,49790.0000000000,-0.0059863290,7.2776887932,7.2836751222,-6.9692440685,7.6921604276
BTCUSDT_lower5_all_h48,BTC all 48H,phase2_lower5_best,BTCUSDT,lower,5pct,long,all,-1.8987744291,12,48,2021-02-28 00:00,2021-02-28 04:00,2021-03-02 00:00,-3.2564738557,Q5_high,2.4044532989,44629.1700000000,44632.7000000000,48974.7500000000,43000.0000000000,50200.0000000000,0.0079093122,9.2917178060,9.2838084938,-3.7266658541,11.7548252463
BTCUSDT_lower5_all_h48,BTC all 48H,phase2_lower5_best,BTCUSDT,lower,5pct,long,all,-1.8987744291,12,48,2021-02-28 12:00,2021-02-28 16:00,2021-03-02 12:00,-4.2717487491,Q5_high,2.5335041476,43391.1400000000,43391.1400000000,48676.0800000000,43000.0000000000,50200.0000000000,0.0000000000,11.4932466194,11.4932466194,-0.9055157106,14.5759753898
BTCUSDT_lower5_all_h48,BTC all 48H,phase2_lower5_best,BTCUSDT,lower,5pct,long,all,-1.8987744291,12,48,2021-03-01 16:00,2021-03-01 20:00,2021-03-03 16:00,-1.8987992136,Q5_high,2.2898952920,48262.8300000000,48262.6600000000,50857.1700000000,47047.6000000000,52640.0000000000,-0.0003522386,5.2359416331,5.2362938716,-2.5498321622,8.6818110229
BTCUSDT_lower5_all_h48,BTC all 48H,phase2_lower5_best,BTCUSDT,lower,5pct,long,all,-1.8987744291,12,48,2021-03-02 16:00,2021-03-02 20:00,2021-03-04 16:00,-2.5143947352,Q5_high,2.3174904593,47467.4300000000,47467.4300000000,48000.3600000000,47047.6000000000,52640.0000000000,0.0000000000,1.1164719239,1.1164719239,-0.8883936475,10.3432495376
BTCUSDT_lower5_all_h48,BTC all 48H,phase2_lower5_best,BTCUSDT,lower,5pct,long,all,-1.8987744291,12,48,2021-03-04 16:00,2021-03-04 20:00,2021-03-06 16:00,-2.8996941520,Q5_high,1.9151113673,48000.3600000000,48000.3700000000,48341.0100000000,46300.0000000000,49448.9300000000,0.0000208332,0.7071757847,0.7071549515,-3.6066758119,2.9731700605
BTCUSDT_lower5_all_h48,BTC all 48H,phase2_lower5_best,BTCUSDT,lower,5pct,long,all,-1.8987744291,12,48,2021-03-05 00:00,2021-03-05 04:00,2021-03-07 00:00,-2.2669500919,Q5_high,1.8134709731,47289.8100000000,47289.8100000000,49551.4400000000,46418.1200000000,49900.9900000000,0.0000000000,4.6716483023,4.6716483023,-1.8604938643,5.3746003355
BTCUSDT_lower5_all_h48,BTC all 48H,phase2_lower5_best,BTCUSDT,lower,5pct,long,all,-1.8987744291,12,48,2021-03-10 00:00,2021-03-10 04:00,2021-03-12 00:00,-2.6151373593,Q4_higher,1.2971216302,53467.8000000000,53468.3300000000,57104.1700000000,53005.0000000000,58150.0000000000,0.0009912459,6.5797540221,6.5787627762,-0.8703267281,8.3936362959
BTCUSDT_lower5_all_h48,BTC all 48H,phase2_lower5_best,BTCUSDT,lower,5pct,long,all,-1.8987744291,12,48,2021-03-15 04:00,2021-03-15 08:00,2021-03-17 04:00,-4.3846161308,Q5_high,1.7472246338,57789.7600000000,57789.7500000000,55821.0100000000,53271.3400000000,58350.0000000000,-0.0000173041,-3.4661275536,-3.4661102495,-8.1412948828,0.9647934420
BTCUSDT_lower5_all_h48,BTC all 48H,phase2_lower5_best,BTCUSDT,lower,5pct,long,all,-1.8987744291,12,48,2021-03-15 08:00,2021-03-15 12:00,2021-03-17 08:00,-2.8770846811,Q5_high,1.8465108722,56150.7900000000,56150.8000000000,54840.0000000000,53271.3400000000,57312.4700000000,0.0000178092,-2.3620895848,-2.3621073940,-5.2642453150,2.0477297936
BTCUSDT_lower5_all_h48,BTC all 48H,phase2_lower5_best,BTCUSDT,lower,5pct,long,all,-1.8987744291,12,48,2021-03-16 00:00,2021-03-16 04:00,2021-03-18 00:00,-2.4252435911,Q5_high,1.9424300557,54272.8600000000,54272.6600000000,58712.3300000000,53607.9300000000,59561.5400000000,-0.0003685090,7.8625469731,7.8629154821,-1.2323596168,9.2989462698
BTCUSDT_lower5_all_h48,BTC all 48H,phase2_lower5_best,BTCUSDT,lower,5pct,long,all,-1.8987744291,12,48,2021-03-17 00:00,2021-03-17 04:00,2021-03-19 00:00,-2.4813255360,Q5_high,1.7622965749,55506.2300000000,55506.2300000000,57779.8400000000,54123.6900000000,60129.9700000000,0.0000000000,4.0144659205,4.0144659205,-2.5223283908,8.0013119428
BTCUSDT_lower5_all_h48,BTC all 48H,phase2_lower5_best,BTCUSDT,lower,5pct,long,all,-1.8987744291,12,48,2021-03-18 16:00,2021-03-18 20:00,2021-03-20 16:00,-3.8349961942,Q5_high,2.0233835461,57293.7900000000,57294.1200000000,59272.8200000000,56270.7400000000,59880.0000000000,0.0005759770,3.3958612660,3.3952852890,-1.8023316416,4.4144558897
BTCUSDT_lower5_all_h48,BTC all 48H,phase2_lower5_best,BTCUSDT,lower,5pct,long,all,-1.8987744291,12,48,2021-03-20 20:00,2021-03-21 00:00,2021-03-22 20:00,-1.9945947771,Q5_high,1.7937448155,58102.2800000000,58100.0200000000,54083.2500000000,53650.0000000000,58589.1000000000,-0.0038897681,-7.1680379690,-7.1641482009,-7.9684539015,0.8382664364
BTCUSDT_lower5_all_h48,BTC all 48H,phase2_lower5_best,BTCUSDT,lower,5pct,long,all,-1.8987744291,12,48,2021-03-22 16:00,2021-03-22 20:00,2021-03-24 16:00,-2.7673159360,Q3_mid,1.0887920188,55524.9900000000,55524.9900000000,54736.5300000000,53000.0000000000,57200.0000000000,0.0000000000,-1.4301878652,-1.4301878652,-4.6541276129,2.9720708704
BTCUSDT_lower5_all_h48,BTC all 48H,phase2_lower5_best,BTCUSDT,lower,5pct,long,all,-1.8987744291,12,48,2021-03-22 20:00,2021-03-23 00:00,2021-03-24 20:00,-2.6308663599,Q4_higher,1.1990748880,54083.2500000000,54083.2500000000,52303.6500000000,51700.0000000000,57200.0000000000,0.0000000000,-3.3458367772,-3.3458367772,-4.5066744568,5.6029372303
BTCUSDT_lower5_all_h48,BTC all 48H,phase2_lower5_best,BTCUSDT,lower,5pct,long,all,-1.8987744291,12,48,2021-03-24 16:00,2021-03-24 20:00,2021-03-26 16:00,-2.8129831018,Q5_high,1.4687725268,54736.5300000000,54736.5200000000,53778.5500000000,50427.5600000000,54743.3800000000,-0.0000182693,-1.7656622248,-1.7656439555,-8.1993277317,0.0125319808
BTCUSDT_lower5_all_h48,BTC all 48H,phase2_lower5_best,BTCUSDT,lower,5pct,long,all,-1.8987744291,12,48,2021-03-24 20:00,2021-03-25 00:00,2021-03-26 20:00,-4.5465152719,Q5_high,1.7110977581,52303.6500000000,52303.6600000000,55025.5900000000,50427.5600000000,55073.4600000000,0.0000191191,5.0732191443,5.0732000252,-3.6528498482,5.1601580925
BTCUSDT_lower5_all_h48,BTC all 48H,phase2_lower5_best,BTCUSDT,lower,5pct,long,all,-1.8987744291,12,48,2021-03-25 12:00,2021-03-25 16:00,2021-03-27 12:00,-2.2626934045,Q5_high,1.7315898923,50996.1500000000,50996.1500000000,54961.8500000000,50550.0000000000,55555.0000000000,0.0000000000,7.4889168513,7.4889168513,-0.8787194212,8.5623381357
BTCUSDT_lower5_all_h48,BTC all 48H,phase2_lower5_best,BTCUSDT,lower,5pct,long,all,-1.8987744291,12,48,2021-03-28 16:00,2021-03-28 20:00,2021-03-30 16:00,-2.0539065173,Q5_high,1.4786271465,55208.6900000000,55208.7000000000,59060.0000000000,54743.1800000000,59368.0000000000,0.0000181131,6.7433507887,6.7433326756,-0.8467754832,7.2634811108
BTCUSDT_lower5_all_h48,BTC all 48H,phase2_lower5_best,BTCUSDT,lower,5pct,long,all,-1.8987744291,12,48,2021-04-03 20:00,2021-04-04 00:00,2021-04-05 20:00,-2.6722102373,Q3_mid,0.9169478128,57051.9400000000,57051.9500000000,59129.9900000000,56388.0000000000,59272.0000000000,0.0000175279,3.5776159725,3.5775984447,-1.1705886359,3.8174762847
BTCUSDT_lower5_all_h48,BTC all 48H,phase2_lower5_best,BTCUSDT,lower,5pct,long,all,-1.8987744291,12,48,2021-04-07 08:00,2021-04-07 12:00,2021-04-09 08:00,-2.6805249674,Q3_mid,1.0016809450,56320.4700000000,56320.4700000000,58527.1900000000,55473.0000000000,58894.9000000000,0.0000000000,3.8433375597,3.8433375597,-1.5161641092,4.4696442487
BTCUSDT_lower5_all_h48,BTC all 48H,phase2_lower5_best,BTCUSDT,lower,5pct,long,all,-1.8987744291,12,48,2021-04-14 12:00,2021-04-14 16:00,2021-04-16 12:00,-2.2989932791,Q3_mid,1.0091776863,63045.0200000000,63045.0300000000,61551.6200000000,60000.0000000000,63800.0000000000,0.0000158617,-2.3972902010,-2.3973060627,-4.9504670754,1.1903957375
BTCUSDT_lower5_all_h48,BTC all 48H,phase2_lower5_best,BTCUSDT,lower,5pct,long,all,-1.8987744291,12,48,2021-04-16 04:00,2021-04-16 08:00,2021-04-18 04:00,-2.4497347923,Q4_higher,1.2705097284,61414.8300000000,61414.8800000000,56180.3400000000,50931.3000000000,62506.0500000000,0.0000814135,-8.9084463300,-8.9085277436,-18.7174485268,1.7611200988
BTCUSDT_lower5_all_h48,BTC all 48H,phase2_lower5_best,BTCUSDT,lower,5pct,long,all,-1.8987744291,12,48,2021-04-17 08:00,2021-04-17 12:00,2021-04-19 08:00,-1.9969135590,Q4_higher,1.1849381430,60886.9100000000,60886.9300000000,57107.4000000000,50931.3000000000,61222.0000000000,0.0000328478,-6.4084503621,-6.4084832099,-17.8540871760,0.5488064485
BTCUSDT_lower5_all_h48,BTC all 48H,phase2_lower5_best,BTCUSDT,lower,5pct,long,all,-1.8987744291,12,48,2021-04-18 00:00,2021-04-18 04:00,2021-04-20 00:00,-8.6859496293,Q5_high,2.1825455599,55014.4600000000,55000.0100000000,54764.1200000000,53064.6600000000,57526.8100000000,-0.0262692718,-0.4560824779,-0.4298132061,-3.5822197094,4.4917732956
BTCUSDT_lower5_all_h48,BTC all 48H,phase2_lower5_best,BTCUSDT,lower,5pct,long,all,-1.8987744291,12,48,2021-04-18 08:00,2021-04-18 12:00,2021-04-20 08:00,-5.2463201867,Q5_high,2.4502021469,53308.9200000000,53299.3200000000,56266.8300000000,53200.0000000000,57526.8100000000,-0.0180098650,5.4001524567,5.4181623216,-0.1865176769,7.6327526890
BTCUSDT_lower5_all_h48,BTC all 48H,phase2_lower5_best,BTCUSDT,lower,5pct,long,all,-1.8987744291,12,48,2021-04-19 12:00,2021-04-19 16:00,2021-04-21 12:00,-4.5170555327,Q5_high,2.8330619632,54585.2200000000,54581.8200000000,56153.7500000000,53329.9600000000,57076.2400000000,-0.0062289863,2.8330314215,2.8392604079,-2.3202585707,4.4687057707
BTCUSDT_lower5_all_h48,BTC all 48H,phase2_lower5_best,BTCUSDT,lower,5pct,long,all,-1.8987744291,12,48,2021-04-21 00:00,2021-04-21 04:00,2021-04-23 00:00,-2.1866039559,Q5_high,3.0509204230,55204.6000000000,55204.6000000000,50298.7600000000,48555.0000000000,56346.7000000000,0.0000000000,-9.3065858430,-9.3065858430,-12.8349107098,2.0477393071
BTCUSDT_lower5_all_h48,BTC all 48H,phase2_lower5_best,BTCUSDT,lower,5pct,long,all,-1.8987744291,12,48,2021-04-21 20:00,2021-04-22 00:00,2021-04-23 20:00,-3.0955648225,Q5_high,2.0235849429,53787.6300000000,53787.6200000000,51125.1400000000,47500.0000000000,55521.4800000000,-0.0000185916,-5.0767162335,-5.0766976418,-12.4313618123,3.1726643740
BTCUSDT_lower5_all_h48,BTC all 48H,phase2_lower5_best,BTCUSDT,lower,5pct,long,all,-1.8987744291,12,48,2021-04-22 16:00,2021-04-22 20:00,2021-04-24 16:00,-3.2130992888,Q5_high,2.1237688759,52923.5400000000,52923.5400000000,50667.7500000000,47500.0000000000,52932.3900000000,0.0000000000,-4.3558616905,-4.3558616905,-10.8118519393,0.0167208394
BTCUSDT_lower5_all_h48,BTC all 48H,phase2_lower5_best,BTCUSDT,lower,5pct,long,all,-1.8987744291,12,48,2021-04-22 20:00,2021-04-23 00:00,2021-04-24 20:00,-2.3565319140,Q5_high,1.9501335184,51690.9600000000,51690.9500000000,50047.8400000000,47500.0000000000,52131.8500000000,-0.0000193457,-3.2303563306,-3.2303369849,-8.4553006795,0.8493368517
BTCUSDT_lower5_all_h48,BTC all 48H,phase2_lower5_best,BTCUSDT,lower,5pct,long,all,-1.8987744291,12,48,2021-04-23 00:00,2021-04-23 04:00,2021-04-25 00:00,-2.7302486579,Q5_high,1.9143734616,50298.7600000000,50298.7600000000,49615.5400000000,47500.0000000000,51301.3400000000,0.0000000000,-1.3676333602,-1.3676333602,-5.7250713674,1.9736447979
BTCUSDT_lower5_all_h48,BTC all 48H,phase2_lower5_best,BTCUSDT,lower,5pct,long,all,-1.8987744291,12,48,2021-04-23 04:00,2021-04-23 08:00,2021-04-25 04:00,-4.7979300049,Q5_high,2.1390102741,47942.4400000000,47936.0000000000,49683.9400000000,47500.0000000000,51301.3400000000,-0.0134336771,3.5680617383,3.5814954154,-0.9137076854,6.7850084799
BTCUSDT_lower5_all_h48,BTC all 48H,phase2_lower5_best,BTCUSDT,lower,5pct,long,all,-1.8987744291,12,48,2021-04-24 00:00,2021-04-24 04:00,2021-04-26 00:00,-2.0057160702,Q5_high,2.2507194661,50109.9300000000,50109.9200000000,52398.9900000000,46930.0000000000,52500.0000000000,-0.0000199561,4.4668124288,4.4668323849,-6.5561862676,4.6594177115
BTCUSDT_lower5_all_h48,BTC all 48H,phase2_lower5_best,BTCUSDT,lower,5pct,long,all,-1.8987744291,12,48,2021-05-02 00:00,2021-05-02 04:00,2021-05-04 00:00,-2.3636520641,Q5_high,1.5717630981,56450.1900000000,56450.1900000000,55452.1700000000,54580.0000000000,58981.4400000000,0.0000000000,-1.7837809015,-1.7837809015,-3.3691141120,4.3864161745
BTCUSDT_lower5_all_h48,BTC all 48H,phase2_lower5_best,BTCUSDT,lower,5pct,long,all,-1.8987744291,12,48,2021-05-04 00:00,2021-05-04 04:00,2021-05-06 00:00,-3.0497767901,Q4_higher,1.2953783145,55452.1700000000,55452.1600000000,56797.0900000000,52900.0000000000,58069.8200000000,-0.0000180336,2.3964244634,2.3964424970,-4.7117328186,4.6125412622
BTCUSDT_lower5_all_h48,BTC all 48H,phase2_lower5_best,BTCUSDT,lower,5pct,long,all,-1.8987744291,12,48,2021-05-04 12:00,2021-05-04 16:00,2021-05-06 12:00,-4.2648474650,Q5_high,1.5574748181,53799.3300000000,53802.5400000000,57088.4900000000,52900.0000000000,58360.0000000000,0.0059664391,5.9341506602,5.9281842211,-1.6917339085,8.1310045705
BTCUSDT_lower5_all_h48,BTC all 48H,phase2_lower5_best,BTCUSDT,lower,5pct,long,all,-1.8987744291,12,48,2021-05-04 20:00,2021-05-05 00:00,2021-05-06 20:00,-2.4896511624,Q5_high,1.6725160738,53200.0100000000,53205.0500000000,56393.6800000000,52900.0000000000,58360.0000000000,0.0094732337,5.8298511170,5.8203778833,-0.5749977790,9.2477407000
BTCUSDT_lower5_all_h48,BTC all 48H,phase2_lower5_best,BTCUSDT,lower,5pct,long,all,-1.8987744291,12,48,2021-05-10 16:00,2021-05-10 20:00,2021-05-12 16:00,-4.4953588274,Q5_high,1.5707221330,55733.7600000000,55733.7600000000,54432.3900000000,53400.0000000000,58000.0100000000,0.0000000000,-2.3626686365,-2.3626686365,-4.2775321489,3.9857115505
BTCUSDT_lower5_all_h48,BTC all 48H,phase2_lower5_best,BTCUSDT,lower,5pct,long,all,-1.8987744291,12,48,2021-05-12 16:00,2021-05-12 20:00,2021-05-14 16:00,-1.9047532906,Q5_high,1.5977229493,54432.3900000000,54437.0000000000,50138.0900000000,46000.0000000000,54751.9200000000,0.0084688635,-8.2178382425,-8.2263071060,-16.8402673236,0.5768366849
BTCUSDT_lower5_all_h48,BTC all 48H,phase2_lower5_best,BTCUSDT,lower,5pct,long,all,-1.8987744291,12,48,2021-05-12 20:00,2021-05-13 00:00,2021-05-14 20:00,-9.2337295029,Q5_high,2.5579347254,49631.3200000000,49537.1500000000,49841.4500000000,46000.0000000000,51483.0000000000,-0.1899192925,0.4224881092,0.6124074017,-7.4081496648,3.8528762951
BTCUSDT_lower5_all_h48,BTC all 48H,phase2_lower5_best,BTCUSDT,lower,5pct,long,all,-1.8987744291,12,48,2021-05-13 08:00,2021-05-13 12:00,2021-05-15 08:00,-2.1911185019,Q5_high,2.5246249985,49777.0100000000,49777.0100000000,48929.7400000000,47000.0000000000,51483.0000000000,0.0000000000,-1.7167839279,-1.7167839279,-5.7405629143,3.3698425236
BTCUSDT_lower5_all_h48,BTC all 48H,phase2_lower5_best,BTCUSDT,lower,5pct,long,all,-1.8987744291,12,48,2021-05-13 16:00,2021-05-13 20:00,2021-05-15 16:00,-2.1565557674,Q5_high,2.5370446515,48568.8500000000,48569.9700000000,48108.4000000000,46900.0000000000,51483.0000000000,0.0023059782,-0.9525580871,-0.9548640653,-3.4987763240,5.8246217396
BTCUSDT_lower5_all_h48,BTC all 48H,phase2_lower5_best,BTCUSDT,lower,5pct,long,all,-1.8987744291,12,48,2021-05-14 16:00,2021-05-14 20:00,2021-05-16 16:00,-2.1192490384,Q5_high,2.5756365310,50138.0900000000,50141.3300000000,45549.2600000000,44444.4400000000,50700.0000000000,0.0064619440,-9.5986620976,-9.6051240416,-12.0605748335,1.1080292491
BTCUSDT_lower5_all_h48,BTC all 48H,phase2_lower5_best,BTCUSDT,lower,5pct,long,all,-1.8987744291,12,48,2021-05-15 04:00,2021-05-15 08:00,2021-05-17 04:00,-2.3605046768,Q5_high,2.5267170234,48469.2800000000,48469.7100000000,45149.1800000000,42196.9700000000,49795.8900000000,0.0008871559,-7.0958077183,-7.0966948742,-13.8590649241,2.6993383747
BTCUSDT_lower5_all_h48,BTC all 48H,phase2_lower5_best,BTCUSDT,lower,5pct,long,all,-1.8987744291,12,48,2021-05-15 20:00,2021-05-16 00:00,2021-05-17 20:00,-2.8364719938,Q5_high,2.5332136284,46762.9900000000,46762.9900000000,43538.0400000000,42001.0000000000,49795.8900000000,0.0000000000,-7.1457039385,-7.1457039385,-10.7398650577,6.2840372403
BTCUSDT_lower5_all_h48,BTC all 48H,phase2_lower5_best,BTCUSDT,lower,5pct,long,all,-1.8987744291,12,48,2021-05-16 12:00,2021-05-16 16:00,2021-05-18 12:00,-2.6623446568,Q5_high,1.8568374275,47727.2600000000,47727.2600000000,42969.4700000000,42001.0000000000,48097.5900000000,0.0000000000,-10.5012859602,-10.5012859602,-12.7809295603,0.7729348780
BTCUSDT_lower5_all_h48,BTC all 48H,phase2_lower5_best,BTCUSDT,lower,5pct,long,all,-1.8987744291,12,48,2021-05-16 16:00,2021-05-16 20:00,2021-05-18 16:00,-4.6708345436,Q5_high,2.0600362352,45549.2600000000,45553.2400000000,43262.7100000000,42001.0000000000,46686.0000000000,0.0087374112,-5.1503314652,-5.1590688764,-8.1188324278,2.4562582061
BTCUSDT_lower5_all_h48,BTC all 48H,phase2_lower5_best,BTCUSDT,lower,5pct,long,all,-1.8987744291,12,48,2021-05-17 00:00,2021-05-17 04:00,2021-05-19 00:00,-7.8745974233,Q5_high,2.6936732013,42915.4600000000,42915.4600000000,40591.1500000000,40125.0000000000,45800.0000000000,0.0000000000,-5.5682071425,-5.5682071425,-6.7232552525,6.5051957145
BTCUSDT_lower5_all_h48,BTC all 48H,phase2_lower5_best,BTCUSDT,lower,5pct,long,all,-1.8987744291,12,48,2021-05-17 12:00,2021-05-17 16:00,2021-05-19 12:00,-5.3184155380,Q5_high,3.0964709618,43362.7500000000,43357.0000000000,37318.5200000000,30000.0000000000,45799.2900000000,-0.0132611084,-15.0111059457,-14.9978448373,-36.8270784884,5.4800422271
BTCUSDT_lower5_all_h48,BTC all 48H,phase2_lower5_best,BTCUSDT,lower,5pct,long,all,-1.8987744291,12,48,2021-05-18 12:00,2021-05-18 16:00,2021-05-20 12:00,-5.3281079002,Q5_high,3.3602741649,42969.4700000000,42969.4600000000,41432.8800000000,30000.0000000000,43825.6500000000,-0.0000232723,-3.6415095007,-3.6414862283,-35.9292249139,1.9729631614
BTCUSDT_lower5_all_h48,BTC all 48H,phase2_lower5_best,BTCUSDT,lower,5pct,long,all,-1.8987744291,12,48,2021-05-19 00:00,2021-05-19 04:00,2021-05-21 00:00,-5.4150448291,Q5_high,3.5087075653,40591.1500000000,40591.9900000000,40666.9100000000,30000.0000000000,42451.6700000000,0.0020693952,0.1864677103,0.1843983151,-30.2373374841,4.4795495881
BTCUSDT_lower5_all_h48,BTC all 48H,phase2_lower5_best,BTCUSDT,lower,5pct,long,all,-1.8987744291,12,48,2021-05-19 08:00,2021-05-19 12:00,2021-05-21 08:00,-4.2283004245,Q5_high,3.4176844901,38700.0000000000,38700.0000000000,41124.2900000000,30000.0000000000,42451.6700000000,0.0000000000,6.0759344463,6.0759344463,-25.4642218374,9.2526652348
BTCUSDT_lower5_all_h48,BTC all 48H,phase2_lower5_best,BTCUSDT,lower,5pct,long,all,-1.8987744291,12,48,2021-05-19 12:00,2021-05-19 16:00,2021-05-21 12:00,-3.6349881863,Q5_high,3.3777368937,37318.5200000000,37310.1400000000,36794.5700000000,34850.0000000000,42451.6700000000,-0.0224578601,-1.4139438233,-1.3914859631,-6.8212002365,12.9101112813
BTCUSDT_lower5_all_h48,BTC all 48H,phase2_lower5_best,BTCUSDT,lower,5pct,long,all,-1.8987744291,12,48,2021-05-19 20:00,2021-05-20 00:00,2021-05-21 20:00,-6.9809597741,Q5_high,3.9094637839,36690.0900000000,36671.2300000000,37252.0100000000,33488.0000000000,42451.6700000000,-0.0514167423,1.5199211753,1.5713379175,-9.0805358222,14.6373728458
BTCUSDT_lower5_all_h48,BTC all 48H,phase2_lower5_best,BTCUSDT,lower,5pct,long,all,-1.8987744291,12,48,2021-05-20 16:00,2021-05-20 20:00,2021-05-22 16:00,-3.2298514184,Q5_high,3.6671910498,40116.0400000000,40116.0400000000,37286.6500000000,33488.0000000000,42200.0000000000,0.0000000000,-7.3140900596,-7.3140900596,-18.0589088630,5.0643966708
BTCUSDT_lower5_all_h48,BTC all 48H,phase2_lower5_best,BTCUSDT,lower,5pct,long,all,-1.8987744291,12,48,2021-05-21 04:00,2021-05-21 08:00,2021-05-23 04:00,-2.0478800986,Q5_high,3.4893132945,39842.5700000000,39842.5800000000,35927.6900000000,33488.0000000000,41789.4000000000,0.0000250988,-10.3427631288,-10.3427882275,-17.3749023952,4.7706529199
BTCUSDT_lower5_all_h48,BTC all 48H,phase2_lower5_best,BTCUSDT,lower,5pct,long,all,-1.8987744291,12,48,2021-05-21 12:00,2021-05-21 16:00,2021-05-23 12:00,-11.1248664559,Q5_high,4.2261033323,36794.5700000000,36803.2800000000,33318.0900000000,32600.0000000000,38829.0000000000,0.0236691698,-9.9249787213,-9.9486478911,-12.1274683265,5.3580418491
BTCUSDT_lower5_all_h48,BTC all 48H,phase2_lower5_best,BTCUSDT,lower,5pct,long,all,-1.8987744291,12,48,2021-05-21 16:00,2021-05-21 20:00,2021-05-23 16:00,-2.0107272989,Q5_high,4.2190286445,36062.1200000000,36062.1300000000,33051.7300000000,31111.0100000000,38829.0000000000,0.0000277299,-8.7169097091,-8.7169374391,-14.7681508423,7.3924105878
BTCUSDT_lower5_all_h48,BTC all 48H,phase2_lower5_best,BTCUSDT,lower,5pct,long,all,-1.8987744291,12,48,2021-05-22 16:00,2021-05-22 20:00,2021-05-24 16:00,-2.3215383946,Q5_high,4.1812865742,37286.6500000000,37286.6500000000,39606.1000000000,31111.0100000000,39787.9600000000,0.0000000000,6.0347793064,6.0347793064,-18.1073577910,6.4929000223
BTCUSDT_lower5_all_h48,BTC all 48H,phase2_lower5_best,BTCUSDT,lower,5pct,long,all,-1.8987744291,12,48,2021-05-23 04:00,2021-05-23 08:00,2021-05-25 04:00,-4.0739503210,Q5_high,3.6963095231,35927.6900000000,35927.7000000000,38985.0600000000,31111.0100000000,39920.0000000000,0.0000278337,8.1670188433,8.1669910097,-14.3946809889,10.5368865726
BTCUSDT_lower5_all_h48,BTC all 48H,phase2_lower5_best,BTCUSDT,lower,5pct,long,all,-1.8987744291,12,48,2021-05-23 12:00,2021-05-23 16:00,2021-05-25 12:00,-6.0303370395,Q5_high,3.5943466992,33318.0900000000,33316.4200000000,38277.5700000000,31111.0100000000,39920.0000000000,-0.0050124177,13.8763592220,13.8813716397,-6.8488592721,18.0827082894
BTCUSDT_lower5_all_h48,BTC all 48H,phase2_lower5_best,BTCUSDT,lower,5pct,long,all,-1.8987744291,12,48,2021-05-24 20:00,2021-05-25 00:00,2021-05-26 20:00,-2.0658523301,Q5_high,3.1167222612,38796.2900000000,38810.9900000000,39241.9100000000,36419.6200000000,40841.0000000000,0.0378830444,1.1420684833,1.1041854389,-6.3595813527,5.0983024850
BTCUSDT_lower5_all_h48,BTC all 48H,phase2_lower5_best,BTCUSDT,lower,5pct,long,all,-1.8987744291,12,48,2021-05-25 08:00,2021-05-25 12:00,2021-05-27 08:00,-6.4848670928,Q5_high,3.3830152055,36537.1600000000,36537.1700000000,39690.0100000000,36419.6200000000,40841.0000000000,0.0000273694,8.2769693862,8.2769420168,-0.3222458162,11.1356380215
BTCUSDT_lower5_all_h48,BTC all 48H,phase2_lower5_best,BTCUSDT,lower,5pct,long,all,-1.8987744291,12,48,2021-05-25 16:00,2021-05-25 20:00,2021-05-27 16:00,-2.6066756055,Q5_high,3.3753044630,37292.6900000000,37292.6900000000,38768.3500000000,37134.2700000000,40841.0000000000,0.0000000000,3.8806863207,3.8806863207,-0.4257065968,9.0889149904
BTCUSDT_lower5_all_h48,BTC all 48H,phase2_lower5_best,BTCUSDT,lower,5pct,long,all,-1.8987744291,12,48,2021-05-26 12:00,2021-05-26 16:00,2021-05-28 12:00,-2.7785791604,Q5_high,3.4318204363,38758.6100000000,38758.6200000000,36749.3100000000,35100.0000000000,40411.1400000000,0.0000258007,-5.3233474694,-5.3233732701,-9.9152052202,4.1752306858
BTCUSDT_lower5_all_h48,BTC all 48H,phase2_lower5_best,BTCUSDT,lower,5pct,long,all,-1.8987744291,12,48,2021-05-27 00:00,2021-05-27 04:00,2021-05-29 00:00,-4.2168018016,Q5_high,3.2528996839,37621.5600000000,37623.6400000000,36458.7700000000,34684.0000000000,40411.1400000000,0.0055285919,-3.1395257237,-3.1450543156,-8.1354090721,7.1472913295
BTCUSDT_lower5_all_h48,BTC all 48H,phase2_lower5_best,BTCUSDT,lower,5pct,long,all,-1.8987744291,12,48,2021-05-27 16:00,2021-05-27 20:00,2021-05-29 16:00,-2.2915415672,Q5_high,3.1064127985,38768.3500000000,38768.3600000000,34025.4300000000,33632.7600000000,39187.3500000000,0.0000257942,-13.0496005874,-13.0496263816,-14.2103858075,1.0749540594
BTCUSDT_lower5_all_h48,BTC all 48H,phase2_lower5_best,BTCUSDT,lower,5pct,long,all,-1.8987744291,12,48,2021-05-28 04:00,2021-05-28 08:00,2021-05-30 04:00,-3.3541180284,Q5_high,2.9187586663,36975.9300000000,36975.6500000000,35998.3300000000,33379.0000000000,37338.5800000000,-0.0007572522,-2.6794611919,-2.6787039397,-10.2332628162,0.9767520579
BTCUSDT_lower5_all_h48,BTC all 48H,phase2_lower5_best,BTCUSDT,lower,5pct,long,all,-1.8987744291,12,48,2021-05-28 08:00,2021-05-28 12:00,2021-05-30 08:00,-4.4922093061,Q5_high,3.0638242274,35351.6500000000,35351.6500000000,36359.4400000000,33379.0000000000,37338.5800000000,0.0000000000,2.8108800301,2.8108800301,-5.7418107623,5.4682041118
BTCUSDT_lower5_all_h48,BTC all 48H,phase2_lower5_best,BTCUSDT,lower,5pct,long,all,-1.8987744291,12,48,2021-05-28 16:00,2021-05-28 20:00,2021-05-30 16:00,-2.6470483922,Q5_high,2.8859351429,35789.3000000000,35789.3100000000,36077.5900000000,33379.0000000000,37338.5800000000,0.0000279413,0.8022930904,0.8022651491,-6.9722285738,4.2377863003
BTCUSDT_lower5_all_h48,BTC all 48H,phase2_lower5_best,BTCUSDT,lower,5pct,long,all,-1.8987744291,12,48,2021-05-29 08:00,2021-05-29 12:00,2021-05-31 08:00,-2.1533823816,Q5_high,2.4883999840,35375.0000000000,35375.0000000000,36836.4600000000,33379.0000000000,37195.0000000000,0.0000000000,4.0482759601,4.0482759601,-5.8078396237,5.0168987680
BTCUSDT_lower5_all_h48,BTC all 48H,phase2_lower5_best,BTCUSDT,lower,5pct,long,all,-1.8987744291,12,48,2021-05-29 12:00,2021-05-29 16:00,2021-05-31 12:00,-2.7475938281,Q5_high,2.4356116045,34416.2700000000,34416.2600000000,36961.1600000000,33379.0000000000,37278.0300000000,-0.0000290560,7.1338213879,7.1338504440,-3.0602167396,7.9875017951
BTCUSDT_lower5_all_h48,BTC all 48H,phase2_lower5_best,BTCUSDT,lower,5pct,long,all,-1.8987744291,12,48,2021-05-30 12:00,2021-05-30 16:00,2021-06-01 12:00,-2.4569268463,Q5_high,2.4210209132,35477.0000000000,35477.0000000000,36235.2900000000,34153.8400000000,37894.8100000000,0.0000000000,2.1148906653,2.1148906653,-3.8009574397,6.5929564210
BTCUSDT_lower5_all_h48,BTC all 48H,phase2_lower5_best,BTCUSDT,lower,5pct,long,all,-1.8987744291,12,48,2021-05-31 00:00,2021-05-31 04:00,2021-06-02 00:00,-3.2847276598,Q5_high,2.3404133220,34489.5700000000,34489.5800000000,36472.3900000000,34153.8400000000,37894.8100000000,0.0000289943,5.5898576499,5.5898286557,-0.9782224641,9.4156913965
BTCUSDT_lower5_all_h48,BTC all 48H,phase2_lower5_best,BTCUSDT,lower,5pct,long,all,-1.8987744291,12,48,2021-06-04 00:00,2021-06-04 04:00,2021-06-06 00:00,-3.4029231151,Q5_high,1.4692567522,37933.7200000000,37933.7300000000,35989.6700000000,34800.0000000000,37939.2500000000,0.0000263618,-5.2608473459,-5.2608737076,-8.6223303131,0.0145506345
BTCUSDT_lower5_all_h48,BTC all 48H,phase2_lower5_best,BTCUSDT,lower,5pct,long,all,-1.8987744291,12,48,2021-06-04 04:00,2021-06-04 08:00,2021-06-06 04:00,-3.5511077860,Q5_high,1.6666259278,36610.2900000000,36606.8000000000,36132.5700000000,34800.0000000000,37925.0000000000,-0.0095332934,-1.3134673781,-1.3039340847,-5.0616628719,3.5376509735
BTCUSDT_lower5_all_h48,BTC all 48H,phase2_lower5_best,BTCUSDT,lower,5pct,long,all,-1.8987744291,12,48,2021-06-05 08:00,2021-06-05 12:00,2021-06-07 08:00,-4.6643815635,Q5_high,1.9170964594,35869.4200000000,35869.4200000000,36376.4700000000,34800.0000000000,36900.0000000000,0.0000000000,1.4037015134,1.4037015134,-3.0267735132,2.8326429134
BTCUSDT_lower5_all_h48,BTC all 48H,phase2_lower5_best,BTCUSDT,lower,5pct,long,all,-1.8987744291,12,48,2021-06-07 20:00,2021-06-08 00:00,2021-06-09 20:00,-6.0193127774,Q5_high,1.9300906140,33552.7900000000,33556.9600000000,37388.0500000000,31000.0000000000,37534.7900000000,0.0124274044,10.8231115223,10.8106841180,-7.9257088982,11.2023942764
BTCUSDT_lower5_all_h48,BTC all 48H,phase2_lower5_best,BTCUSDT,lower,5pct,long,all,-1.8987744291,12,48,2021-06-08 00:00,2021-06-08 04:00,2021-06-10 00:00,-2.2170603141,Q5_high,1.9684143263,32817.0900000000,32817.0900000000,36959.6900000000,31000.0000000000,37666.1100000000,0.0000000000,11.8878443009,11.8878443009,-5.6962211798,13.7811334891
BTCUSDT_lower5_all_h48,BTC all 48H,phase2_lower5_best,BTCUSDT,lower,5pct,long,all,-1.8987744291,12,48,2021-06-08 12:00,2021-06-08 16:00,2021-06-10 12:00,-4.2748852820,Q5_high,2.0733717896,31705.2400000000,31705.2500000000,36896.7500000000,31563.5200000000,38491.0000000000,0.0000315405,15.1641504380,15.1641188974,-0.4480258967,19.3942165420
BTCUSDT_lower5_all_h48,BTC all 48H,phase2_lower5_best,BTCUSDT,lower,5pct,long,all,-1.8987744291,12,48,2021-06-10 12:00,2021-06-10 16:00,2021-06-12 12:00,-2.4675987285,Q5_high,2.6917209554,36896.7500000000,36896.6500000000,35384.9600000000,34600.3600000000,37680.4000000000,-0.0002710269,-4.1836600182,-4.1833889913,-6.4256674384,2.1019304346
BTCUSDT_lower5_all_h48,BTC all 48H,phase2_lower5_best,BTCUSDT,lower,5pct,long,all,-1.8987744291,12,48,2021-06-12 00:00,2021-06-12 04:00,2021-06-14 00:00,-4.8314291410,Q5_high,2.1577647343,35571.1900000000,35572.8400000000,38975.1400000000,34600.3600000000,39800.0000000000,0.0046384777,9.1387966424,9.1341581646,-2.7718338703,11.2284486953
BTCUSDT_lower5_all_h48,BTC all 48H,phase2_lower5_best,BTCUSDT,lower,5pct,long,all,-1.8987744291,12,48,2021-06-13 00:00,2021-06-13 04:00,2021-06-15 00:00,-1.9266959700,Q5_high,1.7302156023,34867.8000000000,34867.8100000000,40404.8600000000,34757.0000000000,41064.0500000000,0.0000286798,14.7386307547,14.7386020750,-0.3183063438,16.3568988857
BTCUSDT_lower5_all_h48,BTC all 48H,phase2_lower5_best,BTCUSDT,lower,5pct,long,all,-1.8987744291,12,48,2021-06-14 16:00,2021-06-14 20:00,2021-06-16 16:00,-2.4112928472,Q5_high,2.1992804831,39716.0600000000,39716.0600000000,38680.1100000000,38301.6800000000,41330.0000000000,0.0000000000,-2.6430125468,-2.6430125468,-3.6261880442,3.9832988627
BTCUSDT_lower5_all_h48,BTC all 48H,phase2_lower5_best,BTCUSDT,lower,5pct,long,all,-1.8987744291,12,48,2021-06-16 08:00,2021-06-16 12:00,2021-06-18 08:00,-2.6435101666,Q5_high,1.8795293209,39080.0100000000,39080.0100000000,37821.9500000000,37063.8000000000,39735.5200000000,0.0000000000,-3.2721461138,-3.2721461138,-5.2970331032,1.6634414946
BTCUSDT_lower5_all_h48,BTC all 48H,phase2_lower5_best,BTCUSDT,lower,5pct,long,all,-1.8987744291,12,48,2021-06-17 16:00,2021-06-17 20:00,2021-06-19 16:00,-3.4037245122,Q5_high,1.6031607657,37702.5300000000,37702.5300000000,35943.6500000000,34803.5200000000,38258.0000000000,0.0000000000,-4.7774766604,-4.7774766604,-8.0008669865,1.4625487775
BTCUSDT_lower5_all_h48,BTC all 48H,phase2_lower5_best,BTCUSDT,lower,5pct,long,all,-1.8987744291,12,48,2021-06-18 12:00,2021-06-18 16:00,2021-06-20 12:00,-3.9555125171,Q4_higher,1.3957970239,36355.1000000000,36355.9700000000,34422.7100000000,33336.0000000000,36818.4400000000,0.0023930331,-5.4617975773,-5.4641906104,-8.6720532963,1.2640379546
BTCUSDT_lower5_all_h48,BTC all 48H,phase2_lower5_best,BTCUSDT,lower,5pct,long,all,-1.8987744291,12,48,2021-06-18 16:00,2021-06-18 20:00,2021-06-20 16:00,-2.8680159009,Q5_high,1.4827533956,35327.2400000000,35323.6500000000,35502.8200000000,33336.0000000000,36457.0000000000,-0.0101626462,0.4957792204,0.5059418666,-5.7914817160,3.1580772633
BTCUSDT_lower5_all_h48,BTC all 48H,phase2_lower5_best,BTCUSDT,lower,5pct,long,all,-1.8987744291,12,48,2021-06-19 00:00,2021-06-19 04:00,2021-06-21 00:00,-2.0202798477,Q5_high,1.5596804148,35103.4400000000,35103.4400000000,34649.6300000000,33336.0000000000,36457.0000000000,0.0000000000,-1.3012083999,-1.3012083999,-5.1661237247,3.7834352545
BTCUSDT_lower5_all_h48,BTC all 48H,phase2_lower5_best,BTCUSDT,lower,5pct,long,all,-1.8987744291,12,48,2021-06-20 08:00,2021-06-20 12:00,2021-06-22 08:00,-5.0789062232,Q5_high,1.8706838542,33872.9000000000,33870.5600000000,31243.4100000000,31112.0000000000,36137.7200000000,-0.0069084160,-8.0806810714,-8.0737726555,-8.4952603645,6.4790994684
BTCUSDT_lower5_all_h48,BTC all 48H,phase2_lower5_best,BTCUSDT,lower,5pct,long,all,-1.8987744291,12,48,2021-06-21 00:00,2021-06-21 04:00,2021-06-23 00:00,-2.7063084862,Q5_high,2.0443490449,34649.6300000000,34651.8600000000,33966.4300000000,28805.0000000000,34725.8200000000,0.0064356481,-1.9914363447,-1.9978719928,-18.4802420665,0.2132098624
BTCUSDT_lower5_all_h48,BTC all 48H,phase2_lower5_best,BTCUSDT,lower,5pct,long,all,-1.8987744291,12,48,2021-06-21 04:00,2021-06-21 08:00,2021-06-23 04:00,-4.8007057029,Q5_high,2.2333544514,33025.5000000000,33025.5000000000,33982.2600000000,28805.0000000000,34444.0000000000,0.0000000000,2.8558633405,2.8558633405,-13.6731007155,4.2054826495
BTCUSDT_lower5_all_h48,BTC all 48H,phase2_lower5_best,BTCUSDT,lower,5pct,long,all,-1.8987744291,12,48,2021-06-21 20:00,2021-06-22 00:00,2021-06-23 20:00,-2.9764330135,Q5_high,2.1834741262,31608.9300000000,31614.1200000000,33678.0700000000,28805.0000000000,34881.0000000000,0.0164180628,6.3407208087,6.3243027460,-9.3054873050,9.8338412120
BTCUSDT_lower5_all_h48,BTC all 48H,phase2_lower5_best,BTCUSDT,lower,5pct,long,all,-1.8987744291,12,48,2021-06-22 08:00,2021-06-22 12:00,2021-06-24 08:00,-4.4005140862,Q5_high,2.5027922667,31243.4100000000,31236.5300000000,33850.7700000000,28805.0000000000,34881.0000000000,-0.0220230686,8.0153272571,8.0373503257,-8.1039260074,11.0354025097
BTCUSDT_lower5_all_h48,BTC all 48H,phase2_lower5_best,BTCUSDT,lower,5pct,long,all,-1.8987744291,12,48,2021-06-24 00:00,2021-06-24 04:00,2021-06-26 00:00,-3.2865938553,Q5_high,2.5735229847,32589.2000000000,32589.2000000000,31977.5900000000,31275.0000000000,35500.0000000000,0.0000000000,-1.8945600175,-1.8945600175,-4.1161888788,8.5551751340
BTCUSDT_lower5_all_h48,BTC all 48H,phase2_lower5_best,BTCUSDT,lower,5pct,long,all,-1.8987744291,12,48,2021-06-25 04:00,2021-06-25 08:00,2021-06-27 04:00,-2.2161147464,Q5_high,2.3860831279,34283.8200000000,34281.3700000000,33283.1700000000,30151.0000000000,34480.0000000000,-0.0071464835,-2.9621658940,-2.9550194105,-12.8383967806,0.5777387870
BTCUSDT_lower5_all_h48,BTC all 48H,phase2_lower5_best,BTCUSDT,lower,5pct,long,all,-1.8987744291,12,48,2021-06-25 08:00,2021-06-25 12:00,2021-06-27 08:00,-2.8757031097,Q5_high,2.3019152023,33311.9600000000,33311.9600000000,33246.5500000000,30151.0000000000,33600.7700000000,0.0000000000,-0.1965489343,-0.1965489343,-9.9698401544,0.8632491710
BTCUSDT_lower5_all_h48,BTC all 48H,phase2_lower5_best,BTCUSDT,lower,5pct,long,all,-1.8987744291,12,48,2021-06-25 12:00,2021-06-25 16:00,2021-06-27 12:00,-2.1387355638,Q5_high,2.3398756149,32607.0700000000,32607.0700000000,33200.0200000000,30151.0000000000,33574.3200000000,0.0000000000,1.8021342307,1.8021342307,-7.8311045906,2.9232353014
BTCUSDT_lower5_all_h48,BTC all 48H,phase2_lower5_best,BTCUSDT,lower,5pct,long,all,-1.8987744291,12,48,2021-06-25 20:00,2021-06-26 00:00,2021-06-27 20:00,-1.9945433716,Q5_high,2.1505606170,31584.4500000000,31576.0900000000,34700.3400000000,30151.0000000000,34749.0000000000,-0.0264722247,9.4084574306,9.4349296553,-4.6182098503,9.5750605996
BTCUSDT_lower5_all_h48,BTC all 48H,phase2_lower5_best,BTCUSDT,lower,5pct,long,all,-1.8987744291,12,48,2021-06-26 04:00,2021-06-26 08:00,2021-06-28 04:00,-4.0109392489,Q5_high,2.2835424519,30720.3700000000,30713.5400000000,35028.6900000000,30151.0000000000,35297.7100000000,-0.0222352770,13.1241487515,13.1463840285,-1.8485509589,13.9114489606
BTCUSDT_lower5_all_h48,BTC all 48H,phase2_lower5_best,BTCUSDT,lower,5pct,long,all,-1.8987744291,12,48,2021-06-28 08:00,2021-06-28 12:00,2021-06-30 08:00,-2.6658934296,Q5_high,2.3880562231,34107.2000000000,34107.2000000000,34849.9900000000,33862.7200000000,36600.0000000000,0.0000000000,2.1544344566,2.1544344566,-0.7193801444,7.0539734711
BTCUSDT_lower5_all_h48,BTC all 48H,phase2_lower5_best,BTCUSDT,lower,5pct,long,all,-1.8987744291,12,48,2021-06-30 00:00,2021-06-30 04:00,2021-07-02 00:00,-2.2293499044,Q5_high,1.9732128020,35119.9900000000,35119.9900000000,32907.2200000000,32711.0000000000,35333.3300000000,0.0000000000,-6.5078397446,-6.5078397446,-7.1059071255,0.6056227075
BTCUSDT_lower5_all_h48,BTC all 48H,phase2_lower5_best,BTCUSDT,lower,5pct,long,all,-1.8987744291,12,48,2021-06-30 12:00,2021-06-30 16:00,2021-07-02 12:00,-1.9019037458,Q5_high,1.9502579125,34193.4400000000,34193.4400000000,33704.9100000000,32699.0000000000,35194.0400000000,0.0000000000,-1.4390288730,-1.4390288730,-4.4689316409,2.8842937282
BTCUSDT_lower5_all_h48,BTC all 48H,phase2_lower5_best,BTCUSDT,lower,5pct,long,all,-1.8987744291,12,48,2021-07-01 00:00,2021-07-01 04:00,2021-07-03 00:00,-2.6748934246,Q5_high,2.0638243716,34120.0100000000,34120.0100000000,33524.4700000000,32699.0000000000,34467.0900000000,0.0000000000,-1.7608395762,-1.7608395762,-4.2539519311,1.0120940023
BTCUSDT_lower5_all_h48,BTC all 48H,phase2_lower5_best,BTCUSDT,lower,5pct,long,all,-1.8987744291,12,48,2021-07-01 04:00,2021-07-01 08:00,2021-07-03 04:00,-2.2877219157,Q5_high,1.7003260218,33348.3000000000,33350.0000000000,34499.5400000000,32699.0000000000,34663.4800000000,0.0050975812,3.3939194065,3.3888218253,-1.9713275966,3.8628910810
BTCUSDT_lower5_all_h48,BTC all 48H,phase2_lower5_best,BTCUSDT,lower,5pct,long,all,-1.8987744291,12,48,2021-07-05 00:00,2021-07-05 04:00,2021-07-07 00:00,-2.6872809840,Q4_higher,1.4297257465,34350.8900000000,34351.2500000000,34446.5000000000,33125.5500000000,35118.8800000000,0.0010480023,0.2779467696,0.2768987674,-3.6333520166,2.2100469490
BTCUSDT_lower5_all_h48,BTC all 48H,phase2_lower5_best,BTCUSDT,lower,5pct,long,all,-1.8987744291,12,48,2021-07-05 08:00,2021-07-05 12:00,2021-07-07 08:00,-2.5910974559,Q5_high,1.4769547458,33379.9600000000,33379.9600000000,34827.9600000000,33125.5500000000,35118.8800000000,0.0000000000,4.2464792554,4.2464792554,-0.7650831968,5.0783157687
BTCUSDT_lower5_all_h48,BTC all 48H,phase2_lower5_best,BTCUSDT,lower,5pct,long,all,-1.8987744291,12,48,2021-07-06 08:00,2021-07-06 12:00,2021-07-08 08:00,-2.3427665594,Q5_high,1.6012478762,34067.3100000000,34067.3100000000,32696.4400000000,32077.0000000000,35059.0900000000,0.0000000000,-4.1072069988,-4.1072069988,-6.0199011047,2.8696650188
BTCUSDT_lower5_all_h48,BTC all 48H,phase2_lower5_best,BTCUSDT,lower,5pct,long,all,-1.8987744291,12,48,2021-07-07 20:00,2021-07-08 00:00,2021-07-09 20:00,-2.2386410065,Q4_higher,1.4324713370,33862.1200000000,33862.1100000000,33815.8100000000,32077.0000000000,34100.0000000000,-0.0000295315,-0.1368540889,-0.1368245573,-5.4157427764,0.7000694110
BTCUSDT_lower5_all_h48,BTC all 48H,phase2_lower5_best,BTCUSDT,lower,5pct,long,all,-1.8987744291,12,48,2021-07-08 04:00,2021-07-08 08:00,2021-07-10 04:00,-2.4869497624,Q5_high,1.5379972879,32487.5700000000,32487.5600000000,33766.0100000000,32077.0000000000,34262.0000000000,-0.0000307810,3.8597120571,3.8597428381,-1.2717984414,5.3179621478
BTCUSDT_lower5_all_h48,BTC all 48H,phase2_lower5_best,BTCUSDT,lower,5pct,long,all,-1.8987744291,12,48,2021-07-12 08:00,2021-07-12 12:00,2021-07-14 08:00,-2.2172290423,Q3_mid,0.9331323895,33530.0000000000,33530.0000000000,32451.9900000000,31550.0000000000,33636.9200000000,0.0000000000,-3.2678794093,-3.2678794093,-6.0866971491,0.3183712766
BTCUSDT_lower5_all_h48,BTC all 48H,phase2_lower5_best,BTCUSDT,lower,5pct,long,all,-1.8987744291,12,48,2021-07-14 00:00,2021-07-14 04:00,2021-07-16 00:00,-2.7875505833,Q3_mid,1.0869323224,31830.0100000000,31830.0100000000,31914.8900000000,31133.0000000000,33185.2500000000,0.0000000000,0.2663116584,0.2663116584,-2.2141205592,4.1695944631
BTCUSDT_lower5_all_h48,BTC all 48H,phase2_lower5_best,BTCUSDT,lower,5pct,long,all,-1.8987744291,12,48,2021-07-16 08:00,2021-07-16 12:00,2021-07-18 08:00,-2.1889160202,Q4_higher,1.1533031213,31086.5300000000,31086.5200000000,31801.0100000000,31067.4300000000,32435.0000000000,-0.0000321683,2.2723443897,2.2723765580,-0.0614281171,4.2463801957
BTCUSDT_lower5_all_h48,BTC all 48H,phase2_lower5_best,BTCUSDT,lower,5pct,long,all,-1.8987744291,12,48,2021-07-20 00:00,2021-07-20 04:00,2021-07-22 00:00,-4.1011297983,Q4_higher,1.3434503220,29600.4600000000,29600.4600000000,31929.6400000000,29278.0000000000,32858.0000000000,0.0000000000,7.5744830250,7.5744830250,-1.0953521001,10.4405344734
BTCUSDT_lower5_all_h48,BTC all 48H,phase2_lower5_best,BTCUSDT,lower,5pct,long,all,-1.8987744291,12,48,2021-07-26 20:00,2021-07-27 00:00,2021-07-28 20:00,-5.5561903620,Q5_high,2.5149262457,37237.6000000000,37241.3300000000,40019.5600000000,36383.0000000000,40900.0000000000,0.0100162556,7.2049331092,7.1949168536,-2.3317533475,9.3710896992
BTCUSDT_lower5_all_h48,BTC all 48H,phase2_lower5_best,BTCUSDT,lower,5pct,long,all,-1.8987744291,12,48,2021-07-28 12:00,2021-07-28 16:00,2021-07-30 12:00,-2.6401373922,Q5_high,2.7104015036,39689.0400000000,39689.0400000000,39073.8500000000,38313.2300000000,40680.0700000000,0.0000000000,-1.5621633757,-1.5621633757,-3.5279811701,2.4663212876
BTCUSDT_lower5_all_h48,BTC all 48H,phase2_lower5_best,BTCUSDT,lower,5pct,long,all,-1.8987744291,12,48,2021-07-30 08:00,2021-07-30 12:00,2021-08-01 08:00,-2.7654464981,Q5_high,1.6731968712,38642.4600000000,38650.0000000000,41587.0100000000,38528.6000000000,42599.0000000000,0.0195103119,7.3436186975,7.3241083855,-0.3145952379,9.7284003788
BTCUSDT_lower5_all_h48,BTC all 48H,phase2_lower5_best,BTCUSDT,lower,5pct,long,all,-1.8987744291,12,48,2021-08-01 20:00,2021-08-02 00:00,2021-08-03 20:00,-3.4966727206,Q5_high,1.9252702417,39845.4400000000,39850.2700000000,38207.0500000000,37642.0300000000,40480.0100000000,0.0121211041,-4.1987916021,-4.2109127063,-5.7007935371,1.5679091394
BTCUSDT_lower5_all_h48,BTC all 48H,phase2_lower5_best,BTCUSDT,lower,5pct,long,all,-1.8987744291,12,48,2021-08-05 08:00,2021-08-05 12:00,2021-08-07 08:00,-2.2431261820,Q4_higher,1.1538192658,38008.3800000000,38008.4500000000,43800.0300000000,37332.7000000000,43989.4900000000,0.0001841697,14.1827840584,14.1825998886,-1.7938885230,14.6142238322
BTCUSDT_lower5_all_h48,BTC all 48H,phase2_lower5_best,BTCUSDT,lower,5pct,long,all,-1.8987744291,12,48,2021-08-11 20:00,2021-08-12 00:00,2021-08-13 20:00,-2.0379352302,Q4_higher,1.3949940770,45511.0000000000,45510.6700000000,47800.0000000000,43770.0000000000,47886.0000000000,-0.0007251021,4.9071584518,4.9078835538,-3.8998152756,5.0876382163
BTCUSDT_lower5_all_h48,BTC all 48H,phase2_lower5_best,BTCUSDT,lower,5pct,long,all,-1.8987744291,12,48,2021-08-14 08:00,2021-08-14 12:00,2021-08-16 08:00,-2.2215017105,Q4_higher,1.3976767669,46569.9900000000,46570.5400000000,47516.9500000000,45500.0000000000,48053.8300000000,0.0011810111,2.0130147229,2.0118337118,-2.3255826418,3.1353688502
BTCUSDT_lower5_all_h48,BTC all 48H,phase2_lower5_best,BTCUSDT,lower,5pct,long,all,-1.8987744291,12,48,2021-08-15 04:00,2021-08-15 08:00,2021-08-17 04:00,-2.4443405302,Q4_higher,1.3586190735,45742.9200000000,45738.3400000000,45947.4900000000,45239.4500000000,48053.8300000000,-0.0100129797,0.4462197070,0.4562326867,-1.0967402059,4.9384945026
BTCUSDT_lower5_all_h48,BTC all 48H,phase2_lower5_best,BTCUSDT,lower,5pct,long,all,-1.8987744291,12,48,2021-08-16 12:00,2021-08-16 16:00,2021-08-18 12:00,-2.4994008366,Q4_higher,1.2557391877,46344.0300000000,46344.0300000000,45820.0000000000,44203.2800000000,47160.0000000000,0.0000000000,-1.1371804102,-1.1371804102,-4.7293486652,1.7453594542
BTCUSDT_lower5_all_h48,BTC all 48H,phase2_lower5_best,BTCUSDT,lower,5pct,long,all,-1.8987744291,12,48,2021-08-17 12:00,2021-08-17 16:00,2021-08-19 12:00,-2.4184304452,Q4_higher,1.3148523580,45730.0000000000,45730.0000000000,45779.5800000000,43927.7000000000,46222.4000000000,0.0000000000,0.1083602500,0.1083602500,-4.0209437074,1.0709991402
BTCUSDT_lower5_all_h48,BTC all 48H,phase2_lower5_best,BTCUSDT,lower,5pct,long,all,-1.8987744291,12,48,2021-08-18 16:00,2021-08-18 20:00,2021-08-20 16:00,-2.0257938268,Q4_higher,1.3643896581,44901.1200000000,44901.1100000000,48684.1600000000,43927.7000000000,49096.3400000000,-0.0000222712,8.0890981750,8.0891204461,-2.1917415450,8.9321974224
BTCUSDT_lower5_all_h48,BTC all 48H,phase2_lower5_best,BTCUSDT,lower,5pct,long,all,-1.8987744291,12,48,2021-08-24 12:00,2021-08-24 16:00,2021-08-26 12:00,-2.2903428824,Q3_mid,1.0619577204,48310.7400000000,48310.7300000000,46800.0000000000,46250.0000000000,49352.8400000000,-0.0000206993,-3.1770693265,-3.1770486272,-4.3592225237,2.1341623154
BTCUSDT_lower5_all_h48,BTC all 48H,phase2_lower5_best,BTCUSDT,lower,5pct,long,all,-1.8987744291,12,48,2021-08-26 00:00,2021-08-26 04:00,2021-08-28 00:00,-2.1914048109,Q4_higher,1.2889119150,47911.7900000000,47911.8000000000,48852.9900000000,46250.0000000000,49299.0000000000,0.0000208717,1.9453972478,1.9453763761,-3.5300356675,2.8541976233
BTCUSDT_lower5_all_h48,BTC all 48H,phase2_lower5_best,BTCUSDT,lower,5pct,long,all,-1.8987744291,12,48,2021-08-26 04:00,2021-08-26 08:00,2021-08-28 04:00,-2.1519858121,Q4_higher,1.3309829779,46891.7500000000,46891.7500000000,48950.0000000000,46250.0000000000,49299.0000000000,0.0000000000,4.2957615181,4.2957615181,-1.3780289837,5.0062043072
BTCUSDT_lower5_all_h48,BTC all 48H,phase2_lower5_best,BTCUSDT,lower,5pct,long,all,-1.8987744291,12,48,2021-08-30 20:00,2021-08-31 00:00,2021-09-01 20:00,-3.4250844647,Q3_mid,1.0965339239,46982.9100000000,46982.9100000000,48810.5200000000,46512.0000000000,49156.0000000000,0.0000000000,3.8161944833,3.8161944833,-1.0073574748,4.5214995858
BTCUSDT_lower5_all_h48,BTC all 48H,phase2_lower5_best,BTCUSDT,lower,5pct,long,all,-1.8987744291,12,48,2021-09-07 08:00,2021-09-07 12:00,2021-09-09 08:00,-2.7161322999,Q3_mid,0.9873540338,50941.4800000000,50943.7500000000,46293.1500000000,42843.0500000000,51124.9100000000,0.0044559943,-9.5683520935,-9.5728080878,-17.3178644671,0.3549771110
BTCUSDT_lower5_all_h48,BTC all 48H,phase2_lower5_best,BTCUSDT,lower,5pct,long,all,-1.8987744291,12,48,2021-09-07 12:00,2021-09-07 16:00,2021-09-09 12:00,-8.7874486190,Q5_high,2.2140001502,46656.0700000000,46656.0700000000,47001.6500000000,44412.0200000000,47544.9300000000,0.0000000000,0.7379670749,0.7379670749,-4.9292883207,1.8872121973
BTCUSDT_lower5_all_h48,BTC all 48H,phase2_lower5_best,BTCUSDT,lower,5pct,long,all,-1.8987744291,12,48,2021-09-08 04:00,2021-09-08 08:00,2021-09-10 04:00,-2.9939947931,Q5_high,2.2954158500,45080.3000000000,45075.7200000000,46160.5500000000,44412.0200000000,47399.9700000000,-0.0101601646,2.3680193222,2.3781794867,-1.4833588819,5.0277853450
BTCUSDT_lower5_all_h48,BTC all 48H,phase2_lower5_best,BTCUSDT,lower,5pct,long,all,-1.8987744291,12,48,2021-09-10 12:00,2021-09-10 16:00,2021-09-12 12:00,-1.9858374508,Q5_high,2.3402082274,45420.8600000000,45420.8600000000,45886.9900000000,44132.2900000000,46270.5600000000,0.0000000000,1.0210163735,1.0210163735,-2.8779756816,1.8534434832
BTCUSDT_lower5_all_h48,BTC all 48H,phase2_lower5_best,BTCUSDT,lower,5pct,long,all,-1.8987744291,12,48,2021-09-13 00:00,2021-09-13 04:00,2021-09-15 00:00,-3.1057283244,Q4_higher,1.1124945338,44617.7900000000,44614.6800000000,47075.4800000000,43370.0000000000,47470.0000000000,-0.0069705568,5.3619612567,5.3689318135,-2.8294995003,6.2034979712
BTCUSDT_lower5_all_h48,BTC all 48H,phase2_lower5_best,BTCUSDT,lower,5pct,long,all,-1.8987744291,12,48,2021-09-20 00:00,2021-09-20 04:00,2021-09-22 00:00,-3.6626370661,Q4_higher,1.1079351271,45542.7600000000,45542.7500000000,42052.0900000000,39600.0000000000,45836.8500000000,-0.0000219574,-7.9742576941,-7.9742357367,-13.9822327025,0.6436907482
BTCUSDT_lower5_all_h48,BTC all 48H,phase2_lower5_best,BTCUSDT,lower,5pct,long,all,-1.8987744291,12,48,2021-09-20 08:00,2021-09-20 12:00,2021-09-22 08:00,-2.4506265860,Q4_higher,1.2143131012,43739.7500000000,43734.0000000000,41928.3200000000,39600.0000000000,44250.0000000000,-0.0131468012,-4.2295806038,-4.2164338026,-9.9296713368,1.1729539826
BTCUSDT_lower5_all_h48,BTC all 48H,phase2_lower5_best,BTCUSDT,lower,5pct,long,all,-1.8987744291,12,48,2021-09-20 20:00,2021-09-21 00:00,2021-09-22 20:00,-1.9217114510,Q4_higher,1.2621619445,43015.6200000000,43016.6400000000,43543.6100000000,39600.0000000000,44000.5500000000,0.0023712035,1.2199659088,1.2175947052,-8.2757899321,2.2615116259
BTCUSDT_lower5_all_h48,BTC all 48H,phase2_lower5_best,BTCUSDT,lower,5pct,long,all,-1.8987744291,12,48,2021-09-21 16:00,2021-09-21 20:00,2021-09-23 16:00,-2.4897850120,Q4_higher,1.2602766745,42013.6300000000,42010.8100000000,44767.5700000000,39600.0000000000,44936.7700000000,-0.0067123327,6.3489903915,6.3557027243,-5.9097847859,6.7329424446
BTCUSDT_lower5_all_h48,BTC all 48H,phase2_lower5_best,BTCUSDT,lower,5pct,long,all,-1.8987744291,12,48,2021-09-21 20:00,2021-09-22 00:00,2021-09-23 20:00,-3.0921636126,Q4_higher,1.3519271773,40734.3800000000,40734.0900000000,44865.2600000000,40565.3900000000,44978.0000000000,-0.0007119319,9.6591322576,9.6598441895,-0.4150094001,9.9108147335
BTCUSDT_lower5_all_h48,BTC all 48H,phase2_lower5_best,BTCUSDT,lower,5pct,long,all,-1.8987744291,12,48,2021-09-24 08:00,2021-09-24 12:00,2021-09-26 08:00,-7.6264249739,Q5_high,2.4154924677,41527.5000000000,41527.5000000000,43063.5700000000,40750.0000000000,43746.9000000000,0.0000000000,3.6321537687,3.6321537687,-1.8900018696,5.2064894767
BTCUSDT_lower5_all_h48,BTC all 48H,phase2_lower5_best,BTCUSDT,lower,5pct,long,all,-1.8987744291,12,48,2021-09-26 04:00,2021-09-26 08:00,2021-09-28 04:00,-2.3515369945,Q5_high,2.0411211655,41231.3400000000,41227.0700000000,41775.2500000000,41037.1300000000,44350.0000000000,-0.0103567362,1.3105412107,1.3208979469,-0.4617812792,7.3017629321
BTCUSDT_lower5_all_h48,BTC all 48H,phase2_lower5_best,BTCUSDT,lower,5pct,long,all,-1.8987744291,12,48,2021-09-27 20:00,2021-09-28 00:00,2021-09-29 20:00,-2.0303149869,Q4_higher,1.4387846954,42147.3500000000,42147.3500000000,41524.2800000000,40753.8800000000,42787.3800000000,0.0000000000,-1.4893495375,-1.4893495375,-3.3620761893,1.5071387523
BTCUSDT_lower5_all_h48,BTC all 48H,phase2_lower5_best,BTCUSDT,lower,5pct,long,all,-1.8987744291,12,48,2021-10-13 04:00,2021-10-13 08:00,2021-10-15 04:00,-3.0034977373,Q4_higher,1.4381459993,54612.6100000000,54612.6000000000,59231.5000000000,54167.1900000000,59998.0000000000,-0.0000183108,8.1188686506,8.1188869614,-0.8189250765,9.4046602975
BTCUSDT_lower5_all_h48,BTC all 48H,phase2_lower5_best,BTCUSDT,lower,5pct,long,all,-1.8987744291,12,48,2021-10-21 12:00,2021-10-21 16:00,2021-10-23 12:00,-2.9058587239,Q5_high,1.6341675605,62971.2000000000,62971.2000000000,61446.8700000000,59562.1500000000,63732.3900000000,0.0000000000,-2.4504580018,-2.4504580018,-5.5657173796,1.2015431572
BTCUSDT_lower5_all_h48,BTC all 48H,phase2_lower5_best,BTCUSDT,lower,5pct,long,all,-1.8987744291,12,48,2021-10-22 12:00,2021-10-22 16:00,2021-10-24 12:00,-4.3303435599,Q5_high,1.8483056512,60690.9400000000,60690.9400000000,59859.9700000000,59562.1500000000,61747.6400000000,0.0000000000,-1.3786427021,-1.3786427021,-1.8774123060,1.7261327878
BTCUSDT_lower5_all_h48,BTC all 48H,phase2_lower5_best,BTCUSDT,lower,5pct,long,all,-1.8987744291,12,48,2021-10-26 20:00,2021-10-27 00:00,2021-10-28 20:00,-2.7324617634,Q3_mid,1.0845571349,60328.8100000000,60328.8100000000,60575.8900000000,57820.0000000000,62499.0000000000,0.0000000000,0.4087191713,0.4087191713,-4.2475030823,3.5340789203
BTCUSDT_lower5_all_h48,BTC all 48H,phase2_lower5_best,BTCUSDT,lower,5pct,long,all,-1.8987744291,12,48,2021-10-27 08:00,2021-10-27 12:00,2021-10-29 08:00,-2.3389540502,Q4_higher,1.2199956656,58564.0000000000,58564.0000000000,60940.9100000000,57820.0000000000,62499.0000000000,0.0000000000,3.9784532836,3.9784532836,-1.2785436743,6.5030383283
BTCUSDT_lower5_all_h48,BTC all 48H,phase2_lower5_best,BTCUSDT,lower,5pct,long,all,-1.8987744291,12,48,2021-11-01 00:00,2021-11-01 04:00,2021-11-03 00:00,-2.2716509344,Q4_higher,1.1018494910,59922.9800000000,59915.1200000000,63210.4100000000,59405.0000000000,64270.0000000000,-0.0131176980,5.3408931829,5.3540108809,-0.8550496060,7.0164065413
BTCUSDT_lower5_all_h48,BTC all 48H,phase2_lower5_best,BTCUSDT,lower,5pct,long,all,-1.8987744291,12,48,2021-11-10 16:00,2021-11-10 20:00,2021-11-12 16:00,-2.5151618850,Q4_higher,1.3836347949,66650.9900000000,66650.9800000000,63845.0100000000,62278.0000000000,67047.2700000000,-0.0000150035,-4.3011472722,-4.3011322687,-6.7861516780,0.5928142823
BTCUSDT_lower5_all_h48,BTC all 48H,phase2_lower5_best,BTCUSDT,lower,5pct,long,all,-1.8987744291,12,48,2021-11-10 20:00,2021-11-11 00:00,2021-11-12 20:00,-2.6893037361,Q5_high,1.5431884237,64882.4300000000,64882.4200000000,64122.2300000000,62278.0000000000,65600.0700000000,-0.0000154125,-1.1785757190,-1.1785603065,-4.0968475329,1.1000054281
BTCUSDT_lower5_all_h48,BTC all 48H,phase2_lower5_best,BTCUSDT,lower,5pct,long,all,-1.8987744291,12,48,2021-11-15 12:00,2021-11-15 16:00,2021-11-17 12:00,-2.2226517847,Q3_mid,1.0151012734,64288.1600000000,64288.1600000000,59664.4900000000,58373.0000000000,64444.6100000000,0.0000000000,-7.4638441370,-7.4638441370,-9.6522023270,0.2430617737
BTCUSDT_lower5_all_h48,BTC all 48H,phase2_lower5_best,BTCUSDT,lower,5pct,long,all,-1.8987744291,12,48,2021-11-16 00:00,2021-11-16 04:00,2021-11-18 00:00,-4.3364597383,Q4_higher,1.3565710609,60907.4100000000,60907.4000000000,59840.0100000000,58373.0000000000,61600.0000000000,-0.0000164184,-1.7680341412,-1.7680177229,-4.2501223847,1.1307192532
BTCUSDT_lower5_all_h48,BTC all 48H,phase2_lower5_best,BTCUSDT,lower,5pct,long,all,-1.8987744291,12,48,2021-11-22 00:00,2021-11-22 04:00,2021-11-24 00:00,-2.1355505291,Q4_higher,1.3846577651,57383.3900000000,57383.4000000000,56399.9900000000,55317.0000000000,59444.0000000000,0.0000174266,-1.7285907428,-1.7286081694,-3.6674787502,3.5279630003
BTCUSDT_lower5_all_h48,BTC all 48H,phase2_lower5_best,BTCUSDT,lower,5pct,long,all,-1.8987744291,12,48,2021-11-22 16:00,2021-11-22 20:00,2021-11-24 16:00,-3.8568613127,Q5_high,1.5360465847,55993.0300000000,55993.0400000000,56825.1300000000,55317.0000000000,58009.9900000000,0.0000178594,1.4751438758,1.4751260165,-1.2147121906,3.5387839797
BTCUSDT_lower5_all_h48,BTC all 48H,phase2_lower5_best,BTCUSDT,lower,5pct,long,all,-1.8987744291,12,48,2021-11-24 00:00,2021-11-24 04:00,2021-11-26 00:00,-2.0033448283,Q4_higher,1.4516747816,56399.9900000000,56399.9900000000,57900.9100000000,55837.0000000000,59398.9000000000,0.0000000000,2.6264120009,2.6264120009,-1.0032249117,5.1806726480
BTCUSDT_lower5_all_h48,BTC all 48H,phase2_lower5_best,BTCUSDT,lower,5pct,long,all,-1.8987744291,12,48,2021-11-26 08:00,2021-11-26 12:00,2021-11-28 08:00,-5.8539355132,Q5_high,1.7011605864,53719.3000000000,53719.3100000000,54493.0900000000,53500.0000000000,55280.0000000000,0.0000186153,1.4301563598,1.4301377446,-0.4090873292,2.8638652265
BTCUSDT_lower5_all_h48,BTC all 48H,phase2_lower5_best,BTCUSDT,lower,5pct,long,all,-1.8987744291,12,48,2021-12-01 16:00,2021-12-01 20:00,2021-12-03 16:00,-2.0451687688,Q5_high,1.5300269472,57427.9000000000,57427.9100000000,53838.6500000000,53750.0000000000,57600.0000000000,0.0000174131,-6.4538637225,-6.4538811357,-6.6186755077,0.2992145617
BTCUSDT_lower5_all_h48,BTC all 48H,phase2_lower5_best,BTCUSDT,lower,5pct,long,all,-1.8987744291,12,48,2021-12-03 16:00,2021-12-03 20:00,2021-12-05 16:00,-3.8919268578,Q4_higher,1.3475879103,53838.6500000000,53838.6600000000,48902.4500000000,42000.3000000000,54251.0000000000,0.0000185740,-9.6164113253,-9.6164298993,-24.8315035353,0.7629628962
BTCUSDT_lower5_all_h48,BTC all 48H,phase2_lower5_best,BTCUSDT,lower,5pct,long,all,-1.8987744291,12,48,2021-12-04 00:00,2021-12-04 04:00,2021-12-06 00:00,-3.0324938856,Q4_higher,1.4514953638,52000.0000000000,52000.0100000000,49018.4700000000,42000.3000000000,52606.9800000000,0.0000192308,-5.9046552719,-5.9046745027,-21.3567149774,1.1604899671
BTCUSDT_lower5_all_h48,BTC all 48H,phase2_lower5_best,BTCUSDT,lower,5pct,long,all,-1.8987744291,12,48,2021-12-04 04:00,2021-12-04 08:00,2021-12-06 04:00,-9.5944727241,Q5_high,2.4973490327,47242.7400000000,47242.7500000000,48412.6600000000,46131.7100000000,49699.0500000000,0.0000211673,2.4462358426,2.4462146754,-2.3798636978,5.0686615218
BTCUSDT_lower5_all_h48,BTC all 48H,phase2_lower5_best,BTCUSDT,lower,5pct,long,all,-1.8987744291,12,48,2021-12-05 12:00,2021-12-05 16:00,2021-12-07 12:00,-2.6567153136,Q5_high,2.6604673102,47951.5700000000,47951.5700000000,51734.1500000000,47100.0000000000,51936.3300000000,0.0000000000,7.5926561805,7.5926561805,-1.7918542211,7.9827002053
BTCUSDT_lower5_all_h48,BTC all 48H,phase2_lower5_best,BTCUSDT,lower,5pct,long,all,-1.8987744291,12,48,2021-12-08 08:00,2021-12-08 12:00,2021-12-10 08:00,-2.5976242291,Q4_higher,1.3736201087,49186.5100000000,49186.5000000000,48711.0000000000,47320.0000000000,51200.0000000000,-0.0000203308,-0.9714521637,-0.9714318329,-3.8686156492,4.0120336443
BTCUSDT_lower5_all_h48,BTC all 48H,phase2_lower5_best,BTCUSDT,lower,5pct,long,all,-1.8987744291,12,48,2021-12-09 00:00,2021-12-09 04:00,2021-12-11 00:00,-1.9160348255,Q4_higher,1.3980986764,49513.3500000000,49517.0000000000,48296.9900000000,46751.0000000000,50350.0000000000,0.0073714775,-2.4873090307,-2.4946805082,-5.7480399078,1.6682574207
BTCUSDT_lower5_all_h48,BTC all 48H,phase2_lower5_best,BTCUSDT,lower,5pct,long,all,-1.8987744291,12,48,2021-12-10 20:00,2021-12-11 00:00,2021-12-12 20:00,-2.0124707715,Q5_high,1.5272984318,47140.5400000000,47140.5400000000,50053.9000000000,46751.0000000000,50777.0000000000,0.0000000000,5.9967072121,5.9967072121,-0.8297706802,7.4310143472
BTCUSDT_lower5_all_h48,BTC all 48H,phase2_lower5_best,BTCUSDT,lower,5pct,long,all,-1.8987744291,12,48,2021-12-13 00:00,2021-12-13 04:00,2021-12-15 00:00,-2.3871440432,Q4_higher,1.3756591859,48873.1900000000,48873.2000000000,48262.4100000000,45672.7500000000,49350.9000000000,0.0000204611,-1.2575987585,-1.2576192196,-6.7727349016,0.9726813812
BTCUSDT_lower5_all_h48,BTC all 48H,phase2_lower5_best,BTCUSDT,lower,5pct,long,all,-1.8987744291,12,48,2021-12-13 12:00,2021-12-13 16:00,2021-12-15 12:00,-3.3202882495,Q5_high,1.4939003001,47252.0200000000,47252.0200000000,46632.3100000000,45672.7500000000,48850.0000000000,0.0000000000,-1.3201755832,-1.3201755832,-3.3993564382,3.3258974140
BTCUSDT_lower5_all_h48,BTC all 48H,phase2_lower5_best,BTCUSDT,lower,5pct,long,all,-1.8987744291,12,48,2021-12-15 12:00,2021-12-15 16:00,2021-12-17 12:00,-3.1664807144,Q5_high,1.5159929996,46632.3100000000,46632.3000000000,46528.8300000000,45456.0000000000,49500.0000000000,-0.0000214444,-0.2221528044,-0.2221313600,-2.5548608961,5.9679235502
BTCUSDT_lower5_all_h48,BTC all 48H,phase2_lower5_best,BTCUSDT,lower,5pct,long,all,-1.8987744291,12,48,2021-12-28 16:00,2021-12-28 20:00,2021-12-30 16:00,-2.5833155949,Q3_mid,0.9816739627,47689.4600000000,47689.4600000000,47558.3500000000,45900.0000000000,48142.7800000000,0.0000000000,-0.2753030916,-0.2753030916,-3.8245292051,0.9460769804
BTCUSDT_lower5_all_h48,BTC all 48H,phase2_lower5_best,BTCUSDT,lower,5pct,long,all,-1.8987744291,12,48,2021-12-31 16:00,2021-12-31 20:00,2022-01-02 16:00,-4.8595954759,Q5_high,1.4923105033,45728.2800000000,45728.2800000000,46907.6800000000,45678.0000000000,47990.0000000000,0.0000000000,2.5464489820,2.5464489820,-0.1100143340,4.8275730978
BTCUSDT_lower5_all_h48,BTC all 48H,phase2_lower5_best,BTCUSDT,lower,5pct,long,all,-1.8987744291,12,48,2022-01-05 16:00,2022-01-05 20:00,2022-01-07 16:00,-4.2425213719,Q4_higher,1.2410139527,44685.9300000000,44685.9300000000,41775.3800000000,40610.0000000000,44847.9900000000,0.0000000000,-6.7351516180,-6.7351516180,-9.5644345272,0.3620084477
BTCUSDT_lower5_all_h48,BTC all 48H,phase2_lower5_best,BTCUSDT,lower,5pct,long,all,-1.8987744291,12,48,2022-01-05 20:00,2022-01-06 00:00,2022-01-07 20:00,-2.8021828692,Q4_higher,1.3558810237,43451.1300000000,43451.1400000000,41566.4800000000,40610.0000000000,43816.0000000000,0.0000230144,-4.4342785048,-4.4343015191,-6.7622746723,0.8361959060
BTCUSDT_lower5_all_h48,BTC all 48H,phase2_lower5_best,BTCUSDT,lower,5pct,long,all,-1.8987744291,12,48,2022-01-07 00:00,2022-01-07 04:00,2022-01-09 00:00,-3.0141733344,Q5_high,1.4866434101,41803.1100000000,41803.1100000000,41833.8900000000,40501.0000000000,42883.4700000000,0.0000000000,0.0736037911,0.0736037911,-3.1644073511,2.5515698319
BTCUSDT_lower5_all_h48,BTC all 48H,phase2_lower5_best,BTCUSDT,lower,5pct,long,all,-1.8987744291,12,48,2022-01-07 12:00,2022-01-07 16:00,2022-01-09 12:00,-2.2483251849,Q5_high,1.5678130487,41319.1100000000,41310.8500000000,41621.1100000000,40501.0000000000,42315.8500000000,-0.0199927485,0.7282385667,0.7482313151,-1.9798512163,2.4036543031
BTCUSDT_lower5_all_h48,BTC all 48H,phase2_lower5_best,BTCUSDT,lower,5pct,long,all,-1.8987744291,12,48,2022-01-09 20:00,2022-01-10 00:00,2022-01-11 20:00,-1.9646828226,Q4_higher,1.4272460987,41864.6200000000,41864.6200000000,42729.2900000000,39650.0000000000,43100.0000000000,0.0000000000,2.0443554736,2.0443554736,-5.4350130740,2.9081918289
BTCUSDT_lower5_all_h48,BTC all 48H,phase2_lower5_best,BTCUSDT,lower,5pct,long,all,-1.8987744291,12,48,2022-01-20 20:00,2022-01-21 00:00,2022-01-22 20:00,-5.3516533416,Q5_high,1.5765840520,40680.9100000000,40680.9200000000,35071.4200000000,34008.0000000000,41100.0000000000,0.0000245816,-14.8372386865,-14.8372632680,-17.9163395404,1.0248935042
BTCUSDT_lower5_all_h48,BTC all 48H,phase2_lower5_best,BTCUSDT,lower,5pct,long,all,-1.8987744291,12,48,2022-01-21 00:00,2022-01-21 04:00,2022-01-23 00:00,-5.5993305398,Q5_high,1.9843726794,38465.6500000000,38465.6500000000,35051.0000000000,34008.0000000000,39320.0000000000,0.0000000000,-9.2961491503,-9.2961491503,-12.3169844191,2.1967660032
BTCUSDT_lower5_all_h48,BTC all 48H,phase2_lower5_best,BTCUSDT,lower,5pct,long,all,-1.8987744291,12,48,2022-01-21 16:00,2022-01-21 20:00,2022-01-23 16:00,-2.2726754295,Q5_high,2.0850456080,37984.1200000000,37984.1100000000,34775.4500000000,34008.0000000000,38470.0000000000,-0.0000263268,-8.8256499591,-8.8256236323,-11.0572123323,1.2710802385
BTCUSDT_lower5_all_h48,BTC all 48H,phase2_lower5_best,BTCUSDT,lower,5pct,long,all,-1.8987744291,12,48,2022-01-21 20:00,2022-01-22 00:00,2022-01-23 20:00,-4.1355396881,Q5_high,2.2394966798,36445.3100000000,36445.3100000000,36244.5500000000,34008.0000000000,36835.2200000000,0.0000000000,-0.5523755596,-0.5523755596,-6.9216989709,1.0641671931
BTCUSDT_lower5_all_h48,BTC all 48H,phase2_lower5_best,BTCUSDT,lower,5pct,long,all,-1.8987744291,12,48,2022-01-22 04:00,2022-01-22 08:00,2022-01-24 04:00,-2.6251806172,Q5_high,2.2054349049,35400.0200000000,35400.0100000000,34888.8100000000,34008.0000000000,36499.0000000000,-0.0000282486,-1.4546237688,-1.4545955203,-4.0116311569,3.0572760327
BTCUSDT_lower5_all_h48,BTC all 48H,phase2_lower5_best,BTCUSDT,lower,5pct,long,all,-1.8987744291,12,48,2022-01-24 00:00,2022-01-24 04:00,2022-01-26 00:00,-2.5322795484,Q5_high,2.3925878222,35338.2600000000,35338.2500000000,37389.7600000000,32917.1700000000,37550.0000000000,-0.0000282979,5.6430640454,5.6430923433,-7.0971540571,6.0707431503
BTCUSDT_lower5_all_h48,BTC all 48H,phase2_lower5_best,BTCUSDT,lower,5pct,long,all,-1.8987744291,12,48,2022-01-24 08:00,2022-01-24 12:00,2022-01-26 08:00,-3.4754070419,Q5_high,1.9548662825,33697.1100000000,33697.1200000000,38072.7700000000,32917.1700000000,38248.9200000000,0.0000296761,12.2087251447,12.2086954686,-2.3417967630,12.6702950814
BTCUSDT_lower5_all_h48,BTC all 48H,phase2_lower5_best,BTCUSDT,lower,5pct,long,all,-1.8987744291,12,48,2022-01-26 20:00,2022-01-27 00:00,2022-01-28 20:00,-2.0717715672,Q5_high,2.1319025372,36809.3400000000,36807.2400000000,37716.5600000000,35507.0100000000,38000.0000000000,-0.0057052365,2.4347637983,2.4404690348,-3.5964423178,3.1891594772
BTCUSDT_lower5_all_h48,BTC all 48H,phase2_lower5_best,BTCUSDT,lower,5pct,long,all,-1.8987744291,12,48,2022-01-27 00:00,2022-01-27 04:00,2022-01-29 00:00,-2.9321635134,Q5_high,2.2163048752,35745.7000000000,35745.7000000000,37737.7300000000,35538.7500000000,38000.0000000000,0.0000000000,5.4230407562,5.4230407562,-0.5806331715,6.1156177541
BTCUSDT_lower5_all_h48,BTC all 48H,phase2_lower5_best,BTCUSDT,lower,5pct,long,all,-1.8987744291,12,48,2022-01-31 00:00,2022-01-31 04:00,2022-02-02 00:00,-2.2858003798,Q4_higher,1.1788344230,37025.6800000000,37025.6800000000,38552.8700000000,36724.0000000000,39265.2000000000,0.0000000000,4.0418820052,4.0418820052,-0.8181233673,5.8726904455
BTCUSDT_lower5_all_h48,BTC all 48H,phase2_lower5_best,BTCUSDT,lower,5pct,long,all,-1.8987744291,12,48,2022-02-02 12:00,2022-02-02 16:00,2022-02-04 12:00,-2.7931823035,Q4_higher,1.1036693897,37429.7800000000,37429.7800000000,39490.8700000000,36250.0000000000,39819.9100000000,0.0000000000,5.3602861689,5.3602861689,-3.2027262960,6.1900394202
BTCUSDT_lower5_all_h48,BTC all 48H,phase2_lower5_best,BTCUSDT,lower,5pct,long,all,-1.8987744291,12,48,2022-02-08 08:00,2022-02-08 12:00,2022-02-10 08:00,-1.9511375544,Q3_mid,0.9871634146,43988.3000000000,43988.3000000000,44834.0900000000,42666.0000000000,45177.9600000000,0.0000000000,1.9045098088,1.9045098088,-3.0521339338,2.6685667831
BTCUSDT_lower5_all_h48,BTC all 48H,phase2_lower5_best,BTCUSDT,lower,5pct,long,all,-1.8987744291,12,48,2022-02-10 20:00,2022-02-11 00:00,2022-02-12 20:00,-1.9996931245,Q4_higher,1.3261986760,43495.4400000000,43495.4400000000,42217.8700000000,41688.8800000000,43920.0000000000,0.0000000000,-2.9812513890,-2.9812513890,-4.2421678437,0.9713692188
BTCUSDT_lower5_all_h48,BTC all 48H,phase2_lower5_best,BTCUSDT,lower,5pct,long,all,-1.8987744291,12,48,2022-02-11 16:00,2022-02-11 20:00,2022-02-13 16:00,-2.1441914356,Q4_higher,1.2520488858,42742.6300000000,42742.6300000000,42031.1600000000,41688.8800000000,43079.4900000000,0.0000000000,-1.6785534890,-1.6785534890,-2.4962356284,0.7850230918
BTCUSDT_lower5_all_h48,BTC all 48H,phase2_lower5_best,BTCUSDT,lower,5pct,long,all,-1.8987744291,12,48,2022-02-17 12:00,2022-02-17 16:00,2022-02-19 12:00,-2.9115170288,Q4_higher,1.2866351580,41925.4400000000,41925.4400000000,39969.9300000000,39450.0000000000,42111.0000000000,0.0000000000,-4.7765381177,-4.7765381177,-6.0858755294,0.4416186635
BTCUSDT_lower5_all_h48,BTC all 48H,phase2_lower5_best,BTCUSDT,lower,5pct,long,all,-1.8987744291,12,48,2022-02-20 04:00,2022-02-20 08:00,2022-02-22 04:00,-2.5397328462,Q4_higher,1.0999604254,38796.6400000000,38796.6300000000,36771.6600000000,36350.0000000000,39494.3500000000,-0.0000257754,-5.3606205148,-5.3605947394,-6.5139183207,1.7824236515
BTCUSDT_lower5_all_h48,BTC all 48H,phase2_lower5_best,BTCUSDT,lower,5pct,long,all,-1.8987744291,12,48,2022-02-21 08:00,2022-02-21 12:00,2022-02-23 08:00,-4.4672673874,Q4_higher,1.3178381805,37577.3300000000,37576.1000000000,38782.9100000000,36350.0000000000,39283.0700000000,-0.0032733037,3.1578742648,3.1611475685,-3.3174006015,4.4425427261
BTCUSDT_lower5_all_h48,BTC all 48H,phase2_lower5_best,BTCUSDT,lower,5pct,long,all,-1.8987744291,12,48,2022-02-21 20:00,2022-02-22 00:00,2022-02-23 20:00,-2.9999573484,Q5_high,1.6892280285,37008.1600000000,37008.1600000000,37250.0100000000,36350.0000000000,39249.9300000000,0.0000000000,0.6513784413,0.6513784413,-1.7944224890,5.8811231918
BTCUSDT_lower5_all_h48,BTC all 48H,phase2_lower5_best,BTCUSDT,lower,5pct,long,all,-1.8987744291,12,48,2022-02-23 16:00,2022-02-23 20:00,2022-02-25 16:00,-2.3558682836,Q5_high,1.8330882194,37615.8100000000,37615.8100000000,38676.1400000000,34322.2800000000,39843.0000000000,0.0000000000,2.7798431688,2.7798431688,-9.1629734763,5.7522290343
BTCUSDT_lower5_all_h48,BTC all 48H,phase2_lower5_best,BTCUSDT,lower,5pct,long,all,-1.8987744291,12,48,2022-02-24 00:00,2022-02-24 04:00,2022-02-26 00:00,-6.4108922269,Q5_high,2.3123912511,34936.8900000000,34936.9000000000,39390.3300000000,34322.2800000000,40348.4500000000,0.0000286230,11.9977063695,11.9976777465,-1.7748871264,14.4009402856
BTCUSDT_lower5_all_h48,BTC all 48H,phase2_lower5_best,BTCUSDT,lower,5pct,long,all,-1.8987744291,12,48,2022-02-27 16:00,2022-02-27 20:00,2022-03-01 16:00,-4.5497970136,Q5_high,1.8027034722,37606.4900000000,37604.4000000000,43719.4900000000,37000.0000000000,44949.0000000000,-0.0055577058,15.0617356214,15.0672933272,-1.6203152182,17.8407448903
BTCUSDT_lower5_all_h48,BTC all 48H,phase2_lower5_best,BTCUSDT,lower,5pct,long,all,-1.8987744291,12,48,2022-03-03 12:00,2022-03-03 16:00,2022-03-05 12:00,-1.9432571879,Q5_high,1.8566081361,42547.3400000000,42547.3400000000,39160.0100000000,38407.5900000000,42750.0000000000,0.0000000000,-8.2961265352,-8.2961265352,-10.2362242064,0.4751857006
BTCUSDT_lower5_all_h48,BTC all 48H,phase2_lower5_best,BTCUSDT,lower,5pct,long,all,-1.8987744291,12,48,2022-03-04 00:00,2022-03-04 04:00,2022-03-06 00:00,-2.3934702769,Q4_higher,1.3826283337,41449.9400000000,41449.9300000000,39300.5400000000,38407.5900000000,41904.8800000000,-0.0000241255,-5.3248174814,-5.3247933559,-7.6231096486,1.0916095128
BTCUSDT_lower5_all_h48,BTC all 48H,phase2_lower5_best,BTCUSDT,lower,5pct,long,all,-1.8987744291,12,48,2022-03-04 12:00,2022-03-04 16:00,2022-03-06 12:00,-2.3502597579,Q3_mid,1.0390641538,40694.3200000000,40694.3200000000,38862.6100000000,38088.5700000000,40958.6600000000,0.0000000000,-4.6055919097,-4.6055919097,-6.6174287846,0.6474740382
BTCUSDT_lower5_all_h48,BTC all 48H,phase2_lower5_best,BTCUSDT,lower,5pct,long,all,-1.8987744291,12,48,2022-03-04 16:00,2022-03-04 20:00,2022-03-06 16:00,-2.2670708483,Q4_higher,1.1138566556,39782.1300000000,39782.1300000000,38670.6600000000,38088.5700000000,39879.4800000000,0.0000000000,-2.8336643519,-2.8336643519,-4.3503579363,0.2444089404
BTCUSDT_lower5_all_h48,BTC all 48H,phase2_lower5_best,BTCUSDT,lower,5pct,long,all,-1.8987744291,12,48,2022-03-06 08:00,2022-03-06 12:00,2022-03-08 08:00,-2.6631091037,Q4_higher,1.1374363257,38352.4800000000,38352.4800000000,38983.0500000000,37155.0000000000,39547.5700000000,0.0000000000,1.6307743014,1.6307743014,-3.1720841649,3.0685057854
BTCUSDT_lower5_all_h48,BTC all 48H,phase2_lower5_best,BTCUSDT,lower,5pct,long,all,-1.8987744291,12,48,2022-03-07 16:00,2022-03-07 20:00,2022-03-09 16:00,-4.6159812861,Q5_high,1.5519594119,37308.9400000000,37308.9400000000,42204.6500000000,37155.0000000000,42594.0600000000,0.0000000000,12.3297428329,12.3297428329,-0.4134624606,13.2481830718
BTCUSDT_lower5_all_h48,BTC all 48H,phase2_lower5_best,BTCUSDT,lower,5pct,long,all,-1.8987744291,12,48,2022-03-10 00:00,2022-03-10 04:00,2022-03-12 00:00,-2.8370827492,Q5_high,2.1443145267,40768.5100000000,40768.5000000000,39088.9400000000,38223.6000000000,40834.9300000000,-0.0000245287,-4.2070407156,-4.2070161868,-6.4456598497,0.1628118197
BTCUSDT_lower5_all_h48,BTC all 48H,phase2_lower5_best,BTCUSDT,lower,5pct,long,all,-1.8987744291,12,48,2022-03-10 04:00,2022-03-10 08:00,2022-03-12 04:00,-3.8241367999,Q5_high,2.3253857696,39238.9000000000,39238.9000000000,39104.9900000000,38223.6000000000,40292.4400000000,0.0000000000,-0.3418521353,-0.3418521353,-2.6215475785,2.6495256618
BTCUSDT_lower5_all_h48,BTC all 48H,phase2_lower5_best,BTCUSDT,lower,5pct,long,all,-1.8987744291,12,48,2022-03-11 12:00,2022-03-11 16:00,2022-03-13 12:00,-2.0600435188,Q5_high,2.0615126686,39080.2600000000,39080.2600000000,38936.0000000000,38308.8300000000,39486.7100000000,0.0000000000,-0.3698207641,-0.3698207641,-1.9937062255,1.0346679425
BTCUSDT_lower5_all_h48,BTC all 48H,phase2_lower5_best,BTCUSDT,lower,5pct,long,all,-1.8987744291,12,48,2022-03-13 20:00,2022-03-14 00:00,2022-03-15 20:00,-2.8488080329,Q4_higher,1.1274074232,37777.3400000000,37777.3500000000,39280.3300000000,37555.0000000000,39947.1200000000,0.0000264709,3.9014432701,3.9014167993,-0.5903191542,5.5846862821
BTCUSDT_lower5_all_h48,BTC all 48H,phase2_lower5_best,BTCUSDT,lower,5pct,long,all,-1.8987744291,12,48,2022-03-15 00:00,2022-03-15 04:00,2022-03-17 00:00,-2.3024029092,Q4_higher,1.2302272973,38768.4100000000,38768.4100000000,41014.7100000000,38098.3300000000,41718.0000000000,0.0000000000,5.6325043095,5.6325043095,-1.7435290600,7.3326950594
BTCUSDT_lower5_all_h48,BTC all 48H,phase2_lower5_best,BTCUSDT,lower,5pct,long,all,-1.8987744291,12,48,2022-04-01 00:00,2022-04-01 04:00,2022-04-03 00:00,-2.0206142291,Q3_mid,0.8475088249,44599.9800000000,44599.9800000000,45943.2500000000,44547.1100000000,47213.0000000000,0.0000000000,2.9673528613,2.9673528613,-0.1186129714,5.6935867803
BTCUSDT_lower5_all_h48,BTC all 48H,phase2_lower5_best,BTCUSDT,lower,5pct,long,all,-1.8987744291,12,48,2022-04-05 12:00,2022-04-05 16:00,2022-04-07 12:00,-1.9896360998,Q2_lower,0.7411867988,45763.7200000000,45763.7300000000,43331.8100000000,42727.3500000000,46191.0000000000,0.0000218514,-5.4604630150,-5.4604848664,-6.8652625573,0.9293117929
BTCUSDT_lower5_all_h48,BTC all 48H,phase2_lower5_best,BTCUSDT,lower,5pct,long,all,-1.8987744291,12,48,2022-04-08 16:00,2022-04-08 20:00,2022-04-10 16:00,-2.1236783544,Q3_mid,0.9279119787,42730.8400000000,42730.8400000000,43235.7700000000,42107.1400000000,43310.1500000000,0.0000000000,1.1747254116,1.1747254116,-1.4703585274,1.3466110842
BTCUSDT_lower5_all_h48,BTC all 48H,phase2_lower5_best,BTCUSDT,lower,5pct,long,all,-1.8987744291,12,48,2022-04-10 20:00,2022-04-11 00:00,2022-04-12 20:00,-2.5223535078,Q3_mid,0.9270754602,42158.8500000000,42158.8500000000,40074.9400000000,39200.0000000000,42414.7100000000,0.0000000000,-5.0693425520,-5.0693425520,-7.2767880025,0.6050609211
BTCUSDT_lower5_all_h48,BTC all 48H,phase2_lower5_best,BTCUSDT,lower,5pct,long,all,-1.8987744291,12,48,2022-04-11 08:00,2022-04-11 12:00,2022-04-13 08:00,-2.9702790672,Q4_higher,1.1188360338,41067.6300000000,41067.6400000000,39722.6400000000,39200.0000000000,41246.6100000000,0.0000243501,-3.3298917723,-3.3299161224,-4.6543716653,0.4348464136
BTCUSDT_lower5_all_h48,BTC all 48H,phase2_lower5_best,BTCUSDT,lower,5pct,long,all,-1.8987744291,12,48,2022-04-12 16:00,2022-04-12 20:00,2022-04-14 16:00,-2.2044310417,Q4_higher,1.1814544975,39303.1000000000,39303.1000000000,39775.8200000000,39254.6300000000,41561.3100000000,0.0000000000,1.1955793805,1.1955793805,-0.1233997117,5.5866290256
BTCUSDT_lower5_all_h48,BTC all 48H,phase2_lower5_best,BTCUSDT,lower,5pct,long,all,-1.8987744291,12,48,2022-04-14 12:00,2022-04-14 16:00,2022-04-16 12:00,-2.3639147383,Q5_high,1.5044668252,39964.0200000000,39964.0100000000,40062.6800000000,39551.9400000000,40870.3600000000,-0.0000250225,0.2465678329,0.2465928555,-1.0364554252,2.2425806858
BTCUSDT_lower5_all_h48,BTC all 48H,phase2_lower5_best,BTCUSDT,lower,5pct,long,all,-1.8987744291,12,48,2022-04-18 04:00,2022-04-18 08:00,2022-04-20 04:00,-2.2693358825,Q2_lower,0.7453325852,38919.8500000000,38919.8500000000,41340.0500000000,38799.0000000000,41760.0000000000,0.0000000000,6.0327360484,6.0327360484,-0.3109930150,7.0434540324
BTCUSDT_lower5_all_h48,BTC all 48H,phase2_lower5_best,BTCUSDT,lower,5pct,long,all,-1.8987744291,12,48,2022-04-20 12:00,2022-04-20 16:00,2022-04-22 12:00,-1.9874746789,Q4_higher,1.3034262246,41261.7300000000,41261.7200000000,39433.6000000000,39320.0200000000,42976.0000000000,-0.0000242355,-4.5317191232,-4.5316948876,-4.8201389712,4.0706626703
BTCUSDT_lower5_all_h48,BTC all 48H,phase2_lower5_best,BTCUSDT,lower,5pct,long,all,-1.8987744291,12,48,2022-04-21 16:00,2022-04-21 20:00,2022-04-23 16:00,-2.1991875598,Q4_higher,1.2725088673,41218.8100000000,41218.8200000000,39755.3200000000,39177.0000000000,41309.6700000000,0.0000242608,-3.6151036942,-3.6151279549,-5.0805108266,0.2201664824
BTCUSDT_lower5_all_h48,BTC all 48H,phase2_lower5_best,BTCUSDT,lower,5pct,long,all,-1.8987744291,12,48,2022-04-22 12:00,2022-04-22 16:00,2022-04-24 12:00,-2.8793600771,Q4_higher,1.2651306597,39433.6000000000,39433.6000000000,39656.4900000000,39177.0000000000,39980.0000000000,0.0000000000,0.5636372144,0.5636372144,-0.6528404855,1.3761084311
BTCUSDT_lower5_all_h48,BTC all 48H,phase2_lower5_best,BTCUSDT,lower,5pct,long,all,-1.8987744291,12,48,2022-04-25 04:00,2022-04-25 08:00,2022-04-27 04:00,-2.0585320714,Q3_mid,0.8819421426,38453.9200000000,38453.9200000000,39112.7400000000,37702.2600000000,40797.3100000000,0.0000000000,1.6987603782,1.6987603782,-1.9740601733,5.9155506524
BTCUSDT_lower5_all_h48,BTC all 48H,phase2_lower5_best,BTCUSDT,lower,5pct,long,all,-1.8987744291,12,48,2022-04-26 12:00,2022-04-26 16:00,2022-04-28 12:00,-4.8169925554,Q5_high,1.4681975038,38563.9400000000,38563.9400000000,39438.0100000000,37702.2600000000,40300.0000000000,0.0000000000,2.2412429126,2.2412429126,-2.2597603339,4.4033826007
BTCUSDT_lower5_all_h48,BTC all 48H,phase2_lower5_best,BTCUSDT,lower,5pct,long,all,-1.8987744291,12,48,2022-04-29 08:00,2022-04-29 12:00,2022-05-01 08:00,-2.1966261327,Q4_higher,1.3936474511,38749.5400000000,38749.5400000000,37942.7800000000,37386.3800000000,39406.3700000000,0.0000000000,-2.1039649349,-2.1039649349,-3.5812417790,1.6808593602
BTCUSDT_lower5_all_h48,BTC all 48H,phase2_lower5_best,BTCUSDT,lower,5pct,long,all,-1.8987744291,12,48,2022-04-30 20:00,2022-05-01 00:00,2022-05-02 20:00,-2.1973447485,Q3_mid,0.9666229934,37630.8000000000,37630.8000000000,38525.1600000000,37386.3800000000,39167.3400000000,0.0000000000,2.3488670332,2.3488670332,-0.6516397042,4.0020372245
BTCUSDT_lower5_all_h48,BTC all 48H,phase2_lower5_best,BTCUSDT,lower,5pct,long,all,-1.8987744291,12,48,2022-05-05 12:00,2022-05-05 16:00,2022-05-07 12:00,-6.7645560108,Q5_high,1.7523287234,36909.6700000000,36909.6700000000,35962.4700000000,35258.0000000000,37322.0000000000,0.0000000000,-2.5997681660,-2.5997681660,-4.5781122472,1.1109388776
BTCUSDT_lower5_all_h48,BTC all 48H,phase2_lower5_best,BTCUSDT,lower,5pct,long,all,-1.8987744291,12,48,2022-05-08 00:00,2022-05-08 04:00,2022-05-10 00:00,-2.8368241073,Q5_high,1.6523986129,34480.2400000000,34480.2300000000,30642.5500000000,29730.4000000000,34952.5000000000,-0.0000290021,-11.7996840376,-11.7996550354,-14.8216024964,1.3603880573
BTCUSDT_lower5_all_h48,BTC all 48H,phase2_lower5_best,BTCUSDT,lower,5pct,long,all,-1.8987744291,12,48,2022-05-09 12:00,2022-05-09 16:00,2022-05-11 12:00,-2.3854910599,Q3_mid,1.0326779214,32341.5300000000,32341.5300000000,30977.6100000000,29039.5400000000,32658.9900000000,0.0000000000,-4.3087477396,-4.3087477396,-10.7693813252,0.9767999523
BTCUSDT_lower5_all_h48,BTC all 48H,phase2_lower5_best,BTCUSDT,lower,5pct,long,all,-1.8987744291,12,48,2022-05-09 16:00,2022-05-09 20:00,2022-05-11 16:00,-4.4146544460,Q4_higher,1.3262673266,30944.8200000000,30940.6200000000,29372.2200000000,29039.5400000000,32658.9900000000,-0.0135734674,-5.2156288715,-5.2020554041,-6.3411534118,5.4050278657
BTCUSDT_lower5_all_h48,BTC all 48H,phase2_lower5_best,BTCUSDT,lower,5pct,long,all,-1.8987744291,12,48,2022-05-09 20:00,2022-05-10 00:00,2022-05-11 20:00,-2.8467799718,Q4_higher,1.3668509112,30076.3100000000,30074.2300000000,29103.9400000000,27785.0000000000,32658.9900000000,-0.0069159811,-3.2864258483,-3.2795098672,-7.9172352141,8.2451503513
BTCUSDT_lower5_all_h48,BTC all 48H,phase2_lower5_best,BTCUSDT,lower,5pct,long,all,-1.8987744291,12,48,2022-05-11 04:00,2022-05-11 08:00,2022-05-13 04:00,-1.9119343921,Q5_high,1.7467858130,30614.9900000000,30614.9900000000,30171.1300000000,26700.0000000000,32162.5900000000,0.0000000000,-1.4604251398,-1.4604251398,-13.6826192886,4.9314217601
BTCUSDT_lower5_all_h48,BTC all 48H,phase2_lower5_best,BTCUSDT,lower,5pct,long,all,-1.8987744291,12,48,2022-05-11 16:00,2022-05-11 20:00,2022-05-13 16:00,-5.3215355779,Q5_high,2.1306994251,29372.2200000000,29372.2100000000,30084.1100000000,26700.0000000000,31083.3700000000,-0.0000340458,2.3947795698,2.3948136156,-9.5385423824,5.6623960250
BTCUSDT_lower5_all_h48,BTC all 48H,phase2_lower5_best,BTCUSDT,lower,5pct,long,all,-1.8987744291,12,48,2022-05-12 00:00,2022-05-12 04:00,2022-05-14 00:00,-2.4267889182,Q5_high,2.1267302438,28406.1500000000,28406.1500000000,29569.8900000000,26700.0000000000,31083.3700000000,0.0000000000,4.0150942851,4.0150942851,-6.1942105613,9.0067278460
BTCUSDT_lower5_all_h48,BTC all 48H,phase2_lower5_best,BTCUSDT,lower,5pct,long,all,-1.8987744291,12,48,2022-05-13 20:00,2022-05-14 00:00,2022-05-15 20:00,-2.6851686587,Q5_high,2.2848862399,29287.0500000000,29287.0500000000,31328.8900000000,28630.0000000000,31460.0000000000,0.0000000000,6.7395236236,6.7395236236,-2.2690319689,7.1571458831
BTCUSDT_lower5_all_h48,BTC all 48H,phase2_lower5_best,BTCUSDT,lower,5pct,long,all,-1.8987744291,12,48,2022-05-16 00:00,2022-05-16 04:00,2022-05-18 00:00,-3.2626589592,Q5_high,2.0358189168,30323.2300000000,30323.2300000000,29831.4000000000,29087.0400000000,30788.3700000000,0.0000000000,-1.6352555400,-1.6352555400,-4.1621371293,1.5222935826
BTCUSDT_lower5_all_h48,BTC all 48H,phase2_lower5_best,BTCUSDT,lower,5pct,long,all,-1.8987744291,12,48,2022-05-16 04:00,2022-05-16 08:00,2022-05-18 04:00,-2.4346164339,Q5_high,2.1063939673,29593.8900000000,29593.8900000000,29910.2500000000,29087.0400000000,30788.3700000000,0.0000000000,1.0633309912,1.0633309912,-1.7275206954,3.9569100165
BTCUSDT_lower5_all_h48,BTC all 48H,phase2_lower5_best,BTCUSDT,lower,5pct,long,all,-1.8987744291,12,48,2022-05-18 00:00,2022-05-18 04:00,2022-05-20 00:00,-2.0357947786,Q5_high,1.6049642912,29831.4000000000,29831.4000000000,30175.0300000000,28654.4700000000,30777.3300000000,0.0000000000,1.1453231140,1.1453231140,-4.0252078110,3.1216849965
BTCUSDT_lower5_all_h48,BTC all 48H,phase2_lower5_best,BTCUSDT,lower,5pct,long,all,-1.8987744291,12,48,2022-05-18 12:00,2022-05-18 16:00,2022-05-20 12:00,-2.8856494949,Q5_high,1.6089156382,28984.9900000000,28984.9800000000,29152.9000000000,28654.4700000000,30777.3300000000,-0.0000345006,0.5776283483,0.5776628489,-1.1468312846,6.0000615229
BTCUSDT_lower5_all_h48,BTC all 48H,phase2_lower5_best,BTCUSDT,lower,5pct,long,all,-1.8987744291,12,48,2022-05-18 20:00,2022-05-19 00:00,2022-05-20 20:00,-1.9356076026,Q5_high,1.6363801300,28715.3200000000,28715.3300000000,29201.0100000000,28691.3800000000,30777.3300000000,0.0000348246,1.6772519462,1.6772171215,-0.0834397282,6.9347253507
BTCUSDT_lower5_all_h48,BTC all 48H,phase2_lower5_best,BTCUSDT,lower,5pct,long,all,-1.8987744291,12,48,2022-05-20 12:00,2022-05-20 16:00,2022-05-22 12:00,-4.2350937019,Q5_high,1.6657742793,29152.9000000000,29152.9000000000,29844.0100000000,28730.0000000000,30311.3100000000,0.0000000000,2.3429756417,2.3429756417,-1.4612520277,3.8966516927
BTCUSDT_lower5_all_h48,BTC all 48H,phase2_lower5_best,BTCUSDT,lower,5pct,long,all,-1.8987744291,12,48,2022-05-23 16:00,2022-05-23 20:00,2022-05-25 16:00,-4.3180470534,Q5_high,1.4960344151,29089.9000000000,29089.9100000000,29599.1000000000,28669.0000000000,30223.7400000000,0.0000343762,1.7352920569,1.7352576807,-1.4574979034,3.8236329631
BTCUSDT_lower5_all_h48,BTC all 48H,phase2_lower5_best,BTCUSDT,lower,5pct,long,all,-1.8987744291,12,48,2022-05-26 08:00,2022-05-26 12:00,2022-05-28 08:00,-2.5040426630,Q4_higher,1.3645877813,28998.4000000000,28998.4000000000,28828.0200000000,28019.5600000000,29787.6900000000,0.0000000000,-0.5892825219,-0.5892825219,-3.4337818334,2.6854564868
BTCUSDT_lower5_all_h48,BTC all 48H,phase2_lower5_best,BTCUSDT,lower,5pct,long,all,-1.8987744291,12,48,2022-06-01 12:00,2022-06-01 16:00,2022-06-03 12:00,-2.7797962402,Q4_higher,1.3438984862,30742.5900000000,30742.5900000000,29506.2400000000,29282.3600000000,30744.1900000000,0.0000000000,-4.1047223202,-4.1047223202,-4.8663702666,0.0052043708
BTCUSDT_lower5_all_h48,BTC all 48H,phase2_lower5_best,BTCUSDT,lower,5pct,long,all,-1.8987744291,12,48,2022-06-01 16:00,2022-06-01 20:00,2022-06-03 16:00,-2.0236503987,Q4_higher,1.4349847444,30126.7200000000,30126.7100000000,29572.5200000000,29282.3600000000,30699.0000000000,-0.0000331931,-1.8566933875,-1.8566601944,-2.8426866747,1.8817927087
BTCUSDT_lower5_all_h48,BTC all 48H,phase2_lower5_best,BTCUSDT,lower,5pct,long,all,-1.8987744291,12,48,2022-06-03 08:00,2022-06-03 12:00,2022-06-05 08:00,-2.2776001875,Q3_mid,1.0788349730,29758.1900000000,29758.2000000000,29718.6900000000,29282.3600000000,29988.8800000000,0.0000336042,-0.1328247407,-0.1328583449,-1.6119437327,0.7721922017
BTCUSDT_lower5_all_h48,BTC all 48H,phase2_lower5_best,BTCUSDT,lower,5pct,long,all,-1.8987744291,12,48,2022-06-07 00:00,2022-06-07 04:00,2022-06-09 00:00,-5.9406286480,Q5_high,1.7472877241,29563.6200000000,29563.6100000000,30293.4900000000,29345.0000000000,31589.6000000000,-0.0000338254,2.4388286577,2.4388624830,-0.7422039106,6.6283739383
BTCUSDT_lower5_all_h48,BTC all 48H,phase2_lower5_best,BTCUSDT,lower,5pct,long,all,-1.8987744291,12,48,2022-06-08 00:00,2022-06-08 04:00,2022-06-10 00:00,-3.5934305218,Q5_high,2.1242083748,30026.7200000000,30026.7100000000,30114.3800000000,29578.9600000000,30901.6700000000,-0.0000333037,0.2915146616,0.2915479653,-1.5024021110,2.8722908867
BTCUSDT_lower5_all_h48,BTC all 48H,phase2_lower5_best,BTCUSDT,lower,5pct,long,all,-1.8987744291,12,48,2022-06-10 12:00,2022-06-10 16:00,2022-06-12 12:00,-1.9034761959,Q4_higher,1.4415322582,29454.5300000000,29454.5200000000,28094.4200000000,26890.0000000000,29484.4500000000,-0.0000339506,-4.7276738194,-4.7276398688,-9.1092908515,0.1015626930
BTCUSDT_lower5_all_h48,BTC all 48H,phase2_lower5_best,BTCUSDT,lower,5pct,long,all,-1.8987744291,12,48,2022-06-11 08:00,2022-06-11 12:00,2022-06-13 08:00,-2.0421358076,Q3_mid,0.9358173463,28734.0100000000,28734.0100000000,23729.4300000000,23500.0000000000,28870.0000000000,0.0000000000,-19.1365388677,-19.1365388677,-20.1081017458,0.4721555067
BTCUSDT_lower5_all_h48,BTC all 48H,phase2_lower5_best,BTCUSDT,lower,5pct,long,all,-1.8987744291,12,48,2022-06-12 00:00,2022-06-12 04:00,2022-06-14 00:00,-3.1138715385,Q3_mid,1.0451712248,27553.2300000000,27553.2200000000,22127.9100000000,20846.0000000000,28347.8900000000,-0.0000362934,-21.9280062437,-21.9279699503,-27.8957323855,2.8433193424
BTCUSDT_lower5_all_h48,BTC all 48H,phase2_lower5_best,BTCUSDT,lower,5pct,long,all,-1.8987744291,12,48,2022-06-12 16:00,2022-06-12 20:00,2022-06-14 16:00,-2.4126548296,Q4_higher,1.2680846502,27424.7100000000,27424.7100000000,22196.2800000000,20846.0000000000,27557.0500000000,0.0000000000,-21.1519724542,-21.1519724542,-27.4282348495,0.4813969417
BTCUSDT_lower5_all_h48,BTC all 48H,phase2_lower5_best,BTCUSDT,lower,5pct,long,all,-1.8987744291,12,48,2022-06-12 20:00,2022-06-13 00:00,2022-06-14 20:00,-3.1491193535,Q4_higher,1.3921308171,26574.5300000000,26574.5300000000,22136.4100000000,20846.0000000000,26895.8400000000,0.0000000000,-18.2729474099,-18.2729474099,-24.2791154960,1.2018389532
BTCUSDT_lower5_all_h48,BTC all 48H,phase2_lower5_best,BTCUSDT,lower,5pct,long,all,-1.8987744291,12,48,2022-06-13 00:00,2022-06-13 04:00,2022-06-15 00:00,-4.0488820554,Q5_high,1.5855720563,25520.0500000000,25520.0500000000,21455.8000000000,20846.0000000000,26257.3100000000,0.0000000000,-17.3469412628,-17.3469412628,-20.2302334405,2.8480008738
BTCUSDT_lower5_all_h48,BTC all 48H,phase2_lower5_best,BTCUSDT,lower,5pct,long,all,-1.8987744291,12,48,2022-06-13 04:00,2022-06-13 08:00,2022-06-15 04:00,-2.8153535010,Q5_high,1.6228498228,24811.5900000000,24811.5900000000,20722.9200000000,20652.1800000000,24941.1700000000,0.0000000000,-18.0070548609,-18.0070548609,-18.3489999870,0.5208969030
BTCUSDT_lower5_all_h48,BTC all 48H,phase2_lower5_best,BTCUSDT,lower,5pct,long,all,-1.8987744291,12,48,2022-06-13 08:00,2022-06-13 12:00,2022-06-15 08:00,-4.4594832780,Q5_high,1.7809716586,23729.4300000000,23729.4300000000,21177.0300000000,20111.6200000000,24376.0900000000,0.0000000000,-11.3798946220,-11.3798946220,-16.5418292455,2.6886683901
BTCUSDT_lower5_all_h48,BTC all 48H,phase2_lower5_best,BTCUSDT,lower,5pct,long,all,-1.8987744291,12,48,2022-06-13 12:00,2022-06-13 16:00,2022-06-15 12:00,-1.9484895177,Q5_high,1.7728274447,23271.5400000000,23271.5300000000,21419.1000000000,20111.6200000000,24204.5500000000,-0.0000429710,-8.2948107425,-8.2947677715,-14.5932967568,3.9309906973
BTCUSDT_lower5_all_h48,BTC all 48H,phase2_lower5_best,BTCUSDT,lower,5pct,long,all,-1.8987744291,12,48,2022-06-13 20:00,2022-06-14 00:00,2022-06-15 20:00,-3.1981718233,Q5_high,1.8156540818,22487.4100000000,22485.2700000000,22583.7200000000,20111.6200000000,23362.8800000000,-0.0095168889,0.4273695671,0.4368864560,-11.1562670679,3.8288009876
BTCUSDT_lower5_all_h48,BTC all 48H,phase2_lower5_best,BTCUSDT,lower,5pct,long,all,-1.8987744291,12,48,2022-06-14 08:00,2022-06-14 12:00,2022-06-16 08:00,-3.9359618974,Q5_high,2.1053802773,21994.5600000000,21994.5600000000,21044.5500000000,20111.6200000000,22995.7300000000,0.0000000000,-4.4153530811,-4.4153530811,-8.9497392577,4.4513396466
BTCUSDT_lower5_all_h48,BTC all 48H,phase2_lower5_best,BTCUSDT,lower,5pct,long,all,-1.8987744291,12,48,2022-06-14 16:00,2022-06-14 20:00,2022-06-16 16:00,-2.1575526300,Q5_high,2.3127916440,22196.2800000000,22190.9300000000,20875.4800000000,20111.6200000000,22995.7300000000,-0.0241060433,-6.1349442785,-6.1108382352,-9.8385889360,3.5624899683
BTCUSDT_lower5_all_h48,BTC all 48H,phase2_lower5_best,BTCUSDT,lower,5pct,long,all,-1.8987744291,12,48,2022-06-15 00:00,2022-06-15 04:00,2022-06-17 00:00,-3.1228759084,Q5_high,2.3142401757,21455.8000000000,21455.8000000000,20383.3800000000,20111.6200000000,22995.7300000000,0.0000000000,-5.1275142179,-5.1275142179,-6.4697247617,6.9313541426
BTCUSDT_lower5_all_h48,BTC all 48H,phase2_lower5_best,BTCUSDT,lower,5pct,long,all,-1.8987744291,12,48,2022-06-15 04:00,2022-06-15 08:00,2022-06-17 04:00,-3.4754670991,Q5_high,2.3485820799,20722.9200000000,20722.9200000000,21100.6400000000,20111.6200000000,22995.7300000000,0.0000000000,1.8063037673,1.8063037673,-2.9942576626,10.4068212417
BTCUSDT_lower5_all_h48,BTC all 48H,phase2_lower5_best,BTCUSDT,lower,5pct,long,all,-1.8987744291,12,48,2022-06-16 04:00,2022-06-16 08:00,2022-06-18 04:00,-2.0350535706,Q5_high,2.6747238761,21764.1700000000,21764.1800000000,19258.5800000000,19066.8000000000,21888.0000000000,0.0000459471,-12.2308363939,-12.2308823410,-13.2316896428,0.5673042312
BTCUSDT_lower5_all_h48,BTC all 48H,phase2_lower5_best,BTCUSDT,lower,5pct,long,all,-1.8987744291,12,48,2022-06-16 08:00,2022-06-16 12:00,2022-06-18 08:00,-3.3623420415,Q5_high,2.6376632310,21044.5500000000,21044.5600000000,19243.9800000000,18742.5000000000,21510.2000000000,0.0000475182,-8.9443334691,-8.9443809873,-11.5848422030,2.1885146812
BTCUSDT_lower5_all_h48,BTC all 48H,phase2_lower5_best,BTCUSDT,lower,5pct,long,all,-1.8987744291,12,48,2022-06-16 20:00,2022-06-17 00:00,2022-06-18 20:00,-2.2976150010,Q5_high,2.4784063013,20401.3100000000,20400.6000000000,18970.7900000000,17622.0000000000,21365.4300000000,-0.0034802292,-7.2698686693,-7.2663884400,-14.6416190738,4.6209883086
BTCUSDT_lower5_all_h48,BTC all 48H,phase2_lower5_best,BTCUSDT,lower,5pct,long,all,-1.8987744291,12,48,2022-06-18 04:00,2022-06-18 08:00,2022-06-20 04:00,-6.0497978109,Q5_high,2.4468617696,19258.5800000000,19258.5800000000,20086.6300000000,17622.0000000000,20815.9500000000,0.0000000000,4.2097743891,4.2097743891,-8.8808554274,7.7762844050
BTCUSDT_lower5_all_h48,BTC all 48H,phase2_lower5_best,BTCUSDT,lower,5pct,long,all,-1.8987744291,12,48,2022-06-18 16:00,2022-06-18 20:00,2022-06-20 16:00,-4.7882049773,Q5_high,2.4012797395,18067.6000000000,18067.6100000000,20072.8100000000,17622.0000000000,21090.0000000000,0.0000553477,10.5245884013,10.5245330536,-2.4972710992,15.4678162054
BTCUSDT_lower5_all_h48,BTC all 48H,phase2_lower5_best,BTCUSDT,lower,5pct,long,all,-1.8987744291,12,48,2022-06-19 00:00,2022-06-19 04:00,2022-06-21 00:00,-3.5393540556,Q5_high,2.7369530833,18311.0900000000,18311.1000000000,20614.0400000000,17960.4100000000,21090.0000000000,0.0000546117,11.8465509816,11.8464963699,-1.9337542222,14.1291561148
BTCUSDT_lower5_all_h48,BTC all 48H,phase2_lower5_best,BTCUSDT,lower,5pct,long,all,-1.8987744291,12,48,2022-06-20 00:00,2022-06-20 04:00,2022-06-22 00:00,-2.9271845265,Q5_high,3.1369510656,19980.4900000000,19980.4900000000,20317.8800000000,19776.5800000000,21723.0000000000,0.0000000000,1.6744989115,1.6744989115,-1.0257888120,8.3615309631
BTCUSDT_lower5_all_h48,BTC all 48H,phase2_lower5_best,BTCUSDT,lower,5pct,long,all,-1.8987744291,12,48,2022-06-20 16:00,2022-06-20 20:00,2022-06-22 16:00,-3.6775540008,Q5_high,3.2069364344,20072.8100000000,20072.8000000000,20117.3400000000,19840.8600000000,21723.0000000000,-0.0000498186,0.2215966759,0.2216464946,-1.1622217095,7.9005942288
BTCUSDT_lower5_all_h48,BTC all 48H,phase2_lower5_best,BTCUSDT,lower,5pct,long,all,-1.8987744291,12,48,2022-06-21 16:00,2022-06-21 20:00,2022-06-23 16:00,-2.3820431616,Q5_high,3.0434586606,20888.6400000000,20888.6300000000,20910.0600000000,19770.5100000000,21054.9900000000,-0.0000478729,0.1024912348,0.1025391077,-5.5013558289,0.7932594867
BTCUSDT_lower5_all_h48,BTC all 48H,phase2_lower5_best,BTCUSDT,lower,5pct,long,all,-1.8987744291,12,48,2022-06-22 00:00,2022-06-22 04:00,2022-06-24 00:00,-1.9768000574,Q5_high,2.8262407751,20317.8800000000,20317.8900000000,21073.7300000000,19770.5100000000,21369.8500000000,0.0000492177,3.6525954541,3.6525462363,-2.7310345225,5.0479271385
BTCUSDT_lower5_all_h48,BTC all 48H,phase2_lower5_best,BTCUSDT,lower,5pct,long,all,-1.8987744291,12,48,2022-06-22 12:00,2022-06-22 16:00,2022-06-24 12:00,-2.1002881115,Q5_high,2.5919756260,20080.1000000000,20080.8500000000,20884.1700000000,19770.5100000000,21457.0000000000,0.0037349714,3.9262180827,3.9224831113,-1.5575191093,6.6284307858
BTCUSDT_lower5_all_h48,BTC all 48H,phase2_lower5_best,BTCUSDT,lower,5pct,long,all,-1.8987744291,12,48,2022-06-27 12:00,2022-06-27 16:00,2022-06-29 12:00,-2.6146492420,Q4_higher,1.2400347321,20754.7300000000,20754.7400000000,20084.4800000000,19854.9200000000,21212.1000000000,0.0000481818,-3.2826794998,-3.2827276816,-4.4322818961,2.1797119252
BTCUSDT_lower5_all_h48,BTC all 48H,phase2_lower5_best,BTCUSDT,lower,5pct,long,all,-1.8987744291,12,48,2022-06-30 04:00,2022-06-30 08:00,2022-07-02 04:00,-3.2453507915,Q4_higher,1.1480714265,19435.9000000000,19435.8900000000,19126.8100000000,18626.0000000000,20918.3500000000,-0.0000514512,-1.6030855681,-1.6030341170,-4.2562902827,7.3505407266
BTCUSDT_lower5_all_h48,BTC all 48H,phase2_lower5_best,BTCUSDT,lower,5pct,long,all,-1.8987744291,12,48,2022-07-01 08:00,2022-07-01 12:00,2022-07-03 08:00,-2.0020199156,Q5_high,1.6844848450,19191.0300000000,19191.0200000000,19089.8000000000,18781.0000000000,19686.7100000000,-0.0000521077,-0.5288821374,-0.5288300297,-2.1596740792,2.5501327506
BTCUSDT_lower5_all_h48,BTC all 48H,phase2_lower5_best,BTCUSDT,lower,5pct,long,all,-1.8987744291,12,48,2022-07-05 08:00,2022-07-05 12:00,2022-07-07 08:00,-3.4999475286,Q4_higher,1.3982488417,19520.3900000000,19520.4000000000,20507.8300000000,19304.4000000000,20750.0000000000,0.0000512285,4.9347204146,4.9346691861,-1.1127023376,6.1086174098
BTCUSDT_lower5_all_h48,BTC all 48H,phase2_lower5_best,BTCUSDT,lower,5pct,long,all,-1.8987744291,12,48,2022-07-10 12:00,2022-07-10 16:00,2022-07-12 12:00,-1.9055778310,Q5_high,1.5004096493,20899.7600000000,20898.4400000000,19886.3300000000,19558.1200000000,21180.9200000000,-0.0063160615,-4.9705114642,-4.9641954027,-6.6283969569,1.3426261398
BTCUSDT_lower5_all_h48,BTC all 48H,phase2_lower5_best,BTCUSDT,lower,5pct,long,all,-1.8987744291,12,48,2022-07-11 20:00,2022-07-12 00:00,2022-07-13 20:00,-2.6975614444,Q3_mid,0.8603956368,19963.6100000000,19963.6100000000,20234.8700000000,18910.9400000000,20366.6100000000,0.0000000000,1.3496237542,1.3496237542,-5.4170525670,1.9985678928
BTCUSDT_lower5_all_h48,BTC all 48H,phase2_lower5_best,BTCUSDT,lower,5pct,long,all,-1.8987744291,12,48,2022-07-12 16:00,2022-07-12 20:00,2022-07-14 16:00,-2.4824445503,Q3_mid,0.9950180981,19398.7400000000,19398.7400000000,20605.7500000000,18910.9400000000,20900.0000000000,0.0000000000,6.0362047554,6.0362047554,-2.5467524923,7.4541043464
BTCUSDT_lower5_all_h48,BTC all 48H,phase2_lower5_best,BTCUSDT,lower,5pct,long,all,-1.8987744291,12,48,2022-07-13 12:00,2022-07-13 16:00,2022-07-15 12:00,-1.9730365850,Q4_higher,1.1179972039,19456.2000000000,19454.9900000000,20792.1900000000,19230.0000000000,21090.0000000000,-0.0062192906,6.6411650091,6.6473842998,-1.1632032829,8.0695402061
BTCUSDT_lower5_all_h48,BTC all 48H,phase2_lower5_best,BTCUSDT,lower,5pct,long,all,-1.8987744291,12,48,2022-07-18 16:00,2022-07-18 20:00,2022-07-20 16:00,-4.7776999154,Q5_high,1.8941035009,21617.9200000000,21617.9200000000,23660.3800000000,21434.3500000000,24276.7400000000,0.0000000000,9.0279318916,9.0279318916,-0.8527825013,11.5996089923
BTCUSDT_lower5_all_h48,BTC all 48H,phase2_lower5_best,BTCUSDT,lower,5pct,long,all,-1.8987744291,12,48,2022-07-19 00:00,2022-07-19 04:00,2022-07-21 00:00,-2.3865642296,Q5_high,2.1098077355,21903.5500000000,21903.5500000000,22777.2000000000,21579.5400000000,24276.7400000000,0.0000000000,3.9111311485,3.9111311485,-1.4903080573,10.2869966148
BTCUSDT_lower5_all_h48,BTC all 48H,phase2_lower5_best,BTCUSDT,lower,5pct,long,all,-1.8987744291,12,48,2022-07-20 16:00,2022-07-20 20:00,2022-07-22 16:00,-2.1419082090,Q5_high,2.4215667026,23660.3800000000,23663.2400000000,22586.2600000000,22341.4600000000,23799.6200000000,0.0120869874,-4.6460162492,-4.6581032367,-5.7478644027,0.5746825005
BTCUSDT_lower5_all_h48,BTC all 48H,phase2_lower5_best,BTCUSDT,lower,5pct,long,all,-1.8987744291,12,48,2022-07-21 00:00,2022-07-21 04:00,2022-07-23 00:00,-1.9396049408,Q5_high,2.4917317914,22777.2000000000,22779.1200000000,22808.5500000000,22341.4600000000,23756.4900000000,0.0084291269,0.1375430039,0.1291138770,-1.9400181764,4.2011429414
BTCUSDT_lower5_all_h48,BTC all 48H,phase2_lower5_best,BTCUSDT,lower,5pct,long,all,-1.8987744291,12,48,2022-07-22 16:00,2022-07-22 20:00,2022-07-24 16:00,-3.0711523759,Q5_high,1.9331618699,22586.2600000000,22582.8800000000,22700.4000000000,21934.5700000000,23000.7700000000,-0.0149659702,0.5040788686,0.5190448388,-2.9128166037,1.8335596540
BTCUSDT_lower5_all_h48,BTC all 48H,phase2_lower5_best,BTCUSDT,lower,5pct,long,all,-1.8987744291,12,48,2022-07-23 08:00,2022-07-23 12:00,2022-07-25 08:00,-2.4135106190,Q5_high,1.5968278668,22227.5300000000,22230.2800000000,21941.2500000000,21737.8200000000,23014.6400000000,0.0123712797,-1.2963183903,-1.3086896700,-2.2401722812,3.4675211686
BTCUSDT_lower5_all_h48,BTC all 48H,phase2_lower5_best,BTCUSDT,lower,5pct,long,all,-1.8987744291,12,48,2022-07-25 00:00,2022-07-25 04:00,2022-07-27 00:00,-3.2037438050,Q4_higher,1.4080823687,21867.7500000000,21867.7500000000,21076.8600000000,20706.5000000000,22259.9800000000,0.0000000000,-3.6837192516,-3.6837192516,-5.4565288095,1.7777498637
BTCUSDT_lower5_all_h48,BTC all 48H,phase2_lower5_best,BTCUSDT,lower,5pct,long,all,-1.8987744291,12,48,2022-07-25 20:00,2022-07-26 00:00,2022-07-27 20:00,-2.6818998696,Q4_higher,1.3501704368,21310.9000000000,21310.9000000000,22952.4500000000,20706.5000000000,23112.6300000000,0.0000000000,7.4206005710,7.4206005710,-2.8771018269,8.1160542448
BTCUSDT_lower5_all_h48,BTC all 48H,phase2_lower5_best,BTCUSDT,lower,5pct,long,all,-1.8987744291,12,48,2022-07-30 16:00,2022-07-30 20:00,2022-08-01 16:00,-2.5118065203,Q5_high,1.6498910404,23920.6500000000,23923.7400000000,22953.5900000000,22850.0000000000,24194.8200000000,0.0129168749,-4.1267751338,-4.1396920087,-4.5920154035,1.1267289289
BTCUSDT_lower5_all_h48,BTC all 48H,phase2_lower5_best,BTCUSDT,lower,5pct,long,all,-1.8987744291,12,48,2022-07-31 20:00,2022-08-01 00:00,2022-08-02 20:00,-2.3444831893,Q3_mid,1.0814194169,23293.3200000000,23296.3600000000,22987.7900000000,22654.3700000000,23509.6800000000,0.0130501004,-1.3203418785,-1.3333919789,-2.7944355890,0.9115126039
BTCUSDT_lower5_all_h48,BTC all 48H,phase2_lower5_best,BTCUSDT,lower,5pct,long,all,-1.8987744291,12,48,2022-08-03 20:00,2022-08-04 00:00,2022-08-05 20:00,-2.7816177772,Q4_higher,1.1463846831,22818.3700000000,22816.9100000000,23312.4200000000,22400.0000000000,23472.8600000000,-0.0063985583,2.1420352451,2.1484338035,-1.8440968867,2.8342932401
BTCUSDT_lower5_all_h48,BTC all 48H,phase2_lower5_best,BTCUSDT,lower,5pct,long,all,-1.8987744291,12,48,2022-08-04 16:00,2022-08-04 20:00,2022-08-06 16:00,-2.1173514133,Q4_higher,1.1648513670,22451.2400000000,22451.2800000000,23185.1200000000,22449.0900000000,23472.8600000000,0.0001781637,3.2164847074,3.2163065437,-0.0097549308,4.4497231976
BTCUSDT_lower5_all_h48,BTC all 48H,phase2_lower5_best,BTCUSDT,lower,5pct,long,all,-1.8987744291,12,48,2022-08-09 08:00,2022-08-09 12:00,2022-08-11 08:00,-2.6058895901,Q3_mid,0.9253834459,23263.9200000000,23263.3400000000,24559.3700000000,22664.6900000000,24745.0000000000,-0.0024931621,5.4189788928,5.4214720549,-2.6070524112,6.1744717469
BTCUSDT_lower5_all_h48,BTC all 48H,phase2_lower5_best,BTCUSDT,lower,5pct,long,all,-1.8987744291,12,48,2022-08-15 04:00,2022-08-15 08:00,2022-08-17 04:00,-3.4377027591,Q4_higher,1.2612566963,24027.0500000000,24027.0500000000,23786.4200000000,23671.2200000000,24446.7100000000,0.0000000000,-1.0065449405,-1.0065449405,-1.4920314766,1.7315367540
BTCUSDT_lower5_all_h48,BTC all 48H,phase2_lower5_best,BTCUSDT,lower,5pct,long,all,-1.8987744291,12,48,2022-08-19 04:00,2022-08-19 08:00,2022-08-21 04:00,-3.8647063707,Q3_mid,1.0080214438,21905.8800000000,21907.3700000000,21251.3800000000,20761.9000000000,21915.8800000000,0.0068015954,-3.0333259497,-3.0401275451,-5.3703533622,0.0388378320
BTCUSDT_lower5_all_h48,BTC all 48H,phase2_lower5_best,BTCUSDT,lower,5pct,long,all,-1.8987744291,12,48,2022-08-19 08:00,2022-08-19 12:00,2022-08-21 08:00,-2.0195831916,Q3_mid,1.0590365332,21467.9100000000,21467.9100000000,21524.3900000000,20761.9000000000,21660.7300000000,0.0000000000,0.2627448752,0.2627448752,-3.3439685752,0.8941681663
BTCUSDT_lower5_all_h48,BTC all 48H,phase2_lower5_best,BTCUSDT,lower,5pct,long,all,-1.8987744291,12,48,2022-08-19 20:00,2022-08-20 00:00,2022-08-21 20:00,-2.3493605578,Q4_higher,1.1229492392,20834.3900000000,20834.3900000000,21515.6100000000,20761.9000000000,21800.0000000000,0.0000000000,3.2173731413,3.2173731413,-0.3485410520,4.5304983007
BTCUSDT_lower5_all_h48,BTC all 48H,phase2_lower5_best,BTCUSDT,lower,5pct,long,all,-1.8987744291,12,48,2022-08-26 12:00,2022-08-26 16:00,2022-08-28 12:00,-1.9475560673,Q3_mid,0.8424488472,20781.0800000000,20780.8600000000,20022.0300000000,19800.0000000000,20832.2300000000,-0.0010586609,-3.7209790024,-3.7199203415,-4.8350433062,0.2468935909
BTCUSDT_lower5_all_h48,BTC all 48H,phase2_lower5_best,BTCUSDT,lower,5pct,long,all,-1.8987744291,12,48,2022-08-26 20:00,2022-08-27 00:00,2022-08-28 20:00,-1.9734766389,Q3_mid,0.9138859087,20241.0500000000,20239.1400000000,19555.6100000000,19520.0000000000,20402.9300000000,-0.0094367146,-3.4450518755,-3.4356151609,-3.6178772413,0.8060164590
BTCUSDT_lower5_all_h48,BTC all 48H,phase2_lower5_best,BTCUSDT,lower,5pct,long,all,-1.8987744291,12,48,2022-08-28 20:00,2022-08-29 00:00,2022-08-30 20:00,-2.1157210339,Q2_lower,0.7786034849,19555.6100000000,19555.6100000000,19811.6600000000,19540.0000000000,20576.2500000000,0.0000000000,1.3008451473,1.3008451473,-0.0798555174,5.0875296270
BTCUSDT_lower5_all_h48,BTC all 48H,phase2_lower5_best,BTCUSDT,lower,5pct,long,all,-1.8987744291,12,48,2022-08-30 12:00,2022-08-30 16:00,2022-09-01 12:00,-3.2251767200,Q4_higher,1.1668625133,19756.2400000000,19756.2400000000,19782.5900000000,19540.0000000000,20490.0000000000,0.0000000000,0.1332867154,0.1332867154,-1.1005744198,3.6467571438
BTCUSDT_lower5_all_h48,BTC all 48H,phase2_lower5_best,BTCUSDT,lower,5pct,long,all,-1.8987744291,12,48,2022-09-02 16:00,2022-09-02 20:00,2022-09-04 16:00,-2.2124624834,Q4_higher,1.3451818877,19910.4300000000,19909.2300000000,19882.6900000000,19583.1000000000,20055.9300000000,-0.0060271735,-0.1394211084,-0.1333939349,-1.6516493904,0.7341427327
BTCUSDT_lower5_all_h48,BTC all 48H,phase2_lower5_best,BTCUSDT,lower,5pct,long,all,-1.8987744291,12,48,2022-09-06 16:00,2022-09-06 20:00,2022-09-08 16:00,-5.1454853465,Q4_higher,1.2768930574,18824.4100000000,18823.4800000000,19352.3800000000,18510.7700000000,19464.0600000000,-0.0049405159,2.7660977435,2.7710382594,-1.6752301878,3.3464661356
BTCUSDT_lower5_all_h48,BTC all 48H,phase2_lower5_best,BTCUSDT,lower,5pct,long,all,-1.8987744291,12,48,2022-09-13 12:00,2022-09-13 16:00,2022-09-15 12:00,-7.8142252052,Q5_high,2.0083727827,20829.7700000000,20829.7700000000,19737.3600000000,19497.0000000000,20927.7300000000,0.0000000000,-5.3869926986,-5.3869926986,-6.6122605865,0.4691860370
BTCUSDT_lower5_all_h48,BTC all 48H,phase2_lower5_best,BTCUSDT,lower,5pct,long,all,-1.8987744291,12,48,2022-09-13 16:00,2022-09-13 20:00,2022-09-15 16:00,-2.6571521702,Q5_high,2.0871689321,20283.5800000000,20284.8900000000,19782.3600000000,19497.0000000000,20541.4800000000,0.0064582174,-2.5021060229,-2.5085642403,-3.9615666337,1.2569982515
BTCUSDT_lower5_all_h48,BTC all 48H,phase2_lower5_best,BTCUSDT,lower,5pct,long,all,-1.8987744291,12,48,2022-09-15 12:00,2022-09-15 16:00,2022-09-17 12:00,-2.0609112724,Q5_high,2.0061687005,19737.3600000000,19737.3600000000,19963.3400000000,19320.0100000000,20071.0900000000,0.0000000000,1.1384305094,1.1384305094,-2.1371940077,1.6767184789
BTCUSDT_lower5_all_h48,BTC all 48H,phase2_lower5_best,BTCUSDT,lower,5pct,long,all,-1.8987744291,12,48,2022-09-19 00:00,2022-09-19 04:00,2022-09-21 00:00,-3.3477750447,Q3_mid,0.9589448855,18776.9300000000,18775.8900000000,19021.1700000000,18232.5600000000,19686.2000000000,-0.0055388650,1.2923580782,1.2978969432,-2.9364593291,4.7344282671
BTCUSDT_lower5_all_h48,BTC all 48H,phase2_lower5_best,BTCUSDT,lower,5pct,long,all,-1.8987744291,12,48,2022-09-21 20:00,2022-09-22 00:00,2022-09-23 20:00,-2.8813289056,Q4_higher,1.4451823168,18461.3600000000,18461.3600000000,19289.9100000000,18356.3900000000,19550.1700000000,0.0000000000,4.3902262110,4.3902262110,-0.5702156401,5.7304082879
BTCUSDT_lower5_all_h48,BTC all 48H,phase2_lower5_best,BTCUSDT,lower,5pct,long,all,-1.8987744291,12,48,2022-09-27 16:00,2022-09-27 20:00,2022-09-29 16:00,-4.1588610881,Q5_high,1.5323424735,19077.5900000000,19077.5900000000,19405.3700000000,18471.2800000000,19790.0000000000,0.0000000000,1.7035484120,1.7035484120,-3.2297254390,3.6662411845
BTCUSDT_lower5_all_h48,BTC all 48H,phase2_lower5_best,BTCUSDT,lower,5pct,long,all,-1.8987744291,12,48,2022-10-07 12:00,2022-10-07 16:00,2022-10-09 12:00,-2.1288662571,Q2_lower,0.7505754054,19577.6500000000,19577.3400000000,19535.7700000000,19237.1400000000,19645.0000000000,-0.0015834508,-0.2141465308,-0.2125630800,-1.7529989423,0.3450078048
BTCUSDT_lower5_all_h48,BTC all 48H,phase2_lower5_best,BTCUSDT,lower,5pct,long,all,-1.8987744291,12,48,2022-11-08 00:00,2022-11-08 04:00,2022-11-10 00:00,-2.1722615603,Q2_lower,0.7899452134,20148.6600000000,20147.6200000000,16369.5900000000,15588.0000000000,20700.8800000000,-0.0051617668,-20.7712439687,-20.7660822019,-25.6584779796,2.7090044172
BTCUSDT_lower5_all_h48,BTC all 48H,phase2_lower5_best,BTCUSDT,lower,5pct,long,all,-1.8987744291,12,48,2022-11-08 16:00,2022-11-08 20:00,2022-11-10 16:00,-6.6960422900,Q5_high,1.5767820830,18256.6400000000,18255.2400000000,17455.6200000000,15588.0000000000,18730.0000000000,-0.0076687369,-4.4867189638,-4.4790502270,-15.7950774628,2.5674354352
BTCUSDT_lower5_all_h48,BTC all 48H,phase2_lower5_best,BTCUSDT,lower,5pct,long,all,-1.8987744291,12,48,2022-11-09 08:00,2022-11-09 12:00,2022-11-11 08:00,-2.3442785421,Q5_high,1.6840300401,17818.0800000000,17817.0700000000,17350.7000000000,15588.0000000000,18199.0000000000,-0.0056685604,-2.6580820730,-2.6524135126,-13.3655599050,2.1209660992
BTCUSDT_lower5_all_h48,BTC all 48H,phase2_lower5_best,BTCUSDT,lower,5pct,long,all,-1.8987744291,12,48,2022-11-09 12:00,2022-11-09 16:00,2022-11-11 12:00,-4.0195299597,Q5_high,1.8143642257,17116.0800000000,17119.6100000000,16871.2700000000,15588.0000000000,18199.0000000000,0.0206217547,-1.4406197244,-1.4612414791,-9.3723202604,6.1142057438
BTCUSDT_lower5_all_h48,BTC all 48H,phase2_lower5_best,BTCUSDT,lower,5pct,long,all,-1.8987744291,12,48,2022-11-09 16:00,2022-11-09 20:00,2022-11-11 16:00,-1.9554190052,Q5_high,1.7954362773,16784.6400000000,16784.6400000000,16849.1700000000,15588.0000000000,18199.0000000000,0.0000000000,0.3837214944,0.3837214944,-7.3962795004,8.0902465037
BTCUSDT_lower5_all_h48,BTC all 48H,phase2_lower5_best,BTCUSDT,lower,5pct,long,all,-1.8987744291,12,48,2022-11-09 20:00,2022-11-10 00:00,2022-11-11 20:00,-5.2711510103,Q5_high,1.9918604674,15922.8100000000,15922.6800000000,17070.3100000000,15754.2600000000,18199.0000000000,-0.0008164421,6.9588024779,6.9596189200,-1.0633703067,13.3622139561
BTCUSDT_lower5_all_h48,BTC all 48H,phase2_lower5_best,BTCUSDT,lower,5pct,long,all,-1.8987744291,12,48,2022-11-10 08:00,2022-11-10 12:00,2022-11-12 08:00,-2.1390470427,Q5_high,2.3277622871,16397.5700000000,16399.0300000000,16866.9200000000,16361.6000000000,18199.0000000000,0.0089033619,2.8221154155,2.8132120536,-0.2285060836,10.4144460779
BTCUSDT_lower5_all_h48,BTC all 48H,phase2_lower5_best,BTCUSDT,lower,5pct,long,all,-1.8987744291,12,48,2022-11-11 00:00,2022-11-11 04:00,2022-11-13 00:00,-3.0986227325,Q5_high,2.9678123802,17064.1200000000,17064.1200000000,16914.6000000000,16361.6000000000,17544.9000000000,0.0000000000,-0.8800859190,-0.8800859190,-4.2040887590,2.7785295896
BTCUSDT_lower5_all_h48,BTC all 48H,phase2_lower5_best,BTCUSDT,lower,5pct,long,all,-1.8987744291,12,48,2022-11-11 12:00,2022-11-11 16:00,2022-11-13 12:00,-2.8020676111,Q5_high,3.0530483723,16871.2700000000,16871.2700000000,16580.7900000000,16435.2300000000,17148.9600000000,0.0000000000,-1.7367378949,-1.7367378949,-2.6184973747,1.6325355084
BTCUSDT_lower5_all_h48,BTC all 48H,phase2_lower5_best,BTCUSDT,lower,5pct,long,all,-1.8987744291,12,48,2022-11-14 16:00,2022-11-14 20:00,2022-11-16 16:00,-2.0554049588,Q4_higher,1.3904398792,16258.2100000000,16258.2100000000,16556.8800000000,16191.5800000000,17134.6900000000,0.0000000000,1.8203713451,1.8203713451,-0.4106657925,5.2507051579
BTCUSDT_lower5_all_h48,BTC all 48H,phase2_lower5_best,BTCUSDT,lower,5pct,long,all,-1.8987744291,12,48,2022-11-21 16:00,2022-11-21 20:00,2022-11-23 16:00,-2.5585453609,Q2_lower,0.8073587710,15722.9800000000,15721.5100000000,16473.3200000000,15476.0000000000,16706.0000000000,-0.0093498098,4.6618766038,4.6712264135,-1.5739401529,6.0738097966
BTCUSDT_lower5_all_h48,BTC all 48H,phase2_lower5_best,BTCUSDT,lower,5pct,long,all,-1.8987744291,12,48,2022-12-16 08:00,2022-12-16 12:00,2022-12-18 08:00,-2.7739579512,Q3_mid,1.0558190076,17024.0200000000,17028.4600000000,16707.5500000000,16532.9400000000,17079.4900000000,0.0260773960,-1.8764574904,-1.9025348864,-2.9531307473,0.2992266499
BTCUSDT_lower5_all_h48,BTC all 48H,phase2_lower5_best,BTCUSDT,lower,5pct,long,all,-1.8987744291,12,48,2023-01-21 20:00,2023-01-22 00:00,2023-01-23 20:00,-2.1709898797,Q5_high,1.4760493107,22775.9500000000,22783.6400000000,22915.0600000000,22309.3800000000,23173.9800000000,0.0337579863,0.6089181650,0.5751601787,-2.1035516713,1.6987362995
BTCUSDT_lower5_all_h48,BTC all 48H,phase2_lower5_best,BTCUSDT,lower,5pct,long,all,-1.8987744291,12,48,2023-01-30 08:00,2023-01-30 12:00,2023-02-01 08:00,-2.4710910267,Q3_mid,0.9015834516,23073.4900000000,23079.9300000000,23074.6700000000,22499.5700000000,23300.1600000000,0.0279069245,0.0051139634,-0.0227929611,-2.5467210790,0.9496818795
BTCUSDT_lower5_all_h48,BTC all 48H,phase2_lower5_best,BTCUSDT,lower,5pct,long,all,-1.8987744291,12,48,2023-02-09 00:00,2023-02-09 04:00,2023-02-11 00:00,-1.9158307587,,,22522.8700000000,22516.2700000000,21681.1900000000,21470.3900000000,22828.6000000000,-0.0293078422,-3.8086173061,-3.7793094639,-4.7563382396,1.3775976838
BTCUSDT_lower5_all_h48,BTC all 48H,phase2_lower5_best,BTCUSDT,lower,5pct,long,all,-1.8987744291,12,48,2023-02-09 16:00,2023-02-09 20:00,2023-02-11 16:00,-2.5959811810,,,22034.8500000000,22028.0600000000,21663.9400000000,21470.3900000000,22084.0500000000,-0.0308195716,-1.6976163764,-1.6667968048,-2.5642318596,0.2538533299
BTCUSDT_lower5_all_h48,BTC all 48H,phase2_lower5_best,BTCUSDT,lower,5pct,long,all,-1.8987744291,12,48,2023-02-16 20:00,2023-02-17 00:00,2023-02-18 20:00,-5.6103992698,Q5_high,1.8611206155,23518.7100000000,23522.7900000000,24628.4600000000,23346.4900000000,25014.0600000000,0.0173463857,4.6106410215,4.5932946358,-0.7523086828,6.1468328336
BTCUSDT_lower5_all_h48,BTC all 48H,phase2_lower5_best,BTCUSDT,lower,5pct,long,all,-1.8987744291,12,48,2023-02-23 08:00,2023-02-23 12:00,2023-02-25 08:00,-2.4819739332,Q3_mid,1.0502281667,23779.2500000000,23776.0300000000,22981.3200000000,22854.6600000000,24223.8100000000,-0.0135421346,-3.4131639633,-3.3996218287,-3.9522895033,1.8658103452
BTCUSDT_lower5_all_h48,BTC all 48H,phase2_lower5_best,BTCUSDT,lower,5pct,long,all,-1.8987744291,12,48,2023-02-24 12:00,2023-02-24 16:00,2023-02-26 12:00,-2.2752271948,Q3_mid,1.0778035948,23350.2000000000,23351.1900000000,23246.2900000000,22760.0900000000,23351.1900000000,0.0042397025,-0.4459999980,-0.4502397005,-2.5639382858,0.0000000000
BTCUSDT_lower5_all_h48,BTC all 48H,phase2_lower5_best,BTCUSDT,lower,5pct,long,all,-1.8987744291,12,48,2023-03-03 00:00,2023-03-03 04:00,2023-03-05 00:00,-5.0155057746,Q4_higher,1.3702182595,22320.0100000000,22316.5700000000,22382.0200000000,22148.5700000000,22652.5100000000,-0.0154133673,0.2774372429,0.2928506102,-0.7556517281,1.4941210697
BTCUSDT_lower5_all_h48,BTC all 48H,phase2_lower5_best,BTCUSDT,lower,5pct,long,all,-1.8987744291,12,48,2023-03-09 16:00,2023-03-09 20:00,2023-03-11 16:00,-3.7224312994,Q3_mid,0.9460239574,20856.7700000000,20857.3500000000,20225.6100000000,19565.4000000000,20868.9100000000,0.0027808330,-3.0728972599,-3.0756780929,-6.3943703986,0.0554087536
BTCUSDT_lower5_all_h48,BTC all 48H,phase2_lower5_best,BTCUSDT,lower,5pct,long,all,-1.8987744291,12,48,2023-03-09 20:00,2023-03-10 00:00,2023-03-11 20:00,-2.3674768387,Q3_mid,1.0078069639,20368.7900000000,20370.2300000000,20463.9000000000,19565.4000000000,20688.5200000000,0.0070693895,0.4658530800,0.4587836905,-4.0311821164,1.5504435768
BTCUSDT_lower5_all_h48,BTC all 48H,phase2_lower5_best,BTCUSDT,lower,5pct,long,all,-1.8987744291,12,48,2023-03-11 04:00,2023-03-11 08:00,2023-03-13 04:00,-2.6922188141,Q4_higher,1.2761513614,19848.7500000000,19843.5200000000,22456.8000000000,19770.0000000000,22596.6300000000,-0.0263527384,12.3452430790,12.3715958173,-0.3711868292,12.9923274641
BTCUSDT_lower5_all_h48,BTC all 48H,phase2_lower5_best,BTCUSDT,lower,5pct,long,all,-1.8987744291,12,48,2023-03-14 16:00,2023-03-14 20:00,2023-03-16 16:00,-3.3750575917,Q5_high,2.5701727523,25041.2300000000,25068.8700000000,24949.9300000000,23841.0000000000,25172.4300000000,0.1103170930,-0.3652649849,-0.4755820779,-5.0220049735,0.4122510630
BTCUSDT_lower5_all_h48,BTC all 48H,phase2_lower5_best,BTCUSDT,lower,5pct,long,all,-1.8987744291,12,48,2023-03-20 00:00,2023-03-20 04:00,2023-03-22 00:00,-2.5085109675,Q5_high,1.5864044289,27265.9400000000,27268.6700000000,28143.1000000000,27140.0000000000,28461.2200000000,0.0100119906,3.1663904868,3.1563784963,-0.4729769718,4.2804034801
BTCUSDT_lower5_all_h48,BTC all 48H,phase2_lower5_best,BTCUSDT,lower,5pct,long,all,-1.8987744291,12,48,2023-03-22 16:00,2023-03-22 20:00,2023-03-24 16:00,-6.9295732242,Q5_high,2.1201548568,26681.4900000000,26683.9500000000,27827.8300000000,26603.5400000000,28751.3300000000,0.0092194499,4.2066532523,4.1974338024,-0.3017971424,7.4621765979
BTCUSDT_lower5_all_h48,BTC all 48H,phase2_lower5_best,BTCUSDT,lower,5pct,long,all,-1.8987744291,12,48,2023-03-24 08:00,2023-03-24 12:00,2023-03-26 08:00,-2.0367513905,Q5_high,2.0365890793,27699.2800000000,27699.1400000000,27853.4900000000,27016.0800000000,28254.9900000000,-0.0005054296,0.5551852630,0.5556906925,-2.4969121493,1.9868713382
BTCUSDT_lower5_all_h48,BTC all 48H,phase2_lower5_best,BTCUSDT,lower,5pct,long,all,-1.8987744291,12,48,2023-03-27 12:00,2023-03-27 16:00,2023-03-29 12:00,-3.5817842377,Q4_higher,1.1794677709,26905.4000000000,26899.9600000000,28449.7400000000,26635.4800000000,28646.6300000000,-0.0202210338,5.5812011735,5.6014222073,-0.9880638011,6.2911010097
BTCUSDT_lower5_all_h48,BTC all 48H,phase2_lower5_best,BTCUSDT,lower,5pct,long,all,-1.8987744291,12,48,2023-04-19 08:00,2023-04-19 12:00,2023-04-21 08:00,-2.5499630287,Q3_mid,0.9141585529,29317.1700000000,29317.8100000000,28061.4000000000,27817.5500000000,29504.3400000000,0.0021829972,-4.3778384698,-4.3800214671,-5.2528064709,0.6342189982
BTCUSDT_lower5_all_h48,BTC all 48H,phase2_lower5_best,BTCUSDT,lower,5pct,long,all,-1.8987744291,12,48,2023-04-21 16:00,2023-04-21 20:00,2023-04-23 16:00,-2.7429736605,Q3_mid,0.9038970318,27279.2700000000,27275.8200000000,27467.5500000000,27136.9400000000,27881.4600000000,-0.0126477658,0.6878234838,0.7004712496,-0.5104696089,2.1961356381
BTCUSDT_lower5_all_h48,BTC all 48H,phase2_lower5_best,BTCUSDT,lower,5pct,long,all,-1.8987744291,12,48,2023-04-26 16:00,2023-04-26 20:00,2023-04-28 16:00,-6.6963518708,Q5_high,1.9106568733,27883.4600000000,27888.0200000000,29329.0800000000,27249.0000000000,29896.4400000000,0.0163524440,5.0545833805,5.0382309365,-2.3180382744,6.9542203831
BTCUSDT_lower5_all_h48,BTC all 48H,phase2_lower5_best,BTCUSDT,lower,5pct,long,all,-1.8987744291,12,48,2023-05-01 00:00,2023-05-01 04:00,2023-05-03 00:00,-2.2808094885,Q2_lower,0.7266624529,28565.8700000000,28558.8200000000,28519.6500000000,27667.8900000000,28881.0400000000,-0.0246828474,-0.1619325184,-0.1372496710,-3.1693285073,1.1219504365
BTCUSDT_lower5_all_h48,BTC all 48H,phase2_lower5_best,BTCUSDT,lower,5pct,long,all,-1.8987744291,12,48,2023-05-06 12:00,2023-05-06 16:00,2023-05-08 12:00,-2.3921589784,Q3_mid,0.9505031579,28577.4400000000,28575.0000000000,27888.2300000000,27579.4500000000,29133.9200000000,-0.0085385681,-2.4412859343,-2.4327473662,-3.5461279502,1.9370921410
BTCUSDT_lower5_all_h48,BTC all 48H,phase2_lower5_best,BTCUSDT,lower,5pct,long,all,-1.8987744291,12,48,2023-05-08 16:00,2023-05-08 20:00,2023-05-10 16:00,-1.9857196608,Q3_mid,0.8686376116,27339.9100000000,27341.3500000000,27689.7200000000,26839.9100000000,28316.7600000000,0.0052668867,1.2713685768,1.2661016901,-1.8510249383,3.5053647224
BTCUSDT_lower5_all_h48,BTC all 48H,phase2_lower5_best,BTCUSDT,lower,5pct,long,all,-1.8987744291,12,48,2023-06-05 12:00,2023-06-05 16:00,2023-06-07 12:00,-2.9569114846,Q2_lower,0.7570194181,25993.1300000000,25994.7100000000,26350.0700000000,25355.8200000000,27363.7100000000,0.0060783445,1.3638659193,1.3577875748,-2.4884766297,5.1324627195
BTCUSDT_lower5_all_h48,BTC all 48H,phase2_lower5_best,BTCUSDT,lower,5pct,long,all,-1.8987744291,12,48,2023-06-07 12:00,2023-06-07 16:00,2023-06-09 12:00,-1.9772437539,Q4_higher,1.3456610850,26350.0700000000,26350.4900000000,26515.4400000000,26246.4000000000,26870.2800000000,0.0015939110,0.6256273302,0.6240334192,-0.3958033864,1.9533972477
BTCUSDT_lower5_all_h48,BTC all 48H,phase2_lower5_best,BTCUSDT,lower,5pct,long,all,-1.8987744291,12,48,2023-06-10 04:00,2023-06-10 08:00,2023-06-12 04:00,-2.7123063765,Q3_mid,0.9246585239,25639.5500000000,25647.6900000000,25825.2800000000,25551.6600000000,26192.2200000000,0.0317427885,0.7217775958,0.6900348072,-0.3751223897,2.1008911023
BTCUSDT_lower5_all_h48,BTC all 48H,phase2_lower5_best,BTCUSDT,lower,5pct,long,all,-1.8987744291,12,48,2023-06-14 20:00,2023-06-15 00:00,2023-06-16 20:00,-2.9923878450,Q3_mid,0.8693860051,25124.3600000000,25132.5900000000,26354.9900000000,24817.3500000000,26452.1600000000,0.0327516894,4.7819737454,4.7492220561,-1.2622404970,5.1172408174
BTCUSDT_lower5_all_h48,BTC all 48H,phase2_lower5_best,BTCUSDT,lower,5pct,long,all,-1.8987744291,12,48,2023-06-30 12:00,2023-06-30 16:00,2023-07-02 12:00,-2.6384160517,Q3_mid,0.8802780179,30110.0000000000,30110.0000000000,30509.9900000000,30050.0000000000,30715.4900000000,0.0000000000,1.3196828473,1.3196828473,-0.1994681512,1.9909745112
BTCUSDT_lower5_all_h48,BTC all 48H,phase2_lower5_best,BTCUSDT,lower,5pct,long,all,-1.8987744291,12,48,2023-07-14 16:00,2023-07-14 20:00,2023-07-16 16:00,-3.7329598332,Q4_higher,1.1226381730,30095.3600000000,30095.0100000000,30261.5700000000,30000.0000000000,30432.3300000000,-0.0011629767,0.5507583641,0.5519213408,-0.3161995619,1.1146152872
BTCUSDT_lower5_all_h48,BTC all 48H,phase2_lower5_best,BTCUSDT,lower,5pct,long,all,-1.8987744291,12,48,2023-08-17 12:00,2023-08-17 16:00,2023-08-19 12:00,-2.1883624104,Q1_low,0.5945845955,27931.9700000000,27929.1900000000,26215.1000000000,25619.9000000000,28084.7800000000,-0.0099532484,-6.3436330319,-6.3336797835,-8.6302985202,0.5555414128
BTCUSDT_lower5_all_h48,BTC all 48H,phase2_lower5_best,BTCUSDT,lower,5pct,long,all,-1.8987744291,12,48,2023-08-17 20:00,2023-08-18 00:00,2023-08-19 20:00,-4.6586138462,Q4_higher,1.1208609387,26630.0000000000,26625.0000000000,26106.9100000000,25619.9000000000,26823.2500000000,-0.0187775796,-1.9838369580,-1.9650593783,-3.8481230769,0.7418424708
BTCUSDT_lower5_all_h48,BTC all 48H,phase2_lower5_best,BTCUSDT,lower,5pct,long,all,-1.8987744291,12,48,2023-08-31 16:00,2023-08-31 20:00,2023-09-02 16:00,-2.8305281810,Q5_high,1.5286750963,26165.0400000000,26154.6100000000,25852.4000000000,25355.1200000000,26179.8800000000,-0.0398702978,-1.2020728611,-1.1622025633,-3.1044783574,0.0965711215
BTCUSDT_lower5_all_h48,BTC all 48H,phase2_lower5_best,BTCUSDT,lower,5pct,long,all,-1.8987744291,12,48,2023-10-24 12:00,2023-10-24 16:00,2023-10-26 12:00,-2.4204833560,Q5_high,1.5426010313,33690.0000000000,33693.7400000000,34063.0000000000,33433.8800000000,35000.0000000000,0.0111006008,1.1010693796,1.0899687788,-0.7742306314,3.8035998063
BTCUSDT_lower5_all_h48,BTC all 48H,phase2_lower5_best,BTCUSDT,lower,5pct,long,all,-1.8987744291,12,48,2023-11-02 12:00,2023-11-02 16:00,2023-11-04 12:00,-1.9523748958,Q3_mid,0.8959592126,34698.4400000000,34711.4200000000,34673.0000000000,34121.7900000000,35100.0000000000,0.0374010267,-0.0733443075,-0.1107453343,-1.7132556291,1.1132391034
BTCUSDT_lower5_all_h48,BTC all 48H,phase2_lower5_best,BTCUSDT,lower,5pct,long,all,-1.8987744291,12,48,2023-11-09 16:00,2023-11-09 20:00,2023-11-11 16:00,-2.0183957217,Q3_mid,0.9309834944,36373.4800000000,36385.8800000000,37117.3200000000,36130.1400000000,37450.0000000000,0.0340849620,2.0243769359,1.9902919738,-0.7053367249,2.8825922666
BTCUSDT_lower5_all_h48,BTC all 48H,phase2_lower5_best,BTCUSDT,lower,5pct,long,all,-1.8987744291,12,48,2023-11-14 16:00,2023-11-14 20:00,2023-11-16 16:00,-2.2704677050,Q2_lower,0.6373881093,35342.1100000000,35350.0000000000,35929.1200000000,35263.1600000000,37850.0000000000,0.0223221517,1.6472937932,1.6249716415,-0.2459599423,6.8332587541
BTCUSDT_lower5_all_h48,BTC all 48H,phase2_lower5_best,BTCUSDT,lower,5pct,long,all,-1.8987744291,12,48,2023-11-16 12:00,2023-11-16 16:00,2023-11-18 12:00,-2.3235929103,Q4_higher,1.2193626849,36394.4400000000,36394.4400000000,36664.9000000000,35505.6400000000,36699.0000000000,0.0000000000,0.7403878422,0.7403878422,-2.4724458621,0.8333491010
BTCUSDT_lower5_all_h48,BTC all 48H,phase2_lower5_best,BTCUSDT,lower,5pct,long,all,-1.8987744291,12,48,2023-11-21 20:00,2023-11-22 00:00,2023-11-23 20:00,-3.2962554776,Q3_mid,0.9009697939,35780.4900000000,35755.0100000000,37290.1400000000,35735.3300000000,37740.0000000000,-0.0712373607,4.1326175753,4.2038549360,-0.0550563908,5.4030140759
BTCUSDT_lower5_all_h48,BTC all 48H,phase2_lower5_best,BTCUSDT,lower,5pct,long,all,-1.8987744291,12,48,2023-12-11 00:00,2023-12-11 04:00,2023-12-13 00:00,-3.2943222575,Q3_mid,0.8718710382,42369.7000000000,42369.8300000000,40801.7700000000,40232.1800000000,42485.6700000000,0.0003068226,-3.7708021310,-3.7711089536,-5.1769379447,0.2730290245
BTCUSDT_lower5_all_h48,BTC all 48H,phase2_lower5_best,BTCUSDT,lower,5pct,long,all,-1.8987744291,12,48,2023-12-11 16:00,2023-12-11 20:00,2023-12-13 16:00,-2.4023796246,Q3_mid,1.0034547731,40799.2000000000,40795.2300000000,42756.3100000000,40558.9900000000,42865.0300000000,-0.0097310564,4.6854313455,4.6951624019,-0.5807705218,4.9491179191
BTCUSDT_lower5_all_h48,BTC all 48H,phase2_lower5_best,BTCUSDT,lower,5pct,long,all,-1.8987744291,12,48,2023-12-14 12:00,2023-12-14 16:00,2023-12-16 12:00,-1.9228553050,Q4_higher,1.2364224794,42450.5000000000,42462.7800000000,42590.3400000000,41624.6000000000,43411.8100000000,0.0289236268,0.3288775747,0.2999539479,-1.9936588874,2.2103596386
BTCUSDT_lower5_all_h48,BTC all 48H,phase2_lower5_best,BTCUSDT,lower,5pct,long,all,-1.8987744291,12,48,2023-12-15 12:00,2023-12-15 16:00,2023-12-17 12:00,-2.0341279647,Q4_higher,1.1564992851,41898.6800000000,41899.2700000000,41823.9700000000,41585.0000000000,42699.9900000000,0.0014081490,-0.1784702702,-0.1798784192,-0.7528879021,1.8930281701
BTCUSDT_lower5_all_h48,BTC all 48H,phase2_lower5_best,BTCUSDT,lower,5pct,long,all,-1.8987744291,12,48,2024-01-03 08:00,2024-01-03 12:00,2024-01-05 08:00,-2.3961400105,Q3_mid,1.0800444688,43970.1300000000,43969.8000000000,43734.6200000000,42045.0200000000,44689.9800000000,-0.0007505123,-0.5370531609,-0.5363026486,-4.4762085661,1.6246280791
BTCUSDT_lower5_all_h48,BTC all 48H,phase2_lower5_best,BTCUSDT,lower,5pct,long,all,-1.8987744291,12,48,2024-01-03 12:00,2024-01-03 16:00,2024-01-05 12:00,-2.1793348460,Q4_higher,1.1884762580,43022.2400000000,42970.9100000000,43516.0900000000,42175.1500000000,44689.9800000000,-0.1193816161,1.1413563472,1.2607379633,-1.8692190093,3.9225940289
BTCUSDT_lower5_all_h48,BTC all 48H,phase2_lower5_best,BTCUSDT,lower,5pct,long,all,-1.8987744291,12,48,2024-01-12 12:00,2024-01-12 16:00,2024-01-14 12:00,-3.2895091162,Q4_higher,1.1094944030,44461.6000000000,44429.9900000000,42880.1000000000,41844.3500000000,44700.3900000000,-0.0711203418,-3.6218046444,-3.5506843025,-5.9957910027,0.6067534539
BTCUSDT_lower5_all_h48,BTC all 48H,phase2_lower5_best,BTCUSDT,lower,5pct,long,all,-1.8987744291,12,48,2024-01-12 16:00,2024-01-12 20:00,2024-01-14 16:00,-1.9097067205,Q4_higher,1.1684792523,43620.5700000000,43620.4100000000,42662.7600000000,41844.3500000000,43990.0000000000,-0.0003668001,-2.2202419529,-2.2198751528,-4.1568378240,0.8437175273
BTCUSDT_lower5_all_h48,BTC all 48H,phase2_lower5_best,BTCUSDT,lower,5pct,long,all,-1.8987744291,12,48,2024-01-12 20:00,2024-01-13 00:00,2024-01-14 20:00,-1.9239588240,Q4_higher,1.2017976939,42789.3500000000,42848.6600000000,41700.0100000000,41700.0100000000,43264.0200000000,0.1385132828,-2.5787871235,-2.7173004063,-2.7173004063,0.9646970022
BTCUSDT_lower5_all_h48,BTC all 48H,phase2_lower5_best,BTCUSDT,lower,5pct,long,all,-1.8987744291,12,48,2024-01-14 20:00,2024-01-15 00:00,2024-01-16 20:00,-2.2825039947,Q4_higher,1.1243446421,41700.0100000000,41735.6300000000,43125.4100000000,41636.2000000000,43554.1300000000,0.0853831820,3.3611013940,3.2757182120,-0.2385219255,4.2649331894
BTCUSDT_lower5_all_h48,BTC all 48H,phase2_lower5_best,BTCUSDT,lower,5pct,long,all,-1.8987744291,12,48,2024-01-18 16:00,2024-01-18 20:00,2024-01-20 16:00,-3.8605139111,Q3_mid,1.0865695562,41000.0000000000,40946.4100000000,41629.2100000000,40308.5300000000,42311.5000000000,-0.1307928136,1.5230017623,1.6537945759,-1.5701029482,3.2794778147
BTCUSDT_lower5_all_h48,BTC all 48H,phase2_lower5_best,BTCUSDT,lower,5pct,long,all,-1.8987744291,12,48,2024-01-22 16:00,2024-01-22 20:00,2024-01-24 16:00,-2.3334265889,Q2_lower,0.8320660978,39823.9800000000,39800.4600000000,39780.8000000000,38570.5900000000,40554.8800000000,-0.0590773403,-0.1084859583,-0.0494086181,-3.1388401047,1.8777648561
BTCUSDT_lower5_all_h48,BTC all 48H,phase2_lower5_best,BTCUSDT,lower,5pct,long,all,-1.8987744291,12,48,2024-01-23 08:00,2024-01-23 12:00,2024-01-25 08:00,-2.4140901238,Q2_lower,0.8135620632,38825.1900000000,38820.0600000000,40160.7900000000,38570.5900000000,40554.8800000000,-0.0132139442,3.3821883728,3.3954023170,-0.6447054369,4.3718995239
BTCUSDT_lower5_all_h48,BTC all 48H,phase2_lower5_best,BTCUSDT,lower,5pct,long,all,-1.8987744291,12,48,2024-02-13 12:00,2024-02-13 16:00,2024-02-15 12:00,-2.4119561949,Q4_higher,1.2326869610,48753.5400000000,48715.3300000000,51934.3900000000,48344.2800000000,52793.0000000000,-0.0784045244,6.3203380968,6.3987426211,-0.7645854081,8.0384841217
BTCUSDT_lower5_all_h48,BTC all 48H,phase2_lower5_best,BTCUSDT,lower,5pct,long,all,-1.8987744291,12,48,2024-02-29 16:00,2024-02-29 20:00,2024-03-02 16:00,-1.9548065982,Q4_higher,1.4525562889,61598.6100000000,61620.8000000000,61999.0000000000,60627.6000000000,62817.4800000000,0.0360170532,0.6478950533,0.6118780001,-1.6249240946,1.9233902811
BTCUSDT_lower5_all_h48,BTC all 48H,phase2_lower5_best,BTCUSDT,lower,5pct,long,all,-1.8987744291,12,48,2024-03-05 04:00,2024-03-05 08:00,2024-03-07 04:00,-2.6711387917,Q3_mid,1.0160829759,66207.6700000000,66152.6200000000,66359.2300000000,58618.0000000000,68965.9100000000,-0.0831820528,0.2286544621,0.3118365149,-12.0922680078,4.1647827809
BTCUSDT_lower5_all_h48,BTC all 48H,phase2_lower5_best,BTCUSDT,lower,5pct,long,all,-1.8987744291,12,48,2024-03-05 16:00,2024-03-05 20:00,2024-03-07 16:00,-10.9207855147,Q5_high,2.7189697409,60000.0000000000,59957.3000000000,67547.7600000000,59775.4300000000,67901.1400000000,-0.0711920022,11.8490341013,11.9202261034,-0.3037935239,12.4420181619
BTCUSDT_lower5_all_h48,BTC all 48H,phase2_lower5_best,BTCUSDT,lower,5pct,long,all,-1.8987744291,12,48,2024-03-14 12:00,2024-03-14 16:00,2024-03-16 12:00,-2.7319602196,Q3_mid,0.8514976285,70910.8000000000,70908.9300000000,68341.8700000000,66037.1100000000,72387.2300000000,-0.0026371507,-3.6900139662,-3.6873768155,-7.1179520914,2.0633524967
BTCUSDT_lower5_all_h48,BTC all 48H,phase2_lower5_best,BTCUSDT,lower,5pct,long,all,-1.8987744291,12,48,2024-03-14 16:00,2024-03-14 20:00,2024-03-16 16:00,-1.9914718056,Q3_mid,0.9441458842,69512.6000000000,69512.4800000000,67009.9900000000,66037.1100000000,72387.2300000000,-0.0001726307,-3.6666318349,-3.6664592042,-5.1289448058,4.0523597824
BTCUSDT_lower5_all_h48,BTC all 48H,phase2_lower5_best,BTCUSDT,lower,5pct,long,all,-1.8987744291,12,48,2024-03-15 00:00,2024-03-15 04:00,2024-03-17 00:00,-4.5704358943,Q5_high,1.5079428375,68199.8700000000,68199.8300000000,66466.3900000000,64700.0000000000,70600.0000000000,-0.0000586512,-2.5746252326,-2.5745665814,-5.2680870671,3.4588072322
BTCUSDT_lower5_all_h48,BTC all 48H,phase2_lower5_best,BTCUSDT,lower,5pct,long,all,-1.8987744291,12,48,2024-03-16 16:00,2024-03-16 20:00,2024-03-18 16:00,-1.9680896743,Q5_high,1.5919924740,67009.9900000000,66957.9400000000,66957.3800000000,64572.5300000000,68868.5800000000,-0.0777051681,-0.0785415175,-0.0008363494,-3.6275572919,2.8135389715
BTCUSDT_lower5_all_h48,BTC all 48H,phase2_lower5_best,BTCUSDT,lower,5pct,long,all,-1.8987744291,12,48,2024-03-16 20:00,2024-03-17 00:00,2024-03-18 20:00,-2.5014037966,Q5_high,1.6581145743,65354.5900000000,65269.9400000000,67562.8700000000,64572.5300000000,68868.5800000000,-0.1296081400,3.3230897007,3.4526978407,-1.0742505235,5.3668457399
BTCUSDT_lower5_all_h48,BTC all 48H,phase2_lower5_best,BTCUSDT,lower,5pct,long,all,-1.8987744291,12,48,2024-03-19 00:00,2024-03-19 04:00,2024-03-21 00:00,-2.4884470831,Q4_higher,1.3210308216,65902.3500000000,65909.6800000000,66698.6900000000,60802.5100000000,68045.5200000000,0.0111218984,1.2011211585,1.1899992601,-8.0654248933,3.1891573037
BTCUSDT_lower5_all_h48,BTC all 48H,phase2_lower5_best,BTCUSDT,lower,5pct,long,all,-1.8987744291,12,48,2024-03-19 04:00,2024-03-19 08:00,2024-03-21 04:00,-1.8994212127,Q4_higher,1.3466920640,64662.4000000000,64677.7000000000,67003.0000000000,60802.5100000000,68045.5200000000,0.0236585561,3.5557505671,3.5320920110,-6.1785403383,5.0760418586
BTCUSDT_lower5_all_h48,BTC all 48H,phase2_lower5_best,BTCUSDT,lower,5pct,long,all,-1.8987744291,12,48,2024-03-19 08:00,2024-03-19 12:00,2024-03-21 08:00,-2.5016485366,Q4_higher,1.4294027601,63064.8400000000,63036.9400000000,67050.0000000000,60802.5100000000,68045.5200000000,-0.0442499709,6.1275206257,6.1717705965,-3.6089832748,7.6455989222
BTCUSDT_lower5_all_h48,BTC all 48H,phase2_lower5_best,BTCUSDT,lower,5pct,long,all,-1.8987744291,12,48,2024-03-19 20:00,2024-03-20 00:00,2024-03-21 20:00,-3.7521593903,Q5_high,1.6604051194,62057.4400000000,61920.4900000000,65513.1300000000,60802.5100000000,68045.5200000000,-0.2209265080,5.4190172801,5.6399437881,-1.8220071672,9.4325750298
BTCUSDT_lower5_all_h48,BTC all 48H,phase2_lower5_best,BTCUSDT,lower,5pct,long,all,-1.8987744291,12,48,2024-03-21 16:00,2024-03-21 20:00,2024-03-23 16:00,-1.9862942309,Q5_high,1.8309423087,65269.7200000000,65224.0400000000,64800.0000000000,62339.4900000000,66535.6500000000,-0.0700110133,-0.7222619407,-0.6522509273,-4.5233019269,1.9909781611
BTCUSDT_lower5_all_h48,BTC all 48H,phase2_lower5_best,BTCUSDT,lower,5pct,long,all,-1.8987744291,12,48,2024-03-22 08:00,2024-03-22 12:00,2024-03-24 08:00,-2.9977494624,Q5_high,1.8489497488,64196.6400000000,64182.2800000000,65226.7600000000,62339.4900000000,65961.3800000000,-0.0223712741,1.5918941300,1.6142654041,-2.9132066774,2.7342259107
BTCUSDT_lower5_all_h48,BTC all 48H,phase2_lower5_best,BTCUSDT,lower,5pct,long,all,-1.8987744291,12,48,2024-04-01 12:00,2024-04-01 16:00,2024-04-03 12:00,-1.9373391994,Q2_lower,0.7509301149,68265.0700000000,68289.9100000000,65842.0200000000,64555.0100000000,69852.4500000000,0.0363809511,-3.6139979216,-3.6503788728,-5.6244296530,2.2623135186
BTCUSDT_lower5_all_h48,BTC all 48H,phase2_lower5_best,BTCUSDT,lower,5pct,long,all,-1.8987744291,12,48,2024-04-02 00:00,2024-04-02 04:00,2024-04-04 00:00,-4.1313357448,Q4_higher,1.2186905738,66879.1300000000,66750.0200000000,65639.2200000000,64555.0100000000,67219.2200000000,-0.1932363413,-1.8713577166,-1.6781213753,-3.3436868372,0.7004621634
BTCUSDT_lower5_all_h48,BTC all 48H,phase2_lower5_best,BTCUSDT,lower,5pct,long,all,-1.8987744291,12,48,2024-04-09 12:00,2024-04-09 16:00,2024-04-11 12:00,-2.1312847117,Q3_mid,1.0150117251,69225.6300000000,69272.5200000000,69970.4500000000,67555.3600000000,71235.9700000000,0.0677120984,1.0701840291,1.0024719307,-2.5100880869,2.7949596720
BTCUSDT_lower5_all_h48,BTC all 48H,phase2_lower5_best,BTCUSDT,lower,5pct,long,all,-1.8987744291,12,48,2024-04-12 12:00,2024-04-12 16:00,2024-04-14 12:00,-2.1842876479,Q3_mid,0.9734615695,69369.0900000000,69405.3100000000,64227.1400000000,61723.9700000000,69604.2900000000,0.0521998305,-7.7015516450,-7.7537514755,-11.7291029380,0.2862825818
BTCUSDT_lower5_all_h48,BTC all 48H,phase2_lower5_best,BTCUSDT,lower,5pct,long,all,-1.8987744291,12,48,2024-04-12 16:00,2024-04-12 20:00,2024-04-14 16:00,-3.3677840959,Q4_higher,1.2076392295,67071.7900000000,67000.0000000000,64184.9500000000,61723.9700000000,68001.1000000000,-0.1070918899,-4.3994778752,-4.2923859853,-8.2020271217,1.4831262125
BTCUSDT_lower5_all_h48,BTC all 48H,phase2_lower5_best,BTCUSDT,lower,5pct,long,all,-1.8987744291,12,48,2024-04-13 16:00,2024-04-13 20:00,2024-04-15 16:00,-4.1337228631,Q4_higher,1.4519367498,65010.0000000000,65010.0000000000,63355.5700000000,61723.9700000000,66824.6500000000,0.0000000000,-2.5778277084,-2.5778277084,-5.1868756042,2.7530920234
BTCUSDT_lower5_all_h48,BTC all 48H,phase2_lower5_best,BTCUSDT,lower,5pct,long,all,-1.8987744291,12,48,2024-04-15 12:00,2024-04-15 16:00,2024-04-17 12:00,-1.9763546998,Q5_high,1.6304139642,64579.2100000000,64597.8200000000,60324.9400000000,59900.0000000000,64884.8000000000,0.0288131723,-6.8146915468,-6.8435047191,-7.5504158968,0.4432725719
BTCUSDT_lower5_all_h48,BTC all 48H,phase2_lower5_best,BTCUSDT,lower,5pct,long,all,-1.8987744291,12,48,2024-04-15 16:00,2024-04-15 20:00,2024-04-17 16:00,-1.9129705233,Q5_high,1.6502881975,63355.5700000000,63285.1600000000,61210.0000000000,59723.9400000000,64884.8000000000,-0.1111964646,-3.4452252270,-3.3340287623,-5.7917917444,2.4962527321
BTCUSDT_lower5_all_h48,BTC all 48H,phase2_lower5_best,BTCUSDT,lower,5pct,long,all,-1.8987744291,12,48,2024-04-16 12:00,2024-04-16 16:00,2024-04-18 12:00,-1.9473290006,Q5_high,1.5082102822,61824.7500000000,61902.6500000000,63539.7900000000,59723.9400000000,64884.8000000000,0.1259220032,2.7362554104,2.6103334072,-3.5830044717,4.7050400048
BTCUSDT_lower5_all_h48,BTC all 48H,phase2_lower5_best,BTCUSDT,lower,5pct,long,all,-1.8987744291,12,48,2024-04-17 12:00,2024-04-17 16:00,2024-04-19 12:00,-3.8274624211,Q5_high,1.4983807400,60324.9400000000,60324.9400000000,64348.3000000000,59631.6400000000,65472.4800000000,0.0000000000,6.4564898769,6.4564898769,-1.1559311207,8.1884284783
BTCUSDT_lower5_all_h48,BTC all 48H,phase2_lower5_best,BTCUSDT,lower,5pct,long,all,-1.8987744291,12,48,2024-04-19 00:00,2024-04-19 04:00,2024-04-21 00:00,-2.6166103745,Q5_high,1.5638070175,61824.2500000000,61824.2400000000,65187.1400000000,61791.3600000000,65662.7600000000,-0.0000161749,5.2966527896,5.2966689644,-0.0531971705,6.0236425344
BTCUSDT_lower5_all_h48,BTC all 48H,phase2_lower5_best,BTCUSDT,lower,5pct,long,all,-1.8987744291,12,48,2024-04-24 12:00,2024-04-24 16:00,2024-04-26 12:00,-2.9139147771,Q2_lower,0.8259202909,64658.7500000000,64594.5800000000,63496.3100000000,62825.9600000000,65240.5300000000,-0.0992933881,-1.8141646247,-1.7148712366,-2.7762142486,0.9950395230
BTCUSDT_lower5_all_h48,BTC all 48H,phase2_lower5_best,BTCUSDT,lower,5pct,long,all,-1.8987744291,12,48,2024-04-30 08:00,2024-04-30 12:00,2024-05-02 08:00,-3.2881497907,Q3_mid,1.0187068824,61156.3900000000,61157.7200000000,58616.2800000000,56603.1500000000,61585.5200000000,0.0021747287,-4.2421880113,-4.2443627399,-7.7391463728,0.6970676874
BTCUSDT_lower5_all_h48,BTC all 48H,phase2_lower5_best,BTCUSDT,lower,5pct,long,all,-1.8987744291,12,48,2024-04-30 16:00,2024-04-30 20:00,2024-05-02 16:00,-2.3587067800,Q4_higher,1.1349257177,59344.0200000000,59343.5600000000,59252.3700000000,56603.1500000000,61038.4200000000,-0.0007751443,-0.1545578550,-0.1537827107,-4.7278968952,2.8159895653
BTCUSDT_lower5_all_h48,BTC all 48H,phase2_lower5_best,BTCUSDT,lower,5pct,long,all,-1.8987744291,12,48,2024-05-01 04:00,2024-05-01 08:00,2024-05-03 04:00,-4.7950606277,Q5_high,1.6081847711,57433.5700000000,57527.2700000000,59203.3900000000,56603.1500000000,60000.0000000000,0.1630120670,3.0349828187,2.8719707517,-1.6194458876,4.2085465975
BTCUSDT_lower5_all_h48,BTC all 48H,phase2_lower5_best,BTCUSDT,lower,5pct,long,all,-1.8987744291,12,48,2024-05-10 12:00,2024-05-10 16:00,2024-05-12 12:00,-3.6520981360,Q4_higher,1.1617511417,61000.0000000000,60900.0200000000,61364.6500000000,60250.0000000000,61524.5200000000,-0.1640361050,0.5960072283,0.7600433333,-1.0730930752,1.0202291417
BTCUSDT_lower5_all_h48,BTC all 48H,phase2_lower5_best,BTCUSDT,lower,5pct,long,all,-1.8987744291,12,48,2024-05-21 12:00,2024-05-21 16:00,2024-05-23 12:00,-1.9521908829,Q4_higher,1.1487141067,69802.7000000000,69839.5700000000,68042.8200000000,67646.8300000000,70623.9700000000,0.0528063614,-2.5535478092,-2.6063541705,-3.1900259896,1.1168850707
BTCUSDT_lower5_all_h48,BTC all 48H,phase2_lower5_best,BTCUSDT,lower,5pct,long,all,-1.8987744291,12,48,2024-05-23 12:00,2024-05-23 16:00,2024-05-25 12:00,-2.8540869599,Q4_higher,1.3801894440,68042.8200000000,68107.1600000000,68899.4700000000,66500.0000000000,69540.1800000000,0.0945134253,1.2511272805,1.1566138553,-2.3880399468,2.0822367885
BTCUSDT_lower5_all_h48,BTC all 48H,phase2_lower5_best,BTCUSDT,lower,5pct,long,all,-1.8987744291,12,48,2024-05-28 00:00,2024-05-28 04:00,2024-05-30 00:00,-1.9618011894,Q3_mid,0.9453764066,68089.5300000000,68088.8800000000,68128.1600000000,67183.8700000000,68900.0000000000,-0.0009546300,0.0567180387,0.0576726687,-1.3380721586,1.1842267478
BTCUSDT_lower5_all_h48,BTC all 48H,phase2_lower5_best,BTCUSDT,lower,5pct,long,all,-1.8987744291,12,48,2024-06-07 16:00,2024-06-07 20:00,2024-06-09 16:00,-2.4908522720,Q3_mid,0.8843216432,69347.2500000000,69347.2500000000,69704.1700000000,69031.0000000000,69827.7500000000,0.0000000000,0.5133651765,0.5133651765,-0.4570812980,0.6905003185
BTCUSDT_lower5_all_h48,BTC all 48H,phase2_lower5_best,BTCUSDT,lower,5pct,long,all,-1.8987744291,12,48,2024-06-12 16:00,2024-06-12 20:00,2024-06-14 16:00,-3.0952488465,Q4_higher,1.2032421714,67562.8700000000,67580.9300000000,65564.2200000000,65255.3000000000,68629.5300000000,0.0267270864,-3.0028451474,-3.0295722338,-3.5018573702,1.5397065921
BTCUSDT_lower5_all_h48,BTC all 48H,phase2_lower5_best,BTCUSDT,lower,5pct,long,all,-1.8987744291,12,48,2024-06-20 12:00,2024-06-20 16:00,2024-06-22 12:00,-1.9067756023,Q3_mid,0.8866191798,64943.5900000000,64865.3900000000,64338.6800000000,63450.0000000000,65199.7200000000,-0.1204847453,-0.9358041354,-0.8153193901,-2.2062005332,0.5140974952
BTCUSDT_lower5_all_h48,BTC all 48H,phase2_lower5_best,BTCUSDT,lower,5pct,long,all,-1.8987744291,12,48,2024-06-24 16:00,2024-06-24 20:00,2024-06-26 16:00,-1.9473753531,Q2_lower,0.7084789620,59599.9800000000,59512.3800000000,61029.9200000000,58888.0000000000,62466.3400000000,-0.1470880365,2.3708997224,2.5179877589,-1.0547023379,4.8443493531
BTCUSDT_lower5_all_h48,BTC all 48H,phase2_lower5_best,BTCUSDT,lower,5pct,long,all,-1.8987744291,12,48,2024-07-04 00:00,2024-07-04 04:00,2024-07-06 00:00,-1.9445774793,Q3_mid,0.9081866552,59089.7100000000,59105.9900000000,56437.2600000000,53917.1700000000,59105.9900000000,0.0275475336,-4.5927218901,-4.6202694238,-9.1883292851,0.0000000000
BTCUSDT_lower5_all_h48,BTC all 48H,phase2_lower5_best,BTCUSDT,lower,5pct,long,all,-1.8987744291,12,48,2024-07-04 20:00,2024-07-05 00:00,2024-07-06 20:00,-2.6185017870,Q3_mid,0.9682511440,56926.9200000000,57087.1200000000,58309.1300000000,53917.1700000000,58448.2600000000,0.2810182069,2.3990344898,2.1180162828,-5.7129541977,2.3563396401
BTCUSDT_lower5_all_h48,BTC all 48H,phase2_lower5_best,BTCUSDT,lower,5pct,long,all,-1.8987744291,12,48,2024-07-05 00:00,2024-07-05 04:00,2024-07-07 00:00,-2.8959808208,Q3_mid,1.0855403667,55301.9700000000,55301.5100000000,58019.6300000000,53917.1700000000,58448.2600000000,-0.0008318002,4.7972869798,4.7981187800,-2.5351233698,5.5341704680
BTCUSDT_lower5_all_h48,BTC all 48H,phase2_lower5_best,BTCUSDT,lower,5pct,long,all,-1.8987744291,12,48,2024-07-07 20:00,2024-07-08 00:00,2024-07-09 20:00,-2.3084873769,Q4_higher,1.3853850242,55855.2700000000,55905.1400000000,57969.1200000000,54300.0000000000,58251.5100000000,0.0892444888,3.7146574015,3.6254129126,-2.9132098905,4.1113689012
BTCUSDT_lower5_all_h48,BTC all 48H,phase2_lower5_best,BTCUSDT,lower,5pct,long,all,-1.8987744291,12,48,2024-07-08 12:00,2024-07-08 16:00,2024-07-10 12:00,-2.4228292648,Q4_higher,1.3086114546,55788.2000000000,55807.8200000000,57752.7300000000,55456.0300000000,59408.6300000000,0.0351625447,3.4608243521,3.4256618075,-0.6323548435,6.2525499074
BTCUSDT_lower5_all_h48,BTC all 48H,phase2_lower5_best,BTCUSDT,lower,5pct,long,all,-1.8987744291,12,48,2024-07-11 12:00,2024-07-11 16:00,2024-07-13 12:00,-2.4772034549,Q4_higher,1.2053178269,57369.5800000000,57423.2900000000,58822.1800000000,56564.4400000000,58854.6500000000,0.0935772473,2.5004796975,2.4069024502,-1.5069450946,2.4620874868
BTCUSDT_lower5_all_h48,BTC all 48H,phase2_lower5_best,BTCUSDT,lower,5pct,long,all,-1.8987744291,12,48,2024-07-16 04:00,2024-07-16 08:00,2024-07-18 04:00,-2.8333297101,Q4_higher,1.1172868268,62863.4000000000,62891.8800000000,64713.0400000000,62415.8700000000,66068.1200000000,0.0452943216,2.8998608437,2.8545665221,-0.7597491611,4.9269269394
BTCUSDT_lower5_all_h48,BTC all 48H,phase2_lower5_best,BTCUSDT,lower,5pct,long,all,-1.8987744291,12,48,2024-07-25 00:00,2024-07-25 04:00,2024-07-27 00:00,-2.0449468017,Q3_mid,0.8513583037,64071.1800000000,64048.7300000000,67782.5900000000,63500.0000000000,68071.4700000000,-0.0350452950,5.6310724473,5.6661177424,-0.8604293988,6.0913982756
BTCUSDT_lower5_all_h48,BTC all 48H,phase2_lower5_best,BTCUSDT,lower,5pct,long,all,-1.8987744291,12,48,2024-07-29 12:00,2024-07-29 16:00,2024-07-31 12:00,-2.2586181227,Q2_lower,0.7953536505,68116.6100000000,68117.5200000000,66436.1100000000,65529.5700000000,68164.5000000000,0.0013359354,-2.4980355472,-2.4993714826,-3.8732957640,0.0689452679
BTCUSDT_lower5_all_h48,BTC all 48H,phase2_lower5_best,BTCUSDT,lower,5pct,long,all,-1.8987744291,12,48,2024-08-01 12:00,2024-08-01 16:00,2024-08-03 12:00,-2.6576189837,Q3_mid,0.9303474233,62950.0000000000,62973.9900000000,60981.4300000000,60661.9600000000,65618.5100000000,0.0381023509,-3.1771368894,-3.2152392403,-3.7404971018,4.1136036784
BTCUSDT_lower5_all_h48,BTC all 48H,phase2_lower5_best,BTCUSDT,lower,5pct,long,all,-1.8987744291,12,48,2024-08-02 12:00,2024-08-02 16:00,2024-08-04 12:00,-1.9187480340,Q4_higher,1.2191582195,63401.4500000000,63502.5400000000,59117.2800000000,59000.0000000000,63562.7700000000,0.1593173255,-6.9963464382,-7.1556637636,-7.3542461193,0.0948016489
BTCUSDT_lower5_all_h48,BTC all 48H,phase2_lower5_best,BTCUSDT,lower,5pct,long,all,-1.8987744291,12,48,2024-08-04 12:00,2024-08-04 16:00,2024-08-06 12:00,-2.9052877006,Q4_higher,1.4234254947,59117.2800000000,59038.3100000000,56437.7700000000,49633.0200000000,59628.9000000000,-0.1336712241,-4.6384652244,-4.5047940002,-17.3530217181,0.9953800653
BTCUSDT_lower5_all_h48,BTC all 48H,phase2_lower5_best,BTCUSDT,lower,5pct,long,all,-1.8987744291,12,48,2024-08-04 20:00,2024-08-05 00:00,2024-08-06 20:00,-2.0129453984,Q4_higher,1.3723460876,58156.4800000000,58156.4800000000,56025.4300000000,49633.0200000000,58273.4100000000,0.0000000000,-3.7331613895,-3.7331613895,-15.8480970657,0.2008591425
BTCUSDT_lower5_all_h48,BTC all 48H,phase2_lower5_best,BTCUSDT,lower,5pct,long,all,-1.8987744291,12,48,2024-08-05 00:00,2024-08-05 04:00,2024-08-07 00:00,-7.3822020704,Q5_high,2.0483068170,54017.8900000000,53985.2900000000,56899.9100000000,49633.0200000000,57274.0900000000,-0.0603685947,5.1978471415,5.2582157361,-8.4055264007,5.9136737908
BTCUSDT_lower5_all_h48,BTC all 48H,phase2_lower5_best,BTCUSDT,lower,5pct,long,all,-1.8987744291,12,48,2024-08-05 04:00,2024-08-05 08:00,2024-08-07 04:00,-2.5517434144,Q5_high,1.8766183679,52656.9300000000,52730.3800000000,56892.7400000000,49633.0200000000,57274.0900000000,0.1393906190,7.7369886875,7.5975980684,-6.0535422000,8.2656579915
BTCUSDT_lower5_all_h48,BTC all 48H,phase2_lower5_best,BTCUSDT,lower,5pct,long,all,-1.8987744291,12,48,2024-08-05 08:00,2024-08-05 12:00,2024-08-07 08:00,-2.4933716285,Q5_high,1.9026185229,51360.2300000000,51232.6200000000,56995.1100000000,49633.0200000000,57683.4800000000,-0.2487699012,10.4101337116,10.6589036128,-3.1720100512,11.8594385475
BTCUSDT_lower5_all_h48,BTC all 48H,phase2_lower5_best,BTCUSDT,lower,5pct,long,all,-1.8987744291,12,48,2024-08-07 16:00,2024-08-07 20:00,2024-08-09 16:00,-2.1755967854,Q5_high,2.7119955841,54869.0800000000,54865.5400000000,60661.7500000000,54556.3900000000,62710.8600000000,-0.0064519292,10.0363367142,10.0427886434,-0.5650619078,13.3649173648
BTCUSDT_lower5_all_h48,BTC all 48H,phase2_lower5_best,BTCUSDT,lower,5pct,long,all,-1.8987744291,12,48,2024-08-14 12:00,2024-08-14 16:00,2024-08-16 12:00,-2.9525122437,Q4_higher,1.2345965147,59481.7800000000,59481.2500000000,58063.9500000000,56125.5200000000,59815.5600000000,-0.0008910331,-2.4125057818,-2.4116147487,-5.8070525786,0.5604690941
BTCUSDT_lower5_all_h48,BTC all 48H,phase2_lower5_best,BTCUSDT,lower,5pct,long,all,-1.8987744291,12,48,2024-08-15 16:00,2024-08-15 20:00,2024-08-17 16:00,-4.3780639411,Q5_high,1.5249298756,57109.0500000000,57096.4500000000,59503.4800000000,56125.5200000000,59788.8600000000,-0.0220654873,4.1072200263,4.1292855136,-1.7151332048,4.6077412877
BTCUSDT_lower5_all_h48,BTC all 48H,phase2_lower5_best,BTCUSDT,lower,5pct,long,all,-1.8987744291,12,48,2024-08-20 12:00,2024-08-20 16:00,2024-08-22 12:00,-2.8343879643,Q3_mid,0.9423930924,58852.3800000000,58852.3800000000,60389.5500000000,58600.0000000000,61788.3400000000,0.0000000000,2.5783802037,2.5783802037,-0.4297578107,4.8682398834
BTCUSDT_lower5_all_h48,BTC all 48H,phase2_lower5_best,BTCUSDT,lower,5pct,long,all,-1.8987744291,12,48,2024-08-27 20:00,2024-08-28 00:00,2024-08-29 20:00,-4.1463031765,Q3_mid,0.9914283703,59558.1000000000,59527.2700000000,59365.6500000000,57974.9200000000,61141.7900000000,-0.0517779819,-0.3236530432,-0.2718750613,-2.6424023648,2.6761066220
BTCUSDT_lower5_all_h48,BTC all 48H,phase2_lower5_best,BTCUSDT,lower,5pct,long,all,-1.8987744291,12,48,2024-08-29 16:00,2024-08-29 20:00,2024-08-31 16:00,-2.6451016899,Q4_higher,1.4181051154,59224.4800000000,59271.4100000000,58816.7700000000,57700.0100000000,59894.7600000000,0.0792095025,-0.6907951607,-0.7700046632,-2.6869718131,1.0461957208
BTCUSDT_lower5_all_h48,BTC all 48H,phase2_lower5_best,BTCUSDT,lower,5pct,long,all,-1.8987744291,12,48,2024-08-30 12:00,2024-08-30 16:00,2024-09-01 12:00,-2.2029268118,Q5_high,1.4935490180,58121.9000000000,58121.8600000000,58196.3800000000,57400.0000000000,59455.2000000000,-0.0000688209,0.1280624338,0.1281312547,-1.2497537617,2.2681246830
BTCUSDT_lower5_all_h48,BTC all 48H,phase2_lower5_best,BTCUSDT,lower,5pct,long,all,-1.8987744291,12,48,2024-09-01 20:00,2024-09-02 00:00,2024-09-03 20:00,-1.9748511595,Q3_mid,0.9575096515,57362.3100000000,57410.3000000000,57500.0000000000,57300.0000000000,59767.9400000000,0.0836262289,0.2397480356,0.1561218067,-0.1923106016,4.0245667055
BTCUSDT_lower5_all_h48,BTC all 48H,phase2_lower5_best,BTCUSDT,lower,5pct,long,all,-1.8987744291,12,48,2024-09-03 12:00,2024-09-03 16:00,2024-09-05 12:00,-2.1700353060,Q3_mid,0.8479922447,57720.7500000000,57773.4700000000,56000.0000000000,55900.1000000000,58521.2400000000,0.0912946183,-3.0265036849,-3.1177983032,-3.2963504699,1.2860091497
BTCUSDT_lower5_all_h48,BTC all 48H,phase2_lower5_best,BTCUSDT,lower,5pct,long,all,-1.8987744291,12,48,2024-09-06 12:00,2024-09-06 16:00,2024-09-08 12:00,-3.4166068175,Q4_higher,1.2538044102,54111.7100000000,54078.8700000000,53698.0800000000,52635.1800000000,55500.0000000000,-0.0607076901,-0.7673366761,-0.7066289860,-2.7058819071,2.5939484206
BTCUSDT_lower5_all_h48,BTC all 48H,phase2_lower5_best,BTCUSDT,lower,5pct,long,all,-1.8987744291,12,48,2024-10-02 16:00,2024-10-02 20:00,2024-10-04 16:00,-2.7975661102,Q3_mid,1.0028193988,60118.8100000000,60139.7600000000,62310.1600000000,59901.6700000000,62367.0600000000,0.0348415921,3.5801723416,3.5453307495,-0.3966802332,3.6366064516
BTCUSDT_lower5_all_h48,BTC all 48H,phase2_lower5_best,BTCUSDT,lower,5pct,long,all,-1.8987744291,12,48,2024-10-09 16:00,2024-10-09 20:00,2024-10-11 16:00,-1.9732760273,Q2_lower,0.7651796268,61090.1700000000,61023.2700000000,62894.0000000000,58947.8000000000,63167.5900000000,-0.1095702597,2.9099800212,3.0195502809,-3.4602960315,3.4536086322
BTCUSDT_lower5_all_h48,BTC all 48H,phase2_lower5_best,BTCUSDT,lower,5pct,long,all,-1.8987744291,12,48,2024-10-31 12:00,2024-10-31 16:00,2024-11-02 12:00,-2.3376805828,Q2_lower,0.8309823427,70618.0000000000,70556.0000000000,69431.9900000000,68860.4600000000,71576.7600000000,-0.0878348761,-1.6937357194,-1.6059008433,-2.4324582640,1.4363719524
BTCUSDT_lower5_all_h48,BTC all 48H,phase2_lower5_best,BTCUSDT,lower,5pct,long,all,-1.8987744291,12,48,2024-11-12 08:00,2024-11-12 12:00,2024-11-14 08:00,-2.3909129696,Q4_higher,1.2609122873,87100.0000000000,87088.1200000000,91553.7200000000,84856.0700000000,93225.5800000000,-0.0136404251,4.9869019970,5.0005424221,-2.5963952478,6.8101667945
BTCUSDT_lower5_all_h48,BTC all 48H,phase2_lower5_best,BTCUSDT,lower,5pct,long,all,-1.8987744291,12,48,2024-11-13 16:00,2024-11-13 20:00,2024-11-15 16:00,-2.2391674530,Q5_high,1.9065844931,90500.6800000000,90180.7000000000,90300.0000000000,86735.7900000000,91708.3000000000,-0.3541929274,-0.2219904067,0.1322025207,-3.8948833841,1.6797452491
BTCUSDT_lower5_all_h48,BTC all 48H,phase2_lower5_best,BTCUSDT,lower,5pct,long,all,-1.8987744291,12,48,2024-11-14 12:00,2024-11-14 16:00,2024-11-16 12:00,-4.0579352226,Q5_high,2.1572875062,87912.9000000000,88087.6500000000,90303.8600000000,86735.7900000000,91779.8100000000,0.1985789902,2.6833654308,2.4847864406,-1.5465740129,4.1059997293
BTCUSDT_lower5_all_h48,BTC all 48H,phase2_lower5_best,BTCUSDT,lower,5pct,long,all,-1.8987744291,12,48,2024-11-14 20:00,2024-11-15 00:00,2024-11-16 20:00,-2.3325689470,Q5_high,2.2051453543,87313.6500000000,87318.8300000000,90592.6300000000,87067.4000000000,91779.8100000000,0.0059324588,3.6866055150,3.6806730562,-0.2883601236,4.9826206197
BTCUSDT_lower5_all_h48,BTC all 48H,phase2_lower5_best,BTCUSDT,lower,5pct,long,all,-1.8987744291,12,48,2024-11-18 16:00,2024-11-18 20:00,2024-11-20 16:00,-1.9961254302,Q4_higher,1.1327627155,90599.9900000000,90599.9900000000,93957.2800000000,90314.3900000000,94787.9900000000,0.0000000000,3.6386108209,3.6386108209,-0.3157297250,4.5188610798
BTCUSDT_lower5_all_h48,BTC all 48H,phase2_lower5_best,BTCUSDT,lower,5pct,long,all,-1.8987744291,12,48,2024-11-25 12:00,2024-11-25 16:00,2024-11-27 12:00,-2.0177064069,Q2_lower,0.7172294245,96268.2900000000,96268.2900000000,95768.8800000000,90835.7500000000,96499.2300000000,0.0000000000,-0.5201192309,-0.5201192309,-5.8086050503,0.2396047949
BTCUSDT_lower5_all_h48,BTC all 48H,phase2_lower5_best,BTCUSDT,lower,5pct,long,all,-1.8987744291,12,48,2024-11-25 20:00,2024-11-26 00:00,2024-11-27 20:00,-1.9766843673,Q3_mid,0.8712518284,93000.7200000000,93097.7200000000,95818.9100000000,90835.7500000000,97111.5100000000,0.1042459128,2.9852820836,2.8810361707,-2.4596763601,4.2210211675
BTCUSDT_lower5_all_h48,BTC all 48H,phase2_lower5_best,BTCUSDT,lower,5pct,long,all,-1.8987744291,12,48,2024-12-05 16:00,2024-12-05 20:00,2024-12-07 16:00,-2.1487261547,Q4_higher,1.3837947638,99029.1100000000,99027.9300000000,100048.0200000000,92617.1000000000,101700.7400000000,-0.0011915759,1.0236423412,1.0248339171,-6.6928141728,2.6632647773
BTCUSDT_lower5_all_h48,BTC all 48H,phase2_lower5_best,BTCUSDT,lower,5pct,long,all,-1.8987744291,12,48,2024-12-05 20:00,2024-12-06 00:00,2024-12-07 20:00,-2.1608123794,Q4_higher,1.4145740184,96912.2300000000,97211.0200000000,99886.7100000000,96514.6600000000,101700.7400000000,0.3078356003,3.0230920249,2.7152564246,-0.7189165620,4.5150499805
BTCUSDT_lower5_all_h48,BTC all 48H,phase2_lower5_best,BTCUSDT,lower,5pct,long,all,-1.8987744291,12,48,2024-12-09 00:00,2024-12-09 04:00,2024-12-11 00:00,-2.1283939830,Q4_higher,1.1077915405,99029.1100000000,99126.8600000000,97445.8200000000,94183.0500000000,100363.5400000000,0.0986596648,-1.6117316075,-1.7103912724,-5.1160214879,1.2398549928
BTCUSDT_lower5_all_h48,BTC all 48H,phase2_lower5_best,BTCUSDT,lower,5pct,long,all,-1.8987744291,12,48,2024-12-10 12:00,2024-12-10 16:00,2024-12-12 12:00,-2.0310262418,Q3_mid,0.8498362035,95659.3100000000,95659.3300000000,101626.6500000000,94321.3600000000,101798.2500000000,0.0000209075,6.0512778719,6.0512569643,-1.4085559131,6.2199679144
BTCUSDT_lower5_all_h48,BTC all 48H,phase2_lower5_best,BTCUSDT,lower,5pct,long,all,-1.8987744291,12,48,2024-12-12 16:00,2024-12-12 20:00,2024-12-14 16:00,-2.1098914715,Q3_mid,1.0040597585,99504.9000000000,99504.9000000000,101235.4800000000,99244.9700000000,102652.4800000000,0.0000000000,1.7242399112,1.7242399112,-0.2615651001,3.1142413756
BTCUSDT_lower5_all_h48,BTC all 48H,phase2_lower5_best,BTCUSDT,lower,5pct,long,all,-1.8987744291,12,48,2024-12-18 20:00,2024-12-19 00:00,2024-12-20 20:00,-2.3114858870,Q3_mid,1.0273392371,100548.7600000000,100412.8600000000,97724.7900000000,92324.1500000000,102742.5300000000,-0.1352497265,-2.8487521180,-2.7135023915,-8.3984532615,2.2935863299
BTCUSDT_lower5_all_h48,BTC all 48H,phase2_lower5_best,BTCUSDT,lower,5pct,long,all,-1.8987744291,12,48,2024-12-19 16:00,2024-12-19 20:00,2024-12-21 16:00,-3.4129480396,Q4_higher,1.2888337581,97264.9400000000,96913.2600000000,97152.4000000000,92324.1500000000,99486.5900000000,-0.3622243738,-0.1157715794,0.2464527944,-4.8510597551,2.6206509572
BTCUSDT_lower5_all_h48,BTC all 48H,phase2_lower5_best,BTCUSDT,lower,5pct,long,all,-1.8987744291,12,48,2024-12-20 08:00,2024-12-20 12:00,2024-12-22 08:00,-5.1789754799,Q5_high,1.5293729077,92839.3400000000,92733.7200000000,97141.5800000000,92324.1500000000,99486.5900000000,-0.1138311902,4.5299029593,4.6437341495,-0.4426406386,7.0290700738
BTCUSDT_lower5_all_h48,BTC all 48H,phase2_lower5_best,BTCUSDT,lower,5pct,long,all,-1.8987744291,12,48,2024-12-23 12:00,2024-12-23 16:00,2024-12-25 12:00,-2.8330434193,Q5_high,1.8413387113,93323.7500000000,93265.6500000000,98530.3300000000,92597.4500000000,99403.6700000000,-0.0622757797,5.4289788905,5.4912546702,-0.7190269385,6.3737161650
BTCUSDT_lower5_all_h48,BTC all 48H,phase2_lower5_best,BTCUSDT,lower,5pct,long,all,-1.8987744291,12,48,2024-12-26 08:00,2024-12-26 12:00,2024-12-28 08:00,-2.0862172212,Q4_higher,1.4071740698,95737.8900000000,95602.2000000000,94807.6000000000,93564.0600000000,97454.8500000000,-0.1418312521,-0.9764570042,-0.8346257521,-2.1549496957,1.9193361483
BTCUSDT_lower5_all_h48,BTC all 48H,phase2_lower5_best,BTCUSDT,lower,5pct,long,all,-1.8987744291,12,48,2024-12-27 12:00,2024-12-27 16:00,2024-12-29 12:00,-2.4536099030,Q4_higher,1.3798067860,94564.7800000000,94620.0200000000,94554.7500000000,93564.0600000000,95651.5500000000,0.0583979279,-0.0106070484,-0.0690049763,-1.1222746187,1.0842819094
BTCUSDT_lower5_all_h48,BTC all 48H,phase2_lower5_best,BTCUSDT,lower,5pct,long,all,-1.8987744291,12,48,2024-12-30 12:00,2024-12-30 16:00,2025-01-01 12:00,-1.9293183571,Q3_mid,0.9044931287,92100.8200000000,92160.2100000000,94365.3400000000,91876.4300000000,96151.4300000000,0.0644629003,2.4289998127,2.3645369124,-0.3083953553,4.2395868928
BTCUSDT_lower5_all_h48,BTC all 48H,phase2_lower5_best,BTCUSDT,lower,5pct,long,all,-1.8987744291,12,48,2025-01-07 12:00,2025-01-07 16:00,2025-01-09 12:00,-2.7122802011,Q3_mid,0.9847140730,97944.0100000000,97944.4800000000,94228.2600000000,92149.1600000000,98297.4000000000,0.0004798648,-3.8675852279,-3.8680650928,-6.0992219017,0.3596789640
BTCUSDT_lower5_all_h48,BTC all 48H,phase2_lower5_best,BTCUSDT,lower,5pct,long,all,-1.8987744291,12,48,2025-01-09 16:00,2025-01-09 20:00,2025-01-11 16:00,-2.0209040201,Q4_higher,1.1604742687,92343.1100000000,92435.8200000000,94154.9000000000,91283.3000000000,95776.1000000000,0.1003469473,1.9430201968,1.8426732495,-1.2546708466,3.5498609909
BTCUSDT_lower5_all_h48,BTC all 48H,phase2_lower5_best,BTCUSDT,lower,5pct,long,all,-1.8987744291,12,48,2025-01-13 08:00,2025-01-13 12:00,2025-01-15 08:00,-2.8881521835,Q3_mid,0.9143134064,91000.0000000000,90948.7900000000,96726.9300000000,89438.4500000000,97425.0600000000,-0.0562905654,6.1032347347,6.1595253001,-1.6745921659,6.8786866220
BTCUSDT_lower5_all_h48,BTC all 48H,phase2_lower5_best,BTCUSDT,lower,5pct,long,all,-1.8987744291,12,48,2025-01-19 20:00,2025-01-20 00:00,2025-01-21 20:00,-4.8471596371,Q4_higher,1.4469672636,101032.1900000000,101032.8000000000,105790.0100000000,99611.3600000000,109461.8700000000,0.0006037661,4.6016912591,4.6010874930,-1.4169002284,8.0131052840
BTCUSDT_lower5_all_h48,BTC all 48H,phase2_lower5_best,BTCUSDT,lower,5pct,long,all,-1.8987744291,12,48,2025-01-20 12:00,2025-01-20 16:00,2025-01-22 12:00,-3.4107604148,Q5_high,1.9790872489,104716.5800000000,105175.4900000000,104591.5500000000,100252.0900000000,107098.9300000000,0.4372825817,-0.1194698122,-0.5567523939,-4.7942374518,1.8122698373
BTCUSDT_lower5_all_h48,BTC all 48H,phase2_lower5_best,BTCUSDT,lower,5pct,long,all,-1.8987744291,12,48,2025-01-26 20:00,2025-01-27 00:00,2025-01-28 20:00,-2.3142870870,Q2_lower,0.7142840029,102618.0400000000,102618.0400000000,101396.6500000000,97916.0000000000,103666.0700000000,0.0000000000,-1.1973692605,-1.1973692605,-4.6903777484,1.0161122127
BTCUSDT_lower5_all_h48,BTC all 48H,phase2_lower5_best,BTCUSDT,lower,5pct,long,all,-1.8987744291,12,48,2025-01-27 04:00,2025-01-27 08:00,2025-01-29 04:00,-2.2453020937,Q3_mid,0.8477656291,99152.7400000000,99014.0800000000,102663.1300000000,98352.2500000000,103666.0700000000,-0.1399427236,3.4791556180,3.6190983416,-0.6706640192,4.5912805623
BTCUSDT_lower5_all_h48,BTC all 48H,phase2_lower5_best,BTCUSDT,lower,5pct,long,all,-1.8987744291,12,48,2025-01-31 16:00,2025-01-31 20:00,2025-02-02 16:00,-3.0522096314,Q3_mid,0.9779048062,102289.9900000000,102259.6900000000,98298.4300000000,97000.0000000000,102779.4200000000,-0.0296260549,-3.9803763198,-3.9507502649,-5.2804579656,0.5069580268
BTCUSDT_lower5_all_h48,BTC all 48H,phase2_lower5_best,BTCUSDT,lower,5pct,long,all,-1.8987744291,12,48,2025-02-03 00:00,2025-02-03 04:00,2025-02-05 00:00,-4.0081488499,Q4_higher,1.1503116146,93854.3700000000,93856.0800000000,98079.8600000000,92693.6200000000,102326.6800000000,0.0018219550,4.4037719167,4.4019499616,-1.2462899125,8.6407895355
BTCUSDT_lower5_all_h48,BTC all 48H,phase2_lower5_best,BTCUSDT,lower,5pct,long,all,-1.8987744291,12,48,2025-02-04 04:00,2025-02-04 08:00,2025-02-06 04:00,-2.0365343877,Q5_high,1.6694869135,98555.3100000000,98464.5100000000,98235.0000000000,96192.6200000000,100628.6800000000,-0.0921734741,-0.3255346088,-0.2333611346,-2.3343539132,2.1741127814
BTCUSDT_lower5_all_h48,BTC all 48H,phase2_lower5_best,BTCUSDT,lower,5pct,long,all,-1.8987744291,12,48,2025-02-11 16:00,2025-02-11 20:00,2025-02-13 16:00,-2.0789879616,Q2_lower,0.6790380398,95107.0100000000,94964.2600000000,95672.4400000000,94246.9500000000,98141.4500000000,-0.1502068428,0.5927594986,0.7429663413,-0.7582145227,3.2909195075
BTCUSDT_lower5_all_h48,BTC all 48H,phase2_lower5_best,BTCUSDT,lower,5pct,long,all,-1.8987744291,12,48,2025-02-21 16:00,2025-02-21 20:00,2025-02-23 16:00,-2.6380305139,Q3_mid,0.9172420099,95324.4200000000,95300.0100000000,95711.4000000000,94961.7200000000,96935.7600000000,-0.0256105685,0.4051392344,0.4307498030,-0.3556052565,1.7018575474
BTCUSDT_lower5_all_h48,BTC all 48H,phase2_lower5_best,BTCUSDT,lower,5pct,long,all,-1.8987744291,12,48,2025-02-24 20:00,2025-02-25 00:00,2025-02-26 20:00,-2.6284610141,Q3_mid,0.9392595758,91523.3400000000,91628.7400000000,84136.5700000000,82404.7200000000,92531.0000000000,0.1150956207,-8.4152709780,-8.5303665987,-10.6102261099,0.9798745581
BTCUSDT_lower5_all_h48,BTC all 48H,phase2_lower5_best,BTCUSDT,lower,5pct,long,all,-1.8987744291,12,48,2025-02-25 04:00,2025-02-25 08:00,2025-02-27 04:00,-3.0412685884,Q3_mid,0.9797619491,89410.0100000000,89410.0200000000,86332.2700000000,82404.7200000000,89963.8800000000,0.0000111844,-3.5029188238,-3.5029300083,-8.1590039608,0.6175500005
BTCUSDT_lower5_all_h48,BTC all 48H,phase2_lower5_best,BTCUSDT,lower,5pct,long,all,-1.8987744291,12,48,2025-02-25 12:00,2025-02-25 16:00,2025-02-27 12:00,-2.1435431111,Q3_mid,1.0417798083,87320.1500000000,87434.8900000000,85654.2000000000,82404.7200000000,89481.1500000000,0.1313152588,-1.9262989154,-2.0576141742,-5.9251685259,2.3133586486
BTCUSDT_lower5_all_h48,BTC all 48H,phase2_lower5_best,BTCUSDT,lower,5pct,long,all,-1.8987744291,12,48,2025-02-26 16:00,2025-02-26 20:00,2025-02-28 16:00,-4.1946515012,Q4_higher,1.3954403833,83993.9100000000,84024.3200000000,84571.3700000000,78369.4000000000,87084.9900000000,0.0361984534,0.6851497046,0.6489512512,-6.9672735704,3.5778257604
BTCUSDT_lower5_all_h48,BTC all 48H,phase2_lower5_best,BTCUSDT,lower,5pct,long,all,-1.8987744291,12,48,2025-02-28 00:00,2025-02-28 04:00,2025-03-02 00:00,-5.4043065458,Q5_high,1.8865459676,80378.2700000000,80378.2600000000,85806.8500000000,78369.4000000000,86558.5100000000,-0.0000124412,6.5354974114,6.5355098526,-2.5310196566,7.4076859846
BTCUSDT_lower5_all_h48,BTC all 48H,phase2_lower5_best,BTCUSDT,lower,5pct,long,all,-1.8987744291,12,48,2025-03-03 12:00,2025-03-03 16:00,2025-03-05 12:00,-2.5973094992,Q5_high,1.9292018334,90280.4600000000,90279.2000000000,88522.8000000000,81583.3600000000,90911.0100000000,-0.0013956606,-1.9660901243,-1.9646944637,-10.1281770983,0.6974025371
BTCUSDT_lower5_all_h48,BTC all 48H,phase2_lower5_best,BTCUSDT,lower,5pct,long,all,-1.8987744291,12,48,2025-03-03 16:00,2025-03-03 20:00,2025-03-05 16:00,-5.2068221592,Q5_high,2.3154049149,85700.0000000000,85689.8100000000,89899.9600000000,81583.3600000000,90856.1300000000,-0.0118910220,4.7844670935,4.7963581155,-4.9108595777,5.8543351040
BTCUSDT_lower5_all_h48,BTC all 48H,phase2_lower5_best,BTCUSDT,lower,5pct,long,all,-1.8987744291,12,48,2025-03-04 00:00,2025-03-04 04:00,2025-03-06 00:00,-2.6464724365,Q5_high,2.2344034111,84039.0000000000,83972.5300000000,91613.3900000000,81583.3600000000,91914.2100000000,-0.0791255260,8.6296463226,8.7087718486,-2.8864401943,9.0365920451
BTCUSDT_lower5_all_h48,BTC all 48H,phase2_lower5_best,BTCUSDT,lower,5pct,long,all,-1.8987744291,12,48,2025-03-06 16:00,2025-03-06 20:00,2025-03-08 16:00,-2.5821959492,Q5_high,2.3652709050,88602.3100000000,88558.9600000000,86439.1800000000,84805.0500000000,91173.9600000000,-0.0489384625,-2.4716884261,-2.4227499636,-4.3313451969,2.9100785113
BTCUSDT_lower5_all_h48,BTC all 48H,phase2_lower5_best,BTCUSDT,lower,5pct,long,all,-1.8987744291,12,48,2025-03-07 00:00,2025-03-07 04:00,2025-03-09 00:00,-3.5429113349,Q5_high,2.1560149571,86858.4300000000,86829.0000000000,86175.2400000000,85368.9000000000,90987.1000000000,-0.0338884631,-0.7896654450,-0.7557769820,-1.6958801399,4.6777070977
BTCUSDT_lower5_all_h48,BTC all 48H,phase2_lower5_best,BTCUSDT,lower,5pct,long,all,-1.8987744291,12,48,2025-03-09 12:00,2025-03-09 16:00,2025-03-11 12:00,-2.4048130775,Q4_higher,1.2761181176,83102.7800000000,83212.6400000000,81262.9200000000,76666.0000000000,83985.5000000000,0.1321104393,-2.2388331019,-2.3709435412,-8.1940934800,0.9244905530
BTCUSDT_lower5_all_h48,BTC all 48H,phase2_lower5_best,BTCUSDT,lower,5pct,long,all,-1.8987744291,12,48,2025-03-09 20:00,2025-03-10 00:00,2025-03-11 20:00,-2.3098127728,Q4_higher,1.3379466853,80672.4700000000,80784.6400000000,82745.0700000000,76666.0000000000,83985.5000000000,0.1389471396,2.5367058393,2.3977586997,-5.2328523881,3.8857316449
BTCUSDT_lower5_all_h48,BTC all 48H,phase2_lower5_best,BTCUSDT,lower,5pct,long,all,-1.8987744291,12,48,2025-03-10 12:00,2025-03-10 16:00,2025-03-12 12:00,-4.3826350879,Q4_higher,1.3796961370,80072.4800000000,80133.8100000000,81750.2900000000,76666.0000000000,84360.9600000000,0.0765637891,2.0737132668,1.9971494777,-4.4239537829,5.1406872952
BTCUSDT_lower5_all_h48,BTC all 48H,phase2_lower5_best,BTCUSDT,lower,5pct,long,all,-1.8987744291,12,48,2025-03-13 12:00,2025-03-13 16:00,2025-03-15 12:00,-2.0515431054,Q5_high,1.5297889703,81299.9500000000,81288.8400000000,84416.9500000000,80000.0000000000,85248.4200000000,-0.0136663789,3.7622809275,3.7759473064,-1.5982103085,4.7560844509
BTCUSDT_lower5_all_h48,BTC all 48H,phase2_lower5_best,BTCUSDT,lower,5pct,long,all,-1.8987744291,12,48,2025-03-16 08:00,2025-03-16 12:00,2025-03-18 08:00,-1.9488270136,Q3_mid,1.0141338491,82601.0700000000,82491.2400000000,82550.0100000000,82113.0000000000,84963.7900000000,-0.1330528553,-0.0618342933,0.0712185620,-0.4595758478,2.9533059842
BTCUSDT_lower5_all_h48,BTC all 48H,phase2_lower5_best,BTCUSDT,lower,5pct,long,all,-1.8987744291,12,48,2025-04-02 20:00,2025-04-03 00:00,2025-04-04 20:00,-4.9670209287,Q5_high,1.4647472177,82632.0100000000,82532.0000000000,83927.9200000000,81287.9500000000,84683.7900000000,-0.1211038800,1.5561199508,1.6772238308,-1.5188307837,2.5738105073
BTCUSDT_lower5_all_h48,BTC all 48H,phase2_lower5_best,BTCUSDT,lower,5pct,long,all,-1.8987744291,12,48,2025-04-06 16:00,2025-04-06 20:00,2025-04-08 16:00,-3.6264774611,Q4_higher,1.1261234224,79612.5400000000,79612.5400000000,76766.5300000000,74557.3500000000,81188.0500000000,0.0000000000,-3.6402880261,-3.6402880261,-6.5602990231,1.9596450719
BTCUSDT_lower5_all_h48,BTC all 48H,phase2_lower5_best,BTCUSDT,lower,5pct,long,all,-1.8987744291,12,48,2025-04-07 04:00,2025-04-07 08:00,2025-04-09 04:00,-2.9786848001,Q4_higher,1.2260924015,75223.3000000000,75350.9100000000,77783.4800000000,74750.0000000000,81188.0500000000,0.1694978583,3.3468045915,3.1773067332,-0.8006789703,7.4612066876
BTCUSDT_lower5_all_h48,BTC all 48H,phase2_lower5_best,BTCUSDT,lower,5pct,long,all,-1.8987744291,12,48,2025-04-08 16:00,2025-04-08 20:00,2025-04-10 16:00,-2.2854080715,Q5_high,1.5877027651,76766.5300000000,76867.8500000000,79689.6500000000,74750.0000000000,83500.0000000000,0.1318975801,3.7370977511,3.6052001710,-2.7938501400,8.2758918186
BTCUSDT_lower5_all_h48,BTC all 48H,phase2_lower5_best,BTCUSDT,lower,5pct,long,all,-1.8987744291,12,48,2025-04-09 00:00,2025-04-09 04:00,2025-04-11 00:00,-1.9041957787,Q5_high,1.6033177496,75143.0000000000,75127.6000000000,80842.3200000000,75095.6900000000,83500.0000000000,-0.0204963580,7.3107625966,7.3312589546,-0.0424834265,10.5658630615
BTCUSDT_lower5_all_h48,BTC all 48H,phase2_lower5_best,BTCUSDT,lower,5pct,long,all,-1.8987744291,12,48,2025-04-09 08:00,2025-04-09 12:00,2025-04-11 08:00,-2.0458819880,Q5_high,1.8512152720,76208.2900000000,76116.5700000000,82130.4500000000,76079.6700000000,83500.0000000000,-0.1204268444,7.4838587430,7.6042855874,-0.0484900294,9.2580650875
BTCUSDT_lower5_all_h48,BTC all 48H,phase2_lower5_best,BTCUSDT,lower,5pct,long,all,-1.8987744291,12,48,2025-04-10 12:00,2025-04-10 16:00,2025-04-12 12:00,-4.0181813074,Q5_high,2.3269609648,78682.8800000000,78822.8700000000,85041.7900000000,78500.5700000000,85297.5700000000,0.1777586366,7.7717185914,7.5939599548,-0.4097297274,7.8942783219
BTCUSDT_lower5_all_h48,BTC all 48H,phase2_lower5_best,BTCUSDT,lower,5pct,long,all,-1.8987744291,12,48,2025-05-19 00:00,2025-05-19 04:00,2025-05-21 00:00,-2.7488592920,Q3_mid,1.0248057945,103566.2500000000,103673.8500000000,107006.5600000000,102089.4300000000,107014.0000000000,0.1038409166,3.2678636445,3.1640227279,-1.5400719859,3.1709753309
BTCUSDT_lower5_all_h48,BTC all 48H,phase2_lower5_best,BTCUSDT,lower,5pct,long,all,-1.8987744291,12,48,2025-06-05 16:00,2025-06-05 20:00,2025-06-07 16:00,-2.5120208625,Q2_lower,0.8007596624,101984.0900000000,101900.0200000000,105672.8700000000,100425.9500000000,105824.6000000000,-0.0824684226,3.5531369385,3.6356053611,-1.4571496503,3.7790870075
BTCUSDT_lower5_all_h48,BTC all 48H,phase2_lower5_best,BTCUSDT,lower,5pct,long,all,-1.8987744291,12,48,2025-06-22 12:00,2025-06-22 16:00,2025-06-24 12:00,-3.7247211144,Q3_mid,1.0101804018,99004.7800000000,98984.3900000000,105203.4300000000,98254.5200000000,105883.3100000000,-0.0205970863,6.0727772538,6.0933743400,-0.7400906154,6.7375477741
BTCUSDT_lower5_all_h48,BTC all 48H,phase2_lower5_best,BTCUSDT,lower,5pct,long,all,-1.8987744291,12,48,2025-07-15 00:00,2025-07-15 04:00,2025-07-17 00:00,-2.2101869955,Q3_mid,0.8520390219,117258.3100000000,117073.3300000000,118171.2000000000,115824.1300000000,120000.0000000000,-0.1578788408,0.7755141446,0.9333929854,-1.0727570665,2.4691252175
BTCUSDT_lower5_all_h48,BTC all 48H,phase2_lower5_best,BTCUSDT,lower,5pct,long,all,-1.8987744291,12,48,2025-07-25 00:00,2025-07-25 04:00,2025-07-27 00:00,-2.3878613375,Q2_lower,0.7105771097,115530.1300000000,115450.0000000000,118091.8000000000,114771.4200000000,118304.9700000000,-0.0693825943,2.1930926365,2.2624752308,-0.5895037613,2.4428246136
BTCUSDT_lower5_all_h48,BTC all 48H,phase2_lower5_best,BTCUSDT,lower,5pct,long,all,-1.8987744291,12,48,2025-08-14 12:00,2025-08-14 16:00,2025-08-16 12:00,-1.9445809257,Q2_lower,0.7943484249,118726.1600000000,118724.0900000000,117754.0700000000,116839.7600000000,119000.0000000000,-0.0017435231,-0.8221367810,-0.8203932579,-1.5998806208,0.2321263477
BTCUSDT_lower5_all_h48,BTC all 48H,phase2_lower5_best,BTCUSDT,lower,5pct,long,all,-1.8987744291,12,48,2025-10-10 20:00,2025-10-11 00:00,2025-10-12 20:00,-3.7371400892,Q4_higher,1.1264410708,113189.8800000000,113189.9700000000,115252.2100000000,109278.0000000000,115685.3500000000,0.0000795124,1.8056094918,1.8055299795,-3.5172463559,2.1806448009
BTCUSDT_lower5_all_h48,BTC all 48H,phase2_lower5_best,BTCUSDT,lower,5pct,long,all,-1.8987744291,12,48,2025-10-16 12:00,2025-10-16 16:00,2025-10-18 12:00,-2.2073266338,Q3_mid,0.9138624603,108806.1500000000,108805.2500000000,107102.5100000000,103800.0000000000,109250.3500000000,-0.0008271625,-1.5781445339,-1.5773173714,-4.7093616202,0.4082450698
BTCUSDT_lower5_all_h48,BTC all 48H,phase2_lower5_best,BTCUSDT,lower,5pct,long,all,-1.8987744291,12,48,2025-10-17 04:00,2025-10-17 08:00,2025-10-19 04:00,-3.2413856511,Q4_higher,1.1137655671,105623.0000000000,105623.0000000000,106915.3400000000,103800.0000000000,107486.5300000000,0.0000000000,1.2161155746,1.2161155746,-1.7410179855,1.7489386804
BTCUSDT_lower5_all_h48,BTC all 48H,phase2_lower5_best,BTCUSDT,lower,5pct,long,all,-1.8987744291,12,48,2025-10-21 20:00,2025-10-22 00:00,2025-10-23 20:00,-3.0865907937,Q4_higher,1.4027143081,108594.7100000000,108329.9500000000,110070.0900000000,106745.4000000000,111266.4600000000,-0.2441033043,1.3494649249,1.5935682292,-1.4735102559,2.6746202754
BTCUSDT_lower5_all_h48,BTC all 48H,phase2_lower5_best,BTCUSDT,lower,5pct,long,all,-1.8987744291,12,48,2025-10-30 12:00,2025-10-30 16:00,2025-11-01 12:00,-2.0522794657,Q2_lower,0.7052134158,107749.5900000000,107503.1600000000,110221.5700000000,106306.8300000000,111113.4600000000,-0.2289681388,2.2682688720,2.4972370108,-1.1190707084,3.3031598938
BTCUSDT_lower5_all_h48,BTC all 48H,phase2_lower5_best,BTCUSDT,lower,5pct,long,all,-1.8987744291,12,48,2025-11-03 00:00,2025-11-03 04:00,2025-11-05 00:00,-2.2441423417,Q2_lower,0.7628483335,108219.7100000000,107949.6600000000,102238.9000000000,99000.0000000000,108270.8000000000,-0.2498505135,-5.6851280912,-5.4352775777,-8.6545157215,0.2970488881
BTCUSDT_lower5_all_h48,BTC all 48H,phase2_lower5_best,BTCUSDT,lower,5pct,long,all,-1.8987744291,12,48,2025-11-03 12:00,2025-11-03 16:00,2025-11-05 12:00,-1.9438907967,Q2_lower,0.8069947353,105757.4100000000,105756.9500000000,103486.1800000000,99000.0000000000,107699.9000000000,-0.0004349586,-2.1709809174,-2.1705459587,-6.6023686672,1.8205118850
BTCUSDT_lower5_all_h48,BTC all 48H,phase2_lower5_best,BTCUSDT,lower,5pct,long,all,-1.8987744291,12,48,2025-11-04 04:00,2025-11-04 08:00,2025-11-06 04:00,-2.4154267170,Q3_mid,1.0332336461,104620.9900000000,104611.6100000000,103303.2100000000,99000.0000000000,104791.9600000000,-0.0089660980,-1.2675750533,-1.2586089552,-5.5134689601,0.1722511651
BTCUSDT_lower5_all_h48,BTC all 48H,phase2_lower5_best,BTCUSDT,lower,5pct,long,all,-1.8987744291,12,48,2025-11-04 16:00,2025-11-04 20:00,2025-11-06 16:00,-2.7785414459,Q4_higher,1.1694038660,100426.8700000000,100427.9000000000,101510.9100000000,99000.0000000000,104500.0000000000,0.0010256167,1.0736479457,1.0726223290,-1.4320206965,3.9747014305
BTCUSDT_lower5_all_h48,BTC all 48H,phase2_lower5_best,BTCUSDT,lower,5pct,long,all,-1.8987744291,12,48,2025-11-12 12:00,2025-11-12 16:00,2025-11-14 12:00,-2.5909829585,Q3_mid,1.0885671544,102349.8300000000,102348.0600000000,96681.0400000000,94647.0700000000,104022.2000000000,-0.0017293779,-5.6979338224,-5.6962044446,-7.8224436338,1.6224980540
BTCUSDT_lower5_all_h48,BTC all 48H,phase2_lower5_best,BTCUSDT,lower,5pct,long,all,-1.8987744291,12,48,2025-11-13 16:00,2025-11-13 20:00,2025-11-15 16:00,-2.4935360810,Q4_higher,1.1885408460,98768.4700000000,98929.3300000000,96156.8500000000,94106.2500000000,100546.9500000000,0.1627332580,-2.6797711920,-2.8425044500,-4.9981293758,1.6219025744
BTCUSDT_lower5_all_h48,BTC all 48H,phase2_lower5_best,BTCUSDT,lower,5pct,long,all,-1.8987744291,12,48,2025-11-17 16:00,2025-11-17 20:00,2025-11-19 16:00,-2.4153726760,Q3_mid,0.9400141405,91933.4600000000,91933.4100000000,88840.5100000000,88677.1200000000,93790.0000000000,-0.0000543872,-3.4222314833,-3.4221770961,-3.6062602727,1.9993729892
BTCUSDT_lower5_all_h48,BTC all 48H,phase2_lower5_best,BTCUSDT,lower,5pct,long,all,-1.8987744291,12,48,2025-11-20 12:00,2025-11-20 16:00,2025-11-22 12:00,-2.3151013699,Q4_higher,1.3075709030,89892.5300000000,89892.5300000000,84241.8000000000,80811.3800000000,90087.8100000000,0.0000000000,-6.4923610582,-6.4923610582,-10.6497048506,0.2170015643
BTCUSDT_lower5_all_h48,BTC all 48H,phase2_lower5_best,BTCUSDT,lower,5pct,long,all,-1.8987744291,12,48,2025-11-20 16:00,2025-11-20 20:00,2025-11-22 16:00,-3.4985758849,Q5_high,1.4885478171,86801.9500000000,87097.4800000000,84545.4400000000,80811.3800000000,88348.6900000000,0.3398864326,-2.6339945546,-2.9738809872,-7.4910153984,1.4263420087
BTCUSDT_lower5_all_h48,BTC all 48H,phase2_lower5_best,BTCUSDT,lower,5pct,long,all,-1.8987744291,12,48,2025-11-21 08:00,2025-11-21 12:00,2025-11-23 08:00,-2.1210642528,Q5_high,1.4879761623,82507.5600000000,82507.8600000000,86130.5700000000,80811.3800000000,86860.7400000000,0.0003636024,4.2974475176,4.2970839153,-2.0775764336,5.1412584997
BTCUSDT_lower5_all_h48,BTC all 48H,phase2_lower5_best,BTCUSDT,lower,5pct,long,all,-1.8987744291,12,48,2025-12-01 00:00,2025-12-01 04:00,2025-12-03 00:00,-4.6111050068,Q4_higher,1.1588245896,86507.5200000000,86505.5600000000,92659.9900000000,83876.6300000000,93024.1100000000,-0.0022657246,6.8705425492,6.8728082738,-3.0861660545,7.2650017538
BTCUSDT_lower5_all_h48,BTC all 48H,phase2_lower5_best,BTCUSDT,lower,5pct,long,all,-1.8987744291,12,48,2025-12-11 00:00,2025-12-11 04:00,2025-12-13 00:00,-2.3622923047,Q4_higher,1.1609942299,89800.2900000000,89800.0000000000,90448.5600000000,89339.1100000000,93496.9000000000,-0.0003229393,0.7193086615,0.7196316008,-0.5145621377,4.0343305357
BTCUSDT_lower5_all_h48,BTC all 48H,phase2_lower5_best,BTCUSDT,lower,5pct,long,all,-1.8987744291,12,48,2025-12-12 12:00,2025-12-12 16:00,2025-12-14 12:00,-2.9601590550,Q4_higher,1.3163267753,89744.4900000000,89746.8600000000,88942.4000000000,88784.9700000000,90681.4500000000,0.0026407958,-0.8977663524,-0.9004071482,-1.0775661768,1.0359775123
BTCUSDT_lower5_all_h48,BTC all 48H,phase2_lower5_best,BTCUSDT,lower,5pct,long,all,-1.8987744291,12,48,2025-12-15 12:00,2025-12-15 16:00,2025-12-17 12:00,-2.8299836090,Q3_mid,0.9621967514,87119.3200000000,87117.3100000000,87469.8500000000,85111.2600000000,90268.0500000000,-0.0023072072,0.4015489288,0.4038561360,-2.3296259447,3.5527976019
BTCUSDT_lower5_all_h48,BTC all 48H,phase2_lower5_best,BTCUSDT,lower,5pct,long,all,-1.8987744291,12,48,2025-12-18 16:00,2025-12-18 20:00,2025-12-20 16:00,-4.6143089080,Q4_higher,1.3958228314,84608.0200000000,84608.0100000000,88247.2400000000,84583.5700000000,89337.5200000000,-0.0000118192,4.2113359363,4.2113477556,-0.0288903268,5.4392613435
BTCUSDT_lower5_all_h48,BTC all 48H,phase2_lower5_best,BTCUSDT,lower,5pct,long,all,-1.8987744291,12,48,2025-12-22 16:00,2025-12-22 20:00,2025-12-24 16:00,-1.9785243014,Q1_low,0.5934347719,88000.0200000000,88121.8400000000,87569.6000000000,86499.4400000000,88900.5700000000,0.1383360583,-0.4903136002,-0.6286496584,-1.8582462405,0.8798151864
BTCUSDT_lower5_all_h48,BTC all 48H,phase2_lower5_best,BTCUSDT,lower,5pct,long,all,-1.8987744291,12,48,2025-12-29 08:00,2025-12-29 12:00,2025-12-31 08:00,-2.0529327269,Q3_mid,0.9044412362,87825.3600000000,87604.8800000000,88915.3800000000,86809.0600000000,89337.5200000000,-0.2513593051,1.2334833727,1.4848426778,-0.9125710054,1.9584852263
BTCUSDT_lower5_all_h48,BTC all 48H,phase2_lower5_best,BTCUSDT,lower,5pct,long,all,-1.8987744291,12,48,2026-01-25 16:00,2026-01-25 20:00,2026-01-27 16:00,-2.0822938707,Q1_low,0.6099127952,86584.6900000000,86529.6600000000,88424.7700000000,86094.0700000000,88988.0000000000,-0.0635764763,2.1029123913,2.1664888676,-0.5046709679,2.8014283843
BTCUSDT_lower5_all_h48,BTC all 48H,phase2_lower5_best,BTCUSDT,lower,5pct,long,all,-1.8987744291,12,48,2026-01-29 12:00,2026-01-29 16:00,2026-01-31 12:00,-3.3338509868,Q3_mid,0.9356869747,84885.5600000000,84770.7100000000,81317.8200000000,80845.6500000000,85648.0300000000,-0.1353914212,-4.2938815674,-4.1584901462,-4.7408300954,1.0296141732
BTCUSDT_lower5_all_h48,BTC all 48H,phase2_lower5_best,BTCUSDT,lower,5pct,long,all,-1.8987744291,12,48,2026-01-30 00:00,2026-01-30 04:00,2026-02-01 00:00,-2.3396257245,Q3_mid,1.0842551776,82726.0900000000,82737.5200000000,78901.1600000000,75700.6400000000,84587.9800000000,0.0138157266,-4.7339100009,-4.7477257275,-8.8886572340,2.2118988966
BTCUSDT_lower5_all_h48,BTC all 48H,phase2_lower5_best,BTCUSDT,lower,5pct,long,all,-1.8987744291,12,48,2026-01-31 12:00,2026-01-31 16:00,2026-02-02 12:00,-1.9343099481,Q4_higher,1.1561087573,81317.8200000000,81315.4900000000,78916.7700000000,74619.8300000000,82193.3000000000,-0.0028653417,-2.9971427932,-2.9942774515,-8.5930237730,1.0737262914
BTCUSDT_lower5_all_h48,BTC all 48H,phase2_lower5_best,BTCUSDT,lower,5pct,long,all,-1.8987744291,12,48,2026-01-31 16:00,2026-01-31 20:00,2026-02-02 16:00,-4.4149459244,Q4_higher,1.4014080417,77805.7800000000,77745.0900000000,78353.7000000000,74619.8300000000,79392.0000000000,-0.0780323544,0.7017470198,0.7797793742,-4.1029108359,2.0962209570
BTCUSDT_lower5_all_h48,BTC all 48H,phase2_lower5_best,BTCUSDT,lower,5pct,long,all,-1.8987744291,12,48,2026-02-03 16:00,2026-02-03 20:00,2026-02-05 16:00,-4.0158639949,Q5_high,1.5532184607,75051.4300000000,75144.5000000000,65297.1000000000,65222.4000000000,76952.6500000000,0.1239314699,-13.9225986979,-14.0465301679,-14.1609958349,2.3777371077
BTCUSDT_lower5_all_h48,BTC all 48H,phase2_lower5_best,BTCUSDT,lower,5pct,long,all,-1.8987744291,12,48,2026-02-04 12:00,2026-02-04 16:00,2026-02-06 12:00,-2.5050805466,Q4_higher,1.3236038095,74157.1400000000,74182.4300000000,68618.7100000000,60075.4900000000,74258.2100000000,0.0340974431,-7.7621117180,-7.7962091611,-21.0925391620,0.1021014280
BTCUSDT_lower5_all_h48,BTC all 48H,phase2_lower5_best,BTCUSDT,lower,5pct,long,all,-1.8987744291,12,48,2026-02-05 00:00,2026-02-05 04:00,2026-02-07 00:00,-2.6640718274,Q4_higher,1.3991852275,71237.3600000000,71256.5000000000,70926.6700000000,60075.4900000000,71955.8700000000,0.0268643156,-0.4370873485,-0.4639516641,-17.0684104998,0.9766971381
BTCUSDT_lower5_all_h48,BTC all 48H,phase2_lower5_best,BTCUSDT,lower,5pct,long,all,-1.8987744291,12,48,2026-02-05 12:00,2026-02-05 16:00,2026-02-07 12:00,-4.1444048802,Q5_high,1.6062372638,67495.9400000000,67444.1000000000,69123.8000000000,60075.4900000000,71904.0000000000,-0.0768341295,2.3831651915,2.4599993210,-11.5697168566,6.4032789377
BTCUSDT_lower5_all_h48,BTC all 48H,phase2_lower5_best,BTCUSDT,lower,5pct,long,all,-1.8987744291,12,48,2026-02-05 16:00,2026-02-05 20:00,2026-02-07 16:00,-3.3119823039,Q5_high,1.6414906557,65297.1000000000,65312.6500000000,69342.7300000000,60075.4900000000,71904.0000000000,0.0238113924,6.0113685813,5.9875571889,-8.3583800747,9.6146157196
BTCUSDT_lower5_all_h48,BTC all 48H,phase2_lower5_best,BTCUSDT,lower,5pct,long,all,-1.8987744291,12,48,2026-02-05 20:00,2026-02-06 00:00,2026-02-07 20:00,-3.9723869712,Q5_high,1.6801173399,62754.0900000000,63049.1000000000,69310.3800000000,60075.4900000000,71904.0000000000,0.4690032753,9.9370923359,9.4680890606,-4.8311849863,13.1418108079
BTCUSDT_lower5_all_h48,BTC all 48H,phase2_lower5_best,BTCUSDT,lower,5pct,long,all,-1.8987744291,12,48,2026-02-07 04:00,2026-02-07 08:00,2026-02-09 04:00,-3.9930526026,Q5_high,2.3411690472,68150.3300000000,68040.2700000000,70481.3800000000,67698.1300000000,72250.8700000000,-0.1616264617,3.3632561068,3.5248825685,-0.5041178098,6.0044632669
BTCUSDT_lower5_all_h48,BTC all 48H,phase2_lower5_best,BTCUSDT,lower,5pct,long,all,-1.8987744291,12,48,2026-02-09 08:00,2026-02-09 12:00,2026-02-11 08:00,-2.2985459764,Q5_high,1.7531766317,68879.8100000000,68904.5200000000,67054.4100000000,66396.6600000000,71081.7700000000,0.0358676495,-2.6858722318,-2.7217398813,-3.7075024178,3.1109126306
BTCUSDT_lower5_all_h48,BTC all 48H,phase2_lower5_best,BTCUSDT,lower,5pct,long,all,-1.8987744291,12,48,2026-02-12 16:00,2026-02-12 20:00,2026-02-14 16:00,-1.9823915585,Q4_higher,1.1238904153,65781.5800000000,65755.3900000000,69840.4800000000,65204.5400000000,70543.9500000000,-0.0398215047,5.9873924429,6.0272139476,-0.8412546474,7.0294274954
BTCUSDT_lower5_all_h48,BTC all 48H,phase2_lower5_best,BTCUSDT,lower,5pct,long,all,-1.8987744291,12,48,2026-02-18 16:00,2026-02-18 20:00,2026-02-20 16:00,-2.2368107448,Q3_mid,0.9712998675,66187.4500000000,66187.4500000000,67633.9200000000,65649.9900000000,68300.0000000000,0.0000000000,2.1618764418,2.1618764418,-0.8153419506,3.1418898645
BTCUSDT_lower5_all_h48,BTC all 48H,phase2_lower5_best,BTCUSDT,lower,5pct,long,all,-1.8987744291,12,48,2026-02-23 00:00,2026-02-23 04:00,2026-02-25 00:00,-4.0531781873,Q3_mid,1.0364997361,64950.7700000000,64963.4400000000,65389.5900000000,62550.7900000000,66593.6700000000,0.0195051797,0.6733473162,0.6538421365,-3.7845783387,2.4784877868
BTCUSDT_lower5_all_h48,BTC all 48H,phase2_lower5_best,BTCUSDT,lower,5pct,long,all,-1.8987744291,12,48,2026-02-23 16:00,2026-02-23 20:00,2026-02-25 16:00,-2.1918079115,Q4_higher,1.1806124046,64289.1300000000,64278.7300000000,69040.2400000000,62550.7900000000,69545.3100000000,-0.0161782268,7.1298957384,7.1460739652,-2.7249916633,7.8749699232
BTCUSDT_lower5_all_h48,BTC all 48H,phase2_lower5_best,BTCUSDT,lower,5pct,long,all,-1.8987744291,12,48,2026-02-27 08:00,2026-02-27 12:00,2026-03-01 08:00,-2.2803639255,Q4_higher,1.2938535326,66125.6600000000,66115.9700000000,66478.9600000000,63047.8300000000,68200.0000000000,-0.0146549918,0.5328635397,0.5475185315,-4.7516676618,3.1034243542
BTCUSDT_lower5_all_h48,BTC all 48H,phase2_lower5_best,BTCUSDT,lower,5pct,long,all,-1.8987744291,12,48,2026-02-28 04:00,2026-02-28 08:00,2026-03-02 04:00,-3.0443701864,Q4_higher,1.4550492072,63841.8600000000,63812.2800000000,65982.5000000000,63383.8600000000,68200.0000000000,-0.0463439737,3.2980467297,3.3443907034,-0.6736393417,6.6498916531
BTCUSDT_lower5_all_h48,BTC all 48H,phase2_lower5_best,BTCUSDT,lower,5pct,long,all,-1.8987744291,12,48,2026-03-06 12:00,2026-03-06 16:00,2026-03-08 12:00,-2.4819991915,Q5_high,1.5235013406,68506.2000000000,68517.1100000000,67194.4200000000,66581.6700000000,68779.8000000000,0.0159242979,-1.9334043754,-1.9493286733,-2.8654180660,0.3826602078
BTCUSDT_lower5_all_h48,BTC all 48H,phase2_lower5_best,BTCUSDT,lower,5pct,long,all,-1.8987744291,12,48,2026-03-08 20:00,2026-03-09 00:00,2026-03-10 20:00,-1.9755430034,Q2_lower,0.7892851521,66007.3800000000,65992.9800000000,69937.1500000000,65889.0800000000,71774.1800000000,-0.0218181224,5.7830427634,5.8048608858,-0.1575650570,8.3976428618
BTCUSDT_lower5_all_h48,BTC all 48H,phase2_lower5_best,BTCUSDT,lower,5pct,long,all,-1.8987744291,12,48,2026-03-18 12:00,2026-03-18 16:00,2026-03-20 12:00,-1.9543391380,Q3_mid,0.9201109736,71494.6100000000,71442.9500000000,69880.1800000000,68791.9500000000,71979.1400000000,-0.0722833134,-2.2840001136,-2.2117168002,-3.7812496829,0.7477125707
BTCUSDT_lower5_all_h48,BTC all 48H,phase2_lower5_best,BTCUSDT,lower,5pct,long,all,-1.8987744291,12,48,2026-03-21 20:00,2026-03-22 00:00,2026-03-23 20:00,-2.3585699609,Q2_lower,0.8007381503,68747.4700000000,68803.7600000000,70910.8400000000,67377.0500000000,71791.2600000000,0.0818458739,3.0983377378,3.0164918639,-2.0953939126,4.2504347017
BTCUSDT_lower5_all_h48,BTC all 48H,phase2_lower5_best,BTCUSDT,lower,5pct,long,all,-1.8987744291,12,48,2026-03-27 08:00,2026-03-27 12:00,2026-03-29 08:00,-2.5895931853,Q3_mid,1.0419344160,66720.3000000000,66730.0000000000,66852.6900000000,65575.5300000000,67270.0600000000,0.0145372472,0.1982287637,0.1836915165,-1.7452018847,0.8060637050
BTCUSDT_lower5_all_h48,BTC all 48H,phase2_lower5_best,BTCUSDT,lower,5pct,long,all,-1.8987744291,12,48,2026-04-02 00:00,2026-04-02 04:00,2026-04-04 00:00,-2.2523225829,Q3_mid,1.0334703985,66590.0200000000,66563.7500000000,66827.2600000000,65722.8300000000,67395.1900000000,-0.0394581398,0.3556364663,0.3950946061,-1.2713781355,1.2413515316
BTCUSDT_lower5_all_h48,BTC all 48H,phase2_lower5_best,BTCUSDT,lower,5pct,long,all,-1.8987744291,12,48,2026-04-12 00:00,2026-04-12 04:00,2026-04-14 00:00,-1.9355033179,Q2_lower,0.7428738109,71651.7500000000,71602.5200000000,74448.8800000000,70534.2100000000,74892.0000000000,-0.0687309383,3.8295137103,3.8982446485,-1.5032428528,4.4916806862
BTCUSDT_lower5_all_h48,BTC all 48H,phase2_lower5_best,BTCUSDT,lower,5pct,long,all,-1.8987744291,12,48,2026-04-29 12:00,2026-04-29 16:00,2026-05-01 12:00,-2.2078181481,Q3_mid,0.8488321908,75907.6400000000,75926.0200000000,78469.0000000000,74916.1600000000,78920.7000000000,0.0242107054,3.3186304237,3.2944197183,-1.3389823561,3.8684105705
BTCUSDT_lower5_all_h48,BTC all 48H,phase2_lower5_best,BTCUSDT,lower,5pct,long,all,-1.8987744291,12,48,2026-05-13 12:00,2026-05-13 16:00,2026-05-15 12:00,-2.1193683051,Q2_lower,0.7976852935,78834.3000000000,78843.1900000000,79202.3200000000,78670.4000000000,82030.3300000000,0.0112761815,0.4657409975,0.4544648160,-0.2193970302,3.9628113764
ETHUSDT_lower5_all_h24,ETH all 24H,phase2_lower5_best,ETHUSDT,lower,5pct,long,all,-2.5346979200,6,24,2020-08-19 16:00,2020-08-19 20:00,2020-08-20 16:00,-3.3742448110,Q4_higher,1.5067187923,396.0000000000,395.8900000000,414.2300000000,393.2500000000,417.9900000000,-0.0277816365,4.5007163863,4.5284980228,-0.6690852951,5.4321113904
ETHUSDT_lower5_all_h24,ETH all 24H,phase2_lower5_best,ETHUSDT,lower,5pct,long,all,-2.5346979200,6,24,2020-09-02 08:00,2020-09-02 12:00,2020-09-03 08:00,-5.5226663773,Q5_high,2.1051458365,441.8800000000,441.8500000000,422.6500000000,421.0000000000,450.7000000000,-0.0067894040,-4.4493938629,-4.4426044589,-4.8337624282,1.9831471733
ETHUSDT_lower5_all_h24,ETH all 24H,phase2_lower5_best,ETHUSDT,lower,5pct,long,all,-2.5346979200,6,24,2020-09-03 08:00,2020-09-03 12:00,2020-09-04 08:00,-3.3137033788,Q5_high,2.2417774143,422.6500000000,422.6800000000,394.6300000000,372.0000000000,425.6500000000,0.0070978198,-6.8595796320,-6.8666774518,-12.7721537300,0.7002020757
ETHUSDT_lower5_all_h24,ETH all 24H,phase2_lower5_best,ETHUSDT,lower,5pct,long,all,-2.5346979200,6,24,2020-09-03 12:00,2020-09-03 16:00,2020-09-04 12:00,-4.6021021779,Q5_high,2.4585955659,403.6400000000,403.5600000000,384.3400000000,357.0000000000,407.7200000000,-0.0198216056,-4.8995814092,-4.8797598036,-12.2589393761,1.0255488760
ETHUSDT_lower5_all_h24,ETH all 24H,phase2_lower5_best,ETHUSDT,lower,5pct,long,all,-2.5346979200,6,24,2020-09-03 20:00,2020-09-04 00:00,2020-09-04 20:00,-5.1284117628,Q5_high,2.5809145932,381.4000000000,381.3500000000,385.2600000000,357.0000000000,400.2100000000,-0.0131104556,1.0069737868,1.0200842424,-6.5981806831,4.8271820733
ETHUSDT_lower5_all_h24,ETH all 24H,phase2_lower5_best,ETHUSDT,lower,5pct,long,all,-2.5346979200,6,24,2020-09-04 12:00,2020-09-04 16:00,2020-09-05 12:00,-2.6421039550,Q5_high,2.3531293637,384.3400000000,384.3400000000,357.3100000000,335.0100000000,395.0000000000,0.0000000000,-7.2923825181,-7.2923825181,-13.7367195378,2.7358187397
ETHUSDT_lower5_all_h24,ETH all 24H,phase2_lower5_best,ETHUSDT,lower,5pct,long,all,-2.5346979200,6,24,2020-09-05 08:00,2020-09-05 12:00,2020-09-06 08:00,-6.6816408475,Q5_high,2.5676077896,356.0100000000,356.0500000000,354.6000000000,308.4200000000,360.6500000000,0.0112350083,-0.3968426705,-0.4080776788,-14.3608679999,1.2836788522
ETHUSDT_lower5_all_h24,ETH all 24H,phase2_lower5_best,ETHUSDT,lower,5pct,long,all,-2.5346979200,6,24,2020-09-05 16:00,2020-09-05 20:00,2020-09-06 16:00,-9.9992137046,Q5_high,3.1139384954,323.3100000000,323.3100000000,353.4500000000,316.1000000000,358.5000000000,0.0000000000,8.9130417340,8.9130417340,-2.2552996055,10.3317044763
ETHUSDT_lower5_all_h24,ETH all 24H,phase2_lower5_best,ETHUSDT,lower,5pct,long,all,-2.5346979200,6,24,2020-09-06 12:00,2020-09-06 16:00,2020-09-07 12:00,-2.8925331184,Q5_high,3.6504970360,344.4900000000,344.4900000000,346.1900000000,323.0000000000,360.0000000000,0.0000000000,0.4922694831,0.4922694831,-6.4412739234,4.4038968994
ETHUSDT_lower5_all_h24,ETH all 24H,phase2_lower5_best,ETHUSDT,lower,5pct,long,all,-2.5346979200,6,24,2020-09-08 08:00,2020-09-08 12:00,2020-09-09 08:00,-3.8123086545,Q5_high,3.5516616025,333.7700000000,333.7500000000,347.5600000000,325.3800000000,350.0000000000,-0.0059923298,4.0485178958,4.0545102257,-2.5398479633,4.7540944769
ETHUSDT_lower5_all_h24,ETH all 24H,phase2_lower5_best,ETHUSDT,lower,5pct,long,all,-2.5346979200,6,24,2020-09-11 00:00,2020-09-11 04:00,2020-09-12 00:00,-3.0016874689,Q5_high,2.2337389723,357.0500000000,357.0300000000,369.2600000000,355.4900000000,375.2700000000,-0.0056016133,3.3625174972,3.3681191105,-0.4322692410,4.9825955032
ETHUSDT_lower5_all_h24,ETH all 24H,phase2_lower5_best,ETHUSDT,lower,5pct,long,all,-2.5346979200,6,24,2020-09-13 08:00,2020-09-13 12:00,2020-09-14 08:00,-4.0145512566,Q4_higher,1.7339719039,372.0500000000,372.0500000000,369.0000000000,350.0000000000,373.0000000000,0.0000000000,-0.8231609803,-0.8231609803,-6.1095099360,0.2550165801
ETHUSDT_lower5_all_h24,ETH all 24H,phase2_lower5_best,ETHUSDT,lower,5pct,long,all,-2.5346979200,6,24,2020-09-13 12:00,2020-09-13 16:00,2020-09-14 12:00,-3.0843056189,Q4_higher,1.8294905872,360.7500000000,360.7600000000,383.1100000000,350.0000000000,384.0000000000,0.0027719644,6.0136956557,6.0109236914,-3.0279762814,6.2429635290
ETHUSDT_lower5_all_h24,ETH all 24H,phase2_lower5_best,ETHUSDT,lower,5pct,long,all,-2.5346979200,6,24,2020-09-15 12:00,2020-09-15 16:00,2020-09-16 12:00,-2.8390949895,Q4_higher,1.8772636030,366.0000000000,366.0000000000,370.5100000000,355.0000000000,370.9600000000,0.0000000000,1.2247101524,1.2247101524,-3.0515543926,1.3460906682
ETHUSDT_lower5_all_h24,ETH all 24H,phase2_lower5_best,ETHUSDT,lower,5pct,long,all,-2.5346979200,6,24,2020-09-21 08:00,2020-09-21 12:00,2020-09-22 08:00,-4.7885981147,Q3_mid,1.4390188903,352.4900000000,352.4800000000,339.5800000000,331.0000000000,352.4800000000,-0.0028370002,-3.7312693168,-3.7284323166,-6.2875507677,0.0000000000
ETHUSDT_lower5_all_h24,ETH all 24H,phase2_lower5_best,ETHUSDT,lower,5pct,long,all,-2.5346979200,6,24,2020-09-21 12:00,2020-09-21 16:00,2020-09-22 12:00,-3.5429785874,Q4_higher,1.5933517194,340.2200000000,340.2100000000,341.2300000000,335.3400000000,350.0000000000,-0.0029393178,0.2964269542,0.2993662719,-1.4418131494,2.8370080480
ETHUSDT_lower5_all_h24,ETH all 24H,phase2_lower5_best,ETHUSDT,lower,5pct,long,all,-2.5346979200,6,24,2020-09-23 16:00,2020-09-23 20:00,2020-09-24 16:00,-3.2544675194,Q4_higher,1.7686678754,327.6900000000,327.6900000000,345.9900000000,313.2900000000,349.4800000000,0.0000000000,5.4341833382,5.4341833382,-4.4938760364,6.4378295906
ETHUSDT_lower5_all_h24,ETH all 24H,phase2_lower5_best,ETHUSDT,lower,5pct,long,all,-2.5346979200,6,24,2020-09-28 20:00,2020-09-29 00:00,2020-09-29 20:00,-2.5742200909,Q3_mid,1.1630195913,353.9600000000,353.9100000000,359.7900000000,350.4500000000,360.6300000000,-0.0141268877,1.6336615513,1.6477884390,-0.9824600576,1.8809858462
ETHUSDT_lower5_all_h24,ETH all 24H,phase2_lower5_best,ETHUSDT,lower,5pct,long,all,-2.5346979200,6,24,2020-10-02 04:00,2020-10-02 08:00,2020-10-03 04:00,-3.1811713251,Q3_mid,1.2242283379,342.1700000000,342.2000000000,346.1400000000,334.2400000000,349.2000000000,0.0087671873,1.1535627912,1.1447956039,-2.3536063650,2.0249462507
ETHUSDT_lower5_all_h24,ETH all 24H,phase2_lower5_best,ETHUSDT,lower,5pct,long,all,-2.5346979200,6,24,2020-10-06 16:00,2020-10-06 20:00,2020-10-07 16:00,-3.1691775019,Q2_lower,1.0589382763,340.3800000000,340.3600000000,340.9600000000,332.1800000000,342.8500000000,-0.0058759585,0.1702527784,0.1761287369,-2.4326890311,0.7289152749
ETHUSDT_lower5_all_h24,ETH all 24H,phase2_lower5_best,ETHUSDT,lower,5pct,long,all,-2.5346979200,6,24,2020-10-26 12:00,2020-10-26 16:00,2020-10-27 12:00,-2.8747973313,Q2_lower,0.9252633284,393.6200000000,393.6200000000,405.9600000000,382.3000000000,406.7900000000,0.0000000000,3.0868655685,3.0868655685,-2.9180336193,3.2911104873
ETHUSDT_lower5_all_h24,ETH all 24H,phase2_lower5_best,ETHUSDT,lower,5pct,long,all,-2.5346979200,6,24,2020-10-28 08:00,2020-10-28 12:00,2020-10-29 08:00,-2.5697072248,Q3_mid,1.2085831467,386.8600000000,386.8100000000,383.0700000000,380.5200000000,392.2700000000,-0.0129254075,-0.9845130369,-0.9715876294,-1.6394878061,1.4016761805
ETHUSDT_lower5_all_h24,ETH all 24H,phase2_lower5_best,ETHUSDT,lower,5pct,long,all,-2.5346979200,6,24,2020-11-02 08:00,2020-11-02 12:00,2020-11-03 08:00,-3.8657829975,Q3_mid,1.2080733349,384.1200000000,384.0600000000,379.6100000000,370.2300000000,388.6300000000,-0.0156213388,-1.1810593861,-1.1654380474,-3.6674356249,1.1828943787
ETHUSDT_lower5_all_h24,ETH all 24H,phase2_lower5_best,ETHUSDT,lower,5pct,long,all,-2.5346979200,6,24,2020-11-07 12:00,2020-11-07 16:00,2020-11-08 12:00,-3.2488717592,Q4_higher,1.7743714401,447.8800000000,447.8800000000,454.1100000000,424.1400000000,456.7700000000,0.0000000000,1.3814120051,1.3814120051,-5.4461749981,1.9654642537
ETHUSDT_lower5_all_h24,ETH all 24H,phase2_lower5_best,ETHUSDT,lower,5pct,long,all,-2.5346979200,6,24,2020-11-07 16:00,2020-11-07 20:00,2020-11-08 16:00,-3.8301246736,Q5_high,2.0598476739,431.0500000000,431.0400000000,452.1100000000,426.0000000000,460.1000000000,-0.0023199434,4.7701420400,4.7724619834,-1.1761546953,6.5242963939
ETHUSDT_lower5_all_h24,ETH all 24H,phase2_lower5_best,ETHUSDT,lower,5pct,long,all,-2.5346979200,6,24,2020-11-09 12:00,2020-11-09 16:00,2020-11-10 12:00,-4.5858296085,Q5_high,2.1773321464,437.7100000000,437.7100000000,443.1200000000,433.0900000000,455.0000000000,0.0000000000,1.2284023090,1.2284023090,-1.0611032036,3.8740828316
ETHUSDT_lower5_all_h24,ETH all 24H,phase2_lower5_best,ETHUSDT,lower,5pct,long,all,-2.5346979200,6,24,2020-11-22 08:00,2020-11-22 12:00,2020-11-23 08:00,-3.6274769058,Q4_higher,1.8515181822,523.0000000000,523.0100000000,590.9000000000,519.8200000000,597.5300000000,0.0019120276,12.2065334287,12.2046214011,-0.6117986537,13.3203907409
ETHUSDT_lower5_all_h24,ETH all 24H,phase2_lower5_best,ETHUSDT,lower,5pct,long,all,-2.5346979200,6,24,2020-11-25 00:00,2020-11-25 04:00,2020-11-26 00:00,-3.4011566032,Q5_high,2.3416553894,584.7400000000,584.6100000000,532.0600000000,505.0000000000,604.6300000000,-0.0222345749,-9.4411039056,-9.4188693307,-14.6386528969,3.3671742453
ETHUSDT_lower5_all_h24,ETH all 24H,phase2_lower5_best,ETHUSDT,lower,5pct,long,all,-2.5346979200,6,24,2020-11-25 20:00,2020-11-26 00:00,2020-11-26 20:00,-2.8407411277,Q5_high,2.2542006743,569.5000000000,569.3800000000,519.8300000000,481.0000000000,577.1400000000,-0.0210733353,-9.1256947840,-9.1046214487,-16.8680779429,1.3536821858
ETHUSDT_lower5_all_h24,ETH all 24H,phase2_lower5_best,ETHUSDT,lower,5pct,long,all,-2.5346979200,6,24,2020-11-26 00:00,2020-11-26 04:00,2020-11-27 00:00,-6.8002517950,Q5_high,2.2162811312,532.0600000000,532.0600000000,519.3500000000,481.0000000000,536.8800000000,0.0000000000,-2.4178235263,-2.4178235263,-10.0888994831,0.9018340913
ETHUSDT_lower5_all_h24,ETH all 24H,phase2_lower5_best,ETHUSDT,lower,5pct,long,all,-2.5346979200,6,24,2020-11-26 04:00,2020-11-26 08:00,2020-11-27 04:00,-3.0630119798,Q5_high,2.2576513158,516.0100000000,515.8800000000,517.4800000000,481.0000000000,530.6200000000,-0.0251964843,0.2844731911,0.3096696754,-7.0006910190,2.8171953875
ETHUSDT_lower5_all_h24,ETH all 24H,phase2_lower5_best,ETHUSDT,lower,5pct,long,all,-2.5346979200,6,24,2020-12-04 08:00,2020-12-04 12:00,2020-12-05 08:00,-3.1451934849,Q4_higher,1.4855548537,585.5700000000,585.2900000000,589.4600000000,560.8800000000,597.1100000000,-0.0478280931,0.6621131735,0.7099412666,-4.2600471997,1.9993900130
ETHUSDT_lower5_all_h24,ETH all 24H,phase2_lower5_best,ETHUSDT,lower,5pct,long,all,-2.5346979200,6,24,2020-12-04 20:00,2020-12-05 00:00,2020-12-05 20:00,-4.0745833380,Q4_higher,1.6571313997,567.2400000000,567.2400000000,596.8000000000,560.8800000000,597.1100000000,0.0000000000,5.0799554296,5.0799554296,-1.1275515694,5.1318856433
ETHUSDT_lower5_all_h24,ETH all 24H,phase2_lower5_best,ETHUSDT,lower,5pct,long,all,-2.5346979200,6,24,2020-12-08 20:00,2020-12-09 00:00,2020-12-09 20:00,-2.8669305127,Q2_lower,1.1078996944,554.9400000000,554.9200000000,573.0900000000,530.4300000000,578.0800000000,-0.0036040582,3.2182772649,3.2218813231,-4.5135960854,4.0888308187
ETHUSDT_lower5_all_h24,ETH all 24H,phase2_lower5_best,ETHUSDT,lower,5pct,long,all,-2.5346979200,6,24,2020-12-17 16:00,2020-12-17 20:00,2020-12-18 16:00,-2.6161803933,Q4_higher,1.4673273029,648.1300000000,648.0900000000,644.6800000000,626.2200000000,664.6100000000,-0.0061717918,-0.5337223861,-0.5275505942,-3.4327828537,2.5170826855
ETHUSDT_lower5_all_h24,ETH all 24H,phase2_lower5_best,ETHUSDT,lower,5pct,long,all,-2.5346979200,6,24,2020-12-21 08:00,2020-12-21 12:00,2020-12-22 08:00,-6.3916047341,Q4_higher,1.7797851931,606.6400000000,606.6400000000,611.6300000000,588.0000000000,618.5000000000,0.0000000000,0.8191990127,0.8191990127,-3.1208586494,1.9361657440
ETHUSDT_lower5_all_h24,ETH all 24H,phase2_lower5_best,ETHUSDT,lower,5pct,long,all,-2.5346979200,6,24,2020-12-23 20:00,2020-12-24 00:00,2020-12-24 20:00,-4.1381985247,Q5_high,2.1792452941,585.5600000000,585.4800000000,612.3100000000,565.4300000000,615.0200000000,-0.0136630687,4.4670035911,4.4806666598,-3.4845519983,4.9222763987
ETHUSDT_lower5_all_h24,ETH all 24H,phase2_lower5_best,ETHUSDT,lower,5pct,long,all,-2.5346979200,6,24,2020-12-25 12:00,2020-12-25 16:00,2020-12-26 12:00,-2.5939537659,Q5_high,1.9967453655,613.4200000000,613.4200000000,628.5100000000,607.7800000000,637.0000000000,0.0000000000,2.4302082502,2.4302082502,-0.9236881920,3.7719799272
ETHUSDT_lower5_all_h24,ETH all 24H,phase2_lower5_best,ETHUSDT,lower,5pct,long,all,-2.5346979200,6,24,2020-12-27 20:00,2020-12-28 00:00,2020-12-28 20:00,-2.9894175090,Q5_high,2.5423253745,685.1100000000,685.1000000000,730.4100000000,681.0400000000,748.0900000000,-0.0014596303,6.4026611004,6.4041207306,-0.5943771433,8.7958478583
ETHUSDT_lower5_all_h24,ETH all 24H,phase2_lower5_best,ETHUSDT,lower,5pct,long,all,-2.5346979200,6,24,2020-12-29 00:00,2020-12-29 04:00,2020-12-30 00:00,-4.2525685272,Q5_high,2.8086436703,700.0000000000,700.0000000000,734.2200000000,689.2000000000,747.5000000000,0.0000000000,4.7728376182,4.7728376182,-1.5548830390,6.5653970221
ETHUSDT_lower5_all_h24,ETH all 24H,phase2_lower5_best,ETHUSDT,lower,5pct,long,all,-2.5346979200,6,24,2021-01-04 08:00,2021-01-04 12:00,2021-01-05 08:00,-6.6829736436,Q5_high,3.4938477693,976.8000000000,976.9700000000,1042.2100000000,956.1200000000,1134.6000000000,0.0174022531,6.4816814720,6.4642792189,-2.1572517141,14.9579499565
ETHUSDT_lower5_all_h24,ETH all 24H,phase2_lower5_best,ETHUSDT,lower,5pct,long,all,-2.5346979200,6,24,2021-01-05 00:00,2021-01-05 04:00,2021-01-06 00:00,-3.8836315692,Q5_high,3.7547172964,1001.7600000000,1001.7500000000,1075.4900000000,974.4500000000,1120.0000000000,-0.0009982481,7.1017918667,7.1027901147,-2.7630540248,11.1580214773
ETHUSDT_lower5_all_h24,ETH all 24H,phase2_lower5_best,ETHUSDT,lower,5pct,long,all,-2.5346979200,6,24,2021-01-08 00:00,2021-01-08 04:00,2021-01-09 00:00,-6.2985820800,Q5_high,2.8513916643,1150.1000000000,1150.1000000000,1226.5300000000,1125.4100000000,1273.7500000000,0.0000000000,6.4340149146,6.4340149146,-2.1701481409,10.2116410438
ETHUSDT_lower5_all_h24,ETH all 24H,phase2_lower5_best,ETHUSDT,lower,5pct,long,all,-2.5346979200,6,24,2021-01-08 12:00,2021-01-08 16:00,2021-01-09 12:00,-3.1278336555,Q5_high,3.0300643912,1216.7700000000,1216.9300000000,1219.9500000000,1135.5100000000,1242.1800000000,0.0131487036,0.2610067472,0.2478580436,-6.9249404645,2.0536606683
ETHUSDT_lower5_all_h24,ETH all 24H,phase2_lower5_best,ETHUSDT,lower,5pct,long,all,-2.5346979200,6,24,2021-01-08 16:00,2021-01-08 20:00,2021-01-09 16:00,-2.6668024961,Q5_high,3.0569504305,1184.7500000000,1184.7500000000,1229.4200000000,1135.5100000000,1237.0000000000,0.0000000000,3.7010731591,3.7010731591,-4.2449892648,4.3157311545
ETHUSDT_lower5_all_h24,ETH all 24H,phase2_lower5_best,ETHUSDT,lower,5pct,long,all,-2.5346979200,6,24,2021-01-10 08:00,2021-01-10 12:00,2021-01-11 08:00,-6.5630810783,Q5_high,3.3141824735,1259.2800000000,1259.2800000000,1067.8700000000,1010.9100000000,1325.0000000000,0.0000000000,-16.4874118782,-16.4874118782,-21.9689213760,5.0872330374
ETHUSDT_lower5_all_h24,ETH all 24H,phase2_lower5_best,ETHUSDT,lower,5pct,long,all,-2.5346979200,6,24,2021-01-10 16:00,2021-01-10 20:00,2021-01-11 16:00,-3.1182996880,Q5_high,3.4257151223,1263.1700000000,1263.3200000000,984.4100000000,915.0000000000,1287.5100000000,0.0118741812,-24.9337236514,-24.9455978325,-32.2574389987,1.8966944235
ETHUSDT_lower5_all_h24,ETH all 24H,phase2_lower5_best,ETHUSDT,lower,5pct,long,all,-2.5346979200,6,24,2021-01-11 00:00,2021-01-11 04:00,2021-01-12 00:00,-12.7471032973,Q5_high,4.3748120637,1104.1400000000,1105.0200000000,1088.5200000000,915.0000000000,1149.9900000000,0.0796682944,-1.4247775976,-1.5044458921,-18.8694648060,3.9889812332
ETHUSDT_lower5_all_h24,ETH all 24H,phase2_lower5_best,ETHUSDT,lower,5pct,long,all,-2.5346979200,6,24,2021-01-11 04:00,2021-01-11 08:00,2021-01-12 04:00,-2.9689953631,Q5_high,4.4079848951,1071.8400000000,1071.9800000000,1139.0500000000,915.0000000000,1150.0200000000,0.0130607980,6.0817783880,6.0687175900,-15.8338619465,7.0271927770
ETHUSDT_lower5_all_h24,ETH all 24H,phase2_lower5_best,ETHUSDT,lower,5pct,long,all,-2.5346979200,6,24,2021-01-11 12:00,2021-01-11 16:00,2021-01-12 12:00,-8.8719716614,Q5_high,4.4143401836,977.2100000000,977.2100000000,1053.3400000000,915.0000000000,1150.0200000000,0.0000000000,7.5019774356,7.5019774356,-6.5777507375,16.2833039860
ETHUSDT_lower5_all_h24,ETH all 24H,phase2_lower5_best,ETHUSDT,lower,5pct,long,all,-2.5346979200,6,24,2021-01-12 08:00,2021-01-12 12:00,2021-01-13 08:00,-3.5648329936,Q5_high,5.0245240108,1099.1600000000,1099.1500000000,1061.6000000000,987.4800000000,1126.8800000000,-0.0009097898,-3.4769047686,-3.4759949788,-10.7136189401,2.4915598191
ETHUSDT_lower5_all_h24,ETH all 24H,phase2_lower5_best,ETHUSDT,lower,5pct,long,all,-2.5346979200,6,24,2021-01-12 12:00,2021-01-12 16:00,2021-01-13 12:00,-4.2580183697,Q5_high,5.0759752094,1053.3400000000,1053.5400000000,1071.5000000000,987.4800000000,1126.8800000000,0.0189854193,1.7093467907,1.6903613714,-6.4754957794,6.7296829798
ETHUSDT_lower5_all_h24,ETH all 24H,phase2_lower5_best,ETHUSDT,lower,5pct,long,all,-2.5346979200,6,24,2021-01-12 20:00,2021-01-13 00:00,2021-01-13 20:00,-3.0570803299,Q5_high,5.1266661723,1050.1600000000,1050.3600000000,1129.8900000000,987.4800000000,1137.6500000000,0.0190429037,7.3177749340,7.2987320303,-6.1731998127,7.9831768731
ETHUSDT_lower5_all_h24,ETH all 24H,phase2_lower5_best,ETHUSDT,lower,5pct,long,all,-2.5346979200,6,24,2021-01-14 00:00,2021-01-14 04:00,2021-01-15 00:00,-3.0097318207,Q5_high,4.8215407660,1096.3900000000,1096.3900000000,1219.0700000000,1086.7000000000,1256.9800000000,0.0000000000,10.6065308323,10.6065308323,-0.8877383559,13.6689053937
ETHUSDT_lower5_all_h24,ETH all 24H,phase2_lower5_best,ETHUSDT,lower,5pct,long,all,-2.5346979200,6,24,2021-01-15 12:00,2021-01-15 16:00,2021-01-16 12:00,-7.1494004366,Q5_high,3.0743785021,1141.5200000000,1141.6600000000,1276.2700000000,1069.4200000000,1278.0000000000,0.0122635973,11.1581053645,11.1458417672,-6.5366898179,11.2813012342
ETHUSDT_lower5_all_h24,ETH all 24H,phase2_lower5_best,ETHUSDT,lower,5pct,long,all,-2.5346979200,6,24,2021-01-17 04:00,2021-01-17 08:00,2021-01-18 04:00,-4.8363249187,Q5_high,3.0667431956,1182.6000000000,1182.4500000000,1219.6200000000,1165.0000000000,1269.0200000000,-0.0126847213,3.0823930412,3.0950777625,-1.4867470174,7.0656391857
ETHUSDT_lower5_all_h24,ETH all 24H,phase2_lower5_best,ETHUSDT,lower,5pct,long,all,-2.5346979200,6,24,2021-01-18 00:00,2021-01-18 04:00,2021-01-19 00:00,-3.1636418443,Q5_high,2.8687715789,1194.0700000000,1194.0700000000,1321.5000000000,1188.0000000000,1345.0000000000,0.0000000000,10.1399815345,10.1399815345,-0.5096418777,11.9026373336
ETHUSDT_lower5_all_h24,ETH all 24H,phase2_lower5_best,ETHUSDT,lower,5pct,long,all,-2.5346979200,6,24,2021-01-19 16:00,2021-01-19 20:00,2021-01-20 16:00,-3.9196667330,Q5_high,2.8950928489,1359.6000000000,1359.5900000000,1345.8000000000,1235.4200000000,1424.9600000000,-0.0007355131,-1.0201907068,-1.0194551936,-9.5772190471,4.6960559443
ETHUSDT_lower5_all_h24,ETH all 24H,phase2_lower5_best,ETHUSDT,lower,5pct,long,all,-2.5346979200,6,24,2021-01-20 08:00,2021-01-20 12:00,2021-01-21 08:00,-7.9371968915,Q5_high,3.2813200166,1265.3900000000,1265.4100000000,1236.3100000000,1222.0000000000,1390.0000000000,0.0015805279,-2.3249238410,-2.3265043689,-3.4907319589,9.3907566804
ETHUSDT_lower5_all_h24,ETH all 24H,phase2_lower5_best,ETHUSDT,lower,5pct,long,all,-2.5346979200,6,24,2021-01-21 00:00,2021-01-21 04:00,2021-01-22 00:00,-3.7356062960,Q5_high,3.3404237349,1326.5000000000,1326.0100000000,1160.7300000000,1042.3100000000,1336.2200000000,-0.0369461382,-13.3494777065,-13.3125315683,-24.0735029330,0.7670299003
ETHUSDT_lower5_all_h24,ETH all 24H,phase2_lower5_best,ETHUSDT,lower,5pct,long,all,-2.5346979200,6,24,2021-01-21 08:00,2021-01-21 12:00,2021-01-22 08:00,-5.7605882147,Q5_high,3.5430309971,1236.3100000000,1236.4300000000,1197.5700000000,1042.3100000000,1260.0000000000,0.0097058324,-3.1836632940,-3.1933691264,-17.0788791090,1.8883525990
ETHUSDT_lower5_all_h24,ETH all 24H,phase2_lower5_best,ETHUSDT,lower,5pct,long,all,-2.5346979200,6,24,2021-01-21 12:00,2021-01-21 16:00,2021-01-22 12:00,-3.9287688890,Q5_high,3.6254599242,1188.6800000000,1188.5400000000,1232.8800000000,1042.3100000000,1242.0100000000,-0.0117784639,3.6509448085,3.6627232724,-13.1286259237,4.4005371888
ETHUSDT_lower5_all_h24,ETH all 24H,phase2_lower5_best,ETHUSDT,lower,5pct,long,all,-2.5346979200,6,24,2021-01-21 20:00,2021-01-22 00:00,2021-01-22 20:00,-10.2748552687,Q5_high,4.3541696354,1110.9600000000,1111.9800000000,1232.6200000000,1042.3100000000,1273.7900000000,0.0917703646,10.3917478869,10.2999775223,-6.4702806171,13.5854498343
ETHUSDT_lower5_all_h24,ETH all 24H,phase2_lower5_best,ETHUSDT,lower,5pct,long,all,-2.5346979200,6,24,2021-01-22 20:00,2021-01-23 00:00,2021-01-23 20:00,-2.7991252449,Q5_high,4.3551601026,1232.6200000000,1232.6100000000,1233.6000000000,1195.9000000000,1272.4400000000,-0.0008112833,0.0794738549,0.0802851382,-3.0234832452,3.1802444609
ETHUSDT_lower5_all_h24,ETH all 24H,phase2_lower5_best,ETHUSDT,lower,5pct,long,all,-2.5346979200,6,24,2021-01-23 08:00,2021-01-23 12:00,2021-01-24 08:00,-3.2721815207,Q5_high,4.3695372743,1219.0700000000,1219.0700000000,1342.9700000000,1195.9000000000,1350.0400000000,0.0000000000,9.6795306274,9.6795306274,-1.9189232976,10.2045948672
ETHUSDT_lower5_all_h24,ETH all 24H,phase2_lower5_best,ETHUSDT,lower,5pct,long,all,-2.5346979200,6,24,2021-01-25 16:00,2021-01-25 20:00,2021-01-26 16:00,-3.6913203063,Q5_high,2.4972831524,1382.8700000000,1382.9000000000,1341.9400000000,1244.5600000000,1383.6300000000,0.0021693778,-3.0044721550,-3.0066415327,-10.5400689692,0.0527736925
ETHUSDT_lower5_all_h24,ETH all 24H,phase2_lower5_best,ETHUSDT,lower,5pct,long,all,-2.5346979200,6,24,2021-01-25 20:00,2021-01-26 00:00,2021-01-26 20:00,-4.8136664816,Q5_high,2.7274990568,1317.8800000000,1317.6000000000,1365.9700000000,1244.5600000000,1378.4900000000,-0.0212485013,3.5840414080,3.6052899093,-5.7029846085,4.5176797312
ETHUSDT_lower5_all_h24,ETH all 24H,phase2_lower5_best,ETHUSDT,lower,5pct,long,all,-2.5346979200,6,24,2021-01-26 12:00,2021-01-26 16:00,2021-01-27 12:00,-2.5843862023,Q5_high,2.6146121866,1279.9500000000,1279.9400000000,1281.0800000000,1207.0000000000,1374.2200000000,-0.0007812836,0.0882457506,0.0890270342,-5.8675259717,7.1073095598
ETHUSDT_lower5_all_h24,ETH all 24H,phase2_lower5_best,ETHUSDT,lower,5pct,long,all,-2.5346979200,6,24,2021-01-27 00:00,2021-01-27 04:00,2021-01-28 00:00,-4.2601312047,Q5_high,2.8693877223,1309.0000000000,1309.0100000000,1287.5900000000,1207.0000000000,1320.0200000000,0.0007639390,-1.6491232902,-1.6498872293,-8.1133184203,0.8375761681
ETHUSDT_lower5_all_h24,ETH all 24H,phase2_lower5_best,ETHUSDT,lower,5pct,long,all,-2.5346979200,6,24,2021-01-27 08:00,2021-01-27 12:00,2021-01-28 08:00,-3.4884239486,Q5_high,2.7538942584,1249.0200000000,1248.7800000000,1302.5500000000,1207.0000000000,1325.0000000000,-0.0192169109,4.1964637799,4.2156806908,-3.4029132601,5.9245384722
ETHUSDT_lower5_all_h24,ETH all 24H,phase2_lower5_best,ETHUSDT,lower,5pct,long,all,-2.5346979200,6,24,2021-01-29 16:00,2021-01-29 20:00,2021-01-30 16:00,-3.4895396198,Q5_high,3.0598554712,1348.3000000000,1348.0300000000,1371.5100000000,1326.4100000000,1409.9900000000,-0.0200272223,1.7067782998,1.7268055221,-1.6168222861,4.4938344731
ETHUSDT_lower5_all_h24,ETH all 24H,phase2_lower5_best,ETHUSDT,lower,5pct,long,all,-2.5346979200,6,24,2021-01-30 00:00,2021-01-30 04:00,2021-01-31 00:00,-2.7031154926,Q5_high,2.9175224603,1342.7100000000,1342.7900000000,1357.4900000000,1328.1600000000,1390.0000000000,0.0059579222,1.0947446567,1.0887867346,-1.0955013246,3.4554208172
ETHUSDT_lower5_all_h24,ETH all 24H,phase2_lower5_best,ETHUSDT,lower,5pct,long,all,-2.5346979200,6,24,2021-01-31 12:00,2021-01-31 16:00,2021-02-01 12:00,-3.2410852240,Q5_high,2.4974707845,1311.1000000000,1311.0100000000,1301.7300000000,1269.9900000000,1345.5200000000,-0.0068647006,-0.7172330514,-0.7103683508,-3.1788806094,2.5982722920
ETHUSDT_lower5_all_h24,ETH all 24H,phase2_lower5_best,ETHUSDT,lower,5pct,long,all,-2.5346979200,6,24,2021-02-01 12:00,2021-02-01 16:00,2021-02-02 12:00,-2.6292765252,Q5_high,2.4179573328,1301.7300000000,1301.9600000000,1427.8700000000,1300.0000000000,1458.0000000000,0.0176672339,9.2489674349,9.2313002011,-0.1506556881,11.3194812238
ETHUSDT_lower5_all_h24,ETH all 24H,phase2_lower5_best,ETHUSDT,lower,5pct,long,all,-2.5346979200,6,24,2021-02-04 08:00,2021-02-04 12:00,2021-02-05 08:00,-3.1206629338,Q5_high,2.1981535096,1611.7400000000,1611.7700000000,1662.7800000000,1554.4400000000,1676.2700000000,0.0018613251,3.1176559666,3.1157946415,-3.6217601852,3.9238132933
ETHUSDT_lower5_all_h24,ETH all 24H,phase2_lower5_best,ETHUSDT,lower,5pct,long,all,-2.5346979200,6,24,2021-02-04 20:00,2021-02-05 00:00,2021-02-05 20:00,-3.5292058483,Q5_high,2.4967899994,1595.6700000000,1595.5300000000,1719.1900000000,1591.0000000000,1760.4900000000,-0.0087741289,7.4559538939,7.4647280228,-0.2843220087,9.8386209950
ETHUSDT_lower5_all_h24,ETH all 24H,phase2_lower5_best,ETHUSDT,lower,5pct,long,all,-2.5346979200,6,24,2021-02-07 00:00,2021-02-07 04:00,2021-02-08 00:00,-3.0169899533,Q5_high,2.4454096420,1626.5300000000,1626.4100000000,1581.4600000000,1490.4600000000,1655.7700000000,-0.0073779412,-2.8100440274,-2.8026660862,-8.7290334718,1.7891025566
ETHUSDT_lower5_all_h24,ETH all 24H,phase2_lower5_best,ETHUSDT,lower,5pct,long,all,-2.5346979200,6,24,2021-02-07 12:00,2021-02-07 16:00,2021-02-08 12:00,-5.4833026908,Q5_high,2.6152101884,1538.2100000000,1538.1900000000,1734.7900000000,1490.4600000000,1757.0000000000,-0.0013002210,12.0266965884,12.0279968095,-3.1521603371,13.3001408690
ETHUSDT_lower5_all_h24,ETH all 24H,phase2_lower5_best,ETHUSDT,lower,5pct,long,all,-2.5346979200,6,24,2021-02-10 12:00,2021-02-10 16:00,2021-02-11 12:00,-4.4297809014,Q5_high,2.5365153490,1714.3700000000,1714.2100000000,1796.1700000000,1690.8000000000,1819.0000000000,-0.0093333100,4.6610953998,4.6704287098,-1.3750543380,5.9334566445
ETHUSDT_lower5_all_h24,ETH all 24H,phase2_lower5_best,ETHUSDT,lower,5pct,long,all,-2.5346979200,6,24,2021-02-13 04:00,2021-02-13 08:00,2021-02-14 04:00,-3.1208345608,Q4_higher,1.7411669145,1806.6000000000,1806.2200000000,1831.7000000000,1765.0000000000,1850.0000000000,-0.0210361989,1.3797871650,1.4008233640,-2.3085573359,2.3949375346
ETHUSDT_lower5_all_h24,ETH all 24H,phase2_lower5_best,ETHUSDT,lower,5pct,long,all,-2.5346979200,6,24,2021-02-15 00:00,2021-02-15 04:00,2021-02-16 00:00,-4.1263655673,Q4_higher,1.6213355152,1727.6400000000,1727.6400000000,1822.0000000000,1687.3900000000,1835.7200000000,0.0000000000,5.3178483494,5.3178483494,-2.3573358889,6.0680459777
ETHUSDT_lower5_all_h24,ETH all 24H,phase2_lower5_best,ETHUSDT,lower,5pct,long,all,-2.5346979200,6,24,2021-02-20 20:00,2021-02-21 00:00,2021-02-21 20:00,-4.0747553694,Q4_higher,1.5273922164,1913.0000000000,1912.9000000000,1933.5300000000,1883.0100000000,1976.3100000000,-0.0052275282,1.0674657391,1.0726932672,-1.5748854841,3.2611054436
ETHUSDT_lower5_all_h24,ETH all 24H,phase2_lower5_best,ETHUSDT,lower,5pct,long,all,-2.5346979200,6,24,2021-02-22 00:00,2021-02-22 04:00,2021-02-23 00:00,-3.3216422141,Q4_higher,1.7729207847,1870.3600000000,1870.3500000000,1679.9100000000,1551.0000000000,1891.0400000000,-0.0005346579,-10.7390705156,-10.7385358577,-18.7225694934,1.1001363153
ETHUSDT_lower5_all_h24,ETH all 24H,phase2_lower5_best,ETHUSDT,lower,5pct,long,all,-2.5346979200,6,24,2021-02-22 08:00,2021-02-22 12:00,2021-02-23 08:00,-4.5534364261,Q5_high,2.0103890558,1802.6500000000,1802.5000000000,1453.0700000000,1355.0000000000,1808.1900000000,-0.0083214291,-21.5579244853,-21.5496030562,-28.5373135845,0.3151754767
ETHUSDT_lower5_all_h24,ETH all 24H,phase2_lower5_best,ETHUSDT,lower,5pct,long,all,-2.5346979200,6,24,2021-02-22 12:00,2021-02-22 16:00,2021-02-23 12:00,-3.9236467861,Q5_high,2.1577920706,1733.2900000000,1733.3300000000,1573.9900000000,1355.0000000000,1803.5900000000,0.0023077234,-9.6407539872,-9.6430617106,-24.6242959509,3.9734709242
ETHUSDT_lower5_all_h24,ETH all 24H,phase2_lower5_best,ETHUSDT,lower,5pct,long,all,-2.5346979200,6,24,2021-02-23 00:00,2021-02-23 04:00,2021-02-24 00:00,-5.6512668163,Q5_high,2.4694667673,1679.9100000000,1679.7900000000,1636.5700000000,1355.0000000000,1696.0000000000,-0.0071434950,-2.6137632294,-2.6066197344,-21.4867331270,0.9603751768
ETHUSDT_lower5_all_h24,ETH all 24H,phase2_lower5_best,ETHUSDT,lower,5pct,long,all,-2.5346979200,6,24,2021-02-23 04:00,2021-02-23 08:00,2021-02-24 04:00,-5.7121647840,Q5_high,2.6952807035,1586.6400000000,1586.6400000000,1642.3300000000,1355.0000000000,1653.6900000000,0.0000000000,3.4497392548,3.4497392548,-15.7817118380,4.1390581898
ETHUSDT_lower5_all_h24,ETH all 24H,phase2_lower5_best,ETHUSDT,lower,5pct,long,all,-2.5346979200,6,24,2021-02-23 08:00,2021-02-23 12:00,2021-02-24 08:00,-8.7940013096,Q5_high,3.0150111774,1453.0700000000,1453.0900000000,1677.4100000000,1425.7600000000,1712.7000000000,0.0013763867,14.3572377543,14.3558613676,-1.8987318600,16.4378749174
ETHUSDT_lower5_all_h24,ETH all 24H,phase2_lower5_best,ETHUSDT,lower,5pct,long,all,-2.5346979200,6,24,2021-02-23 16:00,2021-02-23 20:00,2021-02-24 16:00,-8.3679152467,Q5_high,4.0070867029,1447.6400000000,1447.8900000000,1599.2000000000,1434.2000000000,1712.7000000000,0.0172679959,9.9568859936,9.9396179977,-0.9500121761,16.7963748429
ETHUSDT_lower5_all_h24,ETH all 24H,phase2_lower5_best,ETHUSDT,lower,5pct,long,all,-2.5346979200,6,24,2021-02-24 16:00,2021-02-24 20:00,2021-02-25 16:00,-3.7585145765,Q5_high,4.6835456592,1599.2000000000,1599.2000000000,1585.3000000000,1555.0000000000,1671.5900000000,0.0000000000,-0.8729840337,-0.8729840337,-2.8027958573,4.4271765077
ETHUSDT_lower5_all_h24,ETH all 24H,phase2_lower5_best,ETHUSDT,lower,5pct,long,all,-2.5346979200,6,24,2021-02-25 16:00,2021-02-25 20:00,2021-02-26 16:00,-2.6314441061,Q5_high,4.6378088432,1585.3000000000,1585.2400000000,1479.5000000000,1400.0000000000,1587.8400000000,-0.0037848442,-6.9069471009,-6.9031622567,-12.4263578804,0.1638786656
ETHUSDT_lower5_all_h24,ETH all 24H,phase2_lower5_best,ETHUSDT,lower,5pct,long,all,-2.5346979200,6,24,2021-02-25 20:00,2021-02-26 00:00,2021-02-26 20:00,-6.7549842181,Q5_high,4.7841421768,1481.7500000000,1482.0800000000,1444.5900000000,1400.0000000000,1562.2500000000,0.0222684838,-2.5398277407,-2.5620962244,-5.6974269902,5.2680583303
ETHUSDT_lower5_all_h24,ETH all 24H,phase2_lower5_best,ETHUSDT,lower,5pct,long,all,-2.5346979200,6,24,2021-02-26 04:00,2021-02-26 08:00,2021-02-27 04:00,-4.1667560069,Q5_high,4.7992727272,1430.3900000000,1430.5900000000,1490.3000000000,1410.3300000000,1562.2500000000,0.0139812232,4.1030307611,4.0890495379,-1.4263227034,8.8040143233
ETHUSDT_lower5_all_h24,ETH all 24H,phase2_lower5_best,ETHUSDT,lower,5pct,long,all,-2.5346979200,6,24,2021-02-26 16:00,2021-02-26 20:00,2021-02-27 16:00,-3.5183145314,Q5_high,4.3250209621,1479.5000000000,1479.6900000000,1512.0000000000,1410.3300000000,1529.0000000000,0.0128413519,2.1729084899,2.1600671380,-4.8008886817,3.2781320570
ETHUSDT_lower5_all_h24,ETH all 24H,phase2_lower5_best,ETHUSDT,lower,5pct,long,all,-2.5346979200,6,24,2021-02-27 20:00,2021-02-28 00:00,2021-02-28 20:00,-3.6278484908,Q5_high,2.9694386324,1458.1300000000,1458.2700000000,1419.1800000000,1293.1800000000,1468.7500000000,0.0096008778,-2.7075552822,-2.7171561600,-12.0146500389,0.7160897283
ETHUSDT_lower5_all_h24,ETH all 24H,phase2_lower5_best,ETHUSDT,lower,5pct,long,all,-2.5346979200,6,24,2021-02-28 00:00,2021-02-28 04:00,2021-03-01 00:00,-6.2862435521,Q5_high,3.1566165244,1369.2900000000,1369.2900000000,1434.0600000000,1293.1800000000,1456.8800000000,0.0000000000,4.6217224978,4.6217224978,-5.7188056090,6.2004805478
ETHUSDT_lower5_all_h24,ETH all 24H,phase2_lower5_best,ETHUSDT,lower,5pct,long,all,-2.5346979200,6,24,2021-02-28 12:00,2021-02-28 16:00,2021-03-01 12:00,-3.9644563291,Q5_high,3.2068622930,1318.2200000000,1318.2900000000,1551.7300000000,1301.7100000000,1555.3200000000,0.0053100500,16.3088095829,16.3034995328,-1.2656657504,16.5345870015
ETHUSDT_lower5_all_h24,ETH all 24H,phase2_lower5_best,ETHUSDT,lower,5pct,long,all,-2.5346979200,6,24,2021-03-02 16:00,2021-03-02 20:00,2021-03-03 16:00,-4.8516300497,Q5_high,3.3567204467,1479.9100000000,1479.8000000000,1605.9300000000,1455.5200000000,1656.9400000000,-0.0074331607,8.1721752908,8.1796084515,-1.6543718418,11.3065584261
ETHUSDT_lower5_all_h24,ETH all 24H,phase2_lower5_best,ETHUSDT,lower,5pct,long,all,-2.5346979200,6,24,2021-03-04 16:00,2021-03-04 20:00,2021-03-05 16:00,-3.2548710306,Q5_high,2.2113659025,1526.7100000000,1526.8300000000,1533.5800000000,1441.6600000000,1547.8000000000,0.0078597300,0.4489778119,0.4411180819,-5.7398463207,1.3640877219
ETHUSDT_lower5_all_h24,ETH all 24H,phase2_lower5_best,ETHUSDT,lower,5pct,long,all,-2.5346979200,6,24,2021-03-05 00:00,2021-03-05 04:00,2021-03-06 00:00,-3.8112461370,Q5_high,2.2774965407,1481.6700000000,1481.5300000000,1531.7000000000,1441.6600000000,1549.1900000000,-0.0094492441,3.3208399674,3.3302892115,-2.7280110146,4.4656876120
ETHUSDT_lower5_all_h24,ETH all 24H,phase2_lower5_best,ETHUSDT,lower,5pct,long,all,-2.5346979200,6,24,2021-03-10 00:00,2021-03-10 04:00,2021-03-11 00:00,-5.1098882778,Q5_high,2.0823656791,1777.3300000000,1777.5200000000,1802.3500000000,1762.8300000000,1870.2000000000,0.0106896212,1.3979130783,1.3872234571,-0.8298662169,5.0826242629
ETHUSDT_lower5_all_h24,ETH all 24H,phase2_lower5_best,ETHUSDT,lower,5pct,long,all,-2.5346979200,6,24,2021-03-15 04:00,2021-03-15 08:00,2021-03-16 04:00,-4.9872131375,Q5_high,1.9798166734,1793.8200000000,1793.8200000000,1799.2600000000,1711.6800000000,1809.9200000000,0.0000000000,0.3028045107,0.3028045107,-4.6872079794,0.8935221251
ETHUSDT_lower5_all_h24,ETH all 24H,phase2_lower5_best,ETHUSDT,lower,5pct,long,all,-2.5346979200,6,24,2021-03-16 00:00,2021-03-16 04:00,2021-03-17 00:00,-2.5348117661,Q5_high,2.0102849180,1748.5900000000,1748.5900000000,1766.6600000000,1737.0000000000,1819.5000000000,0.0000000000,1.0281009410,1.0281009410,-0.6650261629,3.9751989183
ETHUSDT_lower5_all_h24,ETH all 24H,phase2_lower5_best,ETHUSDT,lower,5pct,long,all,-2.5346979200,6,24,2021-03-18 16:00,2021-03-18 20:00,2021-03-19 16:00,-3.0364957348,Q4_higher,1.6177865138,1767.7200000000,1767.7300000000,1826.6400000000,1733.4700000000,1829.0000000000,0.0005656989,3.2787633012,3.2781976024,-1.9571057656,3.4073131788
ETHUSDT_lower5_all_h24,ETH all 24H,phase2_lower5_best,ETHUSDT,lower,5pct,long,all,-2.5346979200,6,24,2021-03-22 20:00,2021-03-23 00:00,2021-03-23 20:00,-3.3283463492,Q3_mid,1.2027910077,1680.9700000000,1681.1700000000,1668.0800000000,1650.0000000000,1721.1700000000,0.0118971845,-0.7697743330,-0.7816715176,-1.8714691680,2.3514312537
ETHUSDT_lower5_all_h24,ETH all 24H,phase2_lower5_best,ETHUSDT,lower,5pct,long,all,-2.5346979200,6,24,2021-03-24 16:00,2021-03-24 20:00,2021-03-25 16:00,-5.1111994479,Q4_higher,1.6917982762,1635.5600000000,1635.3500000000,1605.0500000000,1536.9200000000,1637.4000000000,-0.0128404634,-1.8830344607,-1.8701939974,-6.2076434964,0.1252769242
ETHUSDT_lower5_all_h24,ETH all 24H,phase2_lower5_best,ETHUSDT,lower,5pct,long,all,-2.5346979200,6,24,2021-03-24 20:00,2021-03-25 00:00,2021-03-25 20:00,-3.3396526922,Q4_higher,1.7809284486,1581.8400000000,1581.8800000000,1585.7400000000,1549.4000000000,1622.0000000000,0.0025286688,0.2462448917,0.2437162229,-2.0746253903,2.5045942575
ETHUSDT_lower5_all_h24,ETH all 24H,phase2_lower5_best,ETHUSDT,lower,5pct,long,all,-2.5346979200,6,24,2021-04-03 20:00,2021-04-04 00:00,2021-04-04 20:00,-4.2293836168,Q4_higher,1.7815066743,2008.5200000000,2008.5900000000,2075.6900000000,1975.2400000000,2091.8300000000,0.0034850925,3.2895496080,3.2860645155,-1.6743073415,4.0606297578
ETHUSDT_lower5_all_h24,ETH all 24H,phase2_lower5_best,ETHUSDT,lower,5pct,long,all,-2.5346979200,6,24,2021-04-07 08:00,2021-04-07 12:00,2021-04-08 08:00,-4.7877520304,Q4_higher,1.6123364956,1977.8900000000,1977.8800000000,1996.9200000000,1930.0100000000,2037.0000000000,-0.0005055906,0.9575373616,0.9580429522,-2.4500379769,2.9452573225
ETHUSDT_lower5_all_h24,ETH all 24H,phase2_lower5_best,ETHUSDT,lower,5pct,long,all,-2.5346979200,6,24,2021-04-16 04:00,2021-04-16 08:00,2021-04-17 04:00,-2.8831279541,Q4_higher,1.6576850447,2426.5900000000,2426.5900000000,2461.4000000000,2300.0000000000,2495.0000000000,0.0000000000,1.4243314121,1.4243314121,-5.3577856700,2.7801749569
ETHUSDT_lower5_all_h24,ETH all 24H,phase2_lower5_best,ETHUSDT,lower,5pct,long,all,-2.5346979200,6,24,2021-04-17 12:00,2021-04-17 16:00,2021-04-18 12:00,-2.6922170626,Q4_higher,1.8692694879,2345.0000000000,2345.0000000000,2144.3000000000,1946.8000000000,2395.5400000000,0.0000000000,-8.9472243105,-8.9472243105,-18.6098402921,2.1323273279
ETHUSDT_lower5_all_h24,ETH all 24H,phase2_lower5_best,ETHUSDT,lower,5pct,long,all,-2.5346979200,6,24,2021-04-17 20:00,2021-04-18 00:00,2021-04-18 20:00,-2.5967299297,Q5_high,1.9387187885,2317.6000000000,2317.6500000000,2235.6400000000,1946.8000000000,2340.0000000000,0.0021573809,-3.6004626931,-3.6026200741,-17.4366742305,0.9597188087
ETHUSDT_lower5_all_h24,ETH all 24H,phase2_lower5_best,ETHUSDT,lower,5pct,long,all,-2.5346979200,6,24,2021-04-18 00:00,2021-04-18 04:00,2021-04-19 00:00,-7.0933334753,Q5_high,2.4963764899,2158.9000000000,2158.9000000000,2266.2100000000,2038.0000000000,2300.0000000000,0.0000000000,4.8509999908,4.8509999908,-5.7629897920,6.3310290215
ETHUSDT_lower5_all_h24,ETH all 24H,phase2_lower5_best,ETHUSDT,lower,5pct,long,all,-2.5346979200,6,24,2021-04-18 08:00,2021-04-18 12:00,2021-04-19 08:00,-7.4216213026,Q5_high,2.7601199729,2052.1900000000,2052.1900000000,2246.6300000000,2046.2800000000,2300.0000000000,0.0000000000,9.0523800033,9.0523800033,-0.2884005054,11.4001607320
ETHUSDT_lower5_all_h24,ETH all 24H,phase2_lower5_best,ETHUSDT,lower,5pct,long,all,-2.5346979200,6,24,2021-04-19 12:00,2021-04-19 16:00,2021-04-20 12:00,-6.9725029308,Q5_high,3.3654240523,2095.3200000000,2095.5800000000,2186.6500000000,2055.0000000000,2230.0000000000,0.0124078360,4.2664405968,4.2540327607,-1.9554516752,6.2171220772
ETHUSDT_lower5_all_h24,ETH all 24H,phase2_lower5_best,ETHUSDT,lower,5pct,long,all,-2.5346979200,6,24,2021-04-20 00:00,2021-04-20 04:00,2021-04-21 00:00,-3.0247617565,Q5_high,3.5333899032,2096.7300000000,2097.5600000000,2284.0000000000,2055.0000000000,2362.9800000000,0.0395776168,8.5549303528,8.5153527361,-2.0498916485,11.9148769919
ETHUSDT_lower5_all_h24,ETH all 24H,phase2_lower5_best,ETHUSDT,lower,5pct,long,all,-2.5346979200,6,24,2021-04-21 20:00,2021-04-22 00:00,2021-04-22 20:00,-3.3328074187,Q5_high,3.3997751087,2357.0600000000,2357.0600000000,2397.9400000000,2303.4400000000,2644.4700000000,0.0000000000,1.7194955723,1.7194955723,-2.3011421983,11.5055587442
ETHUSDT_lower5_all_h24,ETH all 24H,phase2_lower5_best,ETHUSDT,lower,5pct,long,all,-2.5346979200,6,24,2021-04-22 16:00,2021-04-22 20:00,2021-04-23 16:00,-2.9165786760,Q5_high,3.5681964489,2535.5400000000,2535.5600000000,2363.9200000000,2107.0000000000,2535.5600000000,0.0007887835,-7.0085374086,-7.0093261921,-18.5149385123,0.0000000000
ETHUSDT_lower5_all_h24,ETH all 24H,phase2_lower5_best,ETHUSDT,lower,5pct,long,all,-2.5346979200,6,24,2021-04-22 20:00,2021-04-23 00:00,2021-04-23 20:00,-5.5796596668,Q5_high,3.4231664303,2397.9400000000,2397.9400000000,2367.3900000000,2107.0000000000,2442.8900000000,0.0000000000,-1.2821952956,-1.2821952956,-12.9344900620,1.8571729214
ETHUSDT_lower5_all_h24,ETH all 24H,phase2_lower5_best,ETHUSDT,lower,5pct,long,all,-2.5346979200,6,24,2021-04-23 00:00,2021-04-23 04:00,2021-04-24 00:00,-4.9233559618,Q5_high,3.5284814321,2282.7400000000,2282.7400000000,2296.8100000000,2107.0000000000,2378.0300000000,0.0000000000,0.6144727875,0.6144727875,-8.0111341001,4.0895938009
ETHUSDT_lower5_all_h24,ETH all 24H,phase2_lower5_best,ETHUSDT,lower,5pct,long,all,-2.5346979200,6,24,2021-04-23 04:00,2021-04-23 08:00,2021-04-24 04:00,-6.8104922374,Q5_high,3.8545145107,2132.4500000000,2132.2200000000,2273.3400000000,2107.0000000000,2378.0300000000,-0.0107862977,6.3978562284,6.4086425261,-1.1898555651,10.9108723359
ETHUSDT_lower5_all_h24,ETH all 24H,phase2_lower5_best,ETHUSDT,lower,5pct,long,all,-2.5346979200,6,24,2021-04-24 00:00,2021-04-24 04:00,2021-04-25 00:00,-3.0266878787,Q5_high,3.8396057511,2296.8100000000,2296.8100000000,2187.1800000000,2154.8000000000,2328.0000000000,0.0000000000,-4.8908160864,-4.8908160864,-6.3823291875,1.3488326170
ETHUSDT_lower5_all_h24,ETH all 24H,phase2_lower5_best,ETHUSDT,lower,5pct,long,all,-2.5346979200,6,24,2021-04-24 08:00,2021-04-24 12:00,2021-04-25 08:00,-4.2186741012,Q5_high,3.9330054612,2179.4300000000,2179.2600000000,2288.0000000000,2160.0000000000,2297.3800000000,-0.0078005089,4.8614698795,4.8692703884,-0.8877147938,5.2783973564
ETHUSDT_lower5_all_h24,ETH all 24H,phase2_lower5_best,ETHUSDT,lower,5pct,long,all,-2.5346979200,6,24,2021-04-25 16:00,2021-04-25 20:00,2021-04-26 16:00,-3.1680508762,Q5_high,3.6182505718,2268.5700000000,2268.5100000000,2490.9100000000,2168.0000000000,2531.5100000000,-0.0026448729,9.3498428519,9.3524877248,-4.5318144734,10.9692734336
ETHUSDT_lower5_all_h24,ETH all 24H,phase2_lower5_best,ETHUSDT,lower,5pct,long,all,-2.5346979200,6,24,2021-05-04 00:00,2021-05-04 04:00,2021-05-05 00:00,-5.9684933064,Q5_high,2.2460642324,3232.2500000000,3232.4000000000,3296.3400000000,3160.0000000000,3527.0000000000,0.0046406225,1.9634272914,1.9587866690,-2.2652867778,8.7222755877
ETHUSDT_lower5_all_h24,ETH all 24H,phase2_lower5_best,ETHUSDT,lower,5pct,long,all,-2.5346979200,6,24,2021-05-04 12:00,2021-05-04 16:00,2021-05-05 12:00,-7.5020631680,Q5_high,3.0761188295,3228.4900000000,3228.3600000000,3305.9000000000,3160.0000000000,3429.3100000000,-0.0040267313,2.3694215242,2.3734482555,-2.1402240754,6.0384806408
ETHUSDT_lower5_all_h24,ETH all 24H,phase2_lower5_best,ETHUSDT,lower,5pct,long,all,-2.5346979200,6,24,2021-05-04 20:00,2021-05-05 00:00,2021-05-05 20:00,-5.2294642202,Q5_high,3.5379402009,3239.0100000000,3239.0100000000,3524.2600000000,3200.2300000000,3549.3400000000,0.0000000000,8.4402757591,8.4402757591,-1.2045045334,9.1493943153
ETHUSDT_lower5_all_h24,ETH all 24H,phase2_lower5_best,ETHUSDT,lower,5pct,long,all,-2.5346979200,6,24,2021-05-10 16:00,2021-05-10 20:00,2021-05-11 16:00,-4.0570203919,Q5_high,2.1586823328,3991.1200000000,3990.1800000000,4067.0600000000,3650.0000000000,4097.0000000000,-0.0235550601,1.8848486439,1.9084037039,-8.9109175072,2.6418655899
ETHUSDT_lower5_all_h24,ETH all 24H,phase2_lower5_best,ETHUSDT,lower,5pct,long,all,-2.5346979200,6,24,2021-05-12 16:00,2021-05-12 20:00,2021-05-13 16:00,-2.5421440785,Q5_high,2.1144440350,4083.9200000000,4084.4500000000,3651.7500000000,3500.0000000000,4245.0000000000,0.0129768852,-11.1850806723,-11.1980575576,-15.4424111829,3.8554739439
ETHUSDT_lower5_all_h24,ETH all 24H,phase2_lower5_best,ETHUSDT,lower,5pct,long,all,-2.5346979200,6,24,2021-05-12 20:00,2021-05-13 00:00,2021-05-13 20:00,-6.5966927584,Q5_high,2.6117150168,3823.2100000000,3810.1500000000,3717.9100000000,3500.0000000000,4034.7700000000,-0.3421825446,-2.7928701445,-2.4506875999,-8.4905589947,5.7280740416
ETHUSDT_lower5_all_h24,ETH all 24H,phase2_lower5_best,ETHUSDT,lower,5pct,long,all,-2.5346979200,6,24,2021-05-13 08:00,2021-05-13 12:00,2021-05-14 08:00,-5.7982104498,Q5_high,2.8700021637,3744.4700000000,3744.4600000000,3999.8200000000,3541.5100000000,4030.0000000000,-0.0002670608,6.5969275183,6.5971945791,-5.5724224446,7.3488961642
ETHUSDT_lower5_all_h24,ETH all 24H,phase2_lower5_best,ETHUSDT,lower,5pct,long,all,-2.5346979200,6,24,2021-05-13 16:00,2021-05-13 20:00,2021-05-14 16:00,-2.5754352652,Q5_high,2.8837554761,3651.7500000000,3650.3000000000,4046.3500000000,3609.0000000000,4173.2800000000,-0.0397148751,10.2608735446,10.3005884197,-1.1378630337,13.3892941372
ETHUSDT_lower5_all_h24,ETH all 24H,phase2_lower5_best,ETHUSDT,lower,5pct,long,all,-2.5346979200,6,24,2021-05-15 04:00,2021-05-15 08:00,2021-05-16 04:00,-2.9742690989,Q5_high,2.9376400361,3907.6600000000,3907.6600000000,3866.7500000000,3620.1500000000,3962.1100000000,0.0000000000,-1.0524368436,-1.0524368436,-7.6423267929,1.3837982274
ETHUSDT_lower5_all_h24,ETH all 24H,phase2_lower5_best,ETHUSDT,lower,5pct,long,all,-2.5346979200,6,24,2021-05-15 16:00,2021-05-15 20:00,2021-05-16 16:00,-3.2542746724,Q5_high,2.8443369781,3751.4300000000,3751.8400000000,3419.2200000000,3346.7200000000,3879.0000000000,0.0109285685,-9.2724645739,-9.2833931424,-11.4265624588,3.3331002146
ETHUSDT_lower5_all_h24,ETH all 24H,phase2_lower5_best,ETHUSDT,lower,5pct,long,all,-2.5346979200,6,24,2021-05-15 20:00,2021-05-16 00:00,2021-05-16 20:00,-2.8319936000,Q5_high,2.8709282050,3646.6800000000,3646.2400000000,3582.1000000000,3343.0600000000,3879.0000000000,-0.0120664974,-1.7867944013,-1.7747279039,-8.6809944424,6.1880888806
ETHUSDT_lower5_all_h24,ETH all 24H,phase2_lower5_best,ETHUSDT,lower,5pct,long,all,-2.5346979200,6,24,2021-05-16 12:00,2021-05-16 16:00,2021-05-17 12:00,-4.2101611411,Q5_high,2.7972014542,3633.4500000000,3633.5300000000,3284.7500000000,3102.0000000000,3671.2300000000,0.0022017399,-10.0892064603,-10.0914082003,-15.8157562788,1.0322128238
ETHUSDT_lower5_all_h24,ETH all 24H,phase2_lower5_best,ETHUSDT,lower,5pct,long,all,-2.5346979200,6,24,2021-05-16 16:00,2021-05-16 20:00,2021-05-17 16:00,-6.0770155256,Q5_high,2.8258561801,3419.2200000000,3419.8100000000,3378.7500000000,3102.0000000000,3588.9800000000,0.0172539089,-1.1906636279,-1.2079175367,-9.7537929221,4.8283045591
ETHUSDT_lower5_all_h24,ETH all 24H,phase2_lower5_best,ETHUSDT,lower,5pct,long,all,-2.5346979200,6,24,2021-05-17 00:00,2021-05-17 04:00,2021-05-18 00:00,-10.0335768157,Q5_high,3.7303370944,3240.1300000000,3240.7400000000,3384.5700000000,3102.0000000000,3575.2400000000,0.0188246332,4.3613414820,4.3425168488,-4.3754634033,9.8230607972
ETHUSDT_lower5_all_h24,ETH all 24H,phase2_lower5_best,ETHUSDT,lower,5pct,long,all,-2.5346979200,6,24,2021-05-17 12:00,2021-05-17 16:00,2021-05-18 12:00,-6.8181318683,Q5_high,4.3561251065,3284.7500000000,3284.9900000000,3345.5000000000,3121.4800000000,3565.7100000000,0.0073062252,1.8325613701,1.8252551449,-5.1056359469,8.1999584730
ETHUSDT_lower5_all_h24,ETH all 24H,phase2_lower5_best,ETHUSDT,lower,5pct,long,all,-2.5346979200,6,24,2021-05-17 20:00,2021-05-18 00:00,2021-05-18 20:00,-2.8897444960,Q5_high,4.2605636453,3282.5100000000,3282.2500000000,3375.0700000000,3240.0000000000,3565.7100000000,-0.0079210817,2.7807691201,2.7886902018,-1.2955833028,8.2834029690
ETHUSDT_lower5_all_h24,ETH all 24H,phase2_lower5_best,ETHUSDT,lower,5pct,long,all,-2.5346979200,6,24,2021-05-18 12:00,2021-05-18 16:00,2021-05-19 12:00,-5.4783087970,Q5_high,4.5723666603,3345.5000000000,3345.4900000000,2742.6100000000,1888.0000000000,3464.0200000000,-0.0002989094,-19.8706137489,-19.8703148394,-57.2095102423,3.4816594209
ETHUSDT_lower5_all_h24,ETH all 24H,phase2_lower5_best,ETHUSDT,lower,5pct,long,all,-2.5346979200,6,24,2021-05-19 00:00,2021-05-19 04:00,2021-05-20 00:00,-8.5907901198,Q5_high,4.9051184116,3097.2300000000,3097.2300000000,2472.4600000000,1888.0000000000,3133.1800000000,0.0000000000,-22.5294557225,-22.5294557225,-49.4990095928,1.1540299589
ETHUSDT_lower5_all_h24,ETH all 24H,phase2_lower5_best,ETHUSDT,lower,5pct,long,all,-2.5346979200,6,24,2021-05-19 04:00,2021-05-19 08:00,2021-05-20 04:00,-3.6908416807,Q5_high,4.9261012027,2985.0000000000,2985.0000000000,2712.6900000000,1888.0000000000,3006.0000000000,0.0000000000,-9.5658984348,-9.5658984348,-45.8081679121,0.7010544486
ETHUSDT_lower5_all_h24,ETH all 24H,phase2_lower5_best,ETHUSDT,lower,5pct,long,all,-2.5346979200,6,24,2021-05-19 08:00,2021-05-19 12:00,2021-05-20 08:00,-9.2570886520,Q5_high,5.0555342007,2721.0800000000,2721.0800000000,2754.4100000000,1888.0000000000,2920.4400000000,0.0000000000,1.2174403266,1.2174403266,-36.5510792601,7.0705429535
ETHUSDT_lower5_all_h24,ETH all 24H,phase2_lower5_best,ETHUSDT,lower,5pct,long,all,-2.5346979200,6,24,2021-05-19 16:00,2021-05-19 20:00,2021-05-20 16:00,-5.2964055758,Q5_high,5.1113685524,2601.1300000000,2601.1300000000,2782.4100000000,2155.0000000000,2990.0500000000,0.0000000000,6.7371492637,6.7371492637,-18.8155242438,13.9344143677
ETHUSDT_lower5_all_h24,ETH all 24H,phase2_lower5_best,ETHUSDT,lower,5pct,long,all,-2.5346979200,6,24,2021-05-19 20:00,2021-05-20 00:00,2021-05-20 20:00,-6.4390647626,Q5_high,5.1885256079,2438.9200000000,2438.9200000000,2768.6200000000,2155.0000000000,2990.0500000000,0.0000000000,12.6793682745,12.6793682745,-12.3764594812,20.3734791303
ETHUSDT_lower5_all_h24,ETH all 24H,phase2_lower5_best,ETHUSDT,lower,5pct,long,all,-2.5346979200,6,24,2021-05-20 16:00,2021-05-20 20:00,2021-05-21 16:00,-4.2768194799,Q5_high,4.9823651734,2782.4100000000,2782.8100000000,2349.5000000000,2306.0000000000,2938.5400000000,0.0143749933,-16.9114919070,-16.9258669003,-18.7946786717,5.4451650801
ETHUSDT_lower5_all_h24,ETH all 24H,phase2_lower5_best,ETHUSDT,lower,5pct,long,all,-2.5346979200,6,24,2021-05-21 04:00,2021-05-21 08:00,2021-05-22 04:00,-3.7939349031,Q5_high,4.7656235653,2686.9600000000,2687.4400000000,2248.5700000000,2101.0000000000,2783.2100000000,0.0178624591,-17.8115984422,-17.8294609013,-24.6175645760,3.5015870212
ETHUSDT_lower5_all_h24,ETH all 24H,phase2_lower5_best,ETHUSDT,lower,5pct,long,all,-2.5346979200,6,24,2021-05-21 12:00,2021-05-21 16:00,2021-05-22 12:00,-11.3770167955,Q5_high,5.0794821688,2420.6900000000,2420.3900000000,2367.2100000000,2101.0000000000,2518.8600000000,-0.0123939286,-2.2340577000,-2.2216637714,-14.1515262346,3.9877734007
ETHUSDT_lower5_all_h24,ETH all 24H,phase2_lower5_best,ETHUSDT,lower,5pct,long,all,-2.5346979200,6,24,2021-05-21 16:00,2021-05-21 20:00,2021-05-22 16:00,-2.9850083935,Q5_high,5.0491901270,2349.5000000000,2349.9500000000,2255.0500000000,2101.0000000000,2485.0000000000,0.0191511773,-4.1030393903,-4.1221905676,-11.1980629471,5.5878608215
ETHUSDT_lower5_all_h24,ETH all 24H,phase2_lower5_best,ETHUSDT,lower,5pct,long,all,-2.5346979200,6,24,2021-05-22 00:00,2021-05-22 04:00,2021-05-23 00:00,-4.2430492510,Q5_high,5.0928385061,2329.9900000000,2329.5400000000,2317.8000000000,2145.0000000000,2483.3000000000,-0.0193152529,-0.5245515805,-0.5052363276,-8.2531270814,6.3917497620
ETHUSDT_lower5_all_h24,ETH all 24H,phase2_lower5_best,ETHUSDT,lower,5pct,long,all,-2.5346979200,6,24,2021-05-22 04:00,2021-05-22 08:00,2021-05-23 04:00,-3.5569517113,Q5_high,5.0990780022,2248.5700000000,2248.5600000000,2157.6400000000,2127.6300000000,2483.3000000000,-0.0004447281,-4.1279426821,-4.1274979540,-5.5281327147,9.9298309486
ETHUSDT_lower5_all_h24,ETH all 24H,phase2_lower5_best,ETHUSDT,lower,5pct,long,all,-2.5346979200,6,24,2021-05-22 16:00,2021-05-22 20:00,2021-05-23 16:00,-4.8539900837,Q5_high,4.9453233582,2255.0500000000,2255.0500000000,1968.0900000000,1728.7400000000,2383.8300000000,0.0000000000,-13.6108616366,-13.6108616366,-26.5779326204,5.5536292278
ETHUSDT_lower5_all_h24,ETH all 24H,phase2_lower5_best,ETHUSDT,lower,5pct,long,all,-2.5346979200,6,24,2021-05-23 04:00,2021-05-23 08:00,2021-05-24 04:00,-7.1603428129,Q5_high,4.9203849341,2157.6400000000,2158.0100000000,2291.1000000000,1728.7400000000,2297.0000000000,0.0171468956,6.0017019791,5.9845550835,-22.1793681292,6.2417422961
ETHUSDT_lower5_all_h24,ETH all 24H,phase2_lower5_best,ETHUSDT,lower,5pct,long,all,-2.5346979200,6,24,2021-05-23 12:00,2021-05-23 16:00,2021-05-24 12:00,-9.4469593272,Q5_high,4.6674860235,1924.7900000000,1924.9500000000,2509.0700000000,1728.7400000000,2529.8700000000,0.0083122497,26.5095295677,26.5012173180,-10.7507173923,27.3267924644
ETHUSDT_lower5_all_h24,ETH all 24H,phase2_lower5_best,ETHUSDT,lower,5pct,long,all,-2.5346979200,6,24,2021-05-25 08:00,2021-05-25 12:00,2021-05-26 08:00,-10.6075763502,Q5_high,5.3171269105,2392.7200000000,2393.1500000000,2832.8700000000,2382.2100000000,2910.0000000000,0.0179695646,16.8859537904,16.8679842257,-0.4581861530,19.5542591397
ETHUSDT_lower5_all_h24,ETH all 24H,phase2_lower5_best,ETHUSDT,lower,5pct,long,all,-2.5346979200,6,24,2021-05-25 16:00,2021-05-25 20:00,2021-05-26 16:00,-3.8403263585,Q5_high,5.4454349360,2512.1200000000,2512.1200000000,2739.8500000000,2504.9600000000,2910.0000000000,0.0000000000,8.6776156210,8.6776156210,-0.2854251820,14.7026063018
ETHUSDT_lower5_all_h24,ETH all 24H,phase2_lower5_best,ETHUSDT,lower,5pct,long,all,-2.5346979200,6,24,2021-05-26 12:00,2021-05-26 16:00,2021-05-27 12:00,-3.1589406014,Q5_high,5.3703428088,2744.7800000000,2744.7900000000,2803.9900000000,2633.6800000000,2889.7400000000,0.0003643273,2.1342476802,2.1338833529,-4.1322461593,5.1461963377
ETHUSDT_lower5_all_h24,ETH all 24H,phase2_lower5_best,ETHUSDT,lower,5pct,long,all,-2.5346979200,6,24,2021-05-27 00:00,2021-05-27 04:00,2021-05-28 00:00,-7.3963465525,Q5_high,5.1943051787,2679.2600000000,2679.2600000000,2716.0700000000,2645.8700000000,2867.9600000000,0.0000000000,1.3645345568,1.3645345568,-1.2540703269,6.8060338647
ETHUSDT_lower5_all_h24,ETH all 24H,phase2_lower5_best,ETHUSDT,lower,5pct,long,all,-2.5346979200,6,24,2021-05-28 04:00,2021-05-28 08:00,2021-05-29 04:00,-5.6787055140,Q5_high,4.8505006252,2566.1300000000,2566.6900000000,2488.9600000000,2327.3800000000,2617.7800000000,0.0218203639,-3.0533974875,-3.0752178514,-9.7873959684,1.9709499284
ETHUSDT_lower5_all_h24,ETH all 24H,phase2_lower5_best,ETHUSDT,lower,5pct,long,all,-2.5346979200,6,24,2021-05-28 08:00,2021-05-28 12:00,2021-05-29 08:00,-5.2181160384,Q5_high,4.9559898274,2435.6600000000,2435.6500000000,2450.7500000000,2327.3800000000,2617.7800000000,-0.0004105672,0.6176333124,0.6180438796,-4.5470489989,7.2112968979
ETHUSDT_lower5_all_h24,ETH all 24H,phase2_lower5_best,ETHUSDT,lower,5pct,long,all,-2.5346979200,6,24,2021-05-28 20:00,2021-05-29 00:00,2021-05-29 20:00,-3.5596975288,Q5_high,4.0410368400,2412.1000000000,2412.3400000000,2278.7400000000,2204.1000000000,2574.2700000000,0.0099493413,-5.6875078745,-5.6974572158,-9.0277968476,6.4968767990
ETHUSDT_lower5_all_h24,ETH all 24H,phase2_lower5_best,ETHUSDT,lower,5pct,long,all,-2.5346979200,6,24,2021-05-29 12:00,2021-05-29 16:00,2021-05-30 12:00,-5.0989459354,Q5_high,3.5919660981,2328.9200000000,2328.8400000000,2382.4800000000,2180.5300000000,2476.4200000000,-0.0034351276,2.2737321161,2.2771672438,-6.5802323012,6.1443679340
ETHUSDT_lower5_all_h24,ETH all 24H,phase2_lower5_best,ETHUSDT,lower,5pct,long,all,-2.5346979200,6,24,2021-05-29 16:00,2021-05-29 20:00,2021-05-30 16:00,-3.5790846248,Q5_high,3.6301715650,2247.0400000000,2247.0900000000,2441.9000000000,2180.5300000000,2476.4200000000,0.0022251248,8.3162630251,8.3140379003,-3.0068079287,9.7177923064
ETHUSDT_lower5_all_h24,ETH all 24H,phase2_lower5_best,ETHUSDT,lower,5pct,long,all,-2.5346979200,6,24,2021-05-30 12:00,2021-05-30 16:00,2021-05-31 12:00,-3.2653333332,Q5_high,3.4699983947,2382.4800000000,2382.0400000000,2637.4800000000,2271.4400000000,2643.5600000000,-0.0184698564,10.1681953868,10.1866652432,-4.7543271799,10.4169230214
ETHUSDT_lower5_all_h24,ETH all 24H,phase2_lower5_best,ETHUSDT,lower,5pct,long,all,-2.5346979200,6,24,2021-05-31 00:00,2021-05-31 04:00,2021-06-01 00:00,-3.6366091894,Q5_high,3.4958870224,2300.7700000000,2300.9800000000,2630.7900000000,2279.9400000000,2740.0000000000,0.0091269626,13.4040331796,13.3949062170,-0.9185992312,17.4622801258
ETHUSDT_lower5_all_h24,ETH all 24H,phase2_lower5_best,ETHUSDT,lower,5pct,long,all,-2.5346979200,6,24,2021-06-01 00:00,2021-06-01 04:00,2021-06-02 00:00,-2.8242779272,Q5_high,3.5610729295,2630.7900000000,2630.6600000000,2615.4000000000,2523.7400000000,2716.3300000000,-0.0049416036,-0.5867131822,-0.5817715787,-4.1492836998,3.2046939248
ETHUSDT_lower5_all_h24,ETH all 24H,phase2_lower5_best,ETHUSDT,lower,5pct,long,all,-2.5346979200,6,24,2021-06-04 00:00,2021-06-04 04:00,2021-06-05 00:00,-3.7070327617,Q5_high,2.2234733481,2753.2700000000,2753.2700000000,2762.3300000000,2552.0000000000,2781.7000000000,0.0000000000,0.3285230310,0.3285230310,-7.5911930696,1.0272955418
ETHUSDT_lower5_all_h24,ETH all 24H,phase2_lower5_best,ETHUSDT,lower,5pct,long,all,-2.5346979200,6,24,2021-06-04 04:00,2021-06-04 08:00,2021-06-05 04:00,-4.9733306017,Q5_high,2.4112846440,2619.6900000000,2619.6900000000,2781.0600000000,2552.0000000000,2812.9500000000,0.0000000000,5.9776159830,5.9776159830,-2.6178624679,7.1177764570
ETHUSDT_lower5_all_h24,ETH all 24H,phase2_lower5_best,ETHUSDT,lower,5pct,long,all,-2.5346979200,6,24,2021-06-05 08:00,2021-06-05 12:00,2021-06-06 08:00,-5.2091112339,Q5_high,2.5090105054,2639.9000000000,2639.9000000000,2690.7500000000,2552.2300000000,2745.0000000000,0.0000000000,1.9078927509,1.9078927509,-3.3773550840,3.9040037309
ETHUSDT_lower5_all_h24,ETH all 24H,phase2_lower5_best,ETHUSDT,lower,5pct,long,all,-2.5346979200,6,24,2021-06-07 20:00,2021-06-08 00:00,2021-06-08 20:00,-5.1962424842,Q5_high,2.1645078169,2592.0500000000,2592.0500000000,2507.2300000000,2304.9100000000,2620.9900000000,0.0000000000,-3.3270510340,-3.3270510340,-11.7407438294,1.1103040569
ETHUSDT_lower5_all_h24,ETH all 24H,phase2_lower5_best,ETHUSDT,lower,5pct,long,all,-2.5346979200,6,24,2021-06-08 00:00,2021-06-08 04:00,2021-06-09 00:00,-3.9780890084,Q5_high,2.3136432191,2490.9600000000,2490.9600000000,2454.8600000000,2304.9100000000,2559.8900000000,0.0000000000,-1.4598445199,-1.4598445199,-7.7626548210,2.7296110475
ETHUSDT_lower5_all_h24,ETH all 24H,phase2_lower5_best,ETHUSDT,lower,5pct,long,all,-2.5346979200,6,24,2021-06-08 12:00,2021-06-08 16:00,2021-06-09 12:00,-6.4267209666,Q5_high,2.5858795295,2375.3600000000,2375.3700000000,2566.9200000000,2357.5800000000,2581.4900000000,0.0004209879,7.7557731673,7.7553521793,-0.7517545624,8.3213536787
ETHUSDT_lower5_all_h24,ETH all 24H,phase2_lower5_best,ETHUSDT,lower,5pct,long,all,-2.5346979200,6,24,2021-06-16 08:00,2021-06-16 12:00,2021-06-17 08:00,-2.7282292574,Q4_higher,1.7839035556,2460.0600000000,2460.0000000000,2424.5000000000,2351.1800000000,2468.2700000000,-0.0024389946,-1.4560422327,-1.4536032381,-4.5244020153,0.3356150439
ETHUSDT_lower5_all_h24,ETH all 24H,phase2_lower5_best,ETHUSDT,lower,5pct,long,all,-2.5346979200,6,24,2021-06-17 16:00,2021-06-17 20:00,2021-06-18 16:00,-3.2398543952,Q4_higher,1.7719221775,2340.1800000000,2340.1900000000,2154.4200000000,2139.0000000000,2380.0000000000,0.0004273166,-8.2706303689,-8.2710576855,-8.9893692554,1.6868365029
ETHUSDT_lower5_all_h24,ETH all 24H,phase2_lower5_best,ETHUSDT,lower,5pct,long,all,-2.5346979200,6,24,2021-06-18 12:00,2021-06-18 16:00,2021-06-19 12:00,-4.6267367264,Q4_higher,1.6455742711,2215.0000000000,2214.9900000000,2246.6600000000,2139.0000000000,2278.8200000000,-0.0004514683,1.4192265396,1.4196780078,-3.4909458714,2.8409876320
ETHUSDT_lower5_all_h24,ETH all 24H,phase2_lower5_best,ETHUSDT,lower,5pct,long,all,-2.5346979200,6,24,2021-06-18 16:00,2021-06-18 20:00,2021-06-19 16:00,-2.7730857698,Q4_higher,1.6908763036,2154.4200000000,2154.4200000000,2221.1800000000,2150.7600000000,2278.8200000000,0.0000000000,3.0517040404,3.0517040404,-0.1700277750,5.6136219335
ETHUSDT_lower5_all_h24,ETH all 24H,phase2_lower5_best,ETHUSDT,lower,5pct,long,all,-2.5346979200,6,24,2021-06-19 20:00,2021-06-20 00:00,2021-06-20 20:00,-2.5770661309,Q5_high,2.0913225117,2164.6700000000,2165.3400000000,2243.4700000000,2040.6800000000,2280.0100000000,0.0309468110,3.5755849487,3.5446381377,-5.9294307358,5.1602435917
ETHUSDT_lower5_all_h24,ETH all 24H,phase2_lower5_best,ETHUSDT,lower,5pct,long,all,-2.5346979200,6,24,2021-06-20 08:00,2021-06-20 12:00,2021-06-21 08:00,-6.0646174066,Q5_high,2.3226502122,2074.2800000000,2074.2800000000,1969.1500000000,1891.2400000000,2280.0100000000,0.0000000000,-5.2012127959,-5.2012127959,-9.2381406918,9.4565723405
ETHUSDT_lower5_all_h24,ETH all 24H,phase2_lower5_best,ETHUSDT,lower,5pct,long,all,-2.5346979200,6,24,2021-06-21 00:00,2021-06-21 04:00,2021-06-22 00:00,-3.9272955020,Q5_high,2.7795076980,2157.0700000000,2156.6300000000,1976.1800000000,1857.9400000000,2162.4700000000,-0.0204001206,-8.7585131066,-8.7381129860,-14.9078471072,0.2704268741
ETHUSDT_lower5_all_h24,ETH all 24H,phase2_lower5_best,ETHUSDT,lower,5pct,long,all,-2.5346979200,6,24,2021-06-21 04:00,2021-06-21 08:00,2021-06-22 04:00,-6.9407872264,Q5_high,3.1009995879,2012.4300000000,2012.5300000000,1944.7100000000,1857.9400000000,2055.0000000000,0.0049689935,-3.4230081400,-3.4279771335,-7.9924289949,2.0883210916
ETHUSDT_lower5_all_h24,ETH all 24H,phase2_lower5_best,ETHUSDT,lower,5pct,long,all,-2.5346979200,6,24,2021-06-21 20:00,2021-06-22 00:00,2021-06-22 20:00,-3.0313027901,Q5_high,3.0608160978,1885.4900000000,1885.2700000000,1879.2800000000,1700.4800000000,1998.0000000000,-0.0116687352,-0.3299009306,-0.3182321954,-10.3160482568,5.8075633509
ETHUSDT_lower5_all_h24,ETH all 24H,phase2_lower5_best,ETHUSDT,lower,5pct,long,all,-2.5346979200,6,24,2021-06-22 08:00,2021-06-22 12:00,2021-06-23 08:00,-4.0812138772,Q5_high,3.1996563829,1866.9400000000,1866.9400000000,1991.5400000000,1700.4800000000,2045.0000000000,0.0000000000,6.4607481876,6.4607481876,-9.3390162776,9.1097062570
ETHUSDT_lower5_all_h24,ETH all 24H,phase2_lower5_best,ETHUSDT,lower,5pct,long,all,-2.5346979200,6,24,2021-06-23 16:00,2021-06-23 20:00,2021-06-24 16:00,-2.9890254311,Q5_high,3.3423192484,1916.5200000000,1916.5200000000,2011.5800000000,1884.7900000000,2036.6100000000,0.0000000000,4.8409441458,4.8409441458,-1.6694632616,6.0775619414
ETHUSDT_lower5_all_h24,ETH all 24H,phase2_lower5_best,ETHUSDT,lower,5pct,long,all,-2.5346979200,6,24,2021-06-24 00:00,2021-06-24 04:00,2021-06-25 00:00,-3.2601676403,Q5_high,3.1750520332,1905.0100000000,1905.0100000000,1995.4500000000,1895.3700000000,2036.6100000000,0.0000000000,4.6382330907,4.6382330907,-0.5073187774,6.6799402979
ETHUSDT_lower5_all_h24,ETH all 24H,phase2_lower5_best,ETHUSDT,lower,5pct,long,all,-2.5346979200,6,24,2021-06-25 04:00,2021-06-25 08:00,2021-06-26 04:00,-2.6091019056,Q5_high,2.6833988522,1944.0600000000,1944.0200000000,1752.0000000000,1745.0000000000,1947.3700000000,-0.0020575708,-10.4020577245,-10.4000001537,-10.8003438397,0.1721750237
ETHUSDT_lower5_all_h24,ETH all 24H,phase2_lower5_best,ETHUSDT,lower,5pct,long,all,-2.5346979200,6,24,2021-06-25 08:00,2021-06-25 12:00,2021-06-26 08:00,-4.7978019125,Q5_high,2.6769783054,1852.9900000000,1852.9900000000,1802.1700000000,1717.3200000000,1880.0000000000,0.0000000000,-2.7809056276,-2.7809056276,-7.6035614506,1.4471226207
ETHUSDT_lower5_all_h24,ETH all 24H,phase2_lower5_best,ETHUSDT,lower,5pct,long,all,-2.5346979200,6,24,2021-06-26 04:00,2021-06-26 08:00,2021-06-27 04:00,-3.7715805443,Q5_high,2.6747331735,1752.0000000000,1751.9600000000,1867.3300000000,1717.3200000000,1894.8200000000,-0.0022831311,6.3751610577,6.3774441888,-1.9970225075,7.8388686012
ETHUSDT_lower5_all_h24,ETH all 24H,phase2_lower5_best,ETHUSDT,lower,5pct,long,all,-2.5346979200,6,24,2021-06-29 20:00,2021-06-30 00:00,2021-06-30 20:00,-2.5636877026,Q5_high,2.7553779451,2165.3300000000,2165.4600000000,2275.6800000000,2087.9900000000,2287.7800000000,0.0060035236,4.9706134059,4.9646098822,-3.6430929280,5.4949105031
ETHUSDT_lower5_all_h24,ETH all 24H,phase2_lower5_best,ETHUSDT,lower,5pct,long,all,-2.5346979200,6,24,2021-07-01 00:00,2021-07-01 04:00,2021-07-02 00:00,-4.0759194751,Q5_high,3.2506795823,2184.7900000000,2184.7900000000,2041.2000000000,2033.9600000000,2234.8100000000,0.0000000000,-6.7981843881,-6.7981843881,-7.1535082339,2.2636499177
ETHUSDT_lower5_all_h24,ETH all 24H,phase2_lower5_best,ETHUSDT,lower,5pct,long,all,-2.5346979200,6,24,2021-07-01 04:00,2021-07-01 08:00,2021-07-02 04:00,-2.5862631148,Q5_high,2.8203507179,2129.0100000000,2129.0100000000,2061.4900000000,2018.5000000000,2147.0100000000,0.0000000000,-3.2228060625,-3.2228060625,-5.3302421630,0.8419093606
ETHUSDT_lower5_all_h24,ETH all 24H,phase2_lower5_best,ETHUSDT,lower,5pct,long,all,-2.5346979200,6,24,2021-07-02 00:00,2021-07-02 04:00,2021-07-03 00:00,-3.1447206417,Q5_high,2.4001181252,2041.2000000000,2041.1900000000,2131.1600000000,2018.5000000000,2166.0000000000,-0.0004899091,4.3128562211,4.3133461302,-1.1178309806,5.9349177462
ETHUSDT_lower5_all_h24,ETH all 24H,phase2_lower5_best,ETHUSDT,lower,5pct,long,all,-2.5346979200,6,24,2021-07-05 00:00,2021-07-05 04:00,2021-07-06 00:00,-2.5504501094,Q5_high,2.1096619811,2264.2000000000,2264.4500000000,2238.1700000000,2157.3200000000,2308.9100000000,0.0110408179,-1.1562927978,-1.1673336157,-4.8465193242,1.9443647859
ETHUSDT_lower5_all_h24,ETH all 24H,phase2_lower5_best,ETHUSDT,lower,5pct,long,all,-2.5346979200,6,24,2021-07-05 08:00,2021-07-05 12:00,2021-07-06 08:00,-3.5298203445,Q5_high,2.1449465022,2194.9100000000,2194.9100000000,2293.9100000000,2157.3200000000,2350.0000000000,0.0000000000,4.4116741748,4.4116741748,-1.7274332809,6.8274284747
ETHUSDT_lower5_all_h24,ETH all 24H,phase2_lower5_best,ETHUSDT,lower,5pct,long,all,-2.5346979200,6,24,2021-07-08 00:00,2021-07-08 04:00,2021-07-09 00:00,-2.7665207783,Q5_high,1.9835361684,2253.3600000000,2253.3600000000,2121.4200000000,2046.5100000000,2253.3700000000,0.0000000000,-6.0336759855,-6.0336759855,-9.6286532306,0.0004437807
ETHUSDT_lower5_all_h24,ETH all 24H,phase2_lower5_best,ETHUSDT,lower,5pct,long,all,-2.5346979200,6,24,2021-07-08 04:00,2021-07-08 08:00,2021-07-09 04:00,-3.2143885286,Q5_high,2.0773850906,2182.0800000000,2182.0800000000,2126.2200000000,2046.5100000000,2195.0000000000,0.0000000000,-2.5932795069,-2.5932795069,-6.4142647020,0.5903496177
ETHUSDT_lower5_all_h24,ETH all 24H,phase2_lower5_best,ETHUSDT,lower,5pct,long,all,-2.5346979200,6,24,2021-07-12 16:00,2021-07-12 20:00,2021-07-13 16:00,-3.2716212758,Q4_higher,1.5529505427,2020.3100000000,2020.1200000000,1924.3200000000,1918.0000000000,2047.3500000000,-0.0094049396,-4.8678306405,-4.8584257009,-5.1873939128,1.3389358399
ETHUSDT_lower5_all_h24,ETH all 24H,phase2_lower5_best,ETHUSDT,lower,5pct,long,all,-2.5346979200,6,24,2021-07-13 16:00,2021-07-13 20:00,2021-07-14 16:00,-3.8044381480,Q3_mid,1.3845773790,1924.3200000000,1924.3300000000,1980.2200000000,1865.0000000000,2019.1800000000,0.0005196627,2.8635291065,2.8630094438,-3.1316802112,4.8113633195
ETHUSDT_lower5_all_h24,ETH all 24H,phase2_lower5_best,ETHUSDT,lower,5pct,long,all,-2.5346979200,6,24,2021-07-14 00:00,2021-07-14 04:00,2021-07-15 00:00,-2.9192969623,Q4_higher,1.4990061586,1884.3300000000,1884.2100000000,1979.2800000000,1865.3100000000,2042.8800000000,-0.0063685141,4.9160822160,4.9224507301,-1.0081375789,8.0851942049
ETHUSDT_lower5_all_h24,ETH all 24H,phase2_lower5_best,ETHUSDT,lower,5pct,long,all,-2.5346979200,6,24,2021-07-16 08:00,2021-07-16 12:00,2021-07-17 08:00,-3.1983686386,Q4_higher,1.7576608908,1852.2700000000,1852.2600000000,1864.4700000000,1844.4500000000,1940.0000000000,-0.0005398796,0.6564916468,0.6570315263,-0.4225385069,4.6281457936
ETHUSDT_lower5_all_h24,ETH all 24H,phase2_lower5_best,ETHUSDT,lower,5pct,long,all,-2.5346979200,6,24,2021-07-18 12:00,2021-07-18 16:00,2021-07-19 12:00,-3.8760702673,Q5_high,2.0827795883,1890.8600000000,1891.0000000000,1820.2500000000,1805.0000000000,1928.5700000000,0.0074037643,-3.8057897741,-3.8131935384,-4.6545197891,1.9673005972
ETHUSDT_lower5_all_h24,ETH all 24H,phase2_lower5_best,ETHUSDT,lower,5pct,long,all,-2.5346979200,6,24,2021-07-20 00:00,2021-07-20 04:00,2021-07-21 00:00,-5.0832408022,Q5_high,1.9389190816,1728.5900000000,1728.6000000000,1801.8700000000,1718.6400000000,1819.8800000000,0.0005785045,4.1518967228,4.1513182183,-0.5778551952,5.1458732513
ETHUSDT_lower5_all_h24,ETH all 24H,phase2_lower5_best,ETHUSDT,lower,5pct,long,all,-2.5346979200,6,24,2021-07-26 20:00,2021-07-27 00:00,2021-07-27 20:00,-5.8656339896,Q5_high,2.3426602652,2228.0800000000,2227.8100000000,2299.4900000000,2150.5000000000,2319.2600000000,-0.0121187911,3.1547131154,3.1668319065,-3.5318666911,4.0229129128
ETHUSDT_lower5_all_h24,ETH all 24H,phase2_lower5_best,ETHUSDT,lower,5pct,long,all,-2.5346979200,6,24,2021-07-30 08:00,2021-07-30 12:00,2021-07-31 08:00,-2.9319593817,Q4_higher,1.7112807339,2334.8400000000,2335.1500000000,2458.5800000000,2322.8400000000,2483.3800000000,0.0132762597,5.1640581218,5.1507818621,-0.5285553923,6.1544406607
ETHUSDT_lower5_all_h24,ETH all 24H,phase2_lower5_best,ETHUSDT,lower,5pct,long,all,-2.5346979200,6,24,2021-08-01 20:00,2021-08-02 00:00,2021-08-02 20:00,-3.8333309335,Q5_high,1.9942351034,2555.6900000000,2555.5000000000,2606.9300000000,2507.0000000000,2666.0000000000,-0.0074346679,1.9851037900,1.9925384578,-1.9161080050,4.2331322530
ETHUSDT_lower5_all_h24,ETH all 24H,phase2_lower5_best,ETHUSDT,lower,5pct,long,all,-2.5346979200,6,24,2021-08-03 00:00,2021-08-03 04:00,2021-08-04 00:00,-2.8496545617,Q5_high,1.9589699433,2533.6900000000,2533.6800000000,2484.8200000000,2442.3200000000,2545.0300000000,-0.0003946821,-1.9476515871,-1.9472569050,-3.6724384133,0.4469646385
ETHUSDT_lower5_all_h24,ETH all 24H,phase2_lower5_best,ETHUSDT,lower,5pct,long,all,-2.5346979200,6,24,2021-08-11 20:00,2021-08-12 00:00,2021-08-12 20:00,-2.7817055305,Q4_higher,1.8548343228,3160.5000000000,3160.4000000000,3045.9600000000,2979.2900000000,3239.0000000000,-0.0031641064,-3.6914120520,-3.6882479456,-5.9013584770,2.4566038323
ETHUSDT_lower5_all_h24,ETH all 24H,phase2_lower5_best,ETHUSDT,lower,5pct,long,all,-2.5346979200,6,24,2021-08-15 04:00,2021-08-15 08:00,2021-08-16 04:00,-2.6875821865,Q4_higher,1.7233111251,3161.5000000000,3161.5000000000,3276.1600000000,3111.1300000000,3335.0000000000,0.0000000000,3.5625406330,3.5625406330,-1.6060594267,5.3426080851
ETHUSDT_lower5_all_h24,ETH all 24H,phase2_lower5_best,ETHUSDT,lower,5pct,long,all,-2.5346979200,6,24,2021-08-17 12:00,2021-08-17 16:00,2021-08-18 12:00,-2.8612388786,Q4_higher,1.6329832624,3165.8200000000,3165.8300000000,3111.2300000000,2950.0000000000,3190.6800000000,0.0003158734,-1.7393959373,-1.7397118108,-7.0610094151,0.7818795722
ETHUSDT_lower5_all_h24,ETH all 24H,phase2_lower5_best,ETHUSDT,lower,5pct,long,all,-2.5346979200,6,24,2021-08-17 20:00,2021-08-18 00:00,2021-08-18 20:00,-3.4330782322,Q4_higher,1.7493001081,3011.7200000000,3011.7300000000,3014.5500000000,2950.0000000000,3125.8100000000,0.0003320356,0.0939221179,0.0935900823,-2.0709494134,3.7178785116
ETHUSDT_lower5_all_h24,ETH all 24H,phase2_lower5_best,ETHUSDT,lower,5pct,long,all,-2.5346979200,6,24,2021-08-18 16:00,2021-08-18 20:00,2021-08-19 16:00,-2.6188235866,Q5_high,2.0041943447,3030.8100000000,3030.8000000000,3147.5800000000,2958.3300000000,3163.5700000000,-0.0003299453,3.7803993082,3.7807292536,-2.4201691143,4.2874525675
ETHUSDT_lower5_all_h24,ETH all 24H,phase2_lower5_best,ETHUSDT,lower,5pct,long,all,-2.5346979200,6,24,2021-08-24 12:00,2021-08-24 16:00,2021-08-25 12:00,-3.4120425820,Q3_mid,1.4254500798,3211.5400000000,3211.5400000000,3217.1700000000,3080.0000000000,3230.0000000000,0.0000000000,0.1751518248,0.1751518248,-4.1820975892,0.5731564357
ETHUSDT_lower5_all_h24,ETH all 24H,phase2_lower5_best,ETHUSDT,lower,5pct,long,all,-2.5346979200,6,24,2021-08-30 20:00,2021-08-31 00:00,2021-08-31 20:00,-3.3947376167,Q4_higher,1.4647497404,3229.6400000000,3229.1400000000,3429.2000000000,3188.7700000000,3476.0000000000,-0.0154828002,5.9956321908,6.0111149910,-1.2580585408,7.3666359490
ETHUSDT_lower5_all_h24,ETH all 24H,phase2_lower5_best,ETHUSDT,lower,5pct,long,all,-2.5346979200,6,24,2021-09-07 08:00,2021-09-07 12:00,2021-09-08 08:00,-3.5289780299,Q2_lower,1.1281835522,3749.1800000000,3749.2100000000,3406.2600000000,3005.0000000000,3774.9800000000,0.0008001718,-9.5922234200,-9.5930235917,-22.1267583135,0.6849933551
ETHUSDT_lower5_all_h24,ETH all 24H,phase2_lower5_best,ETHUSDT,lower,5pct,long,all,-2.5346979200,6,24,2021-09-07 12:00,2021-09-07 16:00,2021-09-08 12:00,-8.2380615744,Q5_high,2.1159057204,3452.7000000000,3453.8900000000,3419.3500000000,3215.1600000000,3576.0000000000,0.0344598423,-0.9706059129,-1.0050657552,-7.1624008914,3.4743725228
ETHUSDT_lower5_all_h24,ETH all 24H,phase2_lower5_best,ETHUSDT,lower,5pct,long,all,-2.5346979200,6,24,2021-09-08 04:00,2021-09-08 08:00,2021-09-09 04:00,-5.1472517297,Q5_high,2.3152593863,3258.2200000000,3258.6500000000,3499.4200000000,3215.1600000000,3560.0000000000,0.0131965192,7.1416206488,7.1284241296,-1.3435876012,8.8447545682
ETHUSDT_lower5_all_h24,ETH all 24H,phase2_lower5_best,ETHUSDT,lower,5pct,long,all,-2.5346979200,6,24,2021-09-10 12:00,2021-09-10 16:00,2021-09-11 12:00,-3.0576630470,Q5_high,2.7733006404,3298.9900000000,3299.0000000000,3311.0000000000,3150.0000000000,3348.3700000000,0.0003031226,0.3633897545,0.3630866319,-4.6216939409,1.4854268014
ETHUSDT_lower5_all_h24,ETH all 24H,phase2_lower5_best,ETHUSDT,lower,5pct,long,all,-2.5346979200,6,24,2021-09-10 20:00,2021-09-11 00:00,2021-09-11 20:00,-3.1413047729,Q5_high,2.1331437363,3208.8600000000,3208.8500000000,3267.2100000000,3200.0000000000,3348.3700000000,-0.0003116376,1.8020675831,1.8023792207,-0.2761807696,4.2561042759
ETHUSDT_lower5_all_h24,ETH all 24H,phase2_lower5_best,ETHUSDT,lower,5pct,long,all,-2.5346979200,6,24,2021-09-13 00:00,2021-09-13 04:00,2021-09-14 00:00,-4.3991476026,Q4_higher,1.8192900466,3257.7000000000,3257.7000000000,3291.3300000000,3108.4900000000,3388.2200000000,0.0000000000,1.0270313498,1.0270313498,-4.6884347172,3.9283284838
ETHUSDT_lower5_all_h24,ETH all 24H,phase2_lower5_best,ETHUSDT,lower,5pct,long,all,-2.5346979200,6,24,2021-09-19 08:00,2021-09-19 12:00,2021-09-20 08:00,-3.3853246995,Q3_mid,1.2977646423,3326.1900000000,3326.1900000000,3042.4500000000,3011.0000000000,3381.8400000000,0.0000000000,-8.9164392925,-8.9164392925,-9.9555255316,1.6592435257
ETHUSDT_lower5_all_h24,ETH all 24H,phase2_lower5_best,ETHUSDT,lower,5pct,long,all,-2.5346979200,6,24,2021-09-20 00:00,2021-09-20 04:00,2021-09-21 00:00,-4.3449528924,Q4_higher,1.4427674255,3187.0900000000,3187.0000000000,2998.7800000000,2807.1800000000,3219.0000000000,-0.0028239325,-6.0902735470,-6.0874496145,-12.6899614711,0.9990716881
ETHUSDT_lower5_all_h24,ETH all 24H,phase2_lower5_best,ETHUSDT,lower,5pct,long,all,-2.5346979200,6,24,2021-09-20 08:00,2021-09-20 12:00,2021-09-21 08:00,-2.7458934734,Q4_higher,1.5285645790,3042.4500000000,3042.2000000000,3062.7200000000,2807.1800000000,3124.1000000000,-0.0082173995,0.6640298135,0.6722472130,-8.0400517171,2.6565303813
ETHUSDT_lower5_all_h24,ETH all 24H,phase2_lower5_best,ETHUSDT,lower,5pct,long,all,-2.5346979200,6,24,2021-09-20 20:00,2021-09-21 00:00,2021-09-21 20:00,-3.1325193653,Q4_higher,1.6634581063,2977.2800000000,2977.3200000000,2765.9000000000,2652.0000000000,3105.8300000000,0.0013434991,-7.3644052729,-7.3657487720,-11.5709494696,4.2257423434
ETHUSDT_lower5_all_h24,ETH all 24H,phase2_lower5_best,ETHUSDT,lower,5pct,long,all,-2.5346979200,6,24,2021-09-21 16:00,2021-09-21 20:00,2021-09-22 16:00,-5.0128020522,Q5_high,1.9495931889,2886.8400000000,2886.7500000000,3023.7300000000,2652.0000000000,3088.8800000000,-0.0031176443,4.6328690324,4.6359866767,-8.4817229526,6.7677263809
ETHUSDT_lower5_all_h24,ETH all 24H,phase2_lower5_best,ETHUSDT,lower,5pct,long,all,-2.5346979200,6,24,2021-09-21 20:00,2021-09-22 00:00,2021-09-22 20:00,-4.2796398994,Q5_high,2.0834567666,2765.9000000000,2766.7200000000,3076.9200000000,2737.5400000000,3088.8800000000,0.0296423758,10.6563017353,10.6266593595,-1.0602796149,11.0146062601
ETHUSDT_lower5_all_h24,ETH all 24H,phase2_lower5_best,ETHUSDT,lower,5pct,long,all,-2.5346979200,6,24,2021-09-23 08:00,2021-09-23 12:00,2021-09-24 08:00,-2.7622567051,Q5_high,2.5543255421,3060.2400000000,3060.3100000000,2827.9100000000,2733.0000000000,3174.5000000000,0.0022873761,-7.8955421344,-7.8978295106,-11.3116311077,3.6633921606
ETHUSDT_lower5_all_h24,ETH all 24H,phase2_lower5_best,ETHUSDT,lower,5pct,long,all,-2.5346979200,6,24,2021-09-24 08:00,2021-09-24 12:00,2021-09-25 08:00,-8.7927417391,Q5_high,3.1384465224,2827.9100000000,2827.9700000000,2913.1200000000,2768.6200000000,2979.9900000000,0.0021216858,2.9686748857,2.9665531999,-2.1210138661,5.2360805033
ETHUSDT_lower5_all_h24,ETH all 24H,phase2_lower5_best,ETHUSDT,lower,5pct,long,all,-2.5346979200,6,24,2021-09-26 04:00,2021-09-26 08:00,2021-09-27 04:00,-3.3251929959,Q5_high,2.4493939700,2772.7700000000,2773.0600000000,3091.2900000000,2738.4500000000,3164.9400000000,0.0104583083,10.8741658987,10.8637075903,-1.2559336711,13.2182694455
ETHUSDT_lower5_all_h24,ETH all 24H,phase2_lower5_best,ETHUSDT,lower,5pct,long,all,-2.5346979200,6,24,2021-09-28 12:00,2021-09-28 16:00,2021-09-29 12:00,-2.8557527001,Q5_high,2.3341612709,2844.4000000000,2844.4000000000,2861.1900000000,2789.0000000000,2950.0000000000,0.0000000000,0.5885473182,0.5885473182,-1.9669040382,3.6453021325
ETHUSDT_lower5_all_h24,ETH all 24H,phase2_lower5_best,ETHUSDT,lower,5pct,long,all,-2.5346979200,6,24,2021-10-10 20:00,2021-10-11 00:00,2021-10-11 20:00,-3.2923788624,Q2_lower,1.0247423479,3414.2200000000,3414.2200000000,3542.1200000000,3371.0000000000,3623.8000000000,0.0000000000,3.6776355116,3.6776355116,-1.2739626583,5.9574136185
ETHUSDT_lower5_all_h24,ETH all 24H,phase2_lower5_best,ETHUSDT,lower,5pct,long,all,-2.5346979200,6,24,2021-10-21 12:00,2021-10-21 16:00,2021-10-22 12:00,-2.9364133783,Q4_higher,1.7363300294,4090.0000000000,4090.0000000000,3966.5200000000,3961.1100000000,4167.4100000000,0.0000000000,-3.0655834079,-3.0655834079,-3.2020681036,1.8749769674
ETHUSDT_lower5_all_h24,ETH all 24H,phase2_lower5_best,ETHUSDT,lower,5pct,long,all,-2.5346979200,6,24,2021-10-22 12:00,2021-10-22 16:00,2021-10-23 12:00,-3.9249608439,Q5_high,1.9250480533,3966.5200000000,3966.5300000000,4086.6000000000,3888.0000000000,4097.5000000000,0.0002521098,2.9824192517,2.9821671419,-1.9996770476,3.2485374562
ETHUSDT_lower5_all_h24,ETH all 24H,phase2_lower5_best,ETHUSDT,lower,5pct,long,all,-2.5346979200,6,24,2021-10-27 08:00,2021-10-27 12:00,2021-10-28 08:00,-3.5496435571,Q3_mid,1.3940212119,3992.0900000000,3992.0900000000,4151.9500000000,3890.1700000000,4174.3400000000,0.0000000000,3.9263200117,3.9263200117,-2.5862044810,4.4641358689
ETHUSDT_lower5_all_h24,ETH all 24H,phase2_lower5_best,ETHUSDT,lower,5pct,long,all,-2.5346979200,6,24,2021-10-31 08:00,2021-10-31 12:00,2021-11-01 08:00,-2.5965491943,Q4_higher,1.6121285970,4207.4800000000,4207.7100000000,4315.0000000000,4146.3000000000,4354.3300000000,0.0054663056,2.5233430880,2.5178767825,-1.4702186415,3.4252195604
ETHUSDT_lower5_all_h24,ETH all 24H,phase2_lower5_best,ETHUSDT,lower,5pct,long,all,-2.5346979200,6,24,2021-11-10 16:00,2021-11-10 20:00,2021-11-11 16:00,-2.9595714560,Q2_lower,1.1326382452,4705.3700000000,4705.6500000000,4758.9800000000,4461.9300000000,4779.0000000000,0.0059504708,1.1328949876,1.1269445168,-5.3182506544,1.5467405197
ETHUSDT_lower5_all_h24,ETH all 24H,phase2_lower5_best,ETHUSDT,lower,5pct,long,all,-2.5346979200,6,24,2021-11-16 00:00,2021-11-16 04:00,2021-11-17 00:00,-5.7310775936,Q4_higher,1.5670883438,4309.5800000000,4309.5900000000,4122.1100000000,4063.4800000000,4367.2700000000,0.0002320409,-4.4475283385,-4.4477603794,-5.8803022647,1.3295327953
ETHUSDT_lower5_all_h24,ETH all 24H,phase2_lower5_best,ETHUSDT,lower,5pct,long,all,-2.5346979200,6,24,2021-11-18 12:00,2021-11-18 16:00,2021-11-19 12:00,-2.8539403873,Q4_higher,1.7387281226,4071.7700000000,4071.7600000000,4216.1700000000,3956.4400000000,4238.5000000000,-0.0002455937,3.4849338654,3.4851794592,-2.8730707381,4.0134094651
ETHUSDT_lower5_all_h24,ETH all 24H,phase2_lower5_best,ETHUSDT,lower,5pct,long,all,-2.5346979200,6,24,2021-11-22 16:00,2021-11-22 20:00,2021-11-23 16:00,-4.1005432798,Q4_higher,1.8443622410,4066.3900000000,4066.2300000000,4355.8600000000,4022.7400000000,4359.4100000000,-0.0039347713,6.8766437007,6.8805784720,-1.0753017764,6.9620446847
ETHUSDT_lower5_all_h24,ETH all 24H,phase2_lower5_best,ETHUSDT,lower,5pct,long,all,-2.5346979200,6,24,2021-11-26 08:00,2021-11-26 12:00,2021-11-27 08:00,-8.6021242998,Q5_high,2.4974864353,3985.4400000000,3984.9200000000,4111.8200000000,3913.0000000000,4183.6600000000,-0.0130483441,3.1218032676,3.1348516117,-1.8212893530,4.8669224752
ETHUSDT_lower5_all_h24,ETH all 24H,phase2_lower5_best,ETHUSDT,lower,5pct,long,all,-2.5346979200,6,24,2021-12-03 12:00,2021-12-03 16:00,2021-12-04 12:00,-3.1704495599,Q4_higher,1.7379134012,4468.1500000000,4468.1400000000,4036.5400000000,3503.6800000000,4468.7400000000,-0.0002238065,-10.1586563333,-10.1584325267,-24.3158369943,0.0134275049
ETHUSDT_lower5_all_h24,ETH all 24H,phase2_lower5_best,ETHUSDT,lower,5pct,long,all,-2.5346979200,6,24,2021-12-03 16:00,2021-12-03 20:00,2021-12-04 16:00,-5.5053823109,Q5_high,1.9033033648,4228.8100000000,4228.8200000000,4117.3600000000,3503.6800000000,4288.1100000000,0.0002364729,-2.6708448325,-2.6710813054,-18.8109149628,1.3923082094
ETHUSDT_lower5_all_h24,ETH all 24H,phase2_lower5_best,ETHUSDT,lower,5pct,long,all,-2.5346979200,6,24,2021-12-04 00:00,2021-12-04 04:00,2021-12-05 00:00,-3.8102955259,Q5_high,1.9968369361,4058.1200000000,4058.1200000000,4162.8000000000,3503.6800000000,4179.5600000000,0.0000000000,2.5468112598,2.5468112598,-14.6905967481,2.9486165654
ETHUSDT_lower5_all_h24,ETH all 24H,phase2_lower5_best,ETHUSDT,lower,5pct,long,all,-2.5346979200,6,24,2021-12-04 04:00,2021-12-04 08:00,2021-12-05 04:00,-4.1408747769,Q5_high,2.1404048677,3893.5100000000,3893.5100000000,4199.5200000000,3823.9800000000,4229.6300000000,0.0000000000,7.5659168629,7.5659168629,-1.8019299365,8.2803454368
ETHUSDT_lower5_all_h24,ETH all 24H,phase2_lower5_best,ETHUSDT,lower,5pct,long,all,-2.5346979200,6,24,2021-12-05 12:00,2021-12-05 16:00,2021-12-06 12:00,-3.0020961757,Q5_high,2.3575672574,4070.0700000000,4070.0700000000,4125.4100000000,3921.0000000000,4204.2700000000,0.0000000000,1.3505210463,1.3505210463,-3.7313475014,3.2440477177
ETHUSDT_lower5_all_h24,ETH all 24H,phase2_lower5_best,ETHUSDT,lower,5pct,long,all,-2.5346979200,6,24,2021-12-10 04:00,2021-12-10 08:00,2021-12-11 04:00,-2.6886530827,Q4_higher,1.5531807029,4031.0100000000,4031.3500000000,3977.7900000000,3828.2200000000,4231.0800000000,0.0084342550,-1.3290576215,-1.3374918764,-5.1701364252,4.8355972163
ETHUSDT_lower5_all_h24,ETH all 24H,phase2_lower5_best,ETHUSDT,lower,5pct,long,all,-2.5346979200,6,24,2021-12-10 12:00,2021-12-10 16:00,2021-12-11 12:00,-3.2747323289,Q4_higher,1.8590803978,4022.9000000000,4022.9100000000,4058.0800000000,3828.2200000000,4086.9000000000,0.0002485766,0.8706919767,0.8704434001,-4.9605578149,1.5781215105
ETHUSDT_lower5_all_h24,ETH all 24H,phase2_lower5_best,ETHUSDT,lower,5pct,long,all,-2.5346979200,6,24,2021-12-10 20:00,2021-12-11 00:00,2021-12-11 20:00,-2.9977606441,Q5_high,1.9052123826,3897.9400000000,3898.3100000000,4089.3700000000,3828.2200000000,4097.0800000000,0.0094917428,4.7942715502,4.7847798074,-1.8143182683,4.9731398971
ETHUSDT_lower5_all_h24,ETH all 24H,phase2_lower5_best,ETHUSDT,lower,5pct,long,all,-2.5346979200,6,24,2021-12-13 00:00,2021-12-13 04:00,2021-12-14 00:00,-3.2903469313,Q5_high,1.9736333230,3996.3200000000,3996.3200000000,3775.1400000000,3671.4500000000,4046.9900000000,0.0000000000,-5.6936469554,-5.6936469554,-8.4787258255,1.2599457264
ETHUSDT_lower5_all_h24,ETH all 24H,phase2_lower5_best,ETHUSDT,lower,5pct,long,all,-2.5346979200,6,24,2021-12-13 12:00,2021-12-13 16:00,2021-12-14 12:00,-5.1213915537,Q5_high,2.1937628725,3810.9900000000,3810.9900000000,3785.9500000000,3671.4500000000,3875.1200000000,0.0000000000,-0.6592151756,-0.6592151756,-3.7302318500,1.6687632163
ETHUSDT_lower5_all_h24,ETH all 24H,phase2_lower5_best,ETHUSDT,lower,5pct,long,all,-2.5346979200,6,24,2021-12-15 12:00,2021-12-15 16:00,2021-12-16 12:00,-5.1070280928,Q5_high,2.0324934501,3659.3800000000,3659.3800000000,4082.0000000000,3643.7300000000,4113.4300000000,0.0000000000,10.9293330231,10.9293330231,-0.4285851906,11.6963496187
ETHUSDT_lower5_all_h24,ETH all 24H,phase2_lower5_best,ETHUSDT,lower,5pct,long,all,-2.5346979200,6,24,2021-12-29 20:00,2021-12-30 00:00,2021-12-30 20:00,-2.5964397002,Q2_lower,0.9863096764,3630.1900000000,3630.1800000000,3709.2700000000,3585.0000000000,3769.1000000000,-0.0002754681,2.1550103255,2.1552857936,-1.2523759773,3.7554012345
ETHUSDT_lower5_all_h24,ETH all 24H,phase2_lower5_best,ETHUSDT,lower,5pct,long,all,-2.5346979200,6,24,2021-12-31 16:00,2021-12-31 20:00,2022-01-01 16:00,-4.2746198303,Q4_higher,1.4912680805,3626.2700000000,3626.2100000000,3747.6100000000,3622.2900000000,3766.0000000000,-0.0016546064,3.2913731688,3.2930277752,-0.1081603196,3.7825404521
ETHUSDT_lower5_all_h24,ETH all 24H,phase2_lower5_best,ETHUSDT,lower,5pct,long,all,-2.5346979200,6,24,2022-01-05 16:00,2022-01-05 20:00,2022-01-06 16:00,-4.4326147909,Q3_mid,1.3421791035,3655.3000000000,3655.2900000000,3447.2900000000,3300.0000000000,3666.1400000000,-0.0002735757,-5.8589754052,-5.8587018295,-10.2252964947,0.2963904030
ETHUSDT_lower5_all_h24,ETH all 24H,phase2_lower5_best,ETHUSDT,lower,5pct,long,all,-2.5346979200,6,24,2022-01-05 20:00,2022-01-06 00:00,2022-01-06 20:00,-3.1873491763,Q4_higher,1.4821913934,3540.6300000000,3539.8200000000,3406.8100000000,3300.0000000000,3550.4300000000,-0.0228799018,-3.8528307827,-3.8299508809,-7.0153409923,0.2992844517
ETHUSDT_lower5_all_h24,ETH all 24H,phase2_lower5_best,ETHUSDT,lower,5pct,long,all,-2.5346979200,6,24,2022-01-06 00:00,2022-01-06 04:00,2022-01-07 00:00,-2.6269634323,Q4_higher,1.5523720323,3448.8300000000,3448.8300000000,3238.7400000000,3227.8200000000,3480.4200000000,0.0000000000,-6.2850677812,-6.2850677812,-6.6228056320,0.9117933068
ETHUSDT_lower5_all_h24,ETH all 24H,phase2_lower5_best,ETHUSDT,lower,5pct,long,all,-2.5346979200,6,24,2022-01-06 08:00,2022-01-06 12:00,2022-01-07 08:00,-3.0470074752,Q4_higher,1.6285612754,3349.4900000000,3349.4900000000,3225.6800000000,3113.2500000000,3461.3300000000,0.0000000000,-3.7664314707,-3.7664314707,-7.3140898822,3.2844812832
ETHUSDT_lower5_all_h24,ETH all 24H,phase2_lower5_best,ETHUSDT,lower,5pct,long,all,-2.5346979200,6,24,2022-01-07 00:00,2022-01-07 04:00,2022-01-08 00:00,-5.0592004308,Q5_high,1.9817748703,3238.7400000000,3238.7400000000,3203.5000000000,3064.4200000000,3289.0000000000,0.0000000000,-1.0940403182,-1.0940403182,-5.5326047076,1.5399201928
ETHUSDT_lower5_all_h24,ETH all 24H,phase2_lower5_best,ETHUSDT,lower,5pct,long,all,-2.5346979200,6,24,2022-01-07 12:00,2022-01-07 16:00,2022-01-08 12:00,-2.9570985793,Q5_high,2.0186633781,3131.6900000000,3131.6900000000,3160.7200000000,3091.0000000000,3250.0000000000,0.0000000000,0.9227054805,0.9227054805,-1.3078131791,3.7082201400
ETHUSDT_lower5_all_h24,ETH all 24H,phase2_lower5_best,ETHUSDT,lower,5pct,long,all,-2.5346979200,6,24,2022-01-08 16:00,2022-01-08 20:00,2022-01-09 16:00,-4.2649856598,Q5_high,2.1665624929,3028.7500000000,3028.7500000000,3203.9100000000,3003.3000000000,3209.6400000000,0.0000000000,5.6221945775,5.6221945775,-0.8438309037,5.8008788171
ETHUSDT_lower5_all_h24,ETH all 24H,phase2_lower5_best,ETHUSDT,lower,5pct,long,all,-2.5346979200,6,24,2022-01-10 12:00,2022-01-10 16:00,2022-01-11 12:00,-3.2155890553,Q4_higher,1.8758221409,3006.2600000000,3006.2700000000,3133.5600000000,2970.6800000000,3158.5600000000,0.0003326387,4.1472957147,4.1469630760,-1.1909224819,4.9416119879
ETHUSDT_lower5_all_h24,ETH all 24H,phase2_lower5_best,ETHUSDT,lower,5pct,long,all,-2.5346979200,6,24,2022-01-17 00:00,2022-01-17 04:00,2022-01-18 00:00,-2.6847534594,Q3_mid,1.1575685691,3258.2200000000,3258.2200000000,3182.3300000000,3141.1000000000,3299.9500000000,0.0000000000,-2.3567401092,-2.3567401092,-3.6607976945,1.2726282853
ETHUSDT_lower5_all_h24,ETH all 24H,phase2_lower5_best,ETHUSDT,lower,5pct,long,all,-2.5346979200,6,24,2022-01-20 20:00,2022-01-21 00:00,2022-01-21 20:00,-6.8808945302,Q5_high,2.0056509994,3001.4800000000,3001.4800000000,2568.1500000000,2403.0000000000,3034.1200000000,0.0000000000,-15.5919705016,-15.5919705016,-22.2387543598,1.0815931538
ETHUSDT_lower5_all_h24,ETH all 24H,phase2_lower5_best,ETHUSDT,lower,5pct,long,all,-2.5346979200,6,24,2022-01-21 00:00,2022-01-21 04:00,2022-01-22 00:00,-5.6280800828,Q5_high,2.3247256519,2837.2200000000,2837.2100000000,2567.2600000000,2403.0000000000,2900.0000000000,-0.0003524583,-9.9985517217,-9.9981992634,-16.6103218187,2.1889562051
ETHUSDT_lower5_all_h24,ETH all 24H,phase2_lower5_best,ETHUSDT,lower,5pct,long,all,-2.5346979200,6,24,2022-01-21 16:00,2022-01-21 20:00,2022-01-22 16:00,-3.1936277368,Q5_high,2.4440545011,2741.9200000000,2741.9100000000,2337.3500000000,2300.0000000000,2764.8200000000,-0.0003647086,-15.9640595932,-15.9636948846,-17.5745634909,0.8320775553
ETHUSDT_lower5_all_h24,ETH all 24H,phase2_lower5_best,ETHUSDT,lower,5pct,long,all,-2.5346979200,6,24,2022-01-21 20:00,2022-01-22 00:00,2022-01-22 20:00,-6.5472609594,Q5_high,2.7643155137,2568.1500000000,2567.4700000000,2412.1800000000,2300.0000000000,2626.0000000000,-0.0264817103,-6.2654892391,-6.2390075288,-11.0011855299,2.2540797646
ETHUSDT_lower5_all_h24,ETH all 24H,phase2_lower5_best,ETHUSDT,lower,5pct,long,all,-2.5346979200,6,24,2022-01-22 04:00,2022-01-22 08:00,2022-01-23 04:00,-4.1012553044,Q5_high,2.7969630564,2464.1000000000,2464.0300000000,2487.8300000000,2300.0000000000,2521.8400000000,-0.0028408342,0.9584215305,0.9612623646,-6.8889097987,2.3190572895
ETHUSDT_lower5_all_h24,ETH all 24H,phase2_lower5_best,ETHUSDT,lower,5pct,long,all,-2.5346979200,6,24,2022-01-23 12:00,2022-01-23 16:00,2022-01-24 12:00,-2.6679065481,Q5_high,2.9902262988,2432.4900000000,2432.4900000000,2274.9900000000,2159.0000000000,2547.6500000000,0.0000000000,-6.6939767284,-6.6939767284,-11.9270272540,4.6255941565
ETHUSDT_lower5_all_h24,ETH all 24H,phase2_lower5_best,ETHUSDT,lower,5pct,long,all,-2.5346979200,6,24,2022-01-24 00:00,2022-01-24 04:00,2022-01-25 00:00,-3.1738915530,Q5_high,3.2962419184,2459.6900000000,2459.6900000000,2415.7600000000,2159.0000000000,2480.5800000000,0.0000000000,-1.8021388353,-1.8021388353,-13.0390174211,0.8457078058
ETHUSDT_lower5_all_h24,ETH all 24H,phase2_lower5_best,ETHUSDT,lower,5pct,long,all,-2.5346979200,6,24,2022-01-24 04:00,2022-01-24 08:00,2022-01-25 04:00,-3.0144616704,Q5_high,3.0589745074,2386.6500000000,2386.6500000000,2383.3500000000,2159.0000000000,2480.5800000000,0.0000000000,-0.1383648019,-0.1383648019,-10.0245557507,3.8601694761
ETHUSDT_lower5_all_h24,ETH all 24H,phase2_lower5_best,ETHUSDT,lower,5pct,long,all,-2.5346979200,6,24,2022-01-24 08:00,2022-01-24 12:00,2022-01-25 08:00,-6.4147254178,Q5_high,3.1240033734,2238.3600000000,2238.3600000000,2424.3300000000,2159.0000000000,2480.5800000000,0.0000000000,7.9811742693,7.9811742693,-3.6098303330,10.2748948939
ETHUSDT_lower5_all_h24,ETH all 24H,phase2_lower5_best,ETHUSDT,lower,5pct,long,all,-2.5346979200,6,24,2022-01-26 20:00,2022-01-27 00:00,2022-01-27 20:00,-4.4019002886,Q5_high,3.0850503727,2462.9900000000,2463.0000000000,2424.2500000000,2316.4300000000,2521.0000000000,0.0004060098,-1.5853860838,-1.5857920936,-6.1352911722,2.3275529067
ETHUSDT_lower5_all_h24,ETH all 24H,phase2_lower5_best,ETHUSDT,lower,5pct,long,all,-2.5346979200,6,24,2022-01-27 00:00,2022-01-27 04:00,2022-01-28 00:00,-4.0653006895,Q5_high,3.1900522161,2364.8700000000,2364.8700000000,2446.9200000000,2316.4300000000,2521.0000000000,0.0000000000,3.4107038687,3.4107038687,-2.0695844729,6.3932596060
ETHUSDT_lower5_all_h24,ETH all 24H,phase2_lower5_best,ETHUSDT,lower,5pct,long,all,-2.5346979200,6,24,2022-01-27 16:00,2022-01-27 20:00,2022-01-28 16:00,-3.4852565629,Q5_high,2.4229193142,2394.9000000000,2394.9000000000,2461.7400000000,2316.4300000000,2492.2600000000,0.0000000000,2.7526940649,2.7526940649,-3.3314268921,3.9848453013
ETHUSDT_lower5_all_h24,ETH all 24H,phase2_lower5_best,ETHUSDT,lower,5pct,long,all,-2.5346979200,6,24,2022-01-31 00:00,2022-01-31 04:00,2022-02-01 00:00,-3.5050275746,Q4_higher,1.6528677058,2512.0700000000,2512.0700000000,2751.6200000000,2476.0700000000,2757.9000000000,0.0000000000,9.1082714682,9.1082714682,-1.4434488632,9.3362406096
ETHUSDT_lower5_all_h24,ETH all 24H,phase2_lower5_best,ETHUSDT,lower,5pct,long,all,-2.5346979200,6,24,2022-02-02 12:00,2022-02-02 16:00,2022-02-03 12:00,-3.7932731332,Q4_higher,1.7260088845,2663.9000000000,2663.9000000000,2640.0100000000,2576.0500000000,2735.0000000000,0.0000000000,-0.9008509406,-0.9008509406,-3.3533996444,2.6340221438
ETHUSDT_lower5_all_h24,ETH all 24H,phase2_lower5_best,ETHUSDT,lower,5pct,long,all,-2.5346979200,6,24,2022-02-10 16:00,2022-02-10 20:00,2022-02-11 16:00,-2.8067007620,Q4_higher,1.5227832973,3121.0700000000,3121.0800000000,2992.8900000000,2967.0000000000,3140.8200000000,0.0003204024,-4.1936415973,-4.1939619997,-5.0627754461,0.6304816554
ETHUSDT_lower5_all_h24,ETH all 24H,phase2_lower5_best,ETHUSDT,lower,5pct,long,all,-2.5346979200,6,24,2022-02-11 16:00,2022-02-11 20:00,2022-02-12 16:00,-3.6107350625,Q4_higher,1.5930426767,2992.8900000000,2992.9000000000,2952.5100000000,2858.3000000000,3001.6500000000,0.0003341247,-1.3583819729,-1.3587160976,-4.6015774511,0.2919320454
ETHUSDT_lower5_all_h24,ETH all 24H,phase2_lower5_best,ETHUSDT,lower,5pct,long,all,-2.5346979200,6,24,2022-02-17 16:00,2022-02-17 20:00,2022-02-18 16:00,-2.6749080261,Q5_high,1.9038400570,2910.3600000000,2910.3700000000,2797.8700000000,2750.0000000000,2943.9700000000,0.0003435995,-3.9418371466,-3.9421807462,-5.6679309189,1.1478789730
ETHUSDT_lower5_all_h24,ETH all 24H,phase2_lower5_best,ETHUSDT,lower,5pct,long,all,-2.5346979200,6,24,2022-02-18 12:00,2022-02-18 16:00,2022-02-19 12:00,-2.7537647857,Q4_higher,1.6570005390,2800.4700000000,2800.4600000000,2746.0600000000,2694.4500000000,2830.9600000000,-0.0003570836,-1.9620103167,-1.9616532331,-3.8589587501,1.0832187345
ETHUSDT_lower5_all_h24,ETH all 24H,phase2_lower5_best,ETHUSDT,lower,5pct,long,all,-2.5346979200,6,24,2022-02-19 08:00,2022-02-19 12:00,2022-02-20 08:00,-3.2293392542,Q4_higher,1.5701495172,2722.6900000000,2722.6800000000,2643.0000000000,2600.0000000000,2796.0000000000,-0.0003672845,-2.9705726565,-2.9702053720,-4.6105244314,2.6573135030
ETHUSDT_lower5_all_h24,ETH all 24H,phase2_lower5_best,ETHUSDT,lower,5pct,long,all,-2.5346979200,6,24,2022-02-21 08:00,2022-02-21 12:00,2022-02-22 08:00,-4.4910807544,Q4_higher,1.7622529749,2626.7800000000,2626.7800000000,2589.3500000000,2500.0000000000,2750.8800000000,0.0000000000,-1.4351882516,-1.4351882516,-4.9468029605,4.6162099010
ETHUSDT_lower5_all_h24,ETH all 24H,phase2_lower5_best,ETHUSDT,lower,5pct,long,all,-2.5346979200,6,24,2022-02-21 16:00,2022-02-21 20:00,2022-02-22 16:00,-2.6280492271,Q5_high,2.0509269915,2652.7600000000,2652.7600000000,2632.7400000000,2500.0000000000,2675.5200000000,0.0000000000,-0.7575478476,-0.7575478476,-5.9309875563,0.8543146542
ETHUSDT_lower5_all_h24,ETH all 24H,phase2_lower5_best,ETHUSDT,lower,5pct,long,all,-2.5346979200,6,24,2022-02-21 20:00,2022-02-22 00:00,2022-02-22 20:00,-3.2465433478,Q5_high,2.0832880237,2568.0200000000,2568.0300000000,2636.2900000000,2500.0000000000,2665.7400000000,0.0003894043,2.6237451804,2.6233557761,-2.6848336128,3.7342624617
ETHUSDT_lower5_all_h24,ETH all 24H,phase2_lower5_best,ETHUSDT,lower,5pct,long,all,-2.5346979200,6,24,2022-02-24 00:00,2022-02-24 04:00,2022-02-25 00:00,-7.3288001547,Q5_high,2.7635887197,2397.4100000000,2397.4100000000,2636.9200000000,2300.0000000000,2740.0000000000,0.0000000000,9.5222581439,9.5222581439,-4.1479865033,13.3568932432
ETHUSDT_lower5_all_h24,ETH all 24H,phase2_lower5_best,ETHUSDT,lower,5pct,long,all,-2.5346979200,6,24,2022-02-27 16:00,2022-02-27 20:00,2022-02-28 16:00,-7.4074834737,Q5_high,2.7429699244,2608.2300000000,2608.2300000000,2808.2500000000,2557.9800000000,2830.7700000000,0.0000000000,7.3889683180,7.3889683180,-1.9453945842,8.1876929093
ETHUSDT_lower5_all_h24,ETH all 24H,phase2_lower5_best,ETHUSDT,lower,5pct,long,all,-2.5346979200,6,24,2022-03-03 12:00,2022-03-03 16:00,2022-03-04 12:00,-2.9418036234,Q5_high,2.0509145574,2828.0000000000,2827.9900000000,2671.7200000000,2660.0000000000,2849.5500000000,-0.0003536074,-5.6847288270,-5.6843752196,-6.1240089167,0.7594875117
ETHUSDT_lower5_all_h24,ETH all 24H,phase2_lower5_best,ETHUSDT,lower,5pct,long,all,-2.5346979200,6,24,2022-03-04 00:00,2022-03-04 04:00,2022-03-05 00:00,-3.9096090980,Q4_higher,1.7245317341,2725.3300000000,2725.3300000000,2625.4400000000,2573.0000000000,2759.2400000000,0.0000000000,-3.7341020656,-3.7341020656,-5.7516988401,1.2365757791
ETHUSDT_lower5_all_h24,ETH all 24H,phase2_lower5_best,ETHUSDT,lower,5pct,long,all,-2.5346979200,6,24,2022-03-04 12:00,2022-03-04 16:00,2022-03-05 12:00,-2.6836368280,Q4_higher,1.5337626740,2671.7200000000,2671.7300000000,2642.8100000000,2573.0000000000,2697.5000000000,0.0003742900,-1.0879714732,-1.0883457632,-3.7653669365,0.9599215486
ETHUSDT_lower5_all_h24,ETH all 24H,phase2_lower5_best,ETHUSDT,lower,5pct,long,all,-2.5346979200,6,24,2022-03-07 16:00,2022-03-07 20:00,2022-03-08 16:00,-6.1594952963,Q4_higher,1.8442536685,2460.6700000000,2460.6600000000,2580.2000000000,2445.0000000000,2624.0000000000,-0.0004063942,4.7433244724,4.7437308666,-0.6384483716,6.4270264439
ETHUSDT_lower5_all_h24,ETH all 24H,phase2_lower5_best,ETHUSDT,lower,5pct,long,all,-2.5346979200,6,24,2022-03-10 00:00,2022-03-10 04:00,2022-03-11 00:00,-2.5477855062,Q5_high,2.2980688996,2658.3800000000,2658.3900000000,2551.9500000000,2522.5700000000,2664.7200000000,0.0003761682,-4.0859141894,-4.0862903576,-5.2442453282,0.2378310042
ETHUSDT_lower5_all_h24,ETH all 24H,phase2_lower5_best,ETHUSDT,lower,5pct,long,all,-2.5346979200,6,24,2022-03-11 12:00,2022-03-11 16:00,2022-03-12 12:00,-2.7332061704,Q4_higher,1.8635183414,2581.1100000000,2581.1100000000,2584.6700000000,2526.7600000000,2600.3200000000,0.0000000000,0.1378301269,0.1378301269,-2.1281689350,0.7414975409
ETHUSDT_lower5_all_h24,ETH all 24H,phase2_lower5_best,ETHUSDT,lower,5pct,long,all,-2.5346979200,6,24,2022-04-10 20:00,2022-04-11 00:00,2022-04-11 20:00,-2.7303789809,Q2_lower,0.9637276746,3203.0400000000,3203.0400000000,2979.7400000000,2950.0000000000,3213.6300000000,0.0000000000,-7.2264310452,-7.2264310452,-8.2295188490,0.3300780503
ETHUSDT_lower5_all_h24,ETH all 24H,phase2_lower5_best,ETHUSDT,lower,5pct,long,all,-2.5346979200,6,24,2022-04-11 08:00,2022-04-11 12:00,2022-04-12 08:00,-4.0787782038,Q3_mid,1.2718976546,3051.5700000000,3051.5700000000,3040.9700000000,2950.0000000000,3065.7800000000,0.0000000000,-0.3479668807,-0.3479668807,-3.3851041926,0.4645810869
ETHUSDT_lower5_all_h24,ETH all 24H,phase2_lower5_best,ETHUSDT,lower,5pct,long,all,-2.5346979200,6,24,2022-04-18 04:00,2022-04-18 08:00,2022-04-19 04:00,-3.5014532717,Q2_lower,1.0516663537,2892.1200000000,2892.1300000000,3039.0100000000,2888.1500000000,3095.1800000000,0.0003457665,4.9542007274,4.9538549609,-0.1377096137,6.7852807888
ETHUSDT_lower5_all_h24,ETH all 24H,phase2_lower5_best,ETHUSDT,lower,5pct,long,all,-2.5346979200,6,24,2022-04-20 12:00,2022-04-20 16:00,2022-04-21 12:00,-2.7160941014,Q4_higher,1.5855613391,3068.3000000000,3068.3000000000,3104.8100000000,3036.4500000000,3180.0000000000,0.0000000000,1.1828859590,1.1828859590,-1.0434592403,3.5757534495
ETHUSDT_lower5_all_h24,ETH all 24H,phase2_lower5_best,ETHUSDT,lower,5pct,long,all,-2.5346979200,6,24,2022-04-21 16:00,2022-04-21 20:00,2022-04-22 16:00,-2.5634901478,Q4_higher,1.4591605443,3026.2300000000,3026.2300000000,2956.7100000000,2930.3500000000,3034.3200000000,0.0000000000,-2.3240456719,-2.3240456719,-3.2195750589,0.2669726281
ETHUSDT_lower5_all_h24,ETH all 24H,phase2_lower5_best,ETHUSDT,lower,5pct,long,all,-2.5346979200,6,24,2022-04-26 12:00,2022-04-26 16:00,2022-04-27 12:00,-4.8887403699,Q4_higher,1.7961383455,2859.7600000000,2859.7600000000,2865.2300000000,2767.0000000000,2919.8700000000,0.0000000000,0.1910920950,0.1910920950,-3.2974004422,2.0801389514
ETHUSDT_lower5_all_h24,ETH all 24H,phase2_lower5_best,ETHUSDT,lower,5pct,long,all,-2.5346979200,6,24,2022-04-29 08:00,2022-04-29 12:00,2022-04-30 08:00,-2.8686513316,Q4_higher,1.5663491127,2843.1100000000,2843.1100000000,2830.7600000000,2776.6300000000,2886.2300000000,0.0000000000,-0.4353296605,-0.4353296605,-2.3660561302,1.5052628812
ETHUSDT_lower5_all_h24,ETH all 24H,phase2_lower5_best,ETHUSDT,lower,5pct,long,all,-2.5346979200,6,24,2022-04-30 20:00,2022-05-01 00:00,2022-05-01 20:00,-2.8942687696,Q3_mid,1.2784283021,2726.6600000000,2726.6700000000,2824.8100000000,2716.1300000000,2849.9000000000,0.0003667484,3.5363688744,3.5360021260,-0.3873011382,4.4202821506
ETHUSDT_lower5_all_h24,ETH all 24H,phase2_lower5_best,ETHUSDT,lower,5pct,long,all,-2.5346979200,6,24,2022-05-05 12:00,2022-05-05 16:00,2022-05-06 12:00,-6.4525988474,Q5_high,1.9169525455,2742.8500000000,2742.8500000000,2688.2500000000,2632.9500000000,2771.9600000000,0.0000000000,-2.0107101520,-2.0107101520,-4.0892635220,1.0557125401
ETHUSDT_lower5_all_h24,ETH all 24H,phase2_lower5_best,ETHUSDT,lower,5pct,long,all,-2.5346979200,6,24,2022-05-08 00:00,2022-05-08 04:00,2022-05-09 00:00,-3.4850122234,Q4_higher,1.6675311585,2545.0800000000,2545.0800000000,2457.5600000000,2423.8400000000,2579.0300000000,0.0000000000,-3.4993095896,-3.4993095896,-4.8809024265,1.3251275554
ETHUSDT_lower5_all_h24,ETH all 24H,phase2_lower5_best,ETHUSDT,lower,5pct,long,all,-2.5346979200,6,24,2022-05-09 16:00,2022-05-09 20:00,2022-05-10 16:00,-4.7806547352,Q4_higher,1.5725146268,2270.6800000000,2270.6800000000,2354.2800000000,2200.0000000000,2457.3400000000,0.0000000000,3.6155602133,3.6155602133,-3.1621985741,7.9000117998
ETHUSDT_lower5_all_h24,ETH all 24H,phase2_lower5_best,ETHUSDT,lower,5pct,long,all,-2.5346979200,6,24,2022-05-11 12:00,2022-05-11 16:00,2022-05-12 12:00,-6.2350797759,Q5_high,2.5496952079,2264.5300000000,2264.5300000000,1968.2300000000,1800.0000000000,2283.1400000000,0.0000000000,-14.0232570164,-14.0232570164,-22.9580566982,0.8184456604
ETHUSDT_lower5_all_h24,ETH all 24H,phase2_lower5_best,ETHUSDT,lower,5pct,long,all,-2.5346979200,6,24,2022-05-11 16:00,2022-05-11 20:00,2022-05-12 16:00,-6.7168865455,Q5_high,2.8761640191,2117.4200000000,2117.5200000000,1945.2800000000,1800.0000000000,2195.0000000000,0.0047226171,-8.4792440851,-8.4839667022,-16.2458927698,3.5936453927
ETHUSDT_lower5_all_h24,ETH all 24H,phase2_lower5_best,ETHUSDT,lower,5pct,long,all,-2.5346979200,6,24,2022-05-12 00:00,2022-05-12 04:00,2022-05-13 00:00,-5.5938951524,Q5_high,2.9733253225,1971.5600000000,1971.5600000000,2096.4600000000,1800.0000000000,2115.0000000000,0.0000000000,6.1425100476,6.1425100476,-9.1038442650,7.0229704946
ETHUSDT_lower5_all_h24,ETH all 24H,phase2_lower5_best,ETHUSDT,lower,5pct,long,all,-2.5346979200,6,24,2022-05-12 04:00,2022-05-12 08:00,2022-05-13 04:00,-2.8428864060,Q5_high,2.9923361834,1916.3000000000,1916.3000000000,2048.1600000000,1870.0000000000,2145.0000000000,0.0000000000,6.6545585633,6.6545585633,-2.4457812626,11.2743308888
ETHUSDT_lower5_all_h24,ETH all 24H,phase2_lower5_best,ETHUSDT,lower,5pct,long,all,-2.5346979200,6,24,2022-05-13 20:00,2022-05-14 00:00,2022-05-14 20:00,-2.7048045006,Q5_high,3.3322256352,2009.6900000000,2009.6900000000,2056.4800000000,1951.2100000000,2070.0600000000,0.0000000000,2.3015302059,2.3015302059,-2.9530788363,2.9597111044
ETHUSDT_lower5_all_h24,ETH all 24H,phase2_lower5_best,ETHUSDT,lower,5pct,long,all,-2.5346979200,6,24,2022-05-16 00:00,2022-05-16 04:00,2022-05-17 00:00,-3.2740258103,Q5_high,2.5442274784,2076.1900000000,2076.1900000000,2073.4900000000,1979.1200000000,2082.8900000000,0.0000000000,-0.1301305345,-0.1301305345,-4.7882181806,0.3221869161
ETHUSDT_lower5_all_h24,ETH all 24H,phase2_lower5_best,ETHUSDT,lower,5pct,long,all,-2.5346979200,6,24,2022-05-16 04:00,2022-05-16 08:00,2022-05-17 04:00,-3.1444993258,Q5_high,2.6564055475,2011.9200000000,2011.9200000000,2070.6400000000,1979.1200000000,2094.1800000000,0.0000000000,2.8768248220,2.8768248220,-1.6437188548,4.0072578624
ETHUSDT_lower5_all_h24,ETH all 24H,phase2_lower5_best,ETHUSDT,lower,5pct,long,all,-2.5346979200,6,24,2022-05-18 12:00,2022-05-18 16:00,2022-05-19 12:00,-3.7748469747,Q4_higher,1.8884913219,1956.0700000000,1956.0700000000,2023.8300000000,1903.1800000000,2040.3900000000,0.0000000000,3.4054397509,3.4054397509,-2.7411186959,4.2203607761
ETHUSDT_lower5_all_h24,ETH all 24H,phase2_lower5_best,ETHUSDT,lower,5pct,long,all,-2.5346979200,6,24,2022-05-18 20:00,2022-05-19 00:00,2022-05-19 20:00,-3.4124490517,Q5_high,1.9744470811,1915.1100000000,1915.1100000000,2019.5500000000,1903.1800000000,2040.3900000000,0.0000000000,5.3099652082,5.3099652082,-0.6248890902,6.3365903819
ETHUSDT_lower5_all_h24,ETH all 24H,phase2_lower5_best,ETHUSDT,lower,5pct,long,all,-2.5346979200,6,24,2022-05-20 12:00,2022-05-20 16:00,2022-05-21 12:00,-4.6587928932,Q5_high,2.0439848960,1960.9900000000,1961.0000000000,1980.3800000000,1923.0000000000,1988.4800000000,0.0005099452,0.9839297722,0.9834198270,-1.9568080608,1.3915980568
ETHUSDT_lower5_all_h24,ETH all 24H,phase2_lower5_best,ETHUSDT,lower,5pct,long,all,-2.5346979200,6,24,2022-05-23 16:00,2022-05-23 20:00,2022-05-24 16:00,-4.1528458697,Q4_higher,1.6389502105,1981.0000000000,1980.9900000000,1962.8500000000,1913.0200000000,2004.8600000000,-0.0005047968,-0.9204268994,-0.9199221026,-3.4913574562,1.1977513136
ETHUSDT_lower5_all_h24,ETH all 24H,phase2_lower5_best,ETHUSDT,lower,5pct,long,all,-2.5346979200,6,24,2022-05-26 08:00,2022-05-26 12:00,2022-05-27 08:00,-5.8682104215,Q4_higher,1.8269740064,1816.5700000000,1816.5600000000,1771.2500000000,1712.6700000000,1907.5800000000,-0.0005504895,-2.5264595559,-2.5259090664,-5.8891046387,4.8890820322
ETHUSDT_lower5_all_h24,ETH all 24H,phase2_lower5_best,ETHUSDT,lower,5pct,long,all,-2.5346979200,6,24,2022-05-31 16:00,2022-05-31 20:00,2022-06-01 16:00,-2.7741956456,Q4_higher,1.5296153578,1934.2100000000,1934.2200000000,1821.8200000000,1807.8300000000,1972.5800000000,0.0005170056,-5.9862972962,-5.9868143018,-6.7576913439,1.9638186144
ETHUSDT_lower5_all_h24,ETH all 24H,phase2_lower5_best,ETHUSDT,lower,5pct,long,all,-2.5346979200,6,24,2022-06-01 12:00,2022-06-01 16:00,2022-06-02 12:00,-3.0555874601,Q4_higher,1.6920845730,1880.5900000000,1880.5900000000,1816.5200000000,1763.7500000000,1880.7400000000,0.0000000000,-3.4662974592,-3.4662974592,-6.4143333210,0.0079759021
ETHUSDT_lower5_all_h24,ETH all 24H,phase2_lower5_best,ETHUSDT,lower,5pct,long,all,-2.5346979200,6,24,2022-06-01 16:00,2022-06-01 20:00,2022-06-02 16:00,-3.1749555973,Q4_higher,1.8465601713,1821.8200000000,1821.8300000000,1822.0800000000,1763.7500000000,1844.1300000000,0.0005489001,0.0142704246,0.0137215244,-3.2399266238,1.2166131142
ETHUSDT_lower5_all_h24,ETH all 24H,phase2_lower5_best,ETHUSDT,lower,5pct,long,all,-2.5346979200,6,24,2022-06-03 08:00,2022-06-03 12:00,2022-06-04 08:00,-2.8842103588,Q3_mid,1.3419374477,1762.3500000000,1762.3600000000,1768.2400000000,1737.0000000000,1795.0000000000,0.0005674226,0.3336555909,0.3330881684,-1.4494332666,1.8351202015
ETHUSDT_lower5_all_h24,ETH all 24H,phase2_lower5_best,ETHUSDT,lower,5pct,long,all,-2.5346979200,6,24,2022-06-07 00:00,2022-06-07 04:00,2022-06-08 00:00,-5.7024951430,Q4_higher,1.8259640545,1756.7500000000,1756.7600000000,1779.5000000000,1736.1700000000,1874.9800000000,0.0005692313,1.2866914878,1.2861222565,-1.1789665693,6.5126789295
ETHUSDT_lower5_all_h24,ETH all 24H,phase2_lower5_best,ETHUSDT,lower,5pct,long,all,-2.5346979200,6,24,2022-06-10 12:00,2022-06-10 16:00,2022-06-11 12:00,-2.5614359458,Q3_mid,1.3772531261,1727.1000000000,1727.0900000000,1517.6000000000,1501.0000000000,1730.8000000000,-0.0005790069,-12.9313561729,-12.9307771660,-14.0306358647,0.2145818070
ETHUSDT_lower5_all_h24,ETH all 24H,phase2_lower5_best,ETHUSDT,lower,5pct,long,all,-2.5346979200,6,24,2022-06-10 16:00,2022-06-10 20:00,2022-06-11 16:00,-3.4219056688,Q4_higher,1.5636321272,1669.0000000000,1669.0100000000,1546.4800000000,1496.7400000000,1685.6000000000,0.0005991594,-7.6243264048,-7.6249255642,-10.8941226615,0.9890947234
ETHUSDT_lower5_all_h24,ETH all 24H,phase2_lower5_best,ETHUSDT,lower,5pct,long,all,-2.5346979200,6,24,2022-06-11 08:00,2022-06-11 12:00,2022-06-12 08:00,-5.6436900111,Q4_higher,1.6230458251,1575.9600000000,1575.9700000000,1468.9800000000,1423.0000000000,1591.4200000000,0.0006345319,-7.0296328008,-7.0302673326,-10.2103636614,0.9755743711
ETHUSDT_lower5_all_h24,ETH all 24H,phase2_lower5_best,ETHUSDT,lower,5pct,long,all,-2.5346979200,6,24,2022-06-11 12:00,2022-06-11 16:00,2022-06-12 12:00,-3.7734470764,Q4_higher,1.6896359397,1517.6000000000,1517.6100000000,1525.9200000000,1423.0000000000,1578.0000000000,0.0006589330,0.5467367210,0.5460777880,-6.4369409861,3.9021493455
ETHUSDT_lower5_all_h24,ETH all 24H,phase2_lower5_best,ETHUSDT,lower,5pct,long,all,-2.5346979200,6,24,2022-06-12 00:00,2022-06-12 04:00,2022-06-13 00:00,-4.3955793532,Q5_high,1.9355254707,1466.9700000000,1466.9700000000,1350.8300000000,1304.3900000000,1547.0000000000,0.0000000000,-8.2479830710,-8.2479830710,-11.7463550510,5.3118522537
ETHUSDT_lower5_all_h24,ETH all 24H,phase2_lower5_best,ETHUSDT,lower,5pct,long,all,-2.5346979200,6,24,2022-06-12 16:00,2022-06-12 20:00,2022-06-13 16:00,-3.0832484479,Q5_high,2.2306870566,1479.5900000000,1479.5800000000,1228.6900000000,1165.4500000000,1488.7100000000,-0.0006758652,-18.5816461195,-18.5809702543,-23.8650985187,0.6151709430
ETHUSDT_lower5_all_h24,ETH all 24H,phase2_lower5_best,ETHUSDT,lower,5pct,long,all,-2.5346979200,6,24,2022-06-12 20:00,2022-06-13 00:00,2022-06-13 20:00,-3.0711677633,Q5_high,2.2714013985,1434.8400000000,1434.8400000000,1209.8200000000,1165.4500000000,1455.0000000000,0.0000000000,-17.0581756525,-17.0581756525,-20.7946066207,1.3952555886
ETHUSDT_lower5_all_h24,ETH all 24H,phase2_lower5_best,ETHUSDT,lower,5pct,long,all,-2.5346979200,6,24,2022-06-13 00:00,2022-06-13 04:00,2022-06-14 00:00,-6.0334126393,Q5_high,2.5199309953,1350.8300000000,1350.9600000000,1174.1000000000,1075.8000000000,1387.3200000000,0.0096232498,-14.0217321690,-14.0313554188,-22.7750879985,2.6558377651
ETHUSDT_lower5_all_h24,ETH all 24H,phase2_lower5_best,ETHUSDT,lower,5pct,long,all,-2.5346979200,6,24,2022-06-13 04:00,2022-06-13 08:00,2022-06-14 04:00,-5.1159662284,Q5_high,2.6185028870,1283.4600000000,1283.0700000000,1241.1600000000,1075.8000000000,1288.9500000000,-0.0303912289,-3.3513129864,-3.3209217575,-17.6191072914,0.4572289674
ETHUSDT_lower5_all_h24,ETH all 24H,phase2_lower5_best,ETHUSDT,lower,5pct,long,all,-2.5346979200,6,24,2022-06-13 08:00,2022-06-13 12:00,2022-06-14 08:00,-5.9575762653,Q5_high,2.7469120084,1209.2300000000,1209.1400000000,1175.2300000000,1075.8000000000,1284.3300000000,-0.0074430298,-2.8519920286,-2.8445489987,-11.6844792252,6.0327818483
ETHUSDT_lower5_all_h24,ETH all 24H,phase2_lower5_best,ETHUSDT,lower,5pct,long,all,-2.5346979200,6,24,2022-06-14 00:00,2022-06-14 04:00,2022-06-15 00:00,-2.9969691558,Q5_high,2.8475360821,1174.1000000000,1174.0900000000,1173.0900000000,1136.0000000000,1268.4500000000,-0.0008517198,-0.0860603583,-0.0852086385,-3.2980059157,7.7302303191
ETHUSDT_lower5_all_h24,ETH all 24H,phase2_lower5_best,ETHUSDT,lower,5pct,long,all,-2.5346979200,6,24,2022-06-14 08:00,2022-06-14 12:00,2022-06-15 08:00,-5.4582553074,Q5_high,3.3608773124,1175.2300000000,1175.2200000000,1120.0500000000,1014.4000000000,1268.4500000000,-0.0008509009,-4.8090545954,-4.8082036945,-14.7158059412,7.6340318534
ETHUSDT_lower5_all_h24,ETH all 24H,phase2_lower5_best,ETHUSDT,lower,5pct,long,all,-2.5346979200,6,24,2022-06-14 16:00,2022-06-14 20:00,2022-06-15 16:00,-3.6245939037,Q5_high,3.7026376626,1206.1500000000,1206.1500000000,1171.0300000000,1014.4000000000,1231.6700000000,0.0000000000,-2.9549765264,-2.9549765264,-17.3136163979,2.0937503408
ETHUSDT_lower5_all_h24,ETH all 24H,phase2_lower5_best,ETHUSDT,lower,5pct,long,all,-2.5346979200,6,24,2022-06-15 00:00,2022-06-15 04:00,2022-06-16 00:00,-3.0069562155,Q5_high,3.6227339792,1173.0900000000,1173.0900000000,1210.1000000000,1014.4000000000,1257.8500000000,0.0000000000,3.1061707751,3.1061707751,-14.5343988370,6.9762621214
ETHUSDT_lower5_all_h24,ETH all 24H,phase2_lower5_best,ETHUSDT,lower,5pct,long,all,-2.5346979200,6,24,2022-06-15 04:00,2022-06-15 08:00,2022-06-16 04:00,-6.9453300205,Q5_high,3.8266857492,1094.3800000000,1094.3800000000,1165.4100000000,1014.4000000000,1257.8500000000,0.0000000000,6.2884963569,6.2884963569,-7.5890688165,13.9215921420
ETHUSDT_lower5_all_h24,ETH all 24H,phase2_lower5_best,ETHUSDT,lower,5pct,long,all,-2.5346979200,6,24,2022-06-16 04:00,2022-06-16 08:00,2022-06-17 04:00,-3.7630044387,Q5_high,4.2010564674,1165.4100000000,1165.4100000000,1099.3100000000,1051.1100000000,1180.4000000000,0.0000000000,-5.8390246176,-5.8390246176,-10.3226207790,1.2780407652
ETHUSDT_lower5_all_h24,ETH all 24H,phase2_lower5_best,ETHUSDT,lower,5pct,long,all,-2.5346979200,6,24,2022-06-16 08:00,2022-06-16 12:00,2022-06-17 08:00,-4.7713440778,Q5_high,4.1309964637,1111.1100000000,1111.1100000000,1092.6100000000,1051.1100000000,1153.0000000000,0.0000000000,-1.6790186239,-1.6790186239,-5.5512767013,3.7007725630
ETHUSDT_lower5_all_h24,ETH all 24H,phase2_lower5_best,ETHUSDT,lower,5pct,long,all,-2.5346979200,6,24,2022-06-16 20:00,2022-06-17 00:00,2022-06-17 20:00,-2.5457012146,Q5_high,3.8264147948,1068.5000000000,1068.5000000000,1086.9400000000,1051.1100000000,1118.0000000000,0.0000000000,1.7110613046,1.7110613046,-1.6409047133,4.5285578956
ETHUSDT_lower5_all_h24,ETH all 24H,phase2_lower5_best,ETHUSDT,lower,5pct,long,all,-2.5346979200,6,24,2022-06-18 04:00,2022-06-18 08:00,2022-06-19 04:00,-7.2697306190,Q5_high,3.3112647546,1003.7800000000,1003.7800000000,955.7200000000,881.5600000000,1017.4800000000,0.0000000000,-4.9063169612,-4.9063169612,-12.9835087416,1.3556108369
ETHUSDT_lower5_all_h24,ETH all 24H,phase2_lower5_best,ETHUSDT,lower,5pct,long,all,-2.5346979200,6,24,2022-06-18 16:00,2022-06-18 20:00,2022-06-19 16:00,-7.8091566344,Q5_high,3.2926250785,915.1500000000,915.1600000000,1100.7700000000,881.5600000000,1128.6700000000,0.0010927111,18.4677227635,18.4666300524,-3.7405848058,20.9696313981
ETHUSDT_lower5_all_h24,ETH all 24H,phase2_lower5_best,ETHUSDT,lower,5pct,long,all,-2.5346979200,6,24,2022-06-19 00:00,2022-06-19 04:00,2022-06-20 00:00,-4.3048636666,Q5_high,3.7990028535,953.2000000000,953.2100000000,1080.0100000000,936.1500000000,1158.6200000000,0.0010490923,12.4900834110,12.4890343187,-1.8059516099,19.5149684579
ETHUSDT_lower5_all_h24,ETH all 24H,phase2_lower5_best,ETHUSDT,lower,5pct,long,all,-2.5346979200,6,24,2022-06-20 00:00,2022-06-20 04:00,2022-06-21 00:00,-4.3945600531,Q5_high,4.3108076021,1080.0100000000,1080.0000000000,1130.8900000000,1060.2200000000,1170.0000000000,-0.0009259216,4.6034632989,4.6043892205,-1.8484607377,8.0042707674
ETHUSDT_lower5_all_h24,ETH all 24H,phase2_lower5_best,ETHUSDT,lower,5pct,long,all,-2.5346979200,6,24,2022-06-21 16:00,2022-06-21 20:00,2022-06-22 16:00,-3.8127938992,Q5_high,4.3387420813,1124.4300000000,1124.4200000000,1070.7200000000,1054.0600000000,1140.8700000000,-0.0008893434,-4.8944921215,-4.8936027780,-6.4617972661,1.4523782088
ETHUSDT_lower5_all_h24,ETH all 24H,phase2_lower5_best,ETHUSDT,lower,5pct,long,all,-2.5346979200,6,24,2022-06-22 00:00,2022-06-22 04:00,2022-06-23 00:00,-3.3003017817,Q5_high,3.9488679265,1089.3000000000,1089.3000000000,1076.4000000000,1043.6500000000,1125.0000000000,0.0000000000,-1.1913148236,-1.1913148236,-4.2811103896,3.2247747550
ETHUSDT_lower5_all_h24,ETH all 24H,phase2_lower5_best,ETHUSDT,lower,5pct,long,all,-2.5346979200,6,24,2022-06-25 12:00,2022-06-25 16:00,2022-06-26 12:00,-2.7672416692,Q4_higher,1.8205270157,1183.9400000000,1183.9400000000,1223.3900000000,1180.0000000000,1280.0000000000,0.0000000000,3.2777834349,3.2777834349,-0.3333421025,7.8012218429
ETHUSDT_lower5_all_h24,ETH all 24H,phase2_lower5_best,ETHUSDT,lower,5pct,long,all,-2.5346979200,6,24,2022-06-26 12:00,2022-06-26 16:00,2022-06-27 12:00,-3.7170709870,Q5_high,1.9732743614,1223.3900000000,1223.3900000000,1187.4800000000,1175.0000000000,1249.9300000000,0.0000000000,-2.9792279172,-2.9792279172,-4.0357546255,2.1461855895
ETHUSDT_lower5_all_h24,ETH all 24H,phase2_lower5_best,ETHUSDT,lower,5pct,long,all,-2.5346979200,6,24,2022-06-27 12:00,2022-06-27 16:00,2022-06-28 12:00,-2.7025640753,Q5_high,2.0830654566,1187.4800000000,1187.4900000000,1183.6900000000,1162.1600000000,1237.9900000000,0.0008421159,-0.3196736824,-0.3205157983,-2.1561493256,4.1647260847
ETHUSDT_lower5_all_h24,ETH all 24H,phase2_lower5_best,ETHUSDT,lower,5pct,long,all,-2.5346979200,6,24,2022-06-28 12:00,2022-06-28 16:00,2022-06-29 12:00,-3.3062579365,Q5_high,2.0218698792,1183.6900000000,1183.7000000000,1114.2600000000,1090.2000000000,1193.7300000000,0.0008448122,-6.0446170405,-6.0454618527,-8.2283960330,0.8437732768
ETHUSDT_lower5_all_h24,ETH all 24H,phase2_lower5_best,ETHUSDT,lower,5pct,long,all,-2.5346979200,6,24,2022-06-30 04:00,2022-06-30 08:00,2022-07-01 04:00,-3.3944737619,Q4_higher,1.5653020146,1057.4200000000,1057.4200000000,1066.8100000000,998.0000000000,1117.0000000000,0.0000000000,0.8840908152,0.8840908152,-5.7833981629,5.4814541129
ETHUSDT_lower5_all_h24,ETH all 24H,phase2_lower5_best,ETHUSDT,lower,5pct,long,all,-2.5346979200,6,24,2022-06-30 08:00,2022-06-30 12:00,2022-07-01 08:00,-3.7510840682,Q4_higher,1.6019977501,1018.4900000000,1018.4800000000,1050.2200000000,998.0000000000,1117.0000000000,-0.0009818505,3.0678527756,3.0688346261,-2.0313322442,9.2335200316
ETHUSDT_lower5_all_h24,ETH all 24H,phase2_lower5_best,ETHUSDT,lower,5pct,long,all,-2.5346979200,6,24,2022-07-05 08:00,2022-07-05 12:00,2022-07-06 08:00,-4.0569852072,Q4_higher,1.7584897980,1112.2100000000,1112.2100000000,1134.1100000000,1076.3400000000,1170.0000000000,0.0000000000,1.9499175445,1.9499175445,-3.2782629963,5.0654721890
ETHUSDT_lower5_all_h24,ETH all 24H,phase2_lower5_best,ETHUSDT,lower,5pct,long,all,-2.5346979200,6,24,2022-07-11 20:00,2022-07-12 00:00,2022-07-12 20:00,-4.0573879102,Q3_mid,1.2249703657,1096.4000000000,1096.3700000000,1038.5800000000,1033.4600000000,1098.2600000000,-0.0027362651,-5.4177689896,-5.4150327245,-5.9092326840,0.1722386432
ETHUSDT_lower5_all_h24,ETH all 24H,phase2_lower5_best,ETHUSDT,lower,5pct,long,all,-2.5346979200,6,24,2022-07-12 16:00,2022-07-12 20:00,2022-07-13 16:00,-3.2582264284,Q3_mid,1.3145034368,1041.4000000000,1041.4100000000,1076.6100000000,1006.3200000000,1103.7800000000,0.0009602412,3.3251253856,3.3241651444,-3.4275451610,5.8165088476
ETHUSDT_lower5_all_h24,ETH all 24H,phase2_lower5_best,ETHUSDT,lower,5pct,long,all,-2.5346979200,6,24,2022-07-15 20:00,2022-07-16 00:00,2022-07-16 20:00,-2.8093039758,Q5_high,2.3216461929,1231.2500000000,1231.2500000000,1355.8500000000,1191.2300000000,1422.9100000000,0.0000000000,9.6398650426,9.6398650426,-3.3043526746,14.4674156941
ETHUSDT_lower5_all_h24,ETH all 24H,phase2_lower5_best,ETHUSDT,lower,5pct,long,all,-2.5346979200,6,24,2022-07-18 16:00,2022-07-18 20:00,2022-07-19 16:00,-3.2772294685,Q5_high,2.6475228474,1472.3000000000,1472.3000000000,1560.7900000000,1461.4300000000,1631.0000000000,0.0000000000,5.8366299446,5.8366299446,-0.7410395464,10.2367519750
ETHUSDT_lower5_all_h24,ETH all 24H,phase2_lower5_best,ETHUSDT,lower,5pct,long,all,-2.5346979200,6,24,2022-07-19 00:00,2022-07-19 04:00,2022-07-20 00:00,-4.1849272314,Q5_high,3.1695409714,1516.2400000000,1516.2400000000,1561.7200000000,1493.1100000000,1589.7600000000,0.0000000000,2.9554191951,2.9554191951,-1.5372393033,4.7349475407
ETHUSDT_lower5_all_h24,ETH all 24H,phase2_lower5_best,ETHUSDT,lower,5pct,long,all,-2.5346979200,6,24,2022-07-20 16:00,2022-07-20 20:00,2022-07-21 16:00,-2.8423420774,Q5_high,2.9472936215,1551.7900000000,1551.7900000000,1578.8500000000,1463.5600000000,1580.0000000000,0.0000000000,1.7287630600,1.7287630600,-5.8537279410,1.8015743711
ETHUSDT_lower5_all_h24,ETH all 24H,phase2_lower5_best,ETHUSDT,lower,5pct,long,all,-2.5346979200,6,24,2022-07-22 12:00,2022-07-22 16:00,2022-07-23 12:00,-3.9936981033,Q5_high,2.2952041060,1574.9100000000,1574.9000000000,1523.6700000000,1501.6500000000,1596.5100000000,-0.0006349589,-3.3076229404,-3.3069879814,-4.7627274647,1.3628218657
ETHUSDT_lower5_all_h24,ETH all 24H,phase2_lower5_best,ETHUSDT,lower,5pct,long,all,-2.5346979200,6,24,2022-07-22 16:00,2022-07-22 20:00,2022-07-23 16:00,-3.1417141914,Q5_high,2.3685358901,1526.2000000000,1526.2100000000,1513.3300000000,1488.0000000000,1596.5100000000,0.0006552200,-0.8468465134,-0.8475017334,-2.5354601662,4.5032458782
ETHUSDT_lower5_all_h24,ETH all 24H,phase2_lower5_best,ETHUSDT,lower,5pct,long,all,-2.5346979200,6,24,2022-07-23 08:00,2022-07-23 12:00,2022-07-24 08:00,-3.6229910186,Q5_high,2.5192966886,1522.1900000000,1522.1900000000,1615.8500000000,1488.0000000000,1628.8600000000,0.0000000000,5.9711046618,5.9711046618,-2.2717150980,6.7730296240
ETHUSDT_lower5_all_h24,ETH all 24H,phase2_lower5_best,ETHUSDT,lower,5pct,long,all,-2.5346979200,6,24,2022-07-25 00:00,2022-07-25 04:00,2022-07-26 00:00,-5.5455943891,Q5_high,2.3548435420,1511.5100000000,1511.5100000000,1433.0500000000,1400.4600000000,1553.7900000000,0.0000000000,-5.3304111087,-5.3304111087,-7.6308397078,2.7587956519
ETHUSDT_lower5_all_h24,ETH all 24H,phase2_lower5_best,ETHUSDT,lower,5pct,long,all,-2.5346979200,6,24,2022-07-25 20:00,2022-07-26 00:00,2022-07-26 20:00,-3.6934632576,Q5_high,2.2204801582,1440.7900000000,1440.7900000000,1449.1200000000,1356.1700000000,1454.1100000000,0.0000000000,0.5764901378,0.5764901378,-6.0527023875,0.9202455353
ETHUSDT_lower5_all_h24,ETH all 24H,phase2_lower5_best,ETHUSDT,lower,5pct,long,all,-2.5346979200,6,24,2022-07-26 12:00,2022-07-26 16:00,2022-07-27 12:00,-2.7136702519,Q5_high,2.0801043299,1368.6800000000,1368.6700000000,1489.2000000000,1356.1700000000,1496.9900000000,-0.0007306336,8.4392291294,8.4399597630,-0.9174914994,8.9616960002
ETHUSDT_lower5_all_h24,ETH all 24H,phase2_lower5_best,ETHUSDT,lower,5pct,long,all,-2.5346979200,6,24,2022-07-30 16:00,2022-07-30 20:00,2022-07-31 16:00,-2.6197481008,Q5_high,2.2823612283,1691.9300000000,1691.9200000000,1717.3700000000,1673.0100000000,1754.6900000000,-0.0005910427,1.4924161668,1.4930072095,-1.1239579469,3.6428224396
ETHUSDT_lower5_all_h24,ETH all 24H,phase2_lower5_best,ETHUSDT,lower,5pct,long,all,-2.5346979200,6,24,2022-08-01 16:00,2022-08-01 20:00,2022-08-02 16:00,-3.0552898966,Q3_mid,1.3790355860,1622.2700000000,1622.2800000000,1637.1400000000,1559.2800000000,1678.0000000000,0.0006164183,0.9124414030,0.9118249847,-3.9608390924,3.3770040863
ETHUSDT_lower5_all_h24,ETH all 24H,phase2_lower5_best,ETHUSDT,lower,5pct,long,all,-2.5346979200,6,24,2022-08-02 00:00,2022-08-02 04:00,2022-08-03 00:00,-3.3005555459,Q3_mid,1.4206869197,1577.3500000000,1577.3000000000,1619.9500000000,1559.2800000000,1678.0000000000,-0.0031699238,2.6649060822,2.6680760059,-1.1490348253,6.1888083534
ETHUSDT_lower5_all_h24,ETH all 24H,phase2_lower5_best,ETHUSDT,lower,5pct,long,all,-2.5346979200,6,24,2022-08-05 12:00,2022-08-05 16:00,2022-08-06 12:00,-2.5643643341,Q4_higher,1.6738092339,1670.0500000000,1670.0600000000,1715.5300000000,1656.7700000000,1749.9300000000,0.0005987827,2.6868504676,2.6862516849,-0.7989630186,4.6716233208
ETHUSDT_lower5_all_h24,ETH all 24H,phase2_lower5_best,ETHUSDT,lower,5pct,long,all,-2.5346979200,6,24,2022-08-09 08:00,2022-08-09 12:00,2022-08-10 08:00,-4.4745650020,Q3_mid,1.3992756424,1704.0400000000,1704.0400000000,1707.2000000000,1656.7800000000,1718.0000000000,0.0000000000,0.1852699255,0.1852699255,-2.8125942747,0.8158921252
ETHUSDT_lower5_all_h24,ETH all 24H,phase2_lower5_best,ETHUSDT,lower,5pct,long,all,-2.5346979200,6,24,2022-08-14 16:00,2022-08-14 20:00,2022-08-15 16:00,-2.6945206996,Q3_mid,1.2226082007,1931.4200000000,1931.4200000000,1889.5700000000,1872.3100000000,2012.4700000000,0.0000000000,-2.1906193721,-2.1906193721,-3.1082521044,4.1107339687
ETHUSDT_lower5_all_h24,ETH all 24H,phase2_lower5_best,ETHUSDT,lower,5pct,long,all,-2.5346979200,6,24,2022-08-15 04:00,2022-08-15 08:00,2022-08-16 04:00,-4.4503252182,Q4_higher,1.6760580328,1899.8700000000,1899.8800000000,1886.5900000000,1856.9800000000,1933.4200000000,0.0005263504,-0.7014496100,-0.7019759604,-2.2839214030,1.7499729183
ETHUSDT_lower5_all_h24,ETH all 24H,phase2_lower5_best,ETHUSDT,lower,5pct,long,all,-2.5346979200,6,24,2022-08-19 04:00,2022-08-19 08:00,2022-08-20 04:00,-4.1205498007,Q3_mid,1.2565534540,1744.6300000000,1744.6300000000,1647.7600000000,1602.3700000000,1745.0000000000,0.0000000000,-5.7125708974,-5.7125708974,-8.5058715511,0.0212056866
ETHUSDT_lower5_all_h24,ETH all 24H,phase2_lower5_best,ETHUSDT,lower,5pct,long,all,-2.5346979200,6,24,2022-08-19 20:00,2022-08-20 00:00,2022-08-20 20:00,-5.5703044890,Q4_higher,1.6905099954,1609.0100000000,1609.0000000000,1576.0400000000,1523.6700000000,1657.0800000000,-0.0006215021,-2.0703711207,-2.0697496186,-5.4490969626,2.9444149293
ETHUSDT_lower5_all_h24,ETH all 24H,phase2_lower5_best,ETHUSDT,lower,5pct,long,all,-2.5346979200,6,24,2022-08-20 16:00,2022-08-20 20:00,2022-08-21 16:00,-4.4059493791,Q5_high,1.9455417611,1564.2300000000,1564.2300000000,1624.1800000000,1523.6700000000,1640.8000000000,0.0000000000,3.7609382901,3.7609382901,-2.6271791750,4.7790237641
ETHUSDT_lower5_all_h24,ETH all 24H,phase2_lower5_best,ETHUSDT,lower,5pct,long,all,-2.5346979200,6,24,2022-08-24 00:00,2022-08-24 04:00,2022-08-25 00:00,-3.1083192048,Q4_higher,1.5760184062,1614.4400000000,1614.4400000000,1669.7300000000,1610.5300000000,1694.1300000000,0.0000000000,3.3673789394,3.3673789394,-0.2424829946,4.8181187409
ETHUSDT_lower5_all_h24,ETH all 24H,phase2_lower5_best,ETHUSDT,lower,5pct,long,all,-2.5346979200,6,24,2022-08-26 20:00,2022-08-27 00:00,2022-08-27 20:00,-3.3641159818,Q4_higher,1.6182748789,1508.1800000000,1508.1800000000,1491.0600000000,1447.5200000000,1518.4200000000,0.0000000000,-1.1416349436,-1.1416349436,-4.1051878562,0.6766694689
ETHUSDT_lower5_all_h24,ETH all 24H,phase2_lower5_best,ETHUSDT,lower,5pct,long,all,-2.5346979200,6,24,2022-08-28 20:00,2022-08-29 00:00,2022-08-29 20:00,-3.8842970623,Q3_mid,1.3619009088,1426.7600000000,1426.7600000000,1551.8000000000,1422.0800000000,1559.9900000000,0.0000000000,8.4009408131,8.4009408131,-0.3285550757,8.9273271638
ETHUSDT_lower5_all_h24,ETH all 24H,phase2_lower5_best,ETHUSDT,lower,5pct,long,all,-2.5346979200,6,24,2022-08-30 12:00,2022-08-30 16:00,2022-08-31 12:00,-3.8717583977,Q5_high,1.9996823583,1524.6900000000,1524.6800000000,1560.6800000000,1473.6100000000,1619.7800000000,-0.0006558732,2.3330513015,2.3337071747,-3.4069379377,6.0505785578
ETHUSDT_lower5_all_h24,ETH all 24H,phase2_lower5_best,ETHUSDT,lower,5pct,long,all,-2.5346979200,6,24,2022-09-01 12:00,2022-09-01 16:00,2022-09-02 12:00,-2.6950719483,Q5_high,2.2902960391,1536.0300000000,1536.0200000000,1636.3200000000,1523.6000000000,1650.0000000000,-0.0006510311,6.3248652291,6.3255162602,-0.8118699852,7.1580632438
ETHUSDT_lower5_all_h24,ETH all 24H,phase2_lower5_best,ETHUSDT,lower,5pct,long,all,-2.5346979200,6,24,2022-09-02 16:00,2022-09-02 20:00,2022-09-03 16:00,-4.6822132815,Q5_high,2.3114139752,1561.4700000000,1561.4700000000,1549.3100000000,1534.2800000000,1586.6000000000,0.0000000000,-0.7818014733,-0.7818014733,-1.7566469637,1.5965676625
ETHUSDT_lower5_all_h24,ETH all 24H,phase2_lower5_best,ETHUSDT,lower,5pct,long,all,-2.5346979200,6,24,2022-09-06 16:00,2022-09-06 20:00,2022-09-07 16:00,-5.7418774037,Q4_higher,1.6137280142,1576.6700000000,1576.6700000000,1570.1500000000,1490.6600000000,1588.9100000000,0.0000000000,-0.4143871801,-0.4143871801,-5.6096053096,0.7733218556
ETHUSDT_lower5_all_h24,ETH all 24H,phase2_lower5_best,ETHUSDT,lower,5pct,long,all,-2.5346979200,6,24,2022-09-07 00:00,2022-09-07 04:00,2022-09-08 00:00,-3.1696350500,Q4_higher,1.7862748291,1510.3700000000,1510.3700000000,1629.7900000000,1499.2900000000,1657.5000000000,0.0000000000,7.6096518239,7.6096518239,-0.7362991206,9.2955789154
ETHUSDT_lower5_all_h24,ETH all 24H,phase2_lower5_best,ETHUSDT,lower,5pct,long,all,-2.5346979200,6,24,2022-09-13 12:00,2022-09-13 16:00,2022-09-14 12:00,-8.5993266618,Q5_high,2.2577465513,1594.4500000000,1594.4400000000,1594.9400000000,1552.3800000000,1632.1100000000,-0.0006271775,0.0307268790,0.0313540565,-2.6733340257,2.3351078822
ETHUSDT_lower5_all_h24,ETH all 24H,phase2_lower5_best,ETHUSDT,lower,5pct,long,all,-2.5346979200,6,24,2022-09-15 08:00,2022-09-15 12:00,2022-09-16 08:00,-2.7955652083,Q5_high,2.4474813503,1591.5300000000,1591.5400000000,1478.6400000000,1442.2000000000,1600.0000000000,0.0006283242,-7.3573071311,-7.3579354554,-9.8532375445,0.5301528300
ETHUSDT_lower5_all_h24,ETH all 24H,phase2_lower5_best,ETHUSDT,lower,5pct,long,all,-2.5346979200,6,24,2022-09-15 12:00,2022-09-15 16:00,2022-09-16 12:00,-6.3948487496,Q5_high,2.7270000897,1492.9400000000,1492.9500000000,1452.3100000000,1424.2800000000,1519.1100000000,0.0006698170,-2.7591937970,-2.7598636140,-4.7087605504,1.7370608677
ETHUSDT_lower5_all_h24,ETH all 24H,phase2_lower5_best,ETHUSDT,lower,5pct,long,all,-2.5346979200,6,24,2022-09-18 16:00,2022-09-18 20:00,2022-09-19 16:00,-2.6196815799,Q4_higher,1.7481288066,1380.7800000000,1380.7800000000,1362.3700000000,1280.0000000000,1381.6200000000,0.0000000000,-1.3422726726,-1.3422726726,-7.5788478954,0.0608166830
ETHUSDT_lower5_all_h24,ETH all 24H,phase2_lower5_best,ETHUSDT,lower,5pct,long,all,-2.5346979200,6,24,2022-09-18 20:00,2022-09-19 00:00,2022-09-19 20:00,-3.4084373608,Q3_mid,1.3095332596,1334.5100000000,1334.5100000000,1375.9800000000,1280.0000000000,1393.3500000000,0.0000000000,3.0602021244,3.0602021244,-4.1704105346,4.3146736242
ETHUSDT_lower5_all_h24,ETH all 24H,phase2_lower5_best,ETHUSDT,lower,5pct,long,all,-2.5346979200,6,24,2022-09-19 00:00,2022-09-19 04:00,2022-09-20 00:00,-3.0401038862,Q3_mid,1.4030378562,1294.5500000000,1294.5500000000,1355.0000000000,1280.0000000000,1393.3500000000,0.0000000000,4.5638309916,4.5638309916,-1.1303066484,7.3547775104
ETHUSDT_lower5_all_h24,ETH all 24H,phase2_lower5_best,ETHUSDT,lower,5pct,long,all,-2.5346979200,6,24,2022-09-21 20:00,2022-09-22 00:00,2022-09-22 20:00,-6.0495235490,Q5_high,2.1159950941,1245.7800000000,1245.7900000000,1326.4600000000,1237.3200000000,1350.0800000000,0.0008027067,6.2751899831,6.2743872764,-0.6822116499,8.0393983119
ETHUSDT_lower5_all_h24,ETH all 24H,phase2_lower5_best,ETHUSDT,lower,5pct,long,all,-2.5346979200,6,24,2022-09-22 12:00,2022-09-22 16:00,2022-09-23 12:00,-2.8880774607,Q5_high,2.0789447052,1271.2500000000,1271.2400000000,1293.9400000000,1252.1200000000,1360.0000000000,-0.0007866304,1.7691158771,1.7699025076,-1.5154687346,6.7491897672
ETHUSDT_lower5_all_h24,ETH all 24H,phase2_lower5_best,ETHUSDT,lower,5pct,long,all,-2.5346979200,6,24,2022-09-23 08:00,2022-09-23 12:00,2022-09-24 08:00,-3.3657683901,Q5_high,2.2730404382,1287.7400000000,1287.7500000000,1326.9900000000,1262.1500000000,1339.9300000000,0.0007765513,3.0024475576,3.0016710063,-2.0079893454,3.9720864329
ETHUSDT_lower5_all_h24,ETH all 24H,phase2_lower5_best,ETHUSDT,lower,5pct,long,all,-2.5346979200,6,24,2022-09-27 16:00,2022-09-27 20:00,2022-09-28 16:00,-3.0175761006,Q4_higher,1.4442502160,1324.6000000000,1324.6000000000,1334.1200000000,1253.2000000000,1343.7500000000,0.0000000000,0.7161371401,0.7161371401,-5.5410246973,1.4353685825
ETHUSDT_lower5_all_h24,ETH all 24H,phase2_lower5_best,ETHUSDT,lower,5pct,long,all,-2.5346979200,6,24,2022-09-28 00:00,2022-09-28 04:00,2022-09-29 00:00,-3.1196488356,Q4_higher,1.5827717997,1287.2300000000,1287.2400000000,1342.0000000000,1253.2000000000,1355.7000000000,0.0007768589,4.1668415724,4.1660647134,-2.6800111319,5.1817534688
ETHUSDT_lower5_all_h24,ETH all 24H,phase2_lower5_best,ETHUSDT,lower,5pct,long,all,-2.5346979200,6,24,2022-10-13 08:00,2022-10-13 12:00,2022-10-14 08:00,-2.7250031696,Q1_low,0.7847043609,1243.0900000000,1243.0900000000,1325.8700000000,1190.0000000000,1342.0000000000,0.0000000000,6.4468632364,6.4468632364,-4.3646908255,7.6560823171
ETHUSDT_lower5_all_h24,ETH all 24H,phase2_lower5_best,ETHUSDT,lower,5pct,long,all,-2.5346979200,6,24,2022-10-27 20:00,2022-10-28 00:00,2022-10-28 20:00,-3.1409319045,Q5_high,2.0281360354,1514.0500000000,1514.0400000000,1554.4100000000,1479.8200000000,1574.9000000000,-0.0006604824,2.6307872842,2.6314477665,-2.2861115988,3.9410203453
ETHUSDT_lower5_all_h24,ETH all 24H,phase2_lower5_best,ETHUSDT,lower,5pct,long,all,-2.5346979200,6,24,2022-10-31 12:00,2022-10-31 16:00,2022-11-01 12:00,-3.2490924899,Q3_mid,1.3340443550,1569.4400000000,1569.4300000000,1574.2800000000,1550.5400000000,1612.9200000000,-0.0006371720,0.3079157065,0.3085528785,-1.2109238759,2.7333704775
ETHUSDT_lower5_all_h24,ETH all 24H,phase2_lower5_best,ETHUSDT,lower,5pct,long,all,-2.5346979200,6,24,2022-11-06 20:00,2022-11-07 00:00,2022-11-07 20:00,-2.6502951155,Q3_mid,1.2193376111,1568.2900000000,1568.2500000000,1568.1000000000,1545.0300000000,1608.0400000000,-0.0025505812,-0.0121158402,-0.0095652590,-1.4917020358,2.5055698075
ETHUSDT_lower5_all_h24,ETH all 24H,phase2_lower5_best,ETHUSDT,lower,5pct,long,all,-2.5346979200,6,24,2022-11-08 00:00,2022-11-08 04:00,2022-11-09 00:00,-3.9697326939,Q3_mid,1.3877184835,1507.0700000000,1507.0600000000,1312.3900000000,1233.0000000000,1579.9800000000,-0.0006635414,-13.8317466018,-13.8310830605,-20.0710508870,4.7251455679
ETHUSDT_lower5_all_h24,ETH all 24H,phase2_lower5_best,ETHUSDT,lower,5pct,long,all,-2.5346979200,6,24,2022-11-08 16:00,2022-11-08 20:00,2022-11-09 16:00,-10.6000425211,Q5_high,2.6176953270,1315.3900000000,1315.3900000000,1195.4700000000,1136.1300000000,1344.8300000000,0.0000000000,-9.5593786107,-9.5593786107,-14.6505449235,2.2134411407
ETHUSDT_lower5_all_h24,ETH all 24H,phase2_lower5_best,ETHUSDT,lower,5pct,long,all,-2.5346979200,6,24,2022-11-09 04:00,2022-11-09 08:00,2022-11-10 04:00,-2.9413657753,Q5_high,2.7024482625,1274.3500000000,1274.3600000000,1189.7200000000,1073.5300000000,1276.5900000000,0.0007847107,-6.8718259375,-6.8726106482,-17.1491807884,0.1748368700
ETHUSDT_lower5_all_h24,ETH all 24H,phase2_lower5_best,ETHUSDT,lower,5pct,long,all,-2.5346979200,6,24,2022-11-09 08:00,2022-11-09 12:00,2022-11-10 08:00,-4.3552599602,Q5_high,2.7817818663,1220.0400000000,1220.0500000000,1187.0400000000,1073.5300000000,1248.5500000000,0.0008196419,-2.7420831634,-2.7429028053,-12.7939557595,2.3091036482
ETHUSDT_lower5_all_h24,ETH all 24H,phase2_lower5_best,ETHUSDT,lower,5pct,long,all,-2.5346979200,6,24,2022-11-09 12:00,2022-11-09 16:00,2022-11-10 12:00,-4.7863574800,Q5_high,2.8547015231,1163.0200000000,1163.0200000000,1321.6100000000,1073.5300000000,1350.0000000000,0.0000000000,12.7830620049,12.7830620049,-8.0067786376,14.9084522157
ETHUSDT_lower5_all_h24,ETH all 24H,phase2_lower5_best,ETHUSDT,lower,5pct,long,all,-2.5346979200,6,24,2022-11-09 20:00,2022-11-10 00:00,2022-11-10 20:00,-8.0750490137,Q5_high,3.3101391381,1102.7300000000,1102.7300000000,1299.2800000000,1085.9300000000,1350.0000000000,0.0000000000,16.4021341523,16.4021341523,-1.5352160649,20.2315669089
ETHUSDT_lower5_all_h24,ETH all 24H,phase2_lower5_best,ETHUSDT,lower,5pct,long,all,-2.5346979200,6,24,2022-11-11 00:00,2022-11-11 04:00,2022-11-12 00:00,-4.7416884903,Q5_high,4.6745034332,1239.1100000000,1239.1200000000,1259.3400000000,1201.2600000000,1310.0000000000,0.0008070276,1.6194394222,1.6186323946,-3.1030444328,5.5625686956
ETHUSDT_lower5_all_h24,ETH all 24H,phase2_lower5_best,ETHUSDT,lower,5pct,long,all,-2.5346979200,6,24,2022-11-20 08:00,2022-11-20 12:00,2022-11-21 08:00,-4.4083095952,Q2_lower,1.1364254979,1167.7600000000,1167.7600000000,1125.0000000000,1105.6500000000,1190.0000000000,0.0000000000,-3.7304348184,-3.7304348184,-5.4653986519,1.8865923283
ETHUSDT_lower5_all_h24,ETH all 24H,phase2_lower5_best,ETHUSDT,lower,5pct,long,all,-2.5346979200,6,24,2022-11-20 20:00,2022-11-21 00:00,2022-11-21 20:00,-3.7165902672,Q3_mid,1.4172480497,1142.2100000000,1142.2100000000,1107.3400000000,1079.7600000000,1146.9900000000,0.0000000000,-3.1004239270,-3.1004239270,-5.6226188026,0.4176137469
ETHUSDT_lower5_all_h24,ETH all 24H,phase2_lower5_best,ETHUSDT,lower,5pct,long,all,-2.5346979200,6,24,2022-11-21 16:00,2022-11-21 20:00,2022-11-22 16:00,-3.5213289104,Q4_higher,1.5314468739,1091.2200000000,1091.2200000000,1127.2500000000,1075.0000000000,1146.1300000000,0.0000000000,3.2484701934,3.2484701934,-1.4975674805,4.9094713519
ETHUSDT_lower5_all_h24,ETH all 24H,phase2_lower5_best,ETHUSDT,lower,5pct,long,all,-2.5346979200,6,24,2022-12-07 04:00,2022-12-07 08:00,2022-12-08 04:00,-3.0510500368,Q2_lower,1.1262652709,1224.3100000000,1224.3300000000,1232.9200000000,1219.0500000000,1239.8500000000,0.0016335599,0.7007919680,0.6991584081,-0.4321888710,1.2596648962
ETHUSDT_lower5_all_h24,ETH all 24H,phase2_lower5_best,ETHUSDT,lower,5pct,long,all,-2.5346979200,6,24,2022-12-16 08:00,2022-12-16 12:00,2022-12-17 08:00,-5.1932598504,Q4_higher,1.5775947850,1212.6500000000,1212.2300000000,1179.8600000000,1155.4400000000,1217.7900000000,-0.0346408898,-2.7412260147,-2.7065851249,-4.7980414809,0.4576102009
ETHUSDT_lower5_all_h24,ETH all 24H,phase2_lower5_best,ETHUSDT,lower,5pct,long,all,-2.5346979200,6,24,2022-12-16 20:00,2022-12-17 00:00,2022-12-17 20:00,-2.9973892370,Q4_higher,1.4596010172,1167.3600000000,1165.9700000000,1186.8700000000,1162.2200000000,1189.8900000000,-0.1191430414,1.6574800808,1.7766231223,-0.3221389356,2.0307507267
ETHUSDT_lower5_all_h24,ETH all 24H,phase2_lower5_best,ETHUSDT,lower,5pct,long,all,-2.5346979200,6,24,2023-01-24 20:00,2023-01-25 00:00,2023-01-25 20:00,-4.1963230481,Q2_lower,1.1453627300,1555.6700000000,1556.3300000000,1611.5000000000,1516.4000000000,1640.2300000000,0.0424164531,3.5259101272,3.4834936741,-2.5991380872,5.2505990373
ETHUSDT_lower5_all_h24,ETH all 24H,phase2_lower5_best,ETHUSDT,lower,5pct,long,all,-2.5346979200,6,24,2023-01-30 08:00,2023-01-30 12:00,2023-01-31 08:00,-2.8338205324,Q3_mid,1.1751770767,1581.9200000000,1581.2100000000,1571.2400000000,1542.5900000000,1596.9000000000,-0.0448922436,-0.6774182624,-0.6325260189,-2.4727554796,0.9873873134
ETHUSDT_lower5_all_h24,ETH all 24H,phase2_lower5_best,ETHUSDT,lower,5pct,long,all,-2.5346979200,6,24,2023-02-09 16:00,2023-02-09 20:00,2023-02-10 16:00,-3.2825970121,,,1579.5300000000,1579.3200000000,1534.3400000000,1505.7500000000,1582.0900000000,-0.0132959780,-2.9027013282,-2.8894053502,-4.7703261710,0.1752383088
ETHUSDT_lower5_all_h24,ETH all 24H,phase2_lower5_best,ETHUSDT,lower,5pct,long,all,-2.5346979200,6,24,2023-02-16 20:00,2023-02-17 00:00,2023-02-17 20:00,-4.2990018768,Q4_higher,1.6222498483,1638.6100000000,1638.3600000000,1693.4100000000,1631.0700000000,1721.4500000000,-0.0152579975,3.2895926010,3.3048505985,-0.4459500330,4.9471217434
ETHUSDT_lower5_all_h24,ETH all 24H,phase2_lower5_best,ETHUSDT,lower,5pct,long,all,-2.5346979200,6,24,2023-02-24 12:00,2023-02-24 16:00,2023-02-25 12:00,-2.7364417133,Q2_lower,1.1143993326,1603.3300000000,1602.7400000000,1597.1600000000,1575.1000000000,1622.9600000000,-0.0368051856,-0.3855664379,-0.3487612523,-1.7395902264,1.2536977921
ETHUSDT_lower5_all_h24,ETH all 24H,phase2_lower5_best,ETHUSDT,lower,5pct,long,all,-2.5346979200,6,24,2023-03-03 00:00,2023-03-03 04:00,2023-03-04 00:00,-5.1118220444,Q4_higher,1.5239668740,1565.1900000000,1565.1900000000,1570.9000000000,1547.2700000000,1580.4600000000,0.0000000000,0.3641481150,0.3641481150,-1.1515134661,0.9708721533
ETHUSDT_lower5_all_h24,ETH all 24H,phase2_lower5_best,ETHUSDT,lower,5pct,long,all,-2.5346979200,6,24,2023-03-09 16:00,2023-03-09 20:00,2023-03-10 16:00,-3.0212178783,Q2_lower,0.8618196477,1488.2700000000,1488.3900000000,1423.4800000000,1369.7300000000,1489.5400000000,0.0080627280,-4.4509793803,-4.4590421084,-8.3081358719,0.0772348616
ETHUSDT_lower5_all_h24,ETH all 24H,phase2_lower5_best,ETHUSDT,lower,5pct,long,all,-2.5346979200,6,24,2023-03-09 20:00,2023-03-10 00:00,2023-03-10 20:00,-3.4583668322,Q2_lower,1.0778680137,1437.6800000000,1437.6000000000,1426.8500000000,1369.7300000000,1438.4700000000,-0.0055646754,-0.7561485899,-0.7505839145,-4.8361416362,0.0604992247
ETHUSDT_lower5_all_h24,ETH all 24H,phase2_lower5_best,ETHUSDT,lower,5pct,long,all,-2.5346979200,6,24,2023-03-11 04:00,2023-03-11 08:00,2023-03-12 04:00,-2.7358026483,Q4_higher,1.5036112928,1419.1100000000,1417.5200000000,1459.2500000000,1409.2000000000,1477.3800000000,-0.1121048686,2.7892690548,2.9013739234,-0.5886698383,4.1361382858
ETHUSDT_lower5_all_h24,ETH all 24H,phase2_lower5_best,ETHUSDT,lower,5pct,long,all,-2.5346979200,6,24,2023-03-14 16:00,2023-03-14 20:00,2023-03-15 16:00,-2.8366388453,Q5_high,2.1398470053,1720.3900000000,1721.2300000000,1647.8800000000,1611.4200000000,1726.8900000000,0.0488142222,-4.3061396007,-4.3549538229,-6.5923373679,0.3282951338
ETHUSDT_lower5_all_h24,ETH all 24H,phase2_lower5_best,ETHUSDT,lower,5pct,long,all,-2.5346979200,6,24,2023-03-15 12:00,2023-03-15 16:00,2023-03-16 12:00,-2.7591995118,Q5_high,2.3428695421,1633.8900000000,1634.4700000000,1663.1900000000,1611.4200000000,1670.1500000000,0.0354918067,1.7773770327,1.7418852261,-1.4202814925,2.1594849977
ETHUSDT_lower5_all_h24,ETH all 24H,phase2_lower5_best,ETHUSDT,lower,5pct,long,all,-2.5346979200,6,24,2023-03-22 16:00,2023-03-22 20:00,2023-03-23 16:00,-5.0925337620,Q4_higher,1.7682698065,1716.5500000000,1718.3000000000,1820.8600000000,1710.8200000000,1856.5900000000,0.1018967438,5.8992454422,5.7973486985,-0.4362642231,7.7406041809
ETHUSDT_lower5_all_h24,ETH all 24H,phase2_lower5_best,ETHUSDT,lower,5pct,long,all,-2.5346979200,6,24,2023-03-24 08:00,2023-03-24 12:00,2023-03-25 08:00,-3.6368664369,Q5_high,2.0357704922,1750.3600000000,1747.4000000000,1745.1900000000,1726.3700000000,1784.9200000000,-0.1692512183,-0.2958048816,-0.1265536633,-1.2108030712,2.1244627418
ETHUSDT_lower5_all_h24,ETH all 24H,phase2_lower5_best,ETHUSDT,lower,5pct,long,all,-2.5346979200,6,24,2023-03-27 12:00,2023-03-27 16:00,2023-03-28 12:00,-3.1002477188,Q3_mid,1.3582865378,1711.7600000000,1711.4700000000,1743.8700000000,1696.2500000000,1754.2800000000,-0.0169430626,1.8584700447,1.8754131073,-0.8932718184,2.4705865979
ETHUSDT_lower5_all_h24,ETH all 24H,phase2_lower5_best,ETHUSDT,lower,5pct,long,all,-2.5346979200,6,24,2023-04-14 12:00,2023-04-14 16:00,2023-04-15 12:00,-2.6976218365,Q4_higher,1.5853448550,2059.0000000000,2058.2400000000,2098.4200000000,2042.7100000000,2120.5700000000,-0.0369179357,1.8964252551,1.9333431908,-0.7573891044,2.9833671782
ETHUSDT_lower5_all_h24,ETH all 24H,phase2_lower5_best,ETHUSDT,lower,5pct,long,all,-2.5346979200,6,24,2023-04-19 08:00,2023-04-19 12:00,2023-04-20 08:00,-4.5673416319,Q3_mid,1.2255227753,1981.4900000000,1981.7300000000,1939.8900000000,1922.6200000000,2006.3900000000,0.0121113640,-2.1217816517,-2.1338930157,-3.0281361419,1.2366886799
ETHUSDT_lower5_all_h24,ETH all 24H,phase2_lower5_best,ETHUSDT,lower,5pct,long,all,-2.5346979200,6,24,2023-04-21 16:00,2023-04-21 20:00,2023-04-22 16:00,-3.2742902938,Q3_mid,1.3745301422,1842.5800000000,1842.2700000000,1871.7600000000,1825.6400000000,1887.4700000000,-0.0168256510,1.5712401302,1.5880657812,-0.9067896406,2.4238801079
ETHUSDT_lower5_all_h24,ETH all 24H,phase2_lower5_best,ETHUSDT,lower,5pct,long,all,-2.5346979200,6,24,2023-04-26 16:00,2023-04-26 20:00,2023-04-27 16:00,-6.6115351285,Q4_higher,1.8683337456,1828.9700000000,1828.2500000000,1922.4100000000,1785.7400000000,1939.4200000000,-0.0393741700,4.9826640389,5.0220382089,-2.3526330020,5.9029734134
ETHUSDT_lower5_all_h24,ETH all 24H,phase2_lower5_best,ETHUSDT,lower,5pct,long,all,-2.5346979200,6,24,2023-05-06 12:00,2023-05-06 16:00,2023-05-07 12:00,-2.9732529479,Q3_mid,1.2253295707,1878.1300000000,1877.2800000000,1917.1900000000,1875.8600000000,1933.5100000000,-0.0452680274,2.0583971382,2.1036651657,-0.0756699760,2.9513083327
ETHUSDT_lower5_all_h24,ETH all 24H,phase2_lower5_best,ETHUSDT,lower,5pct,long,all,-2.5346979200,6,24,2023-06-05 12:00,2023-06-05 16:00,2023-06-06 12:00,-2.6191676692,Q1_low,0.7373851327,1821.5600000000,1820.5900000000,1842.0600000000,1778.3700000000,1845.9500000000,-0.0532652429,1.1191233784,1.1723886213,-2.3463409950,1.3833425744
ETHUSDT_lower5_all_h24,ETH all 24H,phase2_lower5_best,ETHUSDT,lower,5pct,long,all,-2.5346979200,6,24,2023-06-10 04:00,2023-06-10 08:00,2023-06-11 04:00,-5.3654608688,Q3_mid,1.3841420076,1732.5800000000,1732.4600000000,1752.3700000000,1717.8300000000,1772.6300000000,-0.0069263270,1.1357530370,1.1426793640,-0.8480497396,2.2921955679
ETHUSDT_lower5_all_h24,ETH all 24H,phase2_lower5_best,ETHUSDT,lower,5pct,long,all,-2.5346979200,6,24,2023-06-14 20:00,2023-06-15 00:00,2023-06-15 20:00,-4.6595734089,Q3_mid,1.2061128127,1650.7900000000,1652.3700000000,1666.4300000000,1628.7300000000,1680.6300000000,0.0956659756,0.9429652474,0.8472992718,-1.4410050939,1.6958102155
ETHUSDT_lower5_all_h24,ETH all 24H,phase2_lower5_best,ETHUSDT,lower,5pct,long,all,-2.5346979200,6,24,2023-07-14 16:00,2023-07-14 20:00,2023-07-15 16:00,-4.4908050918,Q3_mid,1.4310026089,1911.9700000000,1911.9600000000,1933.5100000000,1900.5600000000,1945.1200000000,-0.0005230221,1.1202879890,1.1208110111,-0.5980314320,1.7194777917
ETHUSDT_lower5_all_h24,ETH all 24H,phase2_lower5_best,ETHUSDT,lower,5pct,long,all,-2.5346979200,6,24,2023-08-17 12:00,2023-08-17 16:00,2023-08-18 12:00,-2.6996296586,Q1_low,0.6259843611,1742.0700000000,1742.0400000000,1662.0200000000,1635.0200000000,1748.8600000000,-0.0017221041,-4.7040331265,-4.7023110224,-6.3401803589,0.3907306813
ETHUSDT_lower5_all_h24,ETH all 24H,phase2_lower5_best,ETHUSDT,lower,5pct,long,all,-2.5346979200,6,24,2023-08-17 20:00,2023-08-18 00:00,2023-08-18 20:00,-3.3994296311,Q2_lower,0.9172129762,1681.9600000000,1682.6900000000,1661.9400000000,1643.3200000000,1698.9200000000,0.0433923297,-1.1974185357,-1.2408108654,-2.3675117589,0.9599051707
ETHUSDT_lower5_all_h24,ETH all 24H,phase2_lower5_best,ETHUSDT,lower,5pct,long,all,-2.5346979200,6,24,2023-10-24 12:00,2023-10-24 16:00,2023-10-25 12:00,-3.6765193825,Q4_higher,1.4742610486,1778.4000000000,1778.6600000000,1804.9700000000,1757.3100000000,1807.7600000000,0.0146188144,1.4829887480,1.4683699336,-1.2076041062,1.6228237984
ETHUSDT_lower5_all_h24,ETH all 24H,phase2_lower5_best,ETHUSDT,lower,5pct,long,all,-2.5346979200,6,24,2023-11-14 16:00,2023-11-14 20:00,2023-11-15 16:00,-3.0933024546,Q3_mid,1.1762660932,1975.4000000000,1979.4300000000,2050.0000000000,1968.6400000000,2050.0000000000,0.2038014982,3.7068883658,3.5030868677,-0.5465975459,3.5030868677
ETHUSDT_lower5_all_h24,ETH all 24H,phase2_lower5_best,ETHUSDT,lower,5pct,long,all,-2.5346979200,6,24,2023-11-16 12:00,2023-11-16 16:00,2023-11-17 12:00,-3.4310209321,Q4_higher,1.4738686788,1998.8200000000,1996.4000000000,1918.3000000000,1917.0600000000,2014.5800000000,-0.1211447828,-4.1117629281,-3.9906181453,-4.0552796135,0.9065178335
ETHUSDT_lower5_all_h24,ETH all 24H,phase2_lower5_best,ETHUSDT,lower,5pct,long,all,-2.5346979200,6,24,2023-11-17 12:00,2023-11-17 16:00,2023-11-18 12:00,-2.5370066432,Q3_mid,1.3943848517,1918.3000000000,1918.3700000000,1954.2600000000,1912.3300000000,1966.6300000000,0.0036489977,1.8572227998,1.8535738021,-0.3153473258,2.4845550865
ETHUSDT_lower5_all_h24,ETH all 24H,phase2_lower5_best,ETHUSDT,lower,5pct,long,all,-2.5346979200,6,24,2023-11-21 20:00,2023-11-22 00:00,2023-11-22 20:00,-2.6396510220,Q2_lower,0.8737373909,1938.0900000000,1935.1900000000,2064.0500000000,1931.6200000000,2088.0000000000,-0.1497439143,6.2967120113,6.4464559256,-0.1846483802,7.6001157145
ETHUSDT_lower5_all_h24,ETH all 24H,phase2_lower5_best,ETHUSDT,lower,5pct,long,all,-2.5346979200,6,24,2023-12-11 00:00,2023-12-11 04:00,2023-12-12 00:00,-4.2412128581,Q2_lower,1.1138606124,2254.6200000000,2250.5500000000,2232.2900000000,2157.5600000000,2253.1800000000,-0.1806813553,-0.9953479948,-0.8146666395,-4.2196677235,0.1167920945
ETHUSDT_lower5_all_h24,ETH all 24H,phase2_lower5_best,ETHUSDT,lower,5pct,long,all,-2.5346979200,6,24,2024-01-03 12:00,2024-01-03 16:00,2024-01-04 12:00,-2.8931045559,Q2_lower,1.1074445476,2240.6100000000,2235.4300000000,2278.3100000000,2191.9700000000,2284.9200000000,-0.2314546927,1.6685789828,1.9000336755,-1.9632920436,2.1897409496
ETHUSDT_lower5_all_h24,ETH all 24H,phase2_lower5_best,ETHUSDT,lower,5pct,long,all,-2.5346979200,6,24,2024-01-18 16:00,2024-01-18 20:00,2024-01-19 16:00,-3.0564220236,Q2_lower,0.8811170516,2450.0500000000,2450.0500000000,2497.1500000000,2425.5400000000,2504.0100000000,0.0000000000,1.9041649068,1.9041649068,-1.0054252499,2.1785014328
ETHUSDT_lower5_all_h24,ETH all 24H,phase2_lower5_best,ETHUSDT,lower,5pct,long,all,-2.5346979200,6,24,2024-01-23 08:00,2024-01-23 12:00,2024-01-24 08:00,-4.6012788249,Q3_mid,1.1959341812,2216.7100000000,2219.3400000000,2248.5100000000,2176.7300000000,2264.8900000000,0.1185739705,1.4243659947,1.3057920243,-1.9386103711,2.0316338249
ETHUSDT_lower5_all_h24,ETH all 24H,phase2_lower5_best,ETHUSDT,lower,5pct,long,all,-2.5346979200,6,24,2024-03-05 16:00,2024-03-05 20:00,2024-03-06 16:00,-14.0070071331,Q5_high,3.3348799258,3288.6300000000,3272.3400000000,3851.7700000000,3259.7700000000,3895.3100000000,-0.4965739357,15.8061718232,16.3027457589,-0.3848684580,17.4267940050
ETHUSDT_lower5_all_h24,ETH all 24H,phase2_lower5_best,ETHUSDT,lower,5pct,long,all,-2.5346979200,6,24,2024-03-14 12:00,2024-03-14 16:00,2024-03-15 12:00,-2.8070579682,Q2_lower,1.0125578595,3847.0900000000,3843.6100000000,3691.0200000000,3582.3200000000,3933.2800000000,-0.0904989204,-4.1414175731,-4.0509186526,-7.0401393930,2.3061654244
ETHUSDT_lower5_all_h24,ETH all 24H,phase2_lower5_best,ETHUSDT,lower,5pct,long,all,-2.5346979200,6,24,2024-03-15 00:00,2024-03-15 04:00,2024-03-16 00:00,-4.3093463221,Q4_higher,1.5053856528,3720.4100000000,3719.3100000000,3742.0500000000,3582.3200000000,3807.6300000000,-0.0295710056,0.5799712336,0.6095422391,-3.7527531995,2.3468781133
ETHUSDT_lower5_all_h24,ETH all 24H,phase2_lower5_best,ETHUSDT,lower,5pct,long,all,-2.5346979200,6,24,2024-03-17 04:00,2024-03-17 08:00,2024-03-18 04:00,-2.5704356406,Q4_higher,1.6159047444,3476.9000000000,3474.4500000000,3627.0000000000,3460.9900000000,3679.4700000000,-0.0704899078,4.2264768114,4.2969667192,-0.3881517798,5.7332526961
ETHUSDT_lower5_all_h24,ETH all 24H,phase2_lower5_best,ETHUSDT,lower,5pct,long,all,-2.5346979200,6,24,2024-03-19 00:00,2024-03-19 04:00,2024-03-20 00:00,-3.1294385327,Q4_higher,1.5861582228,3419.4000000000,3415.7300000000,3160.6700000000,3150.5200000000,3426.4400000000,-0.1073864097,-7.8681066646,-7.7607202549,-8.0823714411,0.3130588321
ETHUSDT_lower5_all_h24,ETH all 24H,phase2_lower5_best,ETHUSDT,lower,5pct,long,all,-2.5346979200,6,24,2024-03-19 20:00,2024-03-20 00:00,2024-03-20 20:00,-5.1116501509,Q5_high,1.9646504008,3165.0000000000,3165.8800000000,3512.0400000000,3062.0500000000,3525.6500000000,0.0278002428,10.4044009634,10.3766007206,-3.3346431725,10.7633758404
ETHUSDT_lower5_all_h24,ETH all 24H,phase2_lower5_best,ETHUSDT,lower,5pct,long,all,-2.5346979200,6,24,2024-03-22 08:00,2024-03-22 12:00,2024-03-23 08:00,-2.8945409441,Q5_high,2.0414371464,3411.4900000000,3403.5700000000,3358.7400000000,3250.2500000000,3423.9500000000,-0.2324265249,-1.5583242362,-1.3258977113,-4.6092964298,0.5969974611
ETHUSDT_lower5_all_h24,ETH all 24H,phase2_lower5_best,ETHUSDT,lower,5pct,long,all,-2.5346979200,6,24,2024-04-02 00:00,2024-04-02 04:00,2024-04-03 00:00,-3.8207433355,Q3_mid,1.3887118325,3374.6100000000,3373.0400000000,3315.2000000000,3203.8200000000,3390.4400000000,-0.0465347203,-1.7761808449,-1.7296461246,-5.1470567036,0.5145291592
ETHUSDT_lower5_all_h24,ETH all 24H,phase2_lower5_best,ETHUSDT,lower,5pct,long,all,-2.5346979200,6,24,2024-04-09 12:00,2024-04-09 16:00,2024-04-10 12:00,-2.8578524875,Q4_higher,1.4592791661,3526.2900000000,3525.6700000000,3482.2900000000,3417.1200000000,3552.1300000000,-0.0175837640,-1.2556203419,-1.2380365779,-3.1272398083,0.7476934434
ETHUSDT_lower5_all_h24,ETH all 24H,phase2_lower5_best,ETHUSDT,lower,5pct,long,all,-2.5346979200,6,24,2024-04-12 12:00,2024-04-12 16:00,2024-04-13 12:00,-2.6002224697,Q2_lower,1.0922674529,3442.6300000000,3440.5500000000,3278.0000000000,3150.0000000000,3451.8700000000,-0.0604371835,-4.9002233839,-4.8397862005,-8.8228889489,0.3284770858
ETHUSDT_lower5_all_h24,ETH all 24H,phase2_lower5_best,ETHUSDT,lower,5pct,long,all,-2.5346979200,6,24,2024-04-12 16:00,2024-04-12 20:00,2024-04-13 16:00,-6.9345031406,Q4_higher,1.8457727843,3211.9900000000,3204.2000000000,3106.9000000000,3100.0000000000,3302.3000000000,-0.2428233524,-3.3265238250,-3.0837004725,-3.3060337739,3.0156746168
ETHUSDT_lower5_all_h24,ETH all 24H,phase2_lower5_best,ETHUSDT,lower,5pct,long,all,-2.5346979200,6,24,2024-04-13 16:00,2024-04-13 20:00,2024-04-14 16:00,-5.3608035817,Q5_high,2.1297215701,3106.9000000000,3106.8900000000,3073.7200000000,2870.4100000000,3106.9000000000,-0.0003218648,-1.0736890070,-1.0733671422,-7.9167349146,0.0003218648
ETHUSDT_lower5_all_h24,ETH all 24H,phase2_lower5_best,ETHUSDT,lower,5pct,long,all,-2.5346979200,6,24,2024-04-13 20:00,2024-04-14 00:00,2024-04-14 20:00,-3.4110230264,Q5_high,2.2177290677,3002.7100000000,3001.7400000000,3155.9600000000,2915.4200000000,3174.0500000000,-0.0323093708,4.9777514391,5.0100608099,-2.9178228777,5.5816254440
ETHUSDT_lower5_all_h24,ETH all 24H,phase2_lower5_best,ETHUSDT,lower,5pct,long,all,-2.5346979200,6,24,2024-04-16 12:00,2024-04-16 16:00,2024-04-17 12:00,-2.6940205437,Q5_high,2.1440927489,3009.9200000000,3012.2200000000,2947.4000000000,2926.9600000000,3122.9200000000,0.0763848104,-2.0990074537,-2.1753922642,-2.8713006692,3.6091113139
ETHUSDT_lower5_all_h24,ETH all 24H,phase2_lower5_best,ETHUSDT,lower,5pct,long,all,-2.5346979200,6,24,2024-04-17 12:00,2024-04-17 16:00,2024-04-18 12:00,-3.0996587668,Q4_higher,1.6331318760,2947.4000000000,2945.7400000000,3070.2500000000,2915.7600000000,3093.0400000000,-0.0563366913,4.0835565711,4.1398932624,-1.0229552652,4.8794367163
ETHUSDT_lower5_all_h24,ETH all 24H,phase2_lower5_best,ETHUSDT,lower,5pct,long,all,-2.5346979200,6,24,2024-04-19 00:00,2024-04-19 04:00,2024-04-20 00:00,-2.6773528683,Q4_higher,1.5671166769,2984.3200000000,2981.9600000000,3054.4000000000,2977.5300000000,3125.4200000000,-0.0791112761,2.3211258792,2.4002371553,-0.1486704673,4.6987871721
ETHUSDT_lower5_all_h24,ETH all 24H,phase2_lower5_best,ETHUSDT,lower,5pct,long,all,-2.5346979200,6,24,2024-04-24 12:00,2024-04-24 16:00,2024-04-25 12:00,-3.2190304553,Q2_lower,0.9652911811,3176.6200000000,3173.9400000000,3158.0300000000,3075.0000000000,3191.9700000000,-0.0844020105,-0.5869322967,-0.5025302862,-3.1668817075,0.5664562713
ETHUSDT_lower5_all_h24,ETH all 24H,phase2_lower5_best,ETHUSDT,lower,5pct,long,all,-2.5346979200,6,24,2024-04-29 00:00,2024-04-29 04:00,2024-04-30 00:00,-2.7712937081,Q3_mid,1.1670132861,3172.5400000000,3179.5600000000,3181.7200000000,3117.0800000000,3249.3200000000,0.2210293559,0.2889402192,0.0679108633,-1.9846156279,2.1702921242
ETHUSDT_lower5_all_h24,ETH all 24H,phase2_lower5_best,ETHUSDT,lower,5pct,long,all,-2.5346979200,6,24,2024-04-30 08:00,2024-04-30 12:00,2024-05-01 08:00,-4.7816684212,Q4_higher,1.6419906126,3007.8600000000,3007.2200000000,2903.9600000000,2817.5900000000,3035.6800000000,-0.0212798501,-3.5153539688,-3.4940741188,-6.5134154317,0.9419388183
ETHUSDT_lower5_all_h24,ETH all 24H,phase2_lower5_best,ETHUSDT,lower,5pct,long,all,-2.5346979200,6,24,2024-05-01 04:00,2024-05-01 08:00,2024-05-02 04:00,-4.6301540270,Q5_high,1.9319321711,2869.3700000000,2868.6500000000,2920.2100000000,2817.5900000000,3013.9900000000,-0.0250957649,1.7563038022,1.7813995671,-1.7959626198,4.9423246517
ETHUSDT_lower5_all_h24,ETH all 24H,phase2_lower5_best,ETHUSDT,lower,5pct,long,all,-2.5346979200,6,24,2024-05-10 12:00,2024-05-10 16:00,2024-05-11 12:00,-3.9588016518,Q2_lower,1.1059732815,2918.8700000000,2916.6000000000,2926.9200000000,2880.4000000000,2944.7700000000,-0.0778000783,0.2754120517,0.3532121300,-1.2489380905,0.9612161284
ETHUSDT_lower5_all_h24,ETH all 24H,phase2_lower5_best,ETHUSDT,lower,5pct,long,all,-2.5346979200,6,24,2024-05-23 12:00,2024-05-23 16:00,2024-05-24 12:00,-2.7680188560,Q5_high,2.9243983920,3813.0400000000,3819.0900000000,3706.6900000000,3574.4900000000,3884.9600000000,0.1585403096,-2.8287476149,-2.9872879246,-6.6189665718,1.7100513412
ETHUSDT_lower5_all_h24,ETH all 24H,phase2_lower5_best,ETHUSDT,lower,5pct,long,all,-2.5346979200,6,24,2024-05-24 04:00,2024-05-24 08:00,2024-05-25 04:00,-3.3263761216,Q4_higher,1.7479976489,3680.0200000000,3680.0300000000,3747.7500000000,3639.3700000000,3777.7400000000,0.0002717373,1.8237472962,1.8234755589,-1.1110314575,2.6205042908
ETHUSDT_lower5_all_h24,ETH all 24H,phase2_lower5_best,ETHUSDT,lower,5pct,long,all,-2.5346979200,6,24,2024-06-07 16:00,2024-06-07 20:00,2024-06-08 16:00,-2.8982507184,Q2_lower,0.9126696978,3692.3700000000,3686.9300000000,3684.1300000000,3664.7800000000,3709.0800000000,-0.1474394857,-0.2234122803,-0.0759727945,-0.6025827195,0.5989733984
ETHUSDT_lower5_all_h24,ETH all 24H,phase2_lower5_best,ETHUSDT,lower,5pct,long,all,-2.5346979200,6,24,2024-07-05 00:00,2024-07-05 04:00,2024-07-06 00:00,-4.6743826392,Q3_mid,1.2572796742,2920.1600000000,2920.7500000000,2984.1300000000,2828.0100000000,3026.6300000000,0.0202023316,2.1669837777,2.1467814461,-3.2267148519,3.5609356719
ETHUSDT_lower5_all_h24,ETH all 24H,phase2_lower5_best,ETHUSDT,lower,5pct,long,all,-2.5346979200,6,24,2024-07-08 12:00,2024-07-08 16:00,2024-07-09 12:00,-2.7120722774,Q4_higher,1.5755266441,2970.7000000000,2973.1000000000,3067.3400000000,2946.3700000000,3113.2200000000,0.0807564228,3.2013121224,3.1205556995,-0.9031275328,4.6052380832
ETHUSDT_lower5_all_h24,ETH all 24H,phase2_lower5_best,ETHUSDT,lower,5pct,long,all,-2.5346979200,6,24,2024-07-16 04:00,2024-07-16 08:00,2024-07-17 04:00,-2.6077390421,Q2_lower,1.0748361762,3376.5600000000,3378.2800000000,3488.4600000000,3347.4900000000,3514.2900000000,0.0509264479,3.2602938330,3.2093673851,-0.9155892959,3.9470809160
ETHUSDT_lower5_all_h24,ETH all 24H,phase2_lower5_best,ETHUSDT,lower,5pct,long,all,-2.5346979200,6,24,2024-07-25 00:00,2024-07-25 04:00,2024-07-26 00:00,-4.8165256356,Q4_higher,1.4925300834,3177.0800000000,3173.5000000000,3238.0600000000,3100.0000000000,3255.8000000000,-0.1127456194,1.9011849082,2.0139305276,-2.3432968273,2.5602941428
ETHUSDT_lower5_all_h24,ETH all 24H,phase2_lower5_best,ETHUSDT,lower,5pct,long,all,-2.5346979200,6,24,2024-08-02 12:00,2024-08-02 16:00,2024-08-03 12:00,-3.5687581305,Q3_mid,1.2543380461,3042.7700000000,3042.2200000000,2947.7300000000,2929.7700000000,3044.0300000000,-0.0180772689,-3.1732902137,-3.1552129448,-3.7663590409,0.0594783341
ETHUSDT_lower5_all_h24,ETH all 24H,phase2_lower5_best,ETHUSDT,lower,5pct,long,all,-2.5346979200,6,24,2024-08-04 12:00,2024-08-04 16:00,2024-08-05 12:00,-2.8846182418,Q3_mid,1.3953701463,2836.0300000000,2834.1200000000,2447.1200000000,2184.6900000000,2840.7900000000,-0.0673703543,-14.7493363995,-14.6819660452,-26.0257541298,0.2350699155
ETHUSDT_lower5_all_h24,ETH all 24H,phase2_lower5_best,ETHUSDT,lower,5pct,long,all,-2.5346979200,6,24,2024-08-04 16:00,2024-08-04 20:00,2024-08-05 16:00,-2.6095379487,Q3_mid,1.4346857007,2762.9800000000,2761.3800000000,2403.7900000000,2184.6900000000,2773.7600000000,-0.0579252636,-13.9263148958,-13.8683896323,-23.4256612719,0.4473245715
ETHUSDT_lower5_all_h24,ETH all 24H,phase2_lower5_best,ETHUSDT,lower,5pct,long,all,-2.5346979200,6,24,2024-08-05 00:00,2024-08-05 04:00,2024-08-06 00:00,-15.0156561163,Q5_high,3.4842849459,2321.2500000000,2319.8900000000,2499.7400000000,2184.6900000000,2549.7200000000,-0.0586062924,7.4080892781,7.4666955705,-6.0045828709,9.4463778459
ETHUSDT_lower5_all_h24,ETH all 24H,phase2_lower5_best,ETHUSDT,lower,5pct,long,all,-2.5346979200,6,24,2024-08-06 08:00,2024-08-06 12:00,2024-08-07 08:00,-2.7263061308,Q5_high,4.0160453334,2460.0100000000,2462.8000000000,2473.7300000000,2422.5800000000,2551.1600000000,0.1133499078,0.5561718034,0.4428218956,-1.6465826082,3.5249243640
ETHUSDT_lower5_all_h24,ETH all 24H,phase2_lower5_best,ETHUSDT,lower,5pct,long,all,-2.5346979200,6,24,2024-08-09 12:00,2024-08-09 16:00,2024-08-10 12:00,-2.9649589280,Q5_high,2.2705752381,2560.0200000000,2561.7400000000,2598.2100000000,2554.8000000000,2642.8100000000,0.0671644148,1.4807675430,1.4136031282,-0.2712772403,3.1156029923
ETHUSDT_lower5_all_h24,ETH all 24H,phase2_lower5_best,ETHUSDT,lower,5pct,long,all,-2.5346979200,6,24,2024-08-14 12:00,2024-08-14 16:00,2024-08-15 12:00,-2.6648363030,Q4_higher,1.6241498258,2673.4200000000,2668.0000000000,2673.1500000000,2591.8800000000,2679.0800000000,-0.2029423584,-0.0100999332,0.1928424252,-2.8945646931,0.4144323952
ETHUSDT_lower5_all_h24,ETH all 24H,phase2_lower5_best,ETHUSDT,lower,5pct,long,all,-2.5346979200,6,24,2024-08-15 16:00,2024-08-15 20:00,2024-08-16 16:00,-4.7544657659,Q4_higher,1.6601844571,2549.0300000000,2549.8700000000,2620.4700000000,2517.7000000000,2627.7100000000,0.0329482833,2.7640796352,2.7311313519,-1.2696591131,3.0070366979
ETHUSDT_lower5_all_h24,ETH all 24H,phase2_lower5_best,ETHUSDT,lower,5pct,long,all,-2.5346979200,6,24,2024-08-20 12:00,2024-08-20 16:00,2024-08-21 12:00,-2.5803307977,Q2_lower,1.0728785997,2575.0700000000,2572.9100000000,2605.0600000000,2537.8400000000,2616.0300000000,-0.0839164149,1.1578989357,1.2418153506,-1.3724228524,1.6620347355
ETHUSDT_lower5_all_h24,ETH all 24H,phase2_lower5_best,ETHUSDT,lower,5pct,long,all,-2.5346979200,6,24,2024-08-27 20:00,2024-08-28 00:00,2024-08-28 20:00,-4.9517424456,Q3_mid,1.3149329078,2456.4700000000,2452.5500000000,2526.8200000000,2422.0800000000,2553.6600000000,-0.1597060445,2.8236235106,2.9833295551,-1.2501624471,4.0399324629
ETHUSDT_lower5_all_h24,ETH all 24H,phase2_lower5_best,ETHUSDT,lower,5pct,long,all,-2.5346979200,6,24,2024-08-30 12:00,2024-08-30 16:00,2024-08-31 12:00,-2.5370410010,Q4_higher,1.7178258440,2447.5600000000,2451.0600000000,2518.3500000000,2434.7900000000,2540.1000000000,0.1428974117,2.8512315235,2.7083341118,-0.6660073535,3.5682866284
ETHUSDT_lower5_all_h24,ETH all 24H,phase2_lower5_best,ETHUSDT,lower,5pct,long,all,-2.5346979200,6,24,2024-09-01 20:00,2024-09-02 00:00,2024-09-02 20:00,-2.8119542027,Q3_mid,1.1694670273,2429.6400000000,2426.5900000000,2539.2300000000,2426.5900000000,2563.0000000000,-0.1256118594,4.4117787236,4.5373905830,0.0000000000,5.4691467747
ETHUSDT_lower5_all_h24,ETH all 24H,phase2_lower5_best,ETHUSDT,lower,5pct,long,all,-2.5346979200,6,24,2024-09-03 12:00,2024-09-03 16:00,2024-09-04 12:00,-2.7175541430,Q3_mid,1.2460682093,2440.0900000000,2442.5100000000,2453.7900000000,2309.3200000000,2470.1800000000,0.0991275221,0.5598844184,0.4607568963,-5.6073090189,1.1264823386
ETHUSDT_lower5_all_h24,ETH all 24H,phase2_lower5_best,ETHUSDT,lower,5pct,long,all,-2.5346979200,6,24,2024-09-06 12:00,2024-09-06 16:00,2024-09-07 12:00,-3.7440289073,Q4_higher,1.4710947713,2290.1700000000,2292.3100000000,2303.7700000000,2151.2500000000,2311.2200000000,0.0933992142,0.5920860843,0.4986868701,-6.3510974217,0.8215480885
ETHUSDT_lower5_all_h24,ETH all 24H,phase2_lower5_best,ETHUSDT,lower,5pct,long,all,-2.5346979200,6,24,2024-09-06 16:00,2024-09-06 20:00,2024-09-07 16:00,-2.7400550977,Q4_higher,1.5557121244,2228.2700000000,2222.0800000000,2293.3500000000,2151.2500000000,2311.2200000000,-0.2781805472,2.8788131051,3.1569936523,-3.2394625626,3.9331829476
ETHUSDT_lower5_all_h24,ETH all 24H,phase2_lower5_best,ETHUSDT,lower,5pct,long,all,-2.5346979200,6,24,2024-10-01 12:00,2024-10-01 16:00,2024-10-02 12:00,-4.1102897980,Q2_lower,1.0965039941,2525.7800000000,2523.0900000000,2463.2400000000,2426.0100000000,2529.8300000000,-0.1065585073,-2.5072369380,-2.4006784307,-3.9236408317,0.2667765964
ETHUSDT_lower5_all_h24,ETH all 24H,phase2_lower5_best,ETHUSDT,lower,5pct,long,all,-2.5346979200,6,24,2024-10-02 16:00,2024-10-02 20:00,2024-10-03 16:00,-3.4377068852,Q3_mid,1.3779269037,2380.0000000000,2378.8400000000,2354.8100000000,2316.5200000000,2407.0200000000,-0.0487513774,-1.0640442875,-1.0152929102,-2.6546914358,1.1776493955
ETHUSDT_lower5_all_h24,ETH all 24H,phase2_lower5_best,ETHUSDT,lower,5pct,long,all,-2.5346979200,6,24,2024-10-31 12:00,2024-10-31 16:00,2024-11-01 12:00,-2.7930940870,Q2_lower,1.0496919525,2563.4900000000,2560.0200000000,2502.4500000000,2470.0300000000,2583.2000000000,-0.1354540356,-2.4099359330,-2.2744818973,-3.5784774646,0.9013869501
ETHUSDT_lower5_all_h24,ETH all 24H,phase2_lower5_best,ETHUSDT,lower,5pct,long,all,-2.5346979200,6,24,2024-11-13 16:00,2024-11-13 20:00,2024-11-14 16:00,-4.5051090718,Q5_high,1.9335086144,3164.1900000000,3157.1400000000,3143.3500000000,3062.1000000000,3239.3900000000,-0.2230544181,-0.6607988481,-0.4377444300,-3.0565599395,2.5718485983
ETHUSDT_lower5_all_h24,ETH all 24H,phase2_lower5_best,ETHUSDT,lower,5pct,long,all,-2.5346979200,6,24,2024-11-14 12:00,2024-11-14 16:00,2024-11-15 12:00,-3.4449689401,Q5_high,2.0384512202,3079.8900000000,3077.2500000000,3019.4200000000,2941.5300000000,3176.7100000000,-0.0857541054,-1.9829122100,-1.8971581046,-4.5106486860,3.1809729030
ETHUSDT_lower5_all_h24,ETH all 24H,phase2_lower5_best,ETHUSDT,lower,5pct,long,all,-2.5346979200,6,24,2024-11-14 20:00,2024-11-15 00:00,2024-11-15 20:00,-2.8221506673,Q5_high,2.1135859982,3055.8800000000,3055.6300000000,3091.6300000000,2941.5300000000,3117.3700000000,-0.0081812842,1.1630856399,1.1712669241,-3.8055936527,2.0003906947
ETHUSDT_lower5_all_h24,ETH all 24H,phase2_lower5_best,ETHUSDT,lower,5pct,long,all,-2.5346979200,6,24,2024-11-15 12:00,2024-11-15 16:00,2024-11-16 12:00,-2.6469600848,Q5_high,2.0991571949,3019.4200000000,3021.2700000000,3135.8200000000,3017.1400000000,3219.1600000000,0.0612512828,3.7825942920,3.7213430091,-0.1367909978,6.3443183168
ETHUSDT_lower5_all_h24,ETH all 24H,phase2_lower5_best,ETHUSDT,lower,5pct,long,all,-2.5346979200,6,24,2024-12-10 12:00,2024-12-10 16:00,2024-12-11 12:00,-4.8033863924,Q3_mid,1.3589288616,3575.7700000000,3575.7700000000,3786.8700000000,3524.5500000000,3819.8700000000,0.0000000000,5.7359282797,5.7359282797,-1.4427769029,6.6035853056
ETHUSDT_lower5_all_h24,ETH all 24H,phase2_lower5_best,ETHUSDT,lower,5pct,long,all,-2.5346979200,6,24,2024-12-18 20:00,2024-12-19 00:00,2024-12-19 20:00,-3.9104375550,Q4_higher,1.5414214635,3630.2300000000,3630.1500000000,3425.2700000000,3340.1800000000,3717.2300000000,-0.0022037414,-5.8115706427,-5.8093669013,-8.3249271985,2.3704797522
ETHUSDT_lower5_all_h24,ETH all 24H,phase2_lower5_best,ETHUSDT,lower,5pct,long,all,-2.5346979200,6,24,2024-12-19 16:00,2024-12-19 20:00,2024-12-20 16:00,-4.9244495852,Q4_higher,1.8697092057,3440.1700000000,3431.2700000000,3473.6900000000,3105.6800000000,3495.5400000000,-0.2590433731,0.9696540756,1.2286974487,-9.9697762020,1.8557415150
ETHUSDT_lower5_all_h24,ETH all 24H,phase2_lower5_best,ETHUSDT,lower,5pct,long,all,-2.5346979200,6,24,2024-12-20 08:00,2024-12-20 12:00,2024-12-21 08:00,-8.6996635967,Q5_high,2.3285785349,3109.2600000000,3110.6700000000,3440.7100000000,3105.6800000000,3554.0300000000,0.0453381316,10.1293089681,10.0839708365,-0.1605444054,13.3244033818
ETHUSDT_lower5_all_h24,ETH all 24H,phase2_lower5_best,ETHUSDT,lower,5pct,long,all,-2.5346979200,6,24,2024-12-27 12:00,2024-12-27 16:00,2024-12-28 12:00,-2.7875718134,Q3_mid,1.2429698531,3323.5600000000,3328.3800000000,3367.3400000000,3310.0500000000,3393.7300000000,0.1449201539,1.3086617588,1.1637416049,-0.5522404118,1.9443912364
ETHUSDT_lower5_all_h24,ETH all 24H,phase2_lower5_best,ETHUSDT,lower,5pct,long,all,-2.5346979200,6,24,2024-12-30 12:00,2024-12-30 16:00,2024-12-31 12:00,-2.7825518079,Q3_mid,1.2477576408,3329.6400000000,3321.1700000000,3416.1900000000,3310.0700000000,3446.4300000000,-0.2547059555,2.5661704948,2.8208764503,-0.3347793284,3.7021782192
ETHUSDT_lower5_all_h24,ETH all 24H,phase2_lower5_best,ETHUSDT,lower,5pct,long,all,-2.5346979200,6,24,2025-01-07 12:00,2025-01-07 16:00,2025-01-08 12:00,-4.3604688858,Q3_mid,1.1617012651,3474.8100000000,3461.9400000000,3343.6900000000,3315.0000000000,3490.4000000000,-0.3710675682,-3.8464813687,-3.4754138005,-4.3371501943,0.8187217246
ETHUSDT_lower5_all_h24,ETH all 24H,phase2_lower5_best,ETHUSDT,lower,5pct,long,all,-2.5346979200,6,24,2025-01-07 16:00,2025-01-07 20:00,2025-01-08 16:00,-2.6632080097,Q3_mid,1.2842798050,3383.4900000000,3383.7900000000,3288.2300000000,3213.1800000000,3413.6300000000,0.0088661914,-2.8558295081,-2.8646956995,-5.1735282107,0.8779858148
ETHUSDT_lower5_all_h24,ETH all 24H,phase2_lower5_best,ETHUSDT,lower,5pct,long,all,-2.5346979200,6,24,2025-01-09 16:00,2025-01-09 20:00,2025-01-10 16:00,-3.4837876230,Q4_higher,1.4573084192,3209.9900000000,3220.9700000000,3295.3600000000,3174.3600000000,3320.4300000000,0.3414734556,2.6247596563,2.2832862008,-1.4576519205,3.0411736186
ETHUSDT_lower5_all_h24,ETH all 24H,phase2_lower5_best,ETHUSDT,lower,5pct,long,all,-2.5346979200,6,24,2025-01-13 08:00,2025-01-13 12:00,2025-01-14 08:00,-4.3152545829,Q3_mid,1.2888284393,3064.3700000000,3079.5100000000,3216.4500000000,2931.0000000000,3255.7900000000,0.4928491652,4.8436265133,4.3507773481,-4.9426831691,5.5664456326
ETHUSDT_lower5_all_h24,ETH all 24H,phase2_lower5_best,ETHUSDT,lower,5pct,long,all,-2.5346979200,6,24,2025-01-16 00:00,2025-01-16 04:00,2025-01-17 00:00,-2.5579453495,Q5_high,1.9365559176,3364.8000000000,3367.5800000000,3360.6600000000,3266.9500000000,3393.1900000000,0.0825859550,-0.1231142709,-0.2057002259,-3.0337557575,0.7576096360
ETHUSDT_lower5_all_h24,ETH all 24H,phase2_lower5_best,ETHUSDT,lower,5pct,long,all,-2.5346979200,6,24,2025-01-18 00:00,2025-01-18 04:00,2025-01-19 00:00,-2.5891942414,Q4_higher,1.6115116521,3385.4300000000,3391.2300000000,3335.7800000000,3240.0000000000,3395.9200000000,0.1711758128,-1.4774394236,-1.6486152364,-4.5619357639,0.1382023602
ETHUSDT_lower5_all_h24,ETH all 24H,phase2_lower5_best,ETHUSDT,lower,5pct,long,all,-2.5346979200,6,24,2025-01-18 04:00,2025-01-18 08:00,2025-01-19 04:00,-2.7593864205,Q4_higher,1.7459969479,3293.2900000000,3289.4200000000,3280.4900000000,3240.0000000000,3375.2100000000,-0.1175807668,-0.3894263628,-0.2718455960,-1.5137927639,2.5746287168
ETHUSDT_lower5_all_h24,ETH all 24H,phase2_lower5_best,ETHUSDT,lower,5pct,long,all,-2.5346979200,6,24,2025-01-19 08:00,2025-01-19 12:00,2025-01-20 08:00,-4.1358897871,Q4_higher,1.5226549333,3147.5800000000,3152.8900000000,3381.0000000000,3147.5800000000,3450.0000000000,0.1685588935,7.1537620115,6.9852031180,-0.1685588935,9.0054738498
ETHUSDT_lower5_all_h24,ETH all 24H,phase2_lower5_best,ETHUSDT,lower,5pct,long,all,-2.5346979200,6,24,2025-01-19 20:00,2025-01-20 00:00,2025-01-20 20:00,-6.1418769773,Q5_high,2.6802904301,3220.8200000000,3219.6400000000,3277.1300000000,3150.0000000000,3450.0000000000,-0.0366433458,1.7332053839,1.7698487296,-2.1867099226,6.9104678979
ETHUSDT_lower5_all_h24,ETH all 24H,phase2_lower5_best,ETHUSDT,lower,5pct,long,all,-2.5346979200,6,24,2025-01-26 20:00,2025-01-27 00:00,2025-01-27 20:00,-3.2524850407,Q4_higher,1.4774986659,3231.4400000000,3231.0700000000,3179.7100000000,3025.8100000000,3251.8400000000,-0.0114506593,-1.6137860655,-1.6023354062,-6.5634527493,0.6407638256
ETHUSDT_lower5_all_h24,ETH all 24H,phase2_lower5_best,ETHUSDT,lower,5pct,long,all,-2.5346979200,6,24,2025-01-27 04:00,2025-01-27 08:00,2025-01-28 04:00,-3.5254025675,Q3_mid,1.3927277202,3072.7800000000,3071.5400000000,3197.7400000000,3036.3200000000,3238.3000000000,-0.0403624817,3.9861620987,4.0265245804,-1.1532808666,5.2869436258
ETHUSDT_lower5_all_h24,ETH all 24H,phase2_lower5_best,ETHUSDT,lower,5pct,long,all,-2.5346979200,6,24,2025-02-01 20:00,2025-02-02 00:00,2025-02-02 20:00,-2.5422077835,Q4_higher,1.5132607399,3116.7500000000,3114.3400000000,2863.7000000000,2779.9600000000,3160.7700000000,-0.0773540462,-8.4676297234,-8.3902756772,-11.3580712671,1.4798417021
ETHUSDT_lower5_all_h24,ETH all 24H,phase2_lower5_best,ETHUSDT,lower,5pct,long,all,-2.5346979200,6,24,2025-02-02 16:00,2025-02-02 20:00,2025-02-03 16:00,-3.8814328029,Q4_higher,1.6106813852,2968.6100000000,2968.6200000000,2762.7200000000,2180.8800000000,2986.6000000000,0.0003368574,-7.1878128112,-7.1881496686,-30.8368733295,0.6038418273
ETHUSDT_lower5_all_h24,ETH all 24H,phase2_lower5_best,ETHUSDT,lower,5pct,long,all,-2.5346979200,6,24,2025-02-02 20:00,2025-02-03 00:00,2025-02-03 20:00,-3.5979334786,Q4_higher,1.7250006257,2863.7000000000,2869.6900000000,2884.1600000000,2180.8800000000,2917.7100000000,0.2089514992,0.7119201377,0.5029686386,-27.4475544927,1.6595052022
ETHUSDT_lower5_all_h24,ETH all 24H,phase2_lower5_best,ETHUSDT,lower,5pct,long,all,-2.5346979200,6,24,2025-02-03 00:00,2025-02-03 04:00,2025-02-04 00:00,-12.6404266218,Q5_high,3.1656126797,2523.6600000000,2523.8300000000,2811.2400000000,2452.3800000000,2917.7100000000,0.0067360213,10.7915438358,10.7848078145,-2.8718607407,14.5021473019
ETHUSDT_lower5_all_h24,ETH all 24H,phase2_lower5_best,ETHUSDT,lower,5pct,long,all,-2.5346979200,6,24,2025-02-04 00:00,2025-02-04 04:00,2025-02-05 00:00,-2.5608029237,Q5_high,3.6563064556,2811.2400000000,2812.4200000000,2721.4000000000,2636.1500000000,2866.0000000000,0.0419655533,-3.2479213374,-3.2898868907,-6.4725803260,1.8872006724
ETHUSDT_lower5_all_h24,ETH all 24H,phase2_lower5_best,ETHUSDT,lower,5pct,long,all,-2.5346979200,6,24,2025-02-04 04:00,2025-02-04 08:00,2025-02-05 04:00,-3.9422495010,Q5_high,3.7205164373,2702.5700000000,2702.6400000000,2761.1400000000,2636.1500000000,2866.0000000000,0.0025900936,2.1440465790,2.1414564854,-2.4909553653,5.8688256331
ETHUSDT_lower5_all_h24,ETH all 24H,phase2_lower5_best,ETHUSDT,lower,5pct,long,all,-2.5346979200,6,24,2025-02-06 12:00,2025-02-06 16:00,2025-02-07 12:00,-4.1687046861,Q5_high,2.2393036423,2702.0200000000,2704.3700000000,2724.4100000000,2661.2200000000,2796.3400000000,0.0869341704,0.8252249476,0.7382907772,-1.6084318875,3.3442436128
ETHUSDT_lower5_all_h24,ETH all 24H,phase2_lower5_best,ETHUSDT,lower,5pct,long,all,-2.5346979200,6,24,2025-02-21 16:00,2025-02-21 20:00,2025-02-22 16:00,-3.5758697172,Q3_mid,1.2344071433,2643.5400000000,2641.6900000000,2768.6300000000,2618.7500000000,2795.6300000000,-0.0700064170,4.6233684981,4.6933749150,-0.8721759175,5.6638619848
ETHUSDT_lower5_all_h24,ETH all 24H,phase2_lower5_best,ETHUSDT,lower,5pct,long,all,-2.5346979200,6,24,2025-02-24 00:00,2025-02-24 04:00,2025-02-25 00:00,-3.7083880751,Q4_higher,1.5763396953,2718.1000000000,2716.2000000000,2498.8000000000,2460.8600000000,2734.6600000000,-0.0699262123,-8.4122490174,-8.3423228051,-9.8722962341,0.6773269016
ETHUSDT_lower5_all_h24,ETH all 24H,phase2_lower5_best,ETHUSDT,lower,5pct,long,all,-2.5346979200,6,24,2025-02-24 20:00,2025-02-25 00:00,2025-02-25 20:00,-5.0127077713,Q4_higher,1.8808956921,2510.8600000000,2523.2700000000,2495.1300000000,2331.0300000000,2531.5400000000,0.4930355449,-0.6284491887,-1.1214847336,-7.9245449407,0.3272133821
ETHUSDT_lower5_all_h24,ETH all 24H,phase2_lower5_best,ETHUSDT,lower,5pct,long,all,-2.5346979200,6,24,2025-02-25 04:00,2025-02-25 08:00,2025-02-26 04:00,-5.2920661490,Q5_high,2.0464111894,2370.0000000000,2379.1200000000,2487.0500000000,2360.5900000000,2531.5400000000,0.3840716264,4.8207314016,4.4366597752,-0.7819083618,6.2097141801
ETHUSDT_lower5_all_h24,ETH all 24H,phase2_lower5_best,ETHUSDT,lower,5pct,long,all,-2.5346979200,6,24,2025-02-26 16:00,2025-02-26 20:00,2025-02-27 16:00,-5.4490949219,Q5_high,2.3123725453,2302.3800000000,2307.4700000000,2294.0200000000,2258.5500000000,2382.9100000000,0.2208315702,-0.3637633460,-0.5845949162,-2.1428671772,3.2170743657
ETHUSDT_lower5_all_h24,ETH all 24H,phase2_lower5_best,ETHUSDT,lower,5pct,long,all,-2.5346979200,6,24,2025-02-28 00:00,2025-02-28 04:00,2025-03-01 00:00,-7.1387828218,Q5_high,2.6921484349,2147.5000000000,2147.5000000000,2262.0000000000,2080.5800000000,2272.7900000000,0.0000000000,5.1945002818,5.1945002818,-3.1657673880,5.6703776813
ETHUSDT_lower5_all_h24,ETH all 24H,phase2_lower5_best,ETHUSDT,lower,5pct,long,all,-2.5346979200,6,24,2025-03-03 00:00,2025-03-03 04:00,2025-03-04 00:00,-3.1730910628,Q5_high,3.4735329832,2442.0200000000,2437.8800000000,2090.3800000000,2003.0000000000,2457.0000000000,-0.1696756488,-15.5479698032,-15.3782941543,-19.6482752491,0.7812284364
ETHUSDT_lower5_all_h24,ETH all 24H,phase2_lower5_best,ETHUSDT,lower,5pct,long,all,-2.5346979200,6,24,2025-03-03 12:00,2025-03-03 16:00,2025-03-04 12:00,-2.7059303580,Q5_high,3.1382840705,2289.5700000000,2289.5700000000,2070.4200000000,2003.0000000000,2295.3300000000,0.0000000000,-10.0612541762,-10.0612541762,-13.3717970325,0.2512597016
ETHUSDT_lower5_all_h24,ETH all 24H,phase2_lower5_best,ETHUSDT,lower,5pct,long,all,-2.5346979200,6,24,2025-03-03 16:00,2025-03-03 20:00,2025-03-04 16:00,-7.2472120701,Q5_high,3.5689347960,2129.5100000000,2129.4000000000,2164.4600000000,1990.0000000000,2175.0000000000,-0.0051656410,1.6279001403,1.6330657812,-6.7705611162,2.1188414642
ETHUSDT_lower5_all_h24,ETH all 24H,phase2_lower5_best,ETHUSDT,lower,5pct,long,all,-2.5346979200,6,24,2025-03-04 00:00,2025-03-04 04:00,2025-03-05 00:00,-3.3895970538,Q5_high,3.5214881407,2090.3800000000,2072.0900000000,2180.3000000000,1950.0000000000,2221.5600000000,-0.8788107884,4.2116614380,5.0904722265,-6.0728387172,6.9651892060
ETHUSDT_lower5_all_h24,ETH all 24H,phase2_lower5_best,ETHUSDT,lower,5pct,long,all,-2.5346979200,6,24,2025-03-09 16:00,2025-03-09 20:00,2025-03-10 16:00,-2.6348690645,Q4_higher,1.4867302578,2040.1600000000,2043.1300000000,1867.6000000000,1812.8200000000,2151.7700000000,0.1454709572,-8.8374052038,-8.9828761610,-11.9599301838,5.1807813539
ETHUSDT_lower5_all_h24,ETH all 24H,phase2_lower5_best,ETHUSDT,lower,5pct,long,all,-2.5346979200,6,24,2025-03-10 12:00,2025-03-10 16:00,2025-03-11 12:00,-5.3390469838,Q5_high,1.9530087374,2025.8400000000,2021.5200000000,1921.1900000000,1758.5200000000,2021.5200000000,-0.2134725668,-5.3039643647,-5.0904917978,-13.9377157496,0.0000000000
ETHUSDT_lower5_all_h24,ETH all 24H,phase2_lower5_best,ETHUSDT,lower,5pct,long,all,-2.5346979200,6,24,2025-03-10 16:00,2025-03-10 20:00,2025-03-11 16:00,-8.1330245247,Q5_high,2.6027487406,1867.6000000000,1877.6000000000,1956.3500000000,1758.5200000000,1962.8600000000,0.5340181440,4.6426308096,4.1086126656,-6.5521819358,4.4408227787
ETHUSDT_lower5_all_h24,ETH all 24H,phase2_lower5_best,ETHUSDT,lower,5pct,long,all,-2.5346979200,6,24,2025-03-12 00:00,2025-03-12 04:00,2025-03-13 00:00,-2.9880576208,Q5_high,2.6901481767,1874.6200000000,1870.0000000000,1888.4600000000,1831.0400000000,1955.0000000000,-0.2467541350,0.7355709899,0.9823251248,-2.1054319427,4.4451762571
ETHUSDT_lower5_all_h24,ETH all 24H,phase2_lower5_best,ETHUSDT,lower,5pct,long,all,-2.5346979200,6,24,2025-03-12 12:00,2025-03-12 16:00,2025-03-13 12:00,-2.7485421489,Q5_high,2.8078582086,1866.3900000000,1870.8600000000,1870.9600000000,1855.5500000000,1919.1000000000,0.2392134394,0.2445584319,0.0053449925,-0.8217070126,2.5458107946
ETHUSDT_lower5_all_h24,ETH all 24H,phase2_lower5_best,ETHUSDT,lower,5pct,long,all,-2.5346979200,6,24,2025-03-16 08:00,2025-03-16 12:00,2025-03-17 08:00,-2.9012098593,Q2_lower,1.0527125745,1872.8100000000,1877.6500000000,1912.8300000000,1800.0000000000,1920.1900000000,0.2581018161,2.1143844075,1.8562825913,-4.2234330038,2.2403144537
ETHUSDT_lower5_all_h24,ETH all 24H,phase2_lower5_best,ETHUSDT,lower,5pct,long,all,-2.5346979200,6,24,2025-03-26 12:00,2025-03-26 16:00,2025-03-27 12:00,-2.7970220541,Q3_mid,1.1630133837,2013.0400000000,2011.8800000000,2007.5100000000,1984.4700000000,2033.6100000000,-0.0576408988,-0.2750869153,-0.2174460165,-1.3717732343,1.0742930517
ETHUSDT_lower5_all_h24,ETH all 24H,phase2_lower5_best,ETHUSDT,lower,5pct,long,all,-2.5346979200,6,24,2025-03-28 04:00,2025-03-28 08:00,2025-03-29 04:00,-4.6528816089,Q3_mid,1.3632664144,1911.0500000000,1914.6500000000,1876.1300000000,1863.3600000000,1920.1900000000,0.1882009077,-1.8441684669,-2.0323693746,-2.7153528638,0.2889301172
ETHUSDT_lower5_all_h24,ETH all 24H,phase2_lower5_best,ETHUSDT,lower,5pct,long,all,-2.5346979200,6,24,2025-04-02 20:00,2025-04-03 00:00,2025-04-03 20:00,-6.4349270866,Q4_higher,1.8566917174,1793.4300000000,1794.9600000000,1819.2500000000,1752.5600000000,1843.9000000000,0.0852750171,1.4294340846,1.3441590676,-2.3905161424,2.6900156160
ETHUSDT_lower5_all_h24,ETH all 24H,phase2_lower5_best,ETHUSDT,lower,5pct,long,all,-2.5346979200,6,24,2025-04-06 16:00,2025-04-06 20:00,2025-04-07 16:00,-7.9984475034,Q5_high,2.0615423014,1624.8300000000,1624.8200000000,1550.2600000000,1413.7600000000,1635.4300000000,-0.0006154509,-4.6980536125,-4.6974381616,-13.9144218606,0.6508726298
ETHUSDT_lower5_all_h24,ETH all 24H,phase2_lower5_best,ETHUSDT,lower,5pct,long,all,-2.5346979200,6,24,2025-04-06 20:00,2025-04-07 00:00,2025-04-07 20:00,-2.9530184273,Q5_high,2.1307639820,1577.5500000000,1577.0200000000,1554.1000000000,1413.7600000000,1635.4300000000,-0.0336020443,-1.4976410713,-1.4640390269,-10.9284168399,3.6368776505
ETHUSDT_lower5_all_h24,ETH all 24H,phase2_lower5_best,ETHUSDT,lower,5pct,long,all,-2.5346979200,6,24,2025-04-07 04:00,2025-04-07 08:00,2025-04-08 04:00,-5.6568122833,Q5_high,2.3184993748,1458.2800000000,1464.3800000000,1563.6300000000,1458.2800000000,1635.4300000000,0.4174285656,6.9752382201,6.5578096545,-0.4174285656,11.0473822013
ETHUSDT_lower5_all_h24,ETH all 24H,phase2_lower5_best,ETHUSDT,lower,5pct,long,all,-2.5346979200,6,24,2025-04-08 12:00,2025-04-08 16:00,2025-04-09 12:00,-3.8636761822,Q5_high,2.8376554795,1527.1800000000,1530.9600000000,1491.5600000000,1386.5300000000,1530.9600000000,0.2472092138,-2.3600345360,-2.6072437498,-9.9090766564,0.0000000000
ETHUSDT_lower5_all_h24,ETH all 24H,phase2_lower5_best,ETHUSDT,lower,5pct,long,all,-2.5346979200,6,24,2025-04-08 16:00,2025-04-08 20:00,2025-04-09 16:00,-4.1820246638,Q5_high,2.9286800297,1464.6300000000,1468.3100000000,1641.9000000000,1386.5300000000,1670.1000000000,0.2509428717,11.4251456992,11.1742028275,-5.7307856505,12.8771425315
ETHUSDT_lower5_all_h24,ETH all 24H,phase2_lower5_best,ETHUSDT,lower,5pct,long,all,-2.5346979200,6,24,2025-04-09 00:00,2025-04-09 04:00,2025-04-10 00:00,-3.6765846756,Q5_high,2.9983077698,1419.4900000000,1429.6800000000,1611.3800000000,1419.4900000000,1685.0900000000,0.7152990834,12.6793302544,11.9640311710,-0.7152990834,16.4368331834
ETHUSDT_lower5_all_h24,ETH all 24H,phase2_lower5_best,ETHUSDT,lower,5pct,long,all,-2.5346979200,6,24,2025-04-10 00:00,2025-04-10 04:00,2025-04-11 00:00,-3.4893996769,Q5_high,3.7289774852,1611.3800000000,1617.5100000000,1540.8000000000,1474.1900000000,1626.0100000000,0.3796975038,-4.4789192655,-4.8586167692,-9.2779243344,0.5241231414
ETHUSDT_lower5_all_h24,ETH all 24H,phase2_lower5_best,ETHUSDT,lower,5pct,long,all,-2.5346979200,6,24,2025-04-10 12:00,2025-04-10 16:00,2025-04-11 12:00,-6.1942870163,Q5_high,3.6816846555,1496.9900000000,1496.0000000000,1564.4800000000,1474.1900000000,1582.4600000000,-0.0661545836,4.4097075020,4.4758620856,-1.4686193142,5.6185718703
ETHUSDT_lower5_all_h24,ETH all 24H,phase2_lower5_best,ETHUSDT,lower,5pct,long,all,-2.5346979200,6,24,2025-04-14 12:00,2025-04-14 16:00,2025-04-15 12:00,-2.7543050031,Q4_higher,1.4639173874,1630.0300000000,1627.5500000000,1617.3400000000,1603.4000000000,1659.5500000000,-0.1522602962,-0.7815595141,-0.6292992178,-1.4949441968,1.9470664686
ETHUSDT_lower5_all_h24,ETH all 24H,phase2_lower5_best,ETHUSDT,lower,5pct,long,all,-2.5346979200,6,24,2025-04-21 16:00,2025-04-21 20:00,2025-04-22 16:00,-3.0768963178,Q3_mid,1.2065912862,1573.9000000000,1573.9000000000,1698.5600000000,1540.2700000000,1724.1700000000,0.0000000000,7.6224217706,7.6224217706,-2.1598889842,9.1189159693
ETHUSDT_lower5_all_h24,ETH all 24H,phase2_lower5_best,ETHUSDT,lower,5pct,long,all,-2.5346979200,6,24,2025-04-28 12:00,2025-04-28 16:00,2025-04-29 12:00,-3.2069522298,Q2_lower,1.0646204445,1758.8600000000,1763.5300000000,1817.8800000000,1746.3200000000,1841.1100000000,0.2651610262,3.3005115065,3.0353504802,-0.9806765490,4.3051168428
ETHUSDT_lower5_all_h24,ETH all 24H,phase2_lower5_best,ETHUSDT,lower,5pct,long,all,-2.5346979200,6,24,2025-04-30 12:00,2025-04-30 16:00,2025-05-01 12:00,-2.7825561281,Q3_mid,1.3239583495,1766.0000000000,1765.8900000000,1851.7000000000,1758.5500000000,1870.8600000000,-0.0062289596,4.7387033880,4.7449323476,-0.4165206735,5.7743405610
ETHUSDT_lower5_all_h24,ETH all 24H,phase2_lower5_best,ETHUSDT,lower,5pct,long,all,-2.5346979200,6,24,2025-05-11 12:00,2025-05-11 16:00,2025-05-12 12:00,-2.7064947900,Q5_high,2.6274134315,2462.5900000000,2465.2900000000,2483.1500000000,2444.1400000000,2622.7200000000,0.1095806014,0.8314273875,0.7218467861,-0.8616124822,6.1902499555
ETHUSDT_lower5_all_h24,ETH all 24H,phase2_lower5_best,ETHUSDT,lower,5pct,long,all,-2.5346979200,6,24,2025-05-18 16:00,2025-05-18 20:00,2025-05-19 16:00,-6.8877597456,Q5_high,1.9185260543,2406.0000000000,2406.7300000000,2522.5800000000,2327.6000000000,2543.5100000000,0.0303362127,4.7316569759,4.7013207632,-3.3431285879,5.5276037183
ETHUSDT_lower5_all_h24,ETH all 24H,phase2_lower5_best,ETHUSDT,lower,5pct,long,all,-2.5346979200,6,24,2025-05-19 00:00,2025-05-19 04:00,2025-05-20 00:00,-4.4877868523,Q5_high,2.3103903792,2387.1400000000,2389.5500000000,2552.8400000000,2350.9100000000,2588.5600000000,0.1009067034,6.7110468265,6.6101401232,-1.6302576454,7.9996672842
ETHUSDT_lower5_all_h24,ETH all 24H,phase2_lower5_best,ETHUSDT,lower,5pct,long,all,-2.5346979200,6,24,2025-05-23 04:00,2025-05-23 08:00,2025-05-24 04:00,-2.5757475821,Q3_mid,1.4325346691,2654.8300000000,2657.7600000000,2550.5100000000,2504.9600000000,2688.2900000000,0.1103040249,-4.0087283339,-4.1190323588,-5.9210896415,1.1421640986
ETHUSDT_lower5_all_h24,ETH all 24H,phase2_lower5_best,ETHUSDT,lower,5pct,long,all,-2.5346979200,6,24,2025-05-23 08:00,2025-05-23 12:00,2025-05-24 08:00,-3.5900819437,Q4_higher,1.6604081496,2561.2100000000,2561.2700000000,2568.1800000000,2504.9600000000,2589.6600000000,0.0023426153,0.2717673755,0.2694247602,-2.2230462882,1.1023363735
ETHUSDT_lower5_all_h24,ETH all 24H,phase2_lower5_best,ETHUSDT,lower,5pct,long,all,-2.5346979200,6,24,2025-06-05 20:00,2025-06-06 00:00,2025-06-06 20:00,-4.7555907897,Q4_higher,1.5634074697,2417.8300000000,2413.6400000000,2479.6200000000,2390.0000000000,2529.8200000000,-0.1734462203,2.5234878947,2.6969341150,-0.9842615536,4.7012172484
ETHUSDT_lower5_all_h24,ETH all 24H,phase2_lower5_best,ETHUSDT,lower,5pct,long,all,-2.5346979200,6,24,2025-06-13 00:00,2025-06-13 04:00,2025-06-14 00:00,-5.0298893551,Q5_high,2.0684159053,2515.8300000000,2508.2100000000,2549.6800000000,2494.0500000000,2582.4500000000,-0.3033417665,1.3365092112,1.6398509777,-0.5661456150,2.9169209417
ETHUSDT_lower5_all_h24,ETH all 24H,phase2_lower5_best,ETHUSDT,lower,5pct,long,all,-2.5346979200,6,24,2025-06-16 20:00,2025-06-17 00:00,2025-06-17 20:00,-4.3901925667,Q3_mid,1.3931516360,2539.0000000000,2536.0800000000,2516.2200000000,2461.0200000000,2615.5300000000,-0.1150720904,-0.9012527325,-0.7861806422,-3.0043683665,3.0847172026
ETHUSDT_lower5_all_h24,ETH all 24H,phase2_lower5_best,ETHUSDT,lower,5pct,long,all,-2.5346979200,6,24,2025-06-20 16:00,2025-06-20 20:00,2025-06-21 16:00,-2.9982226596,Q3_mid,1.1554332284,2420.8000000000,2422.3000000000,2383.7600000000,2383.7600000000,2447.7500000000,0.0619437983,-1.5418991057,-1.6038429041,-1.6038429041,1.0451733217
ETHUSDT_lower5_all_h24,ETH all 24H,phase2_lower5_best,ETHUSDT,lower,5pct,long,all,-2.5346979200,6,24,2025-06-21 20:00,2025-06-22 00:00,2025-06-22 20:00,-3.5769950059,Q3_mid,1.3280989416,2300.0000000000,2297.8300000000,2225.7900000000,2115.0000000000,2322.6900000000,-0.0943923617,-3.2797214155,-3.1853290538,-8.2910386820,1.0760797437
ETHUSDT_lower5_all_h24,ETH all 24H,phase2_lower5_best,ETHUSDT,lower,5pct,long,all,-2.5346979200,6,24,2025-06-22 12:00,2025-06-22 16:00,2025-06-23 12:00,-4.4437743687,Q4_higher,1.5694373672,2171.0000000000,2175.0000000000,2250.0000000000,2115.0000000000,2310.7100000000,0.1840773644,3.5742325320,3.3901551676,-2.7973852042,6.0526172075
ETHUSDT_lower5_all_h24,ETH all 24H,phase2_lower5_best,ETHUSDT,lower,5pct,long,all,-2.5346979200,6,24,2025-07-25 00:00,2025-07-25 04:00,2025-07-26 00:00,-3.1033547504,Q3_mid,1.3934922851,3592.3100000000,3601.7700000000,3746.3100000000,3585.2200000000,3762.3500000000,0.2629941689,4.1975905925,3.9345964236,-0.4605552325,4.3618370870
ETHUSDT_lower5_all_h24,ETH all 24H,phase2_lower5_best,ETHUSDT,lower,5pct,long,all,-2.5346979200,6,24,2025-08-01 16:00,2025-08-01 20:00,2025-08-02 16:00,-2.7888640974,Q2_lower,1.1115906519,3520.0100000000,3519.5900000000,3387.6800000000,3374.9000000000,3552.2200000000,-0.0119324962,-3.8318509190,-3.8199184228,-4.1978811297,0.9228254596
ETHUSDT_lower5_all_h24,ETH all 24H,phase2_lower5_best,ETHUSDT,lower,5pct,long,all,-2.5346979200,6,24,2025-08-05 12:00,2025-08-05 16:00,2025-08-06 12:00,-2.6510620650,Q3_mid,1.3661423334,3569.6800000000,3572.9700000000,3665.1100000000,3548.3400000000,3665.1100000000,0.0921226781,2.6382392611,2.5461165830,-0.6917294208,2.5461165830
ETHUSDT_lower5_all_h24,ETH all 24H,phase2_lower5_best,ETHUSDT,lower,5pct,long,all,-2.5346979200,6,24,2025-08-15 12:00,2025-08-15 16:00,2025-08-16 12:00,-4.7235547671,Q4_higher,1.8072814011,4428.0500000000,4425.8100000000,4395.0200000000,4370.9300000000,4488.7500000000,-0.0505994007,-0.7487224810,-0.6981230803,-1.2477511445,1.4120954003
ETHUSDT_lower5_all_h24,ETH all 24H,phase2_lower5_best,ETHUSDT,lower,5pct,long,all,-2.5346979200,6,24,2025-08-18 00:00,2025-08-18 04:00,2025-08-19 00:00,-3.4195933314,Q4_higher,1.6327026005,4322.5500000000,4321.5900000000,4223.9800000000,4215.0000000000,4382.3500000000,-0.0222115793,-2.3067694344,-2.2845578551,-2.4973798642,1.3961720092
ETHUSDT_lower5_all_h24,ETH all 24H,phase2_lower5_best,ETHUSDT,lower,5pct,long,all,-2.5346979200,6,24,2025-08-23 00:00,2025-08-23 04:00,2025-08-24 00:00,-2.7574705974,Q5_high,2.3203058710,4702.7000000000,4699.7700000000,4791.2500000000,4694.8400000000,4816.6600000000,-0.0623240509,1.8654525855,1.9277766364,-0.1049538076,2.4567170458
ETHUSDT_lower5_all_h24,ETH all 24H,phase2_lower5_best,ETHUSDT,lower,5pct,long,all,-2.5346979200,6,24,2025-08-25 04:00,2025-08-25 08:00,2025-08-26 04:00,-2.9189840780,Q5_high,2.3736335906,4603.6400000000,4600.0000000000,4422.9000000000,4315.6000000000,4683.6400000000,-0.0790991432,-4.0051705385,-3.9260713953,-6.3819938800,1.8019281900
ETHUSDT_lower5_all_h24,ETH all 24H,phase2_lower5_best,ETHUSDT,lower,5pct,long,all,-2.5346979200,6,24,2025-08-25 16:00,2025-08-25 20:00,2025-08-26 16:00,-4.2088160919,Q5_high,2.5429034327,4420.0000000000,4429.5700000000,4594.6300000000,4315.6000000000,4594.6300000000,0.2162817794,3.8748534169,3.6585716376,-2.6066149188,3.6585716376
ETHUSDT_lower5_all_h24,ETH all 24H,phase2_lower5_best,ETHUSDT,lower,5pct,long,all,-2.5346979200,6,24,2025-08-29 04:00,2025-08-29 08:00,2025-08-30 04:00,-2.5874670542,Q3_mid,1.3102026221,4377.3300000000,4382.8400000000,4399.0400000000,4255.0000000000,4452.1700000000,0.1257966621,0.4947385829,0.3689419208,-2.9602154068,1.5694701676
ETHUSDT_lower5_all_h24,ETH all 24H,phase2_lower5_best,ETHUSDT,lower,5pct,long,all,-2.5346979200,6,24,2025-09-05 12:00,2025-09-05 16:00,2025-09-06 12:00,-2.7779723627,Q3_mid,1.3264341356,4293.7000000000,4278.8400000000,4270.0000000000,4265.0000000000,4342.6600000000,-0.3466887267,-0.5535004848,-0.2068117581,-0.3239763878,1.4805118768
ETHUSDT_lower5_all_h24,ETH all 24H,phase2_lower5_best,ETHUSDT,lower,5pct,long,all,-2.5346979200,6,24,2025-09-22 00:00,2025-09-22 04:00,2025-09-23 00:00,-3.0713358783,Q1_low,0.7895775226,4309.0900000000,4304.0000000000,4190.8000000000,4075.5000000000,4310.2700000000,-0.1181922073,-2.7835098436,-2.6653176363,-5.4551384307,0.1455724306
ETHUSDT_lower5_all_h24,ETH all 24H,phase2_lower5_best,ETHUSDT,lower,5pct,long,all,-2.5346979200,6,24,2025-09-22 04:00,2025-09-22 08:00,2025-09-23 04:00,-2.6785730345,Q2_lower,0.9476630548,4195.2000000000,4192.0400000000,4203.1800000000,4119.8000000000,4216.3700000000,-0.0753525629,0.1900367071,0.2653892700,-1.7382870464,0.5787079341
ETHUSDT_lower5_all_h24,ETH all 24H,phase2_lower5_best,ETHUSDT,lower,5pct,long,all,-2.5346979200,6,24,2025-10-07 12:00,2025-10-07 16:00,2025-10-08 12:00,-4.2940547028,Q3_mid,1.2617187517,4510.0000000000,4509.9700000000,4450.0000000000,4414.4400000000,4519.4700000000,-0.0006651907,-1.3393057336,-1.3386405430,-2.1409515914,0.2104228724
ETHUSDT_lower5_all_h24,ETH all 24H,phase2_lower5_best,ETHUSDT,lower,5pct,long,all,-2.5346979200,6,24,2025-10-10 12:00,2025-10-10 16:00,2025-10-11 12:00,-5.8832486054,Q4_higher,1.7493704165,4100.0000000000,4100.0000000000,3832.9900000000,3739.5600000000,4136.3600000000,0.0000000000,-6.7341796238,-6.7341796238,-9.2019016264,0.8829200327
ETHUSDT_lower5_all_h24,ETH all 24H,phase2_lower5_best,ETHUSDT,lower,5pct,long,all,-2.5346979200,6,24,2025-10-10 20:00,2025-10-11 00:00,2025-10-11 20:00,-3.6767556196,Q4_higher,1.7052751427,3857.2200000000,3857.2700000000,3759.8000000000,3655.3000000000,4002.3700000000,0.0012962620,-2.5580952251,-2.5593914871,-5.3781510192,3.6927006292
ETHUSDT_lower5_all_h24,ETH all 24H,phase2_lower5_best,ETHUSDT,lower,5pct,long,all,-2.5346979200,6,24,2025-10-11 16:00,2025-10-11 20:00,2025-10-12 16:00,-2.5948230329,Q4_higher,1.8100505134,3734.8100000000,3734.9600000000,4124.4100000000,3655.3000000000,4162.7100000000,0.0040161879,9.9226032110,9.9185870231,-2.1558939846,10.8429195462
ETHUSDT_lower5_all_h24,ETH all 24H,phase2_lower5_best,ETHUSDT,lower,5pct,long,all,-2.5346979200,6,24,2025-10-14 04:00,2025-10-14 08:00,2025-10-15 04:00,-4.1136323664,Q5_high,2.1662139350,3982.4600000000,3982.3200000000,4123.9300000000,3890.5200000000,4156.4300000000,-0.0035154769,3.4906873389,3.4942028158,-2.3321739251,4.2791968714
ETHUSDT_lower5_all_h24,ETH all 24H,phase2_lower5_best,ETHUSDT,lower,5pct,long,all,-2.5346979200,6,24,2025-10-15 12:00,2025-10-15 16:00,2025-10-16 12:00,-2.5933225491,Q5_high,2.2030493092,3986.3100000000,3985.7500000000,3913.2300000000,3895.5100000000,4081.3600000000,-0.0140490664,-1.8502871037,-1.8362380374,-2.2900892455,2.3704765901
ETHUSDT_lower5_all_h24,ETH all 24H,phase2_lower5_best,ETHUSDT,lower,5pct,long,all,-2.5346979200,6,24,2025-10-16 12:00,2025-10-16 16:00,2025-10-17 12:00,-3.7701238547,Q5_high,1.9428286942,3913.2300000000,3896.8000000000,3798.7200000000,3677.9700000000,3964.9000000000,-0.4207416422,-2.9698952049,-2.5491535627,-5.7794733968,1.7324930578
ETHUSDT_lower5_all_h24,ETH all 24H,phase2_lower5_best,ETHUSDT,lower,5pct,long,all,-2.5346979200,6,24,2025-10-17 04:00,2025-10-17 08:00,2025-10-18 04:00,-4.6649530828,Q5_high,1.9752407940,3755.0200000000,3755.0200000000,3895.2600000000,3677.9700000000,3927.1400000000,0.0000000000,3.6666817908,3.6666817908,-2.0732641892,4.4817814151
ETHUSDT_lower5_all_h24,ETH all 24H,phase2_lower5_best,ETHUSDT,lower,5pct,long,all,-2.5346979200,6,24,2025-10-21 20:00,2025-10-22 00:00,2025-10-22 20:00,-3.8635655602,Q4_higher,1.6008397656,3860.7100000000,3881.3200000000,3807.5400000000,3714.0700000000,3887.2200000000,0.5324197578,-1.3867793073,-1.9191990651,-4.4046991607,0.1518947224
ETHUSDT_lower5_all_h24,ETH all 24H,phase2_lower5_best,ETHUSDT,lower,5pct,long,all,-2.5346979200,6,24,2025-10-30 12:00,2025-10-30 16:00,2025-10-31 12:00,-2.7931327618,Q2_lower,0.9876550810,3777.2200000000,3777.5900000000,3860.5300000000,3682.1200000000,3885.0900000000,0.0097950842,2.1816190430,2.1718239588,-2.5597566899,2.8059909412
ETHUSDT_lower5_all_h24,ETH all 24H,phase2_lower5_best,ETHUSDT,lower,5pct,long,all,-2.5346979200,6,24,2025-11-03 00:00,2025-11-03 04:00,2025-11-04 00:00,-4.0699549165,Q3_mid,1.3595442964,3743.9400000000,3732.0100000000,3645.7600000000,3560.2700000000,3761.2400000000,-0.3191570336,-2.6573684318,-2.3382113982,-4.7110577825,0.7801727758
ETHUSDT_lower5_all_h24,ETH all 24H,phase2_lower5_best,ETHUSDT,lower,5pct,long,all,-2.5346979200,6,24,2025-11-03 12:00,2025-11-03 16:00,2025-11-04 12:00,-2.9539200187,Q3_mid,1.3000962306,3605.7600000000,3596.5600000000,3507.8600000000,3465.0000000000,3679.2100000000,-0.2554733754,-2.7526401892,-2.4971668139,-3.7265200430,2.2720222150
ETHUSDT_lower5_all_h24,ETH all 24H,phase2_lower5_best,ETHUSDT,lower,5pct,long,all,-2.5346979200,6,24,2025-11-04 04:00,2025-11-04 08:00,2025-11-05 04:00,-4.3660246988,Q4_higher,1.5958455369,3490.0100000000,3494.8500000000,3337.1100000000,3061.0400000000,3585.4700000000,0.1385854770,-4.4799438574,-4.6185293344,-13.2535728807,2.5599110962
ETHUSDT_lower5_all_h24,ETH all 24H,phase2_lower5_best,ETHUSDT,lower,5pct,long,all,-2.5346979200,6,24,2025-11-04 16:00,2025-11-04 20:00,2025-11-05 16:00,-8.3360290582,Q5_high,2.3749312829,3227.3000000000,3241.4500000000,3463.4800000000,3061.0400000000,3478.2000000000,0.4374886205,7.0627989607,6.6253103402,-5.7266033054,7.0494158035
ETHUSDT_lower5_all_h24,ETH all 24H,phase2_lower5_best,ETHUSDT,lower,5pct,long,all,-2.5346979200,6,24,2025-11-06 12:00,2025-11-06 16:00,2025-11-07 12:00,-3.1197542957,Q5_high,2.5684830476,3297.9600000000,3310.4400000000,3300.0000000000,3197.8200000000,3369.3800000000,0.3777015567,0.0618372971,-0.3158642596,-3.4611783419,1.7647640109
ETHUSDT_lower5_all_h24,ETH all 24H,phase2_lower5_best,ETHUSDT,lower,5pct,long,all,-2.5346979200,6,24,2025-11-07 08:00,2025-11-07 12:00,2025-11-08 08:00,-2.6175469760,Q5_high,2.5389338359,3271.7400000000,3264.7300000000,3411.7100000000,3197.8200000000,3485.0400000000,-0.2144889424,4.1891678398,4.4036567823,-2.0707736407,6.5302457852
ETHUSDT_lower5_all_h24,ETH all 24H,phase2_lower5_best,ETHUSDT,lower,5pct,long,all,-2.5346979200,6,24,2025-11-10 12:00,2025-11-10 16:00,2025-11-11 12:00,-2.9506645761,Q4_higher,1.6540041028,3508.9500000000,3519.9700000000,3481.1000000000,3469.5600000000,3646.0300000000,0.3135619421,-0.7968511632,-1.1104131053,-1.4424682080,3.5186437571
ETHUSDT_lower5_all_h24,ETH all 24H,phase2_lower5_best,ETHUSDT,lower,5pct,long,all,-2.5346979200,6,24,2025-11-11 12:00,2025-11-11 16:00,2025-11-12 12:00,-2.6289514059,Q4_higher,1.4532827075,3481.1000000000,3474.1100000000,3444.4300000000,3406.8400000000,3587.4900000000,-0.2010004688,-1.0589902202,-0.8579897514,-1.9553155666,3.2114462520
ETHUSDT_lower5_all_h24,ETH all 24H,phase2_lower5_best,ETHUSDT,lower,5pct,long,all,-2.5346979200,6,24,2025-11-12 12:00,2025-11-12 16:00,2025-11-13 12:00,-3.0960703173,Q4_higher,1.8132292769,3444.4300000000,3444.3800000000,3384.1300000000,3370.7500000000,3563.3300000000,-0.0014516295,-1.7661576510,-1.7647060215,-2.1608645764,3.3951583618
ETHUSDT_lower5_all_h24,ETH all 24H,phase2_lower5_best,ETHUSDT,lower,5pct,long,all,-2.5346979200,6,24,2025-11-13 12:00,2025-11-13 16:00,2025-11-14 12:00,-3.5524383756,Q4_higher,1.8965696161,3384.1300000000,3396.0500000000,3190.6000000000,3073.2200000000,3396.0500000000,0.3516134463,-5.8887870197,-6.2404004660,-9.9887119680,0.0000000000
ETHUSDT_lower5_all_h24,ETH all 24H,phase2_lower5_best,ETHUSDT,lower,5pct,long,all,-2.5346979200,6,24,2025-11-13 16:00,2025-11-13 20:00,2025-11-14 16:00,-5.5864800577,Q5_high,2.2275304784,3200.2600000000,3184.4300000000,3203.2900000000,3073.2200000000,3272.7300000000,-0.4958747390,0.0946350142,0.5905097532,-3.5547437250,2.7351189876
ETHUSDT_lower5_all_h24,ETH all 24H,phase2_lower5_best,ETHUSDT,lower,5pct,long,all,-2.5346979200,6,24,2025-11-14 20:00,2025-11-15 00:00,2025-11-15 20:00,-3.0858779925,Q5_high,2.1922969786,3105.9500000000,3121.2600000000,3172.3600000000,3119.4500000000,3231.3600000000,0.4917139729,2.1156163675,1.6239023946,-0.0580062221,3.4666334797
ETHUSDT_lower5_all_h24,ETH all 24H,phase2_lower5_best,ETHUSDT,lower,5pct,long,all,-2.5346979200,6,24,2025-11-17 12:00,2025-11-17 16:00,2025-11-18 12:00,-2.7923176437,Q4_higher,1.5863491211,3117.9500000000,3129.3200000000,3116.9300000000,2950.0000000000,3140.7600000000,0.3639993967,-0.0327191545,-0.3967185511,-5.9010558201,0.3649080297
ETHUSDT_lower5_all_h24,ETH all 24H,phase2_lower5_best,ETHUSDT,lower,5pct,long,all,-2.5346979200,6,24,2025-11-17 16:00,2025-11-17 20:00,2025-11-18 16:00,-3.8863490927,Q4_higher,1.7259912688,2999.1000000000,2975.4300000000,3139.4300000000,2950.0000000000,3169.9400000000,-0.7923677291,4.5729011120,5.3652688411,-0.8583396016,6.3324093897
ETHUSDT_lower5_all_h24,ETH all 24H,phase2_lower5_best,ETHUSDT,lower,5pct,long,all,-2.5346979200,6,24,2025-11-19 12:00,2025-11-19 16:00,2025-11-20 12:00,-3.6210393887,Q4_higher,1.7117499586,2970.9300000000,2988.8400000000,2951.0500000000,2874.1100000000,3057.8800000000,0.6010317148,-0.6713995886,-1.2724313034,-3.9142291154,2.2836513142
ETHUSDT_lower5_all_h24,ETH all 24H,phase2_lower5_best,ETHUSDT,lower,5pct,long,all,-2.5346979200,6,24,2025-11-19 16:00,2025-11-19 20:00,2025-11-20 16:00,-2.9887541228,Q4_higher,1.7861074695,2883.4500000000,2896.8500000000,2852.8100000000,2795.0500000000,3057.8800000000,0.4636445861,-1.0683020436,-1.5319466297,-3.5773944211,5.4097925657
ETHUSDT_lower5_all_h24,ETH all 24H,phase2_lower5_best,ETHUSDT,lower,5pct,long,all,-2.5346979200,6,24,2025-11-20 16:00,2025-11-20 20:00,2025-11-21 16:00,-3.3856565778,Q5_high,2.1638454964,2852.8100000000,2851.8300000000,2742.4700000000,2625.2700000000,2903.0400000000,-0.0343579966,-3.9445499266,-3.9101919299,-8.2777145585,1.7797570315
ETHUSDT_lower5_all_h24,ETH all 24H,phase2_lower5_best,ETHUSDT,lower,5pct,long,all,-2.5346979200,6,24,2025-11-21 04:00,2025-11-21 08:00,2025-11-22 04:00,-3.6605980090,Q5_high,2.0515733150,2716.4300000000,2732.9400000000,2763.0300000000,2625.2700000000,2805.3100000000,0.6059434583,1.7009385420,1.0949950838,-4.0194204911,2.6136096994
ETHUSDT_lower5_all_h24,ETH all 24H,phase2_lower5_best,ETHUSDT,lower,5pct,long,all,-2.5346979200,6,24,2025-12-01 00:00,2025-12-01 04:00,2025-12-02 00:00,-5.7478764140,Q3_mid,1.4133404851,2824.5800000000,2825.9100000000,2809.7900000000,2721.0400000000,2851.4100000000,0.0470755642,-0.5249933522,-0.5720689165,-3.7816276451,0.8983172159
ETHUSDT_lower5_all_h24,ETH all 24H,phase2_lower5_best,ETHUSDT,lower,5pct,long,all,-2.5346979200,6,24,2025-12-01 12:00,2025-12-01 16:00,2025-12-02 12:00,-3.4412428303,Q4_higher,1.5951380493,2748.8200000000,2750.6300000000,2998.8600000000,2721.0500000000,3017.6500000000,0.0658247667,8.7060487766,8.6402240100,-1.0812141121,9.2648406429
ETHUSDT_lower5_all_h24,ETH all 24H,phase2_lower5_best,ETHUSDT,lower,5pct,long,all,-2.5346979200,6,24,2025-12-11 00:00,2025-12-11 04:00,2025-12-12 00:00,-4.2036285952,Q4_higher,1.8484316414,3184.7800000000,3192.8200000000,3252.0100000000,3146.0200000000,3271.6900000000,0.2521325972,2.0890053857,1.8368727885,-1.4766376932,2.4402132149
ETHUSDT_lower5_all_h24,ETH all 24H,phase2_lower5_best,ETHUSDT,lower,5pct,long,all,-2.5346979200,6,24,2025-12-12 12:00,2025-12-12 16:00,2025-12-13 12:00,-5.3503716054,Q5_high,2.1730965537,3070.0000000000,3068.8800000000,3112.5300000000,3047.8500000000,3140.0000000000,-0.0364887410,1.3758338699,1.4123226110,-0.6876250174,2.2910125731
ETHUSDT_lower5_all_h24,ETH all 24H,phase2_lower5_best,ETHUSDT,lower,5pct,long,all,-2.5346979200,6,24,2025-12-15 12:00,2025-12-15 16:00,2025-12-16 12:00,-4.6721465289,Q4_higher,1.6935424138,3014.2100000000,3014.0200000000,2972.0500000000,2864.3600000000,3016.6300000000,-0.0063036745,-1.4085822226,-1.4022785481,-5.0929796359,0.0865578391
ETHUSDT_lower5_all_h24,ETH all 24H,phase2_lower5_best,ETHUSDT,lower,5pct,long,all,-2.5346979200,6,24,2025-12-17 16:00,2025-12-17 20:00,2025-12-18 16:00,-3.1029158346,Q4_higher,1.4999407631,2824.0000000000,2817.7900000000,2779.1000000000,2779.1000000000,2995.3000000000,-0.2201429868,-1.6027185351,-1.3825755483,-1.3825755483,6.1091503733
ETHUSDT_lower5_all_h24,ETH all 24H,phase2_lower5_best,ETHUSDT,lower,5pct,long,all,-2.5346979200,6,24,2025-12-18 16:00,2025-12-18 20:00,2025-12-19 16:00,-6.3160102230,Q5_high,2.1337958673,2779.1000000000,2786.1700000000,2984.5000000000,2774.6000000000,3016.6800000000,0.2540758599,7.1305094347,6.8764335748,-0.4161300214,7.9488996045
ETHUSDT_lower5_all_h24,ETH all 24H,phase2_lower5_best,ETHUSDT,lower,5pct,long,all,-2.5346979200,6,24,2026-01-20 12:00,2026-01-20 16:00,2026-01-21 12:00,-2.7218903367,Q2_lower,1.0055755265,3027.6100000000,3034.1700000000,3003.5000000000,2902.0300000000,3040.9300000000,0.2164381604,-0.7995254086,-1.0159635690,-4.4527418891,0.2225478688
ETHUSDT_lower5_all_h24,ETH all 24H,phase2_lower5_best,ETHUSDT,lower,5pct,long,all,-2.5346979200,6,24,2026-01-25 16:00,2026-01-25 20:00,2026-01-26 16:00,-3.9012953891,Q2_lower,0.9513698104,2814.2000000000,2816.0100000000,2921.6400000000,2788.5100000000,2950.0000000000,0.0642960054,3.7467073081,3.6824113027,-0.9813586427,4.6484180926
ETHUSDT_lower5_all_h24,ETH all 24H,phase2_lower5_best,ETHUSDT,lower,5pct,long,all,-2.5346979200,6,24,2026-01-29 12:00,2026-01-29 16:00,2026-01-30 12:00,-3.7455895040,Q3_mid,1.2489173183,2822.1300000000,2819.8300000000,2729.1100000000,2684.7700000000,2858.6200000000,-0.0815319544,-3.3516370270,-3.2701050726,-4.9081536233,1.3662391455
ETHUSDT_lower5_all_h24,ETH all 24H,phase2_lower5_best,ETHUSDT,lower,5pct,long,all,-2.5346979200,6,24,2026-01-30 00:00,2026-01-30 04:00,2026-01-31 00:00,-2.9220255425,Q3_mid,1.3858246288,2741.1900000000,2737.4500000000,2696.5800000000,2636.7500000000,2772.1400000000,-0.1365302550,-1.6407829242,-1.5042526692,-3.7479731961,1.2592754967
ETHUSDT_lower5_all_h24,ETH all 24H,phase2_lower5_best,ETHUSDT,lower,5pct,long,all,-2.5346979200,6,24,2026-01-31 12:00,2026-01-31 16:00,2026-02-01 12:00,-4.2139282993,Q4_higher,1.4917326172,2529.2900000000,2534.4300000000,2323.2100000000,2242.7700000000,2552.2700000000,0.2030128745,-8.4988780897,-8.7018909642,-12.2257050648,0.7014399570
ETHUSDT_lower5_all_h24,ETH all 24H,phase2_lower5_best,ETHUSDT,lower,5pct,long,all,-2.5346979200,6,24,2026-01-31 16:00,2026-01-31 20:00,2026-02-01 16:00,-5.7842634281,Q4_higher,1.7771196882,2387.1400000000,2385.4200000000,2315.5500000000,2285.3700000000,2476.7800000000,-0.0720787198,-3.0448756349,-2.9727969152,-4.2847272626,3.7584119980
ETHUSDT_lower5_all_h24,ETH all 24H,phase2_lower5_best,ETHUSDT,lower,5pct,long,all,-2.5346979200,6,24,2026-02-01 12:00,2026-02-01 16:00,2026-02-02 12:00,-3.7062715135,Q5_high,2.0169708459,2323.2100000000,2308.4000000000,2369.8900000000,2159.1400000000,2395.3000000000,-0.6395206192,1.9893690521,2.6288896713,-6.6844649589,3.6953840124
ETHUSDT_lower5_all_h24,ETH all 24H,phase2_lower5_best,ETHUSDT,lower,5pct,long,all,-2.5346979200,6,24,2026-02-03 16:00,2026-02-03 20:00,2026-02-04 16:00,-4.2185189399,Q5_high,2.3987053962,2207.1300000000,2207.6600000000,2184.0800000000,2077.4900000000,2351.4000000000,0.0240102022,-1.0498341780,-1.0738443802,-6.0772696792,6.3077764401
ETHUSDT_lower5_all_h24,ETH all 24H,phase2_lower5_best,ETHUSDT,lower,5pct,long,all,-2.5346979200,6,24,2026-02-04 12:00,2026-02-04 16:00,2026-02-05 12:00,-4.6354578422,Q5_high,2.1457829479,2154.2500000000,2153.3000000000,1961.5000000000,1926.8800000000,2192.7600000000,-0.0441086007,-9.3733148470,-9.3292062463,-11.1099434600,1.8159475192
ETHUSDT_lower5_all_h24,ETH all 24H,phase2_lower5_best,ETHUSDT,lower,5pct,long,all,-2.5346979200,6,24,2026-02-05 12:00,2026-02-05 16:00,2026-02-06 12:00,-5.7706030602,Q5_high,2.3874486129,1961.5000000000,1961.6700000000,1982.1500000000,1749.2700000000,2018.3700000000,0.0086664611,1.0472627507,1.0385962896,-11.4597593228,2.8494103698
ETHUSDT_lower5_all_h24,ETH all 24H,phase2_lower5_best,ETHUSDT,lower,5pct,long,all,-2.5346979200,6,24,2026-02-05 20:00,2026-02-06 00:00,2026-02-06 20:00,-5.4688597437,Q5_high,2.2573425800,1825.6000000000,1826.8500000000,2064.3900000000,1749.2700000000,2093.6000000000,0.0684472093,12.2926083133,12.2241611039,-4.3394614169,13.6291900015
ETHUSDT_lower5_all_h24,ETH all 24H,phase2_lower5_best,ETHUSDT,lower,5pct,long,all,-2.5346979200,6,24,2026-02-10 04:00,2026-02-10 08:00,2026-02-11 04:00,-2.7887954843,Q4_higher,1.7559743008,2008.1000000000,2009.4500000000,1953.9800000000,1938.7200000000,2045.5300000000,0.0672051400,-2.7320683233,-2.7992734632,-3.5833091285,1.7795871834
ETHUSDT_lower5_all_h24,ETH all 24H,phase2_lower5_best,ETHUSDT,lower,5pct,long,all,-2.5346979200,6,24,2026-02-11 04:00,2026-02-11 08:00,2026-02-12 04:00,-2.8266403917,Q4_higher,1.6608990896,1953.9800000000,1949.0300000000,1970.4000000000,1905.0000000000,2015.6600000000,-0.2536505238,0.8368249671,1.0904754908,-2.2849804337,3.3614872276
ETHUSDT_lower5_all_h24,ETH all 24H,phase2_lower5_best,ETHUSDT,lower,5pct,long,all,-2.5346979200,6,24,2026-02-15 12:00,2026-02-15 16:00,2026-02-16 12:00,-2.6059466445,Q4_higher,1.5115073524,2008.9400000000,2010.8300000000,1956.5000000000,1930.0900000000,2022.3500000000,0.0940352378,-2.6450057114,-2.7390409492,-4.0980938206,0.5712629403
ETHUSDT_lower5_all_h24,ETH all 24H,phase2_lower5_best,ETHUSDT,lower,5pct,long,all,-2.5346979200,6,24,2026-02-15 16:00,2026-02-15 20:00,2026-02-16 16:00,-3.2808074738,Q4_higher,1.6710724566,1944.1000000000,1941.9800000000,1977.3800000000,1935.8400000000,2022.3500000000,-0.1091073890,1.6973591094,1.8064664983,-0.3166730344,4.0552130409
ETHUSDT_lower5_all_h24,ETH all 24H,phase2_lower5_best,ETHUSDT,lower,5pct,long,all,-2.5346979200,6,24,2026-02-23 00:00,2026-02-23 04:00,2026-02-24 00:00,-4.9587505318,Q3_mid,1.2696944192,1863.1900000000,1863.3000000000,1831.8700000000,1812.0100000000,1935.0900000000,0.0059036788,-1.6952769428,-1.7011806216,-2.7912382882,3.7804727777
ETHUSDT_lower5_all_h24,ETH all 24H,phase2_lower5_best,ETHUSDT,lower,5pct,long,all,-2.5346979200,6,24,2026-02-27 08:00,2026-02-27 12:00,2026-02-28 08:00,-3.5611254761,Q4_higher,1.6952697042,1962.6000000000,1961.8600000000,1862.2800000000,1836.2400000000,1968.9400000000,-0.0377121952,-5.2468581301,-5.2091459348,-6.6173000228,0.3602324034
ETHUSDT_lower5_all_h24,ETH all 24H,phase2_lower5_best,ETHUSDT,lower,5pct,long,all,-2.5346979200,6,24,2026-02-28 04:00,2026-02-28 08:00,2026-03-01 04:00,-3.0234940921,Q4_higher,1.8822380735,1867.6300000000,1863.7600000000,2005.6700000000,1845.4000000000,2053.3600000000,-0.2074294774,7.1307922144,7.3382216918,-0.9899896447,9.6881523197
ETHUSDT_lower5_all_h24,ETH all 24H,phase2_lower5_best,ETHUSDT,lower,5pct,long,all,-2.5346979200,6,24,2026-03-05 12:00,2026-03-05 16:00,2026-03-06 12:00,-2.7078647593,Q5_high,2.0383386503,2080.9800000000,2087.2100000000,1978.4300000000,1967.2000000000,2098.2800000000,0.2989309335,-5.0535335722,-5.3524645058,-5.9217034017,0.5289715571
ETHUSDT_lower5_all_h24,ETH all 24H,phase2_lower5_best,ETHUSDT,lower,5pct,long,all,-2.5346979200,6,24,2026-03-06 12:00,2026-03-06 16:00,2026-03-07 12:00,-3.6121386865,Q5_high,1.9342106239,1978.4300000000,1976.8200000000,1981.2600000000,1956.0900000000,1995.9800000000,-0.0814107876,0.1429405071,0.2243512947,-1.0541910178,0.9645664797
ETHUSDT_lower5_all_h24,ETH all 24H,phase2_lower5_best,ETHUSDT,lower,5pct,long,all,-2.5346979200,6,24,2026-03-18 12:00,2026-03-18 16:00,2026-03-19 12:00,-3.6516014194,Q4_higher,1.6191266368,2187.9000000000,2187.0300000000,2119.0000000000,2100.0000000000,2233.1000000000,-0.0397720654,-3.1997900390,-3.1600179736,-4.0607114292,2.0846295637
ETHUSDT_lower5_all_h24,ETH all 24H,phase2_lower5_best,ETHUSDT,lower,5pct,long,all,-2.5346979200,6,24,2026-03-21 20:00,2026-03-22 00:00,2026-03-22 20:00,-3.2299478243,Q2_lower,1.0928850219,2083.9700000000,2079.3400000000,2052.8500000000,2026.8100000000,2125.6500000000,-0.2224192726,-1.5045656836,-1.2821464110,-2.5587407175,2.2027102289
ETHUSDT_lower5_all_h24,ETH all 24H,phase2_lower5_best,ETHUSDT,lower,5pct,long,all,-2.5346979200,6,24,2026-03-26 08:00,2026-03-26 12:00,2026-03-27 08:00,-2.6882505715,Q3_mid,1.4375257146,2068.1100000000,2067.7900000000,1991.6900000000,1983.5400000000,2092.7900000000,-0.0154742620,-3.7651622159,-3.7496879539,-4.1597276960,1.2017699881
ETHUSDT_lower5_all_h24,ETH all 24H,phase2_lower5_best,ETHUSDT,lower,5pct,long,all,-2.5346979200,6,24,2026-03-27 08:00,2026-03-27 12:00,2026-03-28 08:00,-3.8081874201,Q3_mid,1.3411936880,1991.6900000000,1991.7700000000,1999.5900000000,1971.2800000000,2010.0000000000,0.0040166087,0.3958634983,0.3918468896,-1.0340612700,0.9111031422
ETHUSDT_lower5_all_h24,ETH all 24H,phase2_lower5_best,ETHUSDT,lower,5pct,long,all,-2.5346979200,6,24,2026-04-02 00:00,2026-04-02 04:00,2026-04-03 00:00,-3.9558349704,Q4_higher,1.4755833482,2056.9400000000,2055.4900000000,2054.5900000000,2017.9000000000,2075.0000000000,-0.0705179206,-0.1143126892,-0.0437947687,-1.8456895658,0.9446891335
ETHUSDT_lower5_all_h24,ETH all 24H,phase2_lower5_best,ETHUSDT,lower,5pct,long,all,-2.5346979200,6,24,2026-04-12 00:00,2026-04-12 04:00,2026-04-13 00:00,-3.2454648604,Q3_mid,1.2720534791,2212.9900000000,2213.1100000000,2194.0000000000,2176.0500000000,2221.1100000000,0.0054223809,-0.8618180453,-0.8672404262,-1.6887459444,0.3608304811
ETHUSDT_lower5_all_h24,ETH all 24H,phase2_lower5_best,ETHUSDT,lower,5pct,long,all,-2.5346979200,6,24,2026-04-27 04:00,2026-04-27 08:00,2026-04-28 04:00,-3.2785928392,Q2_lower,0.9306285244,2319.2800000000,2315.0000000000,2287.8300000000,2264.3100000000,2328.4500000000,-0.1847105146,-1.3653022626,-1.1805917480,-2.2139610776,0.5793122620
ETHUSDT_lower5_all_h24,ETH all 24H,phase2_lower5_best,ETHUSDT,lower,5pct,long,all,-2.5346979200,6,24,2026-04-29 12:00,2026-04-29 16:00,2026-04-30 12:00,-2.5743101568,Q3_mid,1.2140446569,2273.2400000000,2272.0700000000,2266.8300000000,2221.5800000000,2284.9500000000,-0.0514816383,-0.2823746885,-0.2308930502,-2.2472655794,0.5652832025
ETHUSDT_lower5_all_h24,ETH all 24H,phase2_lower5_best,ETHUSDT,lower,5pct,long,all,-2.5346979200,6,24,2026-05-13 12:00,2026-05-13 16:00,2026-05-14 12:00,-2.9419332864,Q2_lower,0.9788832051,2234.7000000000,2238.7100000000,2298.8600000000,2238.7100000000,2299.0700000000,0.1792816252,2.8306357017,2.6513540765,0.0000000000,2.6604886219
ETHUSDT_lower5_all_h24,ETH all 24H,phase2_lower5_best,ETHUSDT,lower,5pct,long,all,-2.5346979200,6,24,2026-05-17 20:00,2026-05-18 00:00,2026-05-18 20:00,-2.8590224779,Q1_low,0.7860180118,2131.1700000000,2130.9800000000,2130.1300000000,2077.0600000000,2157.1400000000,-0.0089156881,-0.0488113966,-0.0398957085,-2.5628535512,1.2201302454
ETHUSDT_lower5_all_h24,ETH all 24H,phase2_lower5_best,ETHUSDT,lower,5pct,long,all,-2.5346979200,6,24,2026-05-22 16:00,2026-05-22 20:00,2026-05-23 16:00,-2.6832300170,Q1_low,0.7839995709,2064.3100000000,2070.3800000000,2076.0100000000,2010.0000000000,2083.4200000000,0.2936135169,0.5651752108,0.2715616939,-2.9597443238,0.6278608906
SOLUSDT_lower5_all_h72,SOL all 72H,phase2_lower5_best,SOLUSDT,lower,5pct,long,all,-3.7212992607,18,72,2020-08-13 08:00,2020-08-13 12:00,2020-08-16 08:00,-5.2842481374,,,3.8700000000,3.8700000000,3.4200000000,3.1200000000,4.0600000000,0.0000000000,-12.3613955967,-12.3613955967,-21.5421505220,4.7928466572
SOLUSDT_lower5_all_h72,SOL all 72H,phase2_lower5_best,SOLUSDT,lower,5pct,long,all,-3.7212992607,18,72,2020-08-14 12:00,2020-08-14 16:00,2020-08-17 12:00,-3.8360867872,Q5_high,3.9118211159,3.5800000000,3.5800000000,3.1300000000,3.1000000000,3.7400000000,0.0000000000,-13.4329795861,-13.4329795861,-14.3960688922,4.3722811014
SOLUSDT_lower5_all_h72,SOL all 72H,phase2_lower5_best,SOLUSDT,lower,5pct,long,all,-3.7212992607,18,72,2020-08-14 16:00,2020-08-14 20:00,2020-08-17 16:00,-5.7487090918,Q5_high,4.1058690836,3.3800000000,3.3800000000,3.1500000000,3.1000000000,3.7400000000,0.0000000000,-7.0473256657,-7.0473256657,-8.6473598004,10.1209901932
SOLUSDT_lower5_all_h72,SOL all 72H,phase2_lower5_best,SOLUSDT,lower,5pct,long,all,-3.7212992607,18,72,2020-08-15 20:00,2020-08-16 00:00,2020-08-18 20:00,-6.1181156475,Q5_high,3.7701983247,3.1700000000,3.1700000000,3.3400000000,2.8100000000,3.7100000000,0.0000000000,5.2239219099,5.2239219099,-12.0547104544,15.7300288730
SOLUSDT_lower5_all_h72,SOL all 72H,phase2_lower5_best,SOLUSDT,lower,5pct,long,all,-3.7212992607,18,72,2020-08-17 04:00,2020-08-17 08:00,2020-08-20 04:00,-4.5809536031,Q5_high,3.4775076309,3.2000000000,3.2000000000,3.0000000000,2.8000000000,3.7100000000,0.0000000000,-6.4538521138,-6.4538521138,-13.3531392625,14.7881066814
SOLUSDT_lower5_all_h72,SOL all 72H,phase2_lower5_best,SOLUSDT,lower,5pct,long,all,-3.7212992607,18,72,2020-08-17 12:00,2020-08-17 16:00,2020-08-20 12:00,-4.9854560225,Q5_high,3.6547121271,3.1300000000,3.1300000000,3.3300000000,2.8000000000,3.7100000000,0.0000000000,6.1939299440,6.1939299440,-11.1413587371,16.9998872067
SOLUSDT_lower5_all_h72,SOL all 72H,phase2_lower5_best,SOLUSDT,lower,5pct,long,all,-3.7212992607,18,72,2020-08-18 20:00,2020-08-19 00:00,2020-08-21 20:00,-5.5327063957,Q5_high,4.0009690030,3.3400000000,3.3300000000,2.9300000000,2.8000000000,3.4900000000,-0.2998502996,-13.0968383960,-12.7969880963,-17.3352886811,4.6929432222
SOLUSDT_lower5_all_h72,SOL all 72H,phase2_lower5_best,SOLUSDT,lower,5pct,long,all,-3.7212992607,18,72,2020-08-19 00:00,2020-08-19 04:00,2020-08-22 00:00,-7.1348080797,Q5_high,4.2862614072,3.1100000000,3.1000000000,2.8100000000,2.8000000000,3.4500000000,-0.3220614700,-10.1438242845,-9.8217628145,-10.1782694310,10.6972119552
SOLUSDT_lower5_all_h72,SOL all 72H,phase2_lower5_best,SOLUSDT,lower,5pct,long,all,-3.7212992607,18,72,2020-08-20 20:00,2020-08-21 00:00,2020-08-23 20:00,-3.9821494187,Q5_high,3.9558552868,3.2000000000,3.2000000000,3.2500000000,2.7400000000,3.4000000000,0.0000000000,1.5504186536,1.5504186536,-15.5192889406,6.0624621816
SOLUSDT_lower5_all_h72,SOL all 72H,phase2_lower5_best,SOLUSDT,lower,5pct,long,all,-3.7212992607,18,72,2020-08-21 20:00,2020-08-22 00:00,2020-08-24 20:00,-4.0139167590,Q5_high,3.4354228193,2.9300000000,2.9200000000,3.3400000000,2.7400000000,3.6200000000,-0.3418806749,13.0968383960,13.4387190708,-6.3625695880,21.4890409557
SOLUSDT_lower5_all_h72,SOL all 72H,phase2_lower5_best,SOLUSDT,lower,5pct,long,all,-3.7212992607,18,72,2020-08-22 00:00,2020-08-22 04:00,2020-08-25 00:00,-4.1817939683,Q5_high,3.2503041281,2.8100000000,2.8200000000,3.1500000000,2.7400000000,3.6200000000,0.3552401604,11.4217969492,11.0665567888,-2.8778964550,24.9737140888
SOLUSDT_lower5_all_h72,SOL all 72H,phase2_lower5_best,SOLUSDT,lower,5pct,long,all,-3.7212992607,18,72,2020-08-23 20:00,2020-08-24 00:00,2020-08-26 20:00,-4.2174925051,Q5_high,3.4402382387,3.2500000000,3.2700000000,3.5700000000,3.0000000000,3.8000000000,0.6134988568,9.3910599450,8.7775610882,-8.6177696241,15.0211081823
SOLUSDT_lower5_all_h72,SOL all 72H,phase2_lower5_best,SOLUSDT,lower,5pct,long,all,-3.7212992607,18,72,2020-08-24 16:00,2020-08-24 20:00,2020-08-27 16:00,-5.6311171563,Q5_high,3.6497816740,3.2800000000,3.2800000000,3.3700000000,3.0000000000,3.8600000000,0.0000000000,2.7069321968,2.7069321968,-8.9231133728,16.2823761081
SOLUSDT_lower5_all_h72,SOL all 72H,phase2_lower5_best,SOLUSDT,lower,5pct,long,all,-3.7212992607,18,72,2020-08-25 00:00,2020-08-25 04:00,2020-08-28 00:00,-5.8568354151,Q5_high,3.8615671329,3.1500000000,3.1500000000,3.7600000000,3.0000000000,3.8600000000,0.0000000000,17.7016504564,17.7016504564,-4.8790164169,20.3264730639
SOLUSDT_lower5_all_h72,SOL all 72H,phase2_lower5_best,SOLUSDT,lower,5pct,long,all,-3.7212992607,18,72,2020-08-27 08:00,2020-08-27 12:00,2020-08-30 08:00,-8.1620528355,Q5_high,3.7170142052,3.4100000000,3.4100000000,4.5600000000,3.2400000000,4.5800000000,0.0000000000,29.0610332231,29.0610332231,-5.1138961491,29.4986706831
SOLUSDT_lower5_all_h72,SOL all 72H,phase2_lower5_best,SOLUSDT,lower,5pct,long,all,-3.7212992607,18,72,2020-08-28 20:00,2020-08-29 00:00,2020-08-31 20:00,-4.3909492616,Q5_high,4.3714102193,4.0100000000,4.0100000000,4.7400000000,3.7700000000,4.8900000000,0.0000000000,16.7245894389,16.7245894389,-6.1716239859,19.8401062168
SOLUSDT_lower5_all_h72,SOL all 72H,phase2_lower5_best,SOLUSDT,lower,5pct,long,all,-3.7212992607,18,72,2020-08-29 04:00,2020-08-29 08:00,2020-09-01 04:00,-3.8814704216,Q5_high,4.5012413586,3.7900000000,3.7900000000,4.6900000000,3.7700000000,4.9500000000,0.0000000000,21.3066563364,21.3066563364,-0.5291017634,26.7021557486
SOLUSDT_lower5_all_h72,SOL all 72H,phase2_lower5_best,SOLUSDT,lower,5pct,long,all,-3.7212992607,18,72,2020-08-31 04:00,2020-08-31 08:00,2020-09-03 04:00,-5.4451319604,Q5_high,4.4758214495,4.1100000000,4.1100000000,4.3800000000,3.6600000000,4.9500000000,0.0000000000,6.3625695880,6.3625695880,-11.5959881095,18.5964548072
SOLUSDT_lower5_all_h72,SOL all 72H,phase2_lower5_best,SOLUSDT,lower,5pct,long,all,-3.7212992607,18,72,2020-09-01 20:00,2020-09-02 00:00,2020-09-04 20:00,-5.8181955383,Q5_high,4.0555590550,4.3400000000,4.3200000000,3.5300000000,3.1700000000,4.4600000000,-0.4618945856,-20.6576477167,-20.1957531311,-30.9523814367,3.1893363776
SOLUSDT_lower5_all_h72,SOL all 72H,phase2_lower5_best,SOLUSDT,lower,5pct,long,all,-3.7212992607,18,72,2020-09-02 08:00,2020-09-02 12:00,2020-09-05 08:00,-4.0920269789,Q5_high,4.1729399324,4.0700000000,4.0900000000,2.4800000000,2.0900000000,4.4600000000,0.4901970600,-49.5384439278,-50.0286409878,-67.1380904078,8.6603795977
SOLUSDT_lower5_all_h72,SOL all 72H,phase2_lower5_best,SOLUSDT,lower,5pct,long,all,-3.7212992607,18,72,2020-09-03 00:00,2020-09-03 04:00,2020-09-06 00:00,-6.6939482675,Q5_high,3.8091946056,3.9000000000,3.9000000000,2.3000000000,2.0900000000,4.4600000000,0.0000000000,-52.8067430200,-52.8067430200,-62.3812487159,13.4172212896
SOLUSDT_lower5_all_h72,SOL all 72H,phase2_lower5_best,SOLUSDT,lower,5pct,long,all,-3.7212992607,18,72,2020-09-03 08:00,2020-09-03 12:00,2020-09-06 08:00,-6.1195561027,Q5_high,4.8586806392,4.1200000000,4.1100000000,2.9500000000,2.0900000000,4.1300000000,-0.2430134853,-33.4047993010,-33.1617858156,-67.6258962531,0.4854378465
SOLUSDT_lower5_all_h72,SOL all 72H,phase2_lower5_best,SOLUSDT,lower,5pct,long,all,-3.7212992607,18,72,2020-09-03 12:00,2020-09-03 16:00,2020-09-06 12:00,-8.0852096629,Q5_high,5.0394654402,3.8000000000,3.8000000000,2.8900000000,2.0900000000,4.0400000000,0.0000000000,-27.3744564608,-27.3744564608,-59.7837000756,6.1243625241
SOLUSDT_lower5_all_h72,SOL all 72H,phase2_lower5_best,SOLUSDT,lower,5pct,long,all,-3.7212992607,18,72,2020-09-03 20:00,2020-09-04 00:00,2020-09-06 20:00,-9.2457110822,Q5_high,5.2786829672,3.5100000000,3.5100000000,3.0900000000,2.0900000000,3.8300000000,0.0000000000,-12.7444946568,-12.7444946568,-51.8451971501,8.7248765715
SOLUSDT_lower5_all_h72,SOL all 72H,phase2_lower5_best,SOLUSDT,lower,5pct,long,all,-3.7212992607,18,72,2020-09-04 12:00,2020-09-04 16:00,2020-09-07 12:00,-6.6594788803,Q5_high,4.9226088971,3.3400000000,3.3400000000,2.7000000000,2.0900000000,3.7000000000,0.0000000000,-21.2719033978,-21.2719033978,-46.8806741012,10.2362012662
SOLUSDT_lower5_all_h72,SOL all 72H,phase2_lower5_best,SOLUSDT,lower,5pct,long,all,-3.7212992607,18,72,2020-09-05 04:00,2020-09-05 08:00,2020-09-08 04:00,-4.6117682095,Q5_high,5.0152935584,3.3900000000,3.3900000000,2.6600000000,2.0900000000,3.3900000000,0.0000000000,-24.2503798599,-24.2503798599,-48.3665855416,0.0000000000
SOLUSDT_lower5_all_h72,SOL all 72H,phase2_lower5_best,SOLUSDT,lower,5pct,long,all,-3.7212992607,18,72,2020-09-05 08:00,2020-09-05 12:00,2020-09-08 08:00,-31.2571361215,Q5_high,8.3587513753,2.4800000000,2.4800000000,2.4800000000,2.2500000000,3.2000000000,0.0000000000,0.0000000000,0.0000000000,-9.7328343961,25.4892249629
SOLUSDT_lower5_all_h72,SOL all 72H,phase2_lower5_best,SOLUSDT,lower,5pct,long,all,-3.7212992607,18,72,2020-09-05 16:00,2020-09-05 20:00,2020-09-08 16:00,-12.0144311842,Q5_high,8.8839178470,2.3500000000,2.3400000000,2.4500000000,2.2600000000,3.2000000000,-0.4264398786,4.1672696401,4.5937095187,-3.4786116085,31.2999880436
SOLUSDT_lower5_all_h72,SOL all 72H,phase2_lower5_best,SOLUSDT,lower,5pct,long,all,-3.7212992607,18,72,2020-09-06 00:00,2020-09-06 04:00,2020-09-09 00:00,-12.6441098399,Q5_high,9.6136851303,2.3000000000,2.3100000000,2.4100000000,2.2700000000,3.2000000000,0.4338401599,4.6717624567,4.2379222969,-1.7467693040,32.5903285272
SOLUSDT_lower5_all_h72,SOL all 72H,phase2_lower5_best,SOLUSDT,lower,5pct,long,all,-3.7212992607,18,72,2020-09-07 00:00,2020-09-07 04:00,2020-09-10 00:00,-5.6587474629,Q5_high,10.4069881353,2.9200000000,2.9300000000,3.5500000000,2.3800000000,3.8800000000,0.3418806749,19.5363987207,19.1945180458,-20.7901935346,28.0832730606
SOLUSDT_lower5_all_h72,SOL all 72H,phase2_lower5_best,SOLUSDT,lower,5pct,long,all,-3.7212992607,18,72,2020-09-07 04:00,2020-09-07 08:00,2020-09-10 04:00,-3.8399132935,Q5_high,10.2611934571,2.8100000000,2.8000000000,3.4000000000,2.3800000000,3.8800000000,-0.3565066164,19.0590948276,19.4156014441,-16.2518929498,32.6215736454
SOLUSDT_lower5_all_h72,SOL all 72H,phase2_lower5_best,SOLUSDT,lower,5pct,long,all,-3.7212992607,18,72,2020-09-07 08:00,2020-09-07 12:00,2020-09-10 08:00,-10.4965180606,Q5_high,10.4170132700,2.5300000000,2.5400000000,3.5500000000,2.3800000000,3.8800000000,0.3944778291,33.8728300748,33.4783522457,-6.5063593347,42.3671072605
SOLUSDT_lower5_all_h72,SOL all 72H,phase2_lower5_best,SOLUSDT,lower,5pct,long,all,-3.7212992607,18,72,2020-09-08 00:00,2020-09-08 04:00,2020-09-11 00:00,-5.6352936551,Q5_high,10.6431607713,2.7600000000,2.7600000000,3.0900000000,2.3800000000,3.8800000000,0.0000000000,11.2940411181,11.2940411181,-14.8130192046,34.0604473906
SOLUSDT_lower5_all_h72,SOL all 72H,phase2_lower5_best,SOLUSDT,lower,5pct,long,all,-3.7212992607,18,72,2020-09-08 08:00,2020-09-08 12:00,2020-09-11 08:00,-7.0067562617,Q5_high,10.7111023380,2.4800000000,2.4600000000,3.1200000000,2.3800000000,3.8800000000,-0.8097210233,22.9574441645,23.7671651877,-3.3060862261,45.5673803691
SOLUSDT_lower5_all_h72,SOL all 72H,phase2_lower5_best,SOLUSDT,lower,5pct,long,all,-3.7212992607,18,72,2020-09-10 04:00,2020-09-10 08:00,2020-09-13 04:00,-4.3172171865,Q5_high,7.5633928455,3.4000000000,3.4000000000,3.3100000000,3.0300000000,3.8500000000,0.0000000000,-2.6827242233,-2.6827242233,-11.5212812101,12.4297716678
SOLUSDT_lower5_all_h72,SOL all 72H,phase2_lower5_best,SOLUSDT,lower,5pct,long,all,-3.7212992607,18,72,2020-09-10 16:00,2020-09-10 20:00,2020-09-13 16:00,-4.0351295524,Q5_high,6.9805883386,3.4000000000,3.4000000000,3.1600000000,2.9800000000,3.5000000000,0.0000000000,-7.3203404023,-7.3203404023,-13.1852131105,2.8987536873
SOLUSDT_lower5_all_h72,SOL all 72H,phase2_lower5_best,SOLUSDT,lower,5pct,long,all,-3.7212992607,18,72,2020-09-11 00:00,2020-09-11 04:00,2020-09-14 00:00,-11.8861202877,Q5_high,7.4861809847,3.0900000000,3.0800000000,3.1500000000,2.9800000000,3.4700000000,-0.3241493924,1.9231361928,2.2472855852,-3.3006296468,11.9224996973
SOLUSDT_lower5_all_h72,SOL all 72H,phase2_lower5_best,SOLUSDT,lower,5pct,long,all,-3.7212992607,18,72,2020-09-12 20:00,2020-09-13 00:00,2020-09-15 20:00,-3.8296285077,Q5_high,4.1666442663,3.3300000000,3.3400000000,2.9300000000,2.9000000000,3.5400000000,0.2998502996,-12.7969880963,-13.0968383960,-14.1260069996,5.8155920157
SOLUSDT_lower5_all_h72,SOL all 72H,phase2_lower5_best,SOLUSDT,lower,5pct,long,all,-3.7212992607,18,72,2020-09-13 08:00,2020-09-13 12:00,2020-09-16 08:00,-4.3216601500,Q5_high,4.1090960437,3.1700000000,3.1600000000,2.5900000000,2.5000000000,3.5400000000,-0.3159560290,-20.2073712178,-19.8914151887,-23.4281295725,11.3554699547
SOLUSDT_lower5_all_h72,SOL all 72H,phase2_lower5_best,SOLUSDT,lower,5pct,long,all,-3.7212992607,18,72,2020-09-15 12:00,2020-09-15 16:00,2020-09-18 12:00,-5.0643732819,Q5_high,3.1954161582,3.0800000000,3.0800000000,2.9000000000,2.3600000000,3.1600000000,0.0000000000,-6.0218859993,-6.0218859993,-26.6267977948,2.5642430613
SOLUSDT_lower5_all_h72,SOL all 72H,phase2_lower5_best,SOLUSDT,lower,5pct,long,all,-3.7212992607,18,72,2020-09-16 00:00,2020-09-16 04:00,2020-09-19 00:00,-8.5461229415,Q5_high,3.3386062633,2.6900000000,2.6900000000,3.1200000000,2.3600000000,3.2500000000,0.0000000000,14.8291808208,14.8291808208,-13.0879574576,18.9113802728
SOLUSDT_lower5_all_h72,SOL all 72H,phase2_lower5_best,SOLUSDT,lower,5pct,long,all,-3.7212992607,18,72,2020-09-16 08:00,2020-09-16 12:00,2020-09-19 08:00,-5.6300044689,Q5_high,3.5072892294,2.5900000000,2.5800000000,3.0500000000,2.3600000000,3.2500000000,-0.3868476778,16.3483714908,16.7352191686,-8.9127779896,23.0865597408
SOLUSDT_lower5_all_h72,SOL all 72H,phase2_lower5_best,SOLUSDT,lower,5pct,long,all,-3.7212992607,18,72,2020-09-18 12:00,2020-09-18 16:00,2020-09-21 12:00,-5.3704178972,Q5_high,3.7301375043,2.9000000000,2.9100000000,2.6800000000,2.4700000000,3.2500000000,0.3442344191,-7.8893942470,-8.2336286661,-16.3934930544,11.0501915158
SOLUSDT_lower5_all_h72,SOL all 72H,phase2_lower5_best,SOLUSDT,lower,5pct,long,all,-3.7212992607,18,72,2020-09-20 12:00,2020-09-20 16:00,2020-09-23 12:00,-5.2004784990,Q5_high,3.3372809414,2.8100000000,2.8100000000,2.9100000000,2.4700000000,3.0900000000,0.0000000000,3.4968597838,3.4968597838,-12.8966332706,9.4986607564
SOLUSDT_lower5_all_h72,SOL all 72H,phase2_lower5_best,SOLUSDT,lower,5pct,long,all,-3.7212992607,18,72,2020-09-21 04:00,2020-09-21 08:00,2020-09-24 04:00,-9.0971778206,Q5_high,3.7469119252,2.7300000000,2.7300000000,3.0400000000,2.4700000000,3.0900000000,0.0000000000,10.7555906221,10.7555906221,-10.0083458557,12.3869481713
SOLUSDT_lower5_all_h72,SOL all 72H,phase2_lower5_best,SOLUSDT,lower,5pct,long,all,-3.7212992607,18,72,2020-09-21 08:00,2020-09-21 12:00,2020-09-24 08:00,-4.1127291424,Q5_high,3.8430840120,2.6200000000,2.6100000000,3.0100000000,2.5000000000,3.0900000000,-0.3824096438,13.8765760988,14.2589857426,-4.3059489460,16.8820869575
SOLUSDT_lower5_all_h72,SOL all 72H,phase2_lower5_best,SOLUSDT,lower,5pct,long,all,-3.7212992607,18,72,2020-09-22 04:00,2020-09-22 08:00,2020-09-25 04:00,-7.9178029712,Q5_high,3.8524187924,2.6700000000,2.6700000000,3.0100000000,2.6700000000,3.2600000000,0.0000000000,11.9861606349,11.9861606349,0.0000000000,19.9648722966
SOLUSDT_lower5_all_h72,SOL all 72H,phase2_lower5_best,SOLUSDT,lower,5pct,long,all,-3.7212992607,18,72,2020-09-23 16:00,2020-09-23 20:00,2020-09-26 16:00,-4.2111485350,Q5_high,4.4474406327,2.7900000000,2.7900000000,3.0600000000,2.7000000000,3.2800000000,0.0000000000,9.2373320131,9.2373320131,-3.2789822823,16.1801826563
SOLUSDT_lower5_all_h72,SOL all 72H,phase2_lower5_best,SOLUSDT,lower,5pct,long,all,-3.7212992607,18,72,2020-09-25 00:00,2020-09-25 04:00,2020-09-28 00:00,-4.2282721159,Q5_high,3.6352153976,3.0100000000,3.0100000000,3.1100000000,2.9000000000,3.2800000000,0.0000000000,3.2682647430,3.2682647430,-3.7229341768,8.5903343635
SOLUSDT_lower5_all_h72,SOL all 72H,phase2_lower5_best,SOLUSDT,lower,5pct,long,all,-3.7212992607,18,72,2020-10-02 04:00,2020-10-02 08:00,2020-10-05 04:00,-7.2233557359,Q4_higher,2.5028474494,2.6700000000,2.6600000000,2.4900000000,2.4200000000,2.6700000000,-0.3752349619,-6.9795761936,-6.6043412317,-9.4558582625,0.3752349619
SOLUSDT_lower5_all_h72,SOL all 72H,phase2_lower5_best,SOLUSDT,lower,5pct,long,all,-3.7212992607,18,72,2020-10-02 08:00,2020-10-02 12:00,2020-10-05 08:00,-7.7860321772,Q5_high,2.9852964950,2.4700000000,2.4700000000,2.5300000000,2.4200000000,2.6700000000,0.0000000000,2.4001152100,2.4001152100,-2.0450610471,7.7860321772
SOLUSDT_lower5_all_h72,SOL all 72H,phase2_lower5_best,SOLUSDT,lower,5pct,long,all,-3.7212992607,18,72,2020-10-03 20:00,2020-10-04 00:00,2020-10-06 20:00,-4.6162041763,Q5_high,3.2811873990,2.5400000000,2.5400000000,2.1700000000,2.1300000000,2.6800000000,0.0000000000,-15.7436913478,-15.7436913478,-17.6042101309,5.3652713492
SOLUSDT_lower5_all_h72,SOL all 72H,phase2_lower5_best,SOLUSDT,lower,5pct,long,all,-3.7212992607,18,72,2020-10-06 08:00,2020-10-06 12:00,2020-10-09 08:00,-5.2750565386,Q4_higher,2.2088376342,2.4000000000,2.3900000000,2.5400000000,2.0100000000,2.6300000000,-0.4175371410,5.6695343677,6.0870715087,-17.3158643872,9.5690480246
SOLUSDT_lower5_all_h72,SOL all 72H,phase2_lower5_best,SOLUSDT,lower,5pct,long,all,-3.7212992607,18,72,2020-10-06 16:00,2020-10-06 20:00,2020-10-09 16:00,-7.2218207812,Q4_higher,2.6998303980,2.2700000000,2.2600000000,2.4900000000,2.0100000000,2.6300000000,-0.4415018209,9.2502878983,9.6917897192,-11.7230091213,15.1619032905
SOLUSDT_lower5_all_h72,SOL all 72H,phase2_lower5_best,SOLUSDT,lower,5pct,long,all,-3.7212992607,18,72,2020-10-06 20:00,2020-10-07 00:00,2020-10-09 20:00,-4.5052663941,Q4_higher,2.8244304550,2.1700000000,2.1700000000,2.5300000000,2.0100000000,2.6300000000,0.0000000000,15.3492135187,15.3492135187,-7.6592445481,19.2256678637
SOLUSDT_lower5_all_h72,SOL all 72H,phase2_lower5_best,SOLUSDT,lower,5pct,long,all,-3.7212992607,18,72,2020-10-08 04:00,2020-10-08 08:00,2020-10-11 04:00,-7.8562322503,Q5_high,3.3339683543,2.0800000000,2.0800000000,2.3900000000,2.0600000000,2.6300000000,0.0000000000,13.8925472230,13.8925472230,-0.9661910912,23.4615952476
SOLUSDT_lower5_all_h72,SOL all 72H,phase2_lower5_best,SOLUSDT,lower,5pct,long,all,-3.7212992607,18,72,2020-10-08 16:00,2020-10-08 20:00,2020-10-11 16:00,-4.6324071674,Q5_high,4.5267490799,2.3200000000,2.3300000000,2.4200000000,2.3000000000,2.6300000000,0.4301081899,4.2200354490,3.7899272591,-1.2959144643,12.1115578612
SOLUSDT_lower5_all_h72,SOL all 72H,phase2_lower5_best,SOLUSDT,lower,5pct,long,all,-3.7212992607,18,72,2020-10-09 16:00,2020-10-09 20:00,2020-10-12 16:00,-3.9375165235,Q5_high,4.5585371717,2.4900000000,2.4800000000,2.6300000000,2.3400000000,2.6600000000,-0.4024150300,5.4701135713,5.8725286013,-5.8107630807,7.0067562617
SOLUSDT_lower5_all_h72,SOL all 72H,phase2_lower5_best,SOLUSDT,lower,5pct,long,all,-3.7212992607,18,72,2020-10-12 08:00,2020-10-12 12:00,2020-10-15 08:00,-3.9687748267,Q4_higher,2.4835037886,2.4700000000,2.4700000000,2.2400000000,2.1900000000,2.7000000000,0.0000000000,-9.7742284773,-9.7742284773,-12.0316606811,8.9033622370
SOLUSDT_lower5_all_h72,SOL all 72H,phase2_lower5_best,SOLUSDT,lower,5pct,long,all,-3.7212992607,18,72,2020-10-13 00:00,2020-10-13 04:00,2020-10-16 00:00,-4.3571248294,Q4_higher,2.4276064132,2.4700000000,2.4700000000,2.2200000000,2.1900000000,2.5600000000,0.0000000000,-10.6710954756,-10.6710954756,-12.0316606811,3.5789107852
SOLUSDT_lower5_all_h72,SOL all 72H,phase2_lower5_best,SOLUSDT,lower,5pct,long,all,-3.7212992607,18,72,2020-10-16 04:00,2020-10-16 08:00,2020-10-19 04:00,-4.1385216163,Q4_higher,2.2750256164,2.1300000000,2.1300000000,2.1100000000,2.0800000000,2.2600000000,0.0000000000,-0.9434032233,-0.9434032233,-2.3754086008,5.9242833563
SOLUSDT_lower5_all_h72,SOL all 72H,phase2_lower5_best,SOLUSDT,lower,5pct,long,all,-3.7212992607,18,72,2020-10-19 00:00,2020-10-19 04:00,2020-10-22 00:00,-5.0819248396,Q3_mid,2.0089982944,2.1100000000,2.1100000000,1.9400000000,1.8400000000,2.1200000000,0.0000000000,-8.3999974413,-8.3999974413,-13.6922375867,0.4728141196
SOLUSDT_lower5_all_h72,SOL all 72H,phase2_lower5_best,SOLUSDT,lower,5pct,long,all,-3.7212992607,18,72,2020-10-20 04:00,2020-10-20 08:00,2020-10-23 04:00,-3.9609138095,Q3_mid,1.9391959670,1.9800000000,1.9800000000,1.9200000000,1.8400000000,2.1100000000,0.0000000000,-3.0771658667,-3.0771658667,-7.3331273086,6.3591102782
SOLUSDT_lower5_all_h72,SOL all 72H,phase2_lower5_best,SOLUSDT,lower,5pct,long,all,-3.7212992607,18,72,2020-10-20 08:00,2020-10-20 12:00,2020-10-23 08:00,-6.7911205616,Q4_higher,2.2702907770,1.8500000000,1.8500000000,1.9500000000,1.8400000000,2.1100000000,0.0000000000,5.2643733485,5.2643733485,-0.5420067469,13.1502308398
SOLUSDT_lower5_all_h72,SOL all 72H,phase2_lower5_best,SOLUSDT,lower,5pct,long,all,-3.7212992607,18,72,2020-10-21 16:00,2020-10-21 20:00,2020-10-24 16:00,-4.1031396678,Q4_higher,2.8741146137,1.9100000000,1.9100000000,1.9400000000,1.8400000000,2.0900000000,0.0000000000,1.5584731017,1.5584731017,-3.7337670438,9.0060823918
SOLUSDT_lower5_all_h72,SOL all 72H,phase2_lower5_best,SOLUSDT,lower,5pct,long,all,-3.7212992607,18,72,2020-10-26 16:00,2020-10-26 20:00,2020-10-29 16:00,-6.9795761936,Q3_mid,2.0356507364,1.6600000000,1.6600000000,1.4700000000,1.4500000000,1.7500000000,0.0000000000,-12.1555201578,-12.1555201578,-13.5254045936,5.2798185567
SOLUSDT_lower5_all_h72,SOL all 72H,phase2_lower5_best,SOLUSDT,lower,5pct,long,all,-3.7212992607,18,72,2020-10-28 00:00,2020-10-28 04:00,2020-10-31 00:00,-7.9068523476,Q4_higher,2.7035022420,1.5800000000,1.5700000000,1.4900000000,1.3200000000,1.6300000000,-0.6349227679,-5.8648727082,-5.2299499403,-17.3443882762,3.7504395458
SOLUSDT_lower5_all_h72,SOL all 72H,phase2_lower5_best,SOLUSDT,lower,5pct,long,all,-3.7212992607,18,72,2020-11-02 08:00,2020-11-02 12:00,2020-11-05 08:00,-7.7961541470,Q4_higher,2.6218496488,1.4800000000,1.4900000000,1.3400000000,1.2700000000,1.5000000000,0.6734032181,-9.9372473813,-10.6106505995,-15.9759219487,0.6688988151
SOLUSDT_lower5_all_h72,SOL all 72H,phase2_lower5_best,SOLUSDT,lower,5pct,long,all,-3.7212992607,18,72,2020-11-04 00:00,2020-11-04 04:00,2020-11-07 00:00,-4.3485111940,Q4_higher,2.2756128279,1.3500000000,1.3500000000,2.1400000000,1.2700000000,2.3700000000,0.0000000000,46.0701236583,46.0701236583,-6.1087691980,56.2785362697
SOLUSDT_lower5_all_h72,SOL all 72H,phase2_lower5_best,SOLUSDT,lower,5pct,long,all,-3.7212992607,18,72,2020-11-04 12:00,2020-11-04 16:00,2020-11-07 12:00,-4.5120435280,Q4_higher,2.3642087170,1.3000000000,1.3000000000,2.1700000000,1.2700000000,2.5000000000,0.0000000000,51.2362903085,51.2362903085,-2.3347363997,65.3926467407
SOLUSDT_lower5_all_h72,SOL all 72H,phase2_lower5_best,SOLUSDT,lower,5pct,long,all,-3.7212992607,18,72,2020-11-05 08:00,2020-11-05 12:00,2020-11-08 08:00,-5.7987257650,Q5_high,3.0635621915,1.3400000000,1.3400000000,2.1700000000,1.3000000000,2.5000000000,0.0000000000,48.2057553590,48.2057553590,-3.0305349495,62.3621117911
SOLUSDT_lower5_all_h72,SOL all 72H,phase2_lower5_best,SOLUSDT,lower,5pct,long,all,-3.7212992607,18,72,2020-11-07 12:00,2020-11-07 16:00,2020-11-10 12:00,-10.0741569802,Q5_high,5.4946384694,2.1700000000,2.1700000000,2.1900000000,1.8300000000,2.2800000000,0.0000000000,0.9174376276,0.9174376276,-17.0411200699,4.9448275414
SOLUSDT_lower5_all_h72,SOL all 72H,phase2_lower5_best,SOLUSDT,lower,5pct,long,all,-3.7212992607,18,72,2020-11-07 16:00,2020-11-07 20:00,2020-11-10 16:00,-13.8150338481,Q5_high,6.5791655457,1.8900000000,1.8900000000,2.2500000000,1.8300000000,2.3000000000,0.0000000000,17.4353387145,17.4353387145,-3.2260862218,19.6332293864
SOLUSDT_lower5_all_h72,SOL all 72H,phase2_lower5_best,SOLUSDT,lower,5pct,long,all,-3.7212992607,18,72,2020-11-08 16:00,2020-11-08 20:00,2020-11-11 16:00,-4.5670036833,Q5_high,6.5968362248,2.1400000000,2.1400000000,2.0300000000,1.9500000000,2.3300000000,0.0000000000,-5.2770035980,-5.2770035980,-9.2976456458,8.5062438544
SOLUSDT_lower5_all_h72,SOL all 72H,phase2_lower5_best,SOLUSDT,lower,5pct,long,all,-3.7212992607,18,72,2020-11-09 12:00,2020-11-09 16:00,2020-11-12 12:00,-8.7011376990,Q5_high,6.7322102091,1.9800000000,1.9800000000,1.9100000000,1.9000000000,2.3300000000,0.0000000000,-3.5993602648,-3.5993602648,-4.1242958534,16.2771422871
SOLUSDT_lower5_all_h72,SOL all 72H,phase2_lower5_best,SOLUSDT,lower,5pct,long,all,-3.7212992607,18,72,2020-11-11 08:00,2020-11-11 12:00,2020-11-14 08:00,-5.5569851155,Q5_high,4.1109333996,2.1000000000,2.1000000000,1.9000000000,1.8300000000,2.1600000000,0.0000000000,-10.0083458557,-10.0083458557,-13.7621377876,2.8170876967
SOLUSDT_lower5_all_h72,SOL all 72H,phase2_lower5_best,SOLUSDT,lower,5pct,long,all,-3.7212992607,18,72,2020-11-11 16:00,2020-11-11 20:00,2020-11-14 16:00,-4.3380295630,Q5_high,3.6639963448,2.0300000000,2.0400000000,1.9400000000,1.8300000000,2.0800000000,0.4914014802,-4.5347819978,-5.0261834781,-10.8633841003,1.9418085857
SOLUSDT_lower5_all_h72,SOL all 72H,phase2_lower5_best,SOLUSDT,lower,5pct,long,all,-3.7212992607,18,72,2020-11-15 16:00,2020-11-15 20:00,2020-11-18 16:00,-8.0421567311,Q5_high,3.0820238231,2.0300000000,2.0300000000,2.1000000000,1.9300000000,2.3700000000,0.0000000000,3.3901551676,3.3901551676,-5.0515790137,15.4854162093
SOLUSDT_lower5_all_h72,SOL all 72H,phase2_lower5_best,SOLUSDT,lower,5pct,long,all,-3.7212992607,18,72,2020-11-22 00:00,2020-11-22 04:00,2020-11-25 00:00,-6.9593291799,Q5_high,3.5300680382,2.2200000000,2.2200000000,2.2000000000,2.0400000000,2.4700000000,0.0000000000,-0.9049835520,-0.9049835520,-8.4557388028,10.6710954756
SOLUSDT_lower5_all_h72,SOL all 72H,phase2_lower5_best,SOLUSDT,lower,5pct,long,all,-3.7212992607,18,72,2020-11-22 08:00,2020-11-22 12:00,2020-11-25 08:00,-4.6520015635,Q5_high,3.6378438841,2.1000000000,2.1000000000,2.3000000000,2.0800000000,2.4700000000,0.0000000000,9.0971778206,9.0971778206,-0.9569451016,16.2280805911
SOLUSDT_lower5_all_h72,SOL all 72H,phase2_lower5_best,SOLUSDT,lower,5pct,long,all,-3.7212992607,18,72,2020-11-22 20:00,2020-11-23 00:00,2020-11-25 20:00,-5.4311989354,Q5_high,3.9527353233,2.1500000000,2.1600000000,2.2700000000,2.1100000000,2.4900000000,0.4640379557,5.4311989354,4.9671609797,-2.3420274208,14.2174488781
SOLUSDT_lower5_all_h72,SOL all 72H,phase2_lower5_best,SOLUSDT,lower,5pct,long,all,-3.7212992607,18,72,2020-11-23 12:00,2020-11-23 16:00,2020-11-26 12:00,-4.4451762571,Q5_high,4.1138547993,2.2000000000,2.2100000000,1.8300000000,1.7200000000,2.4900000000,0.4535155165,-18.4141393511,-18.8676548676,-25.0668224704,11.9290194947
SOLUSDT_lower5_all_h72,SOL all 72H,phase2_lower5_best,SOLUSDT,lower,5pct,long,all,-3.7212992607,18,72,2020-11-24 08:00,2020-11-24 12:00,2020-11-27 08:00,-6.0888369675,Q5_high,4.4338366666,2.2300000000,2.2200000000,1.8300000000,1.7200000000,2.4900000000,-0.4494389588,-19.7685618619,-19.3191229031,-25.5182905059,11.4775514592
SOLUSDT_lower5_all_h72,SOL all 72H,phase2_lower5_best,SOLUSDT,lower,5pct,long,all,-3.7212992607,18,72,2020-11-25 20:00,2020-11-26 00:00,2020-11-28 20:00,-6.3987708675,Q5_high,3.5730861454,2.2700000000,2.2700000000,1.8900000000,1.7200000000,2.3100000000,0.0000000000,-18.3203002422,-18.3203002422,-27.7455540668,1.7467693040
SOLUSDT_lower5_all_h72,SOL all 72H,phase2_lower5_best,SOLUSDT,lower,5pct,long,all,-3.7212992607,18,72,2020-11-26 00:00,2020-11-26 04:00,2020-11-29 00:00,-15.7091858418,Q5_high,4.9282419698,1.9400000000,1.9400000000,1.8900000000,1.7200000000,2.0400000000,0.0000000000,-2.6111144004,-2.6111144004,-12.0363682250,5.0261834781
SOLUSDT_lower5_all_h72,SOL all 72H,phase2_lower5_best,SOLUSDT,lower,5pct,long,all,-3.7212992607,18,72,2020-11-26 04:00,2020-11-26 08:00,2020-11-29 04:00,-5.8372006222,Q5_high,4.9491772900,1.8300000000,1.8400000000,1.8900000000,1.7200000000,2.0400000000,0.5449604768,3.2260862218,2.6811257451,-6.7441280796,10.3184236235
SOLUSDT_lower5_all_h72,SOL all 72H,phase2_lower5_best,SOLUSDT,lower,5pct,long,all,-3.7212992607,18,72,2020-11-27 08:00,2020-11-27 12:00,2020-11-30 08:00,-4.2787275205,Q5_high,4.8188527638,1.8300000000,1.8300000000,1.9600000000,1.7700000000,1.9800000000,0.0000000000,6.8628506389,6.8628506389,-3.3336420268,7.8780877853
SOLUSDT_lower5_all_h72,SOL all 72H,phase2_lower5_best,SOLUSDT,lower,5pct,long,all,-3.7212992607,18,72,2020-12-03 12:00,2020-12-03 16:00,2020-12-06 12:00,-4.6304568042,Q4_higher,2.4001773326,2.1100000000,2.1100000000,1.8400000000,1.8000000000,2.1400000000,0.0000000000,-13.6922375867,-13.6922375867,-15.8901282586,1.4117881546
SOLUSDT_lower5_all_h72,SOL all 72H,phase2_lower5_best,SOLUSDT,lower,5pct,long,all,-3.7212992607,18,72,2020-12-04 00:00,2020-12-04 04:00,2020-12-07 00:00,-4.3802622658,Q4_higher,2.6283398102,2.0100000000,2.0100000000,1.8400000000,1.8000000000,2.0800000000,0.0000000000,-8.8369150450,-8.8369150450,-11.0348057169,3.4233171642
SOLUSDT_lower5_all_h72,SOL all 72H,phase2_lower5_best,SOLUSDT,lower,5pct,long,all,-3.7212992607,18,72,2020-12-04 08:00,2020-12-04 12:00,2020-12-07 08:00,-4.5120435280,Q4_higher,2.8465917167,1.9500000000,1.9500000000,1.8300000000,1.8000000000,1.9900000000,0.0000000000,-6.3513405722,-6.3513405722,-8.0042707674,2.0305266161
SOLUSDT_lower5_all_h72,SOL all 72H,phase2_lower5_best,SOLUSDT,lower,5pct,long,all,-3.7212992607,18,72,2020-12-04 20:00,2020-12-05 00:00,2020-12-07 20:00,-4.7502333985,Q4_higher,2.4517813495,1.8500000000,1.8500000000,1.8300000000,1.8000000000,1.9900000000,0.0000000000,-1.0869672237,-1.0869672237,-2.7398974188,7.2948999646
SOLUSDT_lower5_all_h72,SOL all 72H,phase2_lower5_best,SOLUSDT,lower,5pct,long,all,-3.7212992607,18,72,2020-12-07 16:00,2020-12-07 20:00,2020-12-10 16:00,-3.7740327983,Q3_mid,2.1260934373,1.8200000000,1.8200000000,1.6100000000,1.5000000000,1.8300000000,0.0000000000,-12.2602322092,-12.2602322092,-19.3371392981,0.5479465765
SOLUSDT_lower5_all_h72,SOL all 72H,phase2_lower5_best,SOLUSDT,lower,5pct,long,all,-3.7212992607,18,72,2020-12-08 08:00,2020-12-08 12:00,2020-12-11 08:00,-6.3421826437,Q4_higher,2.3197286163,1.6800000000,1.6800000000,1.4500000000,1.4500000000,1.7600000000,0.0000000000,-14.7230236983,-14.7230236983,-14.7230236983,4.6520015635
SOLUSDT_lower5_all_h72,SOL all 72H,phase2_lower5_best,SOLUSDT,lower,5pct,long,all,-3.7212992607,18,72,2020-12-08 20:00,2020-12-09 00:00,2020-12-11 20:00,-4.7067510858,Q4_higher,2.4866774523,1.6600000000,1.6600000000,1.4400000000,1.4300000000,1.6800000000,0.0000000000,-14.2174488781,-14.2174488781,-14.9143158097,1.1976191047
SOLUSDT_lower5_all_h72,SOL all 72H,phase2_lower5_best,SOLUSDT,lower,5pct,long,all,-3.7212992607,18,72,2020-12-09 04:00,2020-12-09 08:00,2020-12-12 04:00,-6.8562671437,Q4_higher,2.7386600054,1.5500000000,1.5500000000,1.5100000000,1.4300000000,1.6800000000,0.0000000000,-2.6145280104,-2.6145280104,-8.0580486659,8.0538862484
SOLUSDT_lower5_all_h72,SOL all 72H,phase2_lower5_best,SOLUSDT,lower,5pct,long,all,-3.7212992607,18,72,2020-12-11 00:00,2020-12-11 04:00,2020-12-14 00:00,-3.8965968533,Q5_high,3.1150861868,1.5100000000,1.5100000000,1.5900000000,1.4300000000,1.7000000000,0.0000000000,5.1624365405,5.1624365405,-5.4435206555,11.8518600235
SOLUSDT_lower5_all_h72,SOL all 72H,phase2_lower5_best,SOLUSDT,lower,5pct,long,all,-3.7212992607,18,72,2020-12-12 12:00,2020-12-12 16:00,2020-12-15 12:00,-4.0005334614,Q4_higher,2.6779350324,1.4700000000,1.4800000000,1.7300000000,1.4600000000,1.8000000000,0.6779686985,16.2859007719,15.6079320734,-1.3605652056,19.5744577126
SOLUSDT_lower5_all_h72,SOL all 72H,phase2_lower5_best,SOLUSDT,lower,5pct,long,all,-3.7212992607,18,72,2020-12-16 00:00,2020-12-16 04:00,2020-12-19 00:00,-7.6733794231,Q5_high,3.1642110197,1.6300000000,1.6300000000,1.7500000000,1.6200000000,1.8100000000,0.0000000000,7.1035773117,7.1035773117,-0.6153865574,10.4746830459
SOLUSDT_lower5_all_h72,SOL all 72H,phase2_lower5_best,SOLUSDT,lower,5pct,long,all,-3.7212992607,18,72,2020-12-17 00:00,2020-12-17 04:00,2020-12-20 00:00,-4.0119993789,Q5_high,3.5584582369,1.7100000000,1.7100000000,1.6400000000,1.6300000000,1.8000000000,0.0000000000,-4.1797128678,-4.1797128678,-4.7913355696,5.1293294388
SOLUSDT_lower5_all_h72,SOL all 72H,phase2_lower5_best,SOLUSDT,lower,5pct,long,all,-3.7212992607,18,72,2020-12-17 16:00,2020-12-17 20:00,2020-12-20 16:00,-4.1061486798,Q5_high,3.6320592834,1.6700000000,1.6700000000,1.5600000000,1.5600000000,1.7700000000,0.0000000000,-6.8137805167,-6.8137805167,-6.8137805167,5.8155920157
SOLUSDT_lower5_all_h72,SOL all 72H,phase2_lower5_best,SOLUSDT,lower,5pct,long,all,-3.7212992607,18,72,2020-12-20 16:00,2020-12-20 20:00,2020-12-23 16:00,-5.0010420575,Q3_mid,2.0799006312,1.5600000000,1.5600000000,1.3000000000,1.2800000000,1.6200000000,0.0000000000,-18.2321556794,-18.2321556794,-19.7825743330,3.7740327983
SOLUSDT_lower5_all_h72,SOL all 72H,phase2_lower5_best,SOLUSDT,lower,5pct,long,all,-3.7212992607,18,72,2020-12-21 08:00,2020-12-21 12:00,2020-12-24 08:00,-5.7893978419,Q4_higher,2.4582263870,1.5100000000,1.5100000000,1.2900000000,1.0300000000,1.5800000000,0.0000000000,-15.7467432453,-15.7467432453,-38.2550848585,4.5315196212
SOLUSDT_lower5_all_h72,SOL all 72H,phase2_lower5_best,SOLUSDT,lower,5pct,long,all,-3.7212992607,18,72,2020-12-23 04:00,2020-12-23 08:00,2020-12-26 04:00,-4.8790164169,Q4_higher,2.4894938157,1.4000000000,1.3900000000,1.3800000000,1.0300000000,1.4600000000,-0.7168489479,-1.4388737452,-0.7220247973,-29.9744944901,4.9132688578
SOLUSDT_lower5_all_h72,SOL all 72H,phase2_lower5_best,SOLUSDT,lower,5pct,long,all,-3.7212992607,18,72,2020-12-23 08:00,2020-12-23 12:00,2020-12-26 08:00,-5.8840500023,Q4_higher,2.7249475132,1.3200000000,1.3200000000,1.3800000000,1.0300000000,1.4600000000,0.0000000000,4.4451762571,4.4451762571,-24.8072934357,10.0804699122
SOLUSDT_lower5_all_h72,SOL all 72H,phase2_lower5_best,SOLUSDT,lower,5pct,long,all,-3.7212992607,18,72,2020-12-23 20:00,2020-12-24 00:00,2020-12-26 20:00,-8.0042707674,Q5_high,3.0533351706,1.2000000000,1.2000000000,1.3300000000,1.1700000000,1.4600000000,0.0000000000,10.2857385440,10.2857385440,-2.5317807984,19.6114878926
SOLUSDT_lower5_all_h72,SOL all 72H,phase2_lower5_best,SOLUSDT,lower,5pct,long,all,-3.7212992607,18,72,2020-12-27 20:00,2020-12-28 00:00,2020-12-30 20:00,-3.7740327983,Q4_higher,2.8321022504,1.3000000000,1.3000000000,1.5400000000,1.2900000000,1.7400000000,0.0000000000,16.9418151958,16.9418151958,-0.7722046094,29.1520848759
SOLUSDT_lower5_all_h72,SOL all 72H,phase2_lower5_best,SOLUSDT,lower,5pct,long,all,-3.7212992607,18,72,2020-12-29 00:00,2020-12-29 04:00,2021-01-01 00:00,-4.7146778426,Q5_high,3.1095082026,1.4500000000,1.4500000000,1.6000000000,1.4200000000,1.7400000000,0.0000000000,9.8440072813,9.8440072813,-2.0906684819,18.2321556794
SOLUSDT_lower5_all_h72,SOL all 72H,phase2_lower5_best,SOLUSDT,lower,5pct,long,all,-3.7212992607,18,72,2020-12-30 04:00,2020-12-30 08:00,2021-01-02 04:00,-3.7271394797,Q5_high,3.6235376918,1.5800000000,1.5800000000,1.7500000000,1.4200000000,1.9100000000,0.0000000000,10.2190940897,10.2190940897,-10.6767975426,18.9678395020
SOLUSDT_lower5_all_h72,SOL all 72H,phase2_lower5_best,SOLUSDT,lower,5pct,long,all,-3.7212992607,18,72,2021-01-02 04:00,2021-01-02 08:00,2021-01-05 04:00,-6.0960699790,Q5_high,3.4142028074,1.7500000000,1.7500000000,2.1900000000,1.7100000000,2.5100000000,0.0000000000,22.4285755893,22.4285755893,-2.3122417421,36.0666965208
SOLUSDT_lower5_all_h72,SOL all 72H,phase2_lower5_best,SOLUSDT,lower,5pct,long,all,-3.7212992607,18,72,2021-01-02 20:00,2021-01-03 00:00,2021-01-05 20:00,-6.4538521138,Q5_high,3.9568904134,1.8000000000,1.8000000000,2.1600000000,1.8000000000,2.5100000000,0.0000000000,18.2321556794,18.2321556794,0.0000000000,33.2496088242
SOLUSDT_lower5_all_h72,SOL all 72H,phase2_lower5_best,SOLUSDT,lower,5pct,long,all,-3.7212992607,18,72,2021-01-03 12:00,2021-01-03 16:00,2021-01-06 12:00,-9.2231224216,Q5_high,5.1766689223,2.0700000000,2.0700000000,2.0800000000,1.8600000000,2.5100000000,0.0000000000,0.4819286436,0.4819286436,-10.6972119552,19.2734145866
SOLUSDT_lower5_all_h72,SOL all 72H,phase2_lower5_best,SOLUSDT,lower,5pct,long,all,-3.7212992607,18,72,2021-01-03 16:00,2021-01-03 20:00,2021-01-06 16:00,-5.4604134035,Q5_high,5.3562993071,1.9600000000,1.9600000000,1.9800000000,1.8600000000,2.5100000000,0.0000000000,1.0152371464,1.0152371464,-5.2367985517,24.7338279901
SOLUSDT_lower5_all_h72,SOL all 72H,phase2_lower5_best,SOLUSDT,lower,5pct,long,all,-3.7212992607,18,72,2021-01-04 04:00,2021-01-04 08:00,2021-01-07 04:00,-8.5831435850,Q5_high,6.0643995508,2.1200000000,2.1200000000,2.1300000000,1.8600000000,2.5100000000,0.0000000000,0.4705891037,0.4705891037,-13.0839600959,16.8866664460
SOLUSDT_lower5_all_h72,SOL all 72H,phase2_lower5_best,SOLUSDT,lower,5pct,long,all,-3.7212992607,18,72,2021-01-04 08:00,2021-01-04 12:00,2021-01-07 08:00,-3.8466280828,Q5_high,6.1047622613,2.0400000000,2.0400000000,2.2000000000,1.9000000000,2.5100000000,0.0000000000,7.5507552508,7.5507552508,-7.1095921684,20.7332945288
SOLUSDT_lower5_all_h72,SOL all 72H,phase2_lower5_best,SOLUSDT,lower,5pct,long,all,-3.7212992607,18,72,2021-01-05 00:00,2021-01-05 04:00,2021-01-08 00:00,-12.8381166648,Q5_high,7.3363776524,2.1900000000,2.1900000000,2.2600000000,1.9000000000,2.6500000000,0.0000000000,3.1463269456,3.1463269456,-14.2047657656,19.0658096170
SOLUSDT_lower5_all_h72,SOL all 72H,phase2_lower5_best,SOLUSDT,lower,5pct,long,all,-3.7212992607,18,72,2021-01-05 12:00,2021-01-05 16:00,2021-01-08 12:00,-8.3198943855,Q5_high,7.5650888558,2.1900000000,2.1900000000,3.3000000000,1.9000000000,3.8000000000,0.0000000000,41.0020924644,41.0020924644,-14.2047657656,55.1099522904
SOLUSDT_lower5_all_h72,SOL all 72H,phase2_lower5_best,SOLUSDT,lower,5pct,long,all,-3.7212992607,18,72,2021-01-06 00:00,2021-01-06 04:00,2021-01-09 00:00,-8.1973582960,Q5_high,7.7242094681,1.9900000000,1.9900000000,3.1600000000,1.9000000000,3.8000000000,0.0000000000,46.2437388862,46.2437388862,-4.6280752564,64.6866427996
SOLUSDT_lower5_all_h72,SOL all 72H,phase2_lower5_best,SOLUSDT,lower,5pct,long,all,-3.7212992607,18,72,2021-01-06 16:00,2021-01-06 20:00,2021-01-09 16:00,-4.9271049007,Q5_high,7.0095320122,1.9800000000,1.9800000000,3.6200000000,1.9000000000,3.8000000000,0.0000000000,60.3377181131,60.3377181131,-4.1242958534,65.1904222026
SOLUSDT_lower5_all_h72,SOL all 72H,phase2_lower5_best,SOLUSDT,lower,5pct,long,all,-3.7212992607,18,72,2021-01-08 00:00,2021-01-08 04:00,2021-01-11 00:00,-4.3296805753,Q5_high,5.8826973473,2.2600000000,2.2600000000,3.1400000000,2.1900000000,3.8000000000,0.0000000000,32.8857986636,32.8857986636,-3.1463269456,51.9636253448
SOLUSDT_lower5_all_h72,SOL all 72H,phase2_lower5_best,SOLUSDT,lower,5pct,long,all,-3.7212992607,18,72,2021-01-09 20:00,2021-01-10 00:00,2021-01-12 20:00,-6.8598316343,Q5_high,8.0259130699,3.3800000000,3.3700000000,3.6400000000,2.5800000000,3.8800000000,-0.2962965131,7.4107972154,7.7070937284,-26.7123345431,14.0922409271
SOLUSDT_lower5_all_h72,SOL all 72H,phase2_lower5_best,SOLUSDT,lower,5pct,long,all,-3.7212992607,18,72,2021-01-10 08:00,2021-01-10 12:00,2021-01-13 08:00,-13.7753237314,Q5_high,8.3870816341,3.2500000000,3.2500000000,3.3700000000,2.5800000000,3.8800000000,0.0000000000,3.6257748023,3.6257748023,-23.0865597408,17.7180157294
SOLUSDT_lower5_all_h72,SOL all 72H,phase2_lower5_best,SOLUSDT,lower,5pct,long,all,-3.7212992607,18,72,2021-01-11 00:00,2021-01-11 04:00,2021-01-14 00:00,-9.4151431123,Q5_high,8.6662959496,3.1400000000,3.1400000000,3.3800000000,2.5800000000,3.8800000000,0.0000000000,7.3652909575,7.3652909575,-19.6433400987,21.1612353715
SOLUSDT_lower5_all_h72,SOL all 72H,phase2_lower5_best,SOLUSDT,lower,5pct,long,all,-3.7212992607,18,72,2021-01-11 04:00,2021-01-11 08:00,2021-01-14 04:00,-4.8949412518,Q5_high,8.7771518688,2.9900000000,3.0000000000,3.4000000000,2.5800000000,3.8800000000,0.3338901266,12.8502044220,12.5163142954,-15.0822889735,25.7222864967
SOLUSDT_lower5_all_h72,SOL all 72H,phase2_lower5_best,SOLUSDT,lower,5pct,long,all,-3.7212992607,18,72,2021-01-11 08:00,2021-01-11 12:00,2021-01-14 08:00,-4.4451762571,Q5_high,8.7810069292,2.8600000000,2.8600000000,3.4200000000,2.5800000000,3.8800000000,0.0000000000,17.8818926243,17.8818926243,-10.3032225898,30.5013528803
SOLUSDT_lower5_all_h72,SOL all 72H,phase2_lower5_best,SOLUSDT,lower,5pct,long,all,-3.7212992607,18,72,2021-01-14 00:00,2021-01-14 04:00,2021-01-17 00:00,-4.0585280115,Q5_high,5.0228051707,3.3800000000,3.3800000000,3.7100000000,2.9600000000,3.7200000000,0.0000000000,9.3156167124,9.3156167124,-13.2686441159,9.5847958790
SOLUSDT_lower5_all_h72,SOL all 72H,phase2_lower5_best,SOLUSDT,lower,5pct,long,all,-3.7212992607,18,72,2021-01-14 16:00,2021-01-14 20:00,2021-01-17 16:00,-5.9014171437,Q5_high,4.3792014643,3.2900000000,3.2900000000,3.7900000000,2.9600000000,3.9900000000,0.0000000000,14.1478454317,14.1478454317,-10.5698296441,19.2903666124
SOLUSDT_lower5_all_h72,SOL all 72H,phase2_lower5_best,SOLUSDT,lower,5pct,long,all,-3.7212992607,18,72,2021-01-15 12:00,2021-01-15 16:00,2021-01-18 12:00,-8.3510632873,Q5_high,4.0610586297,3.1000000000,3.1000000000,3.9600000000,2.9600000000,4.1700000000,0.0000000000,24.4841913775,24.4841913775,-4.6212843155,29.6513924320
SOLUSDT_lower5_all_h72,SOL all 72H,phase2_lower5_best,SOLUSDT,lower,5pct,long,all,-3.7212992607,18,72,2021-01-16 20:00,2021-01-17 00:00,2021-01-19 20:00,-4.8511651426,Q5_high,3.5166669126,3.4200000000,3.4300000000,3.6300000000,3.3000000000,4.1700000000,0.2919710103,5.9592097202,5.6672387099,-3.8637792705,19.5355774633
SOLUSDT_lower5_all_h72,SOL all 72H,phase2_lower5_best,SOLUSDT,lower,5pct,long,all,-3.7212992607,18,72,2021-01-17 04:00,2021-01-17 08:00,2021-01-20 04:00,-9.0201955227,Q5_high,4.4617652598,3.3900000000,3.3900000000,3.6100000000,3.3100000000,4.1700000000,0.0000000000,6.2877850952,6.2877850952,-2.3881732003,20.7086114418
SOLUSDT_lower5_all_h72,SOL all 72H,phase2_lower5_best,SOLUSDT,lower,5pct,long,all,-3.7212992607,18,72,2021-01-19 04:00,2021-01-19 08:00,2021-01-22 04:00,-3.8614836128,Q5_high,4.6198644451,3.8100000000,3.8100000000,3.0800000000,2.5300000000,3.9500000000,0.0000000000,-21.2699592153,-21.2699592153,-40.9409886399,3.6086389774
SOLUSDT_lower5_all_h72,SOL all 72H,phase2_lower5_best,SOLUSDT,lower,5pct,long,all,-3.7212992607,18,72,2021-01-19 16:00,2021-01-19 20:00,2021-01-22 16:00,-5.3632154916,Q5_high,4.6782291412,3.6300000000,3.6300000000,3.4200000000,2.5300000000,3.7400000000,0.0000000000,-5.9592097202,-5.9592097202,-36.1013345537,2.9852963150
SOLUSDT_lower5_all_h72,SOL all 72H,phase2_lower5_best,SOLUSDT,lower,5pct,long,all,-3.7212992607,18,72,2021-01-20 08:00,2021-01-20 12:00,2021-01-23 08:00,-5.6995481049,Q5_high,4.2141269962,3.4100000000,3.4100000000,3.4600000000,2.5300000000,3.7400000000,0.0000000000,1.4556297774,1.4556297774,-29.8492988556,9.2373320131
SOLUSDT_lower5_all_h72,SOL all 72H,phase2_lower5_best,SOLUSDT,lower,5pct,long,all,-3.7212992607,18,72,2021-01-21 00:00,2021-01-21 04:00,2021-01-24 00:00,-5.2425797340,Q5_high,3.5020108053,3.5300000000,3.5300000000,3.5600000000,2.5300000000,3.6000000000,0.0000000000,0.8462673919,0.8462673919,-33.3078568206,1.9635974517
SOLUSDT_lower5_all_h72,SOL all 72H,phase2_lower5_best,SOLUSDT,lower,5pct,long,all,-3.7212992607,18,72,2021-01-21 12:00,2021-01-21 16:00,2021-01-24 12:00,-5.0084104397,Q5_high,3.2490313997,3.3100000000,3.3100000000,3.5900000000,2.5300000000,3.7900000000,0.0000000000,8.1204013111,8.1204013111,-26.8728886650,13.5417829705
SOLUSDT_lower5_all_h72,SOL all 72H,phase2_lower5_best,SOLUSDT,lower,5pct,long,all,-3.7212992607,18,72,2021-01-21 20:00,2021-01-22 00:00,2021-01-24 20:00,-10.4691395526,Q5_high,3.8470715974,2.9900000000,2.9900000000,3.6300000000,2.5300000000,3.7900000000,0.0000000000,19.3959260874,19.3959260874,-16.7054084663,23.7092631692
SOLUSDT_lower5_all_h72,SOL all 72H,phase2_lower5_best,SOLUSDT,lower,5pct,long,all,-3.7212992607,18,72,2021-01-24 12:00,2021-01-24 16:00,2021-01-27 12:00,-4.0933408926,Q5_high,3.9506418077,3.5900000000,3.6000000000,3.7300000000,3.4400000000,4.1000000000,0.2781642962,3.8256031156,3.5474388194,-4.5462374077,13.0053128248
SOLUSDT_lower5_all_h72,SOL all 72H,phase2_lower5_best,SOLUSDT,lower,5pct,long,all,-3.7212992607,18,72,2021-01-25 20:00,2021-01-26 00:00,2021-01-28 20:00,-5.0076337980,Q4_higher,2.7802559509,3.7000000000,3.7000000000,3.8100000000,3.5100000000,4.1000000000,0.0000000000,2.9296369488,2.9296369488,-5.2716782172,10.2654154060
SOLUSDT_lower5_all_h72,SOL all 72H,phase2_lower5_best,SOLUSDT,lower,5pct,long,all,-3.7212992607,18,72,2021-01-26 12:00,2021-01-26 16:00,2021-01-29 12:00,-5.8915883537,Q5_high,3.2978725514,3.7900000000,3.7900000000,3.8100000000,3.5100000000,4.1000000000,0.0000000000,0.5263170044,0.5263170044,-7.6749981617,7.8620954616
SOLUSDT_lower5_all_h72,SOL all 72H,phase2_lower5_best,SOLUSDT,lower,5pct,long,all,-3.7212992607,18,72,2021-01-27 00:00,2021-01-27 04:00,2021-01-30 00:00,-5.0772325373,Q5_high,3.6813209155,3.8400000000,3.8500000000,3.8300000000,3.5100000000,3.9600000000,0.2600781700,-0.2607563407,-0.5208345107,-9.2457110822,2.8170876967
SOLUSDT_lower5_all_h72,SOL all 72H,phase2_lower5_best,SOLUSDT,lower,5pct,long,all,-3.7212992607,18,72,2021-01-27 08:00,2021-01-27 12:00,2021-01-30 08:00,-4.3133370818,Q5_high,3.8365267862,3.6300000000,3.6300000000,3.8800000000,3.5100000000,3.9600000000,0.0000000000,6.6602505358,6.6602505358,-3.3616610799,8.7011376990
SOLUSDT_lower5_all_h72,SOL all 72H,phase2_lower5_best,SOLUSDT,lower,5pct,long,all,-3.7212992607,18,72,2021-01-31 12:00,2021-01-31 16:00,2021-02-03 12:00,-7.2925239905,Q4_higher,2.7752761611,4.2300000000,4.2300000000,5.6100000000,4.1100000000,5.6300000000,0.0000000000,28.2348726476,28.2348726476,-2.8778964550,28.5907449093
SOLUSDT_lower5_all_h72,SOL all 72H,phase2_lower5_best,SOLUSDT,lower,5pct,long,all,-3.7212992607,18,72,2021-02-01 12:00,2021-02-01 16:00,2021-02-04 12:00,-3.7300361413,Q5_high,2.9549902039,4.2100000000,4.2100000000,5.7100000000,4.2000000000,6.0800000000,0.0000000000,30.4756375974,30.4756375974,-0.2378122405,36.7542048284
SOLUSDT_lower5_all_h72,SOL all 72H,phase2_lower5_best,SOLUSDT,lower,5pct,long,all,-3.7212992607,18,72,2021-02-06 00:00,2021-02-06 04:00,2021-02-09 00:00,-8.5655444578,Q5_high,4.1056137295,6.1500000000,6.1400000000,8.3300000000,5.7000000000,8.4900000000,-0.1627339659,30.3411374360,30.5038714020,-7.4358567319,32.4064258164
SOLUSDT_lower5_all_h72,SOL all 72H,phase2_lower5_best,SOLUSDT,lower,5pct,long,all,-3.7212992607,18,72,2021-02-09 08:00,2021-02-09 12:00,2021-02-12 08:00,-3.7931222323,Q5_high,4.8445364939,7.7600000000,7.7500000000,9.7700000000,7.2600000000,9.8900000000,-0.1289490830,23.0334131860,23.1623622689,-6.5313014529,24.3831302269
SOLUSDT_lower5_all_h72,SOL all 72H,phase2_lower5_best,SOLUSDT,lower,5pct,long,all,-3.7212992607,18,72,2021-02-10 12:00,2021-02-10 16:00,2021-02-13 12:00,-5.8656862156,Q5_high,4.9446481179,7.7800000000,7.7800000000,9.0700000000,7.6400000000,9.9300000000,0.0000000000,15.3415925937,15.3415925937,-1.8158735012,24.4004139867
SOLUSDT_lower5_all_h72,SOL all 72H,phase2_lower5_best,SOLUSDT,lower,5pct,long,all,-3.7212992607,18,72,2021-02-15 00:00,2021-02-15 04:00,2021-02-18 00:00,-7.2521369794,Q4_higher,2.7065505145,8.1100000000,8.1200000000,8.4600000000,7.5200000000,9.3800000000,0.1232286046,4.2251305491,4.1019019445,-7.6764016212,14.4249608845
SOLUSDT_lower5_all_h72,SOL all 72H,phase2_lower5_best,SOLUSDT,lower,5pct,long,all,-3.7212992607,18,72,2021-02-15 20:00,2021-02-16 00:00,2021-02-18 20:00,-3.7698477348,Q5_high,2.9486768120,8.8500000000,8.8700000000,8.9800000000,7.5200000000,9.3200000000,0.2257337302,1.4582423294,1.2325085993,-16.5108658360,4.9487832376
SOLUSDT_lower5_all_h72,SOL all 72H,phase2_lower5_best,SOLUSDT,lower,5pct,long,all,-3.7212992607,18,72,2021-02-17 00:00,2021-02-17 04:00,2021-02-20 00:00,-7.3737327227,Q5_high,3.2338224085,7.7100000000,7.7100000000,11.1000000000,7.5200000000,11.8500000000,0.0000000000,36.4426920743,36.4426920743,-2.4952049613,42.9809680006
SOLUSDT_lower5_all_h72,SOL all 72H,phase2_lower5_best,SOLUSDT,lower,5pct,long,all,-3.7212992607,18,72,2021-02-20 12:00,2021-02-20 16:00,2021-02-23 12:00,-5.1342073686,Q5_high,4.2455946985,10.2500000000,10.2500000000,15.3900000000,9.1000000000,15.8900000000,0.0000000000,40.6440242266,40.6440242266,-11.9003292062,43.8412274964
SOLUSDT_lower5_all_h72,SOL all 72H,phase2_lower5_best,SOLUSDT,lower,5pct,long,all,-3.7212992607,18,72,2021-02-20 20:00,2021-02-21 00:00,2021-02-23 20:00,-4.5017385750,Q5_high,4.4364116736,9.9900000000,9.9800000000,15.2200000000,9.1000000000,15.8900000000,-0.1001502337,42.1025759773,42.2027262110,-9.2308676801,46.5106890225
SOLUSDT_lower5_all_h72,SOL all 72H,phase2_lower5_best,SOLUSDT,lower,5pct,long,all,-3.7212992607,18,72,2021-02-22 00:00,2021-02-22 04:00,2021-02-25 00:00,-5.2814496430,Q5_high,4.7189795892,10.5100000000,10.5100000000,16.3500000000,9.1000000000,18.2100000000,0.0000000000,44.1900712454,44.1900712454,-14.4052771366,54.9643708851
SOLUSDT_lower5_all_h72,SOL all 72H,phase2_lower5_best,SOLUSDT,lower,5pct,long,all,-3.7212992607,18,72,2021-02-22 08:00,2021-02-22 12:00,2021-02-25 08:00,-7.1945497441,Q5_high,4.9610338414,9.9200000000,9.9200000000,16.1600000000,9.1000000000,18.2100000000,0.0000000000,48.7986131796,48.7986131796,-8.6278507774,60.7417972443
SOLUSDT_lower5_all_h72,SOL all 72H,phase2_lower5_best,SOLUSDT,lower,5pct,long,all,-3.7212992607,18,72,2021-02-23 04:00,2021-02-23 08:00,2021-02-26 04:00,-6.4205005161,Q5_high,7.4063464714,13.1200000000,13.1100000000,13.3400000000,11.4700000000,18.2100000000,-0.0762485740,1.6629256972,1.7391742712,-13.3640366634,32.8595595964
SOLUSDT_lower5_all_h72,SOL all 72H,phase2_lower5_best,SOLUSDT,lower,5pct,long,all,-3.7212992607,18,72,2021-02-23 16:00,2021-02-23 20:00,2021-02-26 16:00,-7.6259532865,Q5_high,7.8986421824,14.2600000000,14.2800000000,14.7200000000,13.1000000000,18.2100000000,0.1401541925,3.1748698315,3.0347156389,-8.6247726704,24.3110936828
SOLUSDT_lower5_all_h72,SOL all 72H,phase2_lower5_best,SOLUSDT,lower,5pct,long,all,-3.7212992607,18,72,2021-02-25 00:00,2021-02-25 04:00,2021-02-28 00:00,-4.8935777566,Q5_high,7.8134204484,16.3500000000,16.3500000000,12.0700000000,12.0300000000,16.6800000000,0.0000000000,-30.3504862234,-30.3504862234,-30.6824367357,1.9982499587
SOLUSDT_lower5_all_h72,SOL all 72H,phase2_lower5_best,SOLUSDT,lower,5pct,long,all,-3.7212992607,18,72,2021-02-25 16:00,2021-02-25 20:00,2021-02-28 16:00,-5.2307841774,Q5_high,7.5303069757,15.2700000000,15.2700000000,13.2400000000,11.4200000000,15.5100000000,0.0000000000,-14.2647568722,-14.2647568722,-29.0523915003,1.5594857958
SOLUSDT_lower5_all_h72,SOL all 72H,phase2_lower5_best,SOLUSDT,lower,5pct,long,all,-3.7212992607,18,72,2021-02-25 20:00,2021-02-26 00:00,2021-02-28 20:00,-9.8327169041,Q5_high,7.9821776949,13.8400000000,13.8600000000,13.0900000000,11.4200000000,15.5100000000,0.1444043572,-5.5714370268,-5.7158413840,-19.3640789534,11.2477983427
SOLUSDT_lower5_all_h72,SOL all 72H,phase2_lower5_best,SOLUSDT,lower,5pct,long,all,-3.7212992607,18,72,2021-02-26 04:00,2021-02-26 08:00,2021-03-01 04:00,-9.2307174545,Q5_high,5.7533129937,13.3400000000,13.3600000000,14.5100000000,11.4200000000,15.5100000000,0.1498127621,8.4071026409,8.2572898788,-15.6898963881,14.9219809080
SOLUSDT_lower5_all_h72,SOL all 72H,phase2_lower5_best,SOLUSDT,lower,5pct,long,all,-3.7212992607,18,72,2021-02-26 20:00,2021-02-27 00:00,2021-03-01 20:00,-7.9137320559,Q5_high,5.3367576519,13.6000000000,13.5900000000,14.9900000000,11.4200000000,15.5500000000,-0.0735564579,9.7313519373,9.8049083951,-17.3968023935,13.4726410462
SOLUSDT_lower5_all_h72,SOL all 72H,phase2_lower5_best,SOLUSDT,lower,5pct,long,all,-3.7212992607,18,72,2021-02-27 12:00,2021-02-27 16:00,2021-03-02 12:00,-3.9536628089,Q5_high,4.8510470699,13.3900000000,13.3900000000,14.6400000000,11.4200000000,15.5500000000,0.0000000000,8.9249348830,8.9249348830,-15.9141955475,14.9552478922
SOLUSDT_lower5_all_h72,SOL all 72H,phase2_lower5_best,SOLUSDT,lower,5pct,long,all,-3.7212992607,18,72,2021-02-27 20:00,2021-02-28 00:00,2021-03-02 20:00,-4.6657851610,Q5_high,4.7680817624,13.1900000000,13.1900000000,13.9400000000,11.4200000000,15.5500000000,0.0000000000,5.5303438603,5.5303438603,-14.4092762501,16.4601671896
SOLUSDT_lower5_all_h72,SOL all 72H,phase2_lower5_best,SOLUSDT,lower,5pct,long,all,-3.7212992607,18,72,2021-02-28 00:00,2021-02-28 04:00,2021-03-03 00:00,-8.8735931620,Q5_high,4.8741565352,12.0700000000,12.0800000000,14.0400000000,11.4200000000,15.5500000000,0.0828157397,15.1187363488,15.0359206091,-5.6184988279,25.2509446119
SOLUSDT_lower5_all_h72,SOL all 72H,phase2_lower5_best,SOLUSDT,lower,5pct,long,all,-3.7212992607,18,72,2021-02-28 12:00,2021-02-28 16:00,2021-03-03 12:00,-7.1997611989,Q5_high,5.0689959543,11.5200000000,11.5100000000,14.1700000000,11.4300000000,15.5500000000,-0.0868432534,20.7042398435,20.7910830969,-0.6974744927,30.0844415891
SOLUSDT_lower5_all_h72,SOL all 72H,phase2_lower5_best,SOLUSDT,lower,5pct,long,all,-3.7212992607,18,72,2021-03-01 16:00,2021-03-01 20:00,2021-03-04 16:00,-4.3628862389,Q5_high,5.5453570065,14.8000000000,14.8000000000,12.9100000000,12.7400000000,15.2500000000,0.0000000000,-13.6624975912,-13.6624975912,-14.9880530626,2.9952322283
SOLUSDT_lower5_all_h72,SOL all 72H,phase2_lower5_best,SOLUSDT,lower,5pct,long,all,-3.7212992607,18,72,2021-03-02 00:00,2021-03-02 04:00,2021-03-05 00:00,-4.4330476943,Q5_high,5.5424346575,14.3400000000,14.3400000000,12.5600000000,12.3500000000,15.1000000000,0.0000000000,-13.2535674131,-13.2535674131,-14.9396772097,5.1641908649
SOLUSDT_lower5_all_h72,SOL all 72H,phase2_lower5_best,SOLUSDT,lower,5pct,long,all,-3.7212992607,18,72,2021-03-02 16:00,2021-03-02 20:00,2021-03-05 16:00,-6.8553857797,Q5_high,5.3548430846,13.6700000000,13.6700000000,12.5400000000,12.1300000000,14.7400000000,0.0000000000,-8.6280115531,-8.6280115531,-11.9521927780,7.5361236025
SOLUSDT_lower5_all_h72,SOL all 72H,phase2_lower5_best,SOLUSDT,lower,5pct,long,all,-3.7212992607,18,72,2021-03-04 16:00,2021-03-04 20:00,2021-03-07 16:00,-4.0976901189,Q4_higher,2.7587674296,12.9100000000,12.9200000000,13.7400000000,11.9000000000,14.0100000000,0.0774293496,6.2309081936,6.1534788440,-8.2238098237,8.0994861994
SOLUSDT_lower5_all_h72,SOL all 72H,phase2_lower5_best,SOLUSDT,lower,5pct,long,all,-3.7212992607,18,72,2021-03-05 00:00,2021-03-05 04:00,2021-03-08 00:00,-3.8270972729,Q4_higher,2.5221906808,12.5600000000,12.5600000000,13.4400000000,11.9000000000,14.0100000000,0.0000000000,6.7718174055,6.7718174055,-5.3978760923,10.9254199309
SOLUSDT_lower5_all_h72,SOL all 72H,phase2_lower5_best,SOLUSDT,lower,5pct,long,all,-3.7212992607,18,72,2021-03-10 00:00,2021-03-10 04:00,2021-03-13 00:00,-4.2676813364,Q4_higher,2.3200483805,14.2200000000,14.2300000000,14.1400000000,13.6700000000,16.5000000000,0.0702987727,-0.5641763907,-0.6344751633,-4.0148761366,14.8007968805
SOLUSDT_lower5_all_h72,SOL all 72H,phase2_lower5_best,SOLUSDT,lower,5pct,long,all,-3.7212992607,18,72,2021-03-12 16:00,2021-03-12 20:00,2021-03-15 16:00,-5.4317987003,Q5_high,3.1886529979,14.6900000000,14.6900000000,14.2700000000,13.6200000000,15.4100000000,0.0000000000,-2.9007558697,-2.9007558697,-7.5627689464,4.7849659146
SOLUSDT_lower5_all_h72,SOL all 72H,phase2_lower5_best,SOLUSDT,lower,5pct,long,all,-3.7212992607,18,72,2021-03-15 04:00,2021-03-15 08:00,2021-03-18 04:00,-5.7835691211,Q4_higher,2.5005700475,13.9400000000,13.9300000000,14.2200000000,13.0300000000,14.4800000000,-0.0717617541,1.9887019043,2.0604636583,-6.6790396655,3.8723599166
SOLUSDT_lower5_all_h72,SOL all 72H,phase2_lower5_best,SOLUSDT,lower,5pct,long,all,-3.7212992607,18,72,2021-03-16 00:00,2021-03-16 04:00,2021-03-19 00:00,-4.7731402821,Q4_higher,2.4723624155,13.5000000000,13.5000000000,14.1000000000,13.0300000000,14.7500000000,0.0000000000,4.3485111940,4.3485111940,-3.5435294308,8.8553397341
SOLUSDT_lower5_all_h72,SOL all 72H,phase2_lower5_best,SOLUSDT,lower,5pct,long,all,-3.7212992607,18,72,2021-03-22 20:00,2021-03-23 00:00,2021-03-25 20:00,-4.1686485605,Q4_higher,2.7172334603,14.8000000000,14.8000000000,12.9800000000,12.4700000000,15.3700000000,0.0000000000,-13.1217469494,-13.1217469494,-17.1301421078,3.7790376780
SOLUSDT_lower5_all_h72,SOL all 72H,phase2_lower5_best,SOLUSDT,lower,5pct,long,all,-3.7212992607,18,72,2021-03-23 04:00,2021-03-23 08:00,2021-03-26 04:00,-4.5385371035,Q5_high,2.9365745879,14.4300000000,14.4200000000,14.0100000000,12.3000000000,15.3700000000,-0.0693240929,-2.9538012437,-2.8844771508,-15.9016869478,6.3801425694
SOLUSDT_lower5_all_h72,SOL all 72H,phase2_lower5_best,SOLUSDT,lower,5pct,long,all,-3.7212992607,18,72,2021-03-24 20:00,2021-03-25 00:00,2021-03-27 20:00,-7.5052903716,Q5_high,3.3948684562,13.6000000000,13.5800000000,16.4600000000,12.3000000000,16.8000000000,-0.1471670611,19.0863402507,19.2335073118,-9.8998859752,21.2780764279
SOLUSDT_lower5_all_h72,SOL all 72H,phase2_lower5_best,SOLUSDT,lower,5pct,long,all,-3.7212992607,18,72,2021-03-30 12:00,2021-03-30 16:00,2021-04-02 12:00,-5.3172002492,Q5_high,2.8853293653,19.4100000000,19.4200000000,19.4900000000,18.0000000000,20.3600000000,0.0515065682,0.4113116339,0.3598050656,-7.5931704967,4.7268728819
SOLUSDT_lower5_all_h72,SOL all 72H,phase2_lower5_best,SOLUSDT,lower,5pct,long,all,-3.7212992607,18,72,2021-04-03 12:00,2021-04-03 16:00,2021-04-06 12:00,-6.8009665204,Q5_high,3.0466027076,21.0300000000,21.0200000000,22.7700000000,20.4400000000,25.5300000000,-0.0475624266,7.9493890361,7.9969514627,-2.7980600113,19.4379865805
SOLUSDT_lower5_all_h72,SOL all 72H,phase2_lower5_best,SOLUSDT,lower,5pct,long,all,-3.7212992607,18,72,2021-04-05 04:00,2021-04-05 08:00,2021-04-08 04:00,-4.8420318884,Q5_high,3.4750471840,23.1800000000,23.1800000000,27.0500000000,21.7600000000,27.5200000000,0.0000000000,15.4397167381,15.4397167381,-6.3216415924,17.1623175154
SOLUSDT_lower5_all_h72,SOL all 72H,phase2_lower5_best,SOLUSDT,lower,5pct,long,all,-3.7212992607,18,72,2021-04-07 08:00,2021-04-07 12:00,2021-04-10 08:00,-5.3935633666,Q5_high,3.0558181428,24.0000000000,23.9700000000,27.8600000000,23.1100000000,29.0000000000,-0.1250781902,14.9138138004,15.0388919905,-3.6537624160,19.0492781540
SOLUSDT_lower5_all_h72,SOL all 72H,phase2_lower5_best,SOLUSDT,lower,5pct,long,all,-3.7212992607,18,72,2021-04-13 04:00,2021-04-13 08:00,2021-04-16 04:00,-4.0941390377,Q4_higher,2.8015646717,26.8000000000,26.8000000000,26.9600000000,24.7000000000,28.2600000000,0.0000000000,0.5952398527,0.5952398527,-8.1598643883,5.3045489740
SOLUSDT_lower5_all_h72,SOL all 72H,phase2_lower5_best,SOLUSDT,lower,5pct,long,all,-3.7212992607,18,72,2021-04-18 00:00,2021-04-18 04:00,2021-04-21 00:00,-12.0906621248,Q5_high,3.4684781645,22.0200000000,22.0000000000,32.6100000000,21.9400000000,36.1000000000,-0.0908677936,39.2667858507,39.3576536443,-0.2730998511,49.5250411981
SOLUSDT_lower5_all_h72,SOL all 72H,phase2_lower5_best,SOLUSDT,lower,5pct,long,all,-3.7212992607,18,72,2021-04-18 08:00,2021-04-18 12:00,2021-04-21 08:00,-7.3882085548,Q5_high,6.1748500330,25.3000000000,25.3200000000,30.7300000000,25.2400000000,36.1000000000,0.0790201543,19.4434980409,19.3644778866,-0.3164559603,35.4698268063
SOLUSDT_lower5_all_h72,SOL all 72H,phase2_lower5_best,SOLUSDT,lower,5pct,long,all,-3.7212992607,18,72,2021-04-19 12:00,2021-04-19 16:00,2021-04-22 12:00,-10.4868268540,Q5_high,7.6115859694,30.4800000000,30.4900000000,38.8800000000,28.8100000000,38.9700000000,0.0328030182,24.3409248774,24.3081218592,-5.6676211904,24.5393358350
SOLUSDT_lower5_all_h72,SOL all 72H,phase2_lower5_best,SOLUSDT,lower,5pct,long,all,-3.7212992607,18,72,2021-04-19 20:00,2021-04-20 00:00,2021-04-22 20:00,-8.8731113368,Q5_high,8.2851731385,31.4700000000,31.5300000000,38.9000000000,28.8100000000,41.1600000000,0.1904762481,21.1959539548,21.0054777067,-9.0216924461,26.6527437409
SOLUSDT_lower5_all_h72,SOL all 72H,phase2_lower5_best,SOLUSDT,lower,5pct,long,all,-3.7212992607,18,72,2021-04-20 12:00,2021-04-20 16:00,2021-04-23 12:00,-5.0519105144,Q5_high,8.4885056445,29.7200000000,29.7100000000,34.9100000000,29.4200000000,41.7400000000,-0.0336530375,16.0953101267,16.1289631642,-0.9808974301,33.9976212175
SOLUSDT_lower5_all_h72,SOL all 72H,phase2_lower5_best,SOLUSDT,lower,5pct,long,all,-3.7212992607,18,72,2021-04-23 00:00,2021-04-23 04:00,2021-04-26 00:00,-6.3408054957,Q5_high,5.4881214635,36.5100000000,36.5600000000,47.1900000000,31.4900000000,48.6400000000,0.1368550918,25.6595810071,25.5227259152,-14.9284711473,28.5491491072
SOLUSDT_lower5_all_h72,SOL all 72H,phase2_lower5_best,SOLUSDT,lower,5pct,long,all,-3.7212992607,18,72,2021-04-23 04:00,2021-04-23 08:00,2021-04-26 04:00,-12.4998817919,Q5_high,5.8548085551,32.2200000000,32.1700000000,47.8600000000,31.4900000000,48.6400000000,-0.1553036498,39.5692704731,39.7245741229,-2.1364306138,41.3411896407
SOLUSDT_lower5_all_h72,SOL all 72H,phase2_lower5_best,SOLUSDT,lower,5pct,long,all,-3.7212992607,18,72,2021-04-24 00:00,2021-04-24 04:00,2021-04-27 00:00,-4.2059721943,Q5_high,5.9012154440,35.8500000000,35.8400000000,45.0700000000,35.0000000000,48.6400000000,-0.0278978939,22.8873269657,22.9152248596,-2.3716526617,30.5381649551
SOLUSDT_lower5_all_h72,SOL all 72H,phase2_lower5_best,SOLUSDT,lower,5pct,long,all,-3.7212992607,18,72,2021-04-25 16:00,2021-04-25 20:00,2021-04-28 16:00,-5.9301118752,Q5_high,6.0788788718,44.0300000000,44.0500000000,45.6000000000,40.5200000000,48.6400000000,0.0454132615,3.5036496753,3.4582364138,-8.3529673002,9.9120885276
SOLUSDT_lower5_all_h72,SOL all 72H,phase2_lower5_best,SOLUSDT,lower,5pct,long,all,-3.7212992607,18,72,2021-04-26 08:00,2021-04-26 12:00,2021-04-29 08:00,-5.2547737370,Q5_high,6.0488315480,45.4100000000,45.4500000000,44.0900000000,40.5200000000,47.5000000000,0.0880475514,-2.9499345740,-3.0379821254,-11.4817141243,4.4116890417
SOLUSDT_lower5_all_h72,SOL all 72H,phase2_lower5_best,SOLUSDT,lower,5pct,long,all,-3.7212992607,18,72,2021-04-29 16:00,2021-04-29 20:00,2021-05-02 16:00,-5.3113932352,Q4_higher,2.5826457716,41.9800000000,41.9800000000,47.9000000000,41.2100000000,49.9900000000,0.0000000000,13.1922190024,13.1922190024,-1.8512369042,17.4629671033
SOLUSDT_lower5_all_h72,SOL all 72H,phase2_lower5_best,SOLUSDT,lower,5pct,long,all,-3.7212992607,18,72,2021-05-02 00:00,2021-05-02 04:00,2021-05-05 00:00,-4.5303196556,Q4_higher,2.8751282553,47.4700000000,47.4200000000,43.8700000000,42.2600000000,49.0000000000,-0.1053851926,-7.8867217385,-7.7813365459,-11.5203068449,3.2776217473
SOLUSDT_lower5_all_h72,SOL all 72H,phase2_lower5_best,SOLUSDT,lower,5pct,long,all,-3.7212992607,18,72,2021-05-04 12:00,2021-05-04 16:00,2021-05-07 12:00,-7.6808089163,Q5_high,3.1954294889,43.5900000000,43.6000000000,44.9500000000,41.4200000000,46.0000000000,0.0229384105,3.0722994667,3.0493610563,-5.1293294388,5.3584246134
SOLUSDT_lower5_all_h72,SOL all 72H,phase2_lower5_best,SOLUSDT,lower,5pct,long,all,-3.7212992607,18,72,2021-05-04 20:00,2021-05-05 00:00,2021-05-07 20:00,-4.3819374059,Q5_high,2.8835526086,42.6400000000,42.6400000000,43.1800000000,41.4200000000,46.2400000000,0.0000000000,1.2584645229,1.2584645229,-2.9028923890,8.1052444507
SOLUSDT_lower5_all_h72,SOL all 72H,phase2_lower5_best,SOLUSDT,lower,5pct,long,all,-3.7212992607,18,72,2021-05-10 16:00,2021-05-10 20:00,2021-05-13 16:00,-4.1648452625,Q4_higher,2.2133070899,42.0900000000,42.0400000000,39.0600000000,37.4300000000,49.2400000000,-0.1188636774,-7.4711257334,-7.3522620560,-11.6149024092,15.8084755308
SOLUSDT_lower5_all_h72,SOL all 72H,phase2_lower5_best,SOLUSDT,lower,5pct,long,all,-3.7212992607,18,72,2021-05-11 00:00,2021-05-11 04:00,2021-05-14 00:00,-5.8875860077,Q4_higher,2.2288673734,40.4000000000,40.4000000000,40.8100000000,37.4300000000,49.2400000000,0.0000000000,1.0097364451,1.0097364451,-7.6357263051,19.7876516349
SOLUSDT_lower5_all_h72,SOL all 72H,phase2_lower5_best,SOLUSDT,lower,5pct,long,all,-3.7212992607,18,72,2021-05-12 16:00,2021-05-12 20:00,2021-05-15 16:00,-5.5907105068,Q4_higher,2.8779773807,44.8700000000,44.8500000000,42.2800000000,37.4300000000,49.2400000000,-0.0445831483,-5.9455258986,-5.9009427503,-18.0851066588,9.3382712811
SOLUSDT_lower5_all_h72,SOL all 72H,phase2_lower5_best,SOLUSDT,lower,5pct,long,all,-3.7212992607,18,72,2021-05-13 08:00,2021-05-13 12:00,2021-05-16 08:00,-6.2687964314,Q5_high,3.3783883359,41.5800000000,41.5500000000,47.1800000000,37.4300000000,48.0000000000,-0.0721761128,12.6350791550,12.7072552678,-10.4424999385,14.4303489606
SOLUSDT_lower5_all_h72,SOL all 72H,phase2_lower5_best,SOLUSDT,lower,5pct,long,all,-3.7212992607,18,72,2021-05-13 16:00,2021-05-13 20:00,2021-05-16 16:00,-5.8181955383,Q5_high,3.5080944498,39.0600000000,39.1100000000,43.6500000000,38.7000000000,52.6000000000,0.1279263319,11.1104356837,10.9825093518,-1.0538588732,29.6337930976
SOLUSDT_lower5_all_h72,SOL all 72H,phase2_lower5_best,SOLUSDT,lower,5pct,long,all,-3.7212992607,18,72,2021-05-16 16:00,2021-05-16 20:00,2021-05-19 16:00,-10.5154308832,Q5_high,4.2258061419,43.6500000000,43.6400000000,40.8600000000,26.5000000000,58.3800000000,-0.0229121321,-6.6051692896,-6.5822571575,-49.8829427973,29.0999204461
SOLUSDT_lower5_all_h72,SOL all 72H,phase2_lower5_best,SOLUSDT,lower,5pct,long,all,-3.7212992607,18,72,2021-05-17 00:00,2021-05-17 04:00,2021-05-20 00:00,-6.2079788917,Q5_high,4.5180958258,44.0300000000,44.0000000000,36.4500000000,26.5000000000,58.3800000000,-0.0681585849,-18.8929761313,-18.8248175464,-50.7044900926,28.2783731508
SOLUSDT_lower5_all_h72,SOL all 72H,phase2_lower5_best,SOLUSDT,lower,5pct,long,all,-3.7212992607,18,72,2021-05-17 20:00,2021-05-18 00:00,2021-05-20 20:00,-5.1122010184,Q5_high,5.4528246547,46.7100000000,46.7500000000,44.4200000000,26.5000000000,58.3800000000,0.0855981221,-5.0268456048,-5.1124437268,-56.7669522743,22.2159109691
SOLUSDT_lower5_all_h72,SOL all 72H,phase2_lower5_best,SOLUSDT,lower,5pct,long,all,-3.7212992607,18,72,2021-05-19 00:00,2021-05-19 04:00,2021-05-22 00:00,-7.4327855067,Q5_high,6.0075129027,51.9700000000,51.9700000000,37.6800000000,26.5000000000,53.0000000000,0.0000000000,-32.1537179312,-32.1537179312,-67.3521896028,1.9625284532
SOLUSDT_lower5_all_h72,SOL all 72H,phase2_lower5_best,SOLUSDT,lower,5pct,long,all,-3.7212992607,18,72,2021-05-19 08:00,2021-05-19 12:00,2021-05-22 08:00,-14.5569176801,Q5_high,6.6114775245,43.9700000000,43.9400000000,36.9500000000,26.5000000000,53.0000000000,-0.0682516236,-17.3941935799,-17.3259419562,-50.5680333964,18.7466846596
SOLUSDT_lower5_all_h72,SOL all 72H,phase2_lower5_best,SOLUSDT,lower,5pct,long,all,-3.7212992607,18,72,2021-05-19 16:00,2021-05-19 20:00,2021-05-22 16:00,-12.5422243875,Q5_high,7.2532586773,40.8600000000,40.8400000000,31.3500000000,31.1300000000,53.0000000000,-0.0489596093,-26.4937322311,-26.4447726218,-27.1490008843,26.0629920256
SOLUSDT_lower5_all_h72,SOL all 72H,phase2_lower5_best,SOLUSDT,lower,5pct,long,all,-3.7212992607,18,72,2021-05-19 20:00,2021-05-20 00:00,2021-05-22 20:00,-15.5089283010,Q5_high,7.9130775678,34.9900000000,34.9900000000,31.2200000000,31.1300000000,53.0000000000,0.0000000000,-11.4003391292,-11.4003391292,-11.6890321926,41.5229607173
SOLUSDT_lower5_all_h72,SOL all 72H,phase2_lower5_best,SOLUSDT,lower,5pct,long,all,-3.7212992607,18,72,2021-05-21 08:00,2021-05-21 12:00,2021-05-24 08:00,-4.0622969741,Q5_high,7.5569334173,42.2100000000,42.1800000000,30.2800000000,19.1200000000,42.6700000000,-0.0710984744,-33.2169731225,-33.1458746481,-79.1211267427,1.1549922149
SOLUSDT_lower5_all_h72,SOL all 72H,phase2_lower5_best,SOLUSDT,lower,5pct,long,all,-3.7212992607,18,72,2021-05-21 12:00,2021-05-21 16:00,2021-05-24 12:00,-13.3903750160,Q5_high,7.7520214787,36.9200000000,36.9100000000,30.2900000000,19.1200000000,40.2000000000,-0.0270892593,-19.7935784596,-19.7664892003,-65.7747609419,8.5384478583
SOLUSDT_lower5_all_h72,SOL all 72H,phase2_lower5_best,SOLUSDT,lower,5pct,long,all,-3.7212992607,18,72,2021-05-22 04:00,2021-05-22 08:00,2021-05-25 04:00,-6.9504831451,Q5_high,7.6967083736,35.1500000000,35.1600000000,29.5700000000,19.1200000000,38.3300000000,0.0284454560,-17.2864284392,-17.3148738953,-60.9174165194,8.6323806575
SOLUSDT_lower5_all_h72,SOL all 72H,phase2_lower5_best,SOLUSDT,lower,5pct,long,all,-3.7212992607,18,72,2021-05-22 12:00,2021-05-22 16:00,2021-05-25 12:00,-4.3701644177,Q5_high,7.7866341447,35.3700000000,35.3600000000,29.5000000000,19.1200000000,35.5000000000,-0.0282765448,-18.1473739872,-18.1190974424,-61.4846330146,0.3951458712
SOLUSDT_lower5_all_h72,SOL all 72H,phase2_lower5_best,SOLUSDT,lower,5pct,long,all,-3.7212992607,18,72,2021-05-22 16:00,2021-05-22 20:00,2021-05-25 16:00,-12.0649736138,Q5_high,7.5894735279,31.3500000000,31.3500000000,28.3800000000,19.1200000000,33.7400000000,0.0000000000,-9.9529595347,-9.9529595347,-49.4479359456,7.3469810039
SOLUSDT_lower5_all_h72,SOL all 72H,phase2_lower5_best,SOLUSDT,lower,5pct,long,all,-3.7212992607,18,72,2021-05-23 04:00,2021-05-23 08:00,2021-05-26 04:00,-12.6331869726,Q5_high,6.7256302141,26.6600000000,26.6800000000,35.0300000000,19.1200000000,35.6500000000,0.0749906297,27.3040522459,27.2290616162,-33.3179313424,28.9834925813
SOLUSDT_lower5_all_h72,SOL all 72H,phase2_lower5_best,SOLUSDT,lower,5pct,long,all,-3.7212992607,18,72,2021-05-23 08:00,2021-05-23 12:00,2021-05-26 08:00,-3.7841319868,Q5_high,6.6195648741,25.6700000000,25.6300000000,36.1800000000,19.1200000000,36.3500000000,-0.1559454507,34.3183485084,34.4742939591,-29.3028632753,34.9430663604
SOLUSDT_lower5_all_h72,SOL all 72H,phase2_lower5_best,SOLUSDT,lower,5pct,long,all,-3.7212992607,18,72,2021-05-23 12:00,2021-05-23 16:00,2021-05-26 12:00,-11.4186084323,Q5_high,5.9174132002,22.9000000000,22.9000000000,34.3000000000,19.1200000000,37.2500000000,0.0000000000,40.4008443612,40.4008443612,-18.0402002937,48.6515034265
SOLUSDT_lower5_all_h72,SOL all 72H,phase2_lower5_best,SOLUSDT,lower,5pct,long,all,-3.7212992607,18,72,2021-05-25 00:00,2021-05-25 04:00,2021-05-28 00:00,-7.3618447961,Q5_high,6.5318724098,29.1900000000,29.1700000000,33.8200000000,25.9200000000,37.2500000000,-0.0685400986,14.7226158604,14.7911559591,-11.8125912396,24.4511160946
SOLUSDT_lower5_all_h72,SOL all 72H,phase2_lower5_best,SOLUSDT,lower,5pct,long,all,-3.7212992607,18,72,2021-05-25 08:00,2021-05-25 12:00,2021-05-28 08:00,-11.6811238812,Q5_high,6.9045637398,26.3100000000,26.2800000000,28.4800000000,26.1100000000,37.2500000000,-0.1140901436,7.9252991492,8.0393892927,-0.6489810905,34.8843751209
SOLUSDT_lower5_all_h72,SOL all 72H,phase2_lower5_best,SOLUSDT,lower,5pct,long,all,-3.7212992607,18,72,2021-05-25 16:00,2021-05-25 20:00,2021-05-28 16:00,-3.8705591614,Q5_high,7.2843539813,28.3800000000,28.4100000000,30.8200000000,28.2100000000,37.2500000000,0.1056524134,8.2479158160,8.1422634026,-0.7064670852,27.0910748959
SOLUSDT_lower5_all_h72,SOL all 72H,phase2_lower5_best,SOLUSDT,lower,5pct,long,all,-3.7212992607,18,72,2021-05-26 12:00,2021-05-26 16:00,2021-05-29 12:00,-5.3361125795,Q5_high,6.7563429905,34.3000000000,34.2900000000,26.9800000000,26.3800000000,35.7700000000,-0.0291587697,-24.0049503392,-23.9757915695,-26.2247619186,4.2255786796
SOLUSDT_lower5_all_h72,SOL all 72H,phase2_lower5_best,SOLUSDT,lower,5pct,long,all,-3.7212992607,18,72,2021-05-27 00:00,2021-05-27 04:00,2021-05-30 00:00,-10.6521536859,Q5_high,6.6865480877,31.8500000000,31.8500000000,26.7600000000,25.5900000000,35.4500000000,0.0000000000,-17.4129146758,-17.4129146758,-21.8835731846,10.7085870960
SOLUSDT_lower5_all_h72,SOL all 72H,phase2_lower5_best,SOLUSDT,lower,5pct,long,all,-3.7212992607,18,72,2021-05-28 04:00,2021-05-28 08:00,2021-05-31 04:00,-8.5453535091,Q5_high,6.5259658674,31.0500000000,31.0300000000,30.6000000000,25.5900000000,31.8400000000,-0.0644329919,-1.4598799421,-1.3954469502,-19.2752828289,2.5768882516
SOLUSDT_lower5_all_h72,SOL all 72H,phase2_lower5_best,SOLUSDT,lower,5pct,long,all,-3.7212992607,18,72,2021-05-28 08:00,2021-05-28 12:00,2021-05-31 08:00,-8.6396721836,Q5_high,6.6069761571,28.4800000000,28.5100000000,31.5500000000,25.5900000000,32.4100000000,0.1052816381,10.2371502443,10.1318686063,-10.8053252753,12.8212114229
SOLUSDT_lower5_all_h72,SOL all 72H,phase2_lower5_best,SOLUSDT,lower,5pct,long,all,-3.7212992607,18,72,2021-05-28 20:00,2021-05-29 00:00,2021-05-31 20:00,-6.1212886958,Q5_high,5.9796151276,28.9900000000,28.9900000000,32.7500000000,25.5900000000,33.0100000000,0.0000000000,12.1952019148,12.1952019148,-12.4749292762,12.9859602932
SOLUSDT_lower5_all_h72,SOL all 72H,phase2_lower5_best,SOLUSDT,lower,5pct,long,all,-3.7212992607,18,72,2021-05-29 12:00,2021-05-29 16:00,2021-06-01 12:00,-6.2846022212,Q5_high,5.2515005456,26.9800000000,26.9800000000,31.1900000000,25.5900000000,33.2800000000,0.0000000000,14.5001679840,14.5001679840,-5.2894200608,20.9860765173
SOLUSDT_lower5_all_h72,SOL all 72H,phase2_lower5_best,SOLUSDT,lower,5pct,long,all,-3.7212992607,18,72,2021-05-30 12:00,2021-05-30 16:00,2021-06-02 12:00,-5.6298731869,Q5_high,5.2072914325,27.8000000000,27.8000000000,33.6500000000,27.4900000000,34.2400000000,0.0000000000,19.0977035394,19.0977035394,-1.1213718519,20.8358530577
SOLUSDT_lower5_all_h72,SOL all 72H,phase2_lower5_best,SOLUSDT,lower,5pct,long,all,-3.7212992607,18,72,2021-06-04 04:00,2021-06-04 08:00,2021-06-07 04:00,-5.6129077671,Q4_higher,2.7508279951,36.7200000000,36.7100000000,43.7500000000,34.1900000000,44.0000000000,-0.0272368244,17.5170047051,17.5442415295,-7.1115993858,18.1140436410
SOLUSDT_lower5_all_h72,SOL all 72H,phase2_lower5_best,SOLUSDT,lower,5pct,long,all,-3.7212992607,18,72,2021-06-07 20:00,2021-06-08 00:00,2021-06-10 20:00,-11.2656014405,Q5_high,4.1102432301,38.2400000000,38.2000000000,41.1100000000,33.6000000000,44.0000000000,-0.1046572571,7.2369312727,7.3415885297,-12.8309448643,14.1354118306
SOLUSDT_lower5_all_h72,SOL all 72H,phase2_lower5_best,SOLUSDT,lower,5pct,long,all,-3.7212992607,18,72,2021-06-11 12:00,2021-06-11 16:00,2021-06-14 12:00,-3.9169836808,Q5_high,3.5921697004,37.8000000000,37.8100000000,39.8600000000,34.1000000000,40.0100000000,0.0264515277,5.3064212159,5.2799696882,-10.3276233613,5.6555804966
SOLUSDT_lower5_all_h72,SOL all 72H,phase2_lower5_best,SOLUSDT,lower,5pct,long,all,-3.7212992607,18,72,2021-06-18 12:00,2021-06-18 16:00,2021-06-21 12:00,-7.2418782563,Q4_higher,2.2354389409,35.5500000000,35.5400000000,29.6400000000,28.3500000000,37.3200000000,-0.0281333523,-18.1815355821,-18.1534022299,-22.6031792553,4.8870553253
SOLUSDT_lower5_all_h72,SOL all 72H,phase2_lower5_best,SOLUSDT,lower,5pct,long,all,-3.7212992607,18,72,2021-06-20 08:00,2021-06-20 12:00,2021-06-23 08:00,-8.3517026055,Q4_higher,2.8036341980,32.4900000000,32.4900000000,30.9900000000,20.1900000000,35.9500000000,0.0000000000,-4.7267777881,-4.7267777881,-47.5744917356,10.1196734486
SOLUSDT_lower5_all_h72,SOL all 72H,phase2_lower5_best,SOLUSDT,lower,5pct,long,all,-3.7212992607,18,72,2021-06-21 00:00,2021-06-21 04:00,2021-06-24 00:00,-7.3235714259,Q5_high,3.4595196358,32.7700000000,32.7700000000,28.9800000000,20.1900000000,33.3900000000,0.0000000000,-12.2907525818,-12.2907525818,-48.4326030386,1.8742991245
SOLUSDT_lower5_all_h72,SOL all 72H,phase2_lower5_best,SOLUSDT,lower,5pct,long,all,-3.7212992607,18,72,2021-06-21 04:00,2021-06-21 08:00,2021-06-24 04:00,-5.3270739306,Q5_high,3.5895062265,31.0700000000,31.0600000000,29.4300000000,20.1900000000,32.9000000000,-0.0321905684,-5.4228161160,-5.3906255475,-43.0733385396,5.7551840051
SOLUSDT_lower5_all_h72,SOL all 72H,phase2_lower5_best,SOLUSDT,lower,5pct,long,all,-3.7212992607,18,72,2021-06-21 20:00,2021-06-22 00:00,2021-06-24 20:00,-7.2171967247,Q5_high,3.6279563345,26.5900000000,26.6000000000,31.1400000000,20.1900000000,33.0000000000,0.0376010533,15.7957961151,15.7581950618,-27.5723783463,21.5596345679
SOLUSDT_lower5_all_h72,SOL all 72H,phase2_lower5_best,SOLUSDT,lower,5pct,long,all,-3.7212992607,18,72,2021-06-22 04:00,2021-06-22 08:00,2021-06-25 04:00,-5.2914620837,Q5_high,3.8063937258,26.5000000000,26.5000000000,31.2700000000,20.1900000000,33.0000000000,0.0000000000,16.5514438478,16.5514438478,-27.1957300667,21.9362828474
SOLUSDT_lower5_all_h72,SOL all 72H,phase2_lower5_best,SOLUSDT,lower,5pct,long,all,-3.7212992607,18,72,2021-06-22 08:00,2021-06-22 12:00,2021-06-25 08:00,-18.4285748707,Q5_high,5.3462172191,22.0400000000,22.0600000000,29.5700000000,20.1900000000,33.0000000000,0.0907029541,29.3901349580,29.2994320039,-8.8578581501,40.2741547641
SOLUSDT_lower5_all_h72,SOL all 72H,phase2_lower5_best,SOLUSDT,lower,5pct,long,all,-3.7212992607,18,72,2021-06-23 12:00,2021-06-23 16:00,2021-06-26 12:00,-6.4301913658,Q5_high,7.3773783048,29.0600000000,29.0600000000,28.4300000000,26.6600000000,33.0000000000,0.0000000000,-2.1917732479,-2.1917732479,-8.6198343392,12.7144903324
SOLUSDT_lower5_all_h72,SOL all 72H,phase2_lower5_best,SOLUSDT,lower,5pct,long,all,-3.7212992607,18,72,2021-06-24 00:00,2021-06-24 04:00,2021-06-27 00:00,-6.2206611803,Q5_high,7.4182637263,28.9800000000,28.9800000000,30.6500000000,26.6600000000,33.0000000000,0.0000000000,5.6026725490,5.6026725490,-8.3441622142,12.9901624574
SOLUSDT_lower5_all_h72,SOL all 72H,phase2_lower5_best,SOLUSDT,lower,5pct,long,all,-3.7212992607,18,72,2021-06-25 04:00,2021-06-25 08:00,2021-06-28 04:00,-4.4104098522,Q5_high,7.1954857692,31.2700000000,31.2600000000,32.5500000000,26.6600000000,32.7500000000,-0.0319846476,4.0118197185,4.0438043661,-15.9175010243,4.6563637088
SOLUSDT_lower5_all_h72,SOL all 72H,phase2_lower5_best,SOLUSDT,lower,5pct,long,all,-3.7212992607,18,72,2021-06-25 08:00,2021-06-25 12:00,2021-06-28 08:00,-5.5898837605,Q5_high,7.2619421457,29.5700000000,29.5900000000,31.5800000000,26.6600000000,32.9600000000,0.0676132548,6.5763674963,6.5087542415,-10.4272151662,10.7858238629
SOLUSDT_lower5_all_h72,SOL all 72H,phase2_lower5_best,SOLUSDT,lower,5pct,long,all,-3.7212992607,18,72,2021-06-26 04:00,2021-06-26 08:00,2021-06-29 04:00,-6.6915773789,Q5_high,4.8778457439,27.3100000000,27.2900000000,33.4800000000,26.6600000000,34.3400000000,-0.0732600765,20.3695310136,20.4427910901,-2.3356019970,22.9790520749
SOLUSDT_lower5_all_h72,SOL all 72H,phase2_lower5_best,SOLUSDT,lower,5pct,long,all,-3.7212992607,18,72,2021-06-30 00:00,2021-06-30 04:00,2021-07-03 00:00,-5.2269864534,Q5_high,3.2617351611,32.2400000000,32.2400000000,33.5200000000,31.3700000000,36.0000000000,0.0000000000,3.8934357975,3.8934357975,-2.7355895436,11.0311020818
SOLUSDT_lower5_all_h72,SOL all 72H,phase2_lower5_best,SOLUSDT,lower,5pct,long,all,-3.7212992607,18,72,2021-07-01 00:00,2021-07-01 04:00,2021-07-04 00:00,-4.9649446229,Q5_high,3.8742408339,33.7900000000,33.7800000000,33.8200000000,31.3700000000,35.4100000000,-0.0295989347,0.0887442744,0.1183432091,-7.4016889177,4.7125354744
SOLUSDT_lower5_all_h72,SOL all 72H,phase2_lower5_best,SOLUSDT,lower,5pct,long,all,-3.7212992607,18,72,2021-07-01 04:00,2021-07-01 08:00,2021-07-04 04:00,-4.2315167543,Q5_high,3.7648758931,32.3900000000,32.3900000000,35.3400000000,31.3700000000,35.4500000000,0.0000000000,8.7165733708,8.7165733708,-3.1997710981,9.0273519795
SOLUSDT_lower5_all_h72,SOL all 72H,phase2_lower5_best,SOLUSDT,lower,5pct,long,all,-3.7212992607,18,72,2021-07-08 04:00,2021-07-08 08:00,2021-07-11 04:00,-6.8680749445,Q4_higher,2.6119820818,34.1800000000,34.1700000000,31.6300000000,31.0300000000,35.3100000000,-0.0292611560,-7.7534640370,-7.7242028810,-9.6393587667,3.2818143813
SOLUSDT_lower5_all_h72,SOL all 72H,phase2_lower5_best,SOLUSDT,lower,5pct,long,all,-3.7212992607,18,72,2021-07-13 16:00,2021-07-13 20:00,2021-07-16 16:00,-4.1496930324,Q2_lower,1.4504038143,29.0300000000,29.0300000000,27.1500000000,27.0000000000,31.5000000000,0.0000000000,-6.6952731657,-6.6952731657,-7.2492912032,8.1657767795
SOLUSDT_lower5_all_h72,SOL all 72H,phase2_lower5_best,SOLUSDT,lower,5pct,long,all,-3.7212992607,18,72,2021-07-15 08:00,2021-07-15 12:00,2021-07-18 08:00,-4.1343478291,Q4_higher,2.4285235709,29.1400000000,29.1400000000,27.3900000000,25.9800000000,29.5700000000,0.0000000000,-6.1933817492,-6.1933817492,-11.4784789525,1.4648533097
SOLUSDT_lower5_all_h72,SOL all 72H,phase2_lower5_best,SOLUSDT,lower,5pct,long,all,-3.7212992607,18,72,2021-07-16 08:00,2021-07-16 12:00,2021-07-19 08:00,-4.2544267462,Q4_higher,2.5827927366,27.1500000000,27.1300000000,24.8000000000,24.7900000000,28.3800000000,-0.0736919709,-9.0533393209,-8.9796473500,-9.0199780624,4.5044545061
SOLUSDT_lower5_all_h72,SOL all 72H,phase2_lower5_best,SOLUSDT,lower,5pct,long,all,-3.7212992607,18,72,2021-07-16 16:00,2021-07-16 20:00,2021-07-19 16:00,-4.2544267462,Q5_high,2.9293804613,27.1500000000,27.1300000000,24.3800000000,23.9800000000,27.8400000000,-0.0736919709,-10.7613922327,-10.6877002618,-12.3419977071,2.5833708795
SOLUSDT_lower5_all_h72,SOL all 72H,phase2_lower5_best,SOLUSDT,lower,5pct,long,all,-3.7212992607,18,72,2021-07-20 00:00,2021-07-20 04:00,2021-07-23 00:00,-6.9692539173,Q4_higher,2.3745794410,22.8600000000,22.8600000000,28.2800000000,22.1000000000,28.7100000000,0.0000000000,21.2766182662,21.2766182662,-3.3811049843,22.7856835766
SOLUSDT_lower5_all_h72,SOL all 72H,phase2_lower5_best,SOLUSDT,lower,5pct,long,all,-3.7212992607,18,72,2021-07-21 16:00,2021-07-21 20:00,2021-07-24 16:00,-5.4129066102,Q5_high,3.1976244098,25.5300000000,25.5400000000,28.4300000000,25.2700000000,29.5500000000,0.0391619351,10.7590694410,10.7199075059,-1.0627929204,14.5837893248
SOLUSDT_lower5_all_h72,SOL all 72H,phase2_lower5_best,SOLUSDT,lower,5pct,long,all,-3.7212992607,18,72,2021-07-26 20:00,2021-07-27 00:00,2021-07-29 20:00,-5.2197782305,Q4_higher,2.8287271718,28.1800000000,28.1800000000,31.2400000000,26.8900000000,31.8900000000,0.0000000000,10.3086818501,10.3086818501,-4.6858036190,12.3679974551
SOLUSDT_lower5_all_h72,SOL all 72H,phase2_lower5_best,SOLUSDT,lower,5pct,long,all,-3.7212992607,18,72,2021-08-01 20:00,2021-08-02 00:00,2021-08-04 20:00,-3.9029343906,Q5_high,3.2296961382,34.1700000000,34.1800000000,35.7600000000,32.3300000000,36.6600000000,0.0292611560,4.5481884178,4.5189272618,-5.5645085950,7.0045564724
SOLUSDT_lower5_all_h72,SOL all 72H,phase2_lower5_best,SOLUSDT,lower,5pct,long,all,-3.7212992607,18,72,2021-08-06 00:00,2021-08-06 04:00,2021-08-09 00:00,-3.9038668145,Q3_mid,1.9162476044,35.9200000000,35.9200000000,37.2900000000,35.6100000000,40.5000000000,0.0000000000,3.7430950757,3.7430950757,-0.8667746144,12.0007730678
SOLUSDT_lower5_all_h72,SOL all 72H,phase2_lower5_best,SOLUSDT,lower,5pct,long,all,-3.7212992607,18,72,2021-08-07 12:00,2021-08-07 16:00,2021-08-10 12:00,-3.9230705709,Q4_higher,2.6120786825,38.4900000000,38.4900000000,40.1300000000,36.3500000000,41.6800000000,0.0000000000,4.1725716983,4.1725716983,-5.7204263316,7.9622930149
SOLUSDT_lower5_all_h72,SOL all 72H,phase2_lower5_best,SOLUSDT,lower,5pct,long,all,-3.7212992607,18,72,2021-08-11 20:00,2021-08-12 00:00,2021-08-14 20:00,-4.1878620141,Q3_mid,1.9223260277,41.6200000000,41.6200000000,44.1400000000,39.3200000000,44.9100000000,0.0000000000,5.8785579863,5.8785579863,-5.6847525687,7.6079666134
SOLUSDT_lower5_all_h72,SOL all 72H,phase2_lower5_best,SOLUSDT,lower,5pct,long,all,-3.7212992607,18,72,2021-08-16 16:00,2021-08-16 20:00,2021-08-19 16:00,-6.4180803373,Q5_high,4.0414275567,62.9100000000,62.9100000000,72.3300000000,58.8200000000,80.5000000000,0.0000000000,13.9533847279,13.9533847279,-6.7223200456,24.6552050843
SOLUSDT_lower5_all_h72,SOL all 72H,phase2_lower5_best,SOLUSDT,lower,5pct,long,all,-3.7212992607,18,72,2021-08-17 08:00,2021-08-17 12:00,2021-08-20 08:00,-5.4104734165,Q5_high,5.2067126195,70.1500000000,70.1400000000,71.4900000000,58.8200000000,80.5000000000,-0.0142561836,1.8921773230,1.9064335067,-17.6011311586,13.7763939712
SOLUSDT_lower5_all_h72,SOL all 72H,phase2_lower5_best,SOLUSDT,lower,5pct,long,all,-3.7212992607,18,72,2021-08-17 16:00,2021-08-17 20:00,2021-08-20 16:00,-6.9811285855,Q5_high,5.5671701896,65.1400000000,65.1900000000,78.2200000000,58.8200000000,80.5000000000,0.0767283088,18.2986569479,18.2219286391,-10.2824149811,21.0951101488
SOLUSDT_lower5_all_h72,SOL all 72H,phase2_lower5_best,SOLUSDT,lower,5pct,long,all,-3.7212992607,18,72,2021-08-18 16:00,2021-08-18 20:00,2021-08-21 16:00,-5.3112176515,Q5_high,5.9729722017,73.3300000000,73.3400000000,73.2500000000,68.2400000000,82.0000000000,0.0136360537,-0.1091554209,-0.1227914746,-7.2075259460,11.1613084621
SOLUSDT_lower5_all_h72,SOL all 72H,phase2_lower5_best,SOLUSDT,lower,5pct,long,all,-3.7212992607,18,72,2021-08-19 00:00,2021-08-19 04:00,2021-08-22 00:00,-4.2021217751,Q5_high,5.9536328637,69.6700000000,69.6300000000,74.3100000000,68.2400000000,82.0000000000,-0.0574300088,6.4475723127,6.5050023215,-2.0164605771,16.3523738310
SOLUSDT_lower5_all_h72,SOL all 72H,phase2_lower5_best,SOLUSDT,lower,5pct,long,all,-3.7212992607,18,72,2021-08-21 08:00,2021-08-21 12:00,2021-08-24 08:00,-3.8257444048,Q5_high,3.8125411501,75.9000000000,75.9000000000,77.7700000000,71.2400000000,79.4500000000,0.0000000000,2.4339068305,2.4339068305,-6.3362225980,4.5711208581
SOLUSDT_lower5_all_h72,SOL all 72H,phase2_lower5_best,SOLUSDT,lower,5pct,long,all,-3.7212992607,18,72,2021-08-24 12:00,2021-08-24 16:00,2021-08-27 12:00,-7.7089633691,Q4_higher,2.8290169629,72.0000000000,71.9900000000,82.4900000000,66.0300000000,84.1700000000,-0.0138898535,13.6010954857,13.6149853391,-8.6418036275,15.6311342742
SOLUSDT_lower5_all_h72,SOL all 72H,phase2_lower5_best,SOLUSDT,lower,5pct,long,all,-3.7212992607,18,72,2021-08-25 08:00,2021-08-25 12:00,2021-08-28 08:00,-4.9711308000,Q4_higher,2.8589879262,67.6900000000,67.6900000000,92.4300000000,66.2000000000,92.9400000000,0.0000000000,31.1513142756,31.1513142756,-2.2257995578,31.7015665136
SOLUSDT_lower5_all_h72,SOL all 72H,phase2_lower5_best,SOLUSDT,lower,5pct,long,all,-3.7212992607,18,72,2021-08-26 04:00,2021-08-26 08:00,2021-08-29 04:00,-4.4663829161,Q5_high,3.1902921611,67.6500000000,67.6600000000,94.0800000000,66.4000000000,97.8200000000,0.0147808736,32.9798129534,32.9650320798,-1.8798106870,36.8633891759
SOLUSDT_lower5_all_h72,SOL all 72H,phase2_lower5_best,SOLUSDT,lower,5pct,long,all,-3.7212992607,18,72,2021-08-31 12:00,2021-08-31 16:00,2021-09-03 12:00,-6.8409110332,Q5_high,3.0322493201,116.5200000000,116.5200000000,140.0200000000,103.0600000000,146.3800000000,0.0000000000,18.3722337458,18.3722337458,-12.2751589191,22.8143048082
SOLUSDT_lower5_all_h72,SOL all 72H,phase2_lower5_best,SOLUSDT,lower,5pct,long,all,-3.7212992607,18,72,2021-08-31 20:00,2021-09-01 00:00,2021-09-03 20:00,-5.7604729054,Q5_high,3.2512947436,108.2700000000,108.2700000000,146.4000000000,105.8900000000,148.9900000000,0.0000000000,30.1714494204,30.1714494204,-2.2227287880,31.9251082276
SOLUSDT_lower5_all_h72,SOL all 72H,phase2_lower5_best,SOLUSDT,lower,5pct,long,all,-3.7212992607,18,72,2021-09-01 20:00,2021-09-02 00:00,2021-09-04 20:00,-3.7844030324,Q5_high,3.4754947828,110.7100000000,110.7100000000,138.8800000000,109.1800000000,150.6000000000,0.0000000000,22.6696081041,22.6696081041,-1.3916273518,30.7713145494
SOLUSDT_lower5_all_h72,SOL all 72H,phase2_lower5_best,SOLUSDT,lower,5pct,long,all,-3.7212992607,18,72,2021-09-03 08:00,2021-09-03 12:00,2021-09-06 08:00,-3.7317763007,Q5_high,3.9740796943,139.3900000000,139.3700000000,142.4100000000,134.7400000000,150.6000000000,-0.0143492610,2.1434461490,2.1577954100,-3.3785271599,7.7495048234
SOLUSDT_lower5_all_h72,SOL all 72H,phase2_lower5_best,SOLUSDT,lower,5pct,long,all,-3.7212992607,18,72,2021-09-07 12:00,2021-09-07 16:00,2021-09-10 12:00,-8.0220406475,Q5_high,3.9730930870,168.8100000000,169.0600000000,179.5700000000,146.5000000000,216.0000000000,0.1479859387,6.1791281941,6.0311422553,-14.3228253044,24.5024726183
SOLUSDT_lower5_all_h72,SOL all 72H,phase2_lower5_best,SOLUSDT,lower,5pct,long,all,-3.7212992607,18,72,2021-09-08 04:00,2021-09-08 08:00,2021-09-11 04:00,-12.6628316434,Q5_high,4.9223546468,152.4500000000,152.4800000000,178.6900000000,146.5000000000,216.0000000000,0.0196766472,15.8815787456,15.8619020985,-4.0008011449,34.8244967778
SOLUSDT_lower5_all_h72,SOL all 72H,phase2_lower5_best,SOLUSDT,lower,5pct,long,all,-3.7212992607,18,72,2021-09-09 16:00,2021-09-09 20:00,2021-09-12 16:00,-8.4138038627,Q5_high,6.7404501337,185.0100000000,185.0100000000,177.6700000000,167.8200000000,198.8700000000,0.0000000000,-4.0481980624,-4.0481980624,-9.7517901230,7.2241467250
SOLUSDT_lower5_all_h72,SOL all 72H,phase2_lower5_best,SOLUSDT,lower,5pct,long,all,-3.7212992607,18,72,2021-09-10 04:00,2021-09-10 08:00,2021-09-13 04:00,-6.1323315738,Q5_high,6.7081966415,182.6300000000,182.6400000000,152.9100000000,151.1000000000,193.5100000000,0.0054754018,-17.7612735184,-17.7667489201,-18.9575132943,5.7812188500
SOLUSDT_lower5_all_h72,SOL all 72H,phase2_lower5_best,SOLUSDT,lower,5pct,long,all,-3.7212992607,18,72,2021-09-13 00:00,2021-09-13 04:00,2021-09-16 00:00,-11.7618094300,Q5_high,3.4431140005,154.9500000000,154.9500000000,155.1600000000,142.6000000000,175.0000000000,0.0000000000,0.1354358338,0.1354358338,-8.3058976254,12.1683489690
SOLUSDT_lower5_all_h72,SOL all 72H,phase2_lower5_best,SOLUSDT,lower,5pct,long,all,-3.7212992607,18,72,2021-09-20 00:00,2021-09-20 04:00,2021-09-23 00:00,-5.1307075990,Q5_high,3.3428296029,145.1200000000,145.1000000000,148.5800000000,116.0000000000,151.6800000000,-0.0137826477,2.3562547357,2.3700373834,-22.3832968784,4.4349878617
SOLUSDT_lower5_all_h72,SOL all 72H,phase2_lower5_best,SOLUSDT,lower,5pct,long,all,-3.7212992607,18,72,2021-09-20 04:00,2021-09-20 08:00,2021-09-23 04:00,-4.1792926950,Q5_high,3.4556601255,139.1800000000,139.1800000000,151.5000000000,116.0000000000,151.9700000000,0.0000000000,8.4817565533,8.4817565533,-18.2177868310,8.7915073529
SOLUSDT_lower5_all_h72,SOL all 72H,phase2_lower5_best,SOLUSDT,lower,5pct,long,all,-3.7212992607,18,72,2021-09-20 16:00,2021-09-20 20:00,2021-09-23 16:00,-3.7329373094,Q5_high,3.5494740272,138.8200000000,138.8800000000,149.6100000000,116.0000000000,152.5000000000,0.0432121001,7.4853778315,7.4421657314,-18.0020059806,9.3554345135
SOLUSDT_lower5_all_h72,SOL all 72H,phase2_lower5_best,SOLUSDT,lower,5pct,long,all,-3.7212992607,18,72,2021-09-20 20:00,2021-09-21 00:00,2021-09-23 20:00,-4.4559822004,Q5_high,3.5452967107,132.7700000000,132.7700000000,149.9100000000,116.0000000000,152.5000000000,0.0000000000,12.1416806116,12.1416806116,-13.5028116801,13.8546288140
SOLUSDT_lower5_all_h72,SOL all 72H,phase2_lower5_best,SOLUSDT,lower,5pct,long,all,-3.7212992607,18,72,2021-09-21 16:00,2021-09-21 20:00,2021-09-24 16:00,-8.5424189585,Q5_high,3.5998909252,127.1600000000,127.1800000000,138.1400000000,116.0000000000,152.5000000000,0.0157269797,8.2821527618,8.2664257822,-9.2013214733,18.1561190208
SOLUSDT_lower5_all_h72,SOL all 72H,phase2_lower5_best,SOLUSDT,lower,5pct,long,all,-3.7212992607,18,72,2021-09-23 08:00,2021-09-23 12:00,2021-09-26 08:00,-4.8344718840,Q5_high,4.3596677645,144.3500000000,144.3600000000,135.0900000000,124.8000000000,151.9800000000,0.0069273666,-6.6299683127,-6.6368956793,-14.5597723839,5.1438753467
SOLUSDT_lower5_all_h72,SOL all 72H,phase2_lower5_best,SOLUSDT,lower,5pct,long,all,-3.7212992607,18,72,2021-09-24 08:00,2021-09-24 12:00,2021-09-27 08:00,-6.9719125604,Q5_high,4.2696406967,134.8900000000,134.9100000000,147.3800000000,124.8000000000,148.9200000000,0.0148257969,8.8554653857,8.8406395888,-7.7895433515,9.8801359554
SOLUSDT_lower5_all_h72,SOL all 72H,phase2_lower5_best,SOLUSDT,lower,5pct,long,all,-3.7212992607,18,72,2021-09-26 00:00,2021-09-26 04:00,2021-09-29 00:00,-3.7669660300,Q4_higher,2.4389426791,131.0300000000,131.0200000000,138.8100000000,124.8000000000,148.9200000000,-0.0076321313,5.7679786971,5.7756108283,-4.8637527368,12.8059265701
SOLUSDT_lower5_all_h72,SOL all 72H,phase2_lower5_best,SOLUSDT,lower,5pct,long,all,-3.7212992607,18,72,2021-09-27 20:00,2021-09-28 00:00,2021-09-30 20:00,-4.9645439437,Q5_high,2.9507971250,136.3500000000,136.3400000000,141.3700000000,128.1700000000,142.9500000000,-0.0073343357,3.6155457587,3.6228800944,-6.1794258193,4.7343152834
SOLUSDT_lower5_all_h72,SOL all 72H,phase2_lower5_best,SOLUSDT,lower,5pct,long,all,-3.7212992607,18,72,2021-09-28 12:00,2021-09-28 16:00,2021-10-01 12:00,-3.9978274432,Q5_high,3.1783581522,130.4300000000,130.3900000000,157.4000000000,128.1700000000,159.0900000000,-0.0306724947,18.7953651601,18.8260376548,-1.7172451694,19.8940120382
SOLUSDT_lower5_all_h72,SOL all 72H,phase2_lower5_best,SOLUSDT,lower,5pct,long,all,-3.7212992607,18,72,2021-10-06 00:00,2021-10-06 04:00,2021-10-09 00:00,-4.1297951126,Q3_mid,1.9613368342,157.9600000000,157.9600000000,160.0200000000,150.1000000000,168.9700000000,0.0000000000,1.2956971004,1.2956971004,-5.1040097779,6.7379347954
SOLUSDT_lower5_all_h72,SOL all 72H,phase2_lower5_best,SOLUSDT,lower,5pct,long,all,-3.7212992607,18,72,2021-10-06 20:00,2021-10-07 00:00,2021-10-09 20:00,-3.7689778985,Q4_higher,2.3269119851,153.8700000000,153.9000000000,156.8400000000,150.3400000000,168.9700000000,0.0194950776,1.9118087355,1.8923136579,-2.3403645096,9.3418143528
SOLUSDT_lower5_all_h72,SOL all 72H,phase2_lower5_best,SOLUSDT,lower,5pct,long,all,-3.7212992607,18,72,2021-10-10 20:00,2021-10-11 00:00,2021-10-13 20:00,-3.9403163990,Q2_lower,1.6154972090,147.5500000000,147.5600000000,148.0400000000,137.6100000000,155.5600000000,0.0067771340,0.3315406129,0.3247634789,-6.9811275451,5.2796636559
SOLUSDT_lower5_all_h72,SOL all 72H,phase2_lower5_best,SOLUSDT,lower,5pct,long,all,-3.7212992607,18,72,2021-10-11 16:00,2021-10-11 20:00,2021-10-14 16:00,-4.2724407545,Q3_mid,1.7807925894,141.5800000000,141.5700000000,150.0700000000,137.6100000000,155.6500000000,-0.0070633940,5.8236923562,5.8307557501,-2.8370697129,9.4815602481
SOLUSDT_lower5_all_h72,SOL all 72H,phase2_lower5_best,SOLUSDT,lower,5pct,long,all,-3.7212992607,18,72,2021-10-22 16:00,2021-10-22 20:00,2021-10-25 16:00,-4.3745533092,Q4_higher,2.3985409983,197.6900000000,197.6900000000,210.4000000000,185.2200000000,218.9300000000,0.0000000000,6.2310333656,6.2310333656,-6.5155839466,10.2051896811
SOLUSDT_lower5_all_h72,SOL all 72H,phase2_lower5_best,SOLUSDT,lower,5pct,long,all,-3.7212992607,18,72,2021-10-25 16:00,2021-10-25 20:00,2021-10-28 16:00,-3.8370322425,Q4_higher,2.7344557873,210.4000000000,210.4400000000,198.2000000000,176.9400000000,214.3200000000,0.0190095999,-5.9733858968,-5.9923954967,-17.3389884807,1.8269648374
SOLUSDT_lower5_all_h72,SOL all 72H,phase2_lower5_best,SOLUSDT,lower,5pct,long,all,-3.7212992607,18,72,2021-10-27 04:00,2021-10-27 08:00,2021-10-30 04:00,-4.4046220758,Q4_higher,2.6316337581,194.0900000000,194.0900000000,198.0700000000,176.9400000000,205.2200000000,0.0000000000,2.0298534557,2.0298534557,-9.2511276957,5.5760605421
SOLUSDT_lower5_all_h72,SOL all 72H,phase2_lower5_best,SOLUSDT,lower,5pct,long,all,-3.7212992607,18,72,2021-11-16 00:00,2021-11-16 04:00,2021-11-19 00:00,-4.9483099408,Q3_mid,1.7183253455,226.7000000000,226.7400000000,192.0000000000,186.5000000000,230.6200000000,0.0176429076,-16.6132185486,-16.6308614562,-19.5372747506,1.6967347754
SOLUSDT_lower5_all_h72,SOL all 72H,phase2_lower5_best,SOLUSDT,lower,5pct,long,all,-3.7212992607,18,72,2021-11-18 12:00,2021-11-18 16:00,2021-11-21 12:00,-5.3904228836,Q3_mid,2.1328590653,196.9900000000,197.0400000000,215.0600000000,186.5000000000,221.1700000000,0.0253787784,8.7764092934,8.7510305150,-5.4975514728,11.5524882768
SOLUSDT_lower5_all_h72,SOL all 72H,phase2_lower5_best,SOLUSDT,lower,5pct,long,all,-3.7212992607,18,72,2021-11-20 12:00,2021-11-20 16:00,2021-11-23 12:00,-4.0037524664,Q4_higher,2.6738631199,207.1000000000,207.1300000000,215.9900000000,205.8400000000,240.0000000000,0.0144847066,4.2030341915,4.1885494849,-0.6247447494,14.7292307875
SOLUSDT_lower5_all_h72,SOL all 72H,phase2_lower5_best,SOLUSDT,lower,5pct,long,all,-3.7212992607,18,72,2021-11-22 00:00,2021-11-22 04:00,2021-11-25 00:00,-4.4623333640,Q5_high,2.8910609607,220.4500000000,220.4500000000,210.9500000000,200.1400000000,226.0800000000,0.0000000000,-4.4049773234,-4.4049773234,-9.6653790142,2.5218007132
SOLUSDT_lower5_all_h72,SOL all 72H,phase2_lower5_best,SOLUSDT,lower,5pct,long,all,-3.7212992607,18,72,2021-11-22 16:00,2021-11-22 20:00,2021-11-25 16:00,-4.4566151001,Q5_high,2.9538129537,212.8400000000,212.8600000000,210.4500000000,200.1400000000,226.0800000000,0.0093962885,-1.1292614512,-1.1386577396,-6.1617550951,6.0254246323
SOLUSDT_lower5_all_h72,SOL all 72H,phase2_lower5_best,SOLUSDT,lower,5pct,long,all,-3.7212992607,18,72,2021-11-24 16:00,2021-11-24 20:00,2021-11-27 16:00,-4.9673572061,Q5_high,2.9172793680,202.0500000000,202.0600000000,196.2900000000,182.7000000000,216.3500000000,0.0049491475,-2.8922033975,-2.8971525450,-10.0719219616,6.8332783671
SOLUSDT_lower5_all_h72,SOL all 72H,phase2_lower5_best,SOLUSDT,lower,5pct,long,all,-3.7212992607,18,72,2021-11-26 08:00,2021-11-26 12:00,2021-11-29 08:00,-8.3213228243,Q4_higher,2.8693742836,185.3100000000,185.3100000000,203.3800000000,180.9300000000,206.6100000000,0.0000000000,9.3046051987,9.3046051987,-2.3919882245,10.8802859849
SOLUSDT_lower5_all_h72,SOL all 72H,phase2_lower5_best,SOLUSDT,lower,5pct,long,all,-3.7212992607,18,72,2021-12-03 12:00,2021-12-03 16:00,2021-12-06 12:00,-5.7485347208,Q4_higher,2.3387181408,224.2700000000,224.3000000000,188.3500000000,169.0000000000,226.1300000000,0.0133758388,-17.4548749000,-17.4682507388,-28.3085726603,0.8125613609
SOLUSDT_lower5_all_h72,SOL all 72H,phase2_lower5_best,SOLUSDT,lower,5pct,long,all,-3.7212992607,18,72,2021-12-03 16:00,2021-12-03 20:00,2021-12-06 16:00,-5.2732915685,Q4_higher,2.6151519308,212.7500000000,212.7500000000,187.5600000000,169.0000000000,219.2500000000,0.0000000000,-12.6018973232,-12.6018973232,-23.0219052530,3.0094863799
SOLUSDT_lower5_all_h72,SOL all 72H,phase2_lower5_best,SOLUSDT,lower,5pct,long,all,-3.7212992607,18,72,2021-12-04 00:00,2021-12-04 04:00,2021-12-07 00:00,-7.6360229456,Q5_high,3.0391609425,196.0900000000,196.0900000000,195.3500000000,169.0000000000,210.5200000000,0.0000000000,-0.3780916010,-0.3780916010,-14.8675022588,7.1006922974
SOLUSDT_lower5_all_h72,SOL all 72H,phase2_lower5_best,SOLUSDT,lower,5pct,long,all,-3.7212992607,18,72,2021-12-05 12:00,2021-12-05 16:00,2021-12-08 12:00,-5.5635430898,Q5_high,3.6751015961,185.4500000000,185.3500000000,192.4900000000,176.1700000000,204.1000000000,-0.0539374339,3.7258900391,3.7798274730,-5.0796491658,9.6364140219
SOLUSDT_lower5_all_h72,SOL all 72H,phase2_lower5_best,SOLUSDT,lower,5pct,long,all,-3.7212992607,18,72,2021-12-06 04:00,2021-12-06 08:00,2021-12-09 04:00,-4.3993348370,Q5_high,3.8151468491,184.9900000000,185.0800000000,190.8500000000,176.1700000000,204.1000000000,0.0486394476,3.1186009628,3.0699615152,-4.9338726100,9.7821905777
SOLUSDT_lower5_all_h72,SOL all 72H,phase2_lower5_best,SOLUSDT,lower,5pct,long,all,-3.7212992607,18,72,2021-12-13 12:00,2021-12-13 16:00,2021-12-16 12:00,-5.8439455133,Q4_higher,2.2062903708,158.1900000000,158.1600000000,187.0100000000,148.0400000000,189.0000000000,-0.0189663348,16.7365249150,16.7554912498,-6.6124671344,17.8139836197
SOLUSDT_lower5_all_h72,SOL all 72H,phase2_lower5_best,SOLUSDT,lower,5pct,long,all,-3.7212992607,18,72,2021-12-15 12:00,2021-12-15 16:00,2021-12-18 12:00,-4.9786135097,Q4_higher,2.7175849642,157.7000000000,157.6600000000,181.4100000000,156.8100000000,189.0000000000,-0.0253678337,14.0065168984,14.0318847321,-0.5405934239,18.1306199428
SOLUSDT_lower5_all_h72,SOL all 72H,phase2_lower5_best,SOLUSDT,lower,5pct,long,all,-3.7212992607,18,72,2021-12-16 16:00,2021-12-16 20:00,2021-12-19 16:00,-3.7760894762,Q5_high,3.7087459155,180.0800000000,180.1100000000,180.3300000000,167.8800000000,189.4300000000,0.0166578750,0.1387309121,0.1220730370,-7.0318336884,5.0451787791
SOLUSDT_lower5_all_h72,SOL all 72H,phase2_lower5_best,SOLUSDT,lower,5pct,long,all,-3.7212992607,18,72,2021-12-31 16:00,2021-12-31 20:00,2022-01-03 16:00,-4.4938302505,Q3_mid,1.7007642110,167.9600000000,167.9600000000,169.9400000000,167.6800000000,179.5300000000,0.0000000000,1.1719577759,1.1719577759,-0.1668454683,6.6616469067
SOLUSDT_lower5_all_h72,SOL all 72H,phase2_lower5_best,SOLUSDT,lower,5pct,long,all,-3.7212992607,18,72,2022-01-05 16:00,2022-01-05 20:00,2022-01-08 16:00,-5.8869314159,Q3_mid,1.6467425784,158.6500000000,158.6900000000,135.3800000000,133.0000000000,159.8000000000,0.0252095546,-15.8614878949,-15.8866974494,-17.6603485353,0.6970419757
SOLUSDT_lower5_all_h72,SOL all 72H,phase2_lower5_best,SOLUSDT,lower,5pct,long,all,-3.7212992607,18,72,2022-01-06 00:00,2022-01-06 04:00,2022-01-09 00:00,-4.2300781753,Q3_mid,1.8775245986,148.1200000000,148.1400000000,141.9300000000,133.0000000000,154.4400000000,0.0135016540,-4.2688777734,-4.2823794274,-10.7808644363,4.1647898811
SOLUSDT_lower5_all_h72,SOL all 72H,phase2_lower5_best,SOLUSDT,lower,5pct,long,all,-3.7212992607,18,72,2022-01-07 00:00,2022-01-07 04:00,2022-01-10 00:00,-7.3371059987,Q4_higher,2.5942747890,139.6300000000,139.6300000000,140.6200000000,133.0000000000,148.1100000000,0.0000000000,0.7065149817,0.7065149817,-4.8646938732,5.8959173985
SOLUSDT_lower5_all_h72,SOL all 72H,phase2_lower5_best,SOLUSDT,lower,5pct,long,all,-3.7212992607,18,72,2022-01-08 16:00,2022-01-08 20:00,2022-01-11 16:00,-6.3462266308,Q5_high,3.2138368509,135.3800000000,135.3600000000,142.3900000000,130.0000000000,146.9400000000,-0.0147743223,5.0484132712,5.0631875935,-4.0403445402,8.2086444334
SOLUSDT_lower5_all_h72,SOL all 72H,phase2_lower5_best,SOLUSDT,lower,5pct,long,all,-3.7212992607,18,72,2022-01-10 12:00,2022-01-10 16:00,2022-01-13 12:00,-4.6082988505,Q5_high,2.9156409866,133.1600000000,133.1700000000,154.9500000000,130.9600000000,157.8000000000,0.0075094807,15.1551071527,15.1475976720,-1.6734574451,16.9701900898
SOLUSDT_lower5_all_h72,SOL all 72H,phase2_lower5_best,SOLUSDT,lower,5pct,long,all,-3.7212992607,18,72,2022-01-13 16:00,2022-01-13 20:00,2022-01-16 16:00,-4.8257876044,Q4_higher,2.5257756315,147.6500000000,147.6300000000,147.9700000000,141.8400000000,151.9600000000,-0.0135464644,0.2164942325,0.2300406968,-4.0009481780,2.8908184773
SOLUSDT_lower5_all_h72,SOL all 72H,phase2_lower5_best,SOLUSDT,lower,5pct,long,all,-3.7212992607,18,72,2022-01-20 20:00,2022-01-21 00:00,2022-01-23 20:00,-9.2712256680,Q4_higher,2.6484426508,127.5400000000,127.5400000000,99.7800000000,87.7300000000,128.7300000000,0.0000000000,-24.5462278454,-24.5462278454,-37.4166124747,0.9287146784
SOLUSDT_lower5_all_h72,SOL all 72H,phase2_lower5_best,SOLUSDT,lower,5pct,long,all,-3.7212992607,18,72,2022-01-21 20:00,2022-01-22 00:00,2022-01-24 20:00,-6.9331283979,Q5_high,3.1202907943,112.2700000000,112.2400000000,91.9300000000,80.8300000000,114.8900000000,-0.0267248676,-19.9879266595,-19.9612017919,-32.8291252048,2.3335713071
SOLUSDT_lower5_all_h72,SOL all 72H,phase2_lower5_best,SOLUSDT,lower,5pct,long,all,-3.7212992607,18,72,2022-01-22 04:00,2022-01-22 08:00,2022-01-25 04:00,-8.8413256069,Q5_high,3.4069265698,100.3900000000,100.4000000000,90.0000000000,80.8300000000,104.8200000000,0.0099606554,-10.9252930373,-10.9352536927,-21.6814023512,4.3082386116
SOLUSDT_lower5_all_h72,SOL all 72H,phase2_lower5_best,SOLUSDT,lower,5pct,long,all,-3.7212992607,18,72,2022-01-22 12:00,2022-01-22 16:00,2022-01-25 12:00,-5.8846641096,Q5_high,3.5277407314,93.0500000000,93.0400000000,92.9500000000,80.8300000000,104.8200000000,-0.0107474878,-0.1075268921,-0.0967794043,-14.0681324465,11.9215085164
SOLUSDT_lower5_all_h72,SOL all 72H,phase2_lower5_best,SOLUSDT,lower,5pct,long,all,-3.7212992607,18,72,2022-01-23 16:00,2022-01-23 20:00,2022-01-26 16:00,-4.2462863916,Q5_high,4.1695933910,94.7500000000,94.7300000000,98.2100000000,80.8300000000,104.4300000000,-0.0211104075,3.5866199207,3.6077303282,-15.8682556142,9.7486250604
SOLUSDT_lower5_all_h72,SOL all 72H,phase2_lower5_best,SOLUSDT,lower,5pct,long,all,-3.7212992607,18,72,2022-01-24 00:00,2022-01-24 04:00,2022-01-27 00:00,-8.0092819172,Q5_high,4.4997305249,92.1000000000,92.0900000000,86.7500000000,80.8300000000,104.4300000000,-0.0108583528,-5.9844524434,-5.9735940906,-13.0418175988,12.5750630758
SOLUSDT_lower5_all_h72,SOL all 72H,phase2_lower5_best,SOLUSDT,lower,5pct,long,all,-3.7212992607,18,72,2022-01-24 04:00,2022-01-24 08:00,2022-01-27 04:00,-5.9844524434,Q5_high,4.2782763517,86.7500000000,86.7700000000,88.7800000000,80.8300000000,104.4300000000,0.0230520978,2.3130980579,2.2900459600,-7.0912756060,18.5256050686
SOLUSDT_lower5_all_h72,SOL all 72H,phase2_lower5_best,SOLUSDT,lower,5pct,long,all,-3.7212992607,18,72,2022-01-26 20:00,2022-01-27 00:00,2022-01-29 20:00,-6.4015968217,Q5_high,3.7098899424,92.1200000000,92.1100000000,96.1300000000,85.7100000000,98.9300000000,-0.0108559952,4.2609367125,4.2717927078,-7.2014010089,7.1429014335
SOLUSDT_lower5_all_h72,SOL all 72H,phase2_lower5_best,SOLUSDT,lower,5pct,long,all,-3.7212992607,18,72,2022-01-27 00:00,2022-01-27 04:00,2022-01-30 00:00,-6.0061656126,Q5_high,3.8261421120,86.7500000000,86.7300000000,94.4500000000,85.7100000000,98.9300000000,-0.0230574131,8.5040175121,8.5270749251,-1.1830339786,13.1612684639
SOLUSDT_lower5_all_h72,SOL all 72H,phase2_lower5_best,SOLUSDT,lower,5pct,long,all,-3.7212992607,18,72,2022-02-02 12:00,2022-02-02 16:00,2022-02-05 12:00,-3.7614438891,Q4_higher,2.6497851565,105.9200000000,105.9500000000,116.0300000000,94.0000000000,118.6000000000,0.0283192526,9.1164686171,9.0881493645,-11.9672502444,11.2789201849
SOLUSDT_lower5_all_h72,SOL all 72H,phase2_lower5_best,SOLUSDT,lower,5pct,long,all,-3.7212992607,18,72,2022-02-02 20:00,2022-02-03 00:00,2022-02-05 20:00,-7.6957405771,Q5_high,3.3021350403,101.8800000000,101.9100000000,113.7500000000,94.0000000000,118.6000000000,0.0294420729,11.0207407720,10.9912986990,-8.0795288571,15.1666415723
SOLUSDT_lower5_all_h72,SOL all 72H,phase2_lower5_best,SOLUSDT,lower,5pct,long,all,-3.7212992607,18,72,2022-02-03 00:00,2022-02-03 04:00,2022-02-06 00:00,-4.4969439463,Q5_high,3.3802087821,97.4000000000,97.3800000000,114.4000000000,94.0000000000,118.6000000000,-0.0205359894,16.0874868297,16.1080228191,-3.5326068485,19.7135635809
SOLUSDT_lower5_all_h72,SOL all 72H,phase2_lower5_best,SOLUSDT,lower,5pct,long,all,-3.7212992607,18,72,2022-02-11 16:00,2022-02-11 20:00,2022-02-14 16:00,-6.8765588124,Q4_higher,2.1753487738,99.7400000000,99.7200000000,94.3200000000,90.7200000000,100.1000000000,-0.0200541463,-5.5873543889,-5.5673002426,-9.4588418676,0.3803427666
SOLUSDT_lower5_all_h72,SOL all 72H,phase2_lower5_best,SOLUSDT,lower,5pct,long,all,-3.7212992607,18,72,2022-02-21 08:00,2022-02-21 12:00,2022-02-24 08:00,-6.8072650120,Q4_higher,2.4859042963,89.1500000000,89.1600000000,81.3700000000,75.3500000000,93.4000000000,0.0112164209,-9.1313689601,-9.1425853809,-16.8288583445,4.6458836717
SOLUSDT_lower5_all_h72,SOL all 72H,phase2_lower5_best,SOLUSDT,lower,5pct,long,all,-3.7212992607,18,72,2022-02-21 20:00,2022-02-22 00:00,2022-02-24 20:00,-5.3165937197,Q4_higher,2.6800033089,82.9600000000,82.9500000000,89.3600000000,75.3500000000,93.9000000000,-0.0120547285,7.4314590840,7.4435138124,-9.6094091564,12.3992369578
SOLUSDT_lower5_all_h72,SOL all 72H,phase2_lower5_best,SOLUSDT,lower,5pct,long,all,-3.7212992607,18,72,2022-02-23 20:00,2022-02-24 00:00,2022-02-26 20:00,-4.0769977563,Q5_high,2.9300671136,84.5900000000,84.5800000000,90.2300000000,75.3500000000,95.4900000000,-0.0118224272,6.4545909690,6.4664133962,-11.5553906972,12.1323697918
SOLUSDT_lower5_all_h72,SOL all 72H,phase2_lower5_best,SOLUSDT,lower,5pct,long,all,-3.7212992607,18,72,2022-02-24 00:00,2022-02-24 04:00,2022-02-27 00:00,-8.7280088733,Q5_high,3.3872420558,77.5200000000,77.5500000000,87.0100000000,75.3500000000,95.4900000000,0.0386922040,11.5487086995,11.5100164955,-2.8778964550,20.8098640340
SOLUSDT_lower5_all_h72,SOL all 72H,phase2_lower5_best,SOLUSDT,lower,5pct,long,all,-3.7212992607,18,72,2022-02-27 16:00,2022-02-27 20:00,2022-03-02 16:00,-7.1934223099,Q5_high,2.9344422767,84.8700000000,84.8500000000,100.9900000000,84.0800000000,106.4300000000,-0.0235682301,17.3900828057,17.4136510358,-0.9116265112,22.6602500373
SOLUSDT_lower5_all_h72,SOL all 72H,phase2_lower5_best,SOLUSDT,lower,5pct,long,all,-3.7212992607,18,72,2022-03-03 12:00,2022-03-03 16:00,2022-03-06 12:00,-3.8438750387,Q4_higher,2.5294356347,95.9500000000,95.9400000000,87.2500000000,85.6800000000,96.4400000000,-0.0104226380,-9.5049661371,-9.4945434991,-11.3103569934,0.5198057239
SOLUSDT_lower5_all_h72,SOL all 72H,phase2_lower5_best,SOLUSDT,lower,5pct,long,all,-3.7212992607,18,72,2022-03-04 00:00,2022-03-04 04:00,2022-03-07 00:00,-4.3387508114,Q4_higher,2.3875234480,91.5600000000,91.5300000000,82.2600000000,81.1200000000,93.9000000000,-0.0327707688,-10.7109532282,-10.6781824594,-12.0737247554,2.5563598818
SOLUSDT_lower5_all_h72,SOL all 72H,phase2_lower5_best,SOLUSDT,lower,5pct,long,all,-3.7212992607,18,72,2022-03-07 16:00,2022-03-07 20:00,2022-03-10 16:00,-5.7089260894,Q3_mid,1.8808424776,80.3400000000,80.3400000000,82.4400000000,79.9200000000,89.9200000000,0.0000000000,2.5803127091,2.5803127091,-0.5241494591,11.2652757214
SOLUSDT_lower5_all_h72,SOL all 72H,phase2_lower5_best,SOLUSDT,lower,5pct,long,all,-3.7212992607,18,72,2022-03-25 12:00,2022-03-25 16:00,2022-03-28 12:00,-3.9324315642,Q3_mid,2.0168146916,100.2300000000,100.2400000000,109.8900000000,96.9500000000,113.8700000000,0.0099765551,9.2012320422,9.1912554871,-3.3371928899,12.7490136235
SOLUSDT_lower5_all_h72,SOL all 72H,phase2_lower5_best,SOLUSDT,lower,5pct,long,all,-3.7212992607,18,72,2022-03-28 20:00,2022-03-29 00:00,2022-03-31 20:00,-5.1869960235,Q3_mid,1.8550187726,105.7500000000,105.7500000000,122.7700000000,105.4900000000,129.5000000000,0.0000000000,14.9234868266,14.9234868266,-0.2461656233,20.2603063213
SOLUSDT_lower5_all_h72,SOL all 72H,phase2_lower5_best,SOLUSDT,lower,5pct,long,all,-3.7212992607,18,72,2022-04-04 12:00,2022-04-04 16:00,2022-04-07 12:00,-4.1205465681,Q4_higher,2.4094888167,129.3200000000,129.3200000000,113.2300000000,110.8800000000,136.6300000000,0.0000000000,-13.2868804531,-13.2868804531,-15.3841417416,5.4986589493
SOLUSDT_lower5_all_h72,SOL all 72H,phase2_lower5_best,SOLUSDT,lower,5pct,long,all,-3.7212992607,18,72,2022-04-06 20:00,2022-04-07 00:00,2022-04-09 20:00,-5.0496164015,Q3_mid,2.0969342427,112.9500000000,112.9400000000,112.9600000000,108.1000000000,122.4200000000,-0.0088538669,0.0088530831,0.0177069500,-4.3799979600,8.0601051178
SOLUSDT_lower5_all_h72,SOL all 72H,phase2_lower5_best,SOLUSDT,lower,5pct,long,all,-3.7212992607,18,72,2022-04-11 08:00,2022-04-11 12:00,2022-04-14 08:00,-6.6713101045,Q4_higher,2.2509591311,103.9300000000,103.9300000000,103.6700000000,98.1000000000,109.3600000000,0.0000000000,-0.2504818265,-0.2504818265,-5.7730229029,5.0927596815
SOLUSDT_lower5_all_h72,SOL all 72H,phase2_lower5_best,SOLUSDT,lower,5pct,long,all,-3.7212992607,18,72,2022-04-12 16:00,2022-04-12 20:00,2022-04-15 16:00,-4.8318577271,Q4_higher,2.4889163264,101.0000000000,101.0000000000,100.3900000000,98.7700000000,107.7200000000,0.0000000000,-0.6057916138,-0.6057916138,-2.2326601921,6.4414751102
SOLUSDT_lower5_all_h72,SOL all 72H,phase2_lower5_best,SOLUSDT,lower,5pct,long,all,-3.7212992607,18,72,2022-04-17 20:00,2022-04-18 00:00,2022-04-20 20:00,-3.8394687538,Q2_lower,1.3803889249,100.1500000000,100.1500000000,105.5900000000,94.6200000000,110.9000000000,0.0000000000,5.2894607707,5.2894607707,-5.6800191909,10.1959832244
SOLUSDT_lower5_all_h72,SOL all 72H,phase2_lower5_best,SOLUSDT,lower,5pct,long,all,-3.7212992607,18,72,2022-04-18 04:00,2022-04-18 08:00,2022-04-21 04:00,-4.8083752341,Q3_mid,1.7003445333,96.4300000000,96.4300000000,106.8500000000,94.6200000000,110.9000000000,0.0000000000,10.2608625243,10.2608625243,-1.8948486319,13.9811537834
SOLUSDT_lower5_all_h72,SOL all 72H,phase2_lower5_best,SOLUSDT,lower,5pct,long,all,-3.7212992607,18,72,2022-04-20 12:00,2022-04-20 16:00,2022-04-23 12:00,-4.3497187120,Q4_higher,2.3723354387,105.7200000000,105.7200000000,102.1400000000,98.3100000000,110.0000000000,0.0000000000,-3.4449668517,-3.4449668517,-7.2668338357,3.9686276056
SOLUSDT_lower5_all_h72,SOL all 72H,phase2_lower5_best,SOLUSDT,lower,5pct,long,all,-3.7212992607,18,72,2022-04-26 12:00,2022-04-26 16:00,2022-04-29 12:00,-4.0403384176,Q2_lower,1.6154358994,96.5300000000,96.5300000000,96.1600000000,94.6100000000,100.7900000000,0.0000000000,-0.3840370074,-0.3840370074,-2.0090662144,4.3185303506
SOLUSDT_lower5_all_h72,SOL all 72H,phase2_lower5_best,SOLUSDT,lower,5pct,long,all,-3.7212992607,18,72,2022-04-30 20:00,2022-05-01 00:00,2022-05-03 20:00,-7.8924093547,Q3_mid,2.1101058638,84.6300000000,84.6300000000,85.8600000000,84.1500000000,93.1200000000,0.0000000000,1.4429249114,1.4429249114,-0.5687893045,9.5600170301
SOLUSDT_lower5_all_h72,SOL all 72H,phase2_lower5_best,SOLUSDT,lower,5pct,long,all,-3.7212992607,18,72,2022-05-05 12:00,2022-05-05 16:00,2022-05-08 12:00,-8.3089629884,Q4_higher,2.5754559181,84.9500000000,84.9500000000,77.1400000000,75.9300000000,86.2700000000,0.0000000000,-9.6440895338,-9.6440895338,-11.2250984893,1.5419064971
SOLUSDT_lower5_all_h72,SOL all 72H,phase2_lower5_best,SOLUSDT,lower,5pct,long,all,-3.7212992607,18,72,2022-05-09 16:00,2022-05-09 20:00,2022-05-12 16:00,-7.0435983947,Q3_mid,2.0571109495,65.0900000000,65.1400000000,44.6300000000,37.3700000000,74.0300000000,0.0767872264,-37.7364648943,-37.8132521207,-55.5670556351,12.7931616607
SOLUSDT_lower5_all_h72,SOL all 72H,phase2_lower5_best,SOLUSDT,lower,5pct,long,all,-3.7212992607,18,72,2022-05-09 20:00,2022-05-10 00:00,2022-05-12 20:00,-4.6059221525,Q4_higher,2.1523489020,62.1600000000,62.1600000000,44.6400000000,37.3700000000,74.0300000000,0.0000000000,-33.1081387986,-33.1081387986,-50.8843462562,17.4758710396
SOLUSDT_lower5_all_h72,SOL all 72H,phase2_lower5_best,SOLUSDT,lower,5pct,long,all,-3.7212992607,18,72,2022-05-11 04:00,2022-05-11 08:00,2022-05-14 04:00,-5.5595747045,Q5_high,3.2829421469,62.6200000000,62.6000000000,50.7400000000,37.3700000000,66.4100000000,-0.0319437792,-21.0370161727,-21.0050723935,-51.5897034609,5.9082369447
SOLUSDT_lower5_all_h72,SOL all 72H,phase2_lower5_best,SOLUSDT,lower,5pct,long,all,-3.7212992607,18,72,2022-05-11 12:00,2022-05-11 16:00,2022-05-14 12:00,-10.0323540186,Q5_high,3.7800475640,55.5300000000,55.5200000000,46.4700000000,37.3700000000,56.9900000000,-0.0180099055,-17.8116472157,-17.7936373102,-39.5875072701,2.6132497648
SOLUSDT_lower5_all_h72,SOL all 72H,phase2_lower5_best,SOLUSDT,lower,5pct,long,all,-3.7212992607,18,72,2022-05-11 16:00,2022-05-11 20:00,2022-05-14 16:00,-14.7807910837,Q5_high,4.6944264553,47.9000000000,47.8900000000,49.3700000000,37.3700000000,56.9900000000,-0.0208790062,3.0227447854,3.0436237916,-24.8038470857,17.3969099492
SOLUSDT_lower5_all_h72,SOL all 72H,phase2_lower5_best,SOLUSDT,lower,5pct,long,all,-3.7212992607,18,72,2022-05-12 00:00,2022-05-12 04:00,2022-05-15 00:00,-11.9208412517,Q5_high,5.5178450335,45.1800000000,45.1700000000,50.2000000000,37.3700000000,56.9900000000,-0.0221361373,10.5360515658,10.5581877031,-18.9564906169,23.2442664180
SOLUSDT_lower5_all_h72,SOL all 72H,phase2_lower5_best,SOLUSDT,lower,5pct,long,all,-3.7212992607,18,72,2022-05-13 20:00,2022-05-14 00:00,2022-05-16 20:00,-5.1201303239,Q5_high,6.2599976717,48.9200000000,48.9300000000,53.7900000000,45.8100000000,59.3100000000,0.0204394482,9.4901265466,9.4696870984,-6.5888297402,19.2387220550
SOLUSDT_lower5_all_h72,SOL all 72H,phase2_lower5_best,SOLUSDT,lower,5pct,long,all,-3.7212992607,18,72,2022-05-14 08:00,2022-05-14 12:00,2022-05-17 08:00,-5.4680556959,Q5_high,6.5270709019,48.0400000000,48.0500000000,55.6700000000,45.8100000000,59.3100000000,0.0208138205,14.7407404984,14.7199266779,-4.7739727518,21.0535790434
SOLUSDT_lower5_all_h72,SOL all 72H,phase2_lower5_best,SOLUSDT,lower,5pct,long,all,-3.7212992607,18,72,2022-05-15 00:00,2022-05-15 04:00,2022-05-18 00:00,-4.3463919887,Q5_high,5.6593403849,50.2000000000,50.1900000000,55.0900000000,49.8600000000,59.3100000000,-0.0199223031,9.2953184787,9.3152407818,-0.6596725571,16.6962122184
SOLUSDT_lower5_all_h72,SOL all 72H,phase2_lower5_best,SOLUSDT,lower,5pct,long,all,-3.7212992607,18,72,2022-05-16 00:00,2022-05-16 04:00,2022-05-19 00:00,-4.7694385356,Q5_high,5.1339876751,56.0900000000,56.1000000000,50.6300000000,48.2000000000,58.2200000000,0.0178269008,-10.2413257538,-10.2591526547,-15.1776791472,3.7093125789
SOLUSDT_lower5_all_h72,SOL all 72H,phase2_lower5_best,SOLUSDT,lower,5pct,long,all,-3.7212992607,18,72,2022-05-16 04:00,2022-05-16 08:00,2022-05-19 04:00,-4.1869967235,Q5_high,5.2668970437,53.7900000000,53.7900000000,51.0800000000,48.2000000000,58.2200000000,0.0000000000,-5.1694545121,-5.1694545121,-10.9728555229,7.9141362032
SOLUSDT_lower5_all_h72,SOL all 72H,phase2_lower5_best,SOLUSDT,lower,5pct,long,all,-3.7212992607,18,72,2022-05-18 12:00,2022-05-18 16:00,2022-05-21 12:00,-7.2689733368,Q5_high,3.3369372951,50.4000000000,50.4000000000,50.7100000000,47.8100000000,54.0900000000,0.0000000000,0.6131954730,0.6131954730,-5.2756352439,7.0658150806
SOLUSDT_lower5_all_h72,SOL all 72H,phase2_lower5_best,SOLUSDT,lower,5pct,long,all,-3.7212992607,18,72,2022-05-20 12:00,2022-05-20 16:00,2022-05-23 12:00,-7.3153400987,Q5_high,3.0984224250,49.4100000000,49.4100000000,53.8600000000,47.8100000000,54.6800000000,0.0000000000,8.6235254526,8.6235254526,-3.2918010220,10.1345178998
SOLUSDT_lower5_all_h72,SOL all 72H,phase2_lower5_best,SOLUSDT,lower,5pct,long,all,-3.7212992607,18,72,2022-05-23 16:00,2022-05-23 20:00,2022-05-26 16:00,-7.2566700014,Q4_higher,2.6953956057,50.0900000000,50.0900000000,44.0500000000,41.6900000000,51.0500000000,0.0000000000,-12.8496034987,-12.8496034987,-18.3560095477,1.8984157241
SOLUSDT_lower5_all_h72,SOL all 72H,phase2_lower5_best,SOLUSDT,lower,5pct,long,all,-3.7212992607,18,72,2022-05-26 04:00,2022-05-26 08:00,2022-05-29 04:00,-3.7213596340,Q4_higher,2.2626459194,46.4200000000,46.4100000000,42.4500000000,39.9300000000,46.6800000000,-0.0215447593,-8.9403488089,-8.9188040496,-15.0387032178,0.5800854165
SOLUSDT_lower5_all_h72,SOL all 72H,phase2_lower5_best,SOLUSDT,lower,5pct,long,all,-3.7212992607,18,72,2022-05-26 08:00,2022-05-26 12:00,2022-05-29 08:00,-5.9924737538,Q4_higher,2.5616727254,43.7200000000,43.7100000000,44.0700000000,39.9300000000,46.6800000000,-0.0228754433,0.7973615546,0.8202369979,-9.0448987800,6.5738898543
SOLUSDT_lower5_all_h72,SOL all 72H,phase2_lower5_best,SOLUSDT,lower,5pct,long,all,-3.7212992607,18,72,2022-05-27 04:00,2022-05-27 08:00,2022-05-30 04:00,-3.8480073075,Q4_higher,2.2525701900,41.0400000000,41.0400000000,47.0700000000,40.3300000000,47.3700000000,0.0000000000,13.7088654551,13.7088654551,-1.7451591977,14.3441916073
SOLUSDT_lower5_all_h72,SOL all 72H,phase2_lower5_best,SOLUSDT,lower,5pct,long,all,-3.7212992607,18,72,2022-05-29 00:00,2022-05-29 04:00,2022-06-01 00:00,-4.3650850721,Q4_higher,2.5779187711,42.3600000000,42.3600000000,44.7800000000,41.7900000000,48.3900000000,0.0000000000,5.5557090437,5.5557090437,-1.3547444273,13.3088660072
SOLUSDT_lower5_all_h72,SOL all 72H,phase2_lower5_best,SOLUSDT,lower,5pct,long,all,-3.7212992607,18,72,2022-06-01 12:00,2022-06-01 16:00,2022-06-04 12:00,-3.8162976790,Q3_mid,2.0365621471,42.9300000000,42.9400000000,37.7700000000,35.7100000000,43.1200000000,0.0232910214,-12.8055745512,-12.8288655726,-18.4373030844,0.4183134150
SOLUSDT_lower5_all_h72,SOL all 72H,phase2_lower5_best,SOLUSDT,lower,5pct,long,all,-3.7212992607,18,72,2022-06-01 16:00,2022-06-01 20:00,2022-06-04 16:00,-3.8950542338,Q3_mid,2.0247045553,41.2900000000,41.2900000000,37.5100000000,35.7100000000,41.6500000000,0.0000000000,-9.6012775804,-9.6012775804,-14.5189578292,0.8681028715
SOLUSDT_lower5_all_h72,SOL all 72H,phase2_lower5_best,SOLUSDT,lower,5pct,long,all,-3.7212992607,18,72,2022-06-03 08:00,2022-06-03 12:00,2022-06-06 08:00,-5.2704063491,Q4_higher,2.1926046201,38.2500000000,38.2600000000,43.9200000000,35.7100000000,44.8700000000,0.0261403740,13.8226236929,13.7964833189,-6.8974202406,15.9364455976
SOLUSDT_lower5_all_h72,SOL all 72H,phase2_lower5_best,SOLUSDT,lower,5pct,long,all,-3.7212992607,18,72,2022-06-04 00:00,2022-06-04 04:00,2022-06-07 00:00,-5.3109825314,Q4_higher,2.3719783311,36.3000000000,36.3000000000,39.5500000000,36.2200000000,44.8700000000,0.0000000000,8.5747952943,8.5747952943,-0.2206288816,21.1951678717
SOLUSDT_lower5_all_h72,SOL all 72H,phase2_lower5_best,SOLUSDT,lower,5pct,long,all,-3.7212992607,18,72,2022-06-07 00:00,2022-06-07 04:00,2022-06-10 00:00,-6.9346791151,Q5_high,3.3150055511,39.5500000000,39.5500000000,40.2700000000,37.1200000000,41.9700000000,0.0000000000,1.8041080650,1.8041080650,-6.3409786296,5.9389383132
SOLUSDT_lower5_all_h72,SOL all 72H,phase2_lower5_best,SOLUSDT,lower,5pct,long,all,-3.7212992607,18,72,2022-06-11 08:00,2022-06-11 12:00,2022-06-14 08:00,-6.0972825668,Q4_higher,2.2162063761,35.4700000000,35.4700000000,29.1000000000,25.8600000000,35.7800000000,0.0000000000,-19.7949094608,-19.7949094608,-31.5989895442,0.8701809295
SOLUSDT_lower5_all_h72,SOL all 72H,phase2_lower5_best,SOLUSDT,lower,5pct,long,all,-3.7212992607,18,72,2022-06-11 12:00,2022-06-11 16:00,2022-06-14 12:00,-4.9410599058,Q4_higher,2.3807933392,33.7600000000,33.7700000000,31.0300000000,25.8600000000,34.7700000000,0.0296164670,-8.4322191267,-8.4618355937,-26.6875461054,2.9182111622
SOLUSDT_lower5_all_h72,SOL all 72H,phase2_lower5_best,SOLUSDT,lower,5pct,long,all,-3.7212992607,18,72,2022-06-12 00:00,2022-06-12 04:00,2022-06-15 00:00,-4.8922798960,Q4_higher,2.5253443341,32.3100000000,32.3100000000,28.8000000000,25.8600000000,34.5000000000,0.0000000000,-11.5001392695,-11.5001392695,-22.2679406493,6.5582544201
SOLUSDT_lower5_all_h72,SOL all 72H,phase2_lower5_best,SOLUSDT,lower,5pct,long,all,-3.7212992607,18,72,2022-06-12 16:00,2022-06-12 20:00,2022-06-15 16:00,-4.2035609218,Q4_higher,2.6350663293,32.6100000000,32.6100000000,31.4800000000,25.8600000000,33.0000000000,0.0000000000,-3.5266566252,-3.5266566252,-23.1921616458,1.1888571665
SOLUSDT_lower5_all_h72,SOL all 72H,phase2_lower5_best,SOLUSDT,lower,5pct,long,all,-3.7212992607,18,72,2022-06-12 20:00,2022-06-13 00:00,2022-06-15 20:00,-6.3292236844,Q4_higher,2.8717012625,30.6100000000,30.6000000000,34.7600000000,25.8600000000,34.8600000000,-0.0326743999,12.7140547440,12.7467291439,-16.8302635615,13.0340031134
SOLUSDT_lower5_all_h72,SOL all 72H,phase2_lower5_best,SOLUSDT,lower,5pct,long,all,-3.7212992607,18,72,2022-06-13 00:00,2022-06-13 04:00,2022-06-16 00:00,-5.9216760003,Q5_high,3.0463029436,28.8500000000,28.8400000000,33.7900000000,25.8600000000,36.0000000000,-0.0346680537,15.8054907772,15.8401588309,-10.9065939073,22.1755626039
SOLUSDT_lower5_all_h72,SOL all 72H,phase2_lower5_best,SOLUSDT,lower,5pct,long,all,-3.7212992607,18,72,2022-06-13 04:00,2022-06-13 08:00,2022-06-16 04:00,-4.5381767918,Q5_high,3.0617002745,27.5700000000,27.5700000000,32.6100000000,25.8600000000,36.0000000000,0.0000000000,16.7890764766,16.7890764766,-6.4030851692,26.6790713420
SOLUSDT_lower5_all_h72,SOL all 72H,phase2_lower5_best,SOLUSDT,lower,5pct,long,all,-3.7212992607,18,72,2022-06-14 08:00,2022-06-14 12:00,2022-06-17 08:00,-6.3893983571,Q5_high,4.0202035805,29.1000000000,29.0900000000,31.5800000000,26.7900000000,36.0000000000,-0.0343701670,8.1785834650,8.2129536320,-8.2365788951,21.3124465949
SOLUSDT_lower5_all_h72,SOL all 72H,phase2_lower5_best,SOLUSDT,lower,5pct,long,all,-3.7212992607,18,72,2022-06-14 16:00,2022-06-14 20:00,2022-06-17 16:00,-5.2600184600,Q5_high,4.3145666106,29.4400000000,29.4500000000,31.1400000000,26.7900000000,36.0000000000,0.0339616237,5.6138872545,5.5799256308,-9.4665226541,20.0825028359
SOLUSDT_lower5_all_h72,SOL all 72H,phase2_lower5_best,SOLUSDT,lower,5pct,long,all,-3.7212992607,18,72,2022-06-15 04:00,2022-06-15 08:00,2022-06-18 04:00,-4.0388060905,Q5_high,4.2810766010,27.6600000000,27.6500000000,28.4800000000,26.7900000000,36.0000000000,-0.0361598268,2.9214760307,2.9576358575,-3.1597044412,26.3893210488
SOLUSDT_lower5_all_h72,SOL all 72H,phase2_lower5_best,SOLUSDT,lower,5pct,long,all,-3.7212992607,18,72,2022-06-16 08:00,2022-06-16 12:00,2022-06-19 08:00,-4.1640074124,Q5_high,4.7452139552,31.2800000000,31.2800000000,32.4000000000,27.1500000000,33.0000000000,0.0000000000,3.5179507121,3.5179507121,-14.1601869297,5.3528645789
SOLUSDT_lower5_all_h72,SOL all 72H,phase2_lower5_best,SOLUSDT,lower,5pct,long,all,-3.7212992607,18,72,2022-06-18 04:00,2022-06-18 08:00,2022-06-21 04:00,-5.4658412538,Q5_high,3.9458647088,28.4800000000,28.4800000000,36.8300000000,27.1500000000,37.6700000000,0.0000000000,25.7110643913,25.7110643913,-4.7825040164,27.9661935160
SOLUSDT_lower5_all_h72,SOL all 72H,phase2_lower5_best,SOLUSDT,lower,5pct,long,all,-3.7212992607,18,72,2022-06-18 16:00,2022-06-18 20:00,2022-06-21 16:00,-5.9430266574,Q5_high,4.0784760627,28.0900000000,28.1000000000,36.6000000000,27.1500000000,39.1900000000,0.0355935224,26.4634599291,26.4278664068,-3.4392529960,33.2652035872
SOLUSDT_lower5_all_h72,SOL all 72H,phase2_lower5_best,SOLUSDT,lower,5pct,long,all,-3.7212992607,18,72,2022-06-19 00:00,2022-06-19 04:00,2022-06-22 00:00,-5.8849963850,Q5_high,5.0029152996,30.1900000000,30.1800000000,34.7000000000,28.6800000000,39.1900000000,-0.0331290379,13.9228943234,13.9560233613,-5.0979437608,26.1242158872
SOLUSDT_lower5_all_h72,SOL all 72H,phase2_lower5_best,SOLUSDT,lower,5pct,long,all,-3.7212992607,18,72,2022-06-20 00:00,2022-06-20 04:00,2022-06-23 00:00,-5.7795197587,Q5_high,5.1735896770,32.2700000000,32.2700000000,35.1300000000,31.7300000000,39.1900000000,0.0000000000,8.4917460214,8.4917460214,-1.6875400469,19.4283606148
SOLUSDT_lower5_all_h72,SOL all 72H,phase2_lower5_best,SOLUSDT,lower,5pct,long,all,-3.7212992607,18,72,2022-06-22 00:00,2022-06-22 04:00,2022-06-25 00:00,-4.8378387347,Q5_high,5.4937387047,34.7000000000,34.7000000000,41.4100000000,33.6500000000,42.9200000000,0.0000000000,17.6782710605,17.6782710605,-3.0726630862,21.2598230810
SOLUSDT_lower5_all_h72,SOL all 72H,phase2_lower5_best,SOLUSDT,lower,5pct,long,all,-3.7212992607,18,72,2022-06-25 12:00,2022-06-25 16:00,2022-06-28 12:00,-4.8957402233,Q4_higher,2.4065213291,39.8600000000,39.8600000000,37.0500000000,37.0000000000,42.6000000000,0.0000000000,-7.3104963043,-7.3104963043,-7.4455402140,6.6480938491
SOLUSDT_lower5_all_h72,SOL all 72H,phase2_lower5_best,SOLUSDT,lower,5pct,long,all,-3.7212992607,18,72,2022-06-27 12:00,2022-06-27 16:00,2022-06-30 12:00,-3.9964853086,Q4_higher,2.6917524143,38.7500000000,38.7600000000,32.1000000000,30.9200000000,39.9000000000,0.0258031223,-18.8274725663,-18.8532756887,-22.5985563303,2.8987536873
SOLUSDT_lower5_all_h72,SOL all 72H,phase2_lower5_best,SOLUSDT,lower,5pct,long,all,-3.7212992607,18,72,2022-06-28 12:00,2022-06-28 16:00,2022-07-01 12:00,-5.7428282955,Q4_higher,2.6750707948,37.0500000000,37.0600000000,32.3300000000,30.9200000000,37.2200000000,0.0269869115,-13.6272760005,-13.6542629120,-18.1134997138,0.4308030357
SOLUSDT_lower5_all_h72,SOL all 72H,phase2_lower5_best,SOLUSDT,lower,5pct,long,all,-3.7212992607,18,72,2022-07-05 08:00,2022-07-05 12:00,2022-07-08 08:00,-5.5522127190,Q4_higher,2.4185997075,33.9800000000,33.9800000000,37.2100000000,33.0300000000,39.7200000000,0.0000000000,9.0805426115,9.0805426115,-2.8355876841,15.6082722933
SOLUSDT_lower5_all_h72,SOL all 72H,phase2_lower5_best,SOLUSDT,lower,5pct,long,all,-3.7212992607,18,72,2022-07-11 20:00,2022-07-12 00:00,2022-07-14 20:00,-5.6426714602,Q3_mid,1.6298079171,33.4200000000,33.4200000000,37.1500000000,31.8200000000,37.3100000000,0.0000000000,10.5809247997,10.5809247997,-4.9059500258,11.0106864066
SOLUSDT_lower5_all_h72,SOL all 72H,phase2_lower5_best,SOLUSDT,lower,5pct,long,all,-3.7212992607,18,72,2022-07-12 16:00,2022-07-12 20:00,2022-07-15 16:00,-3.7526738041,Q3_mid,1.7629929090,32.9500000000,32.9400000000,38.8200000000,31.8200000000,38.8800000000,-0.0303536199,16.3944316792,16.4247852991,-3.4592701840,16.5792254843
SOLUSDT_lower5_all_h72,SOL all 72H,phase2_lower5_best,SOLUSDT,lower,5pct,long,all,-3.7212992607,18,72,2022-07-15 20:00,2022-07-16 00:00,2022-07-18 20:00,-3.8334964380,Q4_higher,2.2596560768,37.3600000000,37.3600000000,43.5200000000,36.3500000000,44.0700000000,0.0000000000,15.2619989187,15.2619989187,-2.7406409381,16.5178665493
SOLUSDT_lower5_all_h72,SOL all 72H,phase2_lower5_best,SOLUSDT,lower,5pct,long,all,-3.7212992607,18,72,2022-07-18 16:00,2022-07-18 20:00,2022-07-21 16:00,-5.5144510285,Q4_higher,2.6352208396,40.0400000000,40.0500000000,43.8000000000,39.6400000000,47.3600000000,0.0249719067,8.9754862935,8.9505143868,-1.0289964053,16.7649317061
SOLUSDT_lower5_all_h72,SOL all 72H,phase2_lower5_best,SOLUSDT,lower,5pct,long,all,-3.7212992607,18,72,2022-07-20 16:00,2022-07-20 20:00,2022-07-23 16:00,-4.8338226617,Q5_high,3.3542133890,43.2100000000,43.2200000000,39.3600000000,38.6000000000,44.3300000000,0.0231401135,-9.3321877760,-9.3553278895,-11.3051074608,2.5358297678
SOLUSDT_lower5_all_h72,SOL all 72H,phase2_lower5_best,SOLUSDT,lower,5pct,long,all,-3.7212992607,18,72,2022-07-21 00:00,2022-07-21 04:00,2022-07-24 00:00,-4.9242216853,Q5_high,3.6023773509,40.0200000000,40.0300000000,39.6100000000,38.6000000000,44.3300000000,0.0249843849,-1.0297717522,-1.0547561371,-3.6376896534,10.2032475752
SOLUSDT_lower5_all_h72,SOL all 72H,phase2_lower5_best,SOLUSDT,lower,5pct,long,all,-3.7212992607,18,72,2022-07-22 12:00,2022-07-22 16:00,2022-07-25 12:00,-5.7105108936,Q5_high,3.0151911114,41.6900000000,41.6900000000,38.4900000000,37.7400000000,42.1000000000,0.0000000000,-7.9862824597,-7.9862824597,-9.9540751952,0.9786448796
SOLUSDT_lower5_all_h72,SOL all 72H,phase2_lower5_best,SOLUSDT,lower,5pct,long,all,-3.7212992607,18,72,2022-07-23 08:00,2022-07-23 12:00,2022-07-26 08:00,-4.2759510263,Q5_high,2.9241758655,39.6000000000,39.6100000000,35.8100000000,35.3300000000,42.1000000000,0.0252493373,-10.0601934250,-10.0854427623,-11.4349150263,6.0966129055
SOLUSDT_lower5_all_h72,SOL all 72H,phase2_lower5_best,SOLUSDT,lower,5pct,long,all,-3.7212992607,18,72,2022-07-25 00:00,2022-07-25 04:00,2022-07-28 00:00,-7.1911510014,Q4_higher,2.7035013291,38.0900000000,38.0800000000,39.7300000000,34.6700000000,40.5500000000,-0.0262570567,4.2154789336,4.2417359903,-9.3814450226,6.2846570638
SOLUSDT_lower5_all_h72,SOL all 72H,phase2_lower5_best,SOLUSDT,lower,5pct,long,all,-3.7212992607,18,72,2022-08-03 20:00,2022-08-04 00:00,2022-08-06 20:00,-3.9679671326,Q4_higher,2.1687604892,38.5400000000,38.5400000000,40.0700000000,37.9600000000,41.3300000000,0.0000000000,3.8931261662,3.8931261662,-1.5163689244,6.9891965537
SOLUSDT_lower5_all_h72,SOL all 72H,phase2_lower5_best,SOLUSDT,lower,5pct,long,all,-3.7212992607,18,72,2022-08-09 08:00,2022-08-09 12:00,2022-08-12 08:00,-4.1008023727,Q2_lower,1.5353761328,40.8500000000,40.8500000000,42.3100000000,39.1500000000,45.3200000000,0.0000000000,3.5116643426,3.5116643426,-4.2506398869,10.3841614854
SOLUSDT_lower5_all_h72,SOL all 72H,phase2_lower5_best,SOLUSDT,lower,5pct,long,all,-3.7212992607,18,72,2022-08-15 04:00,2022-08-15 08:00,2022-08-18 04:00,-5.8273212912,Q4_higher,2.3717973237,43.8300000000,43.8200000000,40.9200000000,40.0900000000,44.7600000000,-0.0228180263,-6.8699573347,-6.8471393084,-8.8963407513,2.1224549276
SOLUSDT_lower5_all_h72,SOL all 72H,phase2_lower5_best,SOLUSDT,lower,5pct,long,all,-3.7212992607,18,72,2022-08-17 12:00,2022-08-17 16:00,2022-08-20 12:00,-3.9585521329,Q3_mid,2.0686988083,41.1100000000,41.1100000000,36.5000000000,35.2500000000,41.9100000000,0.0000000000,-11.8939140321,-11.8939140321,-15.3785871652,1.9273061027
SOLUSDT_lower5_all_h72,SOL all 72H,phase2_lower5_best,SOLUSDT,lower,5pct,long,all,-3.7212992607,18,72,2022-08-19 04:00,2022-08-19 08:00,2022-08-22 04:00,-4.4297530380,Q3_mid,1.7328125513,36.6500000000,36.6500000000,34.8900000000,34.2100000000,37.8000000000,0.0000000000,-4.9213173134,-4.9213173134,-6.8895429343,3.0895674293
SOLUSDT_lower5_all_h72,SOL all 72H,phase2_lower5_best,SOLUSDT,lower,5pct,long,all,-3.7212992607,18,72,2022-08-20 16:00,2022-08-20 20:00,2022-08-23 16:00,-5.8093581029,Q4_higher,2.2180070455,34.4400000000,34.4400000000,35.4000000000,33.7300000000,37.0900000000,0.0000000000,2.7493140580,2.7493140580,-2.0831030486,7.4128711942
SOLUSDT_lower5_all_h72,SOL all 72H,phase2_lower5_best,SOLUSDT,lower,5pct,long,all,-3.7212992607,18,72,2022-08-28 20:00,2022-08-29 00:00,2022-08-31 20:00,-4.0559147890,Q2_lower,1.4613897373,30.4400000000,30.4300000000,31.5000000000,30.0000000000,33.1600000000,-0.0328569085,3.4230012838,3.4558581923,-1.4231582247,8.5915366358
SOLUSDT_lower5_all_h72,SOL all 72H,phase2_lower5_best,SOLUSDT,lower,5pct,long,all,-3.7212992607,18,72,2022-08-30 12:00,2022-08-30 16:00,2022-09-02 12:00,-4.8164405799,Q3_mid,1.9119253206,31.2100000000,31.2100000000,32.2800000000,30.4400000000,32.9500000000,0.0000000000,3.3709287119,3.3709287119,-2.4981023289,5.4252704666
SOLUSDT_lower5_all_h72,SOL all 72H,phase2_lower5_best,SOLUSDT,lower,5pct,long,all,-3.7212992607,18,72,2022-09-02 16:00,2022-09-02 20:00,2022-09-05 16:00,-3.8527025681,Q3_mid,1.9513315369,31.0600000000,31.0600000000,31.7200000000,30.8000000000,32.5000000000,0.0000000000,2.1026579046,2.1026579046,-0.8406127741,4.5319271615
SOLUSDT_lower5_all_h72,SOL all 72H,phase2_lower5_best,SOLUSDT,lower,5pct,long,all,-3.7212992607,18,72,2022-09-06 16:00,2022-09-06 20:00,2022-09-09 16:00,-8.5855167614,Q4_higher,2.2885275425,31.0100000000,31.0200000000,34.8000000000,30.3100000000,35.9600000000,0.0322424636,11.5307653668,11.4985229032,-2.3154466679,14.7775051855
SOLUSDT_lower5_all_h72,SOL all 72H,phase2_lower5_best,SOLUSDT,lower,5pct,long,all,-3.7212992607,18,72,2022-09-13 12:00,2022-09-13 16:00,2022-09-16 12:00,-10.2014873405,Q5_high,2.9771429342,34.7300000000,34.7400000000,32.2700000000,31.8300000000,35.3200000000,0.0287894057,-7.3465860692,-7.3753754749,-8.7482519519,1.6557614923
SOLUSDT_lower5_all_h72,SOL all 72H,phase2_lower5_best,SOLUSDT,lower,5pct,long,all,-3.7212992607,18,72,2022-09-18 20:00,2022-09-19 00:00,2022-09-21 20:00,-4.1259197968,Q2_lower,1.4846366266,31.1000000000,31.1000000000,30.6500000000,30.0100000000,33.4800000000,0.0000000000,-1.4575156803,-1.4575156803,-3.5677159733,7.3740426436
SOLUSDT_lower5_all_h72,SOL all 72H,phase2_lower5_best,SOLUSDT,lower,5pct,long,all,-3.7212992607,18,72,2022-09-27 16:00,2022-09-27 20:00,2022-09-30 16:00,-5.2565101061,Q3_mid,1.7521278445,32.6100000000,32.6000000000,33.7200000000,31.6500000000,35.2200000000,-0.0306701429,3.3472143332,3.3778844761,-2.9574139782,7.7301814695
SOLUSDT_lower5_all_h72,SOL all 72H,phase2_lower5_best,SOLUSDT,lower,5pct,long,all,-3.7212992607,18,72,2022-11-06 20:00,2022-11-07 00:00,2022-11-09 20:00,-4.7007606458,Q4_higher,2.2836403776,32.6200000000,32.6100000000,14.0800000000,12.3700000000,33.1300000000,-0.0306607392,-84.0170246463,-83.9863639071,-96.9344803397,1.5820226511
SOLUSDT_lower5_all_h72,SOL all 72H,phase2_lower5_best,SOLUSDT,lower,5pct,long,all,-3.7212992607,18,72,2022-11-07 04:00,2022-11-07 08:00,2022-11-10 04:00,-5.2527100836,Q4_higher,2.5716652470,30.7800000000,30.7800000000,15.3400000000,12.3700000000,32.8700000000,0.0000000000,-69.6401332472,-69.6401332472,-91.1590942006,6.5695259265
SOLUSDT_lower5_all_h72,SOL all 72H,phase2_lower5_best,SOLUSDT,lower,5pct,long,all,-3.7212992607,18,72,2022-11-07 20:00,2022-11-08 00:00,2022-11-10 20:00,-8.9091139410,Q5_high,3.2553525355,29.6200000000,29.6200000000,17.6600000000,12.3700000000,31.7200000000,0.0000000000,-51.7147613664,-51.7147613664,-87.3175622435,6.8497587927
SOLUSDT_lower5_all_h72,SOL all 72H,phase2_lower5_best,SOLUSDT,lower,5pct,long,all,-3.7212992607,18,72,2022-11-08 00:00,2022-11-08 04:00,2022-11-11 00:00,-11.1305075847,Q5_high,3.9921157036,26.5000000000,26.5000000000,16.3900000000,12.3700000000,31.7200000000,0.0000000000,-48.0473340236,-48.0473340236,-76.1870546588,17.9802663774
SOLUSDT_lower5_all_h72,SOL all 72H,phase2_lower5_best,SOLUSDT,lower,5pct,long,all,-3.7212992607,18,72,2022-11-08 16:00,2022-11-08 20:00,2022-11-11 16:00,-15.3729892950,Q5_high,5.1597091670,23.7700000000,23.7700000000,16.2200000000,12.3700000000,24.7300000000,0.0000000000,-38.2179232685,-38.2179232685,-65.3150094968,3.9592800161
SOLUSDT_lower5_all_h72,SOL all 72H,phase2_lower5_best,SOLUSDT,lower,5pct,long,all,-3.7212992607,18,72,2022-11-09 00:00,2022-11-09 04:00,2022-11-12 00:00,-9.8185515529,Q5_high,5.2759777940,22.1000000000,22.1100000000,15.8100000000,12.3700000000,22.1700000000,0.0452386346,-33.4934957302,-33.5387343648,-58.0755808465,0.2710028759
SOLUSDT_lower5_all_h72,SOL all 72H,phase2_lower5_best,SOLUSDT,lower,5pct,long,all,-3.7212992607,18,72,2022-11-09 04:00,2022-11-09 08:00,2022-11-12 04:00,-13.5990781606,Q5_high,5.7912811415,19.2900000000,19.2900000000,15.4900000000,12.3700000000,20.7700000000,0.0000000000,-21.9392172489,-21.9392172489,-44.4312640513,7.3922810970
SOLUSDT_lower5_all_h72,SOL all 72H,phase2_lower5_best,SOLUSDT,lower,5pct,long,all,-3.7212992607,18,72,2022-11-09 12:00,2022-11-09 16:00,2022-11-12 12:00,-22.1274974003,Q5_high,7.3167494476,16.0700000000,16.0800000000,14.8200000000,12.3700000000,18.8700000000,0.0622084001,-8.0976559881,-8.1598643883,-26.2302077346,15.9997095630
SOLUSDT_lower5_all_h72,SOL all 72H,phase2_lower5_best,SOLUSDT,lower,5pct,long,all,-3.7212992607,18,72,2022-11-09 16:00,2022-11-09 20:00,2022-11-12 16:00,-14.9391229560,Q5_high,7.6695233803,13.8400000000,13.8500000000,15.1600000000,12.3700000000,18.8700000000,0.0722282444,9.1097430025,9.0375147581,-11.3011046229,30.9288126747
SOLUSDT_lower5_all_h72,SOL all 72H,phase2_lower5_best,SOLUSDT,lower,5pct,long,all,-3.7212992607,18,72,2022-11-10 08:00,2022-11-10 12:00,2022-11-13 08:00,-8.0749171850,Q5_high,8.3553947548,14.1500000000,14.1600000000,13.7800000000,13.3300000000,18.8700000000,0.0706464176,-2.6496358504,-2.7202822680,-6.0403954075,28.7152271115
SOLUSDT_lower5_all_h72,SOL all 72H,phase2_lower5_best,SOLUSDT,lower,5pct,long,all,-3.7212992607,18,72,2022-11-11 00:00,2022-11-11 04:00,2022-11-14 00:00,-7.4630802420,Q5_high,10.1235189866,16.3900000000,16.3800000000,13.0000000000,12.0700000000,18.3100000000,-0.0610314331,-23.1722035294,-23.1111720963,-30.5338043315,11.1386280261
SOLUSDT_lower5_all_h72,SOL all 72H,phase2_lower5_best,SOLUSDT,lower,5pct,long,all,-3.7212992607,18,72,2022-11-11 12:00,2022-11-11 16:00,2022-11-14 12:00,-9.6634829518,Q5_high,10.1331548047,16.4600000000,16.4600000000,13.7200000000,12.0700000000,16.6500000000,0.0000000000,-18.2078572951,-18.2078572951,-31.0210160139,1.1477021178
SOLUSDT_lower5_all_h72,SOL all 72H,phase2_lower5_best,SOLUSDT,lower,5pct,long,all,-3.7212992607,18,72,2022-11-12 00:00,2022-11-12 04:00,2022-11-15 00:00,-3.9682825990,Q5_high,9.7080726966,15.8100000000,15.8200000000,14.2000000000,12.0700000000,15.9300000000,0.0632311118,-10.7400686614,-10.8032997732,-27.0551927230,0.6929161582
SOLUSDT_lower5_all_h72,SOL all 72H,phase2_lower5_best,SOLUSDT,lower,5pct,long,all,-3.7212992607,18,72,2022-11-12 20:00,2022-11-13 00:00,2022-11-15 20:00,-3.9009653634,Q5_high,7.6546133231,14.5800000000,14.5800000000,14.3200000000,12.0700000000,15.1000000000,0.0000000000,-1.7993565048,-1.7993565048,-18.8927691471,3.5044017240
SOLUSDT_lower5_all_h72,SOL all 72H,phase2_lower5_best,SOLUSDT,lower,5pct,long,all,-3.7212992607,18,72,2022-11-13 04:00,2022-11-13 08:00,2022-11-16 04:00,-4.2111485350,Q5_high,6.9190924781,13.9500000000,13.9500000000,14.3400000000,12.0700000000,15.1000000000,0.0000000000,2.7573326904,2.7573326904,-14.4756473158,7.9215235554
SOLUSDT_lower5_all_h72,SOL all 72H,phase2_lower5_best,SOLUSDT,lower,5pct,long,all,-3.7212992607,18,72,2022-11-13 20:00,2022-11-14 00:00,2022-11-16 20:00,-5.9642259603,Q5_high,3.8543735094,13.1800000000,13.1800000000,14.2700000000,12.0700000000,15.1000000000,0.0000000000,7.9458902414,7.9458902414,-8.7977493965,13.5994214747
SOLUSDT_lower5_all_h72,SOL all 72H,phase2_lower5_best,SOLUSDT,lower,5pct,long,all,-3.7212992607,18,72,2022-11-17 12:00,2022-11-17 16:00,2022-11-20 12:00,-5.0479353760,Q3_mid,1.9464707240,13.5200000000,13.5200000000,13.0000000000,12.4700000000,13.8900000000,0.0000000000,-3.9220713153,-3.9220713153,-8.0844310923,2.6999086151
SOLUSDT_lower5_all_h72,SOL all 72H,phase2_lower5_best,SOLUSDT,lower,5pct,long,all,-3.7212992607,18,72,2022-11-20 08:00,2022-11-20 12:00,2022-11-23 08:00,-3.9833458270,Q3_mid,1.6833329972,12.5500000000,12.5600000000,13.3400000000,10.9400000000,13.4800000000,0.0796495462,6.1046374910,6.0249879447,-13.8091364046,7.0689944444
SOLUSDT_lower5_all_h72,SOL all 72H,phase2_lower5_best,SOLUSDT,lower,5pct,long,all,-3.7212992607,18,72,2022-11-20 20:00,2022-11-21 00:00,2022-11-23 20:00,-3.9158019194,Q3_mid,1.8179489229,12.2700000000,12.2600000000,14.3600000000,10.9400000000,14.5000000000,-0.0815328215,15.7289304897,15.8104633112,-11.3916133514,16.7806718918
SOLUSDT_lower5_all_h72,SOL all 72H,phase2_lower5_best,SOLUSDT,lower,5pct,long,all,-3.7212992607,18,72,2022-11-21 00:00,2022-11-21 04:00,2022-11-24 00:00,-4.3304018133,Q3_mid,2.0111922262,11.7500000000,11.7500000000,14.6100000000,10.9400000000,14.9600000000,0.0000000000,21.7852985172,21.7852985172,-7.1427443596,24.1526731956
SOLUSDT_lower5_all_h72,SOL all 72H,phase2_lower5_best,SOLUSDT,lower,5pct,long,all,-3.7212992607,18,72,2022-11-21 16:00,2022-11-21 20:00,2022-11-24 16:00,-4.2851457409,Q4_higher,2.1504832474,11.4200000000,11.4200000000,14.4400000000,10.9400000000,14.9600000000,0.0000000000,23.4635929237,23.4635929237,-4.2940407234,27.0013768318
SOLUSDT_lower5_all_h72,SOL all 72H,phase2_lower5_best,SOLUSDT,lower,5pct,long,all,-3.7212992607,18,72,2022-11-22 08:00,2022-11-22 12:00,2022-11-25 08:00,-4.1691181885,Q4_higher,2.4171692089,11.0400000000,11.0300000000,14.3100000000,10.9400000000,14.9600000000,-0.0906207584,25.9433552719,26.0339760303,-0.8193036272,30.4761139281
SOLUSDT_lower5_all_h72,SOL all 72H,phase2_lower5_best,SOLUSDT,lower,5pct,long,all,-3.7212992607,18,72,2022-11-28 00:00,2022-11-28 04:00,2022-12-01 00:00,-7.4980001858,Q3_mid,2.0970776346,13.1000000000,13.1000000000,13.9300000000,13.0000000000,14.3000000000,0.0000000000,6.1432557585,6.1432557585,-0.7662872746,8.7647307059
SOLUSDT_lower5_all_h72,SOL all 72H,phase2_lower5_best,SOLUSDT,lower,5pct,long,all,-3.7212992607,18,72,2022-12-16 08:00,2022-12-16 12:00,2022-12-19 08:00,-4.5709806962,Q3_mid,1.8368266129,13.4700000000,13.5000000000,12.2800000000,12.0000000000,13.5000000000,0.2224695022,-9.2493067703,-9.4717762725,-11.7783035656,0.0000000000
SOLUSDT_lower5_all_h72,SOL all 72H,phase2_lower5_best,SOLUSDT,lower,5pct,long,all,-3.7212992607,18,72,2022-12-16 20:00,2022-12-17 00:00,2022-12-19 20:00,-6.0240080377,Q3_mid,2.1369078148,12.2400000000,12.2600000000,11.9500000000,11.6900000000,12.5900000000,0.1632653424,-2.3977998707,-2.5610652131,-4.7608155024,2.6560917548
SOLUSDT_lower5_all_h72,SOL all 72H,phase2_lower5_best,SOLUSDT,lower,5pct,long,all,-3.7212992607,18,72,2022-12-28 04:00,2022-12-28 08:00,2022-12-31 04:00,-6.1204567318,Q3_mid,1.8492678162,10.1400000000,10.1700000000,9.8100000000,8.0000000000,10.8900000000,0.2954211897,-3.3085724586,-3.6039936483,-24.0000668381,6.8402726884
SOLUSDT_lower5_all_h72,SOL all 72H,phase2_lower5_best,SOLUSDT,lower,5pct,long,all,-3.7212992607,18,72,2022-12-29 16:00,2022-12-29 20:00,2023-01-01 16:00,-6.6103355371,Q4_higher,2.1936826131,8.7800000000,8.7900000000,9.9400000000,8.0000000000,10.8900000000,0.1138304050,12.4090613021,12.2952308971,-9.4173170017,21.4230225248
SOLUSDT_lower5_all_h72,SOL all 72H,phase2_lower5_best,SOLUSDT,lower,5pct,long,all,-3.7212992607,18,72,2022-12-30 04:00,2022-12-30 08:00,2023-01-02 04:00,-3.9726104000,Q5_high,3.2828338856,9.1300000000,9.1500000000,11.0800000000,9.0400000000,11.9400000000,0.2188184681,19.3575986712,19.1387802032,-1.2094704883,26.6140228677
SOLUSDT_lower5_all_h72,SOL all 72H,phase2_lower5_best,SOLUSDT,lower,5pct,long,all,-3.7212992607,18,72,2023-01-09 16:00,2023-01-09 20:00,2023-01-12 16:00,-5.0863490556,Q5_high,3.3082646256,16.2900000000,16.2900000000,16.5500000000,15.3000000000,16.9700000000,0.0000000000,1.5834679209,1.5834679209,-6.2698594216,4.0895656632
SOLUSDT_lower5_all_h72,SOL all 72H,phase2_lower5_best,SOLUSDT,lower,5pct,long,all,-3.7212992607,18,72,2023-01-11 12:00,2023-01-11 16:00,2023-01-14 12:00,-3.8148300246,Q5_high,3.5107138599,15.4300000000,15.4100000000,22.3400000000,15.3000000000,24.6300000000,-0.1297017043,37.0065127266,37.1362144309,-0.7163820934,46.8948562800
SOLUSDT_lower5_all_h72,SOL all 72H,phase2_lower5_best,SOLUSDT,lower,5pct,long,all,-3.7212992607,18,72,2023-01-14 08:00,2023-01-14 12:00,2023-01-17 08:00,-5.3171565142,Q5_high,4.8245397281,22.3400000000,22.3500000000,23.7900000000,21.9100000000,25.0100000000,0.0447527419,6.2886530674,6.2439003255,-1.9883167452,11.2449423830
SOLUSDT_lower5_all_h72,SOL all 72H,phase2_lower5_best,SOLUSDT,lower,5pct,long,all,-3.7212992607,18,72,2023-01-15 00:00,2023-01-15 04:00,2023-01-18 00:00,-5.1965228173,Q5_high,4.9543424803,23.0600000000,23.0300000000,23.3000000000,21.9800000000,25.0100000000,-0.1301801008,1.0353845731,1.1655646739,-4.6664764857,8.2478031057
SOLUSDT_lower5_all_h72,SOL all 72H,phase2_lower5_best,SOLUSDT,lower,5pct,long,all,-3.7212992607,18,72,2023-01-18 12:00,2023-01-18 16:00,2023-01-21 12:00,-5.7107397336,Q4_higher,2.3780596161,21.7800000000,21.7700000000,25.2200000000,20.2700000000,26.4700000000,-0.0459242258,14.6645213032,14.7104455290,-7.1390914783,19.5479140993
SOLUSDT_lower5_all_h72,SOL all 72H,phase2_lower5_best,SOLUSDT,lower,5pct,long,all,-3.7212992607,18,72,2023-01-18 20:00,2023-01-19 00:00,2023-01-21 20:00,-4.7460163285,Q4_higher,2.3965871169,20.7800000000,20.7600000000,24.7500000000,20.2900000000,26.4700000000,-0.0962927373,17.4834503344,17.5797430717,-2.2899904460,24.2983957941
SOLUSDT_lower5_all_h72,SOL all 72H,phase2_lower5_best,SOLUSDT,lower,5pct,long,all,-3.7212992607,18,72,2023-01-24 20:00,2023-01-25 00:00,2023-01-27 20:00,-7.1625606663,Q4_higher,2.1539710984,22.7600000000,22.7100000000,24.4300000000,22.2300000000,25.4100000000,-0.2199253141,7.0807276012,7.3006529152,-2.1362628141,11.2337441215
SOLUSDT_lower5_all_h72,SOL all 72H,phase2_lower5_best,SOLUSDT,lower,5pct,long,all,-3.7212992607,18,72,2023-01-30 08:00,2023-01-30 12:00,2023-02-02 08:00,-5.2228019491,Q4_higher,2.1900299481,24.0600000000,23.9900000000,24.9900000000,22.5600000000,25.7600000000,-0.2913633695,3.7925034300,4.0838667995,-6.1458650222,7.1185824385
SOLUSDT_lower5_all_h72,SOL all 72H,phase2_lower5_best,SOLUSDT,lower,5pct,long,all,-3.7212992607,18,72,2023-02-09 16:00,2023-02-09 20:00,2023-02-12 16:00,-3.9591315563,,,21.7900000000,21.7800000000,22.0500000000,19.7000000000,22.5200000000,-0.0459031452,1.1861452936,1.2320484388,-10.0373481761,3.3411685767
SOLUSDT_lower5_all_h72,SOL all 72H,phase2_lower5_best,SOLUSDT,lower,5pct,long,all,-3.7212992607,18,72,2023-02-09 20:00,2023-02-10 00:00,2023-02-12 20:00,-6.3468266468,Q4_higher,2.1758900658,20.4500000000,20.5100000000,21.5100000000,19.7000000000,22.5200000000,0.2929689595,5.0535060791,4.7605371195,-4.0293936340,9.3491231187
SOLUSDT_lower5_all_h72,SOL all 72H,phase2_lower5_best,SOLUSDT,lower,5pct,long,all,-3.7212992607,18,72,2023-02-10 20:00,2023-02-11 00:00,2023-02-13 20:00,-3.8034813739,Q4_higher,2.3036346627,20.1200000000,20.1000000000,20.7600000000,19.7400000000,22.5200000000,-0.0994530167,3.1313713066,3.2308243233,-1.8072781060,11.3683988206
SOLUSDT_lower5_all_h72,SOL all 72H,phase2_lower5_best,SOLUSDT,lower,5pct,long,all,-3.7212992607,18,72,2023-02-16 20:00,2023-02-17 00:00,2023-02-19 20:00,-5.6684746022,Q3_mid,2.0144069970,22.2900000000,22.2600000000,24.8200000000,22.0400000000,25.5900000000,-0.1346801550,10.7511632379,10.8858433929,-0.9932361563,13.9410304324
SOLUSDT_lower5_all_h72,SOL all 72H,phase2_lower5_best,SOLUSDT,lower,5pct,long,all,-3.7212992607,18,72,2023-03-03 00:00,2023-03-03 04:00,2023-03-06 00:00,-5.2299499403,Q3_mid,1.6921508670,20.8600000000,20.8500000000,20.9200000000,20.2200000000,21.7000000000,-0.0479501328,0.2872189624,0.3351690952,-3.0681734652,3.9958312302
SOLUSDT_lower5_all_h72,SOL all 72H,phase2_lower5_best,SOLUSDT,lower,5pct,long,all,-3.7212992607,18,72,2023-03-08 04:00,2023-03-08 08:00,2023-03-11 04:00,-4.0342463201,Q2_lower,1.3129377301,19.1900000000,19.2300000000,17.0700000000,16.0200000000,19.5200000000,0.2082249581,-11.7066773213,-11.9149022794,-18.2633617960,1.4968021384
SOLUSDT_lower5_all_h72,SOL all 72H,phase2_lower5_best,SOLUSDT,lower,5pct,long,all,-3.7212992607,18,72,2023-03-11 04:00,2023-03-11 08:00,2023-03-14 04:00,-6.5746051884,Q4_higher,2.5193278023,17.0700000000,17.0500000000,20.0600000000,16.9500000000,21.3900000000,-0.1172333077,16.1405245727,16.2577578804,-0.5882369903,22.6773319365
SOLUSDT_lower5_all_h72,SOL all 72H,phase2_lower5_best,SOLUSDT,lower,5pct,long,all,-3.7212992607,18,72,2023-03-14 16:00,2023-03-14 20:00,2023-03-17 16:00,-4.4327294155,Q5_high,3.7545627384,20.9600000000,20.9400000000,20.5200000000,18.7300000000,21.4500000000,-0.0954654010,-2.1215839150,-2.0261185140,-11.1534688986,2.4063439932
SOLUSDT_lower5_all_h72,SOL all 72H,phase2_lower5_best,SOLUSDT,lower,5pct,long,all,-3.7212992607,18,72,2023-03-15 12:00,2023-03-15 16:00,2023-03-18 12:00,-6.6775114670,Q5_high,4.0727048169,19.2600000000,19.2600000000,21.8300000000,18.7300000000,22.8400000000,0.0000000000,12.5254764192,12.5254764192,-2.7903889914,17.0482978418
SOLUSDT_lower5_all_h72,SOL all 72H,phase2_lower5_best,SOLUSDT,lower,5pct,long,all,-3.7212992607,18,72,2023-03-20 16:00,2023-03-20 20:00,2023-03-23 16:00,-4.3725225274,Q5_high,3.0104556043,22.1500000000,22.1900000000,22.0800000000,20.8500000000,23.3100000000,0.1804240453,-0.3165275082,-0.4969515536,-6.2287788700,4.9240716103
SOLUSDT_lower5_all_h72,SOL all 72H,phase2_lower5_best,SOLUSDT,lower,5pct,long,all,-3.7212992607,18,72,2023-03-22 16:00,2023-03-22 20:00,2023-03-25 16:00,-6.5747087365,Q4_higher,2.6262436935,21.1900000000,21.0800000000,20.1300000000,20.0900000000,22.7300000000,-0.5204648607,-5.1318132629,-4.6113484021,-4.8102544846,7.5360914191
SOLUSDT_lower5_all_h72,SOL all 72H,phase2_lower5_best,SOLUSDT,lower,5pct,long,all,-3.7212992607,18,72,2023-03-27 12:00,2023-03-27 16:00,2023-03-30 12:00,-3.8676114392,Q2_lower,1.5297228738,19.7800000000,19.7500000000,20.5100000000,19.6000000000,21.6600000000,-0.1517834847,3.6241245890,3.7759080737,-0.7623925111,9.2313750226
SOLUSDT_lower5_all_h72,SOL all 72H,phase2_lower5_best,SOLUSDT,lower,5pct,long,all,-3.7212992607,18,72,2023-04-14 12:00,2023-04-14 16:00,2023-04-17 12:00,-4.7033816919,Q4_higher,2.1700348895,23.8800000000,23.8400000000,24.5500000000,23.7600000000,26.0000000000,-0.1676446327,2.7670565716,2.9347012043,-0.3361347703,8.6731695824
SOLUSDT_lower5_all_h72,SOL all 72H,phase2_lower5_best,SOLUSDT,lower,5pct,long,all,-3.7212992607,18,72,2023-04-19 08:00,2023-04-19 12:00,2023-04-22 08:00,-4.8769647351,Q3_mid,1.8362106495,23.2100000000,23.1600000000,21.3600000000,20.9500000000,23.6300000000,-0.2156567582,-8.3063206194,-8.0906638613,-10.0288006337,2.0090438494
SOLUSDT_lower5_all_h72,SOL all 72H,phase2_lower5_best,SOLUSDT,lower,5pct,long,all,-3.7212992607,18,72,2023-04-26 16:00,2023-04-26 20:00,2023-04-29 16:00,-7.2111524490,Q4_higher,2.3957892382,21.1300000000,21.0500000000,23.3200000000,20.3800000000,23.8800000000,-0.3793271500,9.8617529854,10.2410801354,-3.2346532334,12.6140728396
SOLUSDT_lower5_all_h72,SOL all 72H,phase2_lower5_best,SOLUSDT,lower,5pct,long,all,-3.7212992607,18,72,2023-05-06 12:00,2023-05-06 16:00,2023-05-09 12:00,-3.9238404597,Q2_lower,1.5530266464,21.7400000000,21.7600000000,20.5600000000,20.1400000000,22.7600000000,0.0919540295,-5.5806441106,-5.6725981401,-7.7365534697,4.4931187270
SOLUSDT_lower5_all_h72,SOL all 72H,phase2_lower5_best,SOLUSDT,lower,5pct,long,all,-3.7212992607,18,72,2023-05-07 20:00,2023-05-08 00:00,2023-05-10 20:00,-3.8048067638,Q2_lower,1.5684946980,21.6600000000,21.6400000000,20.9100000000,19.9800000000,21.8000000000,-0.0923787595,-3.5239728132,-3.4315940538,-7.9811680758,0.7366515817
SOLUSDT_lower5_all_h72,SOL all 72H,phase2_lower5_best,SOLUSDT,lower,5pct,long,all,-3.7212992607,18,72,2023-06-05 12:00,2023-06-05 16:00,2023-06-08 12:00,-8.1776311113,Q3_mid,2.0446104731,19.9500000000,19.9500000000,18.9000000000,17.7400000000,20.6900000000,0.0000000000,-5.4067221270,-5.4067221270,-11.7407166454,3.6421348422
SOLUSDT_lower5_all_h72,SOL all 72H,phase2_lower5_best,SOLUSDT,lower,5pct,long,all,-3.7212992607,18,72,2023-06-09 12:00,2023-06-09 16:00,2023-06-12 12:00,-4.6742443810,Q3_mid,2.0969361597,18.3900000000,18.5200000000,15.1900000000,12.0200000000,18.6700000000,0.7044190602,-19.1169722009,-19.8213912610,-43.2279300111,0.8066728336
SOLUSDT_lower5_all_h72,SOL all 72H,phase2_lower5_best,SOLUSDT,lower,5pct,long,all,-3.7212992607,18,72,2023-06-09 16:00,2023-06-09 20:00,2023-06-12 16:00,-6.1100537112,Q4_higher,2.4461306300,17.3000000000,17.1300000000,14.9200000000,12.0200000000,17.6200000000,-0.9875189168,-14.8003906728,-13.8128717560,-35.4259383229,2.8203308172
SOLUSDT_lower5_all_h72,SOL all 72H,phase2_lower5_best,SOLUSDT,lower,5pct,long,all,-3.7212992607,18,72,2023-06-10 00:00,2023-06-10 04:00,2023-06-13 00:00,-6.0298776880,Q4_higher,2.4917744026,16.2500000000,16.2800000000,15.3600000000,12.0200000000,16.4000000000,0.1844451799,-5.6326181056,-5.8170632855,-30.3365431467,0.7343974256
SOLUSDT_lower5_all_h72,SOL all 72H,phase2_lower5_best,SOLUSDT,lower,5pct,long,all,-3.7212992607,18,72,2023-06-10 04:00,2023-06-10 08:00,2023-06-13 04:00,-11.6015368132,Q5_high,3.4094007833,14.4700000000,14.2800000000,15.4900000000,14.2400000000,16.1600000000,-1.3217583732,6.8117113785,8.1334697517,-0.2805050928,12.3679096182
SOLUSDT_lower5_all_h72,SOL all 72H,phase2_lower5_best,SOLUSDT,lower,5pct,long,all,-3.7212992607,18,72,2023-06-13 12:00,2023-06-13 16:00,2023-06-16 12:00,-5.1225906672,Q4_higher,2.5868269479,14.8400000000,14.7900000000,14.9900000000,14.0200000000,15.3300000000,-0.3374961017,1.0057074375,1.3432035392,-5.3466395116,3.5860416161
SOLUSDT_lower5_all_h72,SOL all 72H,phase2_lower5_best,SOLUSDT,lower,5pct,long,all,-3.7212992607,18,72,2023-06-14 20:00,2023-06-15 00:00,2023-06-17 20:00,-4.4632154021,Q4_higher,2.5437662520,14.4600000000,14.4200000000,15.6400000000,14.0200000000,16.1200000000,-0.2770084874,7.8445518387,8.1215603260,-2.8131250250,11.1444605222
SOLUSDT_lower5_all_h72,SOL all 72H,phase2_lower5_best,SOLUSDT,lower,5pct,long,all,-3.7212992607,18,72,2023-07-06 20:00,2023-07-07 00:00,2023-07-09 20:00,-6.1732754726,Q4_higher,2.4485563151,19.6300000000,19.6300000000,21.3800000000,19.3000000000,22.4500000000,0.0000000000,8.5396897309,8.5396897309,-1.6953912378,13.4231605900
SOLUSDT_lower5_all_h72,SOL all 72H,phase2_lower5_best,SOLUSDT,lower,5pct,long,all,-3.7212992607,18,72,2023-07-07 04:00,2023-07-07 08:00,2023-07-10 04:00,-3.7359215893,Q4_higher,2.6696800260,19.4400000000,19.3800000000,20.7600000000,19.3000000000,22.4500000000,-0.3091192570,6.5695259265,6.8786451835,-0.4136510552,14.7049007726
SOLUSDT_lower5_all_h72,SOL all 72H,phase2_lower5_best,SOLUSDT,lower,5pct,long,all,-3.7212992607,18,72,2023-07-14 16:00,2023-07-14 20:00,2023-07-17 16:00,-7.6079495246,Q5_high,3.8325505346,26.0600000000,26.0500000000,26.0700000000,25.2900000000,29.0600000000,-0.0383803497,0.0383656249,0.0767459746,-2.9608707518,10.9344889943
SOLUSDT_lower5_all_h72,SOL all 72H,phase2_lower5_best,SOLUSDT,lower,5pct,long,all,-3.7212992607,18,72,2023-07-15 12:00,2023-07-15 16:00,2023-07-18 12:00,-4.8807423552,Q5_high,4.1920946080,27.5900000000,27.5800000000,25.4700000000,24.7100000000,28.6400000000,-0.0362515864,-7.9952099238,-7.9589583374,-10.9882852365,3.7713469727
SOLUSDT_lower5_all_h72,SOL all 72H,phase2_lower5_best,SOLUSDT,lower,5pct,long,all,-3.7212992607,18,72,2023-07-20 12:00,2023-07-20 16:00,2023-07-23 12:00,-5.4844524069,Q4_higher,2.3034014188,25.7200000000,25.7000000000,24.6500000000,24.1800000000,25.9900000000,-0.0777907468,-4.2491998881,-4.1714091412,-6.0965146715,1.1220856752
SOLUSDT_lower5_all_h72,SOL all 72H,phase2_lower5_best,SOLUSDT,lower,5pct,long,all,-3.7212992607,18,72,2023-07-24 08:00,2023-07-24 12:00,2023-07-27 08:00,-4.2259809290,Q2_lower,1.5037627268,23.6300000000,23.6100000000,25.3500000000,22.9300000000,25.7000000000,-0.0846740101,7.0261638838,7.1108378940,-2.9224254228,8.4820640804
SOLUSDT_lower5_all_h72,SOL all 72H,phase2_lower5_best,SOLUSDT,lower,5pct,long,all,-3.7212992607,18,72,2023-08-17 20:00,2023-08-18 00:00,2023-08-20 20:00,-6.2981292689,Q3_mid,1.7600714773,21.6900000000,21.6800000000,21.7800000000,20.9300000000,22.1600000000,-0.0461148267,0.4140792666,0.4601940933,-3.5206640114,2.1898685308
SOLUSDT_lower5_all_h72,SOL all 72H,phase2_lower5_best,SOLUSDT,lower,5pct,long,all,-3.7212992607,18,72,2023-08-24 12:00,2023-08-24 16:00,2023-08-27 12:00,-3.8215274560,Q3_mid,1.7613918086,21.0500000000,21.0400000000,20.7400000000,20.1300000000,21.2100000000,-0.0475172259,-1.4836357327,-1.4361185068,-4.4214148218,0.8047380707
SOLUSDT_lower5_all_h72,SOL all 72H,phase2_lower5_best,SOLUSDT,lower,5pct,long,all,-3.7212992607,18,72,2023-10-09 08:00,2023-10-09 12:00,2023-10-12 08:00,-3.7238345140,Q1_low,1.1629278548,22.1400000000,22.1400000000,21.5300000000,21.3200000000,22.4600000000,0.0000000000,-2.7938615904,-2.7938615904,-3.7740327983,1.4350022030
SOLUSDT_lower5_all_h72,SOL all 72H,phase2_lower5_best,SOLUSDT,lower,5pct,long,all,-3.7212992607,18,72,2023-11-02 12:00,2023-11-02 16:00,2023-11-05 12:00,-6.5845386874,Q5_high,2.8935780538,41.5800000000,41.6100000000,40.7900000000,38.0300000000,42.8700000000,0.0721240565,-1.9182329100,-1.9903569665,-8.9965201055,2.9831757615
SOLUSDT_lower5_all_h72,SOL all 72H,phase2_lower5_best,SOLUSDT,lower,5pct,long,all,-3.7212992607,18,72,2023-11-11 20:00,2023-11-12 00:00,2023-11-14 20:00,-6.7918358014,Q5_high,3.8667247298,56.4900000000,56.6600000000,56.6400000000,51.5000000000,61.6500000000,0.3004863065,0.2651818048,-0.0353045017,-9.5486686733,8.4404735208
SOLUSDT_lower5_all_h72,SOL all 72H,phase2_lower5_best,SOLUSDT,lower,5pct,long,all,-3.7212992607,18,72,2023-11-12 16:00,2023-11-12 20:00,2023-11-15 16:00,-3.9622906818,Q5_high,4.0906710540,56.4100000000,56.3500000000,65.0000000000,51.5000000000,65.0000000000,-0.1064207266,14.1740822144,14.2805029410,-9.0000432816,14.2805029410
SOLUSDT_lower5_all_h72,SOL all 72H,phase2_lower5_best,SOLUSDT,lower,5pct,long,all,-3.7212992607,18,72,2023-11-13 20:00,2023-11-14 00:00,2023-11-16 20:00,-5.7932707336,Q5_high,4.1850525536,51.6400000000,51.6300000000,58.2100000000,51.5000000000,68.0000000000,-0.0193667087,11.9760595305,11.9954262392,-0.2521091222,27.5404806285
SOLUSDT_lower5_all_h72,SOL all 72H,phase2_lower5_best,SOLUSDT,lower,5pct,long,all,-3.7212992607,18,72,2023-11-14 08:00,2023-11-14 12:00,2023-11-17 08:00,-4.7226625917,Q5_high,4.0748823344,52.7300000000,52.6100000000,58.2300000000,52.1100000000,68.0000000000,-0.2278337800,9.9216132307,10.1494470106,-0.9549346822,25.6601489433
SOLUSDT_lower5_all_h72,SOL all 72H,phase2_lower5_best,SOLUSDT,lower,5pct,long,all,-3.7212992607,18,72,2023-11-16 12:00,2023-11-16 16:00,2023-11-19 12:00,-4.3222488747,Q5_high,3.5879677454,61.5800000000,61.6100000000,59.8100000000,54.8400000000,63.1200000000,0.0487052530,-2.9164271440,-2.9651323970,-11.6404340332,2.4213481511
SOLUSDT_lower5_all_h72,SOL all 72H,phase2_lower5_best,SOLUSDT,lower,5pct,long,all,-3.7212992607,18,72,2023-11-16 20:00,2023-11-17 00:00,2023-11-19 20:00,-6.6780037297,Q5_high,3.8560604087,58.2100000000,58.0400000000,61.1400000000,54.8400000000,61.8800000000,-0.2924733268,4.9109155179,5.2033888447,-5.6712573322,6.4064597689
SOLUSDT_lower5_all_h72,SOL all 72H,phase2_lower5_best,SOLUSDT,lower,5pct,long,all,-3.7212992607,18,72,2023-11-17 12:00,2023-11-17 16:00,2023-11-20 12:00,-5.7613103976,Q5_high,3.7156235971,54.9700000000,55.3600000000,58.9800000000,54.8900000000,61.8800000000,0.7069729437,7.0410821515,6.3341092078,-0.8526128748,11.1339714395
SOLUSDT_lower5_all_h72,SOL all 72H,phase2_lower5_best,SOLUSDT,lower,5pct,long,all,-3.7212992607,18,72,2023-11-21 20:00,2023-11-22 00:00,2023-11-24 20:00,-5.3043446290,Q3_mid,1.9017651944,51.9500000000,51.9400000000,56.9200000000,51.5600000000,59.4100000000,-0.0192511311,9.1365055676,9.1557566987,-0.7343028164,13.4373356133
SOLUSDT_lower5_all_h72,SOL all 72H,phase2_lower5_best,SOLUSDT,lower,5pct,long,all,-3.7212992607,18,72,2023-12-11 00:00,2023-12-11 04:00,2023-12-14 00:00,-4.7631318464,Q4_higher,2.6371278028,71.1300000000,71.1600000000,70.0700000000,65.0000000000,72.5500000000,0.0421674052,-1.5014446363,-1.5436120415,-9.0543592902,1.9345116533
SOLUSDT_lower5_all_h72,SOL all 72H,phase2_lower5_best,SOLUSDT,lower,5pct,long,all,-3.7212992607,18,72,2023-12-11 04:00,2023-12-11 08:00,2023-12-14 04:00,-3.8844009196,Q4_higher,2.6397005056,68.4200000000,68.2900000000,71.4600000000,65.0000000000,72.5500000000,-0.1901836576,4.3472673046,4.5374509622,-4.9376073077,6.0512636357
SOLUSDT_lower5_all_h72,SOL all 72H,phase2_lower5_best,SOLUSDT,lower,5pct,long,all,-3.7212992607,18,72,2023-12-13 00:00,2023-12-13 04:00,2023-12-16 00:00,-4.1976693971,Q4_higher,2.2350727286,65.7800000000,65.7600000000,74.2100000000,65.0000000000,79.3900000000,-0.0304090013,12.0583071221,12.0887161234,-1.1624480852,18.8360664989
SOLUSDT_lower5_all_h72,SOL all 72H,phase2_lower5_best,SOLUSDT,lower,5pct,long,all,-3.7212992607,18,72,2023-12-15 12:00,2023-12-15 16:00,2023-12-18 12:00,-3.9002877477,Q4_higher,2.5961069750,75.9300000000,75.9300000000,70.7000000000,67.4100000000,77.4400000000,0.0000000000,-7.1366290323,-7.1366290323,-11.9018488360,1.9691579743
SOLUSDT_lower5_all_h72,SOL all 72H,phase2_lower5_best,SOLUSDT,lower,5pct,long,all,-3.7212992607,18,72,2023-12-15 20:00,2023-12-16 00:00,2023-12-18 20:00,-5.2211310168,Q4_higher,2.7774632273,72.9500000000,72.9000000000,74.4100000000,67.4100000000,77.2000000000,-0.0685635954,1.9816066440,2.0501702395,-7.8295264149,5.7310818016
SOLUSDT_lower5_all_h72,SOL all 72H,phase2_lower5_best,SOLUSDT,lower,5pct,long,all,-3.7212992607,18,72,2023-12-16 16:00,2023-12-16 20:00,2023-12-19 16:00,-3.9137729045,Q4_higher,2.7592547142,74.1600000000,74.2200000000,74.2500000000,67.4100000000,76.0700000000,0.0808734375,0.1212856425,0.0404122050,-9.6240280767,2.4620313377
SOLUSDT_lower5_all_h72,SOL all 72H,phase2_lower5_best,SOLUSDT,lower,5pct,long,all,-3.7212992607,18,72,2023-12-17 20:00,2023-12-18 00:00,2023-12-20 20:00,-3.9084797421,Q4_higher,2.5984052781,70.7500000000,70.8500000000,81.9700000000,67.4100000000,84.0000000000,0.1412429613,14.7200790142,14.5788360528,-4.9771591271,17.0251832707
SOLUSDT_lower5_all_h72,SOL all 72H,phase2_lower5_best,SOLUSDT,lower,5pct,long,all,-3.7212992607,18,72,2023-12-22 04:00,2023-12-22 08:00,2023-12-25 04:00,-4.2203881784,Q4_higher,2.3441823951,93.7200000000,93.5000000000,112.7100000000,91.4900000000,118.0000000000,-0.2350177345,18.4506534614,18.6856711959,-2.1731759603,23.2723188171
SOLUSDT_lower5_all_h72,SOL all 72H,phase2_lower5_best,SOLUSDT,lower,5pct,long,all,-3.7212992607,18,72,2023-12-23 00:00,2023-12-23 04:00,2023-12-26 00:00,-3.9625661712,Q4_higher,2.5102765255,94.0100000000,93.9400000000,119.3400000000,93.0000000000,125.8100000000,-0.0744878992,23.8575402503,23.9320281495,-1.0056787446,29.2116551764
SOLUSDT_lower5_all_h72,SOL all 72H,phase2_lower5_best,SOLUSDT,lower,5pct,long,all,-3.7212992607,18,72,2023-12-26 04:00,2023-12-26 08:00,2023-12-29 04:00,-5.0702499310,Q5_high,3.8338953228,113.4400000000,113.4400000000,105.0500000000,97.0300000000,117.0700000000,0.0000000000,-7.6837635493,-7.6837635493,-15.6253853747,3.1497983708
SOLUSDT_lower5_all_h72,SOL all 72H,phase2_lower5_best,SOLUSDT,lower,5pct,long,all,-3.7212992607,18,72,2023-12-26 16:00,2023-12-26 20:00,2023-12-29 16:00,-4.2399450348,Q5_high,3.9512099172,106.6700000000,106.6200000000,106.0800000000,97.0300000000,114.6500000000,-0.0468845243,-0.5546430200,-0.5077584957,-9.4250902357,7.2612897909
SOLUSDT_lower5_all_h72,SOL all 72H,phase2_lower5_best,SOLUSDT,lower,5pct,long,all,-3.7212992607,18,72,2023-12-27 00:00,2023-12-27 04:00,2023-12-30 00:00,-3.7262404619,Q5_high,4.0123366011,108.5200000000,108.7500000000,103.5900000000,97.0300000000,114.6500000000,0.2117182178,-4.6493687721,-4.8610869899,-11.4031460932,5.2832339335
SOLUSDT_lower5_all_h72,SOL all 72H,phase2_lower5_best,SOLUSDT,lower,5pct,long,all,-3.7212992607,18,72,2023-12-27 12:00,2023-12-27 16:00,2023-12-30 12:00,-3.9015242678,Q5_high,3.5650376691,108.5800000000,108.5900000000,103.9600000000,97.0300000000,110.1600000000,0.0092093752,-4.3481018704,-4.3573112456,-11.2559113192,1.4354532192
SOLUSDT_lower5_all_h72,SOL all 72H,phase2_lower5_best,SOLUSDT,lower,5pct,long,all,-3.7212992607,18,72,2023-12-28 12:00,2023-12-28 16:00,2023-12-31 12:00,-5.0274619430,Q5_high,3.5713083843,99.6900000000,99.4900000000,102.4100000000,98.4600000000,109.6900000000,-0.2008234433,2.6918993053,2.8927227486,-1.0406762271,9.7601068822
SOLUSDT_lower5_all_h72,SOL all 72H,phase2_lower5_best,SOLUSDT,lower,5pct,long,all,-3.7212992607,18,72,2024-01-05 00:00,2024-01-05 04:00,2024-01-08 00:00,-4.0814059555,Q4_higher,2.5003541375,100.8200000000,101.0000000000,87.2300000000,85.0700000000,103.0400000000,0.1783768187,-14.4788440209,-14.6572208396,-17.1646069853,1.9996745515
SOLUSDT_lower5_all_h72,SOL all 72H,phase2_lower5_best,SOLUSDT,lower,5pct,long,all,-3.7212992607,18,72,2024-01-06 04:00,2024-01-06 08:00,2024-01-09 04:00,-4.2709641998,Q4_higher,2.4495073539,94.4200000000,94.3700000000,101.8600000000,85.0700000000,103.9300000000,-0.0529689085,7.5846406338,7.6376095423,-10.3748779045,9.6494369567
SOLUSDT_lower5_all_h72,SOL all 72H,phase2_lower5_best,SOLUSDT,lower,5pct,long,all,-3.7212992607,18,72,2024-01-07 20:00,2024-01-08 00:00,2024-01-10 20:00,-5.9582838294,Q3_mid,2.1122704540,89.2600000000,89.1500000000,102.1600000000,85.0700000000,105.2900000000,-0.1233114892,13.4986752523,13.6219867415,-4.6845897321,16.6398103560
SOLUSDT_lower5_all_h72,SOL all 72H,phase2_lower5_best,SOLUSDT,lower,5pct,long,all,-3.7212992607,18,72,2024-01-18 16:00,2024-01-18 20:00,2024-01-21 16:00,-5.7912846165,Q4_higher,2.3433954130,92.7500000000,92.2800000000,92.6500000000,88.0000000000,95.3500000000,-0.5080268182,-0.1078748756,0.4001519426,-4.7490618827,3.2726898741
SOLUSDT_lower5_all_h72,SOL all 72H,phase2_lower5_best,SOLUSDT,lower,5pct,long,all,-3.7212992607,18,72,2024-01-19 12:00,2024-01-19 16:00,2024-01-22 12:00,-3.7343394893,Q4_higher,2.3705269716,91.4600000000,91.4600000000,87.2400000000,85.7500000000,94.9100000000,0.0000000000,-4.7238776896,-4.7238776896,-6.4465632184,3.7027355912
SOLUSDT_lower5_all_h72,SOL all 72H,phase2_lower5_best,SOLUSDT,lower,5pct,long,all,-3.7212992607,18,72,2024-01-22 16:00,2024-01-22 20:00,2024-01-25 16:00,-4.2739045622,Q3_mid,1.6747053992,83.5900000000,83.5800000000,87.6000000000,79.0400000000,89.5600000000,-0.0119638691,4.6857102231,4.6976740923,-5.5850203580,6.9104534711
SOLUSDT_lower5_all_h72,SOL all 72H,phase2_lower5_best,SOLUSDT,lower,5pct,long,all,-3.7212992607,18,72,2024-01-30 20:00,2024-01-31 00:00,2024-02-02 20:00,-3.8590930483,Q3_mid,1.7307827187,101.4100000000,101.4800000000,100.4900000000,93.1800000000,102.6600000000,0.0690029107,-0.9113485563,-0.9803514670,-8.5328628342,1.1560822401
SOLUSDT_lower5_all_h72,SOL all 72H,phase2_lower5_best,SOLUSDT,lower,5pct,long,all,-3.7212992607,18,72,2024-01-31 20:00,2024-02-01 00:00,2024-02-03 20:00,-3.8262376942,Q3_mid,1.9619092147,97.1700000000,96.9600000000,97.9900000000,93.1800000000,102.4600000000,-0.2163499530,0.8403410796,1.0566910327,-3.9765415932,5.5173956190
SOLUSDT_lower5_all_h72,SOL all 72H,phase2_lower5_best,SOLUSDT,lower,5pct,long,all,-3.7212992607,18,72,2024-02-01 00:00,2024-02-01 04:00,2024-02-04 00:00,-3.7217985979,Q3_mid,2.0507680249,93.6200000000,93.5700000000,98.2600000000,93.1800000000,102.4600000000,-0.0534216584,4.8372990869,4.8907207453,-0.4176712899,9.0762659223
SOLUSDT_lower5_all_h72,SOL all 72H,phase2_lower5_best,SOLUSDT,lower,5pct,long,all,-3.7212992607,18,72,2024-02-27 12:00,2024-02-27 16:00,2024-03-01 12:00,-4.0575188968,Q3_mid,1.7999297487,106.9800000000,106.8700000000,131.1200000000,105.3500000000,139.5000000000,-0.1028758566,20.3471033332,20.4499791899,-1.4325002287,26.6451458725
SOLUSDT_lower5_all_h72,SOL all 72H,phase2_lower5_best,SOLUSDT,lower,5pct,long,all,-3.7212992607,18,72,2024-03-05 16:00,2024-03-05 20:00,2024-03-08 16:00,-11.9941770635,Q5_high,3.3972815772,123.9100000000,124.0000000000,147.7000000000,119.2000000000,152.5900000000,0.0726069977,17.5627693909,17.4901623932,-3.9478810974,20.7473020299
SOLUSDT_lower5_all_h72,SOL all 72H,phase2_lower5_best,SOLUSDT,lower,5pct,long,all,-3.7212992607,18,72,2024-03-16 16:00,2024-03-16 20:00,2024-03-19 16:00,-7.7320061527,Q5_high,3.5051722468,180.5000000000,180.4100000000,182.1500000000,171.0500000000,209.9200000000,-0.0498739308,0.9099745682,0.9598484990,-5.3276127041,15.1494467291
SOLUSDT_lower5_all_h72,SOL all 72H,phase2_lower5_best,SOLUSDT,lower,5pct,long,all,-3.7212992607,18,72,2024-03-19 00:00,2024-03-19 04:00,2024-03-22 00:00,-5.5706886783,Q5_high,3.0650390586,185.3800000000,184.9000000000,179.1000000000,163.7500000000,194.9000000000,-0.2592634055,-3.4463463381,-3.1870829326,-12.1474263878,5.2671468120
SOLUSDT_lower5_all_h72,SOL all 72H,phase2_lower5_best,SOLUSDT,lower,5pct,long,all,-3.7212992607,18,72,2024-03-19 08:00,2024-03-19 12:00,2024-03-22 08:00,-4.1525789985,Q5_high,3.1778384286,177.8300000000,177.8300000000,172.3700000000,163.7500000000,194.9000000000,0.0000000000,-3.1184708589,-3.1184708589,-8.2487163240,9.1658568758
SOLUSDT_lower5_all_h72,SOL all 72H,phase2_lower5_best,SOLUSDT,lower,5pct,long,all,-3.7212992607,18,72,2024-03-19 20:00,2024-03-20 00:00,2024-03-22 20:00,-6.6975379348,Q5_high,3.4284324717,170.3500000000,170.4100000000,175.1000000000,163.7500000000,194.9000000000,0.0352154012,2.7502095185,2.7149941173,-3.9866423604,13.4279308394
SOLUSDT_lower5_all_h72,SOL all 72H,phase2_lower5_best,SOLUSDT,lower,5pct,long,all,-3.7212992607,18,72,2024-03-22 08:00,2024-03-22 12:00,2024-03-25 08:00,-3.8691746646,Q5_high,3.0050315053,172.3700000000,172.1700000000,188.0000000000,167.4900000000,191.5900000000,-0.1160968378,8.6798633664,8.7959602042,-2.7558712798,10.6875311320
SOLUSDT_lower5_all_h72,SOL all 72H,phase2_lower5_best,SOLUSDT,lower,5pct,long,all,-3.7212992607,18,72,2024-04-02 08:00,2024-04-02 12:00,2024-04-05 08:00,-5.5750015104,Q3_mid,1.9306390018,180.0000000000,179.7700000000,169.9100000000,169.3100000000,191.7000000000,-0.1278594832,-5.7687965793,-5.6409370961,-5.9946901918,6.4253393993
SOLUSDT_lower5_all_h72,SOL all 72H,phase2_lower5_best,SOLUSDT,lower,5pct,long,all,-3.7212992607,18,72,2024-04-12 16:00,2024-04-12 20:00,2024-04-15 16:00,-10.8827552426,Q4_higher,2.7818674825,150.3000000000,150.3000000000,137.7400000000,125.0000000000,155.8100000000,0.0000000000,-8.7265446642,-8.7265446642,-18.4319559457,3.6004019470
SOLUSDT_lower5_all_h72,SOL all 72H,phase2_lower5_best,SOLUSDT,lower,5pct,long,all,-3.7212992607,18,72,2024-04-13 16:00,2024-04-13 20:00,2024-04-16 16:00,-9.1976809850,Q5_high,3.3837474382,135.7700000000,135.6300000000,132.2200000000,125.0000000000,155.8100000000,-0.1031687638,-2.6495075707,-2.5463388069,-8.1616852672,13.8706726255
SOLUSDT_lower5_all_h72,SOL all 72H,phase2_lower5_best,SOLUSDT,lower,5pct,long,all,-3.7212992607,18,72,2024-04-15 12:00,2024-04-15 16:00,2024-04-18 12:00,-5.4612248646,Q5_high,4.3910720440,142.8800000000,143.4000000000,139.2700000000,126.5200000000,144.4500000000,0.3632811037,-2.5590622063,-2.9223433101,-12.5237529728,0.7295498747
SOLUSDT_lower5_all_h72,SOL all 72H,phase2_lower5_best,SOLUSDT,lower,5pct,long,all,-3.7212992607,18,72,2024-04-16 12:00,2024-04-16 16:00,2024-04-19 12:00,-6.2078953311,Q5_high,4.0066364155,127.7200000000,127.5300000000,146.0900000000,126.5200000000,146.8900000000,-0.1488736808,13.4382502298,13.5871239106,-0.7951232601,14.1332376305
SOLUSDT_lower5_all_h72,SOL all 72H,phase2_lower5_best,SOLUSDT,lower,5pct,long,all,-3.7212992607,18,72,2024-04-17 08:00,2024-04-17 12:00,2024-04-20 08:00,-3.8802222751,Q5_high,3.7218889816,134.2100000000,134.2800000000,141.6300000000,126.6400000000,146.9500000000,0.0521434702,5.3812285817,5.3290851114,-5.8578756539,9.0165220753
SOLUSDT_lower5_all_h72,SOL all 72H,phase2_lower5_best,SOLUSDT,lower,5pct,long,all,-3.7212992607,18,72,2024-04-17 12:00,2024-04-17 16:00,2024-04-20 12:00,-4.0834412947,Q5_high,3.5203311257,128.8400000000,128.7600000000,147.1700000000,126.6400000000,147.5500000000,-0.0621118032,13.3017056713,13.3638174745,-1.6601790858,13.6216894958
SOLUSDT_lower5_all_h72,SOL all 72H,phase2_lower5_best,SOLUSDT,lower,5pct,long,all,-3.7212992607,18,72,2024-04-18 04:00,2024-04-18 08:00,2024-04-21 04:00,-5.0617024665,Q5_high,3.4305633955,129.4300000000,129.5900000000,151.1500000000,127.7500000000,153.3900000000,0.1235425993,15.5132526771,15.3897100778,-1.4300391364,16.8608077313
SOLUSDT_lower5_all_h72,SOL all 72H,phase2_lower5_best,SOLUSDT,lower,5pct,long,all,-3.7212992607,18,72,2024-04-19 00:00,2024-04-19 04:00,2024-04-22 00:00,-4.1080025743,Q5_high,3.4108796316,136.4000000000,136.4300000000,150.3800000000,136.4200000000,153.3900000000,0.0219917165,9.7573678541,9.7353761375,-0.0073300348,11.7172035185
SOLUSDT_lower5_all_h72,SOL all 72H,phase2_lower5_best,SOLUSDT,lower,5pct,long,all,-3.7212992607,18,72,2024-04-24 12:00,2024-04-24 16:00,2024-04-27 12:00,-4.8893767200,Q2_lower,1.5915253943,151.6700000000,151.5700000000,137.5800000000,134.2700000000,153.7900000000,-0.0659543620,-9.7501541965,-9.6841998346,-12.1194866359,1.4540471008
SOLUSDT_lower5_all_h72,SOL all 72H,phase2_lower5_best,SOLUSDT,lower,5pct,long,all,-3.7212992607,18,72,2024-04-30 08:00,2024-04-30 12:00,2024-05-03 08:00,-4.8849298152,Q3_mid,1.8554838040,128.8400000000,128.6300000000,136.9800000000,119.0500000000,141.5000000000,-0.1631258372,6.1263605307,6.2894863679,-7.7396493158,9.5359650993
SOLUSDT_lower5_all_h72,SOL all 72H,phase2_lower5_best,SOLUSDT,lower,5pct,long,all,-3.7212992607,18,72,2024-04-30 16:00,2024-04-30 20:00,2024-05-03 16:00,-3.8395795598,Q3_mid,2.0101493977,123.1400000000,123.1800000000,142.5600000000,119.0500000000,143.8900000000,0.0324780776,14.6441044239,14.6116263464,-3.4103127326,15.5402418516
SOLUSDT_lower5_all_h72,SOL all 72H,phase2_lower5_best,SOLUSDT,lower,5pct,long,all,-3.7212992607,18,72,2024-05-01 04:00,2024-05-01 08:00,2024-05-04 04:00,-4.9925285209,Q4_higher,2.2261578354,120.3300000000,120.5900000000,143.8200000000,119.0500000000,145.7400000000,0.2158393665,17.8324549224,17.6166155559,-1.2852789183,18.9427850127
SOLUSDT_lower5_all_h72,SOL all 72H,phase2_lower5_best,SOLUSDT,lower,5pct,long,all,-3.7212992607,18,72,2024-05-02 00:00,2024-05-02 04:00,2024-05-05 00:00,-3.8703759130,Q4_higher,2.8481399208,129.4900000000,129.5800000000,144.6000000000,128.2900000000,148.4400000000,0.0694792941,11.0367651644,10.9672858703,-1.0005124761,13.5882385171
SOLUSDT_lower5_all_h72,SOL all 72H,phase2_lower5_best,SOLUSDT,lower,5pct,long,all,-3.7212992607,18,72,2024-05-10 12:00,2024-05-10 16:00,2024-05-13 12:00,-5.1374918156,Q3_mid,1.8547010349,147.0100000000,146.9300000000,147.3000000000,138.5200000000,148.9500000000,-0.0544328788,0.1970711793,0.2515040581,-5.8941563354,1.3654396271
SOLUSDT_lower5_all_h72,SOL all 72H,phase2_lower5_best,SOLUSDT,lower,5pct,long,all,-3.7212992607,18,72,2024-06-07 16:00,2024-06-07 20:00,2024-06-10 16:00,-4.3288995053,Q2_lower,1.3288361666,162.7500000000,162.7600000000,160.3600000000,156.6500000000,163.7100000000,0.0061442045,-1.4793993314,-1.4855435359,-3.8262705735,0.5819846733
SOLUSDT_lower5_all_h72,SOL all 72H,phase2_lower5_best,SOLUSDT,lower,5pct,long,all,-3.7212992607,18,72,2024-06-11 12:00,2024-06-11 16:00,2024-06-14 12:00,-4.2017131189,Q2_lower,1.4347134495,147.5100000000,147.3300000000,144.0400000000,143.5000000000,161.4700000000,-0.1221001373,-2.3804931311,-2.2583929939,-2.6339933520,9.1644398174
SOLUSDT_lower5_all_h72,SOL all 72H,phase2_lower5_best,SOLUSDT,lower,5pct,long,all,-3.7212992607,18,72,2024-06-18 00:00,2024-06-18 04:00,2024-06-21 00:00,-5.2359753971,Q3_mid,1.7629723129,136.3600000000,136.3600000000,132.5100000000,130.5800000000,141.8100000000,0.0000000000,-2.8640332993,-2.8640332993,-4.3312381511,3.9189686204
SOLUSDT_lower5_all_h72,SOL all 72H,phase2_lower5_best,SOLUSDT,lower,5pct,long,all,-3.7212992607,18,72,2024-06-20 12:00,2024-06-20 16:00,2024-06-23 12:00,-4.3828352695,Q4_higher,2.2055922843,133.2500000000,133.2600000000,131.6300000000,128.8700000000,136.6600000000,0.0075044088,-1.2232106609,-1.2307150697,-3.3497962834,2.5193982218
SOLUSDT_lower5_all_h72,SOL all 72H,phase2_lower5_best,SOLUSDT,lower,5pct,long,all,-3.7212992607,18,72,2024-07-04 20:00,2024-07-05 00:00,2024-07-07 20:00,-4.6964156097,Q3_mid,1.9134373523,127.9000000000,127.7800000000,131.3700000000,121.4200000000,143.9000000000,-0.0938673411,2.6769060897,2.7707734307,-5.1054425472,11.8808578719
SOLUSDT_lower5_all_h72,SOL all 72H,phase2_lower5_best,SOLUSDT,lower,5pct,long,all,-3.7212992607,18,72,2024-07-07 20:00,2024-07-08 00:00,2024-07-10 20:00,-4.3130358113,Q4_higher,2.3202759156,131.3700000000,131.3700000000,141.9100000000,127.9200000000,146.0700000000,0.0000000000,7.7175284365,7.7175284365,-2.6612700956,10.6068189381
SOLUSDT_lower5_all_h72,SOL all 72H,phase2_lower5_best,SOLUSDT,lower,5pct,long,all,-3.7212992607,18,72,2024-07-11 12:00,2024-07-11 16:00,2024-07-14 12:00,-3.7507498176,Q3_mid,1.8813327828,138.4100000000,138.4300000000,145.6700000000,134.0600000000,146.5000000000,0.0144487791,5.1123494552,5.0979006761,-3.2077321770,5.6660645757
SOLUSDT_lower5_all_h72,SOL all 72H,phase2_lower5_best,SOLUSDT,lower,5pct,long,all,-3.7212992607,18,72,2024-07-25 00:00,2024-07-25 04:00,2024-07-28 00:00,-4.2220207986,Q3_mid,1.7317022963,170.6700000000,170.4500000000,184.4100000000,165.5500000000,188.0000000000,-0.1289868847,7.7429672156,7.8719541003,-2.9168734591,9.7999964246
SOLUSDT_lower5_all_h72,SOL all 72H,phase2_lower5_best,SOLUSDT,lower,5pct,long,all,-3.7212992607,18,72,2024-08-01 12:00,2024-08-01 16:00,2024-08-04 12:00,-4.2034868812,Q2_lower,1.3958397481,162.8200000000,162.8100000000,135.2100000000,135.0800000000,169.0000000000,-0.0061419402,-18.5816170775,-18.5754751373,-18.6716681226,3.7314838180
SOLUSDT_lower5_all_h72,SOL all 72H,phase2_lower5_best,SOLUSDT,lower,5pct,long,all,-3.7212992607,18,72,2024-08-02 12:00,2024-08-02 16:00,2024-08-05 12:00,-4.3934392625,Q3_mid,1.8694868601,157.1900000000,156.7000000000,130.3900000000,110.1000000000,157.3700000000,-0.3122115378,-18.6925305305,-18.3803189927,-35.2944105633,0.4266571251
SOLUSDT_lower5_all_h72,SOL all 72H,phase2_lower5_best,SOLUSDT,lower,5pct,long,all,-3.7212992607,18,72,2024-08-03 16:00,2024-08-03 20:00,2024-08-06 16:00,-4.6102647282,Q3_mid,2.1387158508,140.5200000000,140.4600000000,146.2800000000,110.1000000000,148.2800000000,-0.0427076667,4.0172765884,4.0599842550,-24.3533707002,5.4179627552
SOLUSDT_lower5_all_h72,SOL all 72H,phase2_lower5_best,SOLUSDT,lower,5pct,long,all,-3.7212992607,18,72,2024-08-04 12:00,2024-08-04 16:00,2024-08-07 12:00,-6.0968254715,Q4_higher,2.6106306073,135.2100000000,135.0400000000,148.2600000000,110.1000000000,154.9000000000,-0.1258094523,9.2138363858,9.3396458381,-20.4181987119,13.7208716575
SOLUSDT_lower5_all_h72,SOL all 72H,phase2_lower5_best,SOLUSDT,lower,5pct,long,all,-3.7212992607,18,72,2024-08-05 00:00,2024-08-05 04:00,2024-08-08 00:00,-7.6642827757,Q5_high,3.2226101917,128.0500000000,128.0400000000,153.0700000000,110.1000000000,156.2300000000,-0.0078097544,17.8474520458,17.8552618002,-15.0953671373,19.8986565322
SOLUSDT_lower5_all_h72,SOL all 72H,phase2_lower5_best,SOLUSDT,lower,5pct,long,all,-3.7212992607,18,72,2024-08-05 04:00,2024-08-05 08:00,2024-08-08 04:00,-4.1945233473,Q5_high,3.1445314593,122.7900000000,122.7400000000,153.5400000000,110.1400000000,156.2300000000,-0.0407282211,22.3485540227,22.3892822439,-10.8316013127,24.1260983463
SOLUSDT_lower5_all_h72,SOL all 72H,phase2_lower5_best,SOLUSDT,lower,5pct,long,all,-3.7212992607,18,72,2024-08-05 08:00,2024-08-05 12:00,2024-08-08 08:00,-5.5851440016,Q5_high,3.2714747202,116.1200000000,116.6400000000,154.1200000000,110.1400000000,156.2300000000,0.4468129104,28.3107380602,27.8639251498,-5.7339984426,29.2237012163
SOLUSDT_lower5_all_h72,SOL all 72H,phase2_lower5_best,SOLUSDT,lower,5pct,long,all,-3.7212992607,18,72,2024-08-15 16:00,2024-08-15 20:00,2024-08-18 16:00,-4.2541744352,Q3_mid,1.7083988259,139.9000000000,140.0800000000,146.3700000000,136.1900000000,146.9500000000,0.1285806306,4.5209780824,4.3923974518,-2.8162718397,4.7878704887
SOLUSDT_lower5_all_h72,SOL all 72H,phase2_lower5_best,SOLUSDT,lower,5pct,long,all,-3.7212992607,18,72,2024-08-27 20:00,2024-08-28 00:00,2024-08-30 20:00,-5.2240035184,Q2_lower,1.4385935893,146.7500000000,146.7600000000,138.1200000000,132.2900000000,148.7000000000,0.0068140779,-6.0607586186,-6.0675726965,-10.3802117013,1.3132253979
SOLUSDT_lower5_all_h72,SOL all 72H,phase2_lower5_best,SOLUSDT,lower,5pct,long,all,-3.7212992607,18,72,2024-08-29 16:00,2024-08-29 20:00,2024-09-01 16:00,-4.0697022213,Q3_mid,1.8494852499,140.8400000000,140.8200000000,134.8300000000,130.1500000000,141.4600000000,-0.0142015196,-4.3609768641,-4.3467753445,-7.8794847650,0.4534512517
SOLUSDT_lower5_all_h72,SOL all 72H,phase2_lower5_best,SOLUSDT,lower,5pct,long,all,-3.7212992607,18,72,2024-08-30 12:00,2024-08-30 16:00,2024-09-02 12:00,-4.3011047727,Q3_mid,1.9939557351,132.8800000000,133.2900000000,132.9000000000,127.1200000000,139.0700000000,0.3080740311,0.0150500414,-0.2930239897,-4.7395683387,4.2450197875
SOLUSDT_lower5_all_h72,SOL all 72H,phase2_lower5_best,SOLUSDT,lower,5pct,long,all,-3.7212992607,18,72,2024-09-01 20:00,2024-09-02 00:00,2024-09-04 20:00,-4.7074659555,Q3_mid,1.8500688059,128.6300000000,128.4400000000,133.5500000000,123.5000000000,137.2700000000,-0.1478196869,3.7535873465,3.9014070335,-3.9220713153,6.6487920042
SOLUSDT_lower5_all_h72,SOL all 72H,phase2_lower5_best,SOLUSDT,lower,5pct,long,all,-3.7212992607,18,72,2024-10-01 12:00,2024-10-01 16:00,2024-10-04 12:00,-4.1279945570,Q2_lower,1.2945215430,150.2000000000,149.9700000000,142.2000000000,133.7800000000,150.2000000000,-0.1532465236,-5.4733221961,-5.3200756724,-11.4238614403,0.1532465236
SOLUSDT_lower5_all_h72,SOL all 72H,phase2_lower5_best,SOLUSDT,lower,5pct,long,all,-3.7212992607,18,72,2024-10-02 16:00,2024-10-02 20:00,2024-10-05 16:00,-4.9993006283,Q3_mid,1.8107075670,140.0600000000,140.0700000000,142.8300000000,133.7800000000,144.4300000000,0.0071395424,1.9584209647,1.9512814224,-4.5945637961,3.0652663462
SOLUSDT_lower5_all_h72,SOL all 72H,phase2_lower5_best,SOLUSDT,lower,5pct,long,all,-3.7212992607,18,72,2024-11-12 08:00,2024-11-12 12:00,2024-11-15 08:00,-4.7708352029,Q3_mid,1.8835262986,211.4000000000,211.5700000000,213.4900000000,201.0000000000,222.4800000000,0.0803839559,0.9837919728,0.9034080169,-5.1251004936,5.0281296930
SOLUSDT_lower5_all_h72,SOL all 72H,phase2_lower5_best,SOLUSDT,lower,5pct,long,all,-3.7212992607,18,72,2024-11-13 00:00,2024-11-13 04:00,2024-11-16 00:00,-3.9825925563,Q3_mid,2.0793906010,203.3000000000,203.3800000000,220.6400000000,201.0000000000,222.4800000000,0.0393429729,8.1849693411,8.1456263682,-1.1771242304,8.9761059563
SOLUSDT_lower5_all_h72,SOL all 72H,phase2_lower5_best,SOLUSDT,lower,5pct,long,all,-3.7212992607,18,72,2024-12-10 12:00,2024-12-10 16:00,2024-12-13 12:00,-4.4109520800,Q2_lower,1.3694117022,207.1100000000,207.1100000000,221.3800000000,204.0000000000,234.4100000000,0.0000000000,6.6630628869,6.6630628869,-1.5130059244,12.3821665821
SOLUSDT_lower5_all_h72,SOL all 72H,phase2_lower5_best,SOLUSDT,lower,5pct,long,all,-3.7212992607,18,72,2024-12-16 08:00,2024-12-16 12:00,2024-12-19 08:00,-4.0545165483,Q2_lower,1.3696195874,213.8800000000,214.2200000000,210.6300000000,199.6300000000,228.8100000000,0.1588414256,-1.5312070383,-1.6900484639,-7.0537871152,6.5888440508
SOLUSDT_lower5_all_h72,SOL all 72H,phase2_lower5_best,SOLUSDT,lower,5pct,long,all,-3.7212992607,18,72,2024-12-19 16:00,2024-12-19 20:00,2024-12-22 16:00,-6.8013020888,Q4_higher,2.2203104698,191.9600000000,191.9600000000,178.1200000000,175.5500000000,201.7800000000,0.0000000000,-7.4829536537,-7.4829536537,-8.9363114376,4.9890977990
SOLUSDT_lower5_all_h72,SOL all 72H,phase2_lower5_best,SOLUSDT,lower,5pct,long,all,-3.7212992607,18,72,2024-12-20 08:00,2024-12-20 12:00,2024-12-23 08:00,-8.1823931950,Q4_higher,2.8312878216,176.0400000000,176.0100000000,183.6300000000,176.0100000000,201.7800000000,-0.0170430337,4.2211621588,4.2382051925,0.0000000000,13.6637183374
SOLUSDT_lower5_all_h72,SOL all 72H,phase2_lower5_best,SOLUSDT,lower,5pct,long,all,-3.7212992607,18,72,2024-12-27 12:00,2024-12-27 16:00,2024-12-30 12:00,-3.8150604201,Q2_lower,1.5860453550,184.1200000000,184.1200000000,187.4600000000,183.1000000000,197.6100000000,0.0000000000,1.7977770369,1.7977770369,-0.5555267269,7.0707672372
SOLUSDT_lower5_all_h72,SOL all 72H,phase2_lower5_best,SOLUSDT,lower,5pct,long,all,-3.7212992607,18,72,2025-01-13 08:00,2025-01-13 12:00,2025-01-16 08:00,-3.8720289539,Q2_lower,1.3782937022,175.2800000000,175.4300000000,212.4100000000,170.0000000000,212.4100000000,0.0855407654,19.2133673952,19.1278266298,-3.1441665891,19.1278266298
SOLUSDT_lower5_all_h72,SOL all 72H,phase2_lower5_best,SOLUSDT,lower,5pct,long,all,-3.7212992607,18,72,2025-01-19 12:00,2025-01-19 16:00,2025-01-22 12:00,-6.3857939041,Q5_high,3.3676574831,271.0000000000,271.3600000000,258.1200000000,231.4400000000,287.8000000000,0.1327531724,-4.8694227812,-5.0021759536,-15.9125691936,5.8819441850
SOLUSDT_lower5_all_h72,SOL all 72H,phase2_lower5_best,SOLUSDT,lower,5pct,long,all,-3.7212992607,18,72,2025-01-19 20:00,2025-01-20 00:00,2025-01-22 20:00,-6.0490047616,Q5_high,3.6319664898,253.5400000000,253.5400000000,257.8200000000,231.4400000000,272.9600000000,0.0000000000,1.6740065504,1.6740065504,-9.1200940843,7.3803662793
SOLUSDT_lower5_all_h72,SOL all 72H,phase2_lower5_best,SOLUSDT,lower,5pct,long,all,-3.7212992607,18,72,2025-01-20 00:00,2025-01-20 04:00,2025-01-23 00:00,-4.8527912531,Q5_high,3.8348599871,241.5300000000,242.4900000000,249.1900000000,231.4400000000,272.9600000000,0.3966783434,3.1221968717,2.7255185283,-4.6639811746,11.8364791889
SOLUSDT_lower5_all_h72,SOL all 72H,phase2_lower5_best,SOLUSDT,lower,5pct,long,all,-3.7212992607,18,72,2025-01-26 20:00,2025-01-27 00:00,2025-01-29 20:00,-6.3434130097,Q4_higher,2.1875764401,240.6500000000,240.6300000000,227.9100000000,221.4400000000,243.7300000000,-0.0083111702,-5.4392781566,-5.4309669864,-8.3108811618,1.2800571183
SOLUSDT_lower5_all_h72,SOL all 72H,phase2_lower5_best,SOLUSDT,lower,5pct,long,all,-3.7212992607,18,72,2025-01-31 16:00,2025-01-31 20:00,2025-02-03 16:00,-4.1662960901,Q3_mid,1.9295012185,230.5900000000,230.5500000000,214.8700000000,180.0000000000,233.9800000000,-0.0173483108,-7.0608047671,-7.0434564563,-24.7510907763,1.4767882967
SOLUSDT_lower5_all_h72,SOL all 72H,phase2_lower5_best,SOLUSDT,lower,5pct,long,all,-3.7212992607,18,72,2025-02-01 20:00,2025-02-02 00:00,2025-02-04 20:00,-3.9110615880,Q3_mid,1.9557131818,213.1100000000,213.1100000000,207.0400000000,180.0000000000,219.8000000000,0.0000000000,-2.8896453017,-2.8896453017,-16.8851613439,3.0909577640
SOLUSDT_lower5_all_h72,SOL all 72H,phase2_lower5_best,SOLUSDT,lower,5pct,long,all,-3.7212992607,18,72,2025-02-04 04:00,2025-02-04 08:00,2025-02-07 04:00,-5.3145337308,Q4_higher,2.3767300006,203.9100000000,203.9100000000,192.7400000000,187.7700000000,218.0500000000,0.0000000000,-5.6336589604,-5.6336589604,-8.2460910422,6.7045674262
SOLUSDT_lower5_all_h72,SOL all 72H,phase2_lower5_best,SOLUSDT,lower,5pct,long,all,-3.7212992607,18,72,2025-02-06 12:00,2025-02-06 16:00,2025-02-09 12:00,-5.0984022249,Q4_higher,2.6353198034,190.8000000000,191.4400000000,200.7100000000,187.7700000000,206.9700000000,0.3348684586,5.0635321157,4.7286636571,-1.9356633995,7.7999411626
SOLUSDT_lower5_all_h72,SOL all 72H,phase2_lower5_best,SOLUSDT,lower,5pct,long,all,-3.7212992607,18,72,2025-02-18 04:00,2025-02-18 08:00,2025-02-21 04:00,-6.8358972304,Q3_mid,1.7081681888,166.2200000000,166.0500000000,175.8300000000,161.0300000000,176.6100000000,-0.1023264302,5.6205407032,5.7228671334,-3.0698264793,6.1654963886
SOLUSDT_lower5_all_h72,SOL all 72H,phase2_lower5_best,SOLUSDT,lower,5pct,long,all,-3.7212992607,18,72,2025-02-24 00:00,2025-02-24 04:00,2025-02-27 00:00,-3.9880258186,Q2_lower,1.5186007785,161.4800000000,161.2200000000,138.9500000000,131.0000000000,161.6200000000,-0.1611404129,-15.0267139796,-14.8655735667,-20.7572568654,0.2478008950
SOLUSDT_lower5_all_h72,SOL all 72H,phase2_lower5_best,SOLUSDT,lower,5pct,long,all,-3.7212992607,18,72,2025-02-24 12:00,2025-02-24 16:00,2025-02-27 12:00,-4.1877171465,Q3_mid,1.6570930347,152.6900000000,152.6900000000,139.9100000000,131.0000000000,155.1000000000,0.0000000000,-8.7410363450,-8.7410363450,-15.3212398994,1.5660347987
SOLUSDT_lower5_all_h72,SOL all 72H,phase2_lower5_best,SOLUSDT,lower,5pct,long,all,-3.7212992607,18,72,2025-02-24 20:00,2025-02-25 00:00,2025-02-27 20:00,-5.6207257409,Q3_mid,1.9239171363,142.0000000000,142.0000000000,137.3400000000,131.0000000000,146.9300000000,0.0000000000,-3.3367454409,-3.3367454409,-8.0629734400,3.4129225287
SOLUSDT_lower5_all_h72,SOL all 72H,phase2_lower5_best,SOLUSDT,lower,5pct,long,all,-3.7212992607,18,72,2025-02-26 16:00,2025-02-26 20:00,2025-03-01 16:00,-5.1429576461,Q4_higher,2.3544340411,132.0700000000,132.4800000000,140.6500000000,125.6900000000,151.0000000000,0.3099605581,6.2942449880,5.9842844299,-5.2613132700,13.0848146178
SOLUSDT_lower5_all_h72,SOL all 72H,phase2_lower5_best,SOLUSDT,lower,5pct,long,all,-3.7212992607,18,72,2025-02-28 00:00,2025-02-28 04:00,2025-03-03 00:00,-7.3951158605,Q5_high,2.9157667697,127.5500000000,127.5100000000,169.7700000000,125.6900000000,179.5600000000,-0.0313651692,28.5936135235,28.6249786927,-1.4376234959,34.2314621018
SOLUSDT_lower5_all_h72,SOL all 72H,phase2_lower5_best,SOLUSDT,lower,5pct,long,all,-3.7212992607,18,72,2025-03-03 00:00,2025-03-03 04:00,2025-03-06 00:00,-5.2046971543,Q5_high,4.2289974118,169.7700000000,170.1400000000,148.6700000000,130.7600000000,171.3700000000,0.2177047725,-13.2715495197,-13.4892542922,-26.3258045692,0.7203334125
SOLUSDT_lower5_all_h72,SOL all 72H,phase2_lower5_best,SOLUSDT,lower,5pct,long,all,-3.7212992607,18,72,2025-03-03 04:00,2025-03-03 08:00,2025-03-06 04:00,-4.3458933073,Q5_high,4.4011147528,162.5500000000,162.7500000000,148.5300000000,130.7600000000,166.9300000000,0.1229634339,-9.0198688708,-9.1428323047,-21.8851699233,2.5359281779
SOLUSDT_lower5_all_h72,SOL all 72H,phase2_lower5_best,SOLUSDT,lower,5pct,long,all,-3.7212992607,18,72,2025-03-03 16:00,2025-03-03 20:00,2025-03-06 16:00,-10.8622425744,Q5_high,4.7490042388,141.7100000000,142.1300000000,143.9100000000,130.7600000000,152.7900000000,0.2959415914,1.5405388345,1.2445972431,-8.3378549895,7.2322297814
SOLUSDT_lower5_all_h72,SOL all 72H,phase2_lower5_best,SOLUSDT,lower,5pct,long,all,-3.7212992607,18,72,2025-03-04 00:00,2025-03-04 04:00,2025-03-07 00:00,-3.8565558993,Q5_high,4.4396132245,136.8300000000,136.6300000000,141.7300000000,130.7600000000,152.7900000000,-0.1462737041,3.5184559787,3.6647296828,-4.3912960494,11.1787887214
SOLUSDT_lower5_all_h72,SOL all 72H,phase2_lower5_best,SOLUSDT,lower,5pct,long,all,-3.7212992607,18,72,2025-03-05 12:00,2025-03-05 16:00,2025-03-08 12:00,-4.1740270817,Q5_high,4.6744169754,141.9400000000,141.7900000000,137.6300000000,135.3600000000,152.7900000000,-0.1057343347,-3.0835508105,-2.9778164758,-4.6409193892,7.4717339815
SOLUSDT_lower5_all_h72,SOL all 72H,phase2_lower5_best,SOLUSDT,lower,5pct,long,all,-3.7212992607,18,72,2025-03-07 20:00,2025-03-08 00:00,2025-03-10 20:00,-4.6872086992,Q4_higher,2.3768941357,139.4100000000,139.3500000000,118.3000000000,115.7400000000,141.0500000000,-0.0430477837,-16.4195460781,-16.3764982944,-18.5642457782,1.2125683520
SOLUSDT_lower5_all_h72,SOL all 72H,phase2_lower5_best,SOLUSDT,lower,5pct,long,all,-3.7212992607,18,72,2025-03-09 12:00,2025-03-09 16:00,2025-03-12 12:00,-4.5539128884,Q3_mid,1.9508677008,130.2800000000,130.3600000000,124.5500000000,113.5100000000,131.4100000000,0.0613873561,-4.4978738700,-4.5592612261,-13.8408915202,0.8022352686
SOLUSDT_lower5_all_h72,SOL all 72H,phase2_lower5_best,SOLUSDT,lower,5pct,long,all,-3.7212992607,18,72,2025-03-10 12:00,2025-03-10 16:00,2025-03-13 12:00,-6.3724907651,Q4_higher,2.2119280463,122.1900000000,122.3000000000,124.2700000000,113.5100000000,131.1100000000,0.0899832365,1.6879407489,1.5979575125,-7.4586103926,6.9559622818
SOLUSDT_lower5_all_h72,SOL all 72H,phase2_lower5_best,SOLUSDT,lower,5pct,long,all,-3.7212992607,18,72,2025-03-16 08:00,2025-03-16 12:00,2025-03-19 08:00,-3.7343719409,Q3_mid,1.7744556969,129.8300000000,130.0800000000,128.7400000000,121.8800000000,131.0600000000,0.1923743427,-0.8431035748,-1.0354779175,-6.5112691682,0.7505587812
SOLUSDT_lower5_all_h72,SOL all 72H,phase2_lower5_best,SOLUSDT,lower,5pct,long,all,-3.7212992607,18,72,2025-03-26 12:00,2025-03-26 16:00,2025-03-29 12:00,-3.9689982895,Q3_mid,1.9403438125,139.3000000000,139.1900000000,126.1700000000,124.5000000000,140.0600000000,-0.0789974546,-9.8999676846,-9.8209702300,-11.1534190335,0.6230995988
SOLUSDT_lower5_all_h72,SOL all 72H,phase2_lower5_best,SOLUSDT,lower,5pct,long,all,-3.7212992607,18,72,2025-03-28 04:00,2025-03-28 08:00,2025-03-31 04:00,-3.8957743642,Q3_mid,1.7567891099,131.6500000000,131.6200000000,125.4600000000,122.8500000000,132.6200000000,-0.0227902914,-4.8159903274,-4.7932000359,-6.8954884061,0.7568912913
SOLUSDT_lower5_all_h72,SOL all 72H,phase2_lower5_best,SOLUSDT,lower,5pct,long,all,-3.7212992607,18,72,2025-04-02 20:00,2025-04-03 00:00,2025-04-05 20:00,-11.0800085080,Q4_higher,2.8698359960,117.5200000000,117.3800000000,120.2700000000,112.4500000000,123.8400000000,-0.1191996735,2.3130683457,2.4322680192,-4.2907856725,5.3573874711
SOLUSDT_lower5_all_h72,SOL all 72H,phase2_lower5_best,SOLUSDT,lower,5pct,long,all,-3.7212992607,18,72,2025-04-06 16:00,2025-04-06 20:00,2025-04-09 16:00,-6.4832962264,Q4_higher,2.3985748916,108.2400000000,108.4400000000,118.9300000000,95.4900000000,120.6500000000,0.1846040768,9.4184100877,9.2338060109,-12.7175494668,10.6696767441
SOLUSDT_lower5_all_h72,SOL all 72H,phase2_lower5_best,SOLUSDT,lower,5pct,long,all,-3.7212992607,18,72,2025-04-07 04:00,2025-04-07 08:00,2025-04-10 04:00,-5.7466437868,Q4_higher,2.6575000503,97.3800000000,98.3200000000,114.7900000000,97.3800000000,120.6500000000,0.9606614503,16.4483521323,15.4876906820,-0.9606614503,20.4666326813
SOLUSDT_lower5_all_h72,SOL all 72H,phase2_lower5_best,SOLUSDT,lower,5pct,long,all,-3.7212992607,18,72,2025-04-08 12:00,2025-04-08 16:00,2025-04-11 12:00,-4.0773472302,Q5_high,3.2080302993,107.1700000000,107.1700000000,120.1400000000,101.4600000000,121.3600000000,0.0000000000,11.4241370697,11.4241370697,-5.4751726586,12.4344976315
SOLUSDT_lower5_all_h72,SOL all 72H,phase2_lower5_best,SOLUSDT,lower,5pct,long,all,-3.7212992607,18,72,2025-04-10 12:00,2025-04-10 16:00,2025-04-13 12:00,-3.7412632473,Q5_high,3.8232218862,109.6500000000,109.8200000000,128.7100000000,108.5000000000,133.9500000000,0.1549186987,16.0268336797,15.8719149811,-1.2092488870,19.8623934140
SOLUSDT_lower5_all_h72,SOL all 72H,phase2_lower5_best,SOLUSDT,lower,5pct,long,all,-3.7212992607,18,72,2025-04-30 12:00,2025-04-30 16:00,2025-05-03 12:00,-3.7246586792,Q2_lower,1.5238287553,142.5600000000,141.8300000000,148.4200000000,141.4900000000,153.9700000000,-0.5133806416,4.0283128819,4.5416935235,-0.2400114099,8.2128620935
SOLUSDT_lower5_all_h72,SOL all 72H,phase2_lower5_best,SOLUSDT,lower,5pct,long,all,-3.7212992607,18,72,2025-05-13 00:00,2025-05-13 04:00,2025-05-16 00:00,-4.2185516925,Q3_mid,1.7203508108,167.1000000000,167.1000000000,172.3000000000,166.3700000000,184.7200000000,0.0000000000,3.0644707933,3.0644707933,-0.4378211930,10.0248729445
SOLUSDT_lower5_all_h72,SOL all 72H,phase2_lower5_best,SOLUSDT,lower,5pct,long,all,-3.7212992607,18,72,2025-05-18 16:00,2025-05-18 20:00,2025-05-21 16:00,-5.0017702087,Q3_mid,1.6952171579,167.4800000000,166.7400000000,171.3000000000,159.6500000000,174.7500000000,-0.4428228168,2.2552464179,2.6980692348,-4.3451793822,4.6920668131
SOLUSDT_lower5_all_h72,SOL all 72H,phase2_lower5_best,SOLUSDT,lower,5pct,long,all,-3.7212992607,18,72,2025-05-19 00:00,2025-05-19 04:00,2025-05-22 00:00,-4.8009219186,Q3_mid,2.1287153834,165.3100000000,165.4400000000,177.0800000000,159.6500000000,177.3400000000,0.0786092255,6.8779108799,6.7993016544,-3.5624672159,6.9460202632
SOLUSDT_lower5_all_h72,SOL all 72H,phase2_lower5_best,SOLUSDT,lower,5pct,long,all,-3.7212992607,18,72,2025-06-13 00:00,2025-06-13 04:00,2025-06-16 00:00,-5.2179903373,Q3_mid,1.9774148651,144.8700000000,144.6600000000,155.4700000000,142.1400000000,157.2100000000,-0.1450627132,7.0615998408,7.2066625541,-1.7573674022,8.3196329782
SOLUSDT_lower5_all_h72,SOL all 72H,phase2_lower5_best,SOLUSDT,lower,5pct,long,all,-3.7212992607,18,72,2025-06-16 20:00,2025-06-17 00:00,2025-06-19 20:00,-4.5849209282,Q2_lower,1.5591960373,150.4800000000,150.6800000000,147.0600000000,143.1800000000,154.0900000000,0.1328197831,-2.2989518225,-2.4317716056,-5.1055802856,2.2378464470
SOLUSDT_lower5_all_h72,SOL all 72H,phase2_lower5_best,SOLUSDT,lower,5pct,long,all,-3.7212992607,18,72,2025-06-20 12:00,2025-06-20 16:00,2025-06-23 12:00,-3.8521854908,Q1_low,1.2321426280,142.5900000000,142.9400000000,133.4700000000,126.2600000000,143.0200000000,0.2451582498,-6.6096645808,-6.8548228306,-12.4081688852,0.0559518828
SOLUSDT_lower5_all_h72,SOL all 72H,phase2_lower5_best,SOLUSDT,lower,5pct,long,all,-3.7212992607,18,72,2025-08-05 12:00,2025-08-05 16:00,2025-08-08 12:00,-4.3295252019,Q3_mid,1.6833479153,163.6300000000,163.8700000000,174.6600000000,161.2600000000,178.8400000000,0.1465649117,6.5233445545,6.3767796427,-1.6055461301,8.7418120808
SOLUSDT_lower5_all_h72,SOL all 72H,phase2_lower5_best,SOLUSDT,lower,5pct,long,all,-3.7212992607,18,72,2025-08-10 04:00,2025-08-10 08:00,2025-08-13 04:00,-3.8180554748,Q3_mid,1.6366002678,178.3200000000,178.7000000000,198.7400000000,173.6800000000,199.9000000000,0.2128733088,10.8417748726,10.6289015638,-2.8493896595,11.2108819341
SOLUSDT_lower5_all_h72,SOL all 72H,phase2_lower5_best,SOLUSDT,lower,5pct,long,all,-3.7212992607,18,72,2025-08-14 12:00,2025-08-14 16:00,2025-08-17 12:00,-4.1360977004,Q4_higher,2.2630279600,195.1300000000,194.9100000000,195.1900000000,183.4900000000,197.6000000000,-0.1128089546,0.0307440052,0.1435529598,-6.0377743464,1.3706871753
SOLUSDT_lower5_all_h72,SOL all 72H,phase2_lower5_best,SOLUSDT,lower,5pct,long,all,-3.7212992607,18,72,2025-08-15 12:00,2025-08-15 16:00,2025-08-18 12:00,-4.5718043915,Q4_higher,2.4492075769,185.9800000000,185.5300000000,182.6400000000,180.1500000000,195.6600000000,-0.2422547011,-1.8122138829,-1.5699591817,-2.9426756845,5.3161864990
SOLUSDT_lower5_all_h72,SOL all 72H,phase2_lower5_best,SOLUSDT,lower,5pct,long,all,-3.7212992607,18,72,2025-08-18 00:00,2025-08-18 04:00,2025-08-21 00:00,-4.4551631077,Q3_mid,1.7739298423,182.8400000000,182.8400000000,188.7500000000,175.9100000000,190.0000000000,0.0000000000,3.1811934666,3.1811934666,-3.8638952853,3.8412618697
SOLUSDT_lower5_all_h72,SOL all 72H,phase2_lower5_best,SOLUSDT,lower,5pct,long,all,-3.7212992607,18,72,2025-08-25 04:00,2025-08-25 08:00,2025-08-28 04:00,-4.5870844672,Q4_higher,2.4626104150,199.6200000000,199.7400000000,213.1500000000,185.7300000000,213.2800000000,0.0600961557,6.5580583953,6.4979622396,-7.2722514616,6.5589335615
SOLUSDT_lower5_all_h72,SOL all 72H,phase2_lower5_best,SOLUSDT,lower,5pct,long,all,-3.7212992607,18,72,2025-08-29 04:00,2025-08-29 08:00,2025-09-01 04:00,-3.9327739823,Q3_mid,1.8550427853,208.4200000000,209.0600000000,202.7700000000,196.3700000000,214.7100000000,0.3066017540,-2.7482942784,-3.0548960324,-6.2620657342,2.6666988314
SOLUSDT_lower5_all_h72,SOL all 72H,phase2_lower5_best,SOLUSDT,lower,5pct,long,all,-3.7212992607,18,72,2025-09-22 04:00,2025-09-22 08:00,2025-09-25 04:00,-4.5635462092,Q1_low,1.2012577799,222.0900000000,221.9600000000,203.9600000000,203.2900000000,224.1600000000,-0.0585519665,-8.5158808936,-8.4573289271,-8.7863654425,0.9862897131
SOLUSDT_lower5_all_h72,SOL all 72H,phase2_lower5_best,SOLUSDT,lower,5pct,long,all,-3.7212992607,18,72,2025-10-10 12:00,2025-10-10 16:00,2025-10-13 12:00,-4.8140233202,Q3_mid,1.7372778493,211.0800000000,211.0700000000,196.4900000000,172.8100000000,213.0200000000,-0.0047376525,-7.1625669108,-7.1578292583,-19.9997106947,0.9196226002
SOLUSDT_lower5_all_h72,SOL all 72H,phase2_lower5_best,SOLUSDT,lower,5pct,long,all,-3.7212992607,18,72,2025-10-10 20:00,2025-10-11 00:00,2025-10-13 20:00,-8.6034717309,Q4_higher,2.5001122377,188.6600000000,190.2400000000,208.4700000000,172.8100000000,208.9700000000,0.8339979721,9.9848692773,9.1508713052,-9.6093707877,9.3904268050
SOLUSDT_lower5_all_h72,SOL all 72H,phase2_lower5_best,SOLUSDT,lower,5pct,long,all,-3.7212992607,18,72,2025-10-11 16:00,2025-10-11 20:00,2025-10-14 16:00,-3.8428947475,Q4_higher,2.5571661661,176.8900000000,177.7000000000,199.1500000000,172.8100000000,210.9400000000,0.4568664705,11.8530239172,11.3961574467,-2.7904010095,17.1476997688
SOLUSDT_lower5_all_h72,SOL all 72H,phase2_lower5_best,SOLUSDT,lower,5pct,long,all,-3.7212992607,18,72,2025-10-14 04:00,2025-10-14 08:00,2025-10-17 04:00,-6.0557905618,Q4_higher,2.7700352365,193.9800000000,194.4000000000,177.6100000000,177.4400000000,208.7100000000,0.2162831061,-8.8164925686,-9.0327756747,-9.1285368424,7.1027836577
SOLUSDT_lower5_all_h72,SOL all 72H,phase2_lower5_best,SOLUSDT,lower,5pct,long,all,-3.7212992607,18,72,2025-10-16 12:00,2025-10-16 16:00,2025-10-19 12:00,-4.5797600118,Q4_higher,2.5521779783,187.5700000000,187.0000000000,190.7200000000,174.3500000000,192.2100000000,-0.3043492218,1.6654274805,1.9697767022,-7.0043843733,2.7479907464
SOLUSDT_lower5_all_h72,SOL all 72H,phase2_lower5_best,SOLUSDT,lower,5pct,long,all,-3.7212992607,18,72,2025-10-17 04:00,2025-10-17 08:00,2025-10-20 04:00,-5.2534008534,Q4_higher,2.3991263791,177.6100000000,177.7200000000,193.0100000000,174.3500000000,194.3600000000,0.0619142788,8.3151865755,8.2532722966,-1.9144504946,8.9502831470
SOLUSDT_lower5_all_h72,SOL all 72H,phase2_lower5_best,SOLUSDT,lower,5pct,long,all,-3.7212992607,18,72,2025-10-21 20:00,2025-10-22 00:00,2025-10-24 20:00,-4.5396444819,Q3_mid,1.8482666560,185.3900000000,185.2500000000,193.4900000000,177.0900000000,196.2000000000,-0.0755450068,4.2764117303,4.3519567372,-4.5048186255,5.7428282955
SOLUSDT_lower5_all_h72,SOL all 72H,phase2_lower5_best,SOLUSDT,lower,5pct,long,all,-3.7212992607,18,72,2025-10-30 12:00,2025-10-30 16:00,2025-11-02 12:00,-4.1798712544,Q2_lower,1.3873628441,184.6100000000,184.9900000000,184.2300000000,178.6900000000,190.2400000000,0.2056277781,-0.2060514773,-0.4116792554,-3.4649308673,2.7984663379
SOLUSDT_lower5_all_h72,SOL all 72H,phase2_lower5_best,SOLUSDT,lower,5pct,long,all,-3.7212992607,18,72,2025-11-03 00:00,2025-11-03 04:00,2025-11-06 00:00,-5.6929944350,Q3_mid,1.7495166003,177.5300000000,177.5600000000,162.5900000000,146.1300000000,178.7400000000,0.0168971247,-8.7907914111,-8.8076885358,-19.4811943479,0.6623655987
SOLUSDT_lower5_all_h72,SOL all 72H,phase2_lower5_best,SOLUSDT,lower,5pct,long,all,-3.7212992607,18,72,2025-11-03 12:00,2025-11-03 16:00,2025-11-06 12:00,-4.8508152656,Q3_mid,1.8636531815,167.1900000000,166.7400000000,156.1700000000,146.1300000000,170.8300000000,-0.2695177267,-6.8185732750,-6.5490555483,-13.1939076496,2.4233196976
SOLUSDT_lower5_all_h72,SOL all 72H,phase2_lower5_best,SOLUSDT,lower,5pct,long,all,-3.7212992607,18,72,2025-11-04 04:00,2025-11-04 08:00,2025-11-07 04:00,-6.6664680645,Q4_higher,2.2611438777,157.1000000000,156.8600000000,156.8900000000,146.1300000000,167.4700000000,-0.1528857477,-0.1337622417,0.0191235060,-7.0857051298,6.5450542962
SOLUSDT_lower5_all_h72,SOL all 72H,phase2_lower5_best,SOLUSDT,lower,5pct,long,all,-3.7212992607,18,72,2025-11-04 16:00,2025-11-04 20:00,2025-11-07 16:00,-4.6785124640,Q4_higher,2.5446355507,154.2900000000,154.2900000000,164.0000000000,146.1300000000,164.2900000000,0.0000000000,6.1032479369,6.1032479369,-5.4337311968,6.2799210463
SOLUSDT_lower5_all_h72,SOL all 72H,phase2_lower5_best,SOLUSDT,lower,5pct,long,all,-3.7212992607,18,72,2025-11-13 16:00,2025-11-13 20:00,2025-11-16 16:00,-7.1628362400,Q4_higher,2.2032228659,142.4800000000,142.6500000000,136.9400000000,134.5700000000,146.1300000000,0.1192438678,-3.9658765288,-4.0851203967,-5.8309567906,2.4102558827
SOLUSDT_lower5_all_h72,SOL all 72H,phase2_lower5_best,SOLUSDT,lower,5pct,long,all,-3.7212992607,18,72,2025-11-17 16:00,2025-11-17 20:00,2025-11-20 16:00,-5.6240923583,Q3_mid,2.0290336653,129.6400000000,129.5600000000,133.9700000000,128.9700000000,144.5900000000,-0.0617283970,3.2854516016,3.3471799986,-0.4564275127,10.9758056737
SOLUSDT_lower5_all_h72,SOL all 72H,phase2_lower5_best,SOLUSDT,lower,5pct,long,all,-3.7212992607,18,72,2025-11-21 04:00,2025-11-21 08:00,2025-11-24 04:00,-4.4393712474,Q4_higher,2.2896886960,127.3300000000,127.4300000000,130.3500000000,121.7500000000,134.1400000000,0.0785052639,2.3440998794,2.2655946155,-4.5597432261,5.1316836447
SOLUSDT_lower5_all_h72,SOL all 72H,phase2_lower5_best,SOLUSDT,lower,5pct,long,all,-3.7212992607,18,72,2025-12-01 00:00,2025-12-01 04:00,2025-12-04 00:00,-4.8925095692,Q2_lower,1.5084262291,127.0400000000,126.9600000000,144.6600000000,123.3000000000,146.8500000000,-0.0629921281,12.9884163922,13.0514085203,-2.9251666048,14.5539581426
SOLUSDT_lower5_all_h72,SOL all 72H,phase2_lower5_best,SOLUSDT,lower,5pct,long,all,-3.7212992607,18,72,2025-12-11 00:00,2025-12-11 04:00,2025-12-14 00:00,-5.1250822443,Q4_higher,2.1478184524,129.5000000000,129.7700000000,132.9100000000,129.5000000000,140.0400000000,0.2082771610,2.5991326294,2.3908554684,-0.2082771610,7.6164443337
SOLUSDT_lower5_all_h72,SOL all 72H,phase2_lower5_best,SOLUSDT,lower,5pct,long,all,-3.7212992607,18,72,2025-12-12 12:00,2025-12-12 16:00,2025-12-15 12:00,-4.2048678659,Q4_higher,2.2397460592,132.9600000000,133.8300000000,126.8600000000,126.3700000000,135.2600000000,0.6522006701,-4.6964214901,-5.3486221603,-5.7356226038,1.0628514339
SOLUSDT_lower5_all_h72,SOL all 72H,phase2_lower5_best,SOLUSDT,lower,5pct,long,all,-3.7212992607,18,72,2025-12-15 12:00,2025-12-15 16:00,2025-12-18 12:00,-4.2290252378,Q2_lower,1.4362880356,126.8600000000,126.6800000000,127.4100000000,121.4500000000,134.3000000000,-0.1419894535,0.4326116788,0.5746011323,-4.2161566222,5.8411881859
SOLUSDT_lower5_all_h72,SOL all 72H,phase2_lower5_best,SOLUSDT,lower,5pct,long,all,-3.7212992607,18,72,2025-12-18 16:00,2025-12-18 20:00,2025-12-21 16:00,-7.8591755477,Q4_higher,2.4593928367,117.7800000000,117.6800000000,125.7800000000,117.0000000000,127.7700000000,-0.0849401223,6.5715871599,6.6565272822,-0.5795141495,8.2262696310
SOLUSDT_lower5_all_h72,SOL all 72H,phase2_lower5_best,SOLUSDT,lower,5pct,long,all,-3.7212992607,18,72,2026-01-25 16:00,2026-01-25 20:00,2026-01-28 16:00,-6.3291456221,Q2_lower,1.5287937750,117.8500000000,117.9100000000,125.9500000000,117.5300000000,128.3000000000,0.0508992206,6.6472373416,6.5963381210,-0.3228001444,8.4449650033
SOLUSDT_lower5_all_h72,SOL all 72H,phase2_lower5_best,SOLUSDT,lower,5pct,long,all,-3.7212992607,18,72,2026-01-29 12:00,2026-01-29 16:00,2026-02-01 12:00,-4.3331380562,Q2_lower,1.2556941895,117.6500000000,117.6500000000,102.3700000000,96.5200000000,119.8500000000,0.0000000000,-13.9120414242,-13.9120414242,-19.7963874417,1.8526845707
SOLUSDT_lower5_all_h72,SOL all 72H,phase2_lower5_best,SOLUSDT,lower,5pct,long,all,-3.7212992607,18,72,2026-01-31 12:00,2026-01-31 16:00,2026-02-03 12:00,-6.6940807337,Q3_mid,2.0150320561,108.6200000000,108.6200000000,102.6100000000,96.0000000000,109.4800000000,0.0000000000,-5.6920158733,-5.6920158733,-12.3507361139,0.7886331566
SOLUSDT_lower5_all_h72,SOL all 72H,phase2_lower5_best,SOLUSDT,lower,5pct,long,all,-3.7212992607,18,72,2026-01-31 16:00,2026-01-31 20:00,2026-02-03 16:00,-6.1804889039,Q4_higher,2.3054324608,102.1100000000,101.9600000000,99.1300000000,96.0000000000,106.6600000000,-0.1470084060,-2.9618543523,-2.8148459463,-6.0232388040,4.5065625665
SOLUSDT_lower5_all_h72,SOL all 72H,phase2_lower5_best,SOLUSDT,lower,5pct,long,all,-3.7212992607,18,72,2026-02-05 12:00,2026-02-05 16:00,2026-02-08 12:00,-6.1667295047,Q3_mid,1.9451142885,84.5800000000,84.5000000000,87.8200000000,67.5200000000,89.7900000000,-0.0946297681,3.7591433089,3.8537730770,-22.4327684075,6.0722076170
SOLUSDT_lower5_all_h72,SOL all 72H,phase2_lower5_best,SOLUSDT,lower,5pct,long,all,-3.7212992607,18,72,2026-02-05 20:00,2026-02-06 00:00,2026-02-08 20:00,-4.2905711644,Q3_mid,1.9537883325,78.2400000000,78.5800000000,87.0000000000,67.5200000000,89.7900000000,0.4336188404,10.6127092928,10.1790904524,-15.1693363843,13.3356396402
SOLUSDT_lower5_all_h72,SOL all 72H,phase2_lower5_best,SOLUSDT,lower,5pct,long,all,-3.7212992607,18,72,2026-02-23 00:00,2026-02-23 04:00,2026-02-26 00:00,-6.2080747798,Q3_mid,1.6479899192,77.9100000000,77.6200000000,88.1400000000,75.6600000000,92.0000000000,-0.3729188402,12.3372145071,12.7101333473,-2.5575506736,16.9963451108
SOLUSDT_lower5_all_h72,SOL all 72H,phase2_lower5_best,SOLUSDT,lower,5pct,long,all,-3.7212992607,18,72,2026-02-27 08:00,2026-02-27 12:00,2026-03-02 08:00,-4.5055300570,Q3_mid,1.8872379147,83.5400000000,83.5300000000,84.1600000000,77.1900000000,88.8400000000,-0.0119710301,0.7394189920,0.7513900222,-7.8935933806,6.1631150258
SOLUSDT_lower5_all_h72,SOL all 72H,phase2_lower5_best,SOLUSDT,lower,5pct,long,all,-3.7212992607,18,72,2026-05-13 12:00,2026-05-13 16:00,2026-05-16 12:00,-4.2259809290,Q2_lower,1.4613160744,90.3500000000,90.5000000000,86.6500000000,85.5600000000,93.6200000000,0.1658833668,-4.1814000877,-4.3472834544,-5.6131966492,3.3894185166
BTCUSDT_lower5_Q5_high_h48,BTC Q5 48H,phase3_lower5_Q5_best,BTCUSDT,lower,5pct,long,Q5_high,-1.8987744291,12,48,2020-09-03 12:00,2020-09-03 16:00,2020-09-05 12:00,-4.9167286704,Q5_high,1.4731534009,10670.2800000000,10670.2800000000,10273.8900000000,9875.5000000000,10794.6200000000,0.0000000000,-3.7856581419,-3.7856581419,-7.7405364352,1.1585555096
BTCUSDT_lower5_Q5_high_h48,BTC Q5 48H,phase3_lower5_Q5_best,BTCUSDT,lower,5pct,long,Q5_high,-1.8987744291,12,48,2020-09-03 20:00,2020-09-04 00:00,2020-09-05 20:00,-5.2052853397,Q5_high,1.7867970204,10140.8500000000,10138.2900000000,10166.6900000000,9825.0000000000,10627.0500000000,-0.0252476191,0.2544868945,0.2797345136,-3.1389187133,4.7083292488
BTCUSDT_lower5_Q5_high_h48,BTC Q5 48H,phase3_lower5_Q5_best,BTCUSDT,lower,5pct,long,Q5_high,-1.8987744291,12,48,2020-09-05 16:00,2020-09-05 20:00,2020-09-07 16:00,-3.1364051358,Q5_high,1.8587423575,9956.6600000000,9956.6600000000,10148.4700000000,9875.0000000000,10347.1400000000,0.0000000000,1.9081281218,1.9081281218,-0.8235363204,3.8468479032
BTCUSDT_lower5_Q5_high_h48,BTC Q5 48H,phase3_lower5_Q5_best,BTCUSDT,lower,5pct,long,Q5_high,-1.8987744291,12,48,2020-11-07 16:00,2020-11-07 20:00,2020-11-09 16:00,-4.6329624755,Q5_high,1.6832935128,14643.5200000000,14643.5200000000,15360.0000000000,14344.2200000000,15840.0000000000,0.0000000000,4.7768810928,4.7768810928,-2.0650843183,7.8540469595
BTCUSDT_lower5_Q5_high_h48,BTC Q5 48H,phase3_lower5_Q5_best,BTCUSDT,lower,5pct,long,Q5_high,-1.8987744291,12,48,2020-11-09 12:00,2020-11-09 16:00,2020-11-11 12:00,-5.2046995362,Q5_high,1.9278088722,15000.9600000000,15000.9600000000,15667.2700000000,14805.5400000000,15718.9100000000,0.0000000000,4.3459623884,4.3459623884,-1.3112764002,4.6750247120
BTCUSDT_lower5_Q5_high_h48,BTC Q5 48H,phase3_lower5_Q5_best,BTCUSDT,lower,5pct,long,Q5_high,-1.8987744291,12,48,2020-11-26 00:00,2020-11-26 04:00,2020-11-28 00:00,-4.3182306260,Q5_high,1.6311077348,17927.9800000000,17927.9800000000,16990.2700000000,16188.0000000000,18100.0000000000,0.0000000000,-5.3721793666,-5.3721793666,-10.2092393911,0.9549317347
BTCUSDT_lower5_Q5_high_h48,BTC Q5 48H,phase3_lower5_Q5_best,BTCUSDT,lower,5pct,long,Q5_high,-1.8987744291,12,48,2020-11-26 08:00,2020-11-26 12:00,2020-11-28 08:00,-2.9950481614,Q5_high,1.7738829006,17100.0000000000,17100.0000000000,17160.2900000000,16188.0000000000,17457.6200000000,0.0000000000,0.3519530175,0.3519530175,-5.4808236495,2.0697766042
BTCUSDT_lower5_Q5_high_h48,BTC Q5 48H,phase3_lower5_Q5_best,BTCUSDT,lower,5pct,long,Q5_high,-1.8987744291,12,48,2020-11-26 16:00,2020-11-26 20:00,2020-11-28 16:00,-2.3237801011,Q5_high,1.8009910164,16516.8700000000,16516.8600000000,17814.5000000000,16438.0800000000,17840.0000000000,-0.0000605442,7.5630449598,7.5631055040,-0.4781082901,7.7061449764
BTCUSDT_lower5_Q5_high_h48,BTC Q5 48H,phase3_lower5_Q5_best,BTCUSDT,lower,5pct,long,Q5_high,-1.8987744291,12,48,2020-12-20 00:00,2020-12-20 04:00,2020-12-22 00:00,-2.0146928617,Q5_high,1.5998118914,23346.4800000000,23346.2500000000,22851.2000000000,21815.0000000000,24295.0000000000,-0.0009851641,-2.1442590914,-2.1432739273,-6.7838565070,3.9834196212
BTCUSDT_lower5_Q5_high_h48,BTC Q5 48H,phase3_lower5_Q5_best,BTCUSDT,lower,5pct,long,Q5_high,-1.8987744291,12,48,2020-12-21 08:00,2020-12-21 12:00,2020-12-23 08:00,-5.7243537416,Q5_high,1.8621404284,22645.8500000000,22646.7000000000,23064.0100000000,21815.0000000000,24050.0000000000,0.0037533767,1.8296781729,1.8259247962,-3.7416339375,6.0120850602
BTCUSDT_lower5_Q5_high_h48,BTC Q5 48H,phase3_lower5_Q5_best,BTCUSDT,lower,5pct,long,Q5_high,-1.8987744291,12,48,2020-12-23 08:00,2020-12-23 12:00,2020-12-25 08:00,-2.1095709057,Q5_high,1.7666764732,23064.0100000000,23064.0100000000,24574.4000000000,22600.0000000000,24681.0000000000,0.0000000000,6.3431856767,6.3431856767,-2.0323487634,6.7760322943
BTCUSDT_lower5_Q5_high_h48,BTC Q5 48H,phase3_lower5_Q5_best,BTCUSDT,lower,5pct,long,Q5_high,-1.8987744291,12,48,2020-12-25 12:00,2020-12-25 16:00,2020-12-27 12:00,-2.2604884807,Q5_high,1.5382165650,24025.1300000000,24025.1300000000,27359.6200000000,23987.1600000000,28422.0000000000,0.0000000000,12.9967837897,12.9967837897,-0.1581678688,16.8063127298
BTCUSDT_lower5_Q5_high_h48,BTC Q5 48H,phase3_lower5_Q5_best,BTCUSDT,lower,5pct,long,Q5_high,-1.8987744291,12,48,2020-12-27 20:00,2020-12-28 00:00,2020-12-29 20:00,-2.9985757744,Q5_high,1.8538376383,26281.6600000000,26281.5400000000,27385.0000000000,25880.0000000000,27500.0000000000,-0.0004565932,4.1124060709,4.1128626641,-1.5396321962,4.5319213077
BTCUSDT_lower5_Q5_high_h48,BTC Q5 48H,phase3_lower5_Q5_best,BTCUSDT,lower,5pct,long,Q5_high,-1.8987744291,12,48,2020-12-29 00:00,2020-12-29 04:00,2020-12-31 00:00,-2.3721681839,Q5_high,1.8161799442,26444.6000000000,26445.5000000000,29024.0000000000,25880.0000000000,29300.0000000000,0.0034032834,9.3071095262,9.3037062428,-2.1615541872,10.2501504518
BTCUSDT_lower5_Q5_high_h48,BTC Q5 48H,phase3_lower5_Q5_best,BTCUSDT,lower,5pct,long,Q5_high,-1.8987744291,12,48,2020-12-30 08:00,2020-12-30 12:00,2021-01-01 08:00,-1.9486457881,Q5_high,1.8579698147,27838.8200000000,27836.9500000000,29313.4900000000,27577.0000000000,29470.0000000000,-0.0067174644,5.1616370113,5.1683544756,-0.9382182892,5.7008521883
BTCUSDT_lower5_Q5_high_h48,BTC Q5 48H,phase3_lower5_Q5_best,BTCUSDT,lower,5pct,long,Q5_high,-1.8987744291,12,48,2021-01-02 20:00,2021-01-03 00:00,2021-01-04 20:00,-2.6038219759,Q5_high,1.8780106696,32178.3300000000,32176.4500000000,31988.7100000000,28130.0000000000,34778.1100000000,-0.0058426118,-0.5910216584,-0.5851790465,-13.4398196010,7.7753347362
BTCUSDT_lower5_Q5_high_h48,BTC Q5 48H,phase3_lower5_Q5_best,BTCUSDT,lower,5pct,long,Q5_high,-1.8987744291,12,48,2021-01-03 12:00,2021-01-03 16:00,2021-01-05 12:00,-2.6706769757,Q5_high,2.3051869791,33506.6200000000,33505.1500000000,32099.9800000000,28130.0000000000,33861.9200000000,-0.0043872890,-4.2887624166,-4.2843751276,-17.4862535857,1.0591920814
BTCUSDT_lower5_Q5_high_h48,BTC Q5 48H,phase3_lower5_Q5_best,BTCUSDT,lower,5pct,long,Q5_high,-1.8987744291,12,48,2021-01-03 16:00,2021-01-03 20:00,2021-01-05 16:00,-2.2162131080,Q5_high,2.3728584895,32772.2100000000,32775.1000000000,33697.7500000000,28130.0000000000,34187.0900000000,0.0088180583,2.7850169383,2.7761988800,-15.2832458249,4.2179006672
BTCUSDT_lower5_Q5_high_h48,BTC Q5 48H,phase3_lower5_Q5_best,BTCUSDT,lower,5pct,long,Q5_high,-1.8987744291,12,48,2021-01-04 04:00,2021-01-04 08:00,2021-01-06 04:00,-4.3814614646,Q5_high,2.6263327384,32068.8400000000,32068.8400000000,34676.4000000000,28130.0000000000,35766.5800000000,0.0000000000,7.8174498121,7.8174498121,-13.1048219673,10.9129095678
BTCUSDT_lower5_Q5_high_h48,BTC Q5 48H,phase3_lower5_Q5_best,BTCUSDT,lower,5pct,long,Q5_high,-1.8987744291,12,48,2021-01-04 08:00,2021-01-04 12:00,2021-01-06 08:00,-4.2220564451,Q5_high,2.8240578713,30743.0600000000,30742.9900000000,34918.5300000000,29900.0000000000,35766.5800000000,-0.0002276939,12.7353356142,12.7355633081,-2.7803520388,15.1351937069
BTCUSDT_lower5_Q5_high_h48,BTC Q5 48H,phase3_lower5_Q5_best,BTCUSDT,lower,5pct,long,Q5_high,-1.8987744291,12,48,2021-01-05 00:00,2021-01-05 04:00,2021-01-07 00:00,-2.4964933231,Q5_high,2.9584055399,31200.0000000000,31190.0400000000,37454.4800000000,29900.0000000000,37699.0000000000,-0.0319281734,18.2708234161,18.3027515896,-4.2240332685,18.9534755822
BTCUSDT_lower5_Q5_high_h48,BTC Q5 48H,phase3_lower5_Q5_best,BTCUSDT,lower,5pct,long,Q5_high,-1.8987744291,12,48,2021-01-08 00:00,2021-01-08 04:00,2021-01-10 00:00,-2.7905864552,Q5_high,2.1764524321,38347.1000000000,38347.1100000000,40316.6400000000,37563.9200000000,41950.0000000000,0.0000260776,5.0085381299,5.0085120523,-2.0635151192,8.9799266479
BTCUSDT_lower5_Q5_high_h48,BTC Q5 48H,phase3_lower5_Q5_best,BTCUSDT,lower,5pct,long,Q5_high,-1.8987744291,12,48,2021-01-10 08:00,2021-01-10 12:00,2021-01-12 08:00,-4.4837914746,Q5_high,2.2828498083,39181.7600000000,39175.0900000000,35410.9900000000,30420.0000000000,40126.0000000000,-0.0170246763,-10.1189108449,-10.1018861686,-25.2940798792,2.3983417635
BTCUSDT_lower5_Q5_high_h48,BTC Q5 48H,phase3_lower5_Q5_best,BTCUSDT,lower,5pct,long,Q5_high,-1.8987744291,12,48,2021-01-10 16:00,2021-01-10 20:00,2021-01-12 16:00,-5.7453391912,Q5_high,2.5684060548,37456.7700000000,37472.4000000000,34685.1100000000,30420.0000000000,39000.0000000000,0.0417194004,-7.6876979759,-7.7294173763,-20.8504375164,3.9956984134
BTCUSDT_lower5_Q5_high_h48,BTC Q5 48H,phase3_lower5_Q5_best,BTCUSDT,lower,5pct,long,Q5_high,-1.8987744291,12,48,2021-01-11 00:00,2021-01-11 04:00,2021-01-13 00:00,-7.3735101054,Q5_high,2.9857208839,35438.2300000000,35438.2300000000,33818.5000000000,30420.0000000000,36628.0000000000,0.0000000000,-4.6783190890,-4.6783190890,-15.2690894092,3.3021794322
BTCUSDT_lower5_Q5_high_h48,BTC Q5 48H,phase3_lower5_Q5_best,BTCUSDT,lower,5pct,long,Q5_high,-1.8987744291,12,48,2021-01-11 04:00,2021-01-11 08:00,2021-01-13 04:00,-3.0451734076,Q5_high,3.0181926782,34375.3400000000,34372.2500000000,34986.9000000000,30420.0000000000,36628.0000000000,-0.0089894060,1.7634258866,1.7724152926,-12.2149265955,6.3563422459
BTCUSDT_lower5_Q5_high_h48,BTC Q5 48H,phase3_lower5_Q5_best,BTCUSDT,lower,5pct,long,Q5_high,-1.8987744291,12,48,2021-01-11 12:00,2021-01-11 16:00,2021-01-13 12:00,-7.9659529091,Q5_high,3.3580943689,31580.0000000000,31582.8200000000,34673.9000000000,30420.0000000000,36628.0000000000,0.0089293037,9.3463233727,9.3373940690,-3.7513015033,14.8199673381
BTCUSDT_lower5_Q5_high_h48,BTC Q5 48H,phase3_lower5_Q5_best,BTCUSDT,lower,5pct,long,Q5_high,-1.8987744291,12,48,2021-01-12 08:00,2021-01-12 12:00,2021-01-14 08:00,-2.7920107298,Q5_high,4.0156534946,35410.9900000000,35410.9900000000,38365.8600000000,32380.0000000000,38786.1000000000,0.0000000000,8.0145777706,8.0145777706,-8.9481275687,9.1039711084
BTCUSDT_lower5_Q5_high_h48,BTC Q5 48H,phase3_lower5_Q5_best,BTCUSDT,lower,5pct,long,Q5_high,-1.8987744291,12,48,2021-01-12 12:00,2021-01-12 16:00,2021-01-14 12:00,-4.5691977039,Q5_high,4.1085684583,33829.4000000000,33829.4000000000,39546.0100000000,32380.0000000000,40100.0000000000,0.0000000000,15.6134557271,15.6134557271,-4.3789298648,17.0046087415
BTCUSDT_lower5_Q5_high_h48,BTC Q5 48H,phase3_lower5_Q5_best,BTCUSDT,lower,5pct,long,Q5_high,-1.8987744291,12,48,2021-01-15 12:00,2021-01-15 16:00,2021-01-17 12:00,-6.7800609717,Q5_high,2.8472865402,35610.7200000000,35610.7900000000,35728.4700000000,33850.0000000000,37950.0000000000,0.0001965698,0.3301133835,0.3299168137,-5.0709682465,6.3620822018
BTCUSDT_lower5_Q5_high_h48,BTC Q5 48H,phase3_lower5_Q5_best,BTCUSDT,lower,5pct,long,Q5_high,-1.8987744291,12,48,2021-01-16 16:00,2021-01-16 20:00,2021-01-18 16:00,-2.9406881117,Q5_high,2.6828789292,36376.3900000000,36376.3900000000,35956.1400000000,33850.0000000000,37469.8300000000,0.0000000000,-1.1620075469,-1.1620075469,-7.1980938462,2.9616138012
BTCUSDT_lower5_Q5_high_h48,BTC Q5 48H,phase3_lower5_Q5_best,BTCUSDT,lower,5pct,long,Q5_high,-1.8987744291,12,48,2021-01-17 04:00,2021-01-17 08:00,2021-01-19 04:00,-3.9930365898,Q5_high,2.5574397494,34760.9000000000,34760.9100000000,37168.8200000000,33850.0000000000,37469.8300000000,0.0000287680,6.6977045882,6.6976758202,-2.6554480213,7.5042596261
BTCUSDT_lower5_Q5_high_h48,BTC Q5 48H,phase3_lower5_Q5_best,BTCUSDT,lower,5pct,long,Q5_high,-1.8987744291,12,48,2021-01-18 00:00,2021-01-18 04:00,2021-01-20 00:00,-2.0367558959,Q5_high,2.3712868023,35106.2500000000,35108.2700000000,35062.4900000000,34800.0000000000,37850.0000000000,0.0057537957,-0.1247279221,-0.1304817177,-0.8819328475,7.5194264628
BTCUSDT_lower5_Q5_high_h48,BTC Q5 48H,phase3_lower5_Q5_best,BTCUSDT,lower,5pct,long,Q5_high,-1.8987744291,12,48,2021-01-19 16:00,2021-01-19 20:00,2021-01-21 16:00,-2.8519556110,Q5_high,1.7726854257,36279.8200000000,36281.6600000000,32468.6600000000,31037.0000000000,36777.8800000000,0.0050715614,-11.0986347424,-11.1037063038,-15.6132338278,1.3584198056
BTCUSDT_lower5_Q5_high_h48,BTC Q5 48H,phase3_lower5_Q5_best,BTCUSDT,lower,5pct,long,Q5_high,-1.8987744291,12,48,2021-01-20 00:00,2021-01-20 04:00,2021-01-22 00:00,-2.3368321962,Q5_high,1.7378250631,35062.4900000000,35062.4900000000,30943.4000000000,28850.0000000000,35939.1200000000,0.0000000000,-12.4972168861,-12.4972168861,-19.5021905124,2.4694497725
BTCUSDT_lower5_Q5_high_h48,BTC Q5 48H,phase3_lower5_Q5_best,BTCUSDT,lower,5pct,long,Q5_high,-1.8987744291,12,48,2021-01-20 08:00,2021-01-20 12:00,2021-01-22 08:00,-3.5693116583,Q5_high,1.9361049084,34426.1700000000,34426.1700000000,31710.8800000000,28850.0000000000,35670.0000000000,0.0000000000,-8.2157191302,-8.2157191302,-17.6707038011,3.5492968406
BTCUSDT_lower5_Q5_high_h48,BTC Q5 48H,phase3_lower5_Q5_best,BTCUSDT,lower,5pct,long,Q5_high,-1.8987744291,12,48,2021-01-21 00:00,2021-01-21 04:00,2021-01-23 00:00,-2.5619582550,Q5_high,1.8947046689,34571.0900000000,34572.4200000000,32365.0100000000,28850.0000000000,35019.0100000000,0.0038470711,-6.5939882692,-6.5978353403,-18.0946261422,1.2834802522
BTCUSDT_lower5_Q5_high_h48,BTC Q5 48H,phase3_lower5_Q5_best,BTCUSDT,lower,5pct,long,Q5_high,-1.8987744291,12,48,2021-01-21 08:00,2021-01-21 12:00,2021-01-23 08:00,-7.2320762665,Q5_high,2.4369677231,32208.6200000000,32206.8900000000,31645.4900000000,28850.0000000000,33826.5300000000,-0.0053713772,-1.7638476202,-1.7584762430,-11.0070411862,4.9065001034
BTCUSDT_lower5_Q5_high_h48,BTC Q5 48H,phase3_lower5_Q5_best,BTCUSDT,lower,5pct,long,Q5_high,-1.8987744291,12,48,2021-01-21 12:00,2021-01-21 16:00,2021-01-23 12:00,-2.5933041982,Q5_high,2.3574429653,31384.0900000000,31384.1900000000,31877.1000000000,28850.0000000000,33826.5300000000,0.0003186323,1.5586807055,1.5583620732,-8.4194269975,7.4941142921
BTCUSDT_lower5_Q5_high_h48,BTC Q5 48H,phase3_lower5_Q5_best,BTCUSDT,lower,5pct,long,Q5_high,-1.8987744291,12,48,2021-01-21 20:00,2021-01-22 00:00,2021-01-23 20:00,-5.1134352119,Q5_high,2.7000379439,30850.1300000000,30851.9900000000,32078.0000000000,28850.0000000000,33826.5300000000,0.0060289663,3.9029472634,3.8969182972,-6.7091260989,9.2044151906
BTCUSDT_lower5_Q5_high_h48,BTC Q5 48H,phase3_lower5_Q5_best,BTCUSDT,lower,5pct,long,Q5_high,-1.8987744291,12,48,2021-01-22 20:00,2021-01-23 00:00,2021-01-24 20:00,-1.9369449087,Q5_high,2.9404697858,32945.1700000000,32950.0000000000,32259.9000000000,30900.0000000000,33456.0000000000,0.0146596481,-2.1019691590,-2.1166288070,-6.4235077045,1.5239881738
BTCUSDT_lower5_Q5_high_h48,BTC Q5 48H,phase3_lower5_Q5_best,BTCUSDT,lower,5pct,long,Q5_high,-1.8987744291,12,48,2021-01-23 08:00,2021-01-23 12:00,2021-01-25 08:00,-3.9824286947,Q5_high,3.0270697368,31645.4900000000,31643.9000000000,33185.2600000000,30900.0000000000,33797.9600000000,-0.0050245389,4.7510159046,4.7560404435,-2.3789213094,6.5855048641
BTCUSDT_lower5_Q5_high_h48,BTC Q5 48H,phase3_lower5_Q5_best,BTCUSDT,lower,5pct,long,Q5_high,-1.8987744291,12,48,2021-01-24 12:00,2021-01-24 16:00,2021-01-26 12:00,-2.7052562501,Q5_high,2.8800086311,31957.0500000000,31956.9000000000,31750.2300000000,30837.3700000000,34875.0000000000,-0.0004693811,-0.6492844352,-0.6488150541,-3.5660853748,8.7382120193
BTCUSDT_lower5_Q5_high_h48,BTC Q5 48H,phase3_lower5_Q5_best,BTCUSDT,lower,5pct,long,Q5_high,-1.8987744291,12,48,2021-01-24 16:00,2021-01-24 20:00,2021-01-26 16:00,-2.0573777936,Q5_high,2.4315220588,31306.2900000000,31306.2900000000,32208.3300000000,30837.3700000000,34875.0000000000,0.0000000000,2.8406078923,2.8406078923,-1.5091769623,10.7951204318
BTCUSDT_lower5_Q5_high_h48,BTC Q5 48H,phase3_lower5_Q5_best,BTCUSDT,lower,5pct,long,Q5_high,-1.8987744291,12,48,2021-01-25 16:00,2021-01-25 20:00,2021-01-27 16:00,-3.0848838239,Q5_high,2.3865574244,33411.5400000000,33411.5400000000,30740.3300000000,29241.7200000000,33473.9200000000,0.0000000000,-8.3325876039,-8.3325876039,-13.3304892609,0.1865278884
BTCUSDT_lower5_Q5_high_h48,BTC Q5 48H,phase3_lower5_Q5_best,BTCUSDT,lower,5pct,long,Q5_high,-1.8987744291,12,48,2021-01-25 20:00,2021-01-26 00:00,2021-01-27 20:00,-3.5253081970,Q5_high,2.4768508904,32254.2000000000,32254.1900000000,30366.1500000000,29241.7200000000,32921.8800000000,-0.0000310037,-6.0319766137,-6.0319456100,-9.8051500602,2.0489525036
BTCUSDT_lower5_Q5_high_h48,BTC Q5 48H,phase3_lower5_Q5_best,BTCUSDT,lower,5pct,long,Q5_high,-1.8987744291,12,48,2021-01-26 00:00,2021-01-26 04:00,2021-01-28 00:00,-2.3068515925,Q5_high,2.3857505883,31518.6600000000,31520.2500000000,31404.2500000000,29241.7200000000,32921.8800000000,0.0050445035,-0.3636517322,-0.3686962357,-7.5033739749,4.3507285889
BTCUSDT_lower5_Q5_high_h48,BTC Q5 48H,phase3_lower5_Q5_best,BTCUSDT,lower,5pct,long,Q5_high,-1.8987744291,12,48,2021-01-27 00:00,2021-01-27 04:00,2021-01-29 00:00,-2.0754571530,Q5_high,2.1639788983,31800.8600000000,31801.2700000000,33733.5800000000,29241.7200000000,34310.0000000000,0.0012892650,5.9000446966,5.8987554316,-8.3909769415,7.5930630775
BTCUSDT_lower5_Q5_high_h48,BTC Q5 48H,phase3_lower5_Q5_best,BTCUSDT,lower,5pct,long,Q5_high,-1.8987744291,12,48,2021-01-27 08:00,2021-01-27 12:00,2021-01-29 08:00,-3.5407285359,Q5_high,2.2679493117,30639.0500000000,30635.7400000000,37025.3200000000,29241.7200000000,37990.0000000000,-0.0108037906,18.9326663756,18.9434701662,-4.6570844583,21.5155665936
BTCUSDT_lower5_Q5_high_h48,BTC Q5 48H,phase3_lower5_Q5_best,BTCUSDT,lower,5pct,long,Q5_high,-1.8987744291,12,48,2021-01-29 04:00,2021-01-29 08:00,2021-01-31 04:00,-4.4468888895,Q5_high,1.9936238555,32266.3500000000,32266.3600000000,33607.9800000000,32006.9100000000,38531.9000000000,0.0000309920,4.0738647254,4.0738337333,-0.8073384448,17.7461268209
BTCUSDT_lower5_Q5_high_h48,BTC Q5 48H,phase3_lower5_Q5_best,BTCUSDT,lower,5pct,long,Q5_high,-1.8987744291,12,48,2021-01-29 16:00,2021-01-29 20:00,2021-01-31 16:00,-7.8722501534,Q5_high,4.0924713836,34318.5700000000,34322.5000000000,32808.8000000000,32171.6700000000,35354.9400000000,0.0114508705,-4.4989834996,-4.5104343701,-6.4714864167,2.9637012193
BTCUSDT_lower5_Q5_high_h48,BTC Q5 48H,phase3_lower5_Q5_best,BTCUSDT,lower,5pct,long,Q5_high,-1.8987744291,12,48,2021-01-30 00:00,2021-01-30 04:00,2021-02-01 00:00,-2.8993719406,Q5_high,4.1483741299,33273.3600000000,33273.3600000000,33573.9700000000,32171.6700000000,34800.0000000000,0.0000000000,0.8993987536,0.8993987536,-3.3670825193,4.4860309965
BTCUSDT_lower5_Q5_high_h48,BTC Q5 48H,phase3_lower5_Q5_best,BTCUSDT,lower,5pct,long,Q5_high,-1.8987744291,12,48,2021-01-31 12:00,2021-01-31 16:00,2021-02-02 12:00,-2.1094063683,Q5_high,4.0253634881,32862.6600000000,32862.6500000000,34708.4700000000,32171.6700000000,35668.1000000000,-0.0000304297,5.4646690571,5.4646994867,-2.1250502896,8.1919977383
BTCUSDT_lower5_Q5_high_h48,BTC Q5 48H,phase3_lower5_Q5_best,BTCUSDT,lower,5pct,long,Q5_high,-1.8987744291,12,48,2021-02-01 12:00,2021-02-01 16:00,2021-02-03 12:00,-3.0388641424,Q5_high,3.8986348134,33160.1700000000,33160.0000000000,36850.0000000000,33133.2600000000,36917.2700000000,-0.0005126645,10.5506161723,10.5511288368,-0.0806718555,10.7335132972
BTCUSDT_lower5_Q5_high_h48,BTC Q5 48H,phase3_lower5_Q5_best,BTCUSDT,lower,5pct,long,Q5_high,-1.8987744291,12,48,2021-02-04 12:00,2021-02-04 16:00,2021-02-06 12:00,-2.0505826515,Q5_high,1.6803938805,36564.2300000000,36564.2300000000,40864.7300000000,36399.7900000000,40866.6600000000,0.0000000000,11.1196903713,11.1196903713,-0.4507434717,11.1244131590
BTCUSDT_lower5_Q5_high_h48,BTC Q5 48H,phase3_lower5_Q5_best,BTCUSDT,lower,5pct,long,Q5_high,-1.8987744291,12,48,2021-02-06 20:00,2021-02-07 00:00,2021-02-08 20:00,-2.5011396220,Q5_high,1.6046695474,39186.9400000000,39181.0100000000,46374.8700000000,37351.0000000000,46794.4500000000,-0.0151337377,16.8414189669,16.8565527047,-4.7832505660,17.7572415505
BTCUSDT_lower5_Q5_high_h48,BTC Q5 48H,phase3_lower5_Q5_best,BTCUSDT,lower,5pct,long,Q5_high,-1.8987744291,12,48,2021-02-07 12:00,2021-02-07 16:00,2021-02-09 12:00,-2.9247855523,Q5_high,1.6927622940,37921.1100000000,37921.1200000000,46773.6300000000,37351.0000000000,48142.1900000000,0.0000263705,20.9811633471,20.9811369765,-1.5148527833,23.8650710819
BTCUSDT_lower5_Q5_high_h48,BTC Q5 48H,phase3_lower5_Q5_best,BTCUSDT,lower,5pct,long,Q5_high,-1.8987744291,12,48,2021-02-09 08:00,2021-02-09 12:00,2021-02-11 08:00,-2.3955221023,Q5_high,3.2744143452,46380.9200000000,46390.9500000000,46061.4900000000,43727.0000000000,47499.4300000000,0.0216229338,-0.6910924788,-0.7127154126,-5.9138636824,2.3613313863
BTCUSDT_lower5_Q5_high_h48,BTC Q5 48H,phase3_lower5_Q5_best,BTCUSDT,lower,5pct,long,Q5_high,-1.8987744291,12,48,2021-02-10 12:00,2021-02-10 16:00,2021-02-12 12:00,-4.9130835450,Q5_high,3.3984552689,44353.0400000000,44354.5000000000,47021.0500000000,43800.0000000000,48985.8000000000,0.0032917157,5.8414121720,5.8381204563,-1.2580351840,9.9316290971
BTCUSDT_lower5_Q5_high_h48,BTC Q5 48H,phase3_lower5_Q5_best,BTCUSDT,lower,5pct,long,Q5_high,-1.8987744291,12,48,2021-02-22 00:00,2021-02-22 04:00,2021-02-24 00:00,-2.7342886574,Q5_high,1.4890970862,55860.1200000000,55858.9900000000,50874.9900000000,44892.5600000000,56623.6900000000,-0.0020229305,-9.3479261540,-9.3459032234,-21.8558399978,1.3596969441
BTCUSDT_lower5_Q5_high_h48,BTC Q5 48H,phase3_lower5_Q5_best,BTCUSDT,lower,5pct,long,Q5_high,-1.8987744291,12,48,2021-02-22 08:00,2021-02-22 12:00,2021-02-24 08:00,-3.4217247257,Q5_high,1.7061161072,54524.9400000000,54515.0000000000,50360.0200000000,44892.5600000000,54989.4600000000,-0.0182318516,-7.9460605358,-7.9278286842,-19.4203813699,0.8665637346
BTCUSDT_lower5_Q5_high_h48,BTC Q5 48H,phase3_lower5_Q5_best,BTCUSDT,lower,5pct,long,Q5_high,-1.8987744291,12,48,2021-02-22 12:00,2021-02-22 16:00,2021-02-24 12:00,-2.3910391380,Q5_high,1.8014159374,53236.6900000000,53236.6900000000,49819.5000000000,44892.5600000000,54989.4600000000,0.0000000000,-6.6341346641,-6.6341346641,-17.0475740835,3.2393710210
BTCUSDT_lower5_Q5_high_h48,BTC Q5 48H,phase3_lower5_Q5_best,BTCUSDT,lower,5pct,long,Q5_high,-1.8987744291,12,48,2021-02-23 00:00,2021-02-23 04:00,2021-02-25 00:00,-4.1164922585,Q5_high,1.8657263434,51906.3600000000,51900.7300000000,50206.9700000000,44892.5600000000,52311.7100000000,-0.0108470433,-3.3287464335,-3.3178993902,-14.5060776124,0.7887390999
BTCUSDT_lower5_Q5_high_h48,BTC Q5 48H,phase3_lower5_Q5_best,BTCUSDT,lower,5pct,long,Q5_high,-1.8987744291,12,48,2021-02-23 04:00,2021-02-23 08:00,2021-02-25 04:00,-4.4637717838,Q5_high,2.0252911221,49640.3300000000,49642.9200000000,50395.9900000000,44892.5600000000,51374.9900000000,0.0052173957,1.5108000241,1.5055826284,-10.0583702677,3.4295696033
BTCUSDT_lower5_Q5_high_h48,BTC Q5 48H,phase3_lower5_Q5_best,BTCUSDT,lower,5pct,long,Q5_high,-1.8987744291,12,48,2021-02-23 08:00,2021-02-23 12:00,2021-02-25 08:00,-6.8166221517,Q5_high,2.4549607168,46369.2900000000,46359.1400000000,50294.8000000000,45251.0000000000,51374.9900000000,-0.0218918837,8.1264305378,8.1483224215,-2.4193698476,10.2733010344
BTCUSDT_lower5_Q5_high_h48,BTC Q5 48H,phase3_lower5_Q5_best,BTCUSDT,lower,5pct,long,Q5_high,-1.8987744291,12,48,2021-02-23 16:00,2021-02-23 20:00,2021-02-25 16:00,-6.5447606838,Q5_high,2.9776366671,45523.0000000000,45523.0200000000,49443.8600000000,45251.0000000000,52041.7300000000,0.0000439338,8.2620191792,8.2619752454,-0.5993362732,13.3827764669
BTCUSDT_lower5_Q5_high_h48,BTC Q5 48H,phase3_lower5_Q5_best,BTCUSDT,lower,5pct,long,Q5_high,-1.8987744291,12,48,2021-02-25 16:00,2021-02-25 20:00,2021-02-27 16:00,-2.8042041302,Q5_high,3.5293769957,49443.8600000000,49442.2000000000,47405.3900000000,44106.7800000000,49550.0100000000,-0.0033573994,-4.2101949219,-4.2068375225,-11.4190798409,0.2178152051
BTCUSDT_lower5_Q5_high_h48,BTC Q5 48H,phase3_lower5_Q5_best,BTCUSDT,lower,5pct,long,Q5_high,-1.8987744291,12,48,2021-02-25 20:00,2021-02-26 00:00,2021-02-27 20:00,-4.9122788582,Q5_high,3.6440494795,47073.7300000000,47073.7300000000,46106.4300000000,44106.7800000000,48424.1100000000,0.0000000000,-2.0762676284,-2.0762676284,-6.5101583821,2.8282734235
BTCUSDT_lower5_Q5_high_h48,BTC Q5 48H,phase3_lower5_Q5_best,BTCUSDT,lower,5pct,long,Q5_high,-1.8987744291,12,48,2021-02-26 04:00,2021-02-26 08:00,2021-02-28 04:00,-5.1071984918,Q5_high,3.7551653436,44973.6800000000,44986.9900000000,44400.8300000000,43738.6500000000,48424.1100000000,0.0295907091,-1.2819266810,-1.3115173901,-2.8141186284,7.3624493329
BTCUSDT_lower5_Q5_high_h48,BTC Q5 48H,phase3_lower5_Q5_best,BTCUSDT,lower,5pct,long,Q5_high,-1.8987744291,12,48,2021-02-27 20:00,2021-02-28 00:00,2021-03-01 20:00,-2.7783515647,Q5_high,2.3346378087,46106.4300000000,46103.6700000000,49587.0300000000,43000.0000000000,49790.0000000000,-0.0059863290,7.2776887932,7.2836751222,-6.9692440685,7.6921604276
BTCUSDT_lower5_Q5_high_h48,BTC Q5 48H,phase3_lower5_Q5_best,BTCUSDT,lower,5pct,long,Q5_high,-1.8987744291,12,48,2021-02-28 00:00,2021-02-28 04:00,2021-03-02 00:00,-3.2564738557,Q5_high,2.4044532989,44629.1700000000,44632.7000000000,48974.7500000000,43000.0000000000,50200.0000000000,0.0079093122,9.2917178060,9.2838084938,-3.7266658541,11.7548252463
BTCUSDT_lower5_Q5_high_h48,BTC Q5 48H,phase3_lower5_Q5_best,BTCUSDT,lower,5pct,long,Q5_high,-1.8987744291,12,48,2021-02-28 12:00,2021-02-28 16:00,2021-03-02 12:00,-4.2717487491,Q5_high,2.5335041476,43391.1400000000,43391.1400000000,48676.0800000000,43000.0000000000,50200.0000000000,0.0000000000,11.4932466194,11.4932466194,-0.9055157106,14.5759753898
BTCUSDT_lower5_Q5_high_h48,BTC Q5 48H,phase3_lower5_Q5_best,BTCUSDT,lower,5pct,long,Q5_high,-1.8987744291,12,48,2021-03-01 16:00,2021-03-01 20:00,2021-03-03 16:00,-1.8987992136,Q5_high,2.2898952920,48262.8300000000,48262.6600000000,50857.1700000000,47047.6000000000,52640.0000000000,-0.0003522386,5.2359416331,5.2362938716,-2.5498321622,8.6818110229
BTCUSDT_lower5_Q5_high_h48,BTC Q5 48H,phase3_lower5_Q5_best,BTCUSDT,lower,5pct,long,Q5_high,-1.8987744291,12,48,2021-03-02 16:00,2021-03-02 20:00,2021-03-04 16:00,-2.5143947352,Q5_high,2.3174904593,47467.4300000000,47467.4300000000,48000.3600000000,47047.6000000000,52640.0000000000,0.0000000000,1.1164719239,1.1164719239,-0.8883936475,10.3432495376
BTCUSDT_lower5_Q5_high_h48,BTC Q5 48H,phase3_lower5_Q5_best,BTCUSDT,lower,5pct,long,Q5_high,-1.8987744291,12,48,2021-03-04 16:00,2021-03-04 20:00,2021-03-06 16:00,-2.8996941520,Q5_high,1.9151113673,48000.3600000000,48000.3700000000,48341.0100000000,46300.0000000000,49448.9300000000,0.0000208332,0.7071757847,0.7071549515,-3.6066758119,2.9731700605
BTCUSDT_lower5_Q5_high_h48,BTC Q5 48H,phase3_lower5_Q5_best,BTCUSDT,lower,5pct,long,Q5_high,-1.8987744291,12,48,2021-03-05 00:00,2021-03-05 04:00,2021-03-07 00:00,-2.2669500919,Q5_high,1.8134709731,47289.8100000000,47289.8100000000,49551.4400000000,46418.1200000000,49900.9900000000,0.0000000000,4.6716483023,4.6716483023,-1.8604938643,5.3746003355
BTCUSDT_lower5_Q5_high_h48,BTC Q5 48H,phase3_lower5_Q5_best,BTCUSDT,lower,5pct,long,Q5_high,-1.8987744291,12,48,2021-03-15 04:00,2021-03-15 08:00,2021-03-17 04:00,-4.3846161308,Q5_high,1.7472246338,57789.7600000000,57789.7500000000,55821.0100000000,53271.3400000000,58350.0000000000,-0.0000173041,-3.4661275536,-3.4661102495,-8.1412948828,0.9647934420
BTCUSDT_lower5_Q5_high_h48,BTC Q5 48H,phase3_lower5_Q5_best,BTCUSDT,lower,5pct,long,Q5_high,-1.8987744291,12,48,2021-03-15 08:00,2021-03-15 12:00,2021-03-17 08:00,-2.8770846811,Q5_high,1.8465108722,56150.7900000000,56150.8000000000,54840.0000000000,53271.3400000000,57312.4700000000,0.0000178092,-2.3620895848,-2.3621073940,-5.2642453150,2.0477297936
BTCUSDT_lower5_Q5_high_h48,BTC Q5 48H,phase3_lower5_Q5_best,BTCUSDT,lower,5pct,long,Q5_high,-1.8987744291,12,48,2021-03-16 00:00,2021-03-16 04:00,2021-03-18 00:00,-2.4252435911,Q5_high,1.9424300557,54272.8600000000,54272.6600000000,58712.3300000000,53607.9300000000,59561.5400000000,-0.0003685090,7.8625469731,7.8629154821,-1.2323596168,9.2989462698
BTCUSDT_lower5_Q5_high_h48,BTC Q5 48H,phase3_lower5_Q5_best,BTCUSDT,lower,5pct,long,Q5_high,-1.8987744291,12,48,2021-03-17 00:00,2021-03-17 04:00,2021-03-19 00:00,-2.4813255360,Q5_high,1.7622965749,55506.2300000000,55506.2300000000,57779.8400000000,54123.6900000000,60129.9700000000,0.0000000000,4.0144659205,4.0144659205,-2.5223283908,8.0013119428
BTCUSDT_lower5_Q5_high_h48,BTC Q5 48H,phase3_lower5_Q5_best,BTCUSDT,lower,5pct,long,Q5_high,-1.8987744291,12,48,2021-03-18 16:00,2021-03-18 20:00,2021-03-20 16:00,-3.8349961942,Q5_high,2.0233835461,57293.7900000000,57294.1200000000,59272.8200000000,56270.7400000000,59880.0000000000,0.0005759770,3.3958612660,3.3952852890,-1.8023316416,4.4144558897
BTCUSDT_lower5_Q5_high_h48,BTC Q5 48H,phase3_lower5_Q5_best,BTCUSDT,lower,5pct,long,Q5_high,-1.8987744291,12,48,2021-03-20 20:00,2021-03-21 00:00,2021-03-22 20:00,-1.9945947771,Q5_high,1.7937448155,58102.2800000000,58100.0200000000,54083.2500000000,53650.0000000000,58589.1000000000,-0.0038897681,-7.1680379690,-7.1641482009,-7.9684539015,0.8382664364
BTCUSDT_lower5_Q5_high_h48,BTC Q5 48H,phase3_lower5_Q5_best,BTCUSDT,lower,5pct,long,Q5_high,-1.8987744291,12,48,2021-03-24 16:00,2021-03-24 20:00,2021-03-26 16:00,-2.8129831018,Q5_high,1.4687725268,54736.5300000000,54736.5200000000,53778.5500000000,50427.5600000000,54743.3800000000,-0.0000182693,-1.7656622248,-1.7656439555,-8.1993277317,0.0125319808
BTCUSDT_lower5_Q5_high_h48,BTC Q5 48H,phase3_lower5_Q5_best,BTCUSDT,lower,5pct,long,Q5_high,-1.8987744291,12,48,2021-03-24 20:00,2021-03-25 00:00,2021-03-26 20:00,-4.5465152719,Q5_high,1.7110977581,52303.6500000000,52303.6600000000,55025.5900000000,50427.5600000000,55073.4600000000,0.0000191191,5.0732191443,5.0732000252,-3.6528498482,5.1601580925
BTCUSDT_lower5_Q5_high_h48,BTC Q5 48H,phase3_lower5_Q5_best,BTCUSDT,lower,5pct,long,Q5_high,-1.8987744291,12,48,2021-03-25 12:00,2021-03-25 16:00,2021-03-27 12:00,-2.2626934045,Q5_high,1.7315898923,50996.1500000000,50996.1500000000,54961.8500000000,50550.0000000000,55555.0000000000,0.0000000000,7.4889168513,7.4889168513,-0.8787194212,8.5623381357
BTCUSDT_lower5_Q5_high_h48,BTC Q5 48H,phase3_lower5_Q5_best,BTCUSDT,lower,5pct,long,Q5_high,-1.8987744291,12,48,2021-03-28 16:00,2021-03-28 20:00,2021-03-30 16:00,-2.0539065173,Q5_high,1.4786271465,55208.6900000000,55208.7000000000,59060.0000000000,54743.1800000000,59368.0000000000,0.0000181131,6.7433507887,6.7433326756,-0.8467754832,7.2634811108
BTCUSDT_lower5_Q5_high_h48,BTC Q5 48H,phase3_lower5_Q5_best,BTCUSDT,lower,5pct,long,Q5_high,-1.8987744291,12,48,2021-04-18 00:00,2021-04-18 04:00,2021-04-20 00:00,-8.6859496293,Q5_high,2.1825455599,55014.4600000000,55000.0100000000,54764.1200000000,53064.6600000000,57526.8100000000,-0.0262692718,-0.4560824779,-0.4298132061,-3.5822197094,4.4917732956
BTCUSDT_lower5_Q5_high_h48,BTC Q5 48H,phase3_lower5_Q5_best,BTCUSDT,lower,5pct,long,Q5_high,-1.8987744291,12,48,2021-04-18 08:00,2021-04-18 12:00,2021-04-20 08:00,-5.2463201867,Q5_high,2.4502021469,53308.9200000000,53299.3200000000,56266.8300000000,53200.0000000000,57526.8100000000,-0.0180098650,5.4001524567,5.4181623216,-0.1865176769,7.6327526890
BTCUSDT_lower5_Q5_high_h48,BTC Q5 48H,phase3_lower5_Q5_best,BTCUSDT,lower,5pct,long,Q5_high,-1.8987744291,12,48,2021-04-19 12:00,2021-04-19 16:00,2021-04-21 12:00,-4.5170555327,Q5_high,2.8330619632,54585.2200000000,54581.8200000000,56153.7500000000,53329.9600000000,57076.2400000000,-0.0062289863,2.8330314215,2.8392604079,-2.3202585707,4.4687057707
BTCUSDT_lower5_Q5_high_h48,BTC Q5 48H,phase3_lower5_Q5_best,BTCUSDT,lower,5pct,long,Q5_high,-1.8987744291,12,48,2021-04-21 00:00,2021-04-21 04:00,2021-04-23 00:00,-2.1866039559,Q5_high,3.0509204230,55204.6000000000,55204.6000000000,50298.7600000000,48555.0000000000,56346.7000000000,0.0000000000,-9.3065858430,-9.3065858430,-12.8349107098,2.0477393071
BTCUSDT_lower5_Q5_high_h48,BTC Q5 48H,phase3_lower5_Q5_best,BTCUSDT,lower,5pct,long,Q5_high,-1.8987744291,12,48,2021-04-21 20:00,2021-04-22 00:00,2021-04-23 20:00,-3.0955648225,Q5_high,2.0235849429,53787.6300000000,53787.6200000000,51125.1400000000,47500.0000000000,55521.4800000000,-0.0000185916,-5.0767162335,-5.0766976418,-12.4313618123,3.1726643740
BTCUSDT_lower5_Q5_high_h48,BTC Q5 48H,phase3_lower5_Q5_best,BTCUSDT,lower,5pct,long,Q5_high,-1.8987744291,12,48,2021-04-22 16:00,2021-04-22 20:00,2021-04-24 16:00,-3.2130992888,Q5_high,2.1237688759,52923.5400000000,52923.5400000000,50667.7500000000,47500.0000000000,52932.3900000000,0.0000000000,-4.3558616905,-4.3558616905,-10.8118519393,0.0167208394
BTCUSDT_lower5_Q5_high_h48,BTC Q5 48H,phase3_lower5_Q5_best,BTCUSDT,lower,5pct,long,Q5_high,-1.8987744291,12,48,2021-04-22 20:00,2021-04-23 00:00,2021-04-24 20:00,-2.3565319140,Q5_high,1.9501335184,51690.9600000000,51690.9500000000,50047.8400000000,47500.0000000000,52131.8500000000,-0.0000193457,-3.2303563306,-3.2303369849,-8.4553006795,0.8493368517
BTCUSDT_lower5_Q5_high_h48,BTC Q5 48H,phase3_lower5_Q5_best,BTCUSDT,lower,5pct,long,Q5_high,-1.8987744291,12,48,2021-04-23 00:00,2021-04-23 04:00,2021-04-25 00:00,-2.7302486579,Q5_high,1.9143734616,50298.7600000000,50298.7600000000,49615.5400000000,47500.0000000000,51301.3400000000,0.0000000000,-1.3676333602,-1.3676333602,-5.7250713674,1.9736447979
BTCUSDT_lower5_Q5_high_h48,BTC Q5 48H,phase3_lower5_Q5_best,BTCUSDT,lower,5pct,long,Q5_high,-1.8987744291,12,48,2021-04-23 04:00,2021-04-23 08:00,2021-04-25 04:00,-4.7979300049,Q5_high,2.1390102741,47942.4400000000,47936.0000000000,49683.9400000000,47500.0000000000,51301.3400000000,-0.0134336771,3.5680617383,3.5814954154,-0.9137076854,6.7850084799
BTCUSDT_lower5_Q5_high_h48,BTC Q5 48H,phase3_lower5_Q5_best,BTCUSDT,lower,5pct,long,Q5_high,-1.8987744291,12,48,2021-04-24 00:00,2021-04-24 04:00,2021-04-26 00:00,-2.0057160702,Q5_high,2.2507194661,50109.9300000000,50109.9200000000,52398.9900000000,46930.0000000000,52500.0000000000,-0.0000199561,4.4668124288,4.4668323849,-6.5561862676,4.6594177115
BTCUSDT_lower5_Q5_high_h48,BTC Q5 48H,phase3_lower5_Q5_best,BTCUSDT,lower,5pct,long,Q5_high,-1.8987744291,12,48,2021-05-02 00:00,2021-05-02 04:00,2021-05-04 00:00,-2.3636520641,Q5_high,1.5717630981,56450.1900000000,56450.1900000000,55452.1700000000,54580.0000000000,58981.4400000000,0.0000000000,-1.7837809015,-1.7837809015,-3.3691141120,4.3864161745
BTCUSDT_lower5_Q5_high_h48,BTC Q5 48H,phase3_lower5_Q5_best,BTCUSDT,lower,5pct,long,Q5_high,-1.8987744291,12,48,2021-05-04 12:00,2021-05-04 16:00,2021-05-06 12:00,-4.2648474650,Q5_high,1.5574748181,53799.3300000000,53802.5400000000,57088.4900000000,52900.0000000000,58360.0000000000,0.0059664391,5.9341506602,5.9281842211,-1.6917339085,8.1310045705
BTCUSDT_lower5_Q5_high_h48,BTC Q5 48H,phase3_lower5_Q5_best,BTCUSDT,lower,5pct,long,Q5_high,-1.8987744291,12,48,2021-05-04 20:00,2021-05-05 00:00,2021-05-06 20:00,-2.4896511624,Q5_high,1.6725160738,53200.0100000000,53205.0500000000,56393.6800000000,52900.0000000000,58360.0000000000,0.0094732337,5.8298511170,5.8203778833,-0.5749977790,9.2477407000
BTCUSDT_lower5_Q5_high_h48,BTC Q5 48H,phase3_lower5_Q5_best,BTCUSDT,lower,5pct,long,Q5_high,-1.8987744291,12,48,2021-05-10 16:00,2021-05-10 20:00,2021-05-12 16:00,-4.4953588274,Q5_high,1.5707221330,55733.7600000000,55733.7600000000,54432.3900000000,53400.0000000000,58000.0100000000,0.0000000000,-2.3626686365,-2.3626686365,-4.2775321489,3.9857115505
BTCUSDT_lower5_Q5_high_h48,BTC Q5 48H,phase3_lower5_Q5_best,BTCUSDT,lower,5pct,long,Q5_high,-1.8987744291,12,48,2021-05-12 16:00,2021-05-12 20:00,2021-05-14 16:00,-1.9047532906,Q5_high,1.5977229493,54432.3900000000,54437.0000000000,50138.0900000000,46000.0000000000,54751.9200000000,0.0084688635,-8.2178382425,-8.2263071060,-16.8402673236,0.5768366849
BTCUSDT_lower5_Q5_high_h48,BTC Q5 48H,phase3_lower5_Q5_best,BTCUSDT,lower,5pct,long,Q5_high,-1.8987744291,12,48,2021-05-12 20:00,2021-05-13 00:00,2021-05-14 20:00,-9.2337295029,Q5_high,2.5579347254,49631.3200000000,49537.1500000000,49841.4500000000,46000.0000000000,51483.0000000000,-0.1899192925,0.4224881092,0.6124074017,-7.4081496648,3.8528762951
BTCUSDT_lower5_Q5_high_h48,BTC Q5 48H,phase3_lower5_Q5_best,BTCUSDT,lower,5pct,long,Q5_high,-1.8987744291,12,48,2021-05-13 08:00,2021-05-13 12:00,2021-05-15 08:00,-2.1911185019,Q5_high,2.5246249985,49777.0100000000,49777.0100000000,48929.7400000000,47000.0000000000,51483.0000000000,0.0000000000,-1.7167839279,-1.7167839279,-5.7405629143,3.3698425236
BTCUSDT_lower5_Q5_high_h48,BTC Q5 48H,phase3_lower5_Q5_best,BTCUSDT,lower,5pct,long,Q5_high,-1.8987744291,12,48,2021-05-13 16:00,2021-05-13 20:00,2021-05-15 16:00,-2.1565557674,Q5_high,2.5370446515,48568.8500000000,48569.9700000000,48108.4000000000,46900.0000000000,51483.0000000000,0.0023059782,-0.9525580871,-0.9548640653,-3.4987763240,5.8246217396
BTCUSDT_lower5_Q5_high_h48,BTC Q5 48H,phase3_lower5_Q5_best,BTCUSDT,lower,5pct,long,Q5_high,-1.8987744291,12,48,2021-05-14 16:00,2021-05-14 20:00,2021-05-16 16:00,-2.1192490384,Q5_high,2.5756365310,50138.0900000000,50141.3300000000,45549.2600000000,44444.4400000000,50700.0000000000,0.0064619440,-9.5986620976,-9.6051240416,-12.0605748335,1.1080292491
BTCUSDT_lower5_Q5_high_h48,BTC Q5 48H,phase3_lower5_Q5_best,BTCUSDT,lower,5pct,long,Q5_high,-1.8987744291,12,48,2021-05-15 04:00,2021-05-15 08:00,2021-05-17 04:00,-2.3605046768,Q5_high,2.5267170234,48469.2800000000,48469.7100000000,45149.1800000000,42196.9700000000,49795.8900000000,0.0008871559,-7.0958077183,-7.0966948742,-13.8590649241,2.6993383747
BTCUSDT_lower5_Q5_high_h48,BTC Q5 48H,phase3_lower5_Q5_best,BTCUSDT,lower,5pct,long,Q5_high,-1.8987744291,12,48,2021-05-15 20:00,2021-05-16 00:00,2021-05-17 20:00,-2.8364719938,Q5_high,2.5332136284,46762.9900000000,46762.9900000000,43538.0400000000,42001.0000000000,49795.8900000000,0.0000000000,-7.1457039385,-7.1457039385,-10.7398650577,6.2840372403
BTCUSDT_lower5_Q5_high_h48,BTC Q5 48H,phase3_lower5_Q5_best,BTCUSDT,lower,5pct,long,Q5_high,-1.8987744291,12,48,2021-05-16 12:00,2021-05-16 16:00,2021-05-18 12:00,-2.6623446568,Q5_high,1.8568374275,47727.2600000000,47727.2600000000,42969.4700000000,42001.0000000000,48097.5900000000,0.0000000000,-10.5012859602,-10.5012859602,-12.7809295603,0.7729348780
BTCUSDT_lower5_Q5_high_h48,BTC Q5 48H,phase3_lower5_Q5_best,BTCUSDT,lower,5pct,long,Q5_high,-1.8987744291,12,48,2021-05-16 16:00,2021-05-16 20:00,2021-05-18 16:00,-4.6708345436,Q5_high,2.0600362352,45549.2600000000,45553.2400000000,43262.7100000000,42001.0000000000,46686.0000000000,0.0087374112,-5.1503314652,-5.1590688764,-8.1188324278,2.4562582061
BTCUSDT_lower5_Q5_high_h48,BTC Q5 48H,phase3_lower5_Q5_best,BTCUSDT,lower,5pct,long,Q5_high,-1.8987744291,12,48,2021-05-17 00:00,2021-05-17 04:00,2021-05-19 00:00,-7.8745974233,Q5_high,2.6936732013,42915.4600000000,42915.4600000000,40591.1500000000,40125.0000000000,45800.0000000000,0.0000000000,-5.5682071425,-5.5682071425,-6.7232552525,6.5051957145
BTCUSDT_lower5_Q5_high_h48,BTC Q5 48H,phase3_lower5_Q5_best,BTCUSDT,lower,5pct,long,Q5_high,-1.8987744291,12,48,2021-05-17 12:00,2021-05-17 16:00,2021-05-19 12:00,-5.3184155380,Q5_high,3.0964709618,43362.7500000000,43357.0000000000,37318.5200000000,30000.0000000000,45799.2900000000,-0.0132611084,-15.0111059457,-14.9978448373,-36.8270784884,5.4800422271
BTCUSDT_lower5_Q5_high_h48,BTC Q5 48H,phase3_lower5_Q5_best,BTCUSDT,lower,5pct,long,Q5_high,-1.8987744291,12,48,2021-05-18 12:00,2021-05-18 16:00,2021-05-20 12:00,-5.3281079002,Q5_high,3.3602741649,42969.4700000000,42969.4600000000,41432.8800000000,30000.0000000000,43825.6500000000,-0.0000232723,-3.6415095007,-3.6414862283,-35.9292249139,1.9729631614
BTCUSDT_lower5_Q5_high_h48,BTC Q5 48H,phase3_lower5_Q5_best,BTCUSDT,lower,5pct,long,Q5_high,-1.8987744291,12,48,2021-05-19 00:00,2021-05-19 04:00,2021-05-21 00:00,-5.4150448291,Q5_high,3.5087075653,40591.1500000000,40591.9900000000,40666.9100000000,30000.0000000000,42451.6700000000,0.0020693952,0.1864677103,0.1843983151,-30.2373374841,4.4795495881
BTCUSDT_lower5_Q5_high_h48,BTC Q5 48H,phase3_lower5_Q5_best,BTCUSDT,lower,5pct,long,Q5_high,-1.8987744291,12,48,2021-05-19 08:00,2021-05-19 12:00,2021-05-21 08:00,-4.2283004245,Q5_high,3.4176844901,38700.0000000000,38700.0000000000,41124.2900000000,30000.0000000000,42451.6700000000,0.0000000000,6.0759344463,6.0759344463,-25.4642218374,9.2526652348
BTCUSDT_lower5_Q5_high_h48,BTC Q5 48H,phase3_lower5_Q5_best,BTCUSDT,lower,5pct,long,Q5_high,-1.8987744291,12,48,2021-05-19 12:00,2021-05-19 16:00,2021-05-21 12:00,-3.6349881863,Q5_high,3.3777368937,37318.5200000000,37310.1400000000,36794.5700000000,34850.0000000000,42451.6700000000,-0.0224578601,-1.4139438233,-1.3914859631,-6.8212002365,12.9101112813
BTCUSDT_lower5_Q5_high_h48,BTC Q5 48H,phase3_lower5_Q5_best,BTCUSDT,lower,5pct,long,Q5_high,-1.8987744291,12,48,2021-05-19 20:00,2021-05-20 00:00,2021-05-21 20:00,-6.9809597741,Q5_high,3.9094637839,36690.0900000000,36671.2300000000,37252.0100000000,33488.0000000000,42451.6700000000,-0.0514167423,1.5199211753,1.5713379175,-9.0805358222,14.6373728458
BTCUSDT_lower5_Q5_high_h48,BTC Q5 48H,phase3_lower5_Q5_best,BTCUSDT,lower,5pct,long,Q5_high,-1.8987744291,12,48,2021-05-20 16:00,2021-05-20 20:00,2021-05-22 16:00,-3.2298514184,Q5_high,3.6671910498,40116.0400000000,40116.0400000000,37286.6500000000,33488.0000000000,42200.0000000000,0.0000000000,-7.3140900596,-7.3140900596,-18.0589088630,5.0643966708
BTCUSDT_lower5_Q5_high_h48,BTC Q5 48H,phase3_lower5_Q5_best,BTCUSDT,lower,5pct,long,Q5_high,-1.8987744291,12,48,2021-05-21 04:00,2021-05-21 08:00,2021-05-23 04:00,-2.0478800986,Q5_high,3.4893132945,39842.5700000000,39842.5800000000,35927.6900000000,33488.0000000000,41789.4000000000,0.0000250988,-10.3427631288,-10.3427882275,-17.3749023952,4.7706529199
BTCUSDT_lower5_Q5_high_h48,BTC Q5 48H,phase3_lower5_Q5_best,BTCUSDT,lower,5pct,long,Q5_high,-1.8987744291,12,48,2021-05-21 12:00,2021-05-21 16:00,2021-05-23 12:00,-11.1248664559,Q5_high,4.2261033323,36794.5700000000,36803.2800000000,33318.0900000000,32600.0000000000,38829.0000000000,0.0236691698,-9.9249787213,-9.9486478911,-12.1274683265,5.3580418491
BTCUSDT_lower5_Q5_high_h48,BTC Q5 48H,phase3_lower5_Q5_best,BTCUSDT,lower,5pct,long,Q5_high,-1.8987744291,12,48,2021-05-21 16:00,2021-05-21 20:00,2021-05-23 16:00,-2.0107272989,Q5_high,4.2190286445,36062.1200000000,36062.1300000000,33051.7300000000,31111.0100000000,38829.0000000000,0.0000277299,-8.7169097091,-8.7169374391,-14.7681508423,7.3924105878
BTCUSDT_lower5_Q5_high_h48,BTC Q5 48H,phase3_lower5_Q5_best,BTCUSDT,lower,5pct,long,Q5_high,-1.8987744291,12,48,2021-05-22 16:00,2021-05-22 20:00,2021-05-24 16:00,-2.3215383946,Q5_high,4.1812865742,37286.6500000000,37286.6500000000,39606.1000000000,31111.0100000000,39787.9600000000,0.0000000000,6.0347793064,6.0347793064,-18.1073577910,6.4929000223
BTCUSDT_lower5_Q5_high_h48,BTC Q5 48H,phase3_lower5_Q5_best,BTCUSDT,lower,5pct,long,Q5_high,-1.8987744291,12,48,2021-05-23 04:00,2021-05-23 08:00,2021-05-25 04:00,-4.0739503210,Q5_high,3.6963095231,35927.6900000000,35927.7000000000,38985.0600000000,31111.0100000000,39920.0000000000,0.0000278337,8.1670188433,8.1669910097,-14.3946809889,10.5368865726
BTCUSDT_lower5_Q5_high_h48,BTC Q5 48H,phase3_lower5_Q5_best,BTCUSDT,lower,5pct,long,Q5_high,-1.8987744291,12,48,2021-05-23 12:00,2021-05-23 16:00,2021-05-25 12:00,-6.0303370395,Q5_high,3.5943466992,33318.0900000000,33316.4200000000,38277.5700000000,31111.0100000000,39920.0000000000,-0.0050124177,13.8763592220,13.8813716397,-6.8488592721,18.0827082894
BTCUSDT_lower5_Q5_high_h48,BTC Q5 48H,phase3_lower5_Q5_best,BTCUSDT,lower,5pct,long,Q5_high,-1.8987744291,12,48,2021-05-24 20:00,2021-05-25 00:00,2021-05-26 20:00,-2.0658523301,Q5_high,3.1167222612,38796.2900000000,38810.9900000000,39241.9100000000,36419.6200000000,40841.0000000000,0.0378830444,1.1420684833,1.1041854389,-6.3595813527,5.0983024850
BTCUSDT_lower5_Q5_high_h48,BTC Q5 48H,phase3_lower5_Q5_best,BTCUSDT,lower,5pct,long,Q5_high,-1.8987744291,12,48,2021-05-25 08:00,2021-05-25 12:00,2021-05-27 08:00,-6.4848670928,Q5_high,3.3830152055,36537.1600000000,36537.1700000000,39690.0100000000,36419.6200000000,40841.0000000000,0.0000273694,8.2769693862,8.2769420168,-0.3222458162,11.1356380215
BTCUSDT_lower5_Q5_high_h48,BTC Q5 48H,phase3_lower5_Q5_best,BTCUSDT,lower,5pct,long,Q5_high,-1.8987744291,12,48,2021-05-25 16:00,2021-05-25 20:00,2021-05-27 16:00,-2.6066756055,Q5_high,3.3753044630,37292.6900000000,37292.6900000000,38768.3500000000,37134.2700000000,40841.0000000000,0.0000000000,3.8806863207,3.8806863207,-0.4257065968,9.0889149904
BTCUSDT_lower5_Q5_high_h48,BTC Q5 48H,phase3_lower5_Q5_best,BTCUSDT,lower,5pct,long,Q5_high,-1.8987744291,12,48,2021-05-26 12:00,2021-05-26 16:00,2021-05-28 12:00,-2.7785791604,Q5_high,3.4318204363,38758.6100000000,38758.6200000000,36749.3100000000,35100.0000000000,40411.1400000000,0.0000258007,-5.3233474694,-5.3233732701,-9.9152052202,4.1752306858
BTCUSDT_lower5_Q5_high_h48,BTC Q5 48H,phase3_lower5_Q5_best,BTCUSDT,lower,5pct,long,Q5_high,-1.8987744291,12,48,2021-05-27 00:00,2021-05-27 04:00,2021-05-29 00:00,-4.2168018016,Q5_high,3.2528996839,37621.5600000000,37623.6400000000,36458.7700000000,34684.0000000000,40411.1400000000,0.0055285919,-3.1395257237,-3.1450543156,-8.1354090721,7.1472913295
BTCUSDT_lower5_Q5_high_h48,BTC Q5 48H,phase3_lower5_Q5_best,BTCUSDT,lower,5pct,long,Q5_high,-1.8987744291,12,48,2021-05-27 16:00,2021-05-27 20:00,2021-05-29 16:00,-2.2915415672,Q5_high,3.1064127985,38768.3500000000,38768.3600000000,34025.4300000000,33632.7600000000,39187.3500000000,0.0000257942,-13.0496005874,-13.0496263816,-14.2103858075,1.0749540594
BTCUSDT_lower5_Q5_high_h48,BTC Q5 48H,phase3_lower5_Q5_best,BTCUSDT,lower,5pct,long,Q5_high,-1.8987744291,12,48,2021-05-28 04:00,2021-05-28 08:00,2021-05-30 04:00,-3.3541180284,Q5_high,2.9187586663,36975.9300000000,36975.6500000000,35998.3300000000,33379.0000000000,37338.5800000000,-0.0007572522,-2.6794611919,-2.6787039397,-10.2332628162,0.9767520579
BTCUSDT_lower5_Q5_high_h48,BTC Q5 48H,phase3_lower5_Q5_best,BTCUSDT,lower,5pct,long,Q5_high,-1.8987744291,12,48,2021-05-28 08:00,2021-05-28 12:00,2021-05-30 08:00,-4.4922093061,Q5_high,3.0638242274,35351.6500000000,35351.6500000000,36359.4400000000,33379.0000000000,37338.5800000000,0.0000000000,2.8108800301,2.8108800301,-5.7418107623,5.4682041118
BTCUSDT_lower5_Q5_high_h48,BTC Q5 48H,phase3_lower5_Q5_best,BTCUSDT,lower,5pct,long,Q5_high,-1.8987744291,12,48,2021-05-28 16:00,2021-05-28 20:00,2021-05-30 16:00,-2.6470483922,Q5_high,2.8859351429,35789.3000000000,35789.3100000000,36077.5900000000,33379.0000000000,37338.5800000000,0.0000279413,0.8022930904,0.8022651491,-6.9722285738,4.2377863003
BTCUSDT_lower5_Q5_high_h48,BTC Q5 48H,phase3_lower5_Q5_best,BTCUSDT,lower,5pct,long,Q5_high,-1.8987744291,12,48,2021-05-29 08:00,2021-05-29 12:00,2021-05-31 08:00,-2.1533823816,Q5_high,2.4883999840,35375.0000000000,35375.0000000000,36836.4600000000,33379.0000000000,37195.0000000000,0.0000000000,4.0482759601,4.0482759601,-5.8078396237,5.0168987680
BTCUSDT_lower5_Q5_high_h48,BTC Q5 48H,phase3_lower5_Q5_best,BTCUSDT,lower,5pct,long,Q5_high,-1.8987744291,12,48,2021-05-29 12:00,2021-05-29 16:00,2021-05-31 12:00,-2.7475938281,Q5_high,2.4356116045,34416.2700000000,34416.2600000000,36961.1600000000,33379.0000000000,37278.0300000000,-0.0000290560,7.1338213879,7.1338504440,-3.0602167396,7.9875017951
BTCUSDT_lower5_Q5_high_h48,BTC Q5 48H,phase3_lower5_Q5_best,BTCUSDT,lower,5pct,long,Q5_high,-1.8987744291,12,48,2021-05-30 12:00,2021-05-30 16:00,2021-06-01 12:00,-2.4569268463,Q5_high,2.4210209132,35477.0000000000,35477.0000000000,36235.2900000000,34153.8400000000,37894.8100000000,0.0000000000,2.1148906653,2.1148906653,-3.8009574397,6.5929564210
BTCUSDT_lower5_Q5_high_h48,BTC Q5 48H,phase3_lower5_Q5_best,BTCUSDT,lower,5pct,long,Q5_high,-1.8987744291,12,48,2021-05-31 00:00,2021-05-31 04:00,2021-06-02 00:00,-3.2847276598,Q5_high,2.3404133220,34489.5700000000,34489.5800000000,36472.3900000000,34153.8400000000,37894.8100000000,0.0000289943,5.5898576499,5.5898286557,-0.9782224641,9.4156913965
BTCUSDT_lower5_Q5_high_h48,BTC Q5 48H,phase3_lower5_Q5_best,BTCUSDT,lower,5pct,long,Q5_high,-1.8987744291,12,48,2021-06-04 00:00,2021-06-04 04:00,2021-06-06 00:00,-3.4029231151,Q5_high,1.4692567522,37933.7200000000,37933.7300000000,35989.6700000000,34800.0000000000,37939.2500000000,0.0000263618,-5.2608473459,-5.2608737076,-8.6223303131,0.0145506345
BTCUSDT_lower5_Q5_high_h48,BTC Q5 48H,phase3_lower5_Q5_best,BTCUSDT,lower,5pct,long,Q5_high,-1.8987744291,12,48,2021-06-04 04:00,2021-06-04 08:00,2021-06-06 04:00,-3.5511077860,Q5_high,1.6666259278,36610.2900000000,36606.8000000000,36132.5700000000,34800.0000000000,37925.0000000000,-0.0095332934,-1.3134673781,-1.3039340847,-5.0616628719,3.5376509735
BTCUSDT_lower5_Q5_high_h48,BTC Q5 48H,phase3_lower5_Q5_best,BTCUSDT,lower,5pct,long,Q5_high,-1.8987744291,12,48,2021-06-05 08:00,2021-06-05 12:00,2021-06-07 08:00,-4.6643815635,Q5_high,1.9170964594,35869.4200000000,35869.4200000000,36376.4700000000,34800.0000000000,36900.0000000000,0.0000000000,1.4037015134,1.4037015134,-3.0267735132,2.8326429134
BTCUSDT_lower5_Q5_high_h48,BTC Q5 48H,phase3_lower5_Q5_best,BTCUSDT,lower,5pct,long,Q5_high,-1.8987744291,12,48,2021-06-07 20:00,2021-06-08 00:00,2021-06-09 20:00,-6.0193127774,Q5_high,1.9300906140,33552.7900000000,33556.9600000000,37388.0500000000,31000.0000000000,37534.7900000000,0.0124274044,10.8231115223,10.8106841180,-7.9257088982,11.2023942764
BTCUSDT_lower5_Q5_high_h48,BTC Q5 48H,phase3_lower5_Q5_best,BTCUSDT,lower,5pct,long,Q5_high,-1.8987744291,12,48,2021-06-08 00:00,2021-06-08 04:00,2021-06-10 00:00,-2.2170603141,Q5_high,1.9684143263,32817.0900000000,32817.0900000000,36959.6900000000,31000.0000000000,37666.1100000000,0.0000000000,11.8878443009,11.8878443009,-5.6962211798,13.7811334891
BTCUSDT_lower5_Q5_high_h48,BTC Q5 48H,phase3_lower5_Q5_best,BTCUSDT,lower,5pct,long,Q5_high,-1.8987744291,12,48,2021-06-08 12:00,2021-06-08 16:00,2021-06-10 12:00,-4.2748852820,Q5_high,2.0733717896,31705.2400000000,31705.2500000000,36896.7500000000,31563.5200000000,38491.0000000000,0.0000315405,15.1641504380,15.1641188974,-0.4480258967,19.3942165420
BTCUSDT_lower5_Q5_high_h48,BTC Q5 48H,phase3_lower5_Q5_best,BTCUSDT,lower,5pct,long,Q5_high,-1.8987744291,12,48,2021-06-10 12:00,2021-06-10 16:00,2021-06-12 12:00,-2.4675987285,Q5_high,2.6917209554,36896.7500000000,36896.6500000000,35384.9600000000,34600.3600000000,37680.4000000000,-0.0002710269,-4.1836600182,-4.1833889913,-6.4256674384,2.1019304346
BTCUSDT_lower5_Q5_high_h48,BTC Q5 48H,phase3_lower5_Q5_best,BTCUSDT,lower,5pct,long,Q5_high,-1.8987744291,12,48,2021-06-12 00:00,2021-06-12 04:00,2021-06-14 00:00,-4.8314291410,Q5_high,2.1577647343,35571.1900000000,35572.8400000000,38975.1400000000,34600.3600000000,39800.0000000000,0.0046384777,9.1387966424,9.1341581646,-2.7718338703,11.2284486953
BTCUSDT_lower5_Q5_high_h48,BTC Q5 48H,phase3_lower5_Q5_best,BTCUSDT,lower,5pct,long,Q5_high,-1.8987744291,12,48,2021-06-13 00:00,2021-06-13 04:00,2021-06-15 00:00,-1.9266959700,Q5_high,1.7302156023,34867.8000000000,34867.8100000000,40404.8600000000,34757.0000000000,41064.0500000000,0.0000286798,14.7386307547,14.7386020750,-0.3183063438,16.3568988857
BTCUSDT_lower5_Q5_high_h48,BTC Q5 48H,phase3_lower5_Q5_best,BTCUSDT,lower,5pct,long,Q5_high,-1.8987744291,12,48,2021-06-14 16:00,2021-06-14 20:00,2021-06-16 16:00,-2.4112928472,Q5_high,2.1992804831,39716.0600000000,39716.0600000000,38680.1100000000,38301.6800000000,41330.0000000000,0.0000000000,-2.6430125468,-2.6430125468,-3.6261880442,3.9832988627
BTCUSDT_lower5_Q5_high_h48,BTC Q5 48H,phase3_lower5_Q5_best,BTCUSDT,lower,5pct,long,Q5_high,-1.8987744291,12,48,2021-06-16 08:00,2021-06-16 12:00,2021-06-18 08:00,-2.6435101666,Q5_high,1.8795293209,39080.0100000000,39080.0100000000,37821.9500000000,37063.8000000000,39735.5200000000,0.0000000000,-3.2721461138,-3.2721461138,-5.2970331032,1.6634414946
BTCUSDT_lower5_Q5_high_h48,BTC Q5 48H,phase3_lower5_Q5_best,BTCUSDT,lower,5pct,long,Q5_high,-1.8987744291,12,48,2021-06-17 16:00,2021-06-17 20:00,2021-06-19 16:00,-3.4037245122,Q5_high,1.6031607657,37702.5300000000,37702.5300000000,35943.6500000000,34803.5200000000,38258.0000000000,0.0000000000,-4.7774766604,-4.7774766604,-8.0008669865,1.4625487775
BTCUSDT_lower5_Q5_high_h48,BTC Q5 48H,phase3_lower5_Q5_best,BTCUSDT,lower,5pct,long,Q5_high,-1.8987744291,12,48,2021-06-18 16:00,2021-06-18 20:00,2021-06-20 16:00,-2.8680159009,Q5_high,1.4827533956,35327.2400000000,35323.6500000000,35502.8200000000,33336.0000000000,36457.0000000000,-0.0101626462,0.4957792204,0.5059418666,-5.7914817160,3.1580772633
BTCUSDT_lower5_Q5_high_h48,BTC Q5 48H,phase3_lower5_Q5_best,BTCUSDT,lower,5pct,long,Q5_high,-1.8987744291,12,48,2021-06-19 00:00,2021-06-19 04:00,2021-06-21 00:00,-2.0202798477,Q5_high,1.5596804148,35103.4400000000,35103.4400000000,34649.6300000000,33336.0000000000,36457.0000000000,0.0000000000,-1.3012083999,-1.3012083999,-5.1661237247,3.7834352545
BTCUSDT_lower5_Q5_high_h48,BTC Q5 48H,phase3_lower5_Q5_best,BTCUSDT,lower,5pct,long,Q5_high,-1.8987744291,12,48,2021-06-20 08:00,2021-06-20 12:00,2021-06-22 08:00,-5.0789062232,Q5_high,1.8706838542,33872.9000000000,33870.5600000000,31243.4100000000,31112.0000000000,36137.7200000000,-0.0069084160,-8.0806810714,-8.0737726555,-8.4952603645,6.4790994684
BTCUSDT_lower5_Q5_high_h48,BTC Q5 48H,phase3_lower5_Q5_best,BTCUSDT,lower,5pct,long,Q5_high,-1.8987744291,12,48,2021-06-21 00:00,2021-06-21 04:00,2021-06-23 00:00,-2.7063084862,Q5_high,2.0443490449,34649.6300000000,34651.8600000000,33966.4300000000,28805.0000000000,34725.8200000000,0.0064356481,-1.9914363447,-1.9978719928,-18.4802420665,0.2132098624
BTCUSDT_lower5_Q5_high_h48,BTC Q5 48H,phase3_lower5_Q5_best,BTCUSDT,lower,5pct,long,Q5_high,-1.8987744291,12,48,2021-06-21 04:00,2021-06-21 08:00,2021-06-23 04:00,-4.8007057029,Q5_high,2.2333544514,33025.5000000000,33025.5000000000,33982.2600000000,28805.0000000000,34444.0000000000,0.0000000000,2.8558633405,2.8558633405,-13.6731007155,4.2054826495
BTCUSDT_lower5_Q5_high_h48,BTC Q5 48H,phase3_lower5_Q5_best,BTCUSDT,lower,5pct,long,Q5_high,-1.8987744291,12,48,2021-06-21 20:00,2021-06-22 00:00,2021-06-23 20:00,-2.9764330135,Q5_high,2.1834741262,31608.9300000000,31614.1200000000,33678.0700000000,28805.0000000000,34881.0000000000,0.0164180628,6.3407208087,6.3243027460,-9.3054873050,9.8338412120
BTCUSDT_lower5_Q5_high_h48,BTC Q5 48H,phase3_lower5_Q5_best,BTCUSDT,lower,5pct,long,Q5_high,-1.8987744291,12,48,2021-06-22 08:00,2021-06-22 12:00,2021-06-24 08:00,-4.4005140862,Q5_high,2.5027922667,31243.4100000000,31236.5300000000,33850.7700000000,28805.0000000000,34881.0000000000,-0.0220230686,8.0153272571,8.0373503257,-8.1039260074,11.0354025097
BTCUSDT_lower5_Q5_high_h48,BTC Q5 48H,phase3_lower5_Q5_best,BTCUSDT,lower,5pct,long,Q5_high,-1.8987744291,12,48,2021-06-24 00:00,2021-06-24 04:00,2021-06-26 00:00,-3.2865938553,Q5_high,2.5735229847,32589.2000000000,32589.2000000000,31977.5900000000,31275.0000000000,35500.0000000000,0.0000000000,-1.8945600175,-1.8945600175,-4.1161888788,8.5551751340
BTCUSDT_lower5_Q5_high_h48,BTC Q5 48H,phase3_lower5_Q5_best,BTCUSDT,lower,5pct,long,Q5_high,-1.8987744291,12,48,2021-06-25 04:00,2021-06-25 08:00,2021-06-27 04:00,-2.2161147464,Q5_high,2.3860831279,34283.8200000000,34281.3700000000,33283.1700000000,30151.0000000000,34480.0000000000,-0.0071464835,-2.9621658940,-2.9550194105,-12.8383967806,0.5777387870
BTCUSDT_lower5_Q5_high_h48,BTC Q5 48H,phase3_lower5_Q5_best,BTCUSDT,lower,5pct,long,Q5_high,-1.8987744291,12,48,2021-06-25 08:00,2021-06-25 12:00,2021-06-27 08:00,-2.8757031097,Q5_high,2.3019152023,33311.9600000000,33311.9600000000,33246.5500000000,30151.0000000000,33600.7700000000,0.0000000000,-0.1965489343,-0.1965489343,-9.9698401544,0.8632491710
BTCUSDT_lower5_Q5_high_h48,BTC Q5 48H,phase3_lower5_Q5_best,BTCUSDT,lower,5pct,long,Q5_high,-1.8987744291,12,48,2021-06-25 12:00,2021-06-25 16:00,2021-06-27 12:00,-2.1387355638,Q5_high,2.3398756149,32607.0700000000,32607.0700000000,33200.0200000000,30151.0000000000,33574.3200000000,0.0000000000,1.8021342307,1.8021342307,-7.8311045906,2.9232353014
BTCUSDT_lower5_Q5_high_h48,BTC Q5 48H,phase3_lower5_Q5_best,BTCUSDT,lower,5pct,long,Q5_high,-1.8987744291,12,48,2021-06-25 20:00,2021-06-26 00:00,2021-06-27 20:00,-1.9945433716,Q5_high,2.1505606170,31584.4500000000,31576.0900000000,34700.3400000000,30151.0000000000,34749.0000000000,-0.0264722247,9.4084574306,9.4349296553,-4.6182098503,9.5750605996
BTCUSDT_lower5_Q5_high_h48,BTC Q5 48H,phase3_lower5_Q5_best,BTCUSDT,lower,5pct,long,Q5_high,-1.8987744291,12,48,2021-06-26 04:00,2021-06-26 08:00,2021-06-28 04:00,-4.0109392489,Q5_high,2.2835424519,30720.3700000000,30713.5400000000,35028.6900000000,30151.0000000000,35297.7100000000,-0.0222352770,13.1241487515,13.1463840285,-1.8485509589,13.9114489606
BTCUSDT_lower5_Q5_high_h48,BTC Q5 48H,phase3_lower5_Q5_best,BTCUSDT,lower,5pct,long,Q5_high,-1.8987744291,12,48,2021-06-28 08:00,2021-06-28 12:00,2021-06-30 08:00,-2.6658934296,Q5_high,2.3880562231,34107.2000000000,34107.2000000000,34849.9900000000,33862.7200000000,36600.0000000000,0.0000000000,2.1544344566,2.1544344566,-0.7193801444,7.0539734711
BTCUSDT_lower5_Q5_high_h48,BTC Q5 48H,phase3_lower5_Q5_best,BTCUSDT,lower,5pct,long,Q5_high,-1.8987744291,12,48,2021-06-30 00:00,2021-06-30 04:00,2021-07-02 00:00,-2.2293499044,Q5_high,1.9732128020,35119.9900000000,35119.9900000000,32907.2200000000,32711.0000000000,35333.3300000000,0.0000000000,-6.5078397446,-6.5078397446,-7.1059071255,0.6056227075
BTCUSDT_lower5_Q5_high_h48,BTC Q5 48H,phase3_lower5_Q5_best,BTCUSDT,lower,5pct,long,Q5_high,-1.8987744291,12,48,2021-06-30 12:00,2021-06-30 16:00,2021-07-02 12:00,-1.9019037458,Q5_high,1.9502579125,34193.4400000000,34193.4400000000,33704.9100000000,32699.0000000000,35194.0400000000,0.0000000000,-1.4390288730,-1.4390288730,-4.4689316409,2.8842937282
BTCUSDT_lower5_Q5_high_h48,BTC Q5 48H,phase3_lower5_Q5_best,BTCUSDT,lower,5pct,long,Q5_high,-1.8987744291,12,48,2021-07-01 00:00,2021-07-01 04:00,2021-07-03 00:00,-2.6748934246,Q5_high,2.0638243716,34120.0100000000,34120.0100000000,33524.4700000000,32699.0000000000,34467.0900000000,0.0000000000,-1.7608395762,-1.7608395762,-4.2539519311,1.0120940023
BTCUSDT_lower5_Q5_high_h48,BTC Q5 48H,phase3_lower5_Q5_best,BTCUSDT,lower,5pct,long,Q5_high,-1.8987744291,12,48,2021-07-01 04:00,2021-07-01 08:00,2021-07-03 04:00,-2.2877219157,Q5_high,1.7003260218,33348.3000000000,33350.0000000000,34499.5400000000,32699.0000000000,34663.4800000000,0.0050975812,3.3939194065,3.3888218253,-1.9713275966,3.8628910810
BTCUSDT_lower5_Q5_high_h48,BTC Q5 48H,phase3_lower5_Q5_best,BTCUSDT,lower,5pct,long,Q5_high,-1.8987744291,12,48,2021-07-05 08:00,2021-07-05 12:00,2021-07-07 08:00,-2.5910974559,Q5_high,1.4769547458,33379.9600000000,33379.9600000000,34827.9600000000,33125.5500000000,35118.8800000000,0.0000000000,4.2464792554,4.2464792554,-0.7650831968,5.0783157687
BTCUSDT_lower5_Q5_high_h48,BTC Q5 48H,phase3_lower5_Q5_best,BTCUSDT,lower,5pct,long,Q5_high,-1.8987744291,12,48,2021-07-06 08:00,2021-07-06 12:00,2021-07-08 08:00,-2.3427665594,Q5_high,1.6012478762,34067.3100000000,34067.3100000000,32696.4400000000,32077.0000000000,35059.0900000000,0.0000000000,-4.1072069988,-4.1072069988,-6.0199011047,2.8696650188
BTCUSDT_lower5_Q5_high_h48,BTC Q5 48H,phase3_lower5_Q5_best,BTCUSDT,lower,5pct,long,Q5_high,-1.8987744291,12,48,2021-07-08 04:00,2021-07-08 08:00,2021-07-10 04:00,-2.4869497624,Q5_high,1.5379972879,32487.5700000000,32487.5600000000,33766.0100000000,32077.0000000000,34262.0000000000,-0.0000307810,3.8597120571,3.8597428381,-1.2717984414,5.3179621478
BTCUSDT_lower5_Q5_high_h48,BTC Q5 48H,phase3_lower5_Q5_best,BTCUSDT,lower,5pct,long,Q5_high,-1.8987744291,12,48,2021-07-26 20:00,2021-07-27 00:00,2021-07-28 20:00,-5.5561903620,Q5_high,2.5149262457,37237.6000000000,37241.3300000000,40019.5600000000,36383.0000000000,40900.0000000000,0.0100162556,7.2049331092,7.1949168536,-2.3317533475,9.3710896992
BTCUSDT_lower5_Q5_high_h48,BTC Q5 48H,phase3_lower5_Q5_best,BTCUSDT,lower,5pct,long,Q5_high,-1.8987744291,12,48,2021-07-28 12:00,2021-07-28 16:00,2021-07-30 12:00,-2.6401373922,Q5_high,2.7104015036,39689.0400000000,39689.0400000000,39073.8500000000,38313.2300000000,40680.0700000000,0.0000000000,-1.5621633757,-1.5621633757,-3.5279811701,2.4663212876
BTCUSDT_lower5_Q5_high_h48,BTC Q5 48H,phase3_lower5_Q5_best,BTCUSDT,lower,5pct,long,Q5_high,-1.8987744291,12,48,2021-07-30 08:00,2021-07-30 12:00,2021-08-01 08:00,-2.7654464981,Q5_high,1.6731968712,38642.4600000000,38650.0000000000,41587.0100000000,38528.6000000000,42599.0000000000,0.0195103119,7.3436186975,7.3241083855,-0.3145952379,9.7284003788
BTCUSDT_lower5_Q5_high_h48,BTC Q5 48H,phase3_lower5_Q5_best,BTCUSDT,lower,5pct,long,Q5_high,-1.8987744291,12,48,2021-08-01 20:00,2021-08-02 00:00,2021-08-03 20:00,-3.4966727206,Q5_high,1.9252702417,39845.4400000000,39850.2700000000,38207.0500000000,37642.0300000000,40480.0100000000,0.0121211041,-4.1987916021,-4.2109127063,-5.7007935371,1.5679091394
BTCUSDT_lower5_Q5_high_h48,BTC Q5 48H,phase3_lower5_Q5_best,BTCUSDT,lower,5pct,long,Q5_high,-1.8987744291,12,48,2021-09-07 12:00,2021-09-07 16:00,2021-09-09 12:00,-8.7874486190,Q5_high,2.2140001502,46656.0700000000,46656.0700000000,47001.6500000000,44412.0200000000,47544.9300000000,0.0000000000,0.7379670749,0.7379670749,-4.9292883207,1.8872121973
BTCUSDT_lower5_Q5_high_h48,BTC Q5 48H,phase3_lower5_Q5_best,BTCUSDT,lower,5pct,long,Q5_high,-1.8987744291,12,48,2021-09-08 04:00,2021-09-08 08:00,2021-09-10 04:00,-2.9939947931,Q5_high,2.2954158500,45080.3000000000,45075.7200000000,46160.5500000000,44412.0200000000,47399.9700000000,-0.0101601646,2.3680193222,2.3781794867,-1.4833588819,5.0277853450
BTCUSDT_lower5_Q5_high_h48,BTC Q5 48H,phase3_lower5_Q5_best,BTCUSDT,lower,5pct,long,Q5_high,-1.8987744291,12,48,2021-09-10 12:00,2021-09-10 16:00,2021-09-12 12:00,-1.9858374508,Q5_high,2.3402082274,45420.8600000000,45420.8600000000,45886.9900000000,44132.2900000000,46270.5600000000,0.0000000000,1.0210163735,1.0210163735,-2.8779756816,1.8534434832
BTCUSDT_lower5_Q5_high_h48,BTC Q5 48H,phase3_lower5_Q5_best,BTCUSDT,lower,5pct,long,Q5_high,-1.8987744291,12,48,2021-09-24 08:00,2021-09-24 12:00,2021-09-26 08:00,-7.6264249739,Q5_high,2.4154924677,41527.5000000000,41527.5000000000,43063.5700000000,40750.0000000000,43746.9000000000,0.0000000000,3.6321537687,3.6321537687,-1.8900018696,5.2064894767
BTCUSDT_lower5_Q5_high_h48,BTC Q5 48H,phase3_lower5_Q5_best,BTCUSDT,lower,5pct,long,Q5_high,-1.8987744291,12,48,2021-09-26 04:00,2021-09-26 08:00,2021-09-28 04:00,-2.3515369945,Q5_high,2.0411211655,41231.3400000000,41227.0700000000,41775.2500000000,41037.1300000000,44350.0000000000,-0.0103567362,1.3105412107,1.3208979469,-0.4617812792,7.3017629321
BTCUSDT_lower5_Q5_high_h48,BTC Q5 48H,phase3_lower5_Q5_best,BTCUSDT,lower,5pct,long,Q5_high,-1.8987744291,12,48,2021-10-21 12:00,2021-10-21 16:00,2021-10-23 12:00,-2.9058587239,Q5_high,1.6341675605,62971.2000000000,62971.2000000000,61446.8700000000,59562.1500000000,63732.3900000000,0.0000000000,-2.4504580018,-2.4504580018,-5.5657173796,1.2015431572
BTCUSDT_lower5_Q5_high_h48,BTC Q5 48H,phase3_lower5_Q5_best,BTCUSDT,lower,5pct,long,Q5_high,-1.8987744291,12,48,2021-10-22 12:00,2021-10-22 16:00,2021-10-24 12:00,-4.3303435599,Q5_high,1.8483056512,60690.9400000000,60690.9400000000,59859.9700000000,59562.1500000000,61747.6400000000,0.0000000000,-1.3786427021,-1.3786427021,-1.8774123060,1.7261327878
BTCUSDT_lower5_Q5_high_h48,BTC Q5 48H,phase3_lower5_Q5_best,BTCUSDT,lower,5pct,long,Q5_high,-1.8987744291,12,48,2021-11-10 20:00,2021-11-11 00:00,2021-11-12 20:00,-2.6893037361,Q5_high,1.5431884237,64882.4300000000,64882.4200000000,64122.2300000000,62278.0000000000,65600.0700000000,-0.0000154125,-1.1785757190,-1.1785603065,-4.0968475329,1.1000054281
BTCUSDT_lower5_Q5_high_h48,BTC Q5 48H,phase3_lower5_Q5_best,BTCUSDT,lower,5pct,long,Q5_high,-1.8987744291,12,48,2021-11-22 16:00,2021-11-22 20:00,2021-11-24 16:00,-3.8568613127,Q5_high,1.5360465847,55993.0300000000,55993.0400000000,56825.1300000000,55317.0000000000,58009.9900000000,0.0000178594,1.4751438758,1.4751260165,-1.2147121906,3.5387839797
BTCUSDT_lower5_Q5_high_h48,BTC Q5 48H,phase3_lower5_Q5_best,BTCUSDT,lower,5pct,long,Q5_high,-1.8987744291,12,48,2021-11-26 08:00,2021-11-26 12:00,2021-11-28 08:00,-5.8539355132,Q5_high,1.7011605864,53719.3000000000,53719.3100000000,54493.0900000000,53500.0000000000,55280.0000000000,0.0000186153,1.4301563598,1.4301377446,-0.4090873292,2.8638652265
BTCUSDT_lower5_Q5_high_h48,BTC Q5 48H,phase3_lower5_Q5_best,BTCUSDT,lower,5pct,long,Q5_high,-1.8987744291,12,48,2021-12-01 16:00,2021-12-01 20:00,2021-12-03 16:00,-2.0451687688,Q5_high,1.5300269472,57427.9000000000,57427.9100000000,53838.6500000000,53750.0000000000,57600.0000000000,0.0000174131,-6.4538637225,-6.4538811357,-6.6186755077,0.2992145617
BTCUSDT_lower5_Q5_high_h48,BTC Q5 48H,phase3_lower5_Q5_best,BTCUSDT,lower,5pct,long,Q5_high,-1.8987744291,12,48,2021-12-04 04:00,2021-12-04 08:00,2021-12-06 04:00,-9.5944727241,Q5_high,2.4973490327,47242.7400000000,47242.7500000000,48412.6600000000,46131.7100000000,49699.0500000000,0.0000211673,2.4462358426,2.4462146754,-2.3798636978,5.0686615218
BTCUSDT_lower5_Q5_high_h48,BTC Q5 48H,phase3_lower5_Q5_best,BTCUSDT,lower,5pct,long,Q5_high,-1.8987744291,12,48,2021-12-05 12:00,2021-12-05 16:00,2021-12-07 12:00,-2.6567153136,Q5_high,2.6604673102,47951.5700000000,47951.5700000000,51734.1500000000,47100.0000000000,51936.3300000000,0.0000000000,7.5926561805,7.5926561805,-1.7918542211,7.9827002053
BTCUSDT_lower5_Q5_high_h48,BTC Q5 48H,phase3_lower5_Q5_best,BTCUSDT,lower,5pct,long,Q5_high,-1.8987744291,12,48,2021-12-10 20:00,2021-12-11 00:00,2021-12-12 20:00,-2.0124707715,Q5_high,1.5272984318,47140.5400000000,47140.5400000000,50053.9000000000,46751.0000000000,50777.0000000000,0.0000000000,5.9967072121,5.9967072121,-0.8297706802,7.4310143472
BTCUSDT_lower5_Q5_high_h48,BTC Q5 48H,phase3_lower5_Q5_best,BTCUSDT,lower,5pct,long,Q5_high,-1.8987744291,12,48,2021-12-13 12:00,2021-12-13 16:00,2021-12-15 12:00,-3.3202882495,Q5_high,1.4939003001,47252.0200000000,47252.0200000000,46632.3100000000,45672.7500000000,48850.0000000000,0.0000000000,-1.3201755832,-1.3201755832,-3.3993564382,3.3258974140
BTCUSDT_lower5_Q5_high_h48,BTC Q5 48H,phase3_lower5_Q5_best,BTCUSDT,lower,5pct,long,Q5_high,-1.8987744291,12,48,2021-12-15 12:00,2021-12-15 16:00,2021-12-17 12:00,-3.1664807144,Q5_high,1.5159929996,46632.3100000000,46632.3000000000,46528.8300000000,45456.0000000000,49500.0000000000,-0.0000214444,-0.2221528044,-0.2221313600,-2.5548608961,5.9679235502
BTCUSDT_lower5_Q5_high_h48,BTC Q5 48H,phase3_lower5_Q5_best,BTCUSDT,lower,5pct,long,Q5_high,-1.8987744291,12,48,2021-12-31 16:00,2021-12-31 20:00,2022-01-02 16:00,-4.8595954759,Q5_high,1.4923105033,45728.2800000000,45728.2800000000,46907.6800000000,45678.0000000000,47990.0000000000,0.0000000000,2.5464489820,2.5464489820,-0.1100143340,4.8275730978
BTCUSDT_lower5_Q5_high_h48,BTC Q5 48H,phase3_lower5_Q5_best,BTCUSDT,lower,5pct,long,Q5_high,-1.8987744291,12,48,2022-01-07 00:00,2022-01-07 04:00,2022-01-09 00:00,-3.0141733344,Q5_high,1.4866434101,41803.1100000000,41803.1100000000,41833.8900000000,40501.0000000000,42883.4700000000,0.0000000000,0.0736037911,0.0736037911,-3.1644073511,2.5515698319
BTCUSDT_lower5_Q5_high_h48,BTC Q5 48H,phase3_lower5_Q5_best,BTCUSDT,lower,5pct,long,Q5_high,-1.8987744291,12,48,2022-01-07 12:00,2022-01-07 16:00,2022-01-09 12:00,-2.2483251849,Q5_high,1.5678130487,41319.1100000000,41310.8500000000,41621.1100000000,40501.0000000000,42315.8500000000,-0.0199927485,0.7282385667,0.7482313151,-1.9798512163,2.4036543031
BTCUSDT_lower5_Q5_high_h48,BTC Q5 48H,phase3_lower5_Q5_best,BTCUSDT,lower,5pct,long,Q5_high,-1.8987744291,12,48,2022-01-20 20:00,2022-01-21 00:00,2022-01-22 20:00,-5.3516533416,Q5_high,1.5765840520,40680.9100000000,40680.9200000000,35071.4200000000,34008.0000000000,41100.0000000000,0.0000245816,-14.8372386865,-14.8372632680,-17.9163395404,1.0248935042
BTCUSDT_lower5_Q5_high_h48,BTC Q5 48H,phase3_lower5_Q5_best,BTCUSDT,lower,5pct,long,Q5_high,-1.8987744291,12,48,2022-01-21 00:00,2022-01-21 04:00,2022-01-23 00:00,-5.5993305398,Q5_high,1.9843726794,38465.6500000000,38465.6500000000,35051.0000000000,34008.0000000000,39320.0000000000,0.0000000000,-9.2961491503,-9.2961491503,-12.3169844191,2.1967660032
BTCUSDT_lower5_Q5_high_h48,BTC Q5 48H,phase3_lower5_Q5_best,BTCUSDT,lower,5pct,long,Q5_high,-1.8987744291,12,48,2022-01-21 16:00,2022-01-21 20:00,2022-01-23 16:00,-2.2726754295,Q5_high,2.0850456080,37984.1200000000,37984.1100000000,34775.4500000000,34008.0000000000,38470.0000000000,-0.0000263268,-8.8256499591,-8.8256236323,-11.0572123323,1.2710802385
BTCUSDT_lower5_Q5_high_h48,BTC Q5 48H,phase3_lower5_Q5_best,BTCUSDT,lower,5pct,long,Q5_high,-1.8987744291,12,48,2022-01-21 20:00,2022-01-22 00:00,2022-01-23 20:00,-4.1355396881,Q5_high,2.2394966798,36445.3100000000,36445.3100000000,36244.5500000000,34008.0000000000,36835.2200000000,0.0000000000,-0.5523755596,-0.5523755596,-6.9216989709,1.0641671931
BTCUSDT_lower5_Q5_high_h48,BTC Q5 48H,phase3_lower5_Q5_best,BTCUSDT,lower,5pct,long,Q5_high,-1.8987744291,12,48,2022-01-22 04:00,2022-01-22 08:00,2022-01-24 04:00,-2.6251806172,Q5_high,2.2054349049,35400.0200000000,35400.0100000000,34888.8100000000,34008.0000000000,36499.0000000000,-0.0000282486,-1.4546237688,-1.4545955203,-4.0116311569,3.0572760327
BTCUSDT_lower5_Q5_high_h48,BTC Q5 48H,phase3_lower5_Q5_best,BTCUSDT,lower,5pct,long,Q5_high,-1.8987744291,12,48,2022-01-24 00:00,2022-01-24 04:00,2022-01-26 00:00,-2.5322795484,Q5_high,2.3925878222,35338.2600000000,35338.2500000000,37389.7600000000,32917.1700000000,37550.0000000000,-0.0000282979,5.6430640454,5.6430923433,-7.0971540571,6.0707431503
BTCUSDT_lower5_Q5_high_h48,BTC Q5 48H,phase3_lower5_Q5_best,BTCUSDT,lower,5pct,long,Q5_high,-1.8987744291,12,48,2022-01-24 08:00,2022-01-24 12:00,2022-01-26 08:00,-3.4754070419,Q5_high,1.9548662825,33697.1100000000,33697.1200000000,38072.7700000000,32917.1700000000,38248.9200000000,0.0000296761,12.2087251447,12.2086954686,-2.3417967630,12.6702950814
BTCUSDT_lower5_Q5_high_h48,BTC Q5 48H,phase3_lower5_Q5_best,BTCUSDT,lower,5pct,long,Q5_high,-1.8987744291,12,48,2022-01-26 20:00,2022-01-27 00:00,2022-01-28 20:00,-2.0717715672,Q5_high,2.1319025372,36809.3400000000,36807.2400000000,37716.5600000000,35507.0100000000,38000.0000000000,-0.0057052365,2.4347637983,2.4404690348,-3.5964423178,3.1891594772
BTCUSDT_lower5_Q5_high_h48,BTC Q5 48H,phase3_lower5_Q5_best,BTCUSDT,lower,5pct,long,Q5_high,-1.8987744291,12,48,2022-01-27 00:00,2022-01-27 04:00,2022-01-29 00:00,-2.9321635134,Q5_high,2.2163048752,35745.7000000000,35745.7000000000,37737.7300000000,35538.7500000000,38000.0000000000,0.0000000000,5.4230407562,5.4230407562,-0.5806331715,6.1156177541
BTCUSDT_lower5_Q5_high_h48,BTC Q5 48H,phase3_lower5_Q5_best,BTCUSDT,lower,5pct,long,Q5_high,-1.8987744291,12,48,2022-02-21 20:00,2022-02-22 00:00,2022-02-23 20:00,-2.9999573484,Q5_high,1.6892280285,37008.1600000000,37008.1600000000,37250.0100000000,36350.0000000000,39249.9300000000,0.0000000000,0.6513784413,0.6513784413,-1.7944224890,5.8811231918
BTCUSDT_lower5_Q5_high_h48,BTC Q5 48H,phase3_lower5_Q5_best,BTCUSDT,lower,5pct,long,Q5_high,-1.8987744291,12,48,2022-02-23 16:00,2022-02-23 20:00,2022-02-25 16:00,-2.3558682836,Q5_high,1.8330882194,37615.8100000000,37615.8100000000,38676.1400000000,34322.2800000000,39843.0000000000,0.0000000000,2.7798431688,2.7798431688,-9.1629734763,5.7522290343
BTCUSDT_lower5_Q5_high_h48,BTC Q5 48H,phase3_lower5_Q5_best,BTCUSDT,lower,5pct,long,Q5_high,-1.8987744291,12,48,2022-02-24 00:00,2022-02-24 04:00,2022-02-26 00:00,-6.4108922269,Q5_high,2.3123912511,34936.8900000000,34936.9000000000,39390.3300000000,34322.2800000000,40348.4500000000,0.0000286230,11.9977063695,11.9976777465,-1.7748871264,14.4009402856
BTCUSDT_lower5_Q5_high_h48,BTC Q5 48H,phase3_lower5_Q5_best,BTCUSDT,lower,5pct,long,Q5_high,-1.8987744291,12,48,2022-02-27 16:00,2022-02-27 20:00,2022-03-01 16:00,-4.5497970136,Q5_high,1.8027034722,37606.4900000000,37604.4000000000,43719.4900000000,37000.0000000000,44949.0000000000,-0.0055577058,15.0617356214,15.0672933272,-1.6203152182,17.8407448903
BTCUSDT_lower5_Q5_high_h48,BTC Q5 48H,phase3_lower5_Q5_best,BTCUSDT,lower,5pct,long,Q5_high,-1.8987744291,12,48,2022-03-03 12:00,2022-03-03 16:00,2022-03-05 12:00,-1.9432571879,Q5_high,1.8566081361,42547.3400000000,42547.3400000000,39160.0100000000,38407.5900000000,42750.0000000000,0.0000000000,-8.2961265352,-8.2961265352,-10.2362242064,0.4751857006
BTCUSDT_lower5_Q5_high_h48,BTC Q5 48H,phase3_lower5_Q5_best,BTCUSDT,lower,5pct,long,Q5_high,-1.8987744291,12,48,2022-03-07 16:00,2022-03-07 20:00,2022-03-09 16:00,-4.6159812861,Q5_high,1.5519594119,37308.9400000000,37308.9400000000,42204.6500000000,37155.0000000000,42594.0600000000,0.0000000000,12.3297428329,12.3297428329,-0.4134624606,13.2481830718
BTCUSDT_lower5_Q5_high_h48,BTC Q5 48H,phase3_lower5_Q5_best,BTCUSDT,lower,5pct,long,Q5_high,-1.8987744291,12,48,2022-03-10 00:00,2022-03-10 04:00,2022-03-12 00:00,-2.8370827492,Q5_high,2.1443145267,40768.5100000000,40768.5000000000,39088.9400000000,38223.6000000000,40834.9300000000,-0.0000245287,-4.2070407156,-4.2070161868,-6.4456598497,0.1628118197
BTCUSDT_lower5_Q5_high_h48,BTC Q5 48H,phase3_lower5_Q5_best,BTCUSDT,lower,5pct,long,Q5_high,-1.8987744291,12,48,2022-03-10 04:00,2022-03-10 08:00,2022-03-12 04:00,-3.8241367999,Q5_high,2.3253857696,39238.9000000000,39238.9000000000,39104.9900000000,38223.6000000000,40292.4400000000,0.0000000000,-0.3418521353,-0.3418521353,-2.6215475785,2.6495256618
BTCUSDT_lower5_Q5_high_h48,BTC Q5 48H,phase3_lower5_Q5_best,BTCUSDT,lower,5pct,long,Q5_high,-1.8987744291,12,48,2022-03-11 12:00,2022-03-11 16:00,2022-03-13 12:00,-2.0600435188,Q5_high,2.0615126686,39080.2600000000,39080.2600000000,38936.0000000000,38308.8300000000,39486.7100000000,0.0000000000,-0.3698207641,-0.3698207641,-1.9937062255,1.0346679425
BTCUSDT_lower5_Q5_high_h48,BTC Q5 48H,phase3_lower5_Q5_best,BTCUSDT,lower,5pct,long,Q5_high,-1.8987744291,12,48,2022-04-14 12:00,2022-04-14 16:00,2022-04-16 12:00,-2.3639147383,Q5_high,1.5044668252,39964.0200000000,39964.0100000000,40062.6800000000,39551.9400000000,40870.3600000000,-0.0000250225,0.2465678329,0.2465928555,-1.0364554252,2.2425806858
BTCUSDT_lower5_Q5_high_h48,BTC Q5 48H,phase3_lower5_Q5_best,BTCUSDT,lower,5pct,long,Q5_high,-1.8987744291,12,48,2022-04-26 12:00,2022-04-26 16:00,2022-04-28 12:00,-4.8169925554,Q5_high,1.4681975038,38563.9400000000,38563.9400000000,39438.0100000000,37702.2600000000,40300.0000000000,0.0000000000,2.2412429126,2.2412429126,-2.2597603339,4.4033826007
BTCUSDT_lower5_Q5_high_h48,BTC Q5 48H,phase3_lower5_Q5_best,BTCUSDT,lower,5pct,long,Q5_high,-1.8987744291,12,48,2022-05-05 12:00,2022-05-05 16:00,2022-05-07 12:00,-6.7645560108,Q5_high,1.7523287234,36909.6700000000,36909.6700000000,35962.4700000000,35258.0000000000,37322.0000000000,0.0000000000,-2.5997681660,-2.5997681660,-4.5781122472,1.1109388776
BTCUSDT_lower5_Q5_high_h48,BTC Q5 48H,phase3_lower5_Q5_best,BTCUSDT,lower,5pct,long,Q5_high,-1.8987744291,12,48,2022-05-08 00:00,2022-05-08 04:00,2022-05-10 00:00,-2.8368241073,Q5_high,1.6523986129,34480.2400000000,34480.2300000000,30642.5500000000,29730.4000000000,34952.5000000000,-0.0000290021,-11.7996840376,-11.7996550354,-14.8216024964,1.3603880573
BTCUSDT_lower5_Q5_high_h48,BTC Q5 48H,phase3_lower5_Q5_best,BTCUSDT,lower,5pct,long,Q5_high,-1.8987744291,12,48,2022-05-11 04:00,2022-05-11 08:00,2022-05-13 04:00,-1.9119343921,Q5_high,1.7467858130,30614.9900000000,30614.9900000000,30171.1300000000,26700.0000000000,32162.5900000000,0.0000000000,-1.4604251398,-1.4604251398,-13.6826192886,4.9314217601
BTCUSDT_lower5_Q5_high_h48,BTC Q5 48H,phase3_lower5_Q5_best,BTCUSDT,lower,5pct,long,Q5_high,-1.8987744291,12,48,2022-05-11 16:00,2022-05-11 20:00,2022-05-13 16:00,-5.3215355779,Q5_high,2.1306994251,29372.2200000000,29372.2100000000,30084.1100000000,26700.0000000000,31083.3700000000,-0.0000340458,2.3947795698,2.3948136156,-9.5385423824,5.6623960250
BTCUSDT_lower5_Q5_high_h48,BTC Q5 48H,phase3_lower5_Q5_best,BTCUSDT,lower,5pct,long,Q5_high,-1.8987744291,12,48,2022-05-12 00:00,2022-05-12 04:00,2022-05-14 00:00,-2.4267889182,Q5_high,2.1267302438,28406.1500000000,28406.1500000000,29569.8900000000,26700.0000000000,31083.3700000000,0.0000000000,4.0150942851,4.0150942851,-6.1942105613,9.0067278460
BTCUSDT_lower5_Q5_high_h48,BTC Q5 48H,phase3_lower5_Q5_best,BTCUSDT,lower,5pct,long,Q5_high,-1.8987744291,12,48,2022-05-13 20:00,2022-05-14 00:00,2022-05-15 20:00,-2.6851686587,Q5_high,2.2848862399,29287.0500000000,29287.0500000000,31328.8900000000,28630.0000000000,31460.0000000000,0.0000000000,6.7395236236,6.7395236236,-2.2690319689,7.1571458831
BTCUSDT_lower5_Q5_high_h48,BTC Q5 48H,phase3_lower5_Q5_best,BTCUSDT,lower,5pct,long,Q5_high,-1.8987744291,12,48,2022-05-16 00:00,2022-05-16 04:00,2022-05-18 00:00,-3.2626589592,Q5_high,2.0358189168,30323.2300000000,30323.2300000000,29831.4000000000,29087.0400000000,30788.3700000000,0.0000000000,-1.6352555400,-1.6352555400,-4.1621371293,1.5222935826
BTCUSDT_lower5_Q5_high_h48,BTC Q5 48H,phase3_lower5_Q5_best,BTCUSDT,lower,5pct,long,Q5_high,-1.8987744291,12,48,2022-05-16 04:00,2022-05-16 08:00,2022-05-18 04:00,-2.4346164339,Q5_high,2.1063939673,29593.8900000000,29593.8900000000,29910.2500000000,29087.0400000000,30788.3700000000,0.0000000000,1.0633309912,1.0633309912,-1.7275206954,3.9569100165
BTCUSDT_lower5_Q5_high_h48,BTC Q5 48H,phase3_lower5_Q5_best,BTCUSDT,lower,5pct,long,Q5_high,-1.8987744291,12,48,2022-05-18 00:00,2022-05-18 04:00,2022-05-20 00:00,-2.0357947786,Q5_high,1.6049642912,29831.4000000000,29831.4000000000,30175.0300000000,28654.4700000000,30777.3300000000,0.0000000000,1.1453231140,1.1453231140,-4.0252078110,3.1216849965
BTCUSDT_lower5_Q5_high_h48,BTC Q5 48H,phase3_lower5_Q5_best,BTCUSDT,lower,5pct,long,Q5_high,-1.8987744291,12,48,2022-05-18 12:00,2022-05-18 16:00,2022-05-20 12:00,-2.8856494949,Q5_high,1.6089156382,28984.9900000000,28984.9800000000,29152.9000000000,28654.4700000000,30777.3300000000,-0.0000345006,0.5776283483,0.5776628489,-1.1468312846,6.0000615229
BTCUSDT_lower5_Q5_high_h48,BTC Q5 48H,phase3_lower5_Q5_best,BTCUSDT,lower,5pct,long,Q5_high,-1.8987744291,12,48,2022-05-18 20:00,2022-05-19 00:00,2022-05-20 20:00,-1.9356076026,Q5_high,1.6363801300,28715.3200000000,28715.3300000000,29201.0100000000,28691.3800000000,30777.3300000000,0.0000348246,1.6772519462,1.6772171215,-0.0834397282,6.9347253507
BTCUSDT_lower5_Q5_high_h48,BTC Q5 48H,phase3_lower5_Q5_best,BTCUSDT,lower,5pct,long,Q5_high,-1.8987744291,12,48,2022-05-20 12:00,2022-05-20 16:00,2022-05-22 12:00,-4.2350937019,Q5_high,1.6657742793,29152.9000000000,29152.9000000000,29844.0100000000,28730.0000000000,30311.3100000000,0.0000000000,2.3429756417,2.3429756417,-1.4612520277,3.8966516927
BTCUSDT_lower5_Q5_high_h48,BTC Q5 48H,phase3_lower5_Q5_best,BTCUSDT,lower,5pct,long,Q5_high,-1.8987744291,12,48,2022-05-23 16:00,2022-05-23 20:00,2022-05-25 16:00,-4.3180470534,Q5_high,1.4960344151,29089.9000000000,29089.9100000000,29599.1000000000,28669.0000000000,30223.7400000000,0.0000343762,1.7352920569,1.7352576807,-1.4574979034,3.8236329631
BTCUSDT_lower5_Q5_high_h48,BTC Q5 48H,phase3_lower5_Q5_best,BTCUSDT,lower,5pct,long,Q5_high,-1.8987744291,12,48,2022-06-07 00:00,2022-06-07 04:00,2022-06-09 00:00,-5.9406286480,Q5_high,1.7472877241,29563.6200000000,29563.6100000000,30293.4900000000,29345.0000000000,31589.6000000000,-0.0000338254,2.4388286577,2.4388624830,-0.7422039106,6.6283739383
BTCUSDT_lower5_Q5_high_h48,BTC Q5 48H,phase3_lower5_Q5_best,BTCUSDT,lower,5pct,long,Q5_high,-1.8987744291,12,48,2022-06-08 00:00,2022-06-08 04:00,2022-06-10 00:00,-3.5934305218,Q5_high,2.1242083748,30026.7200000000,30026.7100000000,30114.3800000000,29578.9600000000,30901.6700000000,-0.0000333037,0.2915146616,0.2915479653,-1.5024021110,2.8722908867
BTCUSDT_lower5_Q5_high_h48,BTC Q5 48H,phase3_lower5_Q5_best,BTCUSDT,lower,5pct,long,Q5_high,-1.8987744291,12,48,2022-06-13 00:00,2022-06-13 04:00,2022-06-15 00:00,-4.0488820554,Q5_high,1.5855720563,25520.0500000000,25520.0500000000,21455.8000000000,20846.0000000000,26257.3100000000,0.0000000000,-17.3469412628,-17.3469412628,-20.2302334405,2.8480008738
BTCUSDT_lower5_Q5_high_h48,BTC Q5 48H,phase3_lower5_Q5_best,BTCUSDT,lower,5pct,long,Q5_high,-1.8987744291,12,48,2022-06-13 04:00,2022-06-13 08:00,2022-06-15 04:00,-2.8153535010,Q5_high,1.6228498228,24811.5900000000,24811.5900000000,20722.9200000000,20652.1800000000,24941.1700000000,0.0000000000,-18.0070548609,-18.0070548609,-18.3489999870,0.5208969030
BTCUSDT_lower5_Q5_high_h48,BTC Q5 48H,phase3_lower5_Q5_best,BTCUSDT,lower,5pct,long,Q5_high,-1.8987744291,12,48,2022-06-13 08:00,2022-06-13 12:00,2022-06-15 08:00,-4.4594832780,Q5_high,1.7809716586,23729.4300000000,23729.4300000000,21177.0300000000,20111.6200000000,24376.0900000000,0.0000000000,-11.3798946220,-11.3798946220,-16.5418292455,2.6886683901
BTCUSDT_lower5_Q5_high_h48,BTC Q5 48H,phase3_lower5_Q5_best,BTCUSDT,lower,5pct,long,Q5_high,-1.8987744291,12,48,2022-06-13 12:00,2022-06-13 16:00,2022-06-15 12:00,-1.9484895177,Q5_high,1.7728274447,23271.5400000000,23271.5300000000,21419.1000000000,20111.6200000000,24204.5500000000,-0.0000429710,-8.2948107425,-8.2947677715,-14.5932967568,3.9309906973
BTCUSDT_lower5_Q5_high_h48,BTC Q5 48H,phase3_lower5_Q5_best,BTCUSDT,lower,5pct,long,Q5_high,-1.8987744291,12,48,2022-06-13 20:00,2022-06-14 00:00,2022-06-15 20:00,-3.1981718233,Q5_high,1.8156540818,22487.4100000000,22485.2700000000,22583.7200000000,20111.6200000000,23362.8800000000,-0.0095168889,0.4273695671,0.4368864560,-11.1562670679,3.8288009876
BTCUSDT_lower5_Q5_high_h48,BTC Q5 48H,phase3_lower5_Q5_best,BTCUSDT,lower,5pct,long,Q5_high,-1.8987744291,12,48,2022-06-14 08:00,2022-06-14 12:00,2022-06-16 08:00,-3.9359618974,Q5_high,2.1053802773,21994.5600000000,21994.5600000000,21044.5500000000,20111.6200000000,22995.7300000000,0.0000000000,-4.4153530811,-4.4153530811,-8.9497392577,4.4513396466
BTCUSDT_lower5_Q5_high_h48,BTC Q5 48H,phase3_lower5_Q5_best,BTCUSDT,lower,5pct,long,Q5_high,-1.8987744291,12,48,2022-06-14 16:00,2022-06-14 20:00,2022-06-16 16:00,-2.1575526300,Q5_high,2.3127916440,22196.2800000000,22190.9300000000,20875.4800000000,20111.6200000000,22995.7300000000,-0.0241060433,-6.1349442785,-6.1108382352,-9.8385889360,3.5624899683
BTCUSDT_lower5_Q5_high_h48,BTC Q5 48H,phase3_lower5_Q5_best,BTCUSDT,lower,5pct,long,Q5_high,-1.8987744291,12,48,2022-06-15 00:00,2022-06-15 04:00,2022-06-17 00:00,-3.1228759084,Q5_high,2.3142401757,21455.8000000000,21455.8000000000,20383.3800000000,20111.6200000000,22995.7300000000,0.0000000000,-5.1275142179,-5.1275142179,-6.4697247617,6.9313541426
BTCUSDT_lower5_Q5_high_h48,BTC Q5 48H,phase3_lower5_Q5_best,BTCUSDT,lower,5pct,long,Q5_high,-1.8987744291,12,48,2022-06-15 04:00,2022-06-15 08:00,2022-06-17 04:00,-3.4754670991,Q5_high,2.3485820799,20722.9200000000,20722.9200000000,21100.6400000000,20111.6200000000,22995.7300000000,0.0000000000,1.8063037673,1.8063037673,-2.9942576626,10.4068212417
BTCUSDT_lower5_Q5_high_h48,BTC Q5 48H,phase3_lower5_Q5_best,BTCUSDT,lower,5pct,long,Q5_high,-1.8987744291,12,48,2022-06-16 04:00,2022-06-16 08:00,2022-06-18 04:00,-2.0350535706,Q5_high,2.6747238761,21764.1700000000,21764.1800000000,19258.5800000000,19066.8000000000,21888.0000000000,0.0000459471,-12.2308363939,-12.2308823410,-13.2316896428,0.5673042312
BTCUSDT_lower5_Q5_high_h48,BTC Q5 48H,phase3_lower5_Q5_best,BTCUSDT,lower,5pct,long,Q5_high,-1.8987744291,12,48,2022-06-16 08:00,2022-06-16 12:00,2022-06-18 08:00,-3.3623420415,Q5_high,2.6376632310,21044.5500000000,21044.5600000000,19243.9800000000,18742.5000000000,21510.2000000000,0.0000475182,-8.9443334691,-8.9443809873,-11.5848422030,2.1885146812
BTCUSDT_lower5_Q5_high_h48,BTC Q5 48H,phase3_lower5_Q5_best,BTCUSDT,lower,5pct,long,Q5_high,-1.8987744291,12,48,2022-06-16 20:00,2022-06-17 00:00,2022-06-18 20:00,-2.2976150010,Q5_high,2.4784063013,20401.3100000000,20400.6000000000,18970.7900000000,17622.0000000000,21365.4300000000,-0.0034802292,-7.2698686693,-7.2663884400,-14.6416190738,4.6209883086
BTCUSDT_lower5_Q5_high_h48,BTC Q5 48H,phase3_lower5_Q5_best,BTCUSDT,lower,5pct,long,Q5_high,-1.8987744291,12,48,2022-06-18 04:00,2022-06-18 08:00,2022-06-20 04:00,-6.0497978109,Q5_high,2.4468617696,19258.5800000000,19258.5800000000,20086.6300000000,17622.0000000000,20815.9500000000,0.0000000000,4.2097743891,4.2097743891,-8.8808554274,7.7762844050
BTCUSDT_lower5_Q5_high_h48,BTC Q5 48H,phase3_lower5_Q5_best,BTCUSDT,lower,5pct,long,Q5_high,-1.8987744291,12,48,2022-06-18 16:00,2022-06-18 20:00,2022-06-20 16:00,-4.7882049773,Q5_high,2.4012797395,18067.6000000000,18067.6100000000,20072.8100000000,17622.0000000000,21090.0000000000,0.0000553477,10.5245884013,10.5245330536,-2.4972710992,15.4678162054
BTCUSDT_lower5_Q5_high_h48,BTC Q5 48H,phase3_lower5_Q5_best,BTCUSDT,lower,5pct,long,Q5_high,-1.8987744291,12,48,2022-06-19 00:00,2022-06-19 04:00,2022-06-21 00:00,-3.5393540556,Q5_high,2.7369530833,18311.0900000000,18311.1000000000,20614.0400000000,17960.4100000000,21090.0000000000,0.0000546117,11.8465509816,11.8464963699,-1.9337542222,14.1291561148
BTCUSDT_lower5_Q5_high_h48,BTC Q5 48H,phase3_lower5_Q5_best,BTCUSDT,lower,5pct,long,Q5_high,-1.8987744291,12,48,2022-06-20 00:00,2022-06-20 04:00,2022-06-22 00:00,-2.9271845265,Q5_high,3.1369510656,19980.4900000000,19980.4900000000,20317.8800000000,19776.5800000000,21723.0000000000,0.0000000000,1.6744989115,1.6744989115,-1.0257888120,8.3615309631
BTCUSDT_lower5_Q5_high_h48,BTC Q5 48H,phase3_lower5_Q5_best,BTCUSDT,lower,5pct,long,Q5_high,-1.8987744291,12,48,2022-06-20 16:00,2022-06-20 20:00,2022-06-22 16:00,-3.6775540008,Q5_high,3.2069364344,20072.8100000000,20072.8000000000,20117.3400000000,19840.8600000000,21723.0000000000,-0.0000498186,0.2215966759,0.2216464946,-1.1622217095,7.9005942288
BTCUSDT_lower5_Q5_high_h48,BTC Q5 48H,phase3_lower5_Q5_best,BTCUSDT,lower,5pct,long,Q5_high,-1.8987744291,12,48,2022-06-21 16:00,2022-06-21 20:00,2022-06-23 16:00,-2.3820431616,Q5_high,3.0434586606,20888.6400000000,20888.6300000000,20910.0600000000,19770.5100000000,21054.9900000000,-0.0000478729,0.1024912348,0.1025391077,-5.5013558289,0.7932594867
BTCUSDT_lower5_Q5_high_h48,BTC Q5 48H,phase3_lower5_Q5_best,BTCUSDT,lower,5pct,long,Q5_high,-1.8987744291,12,48,2022-06-22 00:00,2022-06-22 04:00,2022-06-24 00:00,-1.9768000574,Q5_high,2.8262407751,20317.8800000000,20317.8900000000,21073.7300000000,19770.5100000000,21369.8500000000,0.0000492177,3.6525954541,3.6525462363,-2.7310345225,5.0479271385
BTCUSDT_lower5_Q5_high_h48,BTC Q5 48H,phase3_lower5_Q5_best,BTCUSDT,lower,5pct,long,Q5_high,-1.8987744291,12,48,2022-06-22 12:00,2022-06-22 16:00,2022-06-24 12:00,-2.1002881115,Q5_high,2.5919756260,20080.1000000000,20080.8500000000,20884.1700000000,19770.5100000000,21457.0000000000,0.0037349714,3.9262180827,3.9224831113,-1.5575191093,6.6284307858
BTCUSDT_lower5_Q5_high_h48,BTC Q5 48H,phase3_lower5_Q5_best,BTCUSDT,lower,5pct,long,Q5_high,-1.8987744291,12,48,2022-07-01 08:00,2022-07-01 12:00,2022-07-03 08:00,-2.0020199156,Q5_high,1.6844848450,19191.0300000000,19191.0200000000,19089.8000000000,18781.0000000000,19686.7100000000,-0.0000521077,-0.5288821374,-0.5288300297,-2.1596740792,2.5501327506
BTCUSDT_lower5_Q5_high_h48,BTC Q5 48H,phase3_lower5_Q5_best,BTCUSDT,lower,5pct,long,Q5_high,-1.8987744291,12,48,2022-07-10 12:00,2022-07-10 16:00,2022-07-12 12:00,-1.9055778310,Q5_high,1.5004096493,20899.7600000000,20898.4400000000,19886.3300000000,19558.1200000000,21180.9200000000,-0.0063160615,-4.9705114642,-4.9641954027,-6.6283969569,1.3426261398
BTCUSDT_lower5_Q5_high_h48,BTC Q5 48H,phase3_lower5_Q5_best,BTCUSDT,lower,5pct,long,Q5_high,-1.8987744291,12,48,2022-07-18 16:00,2022-07-18 20:00,2022-07-20 16:00,-4.7776999154,Q5_high,1.8941035009,21617.9200000000,21617.9200000000,23660.3800000000,21434.3500000000,24276.7400000000,0.0000000000,9.0279318916,9.0279318916,-0.8527825013,11.5996089923
BTCUSDT_lower5_Q5_high_h48,BTC Q5 48H,phase3_lower5_Q5_best,BTCUSDT,lower,5pct,long,Q5_high,-1.8987744291,12,48,2022-07-19 00:00,2022-07-19 04:00,2022-07-21 00:00,-2.3865642296,Q5_high,2.1098077355,21903.5500000000,21903.5500000000,22777.2000000000,21579.5400000000,24276.7400000000,0.0000000000,3.9111311485,3.9111311485,-1.4903080573,10.2869966148
BTCUSDT_lower5_Q5_high_h48,BTC Q5 48H,phase3_lower5_Q5_best,BTCUSDT,lower,5pct,long,Q5_high,-1.8987744291,12,48,2022-07-20 16:00,2022-07-20 20:00,2022-07-22 16:00,-2.1419082090,Q5_high,2.4215667026,23660.3800000000,23663.2400000000,22586.2600000000,22341.4600000000,23799.6200000000,0.0120869874,-4.6460162492,-4.6581032367,-5.7478644027,0.5746825005
BTCUSDT_lower5_Q5_high_h48,BTC Q5 48H,phase3_lower5_Q5_best,BTCUSDT,lower,5pct,long,Q5_high,-1.8987744291,12,48,2022-07-21 00:00,2022-07-21 04:00,2022-07-23 00:00,-1.9396049408,Q5_high,2.4917317914,22777.2000000000,22779.1200000000,22808.5500000000,22341.4600000000,23756.4900000000,0.0084291269,0.1375430039,0.1291138770,-1.9400181764,4.2011429414
BTCUSDT_lower5_Q5_high_h48,BTC Q5 48H,phase3_lower5_Q5_best,BTCUSDT,lower,5pct,long,Q5_high,-1.8987744291,12,48,2022-07-22 16:00,2022-07-22 20:00,2022-07-24 16:00,-3.0711523759,Q5_high,1.9331618699,22586.2600000000,22582.8800000000,22700.4000000000,21934.5700000000,23000.7700000000,-0.0149659702,0.5040788686,0.5190448388,-2.9128166037,1.8335596540
BTCUSDT_lower5_Q5_high_h48,BTC Q5 48H,phase3_lower5_Q5_best,BTCUSDT,lower,5pct,long,Q5_high,-1.8987744291,12,48,2022-07-23 08:00,2022-07-23 12:00,2022-07-25 08:00,-2.4135106190,Q5_high,1.5968278668,22227.5300000000,22230.2800000000,21941.2500000000,21737.8200000000,23014.6400000000,0.0123712797,-1.2963183903,-1.3086896700,-2.2401722812,3.4675211686
BTCUSDT_lower5_Q5_high_h48,BTC Q5 48H,phase3_lower5_Q5_best,BTCUSDT,lower,5pct,long,Q5_high,-1.8987744291,12,48,2022-07-30 16:00,2022-07-30 20:00,2022-08-01 16:00,-2.5118065203,Q5_high,1.6498910404,23920.6500000000,23923.7400000000,22953.5900000000,22850.0000000000,24194.8200000000,0.0129168749,-4.1267751338,-4.1396920087,-4.5920154035,1.1267289289
BTCUSDT_lower5_Q5_high_h48,BTC Q5 48H,phase3_lower5_Q5_best,BTCUSDT,lower,5pct,long,Q5_high,-1.8987744291,12,48,2022-09-13 12:00,2022-09-13 16:00,2022-09-15 12:00,-7.8142252052,Q5_high,2.0083727827,20829.7700000000,20829.7700000000,19737.3600000000,19497.0000000000,20927.7300000000,0.0000000000,-5.3869926986,-5.3869926986,-6.6122605865,0.4691860370
BTCUSDT_lower5_Q5_high_h48,BTC Q5 48H,phase3_lower5_Q5_best,BTCUSDT,lower,5pct,long,Q5_high,-1.8987744291,12,48,2022-09-13 16:00,2022-09-13 20:00,2022-09-15 16:00,-2.6571521702,Q5_high,2.0871689321,20283.5800000000,20284.8900000000,19782.3600000000,19497.0000000000,20541.4800000000,0.0064582174,-2.5021060229,-2.5085642403,-3.9615666337,1.2569982515
BTCUSDT_lower5_Q5_high_h48,BTC Q5 48H,phase3_lower5_Q5_best,BTCUSDT,lower,5pct,long,Q5_high,-1.8987744291,12,48,2022-09-15 12:00,2022-09-15 16:00,2022-09-17 12:00,-2.0609112724,Q5_high,2.0061687005,19737.3600000000,19737.3600000000,19963.3400000000,19320.0100000000,20071.0900000000,0.0000000000,1.1384305094,1.1384305094,-2.1371940077,1.6767184789
BTCUSDT_lower5_Q5_high_h48,BTC Q5 48H,phase3_lower5_Q5_best,BTCUSDT,lower,5pct,long,Q5_high,-1.8987744291,12,48,2022-09-27 16:00,2022-09-27 20:00,2022-09-29 16:00,-4.1588610881,Q5_high,1.5323424735,19077.5900000000,19077.5900000000,19405.3700000000,18471.2800000000,19790.0000000000,0.0000000000,1.7035484120,1.7035484120,-3.2297254390,3.6662411845
BTCUSDT_lower5_Q5_high_h48,BTC Q5 48H,phase3_lower5_Q5_best,BTCUSDT,lower,5pct,long,Q5_high,-1.8987744291,12,48,2022-11-08 16:00,2022-11-08 20:00,2022-11-10 16:00,-6.6960422900,Q5_high,1.5767820830,18256.6400000000,18255.2400000000,17455.6200000000,15588.0000000000,18730.0000000000,-0.0076687369,-4.4867189638,-4.4790502270,-15.7950774628,2.5674354352
BTCUSDT_lower5_Q5_high_h48,BTC Q5 48H,phase3_lower5_Q5_best,BTCUSDT,lower,5pct,long,Q5_high,-1.8987744291,12,48,2022-11-09 08:00,2022-11-09 12:00,2022-11-11 08:00,-2.3442785421,Q5_high,1.6840300401,17818.0800000000,17817.0700000000,17350.7000000000,15588.0000000000,18199.0000000000,-0.0056685604,-2.6580820730,-2.6524135126,-13.3655599050,2.1209660992
BTCUSDT_lower5_Q5_high_h48,BTC Q5 48H,phase3_lower5_Q5_best,BTCUSDT,lower,5pct,long,Q5_high,-1.8987744291,12,48,2022-11-09 12:00,2022-11-09 16:00,2022-11-11 12:00,-4.0195299597,Q5_high,1.8143642257,17116.0800000000,17119.6100000000,16871.2700000000,15588.0000000000,18199.0000000000,0.0206217547,-1.4406197244,-1.4612414791,-9.3723202604,6.1142057438
BTCUSDT_lower5_Q5_high_h48,BTC Q5 48H,phase3_lower5_Q5_best,BTCUSDT,lower,5pct,long,Q5_high,-1.8987744291,12,48,2022-11-09 16:00,2022-11-09 20:00,2022-11-11 16:00,-1.9554190052,Q5_high,1.7954362773,16784.6400000000,16784.6400000000,16849.1700000000,15588.0000000000,18199.0000000000,0.0000000000,0.3837214944,0.3837214944,-7.3962795004,8.0902465037
BTCUSDT_lower5_Q5_high_h48,BTC Q5 48H,phase3_lower5_Q5_best,BTCUSDT,lower,5pct,long,Q5_high,-1.8987744291,12,48,2022-11-09 20:00,2022-11-10 00:00,2022-11-11 20:00,-5.2711510103,Q5_high,1.9918604674,15922.8100000000,15922.6800000000,17070.3100000000,15754.2600000000,18199.0000000000,-0.0008164421,6.9588024779,6.9596189200,-1.0633703067,13.3622139561
BTCUSDT_lower5_Q5_high_h48,BTC Q5 48H,phase3_lower5_Q5_best,BTCUSDT,lower,5pct,long,Q5_high,-1.8987744291,12,48,2022-11-10 08:00,2022-11-10 12:00,2022-11-12 08:00,-2.1390470427,Q5_high,2.3277622871,16397.5700000000,16399.0300000000,16866.9200000000,16361.6000000000,18199.0000000000,0.0089033619,2.8221154155,2.8132120536,-0.2285060836,10.4144460779
BTCUSDT_lower5_Q5_high_h48,BTC Q5 48H,phase3_lower5_Q5_best,BTCUSDT,lower,5pct,long,Q5_high,-1.8987744291,12,48,2022-11-11 00:00,2022-11-11 04:00,2022-11-13 00:00,-3.0986227325,Q5_high,2.9678123802,17064.1200000000,17064.1200000000,16914.6000000000,16361.6000000000,17544.9000000000,0.0000000000,-0.8800859190,-0.8800859190,-4.2040887590,2.7785295896
BTCUSDT_lower5_Q5_high_h48,BTC Q5 48H,phase3_lower5_Q5_best,BTCUSDT,lower,5pct,long,Q5_high,-1.8987744291,12,48,2022-11-11 12:00,2022-11-11 16:00,2022-11-13 12:00,-2.8020676111,Q5_high,3.0530483723,16871.2700000000,16871.2700000000,16580.7900000000,16435.2300000000,17148.9600000000,0.0000000000,-1.7367378949,-1.7367378949,-2.6184973747,1.6325355084
BTCUSDT_lower5_Q5_high_h48,BTC Q5 48H,phase3_lower5_Q5_best,BTCUSDT,lower,5pct,long,Q5_high,-1.8987744291,12,48,2023-01-21 20:00,2023-01-22 00:00,2023-01-23 20:00,-2.1709898797,Q5_high,1.4760493107,22775.9500000000,22783.6400000000,22915.0600000000,22309.3800000000,23173.9800000000,0.0337579863,0.6089181650,0.5751601787,-2.1035516713,1.6987362995
BTCUSDT_lower5_Q5_high_h48,BTC Q5 48H,phase3_lower5_Q5_best,BTCUSDT,lower,5pct,long,Q5_high,-1.8987744291,12,48,2023-02-16 20:00,2023-02-17 00:00,2023-02-18 20:00,-5.6103992698,Q5_high,1.8611206155,23518.7100000000,23522.7900000000,24628.4600000000,23346.4900000000,25014.0600000000,0.0173463857,4.6106410215,4.5932946358,-0.7523086828,6.1468328336
BTCUSDT_lower5_Q5_high_h48,BTC Q5 48H,phase3_lower5_Q5_best,BTCUSDT,lower,5pct,long,Q5_high,-1.8987744291,12,48,2023-03-14 16:00,2023-03-14 20:00,2023-03-16 16:00,-3.3750575917,Q5_high,2.5701727523,25041.2300000000,25068.8700000000,24949.9300000000,23841.0000000000,25172.4300000000,0.1103170930,-0.3652649849,-0.4755820779,-5.0220049735,0.4122510630
BTCUSDT_lower5_Q5_high_h48,BTC Q5 48H,phase3_lower5_Q5_best,BTCUSDT,lower,5pct,long,Q5_high,-1.8987744291,12,48,2023-03-20 00:00,2023-03-20 04:00,2023-03-22 00:00,-2.5085109675,Q5_high,1.5864044289,27265.9400000000,27268.6700000000,28143.1000000000,27140.0000000000,28461.2200000000,0.0100119906,3.1663904868,3.1563784963,-0.4729769718,4.2804034801
BTCUSDT_lower5_Q5_high_h48,BTC Q5 48H,phase3_lower5_Q5_best,BTCUSDT,lower,5pct,long,Q5_high,-1.8987744291,12,48,2023-03-22 16:00,2023-03-22 20:00,2023-03-24 16:00,-6.9295732242,Q5_high,2.1201548568,26681.4900000000,26683.9500000000,27827.8300000000,26603.5400000000,28751.3300000000,0.0092194499,4.2066532523,4.1974338024,-0.3017971424,7.4621765979
BTCUSDT_lower5_Q5_high_h48,BTC Q5 48H,phase3_lower5_Q5_best,BTCUSDT,lower,5pct,long,Q5_high,-1.8987744291,12,48,2023-03-24 08:00,2023-03-24 12:00,2023-03-26 08:00,-2.0367513905,Q5_high,2.0365890793,27699.2800000000,27699.1400000000,27853.4900000000,27016.0800000000,28254.9900000000,-0.0005054296,0.5551852630,0.5556906925,-2.4969121493,1.9868713382
BTCUSDT_lower5_Q5_high_h48,BTC Q5 48H,phase3_lower5_Q5_best,BTCUSDT,lower,5pct,long,Q5_high,-1.8987744291,12,48,2023-04-26 16:00,2023-04-26 20:00,2023-04-28 16:00,-6.6963518708,Q5_high,1.9106568733,27883.4600000000,27888.0200000000,29329.0800000000,27249.0000000000,29896.4400000000,0.0163524440,5.0545833805,5.0382309365,-2.3180382744,6.9542203831
BTCUSDT_lower5_Q5_high_h48,BTC Q5 48H,phase3_lower5_Q5_best,BTCUSDT,lower,5pct,long,Q5_high,-1.8987744291,12,48,2023-08-31 16:00,2023-08-31 20:00,2023-09-02 16:00,-2.8305281810,Q5_high,1.5286750963,26165.0400000000,26154.6100000000,25852.4000000000,25355.1200000000,26179.8800000000,-0.0398702978,-1.2020728611,-1.1622025633,-3.1044783574,0.0965711215
BTCUSDT_lower5_Q5_high_h48,BTC Q5 48H,phase3_lower5_Q5_best,BTCUSDT,lower,5pct,long,Q5_high,-1.8987744291,12,48,2023-10-24 12:00,2023-10-24 16:00,2023-10-26 12:00,-2.4204833560,Q5_high,1.5426010313,33690.0000000000,33693.7400000000,34063.0000000000,33433.8800000000,35000.0000000000,0.0111006008,1.1010693796,1.0899687788,-0.7742306314,3.8035998063
BTCUSDT_lower5_Q5_high_h48,BTC Q5 48H,phase3_lower5_Q5_best,BTCUSDT,lower,5pct,long,Q5_high,-1.8987744291,12,48,2024-03-05 16:00,2024-03-05 20:00,2024-03-07 16:00,-10.9207855147,Q5_high,2.7189697409,60000.0000000000,59957.3000000000,67547.7600000000,59775.4300000000,67901.1400000000,-0.0711920022,11.8490341013,11.9202261034,-0.3037935239,12.4420181619
BTCUSDT_lower5_Q5_high_h48,BTC Q5 48H,phase3_lower5_Q5_best,BTCUSDT,lower,5pct,long,Q5_high,-1.8987744291,12,48,2024-03-15 00:00,2024-03-15 04:00,2024-03-17 00:00,-4.5704358943,Q5_high,1.5079428375,68199.8700000000,68199.8300000000,66466.3900000000,64700.0000000000,70600.0000000000,-0.0000586512,-2.5746252326,-2.5745665814,-5.2680870671,3.4588072322
BTCUSDT_lower5_Q5_high_h48,BTC Q5 48H,phase3_lower5_Q5_best,BTCUSDT,lower,5pct,long,Q5_high,-1.8987744291,12,48,2024-03-16 16:00,2024-03-16 20:00,2024-03-18 16:00,-1.9680896743,Q5_high,1.5919924740,67009.9900000000,66957.9400000000,66957.3800000000,64572.5300000000,68868.5800000000,-0.0777051681,-0.0785415175,-0.0008363494,-3.6275572919,2.8135389715
BTCUSDT_lower5_Q5_high_h48,BTC Q5 48H,phase3_lower5_Q5_best,BTCUSDT,lower,5pct,long,Q5_high,-1.8987744291,12,48,2024-03-16 20:00,2024-03-17 00:00,2024-03-18 20:00,-2.5014037966,Q5_high,1.6581145743,65354.5900000000,65269.9400000000,67562.8700000000,64572.5300000000,68868.5800000000,-0.1296081400,3.3230897007,3.4526978407,-1.0742505235,5.3668457399
BTCUSDT_lower5_Q5_high_h48,BTC Q5 48H,phase3_lower5_Q5_best,BTCUSDT,lower,5pct,long,Q5_high,-1.8987744291,12,48,2024-03-19 20:00,2024-03-20 00:00,2024-03-21 20:00,-3.7521593903,Q5_high,1.6604051194,62057.4400000000,61920.4900000000,65513.1300000000,60802.5100000000,68045.5200000000,-0.2209265080,5.4190172801,5.6399437881,-1.8220071672,9.4325750298
BTCUSDT_lower5_Q5_high_h48,BTC Q5 48H,phase3_lower5_Q5_best,BTCUSDT,lower,5pct,long,Q5_high,-1.8987744291,12,48,2024-03-21 16:00,2024-03-21 20:00,2024-03-23 16:00,-1.9862942309,Q5_high,1.8309423087,65269.7200000000,65224.0400000000,64800.0000000000,62339.4900000000,66535.6500000000,-0.0700110133,-0.7222619407,-0.6522509273,-4.5233019269,1.9909781611
BTCUSDT_lower5_Q5_high_h48,BTC Q5 48H,phase3_lower5_Q5_best,BTCUSDT,lower,5pct,long,Q5_high,-1.8987744291,12,48,2024-03-22 08:00,2024-03-22 12:00,2024-03-24 08:00,-2.9977494624,Q5_high,1.8489497488,64196.6400000000,64182.2800000000,65226.7600000000,62339.4900000000,65961.3800000000,-0.0223712741,1.5918941300,1.6142654041,-2.9132066774,2.7342259107
BTCUSDT_lower5_Q5_high_h48,BTC Q5 48H,phase3_lower5_Q5_best,BTCUSDT,lower,5pct,long,Q5_high,-1.8987744291,12,48,2024-04-15 12:00,2024-04-15 16:00,2024-04-17 12:00,-1.9763546998,Q5_high,1.6304139642,64579.2100000000,64597.8200000000,60324.9400000000,59900.0000000000,64884.8000000000,0.0288131723,-6.8146915468,-6.8435047191,-7.5504158968,0.4432725719
BTCUSDT_lower5_Q5_high_h48,BTC Q5 48H,phase3_lower5_Q5_best,BTCUSDT,lower,5pct,long,Q5_high,-1.8987744291,12,48,2024-04-15 16:00,2024-04-15 20:00,2024-04-17 16:00,-1.9129705233,Q5_high,1.6502881975,63355.5700000000,63285.1600000000,61210.0000000000,59723.9400000000,64884.8000000000,-0.1111964646,-3.4452252270,-3.3340287623,-5.7917917444,2.4962527321
BTCUSDT_lower5_Q5_high_h48,BTC Q5 48H,phase3_lower5_Q5_best,BTCUSDT,lower,5pct,long,Q5_high,-1.8987744291,12,48,2024-04-16 12:00,2024-04-16 16:00,2024-04-18 12:00,-1.9473290006,Q5_high,1.5082102822,61824.7500000000,61902.6500000000,63539.7900000000,59723.9400000000,64884.8000000000,0.1259220032,2.7362554104,2.6103334072,-3.5830044717,4.7050400048
BTCUSDT_lower5_Q5_high_h48,BTC Q5 48H,phase3_lower5_Q5_best,BTCUSDT,lower,5pct,long,Q5_high,-1.8987744291,12,48,2024-04-17 12:00,2024-04-17 16:00,2024-04-19 12:00,-3.8274624211,Q5_high,1.4983807400,60324.9400000000,60324.9400000000,64348.3000000000,59631.6400000000,65472.4800000000,0.0000000000,6.4564898769,6.4564898769,-1.1559311207,8.1884284783
BTCUSDT_lower5_Q5_high_h48,BTC Q5 48H,phase3_lower5_Q5_best,BTCUSDT,lower,5pct,long,Q5_high,-1.8987744291,12,48,2024-04-19 00:00,2024-04-19 04:00,2024-04-21 00:00,-2.6166103745,Q5_high,1.5638070175,61824.2500000000,61824.2400000000,65187.1400000000,61791.3600000000,65662.7600000000,-0.0000161749,5.2966527896,5.2966689644,-0.0531971705,6.0236425344
BTCUSDT_lower5_Q5_high_h48,BTC Q5 48H,phase3_lower5_Q5_best,BTCUSDT,lower,5pct,long,Q5_high,-1.8987744291,12,48,2024-05-01 04:00,2024-05-01 08:00,2024-05-03 04:00,-4.7950606277,Q5_high,1.6081847711,57433.5700000000,57527.2700000000,59203.3900000000,56603.1500000000,60000.0000000000,0.1630120670,3.0349828187,2.8719707517,-1.6194458876,4.2085465975
BTCUSDT_lower5_Q5_high_h48,BTC Q5 48H,phase3_lower5_Q5_best,BTCUSDT,lower,5pct,long,Q5_high,-1.8987744291,12,48,2024-08-05 00:00,2024-08-05 04:00,2024-08-07 00:00,-7.3822020704,Q5_high,2.0483068170,54017.8900000000,53985.2900000000,56899.9100000000,49633.0200000000,57274.0900000000,-0.0603685947,5.1978471415,5.2582157361,-8.4055264007,5.9136737908
BTCUSDT_lower5_Q5_high_h48,BTC Q5 48H,phase3_lower5_Q5_best,BTCUSDT,lower,5pct,long,Q5_high,-1.8987744291,12,48,2024-08-05 04:00,2024-08-05 08:00,2024-08-07 04:00,-2.5517434144,Q5_high,1.8766183679,52656.9300000000,52730.3800000000,56892.7400000000,49633.0200000000,57274.0900000000,0.1393906190,7.7369886875,7.5975980684,-6.0535422000,8.2656579915
BTCUSDT_lower5_Q5_high_h48,BTC Q5 48H,phase3_lower5_Q5_best,BTCUSDT,lower,5pct,long,Q5_high,-1.8987744291,12,48,2024-08-05 08:00,2024-08-05 12:00,2024-08-07 08:00,-2.4933716285,Q5_high,1.9026185229,51360.2300000000,51232.6200000000,56995.1100000000,49633.0200000000,57683.4800000000,-0.2487699012,10.4101337116,10.6589036128,-3.1720100512,11.8594385475
BTCUSDT_lower5_Q5_high_h48,BTC Q5 48H,phase3_lower5_Q5_best,BTCUSDT,lower,5pct,long,Q5_high,-1.8987744291,12,48,2024-08-07 16:00,2024-08-07 20:00,2024-08-09 16:00,-2.1755967854,Q5_high,2.7119955841,54869.0800000000,54865.5400000000,60661.7500000000,54556.3900000000,62710.8600000000,-0.0064519292,10.0363367142,10.0427886434,-0.5650619078,13.3649173648
BTCUSDT_lower5_Q5_high_h48,BTC Q5 48H,phase3_lower5_Q5_best,BTCUSDT,lower,5pct,long,Q5_high,-1.8987744291,12,48,2024-08-15 16:00,2024-08-15 20:00,2024-08-17 16:00,-4.3780639411,Q5_high,1.5249298756,57109.0500000000,57096.4500000000,59503.4800000000,56125.5200000000,59788.8600000000,-0.0220654873,4.1072200263,4.1292855136,-1.7151332048,4.6077412877
BTCUSDT_lower5_Q5_high_h48,BTC Q5 48H,phase3_lower5_Q5_best,BTCUSDT,lower,5pct,long,Q5_high,-1.8987744291,12,48,2024-08-30 12:00,2024-08-30 16:00,2024-09-01 12:00,-2.2029268118,Q5_high,1.4935490180,58121.9000000000,58121.8600000000,58196.3800000000,57400.0000000000,59455.2000000000,-0.0000688209,0.1280624338,0.1281312547,-1.2497537617,2.2681246830
BTCUSDT_lower5_Q5_high_h48,BTC Q5 48H,phase3_lower5_Q5_best,BTCUSDT,lower,5pct,long,Q5_high,-1.8987744291,12,48,2024-11-13 16:00,2024-11-13 20:00,2024-11-15 16:00,-2.2391674530,Q5_high,1.9065844931,90500.6800000000,90180.7000000000,90300.0000000000,86735.7900000000,91708.3000000000,-0.3541929274,-0.2219904067,0.1322025207,-3.8948833841,1.6797452491
BTCUSDT_lower5_Q5_high_h48,BTC Q5 48H,phase3_lower5_Q5_best,BTCUSDT,lower,5pct,long,Q5_high,-1.8987744291,12,48,2024-11-14 12:00,2024-11-14 16:00,2024-11-16 12:00,-4.0579352226,Q5_high,2.1572875062,87912.9000000000,88087.6500000000,90303.8600000000,86735.7900000000,91779.8100000000,0.1985789902,2.6833654308,2.4847864406,-1.5465740129,4.1059997293
BTCUSDT_lower5_Q5_high_h48,BTC Q5 48H,phase3_lower5_Q5_best,BTCUSDT,lower,5pct,long,Q5_high,-1.8987744291,12,48,2024-11-14 20:00,2024-11-15 00:00,2024-11-16 20:00,-2.3325689470,Q5_high,2.2051453543,87313.6500000000,87318.8300000000,90592.6300000000,87067.4000000000,91779.8100000000,0.0059324588,3.6866055150,3.6806730562,-0.2883601236,4.9826206197
BTCUSDT_lower5_Q5_high_h48,BTC Q5 48H,phase3_lower5_Q5_best,BTCUSDT,lower,5pct,long,Q5_high,-1.8987744291,12,48,2024-12-20 08:00,2024-12-20 12:00,2024-12-22 08:00,-5.1789754799,Q5_high,1.5293729077,92839.3400000000,92733.7200000000,97141.5800000000,92324.1500000000,99486.5900000000,-0.1138311902,4.5299029593,4.6437341495,-0.4426406386,7.0290700738
BTCUSDT_lower5_Q5_high_h48,BTC Q5 48H,phase3_lower5_Q5_best,BTCUSDT,lower,5pct,long,Q5_high,-1.8987744291,12,48,2024-12-23 12:00,2024-12-23 16:00,2024-12-25 12:00,-2.8330434193,Q5_high,1.8413387113,93323.7500000000,93265.6500000000,98530.3300000000,92597.4500000000,99403.6700000000,-0.0622757797,5.4289788905,5.4912546702,-0.7190269385,6.3737161650
BTCUSDT_lower5_Q5_high_h48,BTC Q5 48H,phase3_lower5_Q5_best,BTCUSDT,lower,5pct,long,Q5_high,-1.8987744291,12,48,2025-01-20 12:00,2025-01-20 16:00,2025-01-22 12:00,-3.4107604148,Q5_high,1.9790872489,104716.5800000000,105175.4900000000,104591.5500000000,100252.0900000000,107098.9300000000,0.4372825817,-0.1194698122,-0.5567523939,-4.7942374518,1.8122698373
BTCUSDT_lower5_Q5_high_h48,BTC Q5 48H,phase3_lower5_Q5_best,BTCUSDT,lower,5pct,long,Q5_high,-1.8987744291,12,48,2025-02-04 04:00,2025-02-04 08:00,2025-02-06 04:00,-2.0365343877,Q5_high,1.6694869135,98555.3100000000,98464.5100000000,98235.0000000000,96192.6200000000,100628.6800000000,-0.0921734741,-0.3255346088,-0.2333611346,-2.3343539132,2.1741127814
BTCUSDT_lower5_Q5_high_h48,BTC Q5 48H,phase3_lower5_Q5_best,BTCUSDT,lower,5pct,long,Q5_high,-1.8987744291,12,48,2025-02-28 00:00,2025-02-28 04:00,2025-03-02 00:00,-5.4043065458,Q5_high,1.8865459676,80378.2700000000,80378.2600000000,85806.8500000000,78369.4000000000,86558.5100000000,-0.0000124412,6.5354974114,6.5355098526,-2.5310196566,7.4076859846
BTCUSDT_lower5_Q5_high_h48,BTC Q5 48H,phase3_lower5_Q5_best,BTCUSDT,lower,5pct,long,Q5_high,-1.8987744291,12,48,2025-03-03 12:00,2025-03-03 16:00,2025-03-05 12:00,-2.5973094992,Q5_high,1.9292018334,90280.4600000000,90279.2000000000,88522.8000000000,81583.3600000000,90911.0100000000,-0.0013956606,-1.9660901243,-1.9646944637,-10.1281770983,0.6974025371
BTCUSDT_lower5_Q5_high_h48,BTC Q5 48H,phase3_lower5_Q5_best,BTCUSDT,lower,5pct,long,Q5_high,-1.8987744291,12,48,2025-03-03 16:00,2025-03-03 20:00,2025-03-05 16:00,-5.2068221592,Q5_high,2.3154049149,85700.0000000000,85689.8100000000,89899.9600000000,81583.3600000000,90856.1300000000,-0.0118910220,4.7844670935,4.7963581155,-4.9108595777,5.8543351040
BTCUSDT_lower5_Q5_high_h48,BTC Q5 48H,phase3_lower5_Q5_best,BTCUSDT,lower,5pct,long,Q5_high,-1.8987744291,12,48,2025-03-04 00:00,2025-03-04 04:00,2025-03-06 00:00,-2.6464724365,Q5_high,2.2344034111,84039.0000000000,83972.5300000000,91613.3900000000,81583.3600000000,91914.2100000000,-0.0791255260,8.6296463226,8.7087718486,-2.8864401943,9.0365920451
BTCUSDT_lower5_Q5_high_h48,BTC Q5 48H,phase3_lower5_Q5_best,BTCUSDT,lower,5pct,long,Q5_high,-1.8987744291,12,48,2025-03-06 16:00,2025-03-06 20:00,2025-03-08 16:00,-2.5821959492,Q5_high,2.3652709050,88602.3100000000,88558.9600000000,86439.1800000000,84805.0500000000,91173.9600000000,-0.0489384625,-2.4716884261,-2.4227499636,-4.3313451969,2.9100785113
BTCUSDT_lower5_Q5_high_h48,BTC Q5 48H,phase3_lower5_Q5_best,BTCUSDT,lower,5pct,long,Q5_high,-1.8987744291,12,48,2025-03-07 00:00,2025-03-07 04:00,2025-03-09 00:00,-3.5429113349,Q5_high,2.1560149571,86858.4300000000,86829.0000000000,86175.2400000000,85368.9000000000,90987.1000000000,-0.0338884631,-0.7896654450,-0.7557769820,-1.6958801399,4.6777070977
BTCUSDT_lower5_Q5_high_h48,BTC Q5 48H,phase3_lower5_Q5_best,BTCUSDT,lower,5pct,long,Q5_high,-1.8987744291,12,48,2025-03-13 12:00,2025-03-13 16:00,2025-03-15 12:00,-2.0515431054,Q5_high,1.5297889703,81299.9500000000,81288.8400000000,84416.9500000000,80000.0000000000,85248.4200000000,-0.0136663789,3.7622809275,3.7759473064,-1.5982103085,4.7560844509
BTCUSDT_lower5_Q5_high_h48,BTC Q5 48H,phase3_lower5_Q5_best,BTCUSDT,lower,5pct,long,Q5_high,-1.8987744291,12,48,2025-04-02 20:00,2025-04-03 00:00,2025-04-04 20:00,-4.9670209287,Q5_high,1.4647472177,82632.0100000000,82532.0000000000,83927.9200000000,81287.9500000000,84683.7900000000,-0.1211038800,1.5561199508,1.6772238308,-1.5188307837,2.5738105073
BTCUSDT_lower5_Q5_high_h48,BTC Q5 48H,phase3_lower5_Q5_best,BTCUSDT,lower,5pct,long,Q5_high,-1.8987744291,12,48,2025-04-08 16:00,2025-04-08 20:00,2025-04-10 16:00,-2.2854080715,Q5_high,1.5877027651,76766.5300000000,76867.8500000000,79689.6500000000,74750.0000000000,83500.0000000000,0.1318975801,3.7370977511,3.6052001710,-2.7938501400,8.2758918186
BTCUSDT_lower5_Q5_high_h48,BTC Q5 48H,phase3_lower5_Q5_best,BTCUSDT,lower,5pct,long,Q5_high,-1.8987744291,12,48,2025-04-09 00:00,2025-04-09 04:00,2025-04-11 00:00,-1.9041957787,Q5_high,1.6033177496,75143.0000000000,75127.6000000000,80842.3200000000,75095.6900000000,83500.0000000000,-0.0204963580,7.3107625966,7.3312589546,-0.0424834265,10.5658630615
BTCUSDT_lower5_Q5_high_h48,BTC Q5 48H,phase3_lower5_Q5_best,BTCUSDT,lower,5pct,long,Q5_high,-1.8987744291,12,48,2025-04-09 08:00,2025-04-09 12:00,2025-04-11 08:00,-2.0458819880,Q5_high,1.8512152720,76208.2900000000,76116.5700000000,82130.4500000000,76079.6700000000,83500.0000000000,-0.1204268444,7.4838587430,7.6042855874,-0.0484900294,9.2580650875
BTCUSDT_lower5_Q5_high_h48,BTC Q5 48H,phase3_lower5_Q5_best,BTCUSDT,lower,5pct,long,Q5_high,-1.8987744291,12,48,2025-04-10 12:00,2025-04-10 16:00,2025-04-12 12:00,-4.0181813074,Q5_high,2.3269609648,78682.8800000000,78822.8700000000,85041.7900000000,78500.5700000000,85297.5700000000,0.1777586366,7.7717185914,7.5939599548,-0.4097297274,7.8942783219
BTCUSDT_lower5_Q5_high_h48,BTC Q5 48H,phase3_lower5_Q5_best,BTCUSDT,lower,5pct,long,Q5_high,-1.8987744291,12,48,2025-11-20 16:00,2025-11-20 20:00,2025-11-22 16:00,-3.4985758849,Q5_high,1.4885478171,86801.9500000000,87097.4800000000,84545.4400000000,80811.3800000000,88348.6900000000,0.3398864326,-2.6339945546,-2.9738809872,-7.4910153984,1.4263420087
BTCUSDT_lower5_Q5_high_h48,BTC Q5 48H,phase3_lower5_Q5_best,BTCUSDT,lower,5pct,long,Q5_high,-1.8987744291,12,48,2025-11-21 08:00,2025-11-21 12:00,2025-11-23 08:00,-2.1210642528,Q5_high,1.4879761623,82507.5600000000,82507.8600000000,86130.5700000000,80811.3800000000,86860.7400000000,0.0003636024,4.2974475176,4.2970839153,-2.0775764336,5.1412584997
BTCUSDT_lower5_Q5_high_h48,BTC Q5 48H,phase3_lower5_Q5_best,BTCUSDT,lower,5pct,long,Q5_high,-1.8987744291,12,48,2026-02-03 16:00,2026-02-03 20:00,2026-02-05 16:00,-4.0158639949,Q5_high,1.5532184607,75051.4300000000,75144.5000000000,65297.1000000000,65222.4000000000,76952.6500000000,0.1239314699,-13.9225986979,-14.0465301679,-14.1609958349,2.3777371077
BTCUSDT_lower5_Q5_high_h48,BTC Q5 48H,phase3_lower5_Q5_best,BTCUSDT,lower,5pct,long,Q5_high,-1.8987744291,12,48,2026-02-05 12:00,2026-02-05 16:00,2026-02-07 12:00,-4.1444048802,Q5_high,1.6062372638,67495.9400000000,67444.1000000000,69123.8000000000,60075.4900000000,71904.0000000000,-0.0768341295,2.3831651915,2.4599993210,-11.5697168566,6.4032789377
BTCUSDT_lower5_Q5_high_h48,BTC Q5 48H,phase3_lower5_Q5_best,BTCUSDT,lower,5pct,long,Q5_high,-1.8987744291,12,48,2026-02-05 16:00,2026-02-05 20:00,2026-02-07 16:00,-3.3119823039,Q5_high,1.6414906557,65297.1000000000,65312.6500000000,69342.7300000000,60075.4900000000,71904.0000000000,0.0238113924,6.0113685813,5.9875571889,-8.3583800747,9.6146157196
BTCUSDT_lower5_Q5_high_h48,BTC Q5 48H,phase3_lower5_Q5_best,BTCUSDT,lower,5pct,long,Q5_high,-1.8987744291,12,48,2026-02-05 20:00,2026-02-06 00:00,2026-02-07 20:00,-3.9723869712,Q5_high,1.6801173399,62754.0900000000,63049.1000000000,69310.3800000000,60075.4900000000,71904.0000000000,0.4690032753,9.9370923359,9.4680890606,-4.8311849863,13.1418108079
BTCUSDT_lower5_Q5_high_h48,BTC Q5 48H,phase3_lower5_Q5_best,BTCUSDT,lower,5pct,long,Q5_high,-1.8987744291,12,48,2026-02-07 04:00,2026-02-07 08:00,2026-02-09 04:00,-3.9930526026,Q5_high,2.3411690472,68150.3300000000,68040.2700000000,70481.3800000000,67698.1300000000,72250.8700000000,-0.1616264617,3.3632561068,3.5248825685,-0.5041178098,6.0044632669
BTCUSDT_lower5_Q5_high_h48,BTC Q5 48H,phase3_lower5_Q5_best,BTCUSDT,lower,5pct,long,Q5_high,-1.8987744291,12,48,2026-02-09 08:00,2026-02-09 12:00,2026-02-11 08:00,-2.2985459764,Q5_high,1.7531766317,68879.8100000000,68904.5200000000,67054.4100000000,66396.6600000000,71081.7700000000,0.0358676495,-2.6858722318,-2.7217398813,-3.7075024178,3.1109126306
BTCUSDT_lower5_Q5_high_h48,BTC Q5 48H,phase3_lower5_Q5_best,BTCUSDT,lower,5pct,long,Q5_high,-1.8987744291,12,48,2026-03-06 12:00,2026-03-06 16:00,2026-03-08 12:00,-2.4819991915,Q5_high,1.5235013406,68506.2000000000,68517.1100000000,67194.4200000000,66581.6700000000,68779.8000000000,0.0159242979,-1.9334043754,-1.9493286733,-2.8654180660,0.3826602078
ETHUSDT_lower5_Q5_high_h72,ETH Q5 72H,phase3_lower5_Q5_best,ETHUSDT,lower,5pct,long,Q5_high,-2.5346979200,18,72,2020-09-02 08:00,2020-09-02 12:00,2020-09-05 08:00,-5.5226663773,Q5_high,2.1051458365,441.8800000000,441.8500000000,356.0100000000,347.4200000000,450.7000000000,-0.0067894040,-21.6079531659,-21.6011637619,-24.0436035290,1.9831471733
ETHUSDT_lower5_Q5_high_h72,ETH Q5 72H,phase3_lower5_Q5_best,ETHUSDT,lower,5pct,long,Q5_high,-2.5346979200,18,72,2020-09-03 08:00,2020-09-03 12:00,2020-09-06 08:00,-3.3137033788,Q5_high,2.2417774143,422.6500000000,422.6800000000,354.6000000000,308.4200000000,425.6500000000,0.0070978198,-17.5554019735,-17.5624997933,-31.5152901143,0.7002020757
ETHUSDT_lower5_Q5_high_h72,ETH Q5 72H,phase3_lower5_Q5_best,ETHUSDT,lower,5pct,long,Q5_high,-2.5346979200,18,72,2020-09-03 12:00,2020-09-03 16:00,2020-09-06 12:00,-4.6021021779,Q5_high,2.4585955659,403.6400000000,403.5600000000,344.4900000000,308.4200000000,407.7200000000,-0.0198216056,-15.8458329140,-15.8260113084,-26.8862685111,1.0255488760
ETHUSDT_lower5_Q5_high_h72,ETH Q5 72H,phase3_lower5_Q5_best,ETHUSDT,lower,5pct,long,Q5_high,-2.5346979200,18,72,2020-09-03 20:00,2020-09-04 00:00,2020-09-06 20:00,-5.1284117628,Q5_high,2.5809145932,381.4000000000,381.3500000000,352.8000000000,308.4200000000,400.2100000000,-0.0131104556,-7.7947369034,-7.7816264478,-21.2255098181,4.8271820733
ETHUSDT_lower5_Q5_high_h72,ETH Q5 72H,phase3_lower5_Q5_best,ETHUSDT,lower,5pct,long,Q5_high,-2.5346979200,18,72,2020-09-04 12:00,2020-09-04 16:00,2020-09-07 12:00,-2.6421039550,Q5_high,2.3531293637,384.3400000000,384.3400000000,346.1900000000,308.4200000000,395.0000000000,0.0000000000,-10.4539820217,-10.4539820217,-22.0065087075,2.7358187397
ETHUSDT_lower5_Q5_high_h72,ETH Q5 72H,phase3_lower5_Q5_best,ETHUSDT,lower,5pct,long,Q5_high,-2.5346979200,18,72,2020-09-05 08:00,2020-09-05 12:00,2020-09-08 08:00,-6.6816408475,Q5_high,2.5676077896,356.0100000000,356.0500000000,333.7700000000,308.4200000000,360.6500000000,0.0112350083,-6.4506687333,-6.4619037415,-14.3608679999,1.2836788522
ETHUSDT_lower5_Q5_high_h72,ETH Q5 72H,phase3_lower5_Q5_best,ETHUSDT,lower,5pct,long,Q5_high,-2.5346979200,18,72,2020-09-05 16:00,2020-09-05 20:00,2020-09-08 16:00,-9.9992137046,Q5_high,3.1139384954,323.3100000000,323.3100000000,334.4200000000,316.1000000000,360.0000000000,0.0000000000,3.3786072758,3.3786072758,-2.2552996055,10.7492416173
ETHUSDT_lower5_Q5_high_h72,ETH Q5 72H,phase3_lower5_Q5_best,ETHUSDT,lower,5pct,long,Q5_high,-2.5346979200,18,72,2020-09-06 12:00,2020-09-06 16:00,2020-09-09 12:00,-2.8925331184,Q5_high,3.6504970360,344.4900000000,344.4900000000,352.4600000000,323.0000000000,360.0000000000,0.0000000000,2.2872078180,2.2872078180,-6.4412739234,4.4038968994
ETHUSDT_lower5_Q5_high_h72,ETH Q5 72H,phase3_lower5_Q5_best,ETHUSDT,lower,5pct,long,Q5_high,-2.5346979200,18,72,2020-09-08 08:00,2020-09-08 12:00,2020-09-11 08:00,-3.8123086545,Q5_high,3.5516616025,333.7700000000,333.7500000000,362.3100000000,325.3800000000,377.2500000000,-0.0059923298,8.2048065943,8.2107989241,-2.5398479633,12.2515887933
ETHUSDT_lower5_Q5_high_h72,ETH Q5 72H,phase3_lower5_Q5_best,ETHUSDT,lower,5pct,long,Q5_high,-2.5346979200,18,72,2020-09-11 00:00,2020-09-11 04:00,2020-09-14 00:00,-3.0016874689,Q5_high,2.2337389723,357.0500000000,357.0300000000,365.3400000000,350.0000000000,390.4300000000,-0.0056016133,2.2952598853,2.3008614986,-1.9886657379,8.9428883986
ETHUSDT_lower5_Q5_high_h72,ETH Q5 72H,phase3_lower5_Q5_best,ETHUSDT,lower,5pct,long,Q5_high,-2.5346979200,18,72,2020-11-07 16:00,2020-11-07 20:00,2020-11-10 16:00,-3.8301246736,Q5_high,2.0598476739,431.0500000000,431.0400000000,448.0800000000,426.0000000000,460.1000000000,-0.0023199434,3.8747695246,3.8770894680,-1.1761546953,6.5242963939
ETHUSDT_lower5_Q5_high_h72,ETH Q5 72H,phase3_lower5_Q5_best,ETHUSDT,lower,5pct,long,Q5_high,-2.5346979200,18,72,2020-11-09 12:00,2020-11-09 16:00,2020-11-12 12:00,-4.5858296085,Q5_high,2.1773321464,437.7100000000,437.7100000000,461.1600000000,433.0900000000,476.2500000000,0.0000000000,5.2188463730,5.2188463730,-1.0611032036,8.4386335806
ETHUSDT_lower5_Q5_high_h72,ETH Q5 72H,phase3_lower5_Q5_best,ETHUSDT,lower,5pct,long,Q5_high,-2.5346979200,18,72,2020-11-25 00:00,2020-11-25 04:00,2020-11-28 00:00,-3.4011566032,Q5_high,2.3416553894,584.7400000000,584.6100000000,515.1100000000,481.0000000000,604.6300000000,-0.0222345749,-12.6786833904,-12.6564488155,-19.5077688138,3.3671742453
ETHUSDT_lower5_Q5_high_h72,ETH Q5 72H,phase3_lower5_Q5_best,ETHUSDT,lower,5pct,long,Q5_high,-2.5346979200,18,72,2020-11-25 20:00,2020-11-26 00:00,2020-11-28 20:00,-2.8407411277,Q5_high,2.2542006743,569.5000000000,569.3800000000,537.5200000000,481.0000000000,577.1400000000,-0.0210733353,-5.7792814275,-5.7582080922,-16.8680779429,1.3536821858
ETHUSDT_lower5_Q5_high_h72,ETH Q5 72H,phase3_lower5_Q5_best,ETHUSDT,lower,5pct,long,Q5_high,-2.5346979200,18,72,2020-11-26 00:00,2020-11-26 04:00,2020-11-29 00:00,-6.8002517950,Q5_high,2.2162811312,532.0600000000,532.0600000000,543.0800000000,481.0000000000,547.9400000000,0.0000000000,2.0500373795,2.0500373795,-10.0888994831,2.9409526965
ETHUSDT_lower5_Q5_high_h72,ETH Q5 72H,phase3_lower5_Q5_best,ETHUSDT,lower,5pct,long,Q5_high,-2.5346979200,18,72,2020-11-26 04:00,2020-11-26 08:00,2020-11-29 04:00,-3.0630119798,Q5_high,2.2576513158,516.0100000000,515.8800000000,541.3500000000,481.0000000000,547.9400000000,-0.0251964843,4.7939874618,4.8191839461,-7.0006910190,6.0291611606
ETHUSDT_lower5_Q5_high_h72,ETH Q5 72H,phase3_lower5_Q5_best,ETHUSDT,lower,5pct,long,Q5_high,-2.5346979200,18,72,2020-12-23 20:00,2020-12-24 00:00,2020-12-26 20:00,-4.1381985247,Q5_high,2.1792452941,585.5600000000,585.4800000000,637.4400000000,565.4300000000,652.9100000000,-0.0136630687,8.4891500653,8.5028131340,-3.4845519983,10.9007270741
ETHUSDT_lower5_Q5_high_h72,ETH Q5 72H,phase3_lower5_Q5_best,ETHUSDT,lower,5pct,long,Q5_high,-2.5346979200,18,72,2020-12-25 12:00,2020-12-25 16:00,2020-12-28 12:00,-2.5939537659,Q5_high,1.9967453655,613.4200000000,613.4200000000,729.4000000000,607.7800000000,741.6000000000,0.0000000000,17.3172422074,17.3172422074,-0.9236881920,18.9760157951
ETHUSDT_lower5_Q5_high_h72,ETH Q5 72H,phase3_lower5_Q5_best,ETHUSDT,lower,5pct,long,Q5_high,-2.5346979200,18,72,2020-12-27 20:00,2020-12-28 00:00,2020-12-30 20:00,-2.9894175090,Q5_high,2.5423253745,685.1100000000,685.1000000000,752.1700000000,681.0400000000,758.7400000000,-0.0014596303,9.3382952919,9.3397549222,-0.5943771433,10.2094349706
ETHUSDT_lower5_Q5_high_h72,ETH Q5 72H,phase3_lower5_Q5_best,ETHUSDT,lower,5pct,long,Q5_high,-2.5346979200,18,72,2020-12-29 00:00,2020-12-29 04:00,2021-01-01 00:00,-4.2525685272,Q5_high,2.8086436703,700.0000000000,700.0000000000,744.8200000000,689.2000000000,758.7400000000,0.0000000000,6.2062243405,6.2062243405,-1.5548830390,8.0578827672
ETHUSDT_lower5_Q5_high_h72,ETH Q5 72H,phase3_lower5_Q5_best,ETHUSDT,lower,5pct,long,Q5_high,-2.5346979200,18,72,2021-01-04 08:00,2021-01-04 12:00,2021-01-07 08:00,-6.6829736436,Q5_high,3.4938477693,976.8000000000,976.9700000000,1201.1200000000,956.1200000000,1224.1100000000,0.0174022531,20.6727811028,20.6553788497,-2.1572517141,22.5513382988
ETHUSDT_lower5_Q5_high_h72,ETH Q5 72H,phase3_lower5_Q5_best,ETHUSDT,lower,5pct,long,Q5_high,-2.5346979200,18,72,2021-01-05 00:00,2021-01-05 04:00,2021-01-08 00:00,-3.8836315692,Q5_high,3.7547172964,1001.7600000000,1001.7500000000,1150.1000000000,974.4500000000,1289.0000000000,-0.0009982481,13.8090442102,13.8100424582,-2.7630540248,25.2118253423
ETHUSDT_lower5_Q5_high_h72,ETH Q5 72H,phase3_lower5_Q5_best,ETHUSDT,lower,5pct,long,Q5_high,-2.5346979200,18,72,2021-01-08 00:00,2021-01-08 04:00,2021-01-11 00:00,-6.2985820800,Q5_high,2.8513916643,1150.1000000000,1150.1000000000,1104.1400000000,1010.9100000000,1348.3300000000,0.0000000000,-4.0782143707,-4.0782143707,-12.8997979812,15.9017894535
ETHUSDT_lower5_Q5_high_h72,ETH Q5 72H,phase3_lower5_Q5_best,ETHUSDT,lower,5pct,long,Q5_high,-2.5346979200,18,72,2021-01-08 12:00,2021-01-08 16:00,2021-01-11 12:00,-3.1278336555,Q5_high,3.0300643912,1216.7700000000,1216.9300000000,977.2100000000,950.0000000000,1348.3300000000,0.0131487036,-21.9253513158,-21.9385000194,-24.7624588251,10.2535495788
ETHUSDT_lower5_Q5_high_h72,ETH Q5 72H,phase3_lower5_Q5_best,ETHUSDT,lower,5pct,long,Q5_high,-2.5346979200,18,72,2021-01-08 16:00,2021-01-08 20:00,2021-01-11 16:00,-2.6668024961,Q5_high,3.0569504305,1184.7500000000,1184.7500000000,984.4100000000,915.0000000000,1348.3300000000,0.0000000000,-18.5244583910,-18.5244583910,-25.8362995572,12.9335007786
ETHUSDT_lower5_Q5_high_h72,ETH Q5 72H,phase3_lower5_Q5_best,ETHUSDT,lower,5pct,long,Q5_high,-2.5346979200,18,72,2021-01-10 08:00,2021-01-10 12:00,2021-01-13 08:00,-6.5630810783,Q5_high,3.3141824735,1259.2800000000,1259.2800000000,1061.6000000000,915.0000000000,1325.0000000000,0.0000000000,-17.0762925029,-17.0762925029,-31.9371342771,5.0872330374
ETHUSDT_lower5_Q5_high_h72,ETH Q5 72H,phase3_lower5_Q5_best,ETHUSDT,lower,5pct,long,Q5_high,-2.5346979200,18,72,2021-01-10 16:00,2021-01-10 20:00,2021-01-13 16:00,-3.1182996880,Q5_high,3.4257151223,1263.1700000000,1263.3200000000,1102.0800000000,915.0000000000,1287.5100000000,0.0118741812,-13.6425131092,-13.6543872904,-32.2574389987,1.8966944235
ETHUSDT_lower5_Q5_high_h72,ETH Q5 72H,phase3_lower5_Q5_best,ETHUSDT,lower,5pct,long,Q5_high,-2.5346979200,18,72,2021-01-11 00:00,2021-01-11 04:00,2021-01-14 00:00,-12.7471032973,Q5_high,4.3748120637,1104.1400000000,1105.0200000000,1096.3900000000,915.0000000000,1150.0200000000,0.0796682944,-0.7043786763,-0.7840469707,-18.8694648060,3.9915899175
ETHUSDT_lower5_Q5_high_h72,ETH Q5 72H,phase3_lower5_Q5_best,ETHUSDT,lower,5pct,long,Q5_high,-2.5346979200,18,72,2021-01-11 04:00,2021-01-11 08:00,2021-01-14 04:00,-2.9689953631,Q5_high,4.4079848951,1071.8400000000,1071.9800000000,1148.0000000000,915.0000000000,1162.5700000000,0.0130607980,6.8644500120,6.8513892139,-15.8338619465,8.1125665962
ETHUSDT_lower5_Q5_high_h72,ETH Q5 72H,phase3_lower5_Q5_best,ETHUSDT,lower,5pct,long,Q5_high,-2.5346979200,18,72,2021-01-11 12:00,2021-01-11 16:00,2021-01-14 12:00,-8.8719716614,Q5_high,4.4143401836,977.2100000000,977.2100000000,1212.8000000000,915.0000000000,1220.6300000000,0.0000000000,21.5985442237,21.5985442237,-6.5777507375,22.2420825234
ETHUSDT_lower5_Q5_high_h72,ETH Q5 72H,phase3_lower5_Q5_best,ETHUSDT,lower,5pct,long,Q5_high,-2.5346979200,18,72,2021-01-12 08:00,2021-01-12 12:00,2021-01-15 08:00,-3.5648329936,Q5_high,5.0245240108,1099.1600000000,1099.1500000000,1226.1200000000,987.4800000000,1256.9800000000,-0.0009097898,10.9308460284,10.9317558182,-10.7136189401,13.4174864759
ETHUSDT_lower5_Q5_high_h72,ETH Q5 72H,phase3_lower5_Q5_best,ETHUSDT,lower,5pct,long,Q5_high,-2.5346979200,18,72,2021-01-12 12:00,2021-01-12 16:00,2021-01-15 12:00,-4.2580183697,Q5_high,5.0759752094,1053.3400000000,1053.5400000000,1141.5200000000,987.4800000000,1256.9800000000,0.0189854193,8.0394639616,8.0204785423,-6.4754957794,17.6556096365
ETHUSDT_lower5_Q5_high_h72,ETH Q5 72H,phase3_lower5_Q5_best,ETHUSDT,lower,5pct,long,Q5_high,-2.5346979200,18,72,2021-01-12 20:00,2021-01-13 00:00,2021-01-15 20:00,-3.0570803299,Q5_high,5.1266661723,1050.1600000000,1050.3600000000,1168.5300000000,987.4800000000,1256.9800000000,0.0190429037,10.6804015095,10.6613586058,-6.1731998127,17.9579056032
ETHUSDT_lower5_Q5_high_h72,ETH Q5 72H,phase3_lower5_Q5_best,ETHUSDT,lower,5pct,long,Q5_high,-2.5346979200,18,72,2021-01-14 00:00,2021-01-14 04:00,2021-01-17 00:00,-3.0097318207,Q5_high,4.8215407660,1096.3900000000,1096.3900000000,1241.2000000000,1069.4200000000,1298.0000000000,0.0000000000,12.4055688946,12.4055688946,-2.4906519213,16.8801653636
ETHUSDT_lower5_Q5_high_h72,ETH Q5 72H,phase3_lower5_Q5_best,ETHUSDT,lower,5pct,long,Q5_high,-2.5346979200,18,72,2021-01-15 12:00,2021-01-15 16:00,2021-01-18 12:00,-7.1494004366,Q5_high,3.0743785021,1141.5200000000,1141.6600000000,1240.3600000000,1069.4200000000,1298.0000000000,0.0122635973,8.3040952422,8.2918316449,-6.5366898179,12.8341274669
ETHUSDT_lower5_Q5_high_h72,ETH Q5 72H,phase3_lower5_Q5_best,ETHUSDT,lower,5pct,long,Q5_high,-2.5346979200,18,72,2021-01-17 04:00,2021-01-17 08:00,2021-01-20 04:00,-4.8363249187,Q5_high,3.0667431956,1182.6000000000,1182.4500000000,1369.9200000000,1165.0000000000,1438.3000000000,-0.0126847213,14.7036939570,14.7163786783,-1.4867470174,19.5873303436
ETHUSDT_lower5_Q5_high_h72,ETH Q5 72H,phase3_lower5_Q5_best,ETHUSDT,lower,5pct,long,Q5_high,-2.5346979200,18,72,2021-01-18 00:00,2021-01-18 04:00,2021-01-21 00:00,-3.1636418443,Q5_high,2.8687715789,1194.0700000000,1194.0700000000,1326.5000000000,1188.0000000000,1438.3000000000,0.0000000000,10.5176254878,10.5176254878,-0.5096418777,18.6094220910
ETHUSDT_lower5_Q5_high_h72,ETH Q5 72H,phase3_lower5_Q5_best,ETHUSDT,lower,5pct,long,Q5_high,-2.5346979200,18,72,2021-01-19 16:00,2021-01-19 20:00,2021-01-22 16:00,-3.9196667330,Q5_high,2.8950928489,1359.6000000000,1359.5900000000,1267.6100000000,1042.3100000000,1424.9600000000,-0.0007355131,-7.0057301112,-7.0049945981,-26.5743779824,4.6960559443
ETHUSDT_lower5_Q5_high_h72,ETH Q5 72H,phase3_lower5_Q5_best,ETHUSDT,lower,5pct,long,Q5_high,-2.5346979200,18,72,2021-01-20 08:00,2021-01-20 12:00,2021-01-23 08:00,-7.9371968915,Q5_high,3.2813200166,1265.3900000000,1265.4100000000,1219.0700000000,1042.3100000000,1390.0000000000,0.0015805279,-3.7292102091,-3.7307907370,-19.3956776455,9.3907566804
ETHUSDT_lower5_Q5_high_h72,ETH Q5 72H,phase3_lower5_Q5_best,ETHUSDT,lower,5pct,long,Q5_high,-2.5346979200,18,72,2021-01-21 00:00,2021-01-21 04:00,2021-01-24 00:00,-3.7356062960,Q5_high,3.3404237349,1326.5000000000,1326.0100000000,1293.3300000000,1042.3100000000,1336.2200000000,-0.0369461382,-2.5323606951,-2.4954145569,-24.0735029330,0.7670299003
ETHUSDT_lower5_Q5_high_h72,ETH Q5 72H,phase3_lower5_Q5_best,ETHUSDT,lower,5pct,long,Q5_high,-2.5346979200,18,72,2021-01-21 08:00,2021-01-21 12:00,2021-01-24 08:00,-5.7605882147,Q5_high,3.5430309971,1236.3100000000,1236.4300000000,1342.9700000000,1042.3100000000,1350.0400000000,0.0097058324,8.2752442593,8.2655384269,-17.0788791090,8.7906026667
ETHUSDT_lower5_Q5_high_h72,ETH Q5 72H,phase3_lower5_Q5_best,ETHUSDT,lower,5pct,long,Q5_high,-2.5346979200,18,72,2021-01-21 12:00,2021-01-21 16:00,2021-01-24 12:00,-3.9287688890,Q5_high,3.6254599242,1188.6800000000,1188.5400000000,1320.5000000000,1042.3100000000,1350.0400000000,-0.0117784639,10.5167004995,10.5284789635,-13.1286259237,12.7408558521
ETHUSDT_lower5_Q5_high_h72,ETH Q5 72H,phase3_lower5_Q5_best,ETHUSDT,lower,5pct,long,Q5_high,-2.5346979200,18,72,2021-01-21 20:00,2021-01-22 00:00,2021-01-24 20:00,-10.2748552687,Q5_high,4.3541696354,1110.9600000000,1111.9800000000,1392.5100000000,1042.3100000000,1398.8300000000,0.0917703646,22.5883367713,22.4965664067,-6.4702806171,22.9493962876
ETHUSDT_lower5_Q5_high_h72,ETH Q5 72H,phase3_lower5_Q5_best,ETHUSDT,lower,5pct,long,Q5_high,-2.5346979200,18,72,2021-01-22 20:00,2021-01-23 00:00,2021-01-25 20:00,-2.7991252449,Q5_high,4.3551601026,1232.6200000000,1232.6100000000,1317.8800000000,1195.9000000000,1475.0000000000,-0.0008112833,6.6882399616,6.6890512449,-3.0234832452,17.9524117347
ETHUSDT_lower5_Q5_high_h72,ETH Q5 72H,phase3_lower5_Q5_best,ETHUSDT,lower,5pct,long,Q5_high,-2.5346979200,18,72,2021-01-23 08:00,2021-01-23 12:00,2021-01-26 08:00,-3.2721815207,Q5_high,4.3695372743,1219.0700000000,1219.0700000000,1313.4600000000,1195.9000000000,1475.0000000000,0.0000000000,7.4576603723,7.4576603723,-1.9189232976,19.0569716823
ETHUSDT_lower5_Q5_high_h72,ETH Q5 72H,phase3_lower5_Q5_best,ETHUSDT,lower,5pct,long,Q5_high,-2.5346979200,18,72,2021-01-25 16:00,2021-01-25 20:00,2021-01-28 16:00,-3.6913203063,Q5_high,2.4972831524,1382.8700000000,1382.9000000000,1332.2400000000,1207.0000000000,1383.6300000000,0.0021693778,-3.7299313643,-3.7321007421,-13.6044801373,0.0527736925
ETHUSDT_lower5_Q5_high_h72,ETH Q5 72H,phase3_lower5_Q5_best,ETHUSDT,lower,5pct,long,Q5_high,-2.5346979200,18,72,2021-01-25 20:00,2021-01-26 00:00,2021-01-28 20:00,-4.8136664816,Q5_high,2.7274990568,1317.8800000000,1317.6000000000,1329.6900000000,1207.0000000000,1378.4900000000,-0.0212485013,0.8921447465,0.9133932478,-8.7673957766,4.5176797312
ETHUSDT_lower5_Q5_high_h72,ETH Q5 72H,phase3_lower5_Q5_best,ETHUSDT,lower,5pct,long,Q5_high,-2.5346979200,18,72,2021-01-26 12:00,2021-01-26 16:00,2021-01-29 12:00,-2.5843862023,Q5_high,2.6146121866,1279.9500000000,1279.9400000000,1396.1800000000,1207.0000000000,1436.9000000000,-0.0007812836,8.6918921188,8.6926734023,-5.8675259717,11.5674813420
ETHUSDT_lower5_Q5_high_h72,ETH Q5 72H,phase3_lower5_Q5_best,ETHUSDT,lower,5pct,long,Q5_high,-2.5346979200,18,72,2021-01-27 00:00,2021-01-27 04:00,2021-01-30 00:00,-4.2601312047,Q5_high,2.8693877223,1309.0000000000,1309.0100000000,1342.7100000000,1207.0000000000,1436.9000000000,0.0007639390,2.5426472821,2.5418833431,-8.1133184203,9.3216888935
ETHUSDT_lower5_Q5_high_h72,ETH Q5 72H,phase3_lower5_Q5_best,ETHUSDT,lower,5pct,long,Q5_high,-2.5346979200,18,72,2021-01-27 08:00,2021-01-27 12:00,2021-01-30 08:00,-3.4884239486,Q5_high,2.7538942584,1249.0200000000,1248.7800000000,1340.0100000000,1207.0000000000,1436.9000000000,-0.0192169109,7.0317832796,7.0510001905,-3.4029132601,14.0320940537
ETHUSDT_lower5_Q5_high_h72,ETH Q5 72H,phase3_lower5_Q5_best,ETHUSDT,lower,5pct,long,Q5_high,-2.5346979200,18,72,2021-01-29 16:00,2021-01-29 20:00,2021-02-01 16:00,-3.4895396198,Q5_high,3.0598554712,1348.3000000000,1348.0300000000,1332.7400000000,1269.9900000000,1409.9900000000,-0.0200272223,-1.1607566248,-1.1407294025,-5.9635241012,4.4938344731
ETHUSDT_lower5_Q5_high_h72,ETH Q5 72H,phase3_lower5_Q5_best,ETHUSDT,lower,5pct,long,Q5_high,-2.5346979200,18,72,2021-01-30 00:00,2021-01-30 04:00,2021-02-02 00:00,-2.7031154926,Q5_high,2.9175224603,1342.7100000000,1342.7900000000,1368.7900000000,1269.9900000000,1411.0200000000,0.0059579222,1.9237178151,1.9177598929,-5.5740512547,4.9563308144
ETHUSDT_lower5_Q5_high_h72,ETH Q5 72H,phase3_lower5_Q5_best,ETHUSDT,lower,5pct,long,Q5_high,-2.5346979200,18,72,2021-01-31 12:00,2021-01-31 16:00,2021-02-03 12:00,-3.2410852240,Q5_high,2.4974707845,1311.1000000000,1311.0100000000,1597.2500000000,1269.9900000000,1599.8600000000,-0.0068647006,19.7416920977,19.7485567983,-3.1788806094,19.9118292900
ETHUSDT_lower5_Q5_high_h72,ETH Q5 72H,phase3_lower5_Q5_best,ETHUSDT,lower,5pct,long,Q5_high,-2.5346979200,18,72,2021-02-01 12:00,2021-02-01 16:00,2021-02-04 12:00,-2.6292765252,Q5_high,2.4179573328,1301.7300000000,1301.9600000000,1580.8800000000,1300.0000000000,1695.2000000000,0.0176672339,19.4287505009,19.4110832670,-0.1506556881,26.3929906624
ETHUSDT_lower5_Q5_high_h72,ETH Q5 72H,phase3_lower5_Q5_best,ETHUSDT,lower,5pct,long,Q5_high,-2.5346979200,18,72,2021-02-04 08:00,2021-02-04 12:00,2021-02-07 08:00,-3.1206629338,Q5_high,2.1981535096,1611.7400000000,1611.7700000000,1624.9100000000,1554.4400000000,1760.4900000000,0.0018613251,0.8138088879,0.8119475629,-3.6217601852,8.8259225388
ETHUSDT_lower5_Q5_high_h72,ETH Q5 72H,phase3_lower5_Q5_best,ETHUSDT,lower,5pct,long,Q5_high,-2.5346979200,18,72,2021-02-04 20:00,2021-02-05 00:00,2021-02-07 20:00,-3.5292058483,Q5_high,2.4967899994,1595.6700000000,1595.5300000000,1611.6200000000,1490.4600000000,1760.4900000000,-0.0087741289,0.9946173554,1.0033914843,-6.8121172299,9.8386209950
ETHUSDT_lower5_Q5_high_h72,ETH Q5 72H,phase3_lower5_Q5_best,ETHUSDT,lower,5pct,long,Q5_high,-2.5346979200,18,72,2021-02-07 00:00,2021-02-07 04:00,2021-02-10 00:00,-3.0169899533,Q5_high,2.4454096420,1626.5300000000,1626.4100000000,1809.4500000000,1490.4600000000,1825.0000000000,-0.0073779412,10.6574020423,10.6647799835,-8.7290334718,11.5204855172
ETHUSDT_lower5_Q5_high_h72,ETH Q5 72H,phase3_lower5_Q5_best,ETHUSDT,lower,5pct,long,Q5_high,-2.5346979200,18,72,2021-02-07 12:00,2021-02-07 16:00,2021-02-10 12:00,-5.4833026908,Q5_high,2.6152101884,1538.2100000000,1538.1900000000,1714.3700000000,1490.4600000000,1837.8600000000,-0.0013002210,10.8426263466,10.8439265676,-3.1521603371,17.7995450768
ETHUSDT_lower5_Q5_high_h72,ETH Q5 72H,phase3_lower5_Q5_best,ETHUSDT,lower,5pct,long,Q5_high,-2.5346979200,18,72,2021-02-10 12:00,2021-02-10 16:00,2021-02-13 12:00,-4.4297809014,Q5_high,2.5365153490,1714.3700000000,1714.2100000000,1816.5400000000,1690.8000000000,1871.7200000000,-0.0093333100,5.7887926615,5.7981259715,-1.3750543380,8.7905461128
ETHUSDT_lower5_Q5_high_h72,ETH Q5 72H,phase3_lower5_Q5_best,ETHUSDT,lower,5pct,long,Q5_high,-2.5346979200,18,72,2021-02-22 08:00,2021-02-22 12:00,2021-02-25 08:00,-4.5534364261,Q5_high,2.0103890558,1802.6500000000,1802.5000000000,1621.9300000000,1355.0000000000,1808.1900000000,-0.0083214291,-10.5641006303,-10.5557792012,-28.5373135845,0.3151754767
ETHUSDT_lower5_Q5_high_h72,ETH Q5 72H,phase3_lower5_Q5_best,ETHUSDT,lower,5pct,long,Q5_high,-2.5346979200,18,72,2021-02-22 12:00,2021-02-22 16:00,2021-02-25 12:00,-3.9236467861,Q5_high,2.1577920706,1733.2900000000,1733.3300000000,1627.5700000000,1355.0000000000,1803.5900000000,0.0023077234,-6.2933231678,-6.2956308912,-24.6242959509,3.9734709242
ETHUSDT_lower5_Q5_high_h72,ETH Q5 72H,phase3_lower5_Q5_best,ETHUSDT,lower,5pct,long,Q5_high,-2.5346979200,18,72,2021-02-23 00:00,2021-02-23 04:00,2021-02-26 00:00,-5.6512668163,Q5_high,2.4694667673,1679.9100000000,1679.7900000000,1491.2500000000,1355.0000000000,1712.7000000000,-0.0071434950,-11.9125526122,-11.9054091172,-21.4867331270,1.9402287054
ETHUSDT_lower5_Q5_high_h72,ETH Q5 72H,phase3_lower5_Q5_best,ETHUSDT,lower,5pct,long,Q5_high,-2.5346979200,18,72,2021-02-23 04:00,2021-02-23 08:00,2021-02-26 04:00,-5.7121647840,Q5_high,2.6952807035,1586.6400000000,1586.6400000000,1430.3900000000,1355.0000000000,1712.7000000000,0.0000000000,-10.3671438350,-10.3671438350,-15.7817118380,7.6452499945
ETHUSDT_lower5_Q5_high_h72,ETH Q5 72H,phase3_lower5_Q5_best,ETHUSDT,lower,5pct,long,Q5_high,-2.5346979200,18,72,2021-02-23 08:00,2021-02-23 12:00,2021-02-26 08:00,-8.7940013096,Q5_high,3.0150111774,1453.0700000000,1453.0900000000,1483.7400000000,1400.0000000000,1712.7000000000,0.0013763867,2.0887367624,2.0873603757,-3.7220086861,16.4378749174
ETHUSDT_lower5_Q5_high_h72,ETH Q5 72H,phase3_lower5_Q5_best,ETHUSDT,lower,5pct,long,Q5_high,-2.5346979200,18,72,2021-02-23 16:00,2021-02-23 20:00,2021-02-26 16:00,-8.3679152467,Q5_high,4.0070867029,1447.6400000000,1447.8900000000,1479.5000000000,1400.0000000000,1712.7000000000,0.0172679959,2.1769548590,2.1596868631,-3.3635087606,16.7963748429
ETHUSDT_lower5_Q5_high_h72,ETH Q5 72H,phase3_lower5_Q5_best,ETHUSDT,lower,5pct,long,Q5_high,-2.5346979200,18,72,2021-02-24 16:00,2021-02-24 20:00,2021-02-27 16:00,-3.7585145765,Q5_high,4.6835456592,1599.2000000000,1599.2000000000,1512.0000000000,1400.0000000000,1671.5900000000,0.0000000000,-5.6070226447,-5.6070226447,-13.3031267583,4.4271765077
ETHUSDT_lower5_Q5_high_h72,ETH Q5 72H,phase3_lower5_Q5_best,ETHUSDT,lower,5pct,long,Q5_high,-2.5346979200,18,72,2021-02-25 16:00,2021-02-25 20:00,2021-02-28 16:00,-2.6314441061,Q5_high,4.6378088432,1585.3000000000,1585.2400000000,1389.2400000000,1293.1800000000,1587.8400000000,-0.0037848442,-13.2016828844,-13.1978980401,-20.3631514187,0.1638786656
ETHUSDT_lower5_Q5_high_h72,ETH Q5 72H,phase3_lower5_Q5_best,ETHUSDT,lower,5pct,long,Q5_high,-2.5346979200,18,72,2021-02-25 20:00,2021-02-26 00:00,2021-02-28 20:00,-6.7549842181,Q5_high,4.7841421768,1481.7500000000,1482.0800000000,1419.1800000000,1293.1800000000,1562.2500000000,0.0222684838,-4.3144581658,-4.3367266496,-13.6342205286,5.2680583303
ETHUSDT_lower5_Q5_high_h72,ETH Q5 72H,phase3_lower5_Q5_best,ETHUSDT,lower,5pct,long,Q5_high,-2.5346979200,18,72,2021-02-26 04:00,2021-02-26 08:00,2021-03-01 04:00,-4.1667560069,Q5_high,4.7992727272,1430.3900000000,1430.5900000000,1437.7400000000,1293.1800000000,1562.2500000000,0.0139812232,0.5125301914,0.4985489682,-10.0982645356,8.8040143233
ETHUSDT_lower5_Q5_high_h72,ETH Q5 72H,phase3_lower5_Q5_best,ETHUSDT,lower,5pct,long,Q5_high,-2.5346979200,18,72,2021-02-26 16:00,2021-02-26 20:00,2021-03-01 16:00,-3.5183145314,Q5_high,4.3250209621,1479.5000000000,1479.6900000000,1513.2600000000,1293.1800000000,1565.0000000000,0.0128413519,2.2562071203,2.2433657684,-13.4728305139,5.6053217615
ETHUSDT_lower5_Q5_high_h72,ETH Q5 72H,phase3_lower5_Q5_best,ETHUSDT,lower,5pct,long,Q5_high,-2.5346979200,18,72,2021-02-27 20:00,2021-02-28 00:00,2021-03-02 20:00,-3.6278484908,Q5_high,2.9694386324,1458.1300000000,1458.2700000000,1486.7800000000,1293.1800000000,1602.9000000000,0.0096008778,1.9457914793,1.9361906015,-12.0146500389,9.4563687023
ETHUSDT_lower5_Q5_high_h72,ETH Q5 72H,phase3_lower5_Q5_best,ETHUSDT,lower,5pct,long,Q5_high,-2.5346979200,18,72,2021-02-28 00:00,2021-02-28 04:00,2021-03-03 00:00,-6.2862435521,Q5_high,3.1566165244,1369.2900000000,1369.2900000000,1522.6700000000,1293.1800000000,1602.9000000000,0.0000000000,10.6173015497,10.6173015497,-5.7188056090,15.7522131322
ETHUSDT_lower5_Q5_high_h72,ETH Q5 72H,phase3_lower5_Q5_best,ETHUSDT,lower,5pct,long,Q5_high,-2.5346979200,18,72,2021-02-28 12:00,2021-02-28 16:00,2021-03-03 12:00,-3.9644563291,Q5_high,3.2068622930,1318.2200000000,1318.2900000000,1600.5700000000,1301.7100000000,1656.9400000000,0.0053100500,19.4077474078,19.4024373578,-1.2656657504,22.8637085545
ETHUSDT_lower5_Q5_high_h72,ETH Q5 72H,phase3_lower5_Q5_best,ETHUSDT,lower,5pct,long,Q5_high,-2.5346979200,18,72,2021-03-02 16:00,2021-03-02 20:00,2021-03-05 16:00,-4.8516300497,Q5_high,3.3567204467,1479.9100000000,1479.8000000000,1533.5800000000,1441.6600000000,1656.9400000000,-0.0074331607,3.5623596338,3.5697927945,-2.6111716082,11.3065584261
ETHUSDT_lower5_Q5_high_h72,ETH Q5 72H,phase3_lower5_Q5_best,ETHUSDT,lower,5pct,long,Q5_high,-2.5346979200,18,72,2021-03-04 16:00,2021-03-04 20:00,2021-03-07 16:00,-3.2548710306,Q5_high,2.2113659025,1526.7100000000,1526.8300000000,1658.2600000000,1441.6600000000,1696.0000000000,0.0078597300,8.2653766525,8.2575169224,-5.7398463207,10.5078846735
ETHUSDT_lower5_Q5_high_h72,ETH Q5 72H,phase3_lower5_Q5_best,ETHUSDT,lower,5pct,long,Q5_high,-2.5346979200,18,72,2021-03-05 00:00,2021-03-05 04:00,2021-03-08 00:00,-3.8112461370,Q5_high,2.2774965407,1481.6700000000,1481.5300000000,1723.6800000000,1441.6600000000,1752.5000000000,-0.0094492441,15.1291710150,15.1386202590,-2.7280110146,16.7968002353
ETHUSDT_lower5_Q5_high_h72,ETH Q5 72H,phase3_lower5_Q5_best,ETHUSDT,lower,5pct,long,Q5_high,-2.5346979200,18,72,2021-03-10 00:00,2021-03-10 04:00,2021-03-13 00:00,-5.1098882778,Q5_high,2.0823656791,1777.3300000000,1777.5200000000,1759.2900000000,1719.7200000000,1870.2000000000,0.0106896212,-1.0201919610,-1.0308815822,-3.3057647514,5.0826242629
ETHUSDT_lower5_Q5_high_h72,ETH Q5 72H,phase3_lower5_Q5_best,ETHUSDT,lower,5pct,long,Q5_high,-2.5346979200,18,72,2021-03-15 04:00,2021-03-15 08:00,2021-03-18 04:00,-4.9872131375,Q5_high,1.9798166734,1793.8200000000,1793.8200000000,1815.3400000000,1711.6800000000,1850.0000000000,0.0000000000,1.1925353842,1.1925353842,-4.6872079794,3.0838214936
ETHUSDT_lower5_Q5_high_h72,ETH Q5 72H,phase3_lower5_Q5_best,ETHUSDT,lower,5pct,long,Q5_high,-2.5346979200,18,72,2021-03-16 00:00,2021-03-16 04:00,2021-03-19 00:00,-2.5348117661,Q5_high,2.0102849180,1748.5900000000,1748.5900000000,1780.0600000000,1733.4700000000,1850.0000000000,0.0000000000,1.7837322714,1.7837322714,-0.8684568923,5.6375890203
ETHUSDT_lower5_Q5_high_h72,ETH Q5 72H,phase3_lower5_Q5_best,ETHUSDT,lower,5pct,long,Q5_high,-2.5346979200,18,72,2021-04-17 20:00,2021-04-18 00:00,2021-04-20 20:00,-2.5967299297,Q5_high,1.9387187885,2317.6000000000,2317.6500000000,2330.0300000000,1946.8000000000,2346.6200000000,0.0021573809,0.5348975558,0.5327401749,-17.4366742305,1.2422253658
ETHUSDT_lower5_Q5_high_h72,ETH Q5 72H,phase3_lower5_Q5_best,ETHUSDT,lower,5pct,long,Q5_high,-2.5346979200,18,72,2021-04-18 00:00,2021-04-18 04:00,2021-04-21 00:00,-7.0933334753,Q5_high,2.4963764899,2158.9000000000,2158.9000000000,2284.0000000000,2038.0000000000,2362.9800000000,0.0000000000,5.6329459073,5.6329459073,-5.7629897920,9.0324701631
ETHUSDT_lower5_Q5_high_h72,ETH Q5 72H,phase3_lower5_Q5_best,ETHUSDT,lower,5pct,long,Q5_high,-2.5346979200,18,72,2021-04-18 08:00,2021-04-18 12:00,2021-04-21 08:00,-7.4216213026,Q5_high,2.7601199729,2052.1900000000,2052.1900000000,2264.9800000000,2046.2800000000,2362.9800000000,0.0000000000,9.8658413259,9.8658413259,-0.2884005054,14.1016018737
ETHUSDT_lower5_Q5_high_h72,ETH Q5 72H,phase3_lower5_Q5_best,ETHUSDT,lower,5pct,long,Q5_high,-2.5346979200,18,72,2021-04-19 12:00,2021-04-19 16:00,2021-04-22 12:00,-6.9725029308,Q5_high,3.3654240523,2095.3200000000,2095.5800000000,2610.5800000000,2055.0000000000,2612.1400000000,0.0124078360,21.9866132529,21.9742054169,-1.9554516752,22.0339444052
ETHUSDT_lower5_Q5_high_h72,ETH Q5 72H,phase3_lower5_Q5_best,ETHUSDT,lower,5pct,long,Q5_high,-2.5346979200,18,72,2021-04-20 00:00,2021-04-20 04:00,2021-04-23 00:00,-3.0247617565,Q5_high,3.5333899032,2096.7300000000,2097.5600000000,2282.7400000000,2055.0000000000,2644.4700000000,0.0395776168,8.4997487558,8.4601711391,-2.0498916485,23.1695902727
ETHUSDT_lower5_Q5_high_h72,ETH Q5 72H,phase3_lower5_Q5_best,ETHUSDT,lower,5pct,long,Q5_high,-2.5346979200,18,72,2021-04-21 20:00,2021-04-22 00:00,2021-04-24 20:00,-3.3328074187,Q5_high,3.3997751087,2357.0600000000,2357.0600000000,2213.3500000000,2107.0000000000,2644.4700000000,0.0000000000,-6.2907874806,-6.2907874806,-11.2149944896,11.5055587442
ETHUSDT_lower5_Q5_high_h72,ETH Q5 72H,phase3_lower5_Q5_best,ETHUSDT,lower,5pct,long,Q5_high,-2.5346979200,18,72,2021-04-22 16:00,2021-04-22 20:00,2021-04-25 16:00,-2.9165786760,Q5_high,3.5681964489,2535.5400000000,2535.5600000000,2268.5700000000,2107.0000000000,2535.5600000000,0.0007887835,-11.1256955069,-11.1264842904,-18.5149385123,0.0000000000
ETHUSDT_lower5_Q5_high_h72,ETH Q5 72H,phase3_lower5_Q5_best,ETHUSDT,lower,5pct,long,Q5_high,-2.5346979200,18,72,2021-04-22 20:00,2021-04-23 00:00,2021-04-25 20:00,-5.5796596668,Q5_high,3.4231664303,2397.9400000000,2397.9400000000,2320.4900000000,2107.0000000000,2442.8900000000,0.0000000000,-3.2831665168,-3.2831665168,-12.9344900620,1.8571729214
ETHUSDT_lower5_Q5_high_h72,ETH Q5 72H,phase3_lower5_Q5_best,ETHUSDT,lower,5pct,long,Q5_high,-2.5346979200,18,72,2021-04-23 00:00,2021-04-23 04:00,2021-04-26 00:00,-4.9233559618,Q5_high,3.5284814321,2282.7400000000,2282.7400000000,2455.1600000000,2107.0000000000,2473.2000000000,0.0000000000,7.2815456415,7.2815456415,-8.0111341001,8.0136382879
ETHUSDT_lower5_Q5_high_h72,ETH Q5 72H,phase3_lower5_Q5_best,ETHUSDT,lower,5pct,long,Q5_high,-2.5346979200,18,72,2021-04-23 04:00,2021-04-23 08:00,2021-04-26 04:00,-6.8104922374,Q5_high,3.8545145107,2132.4500000000,2132.2200000000,2450.0000000000,2107.0000000000,2488.5800000000,-0.0107862977,13.8816471107,13.8924334083,-1.1898555651,15.4548576207
ETHUSDT_lower5_Q5_high_h72,ETH Q5 72H,phase3_lower5_Q5_best,ETHUSDT,lower,5pct,long,Q5_high,-2.5346979200,18,72,2021-04-24 00:00,2021-04-24 04:00,2021-04-27 00:00,-3.0266878787,Q5_high,3.8396057511,2296.8100000000,2296.8100000000,2493.1600000000,2154.8000000000,2548.0000000000,0.0000000000,8.2029778486,8.2029778486,-6.3823291875,10.3787534011
ETHUSDT_lower5_Q5_high_h72,ETH Q5 72H,phase3_lower5_Q5_best,ETHUSDT,lower,5pct,long,Q5_high,-2.5346979200,18,72,2021-04-24 08:00,2021-04-24 12:00,2021-04-27 08:00,-4.2186741012,Q5_high,3.9330054612,2179.4300000000,2179.2600000000,2572.7000000000,2160.0000000000,2577.0600000000,-0.0078005089,16.5892556366,16.5970561454,-0.8877147938,16.7663844653
ETHUSDT_lower5_Q5_high_h72,ETH Q5 72H,phase3_lower5_Q5_best,ETHUSDT,lower,5pct,long,Q5_high,-2.5346979200,18,72,2021-04-25 16:00,2021-04-25 20:00,2021-04-28 16:00,-3.1680508762,Q5_high,3.6182505718,2268.5700000000,2268.5100000000,2737.9700000000,2168.0000000000,2744.0000000000,-0.0026448729,18.8067092863,18.8093541592,-4.5318144734,19.0293481552
ETHUSDT_lower5_Q5_high_h72,ETH Q5 72H,phase3_lower5_Q5_best,ETHUSDT,lower,5pct,long,Q5_high,-2.5346979200,18,72,2021-05-04 00:00,2021-05-04 04:00,2021-05-07 00:00,-5.9684933064,Q5_high,2.2460642324,3232.2500000000,3232.4000000000,3424.0100000000,3160.0000000000,3605.4000000000,0.0046406225,5.7633889683,5.7587483459,-2.2652867778,10.9207826209
ETHUSDT_lower5_Q5_high_h72,ETH Q5 72H,phase3_lower5_Q5_best,ETHUSDT,lower,5pct,long,Q5_high,-2.5346979200,18,72,2021-05-04 12:00,2021-05-04 16:00,2021-05-07 12:00,-7.5020631680,Q5_high,3.0761188295,3228.4900000000,3228.3600000000,3560.9300000000,3160.0000000000,3605.4000000000,-0.0040267313,9.8007211037,9.8047478350,-2.1402240754,11.0458453233
ETHUSDT_lower5_Q5_high_h72,ETH Q5 72H,phase3_lower5_Q5_best,ETHUSDT,lower,5pct,long,Q5_high,-2.5346979200,18,72,2021-05-04 20:00,2021-05-05 00:00,2021-05-07 20:00,-5.2294642202,Q5_high,3.5379402009,3239.0100000000,3239.0100000000,3479.5300000000,3200.2300000000,3605.4000000000,0.0000000000,7.1629499637,7.1629499637,-1.2045045334,10.7164994029
ETHUSDT_lower5_Q5_high_h72,ETH Q5 72H,phase3_lower5_Q5_best,ETHUSDT,lower,5pct,long,Q5_high,-2.5346979200,18,72,2021-05-10 16:00,2021-05-10 20:00,2021-05-13 16:00,-4.0570203919,Q5_high,2.1586823328,3991.1200000000,3990.1800000000,3651.7500000000,3500.0000000000,4372.7200000000,-0.0235550601,-8.8865388518,-8.8629837917,-13.1073374171,9.1548898444
ETHUSDT_lower5_Q5_high_h72,ETH Q5 72H,phase3_lower5_Q5_best,ETHUSDT,lower,5pct,long,Q5_high,-2.5346979200,18,72,2021-05-12 16:00,2021-05-12 20:00,2021-05-15 16:00,-2.5421440785,Q5_high,2.1144440350,4083.9200000000,4084.4500000000,3751.4300000000,3500.0000000000,4245.0000000000,0.0129768852,-8.4920210845,-8.5049979698,-15.4424111829,3.8554739439
ETHUSDT_lower5_Q5_high_h72,ETH Q5 72H,phase3_lower5_Q5_best,ETHUSDT,lower,5pct,long,Q5_high,-2.5346979200,18,72,2021-05-12 20:00,2021-05-13 00:00,2021-05-15 20:00,-6.5966927584,Q5_high,2.6117150168,3823.2100000000,3810.1500000000,3646.6800000000,3500.0000000000,4173.2800000000,-0.3421825446,-4.7273219262,-4.3851393816,-8.4905589947,9.1033738927
ETHUSDT_lower5_Q5_high_h72,ETH Q5 72H,phase3_lower5_Q5_best,ETHUSDT,lower,5pct,long,Q5_high,-2.5346979200,18,72,2021-05-13 08:00,2021-05-13 12:00,2021-05-16 08:00,-5.7982104498,Q5_high,2.8700021637,3744.4700000000,3744.4600000000,3789.6900000000,3541.5100000000,4173.2800000000,-0.0002670608,1.2004136629,1.2006807238,-5.5724224446,10.8424883053
ETHUSDT_lower5_Q5_high_h72,ETH Q5 72H,phase3_lower5_Q5_best,ETHUSDT,lower,5pct,long,Q5_high,-2.5346979200,18,72,2021-05-13 16:00,2021-05-13 20:00,2021-05-16 16:00,-2.5754352652,Q5_high,2.8837554761,3651.7500000000,3650.3000000000,3419.2200000000,3346.7200000000,4173.2800000000,-0.0397148751,-6.5794049862,-6.5396901111,-8.6828594274,13.3892941372
ETHUSDT_lower5_Q5_high_h72,ETH Q5 72H,phase3_lower5_Q5_best,ETHUSDT,lower,5pct,long,Q5_high,-2.5346979200,18,72,2021-05-15 04:00,2021-05-15 08:00,2021-05-18 04:00,-2.9742690989,Q5_high,2.9376400361,3907.6600000000,3907.6600000000,3510.0200000000,3102.0000000000,3962.1100000000,0.0000000000,-10.7316993905,-10.7316993905,-23.0891664618,1.3837982274
ETHUSDT_lower5_Q5_high_h72,ETH Q5 72H,phase3_lower5_Q5_best,ETHUSDT,lower,5pct,long,Q5_high,-2.5346979200,18,72,2021-05-15 16:00,2021-05-15 20:00,2021-05-18 16:00,-3.2542746724,Q5_high,2.8443369781,3751.4300000000,3751.8400000000,3402.3800000000,3102.0000000000,3879.0000000000,0.0109285685,-9.7661913890,-9.7771199575,-19.0199321557,3.3331002146
ETHUSDT_lower5_Q5_high_h72,ETH Q5 72H,phase3_lower5_Q5_best,ETHUSDT,lower,5pct,long,Q5_high,-2.5346979200,18,72,2021-05-15 20:00,2021-05-16 00:00,2021-05-18 20:00,-2.8319936000,Q5_high,2.8709282050,3646.6800000000,3646.2400000000,3375.0700000000,3102.0000000000,3879.0000000000,-0.0120664974,-7.7401099776,-7.7280434802,-16.1649434898,6.1880888806
ETHUSDT_lower5_Q5_high_h72,ETH Q5 72H,phase3_lower5_Q5_best,ETHUSDT,lower,5pct,long,Q5_high,-2.5346979200,18,72,2021-05-16 12:00,2021-05-16 16:00,2021-05-19 12:00,-4.2101611411,Q5_high,2.7972014542,3633.4500000000,3633.5300000000,2742.6100000000,1888.0000000000,3671.2300000000,0.0022017399,-28.1272588391,-28.1294605790,-65.4686559819,1.0322128238
ETHUSDT_lower5_Q5_high_h72,ETH Q5 72H,phase3_lower5_Q5_best,ETHUSDT,lower,5pct,long,Q5_high,-2.5346979200,18,72,2021-05-16 16:00,2021-05-16 20:00,2021-05-19 16:00,-6.0770155256,Q5_high,2.8258561801,3419.2200000000,3419.8100000000,2601.1300000000,1888.0000000000,3588.9800000000,0.0172539089,-27.3466488893,-27.3639027982,-59.4066926252,4.8283045591
ETHUSDT_lower5_Q5_high_h72,ETH Q5 72H,phase3_lower5_Q5_best,ETHUSDT,lower,5pct,long,Q5_high,-2.5346979200,18,72,2021-05-17 00:00,2021-05-17 04:00,2021-05-20 00:00,-10.0335768157,Q5_high,3.7303370944,3240.1300000000,3240.7400000000,2472.4600000000,1888.0000000000,3575.2400000000,0.0188246332,-27.0399846030,-27.0588092361,-54.0283631064,9.8230607972
ETHUSDT_lower5_Q5_high_h72,ETH Q5 72H,phase3_lower5_Q5_best,ETHUSDT,lower,5pct,long,Q5_high,-2.5346979200,18,72,2021-05-17 12:00,2021-05-17 16:00,2021-05-20 12:00,-6.8181318683,Q5_high,4.3561251065,3284.7500000000,3284.9900000000,2903.9900000000,1888.0000000000,3565.7100000000,0.0073062252,-12.3204892109,-12.3277954361,-55.3845540069,8.1999584730
ETHUSDT_lower5_Q5_high_h72,ETH Q5 72H,phase3_lower5_Q5_best,ETHUSDT,lower,5pct,long,Q5_high,-2.5346979200,18,72,2021-05-17 20:00,2021-05-18 00:00,2021-05-20 20:00,-2.8897444960,Q5_high,4.2605636453,3282.5100000000,3282.2500000000,2768.6200000000,1888.0000000000,3565.7100000000,-0.0079210817,-17.0259372536,-17.0180161719,-55.3011095109,8.2834029690
ETHUSDT_lower5_Q5_high_h72,ETH Q5 72H,phase3_lower5_Q5_best,ETHUSDT,lower,5pct,long,Q5_high,-2.5346979200,18,72,2021-05-18 12:00,2021-05-18 16:00,2021-05-21 12:00,-5.4783087970,Q5_high,4.5723666603,3345.5000000000,3345.4900000000,2420.6900000000,1888.0000000000,3464.0200000000,-0.0002989094,-32.3563535745,-32.3560546651,-57.2095102423,3.4816594209
ETHUSDT_lower5_Q5_high_h72,ETH Q5 72H,phase3_lower5_Q5_best,ETHUSDT,lower,5pct,long,Q5_high,-2.5346979200,18,72,2021-05-19 00:00,2021-05-19 04:00,2021-05-22 00:00,-8.5907901198,Q5_high,4.9051184116,3097.2300000000,3097.2300000000,2329.9900000000,1888.0000000000,3133.1800000000,0.0000000000,-28.4644187929,-28.4644187929,-49.4990095928,1.1540299589
ETHUSDT_lower5_Q5_high_h72,ETH Q5 72H,phase3_lower5_Q5_best,ETHUSDT,lower,5pct,long,Q5_high,-2.5346979200,18,72,2021-05-19 04:00,2021-05-19 08:00,2021-05-22 04:00,-3.6908416807,Q5_high,4.9261012027,2985.0000000000,2985.0000000000,2248.5700000000,1888.0000000000,3006.0000000000,0.0000000000,-28.3305288235,-28.3305288235,-45.8081679121,0.7010544486
ETHUSDT_lower5_Q5_high_h72,ETH Q5 72H,phase3_lower5_Q5_best,ETHUSDT,lower,5pct,long,Q5_high,-2.5346979200,18,72,2021-05-19 08:00,2021-05-19 12:00,2021-05-22 08:00,-9.2570886520,Q5_high,5.0555342007,2721.0800000000,2721.0800000000,2415.5400000000,1888.0000000000,2990.0500000000,0.0000000000,-11.9105995731,-11.9105995731,-36.5510792601,9.4261249346
ETHUSDT_lower5_Q5_high_h72,ETH Q5 72H,phase3_lower5_Q5_best,ETHUSDT,lower,5pct,long,Q5_high,-2.5346979200,18,72,2021-05-19 16:00,2021-05-19 20:00,2021-05-22 16:00,-5.2964055758,Q5_high,5.1113685524,2601.1300000000,2601.1300000000,2255.0500000000,2101.0000000000,2990.0500000000,0.0000000000,-14.2773820336,-14.2773820336,-21.3532544131,13.9344143677
ETHUSDT_lower5_Q5_high_h72,ETH Q5 72H,phase3_lower5_Q5_best,ETHUSDT,lower,5pct,long,Q5_high,-2.5346979200,18,72,2021-05-19 20:00,2021-05-20 00:00,2021-05-22 20:00,-6.4390647626,Q5_high,5.1885256079,2438.9200000000,2438.9200000000,2294.8700000000,2101.0000000000,2990.0500000000,0.0000000000,-6.0879121340,-6.0879121340,-14.9141896505,20.3734791303
ETHUSDT_lower5_Q5_high_h72,ETH Q5 72H,phase3_lower5_Q5_best,ETHUSDT,lower,5pct,long,Q5_high,-2.5346979200,18,72,2021-05-20 16:00,2021-05-20 20:00,2021-05-23 16:00,-4.2768194799,Q5_high,4.9823651734,2782.4100000000,2782.8100000000,1968.0900000000,1728.7400000000,2938.5400000000,0.0143749933,-34.6253929339,-34.6397679272,-47.6068389110,5.4451650801
ETHUSDT_lower5_Q5_high_h72,ETH Q5 72H,phase3_lower5_Q5_best,ETHUSDT,lower,5pct,long,Q5_high,-2.5346979200,18,72,2021-05-21 04:00,2021-05-21 08:00,2021-05-24 04:00,-3.7939349031,Q5_high,4.7656235653,2686.9600000000,2687.4400000000,2291.1000000000,1728.7400000000,2783.2100000000,0.0178624591,-15.9378391452,-15.9557016043,-44.1196248169,3.5015870212
ETHUSDT_lower5_Q5_high_h72,ETH Q5 72H,phase3_lower5_Q5_best,ETHUSDT,lower,5pct,long,Q5_high,-2.5346979200,18,72,2021-05-21 12:00,2021-05-21 16:00,2021-05-24 12:00,-11.3770167955,Q5_high,5.0794821688,2420.6900000000,2420.3900000000,2509.0700000000,1728.7400000000,2529.8700000000,-0.0123939286,3.5859543061,3.5983482348,-33.6535864755,4.4239233811
ETHUSDT_lower5_Q5_high_h72,ETH Q5 72H,phase3_lower5_Q5_best,ETHUSDT,lower,5pct,long,Q5_high,-2.5346979200,18,72,2021-05-21 16:00,2021-05-21 20:00,2021-05-24 16:00,-2.9850083935,Q5_high,5.0491901270,2349.5000000000,2349.9500000000,2650.8600000000,1728.7400000000,2663.5800000000,0.0191511773,12.0681576091,12.0490064318,-30.7001231880,12.5277031257
ETHUSDT_lower5_Q5_high_h72,ETH Q5 72H,phase3_lower5_Q5_best,ETHUSDT,lower,5pct,long,Q5_high,-2.5346979200,18,72,2021-05-22 00:00,2021-05-22 04:00,2021-05-25 00:00,-4.2430492510,Q5_high,5.0928385061,2329.9900000000,2329.5400000000,2582.4800000000,1728.7400000000,2750.0000000000,-0.0193152529,10.2886201825,10.3079354354,-29.8278003740,16.5930088484
ETHUSDT_lower5_Q5_high_h72,ETH Q5 72H,phase3_lower5_Q5_best,ETHUSDT,lower,5pct,long,Q5_high,-2.5346979200,18,72,2021-05-22 04:00,2021-05-22 08:00,2021-05-25 04:00,-3.5569517113,Q5_high,5.0990780022,2248.5700000000,2248.5600000000,2660.4800000000,1728.7400000000,2750.0000000000,-0.0004447281,16.8212099032,16.8216546313,-26.2897191875,20.1310900350
ETHUSDT_lower5_Q5_high_h72,ETH Q5 72H,phase3_lower5_Q5_best,ETHUSDT,lower,5pct,long,Q5_high,-2.5346979200,18,72,2021-05-22 16:00,2021-05-22 20:00,2021-05-25 16:00,-4.8539900837,Q5_high,4.9453233582,2255.0500000000,2255.0500000000,2512.1200000000,1728.7400000000,2750.0000000000,0.0000000000,10.7954872508,10.7954872508,-26.5779326204,19.8428766021
ETHUSDT_lower5_Q5_high_h72,ETH Q5 72H,phase3_lower5_Q5_best,ETHUSDT,lower,5pct,long,Q5_high,-2.5346979200,18,72,2021-05-23 04:00,2021-05-23 08:00,2021-05-26 04:00,-7.1603428129,Q5_high,4.9203849341,2157.6400000000,2158.0100000000,2890.6200000000,1728.7400000000,2898.0000000000,0.0171468956,29.2455980198,29.2284511242,-22.1793681292,29.4834343153
ETHUSDT_lower5_Q5_high_h72,ETH Q5 72H,phase3_lower5_Q5_best,ETHUSDT,lower,5pct,long,Q5_high,-2.5346979200,18,72,2021-05-23 12:00,2021-05-23 16:00,2021-05-26 12:00,-9.4469593272,Q5_high,4.6674860235,1924.7900000000,1924.9500000000,2744.7800000000,1728.7400000000,2910.0000000000,0.0083122497,35.4884055150,35.4800932654,-10.7507173923,41.3253087807
ETHUSDT_lower5_Q5_high_h72,ETH Q5 72H,phase3_lower5_Q5_best,ETHUSDT,lower,5pct,long,Q5_high,-2.5346979200,18,72,2021-05-25 08:00,2021-05-25 12:00,2021-05-28 08:00,-10.6075763502,Q5_high,5.3171269105,2392.7200000000,2393.1500000000,2435.6600000000,2382.2100000000,2910.0000000000,0.0179695646,1.7786972895,1.7607277249,-0.4581861530,19.5542591397
ETHUSDT_lower5_Q5_high_h72,ETH Q5 72H,phase3_lower5_Q5_best,ETHUSDT,lower,5pct,long,Q5_high,-2.5346979200,18,72,2021-05-25 16:00,2021-05-25 20:00,2021-05-28 16:00,-3.8403263585,Q5_high,5.4454349360,2512.1200000000,2512.1200000000,2499.5100000000,2419.4600000000,2910.0000000000,0.0000000000,-0.5032305502,-0.5032305502,-3.7582643392,14.7026063018
ETHUSDT_lower5_Q5_high_h72,ETH Q5 72H,phase3_lower5_Q5_best,ETHUSDT,lower,5pct,long,Q5_high,-2.5346979200,18,72,2021-05-26 12:00,2021-05-26 16:00,2021-05-29 12:00,-3.1589406014,Q5_high,5.3703428088,2744.7800000000,2744.7900000000,2328.9200000000,2285.7700000000,2889.7400000000,0.0003643273,-16.4296285224,-16.4299928497,-18.3001621415,5.1461963377
ETHUSDT_lower5_Q5_high_h72,ETH Q5 72H,phase3_lower5_Q5_best,ETHUSDT,lower,5pct,long,Q5_high,-2.5346979200,18,72,2021-05-27 00:00,2021-05-27 04:00,2021-05-30 00:00,-7.3963465525,Q5_high,5.1943051787,2679.2600000000,2679.2600000000,2296.1200000000,2180.5300000000,2867.9600000000,0.0000000000,-15.4319895092,-15.4319895092,-20.5972670473,6.8060338647
ETHUSDT_lower5_Q5_high_h72,ETH Q5 72H,phase3_lower5_Q5_best,ETHUSDT,lower,5pct,long,Q5_high,-2.5346979200,18,72,2021-05-28 04:00,2021-05-28 08:00,2021-05-31 04:00,-5.6787055140,Q5_high,4.8505006252,2566.1300000000,2566.6900000000,2450.4200000000,2180.5300000000,2617.7800000000,0.0218203639,-4.6139488984,-4.6357692623,-16.3049164541,1.9709499284
ETHUSDT_lower5_Q5_high_h72,ETH Q5 72H,phase3_lower5_Q5_best,ETHUSDT,lower,5pct,long,Q5_high,-2.5346979200,18,72,2021-05-28 08:00,2021-05-28 12:00,2021-05-31 08:00,-5.2181160384,Q5_high,4.9559898274,2435.6600000000,2435.6500000000,2551.4600000000,2180.5300000000,2617.7800000000,-0.0004105672,4.6447977310,4.6452082982,-11.0645694846,7.2112968979
ETHUSDT_lower5_Q5_high_h72,ETH Q5 72H,phase3_lower5_Q5_best,ETHUSDT,lower,5pct,long,Q5_high,-2.5346979200,18,72,2021-05-28 20:00,2021-05-29 00:00,2021-05-31 20:00,-3.5596975288,Q5_high,4.0410368400,2412.1000000000,2412.3400000000,2706.1500000000,2180.5300000000,2720.0000000000,0.0099493413,11.5029223209,11.4929729797,-10.1029264270,12.0034649520
ETHUSDT_lower5_Q5_high_h72,ETH Q5 72H,phase3_lower5_Q5_best,ETHUSDT,lower,5pct,long,Q5_high,-2.5346979200,18,72,2021-05-29 12:00,2021-05-29 16:00,2021-06-01 12:00,-5.0989459354,Q5_high,3.5919660981,2328.9200000000,2328.8400000000,2568.4900000000,2180.5300000000,2740.0000000000,-0.0034351276,9.7913536789,9.7947888065,-6.5802323012,16.2587630870
ETHUSDT_lower5_Q5_high_h72,ETH Q5 72H,phase3_lower5_Q5_best,ETHUSDT,lower,5pct,long,Q5_high,-2.5346979200,18,72,2021-05-29 16:00,2021-05-29 20:00,2021-06-01 16:00,-3.5790846248,Q5_high,3.6301715650,2247.0400000000,2247.0900000000,2542.6700000000,2180.5300000000,2740.0000000000,0.0022251248,12.3600915471,12.3578664223,-3.0068079287,19.8321874594
ETHUSDT_lower5_Q5_high_h72,ETH Q5 72H,phase3_lower5_Q5_best,ETHUSDT,lower,5pct,long,Q5_high,-2.5346979200,18,72,2021-05-30 12:00,2021-05-30 16:00,2021-06-02 12:00,-3.2653333332,Q5_high,3.4699983947,2382.4800000000,2382.0400000000,2791.2400000000,2271.4400000000,2798.9800000000,-0.0184698564,15.8343979574,15.8528678138,-4.7543271799,16.1297801695
ETHUSDT_lower5_Q5_high_h72,ETH Q5 72H,phase3_lower5_Q5_best,ETHUSDT,lower,5pct,long,Q5_high,-2.5346979200,18,72,2021-05-31 00:00,2021-05-31 04:00,2021-06-03 00:00,-3.6366091894,Q5_high,3.4958870224,2300.7700000000,2300.9800000000,2725.8000000000,2279.9400000000,2802.9900000000,0.0091269626,16.9518113495,16.9426843869,-0.9185992312,19.7351585428
ETHUSDT_lower5_Q5_high_h72,ETH Q5 72H,phase3_lower5_Q5_best,ETHUSDT,lower,5pct,long,Q5_high,-2.5346979200,18,72,2021-06-01 00:00,2021-06-01 04:00,2021-06-04 00:00,-2.8242779272,Q5_high,3.5610729295,2630.7900000000,2630.6600000000,2753.2700000000,2523.7400000000,2891.9500000000,-0.0049416036,4.5505114866,4.5554530902,-4.1492836998,9.4696249797
ETHUSDT_lower5_Q5_high_h72,ETH Q5 72H,phase3_lower5_Q5_best,ETHUSDT,lower,5pct,long,Q5_high,-2.5346979200,18,72,2021-06-04 00:00,2021-06-04 04:00,2021-06-07 00:00,-3.7070327617,Q5_high,2.2234733481,2753.2700000000,2753.2700000000,2767.3800000000,2552.0000000000,2816.8700000000,0.0000000000,0.5111728048,0.5111728048,-7.5911930696,2.2837043266
ETHUSDT_lower5_Q5_high_h72,ETH Q5 72H,phase3_lower5_Q5_best,ETHUSDT,lower,5pct,long,Q5_high,-2.5346979200,18,72,2021-06-04 04:00,2021-06-04 08:00,2021-06-07 04:00,-4.9733306017,Q5_high,2.4112846440,2619.6900000000,2619.6900000000,2764.4200000000,2552.0000000000,2816.8700000000,0.0000000000,5.3774857890,5.3774857890,-2.6178624679,7.2570349283
ETHUSDT_lower5_Q5_high_h72,ETH Q5 72H,phase3_lower5_Q5_best,ETHUSDT,lower,5pct,long,Q5_high,-2.5346979200,18,72,2021-06-05 08:00,2021-06-05 12:00,2021-06-08 08:00,-5.2091112339,Q5_high,2.5090105054,2639.9000000000,2639.9000000000,2533.0300000000,2427.2800000000,2847.5500000000,0.0000000000,-4.1324823040,-4.1324823040,-8.3969748795,7.5717937795
ETHUSDT_lower5_Q5_high_h72,ETH Q5 72H,phase3_lower5_Q5_best,ETHUSDT,lower,5pct,long,Q5_high,-2.5346979200,18,72,2021-06-07 20:00,2021-06-08 00:00,2021-06-10 20:00,-5.1962424842,Q5_high,2.1645078169,2592.0500000000,2592.0500000000,2471.0900000000,2304.9100000000,2626.6300000000,0.0000000000,-4.7789719583,-4.7789719583,-11.7407438294,1.3252587286
ETHUSDT_lower5_Q5_high_h72,ETH Q5 72H,phase3_lower5_Q5_best,ETHUSDT,lower,5pct,long,Q5_high,-2.5346979200,18,72,2021-06-08 00:00,2021-06-08 04:00,2021-06-11 00:00,-3.9780890084,Q5_high,2.3136432191,2490.9600000000,2490.9600000000,2465.1000000000,2304.9100000000,2626.6300000000,0.0000000000,-1.0435803720,-1.0435803720,-7.7626548210,5.3033477370
ETHUSDT_lower5_Q5_high_h72,ETH Q5 72H,phase3_lower5_Q5_best,ETHUSDT,lower,5pct,long,Q5_high,-2.5346979200,18,72,2021-06-08 12:00,2021-06-08 16:00,2021-06-11 12:00,-6.4267209666,Q5_high,2.5858795295,2375.3600000000,2375.3700000000,2416.0400000000,2357.5800000000,2626.6300000000,0.0004209879,1.6980831280,1.6976621401,-0.7517545624,10.0548440887
ETHUSDT_lower5_Q5_high_h72,ETH Q5 72H,phase3_lower5_Q5_best,ETHUSDT,lower,5pct,long,Q5_high,-2.5346979200,18,72,2021-06-19 20:00,2021-06-20 00:00,2021-06-22 20:00,-2.5770661309,Q5_high,2.0913225117,2164.6700000000,2165.3400000000,1879.2800000000,1700.4800000000,2280.0100000000,0.0309468110,-14.1379200131,-14.1688668241,-24.1666828855,5.1602435917
ETHUSDT_lower5_Q5_high_h72,ETH Q5 72H,phase3_lower5_Q5_best,ETHUSDT,lower,5pct,long,Q5_high,-2.5346979200,18,72,2021-06-20 08:00,2021-06-20 12:00,2021-06-23 08:00,-6.0646174066,Q5_high,2.3226502122,2074.2800000000,2074.2800000000,1991.5400000000,1700.4800000000,2280.0100000000,0.0000000000,-4.0705896716,-4.0705896716,-19.8703541367,9.4565723405
ETHUSDT_lower5_Q5_high_h72,ETH Q5 72H,phase3_lower5_Q5_best,ETHUSDT,lower,5pct,long,Q5_high,-2.5346979200,18,72,2021-06-21 00:00,2021-06-21 04:00,2021-06-24 00:00,-3.9272955020,Q5_high,2.7795076980,2157.0700000000,2156.6300000000,1905.0100000000,1700.4800000000,2162.4700000000,-0.0204001206,-12.4263561452,-12.4059560246,-23.7636254005,0.2704268741
ETHUSDT_lower5_Q5_high_h72,ETH Q5 72H,phase3_lower5_Q5_best,ETHUSDT,lower,5pct,long,Q5_high,-2.5346979200,18,72,2021-06-21 04:00,2021-06-21 08:00,2021-06-24 04:00,-6.9407872264,Q5_high,3.1009995879,2012.4300000000,2012.5300000000,1919.4900000000,1700.4800000000,2055.0000000000,0.0049689935,-4.7283421342,-4.7333111277,-16.8482072883,2.0883210916
ETHUSDT_lower5_Q5_high_h72,ETH Q5 72H,phase3_lower5_Q5_best,ETHUSDT,lower,5pct,long,Q5_high,-2.5346979200,18,72,2021-06-21 20:00,2021-06-22 00:00,2021-06-24 20:00,-3.0313027901,Q5_high,3.0608160978,1885.4900000000,1885.2700000000,1989.5200000000,1700.4800000000,2045.0000000000,-0.0116687352,5.3705669542,5.3822356894,-10.3160482568,8.1326742778
ETHUSDT_lower5_Q5_high_h72,ETH Q5 72H,phase3_lower5_Q5_best,ETHUSDT,lower,5pct,long,Q5_high,-2.5346979200,18,72,2021-06-22 08:00,2021-06-22 12:00,2021-06-25 08:00,-4.0812138772,Q5_high,3.1996563829,1866.9400000000,1866.9400000000,1852.9900000000,1700.4800000000,2045.0000000000,0.0000000000,-0.7500176290,-0.7500176290,-9.3390162776,9.1097062570
ETHUSDT_lower5_Q5_high_h72,ETH Q5 72H,phase3_lower5_Q5_best,ETHUSDT,lower,5pct,long,Q5_high,-2.5346979200,18,72,2021-06-23 16:00,2021-06-23 20:00,2021-06-26 16:00,-2.9890254311,Q5_high,3.3423192484,1916.5200000000,1916.5200000000,1784.8100000000,1717.3200000000,2036.6100000000,0.0000000000,-7.1199074485,-7.1199074485,-10.9746105345,6.0775619414
ETHUSDT_lower5_Q5_high_h72,ETH Q5 72H,phase3_lower5_Q5_best,ETHUSDT,lower,5pct,long,Q5_high,-2.5346979200,18,72,2021-06-24 00:00,2021-06-24 04:00,2021-06-27 00:00,-3.2601676403,Q5_high,3.1750520332,1905.0100000000,1905.0100000000,1882.4800000000,1717.3200000000,2036.6100000000,0.0000000000,-1.1897201443,-1.1897201443,-10.3722321780,6.6799402979
ETHUSDT_lower5_Q5_high_h72,ETH Q5 72H,phase3_lower5_Q5_best,ETHUSDT,lower,5pct,long,Q5_high,-2.5346979200,18,72,2021-06-25 04:00,2021-06-25 08:00,2021-06-28 04:00,-2.6091019056,Q5_high,2.6833988522,1944.0600000000,1944.0200000000,2048.9900000000,1717.3200000000,2055.0000000000,-0.0020575708,5.2568419056,5.2588994764,-12.3993057923,5.5517853897
ETHUSDT_lower5_Q5_high_h72,ETH Q5 72H,phase3_lower5_Q5_best,ETHUSDT,lower,5pct,long,Q5_high,-2.5346979200,18,72,2021-06-25 08:00,2021-06-25 12:00,2021-06-28 08:00,-4.7978019125,Q5_high,2.6769783054,1852.9900000000,1852.9900000000,1999.8400000000,1717.3200000000,2083.3200000000,0.0000000000,7.6266626725,7.6266626725,-7.6035614506,11.7162224425
ETHUSDT_lower5_Q5_high_h72,ETH Q5 72H,phase3_lower5_Q5_best,ETHUSDT,lower,5pct,long,Q5_high,-2.5346979200,18,72,2021-06-26 04:00,2021-06-26 08:00,2021-06-29 04:00,-3.7715805443,Q5_high,2.6747331735,1752.0000000000,1751.9600000000,2130.8600000000,1717.3200000000,2171.3500000000,-0.0022831311,19.5767661588,19.5790492899,-1.9970225075,21.4613932728
ETHUSDT_lower5_Q5_high_h72,ETH Q5 72H,phase3_lower5_Q5_best,ETHUSDT,lower,5pct,long,Q5_high,-2.5346979200,18,72,2021-06-29 20:00,2021-06-30 00:00,2021-07-02 20:00,-2.5636877026,Q5_high,2.7553779451,2165.3300000000,2165.4600000000,2154.1300000000,2018.5000000000,2287.7800000000,0.0060035236,-0.5185845036,-0.5245880272,-7.0278148706,5.4949105031
ETHUSDT_lower5_Q5_high_h72,ETH Q5 72H,phase3_lower5_Q5_best,ETHUSDT,lower,5pct,long,Q5_high,-2.5346979200,18,72,2021-07-01 00:00,2021-07-01 04:00,2021-07-04 00:00,-4.0759194751,Q5_high,3.2506795823,2184.7900000000,2184.7900000000,2209.7300000000,2018.5000000000,2240.0000000000,0.0000000000,1.1350622031,1.1350622031,-7.9165052778,2.4956151778
ETHUSDT_lower5_Q5_high_h72,ETH Q5 72H,phase3_lower5_Q5_best,ETHUSDT,lower,5pct,long,Q5_high,-2.5346979200,18,72,2021-07-01 04:00,2021-07-01 08:00,2021-07-04 04:00,-2.5862631148,Q5_high,2.8203507179,2129.0100000000,2129.0100000000,2334.9600000000,2018.5000000000,2347.7500000000,0.0000000000,9.2337677412,9.2337677412,-5.3302421630,9.7800339761
ETHUSDT_lower5_Q5_high_h72,ETH Q5 72H,phase3_lower5_Q5_best,ETHUSDT,lower,5pct,long,Q5_high,-2.5346979200,18,72,2021-07-02 00:00,2021-07-02 04:00,2021-07-05 00:00,-3.1447206417,Q5_high,2.4001181252,2041.2000000000,2041.1900000000,2264.2000000000,2018.5000000000,2389.9300000000,-0.0004899091,10.3683625454,10.3688524545,-1.1178309806,15.7731105695
ETHUSDT_lower5_Q5_high_h72,ETH Q5 72H,phase3_lower5_Q5_best,ETHUSDT,lower,5pct,long,Q5_high,-2.5346979200,18,72,2021-07-05 00:00,2021-07-05 04:00,2021-07-08 00:00,-2.5504501094,Q5_high,2.1096619811,2264.2000000000,2264.4500000000,2253.3600000000,2157.3200000000,2409.0000000000,0.0110408179,-0.4799060026,-0.4909468205,-4.8465193242,6.1879819792
ETHUSDT_lower5_Q5_high_h72,ETH Q5 72H,phase3_lower5_Q5_best,ETHUSDT,lower,5pct,long,Q5_high,-2.5346979200,18,72,2021-07-05 08:00,2021-07-05 12:00,2021-07-08 08:00,-3.5298203445,Q5_high,2.1449465022,2194.9100000000,2194.9100000000,2168.5900000000,2124.2100000000,2409.0000000000,0.0000000000,-1.2063856633,-1.2063856633,-3.2741074860,9.3070680224
ETHUSDT_lower5_Q5_high_h72,ETH Q5 72H,phase3_lower5_Q5_best,ETHUSDT,lower,5pct,long,Q5_high,-2.5346979200,18,72,2021-07-08 00:00,2021-07-08 04:00,2021-07-11 00:00,-2.7665207783,Q5_high,1.9835361684,2253.3600000000,2253.3600000000,2091.1000000000,2046.5100000000,2253.3700000000,0.0000000000,-7.4732192326,-7.4732192326,-9.6286532306,0.0004437807
ETHUSDT_lower5_Q5_high_h72,ETH Q5 72H,phase3_lower5_Q5_best,ETHUSDT,lower,5pct,long,Q5_high,-2.5346979200,18,72,2021-07-08 04:00,2021-07-08 08:00,2021-07-11 04:00,-3.2143885286,Q5_high,2.0773850906,2182.0800000000,2182.0800000000,2099.8400000000,2046.5100000000,2195.0000000000,0.0000000000,-3.8417399000,-3.8417399000,-6.4142647020,0.5903496177
ETHUSDT_lower5_Q5_high_h72,ETH Q5 72H,phase3_lower5_Q5_best,ETHUSDT,lower,5pct,long,Q5_high,-2.5346979200,18,72,2021-07-18 12:00,2021-07-18 16:00,2021-07-21 12:00,-3.8760702673,Q5_high,2.0827795883,1890.8600000000,1891.0000000000,1954.5000000000,1706.0000000000,1958.9100000000,0.0074037643,3.3102654217,3.3028616575,-10.2954340607,3.5282406424
ETHUSDT_lower5_Q5_high_h72,ETH Q5 72H,phase3_lower5_Q5_best,ETHUSDT,lower,5pct,long,Q5_high,-2.5346979200,18,72,2021-07-20 00:00,2021-07-20 04:00,2021-07-23 00:00,-5.0832408022,Q5_high,1.9389190816,1728.5900000000,1728.6000000000,2059.9100000000,1718.6400000000,2077.9800000000,0.0005785045,17.5356245235,17.5350460190,-0.5778551952,18.4084435655
ETHUSDT_lower5_Q5_high_h72,ETH Q5 72H,phase3_lower5_Q5_best,ETHUSDT,lower,5pct,long,Q5_high,-2.5346979200,18,72,2021-07-26 20:00,2021-07-27 00:00,2021-07-29 20:00,-5.8656339896,Q5_high,2.3426602652,2228.0800000000,2227.8100000000,2382.9200000000,2150.5000000000,2400.0000000000,-0.0121187911,6.7186398361,6.7307586272,-3.5318666911,7.4449697202
ETHUSDT_lower5_Q5_high_h72,ETH Q5 72H,phase3_lower5_Q5_best,ETHUSDT,lower,5pct,long,Q5_high,-2.5346979200,18,72,2021-08-01 20:00,2021-08-02 00:00,2021-08-04 20:00,-3.8333309335,Q5_high,1.9942351034,2555.6900000000,2555.5000000000,2724.7800000000,2442.3200000000,2772.7100000000,-0.0074346679,6.4065445006,6.4139791685,-4.5299491992,8.1577282061
ETHUSDT_lower5_Q5_high_h72,ETH Q5 72H,phase3_lower5_Q5_best,ETHUSDT,lower,5pct,long,Q5_high,-2.5346979200,18,72,2021-08-03 00:00,2021-08-03 04:00,2021-08-06 00:00,-2.8496545617,Q5_high,1.9589699433,2533.6900000000,2533.6800000000,2760.8700000000,2442.3200000000,2844.4400000000,-0.0003946821,8.5869109262,8.5873056082,-3.6724384133,11.5693420281
ETHUSDT_lower5_Q5_high_h72,ETH Q5 72H,phase3_lower5_Q5_best,ETHUSDT,lower,5pct,long,Q5_high,-2.5346979200,18,72,2021-08-18 16:00,2021-08-18 20:00,2021-08-21 16:00,-2.6188235866,Q5_high,2.0041943447,3030.8100000000,3030.8000000000,3217.4100000000,2958.3300000000,3309.1600000000,-0.0003299453,5.9746777540,5.9750076994,-2.4201691143,8.7867769672
ETHUSDT_lower5_Q5_high_h72,ETH Q5 72H,phase3_lower5_Q5_best,ETHUSDT,lower,5pct,long,Q5_high,-2.5346979200,18,72,2021-09-07 12:00,2021-09-07 16:00,2021-09-10 12:00,-8.2380615744,Q5_high,2.1159057204,3452.7000000000,3453.8900000000,3298.9900000000,3208.6000000000,3576.0000000000,0.0344598423,-4.5540172640,-4.5884771063,-7.3666427149,3.4743725228
ETHUSDT_lower5_Q5_high_h72,ETH Q5 72H,phase3_lower5_Q5_best,ETHUSDT,lower,5pct,long,Q5_high,-2.5346979200,18,72,2021-09-08 04:00,2021-09-08 08:00,2021-09-11 04:00,-5.1472517297,Q5_high,2.3152593863,3258.2200000000,3258.6500000000,3248.0300000000,3150.0000000000,3567.0600000000,0.0131965192,-0.3132375280,-0.3264340472,-3.3910546344,9.0428727911
ETHUSDT_lower5_Q5_high_h72,ETH Q5 72H,phase3_lower5_Q5_best,ETHUSDT,lower,5pct,long,Q5_high,-2.5346979200,18,72,2021-09-10 12:00,2021-09-10 16:00,2021-09-13 12:00,-3.0576630470,Q5_high,2.7733006404,3298.9900000000,3299.0000000000,3202.6200000000,3108.4900000000,3474.1600000000,0.0003031226,-2.9647136208,-2.9650167434,-5.9482314510,5.1733330931
ETHUSDT_lower5_Q5_high_h72,ETH Q5 72H,phase3_lower5_Q5_best,ETHUSDT,lower,5pct,long,Q5_high,-2.5346979200,18,72,2021-09-10 20:00,2021-09-11 00:00,2021-09-13 20:00,-3.1413047729,Q5_high,2.1331437363,3208.8600000000,3208.8500000000,3285.3500000000,3108.4900000000,3474.1600000000,-0.0003116376,2.3557457284,2.3560573661,-3.1775539765,7.9440105676
ETHUSDT_lower5_Q5_high_h72,ETH Q5 72H,phase3_lower5_Q5_best,ETHUSDT,lower,5pct,long,Q5_high,-2.5346979200,18,72,2021-09-21 16:00,2021-09-21 20:00,2021-09-24 16:00,-5.0128020522,Q5_high,1.9495931889,2886.8400000000,2886.7500000000,2901.7800000000,2652.0000000000,3174.5000000000,-0.0031176443,0.5161863509,0.5193039952,-8.4817229526,9.5018837779
ETHUSDT_lower5_Q5_high_h72,ETH Q5 72H,phase3_lower5_Q5_best,ETHUSDT,lower,5pct,long,Q5_high,-2.5346979200,18,72,2021-09-21 20:00,2021-09-22 00:00,2021-09-24 20:00,-4.2796398994,Q5_high,2.0834567666,2765.9000000000,2766.7200000000,2928.5300000000,2733.0000000000,3174.5000000000,0.0296423758,5.7134511348,5.6838087590,-1.2262596111,13.7487636571
ETHUSDT_lower5_Q5_high_h72,ETH Q5 72H,phase3_lower5_Q5_best,ETHUSDT,lower,5pct,long,Q5_high,-2.5346979200,18,72,2021-09-23 08:00,2021-09-23 12:00,2021-09-26 08:00,-2.7622567051,Q5_high,2.5543255421,3060.2400000000,3060.3100000000,2974.2800000000,2733.0000000000,3174.5000000000,0.0022873761,-2.8491351361,-2.8514225123,-11.3116311077,3.6633921606
ETHUSDT_lower5_Q5_high_h72,ETH Q5 72H,phase3_lower5_Q5_best,ETHUSDT,lower,5pct,long,Q5_high,-2.5346979200,18,72,2021-09-24 08:00,2021-09-24 12:00,2021-09-27 08:00,-8.7927417391,Q5_high,3.1384465224,2827.9100000000,2827.9700000000,3092.7900000000,2738.1700000000,3164.9400000000,0.0021216858,8.9535673234,8.9514456376,-3.2269325719,11.2574958296
ETHUSDT_lower5_Q5_high_h72,ETH Q5 72H,phase3_lower5_Q5_best,ETHUSDT,lower,5pct,long,Q5_high,-2.5346979200,18,72,2021-09-26 04:00,2021-09-26 08:00,2021-09-29 04:00,-3.3251929959,Q5_high,2.4493939700,2772.7700000000,2773.0600000000,2928.3300000000,2738.4500000000,3164.9400000000,0.0104583083,5.4585474134,5.4480891051,-1.2559336711,13.2182694455
ETHUSDT_lower5_Q5_high_h72,ETH Q5 72H,phase3_lower5_Q5_best,ETHUSDT,lower,5pct,long,Q5_high,-2.5346979200,18,72,2021-09-28 12:00,2021-09-28 16:00,2021-10-01 12:00,-2.8557527001,Q5_high,2.3341612709,2844.4000000000,2844.4000000000,3235.7000000000,2782.0000000000,3278.4000000000,0.0000000000,12.8893138826,12.8893138826,-2.2182055526,14.2003349475
ETHUSDT_lower5_Q5_high_h72,ETH Q5 72H,phase3_lower5_Q5_best,ETHUSDT,lower,5pct,long,Q5_high,-2.5346979200,18,72,2021-10-22 12:00,2021-10-22 16:00,2021-10-25 12:00,-3.9249608439,Q5_high,1.9250480533,3966.5200000000,3966.5300000000,4210.1100000000,3888.0000000000,4213.0000000000,0.0002521098,5.9599639643,5.9597118545,-1.9996770476,6.0283325923
ETHUSDT_lower5_Q5_high_h72,ETH Q5 72H,phase3_lower5_Q5_best,ETHUSDT,lower,5pct,long,Q5_high,-2.5346979200,18,72,2021-11-26 08:00,2021-11-26 12:00,2021-11-29 08:00,-8.6021242998,Q5_high,2.4974864353,3985.4400000000,3984.9200000000,4296.6400000000,3913.0000000000,4375.0000000000,-0.0130483441,7.5185601703,7.5316085144,-1.8212893530,9.3389283051
ETHUSDT_lower5_Q5_high_h72,ETH Q5 72H,phase3_lower5_Q5_best,ETHUSDT,lower,5pct,long,Q5_high,-2.5346979200,18,72,2021-12-03 16:00,2021-12-03 20:00,2021-12-06 16:00,-5.5053823109,Q5_high,1.9033033648,4228.8100000000,4228.8200000000,4194.2900000000,3503.6800000000,4288.1100000000,0.0002364729,-0.8196553113,-0.8198917842,-18.8109149628,1.3923082094
ETHUSDT_lower5_Q5_high_h72,ETH Q5 72H,phase3_lower5_Q5_best,ETHUSDT,lower,5pct,long,Q5_high,-2.5346979200,18,72,2021-12-04 00:00,2021-12-04 04:00,2021-12-07 00:00,-3.8102955259,Q5_high,1.9968369361,4058.1200000000,4058.1200000000,4341.5700000000,3503.6800000000,4386.9100000000,0.0000000000,6.7516221664,6.7516221664,-14.6905967481,7.7905294631
ETHUSDT_lower5_Q5_high_h72,ETH Q5 72H,phase3_lower5_Q5_best,ETHUSDT,lower,5pct,long,Q5_high,-2.5346979200,18,72,2021-12-04 04:00,2021-12-04 08:00,2021-12-07 04:00,-4.1408747769,Q5_high,2.1404048677,3893.5100000000,3893.5100000000,4352.9000000000,3823.9800000000,4386.9100000000,0.0000000000,11.1531225229,11.1531225229,-1.8019299365,11.9314042400
ETHUSDT_lower5_Q5_high_h72,ETH Q5 72H,phase3_lower5_Q5_best,ETHUSDT,lower,5pct,long,Q5_high,-2.5346979200,18,72,2021-12-05 12:00,2021-12-05 16:00,2021-12-08 12:00,-3.0020961757,Q5_high,2.3575672574,4070.0700000000,4070.0700000000,4403.2200000000,3921.0000000000,4450.4900000000,0.0000000000,7.8675893134,7.8675893134,-3.7313475014,8.9354004152
ETHUSDT_lower5_Q5_high_h72,ETH Q5 72H,phase3_lower5_Q5_best,ETHUSDT,lower,5pct,long,Q5_high,-2.5346979200,18,72,2021-12-10 20:00,2021-12-11 00:00,2021-12-13 20:00,-2.9977606441,Q5_high,1.9052123826,3897.9400000000,3898.3100000000,3781.9300000000,3671.4500000000,4173.6300000000,0.0094917428,-3.0213747118,-3.0308664547,-5.9956446482,6.8243034853
ETHUSDT_lower5_Q5_high_h72,ETH Q5 72H,phase3_lower5_Q5_best,ETHUSDT,lower,5pct,long,Q5_high,-2.5346979200,18,72,2021-12-13 00:00,2021-12-13 04:00,2021-12-16 00:00,-3.2903469313,Q5_high,1.9736333230,3996.3200000000,3996.3200000000,4018.0800000000,3643.7300000000,4092.2200000000,0.0000000000,0.5430238938,0.5430238938,-9.2366055409,2.3713672425
ETHUSDT_lower5_Q5_high_h72,ETH Q5 72H,phase3_lower5_Q5_best,ETHUSDT,lower,5pct,long,Q5_high,-2.5346979200,18,72,2021-12-13 12:00,2021-12-13 16:00,2021-12-16 12:00,-5.1213915537,Q5_high,2.1937628725,3810.9900000000,3810.9900000000,4082.0000000000,3643.7300000000,4113.4300000000,0.0000000000,6.8698066483,6.8698066483,-4.4881115654,7.6368232438
ETHUSDT_lower5_Q5_high_h72,ETH Q5 72H,phase3_lower5_Q5_best,ETHUSDT,lower,5pct,long,Q5_high,-2.5346979200,18,72,2021-12-15 12:00,2021-12-15 16:00,2021-12-18 12:00,-5.1070280928,Q5_high,2.0324934501,3659.3800000000,3659.3800000000,3945.4100000000,3643.7300000000,4113.4300000000,0.0000000000,7.5259143765,7.5259143765,-0.4285851906,11.6963496187
ETHUSDT_lower5_Q5_high_h72,ETH Q5 72H,phase3_lower5_Q5_best,ETHUSDT,lower,5pct,long,Q5_high,-2.5346979200,18,72,2022-01-07 00:00,2022-01-07 04:00,2022-01-10 00:00,-5.0592004308,Q5_high,1.9817748703,3238.7400000000,3238.7400000000,3155.0400000000,3000.0000000000,3289.0000000000,0.0000000000,-2.6183191077,-2.6183191077,-7.6572076610,1.5399201928
ETHUSDT_lower5_Q5_high_h72,ETH Q5 72H,phase3_lower5_Q5_best,ETHUSDT,lower,5pct,long,Q5_high,-2.5346979200,18,72,2022-01-07 12:00,2022-01-07 16:00,2022-01-10 12:00,-2.9570985793,Q5_high,2.0186633781,3131.6900000000,3131.6900000000,3006.2600000000,2928.8300000000,3250.0000000000,0.0000000000,-4.0876013672,-4.0876013672,-6.6969769067,3.7082201400
ETHUSDT_lower5_Q5_high_h72,ETH Q5 72H,phase3_lower5_Q5_best,ETHUSDT,lower,5pct,long,Q5_high,-2.5346979200,18,72,2022-01-08 16:00,2022-01-08 20:00,2022-01-11 16:00,-4.2649856598,Q5_high,2.1665624929,3028.7500000000,3028.7500000000,3237.1800000000,2928.8300000000,3263.5400000000,0.0000000000,6.6552587293,6.6552587293,-3.3546967274,7.4662502649
ETHUSDT_lower5_Q5_high_h72,ETH Q5 72H,phase3_lower5_Q5_best,ETHUSDT,lower,5pct,long,Q5_high,-2.5346979200,18,72,2022-01-20 20:00,2022-01-21 00:00,2022-01-23 20:00,-6.8808945302,Q5_high,2.0056509994,3001.4800000000,3001.4800000000,2539.0100000000,2300.0000000000,3034.1200000000,0.0000000000,-16.7331259079,-16.7331259079,-26.6196377417,1.0815931538
ETHUSDT_lower5_Q5_high_h72,ETH Q5 72H,phase3_lower5_Q5_best,ETHUSDT,lower,5pct,long,Q5_high,-2.5346979200,18,72,2022-01-21 00:00,2022-01-21 04:00,2022-01-24 00:00,-5.6280800828,Q5_high,2.3247256519,2837.2200000000,2837.2100000000,2459.6900000000,2300.0000000000,2900.0000000000,-0.0003524583,-14.2789373781,-14.2785849198,-20.9912052006,2.1889562051
ETHUSDT_lower5_Q5_high_h72,ETH Q5 72H,phase3_lower5_Q5_best,ETHUSDT,lower,5pct,long,Q5_high,-2.5346979200,18,72,2022-01-21 16:00,2022-01-21 20:00,2022-01-24 16:00,-3.1936277368,Q5_high,2.4440545011,2741.9200000000,2741.9100000000,2378.9200000000,2159.0000000000,2764.8200000000,-0.0003647086,-14.2011801750,-14.2008154664,-23.9009606312,0.8320775553
ETHUSDT_lower5_Q5_high_h72,ETH Q5 72H,phase3_lower5_Q5_best,ETHUSDT,lower,5pct,long,Q5_high,-2.5346979200,18,72,2022-01-21 20:00,2022-01-22 00:00,2022-01-24 20:00,-6.5472609594,Q5_high,2.7643155137,2568.1500000000,2567.4700000000,2439.2900000000,2159.0000000000,2626.0000000000,-0.0264817103,-5.1478781982,-5.1213964880,-17.3275826702,2.2540797646
ETHUSDT_lower5_Q5_high_h72,ETH Q5 72H,phase3_lower5_Q5_best,ETHUSDT,lower,5pct,long,Q5_high,-2.5346979200,18,72,2022-01-22 04:00,2022-01-22 08:00,2022-01-25 04:00,-4.1012553044,Q5_high,2.7969630564,2464.1000000000,2464.0300000000,2383.3500000000,2159.0000000000,2556.7800000000,-0.0028408342,-3.3319568243,-3.3291159901,-13.2153069389,3.6950433360
ETHUSDT_lower5_Q5_high_h72,ETH Q5 72H,phase3_lower5_Q5_best,ETHUSDT,lower,5pct,long,Q5_high,-2.5346979200,18,72,2022-01-23 12:00,2022-01-23 16:00,2022-01-26 12:00,-2.6679065481,Q5_high,2.9902262988,2432.4900000000,2432.4900000000,2605.4400000000,2159.0000000000,2668.5800000000,0.0000000000,6.8686142820,6.8686142820,-11.9270272540,9.2631071659
ETHUSDT_lower5_Q5_high_h72,ETH Q5 72H,phase3_lower5_Q5_best,ETHUSDT,lower,5pct,long,Q5_high,-2.5346979200,18,72,2022-01-24 00:00,2022-01-24 04:00,2022-01-27 00:00,-3.1738915530,Q5_high,3.2962419184,2459.6900000000,2459.6900000000,2364.8700000000,2159.0000000000,2722.0000000000,0.0000000000,-3.9312273598,-3.9312273598,-13.0390174211,10.1331578486
ETHUSDT_lower5_Q5_high_h72,ETH Q5 72H,phase3_lower5_Q5_best,ETHUSDT,lower,5pct,long,Q5_high,-2.5346979200,18,72,2022-01-24 04:00,2022-01-24 08:00,2022-01-27 04:00,-3.0144616704,Q5_high,3.0589745074,2386.6500000000,2386.6500000000,2403.7800000000,2159.0000000000,2722.0000000000,0.0000000000,0.7151789302,0.7151789302,-10.0245557507,13.1476195189
ETHUSDT_lower5_Q5_high_h72,ETH Q5 72H,phase3_lower5_Q5_best,ETHUSDT,lower,5pct,long,Q5_high,-2.5346979200,18,72,2022-01-24 08:00,2022-01-24 12:00,2022-01-27 08:00,-6.4147254178,Q5_high,3.1240033734,2238.3600000000,2238.3600000000,2456.6600000000,2159.0000000000,2722.0000000000,0.0000000000,9.3059248963,9.3059248963,-3.6098303330,19.5623449367
ETHUSDT_lower5_Q5_high_h72,ETH Q5 72H,phase3_lower5_Q5_best,ETHUSDT,lower,5pct,long,Q5_high,-2.5346979200,18,72,2022-01-26 20:00,2022-01-27 00:00,2022-01-29 20:00,-4.4019002886,Q5_high,3.0850503727,2462.9900000000,2463.0000000000,2601.4300000000,2316.4300000000,2636.6600000000,0.0004060098,5.4685234792,5.4681174694,-6.1352911722,6.8132845525
ETHUSDT_lower5_Q5_high_h72,ETH Q5 72H,phase3_lower5_Q5_best,ETHUSDT,lower,5pct,long,Q5_high,-2.5346979200,18,72,2022-01-27 00:00,2022-01-27 04:00,2022-01-30 00:00,-4.0653006895,Q5_high,3.1900522161,2364.8700000000,2364.8700000000,2570.4800000000,2316.4300000000,2636.6600000000,0.0000000000,8.3369599750,8.3369599750,-2.0695844729,10.8789912518
ETHUSDT_lower5_Q5_high_h72,ETH Q5 72H,phase3_lower5_Q5_best,ETHUSDT,lower,5pct,long,Q5_high,-2.5346979200,18,72,2022-01-27 16:00,2022-01-27 20:00,2022-01-30 16:00,-3.4852565629,Q5_high,2.4229193142,2394.9000000000,2394.9000000000,2560.2500000000,2316.4300000000,2640.0000000000,0.0000000000,6.6763433636,6.6763433636,-3.3314268921,9.7437440820
ETHUSDT_lower5_Q5_high_h72,ETH Q5 72H,phase3_lower5_Q5_best,ETHUSDT,lower,5pct,long,Q5_high,-2.5346979200,18,72,2022-02-17 16:00,2022-02-17 20:00,2022-02-20 16:00,-2.6749080261,Q5_high,1.9038400570,2910.3600000000,2910.3700000000,2649.6700000000,2600.0000000000,2943.9700000000,0.0003435995,-9.3841680930,-9.3845116925,-11.2768775840,1.1478789730
ETHUSDT_lower5_Q5_high_h72,ETH Q5 72H,phase3_lower5_Q5_best,ETHUSDT,lower,5pct,long,Q5_high,-2.5346979200,18,72,2022-02-21 16:00,2022-02-21 20:00,2022-02-24 16:00,-2.6280492271,Q5_high,2.0509269915,2652.7600000000,2652.7600000000,2596.3100000000,2300.0000000000,2753.5500000000,0.0000000000,-2.1509401241,-2.1509401241,-14.2691484502,3.7290380825
ETHUSDT_lower5_Q5_high_h72,ETH Q5 72H,phase3_lower5_Q5_best,ETHUSDT,lower,5pct,long,Q5_high,-2.5346979200,18,72,2022-02-21 20:00,2022-02-22 00:00,2022-02-24 20:00,-3.2465433478,Q5_high,2.0832880237,2568.0200000000,2568.0300000000,2596.2000000000,2300.0000000000,2753.5500000000,0.0003894043,1.0913663517,1.0909769474,-11.0229945067,6.9751920260
ETHUSDT_lower5_Q5_high_h72,ETH Q5 72H,phase3_lower5_Q5_best,ETHUSDT,lower,5pct,long,Q5_high,-2.5346979200,18,72,2022-02-24 00:00,2022-02-24 04:00,2022-02-27 00:00,-7.3288001547,Q5_high,2.7635887197,2397.4100000000,2397.4100000000,2715.9700000000,2300.0000000000,2878.0000000000,0.0000000000,12.4760176012,12.4760176012,-4.1479865033,18.2706620498
ETHUSDT_lower5_Q5_high_h72,ETH Q5 72H,phase3_lower5_Q5_best,ETHUSDT,lower,5pct,long,Q5_high,-2.5346979200,18,72,2022-02-27 16:00,2022-02-27 20:00,2022-03-02 16:00,-7.4074834737,Q5_high,2.7429699244,2608.2300000000,2608.2300000000,2933.3200000000,2557.9800000000,3043.9100000000,0.0000000000,11.7463056991,11.7463056991,-1.9453945842,15.4471042842
ETHUSDT_lower5_Q5_high_h72,ETH Q5 72H,phase3_lower5_Q5_best,ETHUSDT,lower,5pct,long,Q5_high,-2.5346979200,18,72,2022-03-03 12:00,2022-03-03 16:00,2022-03-06 12:00,-2.9418036234,Q5_high,2.0509145574,2828.0000000000,2827.9900000000,2626.8400000000,2573.0000000000,2849.5500000000,-0.0003536074,-7.3788145162,-7.3784609088,-9.4493678661,0.7594875117
ETHUSDT_lower5_Q5_high_h72,ETH Q5 72H,phase3_lower5_Q5_best,ETHUSDT,lower,5pct,long,Q5_high,-2.5346979200,18,72,2022-03-10 00:00,2022-03-10 04:00,2022-03-13 00:00,-2.5477855062,Q5_high,2.2980688996,2658.3800000000,2658.3900000000,2591.9200000000,2522.5700000000,2676.7800000000,0.0003761682,-2.5318000891,-2.5321762574,-5.2442453282,0.6893903225
ETHUSDT_lower5_Q5_high_h72,ETH Q5 72H,phase3_lower5_Q5_best,ETHUSDT,lower,5pct,long,Q5_high,-2.5346979200,18,72,2022-05-05 12:00,2022-05-05 16:00,2022-05-08 12:00,-6.4525988474,Q5_high,1.9169525455,2742.8500000000,2742.8500000000,2517.0000000000,2512.8500000000,2771.9600000000,0.0000000000,-8.5929809655,-8.5929809655,-8.7579958642,1.0557125401
ETHUSDT_lower5_Q5_high_h72,ETH Q5 72H,phase3_lower5_Q5_best,ETHUSDT,lower,5pct,long,Q5_high,-2.5346979200,18,72,2022-05-11 12:00,2022-05-11 16:00,2022-05-14 12:00,-6.2350797759,Q5_high,2.5496952079,2264.5300000000,2264.5300000000,1963.6800000000,1800.0000000000,2283.1400000000,0.0000000000,-14.2546968017,-14.2546968017,-22.9580566982,0.8184456604
ETHUSDT_lower5_Q5_high_h72,ETH Q5 72H,phase3_lower5_Q5_best,ETHUSDT,lower,5pct,long,Q5_high,-2.5346979200,18,72,2022-05-11 16:00,2022-05-11 20:00,2022-05-14 16:00,-6.7168865455,Q5_high,2.8761640191,2117.4200000000,2117.5200000000,1996.0600000000,1800.0000000000,2195.0000000000,0.0047226171,-5.9023128871,-5.9070355042,-16.2458927698,3.5936453927
ETHUSDT_lower5_Q5_high_h72,ETH Q5 72H,phase3_lower5_Q5_best,ETHUSDT,lower,5pct,long,Q5_high,-2.5346979200,18,72,2022-05-12 00:00,2022-05-12 04:00,2022-05-15 00:00,-5.5938951524,Q5_high,2.9733253225,1971.5600000000,1971.5600000000,2014.2000000000,1800.0000000000,2147.5400000000,0.0000000000,2.1396986680,2.1396986680,-9.1038442650,8.5497893460
ETHUSDT_lower5_Q5_high_h72,ETH Q5 72H,phase3_lower5_Q5_best,ETHUSDT,lower,5pct,long,Q5_high,-2.5346979200,18,72,2022-05-12 04:00,2022-05-12 08:00,2022-05-15 04:00,-2.8428864060,Q5_high,2.9923361834,1916.3000000000,1916.3000000000,2037.5500000000,1870.0000000000,2147.5400000000,0.0000000000,6.1351862217,6.1351862217,-2.4457812626,11.3926757520
ETHUSDT_lower5_Q5_high_h72,ETH Q5 72H,phase3_lower5_Q5_best,ETHUSDT,lower,5pct,long,Q5_high,-2.5346979200,18,72,2022-05-13 20:00,2022-05-14 00:00,2022-05-16 20:00,-2.7048045006,Q5_high,3.3322256352,2009.6900000000,2009.6900000000,2023.6600000000,1951.2100000000,2167.0000000000,0.0000000000,0.6927271804,0.6927271804,-2.9530788363,7.5363241233
ETHUSDT_lower5_Q5_high_h72,ETH Q5 72H,phase3_lower5_Q5_best,ETHUSDT,lower,5pct,long,Q5_high,-2.5346979200,18,72,2022-05-16 00:00,2022-05-16 04:00,2022-05-19 00:00,-3.2740258103,Q5_high,2.5442274784,2076.1900000000,2076.1900000000,1953.7000000000,1903.1800000000,2122.4200000000,0.0000000000,-6.0809472658,-6.0809472658,-8.7008311939,2.2022463818
ETHUSDT_lower5_Q5_high_h72,ETH Q5 72H,phase3_lower5_Q5_best,ETHUSDT,lower,5pct,long,Q5_high,-2.5346979200,18,72,2022-05-16 04:00,2022-05-16 08:00,2022-05-19 04:00,-3.1444993258,Q5_high,2.6564055475,2011.9200000000,2011.9200000000,1952.0700000000,1903.1800000000,2122.4200000000,0.0000000000,-3.0199142012,-3.0199142012,-5.5563318681,5.3467457076
ETHUSDT_lower5_Q5_high_h72,ETH Q5 72H,phase3_lower5_Q5_best,ETHUSDT,lower,5pct,long,Q5_high,-2.5346979200,18,72,2022-05-18 20:00,2022-05-19 00:00,2022-05-21 20:00,-3.4124490517,Q5_high,1.9744470811,1915.1100000000,1915.1100000000,1975.0700000000,1903.1800000000,2064.0000000000,0.0000000000,3.0828778527,3.0828778527,-0.6248890902,7.4870785383
ETHUSDT_lower5_Q5_high_h72,ETH Q5 72H,phase3_lower5_Q5_best,ETHUSDT,lower,5pct,long,Q5_high,-2.5346979200,18,72,2022-05-20 12:00,2022-05-20 16:00,2022-05-23 12:00,-4.6587928932,Q5_high,2.0439848960,1960.9900000000,1961.0000000000,2065.0000000000,1923.0000000000,2088.5000000000,0.0005099452,5.1680778651,5.1675679199,-1.9568080608,6.2991557741
ETHUSDT_lower5_Q5_high_h72,ETH Q5 72H,phase3_lower5_Q5_best,ETHUSDT,lower,5pct,long,Q5_high,-2.5346979200,18,72,2022-06-12 00:00,2022-06-12 04:00,2022-06-15 00:00,-4.3955793532,Q5_high,1.9355254707,1466.9700000000,1466.9700000000,1173.0900000000,1075.8000000000,1547.0000000000,0.0000000000,-22.3557755983,-22.3557755983,-31.0134478197,5.3118522537
ETHUSDT_lower5_Q5_high_h72,ETH Q5 72H,phase3_lower5_Q5_best,ETHUSDT,lower,5pct,long,Q5_high,-2.5346979200,18,72,2022-06-12 16:00,2022-06-12 20:00,2022-06-15 16:00,-3.0832484479,Q5_high,2.2306870566,1479.5900000000,1479.5800000000,1171.0300000000,1014.4000000000,1488.7100000000,-0.0006758652,-23.3881318954,-23.3874560302,-37.7460959017,0.6151709430
ETHUSDT_lower5_Q5_high_h72,ETH Q5 72H,phase3_lower5_Q5_best,ETHUSDT,lower,5pct,long,Q5_high,-2.5346979200,18,72,2022-06-12 20:00,2022-06-13 00:00,2022-06-15 20:00,-3.0711677633,Q5_high,2.2714013985,1434.8400000000,1434.8400000000,1237.5200000000,1014.4000000000,1455.0000000000,0.0000000000,-14.7943967791,-14.7943967791,-34.6756040037,1.3952555886
ETHUSDT_lower5_Q5_high_h72,ETH Q5 72H,phase3_lower5_Q5_best,ETHUSDT,lower,5pct,long,Q5_high,-2.5346979200,18,72,2022-06-13 00:00,2022-06-13 04:00,2022-06-16 00:00,-6.0334126393,Q5_high,2.5199309953,1350.8300000000,1350.9600000000,1210.1000000000,1014.4000000000,1387.3200000000,0.0096232498,-11.0016217522,-11.0112450020,-28.6518146141,2.6558377651
ETHUSDT_lower5_Q5_high_h72,ETH Q5 72H,phase3_lower5_Q5_best,ETHUSDT,lower,5pct,long,Q5_high,-2.5346979200,18,72,2022-06-13 04:00,2022-06-13 08:00,2022-06-16 04:00,-5.1159662284,Q5_high,2.6185028870,1283.4600000000,1283.0700000000,1165.4100000000,1014.4000000000,1288.9500000000,-0.0303912289,-9.6486599625,-9.6182687336,-23.4958339070,0.4572289674
ETHUSDT_lower5_Q5_high_h72,ETH Q5 72H,phase3_lower5_Q5_best,ETHUSDT,lower,5pct,long,Q5_high,-2.5346979200,18,72,2022-06-13 08:00,2022-06-13 12:00,2022-06-16 08:00,-5.9575762653,Q5_high,2.7469120084,1209.2300000000,1209.1400000000,1111.1100000000,1014.4000000000,1284.3300000000,-0.0074430298,-8.4624277750,-8.4549847452,-17.5612058408,6.0327818483
ETHUSDT_lower5_Q5_high_h72,ETH Q5 72H,phase3_lower5_Q5_best,ETHUSDT,lower,5pct,long,Q5_high,-2.5346979200,18,72,2022-06-14 00:00,2022-06-14 04:00,2022-06-17 00:00,-2.9969691558,Q5_high,2.8475360821,1174.1000000000,1174.0900000000,1071.5100000000,1014.4000000000,1268.4500000000,-0.0008517198,-9.1433028055,-9.1424510857,-14.6196074755,7.7302303191
ETHUSDT_lower5_Q5_high_h72,ETH Q5 72H,phase3_lower5_Q5_best,ETHUSDT,lower,5pct,long,Q5_high,-2.5346979200,18,72,2022-06-14 08:00,2022-06-14 12:00,2022-06-17 08:00,-5.4582553074,Q5_high,3.3608773124,1175.2300000000,1175.2200000000,1092.6100000000,1014.4000000000,1268.4500000000,-0.0008509009,-7.2894543704,-7.2886034695,-14.7158059412,7.6340318534
ETHUSDT_lower5_Q5_high_h72,ETH Q5 72H,phase3_lower5_Q5_best,ETHUSDT,lower,5pct,long,Q5_high,-2.5346979200,18,72,2022-06-14 16:00,2022-06-14 20:00,2022-06-17 16:00,-3.6245939037,Q5_high,3.7026376626,1206.1500000000,1206.1500000000,1080.0000000000,1014.4000000000,1257.8500000000,0.0000000000,-11.0472427544,-11.0472427544,-17.3136163979,4.1970445605
ETHUSDT_lower5_Q5_high_h72,ETH Q5 72H,phase3_lower5_Q5_best,ETHUSDT,lower,5pct,long,Q5_high,-2.5346979200,18,72,2022-06-15 00:00,2022-06-15 04:00,2022-06-18 00:00,-3.0069562155,Q5_high,3.6227339792,1173.0900000000,1173.0900000000,1079.4700000000,1014.4000000000,1257.8500000000,0.0000000000,-8.3171113128,-8.3171113128,-14.5343988370,6.9762621214
ETHUSDT_lower5_Q5_high_h72,ETH Q5 72H,phase3_lower5_Q5_best,ETHUSDT,lower,5pct,long,Q5_high,-2.5346979200,18,72,2022-06-15 04:00,2022-06-15 08:00,2022-06-18 04:00,-6.9453300205,Q5_high,3.8266857492,1094.3800000000,1094.3800000000,1003.7800000000,988.9500000000,1257.8500000000,0.0000000000,-8.6415119113,-8.6415119113,-10.1299497620,13.9215921420
ETHUSDT_lower5_Q5_high_h72,ETH Q5 72H,phase3_lower5_Q5_best,ETHUSDT,lower,5pct,long,Q5_high,-2.5346979200,18,72,2022-06-16 04:00,2022-06-16 08:00,2022-06-19 04:00,-3.7630044387,Q5_high,4.2010564674,1165.4100000000,1165.4100000000,955.7200000000,881.5600000000,1180.4000000000,0.0000000000,-19.8363252295,-19.8363252295,-27.9135170098,1.2780407652
ETHUSDT_lower5_Q5_high_h72,ETH Q5 72H,phase3_lower5_Q5_best,ETHUSDT,lower,5pct,long,Q5_high,-2.5346979200,18,72,2022-06-16 08:00,2022-06-16 12:00,2022-06-19 08:00,-4.7713440778,Q5_high,4.1309964637,1111.1100000000,1111.1100000000,1055.1200000000,881.5600000000,1153.0000000000,0.0000000000,-5.1705011122,-5.1705011122,-23.1421729321,3.7007725630
ETHUSDT_lower5_Q5_high_h72,ETH Q5 72H,phase3_lower5_Q5_best,ETHUSDT,lower,5pct,long,Q5_high,-2.5346979200,18,72,2022-06-16 20:00,2022-06-17 00:00,2022-06-19 20:00,-2.5457012146,Q5_high,3.8264147948,1068.5000000000,1068.5000000000,1128.5300000000,881.5600000000,1158.6200000000,0.0000000000,5.4660105106,5.4660105106,-19.2318009441,8.0973845967
ETHUSDT_lower5_Q5_high_h72,ETH Q5 72H,phase3_lower5_Q5_best,ETHUSDT,lower,5pct,long,Q5_high,-2.5346979200,18,72,2022-06-18 04:00,2022-06-18 08:00,2022-06-21 04:00,-7.2697306190,Q5_high,3.3112647546,1003.7800000000,1003.7800000000,1148.5600000000,881.5600000000,1170.0000000000,0.0000000000,13.4736110085,13.4736110085,-12.9835087416,15.3230875057
ETHUSDT_lower5_Q5_high_h72,ETH Q5 72H,phase3_lower5_Q5_best,ETHUSDT,lower,5pct,long,Q5_high,-2.5346979200,18,72,2022-06-18 16:00,2022-06-18 20:00,2022-06-21 16:00,-7.8091566344,Q5_high,3.2926250785,915.1500000000,915.1600000000,1124.4300000000,881.5600000000,1194.0000000000,0.0010927111,20.5943533307,20.5932606196,-3.7405848058,26.5965380576
ETHUSDT_lower5_Q5_high_h72,ETH Q5 72H,phase3_lower5_Q5_best,ETHUSDT,lower,5pct,long,Q5_high,-2.5346979200,18,72,2022-06-19 00:00,2022-06-19 04:00,2022-06-22 00:00,-4.3048636666,Q5_high,3.7990028535,953.2000000000,953.2100000000,1089.3000000000,936.1500000000,1194.0000000000,0.0010490923,13.3465821864,13.3455330941,-1.8059516099,22.5229057805
ETHUSDT_lower5_Q5_high_h72,ETH Q5 72H,phase3_lower5_Q5_best,ETHUSDT,lower,5pct,long,Q5_high,-2.5346979200,18,72,2022-06-20 00:00,2022-06-20 04:00,2022-06-23 00:00,-4.3945600531,Q5_high,4.3108076021,1080.0100000000,1080.0000000000,1076.4000000000,1043.6500000000,1194.0000000000,-0.0009259216,-0.3348160482,-0.3338901266,-3.4236856926,10.0347973834
ETHUSDT_lower5_Q5_high_h72,ETH Q5 72H,phase3_lower5_Q5_best,ETHUSDT,lower,5pct,long,Q5_high,-2.5346979200,18,72,2022-06-21 16:00,2022-06-21 20:00,2022-06-24 16:00,-3.8127938992,Q5_high,4.3387420813,1124.4300000000,1124.4200000000,1228.0400000000,1043.6500000000,1232.0000000000,-0.0008893434,8.8143161894,8.8152055328,-7.4543162947,9.1371517955
ETHUSDT_lower5_Q5_high_h72,ETH Q5 72H,phase3_lower5_Q5_best,ETHUSDT,lower,5pct,long,Q5_high,-2.5346979200,18,72,2022-06-22 00:00,2022-06-22 04:00,2022-06-25 00:00,-3.3003017817,Q5_high,3.9488679265,1089.3000000000,1089.3000000000,1223.7600000000,1043.6500000000,1245.4300000000,0.0000000000,11.6392798327,11.6392798327,-4.2811103896,13.3945563706
ETHUSDT_lower5_Q5_high_h72,ETH Q5 72H,phase3_lower5_Q5_best,ETHUSDT,lower,5pct,long,Q5_high,-2.5346979200,18,72,2022-06-26 12:00,2022-06-26 16:00,2022-06-29 12:00,-3.7170709870,Q5_high,1.9732743614,1223.3900000000,1223.3900000000,1114.2600000000,1090.2000000000,1249.9300000000,0.0000000000,-9.3435186401,-9.3435186401,-11.5264528203,2.1461855895
ETHUSDT_lower5_Q5_high_h72,ETH Q5 72H,phase3_lower5_Q5_best,ETHUSDT,lower,5pct,long,Q5_high,-2.5346979200,18,72,2022-06-27 12:00,2022-06-27 16:00,2022-06-30 12:00,-2.7025640753,Q5_high,2.0830654566,1187.4800000000,1187.4900000000,1032.2200000000,998.0000000000,1237.9900000000,0.0008421159,-14.0121592045,-14.0130013204,-17.3843838509,4.1647260847
ETHUSDT_lower5_Q5_high_h72,ETH Q5 72H,phase3_lower5_Q5_best,ETHUSDT,lower,5pct,long,Q5_high,-2.5346979200,18,72,2022-06-28 12:00,2022-06-28 16:00,2022-07-01 12:00,-3.3062579365,Q5_high,2.0218698792,1183.6900000000,1183.7000000000,1056.8600000000,998.0000000000,1193.7300000000,0.0008448122,-11.3334430071,-11.3342878193,-17.0647128648,0.8437732768
ETHUSDT_lower5_Q5_high_h72,ETH Q5 72H,phase3_lower5_Q5_best,ETHUSDT,lower,5pct,long,Q5_high,-2.5346979200,18,72,2022-07-15 20:00,2022-07-16 00:00,2022-07-18 20:00,-2.8093039758,Q5_high,2.3216461929,1231.2500000000,1231.2500000000,1581.0400000000,1191.2300000000,1597.4700000000,0.0000000000,25.0052944846,25.0052944846,-3.3043526746,26.0391214246
ETHUSDT_lower5_Q5_high_h72,ETH Q5 72H,phase3_lower5_Q5_best,ETHUSDT,lower,5pct,long,Q5_high,-2.5346979200,18,72,2022-07-18 16:00,2022-07-18 20:00,2022-07-21 16:00,-3.2772294685,Q5_high,2.6475228474,1472.3000000000,1472.3000000000,1578.8500000000,1461.4300000000,1631.0000000000,0.0000000000,6.9870930038,6.9870930038,-0.7410395464,10.2367519750
ETHUSDT_lower5_Q5_high_h72,ETH Q5 72H,phase3_lower5_Q5_best,ETHUSDT,lower,5pct,long,Q5_high,-2.5346979200,18,72,2022-07-19 00:00,2022-07-19 04:00,2022-07-22 00:00,-4.1849272314,Q5_high,3.1695409714,1516.2400000000,1516.2400000000,1561.4500000000,1463.5600000000,1620.4000000000,0.0000000000,2.9381290699,2.9381290699,-3.5361762118,6.6439446310
ETHUSDT_lower5_Q5_high_h72,ETH Q5 72H,phase3_lower5_Q5_best,ETHUSDT,lower,5pct,long,Q5_high,-2.5346979200,18,72,2022-07-20 16:00,2022-07-20 20:00,2022-07-23 16:00,-2.8423420774,Q5_high,2.9472936215,1551.7900000000,1551.7900000000,1513.3300000000,1463.5600000000,1650.0500000000,0.0000000000,-2.5096582588,-2.5096582588,-5.8537279410,6.1396487156
ETHUSDT_lower5_Q5_high_h72,ETH Q5 72H,phase3_lower5_Q5_best,ETHUSDT,lower,5pct,long,Q5_high,-2.5346979200,18,72,2022-07-22 12:00,2022-07-22 16:00,2022-07-25 12:00,-3.9936981033,Q5_high,2.2952041060,1574.9100000000,1574.9000000000,1526.0300000000,1488.0000000000,1664.3400000000,-0.0006349589,-3.1528535879,-3.1522186290,-5.6758841787,5.5236870252
ETHUSDT_lower5_Q5_high_h72,ETH Q5 72H,phase3_lower5_Q5_best,ETHUSDT,lower,5pct,long,Q5_high,-2.5346979200,18,72,2022-07-22 16:00,2022-07-22 20:00,2022-07-25 16:00,-3.1417141914,Q5_high,2.3685358901,1526.2000000000,1526.2100000000,1495.0000000000,1455.1700000000,1664.3400000000,0.0006552200,-2.0654779031,-2.0661331230,-4.7664805787,8.6641110377
ETHUSDT_lower5_Q5_high_h72,ETH Q5 72H,phase3_lower5_Q5_best,ETHUSDT,lower,5pct,long,Q5_high,-2.5346979200,18,72,2022-07-23 08:00,2022-07-23 12:00,2022-07-26 08:00,-3.6229910186,Q5_high,2.5192966886,1522.1900000000,1522.1900000000,1406.3300000000,1385.0800000000,1664.3400000000,0.0000000000,-7.9166613149,-7.9166613149,-9.4392187687,8.9278561060
ETHUSDT_lower5_Q5_high_h72,ETH Q5 72H,phase3_lower5_Q5_best,ETHUSDT,lower,5pct,long,Q5_high,-2.5346979200,18,72,2022-07-25 00:00,2022-07-25 04:00,2022-07-28 00:00,-5.5455943891,Q5_high,2.3548435420,1511.5100000000,1511.5100000000,1648.6400000000,1356.1700000000,1677.0000000000,0.0000000000,8.6841554454,8.6841554454,-10.8444600768,10.3897331681
ETHUSDT_lower5_Q5_high_h72,ETH Q5 72H,phase3_lower5_Q5_best,ETHUSDT,lower,5pct,long,Q5_high,-2.5346979200,18,72,2022-07-25 20:00,2022-07-26 00:00,2022-07-28 20:00,-3.6934632576,Q5_high,2.2204801582,1440.7900000000,1440.7900000000,1724.5200000000,1356.1700000000,1784.7900000000,0.0000000000,17.9757176625,17.9757176625,-6.0527023875,21.4109186985
ETHUSDT_lower5_Q5_high_h72,ETH Q5 72H,phase3_lower5_Q5_best,ETHUSDT,lower,5pct,long,Q5_high,-2.5346979200,18,72,2022-07-26 12:00,2022-07-26 16:00,2022-07-29 12:00,-2.7136702519,Q5_high,2.0801043299,1368.6800000000,1368.6700000000,1721.6600000000,1356.1700000000,1784.7900000000,-0.0007306336,22.9442169957,22.9449476293,-0.9174914994,26.5461295866
ETHUSDT_lower5_Q5_high_h72,ETH Q5 72H,phase3_lower5_Q5_best,ETHUSDT,lower,5pct,long,Q5_high,-2.5346979200,18,72,2022-07-30 16:00,2022-07-30 20:00,2022-08-02 16:00,-2.6197481008,Q5_high,2.2823612283,1691.9300000000,1691.9200000000,1637.1400000000,1559.2800000000,1754.6900000000,-0.0005910427,-3.2919072141,-3.2913161713,-8.1639802484,3.6428224396
ETHUSDT_lower5_Q5_high_h72,ETH Q5 72H,phase3_lower5_Q5_best,ETHUSDT,lower,5pct,long,Q5_high,-2.5346979200,18,72,2022-08-20 16:00,2022-08-20 20:00,2022-08-23 16:00,-4.4059493791,Q5_high,1.9455417611,1564.2300000000,1564.2300000000,1650.6200000000,1523.6700000000,1676.0700000000,0.0000000000,5.3757284774,5.3757284774,-2.6271791750,6.9058077163
ETHUSDT_lower5_Q5_high_h72,ETH Q5 72H,phase3_lower5_Q5_best,ETHUSDT,lower,5pct,long,Q5_high,-2.5346979200,18,72,2022-08-30 12:00,2022-08-30 16:00,2022-09-02 12:00,-3.8717583977,Q5_high,1.9996823583,1524.6900000000,1524.6800000000,1636.3200000000,1473.6100000000,1650.0000000000,-0.0006558732,7.0658707369,7.0665266100,-3.4069379377,7.8990735937
ETHUSDT_lower5_Q5_high_h72,ETH Q5 72H,phase3_lower5_Q5_best,ETHUSDT,lower,5pct,long,Q5_high,-2.5346979200,18,72,2022-09-01 12:00,2022-09-01 16:00,2022-09-04 12:00,-2.6950719483,Q5_high,2.2902960391,1536.0300000000,1536.0200000000,1560.5500000000,1523.6000000000,1650.0000000000,-0.0006510311,1.5837157443,1.5843667754,-0.8118699852,7.1580632438
ETHUSDT_lower5_Q5_high_h72,ETH Q5 72H,phase3_lower5_Q5_best,ETHUSDT,lower,5pct,long,Q5_high,-2.5346979200,18,72,2022-09-02 16:00,2022-09-02 20:00,2022-09-05 16:00,-4.6822132815,Q5_high,2.3114139752,1561.4700000000,1561.4700000000,1586.0100000000,1534.2800000000,1610.0000000000,0.0000000000,1.5593743102,1.5593743102,-1.7566469637,3.0606493736
ETHUSDT_lower5_Q5_high_h72,ETH Q5 72H,phase3_lower5_Q5_best,ETHUSDT,lower,5pct,long,Q5_high,-2.5346979200,18,72,2022-09-13 12:00,2022-09-13 16:00,2022-09-16 12:00,-8.5993266618,Q5_high,2.2577465513,1594.4500000000,1594.4400000000,1452.3100000000,1424.2800000000,1655.2000000000,-0.0006271775,-9.3373456946,-9.3367185171,-11.2856154535,3.7399270040
ETHUSDT_lower5_Q5_high_h72,ETH Q5 72H,phase3_lower5_Q5_best,ETHUSDT,lower,5pct,long,Q5_high,-2.5346979200,18,72,2022-09-15 08:00,2022-09-15 12:00,2022-09-18 08:00,-2.7955652083,Q5_high,2.4474813503,1591.5300000000,1591.5400000000,1434.0100000000,1405.5200000000,1600.0000000000,0.0006283242,-10.4221102050,-10.4227385292,-12.4294759871,0.5301528300
ETHUSDT_lower5_Q5_high_h72,ETH Q5 72H,phase3_lower5_Q5_best,ETHUSDT,lower,5pct,long,Q5_high,-2.5346979200,18,72,2022-09-15 12:00,2022-09-15 16:00,2022-09-18 12:00,-6.3948487496,Q5_high,2.7270000897,1492.9400000000,1492.9500000000,1417.4300000000,1405.5200000000,1519.1100000000,0.0006698170,-5.1901957523,-5.1908655694,-6.0346687303,1.7370608677
ETHUSDT_lower5_Q5_high_h72,ETH Q5 72H,phase3_lower5_Q5_best,ETHUSDT,lower,5pct,long,Q5_high,-2.5346979200,18,72,2022-09-21 20:00,2022-09-22 00:00,2022-09-24 20:00,-6.0495235490,Q5_high,2.1159950941,1245.7800000000,1245.7900000000,1317.1300000000,1237.3200000000,1360.0000000000,0.0008027067,5.5693287309,5.5685260242,-0.6822116499,8.7714832913
ETHUSDT_lower5_Q5_high_h72,ETH Q5 72H,phase3_lower5_Q5_best,ETHUSDT,lower,5pct,long,Q5_high,-2.5346979200,18,72,2022-09-22 12:00,2022-09-22 16:00,2022-09-25 12:00,-2.8880774607,Q5_high,2.0789447052,1271.2500000000,1271.2400000000,1310.7900000000,1252.1200000000,1360.0000000000,-0.0007866304,3.0629340504,3.0637206808,-1.5154687346,6.7491897672
ETHUSDT_lower5_Q5_high_h72,ETH Q5 72H,phase3_lower5_Q5_best,ETHUSDT,lower,5pct,long,Q5_high,-2.5346979200,18,72,2022-09-23 08:00,2022-09-23 12:00,2022-09-26 08:00,-3.3657683901,Q5_high,2.2730404382,1287.7400000000,1287.7500000000,1297.2200000000,1262.1500000000,1349.3300000000,0.0007765513,0.7334769204,0.7327003692,-2.0079893454,4.6711663495
ETHUSDT_lower5_Q5_high_h72,ETH Q5 72H,phase3_lower5_Q5_best,ETHUSDT,lower,5pct,long,Q5_high,-2.5346979200,18,72,2022-10-27 20:00,2022-10-28 00:00,2022-10-30 20:00,-3.1409319045,Q5_high,2.0281360354,1514.0500000000,1514.0400000000,1590.4400000000,1479.8200000000,1663.0600000000,-0.0006604824,4.9222527940,4.9229132764,-2.2861115988,9.3877704189
ETHUSDT_lower5_Q5_high_h72,ETH Q5 72H,phase3_lower5_Q5_best,ETHUSDT,lower,5pct,long,Q5_high,-2.5346979200,18,72,2022-11-08 16:00,2022-11-08 20:00,2022-11-11 16:00,-10.6000425211,Q5_high,2.6176953270,1315.3900000000,1315.3900000000,1274.0400000000,1073.5300000000,1350.0000000000,0.0000000000,-3.1940245775,-3.1940245775,-20.3180915689,2.5971392844
ETHUSDT_lower5_Q5_high_h72,ETH Q5 72H,phase3_lower5_Q5_best,ETHUSDT,lower,5pct,long,Q5_high,-2.5346979200,18,72,2022-11-09 04:00,2022-11-09 08:00,2022-11-12 04:00,-2.9413657753,Q5_high,2.7024482625,1274.3500000000,1274.3600000000,1266.3900000000,1073.5300000000,1350.0000000000,0.0007847107,-0.6265911540,-0.6273758647,-17.1491807884,5.7660500649
ETHUSDT_lower5_Q5_high_h72,ETH Q5 72H,phase3_lower5_Q5_best,ETHUSDT,lower,5pct,long,Q5_high,-2.5346979200,18,72,2022-11-09 08:00,2022-11-09 12:00,2022-11-12 08:00,-4.3552599602,Q5_high,2.7817818663,1220.0400000000,1220.0500000000,1260.5000000000,1073.5300000000,1350.0000000000,0.0008196419,3.2624822553,3.2616626134,-12.7939557595,10.1212750938
ETHUSDT_lower5_Q5_high_h72,ETH Q5 72H,phase3_lower5_Q5_best,ETHUSDT,lower,5pct,long,Q5_high,-2.5346979200,18,72,2022-11-09 12:00,2022-11-09 16:00,2022-11-12 12:00,-4.7863574800,Q5_high,2.8547015231,1163.0200000000,1163.0200000000,1274.8000000000,1073.5300000000,1350.0000000000,0.0000000000,9.1769233268,9.1769233268,-8.0067786376,14.9084522157
ETHUSDT_lower5_Q5_high_h72,ETH Q5 72H,phase3_lower5_Q5_best,ETHUSDT,lower,5pct,long,Q5_high,-2.5346979200,18,72,2022-11-09 20:00,2022-11-10 00:00,2022-11-12 20:00,-8.0750490137,Q5_high,3.3101391381,1102.7300000000,1102.7300000000,1257.2500000000,1085.9300000000,1350.0000000000,0.0000000000,13.1137872708,13.1137872708,-1.5352160649,20.2315669089
ETHUSDT_lower5_Q5_high_h72,ETH Q5 72H,phase3_lower5_Q5_best,ETHUSDT,lower,5pct,long,Q5_high,-2.5346979200,18,72,2022-11-11 00:00,2022-11-11 04:00,2022-11-14 00:00,-4.7416884903,Q5_high,4.6745034332,1239.1100000000,1239.1200000000,1193.0300000000,1171.1300000000,1310.0000000000,0.0008070276,-3.7897090493,-3.7905160769,-5.6432355578,5.5625686956
ETHUSDT_lower5_Q5_high_h72,ETH Q5 72H,phase3_lower5_Q5_best,ETHUSDT,lower,5pct,long,Q5_high,-2.5346979200,18,72,2023-03-14 16:00,2023-03-14 20:00,2023-03-17 16:00,-2.8366388453,Q5_high,2.1398470053,1720.3900000000,1721.2300000000,1743.7500000000,1611.4200000000,1762.8800000000,0.0488142222,1.3486957279,1.2998815057,-6.5923373679,2.3909683772
ETHUSDT_lower5_Q5_high_h72,ETH Q5 72H,phase3_lower5_Q5_best,ETHUSDT,lower,5pct,long,Q5_high,-2.5346979200,18,72,2023-03-15 12:00,2023-03-15 16:00,2023-03-18 12:00,-2.7591995118,Q5_high,2.3428695421,1633.8900000000,1634.4700000000,1786.1700000000,1611.4200000000,1838.1700000000,0.0354918067,8.9109987985,8.8755069918,-1.4202814925,11.7451918718
ETHUSDT_lower5_Q5_high_h72,ETH Q5 72H,phase3_lower5_Q5_best,ETHUSDT,lower,5pct,long,Q5_high,-2.5346979200,18,72,2023-03-24 08:00,2023-03-24 12:00,2023-03-27 08:00,-3.6368664369,Q5_high,2.0357704922,1750.3600000000,1747.4000000000,1765.6600000000,1713.5100000000,1800.2800000000,-0.1692512183,0.8703077100,1.0395589283,-1.9585070558,2.9813239478
ETHUSDT_lower5_Q5_high_h72,ETH Q5 72H,phase3_lower5_Q5_best,ETHUSDT,lower,5pct,long,Q5_high,-2.5346979200,18,72,2024-03-05 16:00,2024-03-05 20:00,2024-03-08 16:00,-14.0070071331,Q5_high,3.3348799258,3288.6300000000,3272.3400000000,3925.0000000000,3259.7700000000,3984.6700000000,-0.4965739357,17.6895286555,18.1861025912,-0.3848684580,19.6949172951
ETHUSDT_lower5_Q5_high_h72,ETH Q5 72H,phase3_lower5_Q5_best,ETHUSDT,lower,5pct,long,Q5_high,-2.5346979200,18,72,2024-03-19 20:00,2024-03-20 00:00,2024-03-22 20:00,-5.1116501509,Q5_high,1.9646504008,3165.0000000000,3165.8800000000,3336.9300000000,3062.0500000000,3584.8300000000,0.0278002428,5.2898167028,5.2620164600,-3.3346431725,12.4279995098
ETHUSDT_lower5_Q5_high_h72,ETH Q5 72H,phase3_lower5_Q5_best,ETHUSDT,lower,5pct,long,Q5_high,-2.5346979200,18,72,2024-03-22 08:00,2024-03-22 12:00,2024-03-25 08:00,-2.8945409441,Q5_high,2.0414371464,3411.4900000000,3403.5700000000,3435.5200000000,3250.2500000000,3499.9400000000,-0.2324265249,0.7019151034,0.9343416283,-4.6092964298,2.7920944734
ETHUSDT_lower5_Q5_high_h72,ETH Q5 72H,phase3_lower5_Q5_best,ETHUSDT,lower,5pct,long,Q5_high,-2.5346979200,18,72,2024-04-13 16:00,2024-04-13 20:00,2024-04-16 16:00,-5.3608035817,Q5_high,2.1297215701,3106.9000000000,3106.8900000000,3062.5700000000,2870.4100000000,3277.8400000000,-0.0003218648,-1.4371011753,-1.4367793105,-7.9167349146,5.3562443023
ETHUSDT_lower5_Q5_high_h72,ETH Q5 72H,phase3_lower5_Q5_best,ETHUSDT,lower,5pct,long,Q5_high,-2.5346979200,18,72,2024-04-13 20:00,2024-04-14 00:00,2024-04-16 20:00,-3.4110230264,Q5_high,2.2177290677,3002.7100000000,3001.7400000000,3084.9100000000,2915.4200000000,3277.8400000000,-0.0323093708,2.7007269271,2.7330362979,-2.9178228777,8.7992548347
ETHUSDT_lower5_Q5_high_h72,ETH Q5 72H,phase3_lower5_Q5_best,ETHUSDT,lower,5pct,long,Q5_high,-2.5346979200,18,72,2024-04-16 12:00,2024-04-16 16:00,2024-04-19 12:00,-2.6940205437,Q5_high,2.1440927489,3009.9200000000,3012.2200000000,3081.3800000000,2863.6000000000,3125.4200000000,0.0763848104,2.3464048254,2.2700200149,-5.0597773899,3.6891325719
ETHUSDT_lower5_Q5_high_h72,ETH Q5 72H,phase3_lower5_Q5_best,ETHUSDT,lower,5pct,long,Q5_high,-2.5346979200,18,72,2024-05-01 04:00,2024-05-01 08:00,2024-05-04 04:00,-4.6301540270,Q5_high,1.9319321711,2869.3700000000,2868.6500000000,3099.7800000000,2817.5900000000,3131.3200000000,-0.0250957649,7.7238647751,7.7489605399,-1.7959626198,8.7613105059
ETHUSDT_lower5_Q5_high_h72,ETH Q5 72H,phase3_lower5_Q5_best,ETHUSDT,lower,5pct,long,Q5_high,-2.5346979200,18,72,2024-05-23 12:00,2024-05-23 16:00,2024-05-26 12:00,-2.7680188560,Q5_high,2.9243983920,3813.0400000000,3819.0900000000,3832.6700000000,3574.4900000000,3884.9600000000,0.1585403096,0.5134917001,0.3549513905,-6.6189665718,1.7100513412
ETHUSDT_lower5_Q5_high_h72,ETH Q5 72H,phase3_lower5_Q5_best,ETHUSDT,lower,5pct,long,Q5_high,-2.5346979200,18,72,2024-08-05 00:00,2024-08-05 04:00,2024-08-08 00:00,-15.0156561163,Q5_high,3.4842849459,2321.2500000000,2319.8900000000,2434.4700000000,2184.6900000000,2551.1600000000,-0.0586062924,4.7623240021,4.8209302945,-6.0045828709,9.5028386934
ETHUSDT_lower5_Q5_high_h72,ETH Q5 72H,phase3_lower5_Q5_best,ETHUSDT,lower,5pct,long,Q5_high,-2.5346979200,18,72,2024-08-06 08:00,2024-08-06 12:00,2024-08-09 08:00,-2.7263061308,Q5_high,4.0160453334,2460.0100000000,2462.8000000000,2637.0600000000,2312.3500000000,2720.1000000000,0.1133499078,6.9499245264,6.8365746186,-6.3034590619,9.9369730283
ETHUSDT_lower5_Q5_high_h72,ETH Q5 72H,phase3_lower5_Q5_best,ETHUSDT,lower,5pct,long,Q5_high,-2.5346979200,18,72,2024-08-09 12:00,2024-08-09 16:00,2024-08-12 12:00,-2.9649589280,Q5_high,2.2705752381,2560.0200000000,2561.7400000000,2686.4400000000,2512.0000000000,2720.7100000000,0.0671644148,4.8201826085,4.7530181937,-1.9607466503,6.0206160549
ETHUSDT_lower5_Q5_high_h72,ETH Q5 72H,phase3_lower5_Q5_best,ETHUSDT,lower,5pct,long,Q5_high,-2.5346979200,18,72,2024-11-13 16:00,2024-11-13 20:00,2024-11-16 16:00,-4.5051090718,Q5_high,1.9335086144,3164.1900000000,3157.1400000000,3165.9600000000,2941.5300000000,3239.3900000000,-0.2230544181,0.0559228469,0.2789772650,-7.0736700342,2.5718485983
ETHUSDT_lower5_Q5_high_h72,ETH Q5 72H,phase3_lower5_Q5_best,ETHUSDT,lower,5pct,long,Q5_high,-2.5346979200,18,72,2024-11-14 12:00,2024-11-14 16:00,2024-11-17 12:00,-3.4449689401,Q5_high,2.0384512202,3079.8900000000,3077.2500000000,3083.8500000000,2941.5300000000,3219.1600000000,-0.0857541054,0.1284934324,0.2142475378,-4.5106486860,4.5084114950
ETHUSDT_lower5_Q5_high_h72,ETH Q5 72H,phase3_lower5_Q5_best,ETHUSDT,lower,5pct,long,Q5_high,-2.5346979200,18,72,2024-11-14 20:00,2024-11-15 00:00,2024-11-17 20:00,-2.8221506673,Q5_high,2.1135859982,3055.8800000000,3055.6300000000,3073.0100000000,2941.5300000000,3219.1600000000,-0.0081812842,0.5589933774,0.5671746616,-3.8055936527,5.2134665283
ETHUSDT_lower5_Q5_high_h72,ETH Q5 72H,phase3_lower5_Q5_best,ETHUSDT,lower,5pct,long,Q5_high,-2.5346979200,18,72,2024-11-15 12:00,2024-11-15 16:00,2024-11-18 12:00,-2.6469600848,Q5_high,2.0991571949,3019.4200000000,3021.2700000000,3140.2900000000,3017.1400000000,3219.1600000000,0.0612512828,3.9250392381,3.8637879553,-0.1367909978,6.3443183168
ETHUSDT_lower5_Q5_high_h72,ETH Q5 72H,phase3_lower5_Q5_best,ETHUSDT,lower,5pct,long,Q5_high,-2.5346979200,18,72,2024-12-20 08:00,2024-12-20 12:00,2024-12-23 08:00,-8.6996635967,Q5_high,2.3285785349,3109.2600000000,3110.6700000000,3338.6200000000,3105.6800000000,3554.0300000000,0.0453381316,7.1172792200,7.0719410884,-0.1605444054,13.3244033818
ETHUSDT_lower5_Q5_high_h72,ETH Q5 72H,phase3_lower5_Q5_best,ETHUSDT,lower,5pct,long,Q5_high,-2.5346979200,18,72,2025-01-16 00:00,2025-01-16 04:00,2025-01-19 00:00,-2.5579453495,Q5_high,1.9365559176,3364.8000000000,3367.5800000000,3335.7800000000,3240.0000000000,3525.3700000000,0.0825859550,-0.8661990887,-0.9487850436,-3.8621055712,4.5791009779
ETHUSDT_lower5_Q5_high_h72,ETH Q5 72H,phase3_lower5_Q5_best,ETHUSDT,lower,5pct,long,Q5_high,-2.5346979200,18,72,2025-01-19 20:00,2025-01-20 00:00,2025-01-22 20:00,-6.1418769773,Q5_high,2.6802904301,3220.8200000000,3219.6400000000,3240.0000000000,3150.0000000000,3450.0000000000,-0.0366433458,0.5937344283,0.6303777740,-2.1867099226,6.9104678979
ETHUSDT_lower5_Q5_high_h72,ETH Q5 72H,phase3_lower5_Q5_best,ETHUSDT,lower,5pct,long,Q5_high,-2.5346979200,18,72,2025-02-03 00:00,2025-02-03 04:00,2025-02-06 00:00,-12.6404266218,Q5_high,3.1656126797,2523.6600000000,2523.8300000000,2807.3800000000,2452.3800000000,2917.7100000000,0.0067360213,10.6541435273,10.6474075060,-2.8718607407,14.5021473019
ETHUSDT_lower5_Q5_high_h72,ETH Q5 72H,phase3_lower5_Q5_best,ETHUSDT,lower,5pct,long,Q5_high,-2.5346979200,18,72,2025-02-04 00:00,2025-02-04 04:00,2025-02-07 00:00,-2.5608029237,Q5_high,3.6563064556,2811.2400000000,2812.4200000000,2715.9800000000,2636.1500000000,2866.0000000000,0.0419655533,-3.4472821249,-3.4892476782,-6.4725803260,1.8872006724
ETHUSDT_lower5_Q5_high_h72,ETH Q5 72H,phase3_lower5_Q5_best,ETHUSDT,lower,5pct,long,Q5_high,-2.5346979200,18,72,2025-02-04 04:00,2025-02-04 08:00,2025-02-07 04:00,-3.9422495010,Q5_high,3.7205164373,2702.5700000000,2702.6400000000,2712.6100000000,2636.1500000000,2866.0000000000,0.0025900936,0.3708098901,0.3682197965,-2.4909553653,5.8688256331
ETHUSDT_lower5_Q5_high_h72,ETH Q5 72H,phase3_lower5_Q5_best,ETHUSDT,lower,5pct,long,Q5_high,-2.5346979200,18,72,2025-02-06 12:00,2025-02-06 16:00,2025-02-09 12:00,-4.1687046861,Q5_high,2.2393036423,2702.0200000000,2704.3700000000,2649.7100000000,2565.1600000000,2796.3400000000,0.0869341704,-1.9549441388,-2.0418783092,-5.2848128294,3.3442436128
ETHUSDT_lower5_Q5_high_h72,ETH Q5 72H,phase3_lower5_Q5_best,ETHUSDT,lower,5pct,long,Q5_high,-2.5346979200,18,72,2025-02-25 04:00,2025-02-25 08:00,2025-02-28 04:00,-5.2920661490,Q5_high,2.0464111894,2370.0000000000,2379.1200000000,2106.0000000000,2081.0100000000,2531.5400000000,0.3840716264,-11.8099541435,-12.1940257699,-13.3877318629,6.2097141801
ETHUSDT_lower5_Q5_high_h72,ETH Q5 72H,phase3_lower5_Q5_best,ETHUSDT,lower,5pct,long,Q5_high,-2.5346979200,18,72,2025-02-26 16:00,2025-02-26 20:00,2025-03-01 16:00,-5.4490949219,Q5_high,2.3123725453,2302.3800000000,2307.4700000000,2224.8400000000,2080.5800000000,2382.9100000000,0.2208315702,-3.4258367605,-3.6466683307,-10.3504985230,3.2170743657
ETHUSDT_lower5_Q5_high_h72,ETH Q5 72H,phase3_lower5_Q5_best,ETHUSDT,lower,5pct,long,Q5_high,-2.5346979200,18,72,2025-02-28 00:00,2025-02-28 04:00,2025-03-03 00:00,-7.1387828218,Q5_high,2.6921484349,2147.5000000000,2147.5000000000,2442.0200000000,2080.5800000000,2546.3800000000,0.0000000000,12.8521190787,12.8521190787,-3.1657673880,17.0368367853
ETHUSDT_lower5_Q5_high_h72,ETH Q5 72H,phase3_lower5_Q5_best,ETHUSDT,lower,5pct,long,Q5_high,-2.5346979200,18,72,2025-03-03 00:00,2025-03-03 04:00,2025-03-06 00:00,-3.1730910628,Q5_high,3.4735329832,2442.0200000000,2437.8800000000,2283.0900000000,1950.0000000000,2457.0000000000,-0.1696756488,-6.7295777079,-6.5599020591,-22.3299436599,0.7812284364
ETHUSDT_lower5_Q5_high_h72,ETH Q5 72H,phase3_lower5_Q5_best,ETHUSDT,lower,5pct,long,Q5_high,-2.5346979200,18,72,2025-03-03 12:00,2025-03-03 16:00,2025-03-06 12:00,-2.7059303580,Q5_high,3.1382840705,2289.5700000000,2289.5700000000,2257.1700000000,1950.0000000000,2318.2100000000,0.0000000000,-1.4252210787,-1.4252210787,-16.0534654433,1.2431309146
ETHUSDT_lower5_Q5_high_h72,ETH Q5 72H,phase3_lower5_Q5_best,ETHUSDT,lower,5pct,long,Q5_high,-2.5346979200,18,72,2025-03-03 16:00,2025-03-03 20:00,2025-03-06 16:00,-7.2472120701,Q5_high,3.5689347960,2129.5100000000,2129.4000000000,2206.1100000000,1950.0000000000,2318.2100000000,-0.0051656410,3.5338877287,3.5390533697,-8.8010877323,8.4955086256
ETHUSDT_lower5_Q5_high_h72,ETH Q5 72H,phase3_lower5_Q5_best,ETHUSDT,lower,5pct,long,Q5_high,-2.5346979200,18,72,2025-03-04 00:00,2025-03-04 04:00,2025-03-07 00:00,-3.3895970538,Q5_high,3.5214881407,2090.3800000000,2072.0900000000,2150.1700000000,1950.0000000000,2318.2100000000,-0.8788107884,2.8201041150,3.6989149034,-6.0728387172,11.2237576408
ETHUSDT_lower5_Q5_high_h72,ETH Q5 72H,phase3_lower5_Q5_best,ETHUSDT,lower,5pct,long,Q5_high,-2.5346979200,18,72,2025-03-10 12:00,2025-03-10 16:00,2025-03-13 12:00,-5.3390469838,Q5_high,1.9530087374,2025.8400000000,2021.5200000000,1870.9600000000,1758.5200000000,2021.5200000000,-0.2134725668,-7.9532761240,-7.7398035571,-13.9377157496,0.0000000000
ETHUSDT_lower5_Q5_high_h72,ETH Q5 72H,phase3_lower5_Q5_best,ETHUSDT,lower,5pct,long,Q5_high,-2.5346979200,18,72,2025-03-10 16:00,2025-03-10 20:00,2025-03-13 16:00,-8.1330245247,Q5_high,2.6027487406,1867.6000000000,1877.6000000000,1849.1700000000,1758.5200000000,1962.8600000000,0.5340181440,-0.9917294346,-1.5257475786,-6.5521819358,4.4408227787
ETHUSDT_lower5_Q5_high_h72,ETH Q5 72H,phase3_lower5_Q5_best,ETHUSDT,lower,5pct,long,Q5_high,-2.5346979200,18,72,2025-03-12 00:00,2025-03-12 04:00,2025-03-15 00:00,-2.9880576208,Q5_high,2.6901481767,1874.6200000000,1870.0000000000,1921.6200000000,1823.6900000000,1955.0000000000,-0.2467541350,2.4762608067,2.7230149416,-2.5076509799,4.4451762571
ETHUSDT_lower5_Q5_high_h72,ETH Q5 72H,phase3_lower5_Q5_best,ETHUSDT,lower,5pct,long,Q5_high,-2.5346979200,18,72,2025-03-12 12:00,2025-03-12 16:00,2025-03-15 12:00,-2.7485421489,Q5_high,2.8078582086,1866.3900000000,1870.8600000000,1934.3200000000,1823.6900000000,1942.3700000000,0.2392134394,3.5749759728,3.3357625334,-2.5536297129,3.7510658757
ETHUSDT_lower5_Q5_high_h72,ETH Q5 72H,phase3_lower5_Q5_best,ETHUSDT,lower,5pct,long,Q5_high,-2.5346979200,18,72,2025-04-06 16:00,2025-04-06 20:00,2025-04-09 16:00,-7.9984475034,Q5_high,2.0615423014,1624.8300000000,1624.8200000000,1641.9000000000,1386.5300000000,1670.1000000000,-0.0006154509,1.0450912911,1.0457067420,-15.8592817360,2.7486464460
ETHUSDT_lower5_Q5_high_h72,ETH Q5 72H,phase3_lower5_Q5_best,ETHUSDT,lower,5pct,long,Q5_high,-2.5346979200,18,72,2025-04-06 20:00,2025-04-07 00:00,2025-04-09 20:00,-2.9530184273,Q5_high,2.1307639820,1577.5500000000,1577.0200000000,1668.6000000000,1386.5300000000,1685.0900000000,-0.0336020443,5.6111940834,5.6447961277,-12.8732767153,6.6281984632
ETHUSDT_lower5_Q5_high_h72,ETH Q5 72H,phase3_lower5_Q5_best,ETHUSDT,lower,5pct,long,Q5_high,-2.5346979200,18,72,2025-04-07 04:00,2025-04-07 08:00,2025-04-10 04:00,-5.6568122833,Q5_high,2.3184993748,1458.2800000000,1464.3800000000,1597.2200000000,1386.5300000000,1685.0900000000,0.4174285656,9.1006958998,8.6832673342,-5.4627721644,14.0387030141
ETHUSDT_lower5_Q5_high_h72,ETH Q5 72H,phase3_lower5_Q5_best,ETHUSDT,lower,5pct,long,Q5_high,-2.5346979200,18,72,2025-04-08 12:00,2025-04-08 16:00,2025-04-11 12:00,-3.8636761822,Q5_high,2.8376554795,1527.1800000000,1530.9600000000,1564.4800000000,1386.5300000000,1685.0900000000,0.2472092138,2.4130602926,2.1658510788,-9.9090766564,9.5923985221
ETHUSDT_lower5_Q5_high_h72,ETH Q5 72H,phase3_lower5_Q5_best,ETHUSDT,lower,5pct,long,Q5_high,-2.5346979200,18,72,2025-04-08 16:00,2025-04-08 20:00,2025-04-11 16:00,-4.1820246638,Q5_high,2.9286800297,1464.6300000000,1468.3100000000,1566.4300000000,1386.5300000000,1685.0900000000,0.2509428717,6.7196493963,6.4687065246,-5.7307856505,13.7706895280
ETHUSDT_lower5_Q5_high_h72,ETH Q5 72H,phase3_lower5_Q5_best,ETHUSDT,lower,5pct,long,Q5_high,-2.5346979200,18,72,2025-04-09 00:00,2025-04-09 04:00,2025-04-12 00:00,-3.6765846756,Q5_high,2.9983077698,1419.4900000000,1429.6800000000,1556.4100000000,1419.4900000000,1685.0900000000,0.7152990834,9.2084235019,8.4931244185,-0.7152990834,16.4368331834
ETHUSDT_lower5_Q5_high_h72,ETH Q5 72H,phase3_lower5_Q5_best,ETHUSDT,lower,5pct,long,Q5_high,-2.5346979200,18,72,2025-04-10 00:00,2025-04-10 04:00,2025-04-13 00:00,-3.4893996769,Q5_high,3.7289774852,1611.3800000000,1617.5100000000,1624.4200000000,1474.1900000000,1668.5200000000,0.3796975038,0.8059874276,0.4262899239,-9.2779243344,3.1049076198
ETHUSDT_lower5_Q5_high_h72,ETH Q5 72H,phase3_lower5_Q5_best,ETHUSDT,lower,5pct,long,Q5_high,-2.5346979200,18,72,2025-04-10 12:00,2025-04-10 16:00,2025-04-13 12:00,-6.1942870163,Q5_high,3.6816846555,1496.9900000000,1496.0000000000,1582.0800000000,1474.1900000000,1668.5200000000,-0.0661545836,5.5284011579,5.5945557415,-1.4686193142,10.9142126400
ETHUSDT_lower5_Q5_high_h72,ETH Q5 72H,phase3_lower5_Q5_best,ETHUSDT,lower,5pct,long,Q5_high,-2.5346979200,18,72,2025-05-11 12:00,2025-05-11 16:00,2025-05-14 12:00,-2.7064947900,Q5_high,2.6274134315,2462.5900000000,2465.2900000000,2589.4100000000,2409.9800000000,2736.9800000000,0.1095806014,5.0216408914,4.9120602900,-2.2690998921,10.4545675128
ETHUSDT_lower5_Q5_high_h72,ETH Q5 72H,phase3_lower5_Q5_best,ETHUSDT,lower,5pct,long,Q5_high,-2.5346979200,18,72,2025-05-18 16:00,2025-05-18 20:00,2025-05-21 16:00,-6.8877597456,Q5_high,1.9185260543,2406.0000000000,2406.7300000000,2517.2300000000,2327.6000000000,2612.8700000000,0.0303362127,4.5193473051,4.4890110924,-3.3431285879,8.2180254377
ETHUSDT_lower5_Q5_high_h72,ETH Q5 72H,phase3_lower5_Q5_best,ETHUSDT,lower,5pct,long,Q5_high,-2.5346979200,18,72,2025-05-19 00:00,2025-05-19 04:00,2025-05-22 00:00,-4.4877868523,Q5_high,2.3103903792,2387.1400000000,2389.5500000000,2635.0000000000,2350.9100000000,2644.8100000000,0.1009067034,9.8787185330,9.7778118296,-1.6302576454,10.1494165385
ETHUSDT_lower5_Q5_high_h72,ETH Q5 72H,phase3_lower5_Q5_best,ETHUSDT,lower,5pct,long,Q5_high,-2.5346979200,18,72,2025-06-13 00:00,2025-06-13 04:00,2025-06-16 00:00,-5.0298893551,Q5_high,2.0684159053,2515.8300000000,2508.2100000000,2567.3000000000,2491.0000000000,2582.4500000000,-0.3033417665,2.0251994012,2.3285411677,-0.6885115043,2.9169209417
ETHUSDT_lower5_Q5_high_h72,ETH Q5 72H,phase3_lower5_Q5_best,ETHUSDT,lower,5pct,long,Q5_high,-2.5346979200,18,72,2025-08-23 00:00,2025-08-23 04:00,2025-08-26 00:00,-2.7574705974,Q5_high,2.3203058710,4702.7000000000,4699.7700000000,4411.1400000000,4315.6000000000,4954.7500000000,-0.0623240509,-6.4003652404,-6.3380411895,-8.5277206653,5.2833141074
ETHUSDT_lower5_Q5_high_h72,ETH Q5 72H,phase3_lower5_Q5_best,ETHUSDT,lower,5pct,long,Q5_high,-2.5346979200,18,72,2025-08-25 04:00,2025-08-25 08:00,2025-08-28 04:00,-2.9189840780,Q5_high,2.3736335906,4603.6400000000,4600.0000000000,4591.2800000000,4315.6000000000,4683.6400000000,-0.0790991432,-0.2688442628,-0.1897451196,-6.3819938800,1.8019281900
ETHUSDT_lower5_Q5_high_h72,ETH Q5 72H,phase3_lower5_Q5_best,ETHUSDT,lower,5pct,long,Q5_high,-2.5346979200,18,72,2025-08-25 16:00,2025-08-25 20:00,2025-08-28 16:00,-4.2088160919,Q5_high,2.5429034327,4420.0000000000,4429.5700000000,4440.1600000000,4315.6000000000,4661.1000000000,0.2162817794,0.4550715741,0.2387897948,-2.6066149188,5.0948957901
ETHUSDT_lower5_Q5_high_h72,ETH Q5 72H,phase3_lower5_Q5_best,ETHUSDT,lower,5pct,long,Q5_high,-2.5346979200,18,72,2025-10-14 04:00,2025-10-14 08:00,2025-10-17 04:00,-4.1136323664,Q5_high,2.1662139350,3982.4600000000,3982.3200000000,3755.0200000000,3755.0200000000,4213.8600000000,-0.0035154769,-5.8806107376,-5.8770952607,-5.8770952607,5.6514528198
ETHUSDT_lower5_Q5_high_h72,ETH Q5 72H,phase3_lower5_Q5_best,ETHUSDT,lower,5pct,long,Q5_high,-2.5346979200,18,72,2025-10-15 12:00,2025-10-15 16:00,2025-10-18 12:00,-2.5933225491,Q5_high,2.2030493092,3986.3100000000,3985.7500000000,3882.6400000000,3677.9700000000,4081.3600000000,-0.0140490664,-2.6350656338,-2.6210165675,-8.0364530763,2.3704765901
ETHUSDT_lower5_Q5_high_h72,ETH Q5 72H,phase3_lower5_Q5_best,ETHUSDT,lower,5pct,long,Q5_high,-2.5346979200,18,72,2025-10-16 12:00,2025-10-16 16:00,2025-10-19 12:00,-3.7701238547,Q5_high,1.9428286942,3913.2300000000,3896.8000000000,3983.8400000000,3677.9700000000,3999.5600000000,-0.4207416422,1.7883058342,2.2090474763,-5.7794733968,2.6028651559
ETHUSDT_lower5_Q5_high_h72,ETH Q5 72H,phase3_lower5_Q5_best,ETHUSDT,lower,5pct,long,Q5_high,-2.5346979200,18,72,2025-10-17 04:00,2025-10-17 08:00,2025-10-20 04:00,-4.6649530828,Q5_high,1.9752407940,3755.0200000000,3755.0200000000,4053.4800000000,3677.9700000000,4084.1400000000,0.0000000000,7.6482159992,7.6482159992,-2.0732641892,8.4017568399
ETHUSDT_lower5_Q5_high_h72,ETH Q5 72H,phase3_lower5_Q5_best,ETHUSDT,lower,5pct,long,Q5_high,-2.5346979200,18,72,2025-11-04 16:00,2025-11-04 20:00,2025-11-07 16:00,-8.3360290582,Q5_high,2.3749312829,3227.3000000000,3241.4500000000,3446.6900000000,3061.0400000000,3484.4600000000,0.4374886205,6.5768475864,6.1393589659,-5.7266033054,7.2292321865
ETHUSDT_lower5_Q5_high_h72,ETH Q5 72H,phase3_lower5_Q5_best,ETHUSDT,lower,5pct,long,Q5_high,-2.5346979200,18,72,2025-11-06 12:00,2025-11-06 16:00,2025-11-09 12:00,-3.1197542957,Q5_high,2.5684830476,3297.9600000000,3310.4400000000,3522.2700000000,3197.8200000000,3560.5500000000,0.3777015567,6.5801572623,6.2024557056,-3.4611783419,7.2833916245
ETHUSDT_lower5_Q5_high_h72,ETH Q5 72H,phase3_lower5_Q5_best,ETHUSDT,lower,5pct,long,Q5_high,-2.5346979200,18,72,2025-11-07 08:00,2025-11-07 12:00,2025-11-10 08:00,-2.6175469760,Q5_high,2.5389338359,3271.7400000000,3264.7300000000,3614.0300000000,3197.8200000000,3656.6400000000,-0.2144889424,9.9501539707,10.1646429131,-2.0707736407,11.3367628920
ETHUSDT_lower5_Q5_high_h72,ETH Q5 72H,phase3_lower5_Q5_best,ETHUSDT,lower,5pct,long,Q5_high,-2.5346979200,18,72,2025-11-13 16:00,2025-11-13 20:00,2025-11-16 16:00,-5.5864800577,Q5_high,2.2275304784,3200.2600000000,3184.4300000000,3098.2700000000,3027.0800000000,3272.7300000000,-0.4958747390,-3.2388165306,-2.7429417916,-5.0674850617,2.7351189876
ETHUSDT_lower5_Q5_high_h72,ETH Q5 72H,phase3_lower5_Q5_best,ETHUSDT,lower,5pct,long,Q5_high,-2.5346979200,18,72,2025-11-14 20:00,2025-11-15 00:00,2025-11-17 20:00,-3.0858779925,Q5_high,2.1922969786,3105.9500000000,3121.2600000000,3031.2100000000,2964.0000000000,3248.7400000000,0.4917139729,-2.4357746982,-2.9274886711,-5.1697059017,4.0030462411
ETHUSDT_lower5_Q5_high_h72,ETH Q5 72H,phase3_lower5_Q5_best,ETHUSDT,lower,5pct,long,Q5_high,-2.5346979200,18,72,2025-11-20 16:00,2025-11-20 20:00,2025-11-23 16:00,-3.3856565778,Q5_high,2.1638454964,2852.8100000000,2851.8300000000,2820.8700000000,2625.2700000000,2903.0400000000,-0.0343579966,-1.1259125440,-1.0915545474,-8.2777145585,1.7797570315
ETHUSDT_lower5_Q5_high_h72,ETH Q5 72H,phase3_lower5_Q5_best,ETHUSDT,lower,5pct,long,Q5_high,-2.5346979200,18,72,2025-11-21 04:00,2025-11-21 08:00,2025-11-24 04:00,-3.6605980090,Q5_high,2.0515733150,2716.4300000000,2732.9400000000,2832.9600000000,2625.2700000000,2884.2400000000,0.6059434583,4.2003583215,3.5944148632,-4.0194204911,5.3883480905
ETHUSDT_lower5_Q5_high_h72,ETH Q5 72H,phase3_lower5_Q5_best,ETHUSDT,lower,5pct,long,Q5_high,-2.5346979200,18,72,2025-12-12 12:00,2025-12-12 16:00,2025-12-15 12:00,-5.3503716054,Q5_high,2.1730965537,3070.0000000000,3068.8800000000,3014.2100000000,2987.0900000000,3176.4000000000,-0.0364887410,-1.8339788971,-1.7974901561,-2.7013004843,3.4435805850
ETHUSDT_lower5_Q5_high_h72,ETH Q5 72H,phase3_lower5_Q5_best,ETHUSDT,lower,5pct,long,Q5_high,-2.5346979200,18,72,2025-12-18 16:00,2025-12-18 20:00,2025-12-21 16:00,-6.3160102230,Q5_high,2.1337958673,2779.1000000000,2786.1700000000,2992.0100000000,2774.6000000000,3016.6800000000,0.2540758599,7.3818268073,7.1277509474,-0.4161300214,7.9488996045
ETHUSDT_lower5_Q5_high_h72,ETH Q5 72H,phase3_lower5_Q5_best,ETHUSDT,lower,5pct,long,Q5_high,-2.5346979200,18,72,2026-02-01 12:00,2026-02-01 16:00,2026-02-04 12:00,-3.7062715135,Q5_high,2.0169708459,2323.2100000000,2308.4000000000,2154.2500000000,2110.5900000000,2395.3000000000,-0.6395206192,-7.5507214909,-6.9112008717,-8.9587114600,3.6953840124
ETHUSDT_lower5_Q5_high_h72,ETH Q5 72H,phase3_lower5_Q5_best,ETHUSDT,lower,5pct,long,Q5_high,-2.5346979200,18,72,2026-02-03 16:00,2026-02-03 20:00,2026-02-06 16:00,-4.2185189399,Q5_high,2.3987053962,2207.1300000000,2207.6600000000,2066.8900000000,1749.2700000000,2351.4000000000,0.0240102022,-6.5647966968,-6.5888068990,-23.2734573001,6.3077764401
ETHUSDT_lower5_Q5_high_h72,ETH Q5 72H,phase3_lower5_Q5_best,ETHUSDT,lower,5pct,long,Q5_high,-2.5346979200,18,72,2026-02-04 12:00,2026-02-04 16:00,2026-02-07 12:00,-4.6354578422,Q5_high,2.1457829479,2154.2500000000,2153.3000000000,2052.3200000000,1749.2700000000,2192.7600000000,-0.0441086007,-4.8471774568,-4.8030688561,-20.7802991080,1.8159475192
ETHUSDT_lower5_Q5_high_h72,ETH Q5 72H,phase3_lower5_Q5_best,ETHUSDT,lower,5pct,long,Q5_high,-2.5346979200,18,72,2026-02-05 12:00,2026-02-05 16:00,2026-02-08 12:00,-5.7706030602,Q5_high,2.3874486129,1961.5000000000,1961.6700000000,2106.1600000000,1749.2700000000,2144.5000000000,0.0086664611,7.1156897568,7.1070232957,-11.4597593228,8.9110273697
ETHUSDT_lower5_Q5_high_h72,ETH Q5 72H,phase3_lower5_Q5_best,ETHUSDT,lower,5pct,long,Q5_high,-2.5346979200,18,72,2026-02-05 20:00,2026-02-06 00:00,2026-02-08 20:00,-5.4688597437,Q5_high,2.2573425800,1825.6000000000,1826.8500000000,2089.2000000000,1749.2700000000,2150.5500000000,0.0684472093,13.4872517454,13.4188045361,-4.3394614169,16.3130451159
ETHUSDT_lower5_Q5_high_h72,ETH Q5 72H,phase3_lower5_Q5_best,ETHUSDT,lower,5pct,long,Q5_high,-2.5346979200,18,72,2026-03-05 12:00,2026-03-05 16:00,2026-03-08 12:00,-2.7078647593,Q5_high,2.0383386503,2080.9800000000,2087.2100000000,1942.7800000000,1925.2300000000,2098.2800000000,0.2989309335,-6.8718999585,-7.1708308921,-8.0782804815,0.5289715571
ETHUSDT_lower5_Q5_high_h72,ETH Q5 72H,phase3_lower5_Q5_best,ETHUSDT,lower,5pct,long,Q5_high,-2.5346979200,18,72,2026-03-06 12:00,2026-03-06 16:00,2026-03-09 12:00,-3.6121386865,Q5_high,1.9342106239,1978.4300000000,1976.8200000000,2024.8800000000,1912.9900000000,2033.0100000000,-0.0814107876,2.3206838665,2.4020946541,-3.2822029950,2.8027960471
SOLUSDT_lower5_Q5_high_h72,SOL Q5 72H,phase3_lower5_Q5_best,SOLUSDT,lower,5pct,long,Q5_high,-3.7212992607,18,72,2020-08-14 12:00,2020-08-14 16:00,2020-08-17 12:00,-3.8360867872,Q5_high,3.9118211159,3.5800000000,3.5800000000,3.1300000000,3.1000000000,3.7400000000,0.0000000000,-13.4329795861,-13.4329795861,-14.3960688922,4.3722811014
SOLUSDT_lower5_Q5_high_h72,SOL Q5 72H,phase3_lower5_Q5_best,SOLUSDT,lower,5pct,long,Q5_high,-3.7212992607,18,72,2020-08-14 16:00,2020-08-14 20:00,2020-08-17 16:00,-5.7487090918,Q5_high,4.1058690836,3.3800000000,3.3800000000,3.1500000000,3.1000000000,3.7400000000,0.0000000000,-7.0473256657,-7.0473256657,-8.6473598004,10.1209901932
SOLUSDT_lower5_Q5_high_h72,SOL Q5 72H,phase3_lower5_Q5_best,SOLUSDT,lower,5pct,long,Q5_high,-3.7212992607,18,72,2020-08-15 20:00,2020-08-16 00:00,2020-08-18 20:00,-6.1181156475,Q5_high,3.7701983247,3.1700000000,3.1700000000,3.3400000000,2.8100000000,3.7100000000,0.0000000000,5.2239219099,5.2239219099,-12.0547104544,15.7300288730
SOLUSDT_lower5_Q5_high_h72,SOL Q5 72H,phase3_lower5_Q5_best,SOLUSDT,lower,5pct,long,Q5_high,-3.7212992607,18,72,2020-08-17 04:00,2020-08-17 08:00,2020-08-20 04:00,-4.5809536031,Q5_high,3.4775076309,3.2000000000,3.2000000000,3.0000000000,2.8000000000,3.7100000000,0.0000000000,-6.4538521138,-6.4538521138,-13.3531392625,14.7881066814
SOLUSDT_lower5_Q5_high_h72,SOL Q5 72H,phase3_lower5_Q5_best,SOLUSDT,lower,5pct,long,Q5_high,-3.7212992607,18,72,2020-08-17 12:00,2020-08-17 16:00,2020-08-20 12:00,-4.9854560225,Q5_high,3.6547121271,3.1300000000,3.1300000000,3.3300000000,2.8000000000,3.7100000000,0.0000000000,6.1939299440,6.1939299440,-11.1413587371,16.9998872067
SOLUSDT_lower5_Q5_high_h72,SOL Q5 72H,phase3_lower5_Q5_best,SOLUSDT,lower,5pct,long,Q5_high,-3.7212992607,18,72,2020-08-18 20:00,2020-08-19 00:00,2020-08-21 20:00,-5.5327063957,Q5_high,4.0009690030,3.3400000000,3.3300000000,2.9300000000,2.8000000000,3.4900000000,-0.2998502996,-13.0968383960,-12.7969880963,-17.3352886811,4.6929432222
SOLUSDT_lower5_Q5_high_h72,SOL Q5 72H,phase3_lower5_Q5_best,SOLUSDT,lower,5pct,long,Q5_high,-3.7212992607,18,72,2020-08-19 00:00,2020-08-19 04:00,2020-08-22 00:00,-7.1348080797,Q5_high,4.2862614072,3.1100000000,3.1000000000,2.8100000000,2.8000000000,3.4500000000,-0.3220614700,-10.1438242845,-9.8217628145,-10.1782694310,10.6972119552
SOLUSDT_lower5_Q5_high_h72,SOL Q5 72H,phase3_lower5_Q5_best,SOLUSDT,lower,5pct,long,Q5_high,-3.7212992607,18,72,2020-08-20 20:00,2020-08-21 00:00,2020-08-23 20:00,-3.9821494187,Q5_high,3.9558552868,3.2000000000,3.2000000000,3.2500000000,2.7400000000,3.4000000000,0.0000000000,1.5504186536,1.5504186536,-15.5192889406,6.0624621816
SOLUSDT_lower5_Q5_high_h72,SOL Q5 72H,phase3_lower5_Q5_best,SOLUSDT,lower,5pct,long,Q5_high,-3.7212992607,18,72,2020-08-21 20:00,2020-08-22 00:00,2020-08-24 20:00,-4.0139167590,Q5_high,3.4354228193,2.9300000000,2.9200000000,3.3400000000,2.7400000000,3.6200000000,-0.3418806749,13.0968383960,13.4387190708,-6.3625695880,21.4890409557
SOLUSDT_lower5_Q5_high_h72,SOL Q5 72H,phase3_lower5_Q5_best,SOLUSDT,lower,5pct,long,Q5_high,-3.7212992607,18,72,2020-08-22 00:00,2020-08-22 04:00,2020-08-25 00:00,-4.1817939683,Q5_high,3.2503041281,2.8100000000,2.8200000000,3.1500000000,2.7400000000,3.6200000000,0.3552401604,11.4217969492,11.0665567888,-2.8778964550,24.9737140888
SOLUSDT_lower5_Q5_high_h72,SOL Q5 72H,phase3_lower5_Q5_best,SOLUSDT,lower,5pct,long,Q5_high,-3.7212992607,18,72,2020-08-23 20:00,2020-08-24 00:00,2020-08-26 20:00,-4.2174925051,Q5_high,3.4402382387,3.2500000000,3.2700000000,3.5700000000,3.0000000000,3.8000000000,0.6134988568,9.3910599450,8.7775610882,-8.6177696241,15.0211081823
SOLUSDT_lower5_Q5_high_h72,SOL Q5 72H,phase3_lower5_Q5_best,SOLUSDT,lower,5pct,long,Q5_high,-3.7212992607,18,72,2020-08-24 16:00,2020-08-24 20:00,2020-08-27 16:00,-5.6311171563,Q5_high,3.6497816740,3.2800000000,3.2800000000,3.3700000000,3.0000000000,3.8600000000,0.0000000000,2.7069321968,2.7069321968,-8.9231133728,16.2823761081
SOLUSDT_lower5_Q5_high_h72,SOL Q5 72H,phase3_lower5_Q5_best,SOLUSDT,lower,5pct,long,Q5_high,-3.7212992607,18,72,2020-08-25 00:00,2020-08-25 04:00,2020-08-28 00:00,-5.8568354151,Q5_high,3.8615671329,3.1500000000,3.1500000000,3.7600000000,3.0000000000,3.8600000000,0.0000000000,17.7016504564,17.7016504564,-4.8790164169,20.3264730639
SOLUSDT_lower5_Q5_high_h72,SOL Q5 72H,phase3_lower5_Q5_best,SOLUSDT,lower,5pct,long,Q5_high,-3.7212992607,18,72,2020-08-27 08:00,2020-08-27 12:00,2020-08-30 08:00,-8.1620528355,Q5_high,3.7170142052,3.4100000000,3.4100000000,4.5600000000,3.2400000000,4.5800000000,0.0000000000,29.0610332231,29.0610332231,-5.1138961491,29.4986706831
SOLUSDT_lower5_Q5_high_h72,SOL Q5 72H,phase3_lower5_Q5_best,SOLUSDT,lower,5pct,long,Q5_high,-3.7212992607,18,72,2020-08-28 20:00,2020-08-29 00:00,2020-08-31 20:00,-4.3909492616,Q5_high,4.3714102193,4.0100000000,4.0100000000,4.7400000000,3.7700000000,4.8900000000,0.0000000000,16.7245894389,16.7245894389,-6.1716239859,19.8401062168
SOLUSDT_lower5_Q5_high_h72,SOL Q5 72H,phase3_lower5_Q5_best,SOLUSDT,lower,5pct,long,Q5_high,-3.7212992607,18,72,2020-08-29 04:00,2020-08-29 08:00,2020-09-01 04:00,-3.8814704216,Q5_high,4.5012413586,3.7900000000,3.7900000000,4.6900000000,3.7700000000,4.9500000000,0.0000000000,21.3066563364,21.3066563364,-0.5291017634,26.7021557486
SOLUSDT_lower5_Q5_high_h72,SOL Q5 72H,phase3_lower5_Q5_best,SOLUSDT,lower,5pct,long,Q5_high,-3.7212992607,18,72,2020-08-31 04:00,2020-08-31 08:00,2020-09-03 04:00,-5.4451319604,Q5_high,4.4758214495,4.1100000000,4.1100000000,4.3800000000,3.6600000000,4.9500000000,0.0000000000,6.3625695880,6.3625695880,-11.5959881095,18.5964548072
SOLUSDT_lower5_Q5_high_h72,SOL Q5 72H,phase3_lower5_Q5_best,SOLUSDT,lower,5pct,long,Q5_high,-3.7212992607,18,72,2020-09-01 20:00,2020-09-02 00:00,2020-09-04 20:00,-5.8181955383,Q5_high,4.0555590550,4.3400000000,4.3200000000,3.5300000000,3.1700000000,4.4600000000,-0.4618945856,-20.6576477167,-20.1957531311,-30.9523814367,3.1893363776
SOLUSDT_lower5_Q5_high_h72,SOL Q5 72H,phase3_lower5_Q5_best,SOLUSDT,lower,5pct,long,Q5_high,-3.7212992607,18,72,2020-09-02 08:00,2020-09-02 12:00,2020-09-05 08:00,-4.0920269789,Q5_high,4.1729399324,4.0700000000,4.0900000000,2.4800000000,2.0900000000,4.4600000000,0.4901970600,-49.5384439278,-50.0286409878,-67.1380904078,8.6603795977
SOLUSDT_lower5_Q5_high_h72,SOL Q5 72H,phase3_lower5_Q5_best,SOLUSDT,lower,5pct,long,Q5_high,-3.7212992607,18,72,2020-09-03 00:00,2020-09-03 04:00,2020-09-06 00:00,-6.6939482675,Q5_high,3.8091946056,3.9000000000,3.9000000000,2.3000000000,2.0900000000,4.4600000000,0.0000000000,-52.8067430200,-52.8067430200,-62.3812487159,13.4172212896
SOLUSDT_lower5_Q5_high_h72,SOL Q5 72H,phase3_lower5_Q5_best,SOLUSDT,lower,5pct,long,Q5_high,-3.7212992607,18,72,2020-09-03 08:00,2020-09-03 12:00,2020-09-06 08:00,-6.1195561027,Q5_high,4.8586806392,4.1200000000,4.1100000000,2.9500000000,2.0900000000,4.1300000000,-0.2430134853,-33.4047993010,-33.1617858156,-67.6258962531,0.4854378465
SOLUSDT_lower5_Q5_high_h72,SOL Q5 72H,phase3_lower5_Q5_best,SOLUSDT,lower,5pct,long,Q5_high,-3.7212992607,18,72,2020-09-03 12:00,2020-09-03 16:00,2020-09-06 12:00,-8.0852096629,Q5_high,5.0394654402,3.8000000000,3.8000000000,2.8900000000,2.0900000000,4.0400000000,0.0000000000,-27.3744564608,-27.3744564608,-59.7837000756,6.1243625241
SOLUSDT_lower5_Q5_high_h72,SOL Q5 72H,phase3_lower5_Q5_best,SOLUSDT,lower,5pct,long,Q5_high,-3.7212992607,18,72,2020-09-03 20:00,2020-09-04 00:00,2020-09-06 20:00,-9.2457110822,Q5_high,5.2786829672,3.5100000000,3.5100000000,3.0900000000,2.0900000000,3.8300000000,0.0000000000,-12.7444946568,-12.7444946568,-51.8451971501,8.7248765715
SOLUSDT_lower5_Q5_high_h72,SOL Q5 72H,phase3_lower5_Q5_best,SOLUSDT,lower,5pct,long,Q5_high,-3.7212992607,18,72,2020-09-04 12:00,2020-09-04 16:00,2020-09-07 12:00,-6.6594788803,Q5_high,4.9226088971,3.3400000000,3.3400000000,2.7000000000,2.0900000000,3.7000000000,0.0000000000,-21.2719033978,-21.2719033978,-46.8806741012,10.2362012662
SOLUSDT_lower5_Q5_high_h72,SOL Q5 72H,phase3_lower5_Q5_best,SOLUSDT,lower,5pct,long,Q5_high,-3.7212992607,18,72,2020-09-05 04:00,2020-09-05 08:00,2020-09-08 04:00,-4.6117682095,Q5_high,5.0152935584,3.3900000000,3.3900000000,2.6600000000,2.0900000000,3.3900000000,0.0000000000,-24.2503798599,-24.2503798599,-48.3665855416,0.0000000000
SOLUSDT_lower5_Q5_high_h72,SOL Q5 72H,phase3_lower5_Q5_best,SOLUSDT,lower,5pct,long,Q5_high,-3.7212992607,18,72,2020-09-05 08:00,2020-09-05 12:00,2020-09-08 08:00,-31.2571361215,Q5_high,8.3587513753,2.4800000000,2.4800000000,2.4800000000,2.2500000000,3.2000000000,0.0000000000,0.0000000000,0.0000000000,-9.7328343961,25.4892249629
SOLUSDT_lower5_Q5_high_h72,SOL Q5 72H,phase3_lower5_Q5_best,SOLUSDT,lower,5pct,long,Q5_high,-3.7212992607,18,72,2020-09-05 16:00,2020-09-05 20:00,2020-09-08 16:00,-12.0144311842,Q5_high,8.8839178470,2.3500000000,2.3400000000,2.4500000000,2.2600000000,3.2000000000,-0.4264398786,4.1672696401,4.5937095187,-3.4786116085,31.2999880436
SOLUSDT_lower5_Q5_high_h72,SOL Q5 72H,phase3_lower5_Q5_best,SOLUSDT,lower,5pct,long,Q5_high,-3.7212992607,18,72,2020-09-06 00:00,2020-09-06 04:00,2020-09-09 00:00,-12.6441098399,Q5_high,9.6136851303,2.3000000000,2.3100000000,2.4100000000,2.2700000000,3.2000000000,0.4338401599,4.6717624567,4.2379222969,-1.7467693040,32.5903285272
SOLUSDT_lower5_Q5_high_h72,SOL Q5 72H,phase3_lower5_Q5_best,SOLUSDT,lower,5pct,long,Q5_high,-3.7212992607,18,72,2020-09-07 00:00,2020-09-07 04:00,2020-09-10 00:00,-5.6587474629,Q5_high,10.4069881353,2.9200000000,2.9300000000,3.5500000000,2.3800000000,3.8800000000,0.3418806749,19.5363987207,19.1945180458,-20.7901935346,28.0832730606
SOLUSDT_lower5_Q5_high_h72,SOL Q5 72H,phase3_lower5_Q5_best,SOLUSDT,lower,5pct,long,Q5_high,-3.7212992607,18,72,2020-09-07 04:00,2020-09-07 08:00,2020-09-10 04:00,-3.8399132935,Q5_high,10.2611934571,2.8100000000,2.8000000000,3.4000000000,2.3800000000,3.8800000000,-0.3565066164,19.0590948276,19.4156014441,-16.2518929498,32.6215736454
SOLUSDT_lower5_Q5_high_h72,SOL Q5 72H,phase3_lower5_Q5_best,SOLUSDT,lower,5pct,long,Q5_high,-3.7212992607,18,72,2020-09-07 08:00,2020-09-07 12:00,2020-09-10 08:00,-10.4965180606,Q5_high,10.4170132700,2.5300000000,2.5400000000,3.5500000000,2.3800000000,3.8800000000,0.3944778291,33.8728300748,33.4783522457,-6.5063593347,42.3671072605
SOLUSDT_lower5_Q5_high_h72,SOL Q5 72H,phase3_lower5_Q5_best,SOLUSDT,lower,5pct,long,Q5_high,-3.7212992607,18,72,2020-09-08 00:00,2020-09-08 04:00,2020-09-11 00:00,-5.6352936551,Q5_high,10.6431607713,2.7600000000,2.7600000000,3.0900000000,2.3800000000,3.8800000000,0.0000000000,11.2940411181,11.2940411181,-14.8130192046,34.0604473906
SOLUSDT_lower5_Q5_high_h72,SOL Q5 72H,phase3_lower5_Q5_best,SOLUSDT,lower,5pct,long,Q5_high,-3.7212992607,18,72,2020-09-08 08:00,2020-09-08 12:00,2020-09-11 08:00,-7.0067562617,Q5_high,10.7111023380,2.4800000000,2.4600000000,3.1200000000,2.3800000000,3.8800000000,-0.8097210233,22.9574441645,23.7671651877,-3.3060862261,45.5673803691
SOLUSDT_lower5_Q5_high_h72,SOL Q5 72H,phase3_lower5_Q5_best,SOLUSDT,lower,5pct,long,Q5_high,-3.7212992607,18,72,2020-09-10 04:00,2020-09-10 08:00,2020-09-13 04:00,-4.3172171865,Q5_high,7.5633928455,3.4000000000,3.4000000000,3.3100000000,3.0300000000,3.8500000000,0.0000000000,-2.6827242233,-2.6827242233,-11.5212812101,12.4297716678
SOLUSDT_lower5_Q5_high_h72,SOL Q5 72H,phase3_lower5_Q5_best,SOLUSDT,lower,5pct,long,Q5_high,-3.7212992607,18,72,2020-09-10 16:00,2020-09-10 20:00,2020-09-13 16:00,-4.0351295524,Q5_high,6.9805883386,3.4000000000,3.4000000000,3.1600000000,2.9800000000,3.5000000000,0.0000000000,-7.3203404023,-7.3203404023,-13.1852131105,2.8987536873
SOLUSDT_lower5_Q5_high_h72,SOL Q5 72H,phase3_lower5_Q5_best,SOLUSDT,lower,5pct,long,Q5_high,-3.7212992607,18,72,2020-09-11 00:00,2020-09-11 04:00,2020-09-14 00:00,-11.8861202877,Q5_high,7.4861809847,3.0900000000,3.0800000000,3.1500000000,2.9800000000,3.4700000000,-0.3241493924,1.9231361928,2.2472855852,-3.3006296468,11.9224996973
SOLUSDT_lower5_Q5_high_h72,SOL Q5 72H,phase3_lower5_Q5_best,SOLUSDT,lower,5pct,long,Q5_high,-3.7212992607,18,72,2020-09-12 20:00,2020-09-13 00:00,2020-09-15 20:00,-3.8296285077,Q5_high,4.1666442663,3.3300000000,3.3400000000,2.9300000000,2.9000000000,3.5400000000,0.2998502996,-12.7969880963,-13.0968383960,-14.1260069996,5.8155920157
SOLUSDT_lower5_Q5_high_h72,SOL Q5 72H,phase3_lower5_Q5_best,SOLUSDT,lower,5pct,long,Q5_high,-3.7212992607,18,72,2020-09-13 08:00,2020-09-13 12:00,2020-09-16 08:00,-4.3216601500,Q5_high,4.1090960437,3.1700000000,3.1600000000,2.5900000000,2.5000000000,3.5400000000,-0.3159560290,-20.2073712178,-19.8914151887,-23.4281295725,11.3554699547
SOLUSDT_lower5_Q5_high_h72,SOL Q5 72H,phase3_lower5_Q5_best,SOLUSDT,lower,5pct,long,Q5_high,-3.7212992607,18,72,2020-09-15 12:00,2020-09-15 16:00,2020-09-18 12:00,-5.0643732819,Q5_high,3.1954161582,3.0800000000,3.0800000000,2.9000000000,2.3600000000,3.1600000000,0.0000000000,-6.0218859993,-6.0218859993,-26.6267977948,2.5642430613
SOLUSDT_lower5_Q5_high_h72,SOL Q5 72H,phase3_lower5_Q5_best,SOLUSDT,lower,5pct,long,Q5_high,-3.7212992607,18,72,2020-09-16 00:00,2020-09-16 04:00,2020-09-19 00:00,-8.5461229415,Q5_high,3.3386062633,2.6900000000,2.6900000000,3.1200000000,2.3600000000,3.2500000000,0.0000000000,14.8291808208,14.8291808208,-13.0879574576,18.9113802728
SOLUSDT_lower5_Q5_high_h72,SOL Q5 72H,phase3_lower5_Q5_best,SOLUSDT,lower,5pct,long,Q5_high,-3.7212992607,18,72,2020-09-16 08:00,2020-09-16 12:00,2020-09-19 08:00,-5.6300044689,Q5_high,3.5072892294,2.5900000000,2.5800000000,3.0500000000,2.3600000000,3.2500000000,-0.3868476778,16.3483714908,16.7352191686,-8.9127779896,23.0865597408
SOLUSDT_lower5_Q5_high_h72,SOL Q5 72H,phase3_lower5_Q5_best,SOLUSDT,lower,5pct,long,Q5_high,-3.7212992607,18,72,2020-09-18 12:00,2020-09-18 16:00,2020-09-21 12:00,-5.3704178972,Q5_high,3.7301375043,2.9000000000,2.9100000000,2.6800000000,2.4700000000,3.2500000000,0.3442344191,-7.8893942470,-8.2336286661,-16.3934930544,11.0501915158
SOLUSDT_lower5_Q5_high_h72,SOL Q5 72H,phase3_lower5_Q5_best,SOLUSDT,lower,5pct,long,Q5_high,-3.7212992607,18,72,2020-09-20 12:00,2020-09-20 16:00,2020-09-23 12:00,-5.2004784990,Q5_high,3.3372809414,2.8100000000,2.8100000000,2.9100000000,2.4700000000,3.0900000000,0.0000000000,3.4968597838,3.4968597838,-12.8966332706,9.4986607564
SOLUSDT_lower5_Q5_high_h72,SOL Q5 72H,phase3_lower5_Q5_best,SOLUSDT,lower,5pct,long,Q5_high,-3.7212992607,18,72,2020-09-21 04:00,2020-09-21 08:00,2020-09-24 04:00,-9.0971778206,Q5_high,3.7469119252,2.7300000000,2.7300000000,3.0400000000,2.4700000000,3.0900000000,0.0000000000,10.7555906221,10.7555906221,-10.0083458557,12.3869481713
SOLUSDT_lower5_Q5_high_h72,SOL Q5 72H,phase3_lower5_Q5_best,SOLUSDT,lower,5pct,long,Q5_high,-3.7212992607,18,72,2020-09-21 08:00,2020-09-21 12:00,2020-09-24 08:00,-4.1127291424,Q5_high,3.8430840120,2.6200000000,2.6100000000,3.0100000000,2.5000000000,3.0900000000,-0.3824096438,13.8765760988,14.2589857426,-4.3059489460,16.8820869575
SOLUSDT_lower5_Q5_high_h72,SOL Q5 72H,phase3_lower5_Q5_best,SOLUSDT,lower,5pct,long,Q5_high,-3.7212992607,18,72,2020-09-22 04:00,2020-09-22 08:00,2020-09-25 04:00,-7.9178029712,Q5_high,3.8524187924,2.6700000000,2.6700000000,3.0100000000,2.6700000000,3.2600000000,0.0000000000,11.9861606349,11.9861606349,0.0000000000,19.9648722966
SOLUSDT_lower5_Q5_high_h72,SOL Q5 72H,phase3_lower5_Q5_best,SOLUSDT,lower,5pct,long,Q5_high,-3.7212992607,18,72,2020-09-23 16:00,2020-09-23 20:00,2020-09-26 16:00,-4.2111485350,Q5_high,4.4474406327,2.7900000000,2.7900000000,3.0600000000,2.7000000000,3.2800000000,0.0000000000,9.2373320131,9.2373320131,-3.2789822823,16.1801826563
SOLUSDT_lower5_Q5_high_h72,SOL Q5 72H,phase3_lower5_Q5_best,SOLUSDT,lower,5pct,long,Q5_high,-3.7212992607,18,72,2020-09-25 00:00,2020-09-25 04:00,2020-09-28 00:00,-4.2282721159,Q5_high,3.6352153976,3.0100000000,3.0100000000,3.1100000000,2.9000000000,3.2800000000,0.0000000000,3.2682647430,3.2682647430,-3.7229341768,8.5903343635
SOLUSDT_lower5_Q5_high_h72,SOL Q5 72H,phase3_lower5_Q5_best,SOLUSDT,lower,5pct,long,Q5_high,-3.7212992607,18,72,2020-10-02 08:00,2020-10-02 12:00,2020-10-05 08:00,-7.7860321772,Q5_high,2.9852964950,2.4700000000,2.4700000000,2.5300000000,2.4200000000,2.6700000000,0.0000000000,2.4001152100,2.4001152100,-2.0450610471,7.7860321772
SOLUSDT_lower5_Q5_high_h72,SOL Q5 72H,phase3_lower5_Q5_best,SOLUSDT,lower,5pct,long,Q5_high,-3.7212992607,18,72,2020-10-03 20:00,2020-10-04 00:00,2020-10-06 20:00,-4.6162041763,Q5_high,3.2811873990,2.5400000000,2.5400000000,2.1700000000,2.1300000000,2.6800000000,0.0000000000,-15.7436913478,-15.7436913478,-17.6042101309,5.3652713492
SOLUSDT_lower5_Q5_high_h72,SOL Q5 72H,phase3_lower5_Q5_best,SOLUSDT,lower,5pct,long,Q5_high,-3.7212992607,18,72,2020-10-08 04:00,2020-10-08 08:00,2020-10-11 04:00,-7.8562322503,Q5_high,3.3339683543,2.0800000000,2.0800000000,2.3900000000,2.0600000000,2.6300000000,0.0000000000,13.8925472230,13.8925472230,-0.9661910912,23.4615952476
SOLUSDT_lower5_Q5_high_h72,SOL Q5 72H,phase3_lower5_Q5_best,SOLUSDT,lower,5pct,long,Q5_high,-3.7212992607,18,72,2020-10-08 16:00,2020-10-08 20:00,2020-10-11 16:00,-4.6324071674,Q5_high,4.5267490799,2.3200000000,2.3300000000,2.4200000000,2.3000000000,2.6300000000,0.4301081899,4.2200354490,3.7899272591,-1.2959144643,12.1115578612
SOLUSDT_lower5_Q5_high_h72,SOL Q5 72H,phase3_lower5_Q5_best,SOLUSDT,lower,5pct,long,Q5_high,-3.7212992607,18,72,2020-10-09 16:00,2020-10-09 20:00,2020-10-12 16:00,-3.9375165235,Q5_high,4.5585371717,2.4900000000,2.4800000000,2.6300000000,2.3400000000,2.6600000000,-0.4024150300,5.4701135713,5.8725286013,-5.8107630807,7.0067562617
SOLUSDT_lower5_Q5_high_h72,SOL Q5 72H,phase3_lower5_Q5_best,SOLUSDT,lower,5pct,long,Q5_high,-3.7212992607,18,72,2020-11-05 08:00,2020-11-05 12:00,2020-11-08 08:00,-5.7987257650,Q5_high,3.0635621915,1.3400000000,1.3400000000,2.1700000000,1.3000000000,2.5000000000,0.0000000000,48.2057553590,48.2057553590,-3.0305349495,62.3621117911
SOLUSDT_lower5_Q5_high_h72,SOL Q5 72H,phase3_lower5_Q5_best,SOLUSDT,lower,5pct,long,Q5_high,-3.7212992607,18,72,2020-11-07 12:00,2020-11-07 16:00,2020-11-10 12:00,-10.0741569802,Q5_high,5.4946384694,2.1700000000,2.1700000000,2.1900000000,1.8300000000,2.2800000000,0.0000000000,0.9174376276,0.9174376276,-17.0411200699,4.9448275414
SOLUSDT_lower5_Q5_high_h72,SOL Q5 72H,phase3_lower5_Q5_best,SOLUSDT,lower,5pct,long,Q5_high,-3.7212992607,18,72,2020-11-07 16:00,2020-11-07 20:00,2020-11-10 16:00,-13.8150338481,Q5_high,6.5791655457,1.8900000000,1.8900000000,2.2500000000,1.8300000000,2.3000000000,0.0000000000,17.4353387145,17.4353387145,-3.2260862218,19.6332293864
SOLUSDT_lower5_Q5_high_h72,SOL Q5 72H,phase3_lower5_Q5_best,SOLUSDT,lower,5pct,long,Q5_high,-3.7212992607,18,72,2020-11-08 16:00,2020-11-08 20:00,2020-11-11 16:00,-4.5670036833,Q5_high,6.5968362248,2.1400000000,2.1400000000,2.0300000000,1.9500000000,2.3300000000,0.0000000000,-5.2770035980,-5.2770035980,-9.2976456458,8.5062438544
SOLUSDT_lower5_Q5_high_h72,SOL Q5 72H,phase3_lower5_Q5_best,SOLUSDT,lower,5pct,long,Q5_high,-3.7212992607,18,72,2020-11-09 12:00,2020-11-09 16:00,2020-11-12 12:00,-8.7011376990,Q5_high,6.7322102091,1.9800000000,1.9800000000,1.9100000000,1.9000000000,2.3300000000,0.0000000000,-3.5993602648,-3.5993602648,-4.1242958534,16.2771422871
SOLUSDT_lower5_Q5_high_h72,SOL Q5 72H,phase3_lower5_Q5_best,SOLUSDT,lower,5pct,long,Q5_high,-3.7212992607,18,72,2020-11-11 08:00,2020-11-11 12:00,2020-11-14 08:00,-5.5569851155,Q5_high,4.1109333996,2.1000000000,2.1000000000,1.9000000000,1.8300000000,2.1600000000,0.0000000000,-10.0083458557,-10.0083458557,-13.7621377876,2.8170876967
SOLUSDT_lower5_Q5_high_h72,SOL Q5 72H,phase3_lower5_Q5_best,SOLUSDT,lower,5pct,long,Q5_high,-3.7212992607,18,72,2020-11-11 16:00,2020-11-11 20:00,2020-11-14 16:00,-4.3380295630,Q5_high,3.6639963448,2.0300000000,2.0400000000,1.9400000000,1.8300000000,2.0800000000,0.4914014802,-4.5347819978,-5.0261834781,-10.8633841003,1.9418085857
SOLUSDT_lower5_Q5_high_h72,SOL Q5 72H,phase3_lower5_Q5_best,SOLUSDT,lower,5pct,long,Q5_high,-3.7212992607,18,72,2020-11-15 16:00,2020-11-15 20:00,2020-11-18 16:00,-8.0421567311,Q5_high,3.0820238231,2.0300000000,2.0300000000,2.1000000000,1.9300000000,2.3700000000,0.0000000000,3.3901551676,3.3901551676,-5.0515790137,15.4854162093
SOLUSDT_lower5_Q5_high_h72,SOL Q5 72H,phase3_lower5_Q5_best,SOLUSDT,lower,5pct,long,Q5_high,-3.7212992607,18,72,2020-11-22 00:00,2020-11-22 04:00,2020-11-25 00:00,-6.9593291799,Q5_high,3.5300680382,2.2200000000,2.2200000000,2.2000000000,2.0400000000,2.4700000000,0.0000000000,-0.9049835520,-0.9049835520,-8.4557388028,10.6710954756
SOLUSDT_lower5_Q5_high_h72,SOL Q5 72H,phase3_lower5_Q5_best,SOLUSDT,lower,5pct,long,Q5_high,-3.7212992607,18,72,2020-11-22 08:00,2020-11-22 12:00,2020-11-25 08:00,-4.6520015635,Q5_high,3.6378438841,2.1000000000,2.1000000000,2.3000000000,2.0800000000,2.4700000000,0.0000000000,9.0971778206,9.0971778206,-0.9569451016,16.2280805911
SOLUSDT_lower5_Q5_high_h72,SOL Q5 72H,phase3_lower5_Q5_best,SOLUSDT,lower,5pct,long,Q5_high,-3.7212992607,18,72,2020-11-22 20:00,2020-11-23 00:00,2020-11-25 20:00,-5.4311989354,Q5_high,3.9527353233,2.1500000000,2.1600000000,2.2700000000,2.1100000000,2.4900000000,0.4640379557,5.4311989354,4.9671609797,-2.3420274208,14.2174488781
SOLUSDT_lower5_Q5_high_h72,SOL Q5 72H,phase3_lower5_Q5_best,SOLUSDT,lower,5pct,long,Q5_high,-3.7212992607,18,72,2020-11-23 12:00,2020-11-23 16:00,2020-11-26 12:00,-4.4451762571,Q5_high,4.1138547993,2.2000000000,2.2100000000,1.8300000000,1.7200000000,2.4900000000,0.4535155165,-18.4141393511,-18.8676548676,-25.0668224704,11.9290194947
SOLUSDT_lower5_Q5_high_h72,SOL Q5 72H,phase3_lower5_Q5_best,SOLUSDT,lower,5pct,long,Q5_high,-3.7212992607,18,72,2020-11-24 08:00,2020-11-24 12:00,2020-11-27 08:00,-6.0888369675,Q5_high,4.4338366666,2.2300000000,2.2200000000,1.8300000000,1.7200000000,2.4900000000,-0.4494389588,-19.7685618619,-19.3191229031,-25.5182905059,11.4775514592
SOLUSDT_lower5_Q5_high_h72,SOL Q5 72H,phase3_lower5_Q5_best,SOLUSDT,lower,5pct,long,Q5_high,-3.7212992607,18,72,2020-11-25 20:00,2020-11-26 00:00,2020-11-28 20:00,-6.3987708675,Q5_high,3.5730861454,2.2700000000,2.2700000000,1.8900000000,1.7200000000,2.3100000000,0.0000000000,-18.3203002422,-18.3203002422,-27.7455540668,1.7467693040
SOLUSDT_lower5_Q5_high_h72,SOL Q5 72H,phase3_lower5_Q5_best,SOLUSDT,lower,5pct,long,Q5_high,-3.7212992607,18,72,2020-11-26 00:00,2020-11-26 04:00,2020-11-29 00:00,-15.7091858418,Q5_high,4.9282419698,1.9400000000,1.9400000000,1.8900000000,1.7200000000,2.0400000000,0.0000000000,-2.6111144004,-2.6111144004,-12.0363682250,5.0261834781
SOLUSDT_lower5_Q5_high_h72,SOL Q5 72H,phase3_lower5_Q5_best,SOLUSDT,lower,5pct,long,Q5_high,-3.7212992607,18,72,2020-11-26 04:00,2020-11-26 08:00,2020-11-29 04:00,-5.8372006222,Q5_high,4.9491772900,1.8300000000,1.8400000000,1.8900000000,1.7200000000,2.0400000000,0.5449604768,3.2260862218,2.6811257451,-6.7441280796,10.3184236235
SOLUSDT_lower5_Q5_high_h72,SOL Q5 72H,phase3_lower5_Q5_best,SOLUSDT,lower,5pct,long,Q5_high,-3.7212992607,18,72,2020-11-27 08:00,2020-11-27 12:00,2020-11-30 08:00,-4.2787275205,Q5_high,4.8188527638,1.8300000000,1.8300000000,1.9600000000,1.7700000000,1.9800000000,0.0000000000,6.8628506389,6.8628506389,-3.3336420268,7.8780877853
SOLUSDT_lower5_Q5_high_h72,SOL Q5 72H,phase3_lower5_Q5_best,SOLUSDT,lower,5pct,long,Q5_high,-3.7212992607,18,72,2020-12-11 00:00,2020-12-11 04:00,2020-12-14 00:00,-3.8965968533,Q5_high,3.1150861868,1.5100000000,1.5100000000,1.5900000000,1.4300000000,1.7000000000,0.0000000000,5.1624365405,5.1624365405,-5.4435206555,11.8518600235
SOLUSDT_lower5_Q5_high_h72,SOL Q5 72H,phase3_lower5_Q5_best,SOLUSDT,lower,5pct,long,Q5_high,-3.7212992607,18,72,2020-12-16 00:00,2020-12-16 04:00,2020-12-19 00:00,-7.6733794231,Q5_high,3.1642110197,1.6300000000,1.6300000000,1.7500000000,1.6200000000,1.8100000000,0.0000000000,7.1035773117,7.1035773117,-0.6153865574,10.4746830459
SOLUSDT_lower5_Q5_high_h72,SOL Q5 72H,phase3_lower5_Q5_best,SOLUSDT,lower,5pct,long,Q5_high,-3.7212992607,18,72,2020-12-17 00:00,2020-12-17 04:00,2020-12-20 00:00,-4.0119993789,Q5_high,3.5584582369,1.7100000000,1.7100000000,1.6400000000,1.6300000000,1.8000000000,0.0000000000,-4.1797128678,-4.1797128678,-4.7913355696,5.1293294388
SOLUSDT_lower5_Q5_high_h72,SOL Q5 72H,phase3_lower5_Q5_best,SOLUSDT,lower,5pct,long,Q5_high,-3.7212992607,18,72,2020-12-17 16:00,2020-12-17 20:00,2020-12-20 16:00,-4.1061486798,Q5_high,3.6320592834,1.6700000000,1.6700000000,1.5600000000,1.5600000000,1.7700000000,0.0000000000,-6.8137805167,-6.8137805167,-6.8137805167,5.8155920157
SOLUSDT_lower5_Q5_high_h72,SOL Q5 72H,phase3_lower5_Q5_best,SOLUSDT,lower,5pct,long,Q5_high,-3.7212992607,18,72,2020-12-23 20:00,2020-12-24 00:00,2020-12-26 20:00,-8.0042707674,Q5_high,3.0533351706,1.2000000000,1.2000000000,1.3300000000,1.1700000000,1.4600000000,0.0000000000,10.2857385440,10.2857385440,-2.5317807984,19.6114878926
SOLUSDT_lower5_Q5_high_h72,SOL Q5 72H,phase3_lower5_Q5_best,SOLUSDT,lower,5pct,long,Q5_high,-3.7212992607,18,72,2020-12-29 00:00,2020-12-29 04:00,2021-01-01 00:00,-4.7146778426,Q5_high,3.1095082026,1.4500000000,1.4500000000,1.6000000000,1.4200000000,1.7400000000,0.0000000000,9.8440072813,9.8440072813,-2.0906684819,18.2321556794
SOLUSDT_lower5_Q5_high_h72,SOL Q5 72H,phase3_lower5_Q5_best,SOLUSDT,lower,5pct,long,Q5_high,-3.7212992607,18,72,2020-12-30 04:00,2020-12-30 08:00,2021-01-02 04:00,-3.7271394797,Q5_high,3.6235376918,1.5800000000,1.5800000000,1.7500000000,1.4200000000,1.9100000000,0.0000000000,10.2190940897,10.2190940897,-10.6767975426,18.9678395020
SOLUSDT_lower5_Q5_high_h72,SOL Q5 72H,phase3_lower5_Q5_best,SOLUSDT,lower,5pct,long,Q5_high,-3.7212992607,18,72,2021-01-02 04:00,2021-01-02 08:00,2021-01-05 04:00,-6.0960699790,Q5_high,3.4142028074,1.7500000000,1.7500000000,2.1900000000,1.7100000000,2.5100000000,0.0000000000,22.4285755893,22.4285755893,-2.3122417421,36.0666965208
SOLUSDT_lower5_Q5_high_h72,SOL Q5 72H,phase3_lower5_Q5_best,SOLUSDT,lower,5pct,long,Q5_high,-3.7212992607,18,72,2021-01-02 20:00,2021-01-03 00:00,2021-01-05 20:00,-6.4538521138,Q5_high,3.9568904134,1.8000000000,1.8000000000,2.1600000000,1.8000000000,2.5100000000,0.0000000000,18.2321556794,18.2321556794,0.0000000000,33.2496088242
SOLUSDT_lower5_Q5_high_h72,SOL Q5 72H,phase3_lower5_Q5_best,SOLUSDT,lower,5pct,long,Q5_high,-3.7212992607,18,72,2021-01-03 12:00,2021-01-03 16:00,2021-01-06 12:00,-9.2231224216,Q5_high,5.1766689223,2.0700000000,2.0700000000,2.0800000000,1.8600000000,2.5100000000,0.0000000000,0.4819286436,0.4819286436,-10.6972119552,19.2734145866
SOLUSDT_lower5_Q5_high_h72,SOL Q5 72H,phase3_lower5_Q5_best,SOLUSDT,lower,5pct,long,Q5_high,-3.7212992607,18,72,2021-01-03 16:00,2021-01-03 20:00,2021-01-06 16:00,-5.4604134035,Q5_high,5.3562993071,1.9600000000,1.9600000000,1.9800000000,1.8600000000,2.5100000000,0.0000000000,1.0152371464,1.0152371464,-5.2367985517,24.7338279901
SOLUSDT_lower5_Q5_high_h72,SOL Q5 72H,phase3_lower5_Q5_best,SOLUSDT,lower,5pct,long,Q5_high,-3.7212992607,18,72,2021-01-04 04:00,2021-01-04 08:00,2021-01-07 04:00,-8.5831435850,Q5_high,6.0643995508,2.1200000000,2.1200000000,2.1300000000,1.8600000000,2.5100000000,0.0000000000,0.4705891037,0.4705891037,-13.0839600959,16.8866664460
SOLUSDT_lower5_Q5_high_h72,SOL Q5 72H,phase3_lower5_Q5_best,SOLUSDT,lower,5pct,long,Q5_high,-3.7212992607,18,72,2021-01-04 08:00,2021-01-04 12:00,2021-01-07 08:00,-3.8466280828,Q5_high,6.1047622613,2.0400000000,2.0400000000,2.2000000000,1.9000000000,2.5100000000,0.0000000000,7.5507552508,7.5507552508,-7.1095921684,20.7332945288
SOLUSDT_lower5_Q5_high_h72,SOL Q5 72H,phase3_lower5_Q5_best,SOLUSDT,lower,5pct,long,Q5_high,-3.7212992607,18,72,2021-01-05 00:00,2021-01-05 04:00,2021-01-08 00:00,-12.8381166648,Q5_high,7.3363776524,2.1900000000,2.1900000000,2.2600000000,1.9000000000,2.6500000000,0.0000000000,3.1463269456,3.1463269456,-14.2047657656,19.0658096170
SOLUSDT_lower5_Q5_high_h72,SOL Q5 72H,phase3_lower5_Q5_best,SOLUSDT,lower,5pct,long,Q5_high,-3.7212992607,18,72,2021-01-05 12:00,2021-01-05 16:00,2021-01-08 12:00,-8.3198943855,Q5_high,7.5650888558,2.1900000000,2.1900000000,3.3000000000,1.9000000000,3.8000000000,0.0000000000,41.0020924644,41.0020924644,-14.2047657656,55.1099522904
SOLUSDT_lower5_Q5_high_h72,SOL Q5 72H,phase3_lower5_Q5_best,SOLUSDT,lower,5pct,long,Q5_high,-3.7212992607,18,72,2021-01-06 00:00,2021-01-06 04:00,2021-01-09 00:00,-8.1973582960,Q5_high,7.7242094681,1.9900000000,1.9900000000,3.1600000000,1.9000000000,3.8000000000,0.0000000000,46.2437388862,46.2437388862,-4.6280752564,64.6866427996
SOLUSDT_lower5_Q5_high_h72,SOL Q5 72H,phase3_lower5_Q5_best,SOLUSDT,lower,5pct,long,Q5_high,-3.7212992607,18,72,2021-01-06 16:00,2021-01-06 20:00,2021-01-09 16:00,-4.9271049007,Q5_high,7.0095320122,1.9800000000,1.9800000000,3.6200000000,1.9000000000,3.8000000000,0.0000000000,60.3377181131,60.3377181131,-4.1242958534,65.1904222026
SOLUSDT_lower5_Q5_high_h72,SOL Q5 72H,phase3_lower5_Q5_best,SOLUSDT,lower,5pct,long,Q5_high,-3.7212992607,18,72,2021-01-08 00:00,2021-01-08 04:00,2021-01-11 00:00,-4.3296805753,Q5_high,5.8826973473,2.2600000000,2.2600000000,3.1400000000,2.1900000000,3.8000000000,0.0000000000,32.8857986636,32.8857986636,-3.1463269456,51.9636253448
SOLUSDT_lower5_Q5_high_h72,SOL Q5 72H,phase3_lower5_Q5_best,SOLUSDT,lower,5pct,long,Q5_high,-3.7212992607,18,72,2021-01-09 20:00,2021-01-10 00:00,2021-01-12 20:00,-6.8598316343,Q5_high,8.0259130699,3.3800000000,3.3700000000,3.6400000000,2.5800000000,3.8800000000,-0.2962965131,7.4107972154,7.7070937284,-26.7123345431,14.0922409271
SOLUSDT_lower5_Q5_high_h72,SOL Q5 72H,phase3_lower5_Q5_best,SOLUSDT,lower,5pct,long,Q5_high,-3.7212992607,18,72,2021-01-10 08:00,2021-01-10 12:00,2021-01-13 08:00,-13.7753237314,Q5_high,8.3870816341,3.2500000000,3.2500000000,3.3700000000,2.5800000000,3.8800000000,0.0000000000,3.6257748023,3.6257748023,-23.0865597408,17.7180157294
SOLUSDT_lower5_Q5_high_h72,SOL Q5 72H,phase3_lower5_Q5_best,SOLUSDT,lower,5pct,long,Q5_high,-3.7212992607,18,72,2021-01-11 00:00,2021-01-11 04:00,2021-01-14 00:00,-9.4151431123,Q5_high,8.6662959496,3.1400000000,3.1400000000,3.3800000000,2.5800000000,3.8800000000,0.0000000000,7.3652909575,7.3652909575,-19.6433400987,21.1612353715
SOLUSDT_lower5_Q5_high_h72,SOL Q5 72H,phase3_lower5_Q5_best,SOLUSDT,lower,5pct,long,Q5_high,-3.7212992607,18,72,2021-01-11 04:00,2021-01-11 08:00,2021-01-14 04:00,-4.8949412518,Q5_high,8.7771518688,2.9900000000,3.0000000000,3.4000000000,2.5800000000,3.8800000000,0.3338901266,12.8502044220,12.5163142954,-15.0822889735,25.7222864967
SOLUSDT_lower5_Q5_high_h72,SOL Q5 72H,phase3_lower5_Q5_best,SOLUSDT,lower,5pct,long,Q5_high,-3.7212992607,18,72,2021-01-11 08:00,2021-01-11 12:00,2021-01-14 08:00,-4.4451762571,Q5_high,8.7810069292,2.8600000000,2.8600000000,3.4200000000,2.5800000000,3.8800000000,0.0000000000,17.8818926243,17.8818926243,-10.3032225898,30.5013528803
SOLUSDT_lower5_Q5_high_h72,SOL Q5 72H,phase3_lower5_Q5_best,SOLUSDT,lower,5pct,long,Q5_high,-3.7212992607,18,72,2021-01-14 00:00,2021-01-14 04:00,2021-01-17 00:00,-4.0585280115,Q5_high,5.0228051707,3.3800000000,3.3800000000,3.7100000000,2.9600000000,3.7200000000,0.0000000000,9.3156167124,9.3156167124,-13.2686441159,9.5847958790
SOLUSDT_lower5_Q5_high_h72,SOL Q5 72H,phase3_lower5_Q5_best,SOLUSDT,lower,5pct,long,Q5_high,-3.7212992607,18,72,2021-01-14 16:00,2021-01-14 20:00,2021-01-17 16:00,-5.9014171437,Q5_high,4.3792014643,3.2900000000,3.2900000000,3.7900000000,2.9600000000,3.9900000000,0.0000000000,14.1478454317,14.1478454317,-10.5698296441,19.2903666124
SOLUSDT_lower5_Q5_high_h72,SOL Q5 72H,phase3_lower5_Q5_best,SOLUSDT,lower,5pct,long,Q5_high,-3.7212992607,18,72,2021-01-15 12:00,2021-01-15 16:00,2021-01-18 12:00,-8.3510632873,Q5_high,4.0610586297,3.1000000000,3.1000000000,3.9600000000,2.9600000000,4.1700000000,0.0000000000,24.4841913775,24.4841913775,-4.6212843155,29.6513924320
SOLUSDT_lower5_Q5_high_h72,SOL Q5 72H,phase3_lower5_Q5_best,SOLUSDT,lower,5pct,long,Q5_high,-3.7212992607,18,72,2021-01-16 20:00,2021-01-17 00:00,2021-01-19 20:00,-4.8511651426,Q5_high,3.5166669126,3.4200000000,3.4300000000,3.6300000000,3.3000000000,4.1700000000,0.2919710103,5.9592097202,5.6672387099,-3.8637792705,19.5355774633
SOLUSDT_lower5_Q5_high_h72,SOL Q5 72H,phase3_lower5_Q5_best,SOLUSDT,lower,5pct,long,Q5_high,-3.7212992607,18,72,2021-01-17 04:00,2021-01-17 08:00,2021-01-20 04:00,-9.0201955227,Q5_high,4.4617652598,3.3900000000,3.3900000000,3.6100000000,3.3100000000,4.1700000000,0.0000000000,6.2877850952,6.2877850952,-2.3881732003,20.7086114418
SOLUSDT_lower5_Q5_high_h72,SOL Q5 72H,phase3_lower5_Q5_best,SOLUSDT,lower,5pct,long,Q5_high,-3.7212992607,18,72,2021-01-19 04:00,2021-01-19 08:00,2021-01-22 04:00,-3.8614836128,Q5_high,4.6198644451,3.8100000000,3.8100000000,3.0800000000,2.5300000000,3.9500000000,0.0000000000,-21.2699592153,-21.2699592153,-40.9409886399,3.6086389774
SOLUSDT_lower5_Q5_high_h72,SOL Q5 72H,phase3_lower5_Q5_best,SOLUSDT,lower,5pct,long,Q5_high,-3.7212992607,18,72,2021-01-19 16:00,2021-01-19 20:00,2021-01-22 16:00,-5.3632154916,Q5_high,4.6782291412,3.6300000000,3.6300000000,3.4200000000,2.5300000000,3.7400000000,0.0000000000,-5.9592097202,-5.9592097202,-36.1013345537,2.9852963150
SOLUSDT_lower5_Q5_high_h72,SOL Q5 72H,phase3_lower5_Q5_best,SOLUSDT,lower,5pct,long,Q5_high,-3.7212992607,18,72,2021-01-20 08:00,2021-01-20 12:00,2021-01-23 08:00,-5.6995481049,Q5_high,4.2141269962,3.4100000000,3.4100000000,3.4600000000,2.5300000000,3.7400000000,0.0000000000,1.4556297774,1.4556297774,-29.8492988556,9.2373320131
SOLUSDT_lower5_Q5_high_h72,SOL Q5 72H,phase3_lower5_Q5_best,SOLUSDT,lower,5pct,long,Q5_high,-3.7212992607,18,72,2021-01-21 00:00,2021-01-21 04:00,2021-01-24 00:00,-5.2425797340,Q5_high,3.5020108053,3.5300000000,3.5300000000,3.5600000000,2.5300000000,3.6000000000,0.0000000000,0.8462673919,0.8462673919,-33.3078568206,1.9635974517
SOLUSDT_lower5_Q5_high_h72,SOL Q5 72H,phase3_lower5_Q5_best,SOLUSDT,lower,5pct,long,Q5_high,-3.7212992607,18,72,2021-01-21 12:00,2021-01-21 16:00,2021-01-24 12:00,-5.0084104397,Q5_high,3.2490313997,3.3100000000,3.3100000000,3.5900000000,2.5300000000,3.7900000000,0.0000000000,8.1204013111,8.1204013111,-26.8728886650,13.5417829705
SOLUSDT_lower5_Q5_high_h72,SOL Q5 72H,phase3_lower5_Q5_best,SOLUSDT,lower,5pct,long,Q5_high,-3.7212992607,18,72,2021-01-21 20:00,2021-01-22 00:00,2021-01-24 20:00,-10.4691395526,Q5_high,3.8470715974,2.9900000000,2.9900000000,3.6300000000,2.5300000000,3.7900000000,0.0000000000,19.3959260874,19.3959260874,-16.7054084663,23.7092631692
SOLUSDT_lower5_Q5_high_h72,SOL Q5 72H,phase3_lower5_Q5_best,SOLUSDT,lower,5pct,long,Q5_high,-3.7212992607,18,72,2021-01-24 12:00,2021-01-24 16:00,2021-01-27 12:00,-4.0933408926,Q5_high,3.9506418077,3.5900000000,3.6000000000,3.7300000000,3.4400000000,4.1000000000,0.2781642962,3.8256031156,3.5474388194,-4.5462374077,13.0053128248
SOLUSDT_lower5_Q5_high_h72,SOL Q5 72H,phase3_lower5_Q5_best,SOLUSDT,lower,5pct,long,Q5_high,-3.7212992607,18,72,2021-01-26 12:00,2021-01-26 16:00,2021-01-29 12:00,-5.8915883537,Q5_high,3.2978725514,3.7900000000,3.7900000000,3.8100000000,3.5100000000,4.1000000000,0.0000000000,0.5263170044,0.5263170044,-7.6749981617,7.8620954616
SOLUSDT_lower5_Q5_high_h72,SOL Q5 72H,phase3_lower5_Q5_best,SOLUSDT,lower,5pct,long,Q5_high,-3.7212992607,18,72,2021-01-27 00:00,2021-01-27 04:00,2021-01-30 00:00,-5.0772325373,Q5_high,3.6813209155,3.8400000000,3.8500000000,3.8300000000,3.5100000000,3.9600000000,0.2600781700,-0.2607563407,-0.5208345107,-9.2457110822,2.8170876967
SOLUSDT_lower5_Q5_high_h72,SOL Q5 72H,phase3_lower5_Q5_best,SOLUSDT,lower,5pct,long,Q5_high,-3.7212992607,18,72,2021-01-27 08:00,2021-01-27 12:00,2021-01-30 08:00,-4.3133370818,Q5_high,3.8365267862,3.6300000000,3.6300000000,3.8800000000,3.5100000000,3.9600000000,0.0000000000,6.6602505358,6.6602505358,-3.3616610799,8.7011376990
SOLUSDT_lower5_Q5_high_h72,SOL Q5 72H,phase3_lower5_Q5_best,SOLUSDT,lower,5pct,long,Q5_high,-3.7212992607,18,72,2021-02-01 12:00,2021-02-01 16:00,2021-02-04 12:00,-3.7300361413,Q5_high,2.9549902039,4.2100000000,4.2100000000,5.7100000000,4.2000000000,6.0800000000,0.0000000000,30.4756375974,30.4756375974,-0.2378122405,36.7542048284
SOLUSDT_lower5_Q5_high_h72,SOL Q5 72H,phase3_lower5_Q5_best,SOLUSDT,lower,5pct,long,Q5_high,-3.7212992607,18,72,2021-02-06 00:00,2021-02-06 04:00,2021-02-09 00:00,-8.5655444578,Q5_high,4.1056137295,6.1500000000,6.1400000000,8.3300000000,5.7000000000,8.4900000000,-0.1627339659,30.3411374360,30.5038714020,-7.4358567319,32.4064258164
SOLUSDT_lower5_Q5_high_h72,SOL Q5 72H,phase3_lower5_Q5_best,SOLUSDT,lower,5pct,long,Q5_high,-3.7212992607,18,72,2021-02-09 08:00,2021-02-09 12:00,2021-02-12 08:00,-3.7931222323,Q5_high,4.8445364939,7.7600000000,7.7500000000,9.7700000000,7.2600000000,9.8900000000,-0.1289490830,23.0334131860,23.1623622689,-6.5313014529,24.3831302269
SOLUSDT_lower5_Q5_high_h72,SOL Q5 72H,phase3_lower5_Q5_best,SOLUSDT,lower,5pct,long,Q5_high,-3.7212992607,18,72,2021-02-10 12:00,2021-02-10 16:00,2021-02-13 12:00,-5.8656862156,Q5_high,4.9446481179,7.7800000000,7.7800000000,9.0700000000,7.6400000000,9.9300000000,0.0000000000,15.3415925937,15.3415925937,-1.8158735012,24.4004139867
SOLUSDT_lower5_Q5_high_h72,SOL Q5 72H,phase3_lower5_Q5_best,SOLUSDT,lower,5pct,long,Q5_high,-3.7212992607,18,72,2021-02-15 20:00,2021-02-16 00:00,2021-02-18 20:00,-3.7698477348,Q5_high,2.9486768120,8.8500000000,8.8700000000,8.9800000000,7.5200000000,9.3200000000,0.2257337302,1.4582423294,1.2325085993,-16.5108658360,4.9487832376
SOLUSDT_lower5_Q5_high_h72,SOL Q5 72H,phase3_lower5_Q5_best,SOLUSDT,lower,5pct,long,Q5_high,-3.7212992607,18,72,2021-02-17 00:00,2021-02-17 04:00,2021-02-20 00:00,-7.3737327227,Q5_high,3.2338224085,7.7100000000,7.7100000000,11.1000000000,7.5200000000,11.8500000000,0.0000000000,36.4426920743,36.4426920743,-2.4952049613,42.9809680006
SOLUSDT_lower5_Q5_high_h72,SOL Q5 72H,phase3_lower5_Q5_best,SOLUSDT,lower,5pct,long,Q5_high,-3.7212992607,18,72,2021-02-20 12:00,2021-02-20 16:00,2021-02-23 12:00,-5.1342073686,Q5_high,4.2455946985,10.2500000000,10.2500000000,15.3900000000,9.1000000000,15.8900000000,0.0000000000,40.6440242266,40.6440242266,-11.9003292062,43.8412274964
SOLUSDT_lower5_Q5_high_h72,SOL Q5 72H,phase3_lower5_Q5_best,SOLUSDT,lower,5pct,long,Q5_high,-3.7212992607,18,72,2021-02-20 20:00,2021-02-21 00:00,2021-02-23 20:00,-4.5017385750,Q5_high,4.4364116736,9.9900000000,9.9800000000,15.2200000000,9.1000000000,15.8900000000,-0.1001502337,42.1025759773,42.2027262110,-9.2308676801,46.5106890225
SOLUSDT_lower5_Q5_high_h72,SOL Q5 72H,phase3_lower5_Q5_best,SOLUSDT,lower,5pct,long,Q5_high,-3.7212992607,18,72,2021-02-22 00:00,2021-02-22 04:00,2021-02-25 00:00,-5.2814496430,Q5_high,4.7189795892,10.5100000000,10.5100000000,16.3500000000,9.1000000000,18.2100000000,0.0000000000,44.1900712454,44.1900712454,-14.4052771366,54.9643708851
SOLUSDT_lower5_Q5_high_h72,SOL Q5 72H,phase3_lower5_Q5_best,SOLUSDT,lower,5pct,long,Q5_high,-3.7212992607,18,72,2021-02-22 08:00,2021-02-22 12:00,2021-02-25 08:00,-7.1945497441,Q5_high,4.9610338414,9.9200000000,9.9200000000,16.1600000000,9.1000000000,18.2100000000,0.0000000000,48.7986131796,48.7986131796,-8.6278507774,60.7417972443
SOLUSDT_lower5_Q5_high_h72,SOL Q5 72H,phase3_lower5_Q5_best,SOLUSDT,lower,5pct,long,Q5_high,-3.7212992607,18,72,2021-02-23 04:00,2021-02-23 08:00,2021-02-26 04:00,-6.4205005161,Q5_high,7.4063464714,13.1200000000,13.1100000000,13.3400000000,11.4700000000,18.2100000000,-0.0762485740,1.6629256972,1.7391742712,-13.3640366634,32.8595595964
SOLUSDT_lower5_Q5_high_h72,SOL Q5 72H,phase3_lower5_Q5_best,SOLUSDT,lower,5pct,long,Q5_high,-3.7212992607,18,72,2021-02-23 16:00,2021-02-23 20:00,2021-02-26 16:00,-7.6259532865,Q5_high,7.8986421824,14.2600000000,14.2800000000,14.7200000000,13.1000000000,18.2100000000,0.1401541925,3.1748698315,3.0347156389,-8.6247726704,24.3110936828
SOLUSDT_lower5_Q5_high_h72,SOL Q5 72H,phase3_lower5_Q5_best,SOLUSDT,lower,5pct,long,Q5_high,-3.7212992607,18,72,2021-02-25 00:00,2021-02-25 04:00,2021-02-28 00:00,-4.8935777566,Q5_high,7.8134204484,16.3500000000,16.3500000000,12.0700000000,12.0300000000,16.6800000000,0.0000000000,-30.3504862234,-30.3504862234,-30.6824367357,1.9982499587
SOLUSDT_lower5_Q5_high_h72,SOL Q5 72H,phase3_lower5_Q5_best,SOLUSDT,lower,5pct,long,Q5_high,-3.7212992607,18,72,2021-02-25 16:00,2021-02-25 20:00,2021-02-28 16:00,-5.2307841774,Q5_high,7.5303069757,15.2700000000,15.2700000000,13.2400000000,11.4200000000,15.5100000000,0.0000000000,-14.2647568722,-14.2647568722,-29.0523915003,1.5594857958
SOLUSDT_lower5_Q5_high_h72,SOL Q5 72H,phase3_lower5_Q5_best,SOLUSDT,lower,5pct,long,Q5_high,-3.7212992607,18,72,2021-02-25 20:00,2021-02-26 00:00,2021-02-28 20:00,-9.8327169041,Q5_high,7.9821776949,13.8400000000,13.8600000000,13.0900000000,11.4200000000,15.5100000000,0.1444043572,-5.5714370268,-5.7158413840,-19.3640789534,11.2477983427
SOLUSDT_lower5_Q5_high_h72,SOL Q5 72H,phase3_lower5_Q5_best,SOLUSDT,lower,5pct,long,Q5_high,-3.7212992607,18,72,2021-02-26 04:00,2021-02-26 08:00,2021-03-01 04:00,-9.2307174545,Q5_high,5.7533129937,13.3400000000,13.3600000000,14.5100000000,11.4200000000,15.5100000000,0.1498127621,8.4071026409,8.2572898788,-15.6898963881,14.9219809080
SOLUSDT_lower5_Q5_high_h72,SOL Q5 72H,phase3_lower5_Q5_best,SOLUSDT,lower,5pct,long,Q5_high,-3.7212992607,18,72,2021-02-26 20:00,2021-02-27 00:00,2021-03-01 20:00,-7.9137320559,Q5_high,5.3367576519,13.6000000000,13.5900000000,14.9900000000,11.4200000000,15.5500000000,-0.0735564579,9.7313519373,9.8049083951,-17.3968023935,13.4726410462
SOLUSDT_lower5_Q5_high_h72,SOL Q5 72H,phase3_lower5_Q5_best,SOLUSDT,lower,5pct,long,Q5_high,-3.7212992607,18,72,2021-02-27 12:00,2021-02-27 16:00,2021-03-02 12:00,-3.9536628089,Q5_high,4.8510470699,13.3900000000,13.3900000000,14.6400000000,11.4200000000,15.5500000000,0.0000000000,8.9249348830,8.9249348830,-15.9141955475,14.9552478922
SOLUSDT_lower5_Q5_high_h72,SOL Q5 72H,phase3_lower5_Q5_best,SOLUSDT,lower,5pct,long,Q5_high,-3.7212992607,18,72,2021-02-27 20:00,2021-02-28 00:00,2021-03-02 20:00,-4.6657851610,Q5_high,4.7680817624,13.1900000000,13.1900000000,13.9400000000,11.4200000000,15.5500000000,0.0000000000,5.5303438603,5.5303438603,-14.4092762501,16.4601671896
SOLUSDT_lower5_Q5_high_h72,SOL Q5 72H,phase3_lower5_Q5_best,SOLUSDT,lower,5pct,long,Q5_high,-3.7212992607,18,72,2021-02-28 00:00,2021-02-28 04:00,2021-03-03 00:00,-8.8735931620,Q5_high,4.8741565352,12.0700000000,12.0800000000,14.0400000000,11.4200000000,15.5500000000,0.0828157397,15.1187363488,15.0359206091,-5.6184988279,25.2509446119
SOLUSDT_lower5_Q5_high_h72,SOL Q5 72H,phase3_lower5_Q5_best,SOLUSDT,lower,5pct,long,Q5_high,-3.7212992607,18,72,2021-02-28 12:00,2021-02-28 16:00,2021-03-03 12:00,-7.1997611989,Q5_high,5.0689959543,11.5200000000,11.5100000000,14.1700000000,11.4300000000,15.5500000000,-0.0868432534,20.7042398435,20.7910830969,-0.6974744927,30.0844415891
SOLUSDT_lower5_Q5_high_h72,SOL Q5 72H,phase3_lower5_Q5_best,SOLUSDT,lower,5pct,long,Q5_high,-3.7212992607,18,72,2021-03-01 16:00,2021-03-01 20:00,2021-03-04 16:00,-4.3628862389,Q5_high,5.5453570065,14.8000000000,14.8000000000,12.9100000000,12.7400000000,15.2500000000,0.0000000000,-13.6624975912,-13.6624975912,-14.9880530626,2.9952322283
SOLUSDT_lower5_Q5_high_h72,SOL Q5 72H,phase3_lower5_Q5_best,SOLUSDT,lower,5pct,long,Q5_high,-3.7212992607,18,72,2021-03-02 00:00,2021-03-02 04:00,2021-03-05 00:00,-4.4330476943,Q5_high,5.5424346575,14.3400000000,14.3400000000,12.5600000000,12.3500000000,15.1000000000,0.0000000000,-13.2535674131,-13.2535674131,-14.9396772097,5.1641908649
SOLUSDT_lower5_Q5_high_h72,SOL Q5 72H,phase3_lower5_Q5_best,SOLUSDT,lower,5pct,long,Q5_high,-3.7212992607,18,72,2021-03-02 16:00,2021-03-02 20:00,2021-03-05 16:00,-6.8553857797,Q5_high,5.3548430846,13.6700000000,13.6700000000,12.5400000000,12.1300000000,14.7400000000,0.0000000000,-8.6280115531,-8.6280115531,-11.9521927780,7.5361236025
SOLUSDT_lower5_Q5_high_h72,SOL Q5 72H,phase3_lower5_Q5_best,SOLUSDT,lower,5pct,long,Q5_high,-3.7212992607,18,72,2021-03-12 16:00,2021-03-12 20:00,2021-03-15 16:00,-5.4317987003,Q5_high,3.1886529979,14.6900000000,14.6900000000,14.2700000000,13.6200000000,15.4100000000,0.0000000000,-2.9007558697,-2.9007558697,-7.5627689464,4.7849659146
SOLUSDT_lower5_Q5_high_h72,SOL Q5 72H,phase3_lower5_Q5_best,SOLUSDT,lower,5pct,long,Q5_high,-3.7212992607,18,72,2021-03-23 04:00,2021-03-23 08:00,2021-03-26 04:00,-4.5385371035,Q5_high,2.9365745879,14.4300000000,14.4200000000,14.0100000000,12.3000000000,15.3700000000,-0.0693240929,-2.9538012437,-2.8844771508,-15.9016869478,6.3801425694
SOLUSDT_lower5_Q5_high_h72,SOL Q5 72H,phase3_lower5_Q5_best,SOLUSDT,lower,5pct,long,Q5_high,-3.7212992607,18,72,2021-03-24 20:00,2021-03-25 00:00,2021-03-27 20:00,-7.5052903716,Q5_high,3.3948684562,13.6000000000,13.5800000000,16.4600000000,12.3000000000,16.8000000000,-0.1471670611,19.0863402507,19.2335073118,-9.8998859752,21.2780764279
SOLUSDT_lower5_Q5_high_h72,SOL Q5 72H,phase3_lower5_Q5_best,SOLUSDT,lower,5pct,long,Q5_high,-3.7212992607,18,72,2021-03-30 12:00,2021-03-30 16:00,2021-04-02 12:00,-5.3172002492,Q5_high,2.8853293653,19.4100000000,19.4200000000,19.4900000000,18.0000000000,20.3600000000,0.0515065682,0.4113116339,0.3598050656,-7.5931704967,4.7268728819
SOLUSDT_lower5_Q5_high_h72,SOL Q5 72H,phase3_lower5_Q5_best,SOLUSDT,lower,5pct,long,Q5_high,-3.7212992607,18,72,2021-04-03 12:00,2021-04-03 16:00,2021-04-06 12:00,-6.8009665204,Q5_high,3.0466027076,21.0300000000,21.0200000000,22.7700000000,20.4400000000,25.5300000000,-0.0475624266,7.9493890361,7.9969514627,-2.7980600113,19.4379865805
SOLUSDT_lower5_Q5_high_h72,SOL Q5 72H,phase3_lower5_Q5_best,SOLUSDT,lower,5pct,long,Q5_high,-3.7212992607,18,72,2021-04-05 04:00,2021-04-05 08:00,2021-04-08 04:00,-4.8420318884,Q5_high,3.4750471840,23.1800000000,23.1800000000,27.0500000000,21.7600000000,27.5200000000,0.0000000000,15.4397167381,15.4397167381,-6.3216415924,17.1623175154
SOLUSDT_lower5_Q5_high_h72,SOL Q5 72H,phase3_lower5_Q5_best,SOLUSDT,lower,5pct,long,Q5_high,-3.7212992607,18,72,2021-04-07 08:00,2021-04-07 12:00,2021-04-10 08:00,-5.3935633666,Q5_high,3.0558181428,24.0000000000,23.9700000000,27.8600000000,23.1100000000,29.0000000000,-0.1250781902,14.9138138004,15.0388919905,-3.6537624160,19.0492781540
SOLUSDT_lower5_Q5_high_h72,SOL Q5 72H,phase3_lower5_Q5_best,SOLUSDT,lower,5pct,long,Q5_high,-3.7212992607,18,72,2021-04-18 00:00,2021-04-18 04:00,2021-04-21 00:00,-12.0906621248,Q5_high,3.4684781645,22.0200000000,22.0000000000,32.6100000000,21.9400000000,36.1000000000,-0.0908677936,39.2667858507,39.3576536443,-0.2730998511,49.5250411981
SOLUSDT_lower5_Q5_high_h72,SOL Q5 72H,phase3_lower5_Q5_best,SOLUSDT,lower,5pct,long,Q5_high,-3.7212992607,18,72,2021-04-18 08:00,2021-04-18 12:00,2021-04-21 08:00,-7.3882085548,Q5_high,6.1748500330,25.3000000000,25.3200000000,30.7300000000,25.2400000000,36.1000000000,0.0790201543,19.4434980409,19.3644778866,-0.3164559603,35.4698268063
SOLUSDT_lower5_Q5_high_h72,SOL Q5 72H,phase3_lower5_Q5_best,SOLUSDT,lower,5pct,long,Q5_high,-3.7212992607,18,72,2021-04-19 12:00,2021-04-19 16:00,2021-04-22 12:00,-10.4868268540,Q5_high,7.6115859694,30.4800000000,30.4900000000,38.8800000000,28.8100000000,38.9700000000,0.0328030182,24.3409248774,24.3081218592,-5.6676211904,24.5393358350
SOLUSDT_lower5_Q5_high_h72,SOL Q5 72H,phase3_lower5_Q5_best,SOLUSDT,lower,5pct,long,Q5_high,-3.7212992607,18,72,2021-04-19 20:00,2021-04-20 00:00,2021-04-22 20:00,-8.8731113368,Q5_high,8.2851731385,31.4700000000,31.5300000000,38.9000000000,28.8100000000,41.1600000000,0.1904762481,21.1959539548,21.0054777067,-9.0216924461,26.6527437409
SOLUSDT_lower5_Q5_high_h72,SOL Q5 72H,phase3_lower5_Q5_best,SOLUSDT,lower,5pct,long,Q5_high,-3.7212992607,18,72,2021-04-20 12:00,2021-04-20 16:00,2021-04-23 12:00,-5.0519105144,Q5_high,8.4885056445,29.7200000000,29.7100000000,34.9100000000,29.4200000000,41.7400000000,-0.0336530375,16.0953101267,16.1289631642,-0.9808974301,33.9976212175
SOLUSDT_lower5_Q5_high_h72,SOL Q5 72H,phase3_lower5_Q5_best,SOLUSDT,lower,5pct,long,Q5_high,-3.7212992607,18,72,2021-04-23 00:00,2021-04-23 04:00,2021-04-26 00:00,-6.3408054957,Q5_high,5.4881214635,36.5100000000,36.5600000000,47.1900000000,31.4900000000,48.6400000000,0.1368550918,25.6595810071,25.5227259152,-14.9284711473,28.5491491072
SOLUSDT_lower5_Q5_high_h72,SOL Q5 72H,phase3_lower5_Q5_best,SOLUSDT,lower,5pct,long,Q5_high,-3.7212992607,18,72,2021-04-23 04:00,2021-04-23 08:00,2021-04-26 04:00,-12.4998817919,Q5_high,5.8548085551,32.2200000000,32.1700000000,47.8600000000,31.4900000000,48.6400000000,-0.1553036498,39.5692704731,39.7245741229,-2.1364306138,41.3411896407
SOLUSDT_lower5_Q5_high_h72,SOL Q5 72H,phase3_lower5_Q5_best,SOLUSDT,lower,5pct,long,Q5_high,-3.7212992607,18,72,2021-04-24 00:00,2021-04-24 04:00,2021-04-27 00:00,-4.2059721943,Q5_high,5.9012154440,35.8500000000,35.8400000000,45.0700000000,35.0000000000,48.6400000000,-0.0278978939,22.8873269657,22.9152248596,-2.3716526617,30.5381649551
SOLUSDT_lower5_Q5_high_h72,SOL Q5 72H,phase3_lower5_Q5_best,SOLUSDT,lower,5pct,long,Q5_high,-3.7212992607,18,72,2021-04-25 16:00,2021-04-25 20:00,2021-04-28 16:00,-5.9301118752,Q5_high,6.0788788718,44.0300000000,44.0500000000,45.6000000000,40.5200000000,48.6400000000,0.0454132615,3.5036496753,3.4582364138,-8.3529673002,9.9120885276
SOLUSDT_lower5_Q5_high_h72,SOL Q5 72H,phase3_lower5_Q5_best,SOLUSDT,lower,5pct,long,Q5_high,-3.7212992607,18,72,2021-04-26 08:00,2021-04-26 12:00,2021-04-29 08:00,-5.2547737370,Q5_high,6.0488315480,45.4100000000,45.4500000000,44.0900000000,40.5200000000,47.5000000000,0.0880475514,-2.9499345740,-3.0379821254,-11.4817141243,4.4116890417
SOLUSDT_lower5_Q5_high_h72,SOL Q5 72H,phase3_lower5_Q5_best,SOLUSDT,lower,5pct,long,Q5_high,-3.7212992607,18,72,2021-05-04 12:00,2021-05-04 16:00,2021-05-07 12:00,-7.6808089163,Q5_high,3.1954294889,43.5900000000,43.6000000000,44.9500000000,41.4200000000,46.0000000000,0.0229384105,3.0722994667,3.0493610563,-5.1293294388,5.3584246134
SOLUSDT_lower5_Q5_high_h72,SOL Q5 72H,phase3_lower5_Q5_best,SOLUSDT,lower,5pct,long,Q5_high,-3.7212992607,18,72,2021-05-04 20:00,2021-05-05 00:00,2021-05-07 20:00,-4.3819374059,Q5_high,2.8835526086,42.6400000000,42.6400000000,43.1800000000,41.4200000000,46.2400000000,0.0000000000,1.2584645229,1.2584645229,-2.9028923890,8.1052444507
SOLUSDT_lower5_Q5_high_h72,SOL Q5 72H,phase3_lower5_Q5_best,SOLUSDT,lower,5pct,long,Q5_high,-3.7212992607,18,72,2021-05-13 08:00,2021-05-13 12:00,2021-05-16 08:00,-6.2687964314,Q5_high,3.3783883359,41.5800000000,41.5500000000,47.1800000000,37.4300000000,48.0000000000,-0.0721761128,12.6350791550,12.7072552678,-10.4424999385,14.4303489606
SOLUSDT_lower5_Q5_high_h72,SOL Q5 72H,phase3_lower5_Q5_best,SOLUSDT,lower,5pct,long,Q5_high,-3.7212992607,18,72,2021-05-13 16:00,2021-05-13 20:00,2021-05-16 16:00,-5.8181955383,Q5_high,3.5080944498,39.0600000000,39.1100000000,43.6500000000,38.7000000000,52.6000000000,0.1279263319,11.1104356837,10.9825093518,-1.0538588732,29.6337930976
SOLUSDT_lower5_Q5_high_h72,SOL Q5 72H,phase3_lower5_Q5_best,SOLUSDT,lower,5pct,long,Q5_high,-3.7212992607,18,72,2021-05-16 16:00,2021-05-16 20:00,2021-05-19 16:00,-10.5154308832,Q5_high,4.2258061419,43.6500000000,43.6400000000,40.8600000000,26.5000000000,58.3800000000,-0.0229121321,-6.6051692896,-6.5822571575,-49.8829427973,29.0999204461
SOLUSDT_lower5_Q5_high_h72,SOL Q5 72H,phase3_lower5_Q5_best,SOLUSDT,lower,5pct,long,Q5_high,-3.7212992607,18,72,2021-05-17 00:00,2021-05-17 04:00,2021-05-20 00:00,-6.2079788917,Q5_high,4.5180958258,44.0300000000,44.0000000000,36.4500000000,26.5000000000,58.3800000000,-0.0681585849,-18.8929761313,-18.8248175464,-50.7044900926,28.2783731508
SOLUSDT_lower5_Q5_high_h72,SOL Q5 72H,phase3_lower5_Q5_best,SOLUSDT,lower,5pct,long,Q5_high,-3.7212992607,18,72,2021-05-17 20:00,2021-05-18 00:00,2021-05-20 20:00,-5.1122010184,Q5_high,5.4528246547,46.7100000000,46.7500000000,44.4200000000,26.5000000000,58.3800000000,0.0855981221,-5.0268456048,-5.1124437268,-56.7669522743,22.2159109691
SOLUSDT_lower5_Q5_high_h72,SOL Q5 72H,phase3_lower5_Q5_best,SOLUSDT,lower,5pct,long,Q5_high,-3.7212992607,18,72,2021-05-19 00:00,2021-05-19 04:00,2021-05-22 00:00,-7.4327855067,Q5_high,6.0075129027,51.9700000000,51.9700000000,37.6800000000,26.5000000000,53.0000000000,0.0000000000,-32.1537179312,-32.1537179312,-67.3521896028,1.9625284532
SOLUSDT_lower5_Q5_high_h72,SOL Q5 72H,phase3_lower5_Q5_best,SOLUSDT,lower,5pct,long,Q5_high,-3.7212992607,18,72,2021-05-19 08:00,2021-05-19 12:00,2021-05-22 08:00,-14.5569176801,Q5_high,6.6114775245,43.9700000000,43.9400000000,36.9500000000,26.5000000000,53.0000000000,-0.0682516236,-17.3941935799,-17.3259419562,-50.5680333964,18.7466846596
SOLUSDT_lower5_Q5_high_h72,SOL Q5 72H,phase3_lower5_Q5_best,SOLUSDT,lower,5pct,long,Q5_high,-3.7212992607,18,72,2021-05-19 16:00,2021-05-19 20:00,2021-05-22 16:00,-12.5422243875,Q5_high,7.2532586773,40.8600000000,40.8400000000,31.3500000000,31.1300000000,53.0000000000,-0.0489596093,-26.4937322311,-26.4447726218,-27.1490008843,26.0629920256
SOLUSDT_lower5_Q5_high_h72,SOL Q5 72H,phase3_lower5_Q5_best,SOLUSDT,lower,5pct,long,Q5_high,-3.7212992607,18,72,2021-05-19 20:00,2021-05-20 00:00,2021-05-22 20:00,-15.5089283010,Q5_high,7.9130775678,34.9900000000,34.9900000000,31.2200000000,31.1300000000,53.0000000000,0.0000000000,-11.4003391292,-11.4003391292,-11.6890321926,41.5229607173
SOLUSDT_lower5_Q5_high_h72,SOL Q5 72H,phase3_lower5_Q5_best,SOLUSDT,lower,5pct,long,Q5_high,-3.7212992607,18,72,2021-05-21 08:00,2021-05-21 12:00,2021-05-24 08:00,-4.0622969741,Q5_high,7.5569334173,42.2100000000,42.1800000000,30.2800000000,19.1200000000,42.6700000000,-0.0710984744,-33.2169731225,-33.1458746481,-79.1211267427,1.1549922149
SOLUSDT_lower5_Q5_high_h72,SOL Q5 72H,phase3_lower5_Q5_best,SOLUSDT,lower,5pct,long,Q5_high,-3.7212992607,18,72,2021-05-21 12:00,2021-05-21 16:00,2021-05-24 12:00,-13.3903750160,Q5_high,7.7520214787,36.9200000000,36.9100000000,30.2900000000,19.1200000000,40.2000000000,-0.0270892593,-19.7935784596,-19.7664892003,-65.7747609419,8.5384478583
SOLUSDT_lower5_Q5_high_h72,SOL Q5 72H,phase3_lower5_Q5_best,SOLUSDT,lower,5pct,long,Q5_high,-3.7212992607,18,72,2021-05-22 04:00,2021-05-22 08:00,2021-05-25 04:00,-6.9504831451,Q5_high,7.6967083736,35.1500000000,35.1600000000,29.5700000000,19.1200000000,38.3300000000,0.0284454560,-17.2864284392,-17.3148738953,-60.9174165194,8.6323806575
SOLUSDT_lower5_Q5_high_h72,SOL Q5 72H,phase3_lower5_Q5_best,SOLUSDT,lower,5pct,long,Q5_high,-3.7212992607,18,72,2021-05-22 12:00,2021-05-22 16:00,2021-05-25 12:00,-4.3701644177,Q5_high,7.7866341447,35.3700000000,35.3600000000,29.5000000000,19.1200000000,35.5000000000,-0.0282765448,-18.1473739872,-18.1190974424,-61.4846330146,0.3951458712
SOLUSDT_lower5_Q5_high_h72,SOL Q5 72H,phase3_lower5_Q5_best,SOLUSDT,lower,5pct,long,Q5_high,-3.7212992607,18,72,2021-05-22 16:00,2021-05-22 20:00,2021-05-25 16:00,-12.0649736138,Q5_high,7.5894735279,31.3500000000,31.3500000000,28.3800000000,19.1200000000,33.7400000000,0.0000000000,-9.9529595347,-9.9529595347,-49.4479359456,7.3469810039
SOLUSDT_lower5_Q5_high_h72,SOL Q5 72H,phase3_lower5_Q5_best,SOLUSDT,lower,5pct,long,Q5_high,-3.7212992607,18,72,2021-05-23 04:00,2021-05-23 08:00,2021-05-26 04:00,-12.6331869726,Q5_high,6.7256302141,26.6600000000,26.6800000000,35.0300000000,19.1200000000,35.6500000000,0.0749906297,27.3040522459,27.2290616162,-33.3179313424,28.9834925813
SOLUSDT_lower5_Q5_high_h72,SOL Q5 72H,phase3_lower5_Q5_best,SOLUSDT,lower,5pct,long,Q5_high,-3.7212992607,18,72,2021-05-23 08:00,2021-05-23 12:00,2021-05-26 08:00,-3.7841319868,Q5_high,6.6195648741,25.6700000000,25.6300000000,36.1800000000,19.1200000000,36.3500000000,-0.1559454507,34.3183485084,34.4742939591,-29.3028632753,34.9430663604
SOLUSDT_lower5_Q5_high_h72,SOL Q5 72H,phase3_lower5_Q5_best,SOLUSDT,lower,5pct,long,Q5_high,-3.7212992607,18,72,2021-05-23 12:00,2021-05-23 16:00,2021-05-26 12:00,-11.4186084323,Q5_high,5.9174132002,22.9000000000,22.9000000000,34.3000000000,19.1200000000,37.2500000000,0.0000000000,40.4008443612,40.4008443612,-18.0402002937,48.6515034265
SOLUSDT_lower5_Q5_high_h72,SOL Q5 72H,phase3_lower5_Q5_best,SOLUSDT,lower,5pct,long,Q5_high,-3.7212992607,18,72,2021-05-25 00:00,2021-05-25 04:00,2021-05-28 00:00,-7.3618447961,Q5_high,6.5318724098,29.1900000000,29.1700000000,33.8200000000,25.9200000000,37.2500000000,-0.0685400986,14.7226158604,14.7911559591,-11.8125912396,24.4511160946
SOLUSDT_lower5_Q5_high_h72,SOL Q5 72H,phase3_lower5_Q5_best,SOLUSDT,lower,5pct,long,Q5_high,-3.7212992607,18,72,2021-05-25 08:00,2021-05-25 12:00,2021-05-28 08:00,-11.6811238812,Q5_high,6.9045637398,26.3100000000,26.2800000000,28.4800000000,26.1100000000,37.2500000000,-0.1140901436,7.9252991492,8.0393892927,-0.6489810905,34.8843751209
SOLUSDT_lower5_Q5_high_h72,SOL Q5 72H,phase3_lower5_Q5_best,SOLUSDT,lower,5pct,long,Q5_high,-3.7212992607,18,72,2021-05-25 16:00,2021-05-25 20:00,2021-05-28 16:00,-3.8705591614,Q5_high,7.2843539813,28.3800000000,28.4100000000,30.8200000000,28.2100000000,37.2500000000,0.1056524134,8.2479158160,8.1422634026,-0.7064670852,27.0910748959
SOLUSDT_lower5_Q5_high_h72,SOL Q5 72H,phase3_lower5_Q5_best,SOLUSDT,lower,5pct,long,Q5_high,-3.7212992607,18,72,2021-05-26 12:00,2021-05-26 16:00,2021-05-29 12:00,-5.3361125795,Q5_high,6.7563429905,34.3000000000,34.2900000000,26.9800000000,26.3800000000,35.7700000000,-0.0291587697,-24.0049503392,-23.9757915695,-26.2247619186,4.2255786796
SOLUSDT_lower5_Q5_high_h72,SOL Q5 72H,phase3_lower5_Q5_best,SOLUSDT,lower,5pct,long,Q5_high,-3.7212992607,18,72,2021-05-27 00:00,2021-05-27 04:00,2021-05-30 00:00,-10.6521536859,Q5_high,6.6865480877,31.8500000000,31.8500000000,26.7600000000,25.5900000000,35.4500000000,0.0000000000,-17.4129146758,-17.4129146758,-21.8835731846,10.7085870960
SOLUSDT_lower5_Q5_high_h72,SOL Q5 72H,phase3_lower5_Q5_best,SOLUSDT,lower,5pct,long,Q5_high,-3.7212992607,18,72,2021-05-28 04:00,2021-05-28 08:00,2021-05-31 04:00,-8.5453535091,Q5_high,6.5259658674,31.0500000000,31.0300000000,30.6000000000,25.5900000000,31.8400000000,-0.0644329919,-1.4598799421,-1.3954469502,-19.2752828289,2.5768882516
SOLUSDT_lower5_Q5_high_h72,SOL Q5 72H,phase3_lower5_Q5_best,SOLUSDT,lower,5pct,long,Q5_high,-3.7212992607,18,72,2021-05-28 08:00,2021-05-28 12:00,2021-05-31 08:00,-8.6396721836,Q5_high,6.6069761571,28.4800000000,28.5100000000,31.5500000000,25.5900000000,32.4100000000,0.1052816381,10.2371502443,10.1318686063,-10.8053252753,12.8212114229
SOLUSDT_lower5_Q5_high_h72,SOL Q5 72H,phase3_lower5_Q5_best,SOLUSDT,lower,5pct,long,Q5_high,-3.7212992607,18,72,2021-05-28 20:00,2021-05-29 00:00,2021-05-31 20:00,-6.1212886958,Q5_high,5.9796151276,28.9900000000,28.9900000000,32.7500000000,25.5900000000,33.0100000000,0.0000000000,12.1952019148,12.1952019148,-12.4749292762,12.9859602932
SOLUSDT_lower5_Q5_high_h72,SOL Q5 72H,phase3_lower5_Q5_best,SOLUSDT,lower,5pct,long,Q5_high,-3.7212992607,18,72,2021-05-29 12:00,2021-05-29 16:00,2021-06-01 12:00,-6.2846022212,Q5_high,5.2515005456,26.9800000000,26.9800000000,31.1900000000,25.5900000000,33.2800000000,0.0000000000,14.5001679840,14.5001679840,-5.2894200608,20.9860765173
SOLUSDT_lower5_Q5_high_h72,SOL Q5 72H,phase3_lower5_Q5_best,SOLUSDT,lower,5pct,long,Q5_high,-3.7212992607,18,72,2021-05-30 12:00,2021-05-30 16:00,2021-06-02 12:00,-5.6298731869,Q5_high,5.2072914325,27.8000000000,27.8000000000,33.6500000000,27.4900000000,34.2400000000,0.0000000000,19.0977035394,19.0977035394,-1.1213718519,20.8358530577
SOLUSDT_lower5_Q5_high_h72,SOL Q5 72H,phase3_lower5_Q5_best,SOLUSDT,lower,5pct,long,Q5_high,-3.7212992607,18,72,2021-06-07 20:00,2021-06-08 00:00,2021-06-10 20:00,-11.2656014405,Q5_high,4.1102432301,38.2400000000,38.2000000000,41.1100000000,33.6000000000,44.0000000000,-0.1046572571,7.2369312727,7.3415885297,-12.8309448643,14.1354118306
SOLUSDT_lower5_Q5_high_h72,SOL Q5 72H,phase3_lower5_Q5_best,SOLUSDT,lower,5pct,long,Q5_high,-3.7212992607,18,72,2021-06-11 12:00,2021-06-11 16:00,2021-06-14 12:00,-3.9169836808,Q5_high,3.5921697004,37.8000000000,37.8100000000,39.8600000000,34.1000000000,40.0100000000,0.0264515277,5.3064212159,5.2799696882,-10.3276233613,5.6555804966
SOLUSDT_lower5_Q5_high_h72,SOL Q5 72H,phase3_lower5_Q5_best,SOLUSDT,lower,5pct,long,Q5_high,-3.7212992607,18,72,2021-06-21 00:00,2021-06-21 04:00,2021-06-24 00:00,-7.3235714259,Q5_high,3.4595196358,32.7700000000,32.7700000000,28.9800000000,20.1900000000,33.3900000000,0.0000000000,-12.2907525818,-12.2907525818,-48.4326030386,1.8742991245
SOLUSDT_lower5_Q5_high_h72,SOL Q5 72H,phase3_lower5_Q5_best,SOLUSDT,lower,5pct,long,Q5_high,-3.7212992607,18,72,2021-06-21 04:00,2021-06-21 08:00,2021-06-24 04:00,-5.3270739306,Q5_high,3.5895062265,31.0700000000,31.0600000000,29.4300000000,20.1900000000,32.9000000000,-0.0321905684,-5.4228161160,-5.3906255475,-43.0733385396,5.7551840051
SOLUSDT_lower5_Q5_high_h72,SOL Q5 72H,phase3_lower5_Q5_best,SOLUSDT,lower,5pct,long,Q5_high,-3.7212992607,18,72,2021-06-21 20:00,2021-06-22 00:00,2021-06-24 20:00,-7.2171967247,Q5_high,3.6279563345,26.5900000000,26.6000000000,31.1400000000,20.1900000000,33.0000000000,0.0376010533,15.7957961151,15.7581950618,-27.5723783463,21.5596345679
SOLUSDT_lower5_Q5_high_h72,SOL Q5 72H,phase3_lower5_Q5_best,SOLUSDT,lower,5pct,long,Q5_high,-3.7212992607,18,72,2021-06-22 04:00,2021-06-22 08:00,2021-06-25 04:00,-5.2914620837,Q5_high,3.8063937258,26.5000000000,26.5000000000,31.2700000000,20.1900000000,33.0000000000,0.0000000000,16.5514438478,16.5514438478,-27.1957300667,21.9362828474
SOLUSDT_lower5_Q5_high_h72,SOL Q5 72H,phase3_lower5_Q5_best,SOLUSDT,lower,5pct,long,Q5_high,-3.7212992607,18,72,2021-06-22 08:00,2021-06-22 12:00,2021-06-25 08:00,-18.4285748707,Q5_high,5.3462172191,22.0400000000,22.0600000000,29.5700000000,20.1900000000,33.0000000000,0.0907029541,29.3901349580,29.2994320039,-8.8578581501,40.2741547641
SOLUSDT_lower5_Q5_high_h72,SOL Q5 72H,phase3_lower5_Q5_best,SOLUSDT,lower,5pct,long,Q5_high,-3.7212992607,18,72,2021-06-23 12:00,2021-06-23 16:00,2021-06-26 12:00,-6.4301913658,Q5_high,7.3773783048,29.0600000000,29.0600000000,28.4300000000,26.6600000000,33.0000000000,0.0000000000,-2.1917732479,-2.1917732479,-8.6198343392,12.7144903324
SOLUSDT_lower5_Q5_high_h72,SOL Q5 72H,phase3_lower5_Q5_best,SOLUSDT,lower,5pct,long,Q5_high,-3.7212992607,18,72,2021-06-24 00:00,2021-06-24 04:00,2021-06-27 00:00,-6.2206611803,Q5_high,7.4182637263,28.9800000000,28.9800000000,30.6500000000,26.6600000000,33.0000000000,0.0000000000,5.6026725490,5.6026725490,-8.3441622142,12.9901624574
SOLUSDT_lower5_Q5_high_h72,SOL Q5 72H,phase3_lower5_Q5_best,SOLUSDT,lower,5pct,long,Q5_high,-3.7212992607,18,72,2021-06-25 04:00,2021-06-25 08:00,2021-06-28 04:00,-4.4104098522,Q5_high,7.1954857692,31.2700000000,31.2600000000,32.5500000000,26.6600000000,32.7500000000,-0.0319846476,4.0118197185,4.0438043661,-15.9175010243,4.6563637088
SOLUSDT_lower5_Q5_high_h72,SOL Q5 72H,phase3_lower5_Q5_best,SOLUSDT,lower,5pct,long,Q5_high,-3.7212992607,18,72,2021-06-25 08:00,2021-06-25 12:00,2021-06-28 08:00,-5.5898837605,Q5_high,7.2619421457,29.5700000000,29.5900000000,31.5800000000,26.6600000000,32.9600000000,0.0676132548,6.5763674963,6.5087542415,-10.4272151662,10.7858238629
SOLUSDT_lower5_Q5_high_h72,SOL Q5 72H,phase3_lower5_Q5_best,SOLUSDT,lower,5pct,long,Q5_high,-3.7212992607,18,72,2021-06-26 04:00,2021-06-26 08:00,2021-06-29 04:00,-6.6915773789,Q5_high,4.8778457439,27.3100000000,27.2900000000,33.4800000000,26.6600000000,34.3400000000,-0.0732600765,20.3695310136,20.4427910901,-2.3356019970,22.9790520749
SOLUSDT_lower5_Q5_high_h72,SOL Q5 72H,phase3_lower5_Q5_best,SOLUSDT,lower,5pct,long,Q5_high,-3.7212992607,18,72,2021-06-30 00:00,2021-06-30 04:00,2021-07-03 00:00,-5.2269864534,Q5_high,3.2617351611,32.2400000000,32.2400000000,33.5200000000,31.3700000000,36.0000000000,0.0000000000,3.8934357975,3.8934357975,-2.7355895436,11.0311020818
SOLUSDT_lower5_Q5_high_h72,SOL Q5 72H,phase3_lower5_Q5_best,SOLUSDT,lower,5pct,long,Q5_high,-3.7212992607,18,72,2021-07-01 00:00,2021-07-01 04:00,2021-07-04 00:00,-4.9649446229,Q5_high,3.8742408339,33.7900000000,33.7800000000,33.8200000000,31.3700000000,35.4100000000,-0.0295989347,0.0887442744,0.1183432091,-7.4016889177,4.7125354744
SOLUSDT_lower5_Q5_high_h72,SOL Q5 72H,phase3_lower5_Q5_best,SOLUSDT,lower,5pct,long,Q5_high,-3.7212992607,18,72,2021-07-01 04:00,2021-07-01 08:00,2021-07-04 04:00,-4.2315167543,Q5_high,3.7648758931,32.3900000000,32.3900000000,35.3400000000,31.3700000000,35.4500000000,0.0000000000,8.7165733708,8.7165733708,-3.1997710981,9.0273519795
SOLUSDT_lower5_Q5_high_h72,SOL Q5 72H,phase3_lower5_Q5_best,SOLUSDT,lower,5pct,long,Q5_high,-3.7212992607,18,72,2021-07-16 16:00,2021-07-16 20:00,2021-07-19 16:00,-4.2544267462,Q5_high,2.9293804613,27.1500000000,27.1300000000,24.3800000000,23.9800000000,27.8400000000,-0.0736919709,-10.7613922327,-10.6877002618,-12.3419977071,2.5833708795
SOLUSDT_lower5_Q5_high_h72,SOL Q5 72H,phase3_lower5_Q5_best,SOLUSDT,lower,5pct,long,Q5_high,-3.7212992607,18,72,2021-07-21 16:00,2021-07-21 20:00,2021-07-24 16:00,-5.4129066102,Q5_high,3.1976244098,25.5300000000,25.5400000000,28.4300000000,25.2700000000,29.5500000000,0.0391619351,10.7590694410,10.7199075059,-1.0627929204,14.5837893248
SOLUSDT_lower5_Q5_high_h72,SOL Q5 72H,phase3_lower5_Q5_best,SOLUSDT,lower,5pct,long,Q5_high,-3.7212992607,18,72,2021-08-01 20:00,2021-08-02 00:00,2021-08-04 20:00,-3.9029343906,Q5_high,3.2296961382,34.1700000000,34.1800000000,35.7600000000,32.3300000000,36.6600000000,0.0292611560,4.5481884178,4.5189272618,-5.5645085950,7.0045564724
SOLUSDT_lower5_Q5_high_h72,SOL Q5 72H,phase3_lower5_Q5_best,SOLUSDT,lower,5pct,long,Q5_high,-3.7212992607,18,72,2021-08-16 16:00,2021-08-16 20:00,2021-08-19 16:00,-6.4180803373,Q5_high,4.0414275567,62.9100000000,62.9100000000,72.3300000000,58.8200000000,80.5000000000,0.0000000000,13.9533847279,13.9533847279,-6.7223200456,24.6552050843
SOLUSDT_lower5_Q5_high_h72,SOL Q5 72H,phase3_lower5_Q5_best,SOLUSDT,lower,5pct,long,Q5_high,-3.7212992607,18,72,2021-08-17 08:00,2021-08-17 12:00,2021-08-20 08:00,-5.4104734165,Q5_high,5.2067126195,70.1500000000,70.1400000000,71.4900000000,58.8200000000,80.5000000000,-0.0142561836,1.8921773230,1.9064335067,-17.6011311586,13.7763939712
SOLUSDT_lower5_Q5_high_h72,SOL Q5 72H,phase3_lower5_Q5_best,SOLUSDT,lower,5pct,long,Q5_high,-3.7212992607,18,72,2021-08-17 16:00,2021-08-17 20:00,2021-08-20 16:00,-6.9811285855,Q5_high,5.5671701896,65.1400000000,65.1900000000,78.2200000000,58.8200000000,80.5000000000,0.0767283088,18.2986569479,18.2219286391,-10.2824149811,21.0951101488
SOLUSDT_lower5_Q5_high_h72,SOL Q5 72H,phase3_lower5_Q5_best,SOLUSDT,lower,5pct,long,Q5_high,-3.7212992607,18,72,2021-08-18 16:00,2021-08-18 20:00,2021-08-21 16:00,-5.3112176515,Q5_high,5.9729722017,73.3300000000,73.3400000000,73.2500000000,68.2400000000,82.0000000000,0.0136360537,-0.1091554209,-0.1227914746,-7.2075259460,11.1613084621
SOLUSDT_lower5_Q5_high_h72,SOL Q5 72H,phase3_lower5_Q5_best,SOLUSDT,lower,5pct,long,Q5_high,-3.7212992607,18,72,2021-08-19 00:00,2021-08-19 04:00,2021-08-22 00:00,-4.2021217751,Q5_high,5.9536328637,69.6700000000,69.6300000000,74.3100000000,68.2400000000,82.0000000000,-0.0574300088,6.4475723127,6.5050023215,-2.0164605771,16.3523738310
SOLUSDT_lower5_Q5_high_h72,SOL Q5 72H,phase3_lower5_Q5_best,SOLUSDT,lower,5pct,long,Q5_high,-3.7212992607,18,72,2021-08-21 08:00,2021-08-21 12:00,2021-08-24 08:00,-3.8257444048,Q5_high,3.8125411501,75.9000000000,75.9000000000,77.7700000000,71.2400000000,79.4500000000,0.0000000000,2.4339068305,2.4339068305,-6.3362225980,4.5711208581
SOLUSDT_lower5_Q5_high_h72,SOL Q5 72H,phase3_lower5_Q5_best,SOLUSDT,lower,5pct,long,Q5_high,-3.7212992607,18,72,2021-08-26 04:00,2021-08-26 08:00,2021-08-29 04:00,-4.4663829161,Q5_high,3.1902921611,67.6500000000,67.6600000000,94.0800000000,66.4000000000,97.8200000000,0.0147808736,32.9798129534,32.9650320798,-1.8798106870,36.8633891759
SOLUSDT_lower5_Q5_high_h72,SOL Q5 72H,phase3_lower5_Q5_best,SOLUSDT,lower,5pct,long,Q5_high,-3.7212992607,18,72,2021-08-31 12:00,2021-08-31 16:00,2021-09-03 12:00,-6.8409110332,Q5_high,3.0322493201,116.5200000000,116.5200000000,140.0200000000,103.0600000000,146.3800000000,0.0000000000,18.3722337458,18.3722337458,-12.2751589191,22.8143048082
SOLUSDT_lower5_Q5_high_h72,SOL Q5 72H,phase3_lower5_Q5_best,SOLUSDT,lower,5pct,long,Q5_high,-3.7212992607,18,72,2021-08-31 20:00,2021-09-01 00:00,2021-09-03 20:00,-5.7604729054,Q5_high,3.2512947436,108.2700000000,108.2700000000,146.4000000000,105.8900000000,148.9900000000,0.0000000000,30.1714494204,30.1714494204,-2.2227287880,31.9251082276
SOLUSDT_lower5_Q5_high_h72,SOL Q5 72H,phase3_lower5_Q5_best,SOLUSDT,lower,5pct,long,Q5_high,-3.7212992607,18,72,2021-09-01 20:00,2021-09-02 00:00,2021-09-04 20:00,-3.7844030324,Q5_high,3.4754947828,110.7100000000,110.7100000000,138.8800000000,109.1800000000,150.6000000000,0.0000000000,22.6696081041,22.6696081041,-1.3916273518,30.7713145494
SOLUSDT_lower5_Q5_high_h72,SOL Q5 72H,phase3_lower5_Q5_best,SOLUSDT,lower,5pct,long,Q5_high,-3.7212992607,18,72,2021-09-03 08:00,2021-09-03 12:00,2021-09-06 08:00,-3.7317763007,Q5_high,3.9740796943,139.3900000000,139.3700000000,142.4100000000,134.7400000000,150.6000000000,-0.0143492610,2.1434461490,2.1577954100,-3.3785271599,7.7495048234
SOLUSDT_lower5_Q5_high_h72,SOL Q5 72H,phase3_lower5_Q5_best,SOLUSDT,lower,5pct,long,Q5_high,-3.7212992607,18,72,2021-09-07 12:00,2021-09-07 16:00,2021-09-10 12:00,-8.0220406475,Q5_high,3.9730930870,168.8100000000,169.0600000000,179.5700000000,146.5000000000,216.0000000000,0.1479859387,6.1791281941,6.0311422553,-14.3228253044,24.5024726183
SOLUSDT_lower5_Q5_high_h72,SOL Q5 72H,phase3_lower5_Q5_best,SOLUSDT,lower,5pct,long,Q5_high,-3.7212992607,18,72,2021-09-08 04:00,2021-09-08 08:00,2021-09-11 04:00,-12.6628316434,Q5_high,4.9223546468,152.4500000000,152.4800000000,178.6900000000,146.5000000000,216.0000000000,0.0196766472,15.8815787456,15.8619020985,-4.0008011449,34.8244967778
SOLUSDT_lower5_Q5_high_h72,SOL Q5 72H,phase3_lower5_Q5_best,SOLUSDT,lower,5pct,long,Q5_high,-3.7212992607,18,72,2021-09-09 16:00,2021-09-09 20:00,2021-09-12 16:00,-8.4138038627,Q5_high,6.7404501337,185.0100000000,185.0100000000,177.6700000000,167.8200000000,198.8700000000,0.0000000000,-4.0481980624,-4.0481980624,-9.7517901230,7.2241467250
SOLUSDT_lower5_Q5_high_h72,SOL Q5 72H,phase3_lower5_Q5_best,SOLUSDT,lower,5pct,long,Q5_high,-3.7212992607,18,72,2021-09-10 04:00,2021-09-10 08:00,2021-09-13 04:00,-6.1323315738,Q5_high,6.7081966415,182.6300000000,182.6400000000,152.9100000000,151.1000000000,193.5100000000,0.0054754018,-17.7612735184,-17.7667489201,-18.9575132943,5.7812188500
SOLUSDT_lower5_Q5_high_h72,SOL Q5 72H,phase3_lower5_Q5_best,SOLUSDT,lower,5pct,long,Q5_high,-3.7212992607,18,72,2021-09-13 00:00,2021-09-13 04:00,2021-09-16 00:00,-11.7618094300,Q5_high,3.4431140005,154.9500000000,154.9500000000,155.1600000000,142.6000000000,175.0000000000,0.0000000000,0.1354358338,0.1354358338,-8.3058976254,12.1683489690
SOLUSDT_lower5_Q5_high_h72,SOL Q5 72H,phase3_lower5_Q5_best,SOLUSDT,lower,5pct,long,Q5_high,-3.7212992607,18,72,2021-09-20 00:00,2021-09-20 04:00,2021-09-23 00:00,-5.1307075990,Q5_high,3.3428296029,145.1200000000,145.1000000000,148.5800000000,116.0000000000,151.6800000000,-0.0137826477,2.3562547357,2.3700373834,-22.3832968784,4.4349878617
SOLUSDT_lower5_Q5_high_h72,SOL Q5 72H,phase3_lower5_Q5_best,SOLUSDT,lower,5pct,long,Q5_high,-3.7212992607,18,72,2021-09-20 04:00,2021-09-20 08:00,2021-09-23 04:00,-4.1792926950,Q5_high,3.4556601255,139.1800000000,139.1800000000,151.5000000000,116.0000000000,151.9700000000,0.0000000000,8.4817565533,8.4817565533,-18.2177868310,8.7915073529
SOLUSDT_lower5_Q5_high_h72,SOL Q5 72H,phase3_lower5_Q5_best,SOLUSDT,lower,5pct,long,Q5_high,-3.7212992607,18,72,2021-09-20 16:00,2021-09-20 20:00,2021-09-23 16:00,-3.7329373094,Q5_high,3.5494740272,138.8200000000,138.8800000000,149.6100000000,116.0000000000,152.5000000000,0.0432121001,7.4853778315,7.4421657314,-18.0020059806,9.3554345135
SOLUSDT_lower5_Q5_high_h72,SOL Q5 72H,phase3_lower5_Q5_best,SOLUSDT,lower,5pct,long,Q5_high,-3.7212992607,18,72,2021-09-20 20:00,2021-09-21 00:00,2021-09-23 20:00,-4.4559822004,Q5_high,3.5452967107,132.7700000000,132.7700000000,149.9100000000,116.0000000000,152.5000000000,0.0000000000,12.1416806116,12.1416806116,-13.5028116801,13.8546288140
SOLUSDT_lower5_Q5_high_h72,SOL Q5 72H,phase3_lower5_Q5_best,SOLUSDT,lower,5pct,long,Q5_high,-3.7212992607,18,72,2021-09-21 16:00,2021-09-21 20:00,2021-09-24 16:00,-8.5424189585,Q5_high,3.5998909252,127.1600000000,127.1800000000,138.1400000000,116.0000000000,152.5000000000,0.0157269797,8.2821527618,8.2664257822,-9.2013214733,18.1561190208
SOLUSDT_lower5_Q5_high_h72,SOL Q5 72H,phase3_lower5_Q5_best,SOLUSDT,lower,5pct,long,Q5_high,-3.7212992607,18,72,2021-09-23 08:00,2021-09-23 12:00,2021-09-26 08:00,-4.8344718840,Q5_high,4.3596677645,144.3500000000,144.3600000000,135.0900000000,124.8000000000,151.9800000000,0.0069273666,-6.6299683127,-6.6368956793,-14.5597723839,5.1438753467
SOLUSDT_lower5_Q5_high_h72,SOL Q5 72H,phase3_lower5_Q5_best,SOLUSDT,lower,5pct,long,Q5_high,-3.7212992607,18,72,2021-09-24 08:00,2021-09-24 12:00,2021-09-27 08:00,-6.9719125604,Q5_high,4.2696406967,134.8900000000,134.9100000000,147.3800000000,124.8000000000,148.9200000000,0.0148257969,8.8554653857,8.8406395888,-7.7895433515,9.8801359554
SOLUSDT_lower5_Q5_high_h72,SOL Q5 72H,phase3_lower5_Q5_best,SOLUSDT,lower,5pct,long,Q5_high,-3.7212992607,18,72,2021-09-27 20:00,2021-09-28 00:00,2021-09-30 20:00,-4.9645439437,Q5_high,2.9507971250,136.3500000000,136.3400000000,141.3700000000,128.1700000000,142.9500000000,-0.0073343357,3.6155457587,3.6228800944,-6.1794258193,4.7343152834
SOLUSDT_lower5_Q5_high_h72,SOL Q5 72H,phase3_lower5_Q5_best,SOLUSDT,lower,5pct,long,Q5_high,-3.7212992607,18,72,2021-09-28 12:00,2021-09-28 16:00,2021-10-01 12:00,-3.9978274432,Q5_high,3.1783581522,130.4300000000,130.3900000000,157.4000000000,128.1700000000,159.0900000000,-0.0306724947,18.7953651601,18.8260376548,-1.7172451694,19.8940120382
SOLUSDT_lower5_Q5_high_h72,SOL Q5 72H,phase3_lower5_Q5_best,SOLUSDT,lower,5pct,long,Q5_high,-3.7212992607,18,72,2021-11-22 00:00,2021-11-22 04:00,2021-11-25 00:00,-4.4623333640,Q5_high,2.8910609607,220.4500000000,220.4500000000,210.9500000000,200.1400000000,226.0800000000,0.0000000000,-4.4049773234,-4.4049773234,-9.6653790142,2.5218007132
SOLUSDT_lower5_Q5_high_h72,SOL Q5 72H,phase3_lower5_Q5_best,SOLUSDT,lower,5pct,long,Q5_high,-3.7212992607,18,72,2021-11-22 16:00,2021-11-22 20:00,2021-11-25 16:00,-4.4566151001,Q5_high,2.9538129537,212.8400000000,212.8600000000,210.4500000000,200.1400000000,226.0800000000,0.0093962885,-1.1292614512,-1.1386577396,-6.1617550951,6.0254246323
SOLUSDT_lower5_Q5_high_h72,SOL Q5 72H,phase3_lower5_Q5_best,SOLUSDT,lower,5pct,long,Q5_high,-3.7212992607,18,72,2021-11-24 16:00,2021-11-24 20:00,2021-11-27 16:00,-4.9673572061,Q5_high,2.9172793680,202.0500000000,202.0600000000,196.2900000000,182.7000000000,216.3500000000,0.0049491475,-2.8922033975,-2.8971525450,-10.0719219616,6.8332783671
SOLUSDT_lower5_Q5_high_h72,SOL Q5 72H,phase3_lower5_Q5_best,SOLUSDT,lower,5pct,long,Q5_high,-3.7212992607,18,72,2021-12-04 00:00,2021-12-04 04:00,2021-12-07 00:00,-7.6360229456,Q5_high,3.0391609425,196.0900000000,196.0900000000,195.3500000000,169.0000000000,210.5200000000,0.0000000000,-0.3780916010,-0.3780916010,-14.8675022588,7.1006922974
SOLUSDT_lower5_Q5_high_h72,SOL Q5 72H,phase3_lower5_Q5_best,SOLUSDT,lower,5pct,long,Q5_high,-3.7212992607,18,72,2021-12-05 12:00,2021-12-05 16:00,2021-12-08 12:00,-5.5635430898,Q5_high,3.6751015961,185.4500000000,185.3500000000,192.4900000000,176.1700000000,204.1000000000,-0.0539374339,3.7258900391,3.7798274730,-5.0796491658,9.6364140219
SOLUSDT_lower5_Q5_high_h72,SOL Q5 72H,phase3_lower5_Q5_best,SOLUSDT,lower,5pct,long,Q5_high,-3.7212992607,18,72,2021-12-06 04:00,2021-12-06 08:00,2021-12-09 04:00,-4.3993348370,Q5_high,3.8151468491,184.9900000000,185.0800000000,190.8500000000,176.1700000000,204.1000000000,0.0486394476,3.1186009628,3.0699615152,-4.9338726100,9.7821905777
SOLUSDT_lower5_Q5_high_h72,SOL Q5 72H,phase3_lower5_Q5_best,SOLUSDT,lower,5pct,long,Q5_high,-3.7212992607,18,72,2021-12-16 16:00,2021-12-16 20:00,2021-12-19 16:00,-3.7760894762,Q5_high,3.7087459155,180.0800000000,180.1100000000,180.3300000000,167.8800000000,189.4300000000,0.0166578750,0.1387309121,0.1220730370,-7.0318336884,5.0451787791
SOLUSDT_lower5_Q5_high_h72,SOL Q5 72H,phase3_lower5_Q5_best,SOLUSDT,lower,5pct,long,Q5_high,-3.7212992607,18,72,2022-01-08 16:00,2022-01-08 20:00,2022-01-11 16:00,-6.3462266308,Q5_high,3.2138368509,135.3800000000,135.3600000000,142.3900000000,130.0000000000,146.9400000000,-0.0147743223,5.0484132712,5.0631875935,-4.0403445402,8.2086444334
SOLUSDT_lower5_Q5_high_h72,SOL Q5 72H,phase3_lower5_Q5_best,SOLUSDT,lower,5pct,long,Q5_high,-3.7212992607,18,72,2022-01-10 12:00,2022-01-10 16:00,2022-01-13 12:00,-4.6082988505,Q5_high,2.9156409866,133.1600000000,133.1700000000,154.9500000000,130.9600000000,157.8000000000,0.0075094807,15.1551071527,15.1475976720,-1.6734574451,16.9701900898
SOLUSDT_lower5_Q5_high_h72,SOL Q5 72H,phase3_lower5_Q5_best,SOLUSDT,lower,5pct,long,Q5_high,-3.7212992607,18,72,2022-01-21 20:00,2022-01-22 00:00,2022-01-24 20:00,-6.9331283979,Q5_high,3.1202907943,112.2700000000,112.2400000000,91.9300000000,80.8300000000,114.8900000000,-0.0267248676,-19.9879266595,-19.9612017919,-32.8291252048,2.3335713071
SOLUSDT_lower5_Q5_high_h72,SOL Q5 72H,phase3_lower5_Q5_best,SOLUSDT,lower,5pct,long,Q5_high,-3.7212992607,18,72,2022-01-22 04:00,2022-01-22 08:00,2022-01-25 04:00,-8.8413256069,Q5_high,3.4069265698,100.3900000000,100.4000000000,90.0000000000,80.8300000000,104.8200000000,0.0099606554,-10.9252930373,-10.9352536927,-21.6814023512,4.3082386116
SOLUSDT_lower5_Q5_high_h72,SOL Q5 72H,phase3_lower5_Q5_best,SOLUSDT,lower,5pct,long,Q5_high,-3.7212992607,18,72,2022-01-22 12:00,2022-01-22 16:00,2022-01-25 12:00,-5.8846641096,Q5_high,3.5277407314,93.0500000000,93.0400000000,92.9500000000,80.8300000000,104.8200000000,-0.0107474878,-0.1075268921,-0.0967794043,-14.0681324465,11.9215085164
SOLUSDT_lower5_Q5_high_h72,SOL Q5 72H,phase3_lower5_Q5_best,SOLUSDT,lower,5pct,long,Q5_high,-3.7212992607,18,72,2022-01-23 16:00,2022-01-23 20:00,2022-01-26 16:00,-4.2462863916,Q5_high,4.1695933910,94.7500000000,94.7300000000,98.2100000000,80.8300000000,104.4300000000,-0.0211104075,3.5866199207,3.6077303282,-15.8682556142,9.7486250604
SOLUSDT_lower5_Q5_high_h72,SOL Q5 72H,phase3_lower5_Q5_best,SOLUSDT,lower,5pct,long,Q5_high,-3.7212992607,18,72,2022-01-24 00:00,2022-01-24 04:00,2022-01-27 00:00,-8.0092819172,Q5_high,4.4997305249,92.1000000000,92.0900000000,86.7500000000,80.8300000000,104.4300000000,-0.0108583528,-5.9844524434,-5.9735940906,-13.0418175988,12.5750630758
SOLUSDT_lower5_Q5_high_h72,SOL Q5 72H,phase3_lower5_Q5_best,SOLUSDT,lower,5pct,long,Q5_high,-3.7212992607,18,72,2022-01-24 04:00,2022-01-24 08:00,2022-01-27 04:00,-5.9844524434,Q5_high,4.2782763517,86.7500000000,86.7700000000,88.7800000000,80.8300000000,104.4300000000,0.0230520978,2.3130980579,2.2900459600,-7.0912756060,18.5256050686
SOLUSDT_lower5_Q5_high_h72,SOL Q5 72H,phase3_lower5_Q5_best,SOLUSDT,lower,5pct,long,Q5_high,-3.7212992607,18,72,2022-01-26 20:00,2022-01-27 00:00,2022-01-29 20:00,-6.4015968217,Q5_high,3.7098899424,92.1200000000,92.1100000000,96.1300000000,85.7100000000,98.9300000000,-0.0108559952,4.2609367125,4.2717927078,-7.2014010089,7.1429014335
SOLUSDT_lower5_Q5_high_h72,SOL Q5 72H,phase3_lower5_Q5_best,SOLUSDT,lower,5pct,long,Q5_high,-3.7212992607,18,72,2022-01-27 00:00,2022-01-27 04:00,2022-01-30 00:00,-6.0061656126,Q5_high,3.8261421120,86.7500000000,86.7300000000,94.4500000000,85.7100000000,98.9300000000,-0.0230574131,8.5040175121,8.5270749251,-1.1830339786,13.1612684639
SOLUSDT_lower5_Q5_high_h72,SOL Q5 72H,phase3_lower5_Q5_best,SOLUSDT,lower,5pct,long,Q5_high,-3.7212992607,18,72,2022-02-02 20:00,2022-02-03 00:00,2022-02-05 20:00,-7.6957405771,Q5_high,3.3021350403,101.8800000000,101.9100000000,113.7500000000,94.0000000000,118.6000000000,0.0294420729,11.0207407720,10.9912986990,-8.0795288571,15.1666415723
SOLUSDT_lower5_Q5_high_h72,SOL Q5 72H,phase3_lower5_Q5_best,SOLUSDT,lower,5pct,long,Q5_high,-3.7212992607,18,72,2022-02-03 00:00,2022-02-03 04:00,2022-02-06 00:00,-4.4969439463,Q5_high,3.3802087821,97.4000000000,97.3800000000,114.4000000000,94.0000000000,118.6000000000,-0.0205359894,16.0874868297,16.1080228191,-3.5326068485,19.7135635809
SOLUSDT_lower5_Q5_high_h72,SOL Q5 72H,phase3_lower5_Q5_best,SOLUSDT,lower,5pct,long,Q5_high,-3.7212992607,18,72,2022-02-23 20:00,2022-02-24 00:00,2022-02-26 20:00,-4.0769977563,Q5_high,2.9300671136,84.5900000000,84.5800000000,90.2300000000,75.3500000000,95.4900000000,-0.0118224272,6.4545909690,6.4664133962,-11.5553906972,12.1323697918
SOLUSDT_lower5_Q5_high_h72,SOL Q5 72H,phase3_lower5_Q5_best,SOLUSDT,lower,5pct,long,Q5_high,-3.7212992607,18,72,2022-02-24 00:00,2022-02-24 04:00,2022-02-27 00:00,-8.7280088733,Q5_high,3.3872420558,77.5200000000,77.5500000000,87.0100000000,75.3500000000,95.4900000000,0.0386922040,11.5487086995,11.5100164955,-2.8778964550,20.8098640340
SOLUSDT_lower5_Q5_high_h72,SOL Q5 72H,phase3_lower5_Q5_best,SOLUSDT,lower,5pct,long,Q5_high,-3.7212992607,18,72,2022-02-27 16:00,2022-02-27 20:00,2022-03-02 16:00,-7.1934223099,Q5_high,2.9344422767,84.8700000000,84.8500000000,100.9900000000,84.0800000000,106.4300000000,-0.0235682301,17.3900828057,17.4136510358,-0.9116265112,22.6602500373
SOLUSDT_lower5_Q5_high_h72,SOL Q5 72H,phase3_lower5_Q5_best,SOLUSDT,lower,5pct,long,Q5_high,-3.7212992607,18,72,2022-05-11 04:00,2022-05-11 08:00,2022-05-14 04:00,-5.5595747045,Q5_high,3.2829421469,62.6200000000,62.6000000000,50.7400000000,37.3700000000,66.4100000000,-0.0319437792,-21.0370161727,-21.0050723935,-51.5897034609,5.9082369447
SOLUSDT_lower5_Q5_high_h72,SOL Q5 72H,phase3_lower5_Q5_best,SOLUSDT,lower,5pct,long,Q5_high,-3.7212992607,18,72,2022-05-11 12:00,2022-05-11 16:00,2022-05-14 12:00,-10.0323540186,Q5_high,3.7800475640,55.5300000000,55.5200000000,46.4700000000,37.3700000000,56.9900000000,-0.0180099055,-17.8116472157,-17.7936373102,-39.5875072701,2.6132497648
SOLUSDT_lower5_Q5_high_h72,SOL Q5 72H,phase3_lower5_Q5_best,SOLUSDT,lower,5pct,long,Q5_high,-3.7212992607,18,72,2022-05-11 16:00,2022-05-11 20:00,2022-05-14 16:00,-14.7807910837,Q5_high,4.6944264553,47.9000000000,47.8900000000,49.3700000000,37.3700000000,56.9900000000,-0.0208790062,3.0227447854,3.0436237916,-24.8038470857,17.3969099492
SOLUSDT_lower5_Q5_high_h72,SOL Q5 72H,phase3_lower5_Q5_best,SOLUSDT,lower,5pct,long,Q5_high,-3.7212992607,18,72,2022-05-12 00:00,2022-05-12 04:00,2022-05-15 00:00,-11.9208412517,Q5_high,5.5178450335,45.1800000000,45.1700000000,50.2000000000,37.3700000000,56.9900000000,-0.0221361373,10.5360515658,10.5581877031,-18.9564906169,23.2442664180
SOLUSDT_lower5_Q5_high_h72,SOL Q5 72H,phase3_lower5_Q5_best,SOLUSDT,lower,5pct,long,Q5_high,-3.7212992607,18,72,2022-05-13 20:00,2022-05-14 00:00,2022-05-16 20:00,-5.1201303239,Q5_high,6.2599976717,48.9200000000,48.9300000000,53.7900000000,45.8100000000,59.3100000000,0.0204394482,9.4901265466,9.4696870984,-6.5888297402,19.2387220550
SOLUSDT_lower5_Q5_high_h72,SOL Q5 72H,phase3_lower5_Q5_best,SOLUSDT,lower,5pct,long,Q5_high,-3.7212992607,18,72,2022-05-14 08:00,2022-05-14 12:00,2022-05-17 08:00,-5.4680556959,Q5_high,6.5270709019,48.0400000000,48.0500000000,55.6700000000,45.8100000000,59.3100000000,0.0208138205,14.7407404984,14.7199266779,-4.7739727518,21.0535790434
SOLUSDT_lower5_Q5_high_h72,SOL Q5 72H,phase3_lower5_Q5_best,SOLUSDT,lower,5pct,long,Q5_high,-3.7212992607,18,72,2022-05-15 00:00,2022-05-15 04:00,2022-05-18 00:00,-4.3463919887,Q5_high,5.6593403849,50.2000000000,50.1900000000,55.0900000000,49.8600000000,59.3100000000,-0.0199223031,9.2953184787,9.3152407818,-0.6596725571,16.6962122184
SOLUSDT_lower5_Q5_high_h72,SOL Q5 72H,phase3_lower5_Q5_best,SOLUSDT,lower,5pct,long,Q5_high,-3.7212992607,18,72,2022-05-16 00:00,2022-05-16 04:00,2022-05-19 00:00,-4.7694385356,Q5_high,5.1339876751,56.0900000000,56.1000000000,50.6300000000,48.2000000000,58.2200000000,0.0178269008,-10.2413257538,-10.2591526547,-15.1776791472,3.7093125789
SOLUSDT_lower5_Q5_high_h72,SOL Q5 72H,phase3_lower5_Q5_best,SOLUSDT,lower,5pct,long,Q5_high,-3.7212992607,18,72,2022-05-16 04:00,2022-05-16 08:00,2022-05-19 04:00,-4.1869967235,Q5_high,5.2668970437,53.7900000000,53.7900000000,51.0800000000,48.2000000000,58.2200000000,0.0000000000,-5.1694545121,-5.1694545121,-10.9728555229,7.9141362032
SOLUSDT_lower5_Q5_high_h72,SOL Q5 72H,phase3_lower5_Q5_best,SOLUSDT,lower,5pct,long,Q5_high,-3.7212992607,18,72,2022-05-18 12:00,2022-05-18 16:00,2022-05-21 12:00,-7.2689733368,Q5_high,3.3369372951,50.4000000000,50.4000000000,50.7100000000,47.8100000000,54.0900000000,0.0000000000,0.6131954730,0.6131954730,-5.2756352439,7.0658150806
SOLUSDT_lower5_Q5_high_h72,SOL Q5 72H,phase3_lower5_Q5_best,SOLUSDT,lower,5pct,long,Q5_high,-3.7212992607,18,72,2022-05-20 12:00,2022-05-20 16:00,2022-05-23 12:00,-7.3153400987,Q5_high,3.0984224250,49.4100000000,49.4100000000,53.8600000000,47.8100000000,54.6800000000,0.0000000000,8.6235254526,8.6235254526,-3.2918010220,10.1345178998
SOLUSDT_lower5_Q5_high_h72,SOL Q5 72H,phase3_lower5_Q5_best,SOLUSDT,lower,5pct,long,Q5_high,-3.7212992607,18,72,2022-06-07 00:00,2022-06-07 04:00,2022-06-10 00:00,-6.9346791151,Q5_high,3.3150055511,39.5500000000,39.5500000000,40.2700000000,37.1200000000,41.9700000000,0.0000000000,1.8041080650,1.8041080650,-6.3409786296,5.9389383132
SOLUSDT_lower5_Q5_high_h72,SOL Q5 72H,phase3_lower5_Q5_best,SOLUSDT,lower,5pct,long,Q5_high,-3.7212992607,18,72,2022-06-13 00:00,2022-06-13 04:00,2022-06-16 00:00,-5.9216760003,Q5_high,3.0463029436,28.8500000000,28.8400000000,33.7900000000,25.8600000000,36.0000000000,-0.0346680537,15.8054907772,15.8401588309,-10.9065939073,22.1755626039
SOLUSDT_lower5_Q5_high_h72,SOL Q5 72H,phase3_lower5_Q5_best,SOLUSDT,lower,5pct,long,Q5_high,-3.7212992607,18,72,2022-06-13 04:00,2022-06-13 08:00,2022-06-16 04:00,-4.5381767918,Q5_high,3.0617002745,27.5700000000,27.5700000000,32.6100000000,25.8600000000,36.0000000000,0.0000000000,16.7890764766,16.7890764766,-6.4030851692,26.6790713420
SOLUSDT_lower5_Q5_high_h72,SOL Q5 72H,phase3_lower5_Q5_best,SOLUSDT,lower,5pct,long,Q5_high,-3.7212992607,18,72,2022-06-14 08:00,2022-06-14 12:00,2022-06-17 08:00,-6.3893983571,Q5_high,4.0202035805,29.1000000000,29.0900000000,31.5800000000,26.7900000000,36.0000000000,-0.0343701670,8.1785834650,8.2129536320,-8.2365788951,21.3124465949
SOLUSDT_lower5_Q5_high_h72,SOL Q5 72H,phase3_lower5_Q5_best,SOLUSDT,lower,5pct,long,Q5_high,-3.7212992607,18,72,2022-06-14 16:00,2022-06-14 20:00,2022-06-17 16:00,-5.2600184600,Q5_high,4.3145666106,29.4400000000,29.4500000000,31.1400000000,26.7900000000,36.0000000000,0.0339616237,5.6138872545,5.5799256308,-9.4665226541,20.0825028359
SOLUSDT_lower5_Q5_high_h72,SOL Q5 72H,phase3_lower5_Q5_best,SOLUSDT,lower,5pct,long,Q5_high,-3.7212992607,18,72,2022-06-15 04:00,2022-06-15 08:00,2022-06-18 04:00,-4.0388060905,Q5_high,4.2810766010,27.6600000000,27.6500000000,28.4800000000,26.7900000000,36.0000000000,-0.0361598268,2.9214760307,2.9576358575,-3.1597044412,26.3893210488
SOLUSDT_lower5_Q5_high_h72,SOL Q5 72H,phase3_lower5_Q5_best,SOLUSDT,lower,5pct,long,Q5_high,-3.7212992607,18,72,2022-06-16 08:00,2022-06-16 12:00,2022-06-19 08:00,-4.1640074124,Q5_high,4.7452139552,31.2800000000,31.2800000000,32.4000000000,27.1500000000,33.0000000000,0.0000000000,3.5179507121,3.5179507121,-14.1601869297,5.3528645789
SOLUSDT_lower5_Q5_high_h72,SOL Q5 72H,phase3_lower5_Q5_best,SOLUSDT,lower,5pct,long,Q5_high,-3.7212992607,18,72,2022-06-18 04:00,2022-06-18 08:00,2022-06-21 04:00,-5.4658412538,Q5_high,3.9458647088,28.4800000000,28.4800000000,36.8300000000,27.1500000000,37.6700000000,0.0000000000,25.7110643913,25.7110643913,-4.7825040164,27.9661935160
SOLUSDT_lower5_Q5_high_h72,SOL Q5 72H,phase3_lower5_Q5_best,SOLUSDT,lower,5pct,long,Q5_high,-3.7212992607,18,72,2022-06-18 16:00,2022-06-18 20:00,2022-06-21 16:00,-5.9430266574,Q5_high,4.0784760627,28.0900000000,28.1000000000,36.6000000000,27.1500000000,39.1900000000,0.0355935224,26.4634599291,26.4278664068,-3.4392529960,33.2652035872
SOLUSDT_lower5_Q5_high_h72,SOL Q5 72H,phase3_lower5_Q5_best,SOLUSDT,lower,5pct,long,Q5_high,-3.7212992607,18,72,2022-06-19 00:00,2022-06-19 04:00,2022-06-22 00:00,-5.8849963850,Q5_high,5.0029152996,30.1900000000,30.1800000000,34.7000000000,28.6800000000,39.1900000000,-0.0331290379,13.9228943234,13.9560233613,-5.0979437608,26.1242158872
SOLUSDT_lower5_Q5_high_h72,SOL Q5 72H,phase3_lower5_Q5_best,SOLUSDT,lower,5pct,long,Q5_high,-3.7212992607,18,72,2022-06-20 00:00,2022-06-20 04:00,2022-06-23 00:00,-5.7795197587,Q5_high,5.1735896770,32.2700000000,32.2700000000,35.1300000000,31.7300000000,39.1900000000,0.0000000000,8.4917460214,8.4917460214,-1.6875400469,19.4283606148
SOLUSDT_lower5_Q5_high_h72,SOL Q5 72H,phase3_lower5_Q5_best,SOLUSDT,lower,5pct,long,Q5_high,-3.7212992607,18,72,2022-06-22 00:00,2022-06-22 04:00,2022-06-25 00:00,-4.8378387347,Q5_high,5.4937387047,34.7000000000,34.7000000000,41.4100000000,33.6500000000,42.9200000000,0.0000000000,17.6782710605,17.6782710605,-3.0726630862,21.2598230810
SOLUSDT_lower5_Q5_high_h72,SOL Q5 72H,phase3_lower5_Q5_best,SOLUSDT,lower,5pct,long,Q5_high,-3.7212992607,18,72,2022-07-20 16:00,2022-07-20 20:00,2022-07-23 16:00,-4.8338226617,Q5_high,3.3542133890,43.2100000000,43.2200000000,39.3600000000,38.6000000000,44.3300000000,0.0231401135,-9.3321877760,-9.3553278895,-11.3051074608,2.5358297678
SOLUSDT_lower5_Q5_high_h72,SOL Q5 72H,phase3_lower5_Q5_best,SOLUSDT,lower,5pct,long,Q5_high,-3.7212992607,18,72,2022-07-21 00:00,2022-07-21 04:00,2022-07-24 00:00,-4.9242216853,Q5_high,3.6023773509,40.0200000000,40.0300000000,39.6100000000,38.6000000000,44.3300000000,0.0249843849,-1.0297717522,-1.0547561371,-3.6376896534,10.2032475752
SOLUSDT_lower5_Q5_high_h72,SOL Q5 72H,phase3_lower5_Q5_best,SOLUSDT,lower,5pct,long,Q5_high,-3.7212992607,18,72,2022-07-22 12:00,2022-07-22 16:00,2022-07-25 12:00,-5.7105108936,Q5_high,3.0151911114,41.6900000000,41.6900000000,38.4900000000,37.7400000000,42.1000000000,0.0000000000,-7.9862824597,-7.9862824597,-9.9540751952,0.9786448796
SOLUSDT_lower5_Q5_high_h72,SOL Q5 72H,phase3_lower5_Q5_best,SOLUSDT,lower,5pct,long,Q5_high,-3.7212992607,18,72,2022-07-23 08:00,2022-07-23 12:00,2022-07-26 08:00,-4.2759510263,Q5_high,2.9241758655,39.6000000000,39.6100000000,35.8100000000,35.3300000000,42.1000000000,0.0252493373,-10.0601934250,-10.0854427623,-11.4349150263,6.0966129055
SOLUSDT_lower5_Q5_high_h72,SOL Q5 72H,phase3_lower5_Q5_best,SOLUSDT,lower,5pct,long,Q5_high,-3.7212992607,18,72,2022-09-13 12:00,2022-09-13 16:00,2022-09-16 12:00,-10.2014873405,Q5_high,2.9771429342,34.7300000000,34.7400000000,32.2700000000,31.8300000000,35.3200000000,0.0287894057,-7.3465860692,-7.3753754749,-8.7482519519,1.6557614923
SOLUSDT_lower5_Q5_high_h72,SOL Q5 72H,phase3_lower5_Q5_best,SOLUSDT,lower,5pct,long,Q5_high,-3.7212992607,18,72,2022-11-07 20:00,2022-11-08 00:00,2022-11-10 20:00,-8.9091139410,Q5_high,3.2553525355,29.6200000000,29.6200000000,17.6600000000,12.3700000000,31.7200000000,0.0000000000,-51.7147613664,-51.7147613664,-87.3175622435,6.8497587927
SOLUSDT_lower5_Q5_high_h72,SOL Q5 72H,phase3_lower5_Q5_best,SOLUSDT,lower,5pct,long,Q5_high,-3.7212992607,18,72,2022-11-08 00:00,2022-11-08 04:00,2022-11-11 00:00,-11.1305075847,Q5_high,3.9921157036,26.5000000000,26.5000000000,16.3900000000,12.3700000000,31.7200000000,0.0000000000,-48.0473340236,-48.0473340236,-76.1870546588,17.9802663774
SOLUSDT_lower5_Q5_high_h72,SOL Q5 72H,phase3_lower5_Q5_best,SOLUSDT,lower,5pct,long,Q5_high,-3.7212992607,18,72,2022-11-08 16:00,2022-11-08 20:00,2022-11-11 16:00,-15.3729892950,Q5_high,5.1597091670,23.7700000000,23.7700000000,16.2200000000,12.3700000000,24.7300000000,0.0000000000,-38.2179232685,-38.2179232685,-65.3150094968,3.9592800161
SOLUSDT_lower5_Q5_high_h72,SOL Q5 72H,phase3_lower5_Q5_best,SOLUSDT,lower,5pct,long,Q5_high,-3.7212992607,18,72,2022-11-09 00:00,2022-11-09 04:00,2022-11-12 00:00,-9.8185515529,Q5_high,5.2759777940,22.1000000000,22.1100000000,15.8100000000,12.3700000000,22.1700000000,0.0452386346,-33.4934957302,-33.5387343648,-58.0755808465,0.2710028759
SOLUSDT_lower5_Q5_high_h72,SOL Q5 72H,phase3_lower5_Q5_best,SOLUSDT,lower,5pct,long,Q5_high,-3.7212992607,18,72,2022-11-09 04:00,2022-11-09 08:00,2022-11-12 04:00,-13.5990781606,Q5_high,5.7912811415,19.2900000000,19.2900000000,15.4900000000,12.3700000000,20.7700000000,0.0000000000,-21.9392172489,-21.9392172489,-44.4312640513,7.3922810970
SOLUSDT_lower5_Q5_high_h72,SOL Q5 72H,phase3_lower5_Q5_best,SOLUSDT,lower,5pct,long,Q5_high,-3.7212992607,18,72,2022-11-09 12:00,2022-11-09 16:00,2022-11-12 12:00,-22.1274974003,Q5_high,7.3167494476,16.0700000000,16.0800000000,14.8200000000,12.3700000000,18.8700000000,0.0622084001,-8.0976559881,-8.1598643883,-26.2302077346,15.9997095630
SOLUSDT_lower5_Q5_high_h72,SOL Q5 72H,phase3_lower5_Q5_best,SOLUSDT,lower,5pct,long,Q5_high,-3.7212992607,18,72,2022-11-09 16:00,2022-11-09 20:00,2022-11-12 16:00,-14.9391229560,Q5_high,7.6695233803,13.8400000000,13.8500000000,15.1600000000,12.3700000000,18.8700000000,0.0722282444,9.1097430025,9.0375147581,-11.3011046229,30.9288126747
SOLUSDT_lower5_Q5_high_h72,SOL Q5 72H,phase3_lower5_Q5_best,SOLUSDT,lower,5pct,long,Q5_high,-3.7212992607,18,72,2022-11-10 08:00,2022-11-10 12:00,2022-11-13 08:00,-8.0749171850,Q5_high,8.3553947548,14.1500000000,14.1600000000,13.7800000000,13.3300000000,18.8700000000,0.0706464176,-2.6496358504,-2.7202822680,-6.0403954075,28.7152271115
SOLUSDT_lower5_Q5_high_h72,SOL Q5 72H,phase3_lower5_Q5_best,SOLUSDT,lower,5pct,long,Q5_high,-3.7212992607,18,72,2022-11-11 00:00,2022-11-11 04:00,2022-11-14 00:00,-7.4630802420,Q5_high,10.1235189866,16.3900000000,16.3800000000,13.0000000000,12.0700000000,18.3100000000,-0.0610314331,-23.1722035294,-23.1111720963,-30.5338043315,11.1386280261
SOLUSDT_lower5_Q5_high_h72,SOL Q5 72H,phase3_lower5_Q5_best,SOLUSDT,lower,5pct,long,Q5_high,-3.7212992607,18,72,2022-11-11 12:00,2022-11-11 16:00,2022-11-14 12:00,-9.6634829518,Q5_high,10.1331548047,16.4600000000,16.4600000000,13.7200000000,12.0700000000,16.6500000000,0.0000000000,-18.2078572951,-18.2078572951,-31.0210160139,1.1477021178
SOLUSDT_lower5_Q5_high_h72,SOL Q5 72H,phase3_lower5_Q5_best,SOLUSDT,lower,5pct,long,Q5_high,-3.7212992607,18,72,2022-11-12 00:00,2022-11-12 04:00,2022-11-15 00:00,-3.9682825990,Q5_high,9.7080726966,15.8100000000,15.8200000000,14.2000000000,12.0700000000,15.9300000000,0.0632311118,-10.7400686614,-10.8032997732,-27.0551927230,0.6929161582
SOLUSDT_lower5_Q5_high_h72,SOL Q5 72H,phase3_lower5_Q5_best,SOLUSDT,lower,5pct,long,Q5_high,-3.7212992607,18,72,2022-11-12 20:00,2022-11-13 00:00,2022-11-15 20:00,-3.9009653634,Q5_high,7.6546133231,14.5800000000,14.5800000000,14.3200000000,12.0700000000,15.1000000000,0.0000000000,-1.7993565048,-1.7993565048,-18.8927691471,3.5044017240
SOLUSDT_lower5_Q5_high_h72,SOL Q5 72H,phase3_lower5_Q5_best,SOLUSDT,lower,5pct,long,Q5_high,-3.7212992607,18,72,2022-11-13 04:00,2022-11-13 08:00,2022-11-16 04:00,-4.2111485350,Q5_high,6.9190924781,13.9500000000,13.9500000000,14.3400000000,12.0700000000,15.1000000000,0.0000000000,2.7573326904,2.7573326904,-14.4756473158,7.9215235554
SOLUSDT_lower5_Q5_high_h72,SOL Q5 72H,phase3_lower5_Q5_best,SOLUSDT,lower,5pct,long,Q5_high,-3.7212992607,18,72,2022-11-13 20:00,2022-11-14 00:00,2022-11-16 20:00,-5.9642259603,Q5_high,3.8543735094,13.1800000000,13.1800000000,14.2700000000,12.0700000000,15.1000000000,0.0000000000,7.9458902414,7.9458902414,-8.7977493965,13.5994214747
SOLUSDT_lower5_Q5_high_h72,SOL Q5 72H,phase3_lower5_Q5_best,SOLUSDT,lower,5pct,long,Q5_high,-3.7212992607,18,72,2022-12-30 04:00,2022-12-30 08:00,2023-01-02 04:00,-3.9726104000,Q5_high,3.2828338856,9.1300000000,9.1500000000,11.0800000000,9.0400000000,11.9400000000,0.2188184681,19.3575986712,19.1387802032,-1.2094704883,26.6140228677
SOLUSDT_lower5_Q5_high_h72,SOL Q5 72H,phase3_lower5_Q5_best,SOLUSDT,lower,5pct,long,Q5_high,-3.7212992607,18,72,2023-01-09 16:00,2023-01-09 20:00,2023-01-12 16:00,-5.0863490556,Q5_high,3.3082646256,16.2900000000,16.2900000000,16.5500000000,15.3000000000,16.9700000000,0.0000000000,1.5834679209,1.5834679209,-6.2698594216,4.0895656632
SOLUSDT_lower5_Q5_high_h72,SOL Q5 72H,phase3_lower5_Q5_best,SOLUSDT,lower,5pct,long,Q5_high,-3.7212992607,18,72,2023-01-11 12:00,2023-01-11 16:00,2023-01-14 12:00,-3.8148300246,Q5_high,3.5107138599,15.4300000000,15.4100000000,22.3400000000,15.3000000000,24.6300000000,-0.1297017043,37.0065127266,37.1362144309,-0.7163820934,46.8948562800
SOLUSDT_lower5_Q5_high_h72,SOL Q5 72H,phase3_lower5_Q5_best,SOLUSDT,lower,5pct,long,Q5_high,-3.7212992607,18,72,2023-01-14 08:00,2023-01-14 12:00,2023-01-17 08:00,-5.3171565142,Q5_high,4.8245397281,22.3400000000,22.3500000000,23.7900000000,21.9100000000,25.0100000000,0.0447527419,6.2886530674,6.2439003255,-1.9883167452,11.2449423830
SOLUSDT_lower5_Q5_high_h72,SOL Q5 72H,phase3_lower5_Q5_best,SOLUSDT,lower,5pct,long,Q5_high,-3.7212992607,18,72,2023-01-15 00:00,2023-01-15 04:00,2023-01-18 00:00,-5.1965228173,Q5_high,4.9543424803,23.0600000000,23.0300000000,23.3000000000,21.9800000000,25.0100000000,-0.1301801008,1.0353845731,1.1655646739,-4.6664764857,8.2478031057
SOLUSDT_lower5_Q5_high_h72,SOL Q5 72H,phase3_lower5_Q5_best,SOLUSDT,lower,5pct,long,Q5_high,-3.7212992607,18,72,2023-03-14 16:00,2023-03-14 20:00,2023-03-17 16:00,-4.4327294155,Q5_high,3.7545627384,20.9600000000,20.9400000000,20.5200000000,18.7300000000,21.4500000000,-0.0954654010,-2.1215839150,-2.0261185140,-11.1534688986,2.4063439932
SOLUSDT_lower5_Q5_high_h72,SOL Q5 72H,phase3_lower5_Q5_best,SOLUSDT,lower,5pct,long,Q5_high,-3.7212992607,18,72,2023-03-15 12:00,2023-03-15 16:00,2023-03-18 12:00,-6.6775114670,Q5_high,4.0727048169,19.2600000000,19.2600000000,21.8300000000,18.7300000000,22.8400000000,0.0000000000,12.5254764192,12.5254764192,-2.7903889914,17.0482978418
SOLUSDT_lower5_Q5_high_h72,SOL Q5 72H,phase3_lower5_Q5_best,SOLUSDT,lower,5pct,long,Q5_high,-3.7212992607,18,72,2023-03-20 16:00,2023-03-20 20:00,2023-03-23 16:00,-4.3725225274,Q5_high,3.0104556043,22.1500000000,22.1900000000,22.0800000000,20.8500000000,23.3100000000,0.1804240453,-0.3165275082,-0.4969515536,-6.2287788700,4.9240716103
SOLUSDT_lower5_Q5_high_h72,SOL Q5 72H,phase3_lower5_Q5_best,SOLUSDT,lower,5pct,long,Q5_high,-3.7212992607,18,72,2023-06-10 04:00,2023-06-10 08:00,2023-06-13 04:00,-11.6015368132,Q5_high,3.4094007833,14.4700000000,14.2800000000,15.4900000000,14.2400000000,16.1600000000,-1.3217583732,6.8117113785,8.1334697517,-0.2805050928,12.3679096182
SOLUSDT_lower5_Q5_high_h72,SOL Q5 72H,phase3_lower5_Q5_best,SOLUSDT,lower,5pct,long,Q5_high,-3.7212992607,18,72,2023-07-14 16:00,2023-07-14 20:00,2023-07-17 16:00,-7.6079495246,Q5_high,3.8325505346,26.0600000000,26.0500000000,26.0700000000,25.2900000000,29.0600000000,-0.0383803497,0.0383656249,0.0767459746,-2.9608707518,10.9344889943
SOLUSDT_lower5_Q5_high_h72,SOL Q5 72H,phase3_lower5_Q5_best,SOLUSDT,lower,5pct,long,Q5_high,-3.7212992607,18,72,2023-07-15 12:00,2023-07-15 16:00,2023-07-18 12:00,-4.8807423552,Q5_high,4.1920946080,27.5900000000,27.5800000000,25.4700000000,24.7100000000,28.6400000000,-0.0362515864,-7.9952099238,-7.9589583374,-10.9882852365,3.7713469727
SOLUSDT_lower5_Q5_high_h72,SOL Q5 72H,phase3_lower5_Q5_best,SOLUSDT,lower,5pct,long,Q5_high,-3.7212992607,18,72,2023-11-02 12:00,2023-11-02 16:00,2023-11-05 12:00,-6.5845386874,Q5_high,2.8935780538,41.5800000000,41.6100000000,40.7900000000,38.0300000000,42.8700000000,0.0721240565,-1.9182329100,-1.9903569665,-8.9965201055,2.9831757615
SOLUSDT_lower5_Q5_high_h72,SOL Q5 72H,phase3_lower5_Q5_best,SOLUSDT,lower,5pct,long,Q5_high,-3.7212992607,18,72,2023-11-11 20:00,2023-11-12 00:00,2023-11-14 20:00,-6.7918358014,Q5_high,3.8667247298,56.4900000000,56.6600000000,56.6400000000,51.5000000000,61.6500000000,0.3004863065,0.2651818048,-0.0353045017,-9.5486686733,8.4404735208
SOLUSDT_lower5_Q5_high_h72,SOL Q5 72H,phase3_lower5_Q5_best,SOLUSDT,lower,5pct,long,Q5_high,-3.7212992607,18,72,2023-11-12 16:00,2023-11-12 20:00,2023-11-15 16:00,-3.9622906818,Q5_high,4.0906710540,56.4100000000,56.3500000000,65.0000000000,51.5000000000,65.0000000000,-0.1064207266,14.1740822144,14.2805029410,-9.0000432816,14.2805029410
SOLUSDT_lower5_Q5_high_h72,SOL Q5 72H,phase3_lower5_Q5_best,SOLUSDT,lower,5pct,long,Q5_high,-3.7212992607,18,72,2023-11-13 20:00,2023-11-14 00:00,2023-11-16 20:00,-5.7932707336,Q5_high,4.1850525536,51.6400000000,51.6300000000,58.2100000000,51.5000000000,68.0000000000,-0.0193667087,11.9760595305,11.9954262392,-0.2521091222,27.5404806285
SOLUSDT_lower5_Q5_high_h72,SOL Q5 72H,phase3_lower5_Q5_best,SOLUSDT,lower,5pct,long,Q5_high,-3.7212992607,18,72,2023-11-14 08:00,2023-11-14 12:00,2023-11-17 08:00,-4.7226625917,Q5_high,4.0748823344,52.7300000000,52.6100000000,58.2300000000,52.1100000000,68.0000000000,-0.2278337800,9.9216132307,10.1494470106,-0.9549346822,25.6601489433
SOLUSDT_lower5_Q5_high_h72,SOL Q5 72H,phase3_lower5_Q5_best,SOLUSDT,lower,5pct,long,Q5_high,-3.7212992607,18,72,2023-11-16 12:00,2023-11-16 16:00,2023-11-19 12:00,-4.3222488747,Q5_high,3.5879677454,61.5800000000,61.6100000000,59.8100000000,54.8400000000,63.1200000000,0.0487052530,-2.9164271440,-2.9651323970,-11.6404340332,2.4213481511
SOLUSDT_lower5_Q5_high_h72,SOL Q5 72H,phase3_lower5_Q5_best,SOLUSDT,lower,5pct,long,Q5_high,-3.7212992607,18,72,2023-11-16 20:00,2023-11-17 00:00,2023-11-19 20:00,-6.6780037297,Q5_high,3.8560604087,58.2100000000,58.0400000000,61.1400000000,54.8400000000,61.8800000000,-0.2924733268,4.9109155179,5.2033888447,-5.6712573322,6.4064597689
SOLUSDT_lower5_Q5_high_h72,SOL Q5 72H,phase3_lower5_Q5_best,SOLUSDT,lower,5pct,long,Q5_high,-3.7212992607,18,72,2023-11-17 12:00,2023-11-17 16:00,2023-11-20 12:00,-5.7613103976,Q5_high,3.7156235971,54.9700000000,55.3600000000,58.9800000000,54.8900000000,61.8800000000,0.7069729437,7.0410821515,6.3341092078,-0.8526128748,11.1339714395
SOLUSDT_lower5_Q5_high_h72,SOL Q5 72H,phase3_lower5_Q5_best,SOLUSDT,lower,5pct,long,Q5_high,-3.7212992607,18,72,2023-12-26 04:00,2023-12-26 08:00,2023-12-29 04:00,-5.0702499310,Q5_high,3.8338953228,113.4400000000,113.4400000000,105.0500000000,97.0300000000,117.0700000000,0.0000000000,-7.6837635493,-7.6837635493,-15.6253853747,3.1497983708
SOLUSDT_lower5_Q5_high_h72,SOL Q5 72H,phase3_lower5_Q5_best,SOLUSDT,lower,5pct,long,Q5_high,-3.7212992607,18,72,2023-12-26 16:00,2023-12-26 20:00,2023-12-29 16:00,-4.2399450348,Q5_high,3.9512099172,106.6700000000,106.6200000000,106.0800000000,97.0300000000,114.6500000000,-0.0468845243,-0.5546430200,-0.5077584957,-9.4250902357,7.2612897909
SOLUSDT_lower5_Q5_high_h72,SOL Q5 72H,phase3_lower5_Q5_best,SOLUSDT,lower,5pct,long,Q5_high,-3.7212992607,18,72,2023-12-27 00:00,2023-12-27 04:00,2023-12-30 00:00,-3.7262404619,Q5_high,4.0123366011,108.5200000000,108.7500000000,103.5900000000,97.0300000000,114.6500000000,0.2117182178,-4.6493687721,-4.8610869899,-11.4031460932,5.2832339335
SOLUSDT_lower5_Q5_high_h72,SOL Q5 72H,phase3_lower5_Q5_best,SOLUSDT,lower,5pct,long,Q5_high,-3.7212992607,18,72,2023-12-27 12:00,2023-12-27 16:00,2023-12-30 12:00,-3.9015242678,Q5_high,3.5650376691,108.5800000000,108.5900000000,103.9600000000,97.0300000000,110.1600000000,0.0092093752,-4.3481018704,-4.3573112456,-11.2559113192,1.4354532192
SOLUSDT_lower5_Q5_high_h72,SOL Q5 72H,phase3_lower5_Q5_best,SOLUSDT,lower,5pct,long,Q5_high,-3.7212992607,18,72,2023-12-28 12:00,2023-12-28 16:00,2023-12-31 12:00,-5.0274619430,Q5_high,3.5713083843,99.6900000000,99.4900000000,102.4100000000,98.4600000000,109.6900000000,-0.2008234433,2.6918993053,2.8927227486,-1.0406762271,9.7601068822
SOLUSDT_lower5_Q5_high_h72,SOL Q5 72H,phase3_lower5_Q5_best,SOLUSDT,lower,5pct,long,Q5_high,-3.7212992607,18,72,2024-03-05 16:00,2024-03-05 20:00,2024-03-08 16:00,-11.9941770635,Q5_high,3.3972815772,123.9100000000,124.0000000000,147.7000000000,119.2000000000,152.5900000000,0.0726069977,17.5627693909,17.4901623932,-3.9478810974,20.7473020299
SOLUSDT_lower5_Q5_high_h72,SOL Q5 72H,phase3_lower5_Q5_best,SOLUSDT,lower,5pct,long,Q5_high,-3.7212992607,18,72,2024-03-16 16:00,2024-03-16 20:00,2024-03-19 16:00,-7.7320061527,Q5_high,3.5051722468,180.5000000000,180.4100000000,182.1500000000,171.0500000000,209.9200000000,-0.0498739308,0.9099745682,0.9598484990,-5.3276127041,15.1494467291
SOLUSDT_lower5_Q5_high_h72,SOL Q5 72H,phase3_lower5_Q5_best,SOLUSDT,lower,5pct,long,Q5_high,-3.7212992607,18,72,2024-03-19 00:00,2024-03-19 04:00,2024-03-22 00:00,-5.5706886783,Q5_high,3.0650390586,185.3800000000,184.9000000000,179.1000000000,163.7500000000,194.9000000000,-0.2592634055,-3.4463463381,-3.1870829326,-12.1474263878,5.2671468120
SOLUSDT_lower5_Q5_high_h72,SOL Q5 72H,phase3_lower5_Q5_best,SOLUSDT,lower,5pct,long,Q5_high,-3.7212992607,18,72,2024-03-19 08:00,2024-03-19 12:00,2024-03-22 08:00,-4.1525789985,Q5_high,3.1778384286,177.8300000000,177.8300000000,172.3700000000,163.7500000000,194.9000000000,0.0000000000,-3.1184708589,-3.1184708589,-8.2487163240,9.1658568758
SOLUSDT_lower5_Q5_high_h72,SOL Q5 72H,phase3_lower5_Q5_best,SOLUSDT,lower,5pct,long,Q5_high,-3.7212992607,18,72,2024-03-19 20:00,2024-03-20 00:00,2024-03-22 20:00,-6.6975379348,Q5_high,3.4284324717,170.3500000000,170.4100000000,175.1000000000,163.7500000000,194.9000000000,0.0352154012,2.7502095185,2.7149941173,-3.9866423604,13.4279308394
SOLUSDT_lower5_Q5_high_h72,SOL Q5 72H,phase3_lower5_Q5_best,SOLUSDT,lower,5pct,long,Q5_high,-3.7212992607,18,72,2024-03-22 08:00,2024-03-22 12:00,2024-03-25 08:00,-3.8691746646,Q5_high,3.0050315053,172.3700000000,172.1700000000,188.0000000000,167.4900000000,191.5900000000,-0.1160968378,8.6798633664,8.7959602042,-2.7558712798,10.6875311320
SOLUSDT_lower5_Q5_high_h72,SOL Q5 72H,phase3_lower5_Q5_best,SOLUSDT,lower,5pct,long,Q5_high,-3.7212992607,18,72,2024-04-13 16:00,2024-04-13 20:00,2024-04-16 16:00,-9.1976809850,Q5_high,3.3837474382,135.7700000000,135.6300000000,132.2200000000,125.0000000000,155.8100000000,-0.1031687638,-2.6495075707,-2.5463388069,-8.1616852672,13.8706726255
SOLUSDT_lower5_Q5_high_h72,SOL Q5 72H,phase3_lower5_Q5_best,SOLUSDT,lower,5pct,long,Q5_high,-3.7212992607,18,72,2024-04-15 12:00,2024-04-15 16:00,2024-04-18 12:00,-5.4612248646,Q5_high,4.3910720440,142.8800000000,143.4000000000,139.2700000000,126.5200000000,144.4500000000,0.3632811037,-2.5590622063,-2.9223433101,-12.5237529728,0.7295498747
SOLUSDT_lower5_Q5_high_h72,SOL Q5 72H,phase3_lower5_Q5_best,SOLUSDT,lower,5pct,long,Q5_high,-3.7212992607,18,72,2024-04-16 12:00,2024-04-16 16:00,2024-04-19 12:00,-6.2078953311,Q5_high,4.0066364155,127.7200000000,127.5300000000,146.0900000000,126.5200000000,146.8900000000,-0.1488736808,13.4382502298,13.5871239106,-0.7951232601,14.1332376305
SOLUSDT_lower5_Q5_high_h72,SOL Q5 72H,phase3_lower5_Q5_best,SOLUSDT,lower,5pct,long,Q5_high,-3.7212992607,18,72,2024-04-17 08:00,2024-04-17 12:00,2024-04-20 08:00,-3.8802222751,Q5_high,3.7218889816,134.2100000000,134.2800000000,141.6300000000,126.6400000000,146.9500000000,0.0521434702,5.3812285817,5.3290851114,-5.8578756539,9.0165220753
SOLUSDT_lower5_Q5_high_h72,SOL Q5 72H,phase3_lower5_Q5_best,SOLUSDT,lower,5pct,long,Q5_high,-3.7212992607,18,72,2024-04-17 12:00,2024-04-17 16:00,2024-04-20 12:00,-4.0834412947,Q5_high,3.5203311257,128.8400000000,128.7600000000,147.1700000000,126.6400000000,147.5500000000,-0.0621118032,13.3017056713,13.3638174745,-1.6601790858,13.6216894958
SOLUSDT_lower5_Q5_high_h72,SOL Q5 72H,phase3_lower5_Q5_best,SOLUSDT,lower,5pct,long,Q5_high,-3.7212992607,18,72,2024-04-18 04:00,2024-04-18 08:00,2024-04-21 04:00,-5.0617024665,Q5_high,3.4305633955,129.4300000000,129.5900000000,151.1500000000,127.7500000000,153.3900000000,0.1235425993,15.5132526771,15.3897100778,-1.4300391364,16.8608077313
SOLUSDT_lower5_Q5_high_h72,SOL Q5 72H,phase3_lower5_Q5_best,SOLUSDT,lower,5pct,long,Q5_high,-3.7212992607,18,72,2024-04-19 00:00,2024-04-19 04:00,2024-04-22 00:00,-4.1080025743,Q5_high,3.4108796316,136.4000000000,136.4300000000,150.3800000000,136.4200000000,153.3900000000,0.0219917165,9.7573678541,9.7353761375,-0.0073300348,11.7172035185
SOLUSDT_lower5_Q5_high_h72,SOL Q5 72H,phase3_lower5_Q5_best,SOLUSDT,lower,5pct,long,Q5_high,-3.7212992607,18,72,2024-08-05 00:00,2024-08-05 04:00,2024-08-08 00:00,-7.6642827757,Q5_high,3.2226101917,128.0500000000,128.0400000000,153.0700000000,110.1000000000,156.2300000000,-0.0078097544,17.8474520458,17.8552618002,-15.0953671373,19.8986565322
SOLUSDT_lower5_Q5_high_h72,SOL Q5 72H,phase3_lower5_Q5_best,SOLUSDT,lower,5pct,long,Q5_high,-3.7212992607,18,72,2024-08-05 04:00,2024-08-05 08:00,2024-08-08 04:00,-4.1945233473,Q5_high,3.1445314593,122.7900000000,122.7400000000,153.5400000000,110.1400000000,156.2300000000,-0.0407282211,22.3485540227,22.3892822439,-10.8316013127,24.1260983463
SOLUSDT_lower5_Q5_high_h72,SOL Q5 72H,phase3_lower5_Q5_best,SOLUSDT,lower,5pct,long,Q5_high,-3.7212992607,18,72,2024-08-05 08:00,2024-08-05 12:00,2024-08-08 08:00,-5.5851440016,Q5_high,3.2714747202,116.1200000000,116.6400000000,154.1200000000,110.1400000000,156.2300000000,0.4468129104,28.3107380602,27.8639251498,-5.7339984426,29.2237012163
SOLUSDT_lower5_Q5_high_h72,SOL Q5 72H,phase3_lower5_Q5_best,SOLUSDT,lower,5pct,long,Q5_high,-3.7212992607,18,72,2025-01-19 12:00,2025-01-19 16:00,2025-01-22 12:00,-6.3857939041,Q5_high,3.3676574831,271.0000000000,271.3600000000,258.1200000000,231.4400000000,287.8000000000,0.1327531724,-4.8694227812,-5.0021759536,-15.9125691936,5.8819441850
SOLUSDT_lower5_Q5_high_h72,SOL Q5 72H,phase3_lower5_Q5_best,SOLUSDT,lower,5pct,long,Q5_high,-3.7212992607,18,72,2025-01-19 20:00,2025-01-20 00:00,2025-01-22 20:00,-6.0490047616,Q5_high,3.6319664898,253.5400000000,253.5400000000,257.8200000000,231.4400000000,272.9600000000,0.0000000000,1.6740065504,1.6740065504,-9.1200940843,7.3803662793
SOLUSDT_lower5_Q5_high_h72,SOL Q5 72H,phase3_lower5_Q5_best,SOLUSDT,lower,5pct,long,Q5_high,-3.7212992607,18,72,2025-01-20 00:00,2025-01-20 04:00,2025-01-23 00:00,-4.8527912531,Q5_high,3.8348599871,241.5300000000,242.4900000000,249.1900000000,231.4400000000,272.9600000000,0.3966783434,3.1221968717,2.7255185283,-4.6639811746,11.8364791889
SOLUSDT_lower5_Q5_high_h72,SOL Q5 72H,phase3_lower5_Q5_best,SOLUSDT,lower,5pct,long,Q5_high,-3.7212992607,18,72,2025-02-28 00:00,2025-02-28 04:00,2025-03-03 00:00,-7.3951158605,Q5_high,2.9157667697,127.5500000000,127.5100000000,169.7700000000,125.6900000000,179.5600000000,-0.0313651692,28.5936135235,28.6249786927,-1.4376234959,34.2314621018
SOLUSDT_lower5_Q5_high_h72,SOL Q5 72H,phase3_lower5_Q5_best,SOLUSDT,lower,5pct,long,Q5_high,-3.7212992607,18,72,2025-03-03 00:00,2025-03-03 04:00,2025-03-06 00:00,-5.2046971543,Q5_high,4.2289974118,169.7700000000,170.1400000000,148.6700000000,130.7600000000,171.3700000000,0.2177047725,-13.2715495197,-13.4892542922,-26.3258045692,0.7203334125
SOLUSDT_lower5_Q5_high_h72,SOL Q5 72H,phase3_lower5_Q5_best,SOLUSDT,lower,5pct,long,Q5_high,-3.7212992607,18,72,2025-03-03 04:00,2025-03-03 08:00,2025-03-06 04:00,-4.3458933073,Q5_high,4.4011147528,162.5500000000,162.7500000000,148.5300000000,130.7600000000,166.9300000000,0.1229634339,-9.0198688708,-9.1428323047,-21.8851699233,2.5359281779
SOLUSDT_lower5_Q5_high_h72,SOL Q5 72H,phase3_lower5_Q5_best,SOLUSDT,lower,5pct,long,Q5_high,-3.7212992607,18,72,2025-03-03 16:00,2025-03-03 20:00,2025-03-06 16:00,-10.8622425744,Q5_high,4.7490042388,141.7100000000,142.1300000000,143.9100000000,130.7600000000,152.7900000000,0.2959415914,1.5405388345,1.2445972431,-8.3378549895,7.2322297814
SOLUSDT_lower5_Q5_high_h72,SOL Q5 72H,phase3_lower5_Q5_best,SOLUSDT,lower,5pct,long,Q5_high,-3.7212992607,18,72,2025-03-04 00:00,2025-03-04 04:00,2025-03-07 00:00,-3.8565558993,Q5_high,4.4396132245,136.8300000000,136.6300000000,141.7300000000,130.7600000000,152.7900000000,-0.1462737041,3.5184559787,3.6647296828,-4.3912960494,11.1787887214
SOLUSDT_lower5_Q5_high_h72,SOL Q5 72H,phase3_lower5_Q5_best,SOLUSDT,lower,5pct,long,Q5_high,-3.7212992607,18,72,2025-03-05 12:00,2025-03-05 16:00,2025-03-08 12:00,-4.1740270817,Q5_high,4.6744169754,141.9400000000,141.7900000000,137.6300000000,135.3600000000,152.7900000000,-0.1057343347,-3.0835508105,-2.9778164758,-4.6409193892,7.4717339815
SOLUSDT_lower5_Q5_high_h72,SOL Q5 72H,phase3_lower5_Q5_best,SOLUSDT,lower,5pct,long,Q5_high,-3.7212992607,18,72,2025-04-08 12:00,2025-04-08 16:00,2025-04-11 12:00,-4.0773472302,Q5_high,3.2080302993,107.1700000000,107.1700000000,120.1400000000,101.4600000000,121.3600000000,0.0000000000,11.4241370697,11.4241370697,-5.4751726586,12.4344976315
SOLUSDT_lower5_Q5_high_h72,SOL Q5 72H,phase3_lower5_Q5_best,SOLUSDT,lower,5pct,long,Q5_high,-3.7212992607,18,72,2025-04-10 12:00,2025-04-10 16:00,2025-04-13 12:00,-3.7412632473,Q5_high,3.8232218862,109.6500000000,109.8200000000,128.7100000000,108.5000000000,133.9500000000,0.1549186987,16.0268336797,15.8719149811,-1.2092488870,19.8623934140
